Sample	0	1	2	3	4	5	6	7	8	9	10	11	12	13	14	15	16	17	18	19	20	21	22	23	24	25	26	27	28	29	30	31	32	33	34	35	36	37	38	39	40	41	42	43	44	45	46	47	48	49	50	51	52	53	54	55	56	57	58	59	60	61	62	63	64	65	66	67	68	69	70	71	72	73	74	75	76	77	78	79	80	81	82	83	84	85	86	87	88	89	90	91	92	93	94	95	96	97	98	99	100
ERR031854	(1, 36.4555)	(2, 36.0467)	(3, 35.9929)	(4, 35.959)	(5, 35.9798)	(6, 35.9454)	(7, 35.8791)	(8, 35.8161)	(9, 35.7726)	(10, 35.7184)	(11, 35.6996)	(12, 35.6106)	(13, 35.5143)	(14, 35.4862)	(15, 35.4117)	(16, 35.2935)	(17, 35.2406)	(18, 35.1556)	(19, 35.1023)	(20, 35.0171)	(21, 34.9861)	(22, 34.8565)	(23, 34.7828)	(24, 34.7156)	(25, 34.6101)	(26, 34.505)	(27, 34.4389)	(28, 34.2967)	(29, 34.251)	(30, 34.1257)	(31, 34.27)	(32, 34.1319)	(33, 34.0865)	(34, 33.9737)	(35, 33.8634)	(36, 33.8977)	(37, 33.799)	(38, 33.6997)	(39, 33.6352)	(40, 33.5152)	(41, 33.5295)	(42, 33.354)	(43, 33.2975)	(44, 33.2227)	(45, 33.0279)	(46, 32.8176)	(47, 32.6403)	(48, 32.5055)	(49, 32.3819)	(50, 32.2619)	(51, 32.9985)	(52, 32.9186)	(53, 32.8051)	(54, 32.7648)	(55, 32.6903)	(56, 33.0599)	(57, 32.9176)	(58, 32.7954)	(59, 32.6392)	(60, 32.6089)	(61, 32.4331)	(62, 32.2768)	(63, 32.1633)	(64, 32.029)	(65, 31.8868)	(66, 31.6917)	(67, 31.5111)	(68, 31.3105)	(69, 31.2407)	(70, 31.0876)	(71, 30.8678)	(72, 30.6779)	(73, 30.4973)	(74, 30.2858)	(75, 30.0798)	(76, 29.7896)	(77, 29.5364)	(78, 29.3662)	(79, 29.1447)	(80, 28.8955)	(81, 28.5359)	(82, 28.2464)	(83, 27.961)	(84, 27.7438)	(85, 27.3988)	(86, 27.012)	(87, 26.6825)	(88, 26.3751)	(89, 26.082)	(90, 25.8099)											
ERR031893	(1, 36.8859)	(2, 36.6189)	(3, 36.5466)	(4, 36.5037)	(5, 36.4864)	(6, 36.4849)	(7, 36.399)	(8, 36.3321)	(9, 36.2698)	(10, 36.2191)	(11, 36.1778)	(12, 36.0795)	(13, 36.018)	(14, 35.9289)	(15, 35.8736)	(16, 35.7943)	(17, 35.692)	(18, 35.6135)	(19, 35.5469)	(20, 35.4479)	(21, 35.3513)	(22, 35.1993)	(23, 35.1162)	(24, 35.0053)	(25, 34.91)	(26, 34.7997)	(27, 34.7898)	(28, 34.7023)	(29, 34.6181)	(30, 34.5361)	(31, 34.6476)	(32, 34.4883)	(33, 34.3867)	(34, 34.2585)	(35, 34.141)	(36, 34.0487)	(37, 33.8861)	(38, 33.7534)	(39, 33.6458)	(40, 33.4765)	(41, 33.3764)	(42, 33.1932)	(43, 33.0249)	(44, 32.8709)	(45, 32.7489)	(46, 32.4136)	(47, 32.2421)	(48, 32.053)	(49, 31.9031)	(50, 31.7446)	(51, 32.7759)	(52, 32.6079)	(53, 32.4787)	(54, 32.361)	(55, 32.2137)	(56, 32.4301)	(57, 32.2368)	(58, 32.0741)	(59, 31.9079)	(60, 31.6904)	(61, 31.4124)	(62, 31.1778)	(63, 30.9799)	(64, 30.8034)	(65, 30.5646)	(66, 30.2581)	(67, 29.985)	(68, 29.8028)	(69, 29.5732)	(70, 29.3026)	(71, 28.8962)	(72, 28.5908)	(73, 28.341)	(74, 28.0632)	(75, 27.7367)	(76, 27.2443)	(77, 26.9233)	(78, 26.6147)	(79, 26.3292)	(80, 25.9378)	(81, 25.4093)	(82, 25.0233)	(83, 24.7071)	(84, 24.2744)	(85, 23.8846)	(86, 23.319)	(87, 22.8978)	(88, 22.5298)	(89, 22.1192)	(90, 21.7995)											
ERR031925	(1, 36.5637)	(2, 36.192)	(3, 36.1087)	(4, 36.0412)	(5, 35.9962)	(6, 35.9723)	(7, 35.8641)	(8, 35.778)	(9, 35.6831)	(10, 35.6251)	(11, 35.5834)	(12, 35.4551)	(13, 35.3659)	(14, 35.31)	(15, 35.2104)	(16, 35.113)	(17, 34.9736)	(18, 34.8521)	(19, 34.779)	(20, 34.6342)	(21, 34.5286)	(22, 34.3492)	(23, 34.2318)	(24, 34.0871)	(25, 33.9977)	(26, 33.8458)	(27, 33.8243)	(28, 33.6591)	(29, 33.5794)	(30, 33.3977)	(31, 33.4843)	(32, 33.2823)	(33, 33.1274)	(34, 32.9796)	(35, 32.8106)	(36, 32.6656)	(37, 32.4553)	(38, 32.267)	(39, 32.1161)	(40, 31.9178)	(41, 31.752)	(42, 31.4763)	(43, 31.3363)	(44, 31.1313)	(45, 30.9468)	(46, 30.6685)	(47, 30.4077)	(48, 30.2227)	(49, 30.0245)	(50, 29.8761)	(51, 31.1974)	(52, 31.028)	(53, 30.8553)	(54, 30.6634)	(55, 30.5141)	(56, 30.6835)	(57, 30.4196)	(58, 30.2326)	(59, 30.0046)	(60, 29.7777)	(61, 29.43)	(62, 29.1203)	(63, 28.8663)	(64, 28.6051)	(65, 28.3223)	(66, 27.9469)	(67, 27.5781)	(68, 27.3507)	(69, 27.0481)	(70, 26.7401)	(71, 26.2401)	(72, 25.8317)	(73, 25.5121)	(74, 25.1845)	(75, 24.8734)	(76, 24.3118)	(77, 23.9173)	(78, 23.5353)	(79, 23.2138)	(80, 22.7597)	(81, 22.1512)	(82, 21.7321)	(83, 21.3122)	(84, 20.8754)	(85, 20.3687)	(86, 19.6838)	(87, 19.1883)	(88, 18.7404)	(89, 18.2834)	(90, 17.8813)											
ERR031976	(1, 37.5106)	(2, 37.3078)	(3, 37.2695)	(4, 37.1897)	(5, 37.1529)	(6, 37.2072)	(7, 37.1529)	(8, 37.1117)	(9, 37.0529)	(10, 37.0154)	(11, 37.0154)	(12, 36.9275)	(13, 36.8745)	(14, 36.8493)	(15, 36.7966)	(16, 36.7648)	(17, 36.6738)	(18, 36.6118)	(19, 36.5891)	(20, 36.5228)	(21, 36.4464)	(22, 36.3413)	(23, 36.255)	(24, 36.2153)	(25, 36.1357)	(26, 36.0287)	(27, 35.9097)	(28, 35.8578)	(29, 35.7924)	(30, 35.6966)	(31, 35.6307)	(32, 35.6802)	(33, 35.6462)	(34, 35.6159)	(35, 35.5277)	(36, 35.6829)	(37, 35.5717)	(38, 35.4676)	(39, 35.3796)	(40, 35.3253)	(41, 35.2314)	(42, 35.1346)	(43, 35.063)	(44, 34.9533)	(45, 34.8732)	(46, 34.4575)	(47, 34.3526)	(48, 33.8735)	(49, 34.1495)	(50, 33.985)	(51, 34.685)	(52, 34.6569)	(53, 34.6012)	(54, 34.5762)	(55, 34.5236)	(56, 34.9661)	(57, 34.8623)	(58, 34.7897)	(59, 34.6988)	(60, 34.5921)	(61, 34.4822)	(62, 34.3552)	(63, 34.2709)	(64, 34.1688)	(65, 34.0505)	(66, 33.8564)	(67, 33.717)	(68, 33.5881)	(69, 33.4768)	(70, 33.317)	(71, 33.0909)	(72, 32.887)	(73, 32.756)	(74, 32.6193)	(75, 32.4224)	(76, 32.1907)	(77, 32.001)	(78, 31.8444)	(79, 31.6282)	(80, 31.4557)	(81, 31.1479)	(82, 30.8551)	(83, 30.7214)	(84, 30.457)	(85, 30.1812)	(86, 29.7665)	(87, 29.5076)	(88, 29.2581)	(89, 28.9555)	(90, 28.7249)											
ERR031982	(1, 37.4572)	(2, 37.1889)	(3, 37.1365)	(4, 37.0826)	(5, 37.0798)	(6, 37.092)	(7, 37.0424)	(8, 36.9951)	(9, 36.9627)	(10, 36.9268)	(11, 36.903)	(12, 36.8384)	(13, 36.7839)	(14, 36.757)	(15, 36.7099)	(16, 36.6697)	(17, 36.5682)	(18, 36.5241)	(19, 36.4643)	(20, 36.4145)	(21, 36.3365)	(22, 36.2508)	(23, 36.1874)	(24, 36.0999)	(25, 36.0495)	(26, 35.9132)	(27, 35.8195)	(28, 35.7235)	(29, 35.6774)	(30, 35.5818)	(31, 35.4997)	(32, 35.5404)	(33, 35.4867)	(34, 35.4649)	(35, 35.4073)	(36, 35.5769)	(37, 35.4596)	(38, 35.3741)	(39, 35.2609)	(40, 35.2033)	(41, 35.156)	(42, 35.0548)	(43, 34.9756)	(44, 34.8634)	(45, 34.7674)	(46, 34.3637)	(47, 34.2472)	(48, 34.0212)	(49, 34.0717)	(50, 33.9577)	(51, 34.6273)	(52, 34.5745)	(53, 34.523)	(54, 34.4707)	(55, 34.4133)	(56, 34.8654)	(57, 34.7599)	(58, 34.6655)	(59, 34.5843)	(60, 34.5076)	(61, 34.3458)	(62, 34.2088)	(63, 34.1169)	(64, 33.9869)	(65, 33.8732)	(66, 33.3881)	(67, 33.4497)	(68, 33.395)	(69, 33.2656)	(70, 33.1175)	(71, 32.9811)	(72, 32.7842)	(73, 32.6301)	(74, 32.5028)	(75, 32.3422)	(76, 32.0708)	(77, 31.9141)	(78, 31.7501)	(79, 31.5959)	(80, 31.3771)	(81, 31.0961)	(82, 30.8263)	(83, 30.6671)	(84, 30.4111)	(85, 30.1374)	(86, 29.7116)	(87, 29.4775)	(88, 29.2187)	(89, 29.0018)	(90, 28.6935)											
ERR034521	(1, 36.8964)	(2, 36.6278)	(3, 36.599)	(4, 36.555)	(5, 36.5503)	(6, 36.5332)	(7, 36.4625)	(8, 36.4163)	(9, 36.3791)	(10, 36.3494)	(11, 36.3207)	(12, 36.2467)	(13, 36.1633)	(14, 36.1423)	(15, 36.0888)	(16, 36.0435)	(17, 35.9741)	(18, 35.897)	(19, 35.8315)	(20, 35.7655)	(21, 35.6952)	(22, 35.5953)	(23, 35.5286)	(24, 35.4497)	(25, 35.3842)	(26, 35.2469)	(27, 35.1485)	(28, 35.0758)	(29, 34.9694)	(30, 34.9702)	(31, 35.1908)	(32, 35.0931)	(33, 35.0004)	(34, 34.9482)	(35, 34.8566)	(36, 34.9159)	(37, 34.7773)	(38, 34.71)	(39, 34.603)	(40, 34.5482)	(41, 34.4813)	(42, 34.3252)	(43, 34.2334)	(44, 34.1271)	(45, 34.0491)	(46, 33.8161)	(47, 33.6871)	(48, 33.5457)	(49, 33.4742)	(50, 33.3794)	(51, 34.0047)	(52, 33.907)	(53, 33.8171)	(54, 33.7594)	(55, 33.6596)	(56, 33.9921)	(57, 33.8534)	(58, 33.7519)	(59, 33.6377)	(60, 33.5771)	(61, 33.4357)	(62, 33.2254)	(63, 33.1355)	(64, 33.0407)	(65, 32.9298)	(66, 32.765)	(67, 32.5663)	(68, 32.4304)	(69, 32.3038)	(70, 32.1407)	(71, 31.9317)	(72, 31.7302)	(73, 31.5403)	(74, 31.3466)	(75, 31.1849)	(76, 30.8986)	(77, 30.6973)	(78, 30.4982)	(79, 30.2977)	(80, 30.0604)	(81, 29.7651)	(82, 29.5209)	(83, 29.2796)	(84, 29.0452)	(85, 28.7643)	(86, 28.3906)	(87, 28.0895)	(88, 27.7978)	(89, 27.5466)	(90, 27.3105)											
ERR034553	(1, 36.583)	(2, 36.1322)	(3, 36.1961)	(4, 36.1602)	(5, 36.1597)	(6, 36.1364)	(7, 36.0606)	(8, 36.0109)	(9, 35.9598)	(10, 35.9396)	(11, 35.8799)	(12, 35.8143)	(13, 35.7683)	(14, 35.7014)	(15, 35.6338)	(16, 35.5607)	(17, 35.4748)	(18, 35.3984)	(19, 35.2656)	(20, 35.2513)	(21, 35.1827)	(22, 35.0991)	(23, 34.9987)	(24, 34.9362)	(25, 34.8537)	(26, 34.7099)	(27, 34.5848)	(28, 34.6329)	(29, 34.5525)	(30, 34.5686)	(31, 34.7756)	(32, 34.6851)	(33, 34.6017)	(34, 34.5176)	(35, 34.4311)	(36, 34.4334)	(37, 34.3214)	(38, 34.2482)	(39, 34.1766)	(40, 34.0725)	(41, 34.0082)	(42, 33.8831)	(43, 33.7652)	(44, 33.6797)	(45, 33.5928)	(46, 33.3065)	(47, 33.1675)	(48, 33.0287)	(49, 32.9073)	(50, 32.8377)	(51, 33.3797)	(52, 33.3093)	(53, 33.253)	(54, 33.1817)	(55, 33.0396)	(56, 33.5692)	(57, 33.448)	(58, 33.3866)	(59, 33.3159)	(60, 33.2317)	(61, 33.1031)	(62, 32.9673)	(63, 32.8725)	(64, 32.7788)	(65, 32.6594)	(66, 32.5519)	(67, 32.3979)	(68, 32.2703)	(69, 32.1493)	(70, 31.994)	(71, 31.8298)	(72, 31.6631)	(73, 31.513)	(74, 31.3719)	(75, 31.179)	(76, 31.0237)	(77, 30.8292)	(78, 30.6449)	(79, 30.4221)	(80, 30.2251)	(81, 29.9726)	(82, 29.7364)	(83, 29.515)	(84, 29.3541)	(85, 29.0722)	(86, 28.742)	(87, 28.4808)	(88, 28.2555)	(89, 28.0023)	(90, 27.7523)											
ERR034626	(1, 36.7806)	(2, 36.2424)	(3, 36.4741)	(4, 36.444)	(5, 36.4211)	(6, 36.3859)	(7, 36.3743)	(8, 36.3071)	(9, 36.3068)	(10, 36.2395)	(11, 36.167)	(12, 36.1813)	(13, 36.1194)	(14, 36.0408)	(15, 36.0063)	(16, 35.958)	(17, 35.7076)	(18, 35.7118)	(19, 35.7578)	(20, 35.6747)	(21, 35.6496)	(22, 35.4992)	(23, 35.4576)	(24, 35.4065)	(25, 35.3505)	(26, 35.191)	(27, 34.9182)	(28, 34.8661)	(29, 34.8524)	(30, 34.8493)	(31, 35.2353)	(32, 35.1741)	(33, 35.0873)	(34, 34.994)	(35, 34.9254)	(36, 34.9213)	(37, 34.5912)	(38, 34.7344)	(39, 34.5159)	(40, 34.5196)	(41, 34.2971)	(42, 34.1928)	(43, 34.1043)	(44, 33.8191)	(45, 33.6674)	(46, 32.6315)	(47, 32.2417)	(48, 32.2926)	(49, 32.1754)	(50, 32.122)	(51, 32.3634)	(52, 32.3528)	(53, 32.2658)	(54, 32.2167)	(55, 32.2907)	(56, 33.2176)	(57, 33.1726)	(58, 33.0697)	(59, 33.0105)	(60, 32.8361)	(61, 32.9292)	(62, 32.6334)	(63, 32.6854)	(64, 32.5423)	(65, 32.4695)	(66, 32.3082)	(67, 32.1955)	(68, 31.9936)	(69, 31.9079)	(70, 31.8288)	(71, 31.5046)	(72, 31.2812)	(73, 31.2021)	(74, 31.0994)	(75, 30.8772)	(76, 30.692)	(77, 30.6287)	(78, 30.4552)	(79, 30.2042)	(80, 30.0)	(81, 29.5141)	(82, 29.4823)	(83, 29.2692)	(84, 28.9281)	(85, 28.7569)	(86, 28.1058)	(87, 27.7624)	(88, 27.4447)	(89, 27.274)	(90, 26.8403)											
ERR047840	(1, 31.3457)	(2, 31.4301)	(3, 31.4252)	(4, 34.8811)	(5, 34.8673)	(6, 34.937)	(7, 34.923)	(8, 34.9154)	(9, 36.4014)	(10, 36.3761)	(11, 36.3337)	(12, 36.2742)	(13, 36.2227)	(14, 37.3787)	(15, 37.3251)	(16, 37.2568)	(17, 37.1744)	(18, 37.0963)	(19, 37.0832)	(20, 37.0118)	(21, 36.8985)	(22, 36.7876)	(23, 36.6809)	(24, 36.3417)	(25, 36.4528)	(26, 36.4126)	(27, 36.5273)	(28, 36.5092)	(29, 36.3442)	(30, 36.2855)	(31, 36.1816)	(32, 36.104)	(33, 36.0389)	(34, 35.9626)	(35, 35.9168)	(36, 35.8274)	(37, 35.7316)	(38, 35.6534)	(39, 35.5686)	(40, 35.4608)	(41, 35.3642)	(42, 35.2499)	(43, 35.1022)	(44, 35.0072)	(45, 34.8893)	(46, 34.79)	(47, 34.6771)	(48, 34.5721)	(49, 34.4225)	(50, 34.2767)	(51, 33.3743)	(52, 33.6251)	(53, 33.7989)	(54, 33.7933)	(55, 33.6925)	(56, 33.5502)	(57, 33.4235)	(58, 33.2407)	(59, 33.0698)	(60, 32.8748)	(61, 32.6426)	(62, 32.4224)	(63, 32.2256)	(64, 32.0082)	(65, 31.7745)	(66, 31.5411)	(67, 31.3093)	(68, 31.0478)	(69, 30.8164)	(70, 30.5707)	(71, 30.2841)	(72, 29.9763)	(73, 29.7089)	(74, 29.3891)	(75, 29.1033)	(76, 28.8482)	(77, 28.6379)	(78, 28.3582)	(79, 28.0656)	(80, 27.739)	(81, 27.4024)	(82, 27.1145)	(83, 26.8022)	(84, 26.4626)	(85, 26.0916)	(86, 25.6776)	(87, 25.2675)	(88, 24.874)	(89, 24.4334)	(90, 23.9835)											
ERR050746	(1, 32.1357)	(2, 32.321)	(3, 32.3762)	(4, 35.7156)	(5, 35.7128)	(6, 35.6886)	(7, 35.6543)	(8, 35.6428)	(9, 37.3187)	(10, 37.2743)	(11, 37.248)	(12, 37.1923)	(13, 37.1409)	(14, 38.5316)	(15, 38.4766)	(16, 38.43)	(17, 38.3426)	(18, 38.2939)	(19, 38.2584)	(20, 38.2032)	(21, 38.1272)	(22, 38.0411)	(23, 37.9367)	(24, 37.8582)	(25, 37.96)	(26, 37.9272)	(27, 37.8356)	(28, 37.8027)	(29, 37.7472)	(30, 37.8177)	(31, 37.8318)	(32, 37.8187)	(33, 37.7874)	(34, 37.7425)	(35, 37.6688)	(36, 37.6251)	(37, 37.5497)	(38, 37.4709)	(39, 37.4155)	(40, 37.3448)	(41, 37.2835)	(42, 37.1961)	(43, 37.118)	(44, 37.0539)	(45, 36.9596)	(46, 36.8865)	(47, 36.7968)	(48, 36.6888)	(49, 36.5731)	(50, 36.4784)	(51, 35.2911)	(52, 35.7131)	(53, 36.0079)	(54, 36.0669)	(55, 36.035)	(56, 35.928)	(57, 35.8181)	(58, 35.7047)	(59, 35.5534)	(60, 35.3889)	(61, 35.2367)	(62, 35.0707)	(63, 34.8941)	(64, 34.7012)	(65, 34.5397)	(66, 34.3657)	(67, 34.1385)	(68, 33.9544)	(69, 33.7435)	(70, 33.5313)	(71, 33.3173)	(72, 33.1345)	(73, 32.9384)	(74, 32.7069)	(75, 32.465)	(76, 32.2488)	(77, 32.0283)	(78, 31.8133)	(79, 31.5955)	(80, 31.3647)	(81, 31.1408)	(82, 30.9092)	(83, 30.7085)	(84, 30.4959)	(85, 30.2527)	(86, 30.04)	(87, 29.8033)	(88, 29.5301)	(89, 29.2477)	(90, 28.8965)											
ERR250439	(1, 30.7541)	(2, 30.9443)	(3, 31.0026)	(4, 34.4617)	(5, 34.3982)	(6, 34.4204)	(7, 34.3818)	(8, 34.3691)	(9, 35.8069)	(10, 35.7308)	(11, 35.6669)	(12, 35.6916)	(13, 35.627)	(14, 36.5659)	(15, 36.6143)	(16, 36.5783)	(17, 36.5677)	(18, 36.5289)	(19, 36.5453)	(20, 36.5166)	(21, 36.4914)	(22, 36.3735)	(23, 36.2783)	(24, 36.324)	(25, 36.2579)	(26, 36.1693)	(27, 36.041)	(28, 35.9559)	(29, 35.875)	(30, 35.818)	(31, 35.7352)	(32, 35.7074)	(33, 35.6291)	(34, 35.5412)	(35, 35.3835)	(36, 35.2991)	(37, 35.173)	(38, 35.0937)	(39, 34.969)	(40, 34.6265)	(41, 34.8163)	(42, 34.8097)	(43, 34.8116)	(44, 34.7596)	(45, 34.6361)	(46, 34.5584)	(47, 34.4856)	(48, 34.6562)	(49, 34.7324)	(50, 34.7291)	(51, 33.9713)	(52, 34.207)	(53, 34.4489)	(54, 34.4816)	(55, 34.446)	(56, 34.3674)	(57, 34.3213)	(58, 34.2248)	(59, 34.1463)	(60, 34.0251)	(61, 33.883)	(62, 33.7647)	(63, 33.6215)	(64, 33.4732)	(65, 33.294)	(66, 33.1325)	(67, 32.9213)	(68, 32.7164)	(69, 32.5235)	(70, 32.3573)	(71, 32.1571)	(72, 31.9787)	(73, 31.7812)	(74, 31.57)	(75, 31.3548)	(76, 31.1588)	(77, 30.9697)	(78, 30.758)	(79, 30.5477)	(80, 30.3495)	(81, 30.1632)	(82, 29.9601)	(83, 29.7638)	(84, 29.5325)	(85, 29.3239)	(86, 29.1663)	(87, 28.978)	(88, 28.8263)	(89, 28.6861)	(90, 28.491)	(91, 28.2953)	(92, 28.0882)	(93, 27.9039)	(94, 27.6388)	(95, 27.4572)	(96, 27.229)	(97, 26.9819)	(98, 26.7279)	(99, 26.477)	(100, 26.1338)	
ERR250457	(1, 31.221)	(2, 31.3859)	(3, 31.4374)	(4, 34.9234)	(5, 34.6704)	(6, 34.8068)	(7, 34.8119)	(8, 34.8377)	(9, 36.3586)	(10, 36.2663)	(11, 36.2372)	(12, 36.2509)	(13, 36.1549)	(14, 37.3609)	(15, 37.3118)	(16, 37.2285)	(17, 37.2266)	(18, 37.2156)	(19, 37.1512)	(20, 37.1149)	(21, 37.1264)	(22, 37.1118)	(23, 36.9529)	(24, 36.9273)	(25, 36.8993)	(26, 36.857)	(27, 36.7587)	(28, 36.6763)	(29, 36.5219)	(30, 36.4892)	(31, 36.4176)	(32, 36.3658)	(33, 36.3218)	(34, 36.1889)	(35, 36.0485)	(36, 35.9681)	(37, 35.8689)	(38, 35.743)	(39, 35.6394)	(40, 35.5506)	(41, 35.5757)	(42, 35.5422)	(43, 35.524)	(44, 35.4383)	(45, 35.3482)	(46, 35.1881)	(47, 35.1474)	(48, 35.372)	(49, 35.4459)	(50, 35.4669)	(51, 34.8188)	(52, 35.0046)	(53, 35.2375)	(54, 35.2327)	(55, 35.1821)	(56, 35.1441)	(57, 35.0637)	(58, 34.9716)	(59, 34.9052)	(60, 34.8001)	(61, 34.6674)	(62, 34.53)	(63, 34.4159)	(64, 34.2806)	(65, 34.1313)	(66, 33.9507)	(67, 33.7397)	(68, 33.5318)	(69, 33.3481)	(70, 33.1646)	(71, 32.983)	(72, 32.7924)	(73, 32.5786)	(74, 32.3658)	(75, 32.178)	(76, 31.9774)	(77, 31.7919)	(78, 31.5819)	(79, 31.3948)	(80, 31.1884)	(81, 31.0107)	(82, 30.8196)	(83, 30.6277)	(84, 30.3987)	(85, 30.2056)	(86, 30.0537)	(87, 29.8779)	(88, 29.7108)	(89, 29.4576)	(90, 29.3247)	(91, 29.1818)	(92, 29.0065)	(93, 28.8397)	(94, 28.6071)	(95, 28.4309)	(96, 28.201)	(97, 27.9695)	(98, 27.7127)	(99, 27.472)	(100, 27.1671)	
ERR250529	(1, 31.2078)	(2, 31.3575)	(3, 31.3826)	(4, 34.8089)	(5, 34.8683)	(6, 34.8763)	(7, 34.8567)	(8, 34.8683)	(9, 36.3644)	(10, 36.3577)	(11, 36.3399)	(12, 36.2941)	(13, 36.2821)	(14, 37.488)	(15, 37.4437)	(16, 37.4206)	(17, 37.3826)	(18, 37.3277)	(19, 37.3326)	(20, 37.3139)	(21, 37.2876)	(22, 37.1938)	(23, 37.1915)	(24, 37.1594)	(25, 37.0845)	(26, 36.9842)	(27, 36.8367)	(28, 36.8186)	(29, 36.7706)	(30, 36.7015)	(31, 36.6165)	(32, 36.4724)	(33, 36.3753)	(34, 36.3524)	(35, 36.2973)	(36, 36.2504)	(37, 36.1695)	(38, 36.0798)	(39, 35.9454)	(40, 35.8411)	(41, 35.779)	(42, 35.7258)	(43, 35.6457)	(44, 35.4965)	(45, 35.6828)	(46, 35.7824)	(47, 35.8063)	(48, 35.8377)	(49, 35.7653)	(50, 35.704)	(51, 34.4108)	(52, 34.9394)	(53, 35.343)	(54, 35.426)	(55, 35.4719)	(56, 35.4456)	(57, 35.3629)	(58, 35.2617)	(59, 35.1544)	(60, 35.0347)	(61, 34.9229)	(62, 34.7958)	(63, 34.6041)	(64, 34.4868)	(65, 34.3066)	(66, 34.1719)	(67, 34.042)	(68, 33.8637)	(69, 33.7175)	(70, 33.5563)	(71, 33.3861)	(72, 33.213)	(73, 33.0316)	(74, 32.8289)	(75, 32.6289)	(76, 32.4447)	(77, 32.2343)	(78, 32.0834)	(79, 31.9342)	(80, 31.7623)	(81, 31.5339)	(82, 31.3472)	(83, 31.2104)	(84, 31.0787)	(85, 30.9284)	(86, 30.7804)	(87, 30.6415)	(88, 30.504)	(89, 30.3641)	(90, 30.242)	(91, 30.0842)	(92, 29.9358)	(93, 29.7949)	(94, 29.6584)	(95, 29.4632)	(96, 29.3358)	(97, 29.1871)	(98, 29.012)	(99, 28.8048)	(100, 28.6035)	
ERR250603	(1, 30.0331)	(2, 29.8695)	(3, 29.7144)	(4, 33.1468)	(5, 33.1718)	(6, 33.6057)	(7, 33.4883)	(8, 33.7896)	(9, 35.0105)	(10, 34.8852)	(11, 34.9109)	(12, 34.7838)	(13, 34.6775)	(14, 35.8159)	(15, 35.8109)	(16, 35.6106)	(17, 35.6753)	(18, 35.748)	(19, 35.9266)	(20, 36.0747)	(21, 35.7793)	(22, 36.0392)	(23, 35.6763)	(24, 35.7072)	(25, 35.3507)	(26, 35.5227)	(27, 35.4717)	(28, 35.1411)	(29, 35.4513)	(30, 35.5373)	(31, 35.6007)	(32, 35.444)	(33, 35.3153)	(34, 35.4726)	(35, 35.3473)	(36, 35.1501)	(37, 34.9246)	(38, 34.6744)	(39, 34.7325)	(40, 34.659)	(41, 34.5934)	(42, 34.5036)	(43, 34.3581)	(44, 34.464)	(45, 34.5156)	(46, 34.4203)	(47, 34.6114)	(48, 34.5736)	(49, 34.6621)	(50, 34.5591)	(51, 33.3606)	(52, 33.5791)	(53, 33.8152)	(54, 34.0152)	(55, 33.8662)	(56, 33.8485)	(57, 33.7102)	(58, 33.6382)	(59, 33.6176)	(60, 33.6247)	(61, 33.7066)	(62, 33.462)	(63, 33.2671)	(64, 33.299)	(65, 33.0085)	(66, 33.0562)	(67, 33.0447)	(68, 32.9489)	(69, 32.7999)	(70, 32.6877)	(71, 32.4679)	(72, 32.3397)	(73, 32.2177)	(74, 31.9754)	(75, 31.8144)	(76, 31.5923)	(77, 31.4519)	(78, 31.181)	(79, 31.0082)	(80, 30.8378)	(81, 30.693)	(82, 30.5125)	(83, 30.3249)	(84, 30.198)	(85, 30.0389)	(86, 29.8886)	(87, 29.7875)	(88, 29.7052)	(89, 29.5733)	(90, 29.3751)	(91, 29.216)	(92, 29.0265)	(93, 28.8122)	(94, 28.6412)	(95, 28.5068)	(96, 28.3795)	(97, 28.1719)	(98, 27.8397)	(99, 27.5934)	(100, 27.3136)	
ERR250643	(1, 31.0616)	(2, 31.2273)	(3, 31.287)	(4, 34.7817)	(5, 34.7567)	(6, 34.7572)	(7, 34.7406)	(8, 34.7134)	(9, 36.1777)	(10, 36.145)	(11, 36.1092)	(12, 36.0725)	(13, 36.0384)	(14, 37.1809)	(15, 37.1351)	(16, 37.0793)	(17, 37.0153)	(18, 36.9706)	(19, 36.9814)	(20, 36.9269)	(21, 36.8477)	(22, 36.7762)	(23, 36.6989)	(24, 36.6487)	(25, 36.5555)	(26, 36.4489)	(27, 36.3556)	(28, 36.2546)	(29, 36.1437)	(30, 36.0565)	(31, 35.9477)	(32, 35.8099)	(33, 35.7017)	(34, 35.5924)	(35, 35.7129)	(36, 35.6746)	(37, 35.6423)	(38, 35.5758)	(39, 35.4846)	(40, 35.3933)	(41, 35.4283)	(42, 35.4664)	(43, 35.4055)	(44, 35.3547)	(45, 35.2526)	(46, 35.1695)	(47, 35.0645)	(48, 34.9599)	(49, 34.8709)	(50, 34.7676)	(51, 33.0883)	(52, 33.8754)	(53, 34.4364)	(54, 34.6685)	(55, 34.7122)	(56, 34.6552)	(57, 34.5253)	(58, 34.4069)	(59, 34.2769)	(60, 34.1412)	(61, 33.977)	(62, 33.8115)	(63, 33.623)	(64, 33.4223)	(65, 33.2465)	(66, 33.0673)	(67, 32.8826)	(68, 32.7049)	(69, 32.4898)	(70, 32.269)	(71, 32.0475)	(72, 31.8296)	(73, 31.6018)	(74, 31.3913)	(75, 31.162)	(76, 30.9533)	(77, 30.7073)	(78, 30.4866)	(79, 30.2667)	(80, 30.0495)	(81, 29.7947)	(82, 29.5757)	(83, 29.3429)	(84, 29.1273)	(85, 28.9043)	(86, 28.6722)	(87, 28.4346)	(88, 28.2242)	(89, 28.0097)	(90, 27.7979)	(91, 27.5404)	(92, 27.3092)	(93, 27.0823)	(94, 26.8468)	(95, 26.5544)	(96, 26.2543)	(97, 25.9179)	(98, 25.5631)	(99, 25.1711)	(100, 24.7212)	
ERR250681	(1, 30.9647)	(2, 31.0697)	(3, 31.1705)	(4, 34.6707)	(5, 34.6853)	(6, 34.6662)	(7, 34.6729)	(8, 34.6584)	(9, 36.0935)	(10, 36.0342)	(11, 36.0534)	(12, 36.0066)	(13, 35.9876)	(14, 37.1082)	(15, 37.0213)	(16, 36.93)	(17, 36.9142)	(18, 36.8718)	(19, 36.8702)	(20, 36.7892)	(21, 36.7211)	(22, 36.6568)	(23, 36.6099)	(24, 36.5433)	(25, 36.4551)	(26, 36.3778)	(27, 36.2173)	(28, 36.1448)	(29, 36.0714)	(30, 35.9621)	(31, 35.8528)	(32, 35.7586)	(33, 35.651)	(34, 35.7934)	(35, 35.7597)	(36, 35.7288)	(37, 35.6461)	(38, 35.6119)	(39, 35.5414)	(40, 35.4667)	(41, 35.382)	(42, 35.2924)	(43, 35.1492)	(44, 35.0693)	(45, 34.9844)	(46, 34.8521)	(47, 34.7519)	(48, 34.6029)	(49, 34.7057)	(50, 34.7319)	(51, 33.2703)	(52, 34.019)	(53, 34.5579)	(54, 34.7822)	(55, 34.7734)	(56, 34.7738)	(57, 34.658)	(58, 34.5436)	(59, 34.4388)	(60, 34.3164)	(61, 34.1854)	(62, 34.0371)	(63, 33.8885)	(64, 33.7064)	(65, 33.546)	(66, 33.386)	(67, 33.1889)	(68, 33.0043)	(69, 32.7904)	(70, 32.5846)	(71, 32.3655)	(72, 32.1573)	(73, 31.935)	(74, 31.709)	(75, 31.4821)	(76, 31.2543)	(77, 31.0094)	(78, 30.7762)	(79, 30.5419)	(80, 30.3189)	(81, 30.0833)	(82, 29.8389)	(83, 29.6013)	(84, 29.39)	(85, 29.1526)	(86, 28.938)	(87, 28.7087)	(88, 28.4914)	(89, 28.2404)	(90, 28.0457)	(91, 27.8128)	(92, 27.5983)	(93, 27.3624)	(94, 27.1109)	(95, 26.832)	(96, 26.5379)	(97, 26.1988)	(98, 25.873)	(99, 25.4937)	(100, 25.0047)	
ERR250992	(1, 31.0864)	(2, 31.2822)	(3, 31.3833)	(4, 34.9461)	(5, 34.9385)	(6, 34.9697)	(7, 34.9486)	(8, 34.9284)	(9, 36.4708)	(10, 36.4546)	(11, 36.4268)	(12, 36.3872)	(13, 36.383)	(14, 37.5284)	(15, 37.5107)	(16, 37.4601)	(17, 37.3923)	(18, 37.3433)	(19, 37.3841)	(20, 37.3451)	(21, 37.2726)	(22, 37.2029)	(23, 37.1524)	(24, 37.118)	(25, 37.0222)	(26, 36.9756)	(27, 36.8814)	(28, 36.8175)	(29, 36.733)	(30, 36.6358)	(31, 36.5734)	(32, 36.4793)	(33, 36.3864)	(34, 36.282)	(35, 36.1989)	(36, 36.1061)	(37, 36.019)	(38, 35.9109)	(39, 36.034)	(40, 36.0099)	(41, 35.99)	(42, 35.942)	(43, 35.8484)	(44, 35.7583)	(45, 35.6831)	(46, 35.5929)	(47, 35.5056)	(48, 35.4007)	(49, 35.2542)	(50, 35.1281)	(51, 32.7748)	(52, 33.7849)	(53, 34.4636)	(54, 34.79)	(55, 34.8917)	(56, 35.1025)	(57, 35.1338)	(58, 35.1199)	(59, 35.0441)	(60, 34.926)	(61, 34.7659)	(62, 34.6441)	(63, 34.5249)	(64, 34.404)	(65, 34.2399)	(66, 34.0277)	(67, 33.8483)	(68, 33.6554)	(69, 33.4377)	(70, 33.2678)	(71, 33.1237)	(72, 32.9284)	(73, 32.734)	(74, 32.5362)	(75, 32.3532)	(76, 32.1094)	(77, 31.846)	(78, 31.632)	(79, 31.4096)	(80, 31.213)	(81, 31.0535)	(82, 30.8889)	(83, 30.7087)	(84, 30.499)	(85, 30.325)	(86, 30.1088)	(87, 29.9451)	(88, 29.7897)	(89, 29.5917)	(90, 29.4023)	(91, 29.2918)	(92, 29.0761)	(93, 28.8504)	(94, 28.6854)	(95, 28.4542)	(96, 28.1359)	(97, 27.8624)	(98, 27.5826)	(99, 27.2596)	(100, 26.8557)	
HG00097	(1, 30.5104)	(2, 30.631)	(3, 30.6672)	(4, 34.1923)	(5, 34.1012)	(6, 34.0825)	(7, 34.0934)	(8, 34.0169)	(9, 35.2018)	(10, 35.4016)	(11, 35.4347)	(12, 35.5037)	(13, 35.496)	(14, 36.5457)	(15, 36.5836)	(16, 36.4667)	(17, 36.4973)	(18, 36.4504)	(19, 36.511)	(20, 36.3598)	(21, 36.3168)	(22, 36.3136)	(23, 36.1863)	(24, 36.2216)	(25, 36.167)	(26, 36.1728)	(27, 36.0427)	(28, 35.9931)	(29, 35.8339)	(30, 35.7628)	(31, 35.6335)	(32, 35.5701)	(33, 35.7611)	(34, 35.7894)	(35, 35.7994)	(36, 35.7823)	(37, 35.6218)	(38, 35.5439)	(39, 35.5177)	(40, 35.5153)	(41, 35.4799)	(42, 35.3682)	(43, 35.3617)	(44, 35.2911)	(45, 35.1549)	(46, 35.1353)	(47, 35.0571)	(48, 34.8354)	(49, 34.7936)	(50, 34.6566)	(51, 33.1367)	(52, 33.7436)	(53, 34.1647)	(54, 34.2885)	(55, 34.2763)	(56, 34.1891)	(57, 34.0873)	(58, 33.9228)	(59, 34.0016)	(60, 33.9957)	(61, 33.9387)	(62, 33.9072)	(63, 33.8218)	(64, 33.7041)	(65, 33.5478)	(66, 33.3879)	(67, 33.2051)	(68, 33.0173)	(69, 32.8383)	(70, 32.6215)	(71, 32.3886)	(72, 32.194)	(73, 31.946)	(74, 31.7715)	(75, 31.5604)	(76, 31.3247)	(77, 31.0248)	(78, 30.872)	(79, 30.748)	(80, 30.591)	(81, 30.4071)	(82, 29.627)	(83, 29.8334)	(84, 29.9139)	(85, 29.8799)	(86, 29.7596)	(87, 29.6397)	(88, 29.5128)	(89, 29.3662)	(90, 29.1917)	(91, 29.0101)	(92, 28.8172)	(93, 28.6586)	(94, 28.4728)	(95, 28.263)	(96, 28.0823)	(97, 27.839)	(98, 27.5959)	(99, 27.3389)	(100, 27.0113)	(101, 25.0235)
HG00105	(1, 31.5495)	(2, 31.7091)	(3, 31.7932)	(4, 35.2995)	(5, 35.2723)	(6, 35.2794)	(7, 35.2385)	(8, 35.2159)	(9, 36.6575)	(10, 36.696)	(11, 36.6529)	(12, 36.6415)	(13, 36.602)	(14, 37.7703)	(15, 37.7927)	(16, 37.7647)	(17, 37.6409)	(18, 37.6563)	(19, 37.7507)	(20, 37.7227)	(21, 37.7018)	(22, 37.5724)	(23, 37.5308)	(24, 37.6619)	(25, 37.6233)	(26, 37.5722)	(27, 37.5123)	(28, 37.5207)	(29, 37.4499)	(30, 37.3484)	(31, 37.3143)	(32, 37.305)	(33, 37.278)	(34, 37.2484)	(35, 37.2028)	(36, 37.15)	(37, 37.0857)	(38, 36.9956)	(39, 36.9279)	(40, 36.8424)	(41, 36.7605)	(42, 36.6433)	(43, 36.5549)	(44, 36.4941)	(45, 36.352)	(46, 36.2079)	(47, 36.0976)	(48, 35.9998)	(49, 35.9009)	(50, 35.7628)	(51, 34.7354)	(52, 35.1197)	(53, 35.6271)	(54, 35.7885)	(55, 35.7961)	(56, 35.7501)	(57, 35.632)	(58, 35.5186)	(59, 35.3952)	(60, 35.2658)	(61, 35.1251)	(62, 35.0092)	(63, 34.8474)	(64, 34.6462)	(65, 34.455)	(66, 34.3205)	(67, 34.1543)	(68, 33.9329)	(69, 33.7416)	(70, 33.5111)	(71, 33.2926)	(72, 33.1254)	(73, 32.8911)	(74, 32.651)	(75, 32.4172)	(76, 32.2098)	(77, 31.9449)	(78, 31.7202)	(79, 31.4459)	(80, 31.1793)	(81, 30.9324)	(82, 30.7151)	(83, 30.4802)	(84, 30.2822)	(85, 30.0929)	(86, 29.8767)	(87, 29.6703)	(88, 29.4024)	(89, 28.9728)	(90, 28.7729)	(91, 27.7526)	(92, 28.0072)	(93, 27.9619)	(94, 27.8506)	(95, 27.5945)	(96, 27.323)	(97, 26.9989)	(98, 26.6776)	(99, 26.2447)	(100, 25.5811)	(101, 22.3134)
HG00106	(1, 31.7108)	(2, 31.8996)	(3, 31.9589)	(4, 35.4425)	(5, 35.3823)	(6, 35.4059)	(7, 35.3558)	(8, 35.3408)	(9, 36.9868)	(10, 36.9532)	(11, 36.8702)	(12, 36.8387)	(13, 36.8042)	(14, 38.081)	(15, 38.0639)	(16, 38.0287)	(17, 37.9831)	(18, 37.9853)	(19, 38.0447)	(20, 37.9789)	(21, 37.9338)	(22, 37.8965)	(23, 37.7942)	(24, 37.7649)	(25, 37.859)	(26, 37.8269)	(27, 37.8157)	(28, 37.7627)	(29, 37.6805)	(30, 37.6502)	(31, 37.6021)	(32, 37.5324)	(33, 37.5034)	(34, 37.5025)	(35, 37.5081)	(36, 37.4332)	(37, 37.3518)	(38, 37.3204)	(39, 37.2051)	(40, 37.1273)	(41, 37.0701)	(42, 36.9748)	(43, 36.8797)	(44, 36.775)	(45, 36.6351)	(46, 36.5182)	(47, 36.4023)	(48, 36.2827)	(49, 36.1721)	(50, 36.1453)	(51, 35.5571)	(52, 35.9147)	(53, 36.1227)	(54, 36.2061)	(55, 36.1514)	(56, 36.0551)	(57, 35.9443)	(58, 35.8212)	(59, 35.6769)	(60, 35.5305)	(61, 35.3336)	(62, 35.1892)	(63, 35.0651)	(64, 34.8968)	(65, 34.7085)	(66, 34.538)	(67, 34.3654)	(68, 34.1799)	(69, 33.9483)	(70, 33.7581)	(71, 33.5204)	(72, 33.3256)	(73, 33.1303)	(74, 32.9316)	(75, 32.7236)	(76, 32.4952)	(77, 32.2113)	(78, 31.998)	(79, 31.7502)	(80, 31.5327)	(81, 31.2978)	(82, 31.1079)	(83, 30.8792)	(84, 30.63)	(85, 30.4139)	(86, 30.1754)	(87, 29.9451)	(88, 29.7051)	(89, 29.3032)	(90, 29.2532)	(91, 28.199)	(92, 28.4533)	(93, 28.4482)	(94, 28.3048)	(95, 27.9518)	(96, 27.6652)	(97, 27.3584)	(98, 26.9612)	(99, 26.52)	(100, 25.9103)	(101, 22.638)
HG00125	(1, 37.4842)	(2, 37.2418)	(3, 37.1817)	(4, 37.1453)	(5, 37.1359)	(6, 37.1204)	(7, 37.0767)	(8, 37.0349)	(9, 36.9909)	(10, 36.9611)	(11, 36.9231)	(12, 36.8468)	(13, 36.8026)	(14, 36.7545)	(15, 36.6429)	(16, 36.6491)	(17, 36.5726)	(18, 36.5024)	(19, 36.4622)	(20, 36.3853)	(21, 36.3054)	(22, 36.2318)	(23, 36.1457)	(24, 36.0899)	(25, 35.9759)	(26, 35.8835)	(27, 35.8302)	(28, 35.745)	(29, 35.6299)	(30, 35.5934)	(31, 35.4632)	(32, 35.4333)	(33, 35.5159)	(34, 35.4127)	(35, 35.329)	(36, 35.4844)	(37, 35.3352)	(38, 35.2978)	(39, 35.1967)	(40, 35.1106)	(41, 35.0969)	(42, 34.9479)	(43, 34.8288)	(44, 34.7764)	(45, 34.7187)	(46, 34.3496)	(47, 34.2331)	(48, 34.125)	(49, 34.0294)	(50, 33.95)	(51, 34.6742)	(52, 34.6221)	(53, 34.5621)	(54, 34.498)	(55, 34.464)	(56, 34.8637)	(57, 34.7648)	(58, 34.6951)	(59, 34.6085)	(60, 34.5258)	(61, 34.401)	(62, 34.27)	(63, 34.1341)	(64, 34.0443)	(65, 33.9259)	(66, 33.8011)	(67, 33.6543)	(68, 33.5183)	(69, 33.3923)	(70, 33.2682)	(71, 33.0223)	(72, 32.8619)	(73, 32.6809)	(74, 32.546)	(75, 32.381)	(76, 32.0772)	(77, 31.9024)	(78, 31.7351)	(79, 31.553)	(80, 31.3268)	(81, 31.0403)	(82, 30.8258)	(83, 30.6041)	(84, 30.3709)	(85, 30.0713)	(86, 29.6787)	(87, 29.3676)	(88, 29.1071)	(89, 28.862)	(90, 28.5943)											
HG00145	(1, 34.2131)	(2, 33.8609)	(3, 33.7972)	(4, 33.724)	(5, 33.6992)	(6, 33.5756)	(7, 33.4629)	(8, 33.3768)	(9, 33.2968)	(10, 33.2008)	(11, 33.0431)	(12, 32.9289)	(13, 32.492)	(14, 32.7372)	(15, 32.6622)	(16, 32.5172)	(17, 32.5046)	(18, 32.3974)	(19, 32.3208)	(20, 32.1912)	(21, 32.1785)	(22, 32.0292)	(23, 31.942)	(24, 31.9012)	(25, 31.8211)	(26, 31.7627)	(27, 31.6332)	(28, 31.4795)	(29, 31.3803)	(30, 31.1549)	(31, 31.0863)	(32, 30.8752)	(33, 30.7609)	(34, 30.6068)	(35, 30.4556)	(36, 30.2442)	(37, 30.0857)	(38, 29.8777)	(39, 29.733)	(40, 29.5516)	(41, 29.3088)	(42, 29.0977)	(43, 28.915)	(44, 28.7525)	(45, 28.535)	(46, 28.0979)	(47, 27.9063)	(48, 27.6428)	(49, 27.4734)	(50, 27.2411)	(51, 28.3112)	(52, 28.1405)	(53, 27.9504)	(54, 27.7938)	(55, 27.5996)	(56, 27.7239)	(57, 27.501)	(58, 27.2643)	(59, 27.0471)	(60, 26.7045)	(61, 26.325)	(62, 26.0202)	(63, 25.774)	(64, 25.6281)	(65, 25.275)	(66, 24.6406)	(67, 24.3447)	(68, 24.0006)	(69, 23.6494)	(70, 23.2278)	(71, 22.4792)	(72, 22.0596)	(73, 21.7042)	(74, 21.2753)	(75, 20.4587)	(76, 18.2975)																									
HG00171	(1, 36.0065)	(2, 35.6966)	(3, 35.7611)	(4, 35.7308)	(5, 35.6842)	(6, 35.6807)	(7, 35.63)	(8, 35.5943)	(9, 35.578)	(10, 35.4618)	(11, 35.4175)	(12, 35.3724)	(13, 35.2023)	(14, 35.2873)	(15, 35.2067)	(16, 35.1842)	(17, 34.9771)	(18, 34.9905)	(19, 34.967)	(20, 34.7525)	(21, 34.7733)	(22, 34.6876)	(23, 34.5912)	(24, 34.5699)	(25, 34.49)	(26, 34.3348)	(27, 34.2486)	(28, 34.1805)	(29, 33.9477)	(30, 33.9252)	(31, 34.3728)	(32, 34.2643)	(33, 34.2297)	(34, 34.1583)	(35, 33.8339)	(36, 33.9802)	(37, 33.9249)	(38, 33.8026)	(39, 33.7137)	(40, 33.6169)	(41, 33.3538)	(42, 33.3781)	(43, 33.1731)	(44, 33.1274)	(45, 32.6741)	(46, 31.7309)	(47, 31.5683)	(48, 31.4685)	(49, 31.3462)	(50, 31.0401)	(51, 31.2586)	(52, 31.2381)	(53, 31.1801)	(54, 31.1847)	(55, 30.9966)	(56, 32.2091)	(57, 32.0977)	(58, 31.9822)	(59, 31.9871)	(60, 31.9506)	(61, 31.8654)	(62, 31.6849)	(63, 31.6432)	(64, 31.5327)	(65, 31.421)	(66, 31.2062)	(67, 31.0958)	(68, 30.9572)	(69, 30.8161)	(70, 30.5612)	(71, 30.3845)	(72, 30.1457)	(73, 30.0107)	(74, 29.8984)	(75, 29.4889)	(76, 29.3458)	(77, 29.1185)	(78, 28.9827)	(79, 28.7026)	(80, 28.4665)	(81, 28.1898)	(82, 28.0113)	(83, 27.7183)	(84, 27.4111)	(85, 27.093)	(86, 26.7303)	(87, 26.4109)	(88, 26.2018)	(89, 25.8498)	(90, 25.5697)											
HG00173	(1, 31.5969)	(2, 31.7886)	(3, 31.8152)	(4, 35.3291)	(5, 35.2977)	(6, 35.3003)	(7, 35.2801)	(8, 35.2633)	(9, 36.8158)	(10, 36.799)	(11, 36.7881)	(12, 36.7882)	(13, 36.7618)	(14, 38.0105)	(15, 37.9859)	(16, 37.9646)	(17, 37.913)	(18, 37.8731)	(19, 37.9053)	(20, 37.8797)	(21, 37.8297)	(22, 37.7648)	(23, 37.6893)	(24, 37.6524)	(25, 37.763)	(26, 37.7574)	(27, 37.7489)	(28, 37.7213)	(29, 37.6798)	(30, 37.6401)	(31, 37.5978)	(32, 37.5707)	(33, 37.527)	(34, 37.4767)	(35, 37.4392)	(36, 37.3693)	(37, 37.3318)	(38, 37.2889)	(39, 37.2114)	(40, 37.1563)	(41, 37.0836)	(42, 37.0083)	(43, 36.8955)	(44, 36.8045)	(45, 36.7212)	(46, 36.6396)	(47, 36.5367)	(48, 36.4476)	(49, 36.3584)	(50, 36.263)	(51, 33.4893)	(52, 34.599)	(53, 35.3755)	(54, 35.7397)	(55, 35.8454)	(56, 35.8159)	(57, 35.7193)	(58, 35.6038)	(59, 35.4772)	(60, 35.2884)	(61, 35.2601)	(62, 35.1766)	(63, 35.0118)	(64, 34.9039)	(65, 34.7629)	(66, 34.6398)	(67, 34.4497)	(68, 34.3462)	(69, 34.2121)	(70, 34.112)	(71, 33.9677)	(72, 33.7958)	(73, 33.6144)	(74, 33.4289)	(75, 33.232)	(76, 33.0625)	(77, 32.8405)	(78, 32.611)	(79, 32.4252)	(80, 32.2556)	(81, 32.0534)	(82, 31.8884)	(83, 31.7072)	(84, 31.552)	(85, 31.3972)	(86, 31.2247)	(87, 30.964)	(88, 30.8816)	(89, 30.7968)	(90, 30.6651)	(91, 30.4286)	(92, 30.2187)	(93, 30.0933)	(94, 29.9115)	(95, 29.8082)	(96, 29.6525)	(97, 29.4946)	(98, 29.3376)	(99, 29.0892)	(100, 28.688)	(101, 25.3157)
HG00407	(1, 37.6966)	(2, 37.4921)	(3, 37.4392)	(4, 37.3908)	(5, 37.3771)	(6, 37.4052)	(7, 37.3478)	(8, 37.3124)	(9, 37.2684)	(10, 37.2413)	(11, 37.2269)	(12, 37.1469)	(13, 37.1212)	(14, 37.087)	(15, 37.0219)	(16, 36.9785)	(17, 36.9019)	(18, 36.8512)	(19, 36.8035)	(20, 36.7483)	(21, 36.6602)	(22, 36.5767)	(23, 36.5158)	(24, 36.4452)	(25, 36.3796)	(26, 36.2545)	(27, 36.1866)	(28, 36.1007)	(29, 36.0142)	(30, 35.9487)	(31, 35.8714)	(32, 35.8984)	(33, 35.857)	(34, 35.8341)	(35, 35.7358)	(36, 35.8753)	(37, 35.769)	(38, 35.6703)	(39, 35.6091)	(40, 35.536)	(41, 35.4762)	(42, 35.3588)	(43, 35.2283)	(44, 35.1732)	(45, 35.0772)	(46, 34.7366)	(47, 34.6161)	(48, 34.4884)	(49, 34.4042)	(50, 34.3079)	(51, 35.0333)	(52, 34.9727)	(53, 34.9193)	(54, 34.8755)	(55, 34.8143)	(56, 35.2071)	(57, 35.1077)	(58, 35.0134)	(59, 34.9454)	(60, 34.8548)	(61, 34.7067)	(62, 34.5883)	(63, 34.4705)	(64, 34.3959)	(65, 34.2825)	(66, 34.0912)	(67, 33.951)	(68, 33.8321)	(69, 33.7111)	(70, 33.5848)	(71, 33.3584)	(72, 33.1508)	(73, 33.0141)	(74, 32.8724)	(75, 32.6895)	(76, 32.4134)	(77, 32.2569)	(78, 32.0699)	(79, 31.9038)	(80, 31.6928)	(81, 31.4249)	(82, 31.1971)	(83, 31.0011)	(84, 30.7885)	(85, 30.5216)	(86, 30.117)	(87, 29.8435)	(88, 29.599)	(89, 29.355)	(90, 29.0707)											
HG00956	(1, 32.0852)	(2, 32.2723)	(3, 32.3211)	(4, 35.6619)	(5, 35.6558)	(6, 35.6309)	(7, 35.5958)	(8, 35.5818)	(9, 37.2542)	(10, 37.2094)	(11, 37.1842)	(12, 37.1301)	(13, 37.0767)	(14, 38.4669)	(15, 38.4112)	(16, 38.3652)	(17, 38.2783)	(18, 38.2301)	(19, 38.1965)	(20, 38.1429)	(21, 38.0673)	(22, 37.9825)	(23, 37.8802)	(24, 37.805)	(25, 37.9067)	(26, 37.8751)	(27, 37.7853)	(28, 37.7534)	(29, 37.6978)	(30, 37.7617)	(31, 37.7747)	(32, 37.7591)	(33, 37.728)	(34, 37.6812)	(35, 37.6083)	(36, 37.5662)	(37, 37.49)	(38, 37.4125)	(39, 37.3578)	(40, 37.2873)	(41, 37.228)	(42, 37.1413)	(43, 37.0644)	(44, 37.0009)	(45, 36.9074)	(46, 36.8367)	(47, 36.7494)	(48, 36.6437)	(49, 36.532)	(50, 36.4401)	(51, 35.2645)	(52, 35.6854)	(53, 35.9833)	(54, 36.0457)	(55, 36.018)	(56, 35.9154)	(57, 35.8094)	(58, 35.701)	(59, 35.5547)	(60, 35.3947)	(61, 35.2477)	(62, 35.0875)	(63, 34.9139)	(64, 34.7256)	(65, 34.57)	(66, 34.4)	(67, 34.1771)	(68, 33.9966)	(69, 33.7894)	(70, 33.5791)	(71, 33.3662)	(72, 33.1857)	(73, 32.9887)	(74, 32.7569)	(75, 32.5141)	(76, 32.2957)	(77, 32.073)	(78, 31.8542)	(79, 31.6345)	(80, 31.4013)	(81, 31.1721)	(82, 30.9361)	(83, 30.7303)	(84, 30.5118)	(85, 30.265)	(86, 30.047)	(87, 29.8062)	(88, 29.5289)	(89, 29.2443)	(90, 28.8922)											
HG01501	(1, 30.5121)	(2, 30.4942)	(3, 30.637)	(4, 34.0702)	(5, 34.0911)	(6, 34.1523)	(7, 34.152)	(8, 34.2436)	(9, 35.5816)	(10, 35.5407)	(11, 35.543)	(12, 35.3187)	(13, 35.3541)	(14, 36.1763)	(15, 36.1809)	(16, 36.0756)	(17, 35.9243)	(18, 35.9966)	(19, 35.7059)	(20, 36.0714)	(21, 35.8538)	(22, 35.9181)	(23, 35.9482)	(24, 36.0507)	(25, 36.0598)	(26, 36.1016)	(27, 35.9605)	(28, 35.8797)	(29, 35.9708)	(30, 35.9798)	(31, 35.8887)	(32, 35.8119)	(33, 35.8734)	(34, 35.5817)	(35, 35.4236)	(36, 35.287)	(37, 35.1387)	(38, 35.1003)	(39, 35.1209)	(40, 34.9731)	(41, 34.92)	(42, 34.8435)	(43, 34.7669)	(44, 34.7248)	(45, 34.6408)	(46, 34.6281)	(47, 34.598)	(48, 34.5615)	(49, 34.2783)	(50, 34.3069)	(51, 31.5346)	(52, 32.6342)	(53, 33.3964)	(54, 33.6547)	(55, 33.6413)	(56, 33.5647)	(57, 33.386)	(58, 33.2408)	(59, 33.235)	(60, 33.1964)	(61, 33.1075)	(62, 33.0309)	(63, 32.983)	(64, 32.9008)	(65, 32.7413)	(66, 32.644)	(67, 32.3753)	(68, 32.2458)	(69, 32.1012)	(70, 31.9745)	(71, 31.8079)	(72, 31.5931)	(73, 31.4245)	(74, 31.0683)	(75, 30.8456)	(76, 30.6457)	(77, 30.4062)	(78, 30.1195)	(79, 29.8039)	(80, 29.5654)	(81, 29.4709)	(82, 29.4047)	(83, 29.2951)	(84, 29.1406)	(85, 28.998)	(86, 28.8389)	(87, 28.6265)	(88, 28.372)	(89, 28.2048)	(90, 27.9737)	(91, 27.7856)	(92, 27.5568)	(93, 27.28)	(94, 26.9567)	(95, 26.5177)	(96, 26.1609)	(97, 25.7351)	(98, 25.3745)	(99, 24.8452)	(100, 23.9275)	(101, 20.0218)
HG01503	(1, 30.3618)	(2, 30.5615)	(3, 30.6113)	(4, 34.1954)	(5, 34.1006)	(6, 34.1186)	(7, 34.1118)	(8, 34.1179)	(9, 35.4691)	(10, 35.3981)	(11, 35.3424)	(12, 35.3121)	(13, 35.2576)	(14, 36.1706)	(15, 36.0639)	(16, 36.0041)	(17, 35.8205)	(18, 35.8518)	(19, 35.8906)	(20, 35.8174)	(21, 35.7654)	(22, 35.7976)	(23, 35.8373)	(24, 35.8028)	(25, 35.7537)	(26, 35.7016)	(27, 35.6573)	(28, 35.5189)	(29, 35.5835)	(30, 35.5769)	(31, 35.4525)	(32, 35.3663)	(33, 35.3349)	(34, 35.2693)	(35, 35.1992)	(36, 35.0798)	(37, 34.9871)	(38, 34.9289)	(39, 34.8033)	(40, 34.7364)	(41, 34.6562)	(42, 34.5864)	(43, 34.4449)	(44, 34.3052)	(45, 34.1588)	(46, 34.0849)	(47, 33.9421)	(48, 33.7734)	(49, 33.5892)	(50, 33.3951)	(51, 32.6994)	(52, 32.9934)	(53, 33.124)	(54, 33.0744)	(55, 33.0497)	(56, 32.9266)	(57, 32.789)	(58, 32.5983)	(59, 32.437)	(60, 32.2255)	(61, 32.0427)	(62, 31.8174)	(63, 31.5443)	(64, 31.3447)	(65, 31.0973)	(66, 30.8652)	(67, 30.5534)	(68, 30.2808)	(69, 29.987)	(70, 29.6979)	(71, 29.3755)	(72, 29.1283)	(73, 28.8735)	(74, 28.6115)	(75, 28.2721)	(76, 28.0012)	(77, 27.6942)	(78, 27.378)	(79, 27.0461)	(80, 26.6876)	(81, 26.2931)	(82, 25.9761)	(83, 25.7022)	(84, 25.3358)	(85, 24.8851)	(86, 24.577)	(87, 24.2691)	(88, 23.9419)	(89, 23.6102)	(90, 23.2496)	(91, 22.9114)	(92, 22.5666)	(93, 22.1742)	(94, 21.7045)	(95, 21.2722)	(96, 20.8017)	(97, 20.2512)	(98, 19.6926)	(99, 19.0989)	(100, 18.4297)	(101, 16.5806)
HG01504	(1, 29.9211)	(2, 29.937)	(3, 30.0462)	(4, 33.6139)	(5, 33.3238)	(6, 33.44)	(7, 33.607)	(8, 33.6073)	(9, 34.5464)	(10, 34.7569)	(11, 34.804)	(12, 34.8497)	(13, 34.9216)	(14, 35.7612)	(15, 35.9177)	(16, 35.4057)	(17, 35.6339)	(18, 35.6227)	(19, 35.5021)	(20, 35.0298)	(21, 35.3131)	(22, 35.4721)	(23, 35.1844)	(24, 35.2179)	(25, 35.2845)	(26, 35.4678)	(27, 35.4225)	(28, 35.2057)	(29, 35.1859)	(30, 35.2431)	(31, 35.2717)	(32, 35.2681)	(33, 35.2235)	(34, 35.0622)	(35, 35.0755)	(36, 34.9317)	(37, 34.8499)	(38, 34.8395)	(39, 34.8084)	(40, 34.7)	(41, 34.7453)	(42, 34.661)	(43, 34.6468)	(44, 34.5999)	(45, 34.573)	(46, 34.5909)	(47, 34.5854)	(48, 34.5862)	(49, 34.5572)	(50, 34.4879)	(51, 32.9493)	(52, 33.4909)	(53, 33.8839)	(54, 33.8906)	(55, 34.0529)	(56, 34.0822)	(57, 34.051)	(58, 33.9543)	(59, 33.833)	(60, 33.7337)	(61, 33.5875)	(62, 33.463)	(63, 33.3337)	(64, 33.1901)	(65, 32.9613)	(66, 32.768)	(67, 32.5688)	(68, 32.3952)	(69, 32.2036)	(70, 32.0632)	(71, 31.8749)	(72, 31.6752)	(73, 31.4802)	(74, 31.2701)	(75, 31.0735)	(76, 30.8787)	(77, 30.6696)	(78, 30.4315)	(79, 30.1434)	(80, 29.8334)	(81, 29.6291)	(82, 29.4402)	(83, 29.231)	(84, 29.0402)	(85, 28.8316)	(86, 28.5454)	(87, 28.3538)	(88, 28.1294)	(89, 27.9158)	(90, 27.4237)	(91, 27.3048)	(92, 27.1044)	(93, 26.8299)	(94, 26.4713)	(95, 26.3532)	(96, 26.1036)	(97, 25.7497)	(98, 25.3898)	(99, 25.0126)	(100, 24.5837)	(101, 22.3492)
HG01596	(1, 32.2852)	(2, 32.4827)	(3, 32.5384)	(4, 36.0039)	(5, 35.9472)	(6, 36.0248)	(7, 35.9955)	(8, 35.952)	(9, 37.7026)	(10, 37.6623)	(11, 37.6628)	(12, 37.6054)	(13, 37.5642)	(14, 38.8787)	(15, 38.9053)	(16, 38.8681)	(17, 38.8095)	(18, 38.7799)	(19, 38.7801)	(20, 38.6894)	(21, 38.6603)	(22, 38.6264)	(23, 38.5952)	(24, 38.5248)	(25, 38.5266)	(26, 38.5384)	(27, 38.4737)	(28, 38.4216)	(29, 38.3368)	(30, 38.2744)	(31, 38.2384)	(32, 37.9741)	(33, 38.2285)	(34, 38.1883)	(35, 38.3124)	(36, 38.2533)	(37, 38.3035)	(38, 38.2197)	(39, 38.2236)	(40, 38.1558)	(41, 38.0855)	(42, 38.0411)	(43, 37.9713)	(44, 37.9311)	(45, 37.8274)	(46, 37.7737)	(47, 37.6872)	(48, 37.6398)	(49, 37.525)	(50, 37.4249)	(51, 36.1278)	(52, 36.7537)	(53, 37.0928)	(54, 37.2496)	(55, 37.2744)	(56, 37.1307)	(57, 36.8511)	(58, 36.7951)	(59, 36.6041)	(60, 36.5166)	(61, 36.3379)	(62, 36.0877)	(63, 35.8646)	(64, 35.6506)	(65, 35.4671)	(66, 35.1636)	(67, 34.8843)	(68, 34.7024)	(69, 34.4119)	(70, 34.153)	(71, 33.8365)	(72, 33.4603)	(73, 32.9913)	(74, 32.5432)	(75, 32.2805)	(76, 32.0096)	(77, 31.7628)	(78, 31.4832)	(79, 31.0914)	(80, 30.729)	(81, 30.2568)	(82, 30.025)	(83, 29.5959)	(84, 29.1805)	(85, 28.6616)	(86, 28.3496)	(87, 27.9616)	(88, 27.5388)	(89, 26.9923)	(90, 26.4113)											
HG01880	(1, 31.9599)	(2, 32.1504)	(3, 32.1927)	(4, 35.5677)	(5, 35.5502)	(6, 35.5826)	(7, 35.543)	(8, 35.5433)	(9, 37.1741)	(10, 37.1589)	(11, 37.1509)	(12, 37.1217)	(13, 37.061)	(14, 38.4287)	(15, 38.3443)	(16, 38.3022)	(17, 38.2095)	(18, 38.1415)	(19, 38.1433)	(20, 38.0499)	(21, 37.9795)	(22, 37.9141)	(23, 37.8054)	(24, 37.7539)	(25, 37.8253)	(26, 37.7995)	(27, 37.7325)	(28, 37.664)	(29, 37.5868)	(30, 37.5146)	(31, 37.4226)	(32, 37.3335)	(33, 37.4214)	(34, 37.44)	(35, 37.46)	(36, 37.4026)	(37, 37.3157)	(38, 37.247)	(39, 37.1798)	(40, 37.103)	(41, 36.996)	(42, 36.9226)	(43, 36.8054)	(44, 36.7045)	(45, 36.5989)	(46, 36.513)	(47, 36.3248)	(48, 36.1805)	(49, 36.0343)	(50, 35.9329)	(51, 34.8179)	(52, 35.2967)	(53, 35.6286)	(54, 35.6855)	(55, 35.6347)	(56, 35.5306)	(57, 35.3923)	(58, 35.192)	(59, 34.9727)	(60, 34.7823)	(61, 34.5572)	(62, 34.4047)	(63, 34.1841)	(64, 33.9526)	(65, 33.7224)	(66, 33.4847)	(67, 33.1864)	(68, 32.9637)	(69, 32.6564)	(70, 32.4168)	(71, 32.1398)	(72, 31.8499)	(73, 31.5856)	(74, 31.2981)	(75, 30.9817)	(76, 30.6993)	(77, 30.3408)	(78, 30.0227)	(79, 29.6913)	(80, 29.3376)	(81, 29.0299)	(82, 28.725)	(83, 28.3721)	(84, 28.04)	(85, 27.6263)	(86, 27.2447)	(87, 26.8247)	(88, 26.3785)	(89, 25.889)	(90, 25.41)											
HG01882	(1, 31.8321)	(2, 32.0346)	(3, 32.0952)	(4, 35.5195)	(5, 35.4926)	(6, 35.4911)	(7, 35.4746)	(8, 35.4498)	(9, 37.0388)	(10, 37.0048)	(11, 36.9463)	(12, 36.9153)	(13, 36.8603)	(14, 38.1462)	(15, 38.0656)	(16, 38.001)	(17, 37.9226)	(18, 37.8628)	(19, 37.8263)	(20, 37.8987)	(21, 37.8642)	(22, 37.8266)	(23, 37.7673)	(24, 37.7295)	(25, 37.6401)	(26, 37.7118)	(27, 37.7143)	(28, 37.6956)	(29, 37.6586)	(30, 37.6157)	(31, 37.561)	(32, 37.5189)	(33, 37.44)	(34, 37.3747)	(35, 37.2994)	(36, 37.215)	(37, 37.1418)	(38, 37.0502)	(39, 36.9543)	(40, 36.8774)	(41, 36.8151)	(42, 36.7408)	(43, 36.6226)	(44, 36.5183)	(45, 36.4029)	(46, 36.2846)	(47, 36.1716)	(48, 36.0914)	(49, 35.9793)	(50, 35.8425)	(51, 34.5421)	(52, 35.0124)	(53, 35.3461)	(54, 35.4342)	(55, 35.3816)	(56, 35.2565)	(57, 35.1247)	(58, 34.9352)	(59, 34.78)	(60, 34.5523)	(61, 34.3411)	(62, 34.1195)	(63, 33.8796)	(64, 33.6429)	(65, 33.3884)	(66, 33.1195)	(67, 32.874)	(68, 32.6588)	(69, 32.4233)	(70, 32.1678)	(71, 31.8585)	(72, 31.5512)	(73, 31.234)	(74, 31.077)	(75, 30.8158)	(76, 30.4897)	(77, 30.1924)	(78, 29.9123)	(79, 29.5928)	(80, 29.2317)	(81, 28.8808)	(82, 28.5556)	(83, 28.2167)	(84, 27.8599)	(85, 27.4806)	(86, 27.0844)	(87, 26.6868)	(88, 26.2204)	(89, 25.7323)	(90, 25.0474)											
HG01886	(1, 31.5621)	(2, 31.7703)	(3, 31.8273)	(4, 35.2376)	(5, 35.262)	(6, 35.2962)	(7, 35.3187)	(8, 35.2996)	(9, 36.8785)	(10, 36.8099)	(11, 36.8044)	(12, 36.7777)	(13, 36.7402)	(14, 37.6048)	(15, 37.5702)	(16, 37.5245)	(17, 37.4344)	(18, 37.4627)	(19, 37.453)	(20, 37.4239)	(21, 37.3468)	(22, 37.06)	(23, 36.9918)	(24, 36.8227)	(25, 36.7602)	(26, 36.737)	(27, 36.7023)	(28, 36.6904)	(29, 36.6931)	(30, 36.7087)	(31, 36.632)	(32, 36.5665)	(33, 36.4961)	(34, 36.3756)	(35, 36.5136)	(36, 36.5055)	(37, 36.4737)	(38, 36.4329)	(39, 36.3468)	(40, 36.2905)	(41, 36.2515)	(42, 36.1575)	(43, 35.9832)	(44, 35.7926)	(45, 35.6533)	(46, 35.4997)	(47, 35.3002)	(48, 35.3547)	(49, 35.3393)	(50, 35.2835)	(51, 34.3502)	(52, 34.8519)	(53, 35.1191)	(54, 35.388)	(55, 35.3843)	(56, 35.3299)	(57, 35.2154)	(58, 35.12)	(59, 34.982)	(60, 34.806)	(61, 34.6275)	(62, 34.4259)	(63, 34.3021)	(64, 34.1599)	(65, 33.9892)	(66, 33.8251)	(67, 33.594)	(68, 33.437)	(69, 33.2915)	(70, 33.1121)	(71, 32.9666)	(72, 32.7838)	(73, 32.6189)	(74, 32.4461)	(75, 32.2357)	(76, 31.9974)	(77, 31.7736)	(78, 31.575)	(79, 31.3351)	(80, 31.0956)	(81, 30.826)	(82, 30.6453)	(83, 30.4277)	(84, 30.2318)	(85, 30.0071)	(86, 29.8067)	(87, 29.6281)	(88, 29.4593)	(89, 29.2604)	(90, 29.0432)	(91, 28.7565)	(92, 28.5916)	(93, 28.3018)	(94, 28.0532)	(95, 27.7948)	(96, 27.6253)	(97, 27.3265)	(98, 27.0907)	(99, 26.8114)	(100, 26.4531)	
HG01890	(1, 29.8783)	(2, 29.8861)	(3, 29.9942)	(4, 33.5531)	(5, 33.2558)	(6, 33.3779)	(7, 33.549)	(8, 33.5536)	(9, 34.4855)	(10, 34.6929)	(11, 34.7383)	(12, 34.7864)	(13, 34.8581)	(14, 35.6873)	(15, 35.8437)	(16, 35.3259)	(17, 35.5612)	(18, 35.5495)	(19, 35.4219)	(20, 34.9398)	(21, 35.2294)	(22, 35.3904)	(23, 35.0965)	(24, 35.1337)	(25, 35.1985)	(26, 35.3849)	(27, 35.3445)	(28, 35.1266)	(29, 35.1061)	(30, 35.1628)	(31, 35.1913)	(32, 35.1858)	(33, 35.1412)	(34, 34.976)	(35, 34.9844)	(36, 34.8396)	(37, 34.7556)	(38, 34.745)	(39, 34.7141)	(40, 34.6035)	(41, 34.6497)	(42, 34.5592)	(43, 34.5462)	(44, 34.4954)	(45, 34.4626)	(46, 34.4758)	(47, 34.4656)	(48, 34.4631)	(49, 34.4331)	(50, 34.3638)	(51, 32.8281)	(52, 33.3652)	(53, 33.7581)	(54, 33.7632)	(55, 33.9193)	(56, 33.9416)	(57, 33.907)	(58, 33.8051)	(59, 33.6791)	(60, 33.5775)	(61, 33.4298)	(62, 33.3051)	(63, 33.1722)	(64, 33.0286)	(65, 32.7947)	(66, 32.5963)	(67, 32.3944)	(68, 32.2182)	(69, 32.0236)	(70, 31.8824)	(71, 31.6926)	(72, 31.4935)	(73, 31.2964)	(74, 31.0865)	(75, 30.8909)	(76, 30.6939)	(77, 30.4826)	(78, 30.2422)	(79, 29.951)	(80, 29.6429)	(81, 29.4381)	(82, 29.247)	(83, 29.0388)	(84, 28.8447)	(85, 28.6342)	(86, 28.347)	(87, 28.1529)	(88, 27.9269)	(89, 27.7092)	(90, 27.2107)	(91, 27.0893)	(92, 26.8878)	(93, 26.6106)	(94, 26.2483)	(95, 26.1287)	(96, 25.8762)	(97, 25.52)	(98, 25.1576)	(99, 24.7757)	(100, 24.3411)	(101, 22.1153)
HG02013	(1, 31.7181)	(2, 31.8489)	(3, 31.9698)	(4, 35.3134)	(5, 35.3538)	(6, 35.3691)	(7, 35.27)	(8, 35.2893)	(9, 36.8005)	(10, 36.7831)	(11, 36.7938)	(12, 36.7363)	(13, 36.7353)	(14, 38.0376)	(15, 37.9355)	(16, 37.7932)	(17, 37.6477)	(18, 37.3676)	(19, 37.5891)	(20, 37.6258)	(21, 37.4999)	(22, 37.4991)	(23, 37.4639)	(24, 37.5103)	(25, 37.4518)	(26, 37.4397)	(27, 37.331)	(28, 37.1157)	(29, 36.9918)	(30, 36.8841)	(31, 36.7902)	(32, 36.9521)	(33, 36.8159)	(34, 36.8656)	(35, 36.7972)	(36, 36.7574)	(37, 36.4727)	(38, 36.7439)	(39, 36.6988)	(40, 36.6932)	(41, 36.6795)	(42, 36.5336)	(43, 36.5017)	(44, 36.309)	(45, 36.3781)	(46, 36.2802)	(47, 36.1515)	(48, 35.8249)	(49, 35.8024)	(50, 35.7418)	(51, 33.2559)	(52, 34.337)	(53, 35.039)	(54, 35.19)	(55, 35.1364)	(56, 35.3265)	(57, 35.2645)	(58, 35.0741)	(59, 34.8969)	(60, 34.8972)	(61, 34.7398)	(62, 34.489)	(63, 34.2386)	(64, 33.8574)	(65, 33.8111)	(66, 33.4283)	(67, 33.401)	(68, 33.2974)	(69, 33.134)	(70, 32.8892)	(71, 32.2967)	(72, 32.0195)	(73, 31.9528)	(74, 31.7358)	(75, 31.2608)	(76, 31.1782)	(77, 30.9887)	(78, 30.6266)	(79, 30.3649)	(80, 29.9159)	(81, 29.7054)	(82, 29.4941)	(83, 28.992)	(84, 28.7559)	(85, 28.4968)	(86, 28.0595)	(87, 27.7758)	(88, 27.4543)	(89, 26.9827)	(90, 26.3829)											
HG02651	(1, 30.7471)	(2, 30.9693)	(3, 30.9491)	(4, 34.5019)	(5, 34.4755)	(6, 34.5133)	(7, 34.545)	(8, 34.5258)	(9, 35.8887)	(10, 35.9002)	(11, 35.8972)	(12, 35.8513)	(13, 35.8513)	(14, 36.9845)	(15, 36.973)	(16, 36.9292)	(17, 36.7813)	(18, 36.7326)	(19, 36.7782)	(20, 36.7511)	(21, 36.7453)	(22, 36.6674)	(23, 36.5591)	(24, 36.5776)	(25, 36.4248)	(26, 36.321)	(27, 36.296)	(28, 36.2876)	(29, 36.1832)	(30, 36.1339)	(31, 36.1122)	(32, 36.0916)	(33, 35.9798)	(34, 35.9252)	(35, 35.8577)	(36, 35.679)	(37, 35.5956)	(38, 35.4924)	(39, 35.4828)	(40, 35.5231)	(41, 35.5261)	(42, 35.4786)	(43, 35.4649)	(44, 35.4255)	(45, 35.3211)	(46, 35.2477)	(47, 35.1659)	(48, 35.0274)	(49, 34.9178)	(50, 34.8399)	(51, 32.5164)	(52, 33.563)	(53, 34.2131)	(54, 34.547)	(55, 34.6717)	(56, 34.6427)	(57, 34.5738)	(58, 34.4469)	(59, 34.5386)	(60, 34.5302)	(61, 34.4785)	(62, 34.3907)	(63, 34.2687)	(64, 34.1324)	(65, 33.9793)	(66, 33.8398)	(67, 33.6937)	(68, 33.5536)	(69, 33.3879)	(70, 33.2025)	(71, 33.0093)	(72, 32.8743)	(73, 32.6788)	(74, 32.4965)	(75, 32.2842)	(76, 32.0963)	(77, 31.9279)	(78, 31.7458)	(79, 31.5489)	(80, 31.363)	(81, 31.2075)	(82, 31.0361)	(83, 30.8553)	(84, 30.7005)	(85, 30.5241)	(86, 30.3446)	(87, 30.1968)	(88, 30.0569)	(89, 29.891)	(90, 29.7359)	(91, 29.6019)	(92, 29.4467)	(93, 29.2461)	(94, 29.0858)	(95, 28.9112)	(96, 28.7047)	(97, 28.4988)	(98, 28.2749)	(99, 28.0442)	(100, 27.7764)	
HG02691	(1, 31.7057)	(2, 31.88)	(3, 31.9307)	(4, 35.3667)	(5, 35.3626)	(6, 35.3775)	(7, 35.3697)	(8, 35.3583)	(9, 36.9718)	(10, 36.953)	(11, 36.9321)	(12, 36.8924)	(13, 36.8796)	(14, 38.1942)	(15, 38.1651)	(16, 38.1601)	(17, 38.1247)	(18, 38.081)	(19, 38.101)	(20, 38.0615)	(21, 38.0298)	(22, 37.9736)	(23, 37.911)	(24, 37.8649)	(25, 37.8123)	(26, 37.7608)	(27, 37.6995)	(28, 37.6365)	(29, 37.5568)	(30, 37.4854)	(31, 37.4208)	(32, 37.3331)	(33, 37.2605)	(34, 37.1922)	(35, 37.1211)	(36, 37.0197)	(37, 37.1914)	(38, 37.1939)	(39, 37.1914)	(40, 37.1446)	(41, 37.0843)	(42, 37.0207)	(43, 36.937)	(44, 36.8671)	(45, 36.7936)	(46, 36.7193)	(47, 36.6359)	(48, 36.5485)	(49, 36.4663)	(50, 36.3591)	(51, 34.8038)	(52, 35.4502)	(53, 35.8963)	(54, 36.0784)	(55, 36.0956)	(56, 36.0364)	(57, 35.9413)	(58, 35.8276)	(59, 35.7108)	(60, 35.5616)	(61, 35.4256)	(62, 35.2663)	(63, 35.0986)	(64, 35.1381)	(65, 35.1103)	(66, 35.0117)	(67, 34.8958)	(68, 34.7614)	(69, 34.6029)	(70, 34.4284)	(71, 34.2436)	(72, 34.0647)	(73, 33.8748)	(74, 33.6819)	(75, 33.5042)	(76, 33.2983)	(77, 33.098)	(78, 32.9007)	(79, 32.7133)	(80, 32.5175)	(81, 32.3282)	(82, 32.1333)	(83, 31.9574)	(84, 31.7645)	(85, 31.5898)	(86, 31.4083)	(87, 31.2563)	(88, 31.0949)	(89, 30.9457)	(90, 30.7929)	(91, 30.6403)	(92, 30.4866)	(93, 30.3245)	(94, 30.1537)	(95, 29.9877)	(96, 29.8158)	(97, 29.6248)	(98, 29.4036)	(99, 29.1525)	(100, 28.8115)	
HG02813	(1, 31.6213)	(2, 31.6703)	(3, 31.8685)	(4, 35.4408)	(5, 35.5261)	(6, 35.4696)	(7, 35.5531)	(8, 35.4734)	(9, 37.0431)	(10, 36.9719)	(11, 36.9567)	(12, 36.9889)	(13, 36.5324)	(14, 37.7676)	(15, 38.0537)	(16, 37.8302)	(17, 37.9852)	(18, 37.7987)	(19, 37.8377)	(20, 37.7649)	(21, 37.8061)	(22, 37.8491)	(23, 37.9003)	(24, 37.8477)	(25, 37.8086)	(26, 37.5359)	(27, 37.5979)	(28, 37.3863)	(29, 36.9954)	(30, 37.1662)	(31, 36.9324)	(32, 37.1695)	(33, 36.9608)	(34, 36.7347)	(35, 36.6575)	(36, 36.2148)	(37, 36.0707)	(38, 35.8644)	(39, 35.9318)	(40, 35.9794)	(41, 35.9809)	(42, 36.0004)	(43, 36.0851)	(44, 36.0285)	(45, 35.6282)	(46, 35.7882)	(47, 35.8776)	(48, 36.1124)	(49, 35.8942)	(50, 35.898)	(51, 35.4039)	(52, 35.4381)	(53, 35.812)	(54, 36.1806)	(55, 36.0973)	(56, 35.8129)	(57, 35.9214)	(58, 35.7792)	(59, 35.7476)	(60, 35.5161)	(61, 34.9311)	(62, 35.2766)	(63, 35.0394)	(64, 34.6967)	(65, 34.5197)	(66, 34.6256)	(67, 34.2732)	(68, 34.3395)	(69, 34.0496)	(70, 33.9378)	(71, 33.7263)	(72, 33.5577)	(73, 33.2797)	(74, 32.9261)	(75, 32.6729)	(76, 32.2473)	(77, 31.678)	(78, 31.6759)	(79, 31.4542)	(80, 31.1524)	(81, 30.851)	(82, 30.761)	(83, 30.2524)	(84, 30.1176)	(85, 30.0459)	(86, 29.7342)	(87, 29.4222)	(88, 29.0361)	(89, 28.991)	(90, 28.7796)	(91, 28.4369)	(92, 28.1547)	(93, 27.9723)	(94, 27.8743)	(95, 27.5792)	(96, 27.2819)	(97, 26.6893)	(98, 26.4427)	(99, 26.0726)	(100, 25.7367)	
HG02814	(1, 31.6263)	(2, 31.6592)	(3, 31.8445)	(4, 35.461)	(5, 35.5492)	(6, 35.5098)	(7, 35.5518)	(8, 35.4876)	(9, 36.9771)	(10, 36.993)	(11, 37.013)	(12, 37.0247)	(13, 36.4825)	(14, 37.7575)	(15, 38.0816)	(16, 37.8888)	(17, 38.0513)	(18, 37.8784)	(19, 37.8937)	(20, 37.8799)	(21, 37.9323)	(22, 37.9396)	(23, 37.9478)	(24, 37.9256)	(25, 37.8872)	(26, 37.6699)	(27, 37.725)	(28, 37.3599)	(29, 36.9711)	(30, 37.2651)	(31, 36.9568)	(32, 37.21)	(33, 37.0611)	(34, 36.8611)	(35, 36.7322)	(36, 36.2681)	(37, 36.0428)	(38, 35.9235)	(39, 36.0267)	(40, 35.972)	(41, 35.935)	(42, 35.958)	(43, 36.0858)	(44, 36.0052)	(45, 35.7061)	(46, 35.8569)	(47, 35.9261)	(48, 36.1541)	(49, 35.9293)	(50, 35.9994)	(51, 35.4999)	(52, 35.4491)	(53, 35.9237)	(54, 36.2583)	(55, 36.147)	(56, 35.8289)	(57, 35.9865)	(58, 35.8758)	(59, 35.8423)	(60, 35.5589)	(61, 34.9862)	(62, 35.4127)	(63, 35.0955)	(64, 34.7319)	(65, 34.5633)	(66, 34.7248)	(67, 34.3955)	(68, 34.5096)	(69, 34.2195)	(70, 34.1038)	(71, 33.8351)	(72, 33.7007)	(73, 33.3703)	(74, 32.9324)	(75, 32.6927)	(76, 32.2987)	(77, 31.7013)	(78, 31.7447)	(79, 31.4466)	(80, 31.2071)	(81, 30.925)	(82, 30.8833)	(83, 30.2289)	(84, 30.1237)	(85, 30.163)	(86, 29.8269)	(87, 29.5802)	(88, 29.1078)	(89, 29.0883)	(90, 28.9314)	(91, 28.5857)	(92, 28.2857)	(93, 28.1618)	(94, 28.0257)	(95, 27.7872)	(96, 27.4992)	(97, 26.8865)	(98, 26.6785)	(99, 26.3134)	(100, 25.9655)	
HG02840	(1, 31.2874)	(2, 31.6109)	(3, 31.6509)	(4, 35.153)	(5, 35.1834)	(6, 35.1131)	(7, 35.2555)	(8, 35.1399)	(9, 36.6268)	(10, 36.7587)	(11, 36.7183)	(12, 36.7511)	(13, 36.6626)	(14, 37.6318)	(15, 37.596)	(16, 37.6793)	(17, 37.7336)	(18, 37.7558)	(19, 37.6315)	(20, 37.8698)	(21, 37.7508)	(22, 37.7713)	(23, 37.7775)	(24, 37.7246)	(25, 37.6532)	(26, 37.4933)	(27, 37.2476)	(28, 37.0712)	(29, 37.0755)	(30, 37.1894)	(31, 37.1285)	(32, 37.1333)	(33, 36.9806)	(34, 37.0363)	(35, 36.898)	(36, 36.7808)	(37, 36.5623)	(38, 36.4086)	(39, 36.1966)	(40, 35.6108)	(41, 36.1042)	(42, 36.0544)	(43, 35.8987)	(44, 35.9037)	(45, 36.0175)	(46, 35.7116)	(47, 35.6353)	(48, 36.1268)	(49, 36.2372)	(50, 36.2789)	(51, 35.3828)	(52, 35.6595)	(53, 36.051)	(54, 36.2992)	(55, 36.0812)	(56, 36.1315)	(57, 36.0927)	(58, 35.908)	(59, 35.7799)	(60, 35.6725)	(61, 35.6643)	(62, 35.3412)	(63, 35.2769)	(64, 34.883)	(65, 34.5029)	(66, 34.5893)	(67, 34.5721)	(68, 34.2374)	(69, 34.0775)	(70, 33.7284)	(71, 33.6197)	(72, 33.4597)	(73, 33.2942)	(74, 32.9934)	(75, 32.8632)	(76, 32.7037)	(77, 32.4778)	(78, 32.199)	(79, 31.9839)	(80, 31.6997)	(81, 31.4315)	(82, 30.9463)	(83, 30.7491)	(84, 30.572)	(85, 30.3435)	(86, 30.1145)	(87, 29.8431)	(88, 29.5639)	(89, 29.4267)	(90, 29.2102)	(91, 28.9685)	(92, 28.7397)	(93, 28.4533)	(94, 28.127)	(95, 27.8441)	(96, 27.5079)	(97, 27.1371)	(98, 26.791)	(99, 26.2808)	(100, 25.8072)	
HG02878	(1, 31.8049)	(2, 32.0755)	(3, 32.2193)	(4, 35.7484)	(5, 35.7483)	(6, 35.7696)	(7, 35.7598)	(8, 35.7964)	(9, 37.2103)	(10, 37.3638)	(11, 37.3366)	(12, 37.2662)	(13, 37.2392)	(14, 38.5512)	(15, 38.4318)	(16, 38.4956)	(17, 38.5372)	(18, 38.5488)	(19, 38.5419)	(20, 38.4618)	(21, 38.3489)	(22, 38.4342)	(23, 38.2883)	(24, 38.2424)	(25, 38.2412)	(26, 38.2095)	(27, 38.0671)	(28, 37.9577)	(29, 37.8904)	(30, 37.8899)	(31, 37.8111)	(32, 37.7911)	(33, 37.611)	(34, 37.5815)	(35, 37.4609)	(36, 37.4239)	(37, 37.2873)	(38, 37.2077)	(39, 37.1083)	(40, 37.0425)	(41, 37.1134)	(42, 37.0269)	(43, 36.7766)	(44, 36.8538)	(45, 36.8225)	(46, 36.7474)	(47, 36.5475)	(48, 36.9299)	(49, 37.1095)	(50, 37.1024)	(51, 36.4483)	(52, 36.7222)	(53, 36.9738)	(54, 37.018)	(55, 37.0912)	(56, 37.0756)	(57, 36.7421)	(58, 36.687)	(59, 36.293)	(60, 36.3623)	(61, 36.3305)	(62, 36.2243)	(63, 36.0948)	(64, 35.8696)	(65, 35.7878)	(66, 35.6162)	(67, 35.2521)	(68, 35.1217)	(69, 35.0139)	(70, 34.7287)	(71, 34.4123)	(72, 34.3055)	(73, 34.1144)	(74, 33.9581)	(75, 33.8202)	(76, 33.5021)	(77, 33.3501)	(78, 33.0465)	(79, 32.8143)	(80, 32.6292)	(81, 32.4024)	(82, 32.145)	(83, 31.9775)	(84, 31.6842)	(85, 31.4977)	(86, 31.2414)	(87, 31.0488)	(88, 30.7422)	(89, 30.5719)	(90, 30.3478)	(91, 30.0946)	(92, 29.8422)	(93, 29.5576)	(94, 29.0885)	(95, 29.0206)	(96, 28.8103)	(97, 28.4354)	(98, 28.1291)	(99, 27.7032)	(100, 27.3901)	
HG02977	(1, 30.855)	(2, 31.0024)	(3, 31.0768)	(4, 34.5759)	(5, 34.5394)	(6, 34.5723)	(7, 34.5453)	(8, 34.5593)	(9, 36.0121)	(10, 35.9671)	(11, 35.8881)	(12, 35.8473)	(13, 35.8348)	(14, 36.9592)	(15, 36.9252)	(16, 36.8516)	(17, 36.825)	(18, 36.7634)	(19, 36.8127)	(20, 36.7743)	(21, 36.6975)	(22, 36.6245)	(23, 36.5956)	(24, 36.5419)	(25, 36.4753)	(26, 36.4022)	(27, 36.2844)	(28, 36.2106)	(29, 36.1546)	(30, 36.0554)	(31, 36.0017)	(32, 35.9064)	(33, 35.7769)	(34, 35.5192)	(35, 35.3665)	(36, 35.3003)	(37, 35.2411)	(38, 35.1465)	(39, 35.02)	(40, 34.9205)	(41, 34.8406)	(42, 34.944)	(43, 35.0691)	(44, 35.0894)	(45, 35.1073)	(46, 35.0912)	(47, 35.0065)	(48, 34.9222)	(49, 34.8425)	(50, 34.753)	(51, 33.76)	(52, 34.1527)	(53, 34.4958)	(54, 34.6672)	(55, 34.667)	(56, 34.5898)	(57, 34.5139)	(58, 34.3925)	(59, 34.2702)	(60, 34.15)	(61, 34.0068)	(62, 33.895)	(63, 33.7585)	(64, 33.5618)	(65, 33.41)	(66, 33.257)	(67, 33.1212)	(68, 32.9393)	(69, 32.7567)	(70, 32.6335)	(71, 32.4346)	(72, 32.2762)	(73, 32.1105)	(74, 31.9157)	(75, 31.7059)	(76, 31.5362)	(77, 31.3316)	(78, 31.1416)	(79, 30.9655)	(80, 30.7857)	(81, 30.6068)	(82, 30.4435)	(83, 30.195)	(84, 30.0229)	(85, 29.8702)	(86, 29.7239)	(87, 29.5678)	(88, 29.3889)	(89, 29.2272)	(90, 29.0639)	(91, 28.9018)	(92, 28.7546)	(93, 28.6222)	(94, 28.4596)	(95, 28.2628)	(96, 28.0702)	(97, 27.8799)	(98, 27.6581)	(99, 27.3926)	(100, 27.1216)	
HG02981	(1, 31.6501)	(2, 31.8097)	(3, 31.871)	(4, 35.3072)	(5, 35.302)	(6, 35.3122)	(7, 35.3171)	(8, 35.2956)	(9, 36.887)	(10, 36.865)	(11, 36.8345)	(12, 36.8056)	(13, 36.7647)	(14, 38.0585)	(15, 38.0396)	(16, 37.9829)	(17, 37.9244)	(18, 37.8846)	(19, 37.9004)	(20, 37.8226)	(21, 37.736)	(22, 37.6768)	(23, 37.5886)	(24, 37.5527)	(25, 37.4832)	(26, 37.4095)	(27, 37.3222)	(28, 37.2403)	(29, 37.1369)	(30, 37.0501)	(31, 37.2894)	(32, 37.3094)	(33, 37.2898)	(34, 37.2701)	(35, 37.2117)	(36, 37.175)	(37, 37.0942)	(38, 37.0614)	(39, 37.0027)	(40, 36.948)	(41, 36.8772)	(42, 36.8035)	(43, 36.7178)	(44, 36.6398)	(45, 36.5378)	(46, 36.4471)	(47, 36.3371)	(48, 36.2463)	(49, 36.1402)	(50, 36.0382)	(51, 34.9216)	(52, 35.3158)	(53, 35.5992)	(54, 35.6925)	(55, 35.6628)	(56, 35.5811)	(57, 35.4489)	(58, 35.3284)	(59, 35.3154)	(60, 35.2827)	(61, 35.1926)	(62, 35.0812)	(63, 34.9407)	(64, 34.8032)	(65, 34.6307)	(66, 34.4754)	(67, 34.2952)	(68, 34.124)	(69, 33.9086)	(70, 33.7149)	(71, 33.4942)	(72, 33.3012)	(73, 33.0863)	(74, 32.9006)	(75, 32.6838)	(76, 32.4752)	(77, 32.2514)	(78, 32.0561)	(79, 31.8295)	(80, 31.6191)	(81, 31.4021)	(82, 31.2042)	(83, 31.0045)	(84, 30.8159)	(85, 30.6162)	(86, 30.4409)	(87, 30.231)	(88, 30.0543)	(89, 29.8596)	(90, 29.6754)	(91, 29.4699)	(92, 29.2954)	(93, 29.083)	(94, 28.8835)	(95, 28.6552)	(96, 28.4054)	(97, 28.1256)	(98, 27.8087)	(99, 27.3949)	(100, 26.8576)	
HG02982	(1, 32.5397)	(2, 32.6676)	(3, 32.7185)	(4, 36.084)	(5, 36.0871)	(6, 36.1524)	(7, 36.1079)	(8, 36.1144)	(9, 37.8725)	(10, 37.9105)	(11, 37.8827)	(12, 37.8535)	(13, 37.8518)	(14, 39.3343)	(15, 39.2904)	(16, 39.2309)	(17, 39.2333)	(18, 39.1289)	(19, 39.1241)	(20, 39.1274)	(21, 39.1098)	(22, 39.0429)	(23, 38.9946)	(24, 38.915)	(25, 38.8208)	(26, 38.8345)	(27, 38.7449)	(28, 38.7033)	(29, 38.5035)	(30, 38.5672)	(31, 38.6872)	(32, 38.7864)	(33, 38.7842)	(34, 38.7961)	(35, 38.7616)	(36, 38.7334)	(37, 38.5662)	(38, 38.6139)	(39, 38.5416)	(40, 38.5472)	(41, 38.4501)	(42, 38.367)	(43, 38.2916)	(44, 38.2092)	(45, 38.1627)	(46, 38.0092)	(47, 37.9223)	(48, 37.9227)	(49, 37.8299)	(50, 37.761)	(51, 36.5839)	(52, 36.97)	(53, 37.2759)	(54, 37.4384)	(55, 37.3904)	(56, 37.3836)	(57, 37.2793)	(58, 37.1749)	(59, 37.3065)	(60, 37.2459)	(61, 37.2425)	(62, 37.0192)	(63, 36.9616)	(64, 36.7962)	(65, 36.6567)	(66, 36.4412)	(67, 36.33)	(68, 36.2617)	(69, 36.1251)	(70, 35.9056)	(71, 35.5949)	(72, 35.4882)	(73, 35.2444)	(74, 35.0058)	(75, 34.8061)	(76, 34.5486)	(77, 34.314)	(78, 34.1238)	(79, 33.896)	(80, 33.6589)	(81, 33.5659)	(82, 33.3817)	(83, 33.149)	(84, 32.9495)	(85, 32.7632)	(86, 32.6376)	(87, 32.4059)	(88, 32.2794)	(89, 32.0714)	(90, 31.9169)	(91, 31.7381)	(92, 31.5917)	(93, 31.4571)	(94, 31.2679)	(95, 31.1116)	(96, 30.9847)	(97, 30.7528)	(98, 30.4239)	(99, 30.1635)	(100, 29.7281)	
HG03139	(1, 30.7552)	(2, 30.9099)	(3, 30.9453)	(4, 34.4036)	(5, 34.3845)	(6, 34.4335)	(7, 34.4228)	(8, 34.4186)	(9, 35.8058)	(10, 35.7538)	(11, 35.7697)	(12, 35.7449)	(13, 35.714)	(14, 36.8298)	(15, 36.7772)	(16, 36.7694)	(17, 36.7295)	(18, 36.7248)	(19, 36.7806)	(20, 36.7235)	(21, 36.6088)	(22, 36.5994)	(23, 36.5077)	(24, 36.5376)	(25, 36.5276)	(26, 36.4964)	(27, 36.4293)	(28, 36.43)	(29, 36.3887)	(30, 36.2898)	(31, 36.2583)	(32, 36.1471)	(33, 36.0728)	(34, 36.0398)	(35, 35.9257)	(36, 35.8595)	(37, 35.761)	(38, 35.6486)	(39, 35.6322)	(40, 35.5382)	(41, 35.42)	(42, 35.4159)	(43, 35.3326)	(44, 35.2301)	(45, 35.17)	(46, 35.0816)	(47, 34.9777)	(48, 34.8596)	(49, 34.7366)	(50, 34.6361)	(51, 33.0335)	(52, 33.64)	(53, 34.3249)	(54, 34.5725)	(55, 34.6387)	(56, 34.6624)	(57, 34.5785)	(58, 34.4515)	(59, 34.3132)	(60, 34.1898)	(61, 34.0503)	(62, 33.9124)	(63, 33.7262)	(64, 33.5489)	(65, 33.3842)	(66, 33.1592)	(67, 33.0447)	(68, 32.809)	(69, 32.6604)	(70, 32.5057)	(71, 32.2799)	(72, 32.0919)	(73, 31.9263)	(74, 31.6783)	(75, 31.5128)	(76, 31.3187)	(77, 31.1453)	(78, 30.9005)	(79, 30.7047)	(80, 30.4948)	(81, 30.2815)	(82, 30.0285)	(83, 29.8434)	(84, 29.6903)	(85, 29.5056)	(86, 29.3391)	(87, 29.1601)	(88, 28.9468)	(89, 28.7662)	(90, 28.5375)	(91, 28.4889)	(92, 28.3653)	(93, 28.176)	(94, 27.9754)	(95, 27.7496)	(96, 27.4785)	(97, 27.2574)	(98, 26.9724)	(99, 26.6458)	(100, 26.1259)	
HG03157	(1, 30.5616)	(2, 30.7189)	(3, 30.758)	(4, 34.194)	(5, 34.1715)	(6, 34.2127)	(7, 34.1954)	(8, 34.1904)	(9, 35.5467)	(10, 35.4904)	(11, 35.5056)	(12, 35.4807)	(13, 35.449)	(14, 36.54)	(15, 36.4827)	(16, 36.4711)	(17, 36.4267)	(18, 36.4168)	(19, 36.471)	(20, 36.4122)	(21, 36.2967)	(22, 36.2857)	(23, 36.1904)	(24, 36.2172)	(25, 36.2071)	(26, 36.1701)	(27, 36.0989)	(28, 36.0945)	(29, 36.048)	(30, 35.944)	(31, 35.9057)	(32, 35.792)	(33, 35.713)	(34, 35.6773)	(35, 35.563)	(36, 35.4912)	(37, 35.3889)	(38, 35.2735)	(39, 35.2492)	(40, 35.1484)	(41, 35.0264)	(42, 35.0196)	(43, 34.9291)	(44, 34.823)	(45, 34.7618)	(46, 34.668)	(47, 34.5613)	(48, 34.4386)	(49, 34.3098)	(50, 34.2041)	(51, 32.6249)	(52, 33.2208)	(53, 33.891)	(54, 34.1322)	(55, 34.1943)	(56, 34.2157)	(57, 34.1296)	(58, 33.9971)	(59, 33.854)	(60, 33.7243)	(61, 33.5808)	(62, 33.4407)	(63, 33.2499)	(64, 33.0678)	(65, 32.901)	(66, 32.6744)	(67, 32.557)	(68, 32.3181)	(69, 32.1679)	(70, 32.0107)	(71, 31.7819)	(72, 31.5912)	(73, 31.4235)	(74, 31.1749)	(75, 31.0038)	(76, 30.8067)	(77, 30.6322)	(78, 30.3836)	(79, 30.184)	(80, 29.969)	(81, 29.7546)	(82, 29.4975)	(83, 29.3064)	(84, 29.147)	(85, 28.957)	(86, 28.7838)	(87, 28.6004)	(88, 28.381)	(89, 28.194)	(90, 27.9558)	(91, 27.8992)	(92, 27.7665)	(93, 27.5693)	(94, 27.3584)	(95, 27.1259)	(96, 26.8449)	(97, 26.6143)	(98, 26.3196)	(99, 25.9855)	(100, 25.459)	
HG03267	(1, 30.9092)	(2, 31.0507)	(3, 31.1247)	(4, 34.6011)	(5, 34.6023)	(6, 34.612)	(7, 34.5888)	(8, 34.5595)	(9, 36.0187)	(10, 36.0078)	(11, 35.9828)	(12, 35.949)	(13, 35.9149)	(14, 37.0391)	(15, 37.0194)	(16, 36.9536)	(17, 36.9066)	(18, 36.854)	(19, 36.8891)	(20, 36.8593)	(21, 36.8088)	(22, 36.7034)	(23, 36.6468)	(24, 36.5977)	(25, 36.5169)	(26, 36.4448)	(27, 36.3811)	(28, 36.2711)	(29, 36.2206)	(30, 36.1142)	(31, 36.061)	(32, 35.9689)	(33, 35.7945)	(34, 35.5616)	(35, 35.4649)	(36, 35.3923)	(37, 35.3376)	(38, 35.2447)	(39, 35.1504)	(40, 35.0522)	(41, 34.9726)	(42, 35.0169)	(43, 35.1309)	(44, 35.2131)	(45, 35.2298)	(46, 35.1924)	(47, 35.1217)	(48, 35.0337)	(49, 34.9991)	(50, 34.8849)	(51, 33.897)	(52, 34.2927)	(53, 34.6347)	(54, 34.7535)	(55, 34.7608)	(56, 34.7394)	(57, 34.637)	(58, 34.5349)	(59, 34.4339)	(60, 34.2793)	(61, 34.1259)	(62, 34.0161)	(63, 33.8721)	(64, 33.7375)	(65, 33.573)	(66, 33.4069)	(67, 33.2726)	(68, 33.0926)	(69, 32.915)	(70, 32.7692)	(71, 32.5764)	(72, 32.3988)	(73, 32.225)	(74, 32.0579)	(75, 31.8599)	(76, 31.6661)	(77, 31.477)	(78, 31.2839)	(79, 31.1129)	(80, 30.915)	(81, 30.7196)	(82, 30.5284)	(83, 30.3672)	(84, 30.165)	(85, 30.0172)	(86, 29.8597)	(87, 29.684)	(88, 29.4861)	(89, 29.3459)	(90, 29.1923)	(91, 29.0303)	(92, 28.8913)	(93, 28.7479)	(94, 28.577)	(95, 28.3853)	(96, 28.1915)	(97, 27.9823)	(98, 27.7646)	(99, 27.521)	(100, 27.2345)	
HG03603	(1, 31.3983)	(2, 31.4852)	(3, 31.5132)	(4, 35.0123)	(5, 35.0199)	(6, 35.0255)	(7, 35.0412)	(8, 35.0276)	(9, 36.5712)	(10, 36.5747)	(11, 36.5759)	(12, 36.5514)	(13, 36.5342)	(14, 37.7917)	(15, 37.7503)	(16, 37.7271)	(17, 37.689)	(18, 37.6483)	(19, 37.682)	(20, 37.6419)	(21, 37.5856)	(22, 37.5374)	(23, 37.4799)	(24, 37.4287)	(25, 37.3863)	(26, 37.3528)	(27, 37.2581)	(28, 37.1805)	(29, 37.1138)	(30, 37.0632)	(31, 36.9751)	(32, 36.9012)	(33, 36.8443)	(34, 36.7749)	(35, 36.686)	(36, 36.6031)	(37, 36.5361)	(38, 36.4616)	(39, 36.3684)	(40, 36.3212)	(41, 36.1957)	(42, 36.1295)	(43, 36.0415)	(44, 35.9425)	(45, 36.1496)	(46, 36.2222)	(47, 36.2636)	(48, 36.2426)	(49, 36.2319)	(50, 36.1477)	(51, 34.8684)	(52, 35.3684)	(53, 35.7628)	(54, 35.8881)	(55, 35.9105)	(56, 35.8776)	(57, 35.7808)	(58, 35.6792)	(59, 35.5798)	(60, 35.4627)	(61, 35.3468)	(62, 35.2056)	(63, 35.0561)	(64, 34.9191)	(65, 34.7661)	(66, 34.6133)	(67, 34.4744)	(68, 34.3195)	(69, 34.1497)	(70, 33.9897)	(71, 33.8169)	(72, 33.6385)	(73, 33.4619)	(74, 33.2862)	(75, 33.1161)	(76, 32.9349)	(77, 32.7482)	(78, 32.5843)	(79, 32.4008)	(80, 32.2306)	(81, 32.0611)	(82, 31.9073)	(83, 31.7402)	(84, 31.5711)	(85, 31.4137)	(86, 31.2707)	(87, 31.1295)	(88, 31.0057)	(89, 30.872)	(90, 30.7507)	(91, 30.6287)	(92, 30.4994)	(93, 30.3884)	(94, 30.2617)	(95, 30.1131)	(96, 29.9795)	(97, 29.8239)	(98, 29.6546)	(99, 29.4851)	(100, 29.2926)	
HG03672	(1, 31.2979)	(2, 31.4677)	(3, 31.5023)	(4, 34.9559)	(5, 34.9582)	(6, 34.9267)	(7, 34.8957)	(8, 34.8499)	(9, 36.3995)	(10, 36.3695)	(11, 36.3431)	(12, 36.2859)	(13, 36.2268)	(14, 37.4437)	(15, 37.3994)	(16, 37.3437)	(17, 37.3191)	(18, 37.2656)	(19, 37.2734)	(20, 37.2306)	(21, 37.1334)	(22, 37.0588)	(23, 36.9951)	(24, 36.9174)	(25, 36.8325)	(26, 36.7238)	(27, 36.6719)	(28, 36.5537)	(29, 36.4759)	(30, 36.3189)	(31, 36.2256)	(32, 36.1215)	(33, 35.9843)	(34, 35.889)	(35, 35.7718)	(36, 35.8504)	(37, 35.7655)	(38, 35.7452)	(39, 35.6726)	(40, 35.5875)	(41, 35.4871)	(42, 35.3638)	(43, 35.2378)	(44, 35.1146)	(45, 35.0071)	(46, 34.8726)	(47, 34.9134)	(48, 34.9092)	(49, 34.8435)	(50, 34.7705)	(51, 33.3048)	(52, 34.0867)	(53, 34.5987)	(54, 34.8107)	(55, 34.8147)	(56, 34.7501)	(57, 34.6113)	(58, 34.465)	(59, 34.3357)	(60, 34.1917)	(61, 34.0159)	(62, 33.8238)	(63, 33.6324)	(64, 33.4428)	(65, 33.2396)	(66, 33.0394)	(67, 32.8336)	(68, 32.6004)	(69, 32.3871)	(70, 32.1642)	(71, 31.9341)	(72, 31.7034)	(73, 31.4657)	(74, 31.2219)	(75, 30.9842)	(76, 30.745)	(77, 30.4919)	(78, 30.2268)	(79, 29.9603)	(80, 29.7083)	(81, 29.43)	(82, 29.1821)	(83, 28.931)	(84, 28.6767)	(85, 28.4056)	(86, 28.1613)	(87, 27.9317)	(88, 27.6959)	(89, 27.4353)	(90, 27.1652)	(91, 26.917)	(92, 26.6742)	(93, 26.4058)	(94, 26.1131)	(95, 25.7569)	(96, 25.4431)	(97, 25.0898)	(98, 24.7126)	(99, 24.3174)	(100, 23.8712)	
HG03723	(1, 30.7613)	(2, 30.9532)	(3, 30.9993)	(4, 34.4736)	(5, 34.4608)	(6, 34.4492)	(7, 34.4023)	(8, 34.3692)	(9, 35.7531)	(10, 35.7182)	(11, 35.6878)	(12, 35.632)	(13, 35.5783)	(14, 36.6625)	(15, 36.6171)	(16, 36.5521)	(17, 36.4853)	(18, 36.4093)	(19, 36.4202)	(20, 36.3616)	(21, 36.2846)	(22, 36.1836)	(23, 36.1129)	(24, 36.027)	(25, 35.925)	(26, 35.8196)	(27, 35.7077)	(28, 35.5795)	(29, 35.4805)	(30, 35.3565)	(31, 35.2175)	(32, 35.0907)	(33, 34.951)	(34, 34.8375)	(35, 34.6973)	(36, 34.7734)	(37, 34.759)	(38, 34.6896)	(39, 34.5951)	(40, 34.4711)	(41, 34.3648)	(42, 34.2288)	(43, 34.0814)	(44, 33.9466)	(45, 33.8397)	(46, 33.6589)	(47, 33.6996)	(48, 33.6673)	(49, 33.5945)	(50, 33.5105)	(51, 32.1652)	(52, 32.9302)	(53, 33.4455)	(54, 33.6327)	(55, 33.6187)	(56, 33.5267)	(57, 33.3945)	(58, 33.2532)	(59, 33.0882)	(60, 32.9214)	(61, 32.7175)	(62, 32.5355)	(63, 32.2706)	(64, 32.0947)	(65, 31.8871)	(66, 31.6827)	(67, 31.4676)	(68, 31.2371)	(69, 30.9914)	(70, 30.7525)	(71, 30.5292)	(72, 30.2676)	(73, 30.0049)	(74, 29.762)	(75, 29.4891)	(76, 29.2149)	(77, 28.9476)	(78, 28.6594)	(79, 28.3915)	(80, 28.1205)	(81, 27.8282)	(82, 27.5476)	(83, 27.2623)	(84, 26.996)	(85, 26.7157)	(86, 26.3911)	(87, 26.1397)	(88, 25.8885)	(89, 25.5912)	(90, 25.3171)	(91, 25.0332)	(92, 24.7442)	(93, 24.4489)	(94, 24.1177)	(95, 23.7704)	(96, 23.4289)	(97, 23.0565)	(98, 22.6481)	(99, 22.1812)	(100, 21.6733)	
HG03790	(1, 31.1584)	(2, 31.3379)	(3, 31.3228)	(4, 34.8364)	(5, 34.8609)	(6, 34.8771)	(7, 34.8702)	(8, 34.8511)	(9, 36.3395)	(10, 36.3359)	(11, 36.2687)	(12, 36.2636)	(13, 36.2181)	(14, 37.451)	(15, 37.421)	(16, 37.355)	(17, 37.3193)	(18, 37.3135)	(19, 37.3007)	(20, 37.2873)	(21, 37.2468)	(22, 37.1996)	(23, 37.1758)	(24, 37.1328)	(25, 37.0541)	(26, 37.0137)	(27, 36.9507)	(28, 36.8876)	(29, 36.7978)	(30, 36.7409)	(31, 36.6509)	(32, 36.6094)	(33, 36.5286)	(34, 36.4591)	(35, 36.3592)	(36, 36.4307)	(37, 36.3944)	(38, 36.3957)	(39, 36.3756)	(40, 36.3129)	(41, 36.2417)	(42, 36.1722)	(43, 36.0933)	(44, 36.0352)	(45, 35.9269)	(46, 35.8415)	(47, 35.7501)	(48, 35.6736)	(49, 35.5874)	(50, 35.4571)	(51, 34.7989)	(52, 34.9677)	(53, 35.128)	(54, 35.1259)	(55, 35.0829)	(56, 34.9774)	(57, 34.8581)	(58, 34.7337)	(59, 34.6245)	(60, 34.7041)	(61, 34.6937)	(62, 34.607)	(63, 34.5178)	(64, 34.43)	(65, 34.2877)	(66, 34.1142)	(67, 33.9773)	(68, 33.8339)	(69, 33.6512)	(70, 33.4754)	(71, 33.3145)	(72, 33.1466)	(73, 32.9766)	(74, 32.7554)	(75, 32.5629)	(76, 32.3788)	(77, 32.1964)	(78, 32.0156)	(79, 31.807)	(80, 31.6223)	(81, 31.4382)	(82, 31.2167)	(83, 31.0323)	(84, 30.8539)	(85, 30.6717)	(86, 30.5146)	(87, 30.3509)	(88, 30.1943)	(89, 30.0229)	(90, 29.8138)	(91, 29.6291)	(92, 29.4456)	(93, 29.2274)	(94, 29.0303)	(95, 28.8698)	(96, 28.6631)	(97, 28.4721)	(98, 28.2432)	(99, 27.9934)	(100, 27.7079)	
HG03814	(1, 31.3389)	(2, 31.5126)	(3, 31.5431)	(4, 35.0441)	(5, 35.0537)	(6, 35.0679)	(7, 35.0487)	(8, 35.047)	(9, 36.5432)	(10, 36.554)	(11, 36.5216)	(12, 36.5328)	(13, 36.5006)	(14, 37.692)	(15, 37.6758)	(16, 37.6528)	(17, 37.6237)	(18, 37.59)	(19, 37.6047)	(20, 37.5722)	(21, 37.5238)	(22, 37.4784)	(23, 37.4406)	(24, 37.4219)	(25, 37.3413)	(26, 37.304)	(27, 37.2205)	(28, 37.1748)	(29, 37.1316)	(30, 37.038)	(31, 36.9878)	(32, 36.9312)	(33, 36.8747)	(34, 36.8019)	(35, 36.6715)	(36, 36.6452)	(37, 36.5878)	(38, 36.5233)	(39, 36.4258)	(40, 36.3806)	(41, 36.4977)	(42, 36.4899)	(43, 36.4441)	(44, 36.3994)	(45, 36.3489)	(46, 36.2825)	(47, 36.2153)	(48, 36.1253)	(49, 36.0379)	(50, 35.913)	(51, 33.3617)	(52, 34.4045)	(53, 35.1813)	(54, 35.5681)	(55, 35.683)	(56, 35.6819)	(57, 35.631)	(58, 35.5407)	(59, 35.4292)	(60, 35.2988)	(61, 35.1645)	(62, 35.0293)	(63, 34.8745)	(64, 34.7376)	(65, 34.5802)	(66, 34.4211)	(67, 34.4419)	(68, 34.3725)	(69, 34.3323)	(70, 34.2079)	(71, 34.0675)	(72, 33.8969)	(73, 33.7254)	(74, 33.5329)	(75, 33.3654)	(76, 33.1837)	(77, 33.0067)	(78, 32.8222)	(79, 32.6382)	(80, 32.4673)	(81, 32.2943)	(82, 32.1171)	(83, 31.9776)	(84, 31.8162)	(85, 31.6448)	(86, 31.5115)	(87, 31.3792)	(88, 31.2291)	(89, 31.104)	(90, 30.9627)	(91, 30.821)	(92, 30.6848)	(93, 30.5671)	(94, 30.4223)	(95, 30.2831)	(96, 30.1367)	(97, 29.9613)	(98, 29.7915)	(99, 29.6032)	(100, 29.3945)	
NA06989	(1, 38.1492)	(2, 37.9006)	(3, 37.8717)	(4, 37.8486)	(5, 37.7979)	(6, 37.869)	(7, 37.8033)	(8, 37.7551)	(9, 37.6717)	(10, 37.5643)	(11, 37.4991)	(12, 37.4503)	(13, 37.3483)	(14, 37.2642)	(15, 37.3748)	(16, 37.32)	(17, 37.1885)	(18, 37.1752)	(19, 37.08)	(20, 37.0586)	(21, 36.9292)	(22, 36.9057)	(23, 36.8877)	(24, 36.7755)	(25, 36.6791)	(26, 36.6927)	(27, 36.4428)	(28, 36.3943)	(29, 36.3536)	(30, 36.2977)	(31, 36.1655)	(32, 36.0388)	(33, 35.9202)	(34, 35.7524)	(35, 35.626)	(36, 35.6032)	(37, 35.4192)	(38, 35.2796)	(39, 35.0457)	(40, 35.0319)	(41, 34.7301)	(42, 34.6086)	(43, 34.4492)	(44, 34.2866)	(45, 33.7328)	(46, 33.468)	(47, 33.1407)	(48, 32.7864)	(49, 32.8067)	(50, 32.4533)	(51, 33.9536)	(52, 33.899)	(53, 33.627)	(54, 33.4633)	(55, 33.2631)	(56, 33.4572)	(57, 33.0857)	(58, 32.8227)	(59, 32.5445)	(60, 32.0086)	(61, 31.5291)	(62, 30.9516)	(63, 30.8519)	(64, 30.6284)	(65, 30.2455)	(66, 29.4764)	(67, 29.0488)	(68, 28.5103)	(69, 28.208)	(70, 27.6886)	(71, 26.9434)	(72, 26.4942)	(73, 26.0158)	(74, 25.657)	(75, 25.1754)	(76, 23.9639)																									
NA18488	(1, 34.1888)	(2, 33.8433)	(3, 33.7625)	(4, 33.6941)	(5, 33.6603)	(6, 33.5524)	(7, 33.4407)	(8, 33.363)	(9, 33.2938)	(10, 33.1933)	(11, 33.1047)	(12, 33.0005)	(13, 32.9222)	(14, 32.816)	(15, 32.728)	(16, 32.5851)	(17, 32.4599)	(18, 32.3644)	(19, 32.4127)	(20, 32.3121)	(21, 32.2553)	(22, 32.1321)	(23, 32.0346)	(24, 32.0417)	(25, 31.9342)	(26, 31.9155)	(27, 31.7937)	(28, 31.6792)	(29, 31.5771)	(30, 31.405)	(31, 31.3463)	(32, 31.1507)	(33, 31.0423)	(34, 30.9025)	(35, 30.7899)	(36, 30.5924)	(37, 30.4335)	(38, 30.2718)	(39, 30.1261)	(40, 29.9722)	(41, 29.7897)	(42, 29.5693)	(43, 29.4174)	(44, 29.2541)	(45, 29.0759)	(46, 28.6502)	(47, 28.4757)	(48, 28.2639)	(49, 28.1025)	(50, 27.9204)	(51, 28.8648)	(52, 28.7222)	(53, 28.589)	(54, 28.4405)	(55, 28.283)	(56, 28.4535)	(57, 28.2441)	(58, 28.0071)	(59, 27.808)	(60, 27.5674)	(61, 27.1712)	(62, 26.8634)	(63, 26.6119)	(64, 26.3611)	(65, 26.064)	(66, 25.5853)	(67, 25.274)	(68, 24.9917)	(69, 24.6591)	(70, 24.4475)	(71, 23.6913)	(72, 23.3369)	(73, 23.0091)	(74, 22.5783)	(75, 21.9243)	(76, 20.3252)																									
NA18498	(1, 35.1464)	(2, 34.6667)	(3, 34.5753)	(4, 34.5331)	(5, 34.5105)	(6, 34.4406)	(7, 34.3515)	(8, 34.3222)	(9, 34.2722)	(10, 34.2054)	(11, 34.1883)	(12, 34.1157)	(13, 34.0676)	(14, 33.9941)	(15, 33.9479)	(16, 33.778)	(17, 33.6875)	(18, 33.6201)	(19, 33.5532)	(20, 32.8018)	(21, 27.9378)	(22, 33.2206)	(23, 33.1105)	(24, 33.1584)	(25, 33.1029)	(26, 33.1524)	(27, 33.1554)	(28, 33.0418)	(29, 32.9977)	(30, 32.8716)	(31, 32.8884)	(32, 32.7651)	(33, 32.6733)	(34, 32.584)	(35, 32.4853)	(36, 32.3966)	(37, 32.2456)	(38, 32.1539)	(39, 32.0517)	(40, 31.9306)	(41, 31.798)	(42, 31.621)	(43, 31.5038)	(44, 31.3966)	(45, 31.2547)	(46, 30.8387)	(47, 30.6569)	(48, 30.5419)	(49, 30.3821)	(50, 30.2551)	(51, 31.3004)	(52, 31.2159)	(53, 31.1228)	(54, 31.0371)	(55, 30.9466)	(56, 31.2897)	(57, 31.1434)	(58, 31.0271)	(59, 30.906)	(60, 30.7698)	(61, 30.4782)	(62, 30.285)	(63, 30.1112)	(64, 29.9351)	(65, 29.7555)	(66, 29.3799)	(67, 29.1683)	(68, 28.9713)	(69, 28.7325)	(70, 28.4799)	(71, 27.9898)	(72, 27.7342)	(73, 27.4701)	(74, 27.1897)	(75, 26.8753)	(76, 25.0644)																									
NA18499	(1, 38.3286)	(2, 38.1188)	(3, 38.0698)	(4, 38.0454)	(5, 37.9737)	(6, 38.0438)	(7, 37.9961)	(8, 37.9348)	(9, 37.9252)	(10, 37.8517)	(11, 37.8311)	(12, 37.8201)	(13, 37.7365)	(14, 37.7282)	(15, 37.682)	(16, 37.5846)	(17, 37.5207)	(18, 37.4722)	(19, 37.4205)	(20, 37.3721)	(21, 37.2323)	(22, 37.1531)	(23, 37.0421)	(24, 37.0196)	(25, 36.9413)	(26, 37.161)	(27, 37.1025)	(28, 36.9764)	(29, 36.949)	(30, 36.7975)	(31, 36.9881)	(32, 36.8558)	(33, 36.8146)	(34, 36.6865)	(35, 36.6012)	(36, 36.5106)	(37, 36.401)	(38, 36.3077)	(39, 36.3093)	(40, 36.1317)	(41, 36.0392)	(42, 35.8304)	(43, 35.8154)	(44, 35.5605)	(45, 35.553)	(46, 35.3607)	(47, 35.1117)	(48, 34.9548)	(49, 34.8316)	(50, 34.6914)	(51, 35.7177)	(52, 35.5247)	(53, 35.3246)	(54, 35.1625)	(55, 34.8664)	(56, 34.9099)	(57, 34.6256)	(58, 34.3302)	(59, 34.1431)	(60, 33.8318)	(61, 33.4537)	(62, 33.2325)	(63, 32.9561)	(64, 32.7744)	(65, 32.4318)	(66, 31.8088)	(67, 31.4792)	(68, 31.1768)	(69, 30.817)	(70, 30.3982)	(71, 29.7088)	(72, 29.2813)	(73, 28.9146)	(74, 28.4215)	(75, 28.0077)	(76, 26.9719)																									
NA18530	(1, 36.3078)	(2, 36.038)	(3, 35.9668)	(4, 35.9379)	(5, 35.9333)	(6, 35.8873)	(7, 35.8146)	(8, 35.7814)	(9, 35.7482)	(10, 35.698)	(11, 35.6809)	(12, 35.6252)	(13, 35.5508)	(14, 35.4926)	(15, 35.4223)	(16, 35.3469)	(17, 35.2623)	(18, 35.1755)	(19, 35.1349)	(20, 35.079)	(21, 34.9766)	(22, 34.87)	(23, 34.817)	(24, 34.7402)	(25, 34.6521)	(26, 34.5341)	(27, 34.4261)	(28, 34.3489)	(29, 34.2583)	(30, 34.1689)	(31, 34.547)	(32, 34.4334)	(33, 34.3518)	(34, 34.3123)	(35, 34.2033)	(36, 34.3327)	(37, 34.2044)	(38, 34.0936)	(39, 33.9803)	(40, 33.9106)	(41, 33.8517)	(42, 33.6936)	(43, 33.6298)	(44, 33.5011)	(45, 33.4187)	(46, 33.1885)	(47, 33.0378)	(48, 32.9264)	(49, 32.8827)	(50, 32.7225)	(51, 33.2862)	(52, 33.1903)	(53, 33.1178)	(54, 33.0108)	(55, 32.9367)	(56, 33.2432)	(57, 33.1156)	(58, 33.0061)	(59, 32.9013)	(60, 32.7752)	(61, 32.6717)	(62, 32.5334)	(63, 32.4112)	(64, 32.3142)	(65, 32.1387)	(66, 31.9943)	(67, 31.8398)	(68, 31.6912)	(69, 31.5436)	(70, 31.3837)	(71, 31.195)	(72, 30.9716)	(73, 30.8232)	(74, 30.6782)	(75, 30.461)	(76, 30.2394)	(77, 30.0175)	(78, 29.799)	(79, 29.62)	(80, 29.385)	(81, 29.1125)	(82, 28.8564)	(83, 28.6123)	(84, 28.371)	(85, 28.0994)	(86, 27.7244)	(87, 27.4009)	(88, 27.1585)	(89, 26.9102)	(90, 26.6432)											
NA18946	(1, 32.3294)	(2, 32.3959)	(3, 32.531)	(4, 35.8297)	(5, 35.8791)	(6, 35.9102)	(7, 35.9128)	(8, 35.848)	(9, 37.6262)	(10, 37.5829)	(11, 37.4418)	(12, 37.6115)	(13, 37.5508)	(14, 39.0195)	(15, 38.9866)	(16, 39.0175)	(17, 38.8267)	(18, 38.8564)	(19, 39.0014)	(20, 38.9174)	(21, 38.8378)	(22, 38.7663)	(23, 38.9461)	(24, 38.7865)	(25, 38.6342)	(26, 38.8366)	(27, 38.7427)	(28, 38.7127)	(29, 38.7162)	(30, 38.6873)	(31, 38.6481)	(32, 38.647)	(33, 38.6571)	(34, 38.6244)	(35, 38.5585)	(36, 38.4921)	(37, 38.3644)	(38, 38.3559)	(39, 38.332)	(40, 38.0273)	(41, 38.1802)	(42, 37.6845)	(43, 37.9985)	(44, 38.0461)	(45, 38.0136)	(46, 37.9234)	(47, 37.8263)	(48, 37.5658)	(49, 37.399)	(50, 37.4177)	(51, 34.3322)	(52, 35.7003)	(53, 36.595)	(54, 37.0429)	(55, 37.2096)	(56, 37.1047)	(57, 37.284)	(58, 37.3693)	(59, 37.3661)	(60, 37.0972)	(61, 37.0608)	(62, 36.8601)	(63, 36.5791)	(64, 36.5398)	(65, 36.3281)	(66, 36.2499)	(67, 36.1296)	(68, 35.9111)	(69, 35.781)	(70, 35.5893)	(71, 35.4223)	(72, 35.1415)	(73, 34.8117)	(74, 34.7198)	(75, 34.5176)	(76, 34.3414)	(77, 34.1043)	(78, 34.0532)	(79, 33.8015)	(80, 33.6868)	(81, 33.4933)	(82, 33.2932)	(83, 33.0861)	(84, 32.8944)	(85, 32.5399)	(86, 32.4349)	(87, 32.1861)	(88, 32.0618)	(89, 31.9792)	(90, 31.9323)	(91, 31.8307)	(92, 31.7072)	(93, 31.4816)	(94, 31.1315)	(95, 31.0086)	(96, 30.8654)	(97, 30.5584)	(98, 30.2592)	(99, 30.0997)	(100, 29.4972)	(101, 25.6885)
NA19001	(1, 32.5195)	(2, 32.7407)	(3, 32.624)	(4, 36.0506)	(5, 36.1402)	(6, 36.136)	(7, 36.1661)	(8, 36.2038)	(9, 37.9089)	(10, 37.9611)	(11, 37.9804)	(12, 37.9993)	(13, 37.9337)	(14, 39.4269)	(15, 39.4313)	(16, 39.1931)	(17, 39.3916)	(18, 39.3981)	(19, 39.3504)	(20, 39.331)	(21, 39.2916)	(22, 39.319)	(23, 39.25)	(24, 39.2204)	(25, 39.2174)	(26, 39.0199)	(27, 38.9795)	(28, 39.1003)	(29, 38.881)	(30, 38.9448)	(31, 38.9811)	(32, 39.0171)	(33, 38.9996)	(34, 38.9582)	(35, 38.9316)	(36, 38.6205)	(37, 38.5449)	(38, 38.7391)	(39, 38.5034)	(40, 38.4597)	(41, 38.3968)	(42, 38.4243)	(43, 38.2271)	(44, 38.3656)	(45, 38.3023)	(46, 38.153)	(47, 38.2394)	(48, 38.253)	(49, 38.1406)	(50, 38.2091)	(51, 35.8839)	(52, 36.9093)	(53, 37.6279)	(54, 37.9668)	(55, 37.9453)	(56, 37.785)	(57, 37.4783)	(58, 37.4581)	(59, 37.4141)	(60, 37.3473)	(61, 37.0653)	(62, 37.2207)	(63, 36.9566)	(64, 37.0025)	(65, 36.9143)	(66, 37.0154)	(67, 36.8284)	(68, 36.7416)	(69, 36.6692)	(70, 36.5162)	(71, 36.3601)	(72, 36.0964)	(73, 35.7842)	(74, 35.7065)	(75, 35.599)	(76, 35.2631)	(77, 35.0387)	(78, 34.6489)	(79, 34.5171)	(80, 34.4268)	(81, 34.2483)	(82, 33.8977)	(83, 33.4788)	(84, 33.6221)	(85, 33.3457)	(86, 33.3293)	(87, 33.4437)	(88, 33.4426)	(89, 33.3896)	(90, 33.2849)	(91, 33.1612)	(92, 33.0399)	(93, 32.8102)	(94, 32.5028)	(95, 32.4324)	(96, 32.2222)	(97, 32.164)	(98, 31.9984)	(99, 31.7435)	(100, 31.6885)	(101, 30.4976)
NA19020	(1, 31.702)	(2, 31.7887)	(3, 31.8598)	(4, 35.4306)	(5, 35.3969)	(6, 35.4368)	(7, 35.4465)	(8, 35.4882)	(9, 37.0653)	(10, 37.0244)	(11, 36.9608)	(12, 36.8437)	(13, 36.7717)	(14, 37.982)	(15, 37.937)	(16, 38.0584)	(17, 38.0161)	(18, 37.9832)	(19, 38.0099)	(20, 37.9447)	(21, 37.935)	(22, 37.8515)	(23, 37.8999)	(24, 37.9478)	(25, 37.9041)	(26, 37.8605)	(27, 37.7811)	(28, 37.8342)	(29, 37.7802)	(30, 37.7603)	(31, 37.7279)	(32, 37.676)	(33, 37.6545)	(34, 37.4701)	(35, 37.3967)	(36, 37.3194)	(37, 37.1861)	(38, 37.1249)	(39, 37.0166)	(40, 36.9518)	(41, 36.8939)	(42, 36.8485)	(43, 36.7275)	(44, 36.756)	(45, 36.6516)	(46, 36.5368)	(47, 36.4475)	(48, 36.389)	(49, 36.2765)	(50, 36.155)	(51, 33.3952)	(52, 34.4849)	(53, 35.2698)	(54, 35.5801)	(55, 35.5223)	(56, 35.3484)	(57, 35.2164)	(58, 35.1136)	(59, 34.9466)	(60, 35.0225)	(61, 34.9461)	(62, 34.8639)	(63, 34.7761)	(64, 34.7008)	(65, 34.596)	(66, 34.4728)	(67, 34.2859)	(68, 34.1286)	(69, 33.9357)	(70, 33.7466)	(71, 33.5606)	(72, 33.3184)	(73, 33.0548)	(74, 32.7844)	(75, 32.5598)	(76, 32.3059)	(77, 32.0044)	(78, 31.7592)	(79, 31.5282)	(80, 31.3422)	(81, 31.2132)	(82, 31.1155)	(83, 30.9308)	(84, 30.8245)	(85, 30.6276)	(86, 30.4093)	(87, 30.1969)	(88, 30.0172)	(89, 29.8103)	(90, 29.6293)	(91, 29.4021)	(92, 29.1887)	(93, 28.8261)	(94, 28.4869)	(95, 28.1731)	(96, 27.7728)	(97, 27.3025)	(98, 26.7673)	(99, 26.0766)	(100, 24.2113)	(101, 17.0671)
NA19922	(1, 32.2686)	(2, 32.4574)	(3, 32.4705)	(4, 35.7958)	(5, 35.7379)	(6, 35.6721)	(7, 35.6144)	(8, 35.5443)	(9, 37.2496)	(10, 37.2688)	(11, 37.2536)	(12, 37.1916)	(13, 37.1995)	(14, 38.6957)	(15, 38.7155)	(16, 38.7255)	(17, 38.6101)	(18, 38.699)	(19, 38.7815)	(20, 38.6766)	(21, 38.7106)	(22, 38.7114)	(23, 38.7073)	(24, 38.7003)	(25, 38.6283)	(26, 38.5661)	(27, 38.5037)	(28, 38.3979)	(29, 38.484)	(30, 38.466)	(31, 38.4073)	(32, 38.3944)	(33, 38.353)	(34, 38.3132)	(35, 38.2992)	(36, 38.3074)	(37, 38.2806)	(38, 38.2067)	(39, 38.1898)	(40, 38.1704)	(41, 38.1121)	(42, 38.0585)	(43, 38.0221)	(44, 37.9615)	(45, 37.8891)	(46, 37.808)	(47, 37.6979)	(48, 37.6251)	(49, 37.5102)	(50, 37.4356)	(51, 35.9715)	(52, 36.4703)	(53, 37.0552)	(54, 37.2636)	(55, 37.3285)	(56, 37.3115)	(57, 37.2367)	(58, 37.1586)	(59, 37.049)	(60, 36.9563)	(61, 36.8231)	(62, 36.7019)	(63, 36.5436)	(64, 36.386)	(65, 36.2332)	(66, 36.0617)	(67, 35.8889)	(68, 35.7151)	(69, 35.5444)	(70, 35.3592)	(71, 35.1566)	(72, 34.8765)	(73, 34.742)	(74, 34.6233)	(75, 34.4258)	(76, 34.2679)	(77, 34.0883)	(78, 33.9094)	(79, 33.7203)	(80, 33.5484)	(81, 33.3469)	(82, 33.1759)	(83, 32.997)	(84, 32.8334)	(85, 32.6561)	(86, 32.483)	(87, 32.3457)	(88, 32.1978)	(89, 32.0472)	(90, 31.9293)	(91, 31.7947)	(92, 31.6705)	(93, 31.5327)	(94, 31.3891)	(95, 31.2571)	(96, 31.1172)	(97, 30.969)	(98, 30.7988)	(99, 30.5879)	(100, 30.3277)	(101, 27.3868)
NA20274	(1, 29.3512)	(2, 29.5846)	(3, 29.6659)	(4, 32.7754)	(5, 32.9546)	(6, 32.738)	(7, 33.0239)	(8, 33.19)	(9, 34.3128)	(10, 34.2024)	(11, 34.1743)	(12, 34.1179)	(13, 34.1258)	(14, 34.8857)	(15, 34.8562)	(16, 34.7793)	(17, 34.5716)	(18, 34.6816)	(19, 34.7328)	(20, 34.5249)	(21, 34.5056)	(22, 34.3645)	(23, 34.4105)	(24, 34.2648)	(25, 34.0069)	(26, 33.9628)	(27, 33.7636)	(28, 33.6294)	(29, 33.6208)	(30, 33.5755)	(31, 33.4836)	(32, 33.322)	(33, 33.1091)	(34, 32.7902)	(35, 32.6573)	(36, 32.3912)	(37, 32.4559)	(38, 32.5141)	(39, 32.8267)	(40, 32.8706)	(41, 32.8033)	(42, 32.7712)	(43, 32.6655)	(44, 32.6989)	(45, 32.5283)	(46, 32.4045)	(47, 32.258)	(48, 32.074)	(49, 31.9358)	(50, 31.6494)	(51, 30.907)	(52, 31.2967)	(53, 31.3712)	(54, 31.3915)	(55, 31.1998)	(56, 31.0346)	(57, 30.9071)	(58, 30.7934)	(59, 30.4985)	(60, 30.3851)	(61, 30.3007)	(62, 30.1542)	(63, 29.8875)	(64, 29.6641)	(65, 29.3986)	(66, 29.1428)	(67, 28.9761)	(68, 28.6905)	(69, 28.5324)	(70, 28.2752)	(71, 28.017)	(72, 27.7761)	(73, 27.5623)	(74, 27.3269)	(75, 26.9696)	(76, 26.706)	(77, 26.472)	(78, 26.2134)	(79, 25.9138)	(80, 25.6034)	(81, 25.3328)	(82, 25.1346)	(83, 24.919)	(84, 24.7085)	(85, 24.4552)	(86, 24.2294)	(87, 24.0145)	(88, 23.7118)	(89, 23.5105)	(90, 23.1973)	(91, 22.956)	(92, 22.7471)	(93, 22.4477)	(94, 22.1403)	(95, 21.7732)	(96, 21.4279)	(97, 21.1064)	(98, 20.7456)	(99, 20.4098)	(100, 20.0254)	
NA20342	(1, 39.1258)	(2, 39.0211)	(3, 39.0024)	(4, 39.0061)	(5, 39.0104)	(6, 38.9998)	(7, 38.9464)	(8, 38.9158)	(9, 38.904)	(10, 38.8883)	(11, 38.9023)	(12, 38.8624)	(13, 38.8407)	(14, 38.8197)	(15, 38.8002)	(16, 38.8039)	(17, 38.7662)	(18, 38.7333)	(19, 38.7106)	(20, 38.6952)	(21, 38.6554)	(22, 38.5967)	(23, 38.5756)	(24, 38.5474)	(25, 38.5196)	(26, 38.5045)	(27, 38.4441)	(28, 38.3997)	(29, 38.3676)	(30, 38.3302)	(31, 38.294)	(32, 38.228)	(33, 38.1832)	(34, 38.1401)	(35, 38.1059)	(36, 38.0808)	(37, 38.0061)	(38, 37.9388)	(39, 37.8958)	(40, 37.8534)	(41, 37.8313)	(42, 37.9296)	(43, 37.898)	(44, 37.8084)	(45, 37.7869)	(46, 37.8542)	(47, 37.79)	(48, 37.7476)	(49, 37.6707)	(50, 37.6026)	(51, 37.5816)	(52, 37.4994)	(53, 37.4916)	(54, 37.4306)	(55, 37.3638)	(56, 37.3855)	(57, 37.2772)	(58, 37.1908)	(59, 37.1488)	(60, 37.0505)	(61, 37.0305)	(62, 36.9076)	(63, 36.8431)	(64, 36.773)	(65, 36.689)	(66, 36.6136)	(67, 36.493)	(68, 36.424)	(69, 36.3405)	(70, 36.2657)	(71, 36.1956)	(72, 36.0784)	(73, 35.9323)	(74, 35.8478)	(75, 35.7385)	(76, 35.6239)	(77, 35.4827)	(78, 35.356)	(79, 35.2014)	(80, 35.0796)	(81, 34.9161)	(82, 34.7624)	(83, 34.5995)	(84, 34.4631)	(85, 34.3265)	(86, 34.0955)	(87, 33.9335)	(88, 33.7588)	(89, 33.6027)	(90, 33.4146)	(91, 33.1819)	(92, 32.9737)	(93, 32.7997)	(94, 32.6774)	(95, 32.4239)	(96, 31.9925)	(97, 31.7444)	(98, 31.5321)	(99, 30.9269)	(100, 31.0294)	
NA20351	(1, 32.1786)	(2, 32.4105)	(3, 32.4682)	(4, 35.7953)	(5, 35.7295)	(6, 35.7053)	(7, 35.6722)	(8, 35.4909)	(9, 37.1689)	(10, 37.1283)	(11, 37.1145)	(12, 37.1088)	(13, 37.0927)	(14, 38.5801)	(15, 38.5939)	(16, 38.6083)	(17, 38.5909)	(18, 38.6195)	(19, 38.7388)	(20, 38.7164)	(21, 38.7086)	(22, 38.7224)	(23, 38.6765)	(24, 38.6899)	(25, 38.6577)	(26, 38.5694)	(27, 38.4927)	(28, 38.4096)	(29, 38.3519)	(30, 38.4298)	(31, 38.3946)	(32, 38.3933)	(33, 38.3846)	(34, 38.3549)	(35, 38.3214)	(36, 38.3187)	(37, 38.3034)	(38, 38.2362)	(39, 38.214)	(40, 38.199)	(41, 38.1289)	(42, 38.0485)	(43, 38.0132)	(44, 37.9549)	(45, 37.8919)	(46, 37.7991)	(47, 37.6876)	(48, 37.6029)	(49, 37.5229)	(50, 37.4362)	(51, 35.9445)	(52, 36.454)	(53, 36.8278)	(54, 36.9782)	(55, 37.1597)	(56, 37.1937)	(57, 37.164)	(58, 37.105)	(59, 37.0021)	(60, 36.8953)	(61, 36.7866)	(62, 36.657)	(63, 36.4996)	(64, 36.3342)	(65, 36.178)	(66, 36.0156)	(67, 35.8342)	(68, 35.6726)	(69, 35.5028)	(70, 35.3083)	(71, 35.1414)	(72, 34.9178)	(73, 34.7672)	(74, 34.5952)	(75, 34.3757)	(76, 34.1993)	(77, 34.0186)	(78, 33.8234)	(79, 33.6471)	(80, 33.4742)	(81, 33.2793)	(82, 33.0978)	(83, 32.8892)	(84, 32.7235)	(85, 32.5795)	(86, 32.4435)	(87, 32.3036)	(88, 32.1541)	(89, 32.016)	(90, 31.8994)	(91, 31.7625)	(92, 31.6372)	(93, 31.5079)	(94, 31.361)	(95, 31.224)	(96, 31.0608)	(97, 30.8955)	(98, 30.7218)	(99, 30.4957)	(100, 30.216)	(101, 27.2253)
NA20355	(1, 29.6321)	(2, 29.5695)	(3, 29.5288)	(4, 32.8123)	(5, 32.9312)	(6, 32.9548)	(7, 33.0508)	(8, 32.9274)	(9, 34.1984)	(10, 34.0278)	(11, 34.0946)	(12, 34.0138)	(13, 33.8697)	(14, 34.716)	(15, 34.6496)	(16, 34.7697)	(17, 34.6061)	(18, 34.5451)	(19, 34.4801)	(20, 34.2946)	(21, 34.1598)	(22, 34.2628)	(23, 34.1138)	(24, 34.188)	(25, 34.0164)	(26, 33.9274)	(27, 33.7842)	(28, 33.6371)	(29, 33.5001)	(30, 33.3473)	(31, 33.2146)	(32, 33.1722)	(33, 33.0506)	(34, 32.7859)	(35, 32.4845)	(36, 32.3791)	(37, 32.32)	(38, 32.5859)	(39, 32.73)	(40, 32.7447)	(41, 32.6987)	(42, 32.6164)	(43, 32.5319)	(44, 32.3871)	(45, 32.2262)	(46, 31.9133)	(47, 31.8052)	(48, 31.7438)	(49, 31.5001)	(50, 31.3138)	(51, 30.4019)	(52, 30.8589)	(53, 31.0885)	(54, 31.0783)	(55, 30.9661)	(56, 30.7967)	(57, 30.5677)	(58, 30.5266)	(59, 30.2232)	(60, 30.07)	(61, 29.9817)	(62, 29.6947)	(63, 29.4487)	(64, 29.2598)	(65, 29.0598)	(66, 28.8939)	(67, 28.6069)	(68, 28.4174)	(69, 28.1336)	(70, 27.8973)	(71, 27.6418)	(72, 27.5144)	(73, 27.2567)	(74, 26.9783)	(75, 26.8223)	(76, 26.6209)	(77, 26.3284)	(78, 26.0986)	(79, 25.8531)	(80, 25.5448)	(81, 25.297)	(82, 25.1123)	(83, 24.894)	(84, 24.5994)	(85, 24.3267)	(86, 24.1326)	(87, 23.8953)	(88, 23.6668)	(89, 23.383)	(90, 23.0901)	(91, 22.8912)	(92, 22.5905)	(93, 22.3054)	(94, 22.0671)	(95, 21.7937)	(96, 21.4258)	(97, 21.0294)	(98, 20.6656)	(99, 20.2785)	(100, 19.8671)	
NA20503	(1, 31.1733)	(2, 31.3791)	(3, 31.4301)	(4, 34.8902)	(5, 34.8298)	(6, 34.843)	(7, 34.766)	(8, 34.7435)	(9, 36.0822)	(10, 36.0255)	(11, 36.0771)	(12, 36.0851)	(13, 36.0552)	(14, 37.2643)	(15, 37.2493)	(16, 37.195)	(17, 37.1919)	(18, 37.1362)	(19, 37.2487)	(20, 37.225)	(21, 37.2012)	(22, 37.1685)	(23, 37.0566)	(24, 37.0327)	(25, 36.8612)	(26, 36.7877)	(27, 36.8287)	(28, 36.7983)	(29, 36.7975)	(30, 36.7659)	(31, 36.6929)	(32, 36.6528)	(33, 36.5741)	(34, 36.4687)	(35, 36.4313)	(36, 36.3447)	(37, 36.2631)	(38, 36.2023)	(39, 36.1553)	(40, 36.1486)	(41, 36.1845)	(42, 36.323)	(43, 36.3809)	(44, 36.3747)	(45, 36.2495)	(46, 36.131)	(47, 36.0046)	(48, 35.8764)	(49, 35.7378)	(50, 35.6221)	(51, 33.9622)	(52, 34.5777)	(53, 35.0202)	(54, 35.2194)	(55, 35.2467)	(56, 35.2026)	(57, 35.1276)	(58, 35.0463)	(59, 34.9471)	(60, 34.8496)	(61, 34.7419)	(62, 34.6675)	(63, 34.567)	(64, 34.4285)	(65, 34.2984)	(66, 34.1608)	(67, 33.9969)	(68, 33.8134)	(69, 33.6348)	(70, 33.4139)	(71, 33.2111)	(72, 32.9966)	(73, 32.798)	(74, 32.5918)	(75, 32.3888)	(76, 32.169)	(77, 31.9822)	(78, 31.7942)	(79, 31.6167)	(80, 31.412)	(81, 31.2553)	(82, 31.0626)	(83, 30.8729)	(84, 30.6924)	(85, 30.5572)	(86, 30.4129)	(87, 30.2548)	(88, 30.0614)	(89, 29.8645)	(90, 29.669)	(91, 29.4548)	(92, 29.2168)	(93, 29.0276)	(94, 28.8314)	(95, 28.6225)	(96, 28.4213)	(97, 28.2185)	(98, 27.9664)	(99, 27.7221)	(100, 27.4361)	(101, 25.0875)
NA20507	(1, 32.0327)	(2, 32.2152)	(3, 32.2457)	(4, 35.6774)	(5, 35.6313)	(6, 35.6551)	(7, 35.6275)	(8, 35.625)	(9, 37.274)	(10, 37.254)	(11, 37.242)	(12, 37.2411)	(13, 37.2159)	(14, 38.5703)	(15, 38.5086)	(16, 38.4346)	(17, 38.3957)	(18, 38.3431)	(19, 38.3406)	(20, 38.2637)	(21, 38.1879)	(22, 38.1269)	(23, 38.2503)	(24, 38.2805)	(25, 38.2218)	(26, 38.2028)	(27, 38.1821)	(28, 38.1384)	(29, 38.1226)	(30, 38.088)	(31, 38.0558)	(32, 38.023)	(33, 37.9348)	(34, 37.8859)	(35, 37.8165)	(36, 37.758)	(37, 37.6908)	(38, 37.6393)	(39, 37.5611)	(40, 37.4866)	(41, 37.4042)	(42, 37.3282)	(43, 37.23)	(44, 37.1562)	(45, 37.0567)	(46, 36.9716)	(47, 36.8734)	(48, 36.7877)	(49, 36.7185)	(50, 36.6448)	(51, 33.7885)	(52, 34.9509)	(53, 35.7067)	(54, 36.2591)	(55, 36.3816)	(56, 36.4144)	(57, 36.3446)	(58, 36.2392)	(59, 36.1256)	(60, 36.0045)	(61, 35.8632)	(62, 35.7073)	(63, 35.5577)	(64, 35.4077)	(65, 35.2223)	(66, 35.0372)	(67, 34.8715)	(68, 34.7172)	(69, 34.5313)	(70, 34.3442)	(71, 34.1592)	(72, 33.99)	(73, 33.7803)	(74, 33.6012)	(75, 33.4079)	(76, 33.2229)	(77, 33.0386)	(78, 32.8407)	(79, 32.6317)	(80, 32.4762)	(81, 32.3113)	(82, 32.1439)	(83, 31.9628)	(84, 31.8016)	(85, 31.6277)	(86, 31.5223)	(87, 31.472)	(88, 31.3757)	(89, 31.2509)	(90, 31.1315)	(91, 30.975)	(92, 30.822)	(93, 30.6684)	(94, 30.5278)	(95, 30.3492)	(96, 30.1467)	(97, 29.9079)	(98, 29.6951)	(99, 29.4152)	(100, 28.9188)	(101, 25.217)
NA20511	(1, 29.7009)	(2, 29.6275)	(3, 29.585)	(4, 32.8562)	(5, 32.9894)	(6, 33.0162)	(7, 33.1171)	(8, 32.9869)	(9, 34.2821)	(10, 34.1054)	(11, 34.187)	(12, 34.0988)	(13, 33.973)	(14, 34.8349)	(15, 34.7669)	(16, 34.8898)	(17, 34.7264)	(18, 34.6683)	(19, 34.6127)	(20, 34.4363)	(21, 34.2979)	(22, 34.4084)	(23, 34.2641)	(24, 34.3524)	(25, 34.1874)	(26, 34.1107)	(27, 33.9738)	(28, 33.8311)	(29, 33.6976)	(30, 33.5483)	(31, 33.4115)	(32, 33.38)	(33, 33.2722)	(34, 33.0194)	(35, 32.7124)	(36, 32.6111)	(37, 32.5657)	(38, 32.8258)	(39, 32.9727)	(40, 32.9887)	(41, 32.9485)	(42, 32.8721)	(43, 32.7943)	(44, 32.6551)	(45, 32.4997)	(46, 32.1792)	(47, 32.0831)	(48, 32.0363)	(49, 31.8)	(50, 31.627)	(51, 30.7177)	(52, 31.1884)	(53, 31.4309)	(54, 31.4307)	(55, 31.3324)	(56, 31.175)	(57, 30.9535)	(58, 30.9289)	(59, 30.633)	(60, 30.502)	(61, 30.4263)	(62, 30.1432)	(63, 29.9092)	(64, 29.7299)	(65, 29.5382)	(66, 29.3871)	(67, 29.1062)	(68, 28.9315)	(69, 28.6543)	(70, 28.4296)	(71, 28.1823)	(72, 28.0667)	(73, 27.8104)	(74, 27.5347)	(75, 27.3877)	(76, 27.19)	(77, 26.9028)	(78, 26.6778)	(79, 26.4304)	(80, 26.1172)	(81, 25.8678)	(82, 25.6873)	(83, 25.4717)	(84, 25.1804)	(85, 24.9061)	(86, 24.7131)	(87, 24.478)	(88, 24.2507)	(89, 23.9707)	(90, 23.6756)	(91, 23.4875)	(92, 23.1863)	(93, 22.9108)	(94, 22.683)	(95, 22.4233)	(96, 22.0676)	(97, 21.686)	(98, 21.3362)	(99, 20.962)	(100, 20.5639)	
NA20864	(1, 31.9589)	(2, 32.125)	(3, 32.1893)	(4, 35.5717)	(5, 35.543)	(6, 35.5529)	(7, 35.5354)	(8, 35.5024)	(9, 37.114)	(10, 37.0671)	(11, 37.012)	(12, 36.9788)	(13, 36.9134)	(14, 38.2192)	(15, 38.1459)	(16, 38.0591)	(17, 37.9722)	(18, 37.8995)	(19, 37.9678)	(20, 37.8978)	(21, 37.83)	(22, 37.7631)	(23, 37.8129)	(24, 37.8662)	(25, 37.8573)	(26, 37.8135)	(27, 37.7551)	(28, 37.6908)	(29, 37.6223)	(30, 37.5377)	(31, 37.4816)	(32, 37.4164)	(33, 37.3492)	(34, 37.2519)	(35, 37.1463)	(36, 37.0836)	(37, 36.9615)	(38, 36.8629)	(39, 36.7938)	(40, 36.6916)	(41, 36.572)	(42, 36.4069)	(43, 36.3133)	(44, 36.1841)	(45, 36.0823)	(46, 35.933)	(47, 35.785)	(48, 35.6192)	(49, 35.4896)	(50, 35.3282)	(51, 33.9394)	(52, 34.4603)	(53, 34.8087)	(54, 34.9404)	(55, 34.8867)	(56, 34.7629)	(57, 34.6015)	(58, 34.4042)	(59, 34.1996)	(60, 33.9367)	(61, 33.6668)	(62, 33.4269)	(63, 33.1543)	(64, 32.8836)	(65, 32.6063)	(66, 32.3012)	(67, 32.0167)	(68, 31.7875)	(69, 31.4918)	(70, 31.3341)	(71, 31.0776)	(72, 30.7795)	(73, 30.4486)	(74, 30.1869)	(75, 29.8608)	(76, 29.5255)	(77, 29.1486)	(78, 28.8395)	(79, 28.5041)	(80, 28.0813)	(81, 27.7321)	(82, 27.385)	(83, 26.8623)	(84, 26.4793)	(85, 26.0883)	(86, 25.6429)	(87, 25.1323)	(88, 24.6252)	(89, 24.0704)	(90, 23.2874)											
NA21092	(1, 38.8429)	(2, 38.6449)	(3, 38.6104)	(4, 38.6058)	(5, 38.5882)	(6, 38.5873)	(7, 38.5226)	(8, 38.4815)	(9, 38.448)	(10, 38.406)	(11, 38.4082)	(12, 38.343)	(13, 38.2961)	(14, 38.2451)	(15, 38.1965)	(16, 38.1624)	(17, 38.0789)	(18, 38.0177)	(19, 37.9586)	(20, 37.9064)	(21, 37.8445)	(22, 37.7359)	(23, 37.6505)	(24, 37.5817)	(25, 37.5226)	(26, 37.4679)	(27, 37.3572)	(28, 37.2638)	(29, 37.4312)	(30, 37.3698)	(31, 37.4186)	(32, 37.3102)	(33, 37.2176)	(34, 37.1506)	(35, 37.0788)	(36, 37.0285)	(37, 36.8914)	(38, 36.8023)	(39, 36.7126)	(40, 36.6223)	(41, 37.0581)	(42, 36.9266)	(43, 36.8105)	(44, 36.7622)	(45, 36.6905)	(46, 36.7421)	(47, 36.6077)	(48, 36.4899)	(49, 36.4033)	(50, 36.313)	(51, 36.2645)	(52, 36.1043)	(53, 35.996)	(54, 35.8938)	(55, 35.7838)	(56, 35.6993)	(57, 35.5238)	(58, 35.3814)	(59, 35.2467)	(60, 35.1217)	(61, 34.9922)	(62, 34.7988)	(63, 34.6259)	(64, 34.4822)	(65, 34.3281)	(66, 34.1678)	(67, 33.9229)	(68, 33.7518)	(69, 33.6055)	(70, 33.4279)	(71, 33.2295)	(72, 32.9931)	(73, 32.7742)	(74, 32.5858)	(75, 32.3761)	(76, 32.1466)	(77, 31.8777)	(78, 31.6541)	(79, 31.4572)	(80, 31.2247)	(81, 30.9269)	(82, 30.6484)	(83, 30.4126)	(84, 30.1499)	(85, 29.9201)	(86, 29.5563)	(87, 29.2145)	(88, 28.9236)	(89, 28.6244)	(90, 28.3217)	(91, 27.8759)	(92, 27.5837)	(93, 27.2544)	(94, 26.9504)	(95, 26.5511)	(96, 25.9338)	(97, 25.5659)	(98, 25.299)	(99, 25.0127)	(100, 24.9085)	
SRR070532	(1, 38.0)	(2, 37.9003)	(3, 37.88)	(4, 37.8874)	(5, 37.9077)	(6, 37.9513)	(7, 37.8974)	(8, 37.8662)	(9, 37.8417)	(10, 37.8114)	(11, 37.8901)	(12, 37.8321)	(13, 37.7919)	(14, 37.7632)	(15, 37.7179)	(16, 37.7336)	(17, 37.6501)	(18, 37.606)	(19, 37.5588)	(20, 37.5234)	(21, 37.5198)	(22, 37.4334)	(23, 37.3603)	(24, 37.3185)	(25, 37.2685)	(26, 37.2289)	(27, 37.1444)	(28, 37.0604)	(29, 37.0013)	(30, 36.9354)	(31, 36.8322)	(32, 36.6965)	(33, 36.615)	(34, 36.5221)	(35, 36.4441)	(36, 36.6811)	(37, 36.5043)	(38, 36.4328)	(39, 36.4336)	(40, 36.3738)	(41, 36.5497)	(42, 36.449)	(43, 36.3838)	(44, 36.2508)	(45, 36.1868)	(46, 36.2588)	(47, 36.0818)	(48, 36.0703)	(49, 35.9307)	(50, 35.8557)	(51, 35.8248)	(52, 35.7492)	(53, 35.6483)	(54, 35.5719)	(55, 35.4399)	(56, 35.4067)	(57, 35.2632)	(58, 35.1867)	(59, 35.0767)	(60, 34.9314)	(61, 34.8809)	(62, 34.6874)	(63, 34.5608)	(64, 34.4588)	(65, 34.3286)	(66, 34.1693)	(67, 34.0493)	(68, 33.8649)	(69, 33.7314)	(70, 33.577)	(71, 33.442)	(72, 33.2179)	(73, 33.0415)	(74, 32.8847)	(75, 32.7159)	(76, 32.5151)	(77, 32.3309)	(78, 32.1626)	(79, 31.9897)	(80, 31.8102)	(81, 31.6041)	(82, 31.3932)	(83, 31.2027)	(84, 31.0304)	(85, 30.8238)	(86, 30.5722)	(87, 30.3449)	(88, 30.1318)	(89, 29.9338)	(90, 29.6902)	(91, 29.4099)	(92, 29.1593)	(93, 28.9174)	(94, 28.7012)	(95, 28.4248)	(96, 28.0675)	(97, 27.8295)	(98, 27.5912)	(99, 27.3595)	(100, 27.1471)	
SRR077439	(1, 39.1494)	(2, 39.0633)	(3, 39.0477)	(4, 39.0424)	(5, 39.0421)	(6, 39.0461)	(7, 39.0005)	(8, 38.9688)	(9, 38.9536)	(10, 38.9322)	(11, 38.9315)	(12, 38.9009)	(13, 38.8622)	(14, 38.8391)	(15, 38.8228)	(16, 38.7891)	(17, 38.7297)	(18, 38.6996)	(19, 38.6727)	(20, 38.6384)	(21, 38.5642)	(22, 38.5167)	(23, 38.4639)	(24, 38.3952)	(25, 38.2648)	(26, 37.9933)	(27, 37.9396)	(28, 37.9555)	(29, 37.9324)	(30, 37.9699)	(31, 37.9952)	(32, 37.9244)	(33, 37.8593)	(34, 37.7914)	(35, 37.74)	(36, 38.1622)	(37, 38.0986)	(38, 38.0417)	(39, 37.9966)	(40, 37.9259)	(41, 37.9713)	(42, 37.8796)	(43, 37.8144)	(44, 37.7625)	(45, 37.7048)	(46, 37.6486)	(47, 37.5349)	(48, 37.4932)	(49, 37.4981)	(50, 37.4361)	(51, 37.4792)	(52, 37.4137)	(53, 37.3059)	(54, 37.2454)	(55, 37.2141)	(56, 37.0537)	(57, 37.0367)	(58, 36.9691)	(59, 36.8484)	(60, 36.6916)	(61, 36.7122)	(62, 36.6104)	(63, 36.4736)	(64, 36.4509)	(65, 36.3312)	(66, 36.1919)	(67, 36.0717)	(68, 35.9629)	(69, 35.8558)	(70, 35.723)	(71, 35.5703)	(72, 35.3457)	(73, 35.3777)	(74, 35.2798)	(75, 35.1701)	(76, 34.9955)	(77, 34.814)	(78, 34.6943)	(79, 34.5709)	(80, 34.3944)	(81, 34.213)	(82, 33.9728)	(83, 33.8016)	(84, 33.6556)	(85, 33.6162)	(86, 33.2261)	(87, 32.6979)	(88, 32.8503)	(89, 32.5797)	(90, 32.4793)	(91, 32.0931)	(92, 31.9786)	(93, 31.7522)	(94, 31.5746)	(95, 31.4347)	(96, 31.1598)	(97, 30.9275)	(98, 30.7188)	(99, 30.5326)	(100, 30.3354)	
SRR077476	(1, 38.8747)	(2, 38.7808)	(3, 38.7581)	(4, 38.7528)	(5, 38.7487)	(6, 38.7634)	(7, 38.7203)	(8, 38.6948)	(9, 38.669)	(10, 38.6463)	(11, 38.6512)	(12, 38.6045)	(13, 38.5762)	(14, 38.5489)	(15, 38.5172)	(16, 38.4979)	(17, 38.4477)	(18, 38.4069)	(19, 38.3675)	(20, 38.329)	(21, 38.2928)	(22, 38.228)	(23, 38.1758)	(24, 38.1321)	(25, 38.0866)	(26, 38.0291)	(27, 37.951)	(28, 37.8901)	(29, 37.8307)	(30, 37.7693)	(31, 37.7324)	(32, 37.849)	(33, 37.7945)	(34, 37.7508)	(35, 37.7101)	(36, 37.6508)	(37, 37.6487)	(38, 37.5898)	(39, 37.5391)	(40, 37.4891)	(41, 37.4437)	(42, 37.3506)	(43, 37.2807)	(44, 37.2023)	(45, 37.1991)	(46, 37.2114)	(47, 37.103)	(48, 37.0198)	(49, 36.9636)	(50, 36.8825)	(51, 36.8032)	(52, 36.7023)	(53, 36.6119)	(54, 36.5258)	(55, 36.407)	(56, 36.2894)	(57, 36.2037)	(58, 36.067)	(59, 35.9791)	(60, 35.8457)	(61, 35.7132)	(62, 35.5533)	(63, 35.4297)	(64, 35.3347)	(65, 35.2072)	(66, 35.0188)	(67, 34.8811)	(68, 34.7302)	(69, 34.608)	(70, 34.3848)	(71, 34.246)	(72, 34.0569)	(73, 33.8649)	(74, 33.7108)	(75, 33.4648)	(76, 33.2753)	(77, 33.0837)	(78, 32.8637)	(79, 32.7043)	(80, 32.3091)	(81, 32.1972)	(82, 31.9562)	(83, 31.749)	(84, 31.5411)	(85, 31.269)	(86, 30.9986)	(87, 30.7741)	(88, 30.5069)	(89, 30.2925)	(90, 29.9266)	(91, 29.6068)	(92, 29.3953)	(93, 29.1367)	(94, 28.8811)	(95, 28.5876)	(96, 28.174)	(97, 27.8909)	(98, 27.6562)	(99, 27.4162)	(100, 27.2245)	
SRR100000	(1, 32.7656)	(2, 32.1721)	(3, 32.0356)	(4, 31.9227)	(5, 31.8427)	(6, 31.6733)	(7, 31.4797)	(8, 31.3521)	(9, 31.1982)	(10, 31.0855)	(11, 30.8812)	(12, 30.7182)	(13, 30.5758)	(14, 30.4258)	(15, 30.2948)	(16, 30.0748)	(17, 29.8992)	(18, 29.7553)	(19, 29.6093)	(20, 29.4274)	(21, 29.3913)	(22, 29.2666)	(23, 29.1112)	(24, 28.95)	(25, 28.7871)	(26, 28.6986)	(27, 28.502)	(28, 28.3254)	(29, 28.1385)	(30, 27.9874)	(31, 27.7522)	(32, 27.5176)	(33, 27.335)	(34, 27.1291)	(35, 26.912)	(36, 26.6821)	(37, 26.4541)	(38, 26.2173)	(39, 26.0901)	(40, 25.808)	(41, 25.5639)	(42, 25.2998)	(43, 25.0372)	(44, 24.8384)	(45, 24.6063)	(46, 24.2072)	(47, 23.9661)	(48, 23.7093)	(49, 23.4813)	(50, 23.2398)	(51, 24.6168)	(52, 24.416)	(53, 24.267)	(54, 24.1023)	(55, 23.9115)	(56, 24.0167)	(57, 23.7678)	(58, 23.531)	(59, 23.2668)	(60, 22.9767)	(61, 22.5087)	(62, 22.196)	(63, 21.9101)	(64, 21.5898)	(65, 21.22)	(66, 20.6185)	(67, 20.2663)	(68, 19.9298)	(69, 19.5734)	(70, 19.1326)	(71, 18.4784)	(72, 18.0521)	(73, 17.6773)	(74, 17.2684)	(75, 16.8589)	(76, 15.9089)																									
SRR100031	(1, 34.447)	(2, 34.0623)	(3, 33.994)	(4, 33.9304)	(5, 33.8973)	(6, 33.7967)	(7, 33.6992)	(8, 33.5959)	(9, 33.5333)	(10, 33.4554)	(11, 33.3759)	(12, 33.2709)	(13, 33.1734)	(14, 33.0871)	(15, 33.0049)	(16, 32.904)	(17, 32.7807)	(18, 32.6632)	(19, 32.5848)	(20, 32.475)	(21, 32.3115)	(22, 32.1615)	(23, 32.052)	(24, 31.9335)	(25, 31.9672)	(26, 32.0517)	(27, 31.9239)	(28, 31.756)	(29, 31.6725)	(30, 31.5572)	(31, 31.5098)	(32, 31.3345)	(33, 31.1855)	(34, 31.0609)	(35, 30.9516)	(36, 30.7948)	(37, 30.6303)	(38, 30.4578)	(39, 30.3167)	(40, 30.1215)	(41, 29.9442)	(42, 29.7525)	(43, 29.5687)	(44, 29.4355)	(45, 29.2801)	(46, 29.0022)	(47, 28.823)	(48, 28.648)	(49, 28.4518)	(50, 28.2467)	(51, 29.2447)	(52, 29.0877)	(53, 28.9002)	(54, 28.7216)	(55, 28.574)	(56, 28.6068)	(57, 28.386)	(58, 28.1821)	(59, 27.9437)	(60, 27.7396)	(61, 27.4163)	(62, 27.1885)	(63, 26.9391)	(64, 26.6991)	(65, 26.3983)	(66, 26.001)	(67, 25.7201)	(68, 25.4383)	(69, 25.146)	(70, 24.7868)	(71, 24.2117)	(72, 23.85)	(73, 23.488)	(74, 23.1546)	(75, 22.8341)	(76, 21.7719)																									
SRR231651	(1, 36.9602)	(2, 36.7014)	(3, 36.6157)	(4, 36.6193)	(5, 36.5699)	(6, 36.6436)	(7, 36.5961)	(8, 36.5381)	(9, 36.5416)	(10, 36.5102)	(11, 36.5348)	(12, 36.5093)	(13, 36.4386)	(14, 36.4172)	(15, 36.3441)	(16, 36.3322)	(17, 36.2512)	(18, 36.1978)	(19, 36.141)	(20, 36.0881)	(21, 35.9557)	(22, 35.8789)	(23, 35.7432)	(24, 35.6321)	(25, 35.5333)	(26, 35.3026)	(27, 35.1754)	(28, 35.0491)	(29, 35.0524)	(30, 35.0129)	(31, 34.9449)	(32, 34.9562)	(33, 34.8805)	(34, 34.7871)	(35, 34.6262)	(36, 34.7729)	(37, 34.6299)	(38, 34.5771)	(39, 34.4392)	(40, 34.3108)	(41, 34.1251)	(42, 33.9178)	(43, 33.77)	(44, 33.6684)	(45, 33.4988)	(46, 33.3598)	(47, 33.1603)	(48, 33.0341)	(49, 32.819)	(50, 32.7363)	(51, 33.8337)	(52, 33.6289)	(53, 33.5212)	(54, 33.3886)	(55, 33.2811)	(56, 33.296)	(57, 33.0875)	(58, 32.9533)	(59, 32.803)	(60, 32.6759)	(61, 32.4801)	(62, 32.2728)	(63, 32.0574)	(64, 31.8024)	(65, 31.5969)	(66, 31.3558)	(67, 31.109)	(68, 30.898)	(69, 30.6663)	(70, 30.4267)	(71, 30.1461)	(72, 29.8517)	(73, 29.6143)	(74, 29.3482)	(75, 29.03)	(76, 28.6956)	(77, 28.3338)	(78, 28.0298)	(79, 27.7507)	(80, 27.3993)	(81, 26.8464)	(82, 26.5152)	(83, 26.1871)	(84, 25.8)	(85, 25.482)	(86, 24.8655)	(87, 24.6755)	(88, 24.5464)	(89, 23.9777)	(90, 23.6246)	(91, 23.1249)	(92, 22.6811)	(93, 22.2719)	(94, 21.8749)	(95, 21.4069)	(96, 20.8265)	(97, 20.3433)	(98, 19.9472)	(99, 19.5793)	(100, 19.2475)	
SRR393023	(1, 29.8214)	(2, 29.8214)	(3, 29.8214)	(4, 29.8214)	(5, 29.8214)	(6, 29.8214)	(7, 29.8214)	(8, 29.8214)	(9, 29.8214)	(10, 29.8214)	(11, 29.8214)	(12, 29.8214)	(13, 29.8214)	(14, 29.8214)	(15, 29.8214)	(16, 29.8214)	(17, 29.8214)	(18, 29.8214)	(19, 29.8214)	(20, 29.8214)	(21, 29.8214)	(22, 29.8214)	(23, 29.8214)	(24, 29.8214)	(25, 29.8214)	(26, 29.8214)	(27, 29.8214)	(28, 29.8214)	(29, 29.8214)	(30, 29.8214)	(31, 29.8214)	(32, 29.8214)	(33, 29.8214)	(34, 29.8214)	(35, 29.8214)	(36, 29.8214)	(37, 29.8214)	(38, 29.8214)	(39, 29.8214)	(40, 29.8214)	(41, 29.8214)	(42, 29.8214)	(43, 29.8214)	(44, 29.8214)	(45, 29.8214)	(46, 29.8214)	(47, 29.8214)	(48, 29.8214)	(49, 29.8214)	(50, 29.8214)	(51, 29.8214)	(52, 29.8214)	(53, 29.8214)	(54, 29.8214)	(55, 29.8214)	(56, 29.8214)	(57, 29.8214)	(58, 29.8214)	(59, 29.8214)	(60, 29.8214)	(61, 29.8214)	(62, 29.8214)	(63, 29.8214)	(64, 29.8214)	(65, 29.8214)	(66, 29.8214)	(67, 29.8214)	(68, 29.8214)	(69, 29.8214)	(70, 29.8214)	(71, 29.8214)	(72, 29.8214)	(73, 29.8214)	(74, 29.8214)	(75, 29.8214)	(76, 29.8214)																									
SRR591803	(1, 27.5455)	(2, 27.5455)	(3, 27.5455)	(4, 27.5455)	(5, 27.5455)	(6, 27.5455)	(7, 27.5455)	(8, 27.5455)	(9, 27.5455)	(10, 27.5455)	(11, 27.5455)	(12, 27.5455)	(13, 27.5455)	(14, 27.5455)	(15, 27.5455)	(16, 27.5455)	(17, 27.5455)	(18, 27.5455)	(19, 27.5455)	(20, 27.5455)	(21, 27.5455)	(22, 27.5455)	(23, 27.5455)	(24, 27.5455)	(25, 27.5455)	(26, 27.5455)	(27, 27.5455)	(28, 27.5455)	(29, 27.5455)	(30, 27.5455)	(31, 27.5455)	(32, 27.5455)	(33, 27.5455)	(34, 27.5455)	(35, 27.5455)	(36, 27.5455)	(37, 27.5455)	(38, 27.5455)	(39, 27.5455)	(40, 27.5455)	(41, 27.5455)	(42, 27.5455)	(43, 27.5455)	(44, 27.5455)	(45, 27.5455)	(46, 27.5455)	(47, 27.5455)	(48, 27.5455)	(49, 27.5455)	(50, 27.5455)	(51, 27.5455)	(52, 27.5455)	(53, 27.5455)	(54, 27.5455)	(55, 27.5455)	(56, 27.5455)	(57, 27.5455)	(58, 27.5455)	(59, 27.5455)	(60, 27.5455)	(61, 27.5455)	(62, 27.5455)	(63, 27.5455)	(64, 27.5455)	(65, 27.5455)	(66, 27.5455)	(67, 27.5455)	(68, 27.5455)	(69, 27.5455)	(70, 27.5455)	(71, 27.5455)	(72, 27.5455)	(73, 27.5455)	(74, 27.5455)	(75, 27.5455)	(76, 27.5455)																									
SRR702079	(1, 32.2294)	(2, 32.4754)	(3, 32.5277)	(4, 35.8507)	(5, 35.8332)	(6, 35.7888)	(7, 35.7145)	(8, 35.5762)	(9, 37.2612)	(10, 37.2535)	(11, 37.2134)	(12, 37.2065)	(13, 37.2022)	(14, 38.6841)	(15, 38.7131)	(16, 38.7404)	(17, 38.7491)	(18, 38.7599)	(19, 38.8527)	(20, 38.813)	(21, 38.8166)	(22, 38.8007)	(23, 38.7868)	(24, 38.7508)	(25, 38.7249)	(26, 38.6665)	(27, 38.6019)	(28, 38.5318)	(29, 38.5897)	(30, 38.5691)	(31, 38.518)	(32, 38.485)	(33, 38.455)	(34, 38.4512)	(35, 38.4266)	(36, 38.3972)	(37, 38.3971)	(38, 38.3664)	(39, 38.3425)	(40, 38.3095)	(41, 38.26)	(42, 38.1714)	(43, 38.1344)	(44, 38.0794)	(45, 38.011)	(46, 37.9229)	(47, 37.8223)	(48, 37.7292)	(49, 37.6374)	(50, 37.557)	(51, 36.1406)	(52, 36.6323)	(53, 37.0254)	(54, 37.334)	(55, 37.4197)	(56, 37.4306)	(57, 37.3644)	(58, 37.2788)	(59, 37.1845)	(60, 37.0753)	(61, 36.9673)	(62, 36.8219)	(63, 36.691)	(64, 36.5016)	(65, 36.3426)	(66, 36.1823)	(67, 36.0131)	(68, 35.8548)	(69, 35.6805)	(70, 35.4952)	(71, 35.32)	(72, 35.1452)	(73, 34.9818)	(74, 34.8198)	(75, 34.5988)	(76, 34.422)	(77, 34.2432)	(78, 34.0695)	(79, 33.8892)	(80, 33.6922)	(81, 33.4964)	(82, 33.3204)	(83, 33.1458)	(84, 32.9731)	(85, 32.8059)	(86, 32.6447)	(87, 32.501)	(88, 32.3586)	(89, 32.2233)	(90, 32.0926)	(91, 31.9755)	(92, 31.8574)	(93, 31.7325)	(94, 31.5828)	(95, 31.4733)	(96, 31.329)	(97, 31.1738)	(98, 31.0161)	(99, 30.8005)	(100, 30.5629)	(101, 27.782)
SRR708372	(1, 32.1996)	(2, 32.3912)	(3, 32.4195)	(4, 35.7649)	(5, 35.7223)	(6, 35.7002)	(7, 35.5924)	(8, 35.4657)	(9, 37.1066)	(10, 37.1047)	(11, 37.0903)	(12, 37.0572)	(13, 37.0251)	(14, 38.5169)	(15, 38.5284)	(16, 38.4653)	(17, 38.4908)	(18, 38.5628)	(19, 38.7084)	(20, 38.6631)	(21, 38.6383)	(22, 38.6737)	(23, 38.6672)	(24, 38.6705)	(25, 38.6097)	(26, 38.5446)	(27, 38.4667)	(28, 38.3879)	(29, 38.3335)	(30, 38.2474)	(31, 38.1679)	(32, 38.0873)	(33, 38.1926)	(34, 38.231)	(35, 38.2512)	(36, 38.2645)	(37, 38.235)	(38, 38.199)	(39, 38.1692)	(40, 38.128)	(41, 38.0773)	(42, 38.0188)	(43, 37.955)	(44, 37.8828)	(45, 37.8116)	(46, 37.6826)	(47, 37.5844)	(48, 37.4995)	(49, 37.4119)	(50, 37.3357)	(51, 35.9293)	(52, 36.4107)	(53, 36.7815)	(54, 36.9008)	(55, 36.9359)	(56, 37.0568)	(57, 37.0569)	(58, 36.9947)	(59, 36.9254)	(60, 36.8374)	(61, 36.7254)	(62, 36.6037)	(63, 36.4552)	(64, 36.3004)	(65, 36.1313)	(66, 35.9585)	(67, 35.7796)	(68, 35.6271)	(69, 35.4542)	(70, 35.2575)	(71, 35.0798)	(72, 34.8768)	(73, 34.7298)	(74, 34.5707)	(75, 34.3674)	(76, 34.1945)	(77, 34.0079)	(78, 33.8304)	(79, 33.6369)	(80, 33.4601)	(81, 33.2656)	(82, 33.0848)	(83, 32.9031)	(84, 32.7428)	(85, 32.5841)	(86, 32.4331)	(87, 32.2766)	(88, 32.1396)	(89, 32.0214)	(90, 31.8939)	(91, 31.7729)	(92, 31.6424)	(93, 31.5089)	(94, 31.3844)	(95, 31.2551)	(96, 31.1118)	(97, 30.9559)	(98, 30.7813)	(99, 30.5719)	(100, 30.3411)	(101, 27.9477)
SRR708381	(1, 32.2866)	(2, 32.4003)	(3, 32.437)	(4, 35.8111)	(5, 35.7673)	(6, 35.7719)	(7, 35.7859)	(8, 35.7775)	(9, 37.5218)	(10, 37.521)	(11, 37.5076)	(12, 37.4859)	(13, 37.4925)	(14, 39.0005)	(15, 39.0011)	(16, 38.9932)	(17, 38.9794)	(18, 38.9648)	(19, 38.999)	(20, 38.9774)	(21, 38.9362)	(22, 38.9089)	(23, 38.8735)	(24, 38.868)	(25, 38.8113)	(26, 38.7601)	(27, 38.7123)	(28, 38.6662)	(29, 38.6313)	(30, 38.584)	(31, 38.5236)	(32, 38.489)	(33, 38.4627)	(34, 38.4445)	(35, 38.4109)	(36, 38.3834)	(37, 38.3404)	(38, 37.8559)	(39, 37.9529)	(40, 37.9861)	(41, 37.9698)	(42, 37.8948)	(43, 37.852)	(44, 37.7888)	(45, 37.725)	(46, 37.6479)	(47, 37.58)	(48, 37.7148)	(49, 37.6985)	(50, 37.6458)	(51, 36.1939)	(52, 36.7009)	(53, 37.0809)	(54, 37.2065)	(55, 37.1994)	(56, 37.1362)	(57, 37.0558)	(58, 36.9523)	(59, 36.8567)	(60, 36.7354)	(61, 36.6017)	(62, 36.4758)	(63, 36.578)	(64, 36.5234)	(65, 36.3779)	(66, 36.2678)	(67, 36.1397)	(68, 35.9733)	(69, 35.8219)	(70, 35.6719)	(71, 35.5067)	(72, 35.3081)	(73, 35.1376)	(74, 34.9626)	(75, 34.7919)	(76, 34.6193)	(77, 34.4549)	(78, 34.283)	(79, 34.0836)	(80, 33.9357)	(81, 33.765)	(82, 33.6297)	(83, 33.492)	(84, 33.3609)	(85, 33.2435)	(86, 33.1338)	(87, 33.0318)	(88, 32.9226)	(89, 32.8253)	(90, 32.7418)	(91, 32.6584)	(92, 32.5764)	(93, 32.4831)	(94, 32.3965)	(95, 32.3123)	(96, 32.2341)	(97, 32.1494)	(98, 32.0594)	(99, 31.9586)	(100, 31.8154)	(101, 29.6654)
SRR708382	(1, 32.2539)	(2, 32.4852)	(3, 32.5416)	(4, 35.873)	(5, 35.8053)	(6, 35.7828)	(7, 35.7515)	(8, 35.5714)	(9, 37.2621)	(10, 37.2216)	(11, 37.2097)	(12, 37.2053)	(13, 37.1897)	(14, 38.6905)	(15, 38.7047)	(16, 38.7196)	(17, 38.7045)	(18, 38.7349)	(19, 38.8542)	(20, 38.8326)	(21, 38.8282)	(22, 38.844)	(23, 38.7993)	(24, 38.8152)	(25, 38.7856)	(26, 38.6991)	(27, 38.6261)	(28, 38.5452)	(29, 38.4904)	(30, 38.5674)	(31, 38.5345)	(32, 38.5356)	(33, 38.528)	(34, 38.499)	(35, 38.4688)	(36, 38.4677)	(37, 38.4551)	(38, 38.3895)	(39, 38.3709)	(40, 38.3583)	(41, 38.2903)	(42, 38.2151)	(43, 38.1821)	(44, 38.1263)	(45, 38.0657)	(46, 37.975)	(47, 37.8663)	(48, 37.7844)	(49, 37.7053)	(50, 37.6222)	(51, 36.1231)	(52, 36.6375)	(53, 37.0145)	(54, 37.1669)	(55, 37.3551)	(56, 37.3896)	(57, 37.3613)	(58, 37.3025)	(59, 37.201)	(60, 37.0911)	(61, 36.9829)	(62, 36.8507)	(63, 36.6917)	(64, 36.5259)	(65, 36.3685)	(66, 36.2049)	(67, 36.0202)	(68, 35.8576)	(69, 35.6863)	(70, 35.4896)	(71, 35.3214)	(72, 35.0946)	(73, 34.9443)	(74, 34.7725)	(75, 34.5544)	(76, 34.3778)	(77, 34.1997)	(78, 34.0059)	(79, 33.8316)	(80, 33.6615)	(81, 33.4722)	(82, 33.2934)	(83, 33.0901)	(84, 32.9306)	(85, 32.791)	(86, 32.6609)	(87, 32.5285)	(88, 32.3864)	(89, 32.2554)	(90, 32.1442)	(91, 32.0169)	(92, 31.9)	(93, 31.7771)	(94, 31.6372)	(95, 31.5098)	(96, 31.3575)	(97, 31.203)	(98, 31.0401)	(99, 30.8265)	(100, 30.5638)	(101, 27.6277)
SRR710114	(1, 30.9541)	(2, 31.1143)	(3, 31.1367)	(4, 34.661)	(5, 34.6506)	(6, 34.6941)	(7, 34.645)	(8, 34.6129)	(9, 36.0171)	(10, 35.8027)	(11, 35.845)	(12, 35.8725)	(13, 35.8743)	(14, 37.0001)	(15, 36.9261)	(16, 36.8978)	(17, 36.8665)	(18, 36.8188)	(19, 36.8594)	(20, 36.8206)	(21, 36.7763)	(22, 36.7151)	(23, 36.6633)	(24, 36.6048)	(25, 36.544)	(26, 36.4591)	(27, 36.3768)	(28, 36.279)	(29, 36.1858)	(30, 36.3074)	(31, 36.2985)	(32, 36.2456)	(33, 36.1927)	(34, 36.135)	(35, 36.0555)	(36, 36.0105)	(37, 35.9315)	(38, 35.8782)	(39, 35.6157)	(40, 35.6128)	(41, 35.5622)	(42, 35.4824)	(43, 35.4501)	(44, 35.5102)	(45, 35.5238)	(46, 35.4982)	(47, 35.45)	(48, 35.3735)	(49, 35.2863)	(50, 35.1833)	(51, 33.8551)	(52, 34.423)	(53, 34.8046)	(54, 34.9421)	(55, 34.9594)	(56, 34.9205)	(57, 34.8227)	(58, 34.7111)	(59, 34.5864)	(60, 34.4566)	(61, 34.2984)	(62, 34.1315)	(63, 33.9613)	(64, 33.7875)	(65, 33.6403)	(66, 33.4518)	(67, 33.2755)	(68, 33.0987)	(69, 32.9079)	(70, 32.7221)	(71, 32.5361)	(72, 32.3519)	(73, 32.1494)	(74, 31.9432)	(75, 31.7426)	(76, 31.5212)	(77, 31.3117)	(78, 31.1166)	(79, 30.9073)	(80, 30.6931)	(81, 30.4666)	(82, 30.2508)	(83, 30.0562)	(84, 29.863)	(85, 29.6454)	(86, 29.3793)	(87, 29.1903)	(88, 29.0028)	(89, 28.7764)	(90, 28.2714)	(91, 28.1395)	(92, 27.9581)	(93, 27.6417)	(94, 27.2405)	(95, 27.2001)	(96, 27.0146)	(97, 26.7673)	(98, 26.4594)	(99, 26.1162)	(100, 25.7026)	(101, 23.386)
SRR715103	(1, 30.7877)	(2, 30.9097)	(3, 30.9392)	(4, 34.5184)	(5, 34.5022)	(6, 34.621)	(7, 34.6001)	(8, 34.5956)	(9, 36.0166)	(10, 35.9931)	(11, 35.9757)	(12, 35.853)	(13, 35.7788)	(14, 36.7233)	(15, 36.7568)	(16, 36.6661)	(17, 36.6352)	(18, 36.5813)	(19, 36.6156)	(20, 36.5212)	(21, 36.492)	(22, 36.5499)	(23, 36.5293)	(24, 36.5657)	(25, 36.567)	(26, 36.5984)	(27, 36.5278)	(28, 36.5763)	(29, 36.5064)	(30, 36.505)	(31, 36.4642)	(32, 36.4264)	(33, 36.4273)	(34, 36.2471)	(35, 36.153)	(36, 36.0295)	(37, 35.9285)	(38, 35.8299)	(39, 35.7484)	(40, 35.6231)	(41, 35.6066)	(42, 35.4963)	(43, 35.4229)	(44, 35.3589)	(45, 35.3521)	(46, 35.2721)	(47, 35.1683)	(48, 35.1264)	(49, 35.031)	(50, 34.9624)	(51, 32.2271)	(52, 33.327)	(53, 34.1233)	(54, 34.4546)	(55, 34.4573)	(56, 34.3357)	(57, 34.1389)	(58, 33.9953)	(59, 33.9848)	(60, 33.9043)	(61, 33.8311)	(62, 33.7622)	(63, 33.7667)	(64, 33.6757)	(65, 33.582)	(66, 33.447)	(67, 33.3297)	(68, 33.1699)	(69, 32.9829)	(70, 32.8631)	(71, 32.7095)	(72, 32.4747)	(73, 32.3153)	(74, 32.1028)	(75, 31.7727)	(76, 31.4337)	(77, 31.1898)	(78, 30.9012)	(79, 30.7178)	(80, 30.468)	(81, 30.3839)	(82, 30.2975)	(83, 30.1551)	(84, 30.0144)	(85, 29.8182)	(86, 29.7188)	(87, 29.5788)	(88, 29.3645)	(89, 29.2233)	(90, 29.0101)	(91, 28.9054)	(92, 28.7316)	(93, 28.4588)	(94, 28.1334)	(95, 27.8673)	(96, 27.5998)	(97, 27.2703)	(98, 26.8845)	(99, 26.4682)	(100, 25.7363)	(101, 21.5413)
SRR716435	(1, 32.2348)	(2, 32.3847)	(3, 32.388)	(4, 35.7603)	(5, 35.7483)	(6, 35.7687)	(7, 35.774)	(8, 35.7626)	(9, 37.4984)	(10, 37.4901)	(11, 37.4699)	(12, 37.4508)	(13, 37.4655)	(14, 38.9538)	(15, 38.9441)	(16, 38.919)	(17, 38.9134)	(18, 38.9078)	(19, 38.9584)	(20, 38.9108)	(21, 38.8772)	(22, 38.8709)	(23, 38.8467)	(24, 38.8373)	(25, 38.773)	(26, 38.7286)	(27, 38.6845)	(28, 38.6172)	(29, 38.5973)	(30, 38.5712)	(31, 38.5263)	(32, 38.49)	(33, 38.4488)	(34, 38.4444)	(35, 38.4061)	(36, 38.3762)	(37, 38.3296)	(38, 37.9945)	(39, 38.005)	(40, 37.9948)	(41, 37.9699)	(42, 37.9091)	(43, 37.8633)	(44, 37.8046)	(45, 37.7415)	(46, 37.6592)	(47, 37.5962)	(48, 37.5247)	(49, 37.6973)	(50, 37.6734)	(51, 36.1345)	(52, 36.7048)	(53, 37.1159)	(54, 37.2744)	(55, 37.2847)	(56, 37.227)	(57, 37.1536)	(58, 37.0504)	(59, 36.9493)	(60, 36.8315)	(61, 36.7039)	(62, 36.5792)	(63, 36.4374)	(64, 36.2879)	(65, 36.1312)	(66, 36.222)	(67, 36.1471)	(68, 36.0071)	(69, 35.852)	(70, 35.7022)	(71, 35.5394)	(72, 35.3573)	(73, 35.1655)	(74, 34.9838)	(75, 34.805)	(76, 34.6269)	(77, 34.43)	(78, 34.2718)	(79, 34.1068)	(80, 33.9504)	(81, 33.7948)	(82, 33.6388)	(83, 33.4933)	(84, 33.368)	(85, 33.2378)	(86, 33.1191)	(87, 33.008)	(88, 32.9065)	(89, 32.8066)	(90, 32.7146)	(91, 32.6315)	(92, 32.5446)	(93, 32.4641)	(94, 32.3788)	(95, 32.2996)	(96, 32.2377)	(97, 32.148)	(98, 32.052)	(99, 31.941)	(100, 31.8084)	(101, 29.8149)
SRR716436	(1, 32.061)	(2, 32.2298)	(3, 32.2622)	(4, 35.674)	(5, 35.6711)	(6, 35.6717)	(7, 35.6339)	(8, 35.6237)	(9, 37.2722)	(10, 37.2554)	(11, 37.2212)	(12, 37.1993)	(13, 37.1646)	(14, 38.5197)	(15, 38.4509)	(16, 38.43)	(17, 38.4098)	(18, 38.339)	(19, 38.3639)	(20, 38.3334)	(21, 38.3102)	(22, 38.2673)	(23, 38.2316)	(24, 38.2288)	(25, 38.1884)	(26, 38.1325)	(27, 38.0922)	(28, 38.0425)	(29, 37.985)	(30, 37.8931)	(31, 37.8398)	(32, 37.7745)	(33, 37.7075)	(34, 37.5605)	(35, 37.472)	(36, 37.3772)	(37, 37.2727)	(38, 37.2078)	(39, 37.1231)	(40, 37.0514)	(41, 37.2321)	(42, 37.2459)	(43, 37.249)	(44, 37.2289)	(45, 37.1678)	(46, 37.0662)	(47, 36.9852)	(48, 36.8999)	(49, 36.7921)	(50, 36.6842)	(51, 35.7022)	(52, 35.9979)	(53, 36.233)	(54, 36.2732)	(55, 36.2107)	(56, 36.1212)	(57, 35.9204)	(58, 35.8419)	(59, 35.9423)	(60, 35.941)	(61, 35.8864)	(62, 35.7712)	(63, 35.6413)	(64, 35.4782)	(65, 35.3497)	(66, 35.1897)	(67, 35.0341)	(68, 34.855)	(69, 34.6527)	(70, 34.457)	(71, 34.2611)	(72, 34.0684)	(73, 33.8971)	(74, 33.7341)	(75, 33.5908)	(76, 33.4409)	(77, 33.2681)	(78, 33.1227)	(79, 32.9853)	(80, 32.825)	(81, 32.6725)	(82, 32.5205)	(83, 32.3771)	(84, 32.2558)	(85, 32.1315)	(86, 31.9972)	(87, 31.8316)	(88, 31.6812)	(89, 31.5574)	(90, 31.4308)	(91, 31.3251)	(92, 31.2147)	(93, 31.1055)	(94, 30.9364)	(95, 30.8683)	(96, 30.746)	(97, 30.6187)	(98, 30.4839)	(99, 30.3268)	(100, 30.1109)	(101, 28.8184)
SRR742200	(1, 32.4397)	(2, 32.638)	(3, 32.6405)	(4, 36.0026)	(5, 35.9753)	(6, 35.9953)	(7, 35.9781)	(8, 35.9815)	(9, 37.7303)	(10, 37.7363)	(11, 37.7112)	(12, 37.7065)	(13, 37.6876)	(14, 39.128)	(15, 39.1271)	(16, 39.0945)	(17, 39.069)	(18, 39.0327)	(19, 39.0449)	(20, 38.9645)	(21, 38.9409)	(22, 38.8594)	(23, 38.8094)	(24, 38.7797)	(25, 38.7257)	(26, 38.8759)	(27, 38.8859)	(28, 38.8758)	(29, 38.8543)	(30, 38.8445)	(31, 38.8047)	(32, 38.7738)	(33, 38.7517)	(34, 38.721)	(35, 38.6848)	(36, 38.6444)	(37, 38.6242)	(38, 38.5362)	(39, 38.4851)	(40, 38.4155)	(41, 38.3452)	(42, 38.2512)	(43, 38.1733)	(44, 38.0953)	(45, 38.0236)	(46, 37.9782)	(47, 37.9167)	(48, 37.8399)	(49, 37.8259)	(50, 37.7362)	(51, 35.7389)	(52, 36.5358)	(53, 37.0811)	(54, 37.2945)	(55, 37.3167)	(56, 37.2508)	(57, 37.1422)	(58, 37.0032)	(59, 36.8663)	(60, 36.6946)	(61, 36.5345)	(62, 36.4911)	(63, 36.4259)	(64, 36.2896)	(65, 36.1727)	(66, 36.04)	(67, 35.9698)	(68, 35.8755)	(69, 35.7453)	(70, 35.5808)	(71, 35.3996)	(72, 35.2227)	(73, 35.0469)	(74, 34.8423)	(75, 34.6301)	(76, 34.424)	(77, 34.2043)	(78, 33.9965)	(79, 33.796)	(80, 33.6044)	(81, 33.4281)	(82, 33.2711)	(83, 33.1246)	(84, 32.9611)	(85, 32.7656)	(86, 32.6913)	(87, 32.6826)	(88, 32.6538)	(89, 32.5858)	(90, 32.4922)	(91, 32.3983)	(92, 32.2853)	(93, 32.1572)	(94, 32.0253)	(95, 31.858)	(96, 31.6366)	(97, 31.4278)	(98, 31.2338)	(99, 31.0548)	(100, 30.8309)	(101, 27.7821)
SRR748280	(1, 32.5868)	(2, 32.8508)	(3, 32.8869)	(4, 36.1955)	(5, 36.1618)	(6, 36.0781)	(7, 36.0637)	(8, 36.0678)	(9, 37.8289)	(10, 37.8222)	(11, 37.805)	(12, 37.7696)	(13, 37.7653)	(14, 39.2875)	(15, 39.2633)	(16, 39.2607)	(17, 39.2559)	(18, 39.2227)	(19, 39.2443)	(20, 39.2648)	(21, 39.1854)	(22, 39.2102)	(23, 39.1361)	(24, 39.1466)	(25, 39.0475)	(26, 39.0943)	(27, 39.0738)	(28, 39.0732)	(29, 39.0618)	(30, 39.0119)	(31, 38.9677)	(32, 38.9208)	(33, 38.8442)	(34, 38.7741)	(35, 38.7015)	(36, 38.6415)	(37, 38.6394)	(38, 38.6697)	(39, 38.7038)	(40, 38.6659)	(41, 38.6189)	(42, 38.5409)	(43, 38.4015)	(44, 38.2365)	(45, 38.0996)	(46, 37.9572)	(47, 37.8494)	(48, 37.7197)	(49, 37.6092)	(50, 37.4559)	(51, 36.9592)	(52, 37.3059)	(53, 37.5202)	(54, 37.5751)	(55, 37.5662)	(56, 37.5223)	(57, 37.1897)	(58, 37.2355)	(59, 37.1911)	(60, 37.039)	(61, 36.8244)	(62, 36.6571)	(63, 36.4777)	(64, 36.305)	(65, 36.1133)	(66, 35.8339)	(67, 35.6806)	(68, 35.5596)	(69, 35.4324)	(70, 35.3105)	(71, 35.1665)	(72, 34.9579)	(73, 34.7452)	(74, 34.5452)	(75, 34.3713)	(76, 34.1556)	(77, 33.9129)	(78, 33.7956)	(79, 33.602)	(80, 33.3579)	(81, 33.0335)	(82, 32.7848)	(83, 32.5803)	(84, 32.3788)	(85, 32.1945)	(86, 32.2303)	(87, 32.327)	(88, 32.4293)	(89, 32.4948)	(90, 32.5512)	(91, 32.5981)	(92, 32.6041)	(93, 32.5477)	(94, 32.4564)	(95, 32.3477)	(96, 32.2453)	(97, 32.1152)	(98, 31.9485)	(99, 31.8114)	(100, 31.523)	(101, 27.9735)
SRR748295	(1, 32.4009)	(2, 32.6001)	(3, 32.5996)	(4, 35.9543)	(5, 35.9294)	(6, 35.9505)	(7, 35.9335)	(8, 35.9389)	(9, 37.6854)	(10, 37.6919)	(11, 37.6664)	(12, 37.6612)	(13, 37.6417)	(14, 39.0803)	(15, 39.0777)	(16, 39.0461)	(17, 39.0208)	(18, 38.9858)	(19, 38.9991)	(20, 38.9195)	(21, 38.8951)	(22, 38.8143)	(23, 38.7641)	(24, 38.7349)	(25, 38.6793)	(26, 38.831)	(27, 38.8418)	(28, 38.8336)	(29, 38.8121)	(30, 38.8018)	(31, 38.7626)	(32, 38.7324)	(33, 38.7105)	(34, 38.6805)	(35, 38.645)	(36, 38.6054)	(37, 38.5842)	(38, 38.4991)	(39, 38.4494)	(40, 38.3826)	(41, 38.315)	(42, 38.2233)	(43, 38.1461)	(44, 38.0696)	(45, 38.0004)	(46, 37.9577)	(47, 37.8997)	(48, 37.8256)	(49, 37.8155)	(50, 37.7304)	(51, 35.7417)	(52, 36.5378)	(53, 37.0875)	(54, 37.3036)	(55, 37.3302)	(56, 37.2683)	(57, 37.1636)	(58, 37.0286)	(59, 36.8981)	(60, 36.731)	(61, 36.5754)	(62, 36.5316)	(63, 36.4683)	(64, 36.3349)	(65, 36.221)	(66, 36.0914)	(67, 36.0222)	(68, 35.9302)	(69, 35.8019)	(70, 35.6385)	(71, 35.4581)	(72, 35.28)	(73, 35.1022)	(74, 34.8954)	(75, 34.6807)	(76, 34.4729)	(77, 34.2499)	(78, 34.0376)	(79, 33.8341)	(80, 33.637)	(81, 33.458)	(82, 33.2962)	(83, 33.1462)	(84, 32.9781)	(85, 32.7807)	(86, 32.7035)	(87, 32.6895)	(88, 32.6586)	(89, 32.5884)	(90, 32.4908)	(91, 32.3931)	(92, 32.2784)	(93, 32.1504)	(94, 32.0178)	(95, 31.8504)	(96, 31.6272)	(97, 31.4174)	(98, 31.2233)	(99, 31.0452)	(100, 30.8213)	(101, 27.7739)
SRR748552	(1, 31.2142)	(2, 31.4095)	(3, 31.4551)	(4, 34.9289)	(5, 34.911)	(6, 34.9023)	(7, 34.8645)	(8, 34.8731)	(9, 36.4356)	(10, 36.4108)	(11, 36.4034)	(12, 36.3806)	(13, 36.3699)	(14, 37.6405)	(15, 37.6212)	(16, 37.5904)	(17, 37.5571)	(18, 37.5145)	(19, 37.5841)	(20, 37.5366)	(21, 37.5033)	(22, 37.4553)	(23, 37.4142)	(24, 37.3887)	(25, 37.3457)	(26, 37.2781)	(27, 37.2079)	(28, 37.1502)	(29, 37.1077)	(30, 37.0475)	(31, 37.2361)	(32, 37.2497)	(33, 37.2423)	(34, 37.1989)	(35, 37.1743)	(36, 37.1297)	(37, 37.089)	(38, 37.0316)	(39, 37.0018)	(40, 36.9705)	(41, 36.9127)	(42, 36.8737)	(43, 36.8419)	(44, 36.7728)	(45, 36.6859)	(46, 36.635)	(47, 36.5833)	(48, 36.4987)	(49, 36.4418)	(50, 36.3737)	(51, 36.2837)	(52, 36.1959)	(53, 36.1033)	(54, 36.0124)	(55, 35.9104)	(56, 35.8112)	(57, 35.6966)	(58, 35.577)	(59, 35.4861)	(60, 35.3666)	(61, 35.2472)	(62, 35.1221)	(63, 34.9914)	(64, 34.8378)	(65, 34.7003)	(66, 34.5553)	(67, 34.4005)	(68, 34.2457)	(69, 34.0894)	(70, 33.9298)	(71, 33.7517)	(72, 33.5878)	(73, 33.4122)	(74, 33.2278)	(75, 33.0777)	(76, 32.9092)	(77, 32.7277)	(78, 32.5479)	(79, 32.3946)	(80, 32.2101)	(81, 32.0469)	(82, 31.9112)	(83, 31.7786)	(84, 31.6247)	(85, 31.6458)	(86, 31.578)	(87, 31.4921)	(88, 31.3879)	(89, 31.2946)	(90, 31.1804)	(91, 31.083)	(92, 30.9741)	(93, 30.8665)	(94, 30.7627)	(95, 30.6615)	(96, 30.5606)	(97, 30.4343)	(98, 30.2934)	(99, 30.12)	(100, 29.8596)	(101, 26.3402)
SRR748557	(1, 31.8207)	(2, 32.1463)	(3, 32.2186)	(4, 35.6534)	(5, 35.6045)	(6, 35.6186)	(7, 35.4978)	(8, 35.5006)	(9, 37.1007)	(10, 37.0788)	(11, 37.0662)	(12, 37.0351)	(13, 37.0138)	(14, 38.3415)	(15, 38.3169)	(16, 38.3161)	(17, 38.3191)	(18, 38.2658)	(19, 38.3153)	(20, 38.3292)	(21, 38.2426)	(22, 38.254)	(23, 38.1547)	(24, 38.1484)	(25, 38.0283)	(26, 38.0787)	(27, 38.0618)	(28, 38.0256)	(29, 37.9821)	(30, 37.9273)	(31, 37.8625)	(32, 37.7841)	(33, 37.6937)	(34, 37.6213)	(35, 37.5391)	(36, 37.4569)	(37, 37.4594)	(38, 37.4969)	(39, 37.5374)	(40, 37.4905)	(41, 37.4226)	(42, 37.3253)	(43, 37.1766)	(44, 36.9798)	(45, 36.8087)	(46, 36.6472)	(47, 36.5044)	(48, 36.3585)	(49, 36.3013)	(50, 36.1891)	(51, 35.4171)	(52, 35.8404)	(53, 36.1284)	(54, 36.2369)	(55, 36.2448)	(56, 36.2111)	(57, 36.0691)	(58, 36.034)	(59, 35.9436)	(60, 35.7603)	(61, 35.521)	(62, 35.3345)	(63, 35.1537)	(64, 34.9762)	(65, 34.7646)	(66, 34.5692)	(67, 34.3644)	(68, 34.2212)	(69, 34.0806)	(70, 33.9503)	(71, 33.797)	(72, 33.5888)	(73, 33.3645)	(74, 33.154)	(75, 32.9515)	(76, 32.742)	(77, 32.5582)	(78, 32.4178)	(79, 32.1801)	(80, 31.8883)	(81, 31.4732)	(82, 31.1931)	(83, 30.9738)	(84, 30.7307)	(85, 30.5249)	(86, 30.5889)	(87, 30.7114)	(88, 30.8029)	(89, 30.8769)	(90, 30.9438)	(91, 30.9988)	(92, 31.0156)	(93, 30.9237)	(94, 30.793)	(95, 30.639)	(96, 30.4614)	(97, 30.2545)	(98, 30.0099)	(99, 29.7184)	(100, 29.3082)	(101, 25.4737)
SRR768533	(1, 30.7933)	(2, 31.1924)	(3, 31.3306)	(4, 34.8947)	(5, 34.9226)	(6, 34.9425)	(7, 34.9274)	(8, 34.9234)	(9, 36.4057)	(10, 36.3829)	(11, 36.3487)	(12, 36.3193)	(13, 36.2819)	(14, 37.411)	(15, 37.3662)	(16, 37.2839)	(17, 37.2652)	(18, 37.1833)	(19, 37.2224)	(20, 37.1807)	(21, 37.1534)	(22, 37.1136)	(23, 37.0768)	(24, 37.061)	(25, 37.0311)	(26, 37.0049)	(27, 36.964)	(28, 36.8849)	(29, 36.8187)	(30, 36.7453)	(31, 36.6537)	(32, 36.5441)	(33, 36.4647)	(34, 36.3224)	(35, 36.1815)	(36, 36.0895)	(37, 35.9621)	(38, 35.8996)	(39, 35.8399)	(40, 35.8203)	(41, 35.989)	(42, 36.0191)	(43, 36.0381)	(44, 36.0309)	(45, 35.9521)	(46, 35.8977)	(47, 35.8063)	(48, 35.6806)	(49, 35.5624)	(50, 35.4095)	(51, 34.5504)	(52, 34.8413)	(53, 35.0645)	(54, 35.1085)	(55, 35.0563)	(56, 34.9655)	(57, 34.8483)	(58, 34.9601)	(59, 34.9594)	(60, 34.9479)	(61, 34.8864)	(62, 34.7909)	(63, 34.672)	(64, 34.5562)	(65, 34.4239)	(66, 34.2638)	(67, 34.1118)	(68, 33.915)	(69, 33.6938)	(70, 33.5007)	(71, 33.2878)	(72, 33.0904)	(73, 32.8981)	(74, 32.7732)	(75, 32.6108)	(76, 32.4712)	(77, 32.3215)	(78, 32.1508)	(79, 31.9837)	(80, 31.8114)	(81, 31.6277)	(82, 31.4528)	(83, 31.2871)	(84, 31.1333)	(85, 30.9702)	(86, 30.7994)	(87, 30.6085)	(88, 30.3906)	(89, 30.2546)	(90, 30.0657)	(91, 29.9495)	(92, 29.8284)	(93, 29.7017)	(94, 29.5685)	(95, 29.4172)	(96, 29.2534)	(97, 29.0661)	(98, 28.8416)	(99, 28.6187)	(100, 28.3899)	(101, 27.1725)
SRR787670	(1, 31.8825)	(2, 31.9877)	(3, 32.0052)	(4, 35.2104)	(5, 35.2044)	(6, 35.2112)	(7, 35.2074)	(8, 35.2028)	(9, 36.9436)	(10, 36.9173)	(11, 36.9105)	(12, 36.8957)	(13, 36.8824)	(14, 38.3935)	(15, 38.3349)	(16, 38.3486)	(17, 38.33)	(18, 38.3149)	(19, 38.3348)	(20, 38.3046)	(21, 38.2712)	(22, 38.2395)	(23, 38.1952)	(24, 38.1768)	(25, 38.1382)	(26, 38.0938)	(27, 38.0429)	(28, 38.0041)	(29, 37.9585)	(30, 37.918)	(31, 37.8656)	(32, 37.8165)	(33, 37.7667)	(34, 37.7091)	(35, 37.6345)	(36, 37.5844)	(37, 37.5281)	(38, 37.4613)	(39, 37.4071)	(40, 37.3348)	(41, 37.2559)	(42, 37.3894)	(43, 37.3606)	(44, 37.3016)	(45, 37.2148)	(46, 37.1558)	(47, 37.071)	(48, 36.9831)	(49, 36.9009)	(50, 36.8009)	(51, 34.9667)	(52, 35.8739)	(53, 36.485)	(54, 36.702)	(55, 36.7096)	(56, 36.6549)	(57, 36.5643)	(58, 36.4517)	(59, 36.314)	(60, 36.1919)	(61, 36.0556)	(62, 35.8995)	(63, 35.7278)	(64, 35.588)	(65, 35.4344)	(66, 35.2602)	(67, 35.0992)	(68, 34.936)	(69, 34.7513)	(70, 34.5659)	(71, 34.3744)	(72, 34.1807)	(73, 33.9692)	(74, 33.7461)	(75, 33.5414)	(76, 32.7281)																									
SRR787690	(1, 32.0892)	(2, 32.196)	(3, 32.2149)	(4, 35.4331)	(5, 35.4224)	(6, 35.4321)	(7, 35.4282)	(8, 35.4229)	(9, 37.1837)	(10, 37.1576)	(11, 37.1516)	(12, 37.1394)	(13, 37.1218)	(14, 38.6547)	(15, 38.5977)	(16, 38.6089)	(17, 38.5898)	(18, 38.5747)	(19, 38.5931)	(20, 38.565)	(21, 38.5328)	(22, 38.5038)	(23, 38.4603)	(24, 38.4418)	(25, 38.4043)	(26, 38.3601)	(27, 38.3089)	(28, 38.2732)	(29, 38.2254)	(30, 38.1805)	(31, 38.1293)	(32, 38.0812)	(33, 38.031)	(34, 37.9778)	(35, 37.907)	(36, 37.8505)	(37, 37.7962)	(38, 37.7295)	(39, 37.6724)	(40, 37.6038)	(41, 37.5263)	(42, 37.6629)	(43, 37.6314)	(44, 37.5727)	(45, 37.4885)	(46, 37.4325)	(47, 37.3481)	(48, 37.2589)	(49, 37.1762)	(50, 37.0788)	(51, 35.2387)	(52, 36.1447)	(53, 36.758)	(54, 36.9764)	(55, 36.9813)	(56, 36.9214)	(57, 36.8341)	(58, 36.7205)	(59, 36.5819)	(60, 36.4583)	(61, 36.3239)	(62, 36.1671)	(63, 35.9869)	(64, 35.8504)	(65, 35.6954)	(66, 35.5202)	(67, 35.3638)	(68, 35.1979)	(69, 35.0185)	(70, 34.8299)	(71, 34.638)	(72, 34.4384)	(73, 34.2262)	(74, 34.005)	(75, 33.7975)	(76, 32.9799)																									
SRR787697	(1, 31.3955)	(2, 31.5224)	(3, 31.5448)	(4, 34.8736)	(5, 34.8381)	(6, 34.8587)	(7, 34.8713)	(8, 34.852)	(9, 36.5027)	(10, 36.4805)	(11, 36.4616)	(12, 36.4357)	(13, 36.4042)	(14, 37.7702)	(15, 37.7383)	(16, 37.7023)	(17, 37.6435)	(18, 37.6134)	(19, 37.6221)	(20, 37.5839)	(21, 37.5325)	(22, 37.4748)	(23, 37.6219)	(24, 37.6478)	(25, 37.6105)	(26, 37.545)	(27, 37.5071)	(28, 37.4784)	(29, 37.4364)	(30, 37.3765)	(31, 37.3286)	(32, 37.2942)	(33, 37.2501)	(34, 37.2074)	(35, 37.1416)	(36, 37.0825)	(37, 37.0399)	(38, 36.992)	(39, 36.9288)	(40, 36.8584)	(41, 36.805)	(42, 36.7367)	(43, 36.6545)	(44, 36.595)	(45, 36.5227)	(46, 36.4374)	(47, 36.3411)	(48, 36.2394)	(49, 36.1802)	(50, 36.0683)	(51, 34.6128)	(52, 35.0786)	(53, 35.502)	(54, 35.6446)	(55, 35.6341)	(56, 35.5673)	(57, 35.4545)	(58, 35.3348)	(59, 35.1902)	(60, 35.2239)	(61, 35.1359)	(62, 35.017)	(63, 34.8536)	(64, 34.6796)	(65, 34.5072)	(66, 34.3259)	(67, 34.1374)	(68, 33.9382)	(69, 33.7336)	(70, 33.5416)	(71, 33.3168)	(72, 33.0854)	(73, 32.8314)	(74, 32.5699)	(75, 32.2332)	(76, 29.1112)																									
SRR792098	(1, 31.9051)	(2, 32.0358)	(3, 32.0553)	(4, 35.4277)	(5, 35.3914)	(6, 35.4019)	(7, 35.3974)	(8, 35.3576)	(9, 37.0287)	(10, 36.9718)	(11, 36.9597)	(12, 36.9372)	(13, 36.8997)	(14, 38.286)	(15, 38.2663)	(16, 38.1967)	(17, 38.1642)	(18, 38.1282)	(19, 38.1223)	(20, 38.086)	(21, 38.0438)	(22, 37.9902)	(23, 37.9279)	(24, 37.8766)	(25, 37.8103)	(26, 37.7008)	(27, 37.5459)	(28, 37.4656)	(29, 37.3603)	(30, 37.2326)	(31, 37.1278)	(32, 36.9783)	(33, 36.912)	(34, 36.8127)	(35, 36.7433)	(36, 36.6347)	(37, 36.7253)	(38, 36.7738)	(39, 36.6916)	(40, 36.6626)	(41, 36.5191)	(42, 36.639)	(43, 36.6184)	(44, 36.541)	(45, 36.5196)	(46, 36.4765)	(47, 36.3877)	(48, 36.2808)	(49, 36.204)	(50, 36.0889)	(51, 33.7167)	(52, 34.689)	(53, 35.3562)	(54, 35.6038)	(55, 35.609)	(56, 35.5536)	(57, 35.4748)	(58, 35.3604)	(59, 35.2263)	(60, 35.1106)	(61, 34.9531)	(62, 34.791)	(63, 34.6266)	(64, 34.4902)	(65, 34.3071)	(66, 34.1697)	(67, 33.9847)	(68, 33.8344)	(69, 33.6445)	(70, 33.4601)	(71, 33.2747)	(72, 33.0687)	(73, 32.9186)	(74, 32.7211)	(75, 32.4947)	(76, 32.3219)	(77, 32.1856)	(78, 31.9859)	(79, 31.8665)	(80, 31.7127)	(81, 31.5628)	(82, 31.3262)	(83, 31.1887)	(84, 31.0786)	(85, 30.9608)	(86, 30.8553)	(87, 30.7146)	(88, 30.5555)	(89, 30.4092)	(90, 30.2846)	(91, 30.2065)	(92, 30.0975)	(93, 29.9729)	(94, 29.836)	(95, 29.6689)	(96, 29.5606)	(97, 29.4422)	(98, 29.2591)	(99, 29.1158)	(100, 28.915)	
SRR867663	(1, 31.6131)	(2, 31.7167)	(3, 31.7309)	(4, 35.009)	(5, 34.9654)	(6, 34.9731)	(7, 34.9416)	(8, 34.9544)	(9, 36.6206)	(10, 36.6079)	(11, 36.5864)	(12, 36.5682)	(13, 36.5534)	(14, 38.0267)	(15, 37.992)	(16, 37.9431)	(17, 37.9395)	(18, 37.9122)	(19, 37.9492)	(20, 37.9289)	(21, 37.9019)	(22, 37.8607)	(23, 37.8131)	(24, 37.7947)	(25, 37.7661)	(26, 37.7188)	(27, 37.6701)	(28, 37.6198)	(29, 37.5776)	(30, 37.5231)	(31, 37.4778)	(32, 37.4298)	(33, 37.389)	(34, 37.3156)	(35, 37.2715)	(36, 37.2086)	(37, 37.1592)	(38, 37.0897)	(39, 37.0099)	(40, 36.9472)	(41, 36.8697)	(42, 36.7967)	(43, 36.9525)	(44, 36.9289)	(45, 36.8928)	(46, 36.8225)	(47, 36.7374)	(48, 36.6622)	(49, 36.5353)	(50, 36.4608)	(51, 36.3759)	(52, 36.2839)	(53, 36.1724)	(54, 36.0732)	(55, 35.9541)	(56, 35.8369)	(57, 35.7068)	(58, 35.5321)	(59, 35.3912)	(60, 35.2649)	(61, 35.1237)	(62, 34.9698)	(63, 34.7992)	(64, 34.6362)	(65, 34.4758)	(66, 34.2918)	(67, 34.1125)	(68, 33.9259)	(69, 33.7288)	(70, 33.5258)	(71, 33.3353)	(72, 33.1599)	(73, 32.9592)	(74, 32.7531)	(75, 32.5285)	(76, 31.5249)																									
