Sample	0	1	2	3	4	5	6	7	8	9	10	11	12	13	14	15	16	17	18	19	20	21	22	23	24	25	26	27	28	29	30	31	32	33	34	35	36	37	38	39	40	41	42	43	44	45	46	47	48	49	50	51	52	53	54	55	56	57	58	59	60	61	62	63	64	65	66	67	68	69	70	71	72	73	74	75	76	77	78	79	80	81	82	83	84	85	86	87	88	89	90	91	92	93	94	95	96	97	98	99	100
ERR031854	(1, 0.0)	(2, 0.177013)	(3, 0.232685)	(4, 0.205807)	(5, 0.246457)	(6, 0.280155)	(7, 0.336942)	(8, 0.345732)	(9, 0.368755)	(10, 0.367673)	(11, 0.343579)	(12, 0.37413)	(13, 0.377905)	(14, 0.381924)	(15, 0.37349699999999997)	(16, 0.373631)	(17, 0.387843)	(18, 0.39616699999999994)	(19, 0.383208)	(20, 0.397258)	(21, 0.370567)	(22, 0.349826)	(23, 0.374208)	(24, 0.359709)	(25, 0.37702)	(26, 0.39454599999999995)	(27, 0.36049200000000003)	(28, 0.376093)	(29, 0.367639)	(30, 0.360317)	(31, 0.378087)	(32, 0.35670799999999997)	(33, 0.335184)	(34, 0.380492)	(35, 0.361244)	(36, 0.38086499999999995)	(37, 0.392287)	(38, 0.38882)	(39, 0.380298)	(40, 0.358871)	(41, 0.396663)	(42, 0.389188)	(43, 0.363823)	(44, 0.356948)	(45, 0.36227299999999996)	(46, 0.344651)	(47, 0.36133699999999996)	(48, 0.343908)	(49, 0.340773)	(50, 0.354274)	(51, 0.32962)	(52, 0.337484)	(53, 0.341673)	(54, 0.3623)	(55, 0.36042)	(56, 0.360115)	(57, 0.326211)	(58, 0.31229999999999997)	(59, 0.332097)	(60, 0.335794)	(61, 0.30075)	(62, 0.327523)	(63, 0.326198)	(64, 0.29729700000000003)	(65, 0.32800300000000004)	(66, 0.276382)	(67, 0.316462)	(68, 0.321298)	(69, 0.319031)	(70, 0.319067)	(71, 0.328458)	(72, 0.327093)	(73, 0.32769600000000004)	(74, 0.337659)	(75, 0.32778199999999996)	(76, 0.34849199999999997)	(77, 0.330926)	(78, 0.348278)	(79, 0.322259)	(80, 0.33111799999999997)	(81, 0.338492)	(82, 0.325285)	(83, 0.354678)	(84, 0.33818899999999996)	(85, 0.337258)	(86, 0.325981)	(87, 0.28602)	(88, 0.297117)	(89, 0.293856)	(90, 0.29463)											
ERR031893	(1, 0.146452)	(2, 0.058109299999999996)	(3, 0.0488855)	(4, 0.04847)	(5, 0.0538024)	(6, 0.036921499999999996)	(7, 0.0277079)	(8, 0.0280058)	(9, 0.0309345)	(10, 0.022963200000000003)	(11, 0.0299596)	(12, 0.035555500000000004)	(13, 0.0244367)	(14, 0.029021199999999997)	(15, 0.029187400000000002)	(16, 0.0266519)	(17, 0.0306892)	(18, 0.029710300000000002)	(19, 0.028251)	(20, 0.0275721)	(21, 0.027576100000000003)	(22, 0.0354035)	(23, 0.0284213)	(24, 0.0354015)	(25, 0.0278396)	(26, 0.0301785)	(27, 0.031889100000000004)	(28, 0.0294793)	(29, 0.0203102)	(30, 0.035662900000000004)	(31, 0.0340496)	(32, 0.0347144)	(33, 0.0344002)	(34, 0.0337253)	(35, 0.032792999999999996)	(36, 0.031023699999999998)	(37, 0.0217066)	(38, 0.029919099999999997)	(39, 0.0239117)	(40, 0.0224423)	(41, 0.0222032)	(42, 0.0210459)	(43, 0.0168951)	(44, 0.017572)	(45, 0.0149514)	(46, 0.019617)	(47, 0.0106304)	(48, 0.016443100000000002)	(49, 0.0199555)	(50, 0.015709400000000002)	(51, 0.012517299999999999)	(52, 0.012280200000000002)	(53, 0.0126916)	(54, 0.0125112)	(55, 0.013388800000000001)	(56, 0.0116417)	(57, 0.014560300000000002)	(58, 0.012118)	(59, 0.0155574)	(60, 0.0170208)	(61, 0.018459800000000002)	(62, 0.006193789999999999)	(63, 0.0143454)	(64, 0.0158148)	(65, 0.015946600000000002)	(66, 0.0186199)	(67, 0.0107013)	(68, 0.016885)	(69, 0.0182368)	(70, 0.0220593)	(71, 0.012809099999999999)	(72, 0.0130524)	(73, 0.0118687)	(74, 0.018559100000000002)	(75, 0.019558299999999997)	(76, 0.0237476)	(77, 0.0163195)	(78, 0.0239604)	(79, 0.015679)	(80, 0.0245542)	(81, 0.0203507)	(82, 0.023101)	(83, 0.0199251)	(84, 0.021155300000000002)	(85, 0.0245826)	(86, 0.0216965)	(87, 0.024687999999999998)	(88, 0.0210824)	(89, 0.0161168)	(90, 0.0214249)											
ERR031925	(1, 0.5012070000000001)	(2, 0.5175489999999999)	(3, 0.5025540000000001)	(4, 0.519254)	(5, 0.526885)	(6, 0.234491)	(7, 0.24254900000000001)	(8, 0.247786)	(9, 0.25046)	(10, 0.250615)	(11, 0.251782)	(12, 0.250113)	(13, 0.242081)	(14, 0.24073699999999998)	(15, 0.23786)	(16, 0.264067)	(17, 0.247271)	(18, 0.250855)	(19, 0.24997499999999997)	(20, 0.24365099999999998)	(21, 0.246169)	(22, 0.247525)	(23, 0.258253)	(24, 0.24683000000000002)	(25, 0.247931)	(26, 0.25668599999999997)	(27, 0.248123)	(28, 0.252677)	(29, 0.262093)	(30, 0.256551)	(31, 0.240969)	(32, 0.241156)	(33, 0.233443)	(34, 0.25342)	(35, 0.25573700000000005)	(36, 0.261098)	(37, 0.272578)	(38, 0.26567999999999997)	(39, 0.264323)	(40, 0.267467)	(41, 0.289953)	(42, 0.271938)	(43, 0.276728)	(44, 0.28732800000000003)	(45, 0.28418699999999997)	(46, 0.305725)	(47, 0.29335500000000003)	(48, 0.285821)	(49, 0.291085)	(50, 0.304436)	(51, 0.30412)	(52, 0.314981)	(53, 0.31217900000000004)	(54, 0.302768)	(55, 0.29009)	(56, 0.295729)	(57, 0.287663)	(58, 0.28184400000000004)	(59, 0.308292)	(60, 0.30539)	(61, 0.291462)	(62, 0.30239)	(63, 0.291985)	(64, 0.302891)	(65, 0.297189)	(66, 0.299809)	(67, 0.30422499999999997)	(68, 0.292628)	(69, 0.289595)	(70, 0.300851)	(71, 0.298007)	(72, 0.308769)	(73, 0.31044900000000003)	(74, 0.34519500000000003)	(75, 0.312716)	(76, 0.30859899999999996)	(77, 0.311232)	(78, 0.353621)	(79, 0.315844)	(80, 0.316576)	(81, 0.31479799999999997)	(82, 0.313017)	(83, 0.32219200000000003)	(84, 0.307809)	(85, 0.301219)	(86, 0.308275)	(87, 0.315311)	(88, 0.31975)	(89, 0.298069)	(90, 0.312867)											
ERR031976	(1, 0.297483)	(2, 0.18187399999999998)	(3, 0.190497)	(4, 0.224425)	(5, 0.22754799999999997)	(6, 0.179396)	(7, 0.187149)	(8, 0.18631699999999998)	(9, 0.189329)	(10, 0.170174)	(11, 0.18019)	(12, 0.180884)	(13, 0.16517400000000002)	(14, 0.168712)	(15, 0.174394)	(16, 0.162808)	(17, 0.168563)	(18, 0.167059)	(19, 0.159352)	(20, 0.163607)	(21, 0.165012)	(22, 0.17177099999999998)	(23, 0.16065000000000002)	(24, 0.17391500000000001)	(25, 0.171316)	(26, 0.18892799999999998)	(27, 0.17171)	(28, 0.17650000000000002)	(29, 0.178983)	(30, 0.173518)	(31, 0.166304)	(32, 0.161389)	(33, 0.173218)	(34, 0.164909)	(35, 0.169763)	(36, 0.18059899999999998)	(37, 0.173743)	(38, 0.17493299999999998)	(39, 0.169759)	(40, 0.16187300000000002)	(41, 0.161618)	(42, 0.172516)	(43, 0.171461)	(44, 0.162403)	(45, 0.169293)	(46, 0.17068999999999998)	(47, 0.161947)	(48, 0.17587)	(49, 0.176202)	(50, 0.174975)	(51, 0.168065)	(52, 0.178728)	(53, 0.178852)	(54, 0.17849700000000002)	(55, 0.173996)	(56, 0.177522)	(57, 0.190665)	(58, 0.178153)	(59, 0.17654)	(60, 0.179198)	(61, 0.178032)	(62, 0.173176)	(63, 0.185641)	(64, 0.172862)	(65, 0.174125)	(66, 0.167429)	(67, 0.16838899999999998)	(68, 0.169208)	(69, 0.158267)	(70, 0.156395)	(71, 0.163018)	(72, 0.158213)	(73, 0.152638)	(74, 0.155786)	(75, 0.150895)	(76, 0.150608)	(77, 0.15306899999999998)	(78, 0.14442000000000002)	(79, 0.147679)	(80, 0.154626)	(81, 0.154104)	(82, 0.148604)	(83, 0.145096)	(84, 0.15168700000000002)	(85, 0.15196)	(86, 0.138276)	(87, 0.137651)	(88, 0.144748)	(89, 0.13862)	(90, 0.132386)											
ERR031982	(1, 0.11463899999999999)	(2, 0.256504)	(3, 0.28080499999999997)	(4, 0.292371)	(5, 0.31000099999999997)	(6, 0.191747)	(7, 0.186169)	(8, 0.181591)	(9, 0.188832)	(10, 0.191738)	(11, 0.179164)	(12, 0.18806)	(13, 0.18004099999999998)	(14, 0.16877299999999998)	(15, 0.180699)	(16, 0.17277700000000001)	(17, 0.181543)	(18, 0.187274)	(19, 0.184945)	(20, 0.18906)	(21, 0.172773)	(22, 0.183663)	(23, 0.177421)	(24, 0.190203)	(25, 0.18840300000000001)	(26, 0.19886)	(27, 0.201179)	(28, 0.19931)	(29, 0.182182)	(30, 0.18739)	(31, 0.190967)	(32, 0.186418)	(33, 0.169169)	(34, 0.194754)	(35, 0.186109)	(36, 0.186463)	(37, 0.187075)	(38, 0.183489)	(39, 0.171605)	(40, 0.18926800000000002)	(41, 0.18553)	(42, 0.185146)	(43, 0.18295799999999998)	(44, 0.177612)	(45, 0.182736)	(46, 0.187067)	(47, 0.19534600000000002)	(48, 0.180962)	(49, 0.187054)	(50, 0.19655699999999998)	(51, 0.197281)	(52, 0.187507)	(53, 0.19447399999999998)	(54, 0.194607)	(55, 0.19229200000000002)	(56, 0.19008899999999998)	(57, 0.19569)	(58, 0.19493100000000002)	(59, 0.189747)	(60, 0.182061)	(61, 0.187735)	(62, 0.191496)	(63, 0.191759)	(64, 0.177251)	(65, 0.195163)	(66, 0.18956)	(67, 0.17887899999999998)	(68, 0.185858)	(69, 0.188625)	(70, 0.173577)	(71, 0.17586100000000002)	(72, 0.181271)	(73, 0.169443)	(74, 0.161328)	(75, 0.16786500000000001)	(76, 0.13020900000000002)	(77, 0.155425)	(78, 0.157883)	(79, 0.157657)	(80, 0.152081)	(81, 0.15600799999999998)	(82, 0.160855)	(83, 0.163204)	(84, 0.165529)	(85, 0.134752)	(86, 0.155022)	(87, 0.139799)	(88, 0.14130099999999998)	(89, 0.1328)	(90, 0.138187)											
ERR034521	(1, 0.188231)	(2, 0.00106186)	(3, 0.00643239)	(4, 0.00181918)	(5, 0.00206732)	(6, 0.0034127800000000002)	(7, 0.0041137000000000005)	(8, 0.00649523)	(9, 0.0051981200000000005)	(10, 0.0034353400000000003)	(11, 0.00457937)	(12, 0.000501121)	(13, 0.00218817)	(14, 0.000530125)	(15, 0.000309374)	(16, 0.00270863)	(17, 0.00149208)	(18, 0.00107636)	(19, 0.000523679)	(20, 0.00124072)	(21, 0.0009522910000000001)	(22, 0.000407664)	(23, 0.00180629)	(24, 0.00038994)	(25, 0.000639694)	(26, 0.00098774)	(27, 0.000356102)	(28, 0.00039477399999999997)	(29, 0.000254589)	(30, 0.00151142)	(31, 0.00252172)	(32, 0.00124716)	(33, 0.0024282600000000002)	(34, 0.0007750449999999999)	(35, 0.000765377)	(36, 0.000351268)	(37, 0.00040605299999999997)	(38, 0.0009361770000000001)	(39, 0.000417332)	(40, 0.0023009700000000003)	(41, 0.00046889400000000003)	(42, 0.00111987)	(43, 0.00326131)	(44, 0.000950679)	(45, 0.00081694)	(46, 0.00119399)	(47, 0.0022784100000000002)	(48, 0.000863668)	(49, 0.000789547)	(50, 0.000319042)	(51, 0.00102641)	(52, 0.00147758)	(53, 0.00497415)	(54, 0.000855611)	(55, 0.000797604)	(56, 0.000673532)	(57, 0.000410887)	(58, 0.0009700150000000001)	(59, 0.00149692)	(60, 0.00126489)	(61, 0.000679977)	(62, 0.0027183)	(63, 0.00147436)	(64, 0.00130839)	(65, 0.0008024379999999999)	(66, 0.00031420799999999996)	(67, 0.000717038)	(68, 0.000958736)	(69, 0.000810494)	(70, 0.0009361770000000001)	(71, 0.0023992600000000003)	(72, 0.0039429)	(73, 0.0019593699999999998)	(74, 0.00118593)	(75, 0.00179018)	(76, 0.000739596)	(77, 0.00192392)	(78, 0.0016081000000000001)	(79, 0.000604245)	(80, 0.0026474000000000003)	(81, 0.00219784)	(82, 0.0019480899999999998)	(83, 0.00525774)	(84, 0.004717949999999999)	(85, 0.00330965)	(86, 0.00221557)	(87, 0.00197548)	(88, 0.00194325)	(89, 0.0014211900000000001)	(90, 0.00152431)											
ERR034553	(1, 0.0)	(2, 0.44519499999999995)	(3, 0.0942124)	(4, 0.09300069999999999)	(5, 0.0854468)	(6, 0.07203319999999999)	(7, 0.011003299999999999)	(8, 0.0170575)	(9, 0.0145683)	(10, 0.0121624)	(11, 0.0132879)	(12, 0.0191974)	(13, 0.007799390000000001)	(14, 0.00919088)	(15, 0.010241799999999999)	(16, 0.012618500000000001)	(17, 0.0185089)	(18, 0.0111188)	(19, 0.0258976)	(20, 0.0133215)	(21, 0.014542)	(22, 0.00775261)	(23, 0.0072702700000000006)	(24, 0.0072746500000000006)	(25, 0.00961768)	(26, 0.007026170000000001)	(27, 0.007343349999999999)	(28, 0.007224959999999999)	(29, 0.0104435)	(30, 0.010181899999999999)	(31, 0.006875620000000001)	(32, 0.00928004)	(33, 0.010534100000000001)	(34, 0.0140655)	(35, 0.0183657)	(36, 0.0114418)	(37, 0.014808)	(38, 0.0293866)	(39, 0.0136562)	(40, 0.027751)	(41, 0.0273022)	(42, 0.0381726)	(43, 0.0326636)	(44, 0.019451700000000002)	(45, 0.0314329)	(46, 0.021740600000000002)	(47, 0.009034480000000001)	(48, 0.013917899999999999)	(49, 0.029367599999999997)	(50, 0.0256696)	(51, 0.0162858)	(52, 0.027520000000000003)	(53, 0.0166278)	(54, 0.017399500000000002)	(55, 0.013418)	(56, 0.0061857200000000005)	(57, 0.0070846400000000006)	(58, 0.00934582)	(59, 0.00621934)	(60, 0.00571068)	(61, 0.00505148)	(62, 0.0046086)	(63, 0.0048863100000000005)	(64, 0.0149893)	(65, 0.014154700000000001)	(66, 0.0357623)	(67, 0.0107271)	(68, 0.0243804)	(69, 0.0211852)	(70, 0.0557387)	(71, 0.0375981)	(72, 0.026774600000000003)	(73, 0.0124957)	(74, 0.0233879)	(75, 0.023444899999999998)	(76, 0.0217772)	(77, 0.0313642)	(78, 0.0258947)	(79, 0.0230021)	(80, 0.038253)	(81, 0.026738)	(82, 0.0101483)	(83, 0.0195672)	(84, 0.040047900000000004)	(85, 0.024435899999999997)	(86, 0.0238206)	(87, 0.0289481)	(88, 0.0241728)	(89, 0.028044799999999998)	(90, 0.0199004)											
ERR034626	(1, 0.372523)	(2, 0.374699)	(3, 0.422653)	(4, 0.429621)	(5, 0.391094)	(6, 0.476573)	(7, 0.491205)	(8, 0.40294700000000006)	(9, 0.44146)	(10, 0.5026079999999999)	(11, 0.42723500000000003)	(12, 0.419882)	(13, 0.41342999999999996)	(14, 0.39009)	(15, 0.40660999999999997)	(16, 0.290474)	(17, 0.348294)	(18, 0.293976)	(19, 0.319059)	(20, 0.438077)	(21, 0.49274599999999996)	(22, 0.522246)	(23, 0.47602800000000006)	(24, 0.339104)	(25, 0.44481499999999996)	(26, 0.48937700000000006)	(27, 0.39426100000000003)	(28, 0.40800200000000003)	(29, 0.47077100000000005)	(30, 0.42475300000000005)	(31, 0.467184)	(32, 0.459418)	(33, 0.369861)	(34, 0.47110700000000005)	(35, 0.46487500000000004)	(36, 0.46797999999999995)	(37, 0.230101)	(38, 0.40440099999999995)	(39, 0.42595999999999995)	(40, 0.445411)	(41, 0.44085900000000006)	(42, 0.409424)	(43, 0.34656600000000004)	(44, 0.33353)	(45, 0.321712)	(46, 0.223902)	(47, 0.411754)	(48, 0.317454)	(49, 0.297063)	(50, 0.333401)	(51, 0.308098)	(52, 0.42394)	(53, 0.392323)	(54, 0.317744)	(55, 0.40280699999999997)	(56, 0.45053699999999997)	(57, 0.457312)	(58, 0.354808)	(59, 0.24926399999999999)	(60, 0.437032)	(61, 0.382303)	(62, 0.294272)	(63, 0.36616499999999996)	(64, 0.274714)	(65, 0.378195)	(66, 0.436413)	(67, 0.260142)	(68, 0.406271)	(69, 0.428934)	(70, 0.437589)	(71, 0.355419)	(72, 0.33458099999999996)	(73, 0.28311000000000003)	(74, 0.266993)	(75, 0.37301)	(76, 0.23781599999999997)	(77, 0.385053)	(78, 0.26811)	(79, 0.180436)	(80, 0.388031)	(81, 0.184891)	(82, 0.417013)	(83, 0.34542700000000004)	(84, 0.292393)	(85, 0.39086499999999996)	(86, 0.368041)	(87, 0.373376)	(88, 0.323084)	(89, 0.368644)	(90, 0.32093700000000003)											
ERR047840	(1, 0.022625)	(2, 0.33341)	(3, 0.408694)	(4, 0.379689)	(5, 0.374851)	(6, 0.0014134199999999999)	(7, 0.0023099)	(8, 0.006069280000000001)	(9, 0.0062375899999999995)	(10, 0.00243355)	(11, 0.007766070000000001)	(12, 0.00556265)	(13, 0.00523463)	(14, 0.00793094)	(15, 0.00954873)	(16, 0.0133528)	(17, 0.0150118)	(18, 0.016770399999999998)	(19, 0.0199046)	(20, 0.0164458)	(21, 0.0174694)	(22, 0.025211400000000002)	(23, 0.0174007)	(24, 0.245469)	(25, 0.39662600000000003)	(26, 0.43104800000000004)	(27, 0.469631)	(28, 0.460074)	(29, 0.8695609999999999)	(30, 0.874164)	(31, 0.8976599999999999)	(32, 0.881197)	(33, 0.8717050000000001)	(34, 0.882347)	(35, 0.85242)	(36, 0.8478100000000001)	(37, 0.872936)	(38, 0.861364)	(39, 0.8550800000000001)	(40, 0.864581)	(41, 0.840669)	(42, 0.832419)	(43, 0.856315)	(44, 0.8342759999999999)	(45, 0.8428389999999999)	(46, 0.83127)	(47, 0.821199)	(48, 0.8236500000000001)	(49, 0.846758)	(50, 0.8329460000000001)	(51, 0.8352580000000001)	(52, 0.8105549999999999)	(53, 0.809227)	(54, 0.7948649999999999)	(55, 0.802928)	(56, 0.78004)	(57, 0.779269)	(58, 0.790697)	(59, 0.768884)	(60, 0.779877)	(61, 0.7970659999999999)	(62, 0.759172)	(63, 0.7674099999999999)	(64, 0.774311)	(65, 0.762992)	(66, 0.765617)	(67, 0.7664920000000001)	(68, 0.760637)	(69, 0.768046)	(70, 0.756922)	(71, 0.753778)	(72, 0.7443660000000001)	(73, 0.748509)	(74, 0.753611)	(75, 0.028366300000000004)	(76, 0.0548623)	(77, 0.0528769)	(78, 0.0492721)	(79, 0.049160499999999996)	(80, 0.0479102)	(81, 0.045159)	(82, 0.0477419)	(83, 0.0481472)	(84, 0.051266)	(85, 0.046459)	(86, 0.038763399999999996)	(87, 0.0398625)	(88, 0.0410767)	(89, 0.0337846)	(90, 0.041492299999999996)											
ERR050746	(1, 0.26122900000000004)	(2, 0.0330299)	(3, 0.029161600000000003)	(4, 0.0271314)	(5, 0.030864100000000002)	(6, 0.0340805)	(7, 0.0671168)	(8, 0.05166129999999999)	(9, 0.0387896)	(10, 0.0315661)	(11, 0.0394448)	(12, 0.014143399999999999)	(13, 0.0108174)	(14, 0.008717810000000001)	(15, 0.0160897)	(16, 0.008611299999999999)	(17, 0.0063326)	(18, 0.0042975800000000005)	(19, 0.014095000000000002)	(20, 0.007728540000000001)	(21, 0.0038408699999999997)	(22, 0.012026100000000001)	(23, 0.0129008)	(24, 0.00824335)	(25, 0.00751068)	(26, 0.00435245)	(27, 0.00532074)	(28, 0.00584038)	(29, 0.0055337599999999995)	(30, 0.00451222)	(31, 0.00610182)	(32, 0.00265149)	(33, 0.00843055)	(34, 0.0172081)	(35, 0.0127604)	(36, 0.00877268)	(37, 0.0193189)	(38, 0.012578)	(39, 0.00643588)	(40, 0.0135802)	(41, 0.0038215)	(42, 0.0284628)	(43, 0.000353425)	(44, 0.00607277)	(45, 0.00872749)	(46, 0.00973451)	(47, 0.008227209999999999)	(48, 0.0244557)	(49, 0.0134366)	(50, 0.006460089999999999)	(51, 0.0186202)	(52, 0.0142951)	(53, 0.0154845)	(54, 0.010071799999999999)	(55, 0.021326499999999998)	(56, 0.0028935600000000003)	(57, 0.0207197)	(58, 0.01435)	(59, 0.0114629)	(60, 0.0031550000000000003)	(61, 0.016707800000000002)	(62, 0.0182732)	(63, 0.0088453)	(64, 0.017101599999999998)	(65, 0.0237133)	(66, 0.0282191)	(67, 0.0015750799999999998)	(68, 0.0124957)	(69, 0.0189913)	(70, 0.0267586)	(71, 0.0338416)	(72, 0.0233325)	(73, 0.023715)	(74, 0.031553199999999997)	(75, 0.013223600000000002)	(76, 0.016122)	(77, 0.0103106)	(78, 0.0038521700000000002)	(79, 0.0192463)	(80, 0.00716371)	(81, 0.0257629)	(82, 0.00583877)	(83, 0.0186783)	(84, 0.021320099999999998)	(85, 0.0205422)	(86, 0.0102219)	(87, 0.012423100000000001)	(88, 0.00623093)	(89, 0.00712175)	(90, 0.017237099999999998)											
ERR250439	(1, 0.0178784)	(2, 0.0294853)	(3, 0.0290419)	(4, 0.0272306)	(5, 0.0291639)	(6, 0.0930335)	(7, 0.112259)	(8, 0.11214400000000001)	(9, 0.09859879999999999)	(10, 0.130853)	(11, 0.14368899999999998)	(12, 0.127896)	(13, 0.115163)	(14, 0.124405)	(15, 0.144125)	(16, 0.11986799999999999)	(17, 0.117355)	(18, 0.11171)	(19, 0.11946599999999999)	(20, 0.10743199999999999)	(21, 0.119403)	(22, 0.128574)	(23, 0.116897)	(24, 0.118622)	(25, 0.118152)	(26, 0.0945327)	(27, 0.0965786)	(28, 0.0877802)	(29, 0.098641)	(30, 0.0936341)	(31, 0.0955346)	(32, 0.0482131)	(33, 0.034642400000000004)	(34, 0.0297223)	(35, 0.0288565)	(36, 0.032021600000000004)	(37, 0.0316439)	(38, 0.0191454)	(39, 0.033640500000000004)	(40, 0.024541800000000003)	(41, 0.0331032)	(42, 0.032282)	(43, 0.0166302)	(44, 0.0284342)	(45, 0.026146600000000002)	(46, 0.0367798)	(47, 0.0322375)	(48, 0.0401959)	(49, 0.031962899999999995)	(50, 0.0335349)	(51, 0.0298443)	(52, 0.23226000000000002)	(53, 0.012259099999999998)	(54, 0.0544799)	(55, 0.08294220000000001)	(56, 0.0750706)	(57, 0.0676822)	(58, 0.06977040000000001)	(59, 0.0654674)	(60, 0.0578773)	(61, 0.062292900000000005)	(62, 0.0486471)	(63, 0.0512491)	(64, 0.0524598)	(65, 0.0578726)	(66, 0.0491985)	(67, 0.060554300000000005)	(68, 0.0633722)	(69, 0.0655917)	(70, 0.06633779999999999)	(71, 0.0745591)	(72, 0.0615914)	(73, 0.0636772)	(74, 0.0532575)	(75, 0.0535367)	(76, 0.0504842)	(77, 0.0608852)	(78, 0.041150900000000004)	(79, 0.0447805)	(80, 0.0480559)	(81, 0.049092899999999995)	(82, 0.0496537)	(83, 0.0416037)	(84, 0.0456017)	(85, 0.043142799999999995)	(86, 0.0497499)	(87, 0.038844500000000004)	(88, 0.027174300000000002)	(89, 0.00567558)	(90, 0.0043335199999999996)	(91, 0.0063161)	(92, 0.0062551)	(93, 0.004784)	(94, 0.00361322)	(95, 0.00682993)	(96, 0.0169376)	(97, 0.0132798)	(98, 0.014239400000000001)	(99, 0.0039675100000000005)	(100, 0.00568965)	
ERR250457	(1, 0.0334977)	(2, 0.0471055)	(3, 0.0441596)	(4, 0.048686900000000005)	(5, 0.042214)	(6, 0.0881544)	(7, 0.128576)	(8, 0.129553)	(9, 0.11967499999999999)	(10, 0.145983)	(11, 0.139758)	(12, 0.11955299999999999)	(13, 0.11763699999999999)	(14, 0.14234)	(15, 0.142143)	(16, 0.12806700000000001)	(17, 0.124786)	(18, 0.134291)	(19, 0.11809299999999999)	(20, 0.13371)	(21, 0.115734)	(22, 0.13179400000000002)	(23, 0.107911)	(24, 0.12142399999999999)	(25, 0.139143)	(26, 0.12676099999999998)	(27, 0.118556)	(28, 0.11844900000000001)	(29, 0.10917800000000001)	(30, 0.112473)	(31, 0.124419)	(32, 0.073477)	(33, 0.0476953)	(34, 0.055324599999999995)	(35, 0.038025)	(36, 0.0368888)	(37, 0.0431333)	(38, 0.059224500000000006)	(39, 0.0472038)	(40, 0.0485366)	(41, 0.0539195)	(42, 0.042283400000000006)	(43, 0.0428038)	(44, 0.0636708)	(45, 0.0467413)	(46, 0.034989400000000004)	(47, 0.0421128)	(48, 0.0587937)	(49, 0.0566544)	(50, 0.0445788)	(51, 0.0387824)	(52, 0.27578199999999997)	(53, 0.024428699999999998)	(54, 0.11215800000000001)	(55, 0.164777)	(56, 0.146913)	(57, 0.142337)	(58, 0.143684)	(59, 0.123566)	(60, 0.123554)	(61, 0.103705)	(62, 0.111823)	(63, 0.094529)	(64, 0.0978855)	(65, 0.11579500000000001)	(66, 0.10842600000000001)	(67, 0.11381200000000001)	(68, 0.130941)	(69, 0.125911)	(70, 0.11175099999999999)	(71, 0.13437200000000002)	(72, 0.123884)	(73, 0.11002799999999999)	(74, 0.10315)	(75, 0.109293)	(76, 0.11569399999999999)	(77, 0.122621)	(78, 0.107851)	(79, 0.102294)	(80, 0.106217)	(81, 0.10263)	(82, 0.108388)	(83, 0.09538189999999999)	(84, 0.102696)	(85, 0.106139)	(86, 0.102364)	(87, 0.0929737)	(88, 0.0812132)	(89, 0.0487245)	(90, 0.0402684)	(91, 0.0488748)	(92, 0.038574300000000006)	(93, 0.023700199999999998)	(94, 0.026261600000000003)	(95, 0.0173169)	(96, 0.0182681)	(97, 0.00945059)	(98, 0.00501006)	(99, 0.0169729)	(100, 0.0111042)	
ERR250529	(1, 0.0941545)	(2, 0.0800946)	(3, 0.0631767)	(4, 0.054076799999999994)	(5, 0.0594833)	(6, 0.010603399999999999)	(7, 0.014883)	(8, 0.0236214)	(9, 0.026345900000000002)	(10, 0.0330706)	(11, 0.0356857)	(12, 0.0411347)	(13, 0.0483575)	(14, 0.0583382)	(15, 0.062068)	(16, 0.0744422)	(17, 0.0744057)	(18, 0.0885658)	(19, 0.0898718)	(20, 0.09909020000000002)	(21, 0.102049)	(22, 0.10800499999999999)	(23, 0.111279)	(24, 0.113751)	(25, 0.125633)	(26, 0.139043)	(27, 0.141142)	(28, 0.147627)	(29, 0.158968)	(30, 0.156326)	(31, 0.165872)	(32, 0.168068)	(33, 0.170616)	(34, 0.17835600000000001)	(35, 0.182031)	(36, 0.18464899999999998)	(37, 0.18579099999999998)	(38, 0.188986)	(39, 0.19236399999999998)	(40, 0.20212)	(41, 0.19874200000000003)	(42, 0.202682)	(43, 0.205318)	(44, 0.20730800000000002)	(45, 0.206937)	(46, 0.21340299999999998)	(47, 0.21544799999999997)	(48, 0.22079600000000002)	(49, 0.223697)	(50, 0.227749)	(51, 0.232438)	(52, 0.229407)	(53, 0.238841)	(54, 0.239676)	(55, 0.24180600000000002)	(56, 0.238935)	(57, 0.239382)	(58, 0.23626200000000003)	(59, 0.24337899999999998)	(60, 0.24247700000000003)	(61, 0.236952)	(62, 0.24061500000000002)	(63, 0.245071)	(64, 0.24129799999999998)	(65, 0.251246)	(66, 0.250942)	(67, 0.250842)	(68, 0.2605)	(69, 0.257685)	(70, 0.256567)	(71, 0.25668599999999997)	(72, 0.264543)	(73, 0.26185200000000003)	(74, 0.27108000000000004)	(75, 0.264899)	(76, 0.26569699999999996)	(77, 0.270059)	(78, 0.275973)	(79, 0.275405)	(80, 0.269403)	(81, 0.276954)	(82, 0.27582700000000004)	(83, 0.284517)	(84, 0.274767)	(85, 0.28127)	(86, 0.280274)	(87, 0.278363)	(88, 0.27645600000000004)	(89, 0.27954199999999996)	(90, 0.277999)	(91, 0.279177)	(92, 0.282451)	(93, 0.283621)	(94, 0.284107)	(95, 0.280298)	(96, 0.280632)	(97, 0.281212)	(98, 0.28203500000000004)	(99, 0.28459599999999996)	(100, 0.28940699999999997)	
ERR250603	(1, 1.72031)	(2, 2.14272)	(3, 3.05379)	(4, 2.16005)	(5, 2.30232)	(6, 0.00559136)	(7, 1.4035799999999998)	(8, 0.760931)	(9, 0.07062289999999999)	(10, 0.789084)	(11, 1.5421799999999999)	(12, 1.40404)	(13, 1.40716)	(14, 0.744907)	(15, 1.38377)	(16, 2.28065)	(17, 1.54854)	(18, 1.51077)	(19, 0.78519)	(20, 0.0162735)	(21, 1.42297)	(22, 0.0108699)	(23, 1.52061)	(24, 0.763965)	(25, 1.77592)	(26, 0.12620599999999998)	(27, 0.790798)	(28, 2.18423)	(29, 0.000733759)	(30, 0.00037541100000000003)	(31, 0.0009612809999999999)	(32, 0.635025)	(33, 0.769989)	(34, 0.009393819999999999)	(35, 0.0010466)	(36, 0.745894)	(37, 0.74735)	(38, 1.37246)	(39, 0.0018599900000000002)	(40, 0.642525)	(41, 0.7600319999999999)	(42, 0.764966)	(43, 0.787386)	(44, 0.00596392)	(45, 0.0185544)	(46, 0.020696000000000003)	(47, 0.016592000000000003)	(48, 0.0109239)	(49, 0.00912364)	(50, 0.008315930000000001)	(51, 0.00787795)	(52, 0.763757)	(53, 0.652098)	(54, 0.651916)	(55, 0.795201)	(56, 0.670272)	(57, 0.025672999999999998)	(58, 0.0397481)	(59, 0.049736300000000004)	(60, 0.061741)	(61, 0.06383699999999999)	(62, 0.769255)	(63, 1.5453100000000002)	(64, 0.015832699999999998)	(65, 0.7889749999999999)	(66, 0.028585299999999998)	(67, 0.022996799999999998)	(68, 0.0249933)	(69, 0.006760250000000001)	(70, 0.009149230000000001)	(71, 0.00209889)	(72, 3.41283e-05)	(73, 0.0)	(74, 0.00108642)	(75, 5.68805e-05)	(76, 0.00870272)	(77, 0.0042774200000000005)	(78, 0.782167)	(79, 0.052779400000000004)	(80, 0.00744282)	(81, 0.00980051)	(82, 0.00941088)	(83, 0.00591273)	(84, 0.0100138)	(85, 0.0127754)	(86, 0.0183013)	(87, 0.020309200000000003)	(88, 0.011023400000000001)	(89, 0.00792061)	(90, 0.00114899)	(91, 0.00376549)	(92, 0.0971093)	(93, 0.22079600000000002)	(94, 0.21660400000000002)	(95, 0.211962)	(96, 0.19787899999999997)	(97, 0.234774)	(98, 0.266653)	(99, 0.240994)	(100, 0.254162)	
ERR250643	(1, 0.016918)	(2, 0.016654)	(3, 0.00679688)	(4, 0.00849885)	(5, 0.00966466)	(6, 0.000137477)	(7, 0.00036569)	(8, 0.00101458)	(9, 0.001504)	(10, 0.00040693299999999995)	(11, 0.000230962)	(12, 0.00128954)	(13, 0.00124555)	(14, 0.0)	(15, 0.00029970100000000004)	(16, 0.0)	(17, 0.0)	(18, 0.0)	(19, 0.0)	(20, 0.0)	(21, 0.0)	(22, 1.92468e-05)	(23, 0.00021996399999999998)	(24, 0.0)	(25, 0.000310699)	(26, 0.0)	(27, 0.0)	(28, 9.62342e-05)	(29, 0.0)	(30, 0.0)	(31, 1.92468e-05)	(32, 0.0)	(33, 0.0)	(34, 0.0)	(35, 2.74955e-06)	(36, 0.0)	(37, 0.0)	(38, 0.0)	(39, 0.0)	(40, 0.0)	(41, 2.74955e-06)	(42, 0.0)	(43, 0.0)	(44, 0.0)	(45, 0.0)	(46, 0.0)	(47, 0.0)	(48, 0.0)	(49, 0.0)	(50, 0.0)	(51, 0.0)	(52, 0.0)	(53, 0.0)	(54, 0.0)	(55, 0.0)	(56, 0.0)	(57, 0.0)	(58, 4.12432e-05)	(59, 0.0)	(60, 0.0)	(61, 0.0)	(62, 0.0)	(63, 0.0)	(64, 0.0)	(65, 0.0)	(66, 0.0)	(67, 0.0)	(68, 0.0)	(69, 0.0)	(70, 0.0)	(71, 0.0)	(72, 0.0)	(73, 0.0)	(74, 0.0)	(75, 0.0)	(76, 0.0)	(77, 0.0)	(78, 0.0)	(79, 0.0)	(80, 0.0)	(81, 0.0)	(82, 0.0)	(83, 0.0)	(84, 0.0)	(85, 0.0)	(86, 6.87387e-05)	(87, 0.000118231)	(88, 0.00230962)	(89, 0.0055265900000000005)	(90, 0.004294790000000001)	(91, 0.007382540000000001)	(92, 0.0019301799999999999)	(93, 0.00126204)	(94, 0.00474297)	(95, 0.000390436)	(96, 5.4991e-06)	(97, 0.000236461)	(98, 0.00149026)	(99, 3.0245000000000003e-05)	(100, 0.0032857100000000003)	
ERR250681	(1, 0.054754300000000006)	(2, 0.10286799999999999)	(3, 0.0)	(4, 0.0)	(5, 0.0)	(6, 0.0)	(7, 0.0)	(8, 0.0)	(9, 0.0)	(10, 0.0)	(11, 0.0)	(12, 0.0)	(13, 0.0)	(14, 0.0)	(15, 0.0)	(16, 0.0)	(17, 0.0)	(18, 0.0220717)	(19, 0.0660954)	(20, 0.0697602)	(21, 0.0700131)	(22, 0.06591280000000001)	(23, 0.0715526)	(24, 0.0749658)	(25, 0.066838)	(26, 0.0626304)	(27, 0.0639638)	(28, 0.0659955)	(29, 0.058669500000000006)	(30, 0.0593627)	(31, 0.0738728)	(32, 0.061292)	(33, 0.057756699999999994)	(34, 0.055421599999999994)	(35, 0.050221)	(36, 0.0529286)	(37, 0.055458600000000004)	(38, 0.064514)	(39, 0.06476319999999999)	(40, 0.0548332)	(41, 0.0559384)	(42, 0.054701200000000005)	(43, 0.0612057)	(44, 0.0547308)	(45, 0.05825999999999999)	(46, 0.05363539999999999)	(47, 0.0548443)	(48, 0.061144)	(49, 0.060225)	(50, 0.053647799999999995)	(51, 0.0564467)	(52, 0.0589285)	(53, 0.0711381)	(54, 0.0745427)	(55, 0.0588595)	(56, 0.060582699999999996)	(57, 0.060822)	(58, 0.06590170000000001)	(59, 0.0655378)	(60, 0.0746685)	(61, 0.0596946)	(62, 0.070657)	(63, 0.07886739999999999)	(64, 0.067192)	(65, 0.0600646)	(66, 0.0547493)	(67, 0.0497967)	(68, 0.051447099999999996)	(69, 0.0445517)	(70, 0.054922)	(71, 0.0437906)	(72, 0.0422758)	(73, 0.041736699999999995)	(74, 0.0417417)	(75, 0.0430196)	(76, 0.0379942)	(77, 0.0375859)	(78, 0.0332611)	(79, 0.0430616)	(80, 0.0450599)	(81, 0.0421549)	(82, 0.0369)	(83, 0.0426347)	(84, 0.0496819)	(85, 0.0589211)	(86, 0.0569561)	(87, 0.0614141)	(88, 0.048746899999999996)	(89, 0.0483411)	(90, 0.048702499999999996)	(91, 0.059179)	(92, 0.0447663)	(93, 0.0451832)	(94, 0.0431639)	(95, 0.0445652)	(96, 0.0507625)	(97, 0.046358800000000006)	(98, 0.0424386)	(99, 0.043996600000000004)	(100, 0.0364782)	
ERR250992	(1, 0.0421437)	(2, 0.0001448)	(3, 0.00118253)	(4, 0.00222027)	(5, 0.0024719399999999997)	(6, 0.000675734)	(7, 0.00544035)	(8, 3.44762e-06)	(9, 0.00126183)	(10, 0.00301322)	(11, 0.00312355)	(12, 0.0012997500000000001)	(13, 0.00120322)	(14, 0.0)	(15, 0.0006274669999999999)	(16, 0.0)	(17, 0.0)	(18, 0.0)	(19, 0.0)	(20, 0.00013101)	(21, 0.0)	(22, 0.0)	(23, 6.89524e-06)	(24, 0.0)	(25, 0.0)	(26, 0.0)	(27, 0.000186172)	(28, 0.0)	(29, 0.0)	(30, 0.0)	(31, 0.0)	(32, 0.0)	(33, 0.0)	(34, 0.0)	(35, 0.0)	(36, 0.000189619)	(37, 0.0)	(38, 0.0)	(39, 0.00018272400000000002)	(40, 0.0)	(41, 3.44762e-06)	(42, 0.0)	(43, 0.0)	(44, 0.0)	(45, 0.0)	(46, 0.0)	(47, 0.0)	(48, 0.0)	(49, 0.0)	(50, 0.0)	(51, 9.653339999999999e-05)	(52, 0.000158591)	(53, 0.0)	(54, 0.0)	(55, 0.0)	(56, 0.0)	(57, 0.0)	(58, 0.0)	(59, 0.0)	(60, 0.0)	(61, 0.0)	(62, 0.0)	(63, 0.0)	(64, 1.37905e-05)	(65, 0.000106876)	(66, 0.0017307099999999999)	(67, 0.0)	(68, 0.0)	(69, 0.0001448)	(70, 0.0001448)	(71, 0.000341315)	(72, 1.37905e-05)	(73, 0.000589543)	(74, 0.0)	(75, 0.000441296)	(76, 2.7581e-05)	(77, 0.0)	(78, 0.0)	(79, 0.0)	(80, 0.0018306899999999998)	(81, 0.000255124)	(82, 4.13715e-05)	(83, 6.89524e-06)	(84, 0.0)	(85, 0.00022754299999999997)	(86, 0.0)	(87, 0.0)	(88, 0.0)	(89, 0.0)	(90, 0.0)	(91, 0.0)	(92, 0.0)	(93, 0.0)	(94, 0.0)	(95, 0.0)	(96, 1.72381e-05)	(97, 0.0)	(98, 0.0)	(99, 0.0)	(100, 0.0)	
HG00097	(1, 0.0)	(2, 0.0)	(3, 0.0)	(4, 0.0)	(5, 0.0)	(6, 0.0)	(7, 0.0)	(8, 0.0)	(9, 0.0)	(10, 0.0)	(11, 0.0)	(12, 0.00195348)	(13, 0.00383487)	(14, 0.000841131)	(15, 0.0017818200000000001)	(16, 0.0)	(17, 0.0)	(18, 0.0)	(19, 0.007257759999999999)	(20, 1.02996e-05)	(21, 0.0)	(22, 0.0)	(23, 0.0)	(24, 1.37328e-05)	(25, 0.00315167)	(26, 0.00419192)	(27, 0.0)	(28, 0.00846967)	(29, 0.0)	(30, 0.0)	(31, 0.0)	(32, 0.0)	(33, 0.0)	(34, 0.0)	(35, 0.0)	(36, 0.0)	(37, 0.0)	(38, 0.0)	(39, 0.0)	(40, 0.0)	(41, 0.0)	(42, 0.0)	(43, 0.0)	(44, 0.0)	(45, 0.0)	(46, 0.0)	(47, 0.0)	(48, 0.0)	(49, 0.00111922)	(50, 0.0)	(51, 0.0)	(52, 0.0)	(53, 0.0)	(54, 0.0)	(55, 0.0)	(56, 0.0)	(57, 0.0)	(58, 0.0)	(59, 0.0)	(60, 0.0)	(61, 0.0)	(62, 0.0)	(63, 0.00370784)	(64, 0.0178903)	(65, 0.0256356)	(66, 0.00965756)	(67, 0.0162905)	(68, 0.0156416)	(69, 0.00571626)	(70, 0.0)	(71, 0.0)	(72, 0.0)	(73, 0.0)	(74, 0.0)	(75, 0.0)	(76, 0.0)	(77, 0.15890500000000002)	(78, 0.113889)	(79, 0.0505983)	(80, 0.0439551)	(81, 0.026933399999999996)	(82, 0.532941)	(83, 0.097245)	(84, 0.0961842)	(85, 0.0936848)	(86, 0.08003450000000001)	(87, 0.0551576)	(88, 0.0395881)	(89, 0.0403777)	(90, 0.023994500000000002)	(91, 0.00996998)	(92, 0.00675308)	(93, 0.00331989)	(94, 0.0024513)	(95, 0.00221097)	(96, 0.0017989899999999999)	(97, 0.00664322)	(98, 0.009516799999999999)	(99, 0.012318299999999999)	(100, 0.0372604)	(101, 0.0563523)
HG00105	(1, 0.0378603)	(2, 0.0377569)	(3, 0.0428479)	(4, 0.0205674)	(5, 0.049958800000000005)	(6, 0.0)	(7, 0.0)	(8, 8.61715e-05)	(9, 0.0)	(10, 0.0009168650000000001)	(11, 0.0032882999999999996)	(12, 0.013942499999999998)	(13, 0.00103406)	(14, 0.0016889599999999998)	(15, 0.00144079)	(16, 0.00179926)	(17, 0.003963889999999999)	(18, 0.00668001)	(19, 0.0118503)	(20, 0.008155270000000001)	(21, 0.014924900000000001)	(22, 0.0239419)	(23, 0.00907903)	(24, 0.025258600000000003)	(25, 0.0177238)	(26, 0.0036881400000000003)	(27, 0.0038329099999999997)	(28, 0.004256869999999999)	(29, 0.000141321)	(30, 6.89372e-05)	(31, 0.00233008)	(32, 0.00557013)	(33, 0.0)	(34, 0.000637669)	(35, 0.0044567899999999995)	(36, 0.011316)	(37, 0.014156300000000002)	(38, 0.019847)	(39, 0.0182511)	(40, 0.0149421)	(41, 0.0128671)	(42, 0.0111437)	(43, 0.00199573)	(44, 0.00879294)	(45, 0.001103)	(46, 2.06812e-05)	(47, 0.00042051699999999997)	(48, 0.00586655)	(49, 0.0)	(50, 0.000327452)	(51, 0.0)	(52, 0.000151662)	(53, 0.00267821)	(54, 0.00460845)	(55, 0.0041017599999999994)	(56, 0.0208328)	(57, 0.00838966)	(58, 0.00584243)	(59, 0.012212200000000001)	(60, 0.0017062)	(61, 0.021453299999999998)	(62, 0.010981699999999999)	(63, 0.00253689)	(64, 0.00672482)	(65, 0.00220944)	(66, 0.010499099999999999)	(67, 0.012432799999999999)	(68, 0.0255481)	(69, 0.014032199999999998)	(70, 0.00886877)	(71, 0.000668691)	(72, 0.013883999999999999)	(73, 0.0123329)	(74, 0.0298084)	(75, 0.014208)	(76, 0.0201814)	(77, 0.0129188)	(78, 0.0154936)	(79, 0.0191852)	(80, 0.0)	(81, 0.186389)	(82, 0.169268)	(83, 0.159159)	(84, 0.181022)	(85, 0.18812600000000002)	(86, 0.18592999999999998)	(87, 0.186279)	(88, 0.191328)	(89, 0.11685899999999999)	(90, 0.100907)	(91, 0.583553)	(92, 0.30681200000000003)	(93, 0.295672)	(94, 0.697458)	(95, 0.6420399999999999)	(96, 0.193641)	(97, 0.22514900000000002)	(98, 0.19855599999999998)	(99, 0.223863)	(100, 0.16530099999999998)	(101, 0.168824)
HG00106	(1, 0.1352)	(2, 0.145401)	(3, 0.126318)	(4, 0.0975603)	(5, 0.1077)	(6, 0.00413903)	(7, 0.00045550600000000005)	(8, 8.80645e-05)	(9, 0.000133615)	(10, 0.000133615)	(11, 0.000707553)	(12, 0.000236863)	(13, 0.0)	(14, 3.0367100000000004e-06)	(15, 0.00155176)	(16, 3.0367100000000004e-06)	(17, 0.00014272499999999999)	(18, 0.0042635400000000006)	(19, 0.011065799999999999)	(20, 0.00312781)	(21, 0.00020042300000000003)	(22, 0.009893589999999999)	(23, 0.0167383)	(24, 6.37709e-05)	(25, 0.0010203299999999998)	(26, 0.00113269)	(27, 3.0367100000000004e-06)	(28, 0.0)	(29, 0.000182202)	(30, 0.000555718)	(31, 0.0)	(32, 0.00120557)	(33, 0.0)	(34, 0.0)	(35, 0.00295472)	(36, 0.00378374)	(37, 0.0287576)	(38, 0.00409652)	(39, 0.007531039999999999)	(40, 0.0191191)	(41, 0.00476763)	(42, 0.0017187800000000003)	(43, 0.0)	(44, 0.0)	(45, 0.00139689)	(46, 0.0)	(47, 0.0)	(48, 0.0)	(49, 0.000197386)	(50, 3.34038e-05)	(51, 0.0)	(52, 0.00142118)	(53, 0.0034709599999999995)	(54, 0.000680223)	(55, 6.073420000000001e-06)	(56, 0.00505612)	(57, 0.00298205)	(58, 0.0231397)	(59, 0.013340300000000001)	(60, 0.00271178)	(61, 0.0067445299999999994)	(62, 0.0227632)	(63, 0.00976605)	(64, 0.0)	(65, 0.000103248)	(66, 0.0127117)	(67, 0.031985599999999996)	(68, 0.0143302)	(69, 0.00915871)	(70, 0.0017157399999999999)	(71, 0.0486845)	(72, 0.0353473)	(73, 0.0179955)	(74, 0.0314724)	(75, 0.0245579)	(76, 0.0342692)	(77, 0.0193286)	(78, 0.00410867)	(79, 0.0137077)	(80, 0.013504200000000001)	(81, 0.104678)	(82, 0.0926743)	(83, 0.092574)	(84, 0.106916)	(85, 0.102176)	(86, 0.0955834)	(87, 0.10472400000000001)	(88, 0.10051500000000001)	(89, 0.0727261)	(90, 0.0710165)	(91, 0.556495)	(92, 0.419773)	(93, 0.479038)	(94, 0.6014259999999999)	(95, 0.562332)	(96, 0.34861699999999995)	(97, 0.357029)	(98, 0.329194)	(99, 0.295353)	(100, 0.32670099999999996)	(101, 0.264224)
HG00125	(1, 0.0566268)	(2, 0.0016380099999999999)	(3, 0.00327603)	(4, 0.000480849)	(5, 9.77334e-06)	(6, 1.56374e-05)	(7, 2.3456e-05)	(8, 2.932e-05)	(9, 1.7592e-05)	(10, 2.3456e-05)	(11, 2.932e-05)	(12, 3.12747e-05)	(13, 1.56374e-05)	(14, 1.56374e-05)	(15, 0.141452)	(16, 1.36827e-05)	(17, 0.00377251)	(18, 3.5184e-05)	(19, 2.73654e-05)	(20, 5.2776100000000004e-05)	(21, 0.0133543)	(22, 2.3456e-05)	(23, 2.3456e-05)	(24, 3.7138700000000004e-05)	(25, 0.0187179)	(26, 0.127896)	(27, 4.4957400000000004e-05)	(28, 0.0337454)	(29, 4.30027e-05)	(30, 2.73654e-05)	(31, 0.07575319999999999)	(32, 2.932e-05)	(33, 3.12747e-05)	(34, 3.12747e-05)	(35, 0.15274200000000002)	(36, 3.5184e-05)	(37, 0.143985)	(38, 3.3229400000000004e-05)	(39, 0.12326699999999999)	(40, 0.000125099)	(41, 0.00671038)	(42, 0.0298517)	(43, 0.000449574)	(44, 2.932e-05)	(45, 2.73654e-05)	(46, 1.95467e-05)	(47, 0.0657922)	(48, 1.7592e-05)	(49, 1.36827e-05)	(50, 1.7592e-05)	(51, 0.051427299999999995)	(52, 2.73654e-05)	(53, 2.54107e-05)	(54, 0.0113527)	(55, 0.009472330000000001)	(56, 0.0886794)	(57, 3.5184e-05)	(58, 0.000228696)	(59, 0.0565153)	(60, 0.0814511)	(61, 1.7592e-05)	(62, 0.0143004)	(63, 0.12293499999999999)	(64, 0.00094215)	(65, 0.09496170000000001)	(66, 2.73654e-05)	(67, 2.15014e-05)	(68, 2.54107e-05)	(69, 9.77334e-06)	(70, 9.77334e-06)	(71, 7.81868e-06)	(72, 7.81868e-06)	(73, 0.106682)	(74, 0.037619599999999996)	(75, 1.56374e-05)	(76, 0.00767012)	(77, 9.77334e-06)	(78, 9.77334e-06)	(79, 0.00620021)	(80, 0.029224299999999998)	(81, 0.0297598)	(82, 0.0686851)	(83, 2.15014e-05)	(84, 0.00588942)	(85, 7.81868e-06)	(86, 9.77334e-06)	(87, 0.137503)	(88, 0.10215300000000001)	(89, 3.90934e-06)	(90, 0.0010770200000000001)											
HG00145	(1, 1.5102300000000002)	(2, 1.49032)	(3, 1.46424)	(4, 1.4509100000000001)	(5, 1.4609)	(6, 1.4822899999999999)	(7, 1.48187)	(8, 1.48191)	(9, 1.47052)	(10, 1.48431)	(11, 1.46514)	(12, 1.4562300000000001)	(13, 1.7545600000000001)	(14, 1.47681)	(15, 1.47384)	(16, 1.49163)	(17, 1.4976800000000001)	(18, 1.50802)	(19, 1.53788)	(20, 1.52392)	(21, 1.4764599999999999)	(22, 1.47513)	(23, 1.46876)	(24, 1.45398)	(25, 1.45919)	(26, 1.48343)	(27, 1.50911)	(28, 1.5721599999999998)	(29, 1.5860200000000002)	(30, 1.56955)	(31, 1.59943)	(32, 1.6213700000000002)	(33, 1.61155)	(34, 1.6)	(35, 1.6182100000000001)	(36, 1.61514)	(37, 1.6185999999999998)	(38, 1.63565)	(39, 1.6449399999999998)	(40, 1.6032399999999998)	(41, 1.61119)	(42, 1.59183)	(43, 1.5965)	(44, 1.5973899999999999)	(45, 1.58949)	(46, 1.57208)	(47, 1.55637)	(48, 1.56183)	(49, 1.53717)	(50, 1.53048)	(51, 1.54026)	(52, 1.5197)	(53, 1.52017)	(54, 1.54401)	(55, 1.5348199999999999)	(56, 1.54996)	(57, 1.5436800000000002)	(58, 1.53196)	(59, 1.51506)	(60, 1.50315)	(61, 1.51041)	(62, 1.50525)	(63, 1.50974)	(64, 1.49308)	(65, 1.49922)	(66, 1.49163)	(67, 1.49214)	(68, 1.46691)	(69, 1.484)	(70, 1.4848)	(71, 1.4957399999999998)	(72, 1.49334)	(73, 1.47671)	(74, 1.48251)	(75, 1.49184)	(76, 1.17744)																									
HG00171	(1, 0.16028399999999998)	(2, 0.192855)	(3, 0.213291)	(4, 0.188914)	(5, 0.18176399999999998)	(6, 0.341312)	(7, 0.32847699999999996)	(8, 0.303376)	(9, 0.320543)	(10, 0.324648)	(11, 0.298741)	(12, 0.316453)	(13, 0.314662)	(14, 0.319293)	(15, 0.300212)	(16, 0.309803)	(17, 0.282989)	(18, 0.321466)	(19, 0.298956)	(20, 0.310128)	(21, 0.35080100000000003)	(22, 0.301998)	(23, 0.321533)	(24, 0.313444)	(25, 0.310398)	(26, 0.33653099999999997)	(27, 0.34562899999999996)	(28, 0.327248)	(29, 0.327028)	(30, 0.338146)	(31, 0.32605999999999996)	(32, 0.303599)	(33, 0.303116)	(34, 0.30980399999999997)	(35, 0.292269)	(36, 0.268996)	(37, 0.30021000000000003)	(38, 0.306329)	(39, 0.28602900000000003)	(40, 0.27705199999999996)	(41, 0.283408)	(42, 0.297632)	(43, 0.28094399999999997)	(44, 0.277225)	(45, 0.272954)	(46, 0.272818)	(47, 0.298372)	(48, 0.278102)	(49, 0.287006)	(50, 0.29448)	(51, 0.29203599999999996)	(52, 0.267693)	(53, 0.27643199999999996)	(54, 0.227974)	(55, 0.253197)	(56, 0.260059)	(57, 0.267315)	(58, 0.254132)	(59, 0.23212900000000003)	(60, 0.259278)	(61, 0.257213)	(62, 0.246456)	(63, 0.239844)	(64, 0.250155)	(65, 0.22128199999999998)	(66, 0.25982900000000003)	(67, 0.248828)	(68, 0.254705)	(69, 0.21530999999999997)	(70, 0.209406)	(71, 0.22465200000000002)	(72, 0.20805099999999999)	(73, 0.20449299999999998)	(74, 0.20023)	(75, 0.20655700000000002)	(76, 0.208907)	(77, 0.218343)	(78, 0.21165699999999998)	(79, 0.186578)	(80, 0.232327)	(81, 0.22490700000000002)	(82, 0.23356800000000003)	(83, 0.23038)	(84, 0.262794)	(85, 0.239734)	(86, 0.24620599999999998)	(87, 0.253866)	(88, 0.266601)	(89, 0.25469400000000003)	(90, 0.24365699999999998)											
HG00173	(1, 0.0291425)	(2, 0.017936)	(3, 0.006517029999999999)	(4, 0.0012354)	(5, 0.0)	(6, 0.0)	(7, 0.0)	(8, 0.0)	(9, 0.0)	(10, 0.0)	(11, 0.0)	(12, 0.0)	(13, 2.8334899999999998e-06)	(14, 0.000204011)	(15, 0.000515696)	(16, 0.000971888)	(17, 0.0006828720000000001)	(18, 0.000164343)	(19, 0.00268898)	(20, 0.0038875499999999996)	(21, 0.0012099)	(22, 0.000685705)	(23, 0.000359854)	(24, 0.000164343)	(25, 5.38364e-05)	(26, 7.367079999999999e-05)	(27, 7.367079999999999e-05)	(28, 0.00044202499999999997)	(29, 2.8334899999999998e-06)	(30, 0.00022951299999999998)	(31, 0.00031451799999999996)	(32, 0.0007933780000000001)	(33, 0.000325852)	(34, 0.000844381)	(35, 0.0017766)	(36, 0.00178793)	(37, 0.000609201)	(38, 0.0018587700000000003)	(39, 0.0011504)	(40, 0.0008868829999999999)	(41, 0.000447692)	(42, 1.41675e-05)	(43, 0.0)	(44, 0.0)	(45, 0.0)	(46, 0.0)	(47, 0.0)	(48, 0.0)	(49, 0.0)	(50, 0.0)	(51, 0.0)	(52, 0.0)	(53, 7.08373e-05)	(54, 0.0116797)	(55, 0.0022923)	(56, 0.00046469299999999996)	(57, 0.0)	(58, 0.0)	(59, 0.0)	(60, 0.0)	(61, 0.0)	(62, 0.0)	(63, 2.8334899999999998e-06)	(64, 0.0)	(65, 6.517030000000001e-05)	(66, 0.0)	(67, 0.00289866)	(68, 0.000963387)	(69, 0.00544314)	(70, 0.0)	(71, 0.00245664)	(72, 0.0112291)	(73, 0.000490194)	(74, 8.21713e-05)	(75, 0.0)	(76, 0.0)	(77, 0.0)	(78, 0.0)	(79, 3.6835399999999996e-05)	(80, 0.00138558)	(81, 0.0035107000000000003)	(82, 0.012594900000000001)	(83, 0.0)	(84, 0.0)	(85, 0.0)	(86, 0.0)	(87, 0.22538699999999998)	(88, 0.350429)	(89, 0.356122)	(90, 0.344674)	(91, 0.675578)	(92, 0.24922299999999997)	(93, 0.199577)	(94, 0.145945)	(95, 0.127459)	(96, 0.164382)	(97, 0.144262)	(98, 0.150682)	(99, 0.126527)	(100, 0.122812)	(101, 0.113351)
HG00407	(1, 0.18598499999999998)	(2, 0.172301)	(3, 0.191929)	(4, 0.197994)	(5, 0.224009)	(6, 0.0751128)	(7, 0.0679718)	(8, 0.0694774)	(9, 0.06635840000000001)	(10, 0.0743178)	(11, 0.0696955)	(12, 0.0782084)	(13, 0.067667)	(14, 0.066485)	(15, 0.07185069999999999)	(16, 0.0679578)	(17, 0.0665178)	(18, 0.074027)	(19, 0.0772915)	(20, 0.07429440000000001)	(21, 0.0668415)	(22, 0.0700567)	(23, 0.0678006)	(24, 0.0674137)	(25, 0.0703217)	(26, 0.0787924)	(27, 0.0796507)	(28, 0.0742568)	(29, 0.069916)	(30, 0.0733375)	(31, 0.0692242)	(32, 0.0729576)	(33, 0.0742076)	(34, 0.0744703)	(35, 0.0741232)	(36, 0.0764261)	(37, 0.0738722)	(38, 0.0739168)	(39, 0.0733211)	(40, 0.0717077)	(41, 0.0755514)	(42, 0.0749604)	(43, 0.0771648)	(44, 0.0665554)	(45, 0.0736964)	(46, 0.076731)	(47, 0.0753075)	(48, 0.0705421)	(49, 0.07864929999999999)	(50, 0.0847678)	(51, 0.0707344)	(52, 0.0680328)	(53, 0.0816769)	(54, 0.0826548)	(55, 0.079313)	(56, 0.0743553)	(57, 0.08311679999999999)	(58, 0.0800939)	(59, 0.0813204)	(60, 0.0767474)	(61, 0.0814541)	(62, 0.0822046)	(63, 0.0765785)	(64, 0.076527)	(65, 0.07886739999999999)	(66, 0.07430139999999999)	(67, 0.0758656)	(68, 0.0762573)	(69, 0.0765762)	(70, 0.0719539)	(71, 0.0774416)	(72, 0.0730327)	(73, 0.0667125)	(74, 0.06757790000000001)	(75, 0.0726434)	(76, 0.06232940000000001)	(77, 0.06661399999999999)	(78, 0.06871060000000001)	(79, 0.0659175)	(80, 0.0637037)	(81, 0.0682204)	(82, 0.0711964)	(83, 0.0699207)	(84, 0.0708869)	(85, 0.072172)	(86, 0.0665741)	(87, 0.0637834)	(88, 0.0628688)	(89, 0.0651412)	(90, 0.0647848)											
HG00956	(1, 0.26177100000000003)	(2, 0.032243799999999996)	(3, 0.028255100000000002)	(4, 0.026544300000000003)	(5, 0.030338099999999996)	(6, 0.033589999999999995)	(7, 0.0665705)	(8, 0.051003099999999996)	(9, 0.037983199999999995)	(10, 0.0309225)	(11, 0.038620100000000004)	(12, 0.0136143)	(13, 0.010337500000000001)	(14, 0.008232030000000001)	(15, 0.015515000000000001)	(16, 0.00821704)	(17, 0.00621148)	(18, 0.0040510799999999994)	(19, 0.013524399999999999)	(20, 0.00731042)	(21, 0.00362649)	(22, 0.011523799999999999)	(23, 0.0124704)	(24, 0.0077125299999999996)	(25, 0.00703319)	(26, 0.00408354)	(27, 0.0048478)	(28, 0.00539727)	(29, 0.0051150399999999995)	(30, 0.00412351)	(31, 0.00570947)	(32, 0.00242765)	(33, 0.00779495)	(34, 0.0167188)	(35, 0.0122282)	(36, 0.008184569999999999)	(37, 0.0185945)	(38, 0.012008399999999999)	(39, 0.00605663)	(40, 0.013129799999999999)	(41, 0.00344167)	(42, 0.027468399999999997)	(43, 0.000367144)	(44, 0.00572196)	(45, 0.00840436)	(46, 0.00925354)	(47, 0.00785739)	(48, 0.0236771)	(49, 0.012992400000000001)	(50, 0.00606413)	(51, 0.0179801)	(52, 0.0137192)	(53, 0.0148231)	(54, 0.009630670000000001)	(55, 0.020665)	(56, 0.00259748)	(57, 0.0199607)	(58, 0.0137192)	(59, 0.010822)	(60, 0.00287721)	(61, 0.016274200000000003)	(62, 0.0178552)	(63, 0.008259500000000001)	(64, 0.0166089)	(65, 0.0230377)	(66, 0.0275608)	(67, 0.00132622)	(68, 0.0119284)	(69, 0.0185845)	(70, 0.0261796)	(71, 0.0331729)	(72, 0.0228029)	(73, 0.0230152)	(74, 0.030842599999999998)	(75, 0.012525399999999999)	(76, 0.015517499999999998)	(77, 0.0097081)	(78, 0.0034391699999999996)	(79, 0.0186969)	(80, 0.00674097)	(81, 0.0248859)	(82, 0.005477190000000001)	(83, 0.0180001)	(84, 0.020587599999999998)	(85, 0.0198483)	(86, 0.00976054)	(87, 0.011813599999999999)	(88, 0.00575443)	(89, 0.0066086)	(90, 0.016529000000000002)											
HG01501	(1, 0.031532199999999996)	(2, 0.07737809999999999)	(3, 0.0)	(4, 0.0)	(5, 0.0)	(6, 0.000162064)	(7, 0.0)	(8, 0.0)	(9, 0.0)	(10, 0.0)	(11, 0.0)	(12, 0.0544414)	(13, 0.0822155)	(14, 0.0815581)	(15, 0.0794237)	(16, 0.0664464)	(17, 0.059287999999999993)	(18, 0.0583829)	(19, 0.0679019)	(20, 0.000975444)	(21, 0.00715835)	(22, 0.00152279)	(23, 0.0695042)	(24, 0.0161667)	(25, 0.00294468)	(26, 0.00369384)	(27, 0.0353667)	(28, 0.0)	(29, 0.0)	(30, 0.0)	(31, 0.10211599999999998)	(32, 0.0)	(33, 0.0)	(34, 0.0)	(35, 0.0)	(36, 0.00026603)	(37, 0.00543068)	(38, 0.0175977)	(39, 0.015631600000000002)	(40, 0.0233801)	(41, 0.014044599999999999)	(42, 0.00589241)	(43, 0.00561415)	(44, 0.000746107)	(45, 0.0)	(46, 0.0)	(47, 0.0)	(48, 0.0)	(49, 0.0)	(50, 0.0)	(51, 0.000186527)	(52, 3.0578200000000003e-06)	(53, 0.0)	(54, 0.0)	(55, 3.0578200000000003e-06)	(56, 0.0206036)	(57, 0.0681587)	(58, 0.0846434)	(59, 0.0926366)	(60, 0.11822099999999999)	(61, 0.109855)	(62, 0.087212)	(63, 0.0527198)	(64, 0.025022100000000002)	(65, 0.00665687)	(66, 0.005650850000000001)	(67, 0.0035195499999999998)	(68, 0.00256245)	(69, 1.22313e-05)	(70, 9.479229999999999e-05)	(71, 1.22313e-05)	(72, 9.479229999999999e-05)	(73, 0.0)	(74, 7.338760000000001e-05)	(75, 0.00580679)	(76, 0.0328868)	(77, 0.0665656)	(78, 0.10017100000000001)	(79, 0.129722)	(80, 0.13226)	(81, 0.06671239999999999)	(82, 0.0338256)	(83, 0.0177873)	(84, 0.0131394)	(85, 0.00538787)	(86, 0.00832338)	(87, 0.0035226)	(88, 0.007629250000000001)	(89, 0.00523192)	(90, 0.006681330000000001)	(91, 0.00343393)	(92, 0.0046173)	(93, 0.00280708)	(94, 0.0166345)	(95, 0.050759799999999994)	(96, 0.07247329999999999)	(97, 0.062315199999999994)	(98, 0.0579059)	(99, 0.0442802)	(100, 0.022566700000000002)	(101, 0.0127083)
HG01503	(1, 0.331313)	(2, 0.13608800000000001)	(3, 0.124131)	(4, 0.06597639999999999)	(5, 0.0768657)	(6, 0.038186399999999995)	(7, 0.0387051)	(8, 0.0471076)	(9, 0.0201306)	(10, 0.0381974)	(11, 0.0408131)	(12, 0.0566468)	(13, 0.0840579)	(14, 0.1112)	(15, 0.134083)	(16, 0.149508)	(17, 0.149052)	(18, 0.150943)	(19, 0.110465)	(20, 0.11896599999999999)	(21, 0.0709023)	(22, 0.0463277)	(23, 0.0795145)	(24, 0.052633200000000005)	(25, 0.05350510000000001)	(26, 0.0377744)	(27, 0.0265355)	(28, 0.0452166)	(29, 0.038414500000000004)	(30, 0.068581)	(31, 0.0626249)	(32, 0.06990539999999999)	(33, 0.104126)	(34, 0.0961613)	(35, 0.117951)	(36, 0.101433)	(37, 0.0992147)	(38, 0.10628199999999999)	(39, 0.0773992)	(40, 0.08265990000000001)	(41, 0.0893223)	(42, 0.09431450000000001)	(43, 0.133307)	(44, 0.0666569)	(45, 0.0836789)	(46, 0.0545646)	(47, 0.0357216)	(48, 0.0631032)	(49, 0.106977)	(50, 0.11267899999999999)	(51, 0.09982909999999999)	(52, 0.11592799999999999)	(53, 0.0863719)	(54, 0.0925965)	(55, 0.0996598)	(56, 0.0869715)	(57, 0.0685405)	(58, 0.054112099999999996)	(59, 0.0377192)	(60, 0.0520115)	(61, 0.0433846)	(62, 0.044079900000000005)	(63, 0.05350510000000001)	(64, 0.0518459)	(65, 0.057724700000000004)	(66, 0.0694602)	(67, 0.11075499999999999)	(68, 0.107628)	(69, 0.0990124)	(70, 0.108669)	(71, 0.0684522)	(72, 0.07684)	(73, 0.0801877)	(74, 0.0716307)	(75, 0.0749822)	(76, 0.0704498)	(77, 0.075935)	(78, 0.0532181)	(79, 0.06056110000000001)	(80, 0.050006499999999995)	(81, 0.10324699999999999)	(82, 0.105046)	(83, 0.0996966)	(84, 0.10768699999999999)	(85, 0.198014)	(86, 0.151734)	(87, 0.158683)	(88, 0.172328)	(89, 0.157889)	(90, 0.19660799999999998)	(91, 0.190373)	(92, 0.184512)	(93, 0.18094000000000002)	(94, 0.17443599999999998)	(95, 0.17826599999999998)	(96, 0.174852)	(97, 0.180852)	(98, 0.184119)	(99, 0.16931100000000002)	(100, 0.176088)	(101, 0.170419)
HG01504	(1, 1.4997099999999999)	(2, 1.11135)	(3, 1.62605)	(4, 1.42078)	(5, 2.16095)	(6, 0.513835)	(7, 0.772078)	(8, 1.28466)	(9, 2.54087)	(10, 0.738184)	(11, 0.745816)	(12, 1.50659)	(13, 0.545583)	(14, 1.44296)	(15, 0.0343132)	(16, 2.3122)	(17, 0.5317569999999999)	(18, 1.28654)	(19, 1.8792099999999998)	(20, 2.97464)	(21, 0.725341)	(22, 0.0068516900000000006)	(23, 1.42144)	(24, 0.7882149999999999)	(25, 0.20870300000000003)	(26, 0.0196978)	(27, 0.5335099999999999)	(28, 1.31146)	(29, 0.5482)	(30, 1.31756)	(31, 0.798492)	(32, 0.0313482)	(33, 0.557745)	(34, 1.32046)	(35, 0.236673)	(36, 1.30259)	(37, 1.28955)	(38, 0.769452)	(39, 1.28584)	(40, 0.8170820000000001)	(41, 0.0144962)	(42, 0.000950728)	(43, 0.0159658)	(44, 0.0228368)	(45, 0.540204)	(46, 0.22955699999999998)	(47, 0.0298948)	(48, 0.0314095)	(49, 0.0387543)	(50, 0.030068800000000003)	(51, 0.7969449999999999)	(52, 0.0539305)	(53, 0.529855)	(54, 0.905386)	(55, 0.00111187)	(56, 0.0016565199999999999)	(57, 0.00266526)	(58, 0.00250412)	(59, 0.00011924400000000001)	(60, 0.00217862)	(61, 0.00372557)	(62, 0.0102453)	(63, 0.020062)	(64, 0.0214575)	(65, 0.0032969300000000004)	(66, 0.014557400000000002)	(67, 0.0236554)	(68, 0.020622699999999997)	(69, 0.0194142)	(70, 0.0121854)	(71, 0.0192498)	(72, 0.0103678)	(73, 0.00272972)	(74, 0.00116988)	(75, 0.000970065)	(76, 0.000515649)	(77, 1.2891200000000001e-05)	(78, 0.00285541)	(79, 0.0947409)	(80, 0.612533)	(81, 0.107081)	(82, 0.11993)	(83, 0.115982)	(84, 0.1348)	(85, 0.13739500000000002)	(86, 0.139722)	(87, 0.101567)	(88, 0.0977026)	(89, 0.0976027)	(90, 0.181847)	(91, 0.263242)	(92, 0.283104)	(93, 0.570218)	(94, 0.247238)	(95, 0.168856)	(96, 0.170709)	(97, 0.670615)	(98, 0.15299300000000002)	(99, 0.130762)	(100, 0.125432)	(101, 0.128574)
HG01596	(1, 0.183843)	(2, 0.071086)	(3, 0.061280999999999995)	(4, 0.05801270000000001)	(5, 0.0694518)	(6, 0.0)	(7, 0.0)	(8, 0.0)	(9, 0.0)	(10, 0.0)	(11, 0.0)	(12, 0.0)	(13, 0.0)	(14, 0.0)	(15, 0.0)	(16, 0.0)	(17, 0.0)	(18, 0.0)	(19, 0.0)	(20, 0.0)	(21, 0.0)	(22, 0.0)	(23, 0.0)	(24, 0.0)	(25, 0.0)	(26, 0.0)	(27, 0.0)	(28, 0.0)	(29, 0.0)	(30, 0.0)	(31, 0.0)	(32, 0.0)	(33, 0.0)	(34, 0.0)	(35, 0.0)	(36, 0.0)	(37, 0.0)	(38, 0.0)	(39, 0.0)	(40, 0.0)	(41, 0.0)	(42, 0.0)	(43, 0.0)	(44, 0.0)	(45, 0.0)	(46, 0.0)	(47, 0.0)	(48, 0.0)	(49, 0.0)	(50, 0.0)	(51, 0.0)	(52, 0.0)	(53, 0.0)	(54, 0.0)	(55, 0.0)	(56, 0.0)	(57, 0.0)	(58, 0.0)	(59, 0.0)	(60, 0.0)	(61, 0.0)	(62, 0.0)	(63, 0.0)	(64, 0.0)	(65, 0.0)	(66, 0.0400589)	(67, 0.0)	(68, 0.0)	(69, 0.0)	(70, 0.0)	(71, 0.0)	(72, 0.0)	(73, 0.0)	(74, 0.0)	(75, 0.0)	(76, 0.0)	(77, 0.0)	(78, 0.0)	(79, 0.0)	(80, 0.0)	(81, 0.0)	(82, 0.0)	(83, 0.0)	(84, 0.0)	(85, 0.0)	(86, 0.0)	(87, 0.0)	(88, 0.0)	(89, 0.0777033)	(90, 0.207761)											
HG01880	(1, 0.162904)	(2, 0.076103)	(3, 0.11543)	(4, 0.123893)	(5, 0.0955724)	(6, 0.00019383499999999998)	(7, 0.00036744400000000003)	(8, 0.000630385)	(9, 0.00010787299999999999)	(10, 0.000522511)	(11, 0.00101131)	(12, 0.0017343999999999999)	(13, 0.000692749)	(14, 0.000134842)	(15, 0.0008444460000000001)	(16, 0.000328677)	(17, 0.0)	(18, 3.53959e-05)	(19, 0.00026125599999999997)	(20, 0.00064724)	(21, 0.000283168)	(22, 0.000414638)	(23, 0.000423066)	(24, 0.000621957)	(25, 0.000950634)	(26, 0.0007247740000000001)	(27, 0.000353959)	(28, 2.02263e-05)	(29, 0.00021911800000000003)	(30, 0.00121189)	(31, 0.00108379)	(32, 0.000627014)	(33, 0.001281)	(34, 0.00179845)	(35, 0.0009674890000000001)	(36, 0.0009000680000000001)	(37, 0.00143775)	(38, 0.00018877800000000001)	(39, 0.00016686700000000001)	(40, 0.000687693)	(41, 0.000298337)	(42, 0.00030845)	(43, 0.00100288)	(44, 0.0012371700000000001)	(45, 0.000404525)	(46, 0.00063207)	(47, 0.000180351)	(48, 2.35973e-05)	(49, 0.00010787299999999999)	(50, 0.000173609)	(51, 0.000123043)	(52, 0.000761855)	(53, 0.0007348869999999999)	(54, 0.000650611)	(55, 0.000660724)	(56, 0.0005595929999999999)	(57, 0.000841075)	(58, 0.000192149)	(59, 0.00021574700000000002)	(60, 0.000342161)	(61, 0.00063207)	(62, 0.0010905300000000001)	(63, 0.000980973)	(64, 0.0005815050000000001)	(65, 0.000111244)	(66, 0.000311821)	(67, 0.0)	(68, 0.0)	(69, 0.000370815)	(70, 0.00018877800000000001)	(71, 0.0)	(72, 0.0)	(73, 0.0)	(74, 0.000153382)	(75, 0.0)	(76, 2.69683e-05)	(77, 1.01131e-05)	(78, 6.74208e-06)	(79, 0.0)	(80, 0.0)	(81, 0.0)	(82, 0.0)	(83, 0.0)	(84, 0.0)	(85, 0.0)	(86, 0.000134842)	(87, 0.000209005)	(88, 0.000687693)	(89, 6.57353e-05)	(90, 2.86539e-05)											
HG01882	(1, 0.192439)	(2, 0.037919800000000004)	(3, 0.0534108)	(4, 0.0442989)	(5, 0.023803)	(6, 0.00021300599999999999)	(7, 0.00042601199999999997)	(8, 0.000350276)	(9, 2.36673e-05)	(10, 0.00021300599999999999)	(11, 4.1023300000000004e-05)	(12, 7.25798e-05)	(13, 0.000495436)	(14, 0.000695819)	(15, 0.0007273749999999999)	(16, 0.00023194000000000003)	(17, 0.00022878400000000002)	(18, 0.000326609)	(19, 0.00019249399999999998)	(20, 0.00031872000000000004)	(21, 0.000337654)	(22, 0.000525414)	(23, 0.000364477)	(24, 0.000276119)	(25, 0.00021931700000000001)	(26, 5.36459e-05)	(27, 0.000265074)	(28, 0.00040392199999999997)	(29, 0.00043074499999999996)	(30, 0.0007163310000000001)	(31, 0.000353432)	(32, 0.0)	(33, 0.000115181)	(34, 0.000140426)	(35, 0.000277696)	(36, 0.00026191800000000004)	(37, 0.00042285600000000005)	(38, 0.000418123)	(39, 0.000309253)	(40, 0.000399189)	(41, 0.00029978599999999997)	(42, 0.000162516)	(43, 0.000222473)	(44, 1.42004e-05)	(45, 0.000157782)	(46, 0.000265074)	(47, 3.94455e-05)	(48, 0.000277696)	(49, 0.00019249399999999998)	(50, 0.00023667300000000002)	(51, 0.000367632)	(52, 0.000249296)	(53, 2.52451e-05)	(54, 1.57782e-06)	(55, 0.000146737)	(56, 0.0)	(57, 1.57782e-06)	(58, 0.000156204)	(59, 0.00020827200000000001)	(60, 0.000280852)	(61, 0.00041969999999999996)	(62, 0.00045914599999999996)	(63, 0.000657951)	(64, 0.0006484840000000001)	(65, 0.000561704)	(66, 0.000746309)	(67, 0.000853601)	(68, 0.0009687820000000001)	(69, 0.0005648599999999999)	(70, 0.000749465)	(71, 0.00076051)	(72, 0.0005475040000000001)	(73, 0.000676885)	(74, 0.000908825)	(75, 0.00045914599999999996)	(76, 0.0010634499999999999)	(77, 0.00094827)	(78, 0.0008031110000000001)	(79, 0.000836245)	(80, 0.0007810209999999999)	(81, 0.000602728)	(82, 0.000736842)	(83, 0.00115023)	(84, 0.00042601199999999997)	(85, 0.00047808)	(86, 0.0007841769999999999)	(87, 0.00040392199999999997)	(88, 0.000605883)	(89, 0.00026191800000000004)	(90, 0.000432323)											
HG01886	(1, 0.21755799999999997)	(2, 0.218256)	(3, 0.21650599999999998)	(4, 0.213515)	(5, 0.19256600000000001)	(6, 0.114761)	(7, 0.10322)	(8, 0.08507980000000001)	(9, 0.0728819)	(10, 0.0646531)	(11, 0.0627466)	(12, 0.0748861)	(13, 0.0717779)	(14, 0.0823832)	(15, 0.0722495)	(16, 0.0839572)	(17, 0.075603)	(18, 0.0803131)	(19, 0.0826738)	(20, 0.0959468)	(21, 0.108292)	(22, 0.352844)	(23, 0.273765)	(24, 0.60943)	(25, 0.600237)	(26, 0.5605060000000001)	(27, 0.458437)	(28, 0.398485)	(29, 0.319738)	(30, 0.297115)	(31, 0.277948)	(32, 0.271785)	(33, 0.268659)	(34, 0.233015)	(35, 0.219504)	(36, 0.217365)	(37, 0.20393)	(38, 0.200985)	(39, 0.193256)	(40, 0.20597200000000002)	(41, 0.23072600000000001)	(42, 0.276391)	(43, 0.313442)	(44, 0.341167)	(45, 0.41272000000000003)	(46, 0.46737799999999996)	(47, 0.975741)	(48, 0.45838900000000005)	(49, 0.385004)	(50, 0.380032)	(51, 0.377278)	(52, 0.37157700000000005)	(53, 0.372079)	(54, 0.382897)	(55, 0.382819)	(56, 0.38548)	(57, 0.395559)	(58, 0.44489000000000006)	(59, 0.469121)	(60, 0.511684)	(61, 0.528308)	(62, 0.502298)	(63, 0.445446)	(64, 0.455486)	(65, 0.43564500000000006)	(66, 0.898587)	(67, 0.829652)	(68, 0.7666919999999999)	(69, 0.7376910000000001)	(70, 0.741047)	(71, 0.721285)	(72, 0.708102)	(73, 0.71916)	(74, 0.7224419999999999)	(75, 0.730565)	(76, 0.72435)	(77, 0.7121350000000001)	(78, 0.713413)	(79, 0.714752)	(80, 0.735678)	(81, 0.756616)	(82, 0.786008)	(83, 0.8113520000000001)	(84, 0.8381160000000001)	(85, 0.84715)	(86, 0.839277)	(87, 0.849665)	(88, 0.824815)	(89, 0.828882)	(90, 0.815924)	(91, 0.942696)	(92, 0.853453)	(93, 0.830844)	(94, 0.79351)	(95, 0.761687)	(96, 0.708311)	(97, 0.702147)	(98, 0.716097)	(99, 0.694515)	(100, 0.6857880000000001)	
HG01890	(1, 1.5075)	(2, 1.15919)	(3, 1.6568800000000001)	(4, 1.4420199999999999)	(5, 2.1960699999999997)	(6, 0.496655)	(7, 0.787324)	(8, 1.28269)	(9, 2.557)	(10, 0.730789)	(11, 0.738455)	(12, 1.51417)	(13, 0.528775)	(14, 1.46474)	(15, 0.0347649)	(16, 2.35188)	(17, 0.514969)	(18, 1.2846899999999999)	(19, 1.94228)	(20, 3.03467)	(21, 0.7175400000000001)	(22, 0.00691051)	(23, 1.44266)	(24, 0.803625)	(25, 0.218148)	(26, 0.0199949)	(27, 0.516686)	(28, 1.30981)	(29, 0.5311889999999999)	(30, 1.3160699999999999)	(31, 0.8138650000000001)	(32, 0.032206200000000004)	(33, 0.541243)	(34, 1.31908)	(35, 0.24643500000000002)	(36, 1.3009)	(37, 1.2876500000000002)	(38, 0.784592)	(39, 1.28394)	(40, 0.833364)	(41, 0.0145315)	(42, 0.000996204)	(43, 0.0160887)	(44, 0.0230752)	(45, 0.523458)	(46, 0.239251)	(47, 0.030213800000000002)	(48, 0.031818200000000005)	(49, 0.0394759)	(50, 0.030363200000000003)	(51, 0.8126059999999999)	(52, 0.054405800000000004)	(53, 0.5128480000000001)	(54, 0.920485)	(55, 0.0011535)	(56, 0.00176695)	(57, 0.00278675)	(58, 0.0025219699999999997)	(59, 0.00012059299999999999)	(60, 0.0022912699999999998)	(61, 0.00369644)	(62, 0.010239900000000001)	(63, 0.0202806)	(64, 0.0217094)	(65, 0.00329796)	(66, 0.0147517)	(67, 0.0239246)	(68, 0.0209701)	(69, 0.019533500000000002)	(70, 0.0122717)	(71, 0.0194627)	(72, 0.010554500000000001)	(73, 0.00289423)	(74, 0.0011902)	(75, 0.000988339)	(76, 0.0005426690000000001)	(77, 1.04864e-05)	(78, 0.0031249299999999997)	(79, 0.0972977)	(80, 0.598)	(81, 0.109672)	(82, 0.122659)	(83, 0.118724)	(84, 0.13764400000000002)	(85, 0.140145)	(86, 0.14267)	(87, 0.104248)	(88, 0.09999530000000001)	(89, 0.0999062)	(90, 0.185396)	(91, 0.268986)	(92, 0.28875799999999996)	(93, 0.578739)	(94, 0.25248)	(95, 0.17206000000000002)	(96, 0.173735)	(97, 0.656905)	(98, 0.156449)	(99, 0.133822)	(100, 0.128251)	(101, 0.131502)
HG02013	(1, 0.0178022)	(2, 0.00509392)	(3, 0.00441271)	(4, 0.00496903)	(5, 0.00779605)	(6, 0.00886895)	(7, 0.00582054)	(8, 0.0053683)	(9, 0.006997519999999999)	(10, 0.0081972)	(11, 0.00929281)	(12, 0.00625387)	(13, 0.00539857)	(14, 0.00378449)	(15, 0.00286675)	(16, 0.0032868299999999997)	(17, 0.0005336130000000001)	(18, 0.00181466)	(19, 0.00156867)	(20, 0.00584136)	(21, 0.00636173)	(22, 0.00299542)	(23, 0.0039283)	(24, 0.0021477)	(25, 0.0101103)	(26, 0.00979236)	(27, 0.0105247)	(28, 0.0147652)	(29, 0.0116543)	(30, 0.014076400000000001)	(31, 0.0114538)	(32, 0.0126534)	(33, 0.012449100000000001)	(34, 0.012012)	(35, 0.00905628)	(36, 0.00838453)	(37, 0.00948771)	(38, 0.00352147)	(39, 0.004636)	(40, 0.00527558)	(41, 0.00357823)	(42, 0.00425755)	(43, 0.00512231)	(44, 0.00142864)	(45, 0.00647337)	(46, 0.0053664)	(47, 0.006159260000000001)	(48, 0.00899951)	(49, 0.00364068)	(50, 0.00638065)	(51, 0.00729082)	(52, 0.0043805499999999995)	(53, 0.00684614)	(54, 0.00480062)	(55, 0.00644877)	(56, 0.004454339999999999)	(57, 0.00918685)	(58, 0.0103903)	(59, 0.0118171)	(60, 0.0116581)	(61, 0.00906385)	(62, 0.0042197)	(63, 0.00243532)	(64, 0.00632199)	(65, 0.00654338)	(66, 0.00445056)	(67, 0.00348551)	(68, 0.0030786800000000003)	(69, 0.00467574)	(70, 0.0060986999999999994)	(71, 0.008768660000000001)	(72, 0.0058035100000000004)	(73, 0.00859457)	(74, 0.00811773)	(75, 0.00906007)	(76, 0.00745355)	(77, 0.0032868299999999997)	(78, 0.0047627799999999994)	(79, 0.0030484099999999997)	(80, 0.00342685)	(81, 0.0026699600000000003)	(82, 0.0063655100000000004)	(83, 0.00643552)	(84, 0.0053739700000000005)	(85, 0.004431640000000001)	(86, 0.00562753)	(87, 0.009203880000000001)	(88, 0.0144246)	(89, 0.013557900000000001)	(90, 0.0140499)											
HG02651	(1, 0.0399786)	(2, 0.0235207)	(3, 0.0357329)	(4, 0.0281128)	(5, 0.0313194)	(6, 0.0189015)	(7, 0.00744154)	(8, 0.0205116)	(9, 0.020930999999999998)	(10, 0.019161300000000003)	(11, 0.030283000000000004)	(12, 0.040278999999999995)	(13, 0.014647600000000002)	(14, 0.00984989)	(15, 0.0311137)	(16, 0.016217099999999998)	(17, 0.052009599999999996)	(18, 0.026959999999999998)	(19, 0.024351400000000002)	(20, 0.010244999999999999)	(21, 0.0130836)	(22, 0.0034691099999999996)	(23, 0.0108213)	(24, 0.0222137)	(25, 0.0158978)	(26, 0.014745099999999999)	(27, 0.0198026)	(28, 0.0150157)	(29, 0.013963)	(30, 0.0158112)	(31, 0.00754436)	(32, 0.01875)	(33, 0.0275743)	(34, 0.0193236)	(35, 0.0387528)	(36, 0.0226493)	(37, 0.0196944)	(38, 0.0205143)	(39, 0.0168747)	(40, 0.00221893)	(41, 0.00748213)	(42, 0.016208999999999998)	(43, 0.0167502)	(44, 0.012664100000000001)	(45, 0.0105697)	(46, 0.0129131)	(47, 0.0203763)	(48, 0.0103721)	(49, 0.00849688)	(50, 0.006535020000000001)	(51, 0.0111704)	(52, 0.004846469999999999)	(53, 0.00681103)	(54, 0.0257667)	(55, 0.0257152)	(56, 0.00923292)	(57, 0.031481800000000004)	(58, 0.0176351)	(59, 0.020982400000000002)	(60, 0.029252)	(61, 0.0168828)	(62, 0.0121825)	(63, 0.016490400000000002)	(64, 0.0197755)	(65, 0.0282075)	(66, 0.0232825)	(67, 0.0258181)	(68, 0.0190422)	(69, 0.014850599999999999)	(70, 0.0241079)	(71, 0.0325804)	(72, 0.0308323)	(73, 0.0333273)	(74, 0.0218402)	(75, 0.0173726)	(76, 0.0142688)	(77, 0.022357099999999998)	(78, 0.019150499999999997)	(79, 0.027203500000000002)	(80, 0.021891599999999997)	(81, 0.0144745)	(82, 0.0153296)	(83, 0.0115114)	(84, 0.0149399)	(85, 0.0203519)	(86, 0.0163822)	(87, 0.022763)	(88, 0.0362687)	(89, 0.0291005)	(90, 0.0195807)	(91, 0.0246626)	(92, 0.027030400000000003)	(93, 0.034986)	(94, 0.0443055)	(95, 0.0284429)	(96, 0.025912800000000003)	(97, 0.0163173)	(98, 0.014044200000000001)	(99, 0.0203709)	(100, 0.0145529)	
HG02691	(1, 0.0965694)	(2, 0.0279772)	(3, 0.0367752)	(4, 0.0465845)	(5, 0.0482594)	(6, 0.0)	(7, 0.0)	(8, 0.0)	(9, 0.0)	(10, 0.0)	(11, 0.0)	(12, 0.0)	(13, 0.0)	(14, 0.0)	(15, 0.0)	(16, 1.2640800000000001e-05)	(17, 0.000881696)	(18, 0.0)	(19, 0.0)	(20, 0.0)	(21, 0.0)	(22, 0.0)	(23, 0.0)	(24, 0.0)	(25, 0.0)	(26, 0.0)	(27, 0.0)	(28, 0.0)	(29, 0.0)	(30, 0.0)	(31, 0.0)	(32, 0.0)	(33, 0.0)	(34, 0.0)	(35, 0.0)	(36, 0.0)	(37, 0.0)	(38, 0.0)	(39, 0.0)	(40, 0.0)	(41, 0.0)	(42, 0.0)	(43, 0.0)	(44, 0.000398185)	(45, 9.4806e-06)	(46, 0.000116927)	(47, 1.5801e-05)	(48, 2.5281600000000002e-05)	(49, 8.21652e-05)	(50, 0.000107447)	(51, 0.00112187)	(52, 0.000376064)	(53, 0.0)	(54, 0.0)	(55, 0.0)	(56, 0.0006762830000000001)	(57, 0.0)	(58, 0.0)	(59, 0.000148529)	(60, 0.0)	(61, 0.0)	(62, 3.1602e-05)	(63, 0.0019119200000000001)	(64, 0.00170967)	(65, 0.0017444300000000002)	(66, 0.0006352)	(67, 0.00119772)	(68, 0.00270829)	(69, 0.00184872)	(70, 0.00225954)	(71, 0.00105867)	(72, 0.000176971)	(73, 0.000145369)	(74, 0.0)	(75, 0.0)	(76, 0.0)	(77, 0.0)	(78, 0.0)	(79, 0.0)	(80, 0.0)	(81, 0.0)	(82, 0.0)	(83, 0.0)	(84, 0.0)	(85, 0.0)	(86, 0.0)	(87, 0.0)	(88, 0.0)	(89, 1.2640800000000001e-05)	(90, 0.0)	(91, 0.0)	(92, 0.0)	(93, 0.0)	(94, 0.0)	(95, 0.0)	(96, 0.0)	(97, 3.79224e-05)	(98, 0.0)	(99, 0.0)	(100, 0.0)	
HG02813	(1, 0.0924303)	(2, 0.0)	(3, 0.0)	(4, 0.0)	(5, 0.0)	(6, 0.0)	(7, 0.0)	(8, 0.0)	(9, 0.0)	(10, 0.0)	(11, 0.0)	(12, 0.0)	(13, 0.0)	(14, 0.0)	(15, 0.0)	(16, 0.0026159499999999997)	(17, 0.0)	(18, 0.0)	(19, 0.0)	(20, 0.0)	(21, 0.0244156)	(22, 0.048831099999999995)	(23, 0.0113358)	(24, 0.0)	(25, 0.0)	(26, 0.0)	(27, 0.0)	(28, 0.00871984)	(29, 0.0)	(30, 0.0)	(31, 0.0)	(32, 0.0)	(33, 0.0)	(34, 0.0)	(35, 0.0)	(36, 0.0)	(37, 0.0)	(38, 0.0)	(39, 0.0)	(40, 0.0)	(41, 0.0)	(42, 0.0)	(43, 0.0)	(44, 0.0)	(45, 0.0)	(46, 0.0)	(47, 0.0)	(48, 0.0)	(49, 0.0)	(50, 0.0)	(51, 0.0)	(52, 0.0)	(53, 0.138712)	(54, 0.328907)	(55, 0.0)	(56, 0.0)	(57, 0.0)	(58, 0.0)	(59, 0.0)	(60, 0.0)	(61, 0.0)	(62, 0.0)	(63, 0.0)	(64, 0.0)	(65, 0.0)	(66, 0.0)	(67, 0.0)	(68, 0.0)	(69, 0.0)	(70, 0.0)	(71, 0.0)	(72, 0.0)	(73, 0.0)	(74, 0.0)	(75, 0.0)	(76, 0.0)	(77, 0.0)	(78, 0.0)	(79, 0.0)	(80, 0.0)	(81, 0.0)	(82, 0.0)	(83, 0.0)	(84, 0.0)	(85, 0.0)	(86, 0.0)	(87, 0.0)	(88, 0.0)	(89, 0.0)	(90, 0.0)	(91, 0.0)	(92, 0.0)	(93, 0.0)	(94, 0.0)	(95, 0.0)	(96, 0.0)	(97, 0.0)	(98, 0.0)	(99, 0.0)	(100, 0.0)	
HG02814	(1, 0.101332)	(2, 0.0)	(3, 0.0)	(4, 0.0)	(5, 0.0)	(6, 0.0)	(7, 0.0)	(8, 0.0)	(9, 0.0)	(10, 0.0)	(11, 0.0)	(12, 0.0)	(13, 0.0)	(14, 0.0)	(15, 0.0)	(16, 0.000873553)	(17, 0.0)	(18, 0.0)	(19, 0.0)	(20, 0.0)	(21, 0.014850400000000001)	(22, 0.0384363)	(23, 0.00698843)	(24, 0.0)	(25, 0.0)	(26, 0.0)	(27, 0.0)	(28, 0.00524132)	(29, 0.0)	(30, 0.0)	(31, 0.0)	(32, 0.0)	(33, 0.0)	(34, 0.0)	(35, 0.0)	(36, 0.0)	(37, 0.0)	(38, 0.0)	(39, 0.0)	(40, 0.0)	(41, 0.0)	(42, 0.0)	(43, 0.0)	(44, 0.0)	(45, 0.0)	(46, 0.0)	(47, 0.0)	(48, 0.0)	(49, 0.0)	(50, 0.0)	(51, 0.0)	(52, 0.0)	(53, 0.156451)	(54, 0.38020800000000005)	(55, 0.0)	(56, 0.0)	(57, 0.0)	(58, 0.0)	(59, 0.0)	(60, 0.0)	(61, 0.0)	(62, 0.0)	(63, 0.0)	(64, 0.0)	(65, 0.0)	(66, 0.0)	(67, 0.0)	(68, 0.0)	(69, 0.0)	(70, 0.0)	(71, 0.0)	(72, 0.0)	(73, 0.0)	(74, 0.0)	(75, 0.0)	(76, 0.0)	(77, 0.0)	(78, 0.0)	(79, 0.0)	(80, 0.0)	(81, 0.0)	(82, 0.0)	(83, 0.0)	(84, 0.0)	(85, 0.0)	(86, 0.0)	(87, 0.0)	(88, 0.0)	(89, 0.0)	(90, 0.0)	(91, 0.0)	(92, 0.0)	(93, 0.0)	(94, 0.0)	(95, 0.0)	(96, 0.0)	(97, 0.0)	(98, 0.0)	(99, 0.0)	(100, 0.0)	
HG02840	(1, 0.0)	(2, 0.0)	(3, 0.0)	(4, 0.0)	(5, 0.0)	(6, 0.0)	(7, 0.0)	(8, 0.0)	(9, 0.0)	(10, 0.0)	(11, 0.0)	(12, 0.0)	(13, 0.0)	(14, 0.0)	(15, 0.0)	(16, 0.0)	(17, 0.0)	(18, 0.0)	(19, 0.0)	(20, 0.0)	(21, 0.0)	(22, 0.0)	(23, 0.0)	(24, 0.0)	(25, 0.0)	(26, 0.0)	(27, 0.0)	(28, 0.0)	(29, 0.0)	(30, 0.0)	(31, 0.0)	(32, 0.0)	(33, 0.0)	(34, 0.0)	(35, 0.0)	(36, 0.0)	(37, 0.0)	(38, 0.0)	(39, 0.0)	(40, 0.0)	(41, 0.0)	(42, 0.0)	(43, 0.0)	(44, 0.0)	(45, 0.0)	(46, 0.0)	(47, 0.0)	(48, 0.0)	(49, 0.0)	(50, 0.0)	(51, 0.0)	(52, 0.0181861)	(53, 0.0)	(54, 0.0)	(55, 0.004435789999999999)	(56, 0.0)	(57, 0.0)	(58, 0.0)	(59, 0.0)	(60, 0.0)	(61, 0.0)	(62, 0.0)	(63, 0.0)	(64, 0.0)	(65, 0.0)	(66, 0.0)	(67, 0.0)	(68, 0.0)	(69, 0.0)	(70, 0.0)	(71, 0.0)	(72, 0.0)	(73, 0.0)	(74, 0.0)	(75, 0.0)	(76, 0.0)	(77, 0.0)	(78, 0.0)	(79, 0.0)	(80, 0.0)	(81, 0.0)	(82, 0.0)	(83, 0.0)	(84, 0.0)	(85, 0.0)	(86, 0.0)	(87, 0.0)	(88, 0.0)	(89, 0.0)	(90, 0.0)	(91, 0.0)	(92, 0.0)	(93, 0.0)	(94, 0.0)	(95, 0.0)	(96, 0.0)	(97, 0.0)	(98, 0.0)	(99, 0.0)	(100, 0.0)	
HG02878	(1, 0.0)	(2, 0.0)	(3, 0.0)	(4, 0.0)	(5, 0.0)	(6, 0.0)	(7, 0.00104386)	(8, 0.0)	(9, 0.0)	(10, 0.00104386)	(11, 0.0)	(12, 0.0)	(13, 0.0)	(14, 0.0)	(15, 0.00104386)	(16, 0.0)	(17, 0.0)	(18, 0.0)	(19, 0.0)	(20, 0.0)	(21, 0.0)	(22, 0.0)	(23, 0.0)	(24, 0.0)	(25, 0.00104386)	(26, 0.0)	(27, 0.0)	(28, 0.0)	(29, 0.0)	(30, 0.0)	(31, 0.0)	(32, 0.0)	(33, 0.0)	(34, 0.0)	(35, 0.0)	(36, 0.0)	(37, 0.0)	(38, 0.0)	(39, 0.0)	(40, 0.0)	(41, 0.0)	(42, 0.0)	(43, 0.0)	(44, 0.0)	(45, 0.0)	(46, 0.0)	(47, 0.0)	(48, 0.0)	(49, 0.0)	(50, 0.0)	(51, 0.0)	(52, 0.0543274)	(53, 0.0)	(54, 0.0)	(55, 0.0)	(56, 0.0)	(57, 0.0)	(58, 0.0)	(59, 0.0)	(60, 0.0)	(61, 0.0)	(62, 0.0)	(63, 0.0)	(64, 0.0)	(65, 0.0)	(66, 0.0)	(67, 0.0)	(68, 0.0)	(69, 0.0)	(70, 0.0)	(71, 0.0)	(72, 0.0)	(73, 0.0)	(74, 0.0)	(75, 0.0)	(76, 0.0)	(77, 0.0)	(78, 0.0)	(79, 0.0)	(80, 0.0)	(81, 0.0)	(82, 0.0)	(83, 0.0)	(84, 0.0)	(85, 0.0)	(86, 0.0)	(87, 0.0)	(88, 0.0)	(89, 0.0)	(90, 0.0)	(91, 0.0)	(92, 0.0)	(93, 0.0)	(94, 0.0)	(95, 0.0)	(96, 0.0)	(97, 0.0)	(98, 0.0)	(99, 0.0)	(100, 0.0)	
HG02977	(1, 0.14752)	(2, 0.158994)	(3, 0.15981299999999998)	(4, 0.13903100000000002)	(5, 0.129534)	(6, 0.123661)	(7, 0.10590599999999999)	(8, 0.118528)	(9, 0.140282)	(10, 0.132147)	(11, 0.118344)	(12, 0.145447)	(13, 0.12072299999999998)	(14, 0.130054)	(15, 0.10480699999999998)	(16, 0.11658)	(17, 0.101765)	(18, 0.12216099999999999)	(19, 0.11813699999999999)	(20, 0.11523499999999999)	(21, 0.105615)	(22, 0.10993699999999999)	(23, 0.10185999999999999)	(24, 0.126778)	(25, 0.127804)	(26, 0.133388)	(27, 0.0905382)	(28, 0.107486)	(29, 0.10837500000000001)	(30, 0.0967522)	(31, 0.131634)	(32, 0.10774700000000001)	(33, 0.22351300000000002)	(34, 0.505699)	(35, 0.501501)	(36, 0.5835)	(37, 0.487996)	(38, 0.50305)	(39, 0.5023749999999999)	(40, 0.53937)	(41, 0.502487)	(42, 0.4581)	(43, 0.5102289999999999)	(44, 0.414752)	(45, 0.38442)	(46, 0.494245)	(47, 0.571952)	(48, 0.789308)	(49, 0.734145)	(50, 0.606124)	(51, 0.630177)	(52, 0.708634)	(53, 0.589413)	(54, 0.593427)	(55, 0.5153289999999999)	(56, 0.499059)	(57, 0.49282)	(58, 0.5795790000000001)	(59, 0.572896)	(60, 0.551461)	(61, 0.587023)	(62, 0.578542)	(63, 0.557987)	(64, 0.5874940000000001)	(65, 0.6189479999999999)	(66, 0.5035259999999999)	(67, 0.534977)	(68, 0.592585)	(69, 0.49978599999999995)	(70, 0.571329)	(71, 0.648973)	(72, 0.601866)	(73, 0.542215)	(74, 0.53478)	(75, 0.600505)	(76, 0.601447)	(77, 0.676508)	(78, 0.552191)	(79, 0.527657)	(80, 0.625593)	(81, 0.631941)	(82, 0.598542)	(83, 0.701996)	(84, 0.62641)	(85, 0.624815)	(86, 0.628306)	(87, 0.616304)	(88, 0.618938)	(89, 0.663848)	(90, 0.6379509999999999)	(91, 0.6109319999999999)	(92, 0.607574)	(93, 0.579225)	(94, 0.5980260000000001)	(95, 0.640866)	(96, 0.639316)	(97, 0.5825089999999999)	(98, 0.612146)	(99, 0.47198300000000004)	(100, 0.578824)	
HG02981	(1, 0.0837224)	(2, 0.0294334)	(3, 0.027189199999999997)	(4, 0.0383401)	(5, 0.0318628)	(6, 0.0246353)	(7, 0.0188221)	(8, 0.016992900000000002)	(9, 0.0158596)	(10, 0.0168428)	(11, 0.0113839)	(12, 0.0130822)	(13, 0.008233059999999999)	(14, 0.0173504)	(15, 0.013407800000000001)	(16, 0.0177175)	(17, 0.0139505)	(18, 0.0091333)	(19, 0.00988989)	(20, 0.016293699999999998)	(21, 0.0217431)	(22, 0.0264071)	(23, 0.046442199999999996)	(24, 0.0385859)	(25, 0.0306497)	(26, 0.0225028)	(27, 0.0184166)	(28, 0.027818100000000002)	(29, 0.0138963)	(30, 0.0239107)	(31, 0.0196617)	(32, 0.0350328)	(33, 0.013577)	(34, 0.0212674)	(35, 0.0254781)	(36, 0.014506)	(37, 0.0219697)	(38, 0.0213344)	(39, 0.023466900000000002)	(40, 0.0288524)	(41, 0.0128524)	(42, 0.012999199999999999)	(43, 0.013452500000000001)	(44, 0.0146656)	(45, 0.0207183)	(46, 0.025190800000000003)	(47, 0.0130599)	(48, 0.0198436)	(49, 0.013152500000000001)	(50, 0.0189019)	(51, 0.014119699999999999)	(52, 0.0116233)	(53, 0.0161437)	(54, 0.00994416)	(55, 0.020418199999999997)	(56, 0.0190391)	(57, 0.0235787)	(58, 0.0126608)	(59, 0.0219186)	(60, 0.0115659)	(61, 0.007339200000000001)	(62, 0.0185699)	(63, 0.018375100000000002)	(64, 0.013870700000000001)	(65, 0.0206672)	(66, 0.0170056)	(67, 0.0197734)	(68, 0.0185539)	(69, 0.0135355)	(70, 0.012616099999999998)	(71, 0.0241469)	(72, 0.0201054)	(73, 0.0168492)	(74, 0.0144932)	(75, 0.0146976)	(76, 0.0109849)	(77, 0.010719900000000001)	(78, 0.0150104)	(79, 0.025640899999999998)	(80, 0.029344000000000002)	(81, 0.0171461)	(82, 0.0287822)	(83, 0.014936999999999999)	(84, 0.0101197)	(85, 0.0116265)	(86, 0.0104837)	(87, 0.0206768)	(88, 0.0134494)	(89, 0.0188668)	(90, 0.0186305)	(91, 0.0221804)	(92, 0.0236553)	(93, 0.0223432)	(94, 0.03502)	(95, 0.0162618)	(96, 0.0346369)	(97, 0.0243352)	(98, 0.0266657)	(99, 0.024779000000000002)	(100, 0.030052699999999998)	
HG02982	(1, 0.0929503)	(2, 0.0)	(3, 0.0)	(4, 0.0)	(5, 0.0)	(6, 0.0)	(7, 0.0)	(8, 0.0)	(9, 0.0)	(10, 0.0)	(11, 0.0)	(12, 0.0)	(13, 0.0)	(14, 0.0)	(15, 0.0)	(16, 0.0)	(17, 0.0)	(18, 0.0)	(19, 0.0)	(20, 0.0)	(21, 0.0)	(22, 0.0)	(23, 0.0207178)	(24, 0.0)	(25, 0.0)	(26, 0.0)	(27, 0.0)	(28, 0.0)	(29, 0.0)	(30, 0.0)	(31, 0.0)	(32, 0.00503962)	(33, 0.0)	(34, 0.0)	(35, 0.0)	(36, 0.0)	(37, 0.0)	(38, 0.0)	(39, 0.0)	(40, 0.00616074)	(41, 0.0)	(42, 0.0)	(43, 0.0)	(44, 0.0)	(45, 0.0)	(46, 0.0)	(47, 0.0)	(48, 0.0)	(49, 0.0)	(50, 0.0)	(51, 0.0)	(52, 0.0)	(53, 0.0)	(54, 0.0)	(55, 0.0)	(56, 0.0)	(57, 0.0)	(58, 0.0)	(59, 0.0)	(60, 0.0)	(61, 0.0)	(62, 0.0)	(63, 0.0)	(64, 0.0)	(65, 0.0)	(66, 0.0)	(67, 0.0)	(68, 0.0)	(69, 0.0)	(70, 0.0)	(71, 0.0)	(72, 0.0)	(73, 0.0)	(74, 0.0)	(75, 0.0)	(76, 0.0)	(77, 0.0)	(78, 0.0)	(79, 0.0)	(80, 0.0)	(81, 0.0)	(82, 0.0)	(83, 0.0)	(84, 0.0)	(85, 0.0)	(86, 0.0)	(87, 0.0)	(88, 0.0)	(89, 0.0)	(90, 0.0)	(91, 0.0)	(92, 0.0)	(93, 0.0)	(94, 0.006169689999999999)	(95, 0.0)	(96, 0.0)	(97, 0.0)	(98, 0.0)	(99, 0.0016846699999999999)	(100, 0.0)	
HG03139	(1, 0.0)	(2, 0.00469181)	(3, 0.028449999999999996)	(4, 0.0317668)	(5, 0.0552891)	(6, 0.0652567)	(7, 0.0534941)	(8, 0.0760067)	(9, 0.0809776)	(10, 0.0723361)	(11, 0.0471051)	(12, 0.0413403)	(13, 0.073668)	(14, 0.051192800000000004)	(15, 0.012913299999999999)	(16, 0.051020199999999995)	(17, 0.0134311)	(18, 0.0462277)	(19, 0.0620895)	(20, 0.075184)	(21, 0.054918100000000004)	(22, 0.0800225)	(23, 0.0946503)	(24, 0.0820132)	(25, 0.0118777)	(26, 0.117183)	(27, 0.07977229999999999)	(28, 0.0204616)	(29, 0.041860999999999995)	(30, 0.0825943)	(31, 0.054889299999999995)	(32, 0.118659)	(33, 0.12962500000000002)	(34, 0.091112)	(35, 0.13267400000000001)	(36, 0.127815)	(37, 0.155284)	(38, 0.125243)	(39, 0.0686828)	(40, 0.0789006)	(41, 0.108461)	(42, 0.0823785)	(43, 0.0556487)	(44, 0.09451219999999999)	(45, 0.0960224)	(46, 0.049248200000000006)	(47, 0.110282)	(48, 0.125753)	(49, 0.0637896)	(50, 0.05905180000000001)	(51, 0.111013)	(52, 0.10437)	(53, 0.12534700000000001)	(54, 0.0519465)	(55, 0.10929799999999999)	(56, 0.06208090000000001)	(57, 0.0969689)	(58, 0.0934737)	(59, 0.0748417)	(60, 0.0575099)	(61, 0.09741469999999999)	(62, 0.0486355)	(63, 0.0376869)	(64, 0.0349628)	(65, 0.058977)	(66, 0.0394331)	(67, 0.074974)	(68, 0.062124)	(69, 0.106309)	(70, 0.0404744)	(71, 0.0505254)	(72, 0.0794069)	(73, 0.0607548)	(74, 0.0811099)	(75, 0.0673941)	(76, 0.0778823)	(77, 0.00696148)	(78, 0.046173)	(79, 0.0439321)	(80, 0.027299399999999998)	(81, 0.027023200000000004)	(82, 0.128707)	(83, 0.0304033)	(84, 0.0415934)	(85, 0.0572855)	(86, 0.07217509999999999)	(87, 0.112462)	(88, 0.0986575)	(89, 0.0672474)	(90, 0.0203983)	(91, 0.0774594)	(92, 0.0726727)	(93, 0.048989300000000006)	(94, 0.0640572)	(95, 0.0400515)	(96, 0.0100165)	(97, 0.0131837)	(98, 0.0255302)	(99, 0.0195554)	(100, 0.0473899)	
HG03157	(1, 0.0)	(2, 0.00458478)	(3, 0.0279252)	(4, 0.0311962)	(5, 0.0547797)	(6, 0.0645367)	(7, 0.0533217)	(8, 0.0757169)	(9, 0.0802483)	(10, 0.0722376)	(11, 0.0461896)	(12, 0.0412977)	(13, 0.0731348)	(14, 0.0500106)	(15, 0.0125153)	(16, 0.050702199999999996)	(17, 0.013297699999999999)	(18, 0.0461388)	(19, 0.0625714)	(20, 0.0745073)	(21, 0.0544032)	(22, 0.0794526)	(23, 0.0942616)	(24, 0.0820614)	(25, 0.0114793)	(26, 0.11759900000000001)	(27, 0.0794445)	(28, 0.0201015)	(29, 0.041089400000000005)	(30, 0.0819145)	(31, 0.0545046)	(32, 0.118772)	(33, 0.129979)	(34, 0.0910146)	(35, 0.132502)	(36, 0.128344)	(37, 0.154702)	(38, 0.124916)	(39, 0.0682296)	(40, 0.0786622)	(41, 0.108214)	(42, 0.0819492)	(43, 0.05543390000000001)	(44, 0.0942803)	(45, 0.096016)	(46, 0.049006600000000004)	(47, 0.110168)	(48, 0.125364)	(49, 0.0632683)	(50, 0.05855)	(51, 0.11050700000000001)	(52, 0.104093)	(53, 0.12515600000000002)	(54, 0.0513191)	(55, 0.10993299999999999)	(56, 0.061214899999999996)	(57, 0.0970787)	(58, 0.0929532)	(59, 0.0742109)	(60, 0.0566916)	(61, 0.097805)	(62, 0.0479893)	(63, 0.0369693)	(64, 0.0346702)	(65, 0.05802929999999999)	(66, 0.0392657)	(67, 0.0744726)	(68, 0.061468600000000005)	(69, 0.10563700000000001)	(70, 0.0398558)	(71, 0.049927900000000004)	(72, 0.0787129)	(73, 0.0601468)	(74, 0.0804566)	(75, 0.06679840000000001)	(76, 0.07730569999999999)	(77, 0.0068945199999999995)	(78, 0.0457196)	(79, 0.0430227)	(80, 0.0267797)	(81, 0.026937199999999998)	(82, 0.127963)	(83, 0.0299866)	(84, 0.0409319)	(85, 0.0567369)	(86, 0.0716795)	(87, 0.11202899999999999)	(88, 0.0987903)	(89, 0.0666942)	(90, 0.019946600000000002)	(91, 0.0772576)	(92, 0.0722376)	(93, 0.0482777)	(94, 0.0635327)	(95, 0.0394179)	(96, 0.00962883)	(97, 0.012731600000000001)	(98, 0.0247904)	(99, 0.018987999999999998)	(100, 0.046761)	
HG03267	(1, 0.11821)	(2, 0.130852)	(3, 0.11814499999999999)	(4, 0.120092)	(5, 0.107853)	(6, 0.13486800000000002)	(7, 0.117071)	(8, 0.104118)	(9, 0.111767)	(10, 0.10566099999999999)	(11, 0.10977300000000001)	(12, 0.11276800000000001)	(13, 0.103398)	(14, 0.08939710000000001)	(15, 0.0874388)	(16, 0.0964927)	(17, 0.08420419999999999)	(18, 0.10677900000000001)	(19, 0.0951198)	(20, 0.0856649)	(21, 0.09562620000000001)	(22, 0.0904919)	(23, 0.0909749)	(24, 0.10738500000000001)	(25, 0.0996892)	(26, 0.09029580000000001)	(27, 0.0973562)	(28, 0.081517)	(29, 0.08881170000000001)	(30, 0.0832909)	(31, 0.095875)	(32, 0.105189)	(33, 0.210414)	(34, 0.609569)	(35, 0.499473)	(36, 0.46630200000000005)	(37, 0.44994500000000004)	(38, 0.40655800000000003)	(39, 0.42880799999999997)	(40, 0.435037)	(41, 0.408806)	(42, 0.390259)	(43, 0.40461100000000005)	(44, 0.39931000000000005)	(45, 0.375166)	(46, 0.387016)	(47, 0.60216)	(48, 0.6352260000000001)	(49, 0.588036)	(50, 0.540768)	(51, 0.521913)	(52, 0.535466)	(53, 0.46769000000000005)	(54, 0.46251699999999996)	(55, 0.477221)	(56, 0.44140300000000005)	(57, 0.432698)	(58, 0.453118)	(59, 0.45322)	(60, 0.444521)	(61, 0.443874)	(62, 0.470995)	(63, 0.43174900000000005)	(64, 0.438101)	(65, 0.476659)	(66, 0.45020499999999997)	(67, 0.44011500000000003)	(68, 0.479302)	(69, 0.460565)	(70, 0.482791)	(71, 0.517719)	(72, 0.496824)	(73, 0.487454)	(74, 0.5024909999999999)	(75, 0.504312)	(76, 0.500305)	(77, 0.493692)	(78, 0.511756)	(79, 0.47411500000000006)	(80, 0.48782900000000007)	(81, 0.514057)	(82, 0.48732000000000003)	(83, 0.504382)	(84, 0.540934)	(85, 0.5088699999999999)	(86, 0.506215)	(87, 0.527294)	(88, 0.467157)	(89, 0.488789)	(90, 0.499274)	(91, 0.47475900000000004)	(92, 0.45616199999999996)	(93, 0.468366)	(94, 0.46345099999999995)	(95, 0.466469)	(96, 0.47774799999999995)	(97, 0.47165)	(98, 0.46443999999999996)	(99, 0.47136900000000004)	(100, 0.482472)	
HG03603	(1, 0.089287)	(2, 0.0903427)	(3, 0.0902221)	(4, 0.0755329)	(5, 0.06877069999999999)	(6, 0.012520899999999998)	(7, 0.015094300000000001)	(8, 0.0194742)	(9, 0.030700500000000002)	(10, 0.0286983)	(11, 0.037333)	(12, 0.0411213)	(13, 0.048648000000000004)	(14, 0.0567799)	(15, 0.061935699999999996)	(16, 0.0670324)	(17, 0.0780539)	(18, 0.0863815)	(19, 0.0923564)	(20, 0.0965657)	(21, 0.10405600000000001)	(22, 0.11151399999999999)	(23, 0.11304600000000001)	(24, 0.125585)	(25, 0.129114)	(26, 0.136502)	(27, 0.139339)	(28, 0.149177)	(29, 0.152203)	(30, 0.15806900000000002)	(31, 0.163973)	(32, 0.16772099999999998)	(33, 0.17166399999999998)	(34, 0.178524)	(35, 0.178085)	(36, 0.182037)	(37, 0.19180899999999998)	(38, 0.192192)	(39, 0.190974)	(40, 0.19993)	(41, 0.20108600000000001)	(42, 0.20000500000000002)	(43, 0.20545899999999997)	(44, 0.20975899999999997)	(45, 0.219752)	(46, 0.218157)	(47, 0.23145599999999997)	(48, 0.224715)	(49, 0.229516)	(50, 0.239595)	(51, 0.232717)	(52, 0.23647999999999997)	(53, 0.23652299999999998)	(54, 0.236963)	(55, 0.233745)	(56, 0.234733)	(57, 0.237195)	(58, 0.23699699999999999)	(59, 0.241752)	(60, 0.24131500000000003)	(61, 0.24393900000000002)	(62, 0.239486)	(63, 0.24628699999999998)	(64, 0.244576)	(65, 0.24556500000000003)	(66, 0.250382)	(67, 0.252967)	(68, 0.258473)	(69, 0.260607)	(70, 0.261529)	(71, 0.261554)	(72, 0.263317)	(73, 0.264045)	(74, 0.263242)	(75, 0.269297)	(76, 0.271281)	(77, 0.268314)	(78, 0.271069)	(79, 0.274569)	(80, 0.27623600000000004)	(81, 0.272614)	(82, 0.273743)	(83, 0.274594)	(84, 0.274004)	(85, 0.27781300000000003)	(86, 0.279019)	(87, 0.277652)	(88, 0.279476)	(89, 0.27703)	(90, 0.280061)	(91, 0.28065)	(92, 0.28539)	(93, 0.28605200000000003)	(94, 0.285408)	(95, 0.27983399999999997)	(96, 0.285547)	(97, 0.284826)	(98, 0.283315)	(99, 0.282534)	(100, 0.28389000000000003)	
HG03672	(1, 7.32e-05)	(2, 7.65273e-05)	(3, 9.98182e-06)	(4, 9.98182e-05)	(5, 0.0)	(6, 0.0)	(7, 0.0)	(8, 0.0)	(9, 0.0)	(10, 0.0)	(11, 3.32727e-06)	(12, 0.0)	(13, 0.0)	(14, 0.0147398)	(15, 0.0166663)	(16, 0.0)	(17, 2.9945499999999996e-05)	(18, 6.6545500000000005e-06)	(19, 3.3272700000000004e-05)	(20, 4.65818e-05)	(21, 0.00011978199999999999)	(22, 0.0019863800000000003)	(23, 0.0)	(24, 0.0)	(25, 0.0)	(26, 0.0007918910000000001)	(27, 0.0)	(28, 0.000811855)	(29, 0.0033805099999999998)	(30, 0.0)	(31, 0.0017767599999999998)	(32, 0.00508408)	(33, 0.00563308)	(34, 0.00710706)	(35, 0.00332395)	(36, 0.0037531699999999997)	(37, 0.0016603100000000001)	(38, 0.0057561900000000004)	(39, 0.008507840000000001)	(40, 0.0023889799999999997)	(41, 0.000485782)	(42, 0.00217271)	(43, 0.00872411)	(44, 0.00735328)	(45, 0.00631517)	(46, 0.0049044)	(47, 0.00503417)	(48, 0.00543677)	(49, 0.004012689999999999)	(50, 0.00600906)	(51, 0.00542346)	(52, 0.00854777)	(53, 0.015199)	(54, 0.011392600000000001)	(55, 0.016084)	(56, 0.017368400000000003)	(57, 0.00659466)	(58, 0.0061488)	(59, 0.0032707099999999996)	(60, 0.00244555)	(61, 0.00329733)	(62, 0.00131095)	(63, 0.0030877100000000005)	(64, 0.0008218370000000001)	(65, 0.00715697)	(66, 0.007389880000000001)	(67, 0.0140278)	(68, 0.0166397)	(69, 0.013292499999999999)	(70, 0.00868751)	(71, 0.00362673)	(72, 0.00288142)	(73, 0.00183)	(74, 0.012543799999999999)	(75, 0.0021061699999999997)	(76, 0.00588928)	(77, 0.00266182)	(78, 0.00649817)	(79, 0.00161706)	(80, 0.00295462)	(81, 0.00661462)	(82, 0.00343707)	(83, 0.00315093)	(84, 0.00600906)	(85, 0.00162371)	(86, 0.0016104000000000001)	(87, 0.0130429)	(88, 0.00846459)	(89, 0.018925499999999998)	(90, 0.025513499999999998)	(91, 0.0511668)	(92, 0.00686417)	(93, 0.0246851)	(94, 0.0468414)	(95, 0.0280023)	(96, 0.029992099999999997)	(97, 0.017681099999999998)	(98, 0.008913770000000001)	(99, 0.0184431)	(100, 0.0033738600000000002)	
HG03723	(1, 2.28898e-05)	(2, 0.0)	(3, 0.0)	(4, 0.0)	(5, 0.0)	(6, 0.0)	(7, 0.0)	(8, 0.0)	(9, 0.0)	(10, 0.0)	(11, 0.0)	(12, 7.72529e-05)	(13, 0.0)	(14, 0.0)	(15, 0.0)	(16, 0.00462659)	(17, 0.000294706)	(18, 0.0)	(19, 0.000429183)	(20, 2.86122e-06)	(21, 0.0)	(22, 0.0)	(23, 4.86407e-05)	(24, 2.00285e-05)	(25, 0.000300428)	(26, 5.72244e-06)	(27, 0.0)	(28, 9.44203e-05)	(29, 0.0)	(30, 5.722440000000001e-05)	(31, 0.0036594999999999996)	(32, 0.00749354)	(33, 0.0071645)	(34, 0.0070643500000000005)	(35, 0.00461515)	(36, 0.0115994)	(37, 0.010746700000000001)	(38, 0.00232903)	(39, 0.000555077)	(40, 0.004752490000000001)	(41, 0.00501572)	(42, 0.00286694)	(43, 0.00457509)	(44, 0.00189985)	(45, 0.0034620799999999998)	(46, 0.0027524900000000002)	(47, 0.006969930000000001)	(48, 0.00435478)	(49, 0.0024205900000000002)	(50, 0.00974532)	(51, 0.00606579)	(52, 0.00627179)	(53, 0.00991413)	(54, 0.00638624)	(55, 0.00914446)	(56, 0.00982257)	(57, 0.00665234)	(58, 0.00538196)	(59, 0.00375106)	(60, 0.00287266)	(61, 0.00226323)	(62, 0.00460084)	(63, 0.00291558)	(64, 0.00574819)	(65, 0.00701857)	(66, 0.0180657)	(67, 0.0080715)	(68, 0.010495)	(69, 0.00760226)	(70, 0.00268669)	(71, 0.00310156)	(72, 0.0046037)	(73, 0.00204863)	(74, 0.00318454)	(75, 0.00339341)	(76, 0.0017739599999999998)	(77, 0.0038912599999999997)	(78, 0.0027668)	(79, 0.007027160000000001)	(80, 0.00452359)	(81, 0.00414019)	(82, 0.00879825)	(83, 0.00220886)	(84, 0.0027868299999999997)	(85, 0.00464948)	(86, 0.0)	(87, 0.0133361)	(88, 0.0125922)	(89, 0.0446837)	(90, 0.00902429)	(91, 0.024947)	(92, 0.0346837)	(93, 0.0254963)	(94, 0.007673790000000001)	(95, 0.000992843)	(96, 0.00432044)	(97, 0.00115879)	(98, 0.0036795300000000003)	(99, 0.0028555)	(100, 0.00906435)	
HG03790	(1, 0.019308699999999998)	(2, 3.35983e-05)	(3, 0.0)	(4, 8.78725e-05)	(5, 0.0)	(6, 0.00312206)	(7, 0.00931449)	(8, 0.015530200000000001)	(9, 0.018401499999999998)	(10, 0.00476321)	(11, 0.00395426)	(12, 0.00560058)	(13, 0.0205751)	(14, 0.0038147)	(15, 0.0029204699999999997)	(16, 0.00302643)	(17, 0.00786201)	(18, 0.012255600000000002)	(19, 0.0128423)	(20, 0.0109815)	(21, 0.010552500000000001)	(22, 0.019492199999999998)	(23, 0.00809461)	(24, 0.00528527)	(25, 0.00801708)	(26, 0.00894749)	(27, 0.0148918)	(28, 0.016711300000000002)	(29, 0.014470499999999999)	(30, 0.0109324)	(31, 0.00952642)	(32, 0.00532921)	(33, 0.006789450000000001)	(34, 0.0038198699999999995)	(35, 0.0156517)	(36, 0.00477096)	(37, 0.009089640000000001)	(38, 0.0110771)	(39, 0.00936618)	(40, 0.00459005)	(41, 0.00508368)	(42, 0.00464432)	(43, 0.00826519)	(44, 0.00868904)	(45, 0.010188)	(46, 0.00723398)	(47, 0.0115061)	(48, 0.00518965)	(49, 0.0154087)	(50, 0.00973059)	(51, 0.00239065)	(52, 0.0202417)	(53, 0.009544509999999999)	(54, 0.026640900000000002)	(55, 0.0274783)	(56, 0.0279977)	(57, 0.0150676)	(58, 0.0200168)	(59, 0.015401)	(60, 0.025622600000000002)	(61, 0.01629)	(62, 0.00972284)	(63, 0.0146928)	(64, 0.000746917)	(65, 0.00026878700000000004)	(66, 0.013421200000000001)	(67, 0.00775087)	(68, 0.0120101)	(69, 0.00681271)	(70, 0.0178614)	(71, 0.00337275)	(72, 0.0192958)	(73, 0.00447633)	(74, 0.00972801)	(75, 0.023927200000000003)	(76, 0.00285844)	(77, 0.0254753)	(78, 0.0017135100000000001)	(79, 0.0016644099999999998)	(80, 0.0036131099999999997)	(81, 0.0181948)	(82, 0.0192131)	(83, 0.017786399999999997)	(84, 0.00210377)	(85, 0.0252039)	(86, 0.0135246)	(87, 0.0210248)	(88, 0.0287369)	(89, 0.027940899999999998)	(90, 0.0159049)	(91, 0.012826800000000001)	(92, 0.008389240000000001)	(93, 0.0221439)	(94, 0.014354200000000001)	(95, 0.0076475)	(96, 0.0262868)	(97, 0.0244208)	(98, 0.017290200000000002)	(99, 0.0176391)	(100, 0.0182129)	
HG03814	(1, 0.00519211)	(2, 0.000613014)	(3, 0.0007076399999999999)	(4, 0.0011684299999999998)	(5, 0.00248497)	(6, 0.0026989099999999997)	(7, 0.00254668)	(8, 0.0015551599999999999)	(9, 0.0015675099999999998)	(10, 0.00135357)	(11, 0.0019542400000000003)	(12, 0.000543073)	(13, 0.000979177)	(14, 0.000765239)	(15, 0.0032666699999999997)	(16, 0.00114374)	(17, 0.00126306)	(18, 0.00153871)	(19, 0.00219286)	(20, 0.00130831)	(21, 0.00131654)	(22, 0.00136591)	(23, 0.00210646)	(24, 0.0025261100000000002)	(25, 0.00319261)	(26, 0.00102855)	(27, 0.0026577700000000003)	(28, 0.0030486099999999998)	(29, 0.00207355)	(30, 0.00279765)	(31, 0.00257548)	(32, 0.00339832)	(33, 0.0038179700000000004)	(34, 0.00377682)	(35, 0.00141939)	(36, 0.0015592800000000001)	(37, 0.00285525)	(38, 0.00128363)	(39, 0.0013042)	(40, 0.0034517999999999997)	(41, 0.0017197299999999998)	(42, 0.00365751)	(43, 0.00206944)	(44, 0.00338186)	(45, 0.00197892)	(46, 0.00203241)	(47, 0.00218463)	(48, 0.000547187)	(49, 0.00299101)	(50, 0.00143585)	(51, 0.00131654)	(52, 0.00168682)	(53, 0.00365751)	(54, 0.0032502100000000003)	(55, 0.00284702)	(56, 0.0030157)	(57, 0.004756)	(58, 0.00473132)	(59, 0.00239446)	(60, 0.00357523)	(61, 0.00392082)	(62, 0.00449681)	(63, 0.00478069)	(64, 0.005315530000000001)	(65, 0.0062864800000000005)	(66, 0.0056241)	(67, 0.004344580000000001)	(68, 0.0034764900000000005)	(69, 0.00385499)	(70, 0.00397019)	(71, 0.00405248)	(72, 0.00514274)	(73, 0.00446801)	(74, 0.00455852)	(75, 0.00441452)	(76, 0.00501931)	(77, 0.00558707)	(78, 0.0043775)	(79, 0.0036246)	(80, 0.00417179)	(81, 0.00377271)	(82, 0.005171530000000001)	(83, 0.00682544)	(84, 0.00581335)	(85, 0.013334100000000002)	(86, 0.0063605300000000005)	(87, 0.009676569999999999)	(88, 0.00876733)	(89, 0.00654979)	(90, 0.00599849)	(91, 0.006089)	(92, 0.006418129999999999)	(93, 0.00717103)	(94, 0.007483709999999999)	(95, 0.0105035)	(96, 0.0096272)	(97, 0.0113963)	(98, 0.0121039)	(99, 0.011301700000000001)	(100, 0.0110178)	
NA06989	(1, 0.0)	(2, 0.0)	(3, 0.0)	(4, 0.0)	(5, 0.0)	(6, 0.0)	(7, 0.0)	(8, 0.0)	(9, 0.0)	(10, 0.0)	(11, 0.0)	(12, 0.0)	(13, 0.0)	(14, 0.0)	(15, 0.0)	(16, 0.0)	(17, 0.0)	(18, 0.0)	(19, 0.0)	(20, 0.0)	(21, 0.0)	(22, 0.0)	(23, 0.0)	(24, 0.0)	(25, 0.0)	(26, 0.0)	(27, 0.0)	(28, 0.0)	(29, 0.0)	(30, 0.00252301)	(31, 0.00420502)	(32, 0.0)	(33, 0.0)	(34, 0.0)	(35, 0.0)	(36, 0.0)	(37, 0.000420767)	(38, 0.0)	(39, 0.0)	(40, 0.0)	(41, 0.0)	(42, 0.0)	(43, 0.000420921)	(44, 0.0)	(45, 0.0)	(46, 0.0)	(47, 0.0)	(48, 0.0)	(49, 0.0)	(50, 0.0)	(51, 0.0)	(52, 0.0)	(53, 0.0)	(54, 0.0)	(55, 0.0)	(56, 0.0)	(57, 0.0)	(58, 0.0)	(59, 0.0)	(60, 0.0)	(61, 0.00294924)	(62, 0.0)	(63, 0.0)	(64, 0.0)	(65, 0.0)	(66, 0.020248600000000002)	(67, 0.0139279)	(68, 0.0)	(69, 0.0)	(70, 0.0)	(71, 0.0)	(72, 0.0220347)	(73, 0.0033946799999999997)	(74, 0.0012749600000000001)	(75, 0.0)	(76, 0.0)																									
NA18488	(1, 1.4906000000000001)	(2, 1.48322)	(3, 1.45961)	(4, 1.45743)	(5, 1.47674)	(6, 1.49628)	(7, 1.47329)	(8, 1.4763)	(9, 1.4819499999999999)	(10, 1.4729)	(11, 1.4732699999999999)	(12, 1.455)	(13, 1.48159)	(14, 1.4915100000000001)	(15, 1.52756)	(16, 1.51419)	(17, 1.51661)	(18, 1.53397)	(19, 1.5525799999999998)	(20, 1.55622)	(21, 1.51346)	(22, 1.50259)	(23, 1.49228)	(24, 1.4771299999999998)	(25, 1.48827)	(26, 1.51132)	(27, 1.5384200000000001)	(28, 1.58155)	(29, 1.6135799999999998)	(30, 1.6447300000000002)	(31, 1.6539000000000001)	(32, 1.6544699999999999)	(33, 1.6669699999999998)	(34, 1.65889)	(35, 1.63)	(36, 1.64285)	(37, 1.65065)	(38, 1.6550700000000003)	(39, 1.6833500000000001)	(40, 1.6719899999999999)	(41, 1.6512499999999999)	(42, 1.6343900000000002)	(43, 1.63631)	(44, 1.64294)	(45, 1.6352200000000001)	(46, 1.6253)	(47, 1.5998100000000002)	(48, 1.5910799999999998)	(49, 1.57622)	(50, 1.5831899999999999)	(51, 1.5827600000000002)	(52, 1.5626000000000002)	(53, 1.56218)	(54, 1.5839200000000002)	(55, 1.58135)	(56, 1.5900299999999998)	(57, 1.58102)	(58, 1.57473)	(59, 1.55652)	(60, 1.54761)	(61, 1.54512)	(62, 1.5482)	(63, 1.56596)	(64, 1.5296399999999999)	(65, 1.52348)	(66, 1.5223799999999998)	(67, 1.5322)	(68, 1.51271)	(69, 1.51437)	(70, 1.51793)	(71, 1.52864)	(72, 1.52747)	(73, 1.5150000000000001)	(74, 1.50253)	(75, 1.53709)	(76, 1.20241)																									
NA18498	(1, 1.12101)	(2, 1.74467)	(3, 1.7349400000000001)	(4, 1.73414)	(5, 1.68697)	(6, 1.6337899999999999)	(7, 1.6413)	(8, 1.6468500000000001)	(9, 1.6591399999999998)	(10, 1.6701199999999998)	(11, 1.63577)	(12, 1.60562)	(13, 1.61406)	(14, 1.6437899999999999)	(15, 1.6679599999999999)	(16, 1.6809999999999998)	(17, 1.6830500000000002)	(18, 1.70057)	(19, 1.6651699999999998)	(20, 3.81625)	(21, 17.2161)	(22, 1.7019)	(23, 1.7490599999999998)	(24, 1.7532800000000002)	(25, 1.74419)	(26, 1.7028499999999998)	(27, 1.66546)	(28, 1.6897)	(29, 1.67209)	(30, 1.70325)	(31, 1.67536)	(32, 1.64307)	(33, 1.6384599999999998)	(34, 1.6684700000000001)	(35, 1.69336)	(36, 1.6813000000000002)	(37, 1.65228)	(38, 1.6533099999999998)	(39, 1.6497000000000002)	(40, 1.67906)	(41, 1.69178)	(42, 1.68467)	(43, 1.5761399999999999)	(44, 1.67475)	(45, 1.6903499999999998)	(46, 1.6773699999999998)	(47, 1.68821)	(48, 1.6579199999999998)	(49, 1.6537300000000001)	(50, 1.6717099999999998)	(51, 1.68292)	(52, 1.6938600000000001)	(53, 1.71198)	(54, 1.7148199999999998)	(55, 1.6978900000000001)	(56, 1.7107299999999999)	(57, 1.73589)	(58, 1.71702)	(59, 1.7212800000000001)	(60, 1.71399)	(61, 1.6944000000000001)	(62, 1.71252)	(63, 1.7047799999999997)	(64, 1.6838)	(65, 1.7098700000000002)	(66, 1.70375)	(67, 1.6826899999999998)	(68, 1.65537)	(69, 1.6869599999999998)	(70, 1.68686)	(71, 1.7038600000000002)	(72, 1.67616)	(73, 1.67076)	(74, 1.62571)	(75, 1.6314700000000002)	(76, 1.69726)																									
NA18499	(1, 0.0400209)	(2, 0.0)	(3, 0.0)	(4, 0.0)	(5, 0.0)	(6, 0.0)	(7, 0.0)	(8, 0.0)	(9, 0.0)	(10, 0.0)	(11, 0.0)	(12, 0.0)	(13, 0.0)	(14, 0.0)	(15, 0.0)	(16, 0.0)	(17, 0.0)	(18, 0.0)	(19, 0.0)	(20, 0.0)	(21, 0.0)	(22, 0.0)	(23, 0.0)	(24, 0.0)	(25, 0.0)	(26, 0.0)	(27, 0.0)	(28, 0.0)	(29, 0.0)	(30, 0.0)	(31, 0.0)	(32, 0.0)	(33, 0.0)	(34, 0.0)	(35, 0.0)	(36, 0.0)	(37, 0.0)	(38, 0.0)	(39, 0.0)	(40, 0.0)	(41, 0.0)	(42, 0.0)	(43, 0.0)	(44, 0.0)	(45, 0.0)	(46, 0.0)	(47, 0.0)	(48, 0.0)	(49, 0.0)	(50, 0.0)	(51, 0.0)	(52, 0.0)	(53, 0.0)	(54, 0.0)	(55, 0.0)	(56, 0.0)	(57, 0.0)	(58, 0.0)	(59, 0.0)	(60, 0.0)	(61, 0.0)	(62, 0.000339527)	(63, 0.007470010000000001)	(64, 0.017657600000000002)	(65, 0.0186776)	(66, 0.0)	(67, 0.0)	(68, 0.0)	(69, 0.0)	(70, 0.0)	(71, 0.0)	(72, 0.00781978)	(73, 0.0)	(74, 0.0)	(75, 0.0)	(76, 0.0)																									
NA18530	(1, 0.21314900000000003)	(2, 0.0454544)	(3, 0.0509125)	(4, 0.0435095)	(5, 0.050049199999999995)	(6, 0.123384)	(7, 0.1315)	(8, 0.129707)	(9, 0.13383399999999998)	(10, 0.12835100000000002)	(11, 0.132023)	(12, 0.137363)	(13, 0.141793)	(14, 0.13811500000000002)	(15, 0.12791)	(16, 0.13778200000000002)	(17, 0.13475)	(18, 0.13969399999999998)	(19, 0.135872)	(20, 0.140522)	(21, 0.13053900000000002)	(22, 0.125841)	(23, 0.130794)	(24, 0.128334)	(25, 0.130773)	(26, 0.139021)	(27, 0.135914)	(28, 0.12481)	(29, 0.12455999999999999)	(30, 0.124948)	(31, 0.127524)	(32, 0.135205)	(33, 0.160072)	(34, 0.156871)	(35, 0.13406200000000001)	(36, 0.133163)	(37, 0.123304)	(38, 0.124741)	(39, 0.125697)	(40, 0.132254)	(41, 0.12048199999999999)	(42, 0.12673)	(43, 0.12872899999999998)	(44, 0.12632)	(45, 0.113677)	(46, 0.115413)	(47, 0.125427)	(48, 0.116085)	(49, 0.129777)	(50, 0.115802)	(51, 0.114383)	(52, 0.12354)	(53, 0.10828800000000001)	(54, 0.111573)	(55, 0.108909)	(56, 0.109723)	(57, 0.0894929)	(58, 0.10737399999999998)	(59, 0.0992978)	(60, 0.09078800000000001)	(61, 0.100717)	(62, 0.0943106)	(63, 0.11144)	(64, 0.100351)	(65, 0.0858824)	(66, 0.0854052)	(67, 0.0907111)	(68, 0.0836644)	(69, 0.0929778)	(70, 0.0894286)	(71, 0.09001719999999999)	(72, 0.0902307)	(73, 0.103327)	(74, 0.09739049999999999)	(75, 0.0870441)	(76, 0.101985)	(77, 0.0904678)	(78, 0.10031000000000001)	(79, 0.0917126)	(80, 0.09432309999999999)	(81, 0.09800110000000001)	(82, 0.0934174)	(83, 0.09964939999999999)	(84, 0.0847538)	(85, 0.0943278)	(86, 0.0842546)	(87, 0.085096)	(88, 0.0864209)	(89, 0.0927534)	(90, 0.0944032)											
NA18946	(1, 0.0)	(2, 0.0)	(3, 0.024696199999999998)	(4, 0.0064989900000000005)	(5, 0.0)	(6, 0.0)	(7, 0.0)	(8, 0.0)	(9, 0.0779879)	(10, 0.0363944)	(11, 0.0545915)	(12, 0.0337948)	(13, 0.00909859)	(14, 0.0)	(15, 0.0)	(16, 0.0)	(17, 0.0)	(18, 0.0)	(19, 0.0)	(20, 0.0)	(21, 0.0)	(22, 0.0)	(23, 0.0)	(24, 0.0)	(25, 0.0)	(26, 0.0)	(27, 0.0)	(28, 0.0)	(29, 0.0)	(30, 0.0)	(31, 0.0)	(32, 0.0)	(33, 0.0)	(34, 0.0)	(35, 0.0)	(36, 0.0)	(37, 0.0)	(38, 0.0)	(39, 0.0)	(40, 0.0)	(41, 0.0)	(42, 0.0)	(43, 0.0)	(44, 0.0)	(45, 0.0)	(46, 0.0)	(47, 0.0)	(48, 0.0)	(49, 0.0)	(50, 0.0)	(51, 0.0)	(52, 0.0)	(53, 0.0)	(54, 0.0)	(55, 0.0)	(56, 0.0)	(57, 0.0)	(58, 0.0)	(59, 0.0)	(60, 0.0)	(61, 0.0)	(62, 0.0)	(63, 0.0)	(64, 0.0)	(65, 0.0)	(66, 0.0)	(67, 0.0)	(68, 0.0)	(69, 0.0)	(70, 0.0)	(71, 0.0)	(72, 0.0)	(73, 0.0)	(74, 0.0)	(75, 0.0)	(76, 0.0)	(77, 0.0)	(78, 0.0)	(79, 0.0)	(80, 0.0)	(81, 0.0)	(82, 0.0)	(83, 0.0)	(84, 0.0)	(85, 0.0)	(86, 0.0)	(87, 0.0)	(88, 0.0)	(89, 0.0)	(90, 0.0)	(91, 0.0)	(92, 0.0)	(93, 0.0)	(94, 0.0)	(95, 0.0)	(96, 0.0)	(97, 0.0)	(98, 0.0)	(99, 0.0)	(100, 0.0)	(101, 0.0)
NA19001	(1, 0.16328600000000001)	(2, 0.00482618)	(3, 0.00160873)	(4, 0.00160873)	(5, 0.0008043630000000001)	(6, 0.0)	(7, 0.0)	(8, 0.0)	(9, 0.0)	(10, 0.0)	(11, 0.0)	(12, 0.0)	(13, 0.0)	(14, 0.0)	(15, 0.0)	(16, 0.0)	(17, 0.0)	(18, 0.0)	(19, 0.0)	(20, 0.0)	(21, 0.00723927)	(22, 0.0)	(23, 0.00160873)	(24, 0.010456700000000001)	(25, 0.0)	(26, 0.0)	(27, 0.0)	(28, 0.0)	(29, 0.0)	(30, 0.0)	(31, 0.0)	(32, 0.0)	(33, 0.0)	(34, 0.0)	(35, 0.0)	(36, 0.0)	(37, 0.0)	(38, 0.0)	(39, 0.0)	(40, 0.0)	(41, 0.0)	(42, 0.0)	(43, 0.0)	(44, 0.0)	(45, 0.0)	(46, 0.0)	(47, 0.0)	(48, 0.0)	(49, 0.0)	(50, 0.0)	(51, 0.0)	(52, 0.0)	(53, 0.0)	(54, 0.0)	(55, 0.0)	(56, 0.0)	(57, 0.0)	(58, 0.0)	(59, 0.0)	(60, 0.0)	(61, 0.0)	(62, 0.0)	(63, 0.0)	(64, 0.0)	(65, 0.0)	(66, 0.0)	(67, 0.0)	(68, 0.0)	(69, 0.0)	(70, 0.0)	(71, 0.0)	(72, 0.0)	(73, 0.0)	(74, 0.0)	(75, 0.0)	(76, 0.0)	(77, 0.0)	(78, 0.0)	(79, 0.0)	(80, 0.0)	(81, 0.0)	(82, 0.0)	(83, 0.0)	(84, 0.0)	(85, 0.0)	(86, 0.0)	(87, 0.0)	(88, 0.0)	(89, 0.0)	(90, 0.0)	(91, 0.0)	(92, 0.0)	(93, 0.0)	(94, 0.0)	(95, 0.0)	(96, 0.0)	(97, 0.0)	(98, 0.021189700000000002)	(99, 0.199153)	(100, 0.171698)	(101, 0.16627899999999998)
NA19020	(1, 0.0840563)	(2, 0.000356066)	(3, 0.008798130000000001)	(4, 0.0165819)	(5, 0.014052199999999999)	(6, 0.0)	(7, 0.0)	(8, 0.0)	(9, 0.000488555)	(10, 3.31224e-05)	(11, 0.0)	(12, 0.029690100000000004)	(13, 0.023993)	(14, 0.029400299999999997)	(15, 0.025135799999999996)	(16, 0.0197244)	(17, 0.00940262)	(18, 0.0027408800000000002)	(19, 0.0712131)	(20, 0.000886024)	(21, 0.0046495600000000005)	(22, 0.0491743)	(23, 0.00514225)	(24, 0.0226143)	(25, 0.0117957)	(26, 0.00268291)	(27, 0.0035855)	(28, 0.0)	(29, 0.0)	(30, 0.00180103)	(31, 0.000211155)	(32, 8.2806e-06)	(33, 0.0033288)	(34, 9.52269e-05)	(35, 0.00208671)	(36, 0.00161472)	(37, 0.014164000000000001)	(38, 0.0250488)	(39, 0.013915499999999999)	(40, 0.0348158)	(41, 0.00998226)	(42, 0.0229)	(43, 0.004397)	(44, 0.00149051)	(45, 0.0)	(46, 0.00115928)	(47, 0.00294789)	(48, 6.210450000000001e-05)	(49, 0.0)	(50, 0.00264151)	(51, 0.000335364)	(52, 0.00193766)	(53, 0.000898445)	(54, 0.00260839)	(55, 0.0009605490000000001)	(56, 0.0343272)	(57, 0.0755397)	(58, 0.0892607)	(59, 0.130577)	(60, 0.132051)	(61, 0.128635)	(62, 0.10228999999999999)	(63, 0.0463962)	(64, 0.019417999999999998)	(65, 0.0163956)	(66, 0.000732833)	(67, 0.000169752)	(68, 0.0013787200000000002)	(69, 0.00204117)	(70, 0.0)	(71, 0.000451293)	(72, 0.000169752)	(73, 4.1403e-06)	(74, 0.0032749800000000003)	(75, 0.0166316)	(76, 0.0418129)	(77, 0.0691264)	(78, 0.140203)	(79, 0.16431600000000002)	(80, 0.156168)	(81, 0.0680458)	(82, 0.0366292)	(83, 0.026025899999999998)	(84, 0.018602399999999998)	(85, 0.0147519)	(86, 0.009609630000000001)	(87, 0.00893476)	(88, 0.00973798)	(89, 0.00987461)	(90, 0.0081067)	(91, 0.00681907)	(92, 0.00485657)	(93, 0.00893062)	(94, 0.0432578)	(95, 0.0800071)	(96, 0.084872)	(97, 0.0779411)	(98, 0.0756101)	(99, 0.0513521)	(100, 0.0258644)	(101, 0.026129400000000004)
NA19922	(1, 0.05455669999999999)	(2, 0.0906357)	(3, 0.129721)	(4, 0.15034)	(5, 0.172776)	(6, 0.27049)	(7, 0.483026)	(8, 0.57911)	(9, 0.543995)	(10, 0.543046)	(11, 0.5269079999999999)	(12, 0.579426)	(13, 0.573057)	(14, 0.5307090000000001)	(15, 0.466836)	(16, 0.373732)	(17, 0.30535100000000004)	(18, 0.0894847)	(19, 0.019266500000000002)	(20, 0.230789)	(21, 0.0958621)	(22, 0.0827451)	(23, 0.0798442)	(24, 0.044530600000000004)	(25, 0.0566952)	(26, 0.130101)	(27, 0.10474)	(28, 0.178534)	(29, 0.162569)	(30, 0.17538499999999999)	(31, 0.235673)	(32, 0.249649)	(33, 0.275258)	(34, 0.26954100000000003)	(35, 0.24779400000000001)	(36, 0.08665679999999999)	(37, 0.030060999999999997)	(38, 0.050344099999999996)	(39, 0.0377179)	(40, 0.0324419)	(41, 0.0415654)	(42, 0.021293899999999998)	(43, 0.027945900000000003)	(44, 0.0496868)	(45, 0.09192990000000001)	(46, 0.12085699999999999)	(47, 0.148494)	(48, 0.14726999999999998)	(49, 0.230438)	(50, 0.179323)	(51, 0.14854)	(52, 0.175917)	(53, 0.229904)	(54, 0.172288)	(55, 0.132882)	(56, 0.0444926)	(57, 0.0234937)	(58, 0.056727299999999994)	(59, 0.0469144)	(60, 0.027975100000000003)	(61, 0.0115833)	(62, 0.0717607)	(63, 0.102812)	(64, 0.150451)	(65, 0.133671)	(66, 0.188911)	(67, 0.151018)	(68, 0.191561)	(69, 0.179592)	(70, 0.19945100000000002)	(71, 0.147828)	(72, 0.180985)	(73, 0.19303)	(74, 0.0863939)	(75, 0.0636685)	(76, 0.060051799999999995)	(77, 0.0520093)	(78, 0.0836858)	(79, 0.108044)	(80, 0.121003)	(81, 0.0807206)	(82, 0.172393)	(83, 0.198183)	(84, 0.11756799999999999)	(85, 0.188701)	(86, 0.178817)	(87, 0.14488299999999998)	(88, 0.135832)	(89, 0.142143)	(90, 0.185703)	(91, 0.161543)	(92, 0.0515039)	(93, 0.0522459)	(94, 0.0754533)	(95, 0.028059800000000003)	(96, 0.039199)	(97, 0.0475863)	(98, 0.056192700000000005)	(99, 0.0782579)	(100, 0.0589855)	(101, 0.10381100000000001)
NA20274	(1, 0.729558)	(2, 0.0385143)	(3, 0.7091240000000001)	(4, 0.835728)	(5, 0.708837)	(6, 1.52368)	(7, 0.668136)	(8, 0.00033679200000000004)	(9, 0.00066358)	(10, 0.0938016)	(11, 0.671633)	(12, 0.677326)	(13, 0.668409)	(14, 0.778857)	(15, 0.668022)	(16, 0.671964)	(17, 0.6714870000000001)	(18, 0.000456837)	(19, 0.674871)	(20, 0.673921)	(21, 0.671633)	(22, 0.668106)	(23, 6.00224e-05)	(24, 0.667899)	(25, 0.667889)	(26, 0.00123713)	(27, 0.00319452)	(28, 0.6691790000000001)	(29, 0.674098)	(30, 0.668882)	(31, 0.674264)	(32, 0.0015239)	(33, 0.00111375)	(34, 0.673704)	(35, 0.00824307)	(36, 0.6725140000000001)	(37, 0.00846649)	(38, 0.016006)	(39, 0.007469449999999999)	(40, 0.00627901)	(41, 0.010147100000000001)	(42, 0.000686923)	(43, 0.00698927)	(44, 0.00116377)	(45, 0.0103439)	(46, 0.0041748900000000005)	(47, 0.696043)	(48, 0.014202)	(49, 0.00648575)	(50, 0.0326788)	(51, 0.0116777)	(52, 0.0551505)	(53, 0.014148599999999999)	(54, 0.00973029)	(55, 0.040154999999999996)	(56, 0.034442799999999996)	(57, 0.0111908)	(58, 0.126854)	(59, 0.0424325)	(60, 0.0197207)	(61, 0.0407852)	(62, 0.058325100000000005)	(63, 0.68101)	(64, 0.015682500000000002)	(65, 0.006415720000000001)	(66, 0.008599869999999999)	(67, 0.0303213)	(68, 0.00385143)	(69, 0.0346396)	(70, 0.030398)	(71, 0.0397848)	(72, 0.0353365)	(73, 0.00830643)	(74, 0.0104706)	(75, 0.6766490000000001)	(76, 0.48277600000000004)	(77, 0.460165)	(78, 0.0431394)	(79, 1.4029099999999999)	(80, 2.03543)	(81, 0.707724)	(82, 0.48505099999999995)	(83, 1.1223)	(84, 1.1498899999999999)	(85, 0.7883039999999999)	(86, 0.677612)	(87, 1.1574900000000001)	(88, 0.709364)	(89, 0.711902)	(90, 0.6847920000000001)	(91, 1.15443)	(92, 0.687226)	(93, 0.716333)	(94, 0.707874)	(95, 1.64933)	(96, 0.707624)	(97, 1.72777)	(98, 0.683061)	(99, 1.56456)	(100, 0.794182)	
NA20342	(1, 0.24671099999999999)	(2, 0.18159599999999998)	(3, 0.161727)	(4, 0.151621)	(5, 0.142293)	(6, 0.154697)	(7, 0.185202)	(8, 0.212086)	(9, 0.23105199999999998)	(10, 0.23234100000000002)	(11, 0.234537)	(12, 0.23111199999999998)	(13, 0.247047)	(14, 0.25526)	(15, 0.26627)	(16, 0.259357)	(17, 0.24687699999999999)	(18, 0.229563)	(19, 0.21383600000000003)	(20, 0.183789)	(21, 0.0840839)	(22, 0.11994099999999999)	(23, 0.14466299999999999)	(24, 0.129155)	(25, 0.13136599999999998)	(26, 0.117389)	(27, 0.135229)	(28, 0.1253)	(29, 0.13222399999999998)	(30, 0.181566)	(31, 0.23931)	(32, 0.273277)	(33, 0.258911)	(34, 0.260336)	(35, 0.266455)	(36, 0.249099)	(37, 0.253918)	(38, 0.261326)	(39, 0.244065)	(40, 0.24789399999999998)	(41, 0.24414100000000002)	(42, 0.243736)	(43, 0.183362)	(44, 0.0765436)	(45, 0.0818728)	(46, 0.11538200000000001)	(47, 0.12604100000000001)	(48, 0.09208899999999999)	(49, 0.0618941)	(50, 0.053666)	(51, 0.0555066)	(52, 0.060695900000000004)	(53, 0.127851)	(54, 0.215832)	(55, 0.270764)	(56, 0.301601)	(57, 0.314852)	(58, 0.356424)	(59, 0.321512)	(60, 0.359765)	(61, 0.348048)	(62, 0.367041)	(63, 0.358605)	(64, 0.343925)	(65, 0.380307)	(66, 0.29772000000000004)	(67, 0.0838798)	(68, 0.0574455)	(69, 0.0545806)	(70, 0.0680321)	(71, 0.08656319999999999)	(72, 0.06422230000000001)	(73, 0.060541000000000005)	(74, 0.0720271)	(75, 0.08156669999999999)	(76, 0.138472)	(77, 0.203242)	(78, 0.22440400000000002)	(79, 0.246979)	(80, 0.261285)	(81, 0.292508)	(82, 0.306035)	(83, 0.317347)	(84, 0.315862)	(85, 0.313934)	(86, 0.324997)	(87, 0.270684)	(88, 0.317506)	(89, 0.26756599999999997)	(90, 0.125311)	(91, 0.052928899999999994)	(92, 0.0458536)	(93, 0.0506423)	(94, 0.0676919)	(95, 0.0705757)	(96, 0.0772655)	(97, 0.08837740000000001)	(98, 0.147184)	(99, 1.18714)	(100, 0.25131)	
NA20351	(1, 0.28561)	(2, 0.11932500000000001)	(3, 0.113343)	(4, 0.178192)	(5, 0.192302)	(6, 0.271317)	(7, 0.283953)	(8, 0.809547)	(9, 0.815583)	(10, 0.867978)	(11, 0.8373010000000001)	(12, 0.8336480000000001)	(13, 0.838933)	(14, 0.809414)	(15, 0.757779)	(16, 0.65242)	(17, 0.592792)	(18, 0.32196)	(19, 0.0939526)	(20, 0.289032)	(21, 0.286812)	(22, 0.10841500000000001)	(23, 0.0678202)	(24, 0.11109799999999999)	(25, 0.0788678)	(26, 0.137511)	(27, 0.179734)	(28, 0.174889)	(29, 0.209069)	(30, 0.254731)	(31, 0.26119400000000004)	(32, 0.150457)	(33, 0.132851)	(34, 0.08790519999999999)	(35, 0.0387606)	(36, 0.0314294)	(37, 0.00672073)	(38, 0.0120346)	(39, 0.015770199999999998)	(40, 0.00939695)	(41, 0.020973000000000002)	(42, 0.00667729)	(43, 0.00810831)	(44, 0.0200801)	(45, 0.0669418)	(46, 0.115073)	(47, 0.14364)	(48, 0.139801)	(49, 0.168071)	(50, 0.165989)	(51, 0.185313)	(52, 0.215179)	(53, 0.19778199999999999)	(54, 0.19511599999999998)	(55, 0.129134)	(56, 0.0529719)	(57, 0.00498806)	(58, 0.02057)	(59, 0.014592500000000001)	(60, 0.008897420000000001)	(61, 0.030488200000000003)	(62, 0.0879534)	(63, 0.126065)	(64, 0.155272)	(65, 0.14500400000000002)	(66, 0.157325)	(67, 0.163322)	(68, 0.0894569)	(69, 0.0332127)	(70, 0.0716282)	(71, 0.000518835)	(72, 0.109747)	(73, 0.000427134)	(74, 0.0184102)	(75, 0.035254299999999995)	(76, 0.06506189999999999)	(77, 0.039846599999999996)	(78, 0.0192548)	(79, 0.022334)	(80, 0.0282343)	(81, 0.045773299999999996)	(82, 0.132665)	(83, 0.23127)	(84, 0.0838365)	(85, 0.134246)	(86, 0.073315)	(87, 0.0911678)	(88, 0.111357)	(89, 0.10763999999999999)	(90, 0.07311229999999999)	(91, 0.0943243)	(92, 0.023629900000000002)	(93, 0.0114482)	(94, 0.022614)	(95, 0.010164300000000001)	(96, 0.033118600000000005)	(97, 0.0608509)	(98, 0.089954)	(99, 0.0632472)	(100, 0.0361616)	(101, 0.0968195)
NA20355	(1, 0.00298558)	(2, 0.663608)	(3, 0.663404)	(4, 1.04687)	(5, 0.000580629)	(6, 0.00111466)	(7, 0.0340671)	(8, 0.664956)	(9, 0.0017167999999999999)	(10, 0.666321)	(11, 0.0029784100000000003)	(12, 0.736742)	(13, 0.9071859999999999)	(14, 0.665565)	(15, 0.66196)	(16, 0.6651670000000001)	(17, 0.66392)	(18, 0.6626690000000001)	(19, 0.667175)	(20, 0.0067417399999999995)	(21, 0.665662)	(22, 0.662157)	(23, 0.676755)	(24, 0.000150533)	(25, 0.000491025)	(26, 0.000551956)	(27, 0.0022795000000000003)	(28, 0.000218632)	(29, 0.00113258)	(30, 1.07524e-05)	(31, 0.664494)	(32, 0.0007526669999999999)	(33, 0.0)	(34, 0.00331173)	(35, 0.6644289999999999)	(36, 0.664938)	(37, 0.00359846)	(38, 0.00433321)	(39, 0.007394049999999999)	(40, 0.00155193)	(41, 0.00211464)	(42, 0.000146949)	(43, 0.0012687800000000002)	(44, 0.00141573)	(45, 0.0031074400000000004)	(46, 0.723653)	(47, 0.0008064289999999999)	(48, 0.00260208)	(49, 0.6626660000000001)	(50, 0.0)	(51, 0.663343)	(52, 0.6622819999999999)	(53, 0.0)	(54, 0.0009963869999999998)	(55, 0.0021863200000000003)	(56, 0.00160569)	(57, 0.0018386600000000002)	(58, 0.00237986)	(59, 0.0048995)	(60, 0.0216553)	(61, 0.00534752)	(62, 0.00325439)	(63, 0.0046916200000000005)	(64, 0.0022472499999999997)	(65, 0.000956962)	(66, 0.000652311)	(67, 0.0518301)	(68, 0.00105015)	(69, 0.000344076)	(70, 0.00129029)	(71, 0.00105373)	(72, 0.00323647)	(73, 0.0021468900000000003)	(74, 0.0015196699999999999)	(75, 0.0012329399999999999)	(76, 0.0021970699999999998)	(77, 0.00305368)	(78, 0.00540486)	(79, 0.00410383)	(80, 0.00584213)	(81, 0.0068815199999999995)	(82, 0.00845137)	(83, 0.00429737)	(84, 0.00407874)	(85, 0.00388161)	(86, 0.00251247)	(87, 0.00298916)	(88, 0.00563783)	(89, 0.00384577)	(90, 0.0037561700000000005)	(91, 0.0038887799999999997)	(92, 0.0650412)	(93, 0.00288164)	(94, 0.00487441)	(95, 0.00359846)	(96, 0.0015411700000000001)	(97, 0.0033905800000000002)	(98, 0.0043117)	(99, 0.00591381)	(100, 0.0037203200000000005)	
NA20503	(1, 0.636395)	(2, 0.6276689999999999)	(3, 0.674519)	(4, 0.654162)	(5, 0.697605)	(6, 0.6481899999999999)	(7, 0.697049)	(8, 0.672991)	(9, 0.975229)	(10, 1.03323)	(11, 0.6650729999999999)	(12, 0.6619309999999999)	(13, 0.66718)	(14, 0.653546)	(15, 0.638965)	(16, 0.6308)	(17, 0.524173)	(18, 0.8571540000000001)	(19, 0.8056139999999999)	(20, 0.79281)	(21, 0.7889449999999999)	(22, 0.800967)	(23, 0.613833)	(24, 0.617685)	(25, 0.211701)	(26, 0.598501)	(27, 0.398022)	(28, 0.23087200000000002)	(29, 0.460748)	(30, 0.479062)	(31, 0.504047)	(32, 0.505653)	(33, 0.51458)	(34, 0.580565)	(35, 0.569721)	(36, 0.61695)	(37, 0.6581830000000001)	(38, 0.653394)	(39, 0.6049760000000001)	(40, 0.5355730000000001)	(41, 0.45435099999999995)	(42, 0.435624)	(43, 0.432063)	(44, 0.425243)	(45, 0.470006)	(46, 0.529706)	(47, 0.53487)	(48, 0.539664)	(49, 0.5861919999999999)	(50, 0.597669)	(51, 0.586371)	(52, 0.607913)	(53, 0.617653)	(54, 0.601645)	(55, 0.5793200000000001)	(56, 0.570902)	(57, 0.570397)	(58, 0.529213)	(59, 0.48198499999999994)	(60, 0.48676400000000003)	(61, 0.446505)	(62, 0.40857899999999997)	(63, 0.355453)	(64, 0.31960500000000003)	(65, 0.315423)	(66, 0.328552)	(67, 0.381303)	(68, 0.36658799999999997)	(69, 0.355844)	(70, 0.40661600000000003)	(71, 0.426364)	(72, 0.40455100000000005)	(73, 0.429299)	(74, 0.41254799999999997)	(75, 0.39264599999999994)	(76, 0.435719)	(77, 0.39618)	(78, 0.374185)	(79, 0.40297199999999994)	(80, 0.388292)	(81, 0.337107)	(82, 0.282211)	(83, 0.273886)	(84, 0.297185)	(85, 0.298301)	(86, 0.293119)	(87, 0.306846)	(88, 0.35083800000000004)	(89, 0.372771)	(90, 0.403537)	(91, 0.43542800000000004)	(92, 0.46195400000000003)	(93, 0.43801300000000004)	(94, 0.43147599999999997)	(95, 0.462582)	(96, 0.465498)	(97, 0.456526)	(98, 0.431183)	(99, 0.387129)	(100, 0.387402)	(101, 0.411731)
NA20507	(1, 0.0957985)	(2, 0.0183145)	(3, 0.0125645)	(4, 0.0192729)	(5, 0.0142478)	(6, 0.0069806600000000005)	(7, 0.0)	(8, 0.0)	(9, 0.0)	(10, 0.0)	(11, 0.0)	(12, 0.0)	(13, 4.95083e-05)	(14, 0.000194497)	(15, 0.0)	(16, 0.0)	(17, 0.0)	(18, 0.0)	(19, 0.0)	(20, 0.0)	(21, 0.0)	(22, 0.0)	(23, 0.0)	(24, 0.0)	(25, 0.0)	(26, 0.0)	(27, 0.0)	(28, 0.0)	(29, 0.0)	(30, 0.0)	(31, 0.0)	(32, 0.0)	(33, 0.0)	(34, 0.0)	(35, 0.0)	(36, 0.0)	(37, 0.0)	(38, 0.0)	(39, 0.0)	(40, 0.0)	(41, 2.1217800000000002e-05)	(42, 0.0)	(43, 0.00190253)	(44, 0.00142513)	(45, 0.0059127)	(46, 0.0012801400000000001)	(47, 0.0016231599999999998)	(48, 0.0)	(49, 0.0)	(50, 0.00126246)	(51, 0.00460427)	(52, 0.00434965)	(53, 0.0)	(54, 0.0)	(55, 0.0)	(56, 0.0)	(57, 0.0)	(58, 0.0)	(59, 0.0)	(60, 0.0)	(61, 0.0)	(62, 0.0)	(63, 0.0)	(64, 0.0)	(65, 0.0)	(66, 0.0)	(67, 0.0)	(68, 0.0)	(69, 0.0)	(70, 0.000558736)	(71, 0.0)	(72, 0.0)	(73, 0.0)	(74, 0.0)	(75, 0.0)	(76, 0.0)	(77, 0.0)	(78, 0.0)	(79, 0.0)	(80, 0.0)	(81, 0.0)	(82, 0.0)	(83, 0.0)	(84, 0.0)	(85, 0.0)	(86, 0.0)	(87, 0.00134026)	(88, 0.00840933)	(89, 0.0071150399999999996)	(90, 0.000219251)	(91, 0.0)	(92, 0.0)	(93, 0.0)	(94, 0.0)	(95, 0.0)	(96, 0.0)	(97, 0.0)	(98, 0.0)	(99, 0.0)	(100, 0.0)	(101, 0.0)
NA20511	(1, 0.0031813400000000004)	(2, 0.720182)	(3, 0.719951)	(4, 1.14472)	(5, 0.0006214440000000001)	(6, 0.00113456)	(7, 0.0382416)	(8, 0.721616)	(9, 0.0018472299999999998)	(10, 0.7229840000000001)	(11, 0.0032069900000000003)	(12, 0.7956929999999999)	(13, 0.917394)	(14, 0.72222)	(15, 0.718369)	(16, 0.7218439999999999)	(17, 0.720424)	(18, 0.7190529999999999)	(19, 0.723777)	(20, 0.00698697)	(21, 0.7222459999999999)	(22, 0.718566)	(23, 0.734148)	(24, 0.00017959199999999998)	(25, 0.00043045000000000003)	(26, 0.000515969)	(27, 0.00248292)	(28, 0.000228053)	(29, 0.00116877)	(30, 1.42533e-05)	(31, 0.721111)	(32, 0.000706964)	(33, 0.0)	(34, 0.00348066)	(35, 0.721017)	(36, 0.721511)	(37, 0.0038284400000000002)	(38, 0.00456961)	(39, 0.007368959999999999)	(40, 0.00165338)	(41, 0.00227198)	(42, 0.000176741)	(43, 0.00130275)	(44, 0.0014966)	(45, 0.0032155400000000002)	(46, 0.7855759999999999)	(47, 0.000809587)	(48, 0.00278795)	(49, 0.719028)	(50, 0.0)	(51, 0.7198060000000001)	(52, 0.718723)	(53, 0.0)	(54, 0.0009749260000000001)	(55, 0.00221781)	(56, 0.0016875899999999999)	(57, 0.00186148)	(58, 0.00231189)	(59, 0.00486323)	(60, 0.016935799999999997)	(61, 0.00549322)	(62, 0.0034008399999999996)	(63, 0.004518299999999999)	(64, 0.00226627)	(65, 0.0009635229999999999)	(66, 0.0006413980000000001)	(67, 0.06736389999999999)	(68, 0.0009464189999999999)	(69, 0.000370586)	(70, 0.0013113)	(71, 0.0010604499999999999)	(72, 0.0032354999999999997)	(73, 0.00218075)	(74, 0.00152225)	(75, 0.00125144)	(76, 0.00226627)	(77, 0.00316423)	(78, 0.00542766)	(79, 0.00420757)	(80, 0.00586096)	(81, 0.00720647)	(82, 0.00828687)	(83, 0.00427029)	(84, 0.0040393799999999995)	(85, 0.0039738199999999994)	(86, 0.00253994)	(87, 0.00309012)	(88, 0.005390600000000001)	(89, 0.00372581)	(90, 0.00381133)	(91, 0.0037286600000000004)	(92, 0.0803744)	(93, 0.00280505)	(94, 0.0048147599999999995)	(95, 0.00364314)	(96, 0.00153651)	(97, 0.0032583000000000004)	(98, 0.0043159)	(99, 0.00572698)	(100, 0.00383699)	
NA20864	(1, 0.125516)	(2, 0.0760619)	(3, 0.0671178)	(4, 0.0669581)	(5, 0.0759265)	(6, 0.0172561)	(7, 0.00492957)	(8, 0.00813839)	(9, 0.0152697)	(10, 0.009110759999999999)	(11, 0.0195742)	(12, 0.012609599999999999)	(13, 0.0148512)	(14, 0.0026063)	(15, 0.0152159)	(16, 0.011670199999999999)	(17, 0.00556508)	(18, 0.017084199999999997)	(19, 0.0134517)	(20, 0.0242624)	(21, 0.0165615)	(22, 0.0194891)	(23, 0.0159486)	(24, 0.0337065)	(25, 0.0169418)	(26, 0.0257713)	(27, 0.0312947)	(28, 0.0303952)	(29, 0.025337200000000004)	(30, 0.0265856)	(31, 0.00301608)	(32, 0.0019864099999999997)	(33, 0.00222256)	(34, 0.00230243)	(35, 0.009121180000000001)	(36, 0.015599599999999998)	(37, 0.022878500000000003)	(38, 0.0228837)	(39, 0.014236500000000001)	(40, 0.00730146)	(41, 0.0158878)	(42, 0.015333900000000001)	(43, 0.010262)	(44, 0.0101439)	(45, 0.00109044)	(46, 0.017528699999999998)	(47, 0.0138754)	(48, 0.0347726)	(49, 0.0108836)	(50, 0.0195689)	(51, 0.00852213)	(52, 0.0108767)	(53, 0.0042628)	(54, 0.00144466)	(55, 0.009895600000000001)	(56, 0.0218922)	(57, 0.012171999999999999)	(58, 0.011434000000000001)	(59, 0.00479934)	(60, 0.0155979)	(61, 0.0200881)	(62, 0.0360471)	(63, 0.037578600000000004)	(64, 0.036772900000000004)	(65, 0.026613400000000002)	(66, 0.0544232)	(67, 0.049702)	(68, 0.0465852)	(69, 0.06275080000000001)	(70, 0.045915000000000004)	(71, 0.0724832)	(72, 0.0748742)	(73, 0.05665270000000001)	(74, 0.061301)	(75, 0.058217200000000004)	(76, 0.0620198)	(77, 0.0477868)	(78, 0.0710872)	(79, 0.0577466)	(80, 0.0792863)	(81, 0.0674929)	(82, 0.0598563)	(83, 0.0749124)	(84, 0.071398)	(85, 0.0542478)	(86, 0.053909200000000004)	(87, 0.0584985)	(88, 0.0437462)	(89, 0.0476392)	(90, 0.0349046)											
NA21092	(1, 0.209594)	(2, 0.22885000000000003)	(3, 0.23862699999999998)	(4, 0.20933200000000002)	(5, 0.176594)	(6, 0.11417899999999999)	(7, 0.0626762)	(8, 0.0433512)	(9, 0.021058)	(10, 0.0176077)	(11, 0.026074399999999998)	(12, 0.026877900000000003)	(13, 0.033948700000000005)	(14, 0.029156)	(15, 0.0368255)	(16, 0.016634)	(17, 0.0115925)	(18, 0.010121)	(19, 0.052876599999999996)	(20, 0.12879300000000002)	(21, 0.169041)	(22, 0.252369)	(23, 0.296381)	(24, 0.280586)	(25, 0.22869499999999998)	(26, 0.197343)	(27, 0.184402)	(28, 0.18467)	(29, 0.17175700000000002)	(30, 0.15541000000000002)	(31, 0.144554)	(32, 0.134169)	(33, 0.121335)	(34, 0.09225130000000001)	(35, 0.0740859)	(36, 0.058872999999999995)	(37, 0.064592)	(38, 0.12891)	(39, 0.22084299999999998)	(40, 0.252142)	(41, 0.23903700000000003)	(42, 0.284348)	(43, 0.332186)	(44, 0.237074)	(45, 0.14596900000000002)	(46, 0.07680519999999999)	(47, 0.0786013)	(48, 0.0570517)	(49, 0.031560200000000004)	(50, 0.0279902)	(51, 0.0184963)	(52, 0.0102186)	(53, 0.008022399999999999)	(54, 0.00691326)	(55, 0.006355530000000001)	(56, 0.0046792100000000005)	(57, 0.00557409)	(58, 0.00625155)	(59, 0.00665803)	(60, 0.006453210000000001)	(61, 0.00565601)	(62, 0.00779553)	(63, 0.0116555)	(64, 0.00866835)	(65, 0.00822722)	(66, 0.00693846)	(67, 0.0123361)	(68, 0.0236229)	(69, 0.0392234)	(70, 0.0618601)	(71, 0.08154739999999999)	(72, 0.12085)	(73, 0.11449400000000001)	(74, 0.09645469999999999)	(75, 0.0839075)	(76, 0.0631142)	(77, 0.059017900000000005)	(78, 0.0491868)	(79, 0.0370146)	(80, 0.0422988)	(81, 0.0446998)	(82, 0.0288536)	(83, 0.0552147)	(84, 0.0929067)	(85, 0.127482)	(86, 0.133079)	(87, 0.230917)	(88, 0.328953)	(89, 0.376801)	(90, 0.26849500000000004)	(91, 0.23287999999999998)	(92, 0.234755)	(93, 0.289118)	(94, 0.270055)	(95, 0.44520899999999997)	(96, 0.658382)	(97, 0.741329)	(98, 0.745207)	(99, 0.702716)	(100, 0.663071)	
SRR070532	(1, 1.4395)	(2, 1.22655)	(3, 1.12912)	(4, 1.086)	(5, 1.05436)	(6, 1.08859)	(7, 1.01987)	(8, 1.00474)	(9, 1.00388)	(10, 0.990288)	(11, 0.9984959999999999)	(12, 0.96568)	(13, 0.969799)	(14, 0.965657)	(15, 0.9865189999999999)	(16, 0.9794)	(17, 1.02375)	(18, 0.9925410000000001)	(19, 0.990893)	(20, 0.955873)	(21, 0.931118)	(22, 0.9265300000000001)	(23, 0.9081159999999999)	(24, 0.90616)	(25, 0.925989)	(26, 0.914154)	(27, 0.8760810000000001)	(28, 0.90922)	(29, 0.9306780000000001)	(30, 0.9392539999999999)	(31, 1.01069)	(32, 1.1378)	(33, 1.1900300000000001)	(34, 1.25352)	(35, 1.27053)	(36, 1.32803)	(37, 1.30078)	(38, 1.35874)	(39, 1.34264)	(40, 1.34724)	(41, 1.36348)	(42, 1.3822400000000001)	(43, 1.36051)	(44, 1.34025)	(45, 1.32646)	(46, 1.33992)	(47, 1.34177)	(48, 1.32141)	(49, 1.33202)	(50, 1.3255)	(51, 1.3221800000000001)	(52, 1.31153)	(53, 1.3230799999999998)	(54, 1.3211199999999999)	(55, 1.31004)	(56, 1.32397)	(57, 1.33939)	(58, 1.3318)	(59, 1.33702)	(60, 1.3336000000000001)	(61, 1.32493)	(62, 1.30939)	(63, 1.32835)	(64, 1.33595)	(65, 1.3205)	(66, 1.32718)	(67, 1.30222)	(68, 1.33169)	(69, 1.34388)	(70, 1.37629)	(71, 1.4012200000000001)	(72, 1.42805)	(73, 1.46044)	(74, 1.51503)	(75, 1.5793700000000002)	(76, 1.6183800000000002)	(77, 1.68508)	(78, 1.7214099999999999)	(79, 1.7428099999999997)	(80, 1.75863)	(81, 1.7821500000000001)	(82, 1.78963)	(83, 1.7842099999999999)	(84, 1.78487)	(85, 1.76185)	(86, 1.73204)	(87, 1.7002199999999998)	(88, 1.66736)	(89, 1.62359)	(90, 1.5867699999999998)	(91, 1.559)	(92, 1.53873)	(93, 1.52742)	(94, 1.5297800000000001)	(95, 1.50589)	(96, 1.5130299999999999)	(97, 1.5265900000000001)	(98, 1.52353)	(99, 1.54711)	(100, 1.52395)	
SRR077439	(1, 0.222792)	(2, 0.12707000000000002)	(3, 0.142169)	(4, 0.14010699999999998)	(5, 0.141768)	(6, 0.146063)	(7, 0.166881)	(8, 0.194739)	(9, 0.199392)	(10, 0.183982)	(11, 0.155466)	(12, 0.15884399999999999)	(13, 0.212537)	(14, 0.161372)	(15, 0.149448)	(16, 0.217424)	(17, 0.178003)	(18, 0.188692)	(19, 0.16475)	(20, 0.22355399999999997)	(21, 0.212746)	(22, 0.175348)	(23, 0.20081500000000002)	(24, 0.166953)	(25, 0.205309)	(26, 1.02137)	(27, 0.193352)	(28, 0.172559)	(29, 0.274119)	(30, 0.1941)	(31, 0.24401399999999998)	(32, 0.205341)	(33, 0.206902)	(34, 0.218938)	(35, 0.20468399999999998)	(36, 0.228254)	(37, 0.24137)	(38, 0.29088)	(39, 0.280285)	(40, 0.367212)	(41, 0.26981700000000003)	(42, 0.24499700000000002)	(43, 0.319175)	(44, 0.310267)	(45, 0.238571)	(46, 0.27537999999999996)	(47, 0.228947)	(48, 0.21533300000000002)	(49, 0.224779)	(50, 0.18778899999999998)	(51, 0.22921500000000003)	(52, 0.20744)	(53, 0.235045)	(54, 0.20823399999999997)	(55, 0.31340999999999997)	(56, 0.292426)	(57, 0.275181)	(58, 0.376015)	(59, 0.38549700000000003)	(60, 0.331764)	(61, 0.269087)	(62, 0.26205)	(63, 0.32956399999999997)	(64, 0.347792)	(65, 0.36759800000000004)	(66, 0.337746)	(67, 0.316166)	(68, 0.28094600000000003)	(69, 0.31610900000000003)	(70, 0.276662)	(71, 0.30982000000000004)	(72, 0.259605)	(73, 0.278945)	(74, 0.284107)	(75, 0.33699799999999996)	(76, 0.316347)	(77, 0.288316)	(78, 0.314042)	(79, 0.34796900000000003)	(80, 0.33143500000000004)	(81, 0.34123600000000004)	(82, 0.355663)	(83, 0.402515)	(84, 0.39740699999999995)	(85, 0.374039)	(86, 0.34936)	(87, 0.380729)	(88, 0.295186)	(89, 0.269571)	(90, 0.227047)	(91, 0.236266)	(92, 0.2434)	(93, 0.232061)	(94, 0.267848)	(95, 0.279678)	(96, 0.237386)	(97, 0.25756799999999996)	(98, 0.26027300000000003)	(99, 0.24628599999999998)	(100, 0.243537)	
SRR077476	(1, 0.598929)	(2, 0.528807)	(3, 0.504838)	(4, 0.501884)	(5, 0.502621)	(6, 0.505974)	(7, 0.5060870000000001)	(8, 0.532998)	(9, 0.536198)	(10, 0.538007)	(11, 0.549597)	(12, 0.550798)	(13, 0.542486)	(14, 0.542767)	(15, 0.549882)	(16, 0.547152)	(17, 0.537054)	(18, 0.539664)	(19, 0.546928)	(20, 0.546225)	(21, 0.544416)	(22, 0.553602)	(23, 0.556604)	(24, 0.55162)	(25, 0.5577099999999999)	(26, 0.55614)	(27, 0.564862)	(28, 0.564616)	(29, 0.560451)	(30, 0.569162)	(31, 0.565801)	(32, 0.57031)	(33, 0.574333)	(34, 0.56293)	(35, 0.568949)	(36, 0.569786)	(37, 0.575088)	(38, 0.562571)	(39, 0.569031)	(40, 0.572018)	(41, 0.568609)	(42, 0.575899)	(43, 0.570418)	(44, 0.5565289999999999)	(45, 0.564391)	(46, 0.571547)	(47, 0.569454)	(48, 0.568179)	(49, 0.557426)	(50, 0.567061)	(51, 0.574325)	(52, 0.581672)	(53, 0.573712)	(54, 0.573106)	(55, 0.575581)	(56, 0.575372)	(57, 0.577626)	(58, 0.563602)	(59, 0.579862)	(60, 0.584849)	(61, 0.585313)	(62, 0.591231)	(63, 0.580475)	(64, 0.5957330000000001)	(65, 0.59549)	(66, 0.603924)	(67, 0.615746)	(68, 0.610029)	(69, 0.608938)	(70, 0.6137199999999999)	(71, 0.6094539999999999)	(72, 0.6114350000000001)	(73, 0.612897)	(74, 0.607839)	(75, 0.599008)	(76, 0.598813)	(77, 0.593721)	(78, 0.593684)	(79, 0.603831)	(80, 0.603745)	(81, 0.608627)	(82, 0.5997330000000001)	(83, 0.60173)	(84, 0.606459)	(85, 0.6012510000000001)	(86, 0.5967939999999999)	(87, 0.6176)	(88, 0.613136)	(89, 0.619731)	(90, 0.615518)	(91, 0.6134470000000001)	(92, 0.6165269999999999)	(93, 0.612747)	(94, 0.610052)	(95, 0.607584)	(96, 0.6114350000000001)	(97, 0.604092)	(98, 0.599838)	(99, 0.603629)	(100, 0.595804)	
SRR100000	(1, 1.24637)	(2, 1.22674)	(3, 1.21532)	(4, 1.22323)	(5, 1.21169)	(6, 1.2160600000000001)	(7, 1.20703)	(8, 1.21388)	(9, 1.2148700000000001)	(10, 1.21534)	(11, 1.21789)	(12, 1.22001)	(13, 1.221)	(14, 1.2221600000000001)	(15, 1.22486)	(16, 1.21911)	(17, 1.22354)	(18, 1.2308400000000002)	(19, 1.2212)	(20, 1.21785)	(21, 1.21826)	(22, 1.2268299999999999)	(23, 1.22976)	(24, 1.22485)	(25, 1.23057)	(26, 1.22655)	(27, 1.2297)	(28, 1.24445)	(29, 1.24039)	(30, 1.22931)	(31, 1.23442)	(32, 1.22264)	(33, 1.2308599999999998)	(34, 1.22776)	(35, 1.23509)	(36, 1.23865)	(37, 1.22001)	(38, 1.2263899999999999)	(39, 1.21954)	(40, 1.23075)	(41, 1.2159)	(42, 1.20851)	(43, 1.20624)	(44, 1.22334)	(45, 1.22084)	(46, 1.21082)	(47, 1.20543)	(48, 1.19953)	(49, 1.20325)	(50, 1.20452)	(51, 1.21384)	(52, 1.22713)	(53, 1.20526)	(54, 1.2099)	(55, 1.2024299999999999)	(56, 1.2114500000000001)	(57, 1.20221)	(58, 1.20456)	(59, 1.21414)	(60, 1.20663)	(61, 1.21135)	(62, 1.20905)	(63, 1.21578)	(64, 1.21925)	(65, 1.21923)	(66, 1.2253399999999999)	(67, 1.21524)	(68, 1.20567)	(69, 1.21632)	(70, 1.21823)	(71, 1.21786)	(72, 1.2239099999999998)	(73, 1.22305)	(74, 1.21995)	(75, 1.2263899999999999)	(76, 1.30578)																									
SRR100031	(1, 1.38347)	(2, 1.37005)	(3, 1.36857)	(4, 1.3789600000000002)	(5, 1.36306)	(6, 1.37663)	(7, 1.3773)	(8, 1.38924)	(9, 1.3646399999999999)	(10, 1.3805100000000001)	(11, 1.39057)	(12, 1.38789)	(13, 1.37512)	(14, 1.36575)	(15, 1.3650600000000002)	(16, 1.3720299999999999)	(17, 1.37449)	(18, 1.37811)	(19, 1.37273)	(20, 1.36805)	(21, 1.37746)	(22, 1.38011)	(23, 1.36256)	(24, 1.36334)	(25, 1.38341)	(26, 1.37725)	(27, 1.37365)	(28, 1.37495)	(29, 1.36031)	(30, 1.3591499999999999)	(31, 1.36573)	(32, 1.3613)	(33, 1.37236)	(34, 1.3509200000000001)	(35, 1.38044)	(36, 1.3819299999999999)	(37, 1.37679)	(38, 1.35801)	(39, 1.37032)	(40, 1.34887)	(41, 1.37471)	(42, 1.35486)	(43, 1.36866)	(44, 1.37654)	(45, 1.33527)	(46, 1.32768)	(47, 1.33683)	(48, 1.33704)	(49, 1.33153)	(50, 1.3437700000000001)	(51, 1.3505)	(52, 1.37524)	(53, 1.37042)	(54, 1.3784299999999998)	(55, 1.3678)	(56, 1.35)	(57, 1.36587)	(58, 1.3674300000000001)	(59, 1.33839)	(60, 1.34487)	(61, 1.36638)	(62, 1.33879)	(63, 1.366)	(64, 1.35314)	(65, 1.3566)	(66, 1.34382)	(67, 1.3714499999999998)	(68, 1.38201)	(69, 1.37385)	(70, 1.35812)	(71, 1.34784)	(72, 1.36681)	(73, 1.3497000000000001)	(74, 1.36919)	(75, 1.3631900000000001)	(76, 1.24304)																									
SRR231651	(1, 0.198875)	(2, 0.0582027)	(3, 0.056966899999999994)	(4, 0.0567951)	(5, 0.0577892)	(6, 0.0541382)	(7, 0.0505437)	(8, 0.04961600000000001)	(9, 0.0469308)	(10, 0.0429559)	(11, 0.043051599999999995)	(12, 0.0415802)	(13, 0.0391197)	(14, 0.0396228)	(15, 0.0418306)	(16, 0.0399689)	(17, 0.040942099999999995)	(18, 0.039711199999999995)	(19, 0.038079)	(20, 0.0396106)	(21, 0.037721899999999996)	(22, 0.0393197)	(23, 0.0409102)	(24, 0.0444212)	(25, 0.0455551)	(26, 0.0504701)	(27, 0.0511291)	(28, 0.05076460000000001)	(29, 0.053231299999999995)	(30, 0.0530178)	(31, 0.053106099999999996)	(32, 0.0535074)	(33, 0.0517685)	(34, 0.0497424)	(35, 0.049760799999999994)	(36, 0.0454987)	(37, 0.0582469)	(38, 0.05142359999999999)	(39, 0.0440113)	(40, 0.0670153)	(41, 0.0783056)	(42, 0.0548021)	(43, 0.0766918)	(44, 0.0526104)	(45, 0.10491999999999999)	(46, 0.0597257)	(47, 0.131511)	(48, 0.156913)	(49, 0.118421)	(50, 0.163237)	(51, 0.166534)	(52, 0.0448826)	(53, 0.14889)	(54, 0.127899)	(55, 0.135593)	(56, 0.173376)	(57, 0.17310999999999999)	(58, 0.166201)	(59, 0.146835)	(60, 0.165431)	(61, 0.168129)	(62, 0.16914600000000002)	(63, 0.188644)	(64, 0.1791)	(65, 0.179202)	(66, 0.181181)	(67, 0.188224)	(68, 0.161527)	(69, 0.179491)	(70, 0.185009)	(71, 0.179478)	(72, 0.179176)	(73, 0.195871)	(74, 0.150337)	(75, 0.191398)	(76, 0.189001)	(77, 0.187922)	(78, 0.163676)	(79, 0.184684)	(80, 0.176975)	(81, 0.183923)	(82, 0.177167)	(83, 0.171912)	(84, 0.163464)	(85, 0.18566)	(86, 0.180879)	(87, 0.153657)	(88, 0.170126)	(89, 0.208386)	(90, 0.221505)	(91, 0.22969)	(92, 0.22472899999999998)	(93, 0.237102)	(94, 0.25453)	(95, 0.250835)	(96, 0.251581)	(97, 0.25604899999999997)	(98, 0.25399)	(99, 0.24052800000000002)	(100, 0.233373)	
SRR393023	(1, 0.0379137)	(2, 0.029521000000000002)	(3, 0.0232264)	(4, 0.0210306)	(5, 0.015955999999999998)	(6, 0.017127)	(7, 0.015614399999999999)	(8, 0.0150777)	(9, 0.0158096)	(10, 0.0177614)	(11, 0.0163951)	(12, 0.0182493)	(13, 0.014199300000000002)	(14, 0.023763199999999998)	(15, 0.0137114)	(16, 0.012979500000000001)	(17, 0.0131259)	(18, 0.014638499999999999)	(19, 0.013857799999999998)	(20, 0.0190301)	(21, 0.013174700000000001)	(22, 0.0210306)	(23, 0.0175662)	(24, 0.0353764)	(25, 0.0212746)	(26, 0.0242511)	(27, 0.0150777)	(28, 0.0107837)	(29, 0.0400607)	(30, 0.0170783)	(31, 0.0346445)	(32, 0.0699232)	(33, 0.030155299999999996)	(34, 0.06601960000000001)	(35, 0.049331799999999995)	(36, 0.048209499999999995)	(37, 0.0567974)	(38, 0.0302529)	(39, 0.014638499999999999)	(40, 0.0469408)	(41, 0.0446474)	(42, 0.0421101)	(43, 0.007514430000000001)	(44, 0.03118)	(45, 0.0321071)	(46, 0.0338637)	(47, 0.0298625)	(48, 0.040938999999999996)	(49, 0.0345957)	(50, 0.057919700000000005)	(51, 0.0146873)	(52, 0.0442083)	(53, 0.0354252)	(54, 0.027520399999999997)	(55, 0.038206500000000004)	(56, 0.0359619)	(57, 0.0311312)	(58, 0.00668492)	(59, 0.0350348)	(60, 0.0314728)	(61, 0.0412806)	(62, 0.06074980000000001)	(63, 0.0486974)	(64, 0.0145897)	(65, 0.018005399999999998)	(66, 0.0358155)	(67, 0.045232999999999995)	(68, 0.0165415)	(69, 0.029667400000000003)	(70, 0.0368402)	(71, 0.0322047)	(72, 0.0321071)	(73, 0.0417197)	(74, 0.0384505)	(75, 0.0476239)	(76, 0.0417197)																									
SRR591803	(1, 0.0710584)	(2, 0.05758850000000001)	(3, 0.038684199999999995)	(4, 0.054600899999999994)	(5, 0.0693328)	(6, 0.06776170000000001)	(7, 0.0583354)	(8, 0.023978000000000003)	(9, 0.021891900000000002)	(10, 0.0493468)	(11, 0.042135399999999996)	(12, 0.0445821)	(13, 0.0289488)	(14, 0.0486257)	(15, 0.0506603)	(16, 0.0493468)	(17, 0.036598)	(18, 0.0481363)	(19, 0.0486257)	(20, 0.0667315)	(21, 0.068045)	(22, 0.0514587)	(23, 0.040796099999999995)	(24, 0.0385812)	(25, 0.0301593)	(26, 0.0335847)	(27, 0.038684199999999995)	(28, 0.0526435)	(29, 0.028510900000000002)	(30, 0.020114800000000002)	(31, 0.0269914)	(32, 0.030545600000000003)	(33, 0.0357996)	(34, 0.0285624)	(35, 0.0133669)	(36, 0.0185694)	(37, 0.0208359)	(38, 0.0180286)	(39, 0.018080099999999998)	(40, 0.0230766)	(41, 0.0226645)	(42, 0.0229478)	(43, 0.0146289)	(44, 0.0203208)	(45, 0.026682300000000003)	(46, 0.0216858)	(47, 0.0129806)	(48, 0.0272489)	(49, 0.0170499)	(50, 0.0204238)	(51, 0.027429199999999997)	(52, 0.0310349)	(53, 0.0230508)	(54, 0.015659100000000002)	(55, 0.012156400000000001)	(56, 0.0172817)	(57, 0.0339453)	(58, 0.023179599999999998)	(59, 0.020475300000000002)	(60, 0.0269656)	(61, 0.0252143)	(62, 0.022226700000000002)	(63, 0.035336)	(64, 0.0308804)	(65, 0.0110747)	(66, 0.025034)	(67, 0.030056199999999998)	(68, 0.0188528)	(69, 0.019213300000000003)	(70, 0.0360572)	(71, 0.0331211)	(72, 0.0321939)	(73, 0.0398947)	(74, 0.040126499999999996)	(75, 0.0346922)	(76, 0.0211707)																									
SRR702079	(1, 0.41375200000000006)	(2, 0.127759)	(3, 0.141897)	(4, 0.204368)	(5, 0.215064)	(6, 0.351192)	(7, 0.524426)	(8, 0.811897)	(9, 0.816503)	(10, 0.814607)	(11, 0.834841)	(12, 0.8307699999999999)	(13, 0.820514)	(14, 0.780344)	(15, 0.728716)	(16, 0.6327550000000001)	(17, 0.488378)	(18, 0.32765500000000003)	(19, 0.0965414)	(20, 0.29400899999999996)	(21, 0.29188000000000003)	(22, 0.28316399999999997)	(23, 0.1514)	(24, 0.121974)	(25, 0.156942)	(26, 0.21314699999999998)	(27, 0.23143399999999997)	(28, 0.23453900000000003)	(29, 0.24043100000000003)	(30, 0.228159)	(31, 0.270643)	(32, 0.291216)	(33, 0.302097)	(34, 0.281997)	(35, 0.227967)	(36, 0.112137)	(37, 0.0398824)	(38, 0.030131599999999998)	(39, 0.043355)	(40, 0.0411087)	(41, 0.0649891)	(42, 0.057687999999999996)	(43, 0.0636341)	(44, 0.0957518)	(45, 0.12034700000000001)	(46, 0.162628)	(47, 0.19992600000000002)	(48, 0.22446200000000002)	(49, 0.244289)	(50, 0.22241000000000002)	(51, 0.207284)	(52, 0.206178)	(53, 0.207503)	(54, 0.197181)	(55, 0.14436200000000002)	(56, 0.0474138)	(57, 0.0465793)	(58, 0.0494746)	(59, 0.0571406)	(60, 0.0419252)	(61, 0.0531207)	(62, 0.116348)	(63, 0.120401)	(64, 0.149121)	(65, 0.129132)	(66, 0.15995099999999998)	(67, 0.163843)	(68, 0.20222600000000002)	(69, 0.132132)	(70, 0.20047099999999998)	(71, 0.0651865)	(72, 0.20531899999999997)	(73, 0.0396909)	(74, 0.100519)	(75, 0.06718149999999999)	(76, 0.050336)	(77, 0.0670738)	(78, 0.0625903)	(79, 0.06724730000000001)	(80, 0.115229)	(81, 0.0686471)	(82, 0.18207)	(83, 0.184729)	(84, 0.0489542)	(85, 0.231204)	(86, 0.208923)	(87, 0.182623)	(88, 0.205816)	(89, 0.210565)	(90, 0.229576)	(91, 0.156138)	(92, 0.094361)	(93, 0.048188499999999995)	(94, 0.052124699999999996)	(95, 0.0604547)	(96, 0.0754128)	(97, 0.103708)	(98, 0.109756)	(99, 0.153757)	(100, 0.191237)	(101, 0.155868)
SRR708372	(1, 0.026048199999999997)	(2, 0.043248100000000005)	(3, 0.11066)	(4, 0.132099)	(5, 0.15659599999999999)	(6, 0.25434300000000004)	(7, 0.497129)	(8, 0.704822)	(9, 0.741849)	(10, 0.735289)	(11, 0.7298)	(12, 0.75731)	(13, 0.759358)	(14, 0.718793)	(15, 0.666733)	(16, 0.5627570000000001)	(17, 0.507132)	(18, 0.24656)	(19, 0.049266000000000004)	(20, 0.243254)	(21, 0.224518)	(22, 0.023236200000000002)	(23, 0.0402405)	(24, 0.0311384)	(25, 0.0596789)	(26, 0.058664100000000004)	(27, 0.119987)	(28, 0.12470400000000001)	(29, 0.126375)	(30, 0.18004900000000001)	(31, 0.146857)	(32, 0.16693)	(33, 0.0999697)	(34, 0.10472700000000001)	(35, 0.0213809)	(36, 0.022237200000000002)	(37, 0.00141394)	(38, 0.00226231)	(39, 0.0009620090000000001)	(40, 0.00402775)	(41, 0.0269072)	(42, 0.0064459899999999995)	(43, 0.031254699999999996)	(44, 0.057752300000000006)	(45, 0.0707103)	(46, 0.143635)	(47, 0.112415)	(48, 0.172464)	(49, 0.15649)	(50, 0.172934)	(51, 0.199287)	(52, 0.20400700000000002)	(53, 0.211232)	(54, 0.196604)	(55, 0.0520701)	(56, 0.0131589)	(57, 0.00613149)	(58, 0.0182147)	(59, 0.0183548)	(60, 0.0126198)	(61, 0.0191371)	(62, 0.0172792)	(63, 0.056639600000000005)	(64, 0.0538329)	(65, 0.0482352)	(66, 0.0664473)	(67, 0.113155)	(68, 0.109133)	(69, 0.0796115)	(70, 0.145279)	(71, 0.0605141)	(72, 0.206073)	(73, 0.0188517)	(74, 0.038046899999999995)	(75, 0.0132435)	(76, 0.0321269)	(77, 0.0343416)	(78, 0.00411232)	(79, 0.0112825)	(80, 0.0077965000000000005)	(81, 0.0158679)	(82, 0.0732343)	(83, 0.118618)	(84, 0.0186561)	(85, 0.08432379999999999)	(86, 0.09783420000000001)	(87, 0.107026)	(88, 0.0379254)	(89, 0.0369078)	(90, 0.0481665)	(91, 0.0455739)	(92, 0.0313948)	(93, 0.028736099999999997)	(94, 0.016214100000000002)	(95, 0.0117793)	(96, 0.016851)	(97, 0.0093743)	(98, 0.0157014)	(99, 0.00221209)	(100, 0.029690100000000004)	(101, 0.0368656)
SRR708381	(1, 0.0130412)	(2, 0.014591300000000001)	(3, 0.026348399999999998)	(4, 0.019885200000000002)	(5, 0.033796599999999996)	(6, 0.0311709)	(7, 0.0371295)	(8, 0.0388487)	(9, 0.0454842)	(10, 0.058181)	(11, 0.057800199999999996)	(12, 0.0582625)	(13, 0.032207299999999994)	(14, 0.0123523)	(15, 0.0075812)	(16, 0.0072035)	(17, 0.00269527)	(18, 0.000861157)	(19, 7.55401e-05)	(20, 0.0)	(21, 0.0)	(22, 0.0)	(23, 0.000253815)	(24, 0.0017464899999999998)	(25, 0.0226892)	(26, 0.0358392)	(27, 0.05916)	(28, 0.0656624)	(29, 0.0833207)	(30, 0.0828916)	(31, 0.08831839999999999)	(32, 0.0928418)	(33, 0.0886327)	(34, 0.050237199999999996)	(35, 0.0342801)	(36, 0.027556999999999998)	(37, 0.0141743)	(38, 0.180873)	(39, 0.21965800000000002)	(40, 0.217008)	(41, 0.185732)	(42, 0.16780499999999998)	(43, 0.18795599999999998)	(44, 0.142614)	(45, 0.120006)	(46, 0.11582100000000001)	(47, 0.11989999999999999)	(48, 0.11066)	(49, 0.13834400000000002)	(50, 0.162559)	(51, 0.172527)	(52, 0.22310899999999997)	(53, 0.254162)	(54, 0.298075)	(55, 0.325538)	(56, 0.276371)	(57, 0.250651)	(58, 0.24806799999999998)	(59, 0.204469)	(60, 0.200722)	(61, 0.17899700000000002)	(62, 0.176519)	(63, 0.130766)	(64, 0.11096800000000001)	(65, 0.104197)	(66, 0.0772835)	(67, 0.0736485)	(68, 0.0720259)	(69, 0.0612418)	(70, 0.0812962)	(71, 0.10348099999999999)	(72, 0.141653)	(73, 0.22711599999999998)	(74, 0.28135299999999996)	(75, 0.288968)	(76, 0.248944)	(77, 0.234785)	(78, 0.23158800000000002)	(79, 0.222737)	(80, 0.201885)	(81, 0.180033)	(82, 0.16827)	(83, 0.13769699999999999)	(84, 0.108596)	(85, 0.0936606)	(86, 0.0875117)	(87, 0.0864934)	(88, 0.0798187)	(89, 0.075111)	(90, 0.104342)	(91, 0.10312400000000001)	(92, 0.148611)	(93, 0.212854)	(94, 0.2547)	(95, 0.277253)	(96, 0.282399)	(97, 0.255525)	(98, 0.236235)	(99, 0.23106200000000002)	(100, 0.218903)	(101, 0.117909)
SRR708382	(1, 0.284866)	(2, 0.118819)	(3, 0.11289500000000001)	(4, 0.177776)	(5, 0.19123099999999998)	(6, 0.269454)	(7, 0.28214)	(8, 0.806062)	(9, 0.812126)	(10, 0.864372)	(11, 0.833793)	(12, 0.8303720000000001)	(13, 0.835539)	(14, 0.805833)	(15, 0.753518)	(16, 0.6491)	(17, 0.589218)	(18, 0.320967)	(19, 0.093591)	(20, 0.288007)	(21, 0.285566)	(22, 0.107874)	(23, 0.0671013)	(24, 0.11021600000000001)	(25, 0.07814589999999999)	(26, 0.136854)	(27, 0.178753)	(28, 0.174327)	(29, 0.207404)	(30, 0.25321699999999997)	(31, 0.259491)	(32, 0.149125)	(33, 0.132495)	(34, 0.0869519)	(35, 0.0382831)	(36, 0.031333799999999995)	(37, 0.0065134400000000005)	(38, 0.011990899999999999)	(39, 0.015581)	(40, 0.00948296)	(41, 0.020961)	(42, 0.00640574)	(43, 0.007775099999999999)	(44, 0.0198455)	(45, 0.0664961)	(46, 0.11407800000000001)	(47, 0.142744)	(48, 0.139236)	(49, 0.166898)	(50, 0.164862)	(51, 0.18481999999999998)	(52, 0.214331)	(53, 0.197409)	(54, 0.194265)	(55, 0.128374)	(56, 0.052964)	(57, 0.00509023)	(58, 0.0206071)	(59, 0.014501400000000001)	(60, 0.0090624)	(61, 0.030208)	(62, 0.0870647)	(63, 0.12522)	(64, 0.15483)	(65, 0.144032)	(66, 0.156777)	(67, 0.162662)	(68, 0.08879050000000001)	(69, 0.032857)	(70, 0.0710581)	(71, 0.000592364)	(72, 0.108964)	(73, 0.00043081)	(74, 0.0182325)	(75, 0.0352264)	(76, 0.0655447)	(77, 0.0399115)	(78, 0.0192659)	(79, 0.0221406)	(80, 0.028133500000000002)	(81, 0.0457992)	(82, 0.132197)	(83, 0.230263)	(84, 0.082772)	(85, 0.132905)	(86, 0.0729813)	(87, 0.090501)	(88, 0.11041600000000001)	(89, 0.106733)	(90, 0.0724377)	(91, 0.0938115)	(92, 0.023392)	(93, 0.0115652)	(94, 0.0226073)	(95, 0.0103266)	(96, 0.0328467)	(97, 0.060687899999999996)	(98, 0.0895137)	(99, 0.0628163)	(100, 0.0358983)	(101, 0.0962733)
SRR710114	(1, 0.021793100000000003)	(2, 0.012946)	(3, 0.010047500000000001)	(4, 0.00862355)	(5, 0.007463099999999999)	(6, 0.000210266)	(7, 0.00119505)	(8, 0.0034600700000000004)	(9, 0.00783838)	(10, 0.620414)	(11, 0.0109498)	(12, 0.00509961)	(13, 0.013116300000000001)	(14, 0.00810986)	(15, 0.012690499999999999)	(16, 0.009477919999999999)	(17, 0.0096456)	(18, 0.012876799999999999)	(19, 0.00456995)	(20, 0.007316710000000001)	(21, 0.005395039999999999)	(22, 0.00147452)	(23, 0.0056958)	(24, 0.0157167)	(25, 0.00140266)	(26, 0.00789428)	(27, 0.0110988)	(28, 0.015700699999999998)	(29, 0.015423899999999999)	(30, 0.0159376)	(31, 0.017127299999999998)	(32, 0.015599599999999998)	(33, 0.017252399999999998)	(34, 0.0147638)	(35, 0.011979799999999999)	(36, 0.00607907)	(37, 0.00204676)	(38, 0.0013600700000000001)	(39, 0.000162357)	(40, 0.00102205)	(41, 0.000625474)	(42, 3.19391e-05)	(43, 0.00431444)	(44, 0.00869009)	(45, 0.0100927)	(46, 0.007207580000000001)	(47, 0.0149608)	(48, 0.014612100000000001)	(49, 0.0226262)	(50, 0.012804900000000001)	(51, 0.0110057)	(52, 0.0125547)	(53, 0.00114715)	(54, 5.0570200000000006e-05)	(55, 0.00237946)	(56, 0.0007798460000000001)	(57, 0.000561595)	(58, 0.000274144)	(59, 0.000226235)	(60, 0.00109657)	(61, 0.0)	(62, 0.00043650100000000005)	(63, 0.00213193)	(64, 0.006930779999999999)	(65, 0.00015171099999999998)	(66, 0.000266159)	(67, 0.00483079)	(68, 0.00597793)	(69, 0.00392052)	(70, 0.0040615899999999995)	(71, 0.00274676)	(72, 0.0013041799999999998)	(73, 0.000713306)	(74, 0.00215056)	(75, 0.00148517)	(76, 0.0100661)	(77, 0.00318326)	(78, 0.00270684)	(79, 0.008038)	(80, 0.00268022)	(81, 0.000258174)	(82, 0.00923305)	(83, 0.009933049999999999)	(84, 0.017566500000000002)	(85, 0.0158924)	(86, 0.015964199999999998)	(87, 0.0)	(88, 0.0)	(89, 0.0)	(90, 0.117757)	(91, 0.200333)	(92, 0.216648)	(93, 0.5695429999999999)	(94, 0.170885)	(95, 0.11908)	(96, 0.115915)	(97, 0.117759)	(98, 0.0985507)	(99, 0.0904408)	(100, 0.0804865)	(101, 0.0824108)
SRR715103	(1, 0.0251372)	(2, 0.0442664)	(3, 0.0)	(4, 0.0)	(5, 0.0)	(6, 0.0)	(7, 0.0)	(8, 0.0)	(9, 0.0)	(10, 0.0)	(11, 0.0)	(12, 0.0)	(13, 0.0797261)	(14, 0.0685646)	(15, 0.0710051)	(16, 0.0546594)	(17, 0.0507368)	(18, 0.0437091)	(19, 0.0830424)	(20, 0.0147779)	(21, 0.00162294)	(22, 0.00037052)	(23, 0.00494843)	(24, 0.00884043)	(25, 0.000995199)	(26, 3.06215e-06)	(27, 0.0)	(28, 0.0)	(29, 0.0)	(30, 0.0)	(31, 0.0)	(32, 0.0)	(33, 0.0)	(34, 0.0)	(35, 0.0)	(36, 0.00022659900000000002)	(37, 0.00769212)	(38, 0.0117433)	(39, 0.0163825)	(40, 0.0180299)	(41, 0.0065285)	(42, 0.0011942399999999998)	(43, 0.0)	(44, 0.0)	(45, 0.0)	(46, 0.0)	(47, 0.0)	(48, 0.0)	(49, 0.0)	(50, 0.0)	(51, 0.0)	(52, 0.0)	(53, 0.0)	(54, 0.0)	(55, 0.0)	(56, 0.0166703)	(57, 0.0530456)	(58, 0.07273829999999999)	(59, 0.0896077)	(60, 0.104915)	(61, 0.0922411)	(62, 0.0684452)	(63, 0.0362283)	(64, 0.00494231)	(65, 0.00268551)	(66, 1.22486e-05)	(67, 0.0)	(68, 0.0)	(69, 0.0)	(70, 0.0)	(71, 0.0)	(72, 0.0)	(73, 0.0)	(74, 0.0)	(75, 0.0008451530000000001)	(76, 0.0238878)	(77, 0.052001399999999996)	(78, 0.09351809999999999)	(79, 0.130365)	(80, 0.13497299999999998)	(81, 0.0572653)	(82, 0.0268061)	(83, 0.00950491)	(84, 0.00847909)	(85, 0.00137797)	(86, 0.00157701)	(87, 0.0010778799999999998)	(88, 0.0011023699999999999)	(89, 0.00104726)	(90, 0.00128304)	(91, 0.00043176300000000005)	(92, 3.0621500000000005e-05)	(93, 0.00015923199999999998)	(94, 0.028478)	(95, 0.052803699999999995)	(96, 0.0654596)	(97, 0.059166899999999994)	(98, 0.0560128)	(99, 0.038687200000000005)	(100, 0.0237868)	(101, 0.00968252)
SRR716435	(1, 0.012039600000000001)	(2, 0.0170691)	(3, 0.0261186)	(4, 0.0288673)	(5, 0.038944)	(6, 0.0327344)	(7, 0.0349886)	(8, 0.0441589)	(9, 0.0407568)	(10, 0.0551655)	(11, 0.050327300000000005)	(12, 0.0522608)	(13, 0.027919700000000002)	(14, 0.0148619)	(15, 0.0143616)	(16, 0.00791357)	(17, 0.00507658)	(18, 0.00108889)	(19, 0.000541501)	(20, 4.4144099999999996e-05)	(21, 0.0)	(22, 9.123120000000001e-05)	(23, 0.000538559)	(24, 0.000965285)	(25, 0.0176194)	(26, 0.035889199999999996)	(27, 0.046015900000000005)	(28, 0.058249699999999995)	(29, 0.0790004)	(30, 0.0670991)	(31, 0.08443600000000001)	(32, 0.0908692)	(33, 0.0806249)	(34, 0.052846399999999995)	(35, 0.0357332)	(36, 0.0334966)	(37, 0.0238349)	(38, 0.192433)	(39, 0.203287)	(40, 0.20387500000000003)	(41, 0.187568)	(42, 0.17325400000000002)	(43, 0.136903)	(44, 0.0997864)	(45, 0.0981854)	(46, 0.0781028)	(47, 0.0803365)	(48, 0.0763959)	(49, 0.09335600000000001)	(50, 0.10341199999999999)	(51, 0.126482)	(52, 0.156874)	(53, 0.212563)	(54, 0.23835499999999998)	(55, 0.24016200000000001)	(56, 0.218687)	(57, 0.194564)	(58, 0.171003)	(59, 0.16758299999999998)	(60, 0.153678)	(61, 0.120425)	(62, 0.130631)	(63, 0.109425)	(64, 0.0713546)	(65, 0.06365)	(66, 0.058508599999999994)	(67, 0.050386099999999996)	(68, 0.0389175)	(69, 0.042669700000000005)	(70, 0.0482113)	(71, 0.06714619999999999)	(72, 0.107909)	(73, 0.18727100000000002)	(74, 0.219826)	(75, 0.23560899999999999)	(76, 0.21198599999999998)	(77, 0.18346)	(78, 0.173522)	(79, 0.186203)	(80, 0.148845)	(81, 0.154946)	(82, 0.128713)	(83, 0.09605469999999999)	(84, 0.0784383)	(85, 0.0735912)	(86, 0.058508599999999994)	(87, 0.0654098)	(88, 0.0602008)	(89, 0.0446268)	(90, 0.06578070000000001)	(91, 0.08986859999999999)	(92, 0.11363899999999999)	(93, 0.165914)	(94, 0.208619)	(95, 0.22999999999999998)	(96, 0.22583799999999998)	(97, 0.21367500000000003)	(98, 0.20019399999999998)	(99, 0.179193)	(100, 0.165867)	(101, 0.0939917)
SRR716436	(1, 0.0917927)	(2, 0.0186849)	(3, 0.006300709999999999)	(4, 0.00731735)	(5, 0.00148807)	(6, 0.09895430000000001)	(7, 0.147523)	(8, 0.151225)	(9, 0.171287)	(10, 0.180228)	(11, 0.188123)	(12, 0.14721599999999999)	(13, 0.13647600000000001)	(14, 0.0871686)	(15, 0.060863099999999996)	(16, 0.06046549999999999)	(17, 0.049261900000000004)	(18, 0.06597499999999999)	(19, 0.0810155)	(20, 0.055451999999999994)	(21, 0.0619617)	(22, 0.05274229999999999)	(23, 0.06678260000000001)	(24, 0.0547797)	(25, 0.0851518)	(26, 0.0716321)	(27, 0.0876114)	(28, 0.0655897)	(29, 0.000582108)	(30, 0.104702)	(31, 0.0643189)	(32, 0.0712796)	(33, 0.0479583)	(34, 0.0690577)	(35, 0.0622651)	(36, 0.0776458)	(37, 0.155677)	(38, 0.0889109)	(39, 0.163162)	(40, 0.0733661)	(41, 0.0302327)	(42, 0.0150323)	(43, 0.00776827)	(44, 0.0306181)	(45, 0.025879199999999998)	(46, 0.0220463)	(47, 0.0302942)	(48, 0.0226161)	(49, 0.029621900000000003)	(50, 0.0370377)	(51, 0.0504179)	(52, 0.0547961)	(53, 0.051364900000000005)	(54, 0.0489504)	(55, 0.054177100000000006)	(56, 0.0529349)	(57, 0.0692012)	(58, 0.033213)	(59, 0.0418544)	(60, 0.0115356)	(61, 0.0352585)	(62, 0.00579649)	(63, 0.0167991)	(64, 0.015803)	(65, 0.008969379999999999)	(66, 0.0137164)	(67, 0.00792815)	(68, 0.0192916)	(69, 0.023022)	(70, 0.0596989)	(71, 0.028662700000000003)	(72, 0.053254699999999995)	(73, 0.0426702)	(74, 0.0478067)	(75, 0.0296014)	(76, 0.023673800000000002)	(77, 0.0464662)	(78, 0.027805899999999998)	(79, 0.0333646)	(80, 0.028207599999999996)	(81, 0.0240796)	(82, 0.0323562)	(83, 0.030790199999999997)	(84, 0.025879199999999998)	(85, 0.0356029)	(86, 0.0324956)	(87, 0.0391611)	(88, 0.0285028)	(89, 0.0414404)	(90, 0.0494177)	(91, 0.058383000000000004)	(92, 0.0631177)	(93, 0.028330599999999997)	(94, 0.026899999999999997)	(95, 0.0233171)	(96, 0.020541900000000002)	(97, 0.0228662)	(98, 0.025981700000000003)	(99, 0.0300852)	(100, 0.0213166)	(101, 0.024190299999999998)
SRR742200	(1, 0.00019121100000000002)	(2, 0.0)	(3, 0.0)	(4, 0.0)	(5, 0.0)	(6, 0.0)	(7, 0.0)	(8, 0.0)	(9, 0.0)	(10, 0.0)	(11, 0.0)	(12, 0.0)	(13, 0.0)	(14, 0.0)	(15, 0.0)	(16, 0.0)	(17, 0.0)	(18, 0.0)	(19, 0.0)	(20, 0.0)	(21, 0.0)	(22, 0.0)	(23, 0.0)	(24, 0.0)	(25, 0.0)	(26, 0.0)	(27, 0.0)	(28, 0.0)	(29, 0.0)	(30, 0.0)	(31, 0.0)	(32, 0.0)	(33, 0.0)	(34, 0.0)	(35, 0.0)	(36, 0.0)	(37, 0.0)	(38, 0.0)	(39, 0.0)	(40, 0.0)	(41, 0.0)	(42, 0.0)	(43, 0.0)	(44, 0.0)	(45, 0.0)	(46, 0.0)	(47, 0.0)	(48, 0.0)	(49, 0.0)	(50, 0.0)	(51, 0.0)	(52, 0.0)	(53, 0.0)	(54, 0.0)	(55, 0.0)	(56, 0.0)	(57, 0.0)	(58, 0.0)	(59, 0.0)	(60, 0.0)	(61, 0.0)	(62, 0.0)	(63, 6.63385e-05)	(64, 0.00104581)	(65, 0.00131116)	(66, 0.000351204)	(67, 0.0)	(68, 0.0)	(69, 0.0)	(70, 0.0)	(71, 0.0)	(72, 0.0)	(73, 0.0)	(74, 0.0)	(75, 0.0)	(76, 0.0)	(77, 0.0)	(78, 0.0)	(79, 0.00031998599999999997)	(80, 0.00291109)	(81, 0.00470613)	(82, 0.00505344)	(83, 0.00456565)	(84, 0.00496759)	(85, 0.153562)	(86, 0.0)	(87, 0.0)	(88, 0.0)	(89, 0.0)	(90, 0.0)	(91, 0.0)	(92, 0.0)	(93, 0.0)	(94, 0.0)	(95, 0.0)	(96, 0.0)	(97, 0.0001717)	(98, 0.0010341)	(99, 0.0)	(100, 4.68272e-05)	(101, 0.000148286)
SRR748280	(1, 0.185743)	(2, 0.282613)	(3, 0.296898)	(4, 0.270146)	(5, 0.23614600000000002)	(6, 0.45898199999999995)	(7, 0.43187800000000004)	(8, 0.444805)	(9, 0.42880799999999997)	(10, 0.424067)	(11, 0.429154)	(12, 0.41881899999999994)	(13, 0.432979)	(14, 0.422141)	(15, 0.432911)	(16, 0.43491199999999997)	(17, 0.475817)	(18, 0.507123)	(19, 0.517527)	(20, 0.273785)	(21, 0.466803)	(22, 0.0273334)	(23, 0.223885)	(24, 0.020892400000000002)	(25, 0.272817)	(26, 0.0967034)	(27, 0.08166999999999999)	(28, 0.06171599999999999)	(29, 0.06710089999999999)	(30, 0.0593586)	(31, 0.0407451)	(32, 0.0283927)	(33, 0.0275721)	(34, 0.018813)	(35, 0.0297594)	(36, 0.017593400000000002)	(37, 0.019153)	(38, 0.018178700000000002)	(39, 0.030907)	(40, 0.046378499999999996)	(41, 0.0514529)	(42, 0.0398852)	(43, 0.04391)	(44, 0.0418862)	(45, 0.0317669)	(46, 0.0314661)	(47, 0.0361612)	(48, 0.0322737)	(49, 0.0221773)	(50, 0.0261564)	(51, 0.0209284)	(52, 0.031266699999999994)	(53, 0.0331728)	(54, 0.0362527)	(55, 0.03605)	(56, 0.0401206)	(57, 0.523837)	(58, 0.234668)	(59, 0.250934)	(60, 0.258651)	(61, 0.240838)	(62, 0.093679)	(63, 0.0527737)	(64, 0.041873099999999996)	(65, 0.0495467)	(66, 0.0401664)	(67, 0.0436027)	(68, 0.0422131)	(69, 0.0544968)	(70, 0.053836400000000006)	(71, 0.0616277)	(72, 0.0474575)	(73, 0.0655348)	(74, 0.0677777)	(75, 0.0699225)	(76, 0.0636842)	(77, 0.0717665)	(78, 0.0797115)	(79, 0.0758404)	(80, 0.0592671)	(81, 0.0300733)	(82, 0.0321396)	(83, 0.024943399999999998)	(84, 0.022092300000000002)	(85, 0.0173319)	(86, 0.0187312)	(87, 0.00270391)	(88, 0.00501875)	(89, 0.00989692)	(90, 0.010145399999999999)	(91, 0.0472384)	(92, 0.0822879)	(93, 0.08200679999999999)	(94, 0.0773902)	(95, 0.0683826)	(96, 0.06632600000000001)	(97, 0.0552096)	(98, 0.0460058)	(99, 0.0306945)	(100, 0.0203595)	(101, 0.0187018)
SRR748295	(1, 0.000193868)	(2, 0.0)	(3, 0.0)	(4, 0.0)	(5, 0.0)	(6, 0.0)	(7, 0.0)	(8, 0.0)	(9, 0.0)	(10, 0.0)	(11, 0.0)	(12, 0.0)	(13, 0.0)	(14, 0.0)	(15, 0.0)	(16, 0.0)	(17, 0.0)	(18, 0.0)	(19, 0.0)	(20, 0.0)	(21, 0.0)	(22, 0.0)	(23, 0.0)	(24, 0.0)	(25, 0.0)	(26, 0.0)	(27, 0.0)	(28, 0.0)	(29, 0.0)	(30, 0.0)	(31, 0.0)	(32, 0.0)	(33, 0.0)	(34, 0.0)	(35, 0.0)	(36, 0.0)	(37, 0.0)	(38, 0.0)	(39, 0.0)	(40, 0.0)	(41, 0.0)	(42, 0.0)	(43, 0.0)	(44, 0.0)	(45, 0.0)	(46, 0.0)	(47, 0.0)	(48, 0.0)	(49, 0.0)	(50, 0.0)	(51, 0.0)	(52, 0.0)	(53, 0.0)	(54, 0.0)	(55, 0.0)	(56, 0.0)	(57, 0.0)	(58, 0.0)	(59, 0.0)	(60, 0.0)	(61, 0.0)	(62, 0.0)	(63, 3.5608499999999996e-05)	(64, 0.00100891)	(65, 0.00131356)	(66, 0.000375867)	(67, 0.0)	(68, 0.0)	(69, 0.0)	(70, 0.0)	(71, 0.0)	(72, 0.0)	(73, 0.0)	(74, 0.0)	(75, 0.0)	(76, 0.0)	(77, 0.0)	(78, 0.0)	(79, 0.000320476)	(80, 0.00284077)	(81, 0.0045974499999999995)	(82, 0.00494958)	(83, 0.00451832)	(84, 0.004862539999999999)	(85, 0.150505)	(86, 0.0)	(87, 0.0)	(88, 0.0)	(89, 0.0)	(90, 0.0)	(91, 0.0)	(92, 0.0)	(93, 0.0)	(94, 0.0)	(95, 0.0)	(96, 0.0)	(97, 0.00020969400000000002)	(98, 0.00104452)	(99, 0.0)	(100, 2.76955e-05)	(101, 0.00014639)
SRR748552	(1, 0.413306)	(2, 0.463587)	(3, 0.476748)	(4, 0.42043)	(5, 0.463594)	(6, 0.501633)	(7, 0.5613940000000001)	(8, 0.476264)	(9, 0.488565)	(10, 0.504693)	(11, 0.482528)	(12, 0.46388999999999997)	(13, 0.486428)	(14, 0.48414399999999996)	(15, 0.48993)	(16, 0.49549800000000005)	(17, 0.526238)	(18, 0.532906)	(19, 0.505584)	(20, 0.50969)	(21, 0.50893)	(22, 0.508262)	(23, 0.49594699999999997)	(24, 0.509084)	(25, 0.489506)	(26, 0.529188)	(27, 0.560176)	(28, 0.498805)	(29, 0.503844)	(30, 0.523843)	(31, 0.503481)	(32, 0.513899)	(33, 0.508958)	(34, 0.51283)	(35, 0.501915)	(36, 0.5068729999999999)	(37, 0.502994)	(38, 0.542133)	(39, 0.539072)	(40, 0.527826)	(41, 0.558793)	(42, 0.533491)	(43, 0.534898)	(44, 0.512948)	(45, 0.578511)	(46, 0.528338)	(47, 0.511852)	(48, 0.527196)	(49, 0.542725)	(50, 0.541725)	(51, 0.522666)	(52, 0.52276)	(53, 0.563932)	(54, 0.535075)	(55, 0.504477)	(56, 0.495828)	(57, 0.529003)	(58, 0.562961)	(59, 0.5337350000000001)	(60, 0.513763)	(61, 0.524727)	(62, 0.512823)	(63, 0.508655)	(64, 0.5199429999999999)	(65, 0.534762)	(66, 0.551116)	(67, 0.525183)	(68, 0.525124)	(69, 0.543585)	(70, 0.537516)	(71, 0.545033)	(72, 0.512687)	(73, 0.5375679999999999)	(74, 0.559963)	(75, 0.5485249999999999)	(76, 0.5427000000000001)	(77, 0.566404)	(78, 0.559455)	(79, 0.5595)	(80, 0.572936)	(81, 0.620243)	(82, 0.6029180000000001)	(83, 0.575523)	(84, 0.576025)	(85, 0.600972)	(86, 0.609739)	(87, 0.582487)	(88, 0.615808)	(89, 0.607298)	(90, 0.612277)	(91, 0.611243)	(92, 0.6089100000000001)	(93, 0.661677)	(94, 0.604001)	(95, 0.6170089999999999)	(96, 0.577626)	(97, 0.611201)	(98, 0.650176)	(99, 0.588437)	(100, 0.107953)	(101, 0.227292)
SRR748557	(1, 0.558921)	(2, 0.22842800000000002)	(3, 0.222362)	(4, 0.191932)	(5, 0.193872)	(6, 0.0935729)	(7, 0.40442999999999996)	(8, 0.41204199999999996)	(9, 0.416534)	(10, 0.424909)	(11, 0.414839)	(12, 0.41961200000000004)	(13, 0.41683099999999995)	(14, 0.427107)	(15, 0.415115)	(16, 0.428046)	(17, 0.474032)	(18, 0.497772)	(19, 0.513405)	(20, 0.306456)	(21, 0.48010300000000006)	(22, 0.0407837)	(23, 0.333505)	(24, 0.10078699999999999)	(25, 0.311411)	(26, 0.05433760000000001)	(27, 0.0399061)	(28, 0.0403568)	(29, 0.0310292)	(30, 0.037670999999999996)	(31, 0.024509500000000004)	(32, 0.0166826)	(33, 0.0138297)	(34, 0.015561)	(35, 0.0183582)	(36, 0.0160807)	(37, 0.0166746)	(38, 0.0200392)	(39, 0.0350196)	(40, 0.0397152)	(41, 0.0397099)	(42, 0.0295392)	(43, 0.027850200000000002)	(44, 0.024186)	(45, 0.0197608)	(46, 0.024763999999999998)	(47, 0.0148929)	(48, 0.0197237)	(49, 0.0171466)	(50, 0.0201135)	(51, 0.0193499)	(52, 0.0219297)	(53, 0.0236478)	(54, 0.026550999999999998)	(55, 0.025644300000000002)	(56, 0.0286615)	(57, 0.510645)	(58, 0.162546)	(59, 0.178545)	(60, 0.188864)	(61, 0.168491)	(62, 0.0425336)	(63, 0.0332617)	(64, 0.0146198)	(65, 0.0204475)	(66, 0.0209301)	(67, 0.019744900000000003)	(68, 0.0192385)	(69, 0.0311777)	(70, 0.0300641)	(71, 0.0497507)	(72, 0.0410223)	(73, 0.0457153)	(74, 0.0586355)	(75, 0.05605570000000001)	(76, 0.0455695)	(77, 0.0480379)	(78, 0.0549581)	(79, 0.0455403)	(80, 0.0374986)	(81, 0.015812899999999998)	(82, 0.0034256)	(83, 0.00372786)	(84, 0.0056395099999999995)	(85, 0.00013787199999999998)	(86, 0.000119313)	(87, 0.0)	(88, 3.18167e-05)	(89, 1.8559699999999998e-05)	(90, 0.0113241)	(91, 0.0386069)	(92, 0.0596616)	(93, 0.049461700000000004)	(94, 0.0550243)	(95, 0.0418655)	(96, 0.036865)	(97, 0.0417912)	(98, 0.0306687)	(99, 0.013211899999999999)	(100, 0.00325326)	(101, 0.000326121)
SRR768533	(1, 0.0164229)	(2, 0.00299167)	(3, 6.25872e-05)	(4, 0.0020153099999999998)	(5, 0.0)	(6, 8.13634e-05)	(7, 3.12936e-05)	(8, 0.00306364)	(9, 0.00218116)	(10, 0.00366761)	(11, 0.000841798)	(12, 0.000219055)	(13, 0.0)	(14, 0.00152713)	(15, 0.00684704)	(16, 0.0130964)	(17, 0.0197181)	(18, 0.040731699999999996)	(19, 0.0414922)	(20, 0.0364789)	(21, 0.0308555)	(22, 0.022712899999999998)	(23, 0.00900317)	(24, 0.000337971)	(25, 0.0)	(26, 0.0007072350000000001)	(27, 0.000785469)	(28, 0.017884300000000002)	(29, 0.00784843)	(30, 0.000923161)	(31, 0.0035768600000000003)	(32, 0.007150589999999999)	(33, 0.006687439999999999)	(34, 0.0508083)	(35, 0.09356790000000001)	(36, 0.0453037)	(37, 0.13612100000000002)	(38, 0.0536372)	(39, 0.10076900000000001)	(40, 0.0386226)	(41, 0.0509554)	(42, 0.00291343)	(43, 0.003936729999999999)	(44, 0.0)	(45, 0.0)	(46, 0.000998266)	(47, 0.0)	(48, 0.00130181)	(49, 0.00759496)	(50, 0.0176339)	(51, 0.051747100000000004)	(52, 0.032561)	(53, 0.057010700000000004)	(54, 0.0762844)	(55, 0.0716279)	(56, 0.048470700000000005)	(57, 0.0565851)	(58, 0.0326361)	(59, 0.0113126)	(60, 0.00608035)	(61, 0.0124079)	(62, 0.00819579)	(63, 0.0130244)	(64, 0.00705358)	(65, 0.00517909)	(66, 0.0)	(67, 0.00421212)	(68, 0.00973857)	(69, 0.0299417)	(70, 0.031021299999999998)	(71, 0.0483987)	(72, 0.0383096)	(73, 0.0445245)	(74, 0.0384974)	(75, 0.0081113)	(76, 0.00672812)	(77, 0.000491309)	(78, 0.000654036)	(79, 0.000572673)	(80, 0.0)	(81, 0.0)	(82, 0.0)	(83, 1.56468e-05)	(84, 0.0)	(85, 0.0)	(86, 0.0)	(87, 0.0)	(88, 0.00044436899999999996)	(89, 0.010783800000000001)	(90, 0.00530426)	(91, 0.0241274)	(92, 0.0136002)	(93, 0.0075511499999999995)	(94, 0.0158033)	(95, 0.0)	(96, 0.0)	(97, 0.0)	(98, 0.0)	(99, 0.0)	(100, 0.0)	(101, 0.0)
SRR787670	(1, 0.353293)	(2, 0.607606)	(3, 0.612862)	(4, 0.628142)	(5, 0.582302)	(6, 0.604784)	(7, 0.57364)	(8, 0.586681)	(9, 0.599723)	(10, 0.622595)	(11, 0.5859030000000001)	(12, 0.567459)	(13, 0.597338)	(14, 0.601961)	(15, 0.592229)	(16, 0.594078)	(17, 0.6091639999999999)	(18, 0.602107)	(19, 0.612229)	(20, 0.621573)	(21, 0.6258549999999999)	(22, 0.573932)	(23, 0.63549)	(24, 0.609796)	(25, 0.617728)	(26, 0.626098)	(27, 0.60858)	(28, 0.606244)	(29, 0.593299)	(30, 0.5991879999999999)	(31, 0.589893)	(32, 0.622546)	(33, 0.572228)	(34, 0.627169)	(35, 0.653788)	(36, 0.625028)	(37, 0.560403)	(38, 0.592569)	(39, 0.593153)	(40, 0.6242)	(41, 0.635393)	(42, 0.5985550000000001)	(43, 0.590136)	(44, 0.604443)	(45, 0.582837)	(46, 0.599577)	(47, 0.6002580000000001)	(48, 0.596268)	(49, 0.6363169999999999)	(50, 0.605854)	(51, 0.587703)	(52, 0.618993)	(53, 0.6084339999999999)	(54, 0.594808)	(55, 0.623908)	(56, 0.60931)	(57, 0.601669)	(58, 0.595781)	(59, 0.629991)	(60, 0.617436)	(61, 0.599674)	(62, 0.62678)	(63, 0.670868)	(64, 0.621281)	(65, 0.613397)	(66, 0.6294069999999999)	(67, 0.6108180000000001)	(68, 0.627461)	(69, 0.643082)	(70, 0.6143219999999999)	(71, 0.632181)	(72, 0.6059519999999999)	(73, 0.614468)	(74, 0.677146)	(75, 0.613835)	(76, 0.607217)																									
SRR787690	(1, 0.353264)	(2, 0.606529)	(3, 0.612159)	(4, 0.6286240000000001)	(5, 0.580138)	(6, 0.606711)	(7, 0.5740839999999999)	(8, 0.587159)	(9, 0.601626)	(10, 0.6231760000000001)	(11, 0.585343)	(12, 0.566397)	(13, 0.598721)	(14, 0.601384)	(15, 0.5933940000000001)	(16, 0.596844)	(17, 0.610101)	(18, 0.602655)	(19, 0.612341)	(20, 0.619968)	(21, 0.626323)	(22, 0.575174)	(23, 0.634495)	(24, 0.6092529999999999)	(25, 0.616336)	(26, 0.624992)	(27, 0.6077400000000001)	(28, 0.605077)	(29, 0.593152)	(30, 0.5995079999999999)	(31, 0.5915779999999999)	(32, 0.624023)	(33, 0.574387)	(34, 0.626687)	(35, 0.650052)	(36, 0.622934)	(37, 0.561252)	(38, 0.591154)	(39, 0.592547)	(40, 0.623842)	(41, 0.634495)	(42, 0.598297)	(43, 0.590186)	(44, 0.603321)	(45, 0.585828)	(46, 0.599205)	(47, 0.600718)	(48, 0.596905)	(49, 0.636008)	(50, 0.606348)	(51, 0.5891569999999999)	(52, 0.616638)	(53, 0.60883)	(54, 0.595815)	(55, 0.624084)	(56, 0.610101)	(57, 0.6012029999999999)	(58, 0.594423)	(59, 0.628018)	(60, 0.6176670000000001)	(61, 0.6012029999999999)	(62, 0.624386)	(63, 0.668817)	(64, 0.622147)	(65, 0.6139140000000001)	(66, 0.631287)	(67, 0.610646)	(68, 0.625476)	(69, 0.6401249999999999)	(70, 0.6150639999999999)	(71, 0.631105)	(72, 0.606711)	(73, 0.616336)	(74, 0.67487)	(75, 0.614459)	(76, 0.608527)																									
SRR787697	(1, 0.168501)	(2, 0.19646899999999998)	(3, 0.19197699999999998)	(4, 0.188554)	(5, 0.206201)	(6, 0.161389)	(7, 0.107593)	(8, 0.11630900000000001)	(9, 0.12689699999999998)	(10, 0.123314)	(11, 0.08716499999999999)	(12, 0.0939029)	(13, 0.118983)	(14, 0.0920312)	(15, 0.118502)	(16, 0.154972)	(17, 0.13342099999999998)	(18, 0.153902)	(19, 0.112298)	(20, 0.12374199999999999)	(21, 0.144651)	(22, 0.116523)	(23, 0.10026600000000001)	(24, 0.11272599999999999)	(25, 0.109197)	(26, 0.15294)	(27, 0.128662)	(28, 0.11048)	(29, 0.14229799999999998)	(30, 0.10561399999999999)	(31, 0.11064099999999999)	(32, 0.14860800000000002)	(33, 0.131496)	(34, 0.15481099999999998)	(35, 0.172672)	(36, 0.174009)	(37, 0.158662)	(38, 0.147967)	(39, 0.170587)	(40, 0.160052)	(41, 0.142352)	(42, 0.142031)	(43, 0.157271)	(44, 0.172993)	(45, 0.16818)	(46, 0.22898200000000002)	(47, 0.226736)	(48, 0.19753800000000002)	(49, 0.20079999999999998)	(50, 0.195239)	(51, 0.206469)	(52, 0.130159)	(53, 0.137539)	(54, 0.14518599999999998)	(55, 0.11064099999999999)	(56, 0.110266)	(57, 0.118234)	(58, 0.11106899999999999)	(59, 0.136737)	(60, 0.18203)	(61, 0.147646)	(62, 0.149197)	(63, 0.145774)	(64, 0.11042700000000001)	(65, 0.128395)	(66, 0.19732399999999997)	(67, 0.17432999999999998)	(68, 0.163367)	(69, 0.0932612)	(70, 0.107325)	(71, 0.114277)	(72, 0.0822987)	(73, 0.0926195)	(74, 0.09839479999999999)	(75, 0.10572100000000001)	(76, 0.293045)																									
SRR792098	(1, 0.22002200000000002)	(2, 0.210207)	(3, 0.21542499999999998)	(4, 0.21508399999999997)	(5, 0.20125500000000002)	(6, 0.16277)	(7, 0.167607)	(8, 0.164483)	(9, 0.164597)	(10, 0.16670400000000002)	(11, 0.16347899999999999)	(12, 0.177014)	(13, 0.172819)	(14, 0.173428)	(15, 0.176386)	(16, 0.17561600000000002)	(17, 0.18224700000000002)	(18, 0.17775)	(19, 0.181999)	(20, 0.174733)	(21, 0.175556)	(22, 0.174706)	(23, 0.172378)	(24, 0.178714)	(25, 0.172692)	(26, 0.17849299999999999)	(27, 0.182066)	(28, 0.180821)	(29, 0.17757)	(30, 0.184247)	(31, 0.183745)	(32, 0.186783)	(33, 0.184956)	(34, 0.186308)	(35, 0.180627)	(36, 0.18482200000000001)	(37, 0.182427)	(38, 0.18515)	(39, 0.184521)	(40, 0.179303)	(41, 0.183946)	(42, 0.197327)	(43, 0.187492)	(44, 0.187244)	(45, 0.18783999999999998)	(46, 0.184053)	(47, 0.18292899999999998)	(48, 0.186769)	(49, 0.186943)	(50, 0.198685)	(51, 0.188295)	(52, 0.18046)	(53, 0.187512)	(54, 0.183953)	(55, 0.18443400000000001)	(56, 0.18606)	(57, 0.189125)	(58, 0.187699)	(59, 0.18565199999999998)	(60, 0.18718400000000002)	(61, 0.192938)	(62, 0.190088)	(63, 0.189753)	(64, 0.187378)	(65, 0.184622)	(66, 0.189914)	(67, 0.194363)	(68, 0.18280200000000002)	(69, 0.184187)	(70, 0.193614)	(71, 0.182842)	(72, 0.179671)	(73, 0.18052700000000002)	(74, 0.179075)	(75, 0.189493)	(76, 0.186221)	(77, 0.18931900000000002)	(78, 0.184776)	(79, 0.177704)	(80, 0.18052700000000002)	(81, 0.172458)	(82, 0.18141)	(83, 0.175422)	(84, 0.181865)	(85, 0.180955)	(86, 0.178152)	(87, 0.180855)	(88, 0.187505)	(89, 0.186087)	(90, 0.18296199999999999)	(91, 0.182748)	(92, 0.184254)	(93, 0.180427)	(94, 0.191801)	(95, 0.19528)	(96, 0.189017)	(97, 0.191694)	(98, 0.192042)	(99, 0.191941)	(100, 0.190001)	
SRR867663	(1, 0.046827799999999996)	(2, 0.0345395)	(3, 0.197381)	(4, 0.0350515)	(5, 0.124483)	(6, 0.054465299999999994)	(7, 0.0746045)	(8, 0.0614201)	(9, 0.067159)	(10, 0.0812393)	(11, 0.067927)	(12, 0.0808553)	(13, 0.0820713)	(14, 0.0836073)	(15, 0.0769512)	(16, 0.083266)	(17, 0.10257300000000001)	(18, 0.0855487)	(19, 0.082882)	(20, 0.0793406)	(21, 0.0781032)	(22, 0.0930369)	(23, 0.06903630000000001)	(24, 0.07268440000000001)	(25, 0.098797)	(26, 0.0883008)	(27, 0.10216800000000001)	(28, 0.0758418)	(29, 0.0831167)	(30, 0.0530146)	(31, 0.0843754)	(32, 0.07974590000000001)	(33, 0.0816446)	(34, 0.0933142)	(35, 0.100589)	(36, 0.095469)	(37, 0.0796179)	(38, 0.09534100000000001)	(39, 0.0744551)	(40, 0.0707644)	(41, 0.0739858)	(42, 0.0877034)	(43, 0.0871488)	(44, 0.0868501)	(45, 0.0831167)	(46, 0.082818)	(47, 0.0716604)	(48, 0.0821566)	(49, 0.0940183)	(50, 0.0694843)	(51, 0.0824767)	(52, 0.0780819)	(53, 0.0801726)	(54, 0.0808339)	(55, 0.0875968)	(56, 0.083842)	(57, 0.0682043)	(58, 0.06664690000000001)	(59, 0.0749458)	(60, 0.068631)	(61, 0.0755218)	(62, 0.0705084)	(63, 0.083778)	(64, 0.0708284)	(65, 0.07381510000000001)	(66, 0.0730044)	(67, 0.046827799999999996)	(68, 0.0595214)	(69, 0.07151110000000001)	(70, 0.0695483)	(71, 0.067671)	(72, 0.0499639)	(73, 0.0565774)	(74, 0.0247899)	(75, 0.0586894)	(76, 0.0785512)																									
