Sample	0	1	2	3	4	5	6	7	8	9	10	11	12	13	14	15	16	17	18	19	20	21	22	23	24	25	26	27	28	29	30	31	32	33	34	35	36	37	38	39	40	41	42	43	44	45	46	47	48	49	50	51	52	53	54	55	56	57	58	59	60	61	62	63	64	65	66	67	68	69	70	71	72	73	74	75	76	77	78	79	80	81	82	83	84	85	86	87	88	89	90	91	92	93	94	95	96	97	98	99	100
ERR031854	(1, 0.0)	(2, 7.13294e-06)	(3, 0.0)	(4, 0.0)	(5, 0.030634199999999997)	(6, 0.0012661)	(7, 0.0)	(8, 0.0)	(9, 0.0)	(10, 0.0)	(11, 0.0)	(12, 0.0)	(13, 0.0)	(14, 0.0)	(15, 0.00230751)	(16, 0.00788368)	(17, 0.0052231000000000005)	(18, 0.0)	(19, 0.0)	(20, 2.67485e-05)	(21, 0.0)	(22, 0.0)	(23, 0.0)	(24, 0.0)	(25, 0.0)	(26, 0.0)	(27, 0.0)	(28, 0.0)	(29, 0.0)	(30, 0.0)	(31, 0.0)	(32, 0.0)	(33, 0.0)	(34, 0.0)	(35, 0.000649098)	(36, 5.34971e-05)	(37, 0.0)	(38, 0.0)	(39, 5.88468e-05)	(40, 1.42659e-05)	(41, 0.0)	(42, 0.000743609)	(43, 0.000256786)	(44, 0.00066158)	(45, 1.06994e-05)	(46, 0.0026712899999999998)	(47, 0.0)	(48, 1.6049100000000002e-05)	(49, 0.000258569)	(50, 0.000326332)	(51, 0.0)	(52, 0.000123043)	(53, 0.0)	(54, 0.0)	(55, 0.0)	(56, 0.0)	(57, 0.0)	(58, 0.0)	(59, 0.0)	(60, 0.0)	(61, 0.0)	(62, 0.0)	(63, 0.0)	(64, 0.0)	(65, 0.0)	(66, 0.0)	(67, 0.0)	(68, 0.0)	(69, 0.0)	(70, 0.000283534)	(71, 0.00045115799999999995)	(72, 3.56647e-06)	(73, 0.0)	(74, 3.56647e-06)	(75, 0.0)	(76, 0.0)	(77, 1.6049100000000002e-05)	(78, 0.0)	(79, 0.0)	(80, 0.0)	(81, 0.0)	(82, 0.0)	(83, 0.0)	(84, 0.0)	(85, 0.0)	(86, 0.0)	(87, 0.0)	(88, 0.0)	(89, 0.0)	(90, 0.0)											
ERR031893	(1, 0.238311)	(2, 0.0)	(3, 0.0)	(4, 0.0)	(5, 0.000462102)	(6, 0.0)	(7, 0.0)	(8, 0.0)	(9, 0.0)	(10, 0.0)	(11, 0.0)	(12, 0.0)	(13, 0.0)	(14, 8.512400000000001e-05)	(15, 0.000348603)	(16, 0.0)	(17, 6.08029e-05)	(18, 3.85085e-05)	(19, 0.00265303)	(20, 0.0011248500000000002)	(21, 0.0)	(22, 0.0)	(23, 0.0)	(24, 0.0)	(25, 0.0)	(26, 0.0)	(27, 0.000610056)	(28, 2.4321200000000004e-05)	(29, 0.00200041)	(30, 0.000383058)	(31, 0.0009647389999999999)	(32, 0.0016031700000000001)	(33, 0.00577627)	(34, 0.0076327899999999995)	(35, 0.0116904)	(36, 0.0013964399999999999)	(37, 0.00448725)	(38, 0.006268780000000001)	(39, 0.0181395)	(40, 0.0103547)	(41, 0.00932108)	(42, 0.0198501)	(43, 0.009090029999999999)	(44, 0.0106101)	(45, 0.0)	(46, 0.0)	(47, 0.0)	(48, 1.0133800000000001e-05)	(49, 0.0)	(50, 0.0)	(51, 0.0)	(52, 0.0)	(53, 0.0)	(54, 0.0)	(55, 0.0)	(56, 0.0)	(57, 0.0)	(58, 0.000125659)	(59, 0.0)	(60, 0.0026672199999999997)	(61, 0.0)	(62, 0.00104986)	(63, 8.10705e-06)	(64, 0.0)	(65, 0.000859347)	(66, 0.00416297)	(67, 0.000652618)	(68, 0.0)	(69, 0.00022902399999999998)	(70, 0.0)	(71, 0.0)	(72, 0.0)	(73, 0.0)	(74, 0.0)	(75, 0.0)	(76, 0.0)	(77, 0.0)	(78, 0.0)	(79, 0.0)	(80, 0.0)	(81, 0.0)	(82, 1.62141e-05)	(83, 0.0)	(84, 0.0)	(85, 0.0)	(86, 4.05353e-06)	(87, 0.0)	(88, 0.0)	(89, 0.0)	(90, 0.0)											
ERR031925	(1, 0.086522)	(2, 0.0)	(3, 0.0)	(4, 0.32201199999999996)	(5, 0.00011168)	(6, 0.0)	(7, 0.0)	(8, 0.0)	(9, 0.0)	(10, 0.0)	(11, 0.0)	(12, 0.0)	(13, 0.0)	(14, 0.0)	(15, 0.0)	(16, 0.0)	(17, 0.0)	(18, 0.0)	(19, 0.0)	(20, 0.0)	(21, 0.0)	(22, 0.0)	(23, 0.006965829999999999)	(24, 0.0)	(25, 0.0)	(26, 0.0)	(27, 0.0)	(28, 0.0)	(29, 0.0)	(30, 0.00255697)	(31, 0.0)	(32, 0.0011718100000000001)	(33, 2.00024e-05)	(34, 0.0037587799999999998)	(35, 0.0)	(36, 0.000508394)	(37, 8.33433e-06)	(38, 0.0031603799999999995)	(39, 0.007030840000000001)	(40, 0.0053223)	(41, 0.00412549)	(42, 0.00321372)	(43, 0.0)	(44, 0.005877370000000001)	(45, 0.0)	(46, 0.0124282)	(47, 0.014029999999999999)	(48, 0.00883106)	(49, 0.016337)	(50, 0.0254147)	(51, 0.0244546)	(52, 0.0189373)	(53, 0.016972)	(54, 0.0113647)	(55, 0.01358)	(56, 0.0158169)	(57, 0.011013)	(58, 0.0121831)	(59, 0.013516600000000002)	(60, 0.00849435)	(61, 0.0)	(62, 0.000626742)	(63, 0.007515900000000001)	(64, 0.00312371)	(65, 0.00238028)	(66, 0.00542065)	(67, 1.66687e-05)	(68, 0.0039004700000000005)	(69, 0.0041905)	(70, 0.00529563)	(71, 0.00494393)	(72, 0.014703399999999998)	(73, 0.008997739999999999)	(74, 0.0200074)	(75, 0.0188956)	(76, 0.0171954)	(77, 0.0174571)	(78, 0.0279533)	(79, 0.022849400000000002)	(80, 0.020964200000000002)	(81, 0.024643)	(82, 0.0157552)	(83, 0.0201157)	(84, 0.0172087)	(85, 0.0156002)	(86, 0.0138333)	(87, 0.00627075)	(88, 0.013955)	(89, 0.0110097)	(90, 0.00799596)											
ERR031976	(1, 0.12840600000000002)	(2, 0.079661)	(3, 0.0)	(4, 0.0600545)	(5, 0.0)	(6, 0.000366383)	(7, 0.0)	(8, 0.0)	(9, 0.0)	(10, 0.0)	(11, 0.0)	(12, 0.0)	(13, 0.0)	(14, 0.0)	(15, 0.0)	(16, 0.0)	(17, 0.0)	(18, 0.00171654)	(19, 0.0)	(20, 0.0)	(21, 0.0)	(22, 0.0)	(23, 0.0)	(24, 0.0)	(25, 0.0)	(26, 0.0)	(27, 0.0)	(28, 0.0)	(29, 0.0)	(30, 0.0)	(31, 0.0)	(32, 0.0)	(33, 0.0)	(34, 1.21453e-05)	(35, 4.4532799999999995e-05)	(36, 0.0)	(37, 0.00437028)	(38, 0.0)	(39, 5.8702299999999995e-05)	(40, 0.0036597799999999996)	(41, 0.010145399999999999)	(42, 0.0)	(43, 0.0)	(44, 0.00174488)	(45, 0.0011497599999999999)	(46, 0.0)	(47, 0.000524272)	(48, 0.00131372)	(49, 0.030883499999999998)	(50, 0.00191896)	(51, 0.00571436)	(52, 0.0032772099999999996)	(53, 0.000159913)	(54, 0.0)	(55, 0.0)	(56, 0.019556)	(57, 0.0)	(58, 0.0)	(59, 0.0316183)	(60, 0.0518503)	(61, 0.061194099999999994)	(62, 0.00159508)	(63, 0.0016639100000000002)	(64, 0.057481700000000004)	(65, 0.07995050000000001)	(66, 0.0963932)	(67, 0.011653400000000001)	(68, 0.0293997)	(69, 0.0428102)	(70, 0.0774486)	(71, 0.0691918)	(72, 1.21453e-05)	(73, 0.09598229999999999)	(74, 0.08258)	(75, 0.0475327)	(76, 0.09480419999999999)	(77, 0.000655846)	(78, 0.0221085)	(79, 0.00122263)	(80, 0.00147565)	(81, 0.0006194099999999999)	(82, 0.0006234589999999999)	(83, 0.08105369999999999)	(84, 0.09643979999999999)	(85, 0.11040100000000001)	(86, 0.0923023)	(87, 0.00218413)	(88, 0.0791084)	(89, 0.0827217)	(90, 0.07750320000000001)											
ERR031982	(1, 0.009328350000000001)	(2, 0.0112928)	(3, 0.0)	(4, 0.0786033)	(5, 0.0033189599999999997)	(6, 0.0)	(7, 0.0)	(8, 0.0)	(9, 0.0)	(10, 0.0)	(11, 0.0)	(12, 0.0)	(13, 0.0)	(14, 0.0)	(15, 0.0)	(16, 2.07435e-06)	(17, 0.00222163)	(18, 0.0)	(19, 0.0)	(20, 0.0)	(21, 0.0)	(22, 0.0)	(23, 0.0)	(24, 0.0)	(25, 0.0)	(26, 0.0)	(27, 0.0)	(28, 0.0)	(29, 0.0)	(30, 0.0)	(31, 0.0)	(32, 0.0)	(33, 0.0)	(34, 0.0)	(35, 0.0)	(36, 0.0)	(37, 0.0)	(38, 0.0)	(39, 0.0)	(40, 0.0)	(41, 0.0)	(42, 0.0)	(43, 0.0)	(44, 0.0)	(45, 0.00020743499999999998)	(46, 0.00087745)	(47, 0.000657569)	(48, 0.000153502)	(49, 0.0009562749999999999)	(50, 0.000597413)	(51, 0.00103095)	(52, 0.000304929)	(53, 4.1487e-06)	(54, 0.0)	(55, 0.0)	(56, 0.0)	(57, 0.0)	(58, 0.0)	(59, 3.1115199999999996e-05)	(60, 1.24461e-05)	(61, 1.45204e-05)	(62, 4.1487e-06)	(63, 7.05279e-05)	(64, 0.000269665)	(65, 0.000568372)	(66, 0.00010786600000000001)	(67, 8.08996e-05)	(68, 0.0026987300000000003)	(69, 0.000555926)	(70, 0.00154124)	(71, 0.0)	(72, 0.0)	(73, 0.0)	(74, 0.0)	(75, 0.0)	(76, 0.0)	(77, 6.84535e-05)	(78, 0.0006451229999999999)	(79, 0.00034849100000000004)	(80, 0.000628528)	(81, 0.000711502)	(82, 0.00043976199999999995)	(83, 1.45204e-05)	(84, 4.1487e-06)	(85, 0.0)	(86, 0.0)	(87, 0.0)	(88, 0.000118238)	(89, 0.0)	(90, 0.000410721)											
ERR034521	(1, 0.405097)	(2, 0.0)	(3, 0.0)	(4, 0.0)	(5, 0.0)	(6, 0.000676755)	(7, 0.000628415)	(8, 0.0)	(9, 7.89547e-05)	(10, 0.0)	(11, 0.0)	(12, 0.0)	(13, 0.0)	(14, 0.00148242)	(15, 0.0)	(16, 0.0)	(17, 0.0)	(18, 0.0)	(19, 0.0)	(20, 0.0)	(21, 0.0)	(22, 0.0)	(23, 0.0)	(24, 0.0)	(25, 0.0)	(26, 0.0)	(27, 0.000275536)	(28, 0.0)	(29, 7.41208e-05)	(30, 0.000107959)	(31, 0.0)	(32, 6.12302e-05)	(33, 0.00040121899999999997)	(34, 0.000563962)	(35, 0.000591355)	(36, 3.22264e-05)	(37, 0.000617136)	(38, 0.000267479)	(39, 0.000422166)	(40, 0.00037704899999999996)	(41, 0.0008024379999999999)	(42, 0.000599411)	(43, 0.00035932499999999997)	(44, 0.000380272)	(45, 0.0)	(46, 0.0034724)	(47, 0.0008008259999999999)	(48, 0.000485008)	(49, 0.000594577)	(50, 0.00017885699999999999)	(51, 0.0)	(52, 0.0015307499999999998)	(53, 0.0015903700000000002)	(54, 0.0024621)	(55, 0.000214306)	(56, 0.00255878)	(57, 0.000454392)	(58, 0.000352879)	(59, 0.000655808)	(60, 0.00878331)	(61, 0.000555906)	(62, 0.000729928)	(63, 0.0009796829999999999)	(64, 0.00012246000000000002)	(65, 0.00022558500000000002)	(66, 0.00157426)	(67, 0.00188525)	(68, 0.00116015)	(69, 0.000199804)	(70, 0.00039799599999999996)	(71, 0.00037704899999999996)	(72, 0.00126489)	(73, 0.0022606799999999997)	(74, 0.00107475)	(75, 0.006395329999999999)	(76, 0.00148403)	(77, 0.000162743)	(78, 0.0123927)	(79, 0.00213983)	(80, 0.0007073699999999999)	(81, 0.00080566)	(82, 0.00126328)	(83, 1.77245e-05)	(84, 0.0)	(85, 0.0038655600000000005)	(86, 0.00340956)	(87, 0.000449559)	(88, 0.000747653)	(89, 0.000272313)	(90, 0.000552683)											
ERR034553	(1, 0.382378)	(2, 0.0)	(3, 0.0)	(4, 0.0)	(5, 0.0)	(6, 0.0)	(7, 0.0)	(8, 0.0)	(9, 0.0)	(10, 0.0)	(11, 0.0)	(12, 0.0)	(13, 0.0)	(14, 0.0)	(15, 0.0)	(16, 7.30827e-06)	(17, 0.0)	(18, 0.000277714)	(19, 0.0)	(20, 0.0)	(21, 0.0)	(22, 0.0)	(23, 0.00109478)	(24, 2.04632e-05)	(25, 9.06226e-05)	(26, 0.000162244)	(27, 0.002973)	(28, 0.000527657)	(29, 0.00011547099999999999)	(30, 0.000515964)	(31, 0.0005758919999999999)	(32, 0.0008521440000000001)	(33, 0.00053058)	(34, 0.00110793)	(35, 0.0011327800000000001)	(36, 1.4616500000000001e-05)	(37, 0.00124971)	(38, 0.0016019699999999999)	(39, 0.00131257)	(40, 0.00224364)	(41, 0.00292185)	(42, 0.00257251)	(43, 0.0031498599999999996)	(44, 0.0022641)	(45, 0.0023328)	(46, 0.00306801)	(47, 0.00304755)	(48, 0.00224949)	(49, 0.0035664399999999997)	(50, 0.0017992999999999998)	(51, 0.0038806900000000004)	(52, 0.00324633)	(53, 0.00213255)	(54, 0.00287215)	(55, 0.00290138)	(56, 0.00370968)	(57, 0.00512748)	(58, 0.00541835)	(59, 0.004475590000000001)	(60, 0.004313340000000001)	(61, 0.00438935)	(62, 0.00370676)	(63, 0.00530434)	(64, 0.006216419999999999)	(65, 0.00502517)	(66, 0.00593578)	(67, 0.004297260000000001)	(68, 0.0048819300000000005)	(69, 0.0032419499999999995)	(70, 0.00405317)	(71, 0.00535696)	(72, 0.004879)	(73, 0.00479715)	(74, 0.00499155)	(75, 0.0047167599999999995)	(76, 0.0042578)	(77, 0.00315863)	(78, 0.00312502)	(79, 0.00285461)	(80, 0.006048329999999999)	(81, 0.00278445)	(82, 0.0035766699999999997)	(83, 0.00170575)	(84, 0.00139149)	(85, 0.000714749)	(86, 0.0009223040000000001)	(87, 0.000817065)	(88, 0.00034056500000000003)	(89, 7.74677e-05)	(90, 0.000755675)											
ERR034626	(1, 0.0008227140000000001)	(2, 0.011061399999999999)	(3, 0.00034554)	(4, 0.172007)	(5, 0.00134308)	(6, 0.00539495)	(7, 0.0)	(8, 0.0)	(9, 0.0)	(10, 0.0)	(11, 0.0)	(12, 0.0)	(13, 2.8794999999999998e-05)	(14, 0.0)	(15, 0.0)	(16, 0.0)	(17, 0.0)	(18, 0.0)	(19, 0.0009358369999999999)	(20, 2.05678e-06)	(21, 0.00041135700000000005)	(22, 0.0)	(23, 0.00021801900000000001)	(24, 0.0013801)	(25, 0.00661256)	(26, 0.0005018549999999999)	(27, 0.000643774)	(28, 0.00214111)	(29, 0.0008535659999999999)	(30, 0.00101194)	(31, 0.00128549)	(32, 0.000189224)	(33, 0.0487993)	(34, 0.0153909)	(35, 0.00891205)	(36, 0.013908)	(37, 0.0107919)	(38, 0.0161869)	(39, 0.012967999999999999)	(40, 0.0129166)	(41, 0.009181489999999999)	(42, 0.0167751)	(43, 0.0123654)	(44, 0.027523899999999997)	(45, 0.00913624)	(46, 0.0035541199999999996)	(47, 0.0)	(48, 4.9362799999999994e-05)	(49, 0.0216909)	(50, 2.8794999999999998e-05)	(51, 0.0343462)	(52, 0.005709629999999999)	(53, 0.00696839)	(54, 0.00685938)	(55, 0.00297617)	(56, 0.0292824)	(57, 0.00214111)	(58, 0.00144798)	(59, 0.000508026)	(60, 0.000600581)	(61, 6.17035e-05)	(62, 0.0)	(63, 0.000304404)	(64, 0.00031468800000000003)	(65, 0.00375569)	(66, 0.0438054)	(67, 0.0052448)	(68, 0.0056685)	(69, 0.00588652)	(70, 0.000765124)	(71, 0.00020156499999999999)	(72, 0.0072933600000000005)	(73, 0.00681618)	(74, 0.00392023)	(75, 0.00047717399999999997)	(76, 0.0516767)	(77, 0.0008535659999999999)	(78, 0.00299674)	(79, 0.0490399)	(80, 0.00336901)	(81, 0.0341776)	(82, 0.00213494)	(83, 0.00281162)	(84, 0.0217053)	(85, 0.0426104)	(86, 0.0031777299999999997)	(87, 0.00362817)	(88, 0.035039400000000005)	(89, 0.00393052)	(90, 0.0354651)											
ERR047840	(1, 0.025721499999999998)	(2, 4.6369700000000004e-05)	(3, 0.00021982699999999997)	(4, 0.49712999999999996)	(5, 0.00257266)	(6, 0.0148538)	(7, 0.0)	(8, 0.0)	(9, 0.0)	(10, 0.0)	(11, 0.0)	(12, 0.0)	(13, 0.0)	(14, 0.0)	(15, 0.00182388)	(16, 0.0)	(17, 0.0)	(18, 0.0)	(19, 0.0)	(20, 0.0)	(21, 0.0)	(22, 0.0)	(23, 0.0)	(24, 0.0)	(25, 0.0)	(26, 0.0)	(27, 0.0)	(28, 0.0)	(29, 0.0)	(30, 0.0)	(31, 0.0)	(32, 0.0)	(33, 0.0)	(34, 0.0)	(35, 0.0)	(36, 0.0)	(37, 0.000207805)	(38, 6.69785e-05)	(39, 0.0)	(40, 0.0)	(41, 0.0)	(42, 0.0)	(43, 0.0)	(44, 0.00044824100000000005)	(45, 0.0)	(46, 0.0)	(47, 0.0)	(48, 0.0)	(49, 0.0)	(50, 0.41387)	(51, 0.044138800000000006)	(52, 0.0)	(53, 0.0)	(54, 0.0)	(55, 0.0)	(56, 0.0)	(57, 0.0)	(58, 0.0)	(59, 0.351963)	(60, 0.316121)	(61, 0.0894678)	(62, 0.303445)	(63, 0.10947000000000001)	(64, 0.203223)	(65, 0.21001)	(66, 0.09086749999999999)	(67, 0.0460795)	(68, 0.00238546)	(69, 0.009912820000000001)	(70, 0.0)	(71, 0.00273066)	(72, 0.0016607199999999999)	(73, 0.0)	(74, 0.0)	(75, 0.0)	(76, 0.0)	(77, 0.0)	(78, 0.0)	(79, 0.0)	(80, 1.03044e-05)	(81, 0.0)	(82, 0.0)	(83, 0.0)	(84, 5.15219e-06)	(85, 0.0)	(86, 0.0)	(87, 0.000127087)	(88, 5.15219e-06)	(89, 9.789169999999998e-05)	(90, 0.000223262)											
ERR050746	(1, 0.349337)	(2, 0.00629709)	(3, 0.0)	(4, 0.326201)	(5, 0.0)	(6, 0.0)	(7, 1.61381e-06)	(8, 0.0)	(9, 0.0)	(10, 0.0)	(11, 0.0)	(12, 0.0)	(13, 0.0)	(14, 0.0)	(15, 0.0)	(16, 0.0)	(17, 0.0)	(18, 0.0)	(19, 0.0)	(20, 0.0018074700000000003)	(21, 0.0)	(22, 0.0)	(23, 0.0)	(24, 0.0039264)	(25, 0.0)	(26, 0.00862905)	(27, 0.0)	(28, 8.06906e-06)	(29, 0.000225934)	(30, 0.00613571)	(31, 0.00413458)	(32, 0.00025336799999999996)	(33, 0.0)	(34, 0.0038925099999999996)	(35, 1.61381e-05)	(36, 0.00253207)	(37, 0.00986361)	(38, 0.00319696)	(39, 4.68005e-05)	(40, 0.00442346)	(41, 0.00392963)	(42, 0.00397159)	(43, 0.00402323)	(44, 0.00039215599999999995)	(45, 0.0)	(46, 0.00229968)	(47, 0.0)	(48, 0.00165093)	(49, 0.000690711)	(50, 0.000363108)	(51, 5.9711000000000005e-05)	(52, 0.000521261)	(53, 0.0)	(54, 4.03453e-05)	(55, 1.12967e-05)	(56, 0.00025336799999999996)	(57, 0.0)	(58, 0.000182361)	(59, 0.00011942200000000001)	(60, 0.000193657)	(61, 0.0)	(62, 2.25934e-05)	(63, 0.000108125)	(64, 0.009231)	(65, 0.0)	(66, 0.0)	(67, 0.0023287299999999998)	(68, 0.0021350699999999998)	(69, 8.06906e-06)	(70, 0.0)	(71, 0.00406358)	(72, 0.0095586)	(73, 0.0035810499999999997)	(74, 0.0)	(75, 0.00285645)	(76, 0.0)	(77, 0.000219478)	(78, 0.000450253)	(79, 0.00039376999999999994)	(80, 0.00119261)	(81, 0.0036213900000000004)	(82, 0.00284192)	(83, 0.000275962)	(84, 4.51867e-05)	(85, 0.0188154)	(86, 0.00555797)	(87, 0.012269799999999999)	(88, 0.0021011800000000002)	(89, 9.03734e-05)	(90, 0.009694159999999999)											
ERR250439	(1, 0.202052)	(2, 0.0)	(3, 0.00991525)	(4, 0.0747585)	(5, 0.000586562)	(6, 2.3462499999999998e-06)	(7, 0.0)	(8, 0.0)	(9, 0.0)	(10, 0.0)	(11, 0.0)	(12, 0.0)	(13, 0.0)	(14, 0.0)	(15, 0.0)	(16, 0.0)	(17, 0.0)	(18, 0.0)	(19, 0.0)	(20, 0.00054433)	(21, 0.0044039100000000005)	(22, 0.0)	(23, 0.0)	(24, 0.0)	(25, 3.0501200000000002e-05)	(26, 0.0)	(27, 0.0)	(28, 0.0)	(29, 0.0)	(30, 2.8154999999999997e-05)	(31, 0.00454468)	(32, 0.0082541)	(33, 0.022573299999999998)	(34, 0.0163768)	(35, 0.0202857)	(36, 0.0186456)	(37, 0.011498999999999999)	(38, 0.023692400000000002)	(39, 0.018052000000000002)	(40, 0.0201425)	(41, 0.0195935)	(42, 0.034144999999999995)	(43, 0.0458668)	(44, 0.0392504)	(45, 0.0355058)	(46, 0.05323170000000001)	(47, 0.0491281)	(48, 0.049644299999999995)	(49, 0.0318386)	(50, 0.0319207)	(51, 0.0355926)	(52, 0.019769500000000002)	(53, 0.0389595)	(54, 0.0472675)	(55, 0.0418219)	(56, 0.0285703)	(57, 0.047462300000000006)	(58, 0.0362847)	(59, 0.0531308)	(60, 0.0521477)	(61, 0.054864699999999995)	(62, 0.0813468)	(63, 0.062382099999999996)	(64, 0.0697634)	(65, 0.0608852)	(66, 0.0594164)	(67, 0.05904569999999999)	(68, 0.035838999999999996)	(69, 0.0412283)	(70, 0.0447875)	(71, 0.032199900000000004)	(72, 0.024105400000000003)	(73, 0.0262053)	(74, 0.0312426)	(75, 0.037385100000000004)	(76, 0.0338165)	(77, 0.038753)	(78, 0.0344359)	(79, 0.0543415)	(80, 0.0241757)	(81, 0.0591607)	(82, 0.0430208)	(83, 0.039039199999999996)	(84, 0.049472999999999996)	(85, 0.0511177)	(86, 0.0586492)	(87, 0.017894800000000002)	(88, 0.0711547)	(89, 0.008871170000000001)	(90, 0.00113324)	(91, 0.00354987)	(92, 0.00907998)	(93, 0.0131085)	(94, 0.0037211500000000003)	(95, 1.8769999999999998e-05)	(96, 0.00495997)	(97, 0.00469954)	(98, 0.0031439700000000003)	(99, 0.00107693)	(100, 0.00512655)	
ERR250457	(1, 0.23126599999999997)	(2, 0.0)	(3, 0.007282360000000001)	(4, 0.0960873)	(5, 0.00035559000000000003)	(6, 0.0)	(7, 0.0)	(8, 0.0)	(9, 0.0)	(10, 0.0)	(11, 0.0)	(12, 0.0)	(13, 0.0)	(14, 0.0)	(15, 0.0)	(16, 0.0)	(17, 0.0)	(18, 0.0)	(19, 0.0006591419999999999)	(20, 0.0006707060000000001)	(21, 0.000370045)	(22, 8.672920000000001e-06)	(23, 0.0)	(24, 0.000526157)	(25, 0.00113037)	(26, 0.0019138199999999999)	(27, 0.0)	(28, 0.000529048)	(29, 2.31278e-05)	(30, 2.89097e-06)	(31, 0.0025296)	(32, 0.0111881)	(33, 0.0166867)	(34, 0.009748360000000001)	(35, 0.0255793)	(36, 0.032191000000000004)	(37, 0.0241223)	(38, 0.0390166)	(39, 0.0160536)	(40, 0.0351398)	(41, 0.0316099)	(42, 0.0601872)	(43, 0.057050500000000004)	(44, 0.03015)	(45, 0.0403638)	(46, 0.0666485)	(47, 0.0782644)	(48, 0.0238505)	(49, 0.0335729)	(50, 0.0121797)	(51, 0.0267155)	(52, 0.0188578)	(53, 0.0453652)	(54, 0.0625722)	(55, 0.0178431)	(56, 0.0168486)	(57, 0.033145)	(58, 0.0346281)	(59, 0.0410142)	(60, 0.0532431)	(61, 0.0630435)	(62, 0.0646219)	(63, 0.0588718)	(64, 0.0687965)	(65, 0.06677570000000001)	(66, 0.07626100000000001)	(67, 0.0507106)	(68, 0.0464695)	(69, 0.0459231)	(70, 0.0508725)	(71, 0.0459405)	(72, 0.00544659)	(73, 0.0209509)	(74, 0.0346686)	(75, 0.039536999999999996)	(76, 0.0436392)	(77, 0.0427026)	(78, 0.0414421)	(79, 0.06617440000000001)	(80, 0.0344402)	(81, 0.052760299999999996)	(82, 0.0347784)	(83, 0.0378457)	(84, 0.054020700000000005)	(85, 0.05950489999999999)	(86, 0.072335)	(87, 0.013104800000000002)	(88, 0.0276059)	(89, 0.0231856)	(90, 0.0106185)	(91, 0.0178344)	(92, 0.0170336)	(93, 0.0012431200000000001)	(94, 0.00516617)	(95, 0.0013761)	(96, 0.0013443)	(97, 0.0192221)	(98, 0.0010291900000000001)	(99, 0.00056374)	(100, 0.000239951)	
ERR250529	(1, 0.0576183)	(2, 0.0)	(3, 0.0)	(4, 0.0)	(5, 0.0)	(6, 0.0)	(7, 0.0)	(8, 0.0)	(9, 0.0)	(10, 0.0)	(11, 0.0)	(12, 0.0)	(13, 0.0)	(14, 0.0)	(15, 0.0)	(16, 0.0)	(17, 0.0)	(18, 0.0)	(19, 0.0)	(20, 0.0)	(21, 0.0)	(22, 0.0)	(23, 0.0)	(24, 0.0036205099999999995)	(25, 0.0174981)	(26, 0.0227314)	(27, 0.0142816)	(28, 0.00117241)	(29, 0.0006773269999999999)	(30, 1.51867e-05)	(31, 0.000704663)	(32, 0.005230299999999999)	(33, 0.0137591)	(34, 0.0214193)	(35, 0.00790012)	(36, 0.0)	(37, 0.06112650000000001)	(38, 0.0664995)	(39, 0.0701929)	(40, 0.0705635)	(41, 0.0740382)	(42, 6.07468e-05)	(43, 4.25228e-05)	(44, 0.00010327)	(45, 0.000653028)	(46, 0.000385742)	(47, 0.0)	(48, 0.000279435)	(49, 0.000267286)	(50, 5.46721e-05)	(51, 0.000115419)	(52, 0.000431302)	(53, 0.000154904)	(54, 0.0147341)	(55, 0.0)	(56, 0.0)	(57, 0.0)	(58, 0.0)	(59, 0.000118456)	(60, 0.0)	(61, 0.0)	(62, 0.0)	(63, 0.0)	(64, 0.0)	(65, 0.0136437)	(66, 0.00017312799999999999)	(67, 0.0)	(68, 0.0)	(69, 6.07468e-06)	(70, 0.0)	(71, 0.0)	(72, 0.0)	(73, 0.0)	(74, 0.0)	(75, 0.0)	(76, 0.00337145)	(77, 0.0)	(78, 0.0)	(79, 0.0)	(80, 6.07468e-06)	(81, 0.0)	(82, 1.21494e-05)	(83, 0.0)	(84, 0.0)	(85, 0.0297325)	(86, 0.00027032300000000005)	(87, 3.03734e-06)	(88, 0.0307834)	(89, 0.0)	(90, 0.000124531)	(91, 0.0)	(92, 0.0)	(93, 0.0)	(94, 0.0)	(95, 0.0)	(96, 0.0209698)	(97, 0.0256716)	(98, 0.0)	(99, 0.0)	(100, 0.0)	
ERR250603	(1, 0.053174799999999994)	(2, 0.007132820000000001)	(3, 0.0)	(4, 0.288344)	(5, 0.0)	(6, 0.0)	(7, 0.0)	(8, 0.0)	(9, 0.0)	(10, 0.0)	(11, 0.0)	(12, 0.0)	(13, 0.0012599)	(14, 1.13761e-05)	(15, 0.0)	(16, 0.0)	(17, 0.000483484)	(18, 0.0)	(19, 0.00494861)	(20, 0.0)	(21, 0.0)	(22, 0.000136513)	(23, 0.00278715)	(24, 0.0028696200000000002)	(25, 0.00204201)	(26, 0.00681713)	(27, 0.00411815)	(28, 0.00562548)	(29, 0.004226219999999999)	(30, 0.010386399999999999)	(31, 0.00640475)	(32, 0.00104945)	(33, 0.000804859)	(34, 2.27522e-05)	(35, 0.00507374)	(36, 0.00290375)	(37, 0.020707399999999997)	(38, 0.004547600000000001)	(39, 0.019029400000000002)	(40, 0.009393819999999999)	(41, 0.014683700000000001)	(42, 0.008404100000000001)	(43, 0.00194247)	(44, 0.00042944799999999997)	(45, 0.0037939299999999996)	(46, 0.0041579699999999995)	(47, 0.00129403)	(48, 0.00279283)	(49, 0.0013822)	(50, 7.11006e-05)	(51, 5.972450000000001e-05)	(52, 9.954090000000001e-05)	(53, 0.0022155)	(54, 2.84403e-05)	(55, 0.000787795)	(56, 0.00289806)	(57, 0.000335595)	(58, 8.53208e-06)	(59, 0.00414943)	(60, 0.000645594)	(61, 9.954090000000001e-05)	(62, 0.000207614)	(63, 0.00470971)	(64, 0.00153577)	(65, 0.00373989)	(66, 0.0128322)	(67, 0.009439320000000001)	(68, 0.00019055)	(69, 0.00774713)	(70, 0.0024032)	(71, 0.00191972)	(72, 0.00122862)	(73, 0.00132247)	(74, 0.00021330199999999998)	(75, 0.0)	(76, 1.13761e-05)	(77, 0.0)	(78, 0.0)	(79, 0.0)	(80, 0.0)	(81, 0.0)	(82, 0.0)	(83, 6.82566e-05)	(84, 0.005068049999999999)	(85, 0.0027700800000000003)	(86, 0.00173201)	(87, 0.0)	(88, 0.0038508099999999996)	(89, 0.0)	(90, 1.70642e-05)	(91, 0.00100679)	(92, 0.000841832)	(93, 0.00129688)	(94, 0.0)	(95, 0.00278999)	(96, 0.00505668)	(97, 2.27522e-05)	(98, 1.99082e-05)	(99, 8.24768e-05)	(100, 0.0)	
ERR250643	(1, 0.0364233)	(2, 0.00748702)	(3, 0.0)	(4, 0.0)	(5, 0.00292552)	(6, 0.0)	(7, 0.0)	(8, 0.0)	(9, 0.00100908)	(10, 0.0)	(11, 0.0)	(12, 0.0)	(13, 0.0)	(14, 0.000230962)	(15, 0.0)	(16, 0.0)	(17, 0.00400609)	(18, 0.0)	(19, 0.00427005)	(20, 0.0)	(21, 0.0)	(22, 0.0)	(23, 5.4991e-06)	(24, 0.0)	(25, 0.000134728)	(26, 0.00508941)	(27, 5.4991e-06)	(28, 0.0)	(29, 0.000126479)	(30, 0.000695636)	(31, 0.0)	(32, 0.0024581)	(33, 0.0102751)	(34, 0.00263132)	(35, 0.009694910000000001)	(36, 0.028606299999999998)	(37, 0.0394203)	(38, 0.050005999999999995)	(39, 0.0420543)	(40, 0.029178199999999998)	(41, 0.0777215)	(42, 0.032329199999999995)	(43, 0.029362399999999997)	(44, 0.04897220000000001)	(45, 0.0355792)	(46, 0.0731215)	(47, 0.0673502)	(48, 0.0558488)	(49, 0.041831600000000004)	(50, 0.0297639)	(51, 0.00395935)	(52, 0.0153425)	(53, 0.0275835)	(54, 0.0705919)	(55, 0.0273635)	(56, 0.0759618)	(57, 0.0750132)	(58, 0.0780789)	(59, 0.0657444)	(60, 0.0873476)	(61, 0.0993797)	(62, 0.0979307)	(63, 0.108948)	(64, 0.130331)	(65, 0.0733414)	(66, 0.0979692)	(67, 0.0676581)	(68, 0.0379245)	(69, 0.055554599999999996)	(70, 0.0562778)	(71, 0.0465856)	(72, 0.019428300000000003)	(73, 0.0282956)	(74, 0.026107)	(75, 0.00951619)	(76, 0.018334)	(77, 0.0147926)	(78, 0.00677764)	(79, 0.0177071)	(80, 0.025108900000000003)	(81, 0.024416)	(82, 0.0149658)	(83, 0.0211825)	(84, 0.0470998)	(85, 0.031977200000000004)	(86, 0.020090900000000002)	(87, 0.00850985)	(88, 0.00451751)	(89, 0.00380812)	(90, 0.00296126)	(91, 0.013428800000000001)	(92, 0.0128486)	(93, 0.0117461)	(94, 0.0018284500000000001)	(95, 0.0068546200000000005)	(96, 0.013965)	(97, 0.0035964099999999995)	(98, 0.00456975)	(99, 0.0031207400000000003)	(100, 0.00626622)	
ERR250681	(1, 0.10561399999999999)	(2, 0.152758)	(3, 0.0)	(4, 0.000185031)	(5, 5.92098e-05)	(6, 1.8503100000000002e-05)	(7, 0.0)	(8, 0.0)	(9, 4.8108e-05)	(10, 0.0)	(11, 0.0)	(12, 0.0)	(13, 0.0)	(14, 0.00026151)	(15, 0.0)	(16, 0.0)	(17, 1.11018e-05)	(18, 0.000783296)	(19, 0.000379929)	(20, 0.00013198799999999998)	(21, 0.0)	(22, 0.000904183)	(23, 5.55092e-05)	(24, 0.0021081200000000002)	(25, 0.000103617)	(26, 0.0073358500000000005)	(27, 0.00247571)	(28, 0.00687327)	(29, 0.0032183)	(30, 0.0130952)	(31, 0.00988063)	(32, 0.0164788)	(33, 0.000692014)	(34, 0.000408301)	(35, 6.53775e-05)	(36, 0.0)	(37, 0.0)	(38, 0.0037659900000000003)	(39, 0.00125574)	(40, 0.0)	(41, 0.000664877)	(42, 0.00104974)	(43, 0.000155426)	(44, 0.00113732)	(45, 0.0005970319999999999)	(46, 0.0015616599999999999)	(47, 0.0030443700000000002)	(48, 0.0029975)	(49, 0.00044530700000000004)	(50, 0.00159373)	(51, 0.0018885500000000001)	(52, 0.00187991)	(53, 0.00108428)	(54, 0.00507847)	(55, 0.0015665899999999999)	(56, 0.0015888)	(57, 1.97366e-05)	(58, 0.000437906)	(59, 0.00255836)	(60, 0.00032688700000000004)	(61, 0.0014420099999999999)	(62, 3.33055e-05)	(63, 0.0)	(64, 0.0)	(65, 0.000589631)	(66, 0.000156659)	(67, 0.0)	(68, 3.82397e-05)	(69, 0.0)	(70, 0.000710517)	(71, 0.0)	(72, 0.0)	(73, 0.0)	(74, 9.8683e-06)	(75, 0.0)	(76, 0.0)	(77, 0.00015049199999999998)	(78, 0.0)	(79, 2.83714e-05)	(80, 0.000693248)	(81, 0.0007314880000000001)	(82, 0.0)	(83, 0.000830171)	(84, 0.007107639999999999)	(85, 0.0)	(86, 0.00125081)	(87, 0.00294692)	(88, 0.005923449999999999)	(89, 0.00038363)	(90, 0.000235606)	(91, 0.00348228)	(92, 0.00121133)	(93, 0.00537082)	(94, 9.8683e-06)	(95, 0.00129028)	(96, 3.4539e-05)	(97, 8.634760000000001e-06)	(98, 0.0)	(99, 0.00217966)	(100, 0.00334905)	
ERR250992	(1, 0.026601800000000002)	(2, 0.047211699999999995)	(3, 0.00624364)	(4, 2.06857e-05)	(5, 0.0)	(6, 0.0)	(7, 0.0)	(8, 0.0)	(9, 0.000141352)	(10, 0.00013101)	(11, 0.000410267)	(12, 0.0017479400000000001)	(13, 0.000179276)	(14, 0.000620572)	(15, 0.0)	(16, 0.0)	(17, 0.0)	(18, 0.0)	(19, 0.0)	(20, 0.0)	(21, 0.000127562)	(22, 0.0)	(23, 0.0)	(24, 0.0)	(25, 0.0)	(26, 0.0)	(27, 2.06857e-05)	(28, 0.134047)	(29, 0.087411)	(30, 0.0527969)	(31, 0.0476668)	(32, 0.0426953)	(33, 0.028074)	(34, 0.0330592)	(35, 0.027367199999999998)	(36, 0.026546700000000003)	(37, 0.0276568)	(38, 0.0260364)	(39, 0.028208399999999998)	(40, 0.0194825)	(41, 0.025295200000000004)	(42, 0.0195273)	(43, 0.0177035)	(44, 0.0108048)	(45, 0.0202341)	(46, 0.014545500000000001)	(47, 0.0124838)	(48, 0.0109945)	(49, 0.0183551)	(50, 0.0202548)	(51, 0.0118529)	(52, 0.0112117)	(53, 0.014559299999999999)	(54, 0.013266400000000001)	(55, 0.0130492)	(56, 0.012077)	(57, 0.013138900000000002)	(58, 0.00650566)	(59, 0.0115254)	(60, 0.0150454)	(61, 0.0150075)	(62, 0.011022)	(63, 0.0116116)	(64, 0.0162004)	(65, 0.0105084)	(66, 0.00991536)	(67, 0.0120563)	(68, 0.0177484)	(69, 0.014069700000000001)	(70, 0.014428299999999998)	(71, 0.014797200000000002)	(72, 0.0113737)	(73, 0.00532658)	(74, 0.012625200000000001)	(75, 0.0138801)	(76, 0.0137422)	(77, 0.0154729)	(78, 0.00698143)	(79, 0.0111255)	(80, 0.012721699999999999)	(81, 0.0047439299999999995)	(82, 0.007877819999999999)	(83, 0.0117909)	(84, 0.0127562)	(85, 0.0117495)	(86, 0.00810191)	(87, 0.0046336)	(88, 0.00606092)	(89, 0.0055093)	(90, 0.0131251)	(91, 0.008384619999999999)	(92, 0.0087673)	(93, 0.008301870000000001)	(94, 0.0044474300000000005)	(95, 0.007136579999999999)	(96, 0.00622985)	(97, 0.00573684)	(98, 0.012025300000000001)	(99, 0.0040095800000000004)	(100, 0.00806399)	
HG00097	(1, 0.279173)	(2, 0.09114080000000001)	(3, 0.0)	(4, 0.0)	(5, 0.0)	(6, 0.0)	(7, 0.0)	(8, 0.0)	(9, 0.0)	(10, 0.0)	(11, 0.0)	(12, 0.000415416)	(13, 0.0)	(14, 0.0)	(15, 0.47081700000000004)	(16, 3.77651e-05)	(17, 0.0)	(18, 0.0)	(19, 0.0)	(20, 0.0)	(21, 0.0)	(22, 0.0)	(23, 0.0)	(24, 0.0418334)	(25, 0.0)	(26, 0.0)	(27, 0.0)	(28, 0.0)	(29, 0.00670845)	(30, 4.11983e-05)	(31, 0.0)	(32, 0.0)	(33, 0.0387229)	(34, 0.0506258)	(35, 0.0462485)	(36, 0.0495066)	(37, 0.0526823)	(38, 0.0298962)	(39, 0.00946187)	(40, 0.0)	(41, 0.00104369)	(42, 0.0042296899999999995)	(43, 0.0015243400000000001)	(44, 0.000779334)	(45, 0.00162733)	(46, 0.006279299999999999)	(47, 0.0289864)	(48, 0.0171831)	(49, 0.0154184)	(50, 0.0355129)	(51, 0.0626694)	(52, 0.0847242)	(53, 0.0537431)	(54, 0.0754718)	(55, 0.05576179999999999)	(56, 0.0324471)	(57, 0.00565446)	(58, 0.0)	(59, 0.0)	(60, 0.0)	(61, 6.52306e-05)	(62, 0.0)	(63, 0.00386577)	(64, 0.0)	(65, 0.0)	(66, 0.0)	(67, 0.00959576)	(68, 0.00234487)	(69, 0.00295941)	(70, 0.000772467)	(71, 0.030606900000000003)	(72, 0.0674347)	(73, 0.0185529)	(74, 0.128223)	(75, 0.13431300000000002)	(76, 0.149416)	(77, 0.18119)	(78, 0.206698)	(79, 0.21297400000000002)	(80, 0.215735)	(81, 0.239503)	(82, 0.244415)	(83, 0.246925)	(84, 0.18556)	(85, 0.129555)	(86, 0.0900697)	(87, 0.0619347)	(88, 0.0247601)	(89, 0.0193288)	(90, 0.106851)	(91, 0.262907)	(92, 0.0619896)	(93, 0.119585)	(94, 0.00441508)	(95, 0.000353618)	(96, 0.00122565)	(97, 0.000147627)	(98, 0.00201871)	(99, 0.00015106)	(100, 0.0)	(101, 0.0)
HG00105	(1, 0.027209499999999998)	(2, 0.000410176)	(3, 0.000306771)	(4, 0.172633)	(5, 0.000299877)	(6, 0.0)	(7, 0.0)	(8, 0.0)	(9, 7.92778e-05)	(10, 5.51498e-05)	(11, 0.000189577)	(12, 0.000730734)	(13, 0.0006100939999999999)	(14, 0.0)	(15, 0.0)	(16, 0.0)	(17, 0.00101338)	(18, 0.0)	(19, 3.44686e-06)	(20, 0.00490833)	(21, 3.44686e-05)	(22, 3.44686e-05)	(23, 7.23841e-05)	(24, 0.0)	(25, 0.0)	(26, 0.0)	(27, 0.00420862)	(28, 0.0032021299999999996)	(29, 0.000358473)	(30, 0.00410521)	(31, 0.00972704)	(32, 0.004549849999999999)	(33, 0.0121123)	(34, 0.0039742300000000005)	(35, 0.0169482)	(36, 0.00778646)	(37, 0.0125983)	(38, 0.00228871)	(39, 0.00246106)	(40, 0.00826212)	(41, 0.00587345)	(42, 0.00550808)	(43, 0.0188302)	(44, 0.0138771)	(45, 0.00870677)	(46, 0.004032829999999999)	(47, 0.00440164)	(48, 0.0032193700000000005)	(49, 0.00600443)	(50, 0.0125776)	(51, 0.014552599999999999)	(52, 0.0227045)	(53, 0.0110196)	(54, 0.0137978)	(55, 0.013522)	(56, 0.012425899999999998)	(57, 0.00217497)	(58, 0.00571834)	(59, 0.00254723)	(60, 0.00392597)	(61, 0.0)	(62, 1.72343e-05)	(63, 0.0)	(64, 0.00249208)	(65, 0.0008341399999999999)	(66, 0.000461879)	(67, 0.000344686)	(68, 0.000668691)	(69, 0.0011202299999999998)	(70, 0.0)	(71, 0.000565285)	(72, 0.0171791)	(73, 0.0113677)	(74, 4.13623e-05)	(75, 0.0)	(76, 0.000258514)	(77, 0.000730734)	(78, 0.000506688)	(79, 0.0257929)	(80, 0.0397871)	(81, 0.0357301)	(82, 0.0345651)	(83, 0.024259)	(84, 0.00499105)	(85, 0.0005687320000000001)	(86, 0.00893426)	(87, 0.053622800000000005)	(88, 0.036060999999999996)	(89, 0.0680169)	(90, 0.0510928)	(91, 0.0585932)	(92, 0.08667129999999999)	(93, 0.0658902)	(94, 0.0607475)	(95, 0.0658764)	(96, 0.0942854)	(97, 0.0855717)	(98, 0.12114300000000001)	(99, 0.0984733)	(100, 0.0957021)	(101, 0.0965603)
HG00106	(1, 0.000683259)	(2, 0.0)	(3, 7.2881e-05)	(4, 0.15390600000000002)	(5, 0.0017278900000000002)	(6, 0.0)	(7, 0.0)	(8, 0.0)	(9, 0.0)	(10, 0.00050713)	(11, 0.0)	(12, 0.00307619)	(13, 0.0022107200000000002)	(14, 0.00286362)	(15, 0.00021560600000000002)	(16, 0.0)	(17, 2.1257e-05)	(18, 0.0)	(19, 1.2146800000000002e-05)	(20, 9.71747e-05)	(21, 9.11012e-06)	(22, 0.0)	(23, 0.0)	(24, 0.0060309000000000005)	(25, 0.0)	(26, 2.1257e-05)	(27, 0.000364405)	(28, 0.00380803)	(29, 0.0024324)	(30, 0.000127542)	(31, 0.0067171999999999996)	(32, 0.0211659)	(33, 0.012493)	(34, 0.00237471)	(35, 0.000182202)	(36, 0.00485873)	(37, 0.0017339599999999999)	(38, 0.00021560600000000002)	(39, 0.00184632)	(40, 0.0104949)	(41, 0.00377766)	(42, 0.0059428400000000004)	(43, 0.00240507)	(44, 0.00102641)	(45, 0.011657899999999999)	(46, 0.000160946)	(47, 0.000218643)	(48, 0.000564828)	(49, 0.00440626)	(50, 0.008505819999999999)	(51, 0.007707159999999999)	(52, 0.00573027)	(53, 0.0030549300000000004)	(54, 0.0025933500000000003)	(55, 0.0055754)	(56, 0.00146066)	(57, 0.0011600199999999999)	(58, 0.00422406)	(59, 0.000671112)	(60, 0.00192527)	(61, 0.0)	(62, 0.0)	(63, 0.000236863)	(64, 0.0107803)	(65, 0.0037898100000000002)	(66, 0.00115395)	(67, 0.0023564899999999997)	(68, 0.000628599)	(69, 0.00717878)	(70, 0.00242329)	(71, 0.00047068999999999995)	(72, 0.0118371)	(73, 0.0092984)	(74, 0.0062768799999999994)	(75, 0.00222287)	(76, 0.00791062)	(77, 0.012499099999999999)	(78, 0.0163921)	(79, 0.0121104)	(80, 0.0175977)	(81, 0.0167444)	(82, 0.00628599)	(83, 0.0034922100000000004)	(84, 0.012359400000000001)	(85, 0.00299419)	(86, 0.010106200000000001)	(87, 0.0310382)	(88, 0.032489699999999996)	(89, 0.0237562)	(90, 0.017655399999999998)	(91, 0.042896500000000004)	(92, 0.0779189)	(93, 0.07736620000000001)	(94, 0.0178255)	(95, 0.064524)	(96, 0.0313722)	(97, 0.0661091)	(98, 0.0754288)	(99, 0.06490359999999999)	(100, 0.0569292)	(101, 0.022833)
HG00125	(1, 0.161501)	(2, 1.95467e-06)	(3, 0.0)	(4, 0.00013682699999999998)	(5, 0.00941564)	(6, 0.0)	(7, 0.0)	(8, 0.0)	(9, 0.0)	(10, 0.0)	(11, 0.0)	(12, 0.0)	(13, 0.0)	(14, 0.0)	(15, 0.0)	(16, 0.0)	(17, 0.0)	(18, 0.0)	(19, 0.0)	(20, 0.0)	(21, 0.0)	(22, 0.0)	(23, 0.0)	(24, 0.0)	(25, 0.000506259)	(26, 0.000248243)	(27, 0.0011728)	(28, 0.00302778)	(29, 0.00357704)	(30, 0.0135615)	(31, 0.0066576)	(32, 0.000527761)	(33, 0.007308510000000001)	(34, 0.00466775)	(35, 0.00806496)	(36, 0.00354186)	(37, 0.00442342)	(38, 0.000152464)	(39, 0.00045348299999999997)	(40, 0.00264662)	(41, 0.0034441299999999997)	(42, 0.020096)	(43, 0.0)	(44, 0.000127053)	(45, 0.0)	(46, 1.95467e-06)	(47, 7.81868e-06)	(48, 0.0)	(49, 9.77334e-06)	(50, 3.90934e-06)	(51, 1.95467e-06)	(52, 5.86401e-06)	(53, 0.0)	(54, 0.0)	(55, 0.0)	(56, 0.0)	(57, 6.0594700000000004e-05)	(58, 0.000699771)	(59, 0.00482412)	(60, 0.0058170900000000005)	(61, 0.015877799999999997)	(62, 0.037820900000000005)	(63, 0.0226507)	(64, 0.0344022)	(65, 0.005000040000000001)	(66, 0.0585032)	(67, 0.00765839)	(68, 0.00917717)	(69, 0.00918694)	(70, 0.0178129)	(71, 0.012724899999999999)	(72, 0.00209541)	(73, 1.95467e-06)	(74, 1.95467e-06)	(75, 0.0)	(76, 0.0365191)	(77, 0.0)	(78, 1.95467e-06)	(79, 0.000177875)	(80, 0.0)	(81, 0.000791641)	(82, 5.86401e-06)	(83, 0.0)	(84, 0.0)	(85, 3.90934e-06)	(86, 0.00033815799999999997)	(87, 1.95467e-06)	(88, 2.54107e-05)	(89, 0.0173223)	(90, 0.0812614)											
HG00145	(1, 1.07372)	(2, 1.21287)	(3, 1.2003599999999999)	(4, 1.1475300000000002)	(5, 1.26126)	(6, 1.26607)	(7, 1.27591)	(8, 1.28481)	(9, 1.30198)	(10, 1.29419)	(11, 1.29338)	(12, 1.31447)	(13, 1.3481)	(14, 1.38148)	(15, 1.37818)	(16, 1.38988)	(17, 1.42756)	(18, 1.43699)	(19, 1.481)	(20, 1.51272)	(21, 1.51165)	(22, 1.51935)	(23, 1.5223799999999998)	(24, 1.53668)	(25, 1.46653)	(26, 1.43101)	(27, 1.41488)	(28, 1.39829)	(29, 1.38756)	(30, 1.37919)	(31, 1.3896600000000001)	(32, 1.38408)	(33, 1.40378)	(34, 1.39078)	(35, 1.3711499999999999)	(36, 1.37714)	(37, 1.36588)	(38, 1.36669)	(39, 1.37277)	(40, 1.37365)	(41, 1.3704100000000001)	(42, 1.35079)	(43, 1.37375)	(44, 1.43592)	(45, 1.44408)	(46, 1.43918)	(47, 1.44536)	(48, 1.41717)	(49, 1.33496)	(50, 1.35423)	(51, 1.39266)	(52, 1.42184)	(53, 1.4245)	(54, 1.42598)	(55, 1.43074)	(56, 1.42641)	(57, 1.4149500000000002)	(58, 1.41373)	(59, 1.40811)	(60, 1.40085)	(61, 1.3995)	(62, 1.40404)	(63, 1.40064)	(64, 1.39236)	(65, 1.38569)	(66, 1.4123)	(67, 1.40232)	(68, 1.40139)	(69, 1.39178)	(70, 1.3622699999999999)	(71, 1.35842)	(72, 1.37205)	(73, 1.37368)	(74, 1.3724500000000002)	(75, 1.37765)	(76, 1.18347)																									
HG00171	(1, 0.00261008)	(2, 0.009569260000000001)	(3, 0.0)	(4, 0.153949)	(5, 0.0031263000000000003)	(6, 0.00985859)	(7, 0.0)	(8, 0.0)	(9, 0.0)	(10, 0.0)	(11, 0.0)	(12, 5.025229999999999e-05)	(13, 1.37052e-05)	(14, 0.0)	(15, 0.000345675)	(16, 0.0)	(17, 0.0)	(18, 0.0)	(19, 0.0)	(20, 0.00200857)	(21, 0.0)	(22, 3.5024399999999996e-05)	(23, 0.000167508)	(24, 0.00209232)	(25, 6.24347e-05)	(26, 0.00015684799999999999)	(27, 5.63435e-05)	(28, 0.00156544)	(29, 0.00013552899999999998)	(30, 0.000811651)	(31, 0.0016431)	(32, 0.00524756)	(33, 0.0219816)	(34, 0.0185431)	(35, 0.014762)	(36, 0.0202258)	(37, 0.0175472)	(38, 0.0177223)	(39, 0.0187791)	(40, 0.0170767)	(41, 0.0223867)	(42, 0.00784393)	(43, 0.0146904)	(44, 0.0057348600000000005)	(45, 0.0035724800000000003)	(46, 0.00297555)	(47, 0.00144209)	(48, 0.000275626)	(49, 0.00102332)	(50, 0.00132788)	(51, 0.00761704)	(52, 0.00416028)	(53, 0.00264358)	(54, 0.0031674200000000002)	(55, 0.00133245)	(56, 0.000219283)	(57, 0.0008649490000000001)	(58, 0.000622824)	(59, 5.78663e-05)	(60, 5.9389100000000004e-05)	(61, 0.00218674)	(62, 4.56839e-06)	(63, 0.000660894)	(64, 0.00114058)	(65, 0.007221109999999999)	(66, 0.009927120000000001)	(67, 0.000406587)	(68, 0.0008512439999999999)	(69, 0.00394405)	(70, 0.00431409)	(71, 0.0)	(72, 0.0)	(73, 0.00312326)	(74, 0.000482727)	(75, 0.00051166)	(76, 0.00117255)	(77, 0.0031567599999999998)	(78, 0.000654803)	(79, 0.005124210000000001)	(80, 0.0058170900000000005)	(81, 0.00476027)	(82, 0.00314458)	(83, 0.00239536)	(84, 0.00422424)	(85, 0.00524147)	(86, 0.0168071)	(87, 0.00952053)	(88, 0.014477199999999999)	(89, 0.00998803)	(90, 0.00189893)											
HG00173	(1, 0.23729100000000003)	(2, 0.0)	(3, 0.0)	(4, 0.0)	(5, 0.0)	(6, 0.0)	(7, 0.0)	(8, 0.0)	(9, 0.0)	(10, 0.0)	(11, 0.0)	(12, 0.0)	(13, 0.000331519)	(14, 0.010843799999999999)	(15, 0.0)	(16, 0.0)	(17, 0.0)	(18, 0.0025473099999999997)	(19, 0.000280516)	(20, 0.000660204)	(21, 0.0)	(22, 0.0)	(23, 0.0)	(24, 0.0)	(25, 0.0)	(26, 0.012796100000000001)	(27, 0.0363792)	(28, 0.0507733)	(29, 0.050524)	(30, 0.047393000000000005)	(31, 0.0857528)	(32, 0.0521363)	(33, 0.026609300000000002)	(34, 0.0540007)	(35, 0.0168309)	(36, 0.00586533)	(37, 0.023240300000000002)	(38, 0.0135441)	(39, 0.0179813)	(40, 0.0101212)	(41, 0.00599284)	(42, 0.0121047)	(43, 0.00892833)	(44, 0.014870199999999998)	(45, 0.021769700000000003)	(46, 0.0312789)	(47, 0.00799328)	(48, 0.022200400000000002)	(49, 0.015997900000000002)	(50, 0.044148599999999996)	(51, 0.0541112)	(52, 0.0478208)	(53, 0.032435)	(54, 0.00147625)	(55, 0.0198543)	(56, 0.0222486)	(57, 0.017137)	(58, 0.0254873)	(59, 0.0563638)	(60, 0.0743452)	(61, 0.048370500000000004)	(62, 0.0368807)	(63, 0.0494501)	(64, 0.0103706)	(65, 0.0235973)	(66, 0.0123824)	(67, 0.0354017)	(68, 0.0342456)	(69, 0.0428169)	(70, 0.0484442)	(71, 0.0470558)	(72, 0.0291595)	(73, 0.0247336)	(74, 0.00409156)	(75, 0.00334352)	(76, 0.0131106)	(77, 0.00854298)	(78, 0.0019522799999999998)	(79, 0.00307151)	(80, 0.0017057600000000002)	(81, 0.00114473)	(82, 0.0007537090000000001)	(83, 0.000167176)	(84, 0.0224158)	(85, 0.0153774)	(86, 0.106043)	(87, 0.013524300000000001)	(88, 0.026266499999999998)	(89, 0.030664100000000003)	(90, 0.0396179)	(91, 0.0297035)	(92, 0.0218122)	(93, 0.0665134)	(94, 0.035566)	(95, 0.041737300000000005)	(96, 0.162413)	(97, 0.289625)	(98, 0.769948)	(99, 0.13087100000000002)	(100, 0.34551299999999996)	(101, 0.0186302)
HG00407	(1, 0.0317416)	(2, 0.00537978)	(3, 0.0)	(4, 0.05639380000000001)	(5, 0.0)	(6, 0.00029314399999999996)	(7, 0.0)	(8, 9.14609e-05)	(9, 0.0)	(10, 0.0)	(11, 0.0)	(12, 0.0)	(13, 0.0)	(14, 0.0)	(15, 0.0)	(16, 0.0)	(17, 0.0)	(18, 0.0)	(19, 0.0)	(20, 0.0)	(21, 0.0)	(22, 0.0)	(23, 0.0)	(24, 0.0)	(25, 0.0)	(26, 0.0)	(27, 0.0)	(28, 0.0)	(29, 2.34515e-06)	(30, 0.0)	(31, 0.0)	(32, 0.0)	(33, 0.0)	(34, 0.000131328)	(35, 2.34515e-06)	(36, 0.0)	(37, 0.0)	(38, 0.0)	(39, 0.0)	(40, 0.0)	(41, 0.0)	(42, 0.0)	(43, 0.0)	(44, 0.0)	(45, 0.0)	(46, 0.0)	(47, 0.0)	(48, 0.0)	(49, 0.0)	(50, 0.0)	(51, 0.0)	(52, 0.0)	(53, 0.0)	(54, 0.0)	(55, 0.0)	(56, 0.0)	(57, 0.0)	(58, 7.50448e-05)	(59, 0.000143054)	(60, 0.000445579)	(61, 0.000787971)	(62, 0.0006285)	(63, 0.00163457)	(64, 0.00298772)	(65, 0.0038906)	(66, 0.000844254)	(67, 0.00557677)	(68, 0.0122417)	(69, 0.014335899999999999)	(70, 0.00625452)	(71, 0.00230763)	(72, 0.000295489)	(73, 0.0)	(74, 0.0)	(75, 0.0)	(76, 0.000837219)	(77, 0.0)	(78, 0.0)	(79, 0.0)	(80, 0.0)	(81, 0.0)	(82, 0.0)	(83, 0.0)	(84, 0.0)	(85, 0.0)	(86, 0.0)	(87, 0.0)	(88, 5.62836e-05)	(89, 0.00173307)	(90, 6.56642e-05)											
HG00956	(1, 0.35072800000000004)	(2, 0.006441259999999999)	(3, 0.0)	(4, 0.328279)	(5, 0.0)	(6, 0.0)	(7, 0.0)	(8, 0.0)	(9, 0.0)	(10, 0.0)	(11, 0.0)	(12, 0.0)	(13, 0.0)	(14, 0.0)	(15, 0.0)	(16, 0.0)	(17, 0.0)	(18, 0.0)	(19, 0.0)	(20, 0.00169336)	(21, 0.0)	(22, 0.0)	(23, 0.0)	(24, 0.00384128)	(25, 4.99516e-06)	(26, 0.00826699)	(27, 0.0)	(28, 7.4927400000000005e-06)	(29, 0.00020230400000000002)	(30, 0.0059042800000000005)	(31, 0.0040236)	(32, 0.000212294)	(33, 0.0)	(34, 0.0039212000000000006)	(35, 1.24879e-05)	(36, 0.00252256)	(37, 0.009380910000000001)	(38, 0.00304705)	(39, 6.49371e-05)	(40, 0.0042309)	(41, 0.00378383)	(42, 0.0038312899999999998)	(43, 0.0037164)	(44, 0.00039212)	(45, 0.0)	(46, 0.00213543)	(47, 0.0)	(48, 0.0016883599999999999)	(49, 0.000664356)	(50, 0.00034966099999999997)	(51, 5.99419e-05)	(52, 0.000519497)	(53, 0.0)	(54, 3.24685e-05)	(55, 1.99806e-05)	(56, 0.00023727)	(57, 0.0)	(58, 0.000147357)	(59, 0.000107396)	(60, 0.00015485)	(61, 0.0)	(62, 1.24879e-05)	(63, 0.00011988399999999999)	(64, 0.0095957)	(65, 0.0)	(66, 0.0)	(67, 0.0024351399999999997)	(68, 0.0022328400000000003)	(69, 7.4927400000000005e-06)	(70, 0.0)	(71, 0.00431832)	(72, 0.00969561)	(73, 0.00393619)	(74, 0.0)	(75, 0.00311199)	(76, 0.0)	(77, 0.000269739)	(78, 0.000502014)	(79, 0.00036214900000000003)	(80, 0.00132871)	(81, 0.0037139)	(82, 0.00297961)	(83, 0.000277231)	(84, 4.7454000000000003e-05)	(85, 0.0193687)	(86, 0.00582686)	(87, 0.0121907)	(88, 0.0023127599999999996)	(89, 0.000109894)	(90, 0.00988792)											
HG01501	(1, 0.241305)	(2, 0.00140965)	(3, 0.0)	(4, 0.0)	(5, 0.0)	(6, 0.0)	(7, 0.0)	(8, 0.0)	(9, 0.0)	(10, 0.0)	(11, 0.0)	(12, 0.0)	(13, 0.00312815)	(14, 0.0)	(15, 0.0)	(16, 3.0578200000000003e-06)	(17, 0.0)	(18, 0.000449499)	(19, 0.0018499799999999998)	(20, 0.00178576)	(21, 0.00585572)	(22, 0.0)	(23, 0.0)	(24, 1.52891e-05)	(25, 3.97516e-05)	(26, 0.0007950320000000001)	(27, 9.17345e-05)	(28, 0.000113139)	(29, 0.0010580000000000001)	(30, 0.00383144)	(31, 0.023906)	(32, 0.064523)	(33, 0.09003130000000001)	(34, 0.0940646)	(35, 0.110662)	(36, 0.112567)	(37, 0.126878)	(38, 0.10583999999999999)	(39, 0.11172)	(40, 0.091071)	(41, 0.0862304)	(42, 0.060489699999999993)	(43, 0.060981999999999995)	(44, 0.0674982)	(45, 0.0867075)	(46, 0.10439100000000001)	(47, 0.135207)	(48, 0.134391)	(49, 0.125355)	(50, 0.10285)	(51, 0.0980856)	(52, 0.116591)	(53, 0.12717799999999999)	(54, 0.113469)	(55, 0.0946119)	(56, 0.09067650000000001)	(57, 0.060875000000000005)	(58, 0.0452435)	(59, 0.032568799999999995)	(60, 0.0204751)	(61, 0.027719099999999997)	(62, 0.0218573)	(63, 0.023218)	(64, 0.0243066)	(65, 0.0148824)	(66, 0.00853437)	(67, 0.00435433)	(68, 0.0025441)	(69, 0.00150139)	(70, 0.000547349)	(71, 0.0033330200000000003)	(72, 0.00223221)	(73, 0.00214965)	(74, 0.000210989)	(75, 0.000617679)	(76, 0.00014983300000000001)	(77, 0.00118338)	(78, 5.198290000000001e-05)	(79, 5.50407e-05)	(80, 1.52891e-05)	(81, 2.1404700000000002e-05)	(82, 0.0)	(83, 0.0)	(84, 0.0)	(85, 0.0)	(86, 0.0)	(87, 0.0)	(88, 0.0)	(89, 0.0)	(90, 6.421419999999999e-05)	(91, 0.000950981)	(92, 0.000159006)	(93, 0.0038100399999999998)	(94, 0.007980899999999999)	(95, 0.0127236)	(96, 0.016674300000000003)	(97, 0.0180167)	(98, 0.00175519)	(99, 0.00469375)	(100, 0.0)	(101, 0.0)
HG01503	(1, 0.0732053)	(2, 0.00158926)	(3, 0.010411100000000001)	(4, 0.00492597)	(5, 0.00163708)	(6, 8.46134e-05)	(7, 0.005981800000000001)	(8, 5.88615e-05)	(9, 0.0)	(10, 1.47154e-05)	(11, 0.0)	(12, 0.0)	(13, 0.0018136699999999999)	(14, 0.00520924)	(15, 0.0)	(16, 0.000448819)	(17, 0.0)	(18, 0.000106686)	(19, 0.0)	(20, 9.197110000000001e-05)	(21, 0.00015819)	(22, 0.000562863)	(23, 0.00220731)	(24, 0.0)	(25, 0.0)	(26, 0.00195347)	(27, 0.00026119800000000003)	(28, 0.00469788)	(29, 1.47154e-05)	(30, 2.5751900000000003e-05)	(31, 0.0)	(32, 0.0008350969999999999)	(33, 0.000548147)	(34, 0.00498115)	(35, 0.00373402)	(36, 0.0)	(37, 0.0005518259999999999)	(38, 0.000264877)	(39, 3.67884e-06)	(40, 7.35768e-06)	(41, 0.0)	(42, 0.000213373)	(43, 5.51826e-05)	(44, 0.0035795099999999997)	(45, 0.0039989)	(46, 4.04673e-05)	(47, 0.00117355)	(48, 0.0020601499999999997)	(49, 0.000323738)	(50, 3.31096e-05)	(51, 0.00120666)	(52, 0.000441461)	(53, 0.0147338)	(54, 0.00694933)	(55, 0.0043815)	(56, 0.00359791)	(57, 0.0)	(58, 0.0014936099999999998)	(59, 0.0008461339999999999)	(60, 0.0031233399999999996)	(61, 0.0)	(62, 0.00198657)	(63, 0.000643797)	(64, 0.00024648199999999996)	(65, 0.00280696)	(66, 8.09345e-05)	(67, 0.00303504)	(68, 7.35768e-06)	(69, 0.0069235799999999995)	(70, 0.0224336)	(71, 0.021866999999999998)	(72, 0.023820499999999998)	(73, 0.0065520199999999995)	(74, 0.0007983090000000001)	(75, 0.0007136950000000001)	(76, 1.83942e-05)	(77, 0.00040467300000000003)	(78, 0.00560288)	(79, 0.000930747)	(80, 0.000430425)	(81, 0.00459119)	(82, 0.0033845299999999997)	(83, 0.000452498)	(84, 0.0)	(85, 0.00148625)	(86, 3.67884e-05)	(87, 0.00604434)	(88, 0.0038149599999999996)	(89, 0.0026083)	(90, 0.0119084)	(91, 0.0145204)	(92, 0.0269144)	(93, 0.00314541)	(94, 0.0010521500000000002)	(95, 0.0)	(96, 0.000180263)	(97, 7.35768e-05)	(98, 0.0)	(99, 0.0565732)	(100, 0.09781309999999999)	(101, 1.10365e-05)
HG01504	(1, 0.0)	(2, 0.0)	(3, 0.0070579499999999995)	(4, 0.0)	(5, 0.0061329999999999996)	(6, 0.0)	(7, 0.00011279799999999999)	(8, 0.0)	(9, 0.0)	(10, 0.00514038)	(11, 0.0)	(12, 0.0191016)	(13, 0.0)	(14, 4.8342100000000006e-05)	(15, 0.000438302)	(16, 0.0)	(17, 0.0)	(18, 0.0)	(19, 0.0514618)	(20, 0.0)	(21, 0.0)	(22, 0.0)	(23, 5.47877e-05)	(24, 0.00221729)	(25, 0.0)	(26, 0.011270200000000001)	(27, 0.0223405)	(28, 0.0211384)	(29, 0.0025105699999999997)	(30, 0.0)	(31, 9.66842e-06)	(32, 9.346139999999999e-05)	(33, 0.0)	(34, 8.70158e-05)	(35, 0.000241711)	(36, 8.05702e-05)	(37, 0.00883694)	(38, 0.0)	(39, 0.00394794)	(40, 0.0015920700000000001)	(41, 0.0133779)	(42, 0.020149)	(43, 0.015224499999999998)	(44, 0.014096599999999999)	(45, 0.0251862)	(46, 0.0232042)	(47, 0.0189437)	(48, 0.0112895)	(49, 0.00125367)	(50, 0.0)	(51, 3.22281e-06)	(52, 6.7679e-05)	(53, 0.0)	(54, 0.0)	(55, 0.0011440999999999999)	(56, 0.00458928)	(57, 0.0)	(58, 0.0108125)	(59, 0.00600409)	(60, 0.00397694)	(61, 0.00875637)	(62, 0.000190146)	(63, 0.00731577)	(64, 0.00339039)	(65, 0.00597508)	(66, 0.00173387)	(67, 1.6114e-05)	(68, 0.0)	(69, 0.0)	(70, 0.0)	(71, 0.0)	(72, 6.44561e-05)	(73, 0.000141804)	(74, 0.0)	(75, 6.12333e-05)	(76, 0.00022559700000000002)	(77, 0.0)	(78, 0.0010216300000000002)	(79, 0.00127945)	(80, 0.0)	(81, 0.0)	(82, 0.0025363499999999997)	(83, 0.00342584)	(84, 0.00528218)	(85, 0.00100229)	(86, 0.000277161)	(87, 0.00749625)	(88, 0.015504900000000002)	(89, 0.013081400000000002)	(90, 0.00780564)	(91, 0.00538209)	(92, 0.013774300000000001)	(93, 0.00123434)	(94, 0.0)	(95, 0.0)	(96, 0.0)	(97, 0.0)	(98, 0.007122399999999999)	(99, 0.00213994)	(100, 0.0108544)	(101, 0.0167199)
HG01596	(1, 0.040854)	(2, 0.0947813)	(3, 0.0)	(4, 0.0)	(5, 0.0400369)	(6, 0.0)	(7, 0.0)	(8, 0.0)	(9, 0.0)	(10, 0.0)	(11, 0.0)	(12, 0.0)	(13, 0.0)	(14, 0.0)	(15, 0.0)	(16, 0.0)	(17, 0.0)	(18, 0.0)	(19, 0.0)	(20, 0.0)	(21, 0.0)	(22, 0.0)	(23, 0.0)	(24, 0.0)	(25, 0.0)	(26, 0.0)	(27, 0.0)	(28, 0.0)	(29, 0.0)	(30, 0.0)	(31, 0.0)	(32, 0.0)	(33, 0.0)	(34, 0.0)	(35, 0.0)	(36, 0.0)	(37, 0.0)	(38, 0.0)	(39, 0.0)	(40, 0.0)	(41, 0.0)	(42, 0.0)	(43, 0.0)	(44, 0.0)	(45, 0.0)	(46, 0.0)	(47, 0.0)	(48, 0.0)	(49, 0.0)	(50, 0.0)	(51, 0.0)	(52, 0.0)	(53, 0.0)	(54, 0.0)	(55, 0.0)	(56, 0.0)	(57, 0.0)	(58, 0.0)	(59, 0.0)	(60, 0.0)	(61, 0.0)	(62, 0.0)	(63, 0.0)	(64, 0.0)	(65, 0.0)	(66, 0.0)	(67, 0.0)	(68, 0.0)	(69, 0.0)	(70, 0.0)	(71, 0.0)	(72, 0.0)	(73, 0.0)	(74, 0.0)	(75, 0.0)	(76, 0.0)	(77, 0.0)	(78, 0.0)	(79, 0.0)	(80, 0.0)	(81, 0.0)	(82, 0.0)	(83, 0.0)	(84, 0.0)	(85, 0.0)	(86, 0.0)	(87, 0.0)	(88, 0.0)	(89, 0.0)	(90, 0.0)											
HG01880	(1, 0.0021187)	(2, 0.0865363)	(3, 0.00713818)	(4, 0.00889112)	(5, 8.4276e-06)	(6, 0.0)	(7, 0.0)	(8, 0.0)	(9, 0.0)	(10, 1.1798599999999999e-05)	(11, 1.68552e-06)	(12, 0.00045171999999999996)	(13, 0.000406211)	(14, 0.0)	(15, 1.68552e-06)	(16, 3.8767e-05)	(17, 0.0)	(18, 8.4276e-06)	(19, 0.0)	(20, 0.0)	(21, 4.38235e-05)	(22, 0.0)	(23, 0.0)	(24, 0.00112593)	(25, 0.0)	(26, 0.000256199)	(27, 0.00151697)	(28, 0.0025788499999999997)	(29, 0.00039609700000000004)	(30, 0.00141921)	(31, 0.00012641399999999999)	(32, 0.000158439)	(33, 0.000235973)	(34, 0.000158439)	(35, 0.00069612)	(36, 0.000242715)	(37, 0.0012658300000000001)	(38, 0.00045340500000000004)	(39, 9.94457e-05)	(40, 0.00019383499999999998)	(41, 0.000246086)	(42, 0.00010955900000000001)	(43, 0.007173580000000001)	(44, 0.00102648)	(45, 3.70815e-05)	(46, 0.005803249999999999)	(47, 0.000461833)	(48, 0.000952319)	(49, 0.0)	(50, 0.0)	(51, 0.000382613)	(52, 0.00586898)	(53, 0.00427448)	(54, 0.00392052)	(55, 0.0107098)	(56, 0.0110486)	(57, 0.00427617)	(58, 0.0113773)	(59, 0.0118374)	(60, 0.00980468)	(61, 2.35973e-05)	(62, 0.00017023800000000002)	(63, 0.00861807)	(64, 0.000198891)	(65, 0.000235973)	(66, 0.000682636)	(67, 0.000294966)	(68, 0.00985356)	(69, 0.0006590389999999999)	(70, 2.52828e-05)	(71, 0.0037907400000000003)	(72, 0.0008848990000000001)	(73, 3.37104e-06)	(74, 7.41629e-05)	(75, 0.00127762)	(76, 0.00035564500000000003)	(77, 1.68552e-06)	(78, 0.00021069)	(79, 0.000283168)	(80, 0.00038429899999999995)	(81, 1.1798599999999999e-05)	(82, 0.00098603)	(83, 0.0)	(84, 0.00444135)	(85, 0.00846132)	(86, 0.00477677)	(87, 0.00429471)	(88, 0.00464024)	(89, 0.000385984)	(90, 9.94457e-05)											
HG01882	(1, 0.140683)	(2, 0.0332352)	(3, 0.0)	(4, 0.0)	(5, 0.0)	(6, 0.0028653199999999998)	(7, 0.0017150899999999998)	(8, 0.0)	(9, 2.52451e-05)	(10, 0.0)	(11, 0.000321875)	(12, 0.0)	(13, 0.0)	(14, 0.0)	(15, 0.0)	(16, 0.0)	(17, 0.0)	(18, 0.0)	(19, 0.0)	(20, 0.0)	(21, 0.000348698)	(22, 0.0)	(23, 0.000258763)	(24, 0.0)	(25, 0.0)	(26, 3.31342e-05)	(27, 4.73346e-06)	(28, 0.0)	(29, 3.62899e-05)	(30, 0.000530148)	(31, 0.00010098099999999999)	(32, 0.000501747)	(33, 6.31128e-05)	(34, 0.0006106169999999999)	(35, 0.000497014)	(36, 0.000574327)	(37, 0.000733687)	(38, 0.00020196099999999999)	(39, 0.000691085)	(40, 0.00040234399999999995)	(41, 0.000597994)	(42, 0.000683196)	(43, 0.000940381)	(44, 0.000255607)	(45, 0.000320298)	(46, 0.000129381)	(47, 0.000279274)	(48, 0.0008252)	(49, 0.000632706)	(50, 0.000247718)	(51, 0.00044652299999999994)	(52, 0.00031872000000000004)	(53, 3.15564e-05)	(54, 0.000301364)	(55, 0.00043074499999999996)	(56, 0.000115181)	(57, 0.000287163)	(58, 6.78463e-05)	(59, 0.00028242999999999996)	(60, 0.00043863400000000003)	(61, 0.000127803)	(62, 0.000334498)	(63, 0.000345543)	(64, 0.00037552099999999997)	(65, 0.00041023300000000003)	(66, 0.000373944)	(67, 0.00040076600000000005)	(68, 6.31128e-05)	(69, 3.78677e-05)	(70, 3.94455e-05)	(71, 0.000337654)	(72, 0.00022878400000000002)	(73, 0.000176716)	(74, 0.000421278)	(75, 0.000107292)	(76, 6.46907e-05)	(77, 0.00021931700000000001)	(78, 0.000315564)	(79, 0.000443368)	(80, 0.000482813)	(81, 0.000806266)	(82, 0.0007636650000000001)	(83, 0.000556971)	(84, 0.000490702)	(85, 0.000646907)	(86, 0.00029978599999999997)	(87, 0.000561704)	(88, 0.000254029)	(89, 0.000216161)	(90, 0.0)											
HG01886	(1, 0.10903899999999998)	(2, 0.000844523)	(3, 0.0)	(4, 0.0)	(5, 0.0)	(6, 0.0)	(7, 0.0)	(8, 0.0)	(9, 0.0)	(10, 0.0)	(11, 0.0)	(12, 0.0)	(13, 0.0)	(14, 0.0)	(15, 0.0)	(16, 0.0)	(17, 0.0)	(18, 4.9068400000000004e-06)	(19, 0.0)	(20, 0.000128123)	(21, 0.0005741009999999999)	(22, 0.00348768)	(23, 0.000673873)	(24, 0.00309404)	(25, 0.0032270700000000003)	(26, 0.00359672)	(27, 0.0033257499999999997)	(28, 0.00413102)	(29, 0.00529558)	(30, 0.00570666)	(31, 0.00469912)	(32, 0.00524869)	(33, 0.0044875800000000006)	(34, 0.0112498)	(35, 0.0112841)	(36, 0.0121712)	(37, 0.013069700000000002)	(38, 0.015325199999999999)	(39, 0.0178571)	(40, 0.014196599999999998)	(41, 0.0077997000000000006)	(42, 0.015091799999999999)	(43, 0.00766831)	(44, 0.0058893)	(45, 0.00972864)	(46, 0.0106021)	(47, 0.0169003)	(48, 0.003914030000000001)	(49, 0.0117181)	(50, 0.0330214)	(51, 0.029586599999999998)	(52, 0.273759)	(53, 0.0920677)	(54, 0.0372032)	(55, 0.721869)	(56, 0.7628079999999999)	(57, 0.758721)	(58, 0.730909)	(59, 0.749022)	(60, 0.703116)	(61, 0.691438)	(62, 0.684087)	(63, 0.712439)	(64, 0.720771)	(65, 0.7256509999999999)	(66, 0.712259)	(67, 0.713363)	(68, 0.720772)	(69, 0.7143240000000001)	(70, 0.715733)	(71, 0.7179760000000001)	(72, 0.732545)	(73, 0.726068)	(74, 0.707218)	(75, 0.685219)	(76, 0.681492)	(77, 0.685003)	(78, 0.655601)	(79, 0.661966)	(80, 0.663735)	(81, 0.65883)	(82, 0.662266)	(83, 0.649378)	(84, 0.626028)	(85, 0.611112)	(86, 0.62743)	(87, 0.626376)	(88, 0.614237)	(89, 0.608395)	(90, 0.6161530000000001)	(91, 0.620382)	(92, 0.624534)	(93, 0.6178819999999999)	(94, 0.663929)	(95, 0.668716)	(96, 0.679801)	(97, 0.707848)	(98, 0.711277)	(99, 0.720536)	(100, 0.709201)	
HG01890	(1, 0.0)	(2, 0.0)	(3, 0.00734569)	(4, 0.0)	(5, 0.00597722)	(6, 0.0)	(7, 6.291809999999999e-05)	(8, 0.0)	(9, 0.0)	(10, 0.00536115)	(11, 0.0)	(12, 0.0195151)	(13, 0.0)	(14, 5.7675000000000006e-05)	(15, 0.000450913)	(16, 0.0)	(17, 0.0)	(18, 0.0)	(19, 0.05299280000000001)	(20, 0.0)	(21, 0.0)	(22, 0.0)	(23, 9.437720000000001e-05)	(24, 0.00218903)	(25, 0.0)	(26, 0.0114039)	(27, 0.0226479)	(28, 0.0213817)	(29, 0.00270024)	(30, 0.0)	(31, 7.864770000000001e-06)	(32, 0.000104864)	(33, 0.0)	(34, 0.00010748499999999999)	(35, 0.000275267)	(36, 7.34045e-05)	(37, 0.00894486)	(38, 0.0)	(39, 0.00407919)	(40, 0.0016044100000000001)	(41, 0.0133151)	(42, 0.0202465)	(43, 0.0153363)	(44, 0.0142536)	(45, 0.025765)	(46, 0.023423899999999998)	(47, 0.0191743)	(48, 0.0114983)	(49, 0.0013789599999999998)	(50, 0.0)	(51, 2.6215899999999997e-06)	(52, 5.5053400000000004e-05)	(53, 0.0)	(54, 0.0)	(55, 0.0011430099999999999)	(56, 0.00467954)	(57, 0.0)	(58, 0.0110343)	(59, 0.0060113)	(60, 0.0041657099999999996)	(61, 0.00894486)	(62, 0.000167782)	(63, 0.007426960000000001)	(64, 0.0033634999999999997)	(65, 0.00597985)	(66, 0.00179579)	(67, 1.83511e-05)	(68, 0.0)	(69, 0.0)	(70, 0.0)	(71, 0.0)	(72, 7.34045e-05)	(73, 0.00011272800000000001)	(74, 0.0)	(75, 3.40807e-05)	(76, 0.00023594300000000001)	(77, 0.0)	(78, 0.0010040700000000001)	(79, 0.0014576)	(80, 0.0)	(81, 0.0)	(82, 0.00270286)	(83, 0.00347885)	(84, 0.00537688)	(85, 0.000967367)	(86, 0.000327699)	(87, 0.007542310000000001)	(88, 0.015414899999999999)	(89, 0.0131342)	(90, 0.00783331)	(91, 0.00536639)	(92, 0.014764800000000002)	(93, 0.00125312)	(94, 0.0)	(95, 0.0)	(96, 0.0)	(97, 5.2431799999999995e-06)	(98, 0.007193639999999999)	(99, 0.002113)	(100, 0.011052600000000001)	(101, 0.0169224)
HG02013	(1, 0.30749499999999996)	(2, 0.0)	(3, 7.56898e-06)	(4, 0.0)	(5, 3.78449e-06)	(6, 1.8922400000000001e-06)	(7, 0.0)	(8, 0.0)	(9, 3.78449e-06)	(10, 0.0)	(11, 0.0)	(12, 1.8922400000000001e-06)	(13, 0.0)	(14, 0.0)	(15, 2.27069e-05)	(16, 1.3245700000000001e-05)	(17, 6.0551800000000005e-05)	(18, 0.0)	(19, 0.000280052)	(20, 0.0)	(21, 0.0154729)	(22, 0.00225366)	(23, 0.00237098)	(24, 0.00160652)	(25, 1.89224e-05)	(26, 0.0)	(27, 9.46122e-06)	(28, 0.00420078)	(29, 0.00110886)	(30, 0.0248944)	(31, 0.0208582)	(32, 0.0224307)	(33, 0.000263022)	(34, 0.00420267)	(35, 0.00962585)	(36, 0.0)	(37, 1.13535e-05)	(38, 0.000688777)	(39, 7.56898e-05)	(40, 0.00020436199999999998)	(41, 0.0)	(42, 2.08147e-05)	(43, 0.000170302)	(44, 0.000147595)	(45, 0.000104073)	(46, 0.00120536)	(47, 0.000779605)	(48, 0.000794743)	(49, 0.0038374699999999995)	(50, 0.00422727)	(51, 0.00715647)	(52, 0.0129619)	(53, 0.00470223)	(54, 0.0129278)	(55, 1.7030200000000002e-05)	(56, 2.27069e-05)	(57, 3.0275900000000003e-05)	(58, 7.56898e-06)	(59, 0.0)	(60, 0.0015251499999999999)	(61, 1.8922400000000001e-06)	(62, 0.000720945)	(63, 0.00012867300000000002)	(64, 0.0)	(65, 0.0)	(66, 0.000743652)	(67, 7.19053e-05)	(68, 0.0)	(69, 9.46122e-06)	(70, 1.13535e-05)	(71, 1.7030200000000002e-05)	(72, 0.0)	(73, 2.27069e-05)	(74, 1.89224e-05)	(75, 0.0)	(76, 0.0)	(77, 2.45992e-05)	(78, 0.0)	(79, 0.000111642)	(80, 1.8922400000000001e-06)	(81, 0.0)	(82, 0.0)	(83, 0.0)	(84, 0.0)	(85, 5.67673e-06)	(86, 7.56898e-05)	(87, 0.00048630699999999995)	(88, 0.0)	(89, 0.000490091)	(90, 0.000743652)											
HG02651	(1, 0.06461149999999999)	(2, 0.00519554)	(3, 0.0)	(4, 0.024746499999999998)	(5, 0.0)	(6, 0.0)	(7, 0.0)	(8, 0.0)	(9, 0.0)	(10, 0.0)	(11, 0.0)	(12, 0.0)	(13, 0.0)	(14, 0.0)	(15, 0.0)	(16, 0.0)	(17, 0.0)	(18, 0.0)	(19, 0.0)	(20, 0.00488435)	(21, 0.0)	(22, 0.000294955)	(23, 0.0)	(24, 0.000397784)	(25, 0.0)	(26, 0.000633207)	(27, 0.0021025700000000002)	(28, 0.0471225)	(29, 0.0313113)	(30, 0.029820299999999998)	(31, 0.0158194)	(32, 0.00821816)	(33, 0.00127183)	(34, 0.00403196)	(35, 0.00187527)	(36, 0.0020403300000000004)	(37, 0.00218646)	(38, 0.0025436499999999997)	(39, 0.00587746)	(40, 0.00348534)	(41, 0.00142607)	(42, 0.00613453)	(43, 0.000570969)	(44, 0.00186174)	(45, 0.00375324)	(46, 0.00149101)	(47, 0.0073062299999999995)	(48, 0.00183197)	(49, 0.00152078)	(50, 0.0037126499999999996)	(51, 0.0049330599999999995)	(52, 0.008226279999999999)	(53, 0.00281155)	(54, 0.0114789)	(55, 0.0044459799999999996)	(56, 0.00700316)	(57, 0.00331487)	(58, 0.00386689)	(59, 0.00151537)	(60, 0.0043025599999999995)	(61, 0.000838864)	(62, 0.000554733)	(63, 0.0018211500000000001)	(64, 0.00214046)	(65, 0.00599382)	(66, 0.00550132)	(67, 0.00568804)	(68, 0.00977953)	(69, 0.0110676)	(70, 0.0116115)	(71, 0.00902455)	(72, 0.013197200000000001)	(73, 0.0021052799999999997)	(74, 0.0081451)	(75, 0.0024354100000000003)	(76, 0.00908409)	(77, 0.0049736500000000005)	(78, 0.0019510399999999998)	(79, 0.00220269)	(80, 0.00768237)	(81, 0.00705187)	(82, 0.0029333199999999997)	(83, 0.00186715)	(84, 0.00574216)	(85, 0.00184821)	(86, 0.0116494)	(87, 0.0124666)	(88, 0.0188636)	(89, 0.0013421800000000001)	(90, 0.00921397)	(91, 0.00323098)	(92, 0.0036558199999999997)	(93, 0.00381007)	(94, 0.013343299999999999)	(95, 0.014674699999999999)	(96, 0.00020565699999999999)	(97, 0.0021972800000000002)	(98, 0.0024733)	(99, 0.00121771)	(100, 0.00574216)	
HG02691	(1, 0.053799200000000005)	(2, 0.0452383)	(3, 4.42428e-05)	(4, 0.00015169)	(5, 0.000205413)	(6, 9.4806e-06)	(7, 0.0)	(8, 0.00105551)	(9, 0.0007205250000000001)	(10, 0.0)	(11, 0.000170651)	(12, 0.00019909299999999999)	(13, 0.0)	(14, 0.0)	(15, 0.0)	(16, 0.0)	(17, 0.0)	(18, 0.0)	(19, 0.0)	(20, 0.0)	(21, 0.0)	(22, 0.0)	(23, 0.0)	(24, 0.00434527)	(25, 0.0016116999999999998)	(26, 0.0)	(27, 0.0026893299999999998)	(28, 0.0)	(29, 0.0)	(30, 0.000888016)	(31, 0.00683235)	(32, 4.42428e-05)	(33, 0.000281258)	(34, 0.0018076299999999997)	(35, 0.0)	(36, 0.0)	(37, 0.0)	(38, 0.0)	(39, 0.0)	(40, 0.0)	(41, 0.0)	(42, 0.0)	(43, 0.0)	(44, 0.0)	(45, 0.0)	(46, 0.0)	(47, 0.0)	(48, 0.0)	(49, 0.0)	(50, 0.0)	(51, 0.0)	(52, 0.0)	(53, 0.0)	(54, 0.000104287)	(55, 0.0)	(56, 0.0)	(57, 0.0)	(58, 0.0)	(59, 0.0)	(60, 0.0)	(61, 0.0)	(62, 0.0)	(63, 0.0)	(64, 0.0)	(65, 0.0)	(66, 0.0)	(67, 0.0)	(68, 0.0)	(69, 0.0)	(70, 0.0)	(71, 0.0)	(72, 0.0)	(73, 0.0)	(74, 0.0)	(75, 0.0)	(76, 0.0)	(77, 0.0)	(78, 0.0)	(79, 0.0)	(80, 0.0)	(81, 0.0)	(82, 0.0)	(83, 0.0)	(84, 0.0)	(85, 0.0)	(86, 0.0)	(87, 0.0)	(88, 0.0)	(89, 0.0)	(90, 0.0)	(91, 0.0)	(92, 3.1602000000000003e-06)	(93, 0.0)	(94, 0.00182343)	(95, 5.37234e-05)	(96, 0.00173811)	(97, 0.001223)	(98, 1.89612e-05)	(99, 0.0)	(100, 0.000237015)	
HG02813	(1, 0.115102)	(2, 0.36623300000000003)	(3, 0.0)	(4, 0.0)	(5, 0.0)	(6, 0.0)	(7, 0.0)	(8, 0.0)	(9, 0.0)	(10, 0.0)	(11, 0.0)	(12, 0.0)	(13, 0.0)	(14, 0.0)	(15, 0.0)	(16, 0.0)	(17, 0.0)	(18, 0.0)	(19, 0.0)	(20, 0.0)	(21, 0.0)	(22, 0.0)	(23, 0.0)	(24, 0.0)	(25, 0.0)	(26, 0.0)	(27, 0.0)	(28, 0.0)	(29, 0.0)	(30, 0.0)	(31, 0.0)	(32, 0.0)	(33, 0.0)	(34, 0.0)	(35, 0.0)	(36, 0.0)	(37, 0.0)	(38, 0.0)	(39, 0.0)	(40, 0.0)	(41, 0.0)	(42, 0.0)	(43, 0.013084199999999999)	(44, 0.0)	(45, 0.0)	(46, 0.0)	(47, 0.0008723339999999999)	(48, 0.0)	(49, 0.0)	(50, 0.0)	(51, 0.0)	(52, 0.0)	(53, 0.0)	(54, 0.0026173000000000004)	(55, 0.0)	(56, 0.0)	(57, 0.0)	(58, 0.0)	(59, 0.0)	(60, 0.0)	(61, 0.0)	(62, 0.0)	(63, 0.0)	(64, 0.0)	(65, 0.0)	(66, 0.040140999999999996)	(67, 0.0026179199999999997)	(68, 0.0)	(69, 0.0)	(70, 0.0)	(71, 0.0)	(72, 0.0)	(73, 0.0)	(74, 0.0)	(75, 0.0)	(76, 0.0)	(77, 0.0)	(78, 0.0)	(79, 0.0)	(80, 0.0)	(81, 0.0)	(82, 0.0)	(83, 0.0)	(84, 0.0)	(85, 0.0)	(86, 0.0)	(87, 0.0)	(88, 0.0)	(89, 0.0)	(90, 0.0)	(91, 0.0)	(92, 0.0)	(93, 0.0)	(94, 0.0)	(95, 0.0)	(96, 0.0)	(97, 0.0)	(98, 0.0)	(99, 0.0)	(100, 0.0)	
HG02814	(1, 0.118803)	(2, 0.407076)	(3, 0.0)	(4, 0.0)	(5, 0.0)	(6, 0.0)	(7, 0.0)	(8, 0.0)	(9, 0.0)	(10, 0.0)	(11, 0.0)	(12, 0.0)	(13, 0.0)	(14, 0.0)	(15, 0.0)	(16, 0.0)	(17, 0.0)	(18, 0.0)	(19, 0.0)	(20, 0.0)	(21, 0.0)	(22, 0.0)	(23, 0.0)	(24, 0.0)	(25, 0.0)	(26, 0.0)	(27, 0.0)	(28, 0.0)	(29, 0.0)	(30, 0.0)	(31, 0.0)	(32, 0.0)	(33, 0.0)	(34, 0.0)	(35, 0.0)	(36, 0.0)	(37, 0.0)	(38, 0.0)	(39, 0.0)	(40, 0.0)	(41, 0.0)	(42, 0.0)	(43, 0.0104858)	(44, 0.0)	(45, 0.0)	(46, 0.0)	(47, 0.0)	(48, 0.0)	(49, 0.0)	(50, 0.0)	(51, 0.0)	(52, 0.0)	(53, 0.0)	(54, 0.00174808)	(55, 0.0)	(56, 0.0)	(57, 0.0)	(58, 0.0)	(59, 0.0)	(60, 0.0)	(61, 0.0)	(62, 0.0)	(63, 0.0)	(64, 0.0)	(65, 0.0)	(66, 0.029721100000000004)	(67, 0.0008741719999999999)	(68, 0.0)	(69, 0.0)	(70, 0.0)	(71, 0.0)	(72, 0.0)	(73, 0.0)	(74, 0.0)	(75, 0.0)	(76, 0.0)	(77, 0.0)	(78, 0.0)	(79, 0.0)	(80, 0.0)	(81, 0.0)	(82, 0.0)	(83, 0.0)	(84, 0.0)	(85, 0.0)	(86, 0.0)	(87, 0.0)	(88, 0.0)	(89, 0.0)	(90, 0.0)	(91, 0.0)	(92, 0.0)	(93, 0.0)	(94, 0.0)	(95, 0.0)	(96, 0.0)	(97, 0.0)	(98, 0.0)	(99, 0.0)	(100, 0.0)	
HG02840	(1, 0.0563003)	(2, 0.0)	(3, 0.005763020000000001)	(4, 0.0)	(5, 0.0)	(6, 0.0)	(7, 0.0)	(8, 0.0)	(9, 0.0)	(10, 0.0)	(11, 0.0)	(12, 0.0)	(13, 0.0)	(14, 0.0)	(15, 0.0)	(16, 0.0)	(17, 0.0)	(18, 0.0)	(19, 0.0)	(20, 0.0)	(21, 0.0)	(22, 0.0)	(23, 0.0)	(24, 0.0)	(25, 0.0)	(26, 0.0)	(27, 0.0)	(28, 0.0)	(29, 0.0)	(30, 0.0)	(31, 0.0)	(32, 0.0)	(33, 0.0)	(34, 0.0)	(35, 0.0)	(36, 0.0)	(37, 0.0)	(38, 0.0)	(39, 0.0)	(40, 0.0)	(41, 0.0)	(42, 0.0)	(43, 0.0)	(44, 0.0)	(45, 0.0)	(46, 0.0)	(47, 0.0)	(48, 0.0)	(49, 0.0)	(50, 0.0)	(51, 0.0)	(52, 0.0)	(53, 0.0)	(54, 0.0)	(55, 0.0)	(56, 0.0)	(57, 0.0)	(58, 0.0)	(59, 0.0)	(60, 0.0)	(61, 0.0)	(62, 0.0)	(63, 0.0)	(64, 0.0)	(65, 0.0)	(66, 0.0)	(67, 0.0)	(68, 0.0)	(69, 0.0)	(70, 0.0)	(71, 0.0)	(72, 0.0)	(73, 0.0)	(74, 0.0)	(75, 0.0)	(76, 0.0)	(77, 0.0)	(78, 0.0)	(79, 0.0)	(80, 0.0)	(81, 0.0)	(82, 0.0)	(83, 0.0)	(84, 0.0)	(85, 0.0)	(86, 0.0)	(87, 0.0)	(88, 0.0)	(89, 0.0)	(90, 0.0)	(91, 0.0)	(92, 0.0)	(93, 0.0)	(94, 0.0)	(95, 0.0)	(96, 0.0)	(97, 0.0)	(98, 0.0)	(99, 0.0)	(100, 0.0)	
HG02878	(1, 0.146141)	(2, 0.0)	(3, 0.0)	(4, 0.0)	(5, 0.00417545)	(6, 0.0)	(7, 0.0)	(8, 0.0)	(9, 0.0)	(10, 0.0)	(11, 0.0)	(12, 0.0)	(13, 0.0)	(14, 0.0)	(15, 0.0)	(16, 0.0)	(17, 0.0)	(18, 0.0)	(19, 0.0)	(20, 0.0)	(21, 0.0)	(22, 0.0)	(23, 0.0)	(24, 0.0)	(25, 0.0)	(26, 0.0)	(27, 0.0)	(28, 0.0)	(29, 0.0)	(30, 0.0)	(31, 0.0)	(32, 0.0)	(33, 0.0)	(34, 0.0)	(35, 0.0)	(36, 0.0)	(37, 0.0)	(38, 0.0)	(39, 0.0)	(40, 0.0)	(41, 0.0)	(42, 0.0)	(43, 0.0)	(44, 0.0)	(45, 0.0)	(46, 0.0)	(47, 0.0)	(48, 0.0)	(49, 0.0)	(50, 0.0)	(51, 0.0)	(52, 0.0)	(53, 0.0)	(54, 0.0)	(55, 0.0)	(56, 0.0)	(57, 0.0)	(58, 0.0)	(59, 0.0)	(60, 0.0)	(61, 0.0)	(62, 0.0)	(63, 0.0)	(64, 0.0)	(65, 0.0)	(66, 0.0)	(67, 0.0)	(68, 0.0)	(69, 0.0)	(70, 0.0)	(71, 0.0)	(72, 0.0)	(73, 0.0)	(74, 0.0)	(75, 0.0)	(76, 0.0)	(77, 0.0)	(78, 0.0)	(79, 0.0)	(80, 0.0)	(81, 0.0)	(82, 0.0)	(83, 0.0)	(84, 0.0)	(85, 0.0)	(86, 0.0)	(87, 0.0)	(88, 0.0)	(89, 0.0)	(90, 0.0)	(91, 0.0)	(92, 0.0)	(93, 0.0)	(94, 0.0)	(95, 0.0)	(96, 0.0)	(97, 0.0)	(98, 0.0)	(99, 0.0)	(100, 0.0)	
HG02977	(1, 0.20070000000000002)	(2, 0.0)	(3, 0.0)	(4, 0.0)	(5, 0.00868308)	(6, 0.00034134300000000003)	(7, 0.00285034)	(8, 5.7305799999999996e-05)	(9, 2.2424e-05)	(10, 0.0)	(11, 0.0)	(12, 0.0)	(13, 0.0)	(14, 0.0)	(15, 0.0)	(16, 0.0)	(17, 0.0)	(18, 0.0)	(19, 0.0)	(20, 0.0)	(21, 9.966229999999999e-05)	(22, 0.000408615)	(23, 0.0)	(24, 0.0)	(25, 0.000209291)	(26, 5.7305799999999996e-05)	(27, 0.0)	(28, 0.00862328)	(29, 0.0)	(30, 0.0)	(31, 0.0)	(32, 0.0)	(33, 0.0)	(34, 0.0)	(35, 0.0)	(36, 0.0)	(37, 0.0)	(38, 2.98987e-05)	(39, 3.98649e-05)	(40, 0.0)	(41, 0.0011336599999999999)	(42, 0.00187116)	(43, 0.00370495)	(44, 0.00027656299999999996)	(45, 0.00258624)	(46, 0.0100435)	(47, 0.005610990000000001)	(48, 0.00183877)	(49, 1.49493e-05)	(50, 0.00617906)	(51, 0.0027083199999999997)	(52, 0.000652788)	(53, 0.000129561)	(54, 0.00359033)	(55, 0.00140026)	(56, 0.00262361)	(57, 0.0031044799999999997)	(58, 0.007153259999999999)	(59, 0.00238442)	(60, 0.0062488299999999995)	(61, 0.0124005)	(62, 0.010335)	(63, 0.0105318)	(64, 0.0196609)	(65, 0.000782349)	(66, 0.009652290000000001)	(67, 0.000161951)	(68, 0.0031617900000000003)	(69, 0.0)	(70, 0.000578041)	(71, 0.00405127)	(72, 0.00174409)	(73, 0.00514257)	(74, 0.0)	(75, 0.0)	(76, 1.74409e-05)	(77, 8.720450000000001e-05)	(78, 0.0)	(79, 0.0)	(80, 0.000376225)	(81, 0.0)	(82, 0.0)	(83, 0.00420326)	(84, 2.49156e-05)	(85, 0.0)	(86, 1.99325e-05)	(87, 0.000311445)	(88, 5.48143e-05)	(89, 0.0011261799999999998)	(90, 0.0)	(91, 0.00122086)	(92, 0.0114512)	(93, 0.00417336)	(94, 0.000523227)	(95, 0.00182382)	(96, 0.00386441)	(97, 7.474669999999999e-06)	(98, 0.00402636)	(99, 0.0005381759999999999)	(100, 0.0)	
HG02981	(1, 0.146794)	(2, 0.044587499999999995)	(3, 0.00629211)	(4, 0.0)	(5, 0.0)	(6, 0.0)	(7, 7.02316e-05)	(8, 3.19235e-06)	(9, 0.0006991240000000001)	(10, 3.51158e-05)	(11, 0.0032944999999999997)	(12, 0.00109497)	(13, 0.0)	(14, 0.0)	(15, 0.0)	(16, 3.19235e-06)	(17, 0.0)	(18, 0.0)	(19, 0.0)	(20, 0.0)	(21, 0.0)	(22, 0.00033838900000000003)	(23, 0.0)	(24, 0.0092993)	(25, 0.0)	(26, 0.00597607)	(27, 0.007725480000000001)	(28, 0.00656346)	(29, 0.00447567)	(30, 0.0126928)	(31, 0.00522268)	(32, 0.00243257)	(33, 0.00322108)	(34, 0.0103145)	(35, 0.009056680000000001)	(36, 0.011087)	(37, 0.016182)	(38, 0.008641679999999999)	(39, 0.0184326)	(40, 0.0164055)	(41, 0.0183241)	(42, 0.0286481)	(43, 0.0128747)	(44, 0.0221325)	(45, 0.016788499999999998)	(46, 0.00397766)	(47, 0.011833999999999999)	(48, 0.0114605)	(49, 0.0185571)	(50, 0.0249641)	(51, 0.016561899999999997)	(52, 0.007367930000000001)	(53, 0.00836394)	(54, 0.000692739)	(55, 0.0176026)	(56, 0.0152626)	(57, 0.00919076)	(58, 0.0108731)	(59, 0.00687312)	(60, 0.0149881)	(61, 0.00571111)	(62, 0.00726259)	(63, 0.0137909)	(64, 0.0178037)	(65, 0.0136217)	(66, 0.00957384)	(67, 0.022445399999999997)	(68, 0.0123671)	(69, 0.0168396)	(70, 0.0174494)	(71, 0.0176313)	(72, 0.0219857)	(73, 0.0178835)	(74, 0.0165523)	(75, 0.0128396)	(76, 0.0209992)	(77, 0.015083800000000001)	(78, 0.0169258)	(79, 0.00526098)	(80, 0.00846291)	(81, 0.00562172)	(82, 0.013120499999999998)	(83, 0.0087151)	(84, 0.0173919)	(85, 0.00120032)	(86, 0.007591400000000001)	(87, 0.0105252)	(88, 0.0167949)	(89, 0.0189274)	(90, 0.00810536)	(91, 0.0137718)	(92, 0.00163129)	(93, 0.00904711)	(94, 0.006866730000000001)	(95, 0.0123288)	(96, 0.00968238)	(97, 0.007888290000000001)	(98, 0.011208300000000001)	(99, 0.007387090000000001)	(100, 0.011502)	
HG02982	(1, 0.217817)	(2, 0.146705)	(3, 0.0)	(4, 0.0)	(5, 0.0)	(6, 0.0)	(7, 0.0)	(8, 0.0)	(9, 0.0)	(10, 0.0)	(11, 0.0)	(12, 0.0)	(13, 0.0)	(14, 0.0)	(15, 0.0)	(16, 0.0)	(17, 0.0)	(18, 0.0)	(19, 0.0)	(20, 0.0)	(21, 0.0)	(22, 0.0)	(23, 0.0)	(24, 0.0)	(25, 0.0)	(26, 0.0)	(27, 0.0)	(28, 0.0)	(29, 0.0)	(30, 0.0)	(31, 0.0)	(32, 0.0)	(33, 0.0)	(34, 0.0)	(35, 0.0)	(36, 0.0)	(37, 0.0)	(38, 0.0)	(39, 0.0)	(40, 0.0)	(41, 0.0)	(42, 0.0)	(43, 0.0)	(44, 0.0)	(45, 0.0)	(46, 0.0)	(47, 0.0)	(48, 0.0)	(49, 0.0)	(50, 0.0)	(51, 0.0)	(52, 0.0)	(53, 0.0)	(54, 0.0)	(55, 0.0)	(56, 0.0)	(57, 0.0)	(58, 0.0)	(59, 0.0)	(60, 0.0)	(61, 0.0)	(62, 0.0)	(63, 0.0)	(64, 0.0)	(65, 0.0)	(66, 0.0)	(67, 0.0)	(68, 0.0)	(69, 0.0)	(70, 0.0)	(71, 0.0)	(72, 0.0)	(73, 0.0)	(74, 0.0)	(75, 0.0)	(76, 0.0)	(77, 0.0)	(78, 0.0)	(79, 0.0)	(80, 0.0)	(81, 0.0)	(82, 0.0)	(83, 0.0)	(84, 0.0)	(85, 0.0)	(86, 0.0)	(87, 0.0)	(88, 0.0)	(89, 0.0)	(90, 0.0)	(91, 0.0)	(92, 0.0)	(93, 0.0)	(94, 0.0)	(95, 0.0)	(96, 0.0)	(97, 0.0)	(98, 0.0)	(99, 0.0)	(100, 0.0)	
HG03139	(1, 0.23416499999999998)	(2, 0.00141243)	(3, 0.0)	(4, 0.000776694)	(5, 0.0)	(6, 0.0)	(7, 0.0)	(8, 0.0)	(9, 0.0)	(10, 0.0)	(11, 0.0)	(12, 0.0)	(13, 0.0)	(14, 0.0)	(15, 0.0)	(16, 0.0019733800000000003)	(17, 2.87665e-05)	(18, 0.00457674)	(19, 0.00086587)	(20, 0.00683203)	(21, 0.00217474)	(22, 0.0)	(23, 0.00302048)	(24, 0.0073095600000000005)	(25, 5.46563e-05)	(26, 0.007985569999999999)	(27, 0.0158417)	(28, 0.00201941)	(29, 0.00464578)	(30, 0.0)	(31, 0.013261300000000002)	(32, 0.0)	(33, 0.0004947829999999999)	(34, 0.000353827)	(35, 0.00587699)	(36, 0.00142969)	(37, 0.004481809999999999)	(38, 0.0)	(39, 0.0176482)	(40, 0.0153728)	(41, 0.0184451)	(42, 0.0036217000000000003)	(43, 0.00135202)	(44, 0.0)	(45, 0.00159654)	(46, 0.0)	(47, 0.00045451)	(48, 0.0)	(49, 0.0)	(50, 0.00414812)	(51, 0.00678313)	(52, 0.0022178899999999997)	(53, 0.00163393)	(54, 0.0046659200000000005)	(55, 0.000624232)	(56, 0.0)	(57, 0.00875651)	(58, 0.00421141)	(59, 0.0139028)	(60, 0.00272994)	(61, 0.00295432)	(62, 0.009326089999999999)	(63, 0.0)	(64, 0.00961087)	(65, 0.0)	(66, 0.0)	(67, 0.0)	(68, 0.0)	(69, 0.0011334000000000001)	(70, 0.0)	(71, 0.0)	(72, 0.0)	(73, 0.000802584)	(74, 0.00297733)	(75, 0.00374539)	(76, 0.0)	(77, 0.00112477)	(78, 0.004976599999999999)	(79, 0.013658299999999998)	(80, 0.0)	(81, 0.00608698)	(82, 0.0)	(83, 0.0)	(84, 0.0)	(85, 0.00561521)	(86, 0.0)	(87, 0.000256022)	(88, 0.0006328620000000001)	(89, 0.0)	(90, 0.000299171)	(91, 0.0)	(92, 1.4383199999999998e-05)	(93, 0.00227543)	(94, 0.0112017)	(95, 0.00302623)	(96, 0.000261775)	(97, 0.0)	(98, 0.0193972)	(99, 0.00305787)	(100, 6.32862e-05)	
HG03157	(1, 0.232788)	(2, 0.0013538)	(3, 0.0)	(4, 0.000753004)	(5, 0.0)	(6, 0.0)	(7, 0.0)	(8, 0.0)	(9, 0.0)	(10, 0.0)	(11, 0.0)	(12, 0.0)	(13, 0.0)	(14, 0.0)	(15, 0.0)	(16, 0.0018344400000000001)	(17, 2.67023e-05)	(18, 0.00459012)	(19, 0.0009425900000000001)	(20, 0.0066542)	(21, 0.0023044000000000003)	(22, 0.0)	(23, 0.00309212)	(24, 0.00702269)	(25, 7.47663e-05)	(26, 0.0084299)	(27, 0.015901199999999997)	(28, 0.00178371)	(29, 0.0049292400000000005)	(30, 0.0)	(31, 0.013623500000000002)	(32, 0.0)	(33, 0.000534045)	(34, 0.00038718300000000004)	(35, 0.00607476)	(36, 0.00156475)	(37, 0.0047049399999999995)	(38, 0.0)	(39, 0.017954599999999998)	(40, 0.015540700000000001)	(41, 0.0189666)	(42, 0.0036875799999999998)	(43, 0.00136181)	(44, 0.0)	(45, 0.0017223000000000002)	(46, 0.0)	(47, 0.000365821)	(48, 0.0)	(49, 0.0)	(50, 0.00418424)	(51, 0.00675567)	(52, 0.0023097400000000002)	(53, 0.00152737)	(54, 0.0047263)	(55, 0.000619492)	(56, 0.0)	(57, 0.00845927)	(58, 0.00446195)	(59, 0.0141736)	(60, 0.00258478)	(61, 0.0031161500000000003)	(62, 0.00985847)	(63, 0.0)	(64, 0.0100053)	(65, 0.0)	(66, 0.0)	(67, 0.0)	(68, 0.0)	(69, 0.000979973)	(70, 0.0)	(71, 0.0)	(72, 0.0)	(73, 0.000811748)	(74, 0.00309746)	(75, 0.0037409900000000005)	(76, 0.0)	(77, 0.0009612809999999999)	(78, 0.00511348)	(79, 0.014323100000000002)	(80, 0.0)	(81, 0.005767690000000001)	(82, 0.0)	(83, 0.0)	(84, 0.0)	(85, 0.00597329)	(86, 0.0)	(87, 0.000253671)	(88, 0.00071028)	(89, 0.0)	(90, 0.000325767)	(91, 0.0)	(92, 1.06809e-05)	(93, 0.0022483299999999998)	(94, 0.0110708)	(95, 0.00283044)	(96, 0.00020026699999999999)	(97, 0.0)	(98, 0.019465899999999998)	(99, 0.00280107)	(100, 5.8745e-05)	
HG03267	(1, 0.175732)	(2, 0.0)	(3, 0.00010538)	(4, 8.78164e-06)	(5, 0.00735901)	(6, 0.0015894799999999999)	(7, 0.0029155)	(8, 0.00149873)	(9, 0.0)	(10, 0.0)	(11, 0.0)	(12, 0.0)	(13, 0.0)	(14, 0.0)	(15, 0.0)	(16, 0.0)	(17, 0.0)	(18, 0.0)	(19, 0.0)	(20, 0.0)	(21, 0.0)	(22, 0.0)	(23, 0.0)	(24, 0.0)	(25, 0.0)	(26, 0.0)	(27, 0.0)	(28, 0.0)	(29, 0.0)	(30, 0.0)	(31, 0.0)	(32, 0.0)	(33, 0.0)	(34, 0.0)	(35, 0.0)	(36, 0.0)	(37, 0.0)	(38, 0.0)	(39, 0.0)	(40, 0.0)	(41, 0.0)	(42, 0.000828401)	(43, 0.00112405)	(44, 0.00011416100000000001)	(45, 0.00818449)	(46, 0.00292136)	(47, 0.000143433)	(48, 6.73259e-05)	(49, 3.80538e-05)	(50, 0.000286867)	(51, 0.00011416100000000001)	(52, 0.0)	(53, 0.0)	(54, 0.000122943)	(55, 0.0008342559999999999)	(56, 6.43987e-05)	(57, 0.00519873)	(58, 0.0016948599999999999)	(59, 0.00840403)	(60, 0.00948417)	(61, 0.0095837)	(62, 0.0024295899999999997)	(63, 0.000403955)	(64, 0.00696091)	(65, 0.00464549)	(66, 0.00535095)	(67, 0.0)	(68, 0.0)	(69, 0.0)	(70, 0.0)	(71, 0.0)	(72, 0.0)	(73, 0.0)	(74, 0.0)	(75, 0.0)	(76, 0.0)	(77, 0.0)	(78, 0.00264035)	(79, 0.000629351)	(80, 0.000951344)	(81, 0.000403955)	(82, 0.0)	(83, 0.0034804600000000003)	(84, 0.0)	(85, 0.0043352)	(86, 0.00122065)	(87, 0.0)	(88, 5.8544299999999994e-05)	(89, 0.00156606)	(90, 0.0)	(91, 6.43987e-05)	(92, 0.00152801)	(93, 0.000319066)	(94, 0.00657452)	(95, 0.000333702)	(96, 0.000307357)	(97, 0.000383465)	(98, 0.0)	(99, 0.00485625)	(100, 0.0008166930000000001)	
HG03603	(1, 0.0548277)	(2, 0.0)	(3, 0.0)	(4, 0.0)	(5, 0.0)	(6, 0.0)	(7, 0.0)	(8, 0.0)	(9, 0.0)	(10, 0.0)	(11, 0.0)	(12, 0.0)	(13, 0.0)	(14, 0.0)	(15, 0.000912392)	(16, 0.0)	(17, 0.0)	(18, 9.3287e-05)	(19, 1.36518e-05)	(20, 0.0)	(21, 0.0)	(22, 0.00102161)	(23, 0.0029669799999999997)	(24, 5.4606999999999994e-05)	(25, 0.0031512800000000002)	(26, 0.0)	(27, 0.0038953)	(28, 0.00564727)	(29, 0.0150192)	(30, 0.00783838)	(31, 0.00475991)	(32, 0.0253012)	(33, 0.0275697)	(34, 0.0266505)	(35, 0.021253499999999998)	(36, 0.0)	(37, 0.0746705)	(38, 0.08206519999999999)	(39, 0.0808957)	(40, 0.0979854)	(41, 0.0879241)	(42, 0.00020022600000000002)	(43, 0.0)	(44, 0.0)	(45, 9.55623e-05)	(46, 9.10117e-06)	(47, 0.0)	(48, 0.00114447)	(49, 0.0)	(50, 0.0014539099999999999)	(51, 0.0030670899999999997)	(52, 0.000207052)	(53, 0.0)	(54, 0.0)	(55, 0.0)	(56, 0.0)	(57, 0.0)	(58, 0.0)	(59, 0.0)	(60, 0.0)	(61, 0.0)	(62, 0.0)	(63, 0.0)	(64, 0.0)	(65, 0.0)	(66, 0.0)	(67, 0.0)	(68, 0.0)	(69, 0.0)	(70, 0.0)	(71, 0.0)	(72, 0.0)	(73, 0.0)	(74, 0.0)	(75, 0.0)	(76, 0.0)	(77, 0.0)	(78, 0.0)	(79, 0.0)	(80, 0.0)	(81, 0.00125369)	(82, 0.0)	(83, 0.00103298)	(84, 2.7303499999999997e-05)	(85, 2.50282e-05)	(86, 0.00015472)	(87, 1.13765e-05)	(88, 0.0013356000000000002)	(89, 0.0015472)	(90, 0.00040955300000000005)	(91, 0.0)	(92, 0.000323091)	(93, 0.0)	(94, 0.0)	(95, 0.0)	(96, 0.0)	(97, 0.0)	(98, 0.0)	(99, 0.000571098)	(100, 0.0)	
HG03672	(1, 0.24041200000000001)	(2, 0.0143772)	(3, 0.000372655)	(4, 0.0203563)	(5, 0.000366)	(6, 0.0)	(7, 0.0)	(8, 0.0)	(9, 0.0)	(10, 0.0)	(11, 0.0)	(12, 0.0)	(13, 0.0)	(14, 0.0)	(15, 0.00010314599999999999)	(16, 0.000828491)	(17, 0.0)	(18, 0.0)	(19, 0.0)	(20, 0.000831819)	(21, 0.0005223820000000001)	(22, 0.0)	(23, 0.0)	(24, 0.000961582)	(25, 6.6545500000000005e-06)	(26, 0.0)	(27, 0.000296127)	(28, 0.004797930000000001)	(29, 0.0062952)	(30, 0.00962581)	(31, 0.0)	(32, 0.00352026)	(33, 0.0178841)	(34, 0.008577709999999999)	(35, 0.00683755)	(36, 0.0184398)	(37, 0.024725)	(38, 0.040636)	(39, 0.0415011)	(40, 0.0676768)	(41, 0.0800542)	(42, 0.0688313)	(43, 0.0732965)	(44, 0.0614581)	(45, 0.0909045)	(46, 0.0721553)	(47, 0.0682324)	(48, 0.0464887)	(49, 0.0468813)	(50, 0.0166297)	(51, 0.016273700000000002)	(52, 0.0164168)	(53, 0.0752596)	(54, 0.089527)	(55, 0.0987568)	(56, 0.105368)	(57, 0.0999247)	(58, 0.119243)	(59, 0.11089500000000001)	(60, 0.136728)	(61, 0.136452)	(62, 0.167851)	(63, 0.163625)	(64, 0.183592)	(65, 0.18234499999999998)	(66, 0.128439)	(67, 0.0832784)	(68, 0.0585068)	(69, 0.0781477)	(70, 0.09334)	(71, 0.0599375)	(72, 0.057961099999999995)	(73, 0.077795)	(74, 0.11969199999999999)	(75, 0.08449949999999999)	(76, 0.068818)	(77, 0.04899080000000001)	(78, 0.06767010000000001)	(79, 0.07820429999999999)	(80, 0.0844329)	(81, 0.104543)	(82, 0.131747)	(83, 0.084047)	(84, 0.0670446)	(85, 0.0298124)	(86, 0.0157247)	(87, 0.0398907)	(88, 0.0032407699999999996)	(89, 0.013761599999999999)	(90, 0.0162903)	(91, 0.013335699999999999)	(92, 0.00512068)	(93, 0.0149528)	(94, 0.0355153)	(95, 0.0128266)	(96, 0.0316025)	(97, 0.0220898)	(98, 0.00655473)	(99, 0.0286578)	(100, 0.030374699999999998)	
HG03723	(1, 0.22981)	(2, 0.009178790000000001)	(3, 0.000452073)	(4, 0.0626865)	(5, 0.0)	(6, 0.0)	(7, 0.0)	(8, 0.0)	(9, 0.0)	(10, 0.0)	(11, 0.0)	(12, 0.0)	(13, 0.0)	(14, 0.0)	(15, 0.0)	(16, 0.0)	(17, 4.57795e-05)	(18, 0.0034678)	(19, 0.0)	(20, 0.0)	(21, 0.0)	(22, 0.0)	(23, 0.0013590800000000001)	(24, 0.0)	(25, 0.000105865)	(26, 0.00830326)	(27, 0.00277824)	(28, 0.000105865)	(29, 0.00110443)	(30, 0.00836907)	(31, 0.0)	(32, 0.0)	(33, 0.00500714)	(34, 0.000835476)	(35, 0.000935619)	(36, 0.00848638)	(37, 0.00551643)	(38, 0.0223147)	(39, 0.025052800000000004)	(40, 0.0309842)	(41, 0.0340228)	(42, 0.040297400000000004)	(43, 0.0323432)	(44, 0.0368182)	(45, 0.06087529999999999)	(46, 0.065542)	(47, 0.0686149)	(48, 0.020117200000000002)	(49, 0.0320514)	(50, 0.014798200000000001)	(51, 0.00626321)	(52, 0.0128211)	(53, 0.0307123)	(54, 0.06605130000000001)	(55, 0.0868724)	(56, 0.11256300000000001)	(57, 0.10644)	(58, 0.10127300000000002)	(59, 0.119156)	(60, 0.12528699999999998)	(61, 0.127276)	(62, 0.124924)	(63, 0.151364)	(64, 0.170884)	(65, 0.0729983)	(66, 0.0744146)	(67, 0.060125700000000004)	(68, 0.0622716)	(69, 0.06622009999999999)	(70, 0.0643517)	(71, 0.0718367)	(72, 0.0513732)	(73, 0.0337996)	(74, 0.0409154)	(75, 0.0405607)	(76, 0.017038599999999997)	(77, 0.00305864)	(78, 0.0292674)	(79, 0.036775300000000004)	(80, 0.050288799999999995)	(81, 0.057916800000000004)	(82, 0.05153920000000001)	(83, 0.0292789)	(84, 0.0635935)	(85, 0.00135336)	(86, 0.027095800000000003)	(87, 0.006306130000000001)	(88, 0.005416290000000001)	(89, 0.00557652)	(90, 0.006866929999999999)	(91, 0.024766700000000003)	(92, 0.0270786)	(93, 0.0021659400000000003)	(94, 0.010798199999999999)	(95, 0.00366236)	(96, 0.0209241)	(97, 0.0188411)	(98, 0.00351072)	(99, 0.018432)	(100, 0.0325378)	
HG03790	(1, 0.0605649)	(2, 0.0392609)	(3, 0.0117181)	(4, 0.0)	(5, 0.039943200000000005)	(6, 0.0)	(7, 0.0)	(8, 0.0)	(9, 0.0)	(10, 0.0)	(11, 2.8429400000000003e-05)	(12, 5.1689699999999996e-06)	(13, 0.0)	(14, 0.0030858799999999996)	(15, 0.000439363)	(16, 0.00012664)	(17, 1.29224e-05)	(18, 2.5844899999999997e-06)	(19, 0.000204174)	(20, 0.0)	(21, 0.0)	(22, 0.000837374)	(23, 0.000170576)	(24, 7.23656e-05)	(25, 3.87673e-05)	(26, 0.00014989999999999998)	(27, 0.00181948)	(28, 0.000659044)	(29, 0.00055308)	(30, 0.00506818)	(31, 0.0)	(32, 0.0)	(33, 0.0)	(34, 0.00345804)	(35, 0.0)	(36, 0.0)	(37, 0.015961799999999998)	(38, 0.0)	(39, 0.0)	(40, 0.0)	(41, 0.0)	(42, 0.00416619)	(43, 0.0052645999999999995)	(44, 0.0)	(45, 0.00132584)	(46, 0.00082962)	(47, 0.000361828)	(48, 0.00206759)	(49, 0.00246043)	(50, 0.011625)	(51, 0.00392583)	(52, 0.000803775)	(53, 0.00011113300000000001)	(54, 0.00220974)	(55, 0.0032823)	(56, 0.000503975)	(57, 0.00100537)	(58, 0.00548686)	(59, 0.038617399999999996)	(60, 0.000385088)	(61, 0.000105964)	(62, 0.00379661)	(63, 0.00121729)	(64, 0.00173936)	(65, 0.00256898)	(66, 0.00388707)	(67, 0.00292305)	(68, 0.00199522)	(69, 0.0121652)	(70, 0.0006848889999999999)	(71, 0.00652066)	(72, 0.0018065599999999998)	(73, 0.014966799999999999)	(74, 0.000188668)	(75, 0.00113976)	(76, 0.0107644)	(77, 0.00213479)	(78, 0.00010337900000000001)	(79, 0.000803775)	(80, 0.012775100000000001)	(81, 0.00484333)	(82, 0.0010002)	(83, 0.00279125)	(84, 0.00930932)	(85, 0.00549979)	(86, 0.0648835)	(87, 0.09891609999999999)	(88, 0.0883326)	(89, 0.058517900000000005)	(90, 0.00112167)	(91, 0.034223800000000006)	(92, 0.000157654)	(93, 0.000715903)	(94, 0.000217097)	(95, 0.00169542)	(96, 0.00020675900000000002)	(97, 0.012751900000000002)	(98, 0.00773537)	(99, 0.000511728)	(100, 0.007404549999999999)	
HG03814	(1, 0.11219400000000002)	(2, 0.08903509999999999)	(3, 0.0)	(4, 0.0)	(5, 0.0)	(6, 0.0)	(7, 0.0)	(8, 0.0)	(9, 0.0)	(10, 0.0)	(11, 0.0)	(12, 0.0)	(13, 0.0)	(14, 0.0)	(15, 0.0)	(16, 0.0)	(17, 0.0)	(18, 0.0)	(19, 0.0)	(20, 0.0)	(21, 1.2342600000000001e-05)	(22, 0.0036040300000000003)	(23, 0.0)	(24, 0.00296222)	(25, 0.00404013)	(26, 0.00692829)	(27, 0.0051756499999999995)	(28, 0.00185138)	(29, 0.0108903)	(30, 0.000744668)	(31, 0.000143997)	(32, 0.0018966399999999998)	(33, 0.0)	(34, 0.000189253)	(35, 0.00026742199999999996)	(36, 0.00041553300000000005)	(37, 0.0033448300000000005)	(38, 0.000436104)	(39, 0.00465726)	(40, 0.000592443)	(41, 0.00216818)	(42, 0.000197481)	(43, 0.0)	(44, 0.000711755)	(45, 4.11419e-06)	(46, 0.00104089)	(47, 0.000172796)	(48, 0.00277296)	(49, 0.00030445)	(50, 0.00222166)	(51, 0.00215995)	(52, 0.00115609)	(53, 8.22838e-05)	(54, 1.6456799999999998e-05)	(55, 8.22838e-06)	(56, 8.22838e-06)	(57, 1.6456799999999998e-05)	(58, 0.00019336699999999998)	(59, 4.11419e-05)	(60, 4.11419e-06)	(61, 0.000106969)	(62, 0.00038673399999999996)	(63, 5.75986e-05)	(64, 0.0)	(65, 0.0)	(66, 1.2342600000000001e-05)	(67, 0.0)	(68, 0.0)	(69, 0.0)	(70, 0.0)	(71, 0.000456675)	(72, 0.00012754000000000002)	(73, 0.00147699)	(74, 0.000222166)	(75, 0.00117666)	(76, 0.000156339)	(77, 0.000995634)	(78, 0.00048136)	(79, 4.11419e-06)	(80, 3.70277e-05)	(81, 8.6398e-05)	(82, 0.0)	(83, 0.000135768)	(84, 0.000181024)	(85, 0.000954492)	(86, 0.0)	(87, 5.75986e-05)	(88, 0.00456263)	(89, 0.00133711)	(90, 0.0006089)	(91, 4.9370300000000004e-05)	(92, 0.00251788)	(93, 0.005171530000000001)	(94, 0.00206121)	(95, 0.00405659)	(96, 0.0024150300000000003)	(97, 0.00190487)	(98, 0.00169916)	(99, 0.00525793)	(100, 0.0009051209999999999)	
NA06989	(1, 0.0508807)	(2, 0.20646599999999998)	(3, 0.0)	(4, 0.0)	(5, 0.0109331)	(6, 0.0105125)	(7, 0.0)	(8, 0.0420502)	(9, 0.0)	(10, 0.0)	(11, 0.0)	(12, 0.0)	(13, 0.0)	(14, 0.0)	(15, 0.0)	(16, 0.0)	(17, 0.0)	(18, 0.0)	(19, 0.0)	(20, 0.0)	(21, 0.0)	(22, 0.0)	(23, 0.0)	(24, 0.0)	(25, 0.0)	(26, 0.0)	(27, 0.0)	(28, 0.0)	(29, 0.0)	(30, 0.0)	(31, 0.0)	(32, 0.0)	(33, 0.0)	(34, 0.0)	(35, 0.0)	(36, 0.0)	(37, 0.0)	(38, 0.0)	(39, 0.0)	(40, 0.0)	(41, 0.0)	(42, 0.0)	(43, 0.0)	(44, 0.0)	(45, 0.0)	(46, 0.0)	(47, 0.0)	(48, 0.0)	(49, 0.0)	(50, 0.0)	(51, 0.0)	(52, 0.0)	(53, 0.0)	(54, 0.0)	(55, 0.0)	(56, 0.0)	(57, 0.0)	(58, 0.0)	(59, 0.0)	(60, 0.0)	(61, 0.0)	(62, 0.0)	(63, 0.0)	(64, 0.0)	(65, 0.0)	(66, 0.0)	(67, 0.0)	(68, 0.0)	(69, 0.0)	(70, 0.0)	(71, 0.0)	(72, 0.0)	(73, 0.0)	(74, 0.0)	(75, 0.0)	(76, 0.0)																									
NA18488	(1, 1.09611)	(2, 1.23398)	(3, 1.2359)	(4, 1.16182)	(5, 1.08934)	(6, 1.22164)	(7, 1.2598699999999998)	(8, 1.24782)	(9, 1.25508)	(10, 1.25208)	(11, 1.26286)	(12, 1.27087)	(13, 1.3251199999999999)	(14, 1.34203)	(15, 1.3468499999999999)	(16, 1.34453)	(17, 1.40066)	(18, 1.40544)	(19, 1.4370100000000001)	(20, 1.49593)	(21, 1.4987)	(22, 1.50598)	(23, 1.48196)	(24, 1.5077)	(25, 1.45501)	(26, 1.3940700000000001)	(27, 1.3841700000000001)	(28, 1.38206)	(29, 1.37742)	(30, 1.3551199999999999)	(31, 1.35986)	(32, 1.3526500000000001)	(33, 1.41149)	(34, 1.36379)	(35, 1.3441699999999999)	(36, 1.32142)	(37, 1.36019)	(38, 1.3807399999999999)	(39, 1.38289)	(40, 1.33867)	(41, 1.37045)	(42, 1.33487)	(43, 1.37624)	(44, 1.41239)	(45, 1.4553)	(46, 1.46519)	(47, 1.44086)	(48, 1.40957)	(49, 1.30645)	(50, 1.34527)	(51, 1.38117)	(52, 1.41276)	(53, 1.44093)	(54, 1.4312399999999998)	(55, 1.43237)	(56, 1.43054)	(57, 1.41735)	(58, 1.42821)	(59, 1.41553)	(60, 1.40979)	(61, 1.4011900000000002)	(62, 1.41518)	(63, 1.40379)	(64, 1.4267699999999999)	(65, 1.41916)	(66, 1.43283)	(67, 1.42215)	(68, 1.39862)	(69, 1.40338)	(70, 1.3567)	(71, 1.37197)	(72, 1.3950799999999999)	(73, 1.38931)	(74, 1.39118)	(75, 1.3773)	(76, 1.1900000000000002)																									
NA18498	(1, 1.2594100000000001)	(2, 1.3640599999999998)	(3, 1.28869)	(4, 1.27893)	(5, 1.33618)	(6, 1.56591)	(7, 1.6050499999999999)	(8, 1.6091199999999999)	(9, 1.61999)	(10, 1.6288500000000001)	(11, 1.61503)	(12, 1.6225)	(13, 1.6279)	(14, 1.64718)	(15, 1.64674)	(16, 1.6210499999999999)	(17, 1.64223)	(18, 1.64789)	(19, 1.62719)	(20, 1.61648)	(21, 1.62694)	(22, 1.6048900000000001)	(23, 1.6237000000000001)	(24, 1.61662)	(25, 1.6207699999999998)	(26, 1.67614)	(27, 1.66074)	(28, 1.65023)	(29, 1.6712600000000002)	(30, 1.63905)	(31, 1.6169499999999999)	(32, 1.5995)	(33, 1.6119100000000002)	(34, 1.62655)	(35, 1.6409799999999999)	(36, 1.6525600000000003)	(37, 1.662)	(38, 1.6455899999999999)	(39, 1.65054)	(40, 1.63659)	(41, 1.61833)	(42, 1.6417899999999999)	(43, 1.66516)	(44, 1.6742400000000002)	(45, 1.6829699999999999)	(46, 1.65807)	(47, 1.6498599999999999)	(48, 1.64248)	(49, 1.67146)	(50, 1.66274)	(51, 1.68606)	(52, 1.69634)	(53, 1.74694)	(54, 1.7357399999999998)	(55, 1.7254399999999999)	(56, 1.68866)	(57, 1.6656399999999998)	(58, 1.6564800000000002)	(59, 1.61359)	(60, 1.59804)	(61, 1.6333400000000002)	(62, 1.6493)	(63, 1.63712)	(64, 1.63843)	(65, 1.63554)	(66, 1.6357400000000002)	(67, 1.63375)	(68, 1.6513099999999998)	(69, 1.64205)	(70, 1.66614)	(71, 1.6912900000000002)	(72, 1.7158)	(73, 1.72596)	(74, 1.6985199999999998)	(75, 1.66971)	(76, 1.6512200000000001)																									
NA18499	(1, 0.0108531)	(2, 0.227916)	(3, 0.21400999999999998)	(4, 0.0)	(5, 0.0980173)	(6, 0.0)	(7, 0.0)	(8, 0.0)	(9, 0.0)	(10, 0.0)	(11, 0.0)	(12, 0.0)	(13, 0.0)	(14, 0.0)	(15, 0.0)	(16, 0.0)	(17, 0.0)	(18, 0.0)	(19, 0.0)	(20, 0.0)	(21, 0.0)	(22, 0.0)	(23, 0.0)	(24, 0.0)	(25, 0.0)	(26, 0.0)	(27, 0.0)	(28, 0.0)	(29, 0.0)	(30, 0.0)	(31, 0.0)	(32, 0.0)	(33, 0.0)	(34, 0.0)	(35, 0.0)	(36, 0.0)	(37, 0.0)	(38, 0.0)	(39, 0.0)	(40, 0.0)	(41, 0.0)	(42, 0.0)	(43, 0.0)	(44, 0.0)	(45, 0.0)	(46, 0.024773999999999997)	(47, 0.0)	(48, 0.0054301)	(49, 0.0)	(50, 0.0)	(51, 0.0)	(52, 0.0)	(53, 0.0)	(54, 0.0)	(55, 0.0)	(56, 0.0)	(57, 0.0)	(58, 0.0)	(59, 0.0)	(60, 0.0)	(61, 0.0)	(62, 0.0)	(63, 0.0)	(64, 0.0)	(65, 0.0)	(66, 0.0)	(67, 0.0)	(68, 0.0)	(69, 0.0)	(70, 0.0)	(71, 0.0)	(72, 0.0)	(73, 0.0)	(74, 0.0)	(75, 0.0)	(76, 0.0357726)																									
NA18530	(1, 0.176776)	(2, 0.00035163)	(3, 0.00153053)	(4, 0.00975145)	(5, 0.00035163)	(6, 3.13955e-06)	(7, 0.0015446599999999998)	(8, 0.000381456)	(9, 0.0)	(10, 0.0)	(11, 0.0)	(12, 0.0)	(13, 0.0)	(14, 0.00101094)	(15, 0.0)	(16, 0.0)	(17, 0.0)	(18, 0.0)	(19, 0.0)	(20, 0.00145832)	(21, 0.000398723)	(22, 0.0)	(23, 0.0)	(24, 0.0)	(25, 0.0)	(26, 6.2791e-06)	(27, 0.0)	(28, 0.0)	(29, 0.0)	(30, 0.0)	(31, 0.0)	(32, 0.0)	(33, 1.5697799999999999e-06)	(34, 0.0)	(35, 0.0)	(36, 0.0)	(37, 0.0)	(38, 0.0)	(39, 0.0)	(40, 0.0)	(41, 6.907010000000001e-05)	(42, 0.0)	(43, 0.0)	(44, 0.0)	(45, 8.79075e-05)	(46, 0.0)	(47, 0.0)	(48, 0.0)	(49, 0.0)	(50, 0.0)	(51, 0.0)	(52, 0.0)	(53, 0.000149129)	(54, 0.0)	(55, 0.000384595)	(56, 2.04071e-05)	(57, 0.00017424499999999998)	(58, 4.08142e-05)	(59, 0.000202501)	(60, 0.00044738600000000003)	(61, 0.00021192)	(62, 2.35466e-05)	(63, 6.2791e-06)	(64, 0.0)	(65, 3.76746e-05)	(66, 8.31981e-05)	(67, 9.1047e-05)	(68, 3.13955e-05)	(69, 0.0)	(70, 3.13955e-06)	(71, 3.13955e-05)	(72, 0.000180524)	(73, 7.6919e-05)	(74, 0.000124012)	(75, 1.56978e-05)	(76, 4.55235e-05)	(77, 2.19769e-05)	(78, 0.0)	(79, 0.0)	(80, 0.0)	(81, 0.0)	(82, 1.5697799999999999e-06)	(83, 1.5697799999999999e-06)	(84, 0.0)	(85, 0.0)	(86, 7.53492e-05)	(87, 1.5697799999999999e-06)	(88, 6.907010000000001e-05)	(89, 7.53492e-05)	(90, 0.000397153)											
NA18946	(1, 0.480925)	(2, 0.0)	(3, 0.0)	(4, 0.0)	(5, 0.0)	(6, 0.0)	(7, 0.0)	(8, 0.0)	(9, 0.0)	(10, 0.0)	(11, 0.0)	(12, 0.0)	(13, 0.0)	(14, 0.0)	(15, 0.0)	(16, 0.0)	(17, 0.0818873)	(18, 0.0)	(19, 0.0)	(20, 0.0)	(21, 0.0)	(22, 0.0)	(23, 0.0)	(24, 0.0)	(25, 0.0)	(26, 0.0)	(27, 0.0)	(28, 0.0)	(29, 0.0)	(30, 0.0)	(31, 0.0)	(32, 0.0)	(33, 0.0)	(34, 0.0)	(35, 0.0)	(36, 0.0)	(37, 0.0)	(38, 0.0)	(39, 0.0)	(40, 0.0)	(41, 0.0)	(42, 0.0)	(43, 0.0)	(44, 0.0)	(45, 0.0)	(46, 0.0)	(47, 0.0)	(48, 0.0)	(49, 0.0)	(50, 0.0)	(51, 0.0)	(52, 0.0)	(53, 0.0)	(54, 0.0)	(55, 0.0)	(56, 0.0)	(57, 0.0)	(58, 0.0)	(59, 0.0)	(60, 0.0)	(61, 0.0)	(62, 0.0)	(63, 0.0)	(64, 0.0)	(65, 0.0)	(66, 0.0)	(67, 0.0)	(68, 0.0)	(69, 0.0)	(70, 0.0)	(71, 0.0)	(72, 0.0)	(73, 0.0)	(74, 0.0)	(75, 0.0)	(76, 0.0)	(77, 0.0)	(78, 0.0)	(79, 0.0)	(80, 0.0)	(81, 0.0)	(82, 0.0)	(83, 0.0)	(84, 0.0)	(85, 0.0)	(86, 0.0)	(87, 0.0)	(88, 0.0)	(89, 0.0)	(90, 0.0)	(91, 0.0)	(92, 0.0)	(93, 0.0)	(94, 0.0)	(95, 0.0)	(96, 0.0)	(97, 0.0)	(98, 0.0)	(99, 0.0)	(100, 0.0)	(101, 0.0)
NA19001	(1, 0.00160873)	(2, 0.0)	(3, 0.0)	(4, 0.0)	(5, 0.0)	(6, 0.0)	(7, 0.0)	(8, 0.0)	(9, 0.0)	(10, 0.0)	(11, 0.0)	(12, 0.0)	(13, 0.0)	(14, 0.0)	(15, 0.0)	(16, 0.0)	(17, 0.0)	(18, 0.0)	(19, 0.0)	(20, 0.0)	(21, 0.0)	(22, 0.0)	(23, 0.0)	(24, 0.0)	(25, 0.0)	(26, 0.0)	(27, 0.0)	(28, 0.0)	(29, 0.0)	(30, 0.0)	(31, 0.0)	(32, 0.0)	(33, 0.0)	(34, 0.0)	(35, 0.0)	(36, 0.0)	(37, 0.0)	(38, 0.0)	(39, 0.0)	(40, 0.0)	(41, 0.0)	(42, 0.0)	(43, 0.0)	(44, 0.00482695)	(45, 0.0)	(46, 0.00321797)	(47, 0.0)	(48, 0.0)	(49, 0.0)	(50, 0.0)	(51, 0.0)	(52, 0.0)	(53, 0.0)	(54, 0.0)	(55, 0.0)	(56, 0.0)	(57, 0.0)	(58, 0.0)	(59, 0.0)	(60, 0.0)	(61, 0.0)	(62, 0.0)	(63, 0.0)	(64, 0.0)	(65, 0.0)	(66, 0.0)	(67, 0.0)	(68, 0.0)	(69, 0.0)	(70, 0.0)	(71, 0.0)	(72, 0.0)	(73, 0.0)	(74, 0.0)	(75, 0.0)	(76, 0.0)	(77, 0.0)	(78, 0.0)	(79, 0.0)	(80, 0.0)	(81, 0.00644128)	(82, 0.0)	(83, 0.0)	(84, 0.0)	(85, 0.0)	(86, 0.0)	(87, 0.0)	(88, 0.0)	(89, 0.0)	(90, 0.0)	(91, 0.00646726)	(92, 0.0)	(93, 0.0)	(94, 0.0)	(95, 0.0)	(96, 0.0)	(97, 0.0)	(98, 0.0)	(99, 0.0)	(100, 0.0)	(101, 0.0)
NA19020	(1, 0.256814)	(2, 0.026791899999999997)	(3, 0.0)	(4, 0.0)	(5, 0.0)	(6, 0.0)	(7, 0.0)	(8, 0.0)	(9, 0.0)	(10, 0.0)	(11, 0.0)	(12, 0.0)	(13, 0.0)	(14, 0.0)	(15, 0.0)	(16, 0.0)	(17, 0.0)	(18, 8.2806e-06)	(19, 0.000480275)	(20, 0.000368487)	(21, 0.00365588)	(22, 0.0282865)	(23, 0.0055769800000000005)	(24, 0.000401609)	(25, 0.0)	(26, 0.00122967)	(27, 0.00276572)	(28, 0.00105992)	(29, 0.011953)	(30, 0.0216869)	(31, 0.058552099999999996)	(32, 0.108136)	(33, 0.123402)	(34, 0.135789)	(35, 0.174013)	(36, 0.16444)	(37, 0.171992)	(38, 0.16683699999999999)	(39, 0.159824)	(40, 0.144894)	(41, 0.127583)	(42, 0.110273)	(43, 0.0976158)	(44, 0.12451899999999999)	(45, 0.142493)	(46, 0.17601699999999998)	(47, 0.195728)	(48, 0.20417500000000002)	(49, 0.173454)	(50, 0.15982)	(51, 0.16107000000000002)	(52, 0.175528)	(53, 0.185887)	(54, 0.16592200000000001)	(55, 0.15144)	(56, 0.135938)	(57, 0.10672399999999999)	(58, 0.08427989999999999)	(59, 0.0662572)	(60, 0.0663441)	(61, 0.0643402)	(62, 0.0524534)	(63, 0.05222160000000001)	(64, 0.0557947)	(65, 0.0463299)	(66, 0.020113600000000002)	(67, 0.0172526)	(68, 0.0055190199999999995)	(69, 0.00402023)	(70, 0.012085499999999999)	(71, 0.0131247)	(72, 0.0127066)	(73, 0.0172982)	(74, 0.00344473)	(75, 0.0038836)	(76, 0.00472822)	(77, 0.00308452)	(78, 0.00287337)	(79, 0.000306382)	(80, 0.0)	(81, 1.65612e-05)	(82, 2.48418e-05)	(83, 0.0)	(84, 0.0)	(85, 0.0)	(86, 0.0)	(87, 0.0)	(88, 0.0)	(89, 0.0008487610000000001)	(90, 0.0011717)	(91, 0.00320045)	(92, 0.00816467)	(93, 0.0178281)	(94, 0.025483500000000003)	(95, 0.041266399999999995)	(96, 0.048110299999999995)	(97, 0.0337434)	(98, 0.0333501)	(99, 0.0066327600000000006)	(100, 0.0)	(101, 0.0)
NA19922	(1, 0.176965)	(2, 0.000855964)	(3, 0.0)	(4, 0.000195732)	(5, 0.0)	(6, 0.0)	(7, 0.0)	(8, 0.0)	(9, 0.0)	(10, 0.0)	(11, 0.0)	(12, 0.0)	(13, 0.0)	(14, 0.0)	(15, 0.0040315)	(16, 0.0)	(17, 0.00212676)	(18, 0.00144024)	(19, 8.179859999999999e-05)	(20, 0.0)	(21, 0.0)	(22, 0.0)	(23, 0.0)	(24, 0.0)	(25, 0.0)	(26, 0.0)	(27, 0.0)	(28, 0.0)	(29, 0.0014753)	(30, 0.00522342)	(31, 0.246149)	(32, 0.353899)	(33, 0.0867094)	(34, 0.0404991)	(35, 0.0551761)	(36, 0.0100963)	(37, 0.0022816)	(38, 0.00340925)	(39, 0.00283374)	(40, 0.011738100000000001)	(41, 0.0051241)	(42, 0.00637445)	(43, 0.0032339599999999997)	(44, 0.00175575)	(45, 0.0008150640000000001)	(46, 0.00199822)	(47, 0.0038328499999999996)	(48, 0.00238092)	(49, 0.00396431)	(50, 2.92138e-06)	(51, 0.0)	(52, 0.0)	(53, 0.0)	(54, 0.0)	(55, 0.0)	(56, 0.0)	(57, 0.0)	(58, 0.0)	(59, 0.0)	(60, 2.04496e-05)	(61, 0.0)	(62, 0.0)	(63, 0.0)	(64, 0.0036079)	(65, 0.0)	(66, 0.000873492)	(67, 0.0022553)	(68, 0.0035027300000000003)	(69, 0.0)	(70, 0.0)	(71, 0.0)	(72, 0.0)	(73, 4.6742e-05)	(74, 0.00232542)	(75, 0.00776502)	(76, 0.004174649999999999)	(77, 0.00145192)	(78, 0.00873492)	(79, 0.0128804)	(80, 0.00987718)	(81, 0.0410103)	(82, 0.0140226)	(83, 0.0212296)	(84, 0.0214692)	(85, 0.0)	(86, 0.0)	(87, 0.0)	(88, 0.0)	(89, 0.0)	(90, 0.0)	(91, 0.0)	(92, 0.0)	(93, 0.00122406)	(94, 0.00960257)	(95, 0.0256935)	(96, 0.0165525)	(97, 0.023333)	(98, 0.0089511)	(99, 0.0223164)	(100, 0.00980122)	(101, 0.019804)
NA20274	(1, 0.0865156)	(2, 0.00524529)	(3, 0.0)	(4, 0.0)	(5, 0.0180567)	(6, 0.0)	(7, 0.0009603579999999999)	(8, 0.0)	(9, 0.0)	(10, 0.0)	(11, 0.0)	(12, 3.66803e-05)	(13, 0.0)	(14, 0.0)	(15, 0.0)	(16, 0.0)	(17, 0.0)	(18, 0.0)	(19, 0.0)	(20, 0.00351464)	(21, 0.0)	(22, 0.00263098)	(23, 0.00206077)	(24, 0.0)	(25, 0.0)	(26, 0.00140719)	(27, 0.0140619)	(28, 0.0)	(29, 0.00944352)	(30, 0.0017773300000000001)	(31, 0.000610227)	(32, 0.00199741)	(33, 0.008406460000000001)	(34, 0.0030578099999999998)	(35, 0.0081397)	(36, 0.0260364)	(37, 0.0152657)	(38, 0.0078696)	(39, 0.0224083)	(40, 0.0029511)	(41, 0.0102271)	(42, 0.011551)	(43, 0.00508189)	(44, 0.0196373)	(45, 0.0632836)	(46, 0.00700261)	(47, 0.0172464)	(48, 0.0122612)	(49, 0.0101338)	(50, 0.024395800000000002)	(51, 0.0124413)	(52, 0.00623232)	(53, 0.035439899999999996)	(54, 0.0173198)	(55, 0.012894800000000001)	(56, 0.011621)	(57, 0.0110174)	(58, 0.017793299999999998)	(59, 0.013331599999999999)	(60, 0.0108774)	(61, 0.00808968)	(62, 0.010323800000000001)	(63, 0.00416822)	(64, 0.00332124)	(65, 0.00584885)	(66, 0.018626900000000002)	(67, 0.0159026)	(68, 0.0117911)	(69, 0.0169763)	(70, 0.015992600000000003)	(71, 0.00726937)	(72, 0.0108807)	(73, 0.0123246)	(74, 0.0331824)	(75, 0.0165028)	(76, 0.0250493)	(77, 0.028694)	(78, 0.026279800000000002)	(79, 0.00532532)	(80, 0.0221816)	(81, 0.0108407)	(82, 0.012621400000000001)	(83, 0.0101638)	(84, 0.015259)	(85, 0.015139)	(86, 0.00819639)	(87, 0.155775)	(88, 0.0193272)	(89, 0.0270901)	(90, 0.011054099999999999)	(91, 0.00287107)	(92, 0.0782958)	(93, 0.0101438)	(94, 0.00264098)	(95, 0.0)	(96, 0.00031345)	(97, 0.0)	(98, 0.0014838899999999999)	(99, 0.00122712)	(100, 0.0032512100000000005)	
NA20342	(1, 0.117563)	(2, 0.0120152)	(3, 0.000695439)	(4, 0.000287247)	(5, 0.0)	(6, 7.55912e-06)	(7, 0.0)	(8, 0.0)	(9, 0.0)	(10, 0.0)	(11, 0.0)	(12, 0.0)	(13, 0.0)	(14, 0.0)	(15, 0.00222616)	(16, 0.0)	(17, 0.00033260099999999997)	(18, 0.000230553)	(19, 0.00388539)	(20, 0.00041197200000000003)	(21, 0.21409699999999998)	(22, 0.00582052)	(23, 0.0)	(24, 7.55912e-05)	(25, 0.000325042)	(26, 0.00124348)	(27, 0.0005669340000000001)	(28, 0.0012548099999999999)	(29, 0.00139466)	(30, 0.00104316)	(31, 0.00131529)	(32, 0.00114143)	(33, 0.0064630500000000006)	(34, 0.0101784)	(35, 0.011300900000000001)	(36, 0.0152165)	(37, 0.0213658)	(38, 0.0261772)	(39, 0.0261319)	(40, 0.027836499999999997)	(41, 0.025065999999999998)	(42, 0.0362006)	(43, 0.052328)	(44, 0.0646758)	(45, 0.0245974)	(46, 0.0047168900000000005)	(47, 0.0106584)	(48, 0.0112782)	(49, 0.0080996)	(50, 0.0155)	(51, 0.022987300000000002)	(52, 0.0154168)	(53, 0.00978906)	(54, 0.00991756)	(55, 0.00529516)	(56, 0.0112782)	(57, 0.0181721)	(58, 0.024487800000000004)	(59, 0.00977016)	(60, 0.019608399999999998)	(61, 0.0174653)	(62, 0.00987221)	(63, 0.0200354)	(64, 0.0275001)	(65, 0.0393566)	(66, 0.0809355)	(67, 0.08260980000000001)	(68, 0.09374439999999999)	(69, 0.09813999999999999)	(70, 0.045619299999999995)	(71, 0.0465755)	(72, 0.0712636)	(73, 0.07088939999999999)	(74, 0.0756101)	(75, 0.0477283)	(76, 0.0871529)	(77, 0.11862500000000001)	(78, 0.130905)	(79, 0.146488)	(80, 0.15859800000000002)	(81, 0.156674)	(82, 0.166323)	(83, 0.157528)	(84, 0.163179)	(85, 0.144069)	(86, 0.173966)	(87, 0.178407)	(88, 0.17771099999999998)	(89, 0.173814)	(90, 0.178981)	(91, 0.17139200000000002)	(92, 0.188026)	(93, 0.21421)	(94, 0.19454100000000002)	(95, 0.167408)	(96, 0.167465)	(97, 0.16383299999999998)	(98, 0.146072)	(99, 0.142818)	(100, 0.13567099999999999)	
NA20351	(1, 0.12980999999999998)	(2, 0.0)	(3, 0.0)	(4, 0.013417299999999998)	(5, 0.0)	(6, 0.0)	(7, 0.0)	(8, 0.0)	(9, 0.0)	(10, 0.0)	(11, 0.0)	(12, 0.0)	(13, 0.0)	(14, 0.00365598)	(15, 0.00813727)	(16, 0.0)	(17, 0.000793939)	(18, 0.0008639209999999999)	(19, 0.0)	(20, 0.0)	(21, 0.0)	(22, 0.0)	(23, 0.0)	(24, 0.0)	(25, 0.0)	(26, 0.0)	(27, 0.0133787)	(28, 0.0172905)	(29, 0.0188422)	(30, 0.014705999999999999)	(31, 0.12379699999999999)	(32, 0.169348)	(33, 0.0173363)	(34, 0.0)	(35, 0.060100400000000005)	(36, 0.0)	(37, 0.0)	(38, 0.0)	(39, 4.8263700000000003e-05)	(40, 0.0056685799999999995)	(41, 0.010680799999999999)	(42, 0.00379836)	(43, 0.0100944)	(44, 0.00132725)	(45, 0.0063684)	(46, 0.00438717)	(47, 0.011798099999999999)	(48, 0.0170347)	(49, 0.0095707)	(50, 0.017558400000000002)	(51, 0.00120177)	(52, 0.00142619)	(53, 0.0014334299999999999)	(54, 0.00141413)	(55, 0.000270277)	(56, 0.0)	(57, 0.000506769)	(58, 0.000335433)	(59, 7.7222e-05)	(60, 0.0)	(61, 0.0)	(62, 0.0)	(63, 0.0)	(64, 0.0)	(65, 0.0)	(66, 0.0)	(67, 0.0)	(68, 0.0)	(69, 0.0)	(70, 0.0)	(71, 0.0)	(72, 0.0)	(73, 0.0)	(74, 0.0)	(75, 0.0)	(76, 0.0)	(77, 0.0)	(78, 0.0)	(79, 0.0)	(80, 0.0)	(81, 0.0)	(82, 0.0)	(83, 0.0)	(84, 0.0)	(85, 0.0)	(86, 0.0)	(87, 0.0)	(88, 0.0)	(89, 0.0)	(90, 0.0)	(91, 0.0)	(92, 0.0)	(93, 0.0)	(94, 0.00176645)	(95, 0.0371752)	(96, 0.00814209)	(97, 0.0224089)	(98, 0.00256522)	(99, 0.0145008)	(100, 0.0391781)	(101, 0.0)
NA20355	(1, 0.08256039999999999)	(2, 0.0)	(3, 0.000136197)	(4, 0.00110033)	(5, 0.020364999999999998)	(6, 0.00143007)	(7, 0.0)	(8, 0.0)	(9, 0.0)	(10, 0.0036665599999999997)	(11, 0.0)	(12, 0.0)	(13, 0.0)	(14, 0.0)	(15, 3.58413e-06)	(16, 0.00248022)	(17, 0.0066557199999999995)	(18, 0.00146949)	(19, 0.0)	(20, 0.0)	(21, 0.0)	(22, 0.00236194)	(23, 0.0)	(24, 0.0)	(25, 1.4336499999999999e-05)	(26, 0.00038350200000000003)	(27, 0.0017884799999999998)	(28, 0.0)	(29, 0.0032292999999999996)	(30, 0.00256624)	(31, 0.0159673)	(32, 0.0104119)	(33, 0.010354499999999999)	(34, 0.0131287)	(35, 0.00858398)	(36, 0.00851589)	(37, 0.0120283)	(38, 0.00462711)	(39, 0.0147953)	(40, 0.011118)	(41, 0.0244509)	(42, 0.0241678)	(43, 0.016408100000000002)	(44, 0.021666)	(45, 0.012913599999999999)	(46, 0.0225334)	(47, 0.019884699999999998)	(48, 0.035317999999999995)	(49, 0.0240423)	(50, 0.029758999999999997)	(51, 0.0338091)	(52, 0.0310851)	(53, 0.0341245)	(54, 0.032945300000000004)	(55, 0.0155945)	(56, 0.0268523)	(57, 0.021562099999999997)	(58, 0.0135552)	(59, 0.0164834)	(60, 0.0161393)	(61, 0.0197127)	(62, 0.014626799999999999)	(63, 0.0091897)	(64, 0.0228237)	(65, 0.00763061)	(66, 0.00199277)	(67, 0.00882412)	(68, 0.0194439)	(69, 0.0347768)	(70, 0.0383)	(71, 0.032328800000000005)	(72, 0.0269491)	(73, 0.0203722)	(74, 0.018049700000000002)	(75, 0.0158884)	(76, 0.0126556)	(77, 0.0197665)	(78, 0.0191428)	(79, 0.00736897)	(80, 0.0195765)	(81, 0.00989219)	(82, 0.00620412)	(83, 0.00944776)	(84, 0.014100000000000001)	(85, 0.00541562)	(86, 0.0107165)	(87, 0.057346)	(88, 0.0388806)	(89, 0.0286587)	(90, 0.0185622)	(91, 0.028902399999999998)	(92, 0.07951739999999999)	(93, 0.315206)	(94, 0.0199457)	(95, 0.021185799999999998)	(96, 0.026519)	(97, 0.018745)	(98, 0.033873600000000004)	(99, 0.0115803)	(100, 0.0241714)	
NA20503	(1, 0.0079654)	(2, 0.0725162)	(3, 0.0)	(4, 0.0)	(5, 2.48531e-06)	(6, 0.0)	(7, 0.0)	(8, 0.0)	(9, 0.00204789)	(10, 1.24265e-05)	(11, 0.00047220800000000006)	(12, 1.49118e-05)	(13, 0.000151604)	(14, 0.0)	(15, 0.0)	(16, 0.0)	(17, 0.0)	(18, 0.0)	(19, 0.0)	(20, 0.0)	(21, 0.0)	(22, 0.0)	(23, 0.00027835399999999997)	(24, 4.97061e-06)	(25, 0.0023486099999999997)	(26, 0.0109304)	(27, 0.0)	(28, 0.0)	(29, 0.0)	(30, 0.000288295)	(31, 0.000166515)	(32, 0.0)	(33, 0.0)	(34, 0.0)	(35, 0.0)	(36, 0.0009096220000000001)	(37, 0.005803190000000001)	(38, 0.0029947899999999998)	(39, 0.0)	(40, 0.0)	(41, 0.0)	(42, 4.72208e-05)	(43, 0.0)	(44, 0.0)	(45, 0.0)	(46, 0.00124265)	(47, 0.00767214)	(48, 0.0)	(49, 0.0)	(50, 0.0)	(51, 0.0)	(52, 0.0016751)	(53, 0.00324829)	(54, 0.000196339)	(55, 0.0)	(56, 0.0)	(57, 0.0)	(58, 0.0)	(59, 0.00446609)	(60, 0.013505099999999999)	(61, 0.00765474)	(62, 0.0173325)	(63, 0.0203745)	(64, 0.00845501)	(65, 0.0260609)	(66, 0.0415369)	(67, 0.0288047)	(68, 0.0303456)	(69, 0.000549252)	(70, 0.0)	(71, 0.0)	(72, 0.0)	(73, 0.0)	(74, 7.45592e-06)	(75, 0.00618095)	(76, 0.0070060800000000005)	(77, 0.0247238)	(78, 0.0213239)	(79, 0.025561399999999998)	(80, 0.0425211)	(81, 0.0461347)	(82, 0.033603799999999996)	(83, 0.0285686)	(84, 0.068833)	(85, 0.0561729)	(86, 0.034294700000000004)	(87, 0.0648764)	(88, 0.00973494)	(89, 0.000372796)	(90, 0.000377766)	(91, 0.0092851)	(92, 0.0421707)	(93, 2.48531e-06)	(94, 0.0)	(95, 1.98824e-05)	(96, 0.0)	(97, 0.0)	(98, 0.0)	(99, 0.0)	(100, 0.0)	(101, 0.0)
NA20507	(1, 0.07774210000000001)	(2, 0.0016903499999999998)	(3, 0.09563930000000001)	(4, 0.0235376)	(5, 0.0015877999999999999)	(6, 0.0)	(7, 0.0)	(8, 0.0)	(9, 0.0)	(10, 0.0)	(11, 0.0)	(12, 0.0)	(13, 0.0)	(14, 0.0)	(15, 0.0)	(16, 0.000891149)	(17, 0.0)	(18, 0.0)	(19, 0.0)	(20, 0.0)	(21, 0.0)	(22, 0.0)	(23, 0.0)	(24, 0.0)	(25, 0.0)	(26, 0.0)	(27, 0.0)	(28, 0.0)	(29, 0.0)	(30, 0.00999006)	(31, 0.014077999999999999)	(32, 0.0224909)	(33, 0.0334251)	(34, 0.036017299999999995)	(35, 0.0317808)	(36, 0.0250618)	(37, 0.00818654)	(38, 0.00584905)	(39, 0.0019096000000000002)	(40, 0.0)	(41, 0.0)	(42, 0.0)	(43, 0.0)	(44, 0.000438502)	(45, 0.000558736)	(46, 0.0019378899999999998)	(47, 0.0013720899999999999)	(48, 0.0)	(49, 0.000682507)	(50, 0.0)	(51, 7.42624e-05)	(52, 0.0037131200000000003)	(53, 0.00318975)	(54, 0.0176921)	(55, 0.0250582)	(56, 0.024796600000000002)	(57, 0.021472400000000003)	(58, 0.00939949)	(59, 0.0077445000000000005)	(60, 0.00366715)	(61, 0.0011068599999999999)	(62, 0.000565809)	(63, 0.0008133499999999999)	(64, 0.000198033)	(65, 0.0)	(66, 0.013300000000000001)	(67, 9.194389999999999e-05)	(68, 0.00882661)	(69, 0.00119173)	(70, 0.0305996)	(71, 0.044023400000000004)	(72, 0.028852700000000002)	(73, 0.018897999999999998)	(74, 0.00836336)	(75, 0.00428246)	(76, 7.07261e-06)	(77, 0.00136855)	(78, 0.019718399999999997)	(79, 0.011012)	(80, 0.0434753)	(81, 0.00970362)	(82, 0.055887700000000005)	(83, 0.019283500000000002)	(84, 0.0145377)	(85, 0.0664047)	(86, 0.0201074)	(87, 0.0722184)	(88, 0.00410211)	(89, 0.030040900000000002)	(90, 0.0429095)	(91, 0.019230399999999998)	(92, 0.00455476)	(93, 4.95083e-05)	(94, 0.0145802)	(95, 0.017377399999999998)	(96, 0.0145377)	(97, 0.00605415)	(98, 0.00334534)	(99, 0.0)	(100, 0.0)	(101, 0.254243)
NA20511	(1, 0.08441660000000001)	(2, 0.0)	(3, 0.00010547400000000001)	(4, 0.00111746)	(5, 0.020969500000000002)	(6, 0.00149375)	(7, 0.0)	(8, 0.0)	(9, 0.0)	(10, 0.00414201)	(11, 0.0)	(12, 0.0)	(13, 0.0)	(14, 0.0)	(15, 0.0)	(16, 0.0024401600000000002)	(17, 0.006781720000000001)	(18, 0.00174175)	(19, 0.0)	(20, 0.0)	(21, 0.0)	(22, 0.00251428)	(23, 0.0)	(24, 0.0)	(25, 2.85066e-06)	(26, 0.000456106)	(27, 0.0019983099999999997)	(28, 2.85066e-06)	(29, 0.0034236400000000004)	(30, 0.00287632)	(31, 0.0162801)	(32, 0.0106729)	(33, 0.010786899999999999)	(34, 0.013318299999999998)	(35, 0.00894537)	(36, 0.008685960000000001)	(37, 0.012488700000000002)	(38, 0.00490599)	(39, 0.0146353)	(40, 0.0112715)	(41, 0.0247295)	(42, 0.0244758)	(43, 0.0168246)	(44, 0.021696399999999998)	(45, 0.013076)	(46, 0.022677)	(47, 0.0201342)	(48, 0.0354109)	(49, 0.0240995)	(50, 0.0302113)	(51, 0.0339114)	(52, 0.0303538)	(53, 0.0340625)	(54, 0.032486100000000004)	(55, 0.0155304)	(56, 0.026853199999999997)	(57, 0.021533899999999998)	(58, 0.0135606)	(59, 0.0165652)	(60, 0.0160492)	(61, 0.0198748)	(62, 0.0147493)	(63, 0.00946989)	(64, 0.022945)	(65, 0.00791628)	(66, 0.00212089)	(67, 0.00942428)	(68, 0.0198719)	(69, 0.034718200000000005)	(70, 0.0383072)	(71, 0.0323008)	(72, 0.0272723)	(73, 0.0204649)	(74, 0.018449499999999997)	(75, 0.0162459)	(76, 0.012668299999999999)	(77, 0.0201171)	(78, 0.0196467)	(79, 0.007588459999999999)	(80, 0.0197636)	(81, 0.010045700000000001)	(82, 0.0065137599999999995)	(83, 0.00962668)	(84, 0.0143759)	(85, 0.00591227)	(86, 0.0115879)	(87, 0.058455599999999996)	(88, 0.038922899999999996)	(89, 0.029250599999999998)	(90, 0.0187317)	(91, 0.029318999999999998)	(92, 0.0808419)	(93, 0.31755500000000003)	(94, 0.0197494)	(95, 0.0211291)	(96, 0.0265881)	(97, 0.018831499999999998)	(98, 0.0344616)	(99, 0.0113428)	(100, 0.0238401)	
NA20864	(1, 0.0228385)	(2, 0.0355731)	(3, 0.00361687)	(4, 0.030386600000000003)	(5, 0.00137521)	(6, 0.0)	(7, 0.0)	(8, 0.0)	(9, 0.0)	(10, 0.0)	(11, 0.0)	(12, 0.0)	(13, 0.0)	(14, 0.0)	(15, 0.0)	(16, 0.0)	(17, 0.0)	(18, 0.0)	(19, 0.0)	(20, 8.68187e-06)	(21, 0.00431489)	(22, 1.04182e-05)	(23, 0.0008126230000000001)	(24, 4.5145700000000004e-05)	(25, 0.0)	(26, 0.0)	(27, 0.000137174)	(28, 0.000189265)	(29, 5.38276e-05)	(30, 0.000164956)	(31, 0.000283029)	(32, 2.08365e-05)	(33, 0.00794739)	(34, 0.00700801)	(35, 0.012307400000000001)	(36, 0.00512231)	(37, 0.00032643799999999997)	(38, 9.20279e-05)	(39, 0.00774944)	(40, 0.00026740199999999997)	(41, 0.00128144)	(42, 0.00328001)	(43, 0.000232674)	(44, 0.000140646)	(45, 0.007485509999999999)	(46, 0.0052699)	(47, 0.00047403)	(48, 0.000345539)	(49, 0.00113733)	(50, 0.000328175)	(51, 0.00019621)	(52, 7.98732e-05)	(53, 0.0)	(54, 0.00026740199999999997)	(55, 9.7237e-05)	(56, 0.000670241)	(57, 0.00471078)	(58, 1.73637e-06)	(59, 0.000658086)	(60, 0.000140646)	(61, 0.0)	(62, 0.00023788299999999999)	(63, 0.000461876)	(64, 9.37642e-05)	(65, 3.64639e-05)	(66, 0.00104356)	(67, 0.0039033699999999998)	(68, 6.771859999999999e-05)	(69, 0.000102446)	(70, 6.598219999999999e-05)	(71, 0.0)	(72, 0.00081436)	(73, 0.00209928)	(74, 0.0)	(75, 3.64639e-05)	(76, 0.0026444999999999997)	(77, 3.82002e-05)	(78, 5.38276e-05)	(79, 0.00033512)	(80, 0.00819569)	(81, 0.000996679)	(82, 0.00679096)	(83, 0.000230938)	(84, 3.47275e-06)	(85, 0.00600438)	(86, 0.00444165)	(87, 5.2091199999999995e-06)	(88, 0.0009480609999999999)	(89, 0.0)	(90, 0.0)											
NA21092	(1, 0.0657295)	(2, 0.0105526)	(3, 0.00038757099999999997)	(4, 0.000182757)	(5, 0.0048934799999999995)	(6, 0.00012919)	(7, 0.0)	(8, 0.0)	(9, 1.2603900000000001e-05)	(10, 0.0)	(11, 0.000488402)	(12, 0.00146206)	(13, 0.000157549)	(14, 0.0)	(15, 0.000107133)	(16, 0.0)	(17, 0.00044428900000000006)	(18, 0.0009295400000000001)	(19, 0.0017550999999999999)	(20, 0.00233488)	(21, 0.0)	(22, 1.89059e-05)	(23, 3.15098e-06)	(24, 0.0)	(25, 0.0)	(26, 0.0)	(27, 0.0)	(28, 5.9868700000000005e-05)	(29, 2.20569e-05)	(30, 0.0011375)	(31, 0.00023002200000000003)	(32, 9.768050000000001e-05)	(33, 6.30197e-06)	(34, 0.0009642009999999999)	(35, 0.00035291)	(36, 0.0)	(37, 3.15098e-06)	(38, 7.56236e-05)	(39, 0.0011658600000000001)	(40, 0.00485251)	(41, 0.00442713)	(42, 0.00148726)	(43, 6.30197e-06)	(44, 0.00424437)	(45, 0.0194132)	(46, 0.0375723)	(47, 0.0338006)	(48, 0.026710900000000003)	(49, 0.029676)	(50, 0.0338353)	(51, 0.025283499999999997)	(52, 0.0154871)	(53, 0.0057599999999999995)	(54, 0.00132971)	(55, 0.0008948790000000001)	(56, 0.0)	(57, 4.72647e-05)	(58, 0.0)	(59, 0.000567177)	(60, 4.41138e-05)	(61, 0.000113435)	(62, 3.15098e-06)	(63, 0.0)	(64, 0.0)	(65, 0.0)	(66, 0.000920087)	(67, 0.0121376)	(68, 0.046581)	(69, 0.0586209)	(70, 0.080996)	(71, 0.0936252)	(72, 0.0983044)	(73, 0.102089)	(74, 0.09701560000000001)	(75, 0.059068300000000004)	(76, 0.053012100000000006)	(77, 0.0221861)	(78, 0.0103762)	(79, 0.00130136)	(80, 0.0016605699999999999)	(81, 1.2603900000000001e-05)	(82, 0.000176455)	(83, 0.0)	(84, 0.0)	(85, 0.0)	(86, 1.89059e-05)	(87, 0.000374967)	(88, 0.000144945)	(89, 0.006667479999999999)	(90, 0.0386531)	(91, 0.090616)	(92, 0.140159)	(93, 0.10973000000000001)	(94, 0.106818)	(95, 0.121269)	(96, 0.12201600000000001)	(97, 0.0800854)	(98, 0.0478225)	(99, 0.021984399999999998)	(100, 0.0271867)	
SRR070532	(1, 0.46003600000000006)	(2, 0.0019224200000000002)	(3, 0.0)	(4, 0.0)	(5, 0.0)	(6, 0.0)	(7, 0.0)	(8, 0.0)	(9, 0.0)	(10, 0.0)	(11, 0.0)	(12, 0.0)	(13, 0.0)	(14, 0.0028498300000000002)	(15, 0.0)	(16, 0.00108511)	(17, 0.000199)	(18, 0.000138925)	(19, 3.7547200000000004e-06)	(20, 0.000296623)	(21, 0.0)	(22, 0.0)	(23, 0.00119025)	(24, 0.00259827)	(25, 0.0129425)	(26, 0.00353319)	(27, 0.0142454)	(28, 0.024507100000000004)	(29, 0.08200310000000001)	(30, 0.234264)	(31, 0.355951)	(32, 0.500782)	(33, 0.6055010000000001)	(34, 0.675132)	(35, 0.748571)	(36, 0.801257)	(37, 0.865579)	(38, 0.866101)	(39, 0.8657410000000001)	(40, 0.8714629999999999)	(41, 0.868478)	(42, 0.8314790000000001)	(43, 0.824262)	(44, 0.811785)	(45, 0.789967)	(46, 0.821243)	(47, 0.8164710000000001)	(48, 0.807051)	(49, 0.8366419999999999)	(50, 0.814778)	(51, 0.8111169999999999)	(52, 0.79591)	(53, 0.793301)	(54, 0.800716)	(55, 0.811354)	(56, 0.796654)	(57, 0.796699)	(58, 0.795306)	(59, 0.76615)	(60, 0.770634)	(61, 0.797082)	(62, 0.7915439999999999)	(63, 0.7633789999999999)	(64, 0.780974)	(65, 0.780388)	(66, 0.7718430000000001)	(67, 0.749078)	(68, 0.7752560000000001)	(69, 0.759137)	(70, 0.758923)	(71, 0.760128)	(72, 0.7566660000000001)	(73, 0.763421)	(74, 0.772368)	(75, 0.776311)	(76, 0.758551)	(77, 0.7567189999999999)	(78, 0.768647)	(79, 0.7592909999999999)	(80, 0.776923)	(81, 0.763958)	(82, 0.737348)	(83, 0.7393529999999999)	(84, 0.730259)	(85, 0.732959)	(86, 0.8047749999999999)	(87, 0.83912)	(88, 0.8953650000000001)	(89, 0.899864)	(90, 0.9070689999999999)	(91, 0.8929060000000001)	(92, 0.881908)	(93, 0.8964019999999999)	(94, 0.892103)	(95, 0.871493)	(96, 0.8545699999999999)	(97, 0.865703)	(98, 0.862677)	(99, 0.865542)	(100, 0.9049510000000001)	
SRR077439	(1, 0.00875621)	(2, 0.00466348)	(3, 0.0018422699999999998)	(4, 0.0)	(5, 0.0)	(6, 0.0)	(7, 0.0)	(8, 3.6123e-05)	(9, 0.0)	(10, 3.9735300000000006e-05)	(11, 0.000209513)	(12, 0.000765807)	(13, 0.000238412)	(14, 0.0131849)	(15, 0.00401687)	(16, 0.000249249)	(17, 0.000588804)	(18, 3.6122999999999997e-06)	(19, 0.0)	(20, 0.0)	(21, 0.000101144)	(22, 7.585819999999999e-05)	(23, 0.000101144)	(24, 0.00523783)	(25, 0.00369538)	(26, 0.0133583)	(27, 0.0181951)	(28, 0.0224866)	(29, 0.0109091)	(30, 0.000697173)	(31, 0.0167791)	(32, 0.025799)	(33, 0.012281799999999999)	(34, 0.016613000000000003)	(35, 0.00885735)	(36, 0.010771900000000001)	(37, 0.0036773200000000004)	(38, 0.014828500000000001)	(39, 0.020857399999999998)	(40, 0.0214751)	(41, 0.02279)	(42, 0.0424987)	(43, 0.0543759)	(44, 0.0788131)	(45, 0.07633870000000001)	(46, 0.0807926)	(47, 0.0396594)	(48, 0.0822881)	(49, 0.0928541)	(50, 0.059335599999999995)	(51, 0.0944724)	(52, 0.0857957)	(53, 0.115814)	(54, 0.124928)	(55, 0.102875)	(56, 2.52861e-05)	(57, 0.0)	(58, 0.00017700299999999999)	(59, 0.000426251)	(60, 5.7796799999999995e-05)	(61, 0.0)	(62, 0.000397353)	(63, 0.0)	(64, 0.00070801)	(65, 0.00816018)	(66, 0.0118375)	(67, 0.00124263)	(68, 0.030542)	(69, 0.00992659)	(70, 0.0309068)	(71, 0.0182782)	(72, 0.00058158)	(73, 0.017678600000000003)	(74, 0.0)	(75, 0.00330525)	(76, 0.00708733)	(77, 0.00382181)	(78, 0.00878872)	(79, 0.0149332)	(80, 0.01269)	(81, 0.0214065)	(82, 0.0371958)	(83, 0.027561799999999997)	(84, 0.045272900000000005)	(85, 0.0478918)	(86, 0.0496619)	(87, 0.0732032)	(88, 0.0641616)	(89, 0.055922)	(90, 0.0541772)	(91, 0.0558497)	(92, 0.0470502)	(93, 0.056015899999999993)	(94, 0.0437341)	(95, 0.0328647)	(96, 0.028410700000000004)	(97, 0.051655799999999995)	(98, 0.0892129)	(99, 0.120109)	(100, 0.137787)	
SRR077476	(1, 0.756732)	(2, 0.0)	(3, 0.0)	(4, 0.0)	(5, 0.0)	(6, 0.0)	(7, 2.99095e-05)	(8, 0.0023179800000000003)	(9, 6.72963e-05)	(10, 0.0)	(11, 7.4773599999999995e-06)	(12, 3.7386799999999998e-06)	(13, 0.0)	(14, 1.4954700000000001e-05)	(15, 0.0)	(16, 0.000119638)	(17, 0.000201889)	(18, 0.0007926)	(19, 0.0)	(20, 0.00015328599999999998)	(21, 6.35576e-05)	(22, 0.0)	(23, 3.7386799999999998e-06)	(24, 0.0005981890000000001)	(25, 0.0059295500000000004)	(26, 0.0123676)	(27, 0.028589700000000003)	(28, 0.0837726)	(29, 0.0640361)	(30, 0.0605965)	(31, 0.0511526)	(32, 0.05665969999999999)	(33, 0.262044)	(34, 0.159765)	(35, 0.161354)	(36, 0.15987300000000002)	(37, 0.173707)	(38, 0.17994300000000002)	(39, 0.18546100000000001)	(40, 0.194071)	(41, 0.20378100000000002)	(42, 0.197043)	(43, 0.208065)	(44, 0.217001)	(45, 0.20867799999999997)	(46, 0.22280300000000003)	(47, 0.21888900000000003)	(48, 0.226078)	(49, 0.23401199999999997)	(50, 0.242981)	(51, 0.239519)	(52, 0.23033599999999999)	(53, 0.259165)	(54, 0.232183)	(55, 0.241392)	(56, 0.25922100000000003)	(57, 0.24990099999999998)	(58, 0.242932)	(59, 0.24229299999999998)	(60, 0.251281)	(61, 0.24627400000000002)	(62, 0.251725)	(63, 0.255853)	(64, 0.244854)	(65, 0.24682800000000002)	(66, 0.247351)	(67, 0.2486)	(68, 0.241822)	(69, 0.251109)	(70, 0.24863)	(71, 0.241362)	(72, 0.229551)	(73, 0.23109200000000002)	(74, 0.232905)	(75, 0.23561900000000002)	(76, 0.2447)	(77, 0.23418699999999998)	(78, 0.24357499999999999)	(79, 0.255797)	(80, 0.26586499999999996)	(81, 0.28091299999999997)	(82, 0.284409)	(83, 0.273111)	(84, 0.29294400000000004)	(85, 0.294664)	(86, 0.293232)	(87, 0.301106)	(88, 0.28278600000000004)	(89, 0.283437)	(90, 0.27947)	(91, 0.275918)	(92, 0.267028)	(93, 0.272389)	(94, 0.276229)	(95, 0.27307)	(96, 0.27560100000000004)	(97, 0.314371)	(98, 0.307544)	(99, 0.30336799999999997)	(100, 0.307207)	
SRR100000	(1, 1.3562100000000001)	(2, 1.08151)	(3, 1.0661500000000002)	(4, 1.28375)	(5, 1.21125)	(6, 1.1888100000000001)	(7, 1.19486)	(8, 1.1933799999999999)	(9, 1.18733)	(10, 1.19202)	(11, 1.188)	(12, 1.20135)	(13, 1.20546)	(14, 1.2070400000000001)	(15, 1.20889)	(16, 1.2169299999999998)	(17, 1.21265)	(18, 1.21188)	(19, 1.21665)	(20, 1.2155)	(21, 1.2082000000000002)	(22, 1.1972)	(23, 1.20711)	(24, 1.23089)	(25, 1.22164)	(26, 1.21458)	(27, 1.20234)	(28, 1.2124899999999998)	(29, 1.2130999999999998)	(30, 1.21645)	(31, 1.22413)	(32, 1.21719)	(33, 1.21462)	(34, 1.21935)	(35, 1.2228400000000001)	(36, 1.22074)	(37, 1.22273)	(38, 1.21316)	(39, 1.2118)	(40, 1.21889)	(41, 1.21499)	(42, 1.21913)	(43, 1.21533)	(44, 1.21242)	(45, 1.21467)	(46, 1.21814)	(47, 1.21876)	(48, 1.22703)	(49, 1.22909)	(50, 1.22376)	(51, 1.23363)	(52, 1.22135)	(53, 1.23152)	(54, 1.22812)	(55, 1.23405)	(56, 1.23154)	(57, 1.22767)	(58, 1.22922)	(59, 1.22749)	(60, 1.2303899999999999)	(61, 1.2251)	(62, 1.22977)	(63, 1.23102)	(64, 1.23069)	(65, 1.22308)	(66, 1.22184)	(67, 1.23031)	(68, 1.22416)	(69, 1.2277500000000001)	(70, 1.23414)	(71, 1.22652)	(72, 1.22839)	(73, 1.22611)	(74, 1.22594)	(75, 1.22925)	(76, 1.30384)																									
SRR100031	(1, 1.2071999999999998)	(2, 1.33624)	(3, 1.3941999999999999)	(4, 1.41062)	(5, 1.38591)	(6, 1.40921)	(7, 1.40329)	(8, 1.3980299999999999)	(9, 1.39808)	(10, 1.36107)	(11, 1.40064)	(12, 1.4091799999999999)	(13, 1.37532)	(14, 1.3963400000000001)	(15, 1.3821999999999999)	(16, 1.39312)	(17, 1.40009)	(18, 1.40255)	(19, 1.38612)	(20, 1.37164)	(21, 1.36033)	(22, 1.39984)	(23, 1.40484)	(24, 1.3659)	(25, 1.374)	(26, 1.35882)	(27, 1.34469)	(28, 1.3581400000000001)	(29, 1.36992)	(30, 1.36266)	(31, 1.34145)	(32, 1.35716)	(33, 1.36035)	(34, 1.36869)	(35, 1.3766)	(36, 1.35307)	(37, 1.37977)	(38, 1.3819599999999999)	(39, 1.37125)	(40, 1.3820999999999999)	(41, 1.36473)	(42, 1.3758899999999998)	(43, 1.3917199999999998)	(44, 1.3902700000000001)	(45, 1.36259)	(46, 1.36863)	(47, 1.3663399999999999)	(48, 1.37521)	(49, 1.37339)	(50, 1.3864400000000001)	(51, 1.3923299999999998)	(52, 1.3828200000000002)	(53, 1.3767)	(54, 1.38885)	(55, 1.36673)	(56, 1.37755)	(57, 1.38715)	(58, 1.37072)	(59, 1.36252)	(60, 1.36543)	(61, 1.37815)	(62, 1.38999)	(63, 1.3912600000000002)	(64, 1.36294)	(65, 1.3743)	(66, 1.37249)	(67, 1.39051)	(68, 1.38444)	(69, 1.4064699999999999)	(70, 1.40169)	(71, 1.40729)	(72, 1.36813)	(73, 1.37777)	(74, 1.3714)	(75, 1.37246)	(76, 1.3877300000000001)																									
SRR231651	(1, 0.469388)	(2, 0.0)	(3, 0.0)	(4, 0.0)	(5, 1.22721e-06)	(6, 1.4726499999999999e-05)	(7, 0.0)	(8, 0.0)	(9, 0.0)	(10, 0.0)	(11, 0.00015585500000000002)	(12, 2.45441e-06)	(13, 0.000915496)	(14, 0.000713007)	(15, 0.000150946)	(16, 0.0)	(17, 0.00011781199999999999)	(18, 0.0)	(19, 0.0)	(20, 0.000116585)	(21, 0.00445476)	(22, 0.0)	(23, 0.0)	(24, 7.1178e-05)	(25, 4.78611e-05)	(26, 8.59045e-05)	(27, 4.90883e-06)	(28, 4.1725e-05)	(29, 0.0)	(30, 0.0)	(31, 0.0019389899999999998)	(32, 0.0)	(33, 0.0166213)	(34, 0.0102558)	(35, 0.0614892)	(36, 0.046544300000000004)	(37, 0.0352859)	(38, 0.061147999999999994)	(39, 0.0127237)	(40, 0.0510052)	(41, 0.0446237)	(42, 0.0270513)	(43, 0.0420552)	(44, 0.010084000000000001)	(45, 0.030094799999999998)	(46, 0.0481372)	(47, 0.08514479999999999)	(48, 0.0108473)	(49, 0.00738042)	(50, 0.046701400000000004)	(51, 0.0599233)	(52, 0.028252799999999998)	(53, 0.102164)	(54, 0.000146038)	(55, 0.035011)	(56, 0.00122353)	(57, 0.051011299999999996)	(58, 0.003967559999999999)	(59, 0.09165519999999999)	(60, 0.044359800000000005)	(61, 0.0486133)	(62, 0.00683431)	(63, 0.0380189)	(64, 0.00205066)	(65, 0.045902399999999996)	(66, 0.0249994)	(67, 0.116273)	(68, 0.126212)	(69, 0.0282969)	(70, 0.0231009)	(71, 0.0272943)	(72, 0.061532199999999995)	(73, 0.0293278)	(74, 0.0341826)	(75, 0.0409887)	(76, 0.0335862)	(77, 0.036963499999999996)	(78, 0.041731199999999996)	(79, 0.0429657)	(80, 0.0492306)	(81, 0.0512972)	(82, 0.048807199999999995)	(83, 0.048922600000000004)	(84, 0.0494724)	(85, 0.060011600000000005)	(86, 0.0494405)	(87, 0.051357400000000004)	(88, 0.0567129)	(89, 0.0481409)	(90, 0.056741099999999996)	(91, 0.0472511)	(92, 0.101864)	(93, 0.0426651)	(94, 0.0443071)	(95, 0.0524692)	(96, 0.039802000000000004)	(97, 0.0695998)	(98, 0.0641559)	(99, 0.0452189)	(100, 0.0389835)	
SRR393023	(1, 0.0637751)	(2, 0.024982999999999998)	(3, 0.0)	(4, 0.00078072)	(5, 0.0014150599999999999)	(6, 0.015126500000000001)	(7, 0.0140042)	(8, 0.022006500000000002)	(9, 0.0406462)	(10, 0.0650925)	(11, 0.0388896)	(12, 0.0426956)	(13, 0.0562118)	(14, 0.0400119)	(15, 0.0577245)	(16, 0.0211282)	(17, 0.0174198)	(18, 0.024055899999999998)	(19, 0.0435251)	(20, 0.0584564)	(21, 0.0334734)	(22, 0.036401100000000006)	(23, 0.04977090000000001)	(24, 0.0456233)	(25, 0.0380601)	(26, 0.0516251)	(27, 0.0321071)	(28, 0.0454769)	(29, 0.0641166)	(30, 0.06806899999999999)	(31, 0.0736317)	(32, 0.0472336)	(33, 0.0470384)	(34, 0.0567974)	(35, 0.0609938)	(36, 0.0476727)	(37, 0.0300089)	(38, 0.045037799999999996)	(39, 0.0524058)	(40, 0.0560655)	(41, 0.0315216)	(42, 0.0230312)	(43, 0.0308384)	(44, 0.0236656)	(45, 0.0155656)	(46, 0.037230599999999996)	(47, 0.022543300000000002)	(48, 0.03118)	(49, 0.080219)	(50, 0.0304969)	(51, 0.0169319)	(52, 0.0165415)	(53, 0.03118)	(54, 0.033717399999999995)	(55, 0.0462089)	(56, 0.0724118)	(57, 0.035474)	(58, 0.0546992)	(59, 0.056651)	(60, 0.0652389)	(61, 0.0583588)	(62, 0.0694841)	(63, 0.0739244)	(64, 0.0764618)	(65, 0.049185400000000004)	(66, 0.0628968)	(67, 0.0481119)	(68, 0.0344005)	(69, 0.0362059)	(70, 0.0315216)	(71, 0.030936)	(72, 0.039524)	(73, 0.0381577)	(74, 0.0365475)	(75, 0.014199300000000002)	(76, 0.0039524)																									
SRR591803	(1, 0.14049399999999998)	(2, 0.0151183)	(3, 0.0100187)	(4, 0.00754625)	(5, 0.0108687)	(6, 0.0466168)	(7, 0.056275)	(8, 0.047956000000000006)	(9, 0.048471099999999996)	(10, 0.0485484)	(11, 0.0501195)	(12, 0.0711099)	(13, 0.0601897)	(14, 0.059108)	(15, 0.0753853)	(16, 0.0576915)	(17, 0.0539827)	(18, 0.0658044)	(19, 0.0622244)	(20, 0.04960439999999999)	(21, 0.0553993)	(22, 0.0572536)	(23, 0.0433459)	(24, 0.0487802)	(25, 0.05594009999999999)	(26, 0.0668346)	(27, 0.0781153)	(28, 0.0601125)	(29, 0.0850177)	(30, 0.0650832)	(31, 0.0497074)	(32, 0.0632546)	(33, 0.0637955)	(34, 0.0499649)	(35, 0.06276520000000001)	(36, 0.10757900000000001)	(37, 0.0271459)	(38, 0.0247249)	(39, 0.036829799999999996)	(40, 0.0149122)	(41, 0.0292063)	(42, 0.0433974)	(43, 0.0391735)	(44, 0.0206556)	(45, 0.0249052)	(46, 0.017204399999999998)	(47, 0.0242098)	(48, 0.0212995)	(49, 0.0211707)	(50, 0.0235402)	(51, 0.030777400000000003)	(52, 0.0198057)	(53, 0.0226388)	(54, 0.027738300000000004)	(55, 0.0385297)	(56, 0.0389933)	(57, 0.0368041)	(58, 0.038452400000000005)	(59, 0.0221494)	(60, 0.034717899999999996)	(61, 0.0414658)	(62, 0.0391478)	(63, 0.042702000000000004)	(64, 0.0224327)	(65, 0.04417)	(66, 0.038684199999999995)	(67, 0.0236947)	(68, 0.029129)	(69, 0.0310864)	(70, 0.0239008)	(71, 0.017101400000000003)	(72, 0.00834466)	(73, 0.0156849)	(74, 0.0160197)	(75, 0.018105899999999998)	(76, 0.012311)																									
SRR702079	(1, 0.16484200000000002)	(2, 0.0)	(3, 0.0)	(4, 0.016932199999999998)	(5, 0.0)	(6, 0.0)	(7, 0.0)	(8, 0.0)	(9, 0.0)	(10, 0.0)	(11, 0.0)	(12, 0.0)	(13, 0.0)	(14, 0.00299402)	(15, 0.00381356)	(16, 0.0)	(17, 0.0)	(18, 0.0)	(19, 0.0)	(20, 0.0)	(21, 0.0)	(22, 0.0)	(23, 0.0)	(24, 0.0)	(25, 0.0)	(26, 0.0)	(27, 0.00907179)	(28, 0.0117069)	(29, 0.00891925)	(30, 0.00574876)	(31, 0.19070199999999998)	(32, 0.16828100000000001)	(33, 0.09898210000000002)	(34, 0.00265005)	(35, 0.129476)	(36, 0.21635000000000001)	(37, 0.0)	(38, 0.0)	(39, 0.0)	(40, 0.0)	(41, 0.00104985)	(42, 0.00129811)	(43, 0.0012891299999999999)	(44, 0.00133998)	(45, 0.003969090000000001)	(46, 0.0069362)	(47, 0.0177338)	(48, 0.007695919999999999)	(49, 0.00102293)	(50, 2.99103e-06)	(51, 1.1964100000000001e-05)	(52, 0.0)	(53, 0.0)	(54, 0.0)	(55, 0.0)	(56, 0.0)	(57, 0.0)	(58, 0.0)	(59, 0.0)	(60, 0.0)	(61, 0.0)	(62, 0.0)	(63, 0.0)	(64, 0.0)	(65, 0.0)	(66, 0.000149551)	(67, 0.000131605)	(68, 0.0)	(69, 0.0)	(70, 0.0)	(71, 0.0)	(72, 0.000314058)	(73, 0.00588634)	(74, 0.00872782)	(75, 0.008964109999999999)	(76, 0.0041515499999999995)	(77, 0.0232014)	(78, 0.0297368)	(79, 0.0325424)	(80, 0.0105254)	(81, 0.00282951)	(82, 0.00893121)	(83, 0.00219242)	(84, 0.00247358)	(85, 0.0)	(86, 0.0)	(87, 0.000188435)	(88, 0.0)	(89, 0.0)	(90, 0.0)	(91, 0.0)	(92, 0.0)	(93, 0.0)	(94, 0.007459629999999999)	(95, 0.013142599999999999)	(96, 0.00961017)	(97, 0.0140459)	(98, 0.0018514500000000001)	(99, 0.0106062)	(100, 0.0033679)	(101, 0.003978069999999999)
SRR708372	(1, 0.149125)	(2, 0.0)	(3, 0.0)	(4, 0.014028399999999998)	(5, 0.0)	(6, 0.0)	(7, 0.0)	(8, 0.0)	(9, 0.0)	(10, 0.0)	(11, 0.0)	(12, 0.0)	(13, 0.00123423)	(14, 0.00275917)	(15, 9.25009e-05)	(16, 5.28576e-06)	(17, 0.00114437)	(18, 0.0026983800000000002)	(19, 0.0)	(20, 0.0)	(21, 0.0)	(22, 0.0)	(23, 0.0)	(24, 0.0)	(25, 0.0)	(26, 0.0)	(27, 0.0)	(28, 0.0)	(29, 0.0)	(30, 2.64288e-06)	(31, 0.134425)	(32, 0.19652200000000003)	(33, 0.0608206)	(34, 0.0120119)	(35, 0.0354093)	(36, 0.0)	(37, 0.0)	(38, 0.0)	(39, 0.0)	(40, 0.00437661)	(41, 0.0035123899999999998)	(42, 0.00760357)	(43, 0.007204500000000001)	(44, 0.00575091)	(45, 0.0194939)	(46, 0.0319102)	(47, 0.0286515)	(48, 0.0317278)	(49, 0.028804800000000002)	(50, 0.0269204)	(51, 0.012638300000000002)	(52, 0.00571127)	(53, 0.0104209)	(54, 0.00221209)	(55, 0.000716221)	(56, 0.00107037)	(57, 0.00023785900000000001)	(58, 0.0012262999999999998)	(59, 3.96432e-05)	(60, 2.11431e-05)	(61, 0.0)	(62, 0.0)	(63, 0.0)	(64, 0.0)	(65, 0.0)	(66, 0.0)	(67, 0.0)	(68, 0.0)	(69, 0.0)	(70, 0.0)	(71, 0.0)	(72, 0.0)	(73, 0.0)	(74, 0.0)	(75, 0.0)	(76, 0.0005047900000000001)	(77, 7.92865e-06)	(78, 0.00205881)	(79, 0.00436076)	(80, 0.0052593399999999995)	(81, 0.000510076)	(82, 0.00102808)	(83, 0.0)	(84, 0.0)	(85, 0.0)	(86, 0.0)	(87, 0.0)	(88, 0.0)	(89, 0.0)	(90, 0.0)	(91, 0.0)	(92, 0.0)	(93, 0.0)	(94, 0.000713578)	(95, 0.029811699999999997)	(96, 0.0145781)	(97, 0.00964123)	(98, 0.009088869999999999)	(99, 0.000853651)	(100, 0.000166502)	(101, 0.00119458)
SRR708381	(1, 0.13492700000000002)	(2, 0.0)	(3, 0.0)	(4, 0.0)	(5, 0.0030457799999999997)	(6, 3.0215999999999996e-06)	(7, 0.00011482099999999999)	(8, 0.0033751300000000005)	(9, 0.0)	(10, 0.0)	(11, 0.0)	(12, 0.0)	(13, 0.0)	(14, 0.0)	(15, 0.0)	(16, 0.0)	(17, 0.0)	(18, 0.00042604599999999997)	(19, 0.000882308)	(20, 0.0)	(21, 0.0)	(22, 0.0)	(23, 0.0)	(24, 0.0)	(25, 0.0)	(26, 0.0)	(27, 4.23024e-05)	(28, 8.15833e-05)	(29, 0.0)	(30, 0.0)	(31, 0.0)	(32, 0.0)	(33, 0.0)	(34, 0.0)	(35, 0.0)	(36, 0.0)	(37, 0.0)	(38, 0.006263780000000001)	(39, 0.00423024)	(40, 0.0)	(41, 0.0)	(42, 0.0)	(43, 0.0)	(44, 0.0)	(45, 0.0)	(46, 0.0)	(47, 0.0)	(48, 0.0)	(49, 0.0)	(50, 0.0)	(51, 0.00214534)	(52, 0.00235685)	(53, 0.0)	(54, 0.0)	(55, 0.0)	(56, 0.0)	(57, 0.0)	(58, 0.00092461)	(59, 0.0032603099999999998)	(60, 0.00213929)	(61, 0.00163771)	(62, 0.000936697)	(63, 0.0)	(64, 0.0)	(65, 0.0)	(66, 0.0)	(67, 0.0)	(68, 0.0)	(69, 0.0)	(70, 0.0)	(71, 0.0)	(72, 1.2086399999999998e-05)	(73, 0.0)	(74, 0.0)	(75, 0.0)	(76, 0.0)	(77, 0.00571687)	(78, 0.0157486)	(79, 0.024565600000000003)	(80, 0.0176945)	(81, 0.013104699999999999)	(82, 0.0103671)	(83, 0.014153200000000001)	(84, 0.010349)	(85, 0.00786221)	(86, 0.00110591)	(87, 0.0)	(88, 0.0)	(89, 0.0)	(90, 0.0)	(91, 0.0)	(92, 0.009170560000000001)	(93, 0.0202357)	(94, 0.0233328)	(95, 0.0160568)	(96, 0.00229037)	(97, 0.00650551)	(98, 0.010128400000000001)	(99, 0.017504099999999998)	(100, 0.0158211)	(101, 0.10383099999999999)
SRR708382	(1, 0.130584)	(2, 0.0)	(3, 0.0)	(4, 0.0129987)	(5, 0.0)	(6, 0.0)	(7, 0.0)	(8, 0.0)	(9, 0.0)	(10, 0.0)	(11, 0.0)	(12, 0.0)	(13, 0.0)	(14, 0.00356188)	(15, 0.0081854)	(16, 0.0)	(17, 0.000882136)	(18, 0.000771869)	(19, 0.0)	(20, 0.0)	(21, 0.0)	(22, 0.0)	(23, 0.0)	(24, 0.0)	(25, 0.0)	(26, 0.0)	(27, 0.013349999999999999)	(28, 0.0171452)	(29, 0.0188428)	(30, 0.014668099999999998)	(31, 0.123612)	(32, 0.16951100000000002)	(33, 0.0170914)	(34, 0.0)	(35, 0.060433999999999995)	(36, 0.0)	(37, 0.0)	(38, 0.0)	(39, 4.35939e-05)	(40, 0.00554668)	(41, 0.0104215)	(42, 0.0039003700000000002)	(43, 0.009972749999999999)	(44, 0.00132833)	(45, 0.00644164)	(46, 0.0045235100000000006)	(47, 0.0116986)	(48, 0.016758)	(49, 0.009570150000000001)	(50, 0.017681199999999998)	(51, 0.00122319)	(52, 0.00142321)	(53, 0.00142321)	(54, 0.00136423)	(55, 0.000220534)	(56, 0.0)	(57, 0.000459018)	(58, 0.00028977100000000003)	(59, 0.000130782)	(60, 0.0)	(61, 0.0)	(62, 0.0)	(63, 0.0)	(64, 0.0)	(65, 0.0)	(66, 0.0)	(67, 0.0)	(68, 0.0)	(69, 0.0)	(70, 0.0)	(71, 0.0)	(72, 0.0)	(73, 0.0)	(74, 0.0)	(75, 0.0)	(76, 0.0)	(77, 0.0)	(78, 0.0)	(79, 0.0)	(80, 0.0)	(81, 0.0)	(82, 0.0)	(83, 0.0)	(84, 0.0)	(85, 0.0)	(86, 0.0)	(87, 0.0)	(88, 0.0)	(89, 0.0)	(90, 0.0)	(91, 0.0)	(92, 0.0)	(93, 0.0)	(94, 0.0018848)	(95, 0.0367958)	(96, 0.00780331)	(97, 0.0220919)	(98, 0.0026823100000000002)	(99, 0.0144014)	(100, 0.0388755)	(101, 0.0)
SRR710114	(1, 0.0)	(2, 0.00103004)	(3, 0.00912393)	(4, 0.00210266)	(5, 0.0038726100000000003)	(6, 0.00027946700000000004)	(7, 0.0)	(8, 0.000135741)	(9, 0.0)	(10, 0.0031566499999999996)	(11, 0.00027946700000000004)	(12, 0.0194749)	(13, 0.0)	(14, 2.9277500000000002e-05)	(15, 0.0004019)	(16, 0.0)	(17, 0.0)	(18, 0.0)	(19, 0.0271349)	(20, 0.0)	(21, 0.0)	(22, 0.0)	(23, 0.0)	(24, 0.00191901)	(25, 0.0)	(26, 0.0185646)	(27, 0.017311)	(28, 0.0238053)	(29, 0.00530987)	(30, 0.0)	(31, 5.323180000000001e-05)	(32, 5.58934e-05)	(33, 0.0)	(34, 0.000244866)	(35, 0.00894028)	(36, 0.000612166)	(37, 0.00454333)	(38, 0.00595664)	(39, 0.00488934)	(40, 0.0051661499999999996)	(41, 0.00900416)	(42, 0.0258919)	(43, 0.013637999999999999)	(44, 0.017252399999999998)	(45, 0.0152083)	(46, 0.0242577)	(47, 0.020353200000000002)	(48, 0.017641)	(49, 0.0014479)	(50, 0.000186311)	(51, 0.00062015)	(52, 2.3954300000000002e-05)	(53, 0.00020760399999999999)	(54, 0.0)	(55, 0.00015171099999999998)	(56, 0.00383535)	(57, 0.00985054)	(58, 0.00571976)	(59, 0.0120969)	(60, 0.014625400000000002)	(61, 0.0175425)	(62, 0.013560800000000001)	(63, 0.006965379999999999)	(64, 0.013989300000000001)	(65, 0.012081)	(66, 0.007814429999999999)	(67, 0.0016475200000000002)	(68, 0.00101673)	(69, 0.00168212)	(70, 0.00031406800000000003)	(71, 0.000380607)	(72, 0.00108859)	(73, 0.00195627)	(74, 0.00046045499999999997)	(75, 0.000186311)	(76, 0.00011178699999999999)	(77, 9.049399999999999e-05)	(78, 0.0025018899999999997)	(79, 0.0027627299999999997)	(80, 0.0044555)	(81, 0.0033536)	(82, 0.00154905)	(83, 0.00511291)	(84, 0.0018231900000000001)	(85, 0.00030075999999999996)	(86, 0.0015783200000000002)	(87, 0.00187908)	(88, 0.016073300000000002)	(89, 0.022091200000000002)	(90, 0.0127384)	(91, 0.011719)	(92, 0.005086299999999999)	(93, 0.00041520799999999997)	(94, 7.98477e-06)	(95, 3.4600699999999996e-05)	(96, 0.0)	(97, 0.000141064)	(98, 0.000625474)	(99, 0.00429847)	(100, 0.007013289999999999)	(101, 0.00911594)
SRR715103	(1, 0.24680599999999997)	(2, 0.00217719)	(3, 0.0)	(4, 0.0)	(5, 0.0)	(6, 0.0)	(7, 0.0)	(8, 0.0)	(9, 0.0)	(10, 0.0)	(11, 0.0)	(12, 0.0)	(13, 0.0019812099999999997)	(14, 4.59322e-05)	(15, 0.0)	(16, 0.0)	(17, 0.0)	(18, 0.00106869)	(19, 0.00114831)	(20, 0.00255077)	(21, 0.0030744)	(22, 0.0)	(23, 6.1243e-06)	(24, 0.0)	(25, 0.0)	(26, 6.124300000000001e-05)	(27, 0.000342961)	(28, 0.000309277)	(29, 0.00122486)	(30, 0.00963046)	(31, 0.028946499999999997)	(32, 0.0730568)	(33, 0.0907254)	(34, 0.103207)	(35, 0.126944)	(36, 0.13908900000000002)	(37, 0.13985499999999998)	(38, 0.130781)	(39, 0.12948)	(40, 0.115097)	(41, 0.100117)	(42, 0.0764527)	(43, 0.0749002)	(44, 0.0807703)	(45, 0.10012)	(46, 0.134441)	(47, 0.157364)	(48, 0.161553)	(49, 0.14499599999999999)	(50, 0.12218000000000001)	(51, 0.12477300000000001)	(52, 0.144236)	(53, 0.154605)	(54, 0.13445)	(55, 0.120462)	(56, 0.09983220000000001)	(57, 0.07587390000000001)	(58, 0.052329099999999996)	(59, 0.041629900000000004)	(60, 0.0343573)	(61, 0.0334509)	(62, 0.027700199999999998)	(63, 0.0232019)	(64, 0.023618399999999998)	(65, 0.0221026)	(66, 0.00783604)	(67, 0.00368683)	(68, 0.0012034200000000002)	(69, 9.79888e-05)	(70, 0.00137797)	(71, 0.0033346799999999996)	(72, 0.0101878)	(73, 0.00226599)	(74, 0.000679797)	(75, 5.2056500000000005e-05)	(76, 0.000575684)	(77, 0.000143921)	(78, 6.43051e-05)	(79, 0.0)	(80, 0.0)	(81, 6.43051e-05)	(82, 0.0)	(83, 3.06215e-06)	(84, 3.0621500000000005e-05)	(85, 0.00122792)	(86, 0.0)	(87, 0.0)	(88, 0.0)	(89, 0.0)	(90, 0.00010717499999999999)	(91, 0.00042563899999999995)	(92, 0.00143309)	(93, 0.00479533)	(94, 0.008451529999999999)	(95, 0.015889499999999997)	(96, 0.0176349)	(97, 0.0180973)	(98, 0.00824025)	(99, 0.00373582)	(100, 4.28701e-05)	(101, 0.0)
SRR716435	(1, 0.148442)	(2, 0.0)	(3, 0.0)	(4, 0.0)	(5, 0.00110655)	(6, 0.00010888900000000001)	(7, 0.00015009000000000002)	(8, 0.000273694)	(9, 0.0)	(10, 0.0)	(11, 0.0)	(12, 0.0)	(13, 0.0)	(14, 0.0)	(15, 0.0)	(16, 0.0)	(17, 0.0)	(18, 0.000376697)	(19, 0.00409069)	(20, 0.0)	(21, 0.0)	(22, 0.0)	(23, 0.0)	(24, 0.0)	(25, 0.0)	(26, 0.0)	(27, 0.0)	(28, 0.0)	(29, 0.0)	(30, 0.0)	(31, 0.0)	(32, 0.0)	(33, 0.0)	(34, 0.0)	(35, 0.0)	(36, 0.0)	(37, 0.0)	(38, 0.0066716499999999995)	(39, 0.00567694)	(40, 0.000161862)	(41, 0.0)	(42, 0.0)	(43, 0.0)	(44, 0.0)	(45, 0.0)	(46, 0.0)	(47, 0.0)	(48, 0.0)	(49, 0.0)	(50, 0.0)	(51, 0.0)	(52, 0.0)	(53, 0.0)	(54, 0.0)	(55, 0.0)	(56, 0.0)	(57, 0.0)	(58, 0.00121838)	(59, 0.00459099)	(60, 0.00473225)	(61, 0.00249562)	(62, 0.0014332099999999999)	(63, 0.0)	(64, 0.0)	(65, 0.0)	(66, 0.0)	(67, 0.0)	(68, 0.0)	(69, 0.0)	(70, 0.0)	(71, 0.0)	(72, 0.0)	(73, 0.0)	(74, 0.0)	(75, 0.0)	(76, 0.0)	(77, 0.00500006)	(78, 0.0176253)	(79, 0.027752000000000002)	(80, 0.0197177)	(81, 0.019138)	(82, 0.0187171)	(83, 0.0174046)	(84, 0.0100413)	(85, 0.00950571)	(86, 0.00131255)	(87, 0.0017804799999999999)	(88, 0.0)	(89, 0.0)	(90, 0.0)	(91, 0.0)	(92, 0.012660500000000002)	(93, 0.020694800000000003)	(94, 0.0238614)	(95, 0.0221662)	(96, 0.00599477)	(97, 0.00772228)	(98, 0.0163569)	(99, 0.0203004)	(100, 0.022819600000000002)	(101, 0.00798715)
SRR716436	(1, 0.057915699999999994)	(2, 0.00204148)	(3, 4.91922e-05)	(4, 0.00245961)	(5, 0.0)	(6, 0.0)	(7, 0.0)	(8, 0.0)	(9, 0.0)	(10, 0.0)	(11, 0.0)	(12, 0.0)	(13, 0.0)	(14, 0.0)	(15, 0.0)	(16, 0.0)	(17, 0.0)	(18, 0.0)	(19, 0.00356234)	(20, 0.0)	(21, 0.000106583)	(22, 0.0)	(23, 0.0)	(24, 0.0)	(25, 0.0)	(26, 0.0)	(27, 0.0)	(28, 0.0)	(29, 0.0)	(30, 0.0)	(31, 0.0)	(32, 0.0)	(33, 0.0)	(34, 0.0)	(35, 0.00145527)	(36, 0.0)	(37, 0.0)	(38, 5.32916e-05)	(39, 0.0)	(40, 5.32916e-05)	(41, 0.0)	(42, 0.0)	(43, 0.0)	(44, 0.0)	(45, 0.0)	(46, 0.0)	(47, 0.0)	(48, 0.0)	(49, 0.0664013)	(50, 0.09840090000000001)	(51, 0.11654899999999999)	(52, 0.144793)	(53, 0.0286955)	(54, 0.0159629)	(55, 0.009293230000000001)	(56, 0.0694061)	(57, 0.0662455)	(58, 0.264441)	(59, 0.277625)	(60, 0.260227)	(61, 0.286299)	(62, 0.307472)	(63, 0.2931)	(64, 0.23699599999999998)	(65, 0.188046)	(66, 0.16347799999999998)	(67, 0.15422999999999998)	(68, 0.141735)	(69, 0.113302)	(70, 0.143658)	(71, 0.176395)	(72, 0.17249699999999998)	(73, 0.17949400000000001)	(74, 0.178502)	(75, 0.20147500000000002)	(76, 0.233327)	(77, 0.225944)	(78, 0.21039499999999997)	(79, 0.218832)	(80, 0.23775799999999997)	(81, 0.22622699999999998)	(82, 0.259608)	(83, 0.24629700000000002)	(84, 0.15623)	(85, 0.153365)	(86, 0.0921248)	(87, 0.0883452)	(88, 0.128215)	(89, 0.12270600000000001)	(90, 0.153709)	(91, 0.135676)	(92, 0.167118)	(93, 0.184266)	(94, 0.20960800000000002)	(95, 0.207755)	(96, 0.19544100000000003)	(97, 0.216942)	(98, 0.201176)	(99, 0.189435)	(100, 0.200454)	(101, 0.20120899999999997)
SRR742200	(1, 0.022590199999999998)	(2, 0.0)	(3, 0.0)	(4, 0.0)	(5, 0.0)	(6, 0.0)	(7, 0.0)	(8, 0.0)	(9, 0.0)	(10, 0.0)	(11, 0.0)	(12, 0.0)	(13, 4.68272e-05)	(14, 0.012557500000000001)	(15, 0.000222429)	(16, 0.0)	(17, 0.0)	(18, 3.12181e-05)	(19, 3.12181e-05)	(20, 0.0)	(21, 0.0)	(22, 0.0)	(23, 0.0)	(24, 0.0)	(25, 0.0)	(26, 0.0)	(27, 0.000277061)	(28, 0.007390890000000001)	(29, 0.009919560000000001)	(30, 0.0115858)	(31, 0.012623800000000001)	(32, 0.003793)	(33, 0.00643094)	(34, 0.00251306)	(35, 0.00015999299999999998)	(36, 0.0)	(37, 3.5120400000000003e-05)	(38, 0.000362911)	(39, 0.000245843)	(40, 0.00010926299999999999)	(41, 7.80453e-06)	(42, 0.0)	(43, 0.0)	(44, 0.0)	(45, 0.0)	(46, 0.0)	(47, 0.0012253099999999999)	(48, 0.0)	(49, 0.00295792)	(50, 0.00143994)	(51, 0.009638599999999999)	(52, 0.0)	(53, 0.0)	(54, 0.000530708)	(55, 0.0)	(56, 0.0)	(57, 0.0)	(58, 0.000187309)	(59, 0.000487783)	(60, 0.00032779)	(61, 9.75567e-05)	(62, 1.56091e-05)	(63, 0.0)	(64, 0.0)	(65, 0.0)	(66, 0.000284866)	(67, 0.00191992)	(68, 0.0038281200000000004)	(69, 0.003793)	(70, 0.0069304300000000004)	(71, 0.013478399999999998)	(72, 0.00828451)	(73, 0.00888936)	(74, 0.00237258)	(75, 0.0)	(76, 0.00115507)	(77, 0.0)	(78, 0.0)	(79, 0.0)	(80, 7.80453e-06)	(81, 7.80453e-06)	(82, 0.0)	(83, 0.0)	(84, 0.0)	(85, 0.0)	(86, 0.0)	(87, 0.0)	(88, 0.0)	(89, 0.0)	(90, 0.0)	(91, 0.0)	(92, 0.0)	(93, 0.0506085)	(94, 0.11310700000000001)	(95, 0.09303789999999999)	(96, 0.275961)	(97, 0.0465345)	(98, 0.0008780099999999999)	(99, 0.00067119)	(100, 0.0)	(101, 3.90227e-05)
SRR748280	(1, 0.04988669999999999)	(2, 0.0)	(3, 0.0)	(4, 0.0)	(5, 0.0)	(6, 0.0)	(7, 1.3078200000000001e-05)	(8, 0.0)	(9, 0.0)	(10, 0.0)	(11, 0.0)	(12, 4.25041e-05)	(13, 1.96173e-05)	(14, 0.00224618)	(15, 0.0060127)	(16, 0.0019551900000000003)	(17, 0.0)	(18, 0.0)	(19, 0.00491413)	(20, 0.6055269999999999)	(21, 0.0)	(22, 0.0)	(23, 0.0)	(24, 0.0)	(25, 0.0)	(26, 0.0)	(27, 0.0)	(28, 0.0)	(29, 0.0)	(30, 0.0)	(31, 0.0)	(32, 0.0)	(33, 0.0)	(34, 0.000333494)	(35, 0.0101716)	(36, 0.017054)	(37, 0.012322900000000001)	(38, 0.0119894)	(39, 0.0183552)	(40, 0.00849428)	(41, 0.0073761)	(42, 0.0)	(43, 0.0)	(44, 0.0)	(45, 0.0)	(46, 0.0)	(47, 0.0)	(48, 0.0)	(49, 0.0)	(50, 0.0)	(51, 0.0)	(52, 0.0)	(53, 0.000660448)	(54, 0.0251494)	(55, 0.0568803)	(56, 0.0754088)	(57, 0.0744966)	(58, 0.0712892)	(59, 0.0565828)	(60, 0.0563474)	(61, 0.0419875)	(62, 0.026332900000000003)	(63, 0.0121496)	(64, 1.63477e-05)	(65, 0.0)	(66, 0.0)	(67, 0.0)	(68, 0.0)	(69, 0.0)	(70, 0.0)	(71, 0.0)	(72, 0.0)	(73, 0.0025469800000000003)	(74, 0.0558831)	(75, 0.0787666)	(76, 0.0789334)	(77, 0.0786522)	(78, 0.0699618)	(79, 0.0650836)	(80, 0.06779400000000001)	(81, 0.0625006)	(82, 0.0500568)	(83, 0.0342191)	(84, 0.0146181)	(85, 0.00494355)	(86, 0.0033055100000000002)	(87, 0.00565632)	(88, 0.0017949799999999998)	(89, 0.0054012899999999996)	(90, 0.0150399)	(91, 0.0174953)	(92, 0.0349809)	(93, 0.0370276)	(94, 0.0486051)	(95, 0.0635044)	(96, 0.0783939)	(97, 0.0796788)	(98, 0.0747091)	(99, 0.0666987)	(100, 0.054065199999999994)	(101, 0.0356348)
SRR748295	(1, 0.0231732)	(2, 0.0)	(3, 0.0)	(4, 0.0)	(5, 0.0)	(6, 0.0)	(7, 0.0)	(8, 0.0)	(9, 0.0)	(10, 0.0)	(11, 0.0)	(12, 0.0)	(13, 5.9347499999999994e-05)	(14, 0.0122889)	(15, 0.000269042)	(16, 0.0)	(17, 0.0)	(18, 7.121699999999999e-05)	(19, 3.5608499999999996e-05)	(20, 0.0)	(21, 0.0)	(22, 0.0)	(23, 0.0)	(24, 0.0)	(25, 0.0)	(26, 0.0)	(27, 0.000312563)	(28, 0.00704652)	(29, 0.00982003)	(30, 0.0116638)	(31, 0.0121385)	(32, 0.00376659)	(33, 0.006187959999999999)	(34, 0.0024372)	(35, 0.00018199900000000002)	(36, 0.0)	(37, 2.3739e-05)	(38, 0.000379824)	(39, 0.000276955)	(40, 0.000138477)	(41, 3.9565e-06)	(42, 0.0)	(43, 0.0)	(44, 0.0)	(45, 0.0)	(46, 0.0)	(47, 0.00128191)	(48, 0.0)	(49, 0.00298716)	(50, 0.00147973)	(51, 0.00975277)	(52, 0.0)	(53, 0.0)	(54, 0.0005578660000000001)	(55, 0.0)	(56, 0.0)	(57, 0.0)	(58, 0.000241346)	(59, 0.000494562)	(60, 0.00036399800000000003)	(61, 0.000150347)	(62, 0.0)	(63, 0.0)	(64, 0.0)	(65, 0.0)	(66, 0.00028486799999999997)	(67, 0.00206134)	(68, 0.00389319)	(69, 0.00389319)	(70, 0.006947610000000001)	(71, 0.013729000000000002)	(72, 0.00842734)	(73, 0.00909994)	(74, 0.00248864)	(75, 0.0)	(76, 0.00102869)	(77, 0.0)	(78, 3.9565e-06)	(79, 0.0)	(80, 3.9565e-06)	(81, 0.0)	(82, 0.0)	(83, 0.0)	(84, 0.0)	(85, 0.0)	(86, 0.0)	(87, 0.0)	(88, 0.0)	(89, 0.0)	(90, 0.0)	(91, 0.0)	(92, 0.0)	(93, 0.0513989)	(94, 0.11368199999999999)	(95, 0.0931122)	(96, 0.276302)	(97, 0.047205000000000004)	(98, 0.000977255)	(99, 0.000704257)	(100, 0.0)	(101, 2.76955e-05)
SRR748552	(1, 0.12140300000000001)	(2, 0.0)	(3, 0.0)	(4, 0.0)	(5, 0.0)	(6, 0.0490968)	(7, 0.0)	(8, 0.000577978)	(9, 0.0008774119999999999)	(10, 0.0)	(11, 0.0)	(12, 0.000205426)	(13, 0.0)	(14, 0.0)	(15, 2.7854400000000002e-05)	(16, 0.000282025)	(17, 0.0)	(18, 6.96359e-06)	(19, 0.000201944)	(20, 0.0)	(21, 3.4817900000000004e-05)	(22, 0.0)	(23, 0.0007485860000000001)	(24, 2.43726e-05)	(25, 0.00039344300000000005)	(26, 0.00021935299999999999)	(27, 0.000682432)	(28, 0.0017861599999999997)	(29, 0.0)	(30, 3.4817900000000004e-05)	(31, 0.00180705)	(32, 0.0)	(33, 0.000609314)	(34, 0.00124648)	(35, 0.00299783)	(36, 0.000755549)	(37, 0.0008565220000000001)	(38, 0.00272973)	(39, 0.000403888)	(40, 0.0008356310000000001)	(41, 0.000898303)	(42, 0.000288989)	(43, 0.0)	(44, 0.00206819)	(45, 0.000431743)	(46, 1.04454e-05)	(47, 0.000400406)	(48, 0.0)	(49, 0.0)	(50, 0.0)	(51, 0.0)	(52, 0.0)	(53, 0.00014275399999999998)	(54, 7.311769999999999e-05)	(55, 0.0)	(56, 0.0)	(57, 0.0)	(58, 0.0)	(59, 0.0)	(60, 0.0)	(61, 0.0)	(62, 0.0)	(63, 0.0)	(64, 0.0)	(65, 0.0)	(66, 0.0)	(67, 0.0)	(68, 0.0)	(69, 0.0)	(70, 0.0)	(71, 0.0)	(72, 0.0)	(73, 0.0)	(74, 0.0)	(75, 0.0)	(76, 0.0)	(77, 0.0)	(78, 0.000490933)	(79, 0.0)	(80, 3.82997e-05)	(81, 0.0)	(82, 0.000658059)	(83, 0.000341216)	(84, 0.0)	(85, 5.222689999999999e-05)	(86, 0.000292471)	(87, 0.0)	(88, 0.000379516)	(89, 0.000466561)	(90, 0.00209256)	(91, 0.0)	(92, 0.0008808940000000001)	(93, 1.7409e-05)	(94, 0.000588423)	(95, 0.000623241)	(96, 0.0)	(97, 0.0)	(98, 0.000389961)	(99, 0.0)	(100, 0.0)	(101, 0.0)
SRR748557	(1, 0.041732899999999996)	(2, 0.0)	(3, 0.0)	(4, 0.0)	(5, 0.0)	(6, 0.0)	(7, 0.0)	(8, 0.0)	(9, 0.0)	(10, 0.0)	(11, 0.0)	(12, 0.0)	(13, 0.0)	(14, 0.0)	(15, 0.00138138)	(16, 0.00820341)	(17, 6.89362e-05)	(18, 0.0)	(19, 0.00806553)	(20, 0.5168940000000001)	(21, 0.0)	(22, 0.0)	(23, 0.0)	(24, 0.0)	(25, 0.0)	(26, 0.0)	(27, 0.0)	(28, 0.0)	(29, 0.0)	(30, 0.0)	(31, 0.0)	(32, 0.0)	(33, 0.0)	(34, 0.000469296)	(35, 0.0185942)	(36, 0.0319519)	(37, 0.023075099999999998)	(38, 0.0174356)	(39, 0.0215744)	(40, 0.009250709999999999)	(41, 0.00462668)	(42, 0.0010048799999999999)	(43, 0.0)	(44, 0.0)	(45, 0.0)	(46, 0.0)	(47, 0.0)	(48, 0.0)	(49, 0.0)	(50, 0.0)	(51, 0.0)	(52, 0.0)	(53, 0.00290593)	(54, 0.0269885)	(55, 0.0618835)	(56, 0.07938)	(57, 0.0849559)	(58, 0.07766189999999999)	(59, 0.06320920000000001)	(60, 0.055610299999999994)	(61, 0.047783400000000004)	(62, 0.0306607)	(63, 0.024334500000000002)	(64, 0.00217679)	(65, 0.0)	(66, 0.0)	(67, 0.0)	(68, 0.0)	(69, 0.0)	(70, 0.0)	(71, 0.0)	(72, 0.0)	(73, 0.00120638)	(74, 0.0409507)	(75, 0.0835135)	(76, 0.0802576)	(77, 0.0775187)	(78, 0.0700789)	(79, 0.0672207)	(80, 0.06965740000000001)	(81, 0.067242)	(82, 0.0523199)	(83, 0.0400811)	(84, 0.0265351)	(85, 0.0112605)	(86, 0.00524976)	(87, 0.008476500000000001)	(88, 0.010390799999999999)	(89, 0.00925601)	(90, 0.0209672)	(91, 0.0289903)	(92, 0.0320898)	(93, 0.0440052)	(94, 0.0448828)	(95, 0.06575980000000001)	(96, 0.0761904)	(97, 0.0837575)	(98, 0.0794278)	(99, 0.06983239999999999)	(100, 0.055947)	(101, 0.030711099999999998)
SRR768533	(1, 0.0706735)	(2, 3.1293600000000002e-06)	(3, 0.0)	(4, 0.0)	(5, 0.0196305)	(6, 0.022694100000000002)	(7, 0.0)	(8, 0.0)	(9, 0.0)	(10, 0.0)	(11, 0.0)	(12, 0.0)	(13, 0.0)	(14, 0.000206538)	(15, 0.0)	(16, 0.0)	(17, 0.0)	(18, 0.0)	(19, 0.0)	(20, 0.0)	(21, 0.0)	(22, 0.0)	(23, 0.0)	(24, 0.0)	(25, 0.0)	(26, 0.0)	(27, 0.0)	(28, 0.0)	(29, 0.0)	(30, 0.0)	(31, 0.0)	(32, 0.0)	(33, 0.0)	(34, 0.0)	(35, 0.0)	(36, 0.0302828)	(37, 0.0)	(38, 0.024080400000000002)	(39, 0.0)	(40, 0.0194302)	(41, 0.007557400000000001)	(42, 0.0)	(43, 0.00676255)	(44, 0.0)	(45, 0.0)	(46, 0.0)	(47, 0.0)	(48, 0.0)	(49, 0.0321761)	(50, 0.0532899)	(51, 0.0883825)	(52, 0.158352)	(53, 0.00101078)	(54, 0.00024409000000000003)	(55, 9.38808e-06)	(56, 0.07133060000000001)	(57, 0.0810911)	(58, 0.0859573)	(59, 0.066549)	(60, 0.0874437)	(61, 0.0511244)	(62, 0.112438)	(63, 0.0927793)	(64, 0.09915379999999999)	(65, 0.0592889)	(66, 0.0389386)	(67, 0.000137692)	(68, 0.000607096)	(69, 0.000413075)	(70, 0.0203346)	(71, 0.014905100000000001)	(72, 0.0433416)	(73, 0.055718300000000005)	(74, 0.046417799999999995)	(75, 0.08413280000000001)	(76, 0.0717562)	(77, 0.0508364)	(78, 0.0797236)	(79, 0.0731582)	(80, 0.0237737)	(81, 0.0809565)	(82, 0.0942438)	(83, 0.056704)	(84, 0.010179800000000001)	(85, 0.0014551499999999999)	(86, 6.2587200000000004e-06)	(87, 0.0)	(88, 0.00153652)	(89, 0.0202282)	(90, 0.012157600000000001)	(91, 0.02424)	(92, 0.038657)	(93, 0.0456636)	(94, 0.058409499999999996)	(95, 0.0722256)	(96, 0.09041350000000001)	(97, 0.0584283)	(98, 0.0649843)	(99, 0.0423496)	(100, 0.06321929999999999)	(101, 0.0677006)
SRR787670	(1, 0.237086)	(2, 0.00296844)	(3, 0.000583956)	(4, 0.044624)	(5, 0.0358646)	(6, 0.0823865)	(7, 0.0345507)	(8, 0.056643700000000005)	(9, 0.0798073)	(10, 0.10306799999999999)	(11, 0.0713886)	(12, 0.0276893)	(13, 0.012263099999999999)	(14, 0.0168374)	(15, 0.0645271)	(16, 0.08311640000000001)	(17, 0.024915499999999997)	(18, 0.0221903)	(19, 0.0815592)	(20, 0.0440887)	(21, 0.0693934)	(22, 0.0494903)	(23, 0.0505609)	(24, 0.0499282)	(25, 0.056643700000000005)	(26, 0.09299500000000001)	(27, 0.0657437)	(28, 0.0689555)	(29, 0.10253300000000001)	(30, 0.0830678)	(31, 0.0948929)	(32, 0.128276)	(33, 0.0624833)	(34, 0.0761089)	(35, 0.138154)	(36, 0.143702)	(37, 0.145697)	(38, 0.157328)	(39, 0.138544)	(40, 0.12759399999999999)	(41, 0.10248399999999999)	(42, 0.0762549)	(43, 0.07435710000000001)	(44, 0.0751357)	(45, 0.0914378)	(46, 0.008126719999999999)	(47, 0.00627753)	(48, 0.00944062)	(49, 0.009148650000000001)	(50, 0.0249641)	(51, 0.021217100000000003)	(52, 0.0120198)	(53, 0.00243315)	(54, 0.0043796700000000004)	(55, 0.006472179999999999)	(56, 0.00919731)	(57, 0.013820299999999999)	(58, 0.00476897)	(59, 0.0116305)	(60, 0.0115818)	(61, 0.00272513)	(62, 0.011095200000000001)	(63, 0.0035524000000000003)	(64, 0.0153775)	(65, 0.0109978)	(66, 0.011776400000000001)	(67, 0.0313876)	(68, 0.0039417)	(69, 0.052556)	(70, 0.0169347)	(71, 0.018346)	(72, 0.0367892)	(73, 0.0179567)	(74, 0.0255967)	(75, 0.028419200000000002)	(76, 0.0245748)																									
SRR787690	(1, 0.24527500000000002)	(2, 0.00169489)	(3, 0.00018159600000000001)	(4, 0.0441883)	(5, 0.0347453)	(6, 0.0824444)	(7, 0.034563699999999996)	(8, 0.054236599999999996)	(9, 0.0823234)	(10, 0.10326700000000001)	(11, 0.07366729999999999)	(12, 0.0260892)	(13, 0.0121064)	(14, 0.0168279)	(15, 0.0657376)	(16, 0.0842604)	(17, 0.024515399999999996)	(18, 0.0210651)	(19, 0.0829892)	(20, 0.0432198)	(21, 0.0688853)	(22, 0.0498783)	(23, 0.050302)	(24, 0.0506652)	(25, 0.057686900000000006)	(26, 0.09327959999999999)	(27, 0.06489020000000001)	(28, 0.0705802)	(29, 0.103086)	(30, 0.082626)	(31, 0.0967905)	(32, 0.13050699999999998)	(33, 0.061076700000000005)	(34, 0.0763307)	(35, 0.14158400000000002)	(36, 0.149756)	(37, 0.149635)	(38, 0.161317)	(39, 0.142189)	(40, 0.130991)	(41, 0.105265)	(42, 0.0771781)	(43, 0.07251719999999999)	(44, 0.0753017)	(45, 0.0933402)	(46, 0.008535000000000001)	(47, 0.00726383)	(48, 0.00562946)	(49, 0.010956299999999999)	(50, 0.0250602)	(51, 0.0222152)	(52, 0.012469599999999999)	(53, 0.00199755)	(54, 0.00338979)	(55, 0.00720329)	(56, 0.00992723)	(57, 0.015254)	(58, 0.00520574)	(59, 0.0132565)	(60, 0.0112589)	(61, 0.0015133)	(62, 0.0131354)	(63, 0.00272393)	(64, 0.013982900000000001)	(65, 0.00792968)	(66, 0.00907978)	(67, 0.031597599999999997)	(68, 0.0044188299999999995)	(69, 0.05302590000000001)	(70, 0.0149514)	(71, 0.0168884)	(72, 0.0348058)	(73, 0.0130144)	(74, 0.025483899999999997)	(75, 0.0231837)	(76, 0.0242128)																									
SRR787697	(1, 0.0240105)	(2, 0.00213902)	(3, 0.006203149999999999)	(4, 0.42486199999999996)	(5, 0.00540102)	(6, 0.049732200000000004)	(7, 0.0748656)	(8, 0.0519781)	(9, 0.049037)	(10, 0.0848655)	(11, 0.0836891)	(12, 0.0640101)	(13, 0.0685555)	(14, 0.06021340000000001)	(15, 0.0430477)	(16, 0.0642775)	(17, 0.047272299999999996)	(18, 0.0697855)	(19, 0.049518299999999994)	(20, 0.0468445)	(21, 0.0499461)	(22, 0.0451868)	(23, 0.0306949)	(24, 0.0594647)	(25, 0.0477536)	(26, 0.0553471)	(27, 0.039518399999999995)	(28, 0.056737499999999996)	(29, 0.0440638)	(30, 0.0232083)	(31, 0.0427269)	(32, 0.0633149)	(33, 0.0695716)	(34, 0.045347200000000004)	(35, 0.052192)	(36, 0.0866302)	(37, 0.0575396)	(38, 0.0345986)	(39, 0.0350264)	(40, 0.049678700000000006)	(41, 0.052994200000000005)	(42, 0.0599995)	(43, 0.0242244)	(44, 0.0230479)	(45, 0.0317109)	(46, 0.026684199999999998)	(47, 0.0303206)	(48, 0.032513099999999996)	(49, 0.024812599999999997)	(50, 0.0317644)	(51, 0.013743199999999999)	(52, 0.0154544)	(53, 0.012887599999999999)	(54, 0.0233688)	(55, 0.023850100000000003)	(56, 0.0250265)	(57, 0.0326735)	(58, 0.0375932)	(59, 0.0319248)	(60, 0.0317109)	(61, 0.0193581)	(62, 0.015240499999999999)	(63, 0.0203207)	(64, 0.027753800000000002)	(65, 0.0235827)	(66, 0.010160299999999999)	(67, 0.009465149999999999)	(68, 0.0260425)	(69, 0.0121389)	(70, 0.0136897)	(71, 0.0143849)	(72, 0.0127806)	(73, 0.00860955)	(74, 0.0255078)	(75, 0.0135828)	(76, 0.458819)																									
SRR792098	(1, 0.283369)	(2, 0.0)	(3, 0.00010705)	(4, 0.0010102899999999998)	(5, 0.0)	(6, 0.0)	(7, 0.0)	(8, 0.0)	(9, 0.0)	(10, 0.0)	(11, 0.0)	(12, 6.69065e-06)	(13, 0.0)	(14, 0.0)	(15, 0.00010705)	(16, 0.0)	(17, 0.0)	(18, 0.0)	(19, 0.0)	(20, 0.0007694239999999999)	(21, 0.0)	(22, 0.000756043)	(23, 0.00010705)	(24, 0.00151209)	(25, 0.00234842)	(26, 0.0)	(27, 0.00040813000000000004)	(28, 0.000950072)	(29, 0.000521871)	(30, 0.000729281)	(31, 0.000575396)	(32, 2.67626e-05)	(33, 0.000173957)	(34, 0.00020741000000000002)	(35, 0.0)	(36, 0.000361295)	(37, 0.000521871)	(38, 0.000133813)	(39, 0.0)	(40, 0.000548633)	(41, 0.0)	(42, 0.00175964)	(43, 0.0013046800000000001)	(44, 0.000475036)	(45, 0.00135151)	(46, 0.00535252)	(47, 0.000501799)	(48, 0.0)	(49, 4.01439e-05)	(50, 7.35971e-05)	(51, 0.0)	(52, 0.0)	(53, 0.0)	(54, 8.02878e-05)	(55, 0.0)	(56, 0.0)	(57, 0.0)	(58, 0.000167266)	(59, 0.00169273)	(60, 0.00111065)	(61, 0.0045763999999999996)	(62, 0.0)	(63, 0.00031445999999999997)	(64, 2.67626e-05)	(65, 0.0)	(66, 6.021580000000001e-05)	(67, 9.366910000000001e-05)	(68, 0.000535252)	(69, 0.000194029)	(70, 0.000381367)	(71, 0.0)	(72, 0.0)	(73, 2.00719e-05)	(74, 0.00040813000000000004)	(75, 0.0)	(76, 0.0)	(77, 0.0)	(78, 0.0)	(79, 0.0)	(80, 0.0)	(81, 0.0)	(82, 0.0)	(83, 4.01439e-05)	(84, 0.0)	(85, 0.0)	(86, 0.000187338)	(87, 0.0)	(88, 3.34532e-05)	(89, 0.0)	(90, 0.0)	(91, 0.0)	(92, 0.0)	(93, 0.0)	(94, 0.0)	(95, 0.0)	(96, 0.000327842)	(97, 0.0)	(98, 9.366910000000001e-05)	(99, 0.0)	(100, 0.0)	
SRR867663	(1, 0.070359)	(2, 0.026902000000000002)	(3, 0.0036267499999999998)	(4, 0.014763)	(5, 0.13773100000000002)	(6, 0.38260099999999997)	(7, 0.11507500000000001)	(8, 0.7268870000000001)	(9, 0.284167)	(10, 0.115971)	(11, 0.10391700000000001)	(12, 0.106648)	(13, 0.0724711)	(14, 0.0907115)	(15, 0.0606308)	(16, 0.054124)	(17, 0.0728978)	(18, 0.0478518)	(19, 0.0597774)	(20, 0.0627428)	(21, 0.0314034)	(22, 0.0350728)	(23, 0.010901600000000001)	(24, 0.0036267499999999998)	(25, 0.006464159999999999)	(26, 0.0109869)	(27, 0.00200538)	(28, 0.00179204)	(29, 0.0104109)	(30, 0.00759485)	(31, 0.00893888)	(32, 0.000192005)	(33, 0.0048854499999999995)	(34, 0.017195099999999998)	(35, 0.0030294099999999997)	(36, 0.00102402)	(37, 0.0)	(38, 0.0024533899999999997)	(39, 6.400150000000001e-05)	(40, 0.00512012)	(41, 0.00817086)	(42, 0.0)	(43, 0.0)	(44, 0.0)	(45, 0.0)	(46, 0.000874688)	(47, 0.00234672)	(48, 0.0029867400000000003)	(49, 0.000106669)	(50, 6.400150000000001e-05)	(51, 0.007893520000000001)	(52, 0.0169604)	(53, 0.00202672)	(54, 0.00288007)	(55, 0.00232539)	(56, 0.00697617)	(57, 0.0035200799999999997)	(58, 0.00083202)	(59, 0.006485489999999999)	(60, 0.000149337)	(61, 0.006250820000000001)	(62, 8.53354e-05)	(63, 0.00213338)	(64, 0.00104536)	(65, 0.015061699999999999)	(66, 0.000789352)	(67, 0.0)	(68, 0.00433077)	(69, 0.00262406)	(70, 0.0118403)	(71, 0.00360542)	(72, 0.0035200799999999997)	(73, 0.000298674)	(74, 2.13338e-05)	(75, 0.00509879)	(76, 0.0014507)																									
