Sample	0	1	2	3	4	5	6	7	8	9	10	11	12	13	14	15	16	17	18	19	20	21	22	23	24	25	26	27	28	29	30	31	32	33	34	35	36	37	38	39	40	41	42	43	44	45	46	47	48	49	50	51	52	53	54	55	56	57	58	59	60	61	62	63	64	65	66	67	68	69	70	71	72	73	74	75	76	77	78	79	80	81	82	83	84	85	86	87	88	89	90	91	92	93	94	95	96	97	98	99	100
ERR031854	(1, 0.0)	(2, 0.0)	(3, 0.000317805)	(4, 0.0)	(5, 0.0)	(6, 0.0)	(7, 0.0)	(8, 0.0)	(9, 0.00227384)	(10, 0.0008016879999999999)	(11, 0.0)	(12, 0.000356761)	(13, 0.000914457)	(14, 0.00392232)	(15, 0.0014742)	(16, 0.00119331)	(17, 0.00297506)	(18, 0.00349175)	(19, 0.00058025)	(20, 0.00544779)	(21, 0.000149676)	(22, 0.0)	(23, 2.05035e-05)	(24, 0.0)	(25, 0.000508487)	(26, 0.00394898)	(27, 0.0)	(28, 0.0007155730000000001)	(29, 0.0)	(30, 0.0)	(31, 0.0)	(32, 0.000446996)	(33, 0.0)	(34, 0.00063364)	(35, 0.0)	(36, 3.69135e-05)	(37, 0.0023974)	(38, 0.0020734399999999997)	(39, 0.00032815)	(40, 0.0)	(41, 0.00466821)	(42, 0.00198753)	(43, 0.00010461)	(44, 0.0)	(45, 0.0)	(46, 0.0)	(47, 0.0)	(48, 0.0)	(49, 0.0)	(50, 0.000170282)	(51, 0.0)	(52, 0.0)	(53, 0.0)	(54, 0.0)	(55, 0.000315988)	(56, 8.207719999999999e-06)	(57, 0.0)	(58, 0.0)	(59, 0.0)	(60, 0.0)	(61, 0.0)	(62, 0.0)	(63, 0.0)	(64, 0.0)	(65, 0.0)	(66, 0.0)	(67, 0.0)	(68, 2.0527e-06)	(69, 0.0)	(70, 0.0)	(71, 0.0)	(72, 0.0)	(73, 0.0)	(74, 0.0)	(75, 0.0)	(76, 0.0)	(77, 0.0)	(78, 0.0)	(79, 0.0)	(80, 0.0)	(81, 0.0)	(82, 0.0)	(83, 0.000186885)	(84, 8.62577e-05)	(85, 0.0)	(86, 0.0)	(87, 0.0)	(88, 0.0)	(89, 0.0)	(90, 0.0)											
ERR031893	(1, 0.0360103)	(2, 0.00812784)	(3, 0.0033946899999999997)	(4, 0.00309147)	(5, 0.00560255)	(6, 2.36894e-06)	(7, 0.0)	(8, 0.0)	(9, 0.0)	(10, 0.0)	(11, 0.0)	(12, 0.0)	(13, 0.0)	(14, 0.0)	(15, 0.0)	(16, 0.0)	(17, 0.0)	(18, 0.0)	(19, 0.0)	(20, 0.0)	(21, 0.0)	(22, 0.0)	(23, 0.0)	(24, 0.0)	(25, 0.0)	(26, 0.0)	(27, 0.0)	(28, 0.0)	(29, 0.0)	(30, 0.0)	(31, 0.0)	(32, 0.0)	(33, 0.0)	(34, 0.0)	(35, 0.0)	(36, 0.0)	(37, 0.0)	(38, 0.0)	(39, 0.0)	(40, 0.0)	(41, 0.0)	(42, 0.0)	(43, 0.0)	(44, 0.0)	(45, 0.0)	(46, 0.0)	(47, 0.0)	(48, 0.0)	(49, 0.0)	(50, 0.0)	(51, 0.0)	(52, 0.0)	(53, 0.0)	(54, 0.0)	(55, 0.0)	(56, 0.0)	(57, 0.0)	(58, 0.0)	(59, 0.0)	(60, 0.0)	(61, 0.0)	(62, 0.0)	(63, 0.0)	(64, 0.0)	(65, 0.0)	(66, 0.0)	(67, 0.0)	(68, 0.0)	(69, 0.0)	(70, 0.0)	(71, 0.0)	(72, 0.0)	(73, 0.0)	(74, 0.0)	(75, 0.0)	(76, 0.0)	(77, 0.0)	(78, 0.0)	(79, 0.0)	(80, 0.0)	(81, 0.0)	(82, 0.0)	(83, 0.0)	(84, 0.0)	(85, 0.0)	(86, 0.0)	(87, 0.0)	(88, 0.0)	(89, 0.0)	(90, 0.0)											
ERR031925	(1, 0.104092)	(2, 0.09840120000000001)	(3, 0.0958466)	(4, 0.0975697)	(5, 0.10033600000000001)	(6, 0.0)	(7, 0.0)	(8, 0.0)	(9, 0.0)	(10, 0.0)	(11, 1.9988899999999998e-06)	(12, 0.0)	(13, 0.0)	(14, 0.0)	(15, 0.0)	(16, 0.0)	(17, 0.0)	(18, 0.0)	(19, 0.0)	(20, 0.0)	(21, 0.0)	(22, 0.0)	(23, 1.9988899999999998e-06)	(24, 0.0)	(25, 0.0)	(26, 0.0)	(27, 0.0)	(28, 0.0)	(29, 1.9988899999999998e-06)	(30, 0.0)	(31, 0.0)	(32, 0.0)	(33, 0.0)	(34, 0.0)	(35, 0.0)	(36, 0.0)	(37, 0.0)	(38, 0.0)	(39, 0.0)	(40, 0.0)	(41, 3.9994900000000006e-06)	(42, 0.0)	(43, 0.0)	(44, 0.0)	(45, 0.0)	(46, 0.0)	(47, 0.0)	(48, 0.0)	(49, 0.0)	(50, 2.00042e-06)	(51, 0.0)	(52, 0.00309089)	(53, 0.00187261)	(54, 0.0)	(55, 0.0)	(56, 0.0)	(57, 0.0)	(58, 0.0)	(59, 2.00114e-06)	(60, 0.0)	(61, 0.0)	(62, 0.0)	(63, 0.0)	(64, 0.00236386)	(65, 0.0)	(66, 0.0)	(67, 0.00220402)	(68, 0.0)	(69, 0.0)	(70, 0.0)	(71, 0.0)	(72, 0.0)	(73, 0.0011313200000000001)	(74, 0.0)	(75, 0.0)	(76, 0.0)	(77, 0.00167022)	(78, 0.000384526)	(79, 0.0)	(80, 0.0)	(81, 0.000492733)	(82, 0.0)	(83, 0.0)	(84, 0.0)	(85, 0.0)	(86, 0.0)	(87, 0.00244221)	(88, 0.0006671779999999999)	(89, 0.0)	(90, 0.0)											
ERR031976	(1, 0.0899937)	(2, 0.006202620000000001)	(3, 0.00992597)	(4, 0.0281593)	(5, 0.0328057)	(6, 0.0)	(7, 0.00312583)	(8, 0.00233657)	(9, 0.00252608)	(10, 0.0)	(11, 0.0)	(12, 0.0)	(13, 0.0)	(14, 0.0)	(15, 0.0)	(16, 0.0)	(17, 0.0)	(18, 0.0)	(19, 0.0)	(20, 0.0)	(21, 0.0)	(22, 0.0)	(23, 0.0)	(24, 0.0)	(25, 0.0)	(26, 0.00317043)	(27, 0.0)	(28, 0.0)	(29, 0.0)	(30, 0.0)	(31, 0.0)	(32, 0.0)	(33, 0.0)	(34, 0.0)	(35, 0.0)	(36, 0.0)	(37, 0.0)	(38, 0.0)	(39, 0.0)	(40, 0.0)	(41, 0.0)	(42, 0.0)	(43, 0.0)	(44, 0.0)	(45, 0.0)	(46, 0.0)	(47, 0.0)	(48, 7.361519999999999e-05)	(49, 0.0)	(50, 2.2309e-06)	(51, 0.0)	(52, 0.0)	(53, 0.0)	(54, 0.0)	(55, 0.0)	(56, 0.0)	(57, 0.00208634)	(58, 0.0)	(59, 0.0)	(60, 0.0)	(61, 0.0)	(62, 0.0)	(63, 0.000185241)	(64, 0.0)	(65, 0.0)	(66, 0.0)	(67, 0.0)	(68, 0.0)	(69, 0.0)	(70, 0.0)	(71, 1.56268e-05)	(72, 0.0)	(73, 0.0)	(74, 0.0)	(75, 0.0)	(76, 0.0)	(77, 0.0)	(78, 0.0)	(79, 2.2329500000000004e-06)	(80, 0.000131748)	(81, 9.15564e-05)	(82, 0.0)	(83, 0.0)	(84, 2.9032799999999998e-05)	(85, 0.00014516800000000002)	(86, 0.00374546)	(87, 0.00167513)	(88, 0.0061512699999999995)	(89, 0.00783789)	(90, 0.00719932)											
ERR031982	(1, 0.0057929)	(2, 0.0375087)	(3, 0.0714451)	(4, 0.08567229999999999)	(5, 0.100826)	(6, 0.0031262900000000003)	(7, 0.0)	(8, 0.0)	(9, 0.0)	(10, 0.0)	(11, 0.0)	(12, 0.0)	(13, 0.0)	(14, 0.0)	(15, 0.0)	(16, 0.0)	(17, 0.0)	(18, 0.0)	(19, 0.0)	(20, 0.0)	(21, 0.0)	(22, 0.0)	(23, 0.0)	(24, 0.0)	(25, 0.0)	(26, 2.28697e-06)	(27, 0.0)	(28, 0.000237845)	(29, 0.0)	(30, 0.0)	(31, 0.0)	(32, 0.0)	(33, 0.0)	(34, 0.0)	(35, 0.0)	(36, 0.0)	(37, 0.0)	(38, 0.0)	(39, 0.0)	(40, 0.0)	(41, 0.0)	(42, 0.0)	(43, 0.0)	(44, 0.0)	(45, 0.0)	(46, 0.0)	(47, 0.0)	(48, 0.0)	(49, 0.0)	(50, 2.28827e-06)	(51, 0.0)	(52, 2.28839e-06)	(53, 0.0)	(54, 0.0)	(55, 0.0)	(56, 0.0)	(57, 1.83094e-05)	(58, 0.0)	(59, 2.2888e-06)	(60, 0.0)	(61, 0.0)	(62, 0.0)	(63, 0.0)	(64, 0.0)	(65, 3.43378e-05)	(66, 0.0)	(67, 0.0)	(68, 0.0)	(69, 0.0)	(70, 0.00014653)	(71, 0.0)	(72, 0.0)	(73, 0.0)	(74, 0.0)	(75, 0.0)	(76, 0.0)	(77, 0.0)	(78, 0.0)	(79, 0.0)	(80, 0.000551933)	(81, 0.000320635)	(82, 0.0)	(83, 0.0)	(84, 0.00011910399999999999)	(85, 0.000540568)	(86, 0.0008864710000000001)	(87, 0.0012072)	(88, 0.00767412)	(89, 0.00673288)	(90, 0.00843765)											
ERR034521	(1, 0.0603536)	(2, 0.0)	(3, 0.00428044)	(4, 0.0)	(5, 0.0)	(6, 0.0)	(7, 0.000150782)	(8, 0.00171005)	(9, 0.0009632309999999999)	(10, 0.000918884)	(11, 0.000397355)	(12, 0.0)	(13, 0.0)	(14, 0.0)	(15, 0.0)	(16, 0.00015433)	(17, 0.0)	(18, 0.0)	(19, 0.0)	(20, 0.0)	(21, 0.0)	(22, 0.0)	(23, 0.0)	(24, 0.0)	(25, 0.0)	(26, 0.0)	(27, 0.0)	(28, 0.0)	(29, 0.0)	(30, 0.000102887)	(31, 0.000441703)	(32, 0.0)	(33, 8.16038e-05)	(34, 0.0)	(35, 0.0)	(36, 0.0)	(37, 0.0)	(38, 0.0)	(39, 0.0)	(40, 0.0)	(41, 0.0)	(42, 0.0)	(43, 0.0007434259999999999)	(44, 0.0)	(45, 0.0)	(46, 0.0)	(47, 0.0)	(48, 0.0)	(49, 0.0)	(50, 0.0)	(51, 0.0)	(52, 0.0)	(53, 0.0013645600000000001)	(54, 0.0)	(55, 0.0)	(56, 0.0)	(57, 0.0)	(58, 0.0)	(59, 0.0)	(60, 0.0)	(61, 0.0)	(62, 0.0)	(63, 0.0)	(64, 0.0)	(65, 0.0)	(66, 0.0)	(67, 0.0)	(68, 0.0)	(69, 0.0)	(70, 0.0)	(71, 0.000809285)	(72, 0.0011394)	(73, 0.0)	(74, 0.0)	(75, 0.0)	(76, 0.0)	(77, 0.0)	(78, 0.0)	(79, 0.0)	(80, 4.96977e-05)	(81, 0.0)	(82, 0.0)	(83, 0.00225777)	(84, 0.000307075)	(85, 0.000111827)	(86, 0.0)	(87, 0.0)	(88, 0.0)	(89, 0.0)	(90, 0.0)											
ERR034553	(1, 0.0)	(2, 0.241549)	(3, 0.0203881)	(4, 0.0193043)	(5, 0.0190459)	(6, 0.013474)	(7, 0.0)	(8, 0.0)	(9, 0.0)	(10, 0.0)	(11, 0.0)	(12, 4.87482e-06)	(13, 0.0)	(14, 0.0)	(15, 0.0)	(16, 0.0)	(17, 0.0)	(18, 0.0)	(19, 0.0)	(20, 0.0)	(21, 0.0)	(22, 0.0)	(23, 0.0)	(24, 0.0)	(25, 0.0)	(26, 0.0)	(27, 0.0)	(28, 0.0)	(29, 0.0)	(30, 0.0)	(31, 0.0)	(32, 0.0)	(33, 0.0)	(34, 0.0)	(35, 0.0)	(36, 0.0)	(37, 0.0)	(38, 0.000294156)	(39, 0.0)	(40, 0.0)	(41, 0.0)	(42, 0.000554214)	(43, 0.00034781000000000005)	(44, 0.0)	(45, 0.0)	(46, 0.0)	(47, 0.0)	(48, 0.0)	(49, 0.0)	(50, 0.0)	(51, 0.0)	(52, 0.0)	(53, 0.0)	(54, 0.0)	(55, 0.0)	(56, 0.0)	(57, 0.0)	(58, 0.0)	(59, 0.0)	(60, 0.0)	(61, 0.0)	(62, 0.0)	(63, 0.0)	(64, 0.0)	(65, 0.0)	(66, 0.0)	(67, 0.0)	(68, 0.0)	(69, 0.0)	(70, 0.000551108)	(71, 0.0)	(72, 0.0)	(73, 0.0)	(74, 0.0)	(75, 0.0)	(76, 0.0)	(77, 2.6012900000000003e-05)	(78, 0.0)	(79, 0.0)	(80, 0.0)	(81, 0.0)	(82, 0.0)	(83, 0.0)	(84, 0.000873127)	(85, 0.0)	(86, 0.0)	(87, 0.0)	(88, 0.0)	(89, 0.0)	(90, 0.0)											
ERR034626	(1, 0.0)	(2, 0.000340834)	(3, 0.00757434)	(4, 0.00258159)	(5, 0.00021187000000000002)	(6, 0.00605671)	(7, 0.00881562)	(8, 8.06026e-05)	(9, 0.0)	(10, 0.008094810000000001)	(11, 0.0054948)	(12, 0.0071667200000000006)	(13, 0.0)	(14, 0.000333925)	(15, 0.0)	(16, 0.0)	(17, 0.0)	(18, 0.0)	(19, 0.0)	(20, 0.002121)	(21, 0.00236741)	(22, 0.046917600000000004)	(23, 0.00124589)	(24, 0.00022799)	(25, 0.0)	(26, 0.012931)	(27, 0.00105474)	(28, 0.00119522)	(29, 0.0020404)	(30, 0.0)	(31, 0.0)	(32, 0.0)	(33, 0.000792259)	(34, 0.00466156)	(35, 7.60058e-05)	(36, 0.0007946250000000001)	(37, 0.0)	(38, 0.0018956700000000001)	(39, 7.83158e-05)	(40, 2.30345e-06)	(41, 0.0)	(42, 0.0)	(43, 0.0)	(44, 0.0)	(45, 0.0)	(46, 0.0)	(47, 0.0)	(48, 0.00106661)	(49, 6.91119e-06)	(50, 1.15188e-05)	(51, 0.0)	(52, 6.9114000000000004e-06)	(53, 0.0)	(54, 0.00103212)	(55, 0.000163574)	(56, 0.000105979)	(57, 0.00230161)	(58, 6.911809999999999e-05)	(59, 0.0)	(60, 0.0)	(61, 0.0)	(62, 0.0)	(63, 0.000154371)	(64, 0.0)	(65, 0.0)	(66, 0.0)	(67, 0.0)	(68, 0.0)	(69, 0.00039171500000000005)	(70, 0.0032927399999999997)	(71, 0.0)	(72, 0.0)	(73, 0.0)	(74, 0.0)	(75, 1.15218e-05)	(76, 0.0)	(77, 0.0)	(78, 0.0)	(79, 0.0)	(80, 0.0)	(81, 0.0)	(82, 0.0)	(83, 0.0)	(84, 0.0)	(85, 0.0)	(86, 0.0)	(87, 0.0)	(88, 0.0)	(89, 0.0)	(90, 0.0)											
ERR047840	(1, 0.0)	(2, 0.0)	(3, 0.0)	(4, 0.0)	(5, 0.0)	(6, 0.0)	(7, 0.0)	(8, 0.0)	(9, 0.0)	(10, 0.0)	(11, 0.0)	(12, 0.0)	(13, 0.0)	(14, 0.0)	(15, 0.0)	(16, 0.0)	(17, 0.0)	(18, 0.0)	(19, 0.0)	(20, 0.0)	(21, 0.0)	(22, 0.0)	(23, 0.0)	(24, 0.0)	(25, 1.92174e-06)	(26, 0.0)	(27, 0.0)	(28, 0.0)	(29, 0.00291912)	(30, 0.00374931)	(31, 0.0236528)	(32, 0.011749899999999999)	(33, 0.00195452)	(34, 0.007962450000000001)	(35, 0.0)	(36, 0.00108016)	(37, 0.00545089)	(38, 0.0)	(39, 0.0)	(40, 0.000805379)	(41, 0.0)	(42, 0.0)	(43, 0.000953433)	(44, 0.0)	(45, 0.0)	(46, 0.0)	(47, 0.0)	(48, 0.0)	(49, 9.41986e-05)	(50, 0.0)	(51, 0.0)	(52, 0.0)	(53, 0.0)	(54, 0.0)	(55, 0.0)	(56, 0.0)	(57, 1.92268e-06)	(58, 1.92271e-06)	(59, 0.0)	(60, 1.92277e-06)	(61, 0.0)	(62, 1.92284e-06)	(63, 0.0)	(64, 0.0)	(65, 0.0)	(66, 0.0)	(67, 0.0)	(68, 0.0)	(69, 0.0)	(70, 0.0)	(71, 0.0)	(72, 0.0)	(73, 0.0)	(74, 0.0)	(75, 0.0)	(76, 0.0)	(77, 0.0)	(78, 0.0)	(79, 0.0)	(80, 0.0)	(81, 0.0)	(82, 0.0)	(83, 0.0)	(84, 0.0)	(85, 0.0)	(86, 0.0)	(87, 0.0)	(88, 0.0)	(89, 0.0)	(90, 0.0)											
ERR050746	(1, 0.24695899999999998)	(2, 0.005254999999999999)	(3, 0.000276308)	(4, 0.000544034)	(5, 0.00562913)	(6, 0.00393009)	(7, 0.0279568)	(8, 0.013479)	(9, 0.0033894899999999998)	(10, 0.00243872)	(11, 0.00286433)	(12, 0.0)	(13, 0.0)	(14, 0.0)	(15, 0.0)	(16, 0.0)	(17, 0.000641858)	(18, 0.0)	(19, 0.0)	(20, 0.0)	(21, 5.14859e-06)	(22, 0.0)	(23, 0.0)	(24, 0.0)	(25, 0.0)	(26, 0.0)	(27, 0.0)	(28, 0.0)	(29, 0.0)	(30, 1.2013400000000001e-05)	(31, 0.0)	(32, 0.0)	(33, 0.0)	(34, 0.0)	(35, 0.0)	(36, 0.0)	(37, 0.0)	(38, 0.0)	(39, 0.0)	(40, 0.0)	(41, 0.0)	(42, 0.000954411)	(43, 0.0)	(44, 0.0)	(45, 0.0)	(46, 0.0)	(47, 0.0)	(48, 0.0)	(49, 0.0)	(50, 0.0)	(51, 0.0)	(52, 0.0)	(53, 0.0)	(54, 0.000666183)	(55, 0.0)	(56, 0.0)	(57, 0.0)	(58, 4.63634e-05)	(59, 0.000307378)	(60, 0.0)	(61, 0.0)	(62, 0.0)	(63, 0.0)	(64, 0.0)	(65, 0.0007453799999999999)	(66, 0.00110263)	(67, 0.0)	(68, 0.0)	(69, 1.20239e-05)	(70, 0.00025938000000000003)	(71, 0.00325693)	(72, 0.000247368)	(73, 0.00015460999999999999)	(74, 0.000937985)	(75, 0.0)	(76, 0.0)	(77, 0.0)	(78, 4.29525e-05)	(79, 0.0)	(80, 0.0)	(81, 0.0)	(82, 0.0)	(83, 0.0)	(84, 0.0)	(85, 0.0)	(86, 0.0)	(87, 0.0)	(88, 0.0)	(89, 0.0)	(90, 0.0)											
ERR250439	(1, 0.0)	(2, 0.0)	(3, 0.0)	(4, 0.0)	(5, 8.12743e-05)	(6, 0.0)	(7, 0.000792424)	(8, 0.00033525600000000003)	(9, 0.0)	(10, 0.0058949200000000005)	(11, 0.0132553)	(12, 0.00246871)	(13, 0.000665433)	(14, 0.0050517)	(15, 0.0137811)	(16, 0.00213345)	(17, 0.000670513)	(18, 1.26991e-05)	(19, 0.000114292)	(20, 7.1115e-05)	(21, 0.000807663)	(22, 0.00203186)	(23, 0.0005257430000000001)	(24, 0.000678132)	(25, 0.00056892)	(26, 0.0)	(27, 0.0)	(28, 0.0)	(29, 0.0)	(30, 2.28584e-05)	(31, 0.0)	(32, 2.5399199999999997e-06)	(33, 2.54001e-06)	(34, 2.54009e-06)	(35, 0.0)	(36, 0.0)	(37, 0.0)	(38, 0.0)	(39, 0.0)	(40, 0.0)	(41, 0.0)	(42, 0.0)	(43, 0.0)	(44, 0.0)	(45, 0.0)	(46, 0.0)	(47, 0.0)	(48, 0.0)	(49, 0.0)	(50, 0.0)	(51, 0.0)	(52, 0.17779799999999998)	(53, 0.0)	(54, 0.00296537)	(55, 0.010863)	(56, 0.008337289999999999)	(57, 0.0072244)	(58, 0.00704154)	(59, 0.000261742)	(60, 0.00138751)	(61, 0.000698844)	(62, 0.0)	(63, 0.0)	(64, 0.000696333)	(65, 0.0007598780000000001)	(66, 0.000853923)	(67, 0.000574379)	(68, 0.00118436)	(69, 0.0035327899999999996)	(70, 0.0037285400000000002)	(71, 0.0039929399999999995)	(72, 0.00136235)	(73, 7.37101e-05)	(74, 1.0167e-05)	(75, 4.57524e-05)	(76, 2.03347e-05)	(77, 0.000320276)	(78, 0.0)	(79, 0.0)	(80, 2.5419799999999997e-05)	(81, 0.0)	(82, 0.0)	(83, 0.0)	(84, 0.0)	(85, 0.0)	(86, 0.0)	(87, 0.0)	(88, 0.0)	(89, 0.0)	(90, 0.0)	(91, 0.0)	(92, 0.0)	(93, 0.0)	(94, 0.0)	(95, 0.0)	(96, 0.0)	(97, 0.0)	(98, 0.0)	(99, 0.0)	(100, 0.0)	
ERR250457	(1, 0.0)	(2, 0.000947635)	(3, 7.7169e-05)	(4, 0.00120692)	(5, 0.0)	(6, 0.0)	(7, 0.000364238)	(8, 0.0012779199999999999)	(9, 4.32146e-05)	(10, 0.00829721)	(11, 0.00317628)	(12, 8.02557e-05)	(13, 0.00011421)	(14, 0.0032781399999999997)	(15, 0.00388623)	(16, 0.00314541)	(17, 0.00038275799999999997)	(18, 0.004398630000000001)	(19, 0.000518576)	(20, 0.00294168)	(21, 0.00208356)	(22, 0.000808731)	(23, 0.000395105)	(24, 0.000175945)	(25, 0.00477213)	(26, 0.0035281699999999997)	(27, 0.0)	(28, 0.0)	(29, 3.39544e-05)	(30, 5.24749e-05)	(31, 0.00023150700000000002)	(32, 6.1737799999999995e-06)	(33, 0.0)	(34, 0.0)	(35, 0.0)	(36, 0.0)	(37, 0.0)	(38, 0.0)	(39, 0.0)	(40, 0.0)	(41, 0.0)	(42, 0.0)	(43, 0.0)	(44, 0.0)	(45, 0.0)	(46, 0.0)	(47, 0.0)	(48, 0.0)	(49, 0.0)	(50, 0.0)	(51, 0.0)	(52, 0.192072)	(53, 0.0)	(54, 0.00600376)	(55, 0.0317333)	(56, 0.020899499999999998)	(57, 0.0183919)	(58, 0.021394200000000002)	(59, 0.00407073)	(60, 0.0010285099999999998)	(61, 4.01525e-05)	(62, 0.00018841000000000002)	(63, 0.0)	(64, 0.0)	(65, 0.000939003)	(66, 0.00085253)	(67, 0.0)	(68, 0.00375622)	(69, 0.00247741)	(70, 0.000117385)	(71, 0.007290329999999999)	(72, 0.0008587890000000001)	(73, 0.0)	(74, 0.0)	(75, 0.0)	(76, 0.000605512)	(77, 0.000571538)	(78, 0.0)	(79, 4.0163399999999996e-05)	(80, 3.70744e-05)	(81, 0.0)	(82, 5.87031e-05)	(83, 0.000123588)	(84, 8.033400000000001e-05)	(85, 6.79764e-05)	(86, 0.0)	(87, 1.8540000000000002e-05)	(88, 0.0)	(89, 0.0)	(90, 0.0)	(91, 0.0)	(92, 0.0)	(93, 0.0)	(94, 0.0)	(95, 0.0)	(96, 0.0)	(97, 0.0)	(98, 0.0)	(99, 0.0)	(100, 0.0)	
ERR250529	(1, 0.0857513)	(2, 0.0705276)	(3, 0.0560574)	(4, 0.046961300000000004)	(5, 0.04997820000000001)	(6, 0.0)	(7, 0.0)	(8, 0.0)	(9, 0.0)	(10, 0.0)	(11, 0.0)	(12, 0.0)	(13, 0.0)	(14, 0.0)	(15, 0.0)	(16, 0.0)	(17, 0.0)	(18, 0.0)	(19, 0.0)	(20, 0.0)	(21, 0.0)	(22, 0.0)	(23, 0.0)	(24, 0.0)	(25, 0.0)	(26, 0.0)	(27, 0.0)	(28, 0.0)	(29, 0.0)	(30, 0.0)	(31, 0.0)	(32, 0.0)	(33, 0.0)	(34, 0.0)	(35, 3.23397e-06)	(36, 0.0)	(37, 3.23414e-06)	(38, 0.0)	(39, 0.0)	(40, 0.0)	(41, 0.0)	(42, 0.0)	(43, 0.0)	(44, 0.0)	(45, 0.0)	(46, 0.0)	(47, 0.0)	(48, 0.0)	(49, 0.0)	(50, 0.0)	(51, 0.0)	(52, 0.0)	(53, 0.0)	(54, 0.0)	(55, 0.0)	(56, 0.0)	(57, 0.0)	(58, 0.0)	(59, 0.0)	(60, 0.0)	(61, 0.0)	(62, 0.0)	(63, 0.0)	(64, 0.0)	(65, 0.0)	(66, 0.0)	(67, 0.0)	(68, 0.0)	(69, 0.0)	(70, 0.0)	(71, 0.0)	(72, 0.0)	(73, 0.0)	(74, 0.00969646)	(75, 0.0)	(76, 0.0)	(77, 3.23677e-06)	(78, 3.5605800000000004e-05)	(79, 0.000129481)	(80, 0.0)	(81, 0.000171578)	(82, 1.295e-05)	(83, 0.0139221)	(84, 0.000184561)	(85, 7.44776e-05)	(86, 0.0006638799999999999)	(87, 0.000592693)	(88, 0.000317437)	(89, 0.000609048)	(90, 0.000265692)	(91, 0.0)	(92, 0.00107939)	(93, 0.0015821899999999998)	(94, 0.00249066)	(95, 0.000762337)	(96, 0.00045430700000000004)	(97, 0.0007368920000000001)	(98, 0.000870347)	(99, 0.00200141)	(100, 0.0066345499999999995)	
ERR250603	(1, 0.17047)	(2, 3.13525e-06)	(3, 0.885209)	(4, 3.13525e-06)	(5, 4.70287e-05)	(6, 0.0)	(7, 0.0)	(8, 0.0)	(9, 0.0291985)	(10, 3.13525e-06)	(11, 0.0)	(12, 0.0)	(13, 0.0114186)	(14, 3.13525e-06)	(15, 0.0)	(16, 0.0)	(17, 0.0)	(18, 0.0)	(19, 0.0)	(20, 0.0)	(21, 3.13525e-06)	(22, 9.40574e-06)	(23, 0.0)	(24, 0.0)	(25, 0.984991)	(26, 0.103419)	(27, 0.0)	(28, 1.56762e-05)	(29, 0.0)	(30, 0.0)	(31, 0.0)	(32, 0.0)	(33, 0.0)	(34, 0.0)	(35, 0.0)	(36, 0.0)	(37, 0.0)	(38, 0.0)	(39, 0.0)	(40, 0.0)	(41, 0.0)	(42, 0.0)	(43, 0.0)	(44, 6.27261e-06)	(45, 1.25455e-05)	(46, 0.0)	(47, 0.0)	(48, 0.0)	(49, 0.0)	(50, 0.0)	(51, 0.0)	(52, 0.0)	(53, 0.0)	(54, 0.0)	(55, 0.0024750099999999997)	(56, 7.21498e-05)	(57, 0.0)	(58, 0.00248769)	(59, 1.8822700000000002e-05)	(60, 0.0008062540000000001)	(61, 0.008743480000000001)	(62, 0.0)	(63, 3.13736e-06)	(64, 0.0)	(65, 0.0)	(66, 0.0)	(67, 6.27527e-06)	(68, 6.275420000000001e-06)	(69, 0.0)	(70, 0.0)	(71, 0.0)	(72, 0.0)	(73, 0.0)	(74, 0.0)	(75, 0.0)	(76, 0.0)	(77, 0.0)	(78, 0.0)	(79, 0.0)	(80, 0.0)	(81, 0.0)	(82, 0.0)	(83, 0.0)	(84, 0.0)	(85, 0.0)	(86, 0.0)	(87, 0.0)	(88, 0.0)	(89, 0.0)	(90, 0.0)	(91, 0.0)	(92, 0.0659457)	(93, 0.0209241)	(94, 0.0191369)	(95, 0.0225454)	(96, 0.006729789999999999)	(97, 0.0330342)	(98, 0.0574886)	(99, 0.0405542)	(100, 0.0713109)	
ERR250643	(1, 0.0136014)	(2, 0.0134638)	(3, 0.0050754699999999995)	(4, 0.00600019)	(5, 0.006523889999999999)	(6, 0.0)	(7, 0.0)	(8, 0.0)	(9, 0.0)	(10, 0.0)	(11, 0.0)	(12, 0.0)	(13, 0.0)	(14, 0.0)	(15, 0.0)	(16, 0.0)	(17, 0.0)	(18, 0.0)	(19, 0.0)	(20, 0.0)	(21, 0.0)	(22, 0.0)	(23, 0.0)	(24, 0.0)	(25, 0.0)	(26, 0.0)	(27, 0.0)	(28, 0.0)	(29, 0.0)	(30, 0.0)	(31, 0.0)	(32, 0.0)	(33, 0.0)	(34, 0.0)	(35, 0.0)	(36, 0.0)	(37, 0.0)	(38, 0.0)	(39, 0.0)	(40, 0.0)	(41, 0.0)	(42, 0.0)	(43, 0.0)	(44, 0.0)	(45, 0.0)	(46, 0.0)	(47, 0.0)	(48, 0.0)	(49, 0.0)	(50, 0.0)	(51, 0.0)	(52, 0.0)	(53, 0.0)	(54, 0.0)	(55, 0.0)	(56, 0.0)	(57, 0.0)	(58, 0.0)	(59, 0.0)	(60, 0.0)	(61, 0.0)	(62, 0.0)	(63, 0.0)	(64, 0.0)	(65, 0.0)	(66, 0.0)	(67, 0.0)	(68, 0.0)	(69, 0.0)	(70, 0.0)	(71, 0.0)	(72, 0.0)	(73, 0.0)	(74, 0.0)	(75, 0.0)	(76, 0.0)	(77, 0.0)	(78, 0.0)	(79, 0.0)	(80, 0.0)	(81, 0.0)	(82, 0.0)	(83, 0.0)	(84, 0.0)	(85, 0.0)	(86, 0.0)	(87, 0.0)	(88, 0.0)	(89, 0.0)	(90, 0.0)	(91, 0.0)	(92, 0.0)	(93, 0.0)	(94, 0.0)	(95, 0.0)	(96, 0.0)	(97, 0.0)	(98, 0.0)	(99, 0.0)	(100, 0.0)	
ERR250681	(1, 0.0487205)	(2, 0.0923456)	(3, 0.0)	(4, 0.0)	(5, 0.0)	(6, 0.0)	(7, 0.0)	(8, 0.0)	(9, 0.0)	(10, 0.0)	(11, 0.0)	(12, 0.0)	(13, 0.0)	(14, 0.0)	(15, 0.0)	(16, 0.0)	(17, 0.0)	(18, 0.0)	(19, 0.0006752780000000001)	(20, 0.000318881)	(21, 0.000917789)	(22, 0.000549333)	(23, 0.000970042)	(24, 0.00290209)	(25, 2.0097600000000002e-05)	(26, 0.00012862399999999998)	(27, 0.0)	(28, 0.0011335000000000002)	(29, 0.0)	(30, 0.0)	(31, 0.00303875)	(32, 0.0)	(33, 0.0)	(34, 0.0)	(35, 0.0)	(36, 0.0)	(37, 0.0)	(38, 1.34074e-06)	(39, 0.000501466)	(40, 0.0)	(41, 0.0)	(42, 0.0)	(43, 8.851209999999999e-05)	(44, 0.0)	(45, 0.000105956)	(46, 0.0)	(47, 0.0)	(48, 0.0)	(49, 0.0)	(50, 0.0)	(51, 0.0)	(52, 0.0)	(53, 0.000827763)	(54, 0.00190647)	(55, 0.0)	(56, 0.0)	(57, 0.0)	(58, 6.03821e-05)	(59, 0.00036230599999999996)	(60, 0.0026167399999999998)	(61, 0.0)	(62, 0.00118097)	(63, 0.0072901)	(64, 0.000306002)	(65, 2.01325e-05)	(66, 0.0)	(67, 0.0)	(68, 0.0)	(69, 0.0)	(70, 0.0)	(71, 0.0)	(72, 0.0)	(73, 0.0)	(74, 0.0)	(75, 0.0)	(76, 0.0)	(77, 0.0)	(78, 0.0)	(79, 0.0)	(80, 0.0)	(81, 0.0)	(82, 0.0)	(83, 0.0)	(84, 0.0)	(85, 8.06485e-06)	(86, 0.0)	(87, 0.0)	(88, 0.0)	(89, 0.0)	(90, 0.0)	(91, 0.00024101500000000002)	(92, 0.0)	(93, 0.0)	(94, 0.0)	(95, 0.0)	(96, 0.0)	(97, 0.0)	(98, 0.0)	(99, 0.0)	(100, 0.0)	
ERR250992	(1, 0.0406747)	(2, 7.32745e-06)	(3, 1.83186e-05)	(4, 0.000538568)	(5, 0.000696108)	(6, 9.89206e-05)	(7, 0.00159372)	(8, 0.0)	(9, 0.0008170110000000001)	(10, 0.000553222)	(11, 0.000424992)	(12, 1.83186e-05)	(13, 0.0)	(14, 0.0)	(15, 0.0)	(16, 0.0)	(17, 0.0)	(18, 0.0)	(19, 0.0)	(20, 0.000131894)	(21, 0.0)	(22, 0.0)	(23, 0.0)	(24, 0.0)	(25, 0.0)	(26, 0.0)	(27, 0.0)	(28, 0.0)	(29, 0.0)	(30, 0.0)	(31, 0.0)	(32, 0.0)	(33, 0.0)	(34, 0.0)	(35, 0.0)	(36, 0.0)	(37, 0.0)	(38, 0.0)	(39, 0.0)	(40, 0.0)	(41, 0.0)	(42, 0.0)	(43, 0.0)	(44, 0.0)	(45, 0.0)	(46, 0.0)	(47, 0.0)	(48, 0.0)	(49, 0.0)	(50, 0.0)	(51, 1.09959e-05)	(52, 3.66536e-06)	(53, 0.0)	(54, 0.0)	(55, 0.0)	(56, 0.0)	(57, 0.0)	(58, 0.0)	(59, 0.0)	(60, 0.0)	(61, 0.0)	(62, 0.0)	(63, 0.0)	(64, 0.0)	(65, 0.0)	(66, 0.000527908)	(67, 0.0)	(68, 0.0)	(69, 0.0)	(70, 3.29965e-05)	(71, 0.0)	(72, 0.0)	(73, 0.0)	(74, 0.0)	(75, 0.0)	(76, 0.0)	(77, 0.0)	(78, 0.0)	(79, 0.0)	(80, 9.53369e-05)	(81, 0.0)	(82, 0.0)	(83, 0.0)	(84, 0.0)	(85, 6.96754e-05)	(86, 0.0)	(87, 0.0)	(88, 0.0)	(89, 0.0)	(90, 0.0)	(91, 0.0)	(92, 0.0)	(93, 0.0)	(94, 0.0)	(95, 0.0)	(96, 0.0)	(97, 0.0)	(98, 0.0)	(99, 0.0)	(100, 0.0)	
HG00097	(1, 0.0)	(2, 0.0)	(3, 0.0)	(4, 0.0)	(5, 0.0)	(6, 0.0)	(7, 0.0)	(8, 0.0)	(9, 0.0)	(10, 0.0)	(11, 0.0)	(12, 0.0)	(13, 0.0)	(14, 0.0)	(15, 0.0)	(16, 0.0)	(17, 0.0)	(18, 0.0)	(19, 0.0)	(20, 0.0)	(21, 0.0)	(22, 0.0)	(23, 0.0)	(24, 0.0)	(25, 0.0)	(26, 0.0)	(27, 0.0)	(28, 0.0)	(29, 0.0)	(30, 0.0)	(31, 0.0)	(32, 0.0)	(33, 0.0)	(34, 0.0)	(35, 0.0)	(36, 0.0)	(37, 0.0)	(38, 0.0)	(39, 0.0)	(40, 0.0)	(41, 0.0)	(42, 0.0)	(43, 0.0)	(44, 0.0)	(45, 0.0)	(46, 0.0)	(47, 0.0)	(48, 0.0)	(49, 0.0)	(50, 0.0)	(51, 0.0)	(52, 0.0)	(53, 0.0)	(54, 0.0)	(55, 0.0)	(56, 0.0)	(57, 0.0)	(58, 0.0)	(59, 0.0)	(60, 0.0)	(61, 0.0)	(62, 0.0)	(63, 0.0)	(64, 0.0)	(65, 0.0)	(66, 0.0)	(67, 0.0)	(68, 0.0)	(69, 0.0)	(70, 0.0)	(71, 0.0)	(72, 0.0)	(73, 0.0)	(74, 0.0)	(75, 0.0)	(76, 0.0)	(77, 8.84683e-05)	(78, 1.4748299999999999e-05)	(79, 0.0)	(80, 0.0)	(81, 0.0)	(82, 0.382693)	(83, 0.0442812)	(84, 0.043139300000000005)	(85, 0.0406052)	(86, 0.028164900000000003)	(87, 0.00286417)	(88, 0.0)	(89, 0.0)	(90, 0.0)	(91, 0.0)	(92, 0.0)	(93, 0.0)	(94, 0.0)	(95, 0.0)	(96, 0.0)	(97, 0.0)	(98, 0.0)	(99, 0.0)	(100, 0.0)	(101, 0.0046530899999999995)
HG00105	(1, 0.00016629)	(2, 0.000144118)	(3, 0.000221719)	(4, 0.00011086)	(5, 0.000181071)	(6, 0.0)	(7, 0.0)	(8, 0.0)	(9, 0.0)	(10, 0.0)	(11, 0.0)	(12, 1.84766e-05)	(13, 0.0)	(14, 0.0)	(15, 0.0)	(16, 0.0)	(17, 0.0)	(18, 0.0)	(19, 0.0)	(20, 0.0)	(21, 0.0)	(22, 7.3906399999999994e-06)	(23, 0.000332579)	(24, 3.6953199999999997e-06)	(25, 0.0)	(26, 0.0)	(27, 0.0)	(28, 0.0)	(29, 0.0)	(30, 0.0)	(31, 0.0)	(32, 0.0)	(33, 0.0)	(34, 0.0)	(35, 0.000103476)	(36, 0.0)	(37, 0.0)	(38, 0.0)	(39, 0.0)	(40, 0.0)	(41, 0.0)	(42, 7.391739999999999e-06)	(43, 0.0)	(44, 0.0)	(45, 0.0)	(46, 0.0)	(47, 0.0)	(48, 0.0)	(49, 0.0)	(50, 0.0)	(51, 0.0)	(52, 0.0)	(53, 0.0)	(54, 0.0)	(55, 0.0)	(56, 3.69622e-06)	(57, 0.0)	(58, 0.0)	(59, 0.0)	(60, 0.0)	(61, 3.69636e-05)	(62, 1.84819e-05)	(63, 0.0)	(64, 0.0)	(65, 0.0)	(66, 5.9144699999999996e-05)	(67, 0.0)	(68, 0.0)	(69, 0.0)	(70, 0.0)	(71, 0.0)	(72, 0.0)	(73, 0.0)	(74, 3.32771e-05)	(75, 0.0)	(76, 0.0)	(77, 0.0)	(78, 0.0)	(79, 0.0)	(80, 0.0)	(81, 0.006805899999999999)	(82, 0.000211003)	(83, 0.000181443)	(84, 0.00171136)	(85, 0.000385398)	(86, 0.00265828)	(87, 0.00028192500000000004)	(88, 0.00516688)	(89, 0.058228100000000005)	(90, 0.0616393)	(91, 0.205296)	(92, 0.058223)	(93, 0.057077699999999995)	(94, 0.313997)	(95, 0.272746)	(96, 3.74457e-05)	(97, 0.00637278)	(98, 0.0)	(99, 0.012802399999999999)	(100, 0.0)	(101, 0.0)
HG00106	(1, 0.000447314)	(2, 0.00248616)	(3, 0.000638558)	(4, 0.000171795)	(5, 0.00034683100000000003)	(6, 6.48282e-06)	(7, 0.0)	(8, 3.24141e-06)	(9, 0.0)	(10, 2.91727e-05)	(11, 9.72423e-06)	(12, 0.000145863)	(13, 0.0)	(14, 0.0)	(15, 0.00018475999999999999)	(16, 0.0)	(17, 0.0)	(18, 0.0)	(19, 0.0)	(20, 0.0)	(21, 0.0)	(22, 0.0)	(23, 0.0)	(24, 0.0)	(25, 0.0)	(26, 0.0)	(27, 0.0)	(28, 0.0)	(29, 0.0)	(30, 4.53797e-05)	(31, 0.0)	(32, 0.0)	(33, 0.0)	(34, 0.0)	(35, 0.0)	(36, 0.0)	(37, 0.0)	(38, 0.0)	(39, 0.0)	(40, 0.0)	(41, 0.0)	(42, 0.0)	(43, 0.0)	(44, 0.0)	(45, 0.0)	(46, 0.0)	(47, 0.0)	(48, 0.0)	(49, 0.00011023100000000001)	(50, 0.0)	(51, 0.0)	(52, 0.0)	(53, 0.0)	(54, 0.0)	(55, 0.0)	(56, 0.0)	(57, 0.0)	(58, 3.2423099999999997e-06)	(59, 0.0)	(60, 0.0)	(61, 0.0)	(62, 0.000265879)	(63, 0.0)	(64, 0.0)	(65, 0.0)	(66, 0.0)	(67, 6.4853e-06)	(68, 0.0)	(69, 3.2428100000000004e-06)	(70, 0.0)	(71, 0.00018161000000000002)	(72, 7.13506e-05)	(73, 0.000330827)	(74, 0.0)	(75, 0.0)	(76, 3.24433e-06)	(77, 0.0)	(78, 0.0)	(79, 0.0)	(80, 0.0)	(81, 0.000142906)	(82, 5.84823e-05)	(83, 1.95023e-05)	(84, 0.00010081200000000001)	(85, 5.2061900000000004e-05)	(86, 9.7681e-06)	(87, 2.6068100000000002e-05)	(88, 2.28293e-05)	(89, 0.0435034)	(90, 0.0351954)	(91, 0.12898300000000001)	(92, 0.0336416)	(93, 0.059783199999999995)	(94, 0.170062)	(95, 0.137656)	(96, 0.00850973)	(97, 0.015837499999999997)	(98, 0.0099037)	(99, 0.0)	(100, 0.00296186)	(101, 6.69192e-05)
HG00125	(1, 0.031461199999999995)	(2, 2.79502e-05)	(3, 0.000255852)	(4, 0.0)	(5, 0.0)	(6, 0.0)	(7, 0.0)	(8, 0.0)	(9, 0.0)	(10, 0.0)	(11, 0.0)	(12, 0.0)	(13, 0.0)	(14, 0.0)	(15, 0.011033900000000001)	(16, 0.0)	(17, 0.0)	(18, 0.0)	(19, 0.0)	(20, 0.0)	(21, 0.0)	(22, 0.0)	(23, 0.0)	(24, 0.0)	(25, 0.0)	(26, 0.00125776)	(27, 0.0)	(28, 0.0)	(29, 0.0)	(30, 0.0)	(31, 0.00028810200000000004)	(32, 0.0)	(33, 0.0)	(34, 0.0)	(35, 0.025704900000000003)	(36, 0.0)	(37, 0.0199368)	(38, 0.0)	(39, 4.08606e-05)	(40, 0.0)	(41, 0.0)	(42, 0.0)	(43, 0.0)	(44, 0.0)	(45, 0.0)	(46, 0.0)	(47, 0.0)	(48, 0.0)	(49, 0.0)	(50, 0.0)	(51, 0.0)	(52, 0.0)	(53, 0.0)	(54, 0.0)	(55, 0.0)	(56, 0.0)	(57, 0.0)	(58, 0.0)	(59, 0.0)	(60, 0.0)	(61, 0.0)	(62, 0.0)	(63, 0.00589174)	(64, 0.0)	(65, 0.0)	(66, 0.0)	(67, 0.0)	(68, 0.0)	(69, 0.0)	(70, 0.0)	(71, 0.0)	(72, 0.0)	(73, 0.0006048329999999999)	(74, 0.0)	(75, 0.0)	(76, 0.0)	(77, 0.0)	(78, 0.0)	(79, 0.0)	(80, 0.0)	(81, 0.000736285)	(82, 0.00101403)	(83, 0.0)	(84, 0.0)	(85, 0.0)	(86, 0.0)	(87, 0.00923524)	(88, 0.00408481)	(89, 0.0)	(90, 0.0)											
HG00145	(1, 0.0)	(2, 0.0)	(3, 0.0)	(4, 0.0)	(5, 0.0)	(6, 0.0)	(7, 0.0)	(8, 0.0)	(9, 0.0)	(10, 0.0)	(11, 0.0)	(12, 0.0)	(13, 0.24586999999999998)	(14, 0.0)	(15, 0.0)	(16, 0.0)	(17, 0.0)	(18, 0.0)	(19, 0.0)	(20, 0.0)	(21, 0.0)	(22, 0.0)	(23, 0.0)	(24, 0.0)	(25, 0.0)	(26, 0.0)	(27, 0.0)	(28, 2.2523e-06)	(29, 3.3784500000000002e-06)	(30, 1.12615e-06)	(31, 0.00163968)	(32, 0.00139546)	(33, 0.000313138)	(34, 0.0)	(35, 0.0013575500000000001)	(36, 0.000339132)	(37, 0.00206761)	(38, 0.0148878)	(39, 0.0192477)	(40, 0.00388698)	(41, 0.000475616)	(42, 0.0)	(43, 0.0)	(44, 0.00017020999999999998)	(45, 0.0)	(46, 0.0)	(47, 0.0)	(48, 0.0)	(49, 0.0)	(50, 0.0)	(51, 0.0)	(52, 0.0)	(53, 0.0)	(54, 0.0)	(55, 0.0)	(56, 0.0)	(57, 0.0)	(58, 0.0)	(59, 0.0)	(60, 0.0)	(61, 0.0)	(62, 0.0)	(63, 0.0)	(64, 0.0)	(65, 0.0)	(66, 0.0)	(67, 0.0)	(68, 0.0)	(69, 0.0)	(70, 0.0)	(71, 0.0)	(72, 0.0)	(73, 0.0)	(74, 0.0)	(75, 0.0)	(76, 0.177793)																									
HG00171	(1, 0.0)	(2, 0.0015860899999999999)	(3, 0.005504360000000001)	(4, 0.00020521799999999999)	(5, 0.0)	(6, 0.0105287)	(7, 0.00257566)	(8, 0.000186087)	(9, 0.000744349)	(10, 0.0)	(11, 0.0)	(12, 0.0)	(13, 0.00197566)	(14, 0.000314783)	(15, 0.0)	(16, 0.0)	(17, 0.0)	(18, 0.00110087)	(19, 0.0)	(20, 0.00019999999999999998)	(21, 0.00883654)	(22, 0.0008886969999999999)	(23, 0.00145913)	(24, 0.000419131)	(25, 0.00015130500000000002)	(26, 0.00873915)	(27, 0.0074661)	(28, 0.00101044)	(29, 0.00244696)	(30, 0.00536175)	(31, 0.00072348)	(32, 0.0005008850000000001)	(33, 2.26099e-05)	(34, 0.0)	(35, 0.0)	(36, 0.0)	(37, 0.00343874)	(38, 0.0)	(39, 0.0)	(40, 0.0)	(41, 0.0)	(42, 0.00402001)	(43, 0.0)	(44, 0.0)	(45, 0.0)	(46, 0.000243543)	(47, 0.00166829)	(48, 4.697e-05)	(49, 0.0)	(50, 4.87106e-05)	(51, 0.0)	(52, 0.0)	(53, 0.00018962900000000002)	(54, 0.0)	(55, 0.0)	(56, 0.0)	(57, 0.0)	(58, 0.0)	(59, 0.0)	(60, 0.0)	(61, 0.0)	(62, 0.0)	(63, 0.0)	(64, 0.0)	(65, 0.0)	(66, 0.0)	(67, 0.0)	(68, 3.47994e-06)	(69, 0.0)	(70, 0.0)	(71, 0.0)	(72, 0.0)	(73, 0.0)	(74, 0.0)	(75, 0.0)	(76, 0.0)	(77, 0.0)	(78, 0.0)	(79, 0.0)	(80, 0.0)	(81, 0.0)	(82, 0.0)	(83, 0.0)	(84, 0.0)	(85, 0.0)	(86, 0.0)	(87, 0.0)	(88, 0.0)	(89, 0.0)	(90, 0.0)											
HG00173	(1, 0.0042927)	(2, 0.000195662)	(3, 2.96457e-06)	(4, 0.0)	(5, 0.0)	(6, 0.0)	(7, 0.0)	(8, 0.0)	(9, 0.0)	(10, 0.0)	(11, 0.0)	(12, 0.0)	(13, 0.0)	(14, 0.0)	(15, 0.0)	(16, 0.0)	(17, 0.0)	(18, 0.0)	(19, 0.0)	(20, 0.0)	(21, 0.0)	(22, 0.0)	(23, 0.0)	(24, 0.0)	(25, 0.0)	(26, 0.0)	(27, 0.0)	(28, 0.0)	(29, 0.0)	(30, 0.0)	(31, 0.0)	(32, 0.0)	(33, 0.0)	(34, 0.0)	(35, 0.0)	(36, 0.0)	(37, 0.0)	(38, 0.0)	(39, 0.0)	(40, 0.0)	(41, 0.0)	(42, 0.0)	(43, 0.0)	(44, 0.0)	(45, 0.0)	(46, 0.0)	(47, 0.0)	(48, 0.0)	(49, 0.0)	(50, 0.0)	(51, 0.0)	(52, 0.0)	(53, 0.0)	(54, 0.0)	(55, 0.0)	(56, 0.0)	(57, 0.0)	(58, 0.0)	(59, 0.0)	(60, 0.0)	(61, 0.0)	(62, 0.0)	(63, 0.0)	(64, 0.0)	(65, 0.0)	(66, 0.0)	(67, 0.0)	(68, 0.0)	(69, 0.0)	(70, 0.0)	(71, 0.0)	(72, 0.0)	(73, 0.0)	(74, 0.0)	(75, 0.0)	(76, 0.0)	(77, 0.0)	(78, 0.0)	(79, 0.0)	(80, 0.0)	(81, 0.0)	(82, 0.000116137)	(83, 0.0)	(84, 0.0)	(85, 0.0)	(86, 0.0)	(87, 0.068038)	(88, 0.131547)	(89, 0.136603)	(90, 0.125351)	(91, 0.436686)	(92, 0.05033410000000001)	(93, 0.0)	(94, 0.0)	(95, 0.0)	(96, 0.0)	(97, 0.0)	(98, 0.0)	(99, 0.0)	(100, 0.0)	(101, 0.0)
HG00407	(1, 0.0707744)	(2, 0.0616059)	(3, 0.0859883)	(4, 0.0956936)	(5, 0.121437)	(6, 0.0)	(7, 0.0)	(8, 0.0)	(9, 0.0)	(10, 0.0)	(11, 0.0)	(12, 0.0)	(13, 0.0)	(14, 0.0)	(15, 0.0)	(16, 0.0)	(17, 0.0)	(18, 0.0)	(19, 0.0)	(20, 0.0)	(21, 0.0)	(22, 0.0)	(23, 0.0)	(24, 0.0)	(25, 0.0)	(26, 0.0)	(27, 0.0)	(28, 0.0)	(29, 0.0)	(30, 0.0)	(31, 0.0)	(32, 0.0)	(33, 0.0)	(34, 0.0)	(35, 0.0)	(36, 0.0)	(37, 0.0)	(38, 0.0)	(39, 0.0)	(40, 0.0)	(41, 0.0)	(42, 0.0)	(43, 0.0)	(44, 0.0)	(45, 0.0)	(46, 0.0)	(47, 0.0)	(48, 0.0)	(49, 0.0)	(50, 0.0)	(51, 0.0)	(52, 2.5696999999999997e-06)	(53, 0.0)	(54, 0.0)	(55, 0.0)	(56, 0.0)	(57, 0.0)	(58, 0.0)	(59, 0.0)	(60, 0.0)	(61, 0.0)	(62, 0.0)	(63, 0.0)	(64, 0.0)	(65, 0.0)	(66, 0.0)	(67, 0.0)	(68, 0.0)	(69, 0.0)	(70, 0.0)	(71, 0.0)	(72, 0.0)	(73, 0.0)	(74, 0.0)	(75, 0.0)	(76, 2.57154e-06)	(77, 5.1432300000000006e-06)	(78, 7.71509e-06)	(79, 6.172259999999999e-05)	(80, 0.0)	(81, 7.97301e-05)	(82, 9.002069999999999e-05)	(83, 0.000105456)	(84, 4.3726999999999997e-05)	(85, 1.0289000000000001e-05)	(86, 0.0011164)	(87, 0.0028631100000000003)	(88, 0.00413403)	(89, 0.00433742)	(90, 0.006359739999999999)											
HG00956	(1, 0.247063)	(2, 0.00523839)	(3, 0.000257931)	(4, 0.000531816)	(5, 0.00573563)	(6, 0.00402585)	(7, 0.028119799999999997)	(8, 0.013497499999999999)	(9, 0.00331321)	(10, 0.00240115)	(11, 0.00284256)	(12, 0.0)	(13, 0.0)	(14, 0.0)	(15, 0.0)	(16, 0.0)	(17, 0.0007684740000000001)	(18, 0.0)	(19, 0.0)	(20, 0.0)	(21, 7.97724e-06)	(22, 0.0)	(23, 0.0)	(24, 0.0)	(25, 0.0)	(26, 0.0)	(27, 0.0)	(28, 0.0)	(29, 0.0)	(30, 1.3295399999999998e-05)	(31, 0.0)	(32, 0.0)	(33, 0.0)	(34, 2.65928e-06)	(35, 0.0)	(36, 0.0)	(37, 0.0)	(38, 2.65949e-06)	(39, 0.0)	(40, 0.0)	(41, 0.0)	(42, 0.00095215)	(43, 0.0)	(44, 0.0)	(45, 0.0)	(46, 0.0)	(47, 0.0)	(48, 0.0)	(49, 0.0)	(50, 0.0)	(51, 0.0)	(52, 0.0)	(53, 0.0)	(54, 0.000657039)	(55, 0.0)	(56, 0.0)	(57, 0.0)	(58, 2.6601900000000004e-05)	(59, 0.000287305)	(60, 0.0)	(61, 0.0)	(62, 0.0)	(63, 0.0)	(64, 0.0)	(65, 0.0007716050000000001)	(66, 0.00105631)	(67, 0.0)	(68, 0.0)	(69, 2.66097e-05)	(70, 0.000255456)	(71, 0.0032624399999999997)	(72, 0.00027143)	(73, 0.000199583)	(74, 0.0009340589999999999)	(75, 0.0)	(76, 0.0)	(77, 0.0)	(78, 3.99188e-05)	(79, 0.0)	(80, 0.0)	(81, 0.0)	(82, 0.0)	(83, 0.0)	(84, 0.0)	(85, 0.0)	(86, 0.0)	(87, 0.0)	(88, 0.0)	(89, 0.0)	(90, 0.0)											
HG01501	(1, 0.0)	(2, 0.0124738)	(3, 0.0)	(4, 0.0)	(5, 0.0)	(6, 0.0)	(7, 0.0)	(8, 0.0)	(9, 0.0)	(10, 0.0)	(11, 0.0)	(12, 0.0)	(13, 0.0182793)	(14, 0.0175512)	(15, 0.015347000000000001)	(16, 0.00442141)	(17, 0.0)	(18, 0.0)	(19, 0.000455917)	(20, 0.00013447899999999998)	(21, 0.0)	(22, 0.0)	(23, 0.004509969999999999)	(24, 0.0)	(25, 0.0)	(26, 0.0)	(27, 0.0212182)	(28, 0.0)	(29, 0.0)	(30, 0.0)	(31, 0.0957458)	(32, 0.0)	(33, 0.0)	(34, 0.0)	(35, 0.0)	(36, 0.0)	(37, 0.0)	(38, 0.0)	(39, 0.0)	(40, 0.0)	(41, 0.0)	(42, 0.0)	(43, 0.0)	(44, 0.0)	(45, 0.0)	(46, 0.0)	(47, 0.0)	(48, 0.0)	(49, 0.0)	(50, 0.0)	(51, 0.00012138999999999999)	(52, 3.28084e-06)	(53, 0.0)	(54, 0.0)	(55, 0.0)	(56, 0.0)	(57, 0.0)	(58, 0.0)	(59, 0.0)	(60, 0.00411768)	(61, 0.000229673)	(62, 0.0)	(63, 0.0)	(64, 0.0)	(65, 0.0)	(66, 0.0)	(67, 0.0)	(68, 0.0)	(69, 0.0)	(70, 0.0)	(71, 0.0)	(72, 0.0)	(73, 0.0)	(74, 0.0)	(75, 0.0)	(76, 0.0)	(77, 0.0)	(78, 0.000236353)	(79, 0.0118976)	(80, 0.011731499999999999)	(81, 0.0)	(82, 0.0)	(83, 0.0)	(84, 0.0)	(85, 0.0)	(86, 0.0)	(87, 0.0)	(88, 0.0)	(89, 0.0)	(90, 0.0)	(91, 0.0)	(92, 0.0)	(93, 0.0)	(94, 0.0)	(95, 0.0)	(96, 0.0)	(97, 0.0)	(98, 0.0)	(99, 0.0)	(100, 0.0)	(101, 0.0)
HG01503	(1, 0.174923)	(2, 0.032837399999999996)	(3, 0.0246229)	(4, 0.0243815)	(5, 0.024606600000000003)	(6, 0.0)	(7, 0.0)	(8, 0.0)	(9, 0.0)	(10, 0.0)	(11, 0.0)	(12, 0.0)	(13, 0.0)	(14, 0.0005934719999999999)	(15, 0.00030696799999999997)	(16, 0.0111614)	(17, 0.0067410199999999995)	(18, 0.00595518)	(19, 7.776529999999999e-05)	(20, 0.00383915)	(21, 0.0)	(22, 0.0)	(23, 0.0)	(24, 0.0)	(25, 0.0)	(26, 0.0)	(27, 0.0)	(28, 0.0)	(29, 0.0)	(30, 0.0)	(31, 0.0)	(32, 0.0)	(33, 0.0)	(34, 0.0)	(35, 0.00469906)	(36, 4.093330000000001e-06)	(37, 0.0)	(38, 0.0)	(39, 0.0)	(40, 0.0)	(41, 0.0)	(42, 4.093649999999999e-06)	(43, 0.00540368)	(44, 0.0)	(45, 0.0)	(46, 0.0)	(47, 0.0)	(48, 0.0)	(49, 0.0)	(50, 0.0)	(51, 0.0)	(52, 0.0)	(53, 0.0)	(54, 0.00022107899999999997)	(55, 0.0)	(56, 0.0)	(57, 0.0)	(58, 0.0)	(59, 0.0)	(60, 0.0)	(61, 0.0)	(62, 0.0)	(63, 0.0)	(64, 0.0)	(65, 0.0)	(66, 4.09442e-06)	(67, 0.00294393)	(68, 0.0)	(69, 0.000536388)	(70, 0.0)	(71, 0.0)	(72, 4.9136899999999994e-05)	(73, 0.0)	(74, 1.6379499999999998e-05)	(75, 0.0)	(76, 3.68554e-05)	(77, 0.0)	(78, 0.0)	(79, 0.0)	(80, 0.0)	(81, 2.04806e-05)	(82, 7.783289999999999e-05)	(83, 0.000303159)	(84, 0.000131112)	(85, 0.0344592)	(86, 0.0041111)	(87, 0.0022835499999999996)	(88, 0.0120035)	(89, 0.009527279999999999)	(90, 0.00428166)	(91, 0.00875355)	(92, 0.0034406000000000003)	(93, 0.0016496500000000001)	(94, 0.000115287)	(95, 0.00206066)	(96, 0.0024589)	(97, 0.00020652300000000001)	(98, 0.00179907)	(99, 9.93988e-05)	(100, 0.00351746)	(101, 0.000785265)
HG01504	(1, 0.010479)	(2, 0.00205659)	(3, 0.00012118599999999999)	(4, 0.000256628)	(5, 0.8759370000000001)	(6, 0.0)	(7, 0.0)	(8, 0.0)	(9, 1.05209)	(10, 0.0)	(11, 0.0)	(12, 0.0)	(13, 0.0)	(14, 0.0)	(15, 0.000217421)	(16, 0.108807)	(17, 0.000584542)	(18, 0.00111206)	(19, 0.00500425)	(20, 1.6858600000000001)	(21, 0.000531078)	(22, 0.0)	(23, 0.0)	(24, 0.0)	(25, 0.0)	(26, 0.0)	(27, 0.0)	(28, 3.5642799999999998e-06)	(29, 0.000488307)	(30, 0.0013972)	(31, 0.00012475)	(32, 7.12873e-05)	(33, 0.00518626)	(34, 0.00300488)	(35, 0.00021743800000000003)	(36, 0.0)	(37, 0.0)	(38, 0.0)	(39, 0.0)	(40, 0.0449665)	(41, 0.0)	(42, 0.0)	(43, 0.0)	(44, 0.0)	(45, 0.0)	(46, 0.0)	(47, 0.0)	(48, 0.0)	(49, 0.0013476)	(50, 0.0)	(51, 0.00013191)	(52, 0.0210273)	(53, 0.0)	(54, 0.13533499999999998)	(55, 0.0)	(56, 0.0)	(57, 0.0)	(58, 0.0)	(59, 0.0)	(60, 0.0)	(61, 0.0)	(62, 0.0)	(63, 0.0)	(64, 0.0)	(65, 0.0)	(66, 0.0)	(67, 0.0)	(68, 0.0)	(69, 0.0)	(70, 0.0)	(71, 0.0)	(72, 0.0)	(73, 0.0)	(74, 0.0)	(75, 0.000456532)	(76, 0.0)	(77, 0.0)	(78, 0.0)	(79, 0.030775300000000002)	(80, 7.851169999999999e-05)	(81, 7.13882e-05)	(82, 0.000357024)	(83, 0.00018570200000000002)	(84, 0.0012431599999999999)	(85, 0.00226566)	(86, 0.0025633500000000003)	(87, 0.00365912)	(88, 3.57893e-06)	(89, 0.0)	(90, 0.027063500000000004)	(91, 0.0942446)	(92, 0.113596)	(93, 0.396144)	(94, 0.0766695)	(95, 0.000201816)	(96, 0.000855376)	(97, 0.0)	(98, 0.0)	(99, 0.0)	(100, 0.0)	(101, 0.0)
HG01596	(1, 0.183843)	(2, 0.071086)	(3, 0.061280999999999995)	(4, 0.05801270000000001)	(5, 0.0694518)	(6, 0.0)	(7, 0.0)	(8, 0.0)	(9, 0.0)	(10, 0.0)	(11, 0.0)	(12, 0.0)	(13, 0.0)	(14, 0.0)	(15, 0.0)	(16, 0.0)	(17, 0.0)	(18, 0.0)	(19, 0.0)	(20, 0.0)	(21, 0.0)	(22, 0.0)	(23, 0.0)	(24, 0.0)	(25, 0.0)	(26, 0.0)	(27, 0.0)	(28, 0.0)	(29, 0.0)	(30, 0.0)	(31, 0.0)	(32, 0.0)	(33, 0.0)	(34, 0.0)	(35, 0.0)	(36, 0.0)	(37, 0.0)	(38, 0.0)	(39, 0.0)	(40, 0.0)	(41, 0.0)	(42, 0.0)	(43, 0.0)	(44, 0.0)	(45, 0.0)	(46, 0.0)	(47, 0.0)	(48, 0.0)	(49, 0.0)	(50, 0.0)	(51, 0.0)	(52, 0.0)	(53, 0.0)	(54, 0.0)	(55, 0.0)	(56, 0.0)	(57, 0.0)	(58, 0.0)	(59, 0.0)	(60, 0.0)	(61, 0.0)	(62, 0.0)	(63, 0.0)	(64, 0.0)	(65, 0.0)	(66, 0.0400589)	(67, 0.0)	(68, 0.0)	(69, 0.0)	(70, 0.0)	(71, 0.0)	(72, 0.0)	(73, 0.0)	(74, 0.0)	(75, 0.0)	(76, 0.0)	(77, 0.0)	(78, 0.0)	(79, 0.0)	(80, 0.0)	(81, 0.0)	(82, 0.0)	(83, 0.0)	(84, 0.0)	(85, 0.0)	(86, 0.0)	(87, 0.0)	(88, 0.0)	(89, 0.0777033)	(90, 0.207761)											
HG01880	(1, 0.135109)	(2, 0.063207)	(3, 0.0941719)	(4, 0.101241)	(5, 0.0780826)	(6, 0.0)	(7, 0.0)	(8, 4.1785499999999995e-05)	(9, 0.0)	(10, 0.0)	(11, 0.0)	(12, 0.00035971900000000004)	(13, 0.0)	(14, 0.0)	(15, 0.0)	(16, 0.0)	(17, 0.0)	(18, 0.0)	(19, 0.0)	(20, 0.0)	(21, 0.0)	(22, 0.0)	(23, 0.0)	(24, 0.0)	(25, 0.0)	(26, 0.00010718899999999999)	(27, 0.0)	(28, 0.0)	(29, 0.0)	(30, 0.0)	(31, 6.722020000000001e-05)	(32, 1.4534500000000001e-05)	(33, 0.000323402)	(34, 0.00026163499999999997)	(35, 0.0)	(36, 0.0)	(37, 0.00033615100000000003)	(38, 0.0)	(39, 0.0)	(40, 2.18055e-05)	(41, 0.0)	(42, 0.0)	(43, 0.0)	(44, 3.99793e-05)	(45, 0.0)	(46, 0.0)	(47, 0.0)	(48, 0.0)	(49, 0.0)	(50, 0.0)	(51, 0.0)	(52, 0.0)	(53, 0.0)	(54, 0.0)	(55, 0.0)	(56, 0.0)	(57, 7.27018e-06)	(58, 0.0)	(59, 0.0)	(60, 0.0)	(61, 3.27176e-05)	(62, 8.179509999999999e-05)	(63, 0.0)	(64, 0.0)	(65, 0.0)	(66, 0.0)	(67, 0.0)	(68, 0.0)	(69, 0.0)	(70, 0.0)	(71, 0.0)	(72, 0.0)	(73, 0.0)	(74, 0.0)	(75, 0.0)	(76, 0.0)	(77, 0.0)	(78, 0.0)	(79, 0.0)	(80, 0.0)	(81, 0.0)	(82, 0.0)	(83, 0.0)	(84, 0.0)	(85, 0.0)	(86, 0.0)	(87, 0.0)	(88, 0.0)	(89, 0.0)	(90, 0.0)											
HG01882	(1, 0.175006)	(2, 0.033654)	(3, 0.0477112)	(4, 0.0393328)	(5, 0.0213119)	(6, 0.0)	(7, 0.0)	(8, 0.0)	(9, 0.0)	(10, 0.0)	(11, 3.3892999999999996e-05)	(12, 0.0)	(13, 4.06716e-05)	(14, 1.69465e-06)	(15, 0.0)	(16, 0.0)	(17, 0.0)	(18, 0.0)	(19, 0.0)	(20, 0.0)	(21, 0.0)	(22, 0.0)	(23, 0.0)	(24, 0.0)	(25, 0.0)	(26, 0.0)	(27, 0.0)	(28, 0.0)	(29, 0.0)	(30, 0.0)	(31, 0.0)	(32, 0.0)	(33, 0.0)	(34, 0.0)	(35, 0.0)	(36, 0.0)	(37, 0.0)	(38, 1.6949100000000001e-06)	(39, 0.0)	(40, 0.0)	(41, 0.0)	(42, 0.0)	(43, 0.0)	(44, 0.0)	(45, 0.0)	(46, 0.0)	(47, 0.0)	(48, 0.0)	(49, 0.0)	(50, 0.0)	(51, 0.0)	(52, 0.0)	(53, 0.0)	(54, 0.0)	(55, 0.0)	(56, 0.0)	(57, 0.0)	(58, 5.934130000000001e-05)	(59, 0.0)	(60, 1.18687e-05)	(61, 0.0)	(62, 0.0)	(63, 0.0)	(64, 0.0)	(65, 0.0)	(66, 0.0)	(67, 0.0)	(68, 1.69582e-06)	(69, 0.0)	(70, 0.0)	(71, 0.0)	(72, 0.0)	(73, 0.0)	(74, 0.0)	(75, 0.0)	(76, 3.3924099999999998e-06)	(77, 0.0)	(78, 0.0)	(79, 0.0)	(80, 1.69647e-06)	(81, 0.0)	(82, 0.0)	(83, 0.0)	(84, 0.0)	(85, 0.0)	(86, 0.0)	(87, 0.0)	(88, 0.0)	(89, 0.0)	(90, 0.0)											
HG01886	(1, 0.0)	(2, 0.0)	(3, 0.0)	(4, 0.0)	(5, 0.0)	(6, 0.0)	(7, 0.0)	(8, 0.0)	(9, 0.0)	(10, 0.0)	(11, 0.0)	(12, 0.0)	(13, 0.0)	(14, 0.0)	(15, 0.0)	(16, 0.0)	(17, 0.0)	(18, 0.0)	(19, 0.0)	(20, 0.0)	(21, 0.0)	(22, 3.51522e-06)	(23, 0.0)	(24, 5.85871e-06)	(25, 7.030450000000001e-06)	(26, 5.27284e-06)	(27, 0.0)	(28, 0.0)	(29, 0.0)	(30, 0.0)	(31, 0.0)	(32, 0.0)	(33, 0.0)	(34, 0.0)	(35, 0.0)	(36, 0.0)	(37, 0.0)	(38, 0.0)	(39, 0.0)	(40, 0.0)	(41, 0.0)	(42, 0.0)	(43, 0.0)	(44, 1.1724e-06)	(45, 1.75865e-06)	(46, 8.20723e-06)	(47, 0.00015359599999999998)	(48, 9.380149999999999e-06)	(49, 0.0)	(50, 0.0)	(51, 0.0)	(52, 0.0)	(53, 0.0)	(54, 0.0)	(55, 0.0)	(56, 0.0)	(57, 0.0)	(58, 5.86382e-07)	(59, 5.863940000000001e-07)	(60, 5.86407e-07)	(61, 0.0)	(62, 0.0)	(63, 0.0)	(64, 0.0)	(65, 0.0)	(66, 0.00192308)	(67, 4.10547e-06)	(68, 1.1730200000000002e-06)	(69, 0.0)	(70, 0.0)	(71, 0.0)	(72, 0.0)	(73, 0.0)	(74, 0.0)	(75, 0.0)	(76, 0.0)	(77, 0.0)	(78, 0.0)	(79, 0.0)	(80, 0.0)	(81, 0.0)	(82, 0.0)	(83, 0.0)	(84, 0.0)	(85, 0.0)	(86, 0.0)	(87, 0.0)	(88, 0.0)	(89, 0.0)	(90, 0.0)	(91, 0.0290973)	(92, 0.0068780099999999995)	(93, 0.00305354)	(94, 0.000687262)	(95, 7.27786e-05)	(96, 0.000153193)	(97, 0.0)	(98, 0.000200753)	(99, 0.0)	(100, 0.0)	
HG01890	(1, 0.0108921)	(2, 0.00207482)	(3, 0.00010185000000000001)	(4, 0.000273539)	(5, 0.910337)	(6, 0.0)	(7, 0.0)	(8, 0.0)	(9, 1.05856)	(10, 0.0)	(11, 0.0)	(12, 0.0)	(13, 0.0)	(14, 0.0)	(15, 0.000183329)	(16, 0.111659)	(17, 0.0006605669999999999)	(18, 0.00121638)	(19, 0.00503428)	(20, 1.74073)	(21, 0.000520888)	(22, 0.0)	(23, 0.0)	(24, 0.0)	(25, 0.0)	(26, 0.0)	(27, 0.0)	(28, 0.0)	(29, 0.000375389)	(30, 0.00141716)	(31, 9.60296e-05)	(32, 7.56618e-05)	(33, 0.00534011)	(34, 0.00314303)	(35, 0.000227001)	(36, 0.0)	(37, 0.0)	(38, 0.0)	(39, 0.0)	(40, 0.0462046)	(41, 0.0)	(42, 0.0)	(43, 0.0)	(44, 0.0)	(45, 0.0)	(46, 0.0)	(47, 0.0)	(48, 0.0)	(49, 0.00141464)	(50, 0.0)	(51, 0.00012225500000000001)	(52, 0.021054200000000002)	(53, 0.0)	(54, 0.134358)	(55, 0.0)	(56, 0.0)	(57, 0.0)	(58, 0.0)	(59, 0.0)	(60, 0.0)	(61, 0.0)	(62, 0.0)	(63, 0.0)	(64, 0.0)	(65, 0.0)	(66, 0.0)	(67, 0.0)	(68, 0.0)	(69, 0.0)	(70, 0.0)	(71, 0.0)	(72, 0.0)	(73, 0.0)	(74, 0.0)	(75, 0.00039602599999999995)	(76, 0.0)	(77, 0.0)	(78, 0.0)	(79, 0.031330000000000004)	(80, 9.32198e-05)	(81, 7.86643e-05)	(82, 0.000335105)	(83, 0.000157381)	(84, 0.00120684)	(85, 0.00204688)	(86, 0.00249082)	(87, 0.00395045)	(88, 5.83744e-06)	(89, 2.91996e-06)	(90, 0.027130699999999997)	(91, 0.0960107)	(92, 0.115317)	(93, 0.401098)	(94, 0.0782267)	(95, 0.00022571899999999998)	(96, 0.000686578)	(97, 0.0)	(98, 0.0)	(99, 0.0)	(100, 0.0)	(101, 0.0)
HG02013	(1, 0.00559718)	(2, 0.0)	(3, 0.0)	(4, 5.6948100000000005e-05)	(5, 4.06772e-05)	(6, 0.0)	(7, 0.0)	(8, 0.0)	(9, 0.0)	(10, 0.0)	(11, 0.0)	(12, 0.0)	(13, 0.0)	(14, 0.0)	(15, 0.0)	(16, 0.0)	(17, 0.0)	(18, 0.0)	(19, 0.0)	(20, 0.0)	(21, 0.0)	(22, 0.0)	(23, 0.0)	(24, 0.0)	(25, 0.0)	(26, 0.000636598)	(27, 0.00028474)	(28, 0.0009599809999999999)	(29, 0.000388467)	(30, 0.000974218)	(31, 8.33882e-05)	(32, 0.00170444)	(33, 8.33948e-05)	(34, 5.49204e-05)	(35, 0.0)	(36, 0.0)	(37, 0.0)	(38, 0.0)	(39, 0.0)	(40, 0.0)	(41, 0.0)	(42, 0.0)	(43, 0.0)	(44, 0.0)	(45, 0.0)	(46, 0.0)	(47, 0.0)	(48, 0.0)	(49, 0.0)	(50, 0.0)	(51, 0.0)	(52, 0.0)	(53, 0.0)	(54, 0.0)	(55, 0.0)	(56, 0.0)	(57, 0.0)	(58, 5.9013799999999994e-05)	(59, 0.000191289)	(60, 0.0)	(61, 0.0)	(62, 0.0)	(63, 0.0)	(64, 0.0)	(65, 0.0)	(66, 0.0)	(67, 0.0)	(68, 0.0)	(69, 0.0)	(70, 0.0)	(71, 0.0)	(72, 0.0)	(73, 0.0)	(74, 3.2567599999999996e-05)	(75, 2.6461599999999998e-05)	(76, 0.0)	(77, 0.0)	(78, 6.92113e-05)	(79, 0.0)	(80, 0.0)	(81, 0.0)	(82, 0.0)	(83, 0.0)	(84, 0.0)	(85, 0.0)	(86, 0.0)	(87, 0.0)	(88, 0.00171443)	(89, 0.00087761)	(90, 0.000961134)											
HG02651	(1, 0.00760317)	(2, 0.000274326)	(3, 0.00194338)	(4, 0.00202713)	(5, 0.000577529)	(6, 0.0)	(7, 0.0)	(8, 0.000153045)	(9, 3.46517e-05)	(10, 0.000213686)	(11, 0.000782551)	(12, 0.00434302)	(13, 0.000398495)	(14, 2.88764e-06)	(15, 5.77529e-05)	(16, 0.0)	(17, 0.00418131)	(18, 0.000531326)	(19, 0.0)	(20, 0.00039272000000000005)	(21, 0.000112618)	(22, 0.0)	(23, 0.0)	(24, 0.0)	(25, 4.33147e-05)	(26, 0.0)	(27, 8.66293e-06)	(28, 0.000329191)	(29, 0.0)	(30, 0.0)	(31, 0.0)	(32, 0.0)	(33, 1.15514e-05)	(34, 0.0)	(35, 0.00427426)	(36, 0.0)	(37, 0.0)	(38, 0.0)	(39, 0.00033504199999999997)	(40, 0.0)	(41, 0.0)	(42, 0.00112072)	(43, 9.820900000000001e-05)	(44, 0.0)	(45, 0.0)	(46, 8.37707e-05)	(47, 0.000118436)	(48, 0.0)	(49, 0.0)	(50, 0.0)	(51, 0.0)	(52, 0.0)	(53, 0.0)	(54, 0.00152248)	(55, 0.000522907)	(56, 0.0)	(57, 0.0013000700000000002)	(58, 4.9114600000000006e-05)	(59, 2.0223899999999998e-05)	(60, 0.0)	(61, 0.0)	(62, 0.0)	(63, 0.0)	(64, 0.000173359)	(65, 0.00205722)	(66, 7.80135e-05)	(67, 4.9120700000000006e-05)	(68, 0.0)	(69, 0.0)	(70, 0.0)	(71, 6.6461e-05)	(72, 0.000115586)	(73, 0.0009015820000000001)	(74, 0.000725321)	(75, 0.000644418)	(76, 0.000335217)	(77, 2.8898399999999998e-05)	(78, 0.0)	(79, 0.00010692700000000001)	(80, 2.88996e-06)	(81, 0.0)	(82, 0.0)	(83, 0.0)	(84, 2.89016e-06)	(85, 0.0)	(86, 0.0)	(87, 0.0)	(88, 0.00141634)	(89, 0.0018442799999999998)	(90, 0.0)	(91, 0.0)	(92, 0.0)	(93, 0.000257426)	(94, 0.00024301299999999999)	(95, 0.0)	(96, 8.39381e-05)	(97, 0.0)	(98, 0.0)	(99, 0.0)	(100, 0.0)	
HG02691	(1, 0.0912348)	(2, 0.0260177)	(3, 0.0344618)	(4, 0.044080299999999996)	(5, 0.045384499999999994)	(6, 0.0)	(7, 0.0)	(8, 0.0)	(9, 0.0)	(10, 0.0)	(11, 0.0)	(12, 0.0)	(13, 0.0)	(14, 0.0)	(15, 0.0)	(16, 0.0)	(17, 0.0)	(18, 0.0)	(19, 0.0)	(20, 0.0)	(21, 0.0)	(22, 0.0)	(23, 0.0)	(24, 0.0)	(25, 0.0)	(26, 0.0)	(27, 0.0)	(28, 0.0)	(29, 0.0)	(30, 0.0)	(31, 0.0)	(32, 0.0)	(33, 0.0)	(34, 0.0)	(35, 0.0)	(36, 0.0)	(37, 0.0)	(38, 0.0)	(39, 0.0)	(40, 0.0)	(41, 0.0)	(42, 0.0)	(43, 0.0)	(44, 0.00029953)	(45, 0.0)	(46, 9.98464e-06)	(47, 0.0)	(48, 1.66415e-05)	(49, 0.0)	(50, 6.656779999999999e-06)	(51, 0.000911989)	(52, 0.0)	(53, 0.0)	(54, 0.0)	(55, 0.0)	(56, 0.000505951)	(57, 0.0)	(58, 0.0)	(59, 0.000149794)	(60, 0.0)	(61, 0.0)	(62, 6.65775e-06)	(63, 0.00147138)	(64, 0.0015879199999999998)	(65, 0.00160791)	(66, 0.000209731)	(67, 0.00102205)	(68, 0.0025035500000000002)	(69, 0.00161801)	(70, 0.00189769)	(71, 0.000895587)	(72, 4.32817e-05)	(73, 0.0)	(74, 0.0)	(75, 0.0)	(76, 0.0)	(77, 0.0)	(78, 0.0)	(79, 0.0)	(80, 0.0)	(81, 0.0)	(82, 0.0)	(83, 0.0)	(84, 0.0)	(85, 0.0)	(86, 0.0)	(87, 0.0)	(88, 0.0)	(89, 1.33229e-05)	(90, 0.0)	(91, 0.0)	(92, 0.0)	(93, 0.0)	(94, 0.0)	(95, 0.0)	(96, 0.0)	(97, 1.00047e-05)	(98, 0.0)	(99, 0.0)	(100, 0.0)	
HG02813	(1, 0.0924303)	(2, 0.0)	(3, 0.0)	(4, 0.0)	(5, 0.0)	(6, 0.0)	(7, 0.0)	(8, 0.0)	(9, 0.0)	(10, 0.0)	(11, 0.0)	(12, 0.0)	(13, 0.0)	(14, 0.0)	(15, 0.0)	(16, 0.0026159499999999997)	(17, 0.0)	(18, 0.0)	(19, 0.0)	(20, 0.0)	(21, 0.0244156)	(22, 0.048831099999999995)	(23, 0.0113358)	(24, 0.0)	(25, 0.0)	(26, 0.0)	(27, 0.0)	(28, 0.00871984)	(29, 0.0)	(30, 0.0)	(31, 0.0)	(32, 0.0)	(33, 0.0)	(34, 0.0)	(35, 0.0)	(36, 0.0)	(37, 0.0)	(38, 0.0)	(39, 0.0)	(40, 0.0)	(41, 0.0)	(42, 0.0)	(43, 0.0)	(44, 0.0)	(45, 0.0)	(46, 0.0)	(47, 0.0)	(48, 0.0)	(49, 0.0)	(50, 0.0)	(51, 0.0)	(52, 0.0)	(53, 0.138712)	(54, 0.328907)	(55, 0.0)	(56, 0.0)	(57, 0.0)	(58, 0.0)	(59, 0.0)	(60, 0.0)	(61, 0.0)	(62, 0.0)	(63, 0.0)	(64, 0.0)	(65, 0.0)	(66, 0.0)	(67, 0.0)	(68, 0.0)	(69, 0.0)	(70, 0.0)	(71, 0.0)	(72, 0.0)	(73, 0.0)	(74, 0.0)	(75, 0.0)	(76, 0.0)	(77, 0.0)	(78, 0.0)	(79, 0.0)	(80, 0.0)	(81, 0.0)	(82, 0.0)	(83, 0.0)	(84, 0.0)	(85, 0.0)	(86, 0.0)	(87, 0.0)	(88, 0.0)	(89, 0.0)	(90, 0.0)	(91, 0.0)	(92, 0.0)	(93, 0.0)	(94, 0.0)	(95, 0.0)	(96, 0.0)	(97, 0.0)	(98, 0.0)	(99, 0.0)	(100, 0.0)	
HG02814	(1, 0.101332)	(2, 0.0)	(3, 0.0)	(4, 0.0)	(5, 0.0)	(6, 0.0)	(7, 0.0)	(8, 0.0)	(9, 0.0)	(10, 0.0)	(11, 0.0)	(12, 0.0)	(13, 0.0)	(14, 0.0)	(15, 0.0)	(16, 0.000873553)	(17, 0.0)	(18, 0.0)	(19, 0.0)	(20, 0.0)	(21, 0.014850400000000001)	(22, 0.0384363)	(23, 0.00698843)	(24, 0.0)	(25, 0.0)	(26, 0.0)	(27, 0.0)	(28, 0.00524132)	(29, 0.0)	(30, 0.0)	(31, 0.0)	(32, 0.0)	(33, 0.0)	(34, 0.0)	(35, 0.0)	(36, 0.0)	(37, 0.0)	(38, 0.0)	(39, 0.0)	(40, 0.0)	(41, 0.0)	(42, 0.0)	(43, 0.0)	(44, 0.0)	(45, 0.0)	(46, 0.0)	(47, 0.0)	(48, 0.0)	(49, 0.0)	(50, 0.0)	(51, 0.0)	(52, 0.0)	(53, 0.156451)	(54, 0.38020800000000005)	(55, 0.0)	(56, 0.0)	(57, 0.0)	(58, 0.0)	(59, 0.0)	(60, 0.0)	(61, 0.0)	(62, 0.0)	(63, 0.0)	(64, 0.0)	(65, 0.0)	(66, 0.0)	(67, 0.0)	(68, 0.0)	(69, 0.0)	(70, 0.0)	(71, 0.0)	(72, 0.0)	(73, 0.0)	(74, 0.0)	(75, 0.0)	(76, 0.0)	(77, 0.0)	(78, 0.0)	(79, 0.0)	(80, 0.0)	(81, 0.0)	(82, 0.0)	(83, 0.0)	(84, 0.0)	(85, 0.0)	(86, 0.0)	(87, 0.0)	(88, 0.0)	(89, 0.0)	(90, 0.0)	(91, 0.0)	(92, 0.0)	(93, 0.0)	(94, 0.0)	(95, 0.0)	(96, 0.0)	(97, 0.0)	(98, 0.0)	(99, 0.0)	(100, 0.0)	
HG02840	(1, 0.0)	(2, 0.0)	(3, 0.0)	(4, 0.0)	(5, 0.0)	(6, 0.0)	(7, 0.0)	(8, 0.0)	(9, 0.0)	(10, 0.0)	(11, 0.0)	(12, 0.0)	(13, 0.0)	(14, 0.0)	(15, 0.0)	(16, 0.0)	(17, 0.0)	(18, 0.0)	(19, 0.0)	(20, 0.0)	(21, 0.0)	(22, 0.0)	(23, 0.0)	(24, 0.0)	(25, 0.0)	(26, 0.0)	(27, 0.0)	(28, 0.0)	(29, 0.0)	(30, 0.0)	(31, 0.0)	(32, 0.0)	(33, 0.0)	(34, 0.0)	(35, 0.0)	(36, 0.0)	(37, 0.0)	(38, 0.0)	(39, 0.0)	(40, 0.0)	(41, 0.0)	(42, 0.0)	(43, 0.0)	(44, 0.0)	(45, 0.0)	(46, 0.0)	(47, 0.0)	(48, 0.0)	(49, 0.0)	(50, 0.0)	(51, 0.0)	(52, 0.0181861)	(53, 0.0)	(54, 0.0)	(55, 0.004435789999999999)	(56, 0.0)	(57, 0.0)	(58, 0.0)	(59, 0.0)	(60, 0.0)	(61, 0.0)	(62, 0.0)	(63, 0.0)	(64, 0.0)	(65, 0.0)	(66, 0.0)	(67, 0.0)	(68, 0.0)	(69, 0.0)	(70, 0.0)	(71, 0.0)	(72, 0.0)	(73, 0.0)	(74, 0.0)	(75, 0.0)	(76, 0.0)	(77, 0.0)	(78, 0.0)	(79, 0.0)	(80, 0.0)	(81, 0.0)	(82, 0.0)	(83, 0.0)	(84, 0.0)	(85, 0.0)	(86, 0.0)	(87, 0.0)	(88, 0.0)	(89, 0.0)	(90, 0.0)	(91, 0.0)	(92, 0.0)	(93, 0.0)	(94, 0.0)	(95, 0.0)	(96, 0.0)	(97, 0.0)	(98, 0.0)	(99, 0.0)	(100, 0.0)	
HG02878	(1, 0.0)	(2, 0.0)	(3, 0.0)	(4, 0.0)	(5, 0.0)	(6, 0.0)	(7, 0.00104386)	(8, 0.0)	(9, 0.0)	(10, 0.00104386)	(11, 0.0)	(12, 0.0)	(13, 0.0)	(14, 0.0)	(15, 0.00104386)	(16, 0.0)	(17, 0.0)	(18, 0.0)	(19, 0.0)	(20, 0.0)	(21, 0.0)	(22, 0.0)	(23, 0.0)	(24, 0.0)	(25, 0.00104386)	(26, 0.0)	(27, 0.0)	(28, 0.0)	(29, 0.0)	(30, 0.0)	(31, 0.0)	(32, 0.0)	(33, 0.0)	(34, 0.0)	(35, 0.0)	(36, 0.0)	(37, 0.0)	(38, 0.0)	(39, 0.0)	(40, 0.0)	(41, 0.0)	(42, 0.0)	(43, 0.0)	(44, 0.0)	(45, 0.0)	(46, 0.0)	(47, 0.0)	(48, 0.0)	(49, 0.0)	(50, 0.0)	(51, 0.0)	(52, 0.0543274)	(53, 0.0)	(54, 0.0)	(55, 0.0)	(56, 0.0)	(57, 0.0)	(58, 0.0)	(59, 0.0)	(60, 0.0)	(61, 0.0)	(62, 0.0)	(63, 0.0)	(64, 0.0)	(65, 0.0)	(66, 0.0)	(67, 0.0)	(68, 0.0)	(69, 0.0)	(70, 0.0)	(71, 0.0)	(72, 0.0)	(73, 0.0)	(74, 0.0)	(75, 0.0)	(76, 0.0)	(77, 0.0)	(78, 0.0)	(79, 0.0)	(80, 0.0)	(81, 0.0)	(82, 0.0)	(83, 0.0)	(84, 0.0)	(85, 0.0)	(86, 0.0)	(87, 0.0)	(88, 0.0)	(89, 0.0)	(90, 0.0)	(91, 0.0)	(92, 0.0)	(93, 0.0)	(94, 0.0)	(95, 0.0)	(96, 0.0)	(97, 0.0)	(98, 0.0)	(99, 0.0)	(100, 0.0)	
HG02977	(1, 0.007033459999999999)	(2, 0.0029362200000000002)	(3, 0.00475452)	(4, 0.0021388600000000002)	(5, 0.0)	(6, 0.000455249)	(7, 0.00105327)	(8, 0.0030735999999999997)	(9, 0.00015085199999999998)	(10, 0.000560306)	(11, 0.00012930100000000001)	(12, 0.0012660800000000002)	(13, 0.0017994399999999998)	(14, 0.0)	(15, 8.88947e-05)	(16, 0.0)	(17, 9.966980000000001e-05)	(18, 0.0)	(19, 0.0022142900000000003)	(20, 2.69378e-06)	(21, 8.08134e-05)	(22, 0.000503737)	(23, 0.00014277)	(24, 0.0)	(25, 0.0)	(26, 0.0)	(27, 1.07751e-05)	(28, 0.00013199499999999999)	(29, 3.5019100000000005e-05)	(30, 0.0)	(31, 0.0)	(32, 0.0)	(33, 0.0006842710000000001)	(34, 0.0434554)	(35, 0.00699402)	(36, 0.00023709200000000003)	(37, 0.000355648)	(38, 1.07775e-05)	(39, 1.07777e-05)	(40, 0.00042573)	(41, 0.000881117)	(42, 9.16164e-05)	(43, 0.000247908)	(44, 0.0)	(45, 5.389469999999999e-06)	(46, 0.0)	(47, 0.0609945)	(48, 0.0850684)	(49, 0.0561777)	(50, 0.00277039)	(51, 0.012766000000000001)	(52, 0.011399900000000001)	(53, 2.6950400000000003e-06)	(54, 2.6950700000000003e-06)	(55, 0.0)	(56, 0.0)	(57, 0.0)	(58, 0.0)	(59, 0.0)	(60, 0.0)	(61, 0.0)	(62, 0.0)	(63, 0.0)	(64, 0.00909445)	(65, 2.69549e-06)	(66, 0.0)	(67, 0.0)	(68, 0.0)	(69, 0.0)	(70, 0.0)	(71, 0.000202182)	(72, 5.93074e-05)	(73, 2.69583e-06)	(74, 2.69587e-06)	(75, 0.0)	(76, 0.0)	(77, 0.026507)	(78, 0.0)	(79, 0.000105147)	(80, 0.000153679)	(81, 0.00144784)	(82, 0.000253443)	(83, 0.0350727)	(84, 0.00675421)	(85, 1.88744e-05)	(86, 0.000469174)	(87, 0.0)	(88, 0.0)	(89, 0.012038)	(90, 0.0)	(91, 0.00138907)	(92, 0.0)	(93, 0.0)	(94, 0.0)	(95, 0.00259901)	(96, 0.0378596)	(97, 0.0)	(98, 0.0)	(99, 0.0)	(100, 0.0)	
HG02981	(1, 0.07334740000000001)	(2, 0.0114025)	(3, 0.0106403)	(4, 0.0113958)	(5, 0.006897069999999999)	(6, 0.00184961)	(7, 0.000189703)	(8, 6.77512e-06)	(9, 0.0013618)	(10, 7.11388e-05)	(11, 0.0)	(12, 0.0)	(13, 0.0)	(14, 0.000338756)	(15, 0.0)	(16, 0.00034214399999999996)	(17, 0.0)	(18, 0.0)	(19, 0.0)	(20, 3.38756e-06)	(21, 0.0)	(22, 0.000372632)	(23, 0.0128321)	(24, 0.00577918)	(25, 0.0035806499999999995)	(26, 0.0004979709999999999)	(27, 0.0)	(28, 0.00143294)	(29, 0.0)	(30, 0.00033198099999999996)	(31, 2.37129e-05)	(32, 0.00536268)	(33, 0.0)	(34, 0.0)	(35, 0.00203958)	(36, 0.0)	(37, 3.38817e-06)	(38, 0.0)	(39, 0.0)	(40, 0.00417448)	(41, 0.0)	(42, 0.0)	(43, 0.0)	(44, 1.01658e-05)	(45, 5.4218399999999996e-05)	(46, 0.000142325)	(47, 0.0)	(48, 0.0)	(49, 0.0)	(50, 0.0)	(51, 0.000111834)	(52, 0.0)	(53, 0.0)	(54, 0.0)	(55, 0.0)	(56, 0.0)	(57, 0.0017827000000000001)	(58, 0.0)	(59, 5.08386e-05)	(60, 0.0)	(61, 0.0)	(62, 7.79555e-05)	(63, 0.0)	(64, 0.0)	(65, 0.0)	(66, 0.0)	(67, 0.0)	(68, 0.0)	(69, 0.0)	(70, 0.0)	(71, 0.00016949)	(72, 0.0)	(73, 0.0)	(74, 0.0)	(75, 0.0)	(76, 0.0)	(77, 0.0)	(78, 0.0)	(79, 0.000366138)	(80, 0.0027291200000000002)	(81, 0.0)	(82, 0.000291568)	(83, 0.0)	(84, 0.0)	(85, 0.0)	(86, 0.0)	(87, 0.0)	(88, 0.0)	(89, 0.0)	(90, 0.0)	(91, 0.0)	(92, 0.0)	(93, 0.0)	(94, 0.00266095)	(95, 0.000370046)	(96, 0.00769167)	(97, 0.00093077)	(98, 0.00010873999999999999)	(99, 0.00153315)	(100, 0.000421716)	
HG02982	(1, 0.0929503)	(2, 0.0)	(3, 0.0)	(4, 0.0)	(5, 0.0)	(6, 0.0)	(7, 0.0)	(8, 0.0)	(9, 0.0)	(10, 0.0)	(11, 0.0)	(12, 0.0)	(13, 0.0)	(14, 0.0)	(15, 0.0)	(16, 0.0)	(17, 0.0)	(18, 0.0)	(19, 0.0)	(20, 0.0)	(21, 0.0)	(22, 0.0)	(23, 0.0207178)	(24, 0.0)	(25, 0.0)	(26, 0.0)	(27, 0.0)	(28, 0.0)	(29, 0.0)	(30, 0.0)	(31, 0.0)	(32, 0.00503962)	(33, 0.0)	(34, 0.0)	(35, 0.0)	(36, 0.0)	(37, 0.0)	(38, 0.0)	(39, 0.0)	(40, 0.00616074)	(41, 0.0)	(42, 0.0)	(43, 0.0)	(44, 0.0)	(45, 0.0)	(46, 0.0)	(47, 0.0)	(48, 0.0)	(49, 0.0)	(50, 0.0)	(51, 0.0)	(52, 0.0)	(53, 0.0)	(54, 0.0)	(55, 0.0)	(56, 0.0)	(57, 0.0)	(58, 0.0)	(59, 0.0)	(60, 0.0)	(61, 0.0)	(62, 0.0)	(63, 0.0)	(64, 0.0)	(65, 0.0)	(66, 0.0)	(67, 0.0)	(68, 0.0)	(69, 0.0)	(70, 0.0)	(71, 0.0)	(72, 0.0)	(73, 0.0)	(74, 0.0)	(75, 0.0)	(76, 0.0)	(77, 0.0)	(78, 0.0)	(79, 0.0)	(80, 0.0)	(81, 0.0)	(82, 0.0)	(83, 0.0)	(84, 0.0)	(85, 0.0)	(86, 0.0)	(87, 0.0)	(88, 0.0)	(89, 0.0)	(90, 0.0)	(91, 0.0)	(92, 0.0)	(93, 0.0)	(94, 0.006169689999999999)	(95, 0.0)	(96, 0.0)	(97, 0.0)	(98, 0.0)	(99, 0.0016846699999999999)	(100, 0.0)	
HG03139	(1, 0.0)	(2, 0.0)	(3, 1.2368600000000002e-05)	(4, 0.0)	(5, 0.0)	(6, 0.0)	(7, 1.54607e-05)	(8, 0.0)	(9, 0.000132962)	(10, 0.0)	(11, 0.0129035)	(12, 0.00139456)	(13, 0.0)	(14, 0.0)	(15, 0.0)	(16, 0.0)	(17, 0.000745206)	(18, 0.0)	(19, 0.007717989999999999)	(20, 0.0)	(21, 0.0)	(22, 0.00561533)	(23, 0.00362708)	(24, 0.0)	(25, 0.0)	(26, 3.09214e-06)	(27, 0.0)	(28, 0.0)	(29, 0.0)	(30, 0.0)	(31, 0.0)	(32, 0.000584435)	(33, 0.00211826)	(34, 0.0061416199999999995)	(35, 0.00898384)	(36, 0.0100108)	(37, 0.0122471)	(38, 0.00334021)	(39, 0.0)	(40, 0.0)	(41, 0.00197951)	(42, 0.00202904)	(43, 0.0)	(44, 0.0)	(45, 0.0031674600000000004)	(46, 0.0)	(47, 0.0)	(48, 0.0210783)	(49, 0.0)	(50, 0.0)	(51, 0.0)	(52, 0.0066543)	(53, 0.0034060899999999996)	(54, 0.0)	(55, 0.00272249)	(56, 0.0)	(57, 0.004517)	(58, 0.0)	(59, 0.000312489)	(60, 0.0)	(61, 0.000176361)	(62, 0.0)	(63, 0.0)	(64, 0.0)	(65, 0.0)	(66, 0.000222794)	(67, 0.0)	(68, 0.0)	(69, 0.00059106)	(70, 0.0)	(71, 0.0)	(72, 0.0)	(73, 0.0)	(74, 0.0)	(75, 0.0)	(76, 0.0)	(77, 0.0)	(78, 0.0)	(79, 0.000810969)	(80, 0.0)	(81, 0.0)	(82, 0.0139922)	(83, 0.0)	(84, 0.0)	(85, 0.0)	(86, 0.0)	(87, 0.000650253)	(88, 0.0)	(89, 0.0)	(90, 0.0)	(91, 0.0)	(92, 0.0)	(93, 0.0)	(94, 0.0)	(95, 0.0)	(96, 0.0)	(97, 0.0)	(98, 0.0)	(99, 0.0)	(100, 0.0)	
HG03157	(1, 0.0)	(2, 0.0)	(3, 1.74299e-05)	(4, 0.0)	(5, 0.0)	(6, 0.0)	(7, 3.48597e-05)	(8, 2.90498e-06)	(9, 8.133939999999999e-05)	(10, 0.0)	(11, 0.0121777)	(12, 0.00141182)	(13, 0.0)	(14, 0.0)	(15, 0.0)	(16, 0.0)	(17, 0.00065943)	(18, 0.0)	(19, 0.0078231)	(20, 0.0)	(21, 0.0)	(22, 0.00538873)	(23, 0.00346854)	(24, 0.0)	(25, 0.0)	(26, 0.0)	(27, 0.0)	(28, 0.0)	(29, 0.0)	(30, 0.0)	(31, 0.0)	(32, 0.000551967)	(33, 0.00219052)	(34, 0.006441069999999999)	(35, 0.00910262)	(36, 0.0103057)	(37, 0.0116833)	(38, 0.00326594)	(39, 0.0)	(40, 0.0)	(41, 0.0018975200000000002)	(42, 0.00193824)	(43, 0.0)	(44, 0.0)	(45, 0.0031269500000000003)	(46, 0.0)	(47, 0.0)	(48, 0.0210791)	(49, 0.0)	(50, 0.0)	(51, 0.0)	(52, 0.006868010000000001)	(53, 0.00330182)	(54, 0.0)	(55, 0.00300257)	(56, 0.0)	(57, 0.00480198)	(58, 0.0)	(59, 0.000322665)	(60, 0.0)	(61, 0.000220933)	(62, 0.0)	(63, 0.0)	(64, 0.0)	(65, 0.0)	(66, 0.000183163)	(67, 0.0)	(68, 0.0)	(69, 0.000697814)	(70, 0.0)	(71, 0.0)	(72, 0.0)	(73, 0.0)	(74, 0.0)	(75, 0.0)	(76, 0.0)	(77, 0.0)	(78, 0.0)	(79, 0.000622396)	(80, 0.0)	(81, 0.0)	(82, 0.013790300000000002)	(83, 0.0)	(84, 0.0)	(85, 0.0)	(86, 0.0)	(87, 0.000701199)	(88, 0.0)	(89, 0.0)	(90, 0.0)	(91, 0.0)	(92, 0.0)	(93, 0.0)	(94, 0.0)	(95, 0.0)	(96, 0.0)	(97, 0.0)	(98, 0.0)	(99, 0.0)	(100, 0.0)	
HG03267	(1, 0.0038112899999999997)	(2, 0.00369455)	(3, 0.00013566700000000001)	(4, 0.000725659)	(5, 0.0)	(6, 0.00106009)	(7, 0.0005426669999999999)	(8, 0.00027448800000000003)	(9, 0.0004984960000000001)	(10, 0.0)	(11, 0.0027480399999999998)	(12, 0.00206655)	(13, 0.000615233)	(14, 0.0)	(15, 0.0)	(16, 3.15504e-05)	(17, 0.00128726)	(18, 0.0)	(19, 6.31008e-05)	(20, 0.000328124)	(21, 0.00040069)	(22, 0.0)	(23, 9.46512e-05)	(24, 0.0)	(25, 0.0006089229999999999)	(26, 0.000896031)	(27, 0.0)	(28, 0.000141977)	(29, 0.0)	(30, 0.0)	(31, 6.31008e-06)	(32, 0.000183)	(33, 0.011157)	(34, 0.0898524)	(35, 0.0037676299999999997)	(36, 6.62668e-05)	(37, 6.31129e-06)	(38, 6.31144e-06)	(39, 6.311579999999999e-06)	(40, 0.0006753530000000001)	(41, 0.0)	(42, 0.0009594159999999999)	(43, 3.1560300000000003e-06)	(44, 0.0)	(45, 0.000107308)	(46, 0.00119304)	(47, 0.046854299999999995)	(48, 0.0707416)	(49, 0.033255)	(50, 0.00203585)	(51, 0.00101952)	(52, 0.00506925)	(53, 0.0)	(54, 0.0)	(55, 0.0)	(56, 0.0)	(57, 0.0)	(58, 0.0)	(59, 0.0)	(60, 0.0)	(61, 0.0)	(62, 0.0)	(63, 0.0)	(64, 0.0)	(65, 0.0)	(66, 0.0)	(67, 0.0)	(68, 0.0)	(69, 0.0)	(70, 0.000262054)	(71, 0.00666195)	(72, 0.00103246)	(73, 0.0)	(74, 2.52596e-05)	(75, 1.2630000000000001e-05)	(76, 0.0)	(77, 0.0)	(78, 9.47292e-06)	(79, 0.0)	(80, 0.0)	(81, 0.00039472199999999997)	(82, 0.000202101)	(83, 0.000764215)	(84, 0.000180004)	(85, 9.47406e-06)	(86, 7.57941e-05)	(87, 0.00190754)	(88, 0.0)	(89, 0.0)	(90, 0.0)	(91, 0.0)	(92, 0.0)	(93, 0.0)	(94, 0.0)	(95, 0.0)	(96, 0.0)	(97, 0.0)	(98, 0.0)	(99, 0.0)	(100, 0.0)	
HG03603	(1, 0.0818033)	(2, 0.0812209)	(3, 0.0813821)	(4, 0.0647871)	(5, 0.056359599999999996)	(6, 0.0)	(7, 0.0)	(8, 0.0)	(9, 0.0)	(10, 0.0)	(11, 0.0)	(12, 0.0)	(13, 0.0)	(14, 0.0)	(15, 0.000572741)	(16, 0.0)	(17, 0.0)	(18, 0.0)	(19, 0.0)	(20, 0.0)	(21, 0.0)	(22, 0.0)	(23, 0.0)	(24, 0.0)	(25, 0.0)	(26, 0.0)	(27, 0.0)	(28, 0.0)	(29, 0.0)	(30, 0.0)	(31, 4.81295e-06)	(32, 2.40656e-06)	(33, 4.8133e-06)	(34, 4.8134599999999995e-06)	(35, 4.81359e-06)	(36, 0.0)	(37, 0.0)	(38, 0.0)	(39, 0.0)	(40, 0.0)	(41, 2.40716e-06)	(42, 0.0)	(43, 2.40727e-06)	(44, 4.81463e-06)	(45, 4.814729999999999e-06)	(46, 2.40741e-06)	(47, 0.0157231)	(48, 0.0)	(49, 2.40756e-06)	(50, 0.0)	(51, 0.0)	(52, 0.0)	(53, 0.0)	(54, 0.0)	(55, 0.0)	(56, 0.0)	(57, 0.0)	(58, 0.0)	(59, 0.0)	(60, 0.0)	(61, 0.0)	(62, 0.0)	(63, 0.0)	(64, 0.0)	(65, 0.0)	(66, 2.40847e-06)	(67, 2.4085399999999997e-06)	(68, 2.40861e-06)	(69, 2.40867e-06)	(70, 0.0)	(71, 0.0)	(72, 0.0)	(73, 2.40896e-06)	(74, 0.0)	(75, 4.81824e-06)	(76, 2.40922e-06)	(77, 0.0)	(78, 0.0)	(79, 2.40954e-06)	(80, 7.22905e-06)	(81, 0.0)	(82, 4.82001e-06)	(83, 4.82039e-06)	(84, 2.41041e-06)	(85, 7.23193e-05)	(86, 0.000419499)	(87, 0.000161553)	(88, 0.000279746)	(89, 0.0005041119999999999)	(90, 0.00014233800000000002)	(91, 0.00100142)	(92, 0.0021336799999999998)	(93, 0.0017166100000000001)	(94, 0.00147566)	(95, 0.000623335)	(96, 0.00176441)	(97, 0.00154033)	(98, 0.00128709)	(99, 0.00108448)	(100, 0.0007048649999999999)	
HG03672	(1, 0.0)	(2, 0.0)	(3, 0.0)	(4, 0.0)	(5, 0.0)	(6, 0.0)	(7, 0.0)	(8, 0.0)	(9, 0.0)	(10, 0.0)	(11, 0.0)	(12, 0.0)	(13, 0.0)	(14, 0.00208305)	(15, 0.0038025599999999995)	(16, 0.0)	(17, 0.0)	(18, 0.0)	(19, 0.0)	(20, 0.0)	(21, 0.0)	(22, 0.0)	(23, 0.0)	(24, 0.0)	(25, 0.0)	(26, 0.0)	(27, 0.0)	(28, 0.0)	(29, 3.6353299999999997e-06)	(30, 0.0)	(31, 0.0)	(32, 0.000130877)	(33, 0.0)	(34, 3.99931e-05)	(35, 0.0)	(36, 0.0)	(37, 0.0)	(38, 0.0)	(39, 0.0)	(40, 0.0)	(41, 0.0)	(42, 0.0)	(43, 0.000167281)	(44, 7.273200000000001e-05)	(45, 3.63668e-06)	(46, 0.0)	(47, 0.0)	(48, 3.2731700000000004e-05)	(49, 0.0)	(50, 0.0)	(51, 2.18221e-05)	(52, 0.000160031)	(53, 0.00310247)	(54, 0.000487382)	(55, 0.00426283)	(56, 0.00564884)	(57, 3.63743e-06)	(58, 3.63749e-06)	(59, 0.0)	(60, 0.0)	(61, 0.0)	(62, 0.0)	(63, 0.000160062)	(64, 0.0)	(65, 4.7292599999999995e-05)	(66, 0.000629366)	(67, 0.00220467)	(68, 0.00463863)	(69, 0.00225932)	(70, 4.3659200000000004e-05)	(71, 0.0)	(72, 0.0)	(73, 0.0)	(74, 0.000229227)	(75, 0.0)	(76, 3.6386599999999997e-06)	(77, 0.0)	(78, 6.185980000000001e-05)	(79, 0.0)	(80, 0.0)	(81, 0.0)	(82, 0.0)	(83, 0.0)	(84, 0.0)	(85, 0.0)	(86, 0.0)	(87, 0.00128865)	(88, 0.0)	(89, 0.0)	(90, 0.0)	(91, 0.0174292)	(92, 0.0)	(93, 0.0036807899999999998)	(94, 0.00773927)	(95, 0.0)	(96, 0.00425723)	(97, 0.0)	(98, 0.0)	(99, 0.0)	(100, 0.0)	
HG03723	(1, 0.0)	(2, 0.0)	(3, 0.0)	(4, 0.0)	(5, 0.0)	(6, 0.0)	(7, 0.0)	(8, 0.0)	(9, 0.0)	(10, 0.0)	(11, 0.0)	(12, 0.0)	(13, 0.0)	(14, 0.0)	(15, 0.0)	(16, 0.0)	(17, 0.0)	(18, 0.0)	(19, 3.2172e-06)	(20, 0.0)	(21, 0.0)	(22, 0.0)	(23, 0.0)	(24, 0.0)	(25, 0.0)	(26, 0.0)	(27, 0.0)	(28, 0.0)	(29, 0.0)	(30, 0.0)	(31, 0.0)	(32, 0.000209125)	(33, 0.000405395)	(34, 0.0)	(35, 3.53938e-05)	(36, 0.00149623)	(37, 0.0023329)	(38, 0.0)	(39, 0.0)	(40, 0.0)	(41, 0.0)	(42, 0.0)	(43, 0.0)	(44, 0.0)	(45, 0.0)	(46, 0.0)	(47, 0.00032828)	(48, 0.0)	(49, 0.0)	(50, 0.00131962)	(51, 0.0)	(52, 0.000305775)	(53, 0.00043774699999999994)	(54, 0.000370159)	(55, 0.00192808)	(56, 0.0017478499999999998)	(57, 9.01301e-05)	(58, 0.0)	(59, 0.0)	(60, 0.0)	(61, 0.0)	(62, 0.000157741)	(63, 9.65777e-06)	(64, 0.000305834)	(65, 0.000627776)	(66, 0.0065708400000000005)	(67, 0.0008789259999999999)	(68, 0.00204764)	(69, 0.0005151400000000001)	(70, 0.0)	(71, 0.0)	(72, 0.0)	(73, 0.0)	(74, 0.0)	(75, 0.0)	(76, 0.0)	(77, 0.0)	(78, 9.660440000000001e-06)	(79, 0.0)	(80, 0.0)	(81, 0.0)	(82, 0.000853416)	(83, 0.0)	(84, 0.0)	(85, 0.0)	(86, 0.0)	(87, 0.0)	(88, 0.0)	(89, 0.0)	(90, 0.0)	(91, 0.0)	(92, 0.0)	(93, 0.0)	(94, 0.0)	(95, 0.0)	(96, 0.0)	(97, 0.0)	(98, 0.0)	(99, 0.0)	(100, 0.0)	
HG03790	(1, 0.0192776)	(2, 0.0)	(3, 0.0)	(4, 0.0)	(5, 0.0)	(6, 0.0)	(7, 0.00025307300000000003)	(8, 0.000302588)	(9, 0.00179352)	(10, 0.0)	(11, 0.0)	(12, 0.0)	(13, 5.50159e-06)	(14, 0.0)	(15, 0.0)	(16, 0.0)	(17, 0.0)	(18, 0.0)	(19, 5.7766700000000004e-05)	(20, 4.9514299999999994e-05)	(21, 0.00035485299999999997)	(22, 0.0006079260000000001)	(23, 0.000178802)	(24, 0.0)	(25, 0.0)	(26, 0.000118284)	(27, 0.0)	(28, 0.00106456)	(29, 0.00111957)	(30, 0.0)	(31, 0.0)	(32, 0.0)	(33, 0.00048692699999999995)	(34, 0.0)	(35, 0.0006602810000000001)	(36, 0.00127382)	(37, 0.0030044299999999998)	(38, 0.00354102)	(39, 0.00271017)	(40, 0.00029441)	(41, 0.00012932299999999998)	(42, 0.0)	(43, 2.7516400000000003e-06)	(44, 3.5771899999999995e-05)	(45, 7.704849999999999e-05)	(46, 2.75177e-06)	(47, 9.906540000000002e-05)	(48, 0.0)	(49, 0.000308213)	(50, 5.7790599999999995e-05)	(51, 0.0)	(52, 2.752e-06)	(53, 0.0005311410000000001)	(54, 0.000220165)	(55, 0.0022181899999999997)	(56, 0.00127424)	(57, 1.10087e-05)	(58, 0.00022292799999999998)	(59, 0.0)	(60, 0.000949532)	(61, 0.0)	(62, 2.75233e-06)	(63, 0.0)	(64, 0.0)	(65, 0.0)	(66, 3.0277400000000003e-05)	(67, 0.0)	(68, 0.0)	(69, 2.75265e-06)	(70, 7.432249999999999e-05)	(71, 9.909779999999999e-05)	(72, 0.000151401)	(73, 2.4775e-05)	(74, 5.7809099999999995e-05)	(75, 0.000872653)	(76, 0.000126633)	(77, 0.001181)	(78, 0.0)	(79, 0.000283559)	(80, 0.000657975)	(81, 3.30368e-05)	(82, 0.0005203380000000001)	(83, 0.0009168049999999999)	(84, 0.0)	(85, 0.0008507660000000001)	(86, 0.0)	(87, 0.0)	(88, 0.00213971)	(89, 0.00280096)	(90, 0.000564694)	(91, 2.4796600000000002e-05)	(92, 6.338370000000001e-05)	(93, 0.0)	(94, 5.5147200000000005e-06)	(95, 0.0)	(96, 0.000256621)	(97, 0.00010490199999999999)	(98, 0.0)	(99, 0.00125182)	(100, 0.0)	
HG03814	(1, 0.00460624)	(2, 0.0)	(3, 0.0)	(4, 0.0)	(5, 0.0)	(6, 0.0)	(7, 0.0)	(8, 0.0)	(9, 0.0)	(10, 0.0)	(11, 0.0)	(12, 0.0)	(13, 0.0)	(14, 0.0)	(15, 0.0)	(16, 0.0)	(17, 0.0)	(18, 0.0)	(19, 0.0)	(20, 0.0)	(21, 0.0)	(22, 0.0)	(23, 0.0)	(24, 0.0)	(25, 0.0)	(26, 0.0)	(27, 0.0)	(28, 0.0)	(29, 0.0)	(30, 0.0)	(31, 0.0)	(32, 0.0)	(33, 0.0)	(34, 0.0)	(35, 0.0)	(36, 0.0)	(37, 0.0)	(38, 0.0)	(39, 0.0)	(40, 0.0)	(41, 0.0)	(42, 0.0)	(43, 0.0)	(44, 0.0)	(45, 0.0)	(46, 0.0)	(47, 0.0)	(48, 0.0)	(49, 0.0)	(50, 0.0)	(51, 0.0)	(52, 0.0)	(53, 0.0)	(54, 0.0)	(55, 0.0)	(56, 0.0)	(57, 0.0)	(58, 0.0)	(59, 0.0)	(60, 0.0)	(61, 0.0)	(62, 0.0)	(63, 0.0)	(64, 0.0)	(65, 0.0)	(66, 0.0)	(67, 0.0)	(68, 0.0)	(69, 0.0)	(70, 0.0)	(71, 0.0)	(72, 0.0)	(73, 0.0)	(74, 0.0)	(75, 0.0)	(76, 0.0)	(77, 0.0)	(78, 0.0)	(79, 0.0)	(80, 0.0)	(81, 0.0)	(82, 0.0)	(83, 0.0)	(84, 0.0)	(85, 0.00022920600000000003)	(86, 0.0)	(87, 0.0)	(88, 0.0)	(89, 0.0)	(90, 0.0)	(91, 0.0)	(92, 0.0)	(93, 0.0)	(94, 0.0)	(95, 0.0)	(96, 0.0)	(97, 8.66689e-06)	(98, 3.03458e-05)	(99, 8.67394e-06)	(100, 1.73561e-05)	
NA06989	(1, 0.0)	(2, 0.0)	(3, 0.0)	(4, 0.0)	(5, 0.0)	(6, 0.0)	(7, 0.0)	(8, 0.0)	(9, 0.0)	(10, 0.0)	(11, 0.0)	(12, 0.0)	(13, 0.0)	(14, 0.0)	(15, 0.0)	(16, 0.0)	(17, 0.0)	(18, 0.0)	(19, 0.0)	(20, 0.0)	(21, 0.0)	(22, 0.0)	(23, 0.0)	(24, 0.0)	(25, 0.0)	(26, 0.0)	(27, 0.0)	(28, 0.0)	(29, 0.0)	(30, 0.00252301)	(31, 0.00420502)	(32, 0.0)	(33, 0.0)	(34, 0.0)	(35, 0.0)	(36, 0.0)	(37, 0.000420767)	(38, 0.0)	(39, 0.0)	(40, 0.0)	(41, 0.0)	(42, 0.0)	(43, 0.000420921)	(44, 0.0)	(45, 0.0)	(46, 0.0)	(47, 0.0)	(48, 0.0)	(49, 0.0)	(50, 0.0)	(51, 0.0)	(52, 0.0)	(53, 0.0)	(54, 0.0)	(55, 0.0)	(56, 0.0)	(57, 0.0)	(58, 0.0)	(59, 0.0)	(60, 0.0)	(61, 0.00294924)	(62, 0.0)	(63, 0.0)	(64, 0.0)	(65, 0.0)	(66, 0.020248600000000002)	(67, 0.0139279)	(68, 0.0)	(69, 0.0)	(70, 0.0)	(71, 0.0)	(72, 0.0220347)	(73, 0.0033946799999999997)	(74, 0.0012749600000000001)	(75, 0.0)	(76, 0.0)																									
NA18488	(1, 0.0)	(2, 0.0)	(3, 0.0)	(4, 0.0)	(5, 0.0)	(6, 0.0)	(7, 0.0)	(8, 0.0)	(9, 0.0)	(10, 0.0)	(11, 0.0)	(12, 0.0)	(13, 0.0)	(14, 0.0)	(15, 0.0)	(16, 0.0)	(17, 0.0)	(18, 0.0)	(19, 0.0)	(20, 0.0)	(21, 0.0)	(22, 0.0)	(23, 0.0)	(24, 0.0)	(25, 0.0)	(26, 0.0)	(27, 0.0)	(28, 0.0)	(29, 4.4113599999999996e-06)	(30, 2.86738e-05)	(31, 0.00103998)	(32, 0.00437118)	(33, 0.00481523)	(34, 0.000934478)	(35, 0.000790032)	(36, 1.1035e-06)	(37, 1.32432e-05)	(38, 0.00830855)	(39, 0.00808186)	(40, 0.00132683)	(41, 0.000357672)	(42, 6.623959999999999e-06)	(43, 0.0)	(44, 0.00115932)	(45, 0.0)	(46, 0.0)	(47, 0.0)	(48, 0.0)	(49, 0.0)	(50, 0.0)	(51, 0.0)	(52, 0.0)	(53, 0.0)	(54, 0.0)	(55, 0.0)	(56, 0.0)	(57, 0.0)	(58, 0.0)	(59, 0.0)	(60, 0.0)	(61, 0.0)	(62, 0.0)	(63, 0.0)	(64, 0.0)	(65, 0.0)	(66, 0.0)	(67, 0.0)	(68, 0.0)	(69, 0.0)	(70, 0.0)	(71, 0.0)	(72, 0.0)	(73, 0.0)	(74, 0.0)	(75, 0.0)	(76, 0.187558)																									
NA18498	(1, 0.00389044)	(2, 0.0105097)	(3, 0.0035402)	(4, 0.00410461)	(5, 0.0)	(6, 0.0)	(7, 0.0)	(8, 0.0)	(9, 0.0)	(10, 0.0)	(11, 0.0)	(12, 0.0)	(13, 0.0)	(14, 0.0)	(15, 0.0)	(16, 0.0)	(17, 0.0)	(18, 0.0)	(19, 0.0)	(20, 2.28404)	(21, 16.2963)	(22, 0.0)	(23, 0.0148965)	(24, 0.0193766)	(25, 0.00870813)	(26, 0.0)	(27, 0.0)	(28, 0.0)	(29, 0.0)	(30, 7.0552e-05)	(31, 0.0)	(32, 0.0)	(33, 0.0)	(34, 0.0)	(35, 0.0)	(36, 0.0)	(37, 0.0)	(38, 0.0)	(39, 0.0)	(40, 0.0)	(41, 0.0)	(42, 0.0)	(43, 0.0)	(44, 0.0)	(45, 0.0)	(46, 0.0)	(47, 0.0)	(48, 0.0)	(49, 0.0)	(50, 0.0)	(51, 0.0)	(52, 0.0)	(53, 0.0)	(54, 0.0)	(55, 0.0)	(56, 0.0)	(57, 0.00407196)	(58, 0.0)	(59, 0.0)	(60, 0.0)	(61, 0.0)	(62, 0.0032821100000000004)	(63, 0.0)	(64, 0.0)	(65, 0.0)	(66, 0.0)	(67, 0.0)	(68, 0.0)	(69, 0.0)	(70, 2.5422199999999997e-06)	(71, 0.0)	(72, 0.0)	(73, 2.55676e-06)	(74, 5.12645e-06)	(75, 5.1409400000000005e-06)	(76, 0.0)																									
NA18499	(1, 0.0400209)	(2, 0.0)	(3, 0.0)	(4, 0.0)	(5, 0.0)	(6, 0.0)	(7, 0.0)	(8, 0.0)	(9, 0.0)	(10, 0.0)	(11, 0.0)	(12, 0.0)	(13, 0.0)	(14, 0.0)	(15, 0.0)	(16, 0.0)	(17, 0.0)	(18, 0.0)	(19, 0.0)	(20, 0.0)	(21, 0.0)	(22, 0.0)	(23, 0.0)	(24, 0.0)	(25, 0.0)	(26, 0.0)	(27, 0.0)	(28, 0.0)	(29, 0.0)	(30, 0.0)	(31, 0.0)	(32, 0.0)	(33, 0.0)	(34, 0.0)	(35, 0.0)	(36, 0.0)	(37, 0.0)	(38, 0.0)	(39, 0.0)	(40, 0.0)	(41, 0.0)	(42, 0.0)	(43, 0.0)	(44, 0.0)	(45, 0.0)	(46, 0.0)	(47, 0.0)	(48, 0.0)	(49, 0.0)	(50, 0.0)	(51, 0.0)	(52, 0.0)	(53, 0.0)	(54, 0.0)	(55, 0.0)	(56, 0.0)	(57, 0.0)	(58, 0.0)	(59, 0.0)	(60, 0.0)	(61, 0.0)	(62, 0.000339527)	(63, 0.007470010000000001)	(64, 0.017657600000000002)	(65, 0.0186776)	(66, 0.0)	(67, 0.0)	(68, 0.0)	(69, 0.0)	(70, 0.0)	(71, 0.0)	(72, 0.00781978)	(73, 0.0)	(74, 0.0)	(75, 0.0)	(76, 0.0)																									
NA18530	(1, 0.0417729)	(2, 0.0)	(3, 0.0)	(4, 6.17551e-05)	(5, 0.0)	(6, 0.0)	(7, 0.00142742)	(8, 0.0)	(9, 0.0006934210000000001)	(10, 0.0)	(11, 0.000723416)	(12, 0.0043669699999999995)	(13, 0.00330831)	(14, 2.82309e-05)	(15, 1.94087e-05)	(16, 0.000261136)	(17, 5.46973e-05)	(18, 0.00177325)	(19, 0.0)	(20, 0.000118217)	(21, 0.000977494)	(22, 1.76443e-06)	(23, 3.52886e-06)	(24, 0.0)	(25, 0.000222318)	(26, 0.000518743)	(27, 0.0025672499999999997)	(28, 0.0)	(29, 0.0)	(30, 0.0)	(31, 0.000455223)	(32, 0.00018703399999999998)	(33, 0.018719799999999998)	(34, 0.014516999999999999)	(35, 9.705249999999999e-05)	(36, 0.000608795)	(37, 0.0)	(38, 0.0)	(39, 0.0)	(40, 0.000174708)	(41, 0.0)	(42, 0.0)	(43, 0.00015706700000000002)	(44, 1.7648200000000002e-06)	(45, 0.0)	(46, 0.0)	(47, 0.0)	(48, 0.0)	(49, 0.0)	(50, 0.0)	(51, 0.0)	(52, 0.0)	(53, 0.0)	(54, 0.0)	(55, 0.0)	(56, 0.0)	(57, 0.0)	(58, 0.0)	(59, 0.0)	(60, 0.0)	(61, 0.0)	(62, 0.0)	(63, 0.0)	(64, 0.0)	(65, 0.0)	(66, 0.0)	(67, 0.0)	(68, 0.0)	(69, 0.0)	(70, 0.0)	(71, 3.53053e-06)	(72, 0.0)	(73, 0.0)	(74, 1.23573e-05)	(75, 1.7653400000000001e-06)	(76, 0.0)	(77, 0.0)	(78, 1.05924e-05)	(79, 0.0)	(80, 0.0)	(81, 0.0)	(82, 0.0)	(83, 0.0)	(84, 0.0)	(85, 0.0)	(86, 0.0)	(87, 0.0)	(88, 0.0)	(89, 0.0)	(90, 0.0)											
NA18946	(1, 0.0)	(2, 0.0)	(3, 0.024696199999999998)	(4, 0.0064989900000000005)	(5, 0.0)	(6, 0.0)	(7, 0.0)	(8, 0.0)	(9, 0.0779879)	(10, 0.0363944)	(11, 0.0545915)	(12, 0.0337948)	(13, 0.00909859)	(14, 0.0)	(15, 0.0)	(16, 0.0)	(17, 0.0)	(18, 0.0)	(19, 0.0)	(20, 0.0)	(21, 0.0)	(22, 0.0)	(23, 0.0)	(24, 0.0)	(25, 0.0)	(26, 0.0)	(27, 0.0)	(28, 0.0)	(29, 0.0)	(30, 0.0)	(31, 0.0)	(32, 0.0)	(33, 0.0)	(34, 0.0)	(35, 0.0)	(36, 0.0)	(37, 0.0)	(38, 0.0)	(39, 0.0)	(40, 0.0)	(41, 0.0)	(42, 0.0)	(43, 0.0)	(44, 0.0)	(45, 0.0)	(46, 0.0)	(47, 0.0)	(48, 0.0)	(49, 0.0)	(50, 0.0)	(51, 0.0)	(52, 0.0)	(53, 0.0)	(54, 0.0)	(55, 0.0)	(56, 0.0)	(57, 0.0)	(58, 0.0)	(59, 0.0)	(60, 0.0)	(61, 0.0)	(62, 0.0)	(63, 0.0)	(64, 0.0)	(65, 0.0)	(66, 0.0)	(67, 0.0)	(68, 0.0)	(69, 0.0)	(70, 0.0)	(71, 0.0)	(72, 0.0)	(73, 0.0)	(74, 0.0)	(75, 0.0)	(76, 0.0)	(77, 0.0)	(78, 0.0)	(79, 0.0)	(80, 0.0)	(81, 0.0)	(82, 0.0)	(83, 0.0)	(84, 0.0)	(85, 0.0)	(86, 0.0)	(87, 0.0)	(88, 0.0)	(89, 0.0)	(90, 0.0)	(91, 0.0)	(92, 0.0)	(93, 0.0)	(94, 0.0)	(95, 0.0)	(96, 0.0)	(97, 0.0)	(98, 0.0)	(99, 0.0)	(100, 0.0)	(101, 0.0)
NA19001	(1, 0.16328600000000001)	(2, 0.00482618)	(3, 0.00160873)	(4, 0.00160873)	(5, 0.0008043630000000001)	(6, 0.0)	(7, 0.0)	(8, 0.0)	(9, 0.0)	(10, 0.0)	(11, 0.0)	(12, 0.0)	(13, 0.0)	(14, 0.0)	(15, 0.0)	(16, 0.0)	(17, 0.0)	(18, 0.0)	(19, 0.0)	(20, 0.0)	(21, 0.00723927)	(22, 0.0)	(23, 0.00160873)	(24, 0.010456700000000001)	(25, 0.0)	(26, 0.0)	(27, 0.0)	(28, 0.0)	(29, 0.0)	(30, 0.0)	(31, 0.0)	(32, 0.0)	(33, 0.0)	(34, 0.0)	(35, 0.0)	(36, 0.0)	(37, 0.0)	(38, 0.0)	(39, 0.0)	(40, 0.0)	(41, 0.0)	(42, 0.0)	(43, 0.0)	(44, 0.0)	(45, 0.0)	(46, 0.0)	(47, 0.0)	(48, 0.0)	(49, 0.0)	(50, 0.0)	(51, 0.0)	(52, 0.0)	(53, 0.0)	(54, 0.0)	(55, 0.0)	(56, 0.0)	(57, 0.0)	(58, 0.0)	(59, 0.0)	(60, 0.0)	(61, 0.0)	(62, 0.0)	(63, 0.0)	(64, 0.0)	(65, 0.0)	(66, 0.0)	(67, 0.0)	(68, 0.0)	(69, 0.0)	(70, 0.0)	(71, 0.0)	(72, 0.0)	(73, 0.0)	(74, 0.0)	(75, 0.0)	(76, 0.0)	(77, 0.0)	(78, 0.0)	(79, 0.0)	(80, 0.0)	(81, 0.0)	(82, 0.0)	(83, 0.0)	(84, 0.0)	(85, 0.0)	(86, 0.0)	(87, 0.0)	(88, 0.0)	(89, 0.0)	(90, 0.0)	(91, 0.0)	(92, 0.0)	(93, 0.0)	(94, 0.0)	(95, 0.0)	(96, 0.0)	(97, 0.0)	(98, 0.021189700000000002)	(99, 0.199153)	(100, 0.171698)	(101, 0.16627899999999998)
NA19020	(1, 0.08053160000000001)	(2, 0.0)	(3, 0.000262795)	(4, 0.00252886)	(5, 0.00118473)	(6, 0.0)	(7, 0.0)	(8, 0.0)	(9, 0.0)	(10, 0.0)	(11, 0.0)	(12, 0.00926676)	(13, 0.0062898500000000005)	(14, 0.00946062)	(15, 0.00556609)	(16, 0.0020463599999999997)	(17, 0.0)	(18, 0.0)	(19, 0.0602102)	(20, 0.0)	(21, 0.0011158000000000001)	(22, 0.0249138)	(23, 0.0)	(24, 0.0)	(25, 0.0)	(26, 0.0)	(27, 0.0)	(28, 0.0)	(29, 0.0)	(30, 0.0)	(31, 0.0)	(32, 0.0)	(33, 0.000659167)	(34, 0.0)	(35, 0.0)	(36, 0.0)	(37, 0.0)	(38, 0.0)	(39, 0.0)	(40, 0.0)	(41, 0.0)	(42, 0.0)	(43, 0.0)	(44, 0.0)	(45, 0.0)	(46, 0.0)	(47, 0.00040935300000000005)	(48, 0.0)	(49, 0.0)	(50, 0.00012496399999999998)	(51, 0.0)	(52, 0.0)	(53, 0.0)	(54, 8.618459999999999e-05)	(55, 0.0)	(56, 0.0)	(57, 0.0)	(58, 0.0)	(59, 0.0)	(60, 5.17138e-05)	(61, 0.000172382)	(62, 0.0)	(63, 0.0)	(64, 0.0)	(65, 0.0)	(66, 0.0)	(67, 0.0)	(68, 0.0)	(69, 6.03466e-05)	(70, 0.0)	(71, 0.0)	(72, 0.0)	(73, 0.0)	(74, 0.000793455)	(75, 0.0)	(76, 0.0)	(77, 0.0)	(78, 0.0)	(79, 0.0060606)	(80, 0.0058467300000000005)	(81, 0.0)	(82, 0.0)	(83, 0.0)	(84, 0.0)	(85, 0.0)	(86, 0.0)	(87, 0.0)	(88, 0.0)	(89, 0.0)	(90, 0.0)	(91, 0.0)	(92, 0.0)	(93, 0.0)	(94, 0.0)	(95, 0.0)	(96, 0.0)	(97, 0.0)	(98, 0.0)	(99, 0.0)	(100, 0.0)	(101, 0.0)
NA19922	(1, 0.0)	(2, 0.0)	(3, 0.0)	(4, 0.0)	(5, 0.0)	(6, 0.00155678)	(7, 0.00127595)	(8, 0.0440354)	(9, 0.0139896)	(10, 0.0167552)	(11, 0.00934677)	(12, 0.0503999)	(13, 0.0381105)	(14, 0.0103663)	(15, 0.0)	(16, 0.0)	(17, 2.13675e-05)	(18, 0.0)	(19, 0.0)	(20, 0.0)	(21, 0.0)	(22, 0.0)	(23, 0.0)	(24, 0.0)	(25, 0.0)	(26, 0.0)	(27, 0.0)	(28, 0.0)	(29, 0.0)	(30, 0.0)	(31, 0.0)	(32, 0.0)	(33, 0.00166673)	(34, 9.15797e-06)	(35, 5.8001299999999996e-05)	(36, 0.0)	(37, 0.0)	(38, 0.00334282)	(39, 0.007616819999999999)	(40, 0.0033581399999999995)	(41, 0.0)	(42, 0.0)	(43, 0.0)	(44, 0.0)	(45, 0.0)	(46, 0.0)	(47, 0.0)	(48, 0.0)	(49, 0.0)	(50, 0.0)	(51, 0.0)	(52, 0.0)	(53, 0.0)	(54, 0.0)	(55, 0.0)	(56, 0.0)	(57, 3.05318e-06)	(58, 0.00135562)	(59, 0.0024456200000000003)	(60, 1.83194e-05)	(61, 0.0)	(62, 0.0)	(63, 0.0)	(64, 0.0)	(65, 0.0)	(66, 0.0)	(67, 0.0)	(68, 0.0)	(69, 0.0)	(70, 6.412409999999999e-05)	(71, 0.0)	(72, 0.0)	(73, 0.0)	(74, 0.0)	(75, 0.0110432)	(76, 0.00990453)	(77, 0.00821307)	(78, 0.0)	(79, 0.0)	(80, 0.0)	(81, 0.0)	(82, 0.0)	(83, 0.0)	(84, 0.0)	(85, 0.0)	(86, 0.0)	(87, 0.0)	(88, 0.0)	(89, 0.0)	(90, 0.0)	(91, 0.0)	(92, 0.0)	(93, 0.0)	(94, 0.00264869)	(95, 4.92079e-05)	(96, 0.0015054200000000002)	(97, 0.00192929)	(98, 0.00106455)	(99, 0.000293516)	(100, 0.0)	(101, 0.0)
NA20274	(1, 0.035727699999999994)	(2, 0.0159329)	(3, 0.0183673)	(4, 0.0942467)	(5, 0.0193459)	(6, 0.5226149999999999)	(7, 0.0)	(8, 0.0)	(9, 0.0)	(10, 0.0)	(11, 0.0)	(12, 0.0006348889999999999)	(13, 0.0)	(14, 0.0968914)	(15, 0.0)	(16, 0.0)	(17, 5.25704e-05)	(18, 0.0)	(19, 0.0)	(20, 0.000117273)	(21, 0.0)	(22, 0.0)	(23, 0.0)	(24, 0.0)	(25, 0.0)	(26, 0.0)	(27, 0.0)	(28, 0.0)	(29, 5.25704e-05)	(30, 0.0)	(31, 0.0)	(32, 0.0)	(33, 0.0)	(34, 0.00038827)	(35, 0.0)	(36, 0.0)	(37, 3.23595e-05)	(38, 0.000537997)	(39, 0.0)	(40, 0.0)	(41, 6.06822e-05)	(42, 0.0)	(43, 2.832e-05)	(44, 0.0)	(45, 0.000121379)	(46, 0.0)	(47, 0.00723456)	(48, 0.0017520399999999998)	(49, 0.000570541)	(50, 4.04649e-05)	(51, 0.00018209700000000002)	(52, 0.0380471)	(53, 0.00170775)	(54, 0.000101173)	(55, 0.00124648)	(56, 0.0)	(57, 0.00146915)	(58, 0.0877955)	(59, 0.000708311)	(60, 0.000218571)	(61, 5.26206e-05)	(62, 0.0030763699999999997)	(63, 2.42878e-05)	(64, 2.83367e-05)	(65, 0.0)	(66, 0.0008380140000000001)	(67, 0.0)	(68, 0.0)	(69, 0.000210536)	(70, 2.8342399999999998e-05)	(71, 0.000623555)	(72, 1.61968e-05)	(73, 0.0)	(74, 0.0)	(75, 0.0)	(76, 0.0114529)	(77, 0.000486)	(78, 0.00043337)	(79, 0.5737680000000001)	(80, 1.09614)	(81, 0.00010127099999999999)	(82, 8.50726e-05)	(83, 4.05135e-06)	(84, 0.0)	(85, 0.00337126)	(86, 0.0)	(87, 0.0009281040000000001)	(88, 0.00143895)	(89, 0.00274048)	(90, 0.0038803)	(91, 0.00012166399999999999)	(92, 0.000584113)	(93, 0.00197999)	(94, 0.0)	(95, 0.786042)	(96, 2.03072e-05)	(97, 0.7858999999999999)	(98, 0.00141876)	(99, 0.52297)	(100, 0.00271472)	
NA20342	(1, 0.0822186)	(2, 0.031483)	(3, 0.0212752)	(4, 0.0016441300000000002)	(5, 0.00245635)	(6, 0.000693927)	(7, 0.00126169)	(8, 0.00026022299999999996)	(9, 0.000788554)	(10, 4.33705e-05)	(11, 3.94277e-06)	(12, 0.00010645500000000001)	(13, 0.000701813)	(14, 0.00119072)	(15, 0.0022197799999999998)	(16, 0.0011276300000000001)	(17, 0.00020502400000000002)	(18, 4.73132e-05)	(19, 0.000137997)	(20, 0.0)	(21, 0.0)	(22, 0.0023459500000000003)	(23, 0.00240115)	(24, 0.0)	(25, 0.00010645500000000001)	(26, 0.0)	(27, 0.0008319239999999999)	(28, 0.000291765)	(29, 0.00021291000000000002)	(30, 0.00116706)	(31, 0.0011315700000000001)	(32, 0.00169943)	(33, 7.8864e-06)	(34, 0.000110415)	(35, 0.000303654)	(36, 4.33809e-05)	(37, 4.73265e-05)	(38, 0.000201145)	(39, 0.0)	(40, 0.0)	(41, 5.12767e-05)	(42, 5.12781e-05)	(43, 0.0)	(44, 0.0)	(45, 0.0)	(46, 0.0)	(47, 0.0)	(48, 0.0)	(49, 0.0)	(50, 0.0)	(51, 0.0)	(52, 0.0)	(53, 0.0)	(54, 7.1018e-05)	(55, 0.000145984)	(56, 0.000378776)	(57, 0.00175187)	(58, 0.00900022)	(59, 0.00610418)	(60, 0.008771709999999999)	(61, 0.00711851)	(62, 0.0152475)	(63, 0.013203699999999999)	(64, 0.006854529999999999)	(65, 0.0212033)	(66, 0.0062707399999999995)	(67, 0.0)	(68, 0.0)	(69, 0.0)	(70, 0.0)	(71, 6.709500000000001e-05)	(72, 0.0)	(73, 0.0)	(74, 5.5258600000000007e-05)	(75, 8.28899e-05)	(76, 0.0)	(77, 0.0)	(78, 0.0)	(79, 0.0)	(80, 0.0)	(81, 9.080009999999999e-05)	(82, 0.000540873)	(83, 0.00170559)	(84, 0.00168198)	(85, 0.0016070400000000001)	(86, 0.00208492)	(87, 1.18469e-05)	(88, 0.00116898)	(89, 0.0)	(90, 0.0)	(91, 0.0)	(92, 0.0)	(93, 0.0)	(94, 0.0)	(95, 1.5809499999999998e-05)	(96, 0.00020555800000000003)	(97, 0.0)	(98, 0.0)	(99, 0.9697549999999999)	(100, 0.0)	
NA20351	(1, 0.0)	(2, 0.0)	(3, 0.0)	(4, 0.0)	(5, 0.0)	(6, 0.0)	(7, 0.0)	(8, 0.006531479999999999)	(9, 0.00822174)	(10, 0.0537706)	(11, 0.0236713)	(12, 0.020164599999999998)	(13, 0.025217700000000003)	(14, 0.00314086)	(15, 0.0)	(16, 0.0)	(17, 0.0)	(18, 0.0)	(19, 0.0)	(20, 0.0)	(21, 0.0)	(22, 0.0)	(23, 0.0)	(24, 0.0)	(25, 0.0)	(26, 0.0)	(27, 0.0)	(28, 0.0)	(29, 0.0)	(30, 0.0)	(31, 0.0)	(32, 0.0)	(33, 0.0)	(34, 0.0)	(35, 0.0)	(36, 0.0)	(37, 0.0)	(38, 0.0)	(39, 0.000441541)	(40, 0.0)	(41, 0.002725)	(42, 0.0)	(43, 0.0)	(44, 0.0)	(45, 0.0)	(46, 0.0)	(47, 0.0)	(48, 0.0)	(49, 0.0)	(50, 0.0)	(51, 0.0)	(52, 0.0)	(53, 0.0)	(54, 0.0)	(55, 0.0)	(56, 0.0)	(57, 0.0)	(58, 0.00239727)	(59, 0.000199354)	(60, 0.0)	(61, 0.0)	(62, 0.0)	(63, 0.0)	(64, 0.0)	(65, 0.0)	(66, 0.0)	(67, 0.0)	(68, 0.0)	(69, 0.0)	(70, 0.0)	(71, 0.0)	(72, 0.0)	(73, 0.0)	(74, 0.0032385)	(75, 0.012422099999999998)	(76, 0.0420782)	(77, 0.017115000000000002)	(78, 0.00028784599999999997)	(79, 0.00034596400000000004)	(80, 0.0)	(81, 0.0)	(82, 0.0)	(83, 0.0)	(84, 0.0)	(85, 0.0)	(86, 0.0)	(87, 0.0)	(88, 0.0)	(89, 0.0)	(90, 0.0)	(91, 0.0)	(92, 0.0)	(93, 0.00160633)	(94, 0.00309382)	(95, 0.0)	(96, 0.00700557)	(97, 0.0)	(98, 0.0)	(99, 0.0)	(100, 0.0)	(101, 0.0)
NA20355	(1, 0.000191656)	(2, 0.0)	(3, 0.0)	(4, 0.323821)	(5, 0.0)	(6, 0.0)	(7, 2.6135e-05)	(8, 0.0)	(9, 0.0)	(10, 0.000139386)	(11, 0.0)	(12, 0.058350700000000005)	(13, 0.200512)	(14, 0.0)	(15, 0.0)	(16, 0.0)	(17, 0.0)	(18, 0.0)	(19, 0.000322331)	(20, 0.0010933100000000001)	(21, 0.00010018399999999999)	(22, 0.0)	(23, 0.013211200000000001)	(24, 0.0)	(25, 0.0)	(26, 0.0)	(27, 0.0)	(28, 0.0)	(29, 0.0)	(30, 0.0)	(31, 0.0)	(32, 0.0)	(33, 0.0)	(34, 0.0)	(35, 0.0)	(36, 0.0)	(37, 0.0)	(38, 3.05006e-05)	(39, 0.00476263)	(40, 0.0)	(41, 0.0)	(42, 0.0)	(43, 0.0)	(44, 0.0)	(45, 0.0)	(46, 0.0473406)	(47, 0.0)	(48, 0.0)	(49, 0.0)	(50, 0.0)	(51, 0.0)	(52, 0.0)	(53, 0.0)	(54, 0.0)	(55, 1.3078499999999999e-05)	(56, 0.0)	(57, 0.0)	(58, 0.00131233)	(59, 0.00156526)	(60, 0.0128277)	(61, 0.000187496)	(62, 0.00035320299999999996)	(63, 0.00116431)	(64, 0.0)	(65, 0.0)	(66, 0.0)	(67, 0.030673799999999998)	(68, 0.0)	(69, 0.0)	(70, 0.0)	(71, 0.0)	(72, 0.0)	(73, 0.0)	(74, 0.0)	(75, 0.0)	(76, 0.0)	(77, 0.0)	(78, 0.00011344999999999999)	(79, 0.00010036499999999999)	(80, 0.00037529699999999997)	(81, 0.000916472)	(82, 0.000532459)	(83, 8.72935e-06)	(84, 0.0)	(85, 0.0)	(86, 0.0)	(87, 0.0)	(88, 0.00124444)	(89, 0.0)	(90, 4.3675e-06)	(91, 0.00019219799999999998)	(92, 0.0409617)	(93, 1.74782e-05)	(94, 0.00042830000000000006)	(95, 0.0)	(96, 8.74482e-06)	(97, 0.00019681400000000002)	(98, 0.000144376)	(99, 4.37658e-06)	(100, 3.0647999999999995e-05)	
NA20503	(1, 0.201555)	(2, 0.133737)	(3, 0.0919648)	(4, 0.04929)	(5, 0.028384)	(6, 0.0)	(7, 0.000333961)	(8, 0.0)	(9, 0.0356937)	(10, 0.0862314)	(11, 0.00013625600000000002)	(12, 0.0012049299999999999)	(13, 0.00144004)	(14, 0.0006331900000000001)	(15, 2.67169e-05)	(16, 0.000577085)	(17, 0.0)	(18, 0.0297065)	(19, 0.00441897)	(20, 0.00022175)	(21, 3.2060299999999995e-05)	(22, 0.0031044999999999996)	(23, 0.00245795)	(24, 0.0)	(25, 0.0)	(26, 0.0)	(27, 0.0)	(28, 0.0)	(29, 0.0)	(30, 0.0)	(31, 0.0)	(32, 0.0)	(33, 0.0)	(34, 0.000371384)	(35, 0.0)	(36, 0.0018863600000000001)	(37, 0.014810499999999999)	(38, 0.00830181)	(39, 8.8176e-05)	(40, 0.0)	(41, 0.0)	(42, 0.0)	(43, 0.0)	(44, 0.0)	(45, 0.0)	(46, 0.0)	(47, 0.0)	(48, 0.0)	(49, 0.0)	(50, 0.00112768)	(51, 0.0008791699999999999)	(52, 0.00114106)	(53, 0.00233023)	(54, 1.0689200000000001e-05)	(55, 0.0)	(56, 0.0)	(57, 0.0)	(58, 0.0)	(59, 0.0)	(60, 0.0)	(61, 0.0)	(62, 0.0)	(63, 0.0)	(64, 0.00074832)	(65, 0.0)	(66, 0.0)	(67, 0.0)	(68, 0.0)	(69, 0.0)	(70, 0.0)	(71, 0.0)	(72, 0.0)	(73, 0.0)	(74, 0.0)	(75, 0.0)	(76, 0.0)	(77, 0.0)	(78, 0.0)	(79, 0.0)	(80, 0.0)	(81, 0.0)	(82, 0.00539737)	(83, 0.00586957)	(84, 0.00401387)	(85, 0.0024057)	(86, 0.0)	(87, 0.0)	(88, 0.0)	(89, 0.0)	(90, 0.0)	(91, 0.0)	(92, 0.0)	(93, 0.0)	(94, 0.0)	(95, 0.0)	(96, 0.0)	(97, 0.0)	(98, 0.0)	(99, 0.0)	(100, 0.0)	(101, 0.0)
NA20507	(1, 0.0729265)	(2, 0.0153189)	(3, 0.009693)	(4, 0.0162535)	(5, 0.0112149)	(6, 0.00423699)	(7, 0.0)	(8, 0.0)	(9, 0.0)	(10, 0.0)	(11, 0.0)	(12, 0.0)	(13, 0.0)	(14, 0.0)	(15, 0.0)	(16, 0.0)	(17, 0.0)	(18, 0.0)	(19, 0.0)	(20, 0.0)	(21, 0.0)	(22, 0.0)	(23, 0.0)	(24, 0.0)	(25, 0.0)	(26, 0.0)	(27, 0.0)	(28, 0.0)	(29, 0.0)	(30, 0.0)	(31, 0.0)	(32, 0.0)	(33, 0.0)	(34, 0.0)	(35, 0.0)	(36, 0.0)	(37, 0.0)	(38, 0.0)	(39, 0.0)	(40, 0.0)	(41, 0.0)	(42, 0.0)	(43, 0.0)	(44, 0.0)	(45, 2.21689e-05)	(46, 0.0)	(47, 0.0)	(48, 0.0)	(49, 0.0)	(50, 0.0)	(51, 0.0)	(52, 0.00166646)	(53, 0.0)	(54, 0.0)	(55, 0.0)	(56, 0.0)	(57, 0.0)	(58, 0.0)	(59, 0.0)	(60, 0.0)	(61, 0.0)	(62, 0.0)	(63, 0.0)	(64, 0.0)	(65, 0.0)	(66, 0.0)	(67, 0.0)	(68, 0.0)	(69, 0.0)	(70, 5.17406e-05)	(71, 0.0)	(72, 0.0)	(73, 0.0)	(74, 0.0)	(75, 0.0)	(76, 0.0)	(77, 0.0)	(78, 0.0)	(79, 0.0)	(80, 0.0)	(81, 0.0)	(82, 0.0)	(83, 0.0)	(84, 0.0)	(85, 0.0)	(86, 0.0)	(87, 0.0)	(88, 0.0)	(89, 0.0)	(90, 0.0)	(91, 0.0)	(92, 0.0)	(93, 0.0)	(94, 0.0)	(95, 0.0)	(96, 0.0)	(97, 0.0)	(98, 0.0)	(99, 0.0)	(100, 0.0)	(101, 0.0)
NA20511	(1, 0.00019200199999999998)	(2, 0.0)	(3, 0.0)	(4, 0.362671)	(5, 0.0)	(6, 0.0)	(7, 3.4286e-05)	(8, 0.0)	(9, 0.0)	(10, 0.000126858)	(11, 0.0)	(12, 0.061951400000000004)	(13, 0.170175)	(14, 0.0)	(15, 0.0)	(16, 0.0)	(17, 0.0)	(18, 0.0)	(19, 0.000281145)	(20, 0.00111772)	(21, 7.20006e-05)	(22, 0.0)	(23, 0.014362399999999999)	(24, 0.0)	(25, 0.0)	(26, 0.0)	(27, 0.0)	(28, 0.0)	(29, 0.0)	(30, 0.0)	(31, 0.0)	(32, 0.0)	(33, 0.0)	(34, 0.0)	(35, 0.0)	(36, 0.0)	(37, 0.0)	(38, 1.71482e-05)	(39, 0.00499715)	(40, 0.0)	(41, 0.0)	(42, 0.0)	(43, 0.0)	(44, 0.0)	(45, 0.0)	(46, 0.05234900000000001)	(47, 0.0)	(48, 0.0)	(49, 0.0)	(50, 0.0)	(51, 0.0)	(52, 0.0)	(53, 0.0)	(54, 0.0)	(55, 1.0294e-05)	(56, 0.0)	(57, 0.0)	(58, 0.0011804799999999998)	(59, 0.00164037)	(60, 0.00938267)	(61, 0.000195621)	(62, 0.000435872)	(63, 0.0010674)	(64, 0.0)	(65, 0.0)	(66, 0.0)	(67, 0.0403093)	(68, 0.0)	(69, 0.0)	(70, 0.0)	(71, 0.0)	(72, 0.0)	(73, 0.0)	(74, 0.0)	(75, 0.0)	(76, 0.0)	(77, 0.0)	(78, 0.00010301999999999999)	(79, 0.00010989200000000001)	(80, 0.000254136)	(81, 0.0009204279999999999)	(82, 0.000370937)	(83, 1.7174e-05)	(84, 0.0)	(85, 0.0)	(86, 0.0)	(87, 0.0)	(88, 0.00114422)	(89, 0.0)	(90, 0.0)	(91, 0.000154682)	(92, 0.050609699999999994)	(93, 3.7823799999999995e-05)	(94, 0.000464296)	(95, 0.0)	(96, 3.4409e-06)	(97, 0.00014111900000000002)	(98, 0.000175597)	(99, 3.44439e-06)	(100, 3.44585e-05)	
NA20864	(1, 0.0387572)	(2, 0.014320199999999998)	(3, 0.00761265)	(4, 0.0137111)	(5, 0.019170200000000002)	(6, 0.0)	(7, 0.0)	(8, 0.0)	(9, 0.0)	(10, 0.0)	(11, 0.0)	(12, 0.0)	(13, 0.0)	(14, 0.0)	(15, 0.0)	(16, 0.0)	(17, 0.0)	(18, 0.0)	(19, 0.0)	(20, 0.0)	(21, 0.0)	(22, 0.0)	(23, 0.0)	(24, 0.0)	(25, 0.0)	(26, 1.88572e-06)	(27, 1.88572e-06)	(28, 0.0)	(29, 0.0)	(30, 0.0)	(31, 0.0)	(32, 0.0)	(33, 9.61774e-05)	(34, 0.00019424600000000002)	(35, 0.00010938400000000001)	(36, 0.0)	(37, 0.0)	(38, 0.0)	(39, 0.0)	(40, 0.0)	(41, 5.09261e-05)	(42, 0.00104306)	(43, 9.053840000000001e-05)	(44, 8.67673e-05)	(45, 0.0)	(46, 3.58399e-05)	(47, 0.0)	(48, 0.0120803)	(49, 0.0)	(50, 0.0)	(51, 0.0)	(52, 0.0)	(53, 0.000613117)	(54, 0.0)	(55, 5.8483900000000004e-05)	(56, 0.000162249)	(57, 0.000111313)	(58, 0.0)	(59, 0.0)	(60, 0.0)	(61, 0.0)	(62, 0.0)	(63, 5.66057e-06)	(64, 0.0)	(65, 1.88693e-06)	(66, 0.0)	(67, 1.8869999999999999e-06)	(68, 0.000818976)	(69, 0.0108734)	(70, 0.0)	(71, 0.00167391)	(72, 0.00186833)	(73, 5.6617200000000004e-05)	(74, 0.0)	(75, 3.01972e-05)	(76, 7.92695e-05)	(77, 0.0)	(78, 0.00291046)	(79, 0.0)	(80, 0.0011268699999999999)	(81, 0.0)	(82, 0.0022481899999999997)	(83, 0.00800008)	(84, 0.00111567)	(85, 0.0)	(86, 0.0)	(87, 0.000991175)	(88, 0.0)	(89, 0.00242245)	(90, 0.00027190199999999997)											
NA21092	(1, 6.70141e-06)	(2, 6.70141e-06)	(3, 1.67535e-05)	(4, 0.0)	(5, 0.0)	(6, 0.0)	(7, 0.0)	(8, 0.0)	(9, 0.0)	(10, 0.0)	(11, 0.0)	(12, 0.0)	(13, 0.0)	(14, 0.0)	(15, 0.0)	(16, 0.0)	(17, 0.0)	(18, 0.0)	(19, 0.0)	(20, 0.0)	(21, 0.0)	(22, 0.0)	(23, 5.36113e-05)	(24, 2.3454899999999998e-05)	(25, 0.0)	(26, 0.0)	(27, 0.0)	(28, 0.0)	(29, 0.0)	(30, 0.0)	(31, 0.0)	(32, 0.0)	(33, 0.0)	(34, 0.0)	(35, 0.0)	(36, 0.0)	(37, 0.0)	(38, 0.0)	(39, 3.3521199999999998e-06)	(40, 3.35224e-06)	(41, 3.35236e-06)	(42, 1.00574e-05)	(43, 6.3699e-05)	(44, 0.0)	(45, 0.0)	(46, 0.0)	(47, 0.0)	(48, 0.0)	(49, 0.0)	(50, 0.0)	(51, 0.0)	(52, 0.0)	(53, 0.0)	(54, 0.0)	(55, 0.0)	(56, 0.0)	(57, 0.0)	(58, 0.0)	(59, 1.34158e-05)	(60, 0.0)	(61, 0.0)	(62, 0.0)	(63, 0.00140209)	(64, 0.000258285)	(65, 0.000727914)	(66, 0.0)	(67, 0.0)	(68, 0.0)	(69, 0.0)	(70, 0.0)	(71, 0.0)	(72, 0.0)	(73, 0.0)	(74, 0.0)	(75, 0.0)	(76, 0.0)	(77, 0.0)	(78, 0.0)	(79, 0.0011141)	(80, 0.000140944)	(81, 0.00411769)	(82, 1.0067999999999999e-05)	(83, 0.0)	(84, 0.0)	(85, 0.0)	(86, 0.0)	(87, 3.3565600000000004e-06)	(88, 3.02103e-05)	(89, 5.03526e-05)	(90, 6.71397e-06)	(91, 0.0)	(92, 0.0)	(93, 6.71496e-06)	(94, 0.0)	(95, 2.01472e-05)	(96, 0.189193)	(97, 0.264978)	(98, 0.26892499999999997)	(99, 0.23037000000000002)	(100, 0.19355)	
SRR070532	(1, 0.103566)	(2, 1.64051e-05)	(3, 4.10129e-06)	(4, 0.0)	(5, 0.0)	(6, 0.0)	(7, 0.0)	(8, 0.0)	(9, 0.0)	(10, 0.0)	(11, 0.0)	(12, 0.0)	(13, 0.0)	(14, 0.0)	(15, 0.0)	(16, 0.0)	(17, 0.0)	(18, 0.0)	(19, 0.0)	(20, 0.0)	(21, 0.0)	(22, 0.0)	(23, 3.69116e-05)	(24, 0.00295293)	(25, 0.0024566699999999998)	(26, 0.00618884)	(27, 0.000984309)	(28, 0.0149205)	(29, 0.00299804)	(30, 0.00043473599999999997)	(31, 0.0)	(32, 0.013362800000000001)	(33, 0.00411819)	(34, 0.000787583)	(35, 0.000205111)	(36, 0.000722024)	(37, 0.0)	(38, 4.10276e-06)	(39, 8.205829999999999e-06)	(40, 0.0)	(41, 2.46191e-05)	(42, 0.000771425)	(43, 0.0)	(44, 0.0)	(45, 0.0)	(46, 0.0)	(47, 0.0)	(48, 0.0)	(49, 0.0)	(50, 0.0)	(51, 0.0)	(52, 0.0)	(53, 0.00013955)	(54, 0.0)	(55, 0.0)	(56, 0.000233966)	(57, 4.10474e-06)	(58, 0.0)	(59, 0.0)	(60, 4.10498e-06)	(61, 0.0)	(62, 0.0)	(63, 3.2842e-05)	(64, 0.000759489)	(65, 0.00119468)	(66, 0.0)	(67, 0.0)	(68, 0.0)	(69, 0.0)	(70, 4.10589e-06)	(71, 0.0)	(72, 0.0)	(73, 4.106169999999999e-06)	(74, 4.1062699999999996e-06)	(75, 8.212729999999999e-06)	(76, 4.10647e-06)	(77, 1.2319699999999998e-05)	(78, 0.000328534)	(79, 0.00306777)	(80, 0.00581947)	(81, 0.0194016)	(82, 0.0316948)	(83, 0.023863199999999998)	(84, 0.025613699999999996)	(85, 0.007471619999999999)	(86, 0.0026987499999999998)	(87, 0.00010269700000000001)	(88, 0.0)	(89, 0.000106816)	(90, 0.0)	(91, 0.0)	(92, 0.0)	(93, 0.0)	(94, 0.0)	(95, 0.0)	(96, 0.0)	(97, 4.110759999999999e-06)	(98, 0.000542678)	(99, 0.0210889)	(100, 0.0172878)	
SRR077439	(1, 3.7950799999999996e-05)	(2, 0.0)	(3, 0.0)	(4, 0.0)	(5, 0.0)	(6, 0.0)	(7, 0.0)	(8, 0.0)	(9, 3.79508e-06)	(10, 0.0)	(11, 0.00280836)	(12, 0.0)	(13, 0.0)	(14, 0.0)	(15, 0.0)	(16, 0.0)	(17, 0.0)	(18, 0.0)	(19, 0.0)	(20, 0.0)	(21, 1.51803e-05)	(22, 0.0)	(23, 0.0)	(24, 0.0)	(25, 0.00016698399999999999)	(26, 0.8082840000000001)	(27, 0.00023909)	(28, 0.0)	(29, 0.0865924)	(30, 1.51803e-05)	(31, 1.13852e-05)	(32, 3.79533e-06)	(33, 0.0)	(34, 3.7957699999999997e-06)	(35, 0.0)	(36, 7.59226e-06)	(37, 4.17593e-05)	(38, 1.5185800000000001e-05)	(39, 0.0)	(40, 0.012529199999999999)	(41, 0.0)	(42, 0.0)	(43, 3.79708e-06)	(44, 3.79718e-06)	(45, 0.0)	(46, 0.0)	(47, 0.0)	(48, 0.0)	(49, 0.0)	(50, 0.0)	(51, 0.0)	(52, 0.0)	(53, 0.0)	(54, 0.0)	(55, 1.13944e-05)	(56, 0.0)	(57, 0.0)	(58, 0.017153500000000002)	(59, 0.0245874)	(60, 0.00012535200000000002)	(61, 0.0)	(62, 0.0)	(63, 4.1786800000000005e-05)	(64, 0.00162212)	(65, 0.00446759)	(66, 0.0)	(67, 0.0)	(68, 0.0)	(69, 0.0)	(70, 0.0)	(71, 0.0)	(72, 0.0)	(73, 0.0)	(74, 3.79973e-06)	(75, 0.000577572)	(76, 0.000281193)	(77, 3.03999e-05)	(78, 0.00293367)	(79, 0.00733814)	(80, 0.00112488)	(81, 0.00389916)	(82, 0.0061073099999999995)	(83, 0.0176117)	(84, 0.0065674900000000005)	(85, 0.0019193699999999999)	(86, 0.000193842)	(87, 0.00634001)	(88, 0.0)	(89, 0.0)	(90, 0.0)	(91, 0.0)	(92, 2.66119e-05)	(93, 0.0)	(94, 0.000106458)	(95, 0.0)	(96, 0.0)	(97, 0.0)	(98, 0.0)	(99, 0.0)	(100, 0.0)	
SRR077476	(1, 0.052435)	(2, 0.0025039)	(3, 3.96814e-06)	(4, 0.0)	(5, 0.0)	(6, 0.0)	(7, 0.0)	(8, 0.0)	(9, 0.0)	(10, 0.0)	(11, 0.0)	(12, 0.0)	(13, 0.0)	(14, 0.0)	(15, 0.0)	(16, 3.96814e-06)	(17, 0.0)	(18, 0.0)	(19, 7.93628e-06)	(20, 0.0)	(21, 0.0)	(22, 0.0)	(23, 0.0)	(24, 0.0)	(25, 0.0)	(26, 0.0)	(27, 0.00068252)	(28, 0.0)	(29, 0.0)	(30, 0.000551572)	(31, 7.53947e-05)	(32, 0.00017461)	(33, 0.00467507)	(34, 0.0)	(35, 0.00013098)	(36, 0.000845457)	(37, 0.00766106)	(38, 0.00021832900000000002)	(39, 0.000488283)	(40, 0.00277101)	(41, 0.00075828)	(42, 0.0008853509999999999)	(43, 0.00027395)	(44, 0.0)	(45, 0.0)	(46, 0.0)	(47, 3.97074e-06)	(48, 0.0)	(49, 0.0)	(50, 0.0)	(51, 0.000293863)	(52, 0.000238273)	(53, 1.9856500000000002e-05)	(54, 0.0)	(55, 0.0)	(56, 0.0)	(57, 1.98583e-05)	(58, 0.0)	(59, 0.0)	(60, 0.0)	(61, 0.0)	(62, 3.97212e-06)	(63, 0.0)	(64, 0.0)	(65, 0.0)	(66, 0.0)	(67, 0.000202603)	(68, 0.0)	(69, 1.1918400000000001e-05)	(70, 0.000182752)	(71, 0.00019864799999999997)	(72, 0.000341684)	(73, 4.7678e-05)	(74, 8.741200000000001e-05)	(75, 1.19201e-05)	(76, 0.0)	(77, 3.17886e-05)	(78, 0.0)	(79, 4.76853e-05)	(80, 0.000115242)	(81, 4.76877e-05)	(82, 0.0)	(83, 0.00010332900000000001)	(84, 1.1922899999999999e-05)	(85, 0.00015500199999999998)	(86, 3.97452e-06)	(87, 0.00410981)	(88, 0.00616892)	(89, 0.00168936)	(90, 0.00151055)	(91, 0.0013794299999999998)	(92, 0.00122843)	(93, 5.56597e-05)	(94, 0.0008468659999999999)	(95, 0.00021868700000000002)	(96, 0.0006401930000000001)	(97, 0.000258481)	(98, 0.000198845)	(99, 0.000214769)	(100, 3.97753e-06)	
SRR100000	(1, 0.000336694)	(2, 0.0)	(3, 0.0)	(4, 0.0)	(5, 0.0)	(6, 0.0)	(7, 9.730160000000001e-05)	(8, 0.0)	(9, 0.00048496400000000005)	(10, 0.0)	(11, 0.0)	(12, 6.486770000000001e-05)	(13, 6.64122e-05)	(14, 0.0)	(15, 0.0)	(16, 0.0)	(17, 0.0)	(18, 0.0)	(19, 0.0)	(20, 0.0)	(21, 3.55228e-05)	(22, 0.0)	(23, 0.0)	(24, 0.0)	(25, 9.26682e-06)	(26, 0.0)	(27, 0.0)	(28, 8.03124e-05)	(29, 2.4711500000000002e-05)	(30, 0.0)	(31, 0.0)	(32, 0.0)	(33, 2.93491e-05)	(34, 0.0)	(35, 0.00018693)	(36, 6.1798600000000005e-06)	(37, 0.0)	(38, 0.0)	(39, 0.0)	(40, 2.9360399999999998e-05)	(41, 0.0)	(42, 0.0)	(43, 0.0)	(44, 0.0)	(45, 0.0)	(46, 0.0)	(47, 0.0)	(48, 0.0)	(49, 0.0)	(50, 1.23669e-05)	(51, 0.0)	(52, 0.0)	(53, 0.0)	(54, 0.0)	(55, 0.0)	(56, 0.0)	(57, 6.64869e-05)	(58, 0.000180913)	(59, 4.63901e-06)	(60, 0.0)	(61, 0.0)	(62, 0.0)	(63, 0.0)	(64, 0.0)	(65, 0.0)	(66, 0.0)	(67, 0.0)	(68, 0.000456693)	(69, 0.0)	(70, 0.0)	(71, 0.0)	(72, 0.0)	(73, 0.0)	(74, 0.0)	(75, 0.0)	(76, 0.280657)																									
SRR100031	(1, 0.0)	(2, 0.0)	(3, 0.0)	(4, 1.45566e-06)	(5, 0.0)	(6, 0.0)	(7, 0.0)	(8, 0.000806435)	(9, 0.000938901)	(10, 0.0)	(11, 0.0)	(12, 4.51255e-05)	(13, 0.0)	(14, 0.0)	(15, 0.0)	(16, 0.000334802)	(17, 0.0)	(18, 0.0)	(19, 0.0)	(20, 0.0)	(21, 0.0)	(22, 0.0)	(23, 1.6012300000000003e-05)	(24, 0.0)	(25, 0.0)	(26, 0.0)	(27, 0.0)	(28, 0.0)	(29, 0.0)	(30, 0.0)	(31, 0.0)	(32, 0.0)	(33, 0.0)	(34, 9.900020000000001e-05)	(35, 0.0)	(36, 0.0)	(37, 0.0)	(38, 0.0)	(39, 0.0)	(40, 0.0)	(41, 0.0)	(42, 0.0)	(43, 0.0)	(44, 0.0)	(45, 0.0)	(46, 0.0)	(47, 0.0)	(48, 0.0)	(49, 0.0)	(50, 0.0)	(51, 0.0)	(52, 0.0)	(53, 0.0)	(54, 0.0)	(55, 0.0)	(56, 4.37074e-06)	(57, 0.0)	(58, 0.0)	(59, 2.91408e-06)	(60, 0.0)	(61, 0.0)	(62, 0.0)	(63, 0.000119497)	(64, 0.0)	(65, 0.0)	(66, 0.0)	(67, 3.93591e-05)	(68, 0.0)	(69, 0.0)	(70, 0.0)	(71, 0.0)	(72, 0.0)	(73, 0.0)	(74, 0.0)	(75, 0.0)	(76, 0.156111)																									
SRR231651	(1, 0.0429006)	(2, 2.2489e-05)	(3, 9.838940000000001e-06)	(4, 1.12445e-05)	(5, 0.000292357)	(6, 4.77892e-05)	(7, 0.0)	(8, 2.10834e-05)	(9, 0.0)	(10, 0.0)	(11, 0.0)	(12, 0.0)	(13, 0.0)	(14, 0.0)	(15, 0.0)	(16, 0.0)	(17, 0.0)	(18, 0.0)	(19, 0.0)	(20, 0.0)	(21, 0.0)	(22, 0.0)	(23, 0.0)	(24, 0.0)	(25, 0.0)	(26, 5.3411399999999995e-05)	(27, 0.0)	(28, 0.0)	(29, 8.43338e-06)	(30, 1.54612e-05)	(31, 1.40556e-06)	(32, 0.0)	(33, 0.0)	(34, 0.0)	(35, 0.0)	(36, 0.0)	(37, 0.0)	(38, 0.0)	(39, 0.0)	(40, 0.0)	(41, 4.2187e-06)	(42, 2.81256e-06)	(43, 8.43794e-06)	(44, 0.0)	(45, 1.40641e-06)	(46, 0.0)	(47, 0.0)	(48, 2.81304e-06)	(49, 0.0)	(50, 2.81318e-06)	(51, 4.21986e-06)	(52, 0.0)	(53, 1.40668e-06)	(54, 0.0)	(55, 0.0)	(56, 1.40678e-06)	(57, 0.0)	(58, 0.0)	(59, 0.0)	(60, 0.0)	(61, 0.0)	(62, 0.0)	(63, 1.40701e-06)	(64, 0.0)	(65, 1.40708e-06)	(66, 0.0)	(67, 0.0)	(68, 0.0)	(69, 0.0)	(70, 0.0)	(71, 0.0)	(72, 0.0)	(73, 0.0)	(74, 0.0)	(75, 0.0)	(76, 0.0)	(77, 0.0)	(78, 0.0)	(79, 0.0)	(80, 0.0)	(81, 0.0)	(82, 0.0)	(83, 0.0)	(84, 0.0)	(85, 0.0)	(86, 0.0)	(87, 0.0)	(88, 0.0)	(89, 0.0)	(90, 2.81587e-06)	(91, 0.00178109)	(92, 0.0)	(93, 3.23853e-05)	(94, 0.0099834)	(95, 0.00842631)	(96, 0.00825759)	(97, 0.0121741)	(98, 0.00894957)	(99, 0.0052333100000000006)	(100, 0.00299419)	
SRR393023	(1, 0.031122)	(2, 0.00024583)	(3, 4.91659e-05)	(4, 0.0)	(5, 0.000294995)	(6, 0.0013766499999999999)	(7, 0.000442493)	(8, 0.0)	(9, 0.000540825)	(10, 0.0020158)	(11, 0.00113082)	(12, 0.00250746)	(13, 0.0)	(14, 0.000196664)	(15, 0.0)	(16, 0.0)	(17, 0.0)	(18, 0.0)	(19, 0.0)	(20, 0.0)	(21, 0.0)	(22, 0.0)	(23, 0.0)	(24, 0.0)	(25, 0.0)	(26, 0.0)	(27, 0.0)	(28, 0.0)	(29, 0.0)	(30, 0.0)	(31, 0.0)	(32, 0.0028517399999999997)	(33, 0.0)	(34, 0.000147515)	(35, 0.0)	(36, 0.0)	(37, 0.0)	(38, 0.0)	(39, 0.0)	(40, 0.000786895)	(41, 0.0)	(42, 0.000541012)	(43, 0.0)	(44, 0.0)	(45, 0.0)	(46, 0.0)	(47, 0.0)	(48, 0.0)	(49, 0.0)	(50, 0.0080181)	(51, 0.0)	(52, 0.0)	(53, 0.0)	(54, 0.0)	(55, 0.0)	(56, 0.0)	(57, 0.0)	(58, 0.0)	(59, 0.0)	(60, 0.0)	(61, 0.000147605)	(62, 0.00029521699999999996)	(63, 0.0017713499999999999)	(64, 0.0)	(65, 0.0)	(66, 0.0)	(67, 0.0)	(68, 0.0)	(69, 0.0)	(70, 0.0)	(71, 0.0)	(72, 0.0)	(73, 0.000738658)	(74, 0.0)	(75, 0.0)	(76, 0.0)																									
SRR591803	(1, 0.00462192)	(2, 0.0017580299999999998)	(3, 0.00130435)	(4, 0.000510396)	(5, 0.0050189)	(6, 0.0071738999999999995)	(7, 0.00473534)	(8, 0.0)	(9, 0.0)	(10, 0.0)	(11, 0.0037712600000000002)	(12, 0.00042532999999999997)	(13, 0.0)	(14, 0.00130435)	(15, 0.000170132)	(16, 0.00048204100000000006)	(17, 2.8355400000000003e-05)	(18, 0.010775)	(19, 0.000510396)	(20, 0.00683364)	(21, 0.007911139999999999)	(22, 0.000226843)	(23, 0.00204159)	(24, 5.67107e-05)	(25, 0.0)	(26, 0.0)	(27, 0.0)	(28, 0.0005671070000000001)	(29, 0.0)	(30, 0.000113421)	(31, 0.00104915)	(32, 0.000850681)	(33, 5.67132e-05)	(34, 2.83572e-05)	(35, 0.0)	(36, 0.0)	(37, 0.0)	(38, 0.0)	(39, 0.00017015999999999998)	(40, 0.0)	(41, 0.00170168)	(42, 0.00110611)	(43, 0.0)	(44, 2.8363e-05)	(45, 0.0)	(46, 0.0)	(47, 0.0)	(48, 0.0)	(49, 0.0)	(50, 0.000510591)	(51, 0.0)	(52, 5.6735e-05)	(53, 0.000368788)	(54, 2.83695e-05)	(55, 0.0)	(56, 0.00405735)	(57, 0.0032064899999999998)	(58, 5.6759100000000003e-05)	(59, 0.00207204)	(60, 0.007608709999999999)	(61, 0.00397597)	(62, 0.0007955289999999999)	(63, 2.8426100000000002e-05)	(64, 0.000512007)	(65, 0.0)	(66, 0.0)	(67, 0.000228265)	(68, 0.0034005399999999996)	(69, 0.0)	(70, 0.0)	(71, 0.000920165)	(72, 0.0)	(73, 0.0004918209999999999)	(74, 2.9037900000000002e-05)	(75, 0.0)	(76, 0.0)																									
SRR702079	(1, 0.0)	(2, 0.0)	(3, 0.0)	(4, 0.0)	(5, 0.0)	(6, 0.00174317)	(7, 0.0)	(8, 0.015432799999999998)	(9, 0.017871400000000003)	(10, 0.015928599999999998)	(11, 0.0356772)	(12, 0.0318136)	(13, 0.0235499)	(14, 0.00139079)	(15, 0.0)	(16, 0.0)	(17, 0.0)	(18, 0.0)	(19, 0.0)	(20, 0.0)	(21, 0.0)	(22, 0.0)	(23, 0.0)	(24, 0.0)	(25, 0.0)	(26, 0.0)	(27, 0.0)	(28, 0.0)	(29, 0.0)	(30, 0.0)	(31, 0.0)	(32, 0.0)	(33, 0.0)	(34, 0.0)	(35, 0.0)	(36, 0.0)	(37, 0.0)	(38, 7.17299e-05)	(39, 9.04431e-05)	(40, 9.35628e-05)	(41, 0.0)	(42, 0.0)	(43, 0.0)	(44, 0.0)	(45, 0.0)	(46, 0.0)	(47, 0.0)	(48, 0.0)	(49, 0.0)	(50, 0.0)	(51, 0.0)	(52, 0.0)	(53, 0.0)	(54, 0.0)	(55, 0.0)	(56, 0.0)	(57, 0.00466618)	(58, 0.00976286)	(59, 0.0103743)	(60, 0.000343108)	(61, 0.0)	(62, 0.0)	(63, 0.0)	(64, 0.0)	(65, 0.0)	(66, 0.0)	(67, 0.0)	(68, 0.0)	(69, 0.0)	(70, 0.0)	(71, 0.0)	(72, 0.0)	(73, 0.0)	(74, 0.0)	(75, 0.008059160000000001)	(76, 0.0116605)	(77, 0.00901209)	(78, 3.43291e-05)	(79, 0.0)	(80, 0.0)	(81, 0.0)	(82, 0.0)	(83, 0.0)	(84, 0.0)	(85, 0.0)	(86, 0.0)	(87, 0.0)	(88, 0.0)	(89, 0.0)	(90, 0.0)	(91, 0.0)	(92, 0.0)	(93, 0.000317226)	(94, 0.00162229)	(95, 6.29494e-06)	(96, 0.000605056)	(97, 0.0018870100000000002)	(98, 0.0)	(99, 0.0)	(100, 0.0)	(101, 0.0)
SRR708372	(1, 0.0)	(2, 0.0)	(3, 0.0)	(4, 0.0)	(5, 0.0)	(6, 1.65901e-05)	(7, 0.0009954039999999999)	(8, 0.00420005)	(9, 0.025617800000000003)	(10, 0.0190509)	(11, 0.015708)	(12, 0.0400263)	(13, 0.0421194)	(14, 0.00407286)	(15, 0.0)	(16, 0.0)	(17, 0.0)	(18, 0.0)	(19, 0.0)	(20, 0.0)	(21, 0.0)	(22, 0.0)	(23, 0.0)	(24, 0.0)	(25, 0.0)	(26, 0.0)	(27, 0.0)	(28, 0.0)	(29, 0.0)	(30, 0.0)	(31, 0.0)	(32, 0.0)	(33, 0.0)	(34, 0.0)	(35, 0.0)	(36, 0.0)	(37, 0.0)	(38, 0.0)	(39, 0.0)	(40, 2.7653700000000003e-06)	(41, 0.0035618299999999998)	(42, 0.0)	(43, 0.0)	(44, 0.0)	(45, 0.0)	(46, 0.0)	(47, 0.0)	(48, 0.0)	(49, 0.0)	(50, 0.0)	(51, 0.0)	(52, 0.0)	(53, 0.0)	(54, 0.0)	(55, 0.0)	(56, 0.0)	(57, 0.0)	(58, 0.00136349)	(59, 0.00298974)	(60, 0.00285147)	(61, 0.0)	(62, 0.0)	(63, 0.0)	(64, 0.0)	(65, 0.0)	(66, 0.0)	(67, 0.0)	(68, 0.0)	(69, 0.0)	(70, 0.0)	(71, 0.0)	(72, 0.0)	(73, 0.0)	(74, 0.0)	(75, 0.0033886700000000003)	(76, 0.006713950000000001)	(77, 0.0102858)	(78, 0.0)	(79, 0.0)	(80, 0.0)	(81, 0.0)	(82, 0.0)	(83, 0.0)	(84, 0.0)	(85, 0.0)	(86, 0.0)	(87, 0.0)	(88, 0.0)	(89, 0.0)	(90, 0.0)	(91, 0.0)	(92, 0.0)	(93, 0.0)	(94, 0.0)	(95, 0.0)	(96, 0.0)	(97, 0.00041185200000000004)	(98, 0.00182978)	(99, 0.0)	(100, 0.0)	(101, 0.0)
SRR708381	(1, 0.0)	(2, 0.0)	(3, 0.0)	(4, 0.0)	(5, 0.0)	(6, 0.0)	(7, 0.0)	(8, 0.0)	(9, 0.000434558)	(10, 0.0)	(11, 0.0)	(12, 0.0)	(13, 0.0)	(14, 0.0)	(15, 0.0)	(16, 0.0)	(17, 0.0)	(18, 0.0)	(19, 0.0)	(20, 0.0)	(21, 0.0)	(22, 0.0)	(23, 0.0)	(24, 0.0)	(25, 0.0)	(26, 0.0)	(27, 0.0)	(28, 0.000101503)	(29, 0.0125102)	(30, 0.0122469)	(31, 0.0176424)	(32, 0.0222549)	(33, 0.0178968)	(34, 0.0)	(35, 0.0)	(36, 0.0)	(37, 0.0)	(38, 0.0818957)	(39, 0.00152589)	(40, 0.0053739600000000005)	(41, 3.80685e-05)	(42, 6.3448100000000005e-06)	(43, 3.1724300000000003e-06)	(44, 0.0)	(45, 0.0)	(46, 0.0)	(47, 0.0)	(48, 0.0)	(49, 0.0)	(50, 0.0)	(51, 0.0)	(52, 5.07615e-05)	(53, 0.0008185340000000001)	(54, 0.0165104)	(55, 0.0416474)	(56, 0.00889299)	(57, 0.000853454)	(58, 2.53817e-05)	(59, 0.0)	(60, 0.0)	(61, 0.0)	(62, 0.0)	(63, 0.0)	(64, 0.0)	(65, 0.0)	(66, 0.0)	(67, 0.0)	(68, 0.0)	(69, 0.0)	(70, 0.0)	(71, 0.0)	(72, 0.0)	(73, 0.0)	(74, 0.00553525)	(75, 0.0102081)	(76, 0.000126979)	(77, 0.000187319)	(78, 0.0)	(79, 0.0)	(80, 0.0)	(81, 0.0)	(82, 0.0)	(83, 0.0)	(84, 0.0)	(85, 0.0)	(86, 0.0)	(87, 0.0)	(88, 0.0)	(89, 0.0)	(90, 0.0)	(91, 0.0)	(92, 0.0)	(93, 0.0)	(94, 0.0025176599999999997)	(95, 0.0100291)	(96, 0.006811869999999999)	(97, 0.00010008400000000001)	(98, 0.0)	(99, 0.0)	(100, 0.0)	(101, 0.0)
SRR708382	(1, 0.0)	(2, 0.0)	(3, 0.0)	(4, 0.0)	(5, 0.0)	(6, 0.0)	(7, 0.0)	(8, 0.00651618)	(9, 0.00815256)	(10, 0.0535255)	(11, 0.0235287)	(12, 0.0201919)	(13, 0.0251251)	(14, 0.00299248)	(15, 0.0)	(16, 0.0)	(17, 0.0)	(18, 0.0)	(19, 0.0)	(20, 0.0)	(21, 0.0)	(22, 0.0)	(23, 0.0)	(24, 0.0)	(25, 0.0)	(26, 0.0)	(27, 0.0)	(28, 0.0)	(29, 0.0)	(30, 0.0)	(31, 0.0)	(32, 0.0)	(33, 0.0)	(34, 0.0)	(35, 0.0)	(36, 0.0)	(37, 0.0)	(38, 0.0)	(39, 0.000304357)	(40, 0.0)	(41, 0.00288878)	(42, 0.0)	(43, 0.0)	(44, 0.0)	(45, 0.0)	(46, 0.0)	(47, 0.0)	(48, 0.0)	(49, 0.0)	(50, 0.0)	(51, 0.0)	(52, 0.0)	(53, 0.0)	(54, 0.0)	(55, 0.0)	(56, 0.0)	(57, 0.0)	(58, 0.00241649)	(59, 0.00019492299999999998)	(60, 0.0)	(61, 0.0)	(62, 0.0)	(63, 0.0)	(64, 0.0)	(65, 0.0)	(66, 0.0)	(67, 0.0)	(68, 0.0)	(69, 0.0)	(70, 0.0)	(71, 0.0)	(72, 0.0)	(73, 0.0)	(74, 0.00312752)	(75, 0.012548)	(76, 0.0426251)	(77, 0.0172911)	(78, 0.000331265)	(79, 0.000376718)	(80, 0.0)	(81, 0.0)	(82, 0.0)	(83, 0.0)	(84, 0.0)	(85, 0.0)	(86, 0.0)	(87, 0.0)	(88, 0.0)	(89, 0.0)	(90, 0.0)	(91, 0.0)	(92, 0.0)	(93, 0.0015323)	(94, 0.00304629)	(95, 0.0)	(96, 0.00701941)	(97, 0.0)	(98, 0.0)	(99, 0.0)	(100, 0.0)	(101, 0.0)
SRR710114	(1, 0.0137505)	(2, 0.00423181)	(3, 2.56646e-05)	(4, 5.13293e-05)	(5, 8.55488e-06)	(6, 0.0)	(7, 0.0)	(8, 0.0)	(9, 0.0)	(10, 0.5786)	(11, 0.0)	(12, 0.0)	(13, 1.71098e-05)	(14, 0.0)	(15, 0.0)	(16, 0.000499034)	(17, 0.0010921700000000002)	(18, 0.00626217)	(19, 0.00151992)	(20, 0.00224708)	(21, 0.0)	(22, 0.0)	(23, 0.0)	(24, 0.000296569)	(25, 0.0)	(26, 0.0)	(27, 0.00011976800000000001)	(28, 8.55488e-05)	(29, 7.699390000000001e-05)	(30, 5.70325e-05)	(31, 0.00259783)	(32, 5.7034e-05)	(33, 0.000687277)	(34, 9.125870000000001e-05)	(35, 0.0)	(36, 0.0)	(37, 0.0)	(38, 0.0)	(39, 0.0)	(40, 0.0)	(41, 0.0)	(42, 0.0)	(43, 0.0)	(44, 0.0)	(45, 0.0)	(46, 0.0)	(47, 0.00115234)	(48, 2.28188e-05)	(49, 0.00539098)	(50, 0.000185406)	(51, 0.0)	(52, 2.85244e-06)	(53, 0.0)	(54, 0.0)	(55, 0.0)	(56, 0.0)	(57, 0.0)	(58, 0.0)	(59, 0.0)	(60, 0.0)	(61, 0.0)	(62, 0.0)	(63, 0.0)	(64, 0.0)	(65, 0.0)	(66, 0.0)	(67, 0.0)	(68, 0.0)	(69, 0.0)	(70, 0.0)	(71, 0.0)	(72, 0.0)	(73, 0.0)	(74, 0.0)	(75, 0.0)	(76, 2.85352e-06)	(77, 3.99515e-05)	(78, 5.7077199999999996e-05)	(79, 0.00208348)	(80, 0.0)	(81, 0.0)	(82, 0.0)	(83, 0.0)	(84, 0.00166502)	(85, 0.000831247)	(86, 0.000362859)	(87, 0.0)	(88, 0.0)	(89, 0.0)	(90, 0.0266841)	(91, 0.0780994)	(92, 0.0941296)	(93, 0.439975)	(94, 0.049935099999999996)	(95, 0.00299258)	(96, 0.00143573)	(97, 0.0011495700000000001)	(98, 0.0)	(99, 0.0)	(100, 0.0)	(101, 0.0)
SRR715103	(1, 0.0)	(2, 0.00229484)	(3, 0.0)	(4, 0.0)	(5, 0.0)	(6, 0.0)	(7, 0.0)	(8, 0.0)	(9, 0.0)	(10, 0.0)	(11, 0.0)	(12, 0.0)	(13, 0.0325893)	(14, 0.0217392)	(15, 0.023982)	(16, 0.007433840000000001)	(17, 0.00489847)	(18, 0.00013652)	(19, 0.032407200000000004)	(20, 0.013704000000000001)	(21, 0.0)	(22, 0.0)	(23, 0.0)	(24, 0.0)	(25, 0.0)	(26, 0.0)	(27, 0.0)	(28, 0.0)	(29, 0.0)	(30, 0.0)	(31, 0.0)	(32, 0.0)	(33, 0.0)	(34, 0.0)	(35, 0.0)	(36, 0.0)	(37, 0.0)	(38, 0.0)	(39, 0.0)	(40, 0.0)	(41, 0.0)	(42, 0.0)	(43, 0.0)	(44, 0.0)	(45, 0.0)	(46, 0.0)	(47, 0.0)	(48, 0.0)	(49, 0.0)	(50, 0.0)	(51, 0.0)	(52, 0.0)	(53, 0.0)	(54, 0.0)	(55, 0.0)	(56, 0.0)	(57, 0.0)	(58, 0.0)	(59, 0.0)	(60, 1.95109e-05)	(61, 0.0)	(62, 0.0)	(63, 0.0)	(64, 0.0)	(65, 0.0)	(66, 0.0)	(67, 0.0)	(68, 0.0)	(69, 0.0)	(70, 0.0)	(71, 0.0)	(72, 0.0)	(73, 0.0)	(74, 0.0)	(75, 0.0)	(76, 0.0)	(77, 0.0)	(78, 0.0)	(79, 0.00141873)	(80, 0.00214461)	(81, 0.0)	(82, 0.0)	(83, 0.0)	(84, 0.0)	(85, 0.0)	(86, 0.0)	(87, 0.0)	(88, 0.0)	(89, 0.0)	(90, 0.0)	(91, 0.0)	(92, 0.0)	(93, 0.0)	(94, 0.0)	(95, 0.0)	(96, 0.0)	(97, 0.0)	(98, 0.0)	(99, 0.0)	(100, 0.0)	(101, 0.0)
SRR716435	(1, 0.0)	(2, 0.0)	(3, 0.0009758299999999999)	(4, 7.72017e-05)	(5, 5.55852e-05)	(6, 0.0)	(7, 0.0)	(8, 0.000240869)	(9, 0.0)	(10, 0.000886276)	(11, 0.00035204)	(12, 0.0)	(13, 0.0)	(14, 0.0)	(15, 0.0)	(16, 0.0)	(17, 0.0)	(18, 0.0)	(19, 0.0)	(20, 0.0)	(21, 0.0)	(22, 0.0)	(23, 0.0)	(24, 0.0)	(25, 0.0)	(26, 0.0)	(27, 0.0)	(28, 0.00168609)	(29, 0.014285400000000002)	(30, 0.00435418)	(31, 0.0185192)	(32, 0.025035500000000002)	(33, 0.0149252)	(34, 0.00200118)	(35, 0.0)	(36, 0.0)	(37, 0.0)	(38, 0.0850981)	(39, 0.005781580000000001)	(40, 0.013731400000000001)	(41, 0.00254185)	(42, 6.17709e-06)	(43, 0.00327698)	(44, 0.0)	(45, 0.0)	(46, 0.0)	(47, 0.0)	(48, 0.0)	(49, 0.0)	(50, 0.0)	(51, 0.0)	(52, 0.0)	(53, 0.00364786)	(54, 0.014390799999999999)	(55, 0.0119878)	(56, 0.00384562)	(57, 9.26662e-06)	(58, 0.0)	(59, 0.0)	(60, 0.0)	(61, 0.0)	(62, 0.0)	(63, 0.0)	(64, 0.0)	(65, 0.0)	(66, 0.0)	(67, 0.0)	(68, 0.0)	(69, 0.0)	(70, 0.0)	(71, 0.0)	(72, 0.0)	(73, 0.0)	(74, 0.00169013)	(75, 0.00688452)	(76, 0.00198084)	(77, 0.0)	(78, 0.0)	(79, 0.0)	(80, 0.0)	(81, 0.0)	(82, 0.0)	(83, 0.0)	(84, 0.0)	(85, 0.0)	(86, 0.0)	(87, 0.0)	(88, 0.0)	(89, 0.0)	(90, 0.0)	(91, 0.0)	(92, 0.0)	(93, 0.0)	(94, 0.000948569)	(95, 0.00826214)	(96, 0.00565259)	(97, 0.0008371619999999999)	(98, 0.0)	(99, 0.0)	(100, 0.0)	(101, 0.0)
SRR716436	(1, 0.0415145)	(2, 0.00100247)	(3, 0.0)	(4, 0.0)	(5, 0.0)	(6, 1.2907400000000001e-05)	(7, 0.008609229999999999)	(8, 4.30247e-06)	(9, 1.7209900000000003e-05)	(10, 4.30247e-06)	(11, 4.30247e-05)	(12, 8.60493e-06)	(13, 0.0)	(14, 4.30247e-06)	(15, 0.0)	(16, 0.0)	(17, 0.0)	(18, 0.0)	(19, 1.2907400000000001e-05)	(20, 0.0)	(21, 0.0)	(22, 0.0)	(23, 0.0)	(24, 0.0)	(25, 0.0)	(26, 0.0)	(27, 0.0)	(28, 4.7327099999999996e-05)	(29, 0.0)	(30, 0.0)	(31, 0.0)	(32, 0.0)	(33, 0.0)	(34, 0.00768468)	(35, 0.0037434400000000002)	(36, 0.0291563)	(37, 0.118124)	(38, 0.0303835)	(39, 0.11248199999999998)	(40, 0.0306425)	(41, 0.00032273699999999997)	(42, 0.0)	(43, 0.0)	(44, 0.0)	(45, 0.0)	(46, 0.0)	(47, 0.0)	(48, 0.0)	(49, 0.0)	(50, 0.0)	(51, 0.00018935500000000002)	(52, 0.000537945)	(53, 0.000830594)	(54, 0.000400238)	(55, 0.0055087)	(56, 0.00100277)	(57, 0.0116417)	(58, 0.0)	(59, 0.0)	(60, 0.0)	(61, 0.0)	(62, 0.0)	(63, 0.0)	(64, 0.0)	(65, 0.0)	(66, 0.0)	(67, 0.0)	(68, 0.0)	(69, 0.0)	(70, 0.00127863)	(71, 0.0)	(72, 0.0026480699999999998)	(73, 0.00127035)	(74, 0.0009173470000000001)	(75, 0.0)	(76, 0.0)	(77, 0.0)	(78, 0.0)	(79, 0.0)	(80, 0.0)	(81, 0.0)	(82, 0.0)	(83, 0.0)	(84, 0.0)	(85, 0.0)	(86, 0.0)	(87, 0.0)	(88, 0.0)	(89, 0.0)	(90, 0.000626688)	(91, 0.000837018)	(92, 0.00925957)	(93, 0.00030199800000000005)	(94, 0.0)	(95, 9.67466e-05)	(96, 0.0)	(97, 0.0)	(98, 0.0)	(99, 0.0)	(100, 0.0)	(101, 0.0)
SRR742200	(1, 0.000192463)	(2, 0.0)	(3, 0.0)	(4, 0.0)	(5, 0.0)	(6, 0.0)	(7, 0.0)	(8, 0.0)	(9, 0.0)	(10, 0.0)	(11, 0.0)	(12, 0.0)	(13, 0.0)	(14, 0.0)	(15, 0.0)	(16, 0.0)	(17, 0.0)	(18, 0.0)	(19, 0.0)	(20, 0.0)	(21, 0.0)	(22, 0.0)	(23, 0.0)	(24, 0.0)	(25, 0.0)	(26, 0.0)	(27, 0.0)	(28, 0.0)	(29, 0.0)	(30, 0.0)	(31, 0.0)	(32, 0.0)	(33, 0.0)	(34, 0.0)	(35, 0.0)	(36, 0.0)	(37, 0.0)	(38, 0.0)	(39, 0.0)	(40, 0.0)	(41, 0.0)	(42, 0.0)	(43, 0.0)	(44, 0.0)	(45, 0.0)	(46, 0.0)	(47, 0.0)	(48, 0.0)	(49, 0.0)	(50, 0.0)	(51, 0.0)	(52, 0.0)	(53, 0.0)	(54, 0.0)	(55, 0.0)	(56, 0.0)	(57, 0.0)	(58, 0.0)	(59, 0.0)	(60, 0.0)	(61, 0.0)	(62, 0.0)	(63, 0.0)	(64, 4.011399999999999e-06)	(65, 1.2034500000000001e-05)	(66, 0.0)	(67, 0.0)	(68, 0.0)	(69, 0.0)	(70, 0.0)	(71, 0.0)	(72, 0.0)	(73, 0.0)	(74, 0.0)	(75, 0.0)	(76, 0.0)	(77, 0.0)	(78, 0.0)	(79, 0.0)	(80, 0.000876253)	(81, 0.00266601)	(82, 0.00300519)	(83, 0.0025158199999999998)	(84, 0.0029364)	(85, 0.149862)	(86, 0.0)	(87, 0.0)	(88, 0.0)	(89, 0.0)	(90, 0.0)	(91, 0.0)	(92, 0.0)	(93, 0.0)	(94, 0.0)	(95, 0.0)	(96, 0.0)	(97, 0.0)	(98, 0.0)	(99, 0.0)	(100, 0.0)	(101, 0.0)
SRR748280	(1, 0.0525787)	(2, 0.027891500000000003)	(3, 0.038322999999999996)	(4, 0.0263988)	(5, 0.0201049)	(6, 0.0685696)	(7, 0.000178575)	(8, 0.000424538)	(9, 0.0)	(10, 0.0)	(11, 0.0)	(12, 0.0)	(13, 0.0)	(14, 0.0)	(15, 0.0)	(16, 0.00045486199999999994)	(17, 0.00353445)	(18, 0.0217255)	(19, 0.0278578)	(20, 0.0)	(21, 0.018383200000000002)	(22, 0.0)	(23, 0.0)	(24, 0.0)	(25, 0.0)	(26, 0.0)	(27, 0.0)	(28, 0.0)	(29, 0.0)	(30, 0.0)	(31, 0.0)	(32, 0.0)	(33, 0.0)	(34, 0.0)	(35, 0.0)	(36, 0.0)	(37, 0.0)	(38, 0.0)	(39, 0.0)	(40, 0.0)	(41, 0.0)	(42, 0.0)	(43, 0.0)	(44, 0.0)	(45, 0.0)	(46, 0.0)	(47, 0.0)	(48, 0.0)	(49, 0.0)	(50, 0.0)	(51, 0.0)	(52, 0.0)	(53, 0.0)	(54, 0.0)	(55, 0.0)	(56, 0.0)	(57, 0.0867633)	(58, 0.0122302)	(59, 0.020985900000000002)	(60, 0.027375899999999998)	(61, 0.0197932)	(62, 0.0)	(63, 0.0)	(64, 0.0)	(65, 0.0)	(66, 0.0)	(67, 0.0)	(68, 0.0)	(69, 0.0)	(70, 0.0)	(71, 0.0)	(72, 0.0)	(73, 0.0)	(74, 0.0)	(75, 0.0)	(76, 0.0)	(77, 0.0)	(78, 0.0)	(79, 0.0)	(80, 0.0)	(81, 0.0)	(82, 0.0)	(83, 0.0)	(84, 0.0)	(85, 0.0)	(86, 0.0)	(87, 0.0)	(88, 0.0)	(89, 0.0)	(90, 0.0)	(91, 0.0)	(92, 0.000166859)	(93, 0.0)	(94, 0.0)	(95, 0.0)	(96, 0.0)	(97, 0.0)	(98, 0.0)	(99, 0.0)	(100, 0.0)	(101, 0.0)
SRR748295	(1, 0.000191307)	(2, 0.0)	(3, 0.0)	(4, 0.0)	(5, 0.0)	(6, 0.0)	(7, 0.0)	(8, 0.0)	(9, 0.0)	(10, 0.0)	(11, 0.0)	(12, 0.0)	(13, 0.0)	(14, 0.0)	(15, 0.0)	(16, 0.0)	(17, 0.0)	(18, 0.0)	(19, 0.0)	(20, 0.0)	(21, 0.0)	(22, 0.0)	(23, 0.0)	(24, 0.0)	(25, 0.0)	(26, 0.0)	(27, 0.0)	(28, 0.0)	(29, 0.0)	(30, 0.0)	(31, 0.0)	(32, 0.0)	(33, 0.0)	(34, 0.0)	(35, 0.0)	(36, 0.0)	(37, 0.0)	(38, 0.0)	(39, 0.0)	(40, 0.0)	(41, 0.0)	(42, 0.0)	(43, 0.0)	(44, 0.0)	(45, 0.0)	(46, 0.0)	(47, 0.0)	(48, 0.0)	(49, 0.0)	(50, 0.0)	(51, 0.0)	(52, 0.0)	(53, 0.0)	(54, 0.0)	(55, 0.0)	(56, 0.0)	(57, 0.0)	(58, 0.0)	(59, 0.0)	(60, 0.0)	(61, 0.0)	(62, 0.0)	(63, 0.0)	(64, 4.0719e-06)	(65, 2.85039e-05)	(66, 0.0)	(67, 0.0)	(68, 0.0)	(69, 0.0)	(70, 0.0)	(71, 0.0)	(72, 0.0)	(73, 0.0)	(74, 0.0)	(75, 0.0)	(76, 0.0)	(77, 0.0)	(78, 0.0)	(79, 0.0)	(80, 0.0008822649999999999)	(81, 0.00261592)	(82, 0.00297808)	(83, 0.0025345800000000003)	(84, 0.00290216)	(85, 0.146823)	(86, 0.0)	(87, 0.0)	(88, 0.0)	(89, 0.0)	(90, 0.0)	(91, 0.0)	(92, 0.0)	(93, 0.0)	(94, 0.0)	(95, 0.0)	(96, 0.0)	(97, 0.0)	(98, 0.0)	(99, 0.0)	(100, 0.0)	(101, 0.0)
SRR748552	(1, 0.078488)	(2, 0.00412187)	(3, 0.00106442)	(4, 0.00023857599999999997)	(5, 0.000836853)	(6, 0.0)	(7, 1.8352e-05)	(8, 7.34081e-06)	(9, 1.10112e-05)	(10, 0.0)	(11, 0.0013397)	(12, 0.0)	(13, 0.0)	(14, 0.000499175)	(15, 0.00023857599999999997)	(16, 0.000293632)	(17, 0.0007854670000000001)	(18, 0.0)	(19, 0.000297303)	(20, 0.0)	(21, 0.0)	(22, 0.0)	(23, 0.0)	(24, 0.0)	(25, 0.0)	(26, 0.0)	(27, 0.0)	(28, 0.0)	(29, 0.0)	(30, 0.0)	(31, 0.0)	(32, 0.0)	(33, 0.0)	(34, 0.0)	(35, 0.0)	(36, 0.0)	(37, 0.0)	(38, 0.0)	(39, 0.0)	(40, 0.0)	(41, 0.0)	(42, 0.0)	(43, 0.0)	(44, 0.0)	(45, 0.00173271)	(46, 0.0)	(47, 0.0)	(48, 0.0)	(49, 3.6711e-06)	(50, 0.0)	(51, 0.0)	(52, 0.0)	(53, 1.10136e-05)	(54, 0.0)	(55, 0.0)	(56, 0.0)	(57, 0.0)	(58, 0.0)	(59, 0.0)	(60, 0.0)	(61, 0.0)	(62, 0.0)	(63, 0.0)	(64, 0.0)	(65, 0.0)	(66, 0.0)	(67, 0.0)	(68, 0.0)	(69, 3.6717999999999997e-06)	(70, 0.0)	(71, 0.0)	(72, 0.0)	(73, 0.0)	(74, 3.6724800000000003e-06)	(75, 0.0)	(76, 3.673e-06)	(77, 0.0)	(78, 3.6737799999999997e-06)	(79, 7.34857e-06)	(80, 7.34979e-06)	(81, 0.00803857)	(82, 7.72059e-05)	(83, 2.20649e-05)	(84, 3.67866e-06)	(85, 4.41602e-05)	(86, 0.00187025)	(87, 7.366840000000001e-06)	(88, 0.004371)	(89, 0.00108055)	(90, 0.000620012)	(91, 0.00499372)	(92, 0.0018115199999999998)	(93, 0.031034299999999997)	(94, 7.4098e-05)	(95, 0.007237339999999999)	(96, 0.0)	(97, 0.00282001)	(98, 0.0208685)	(99, 0.0)	(100, 0.0)	(101, 0.223465)
SRR748557	(1, 0.04983099999999999)	(2, 0.0199346)	(3, 0.0223501)	(4, 0.009581389999999999)	(5, 0.006668930000000001)	(6, 0.0)	(7, 0.0)	(8, 0.0)	(9, 0.000155479)	(10, 0.0006802199999999999)	(11, 0.0)	(12, 0.0)	(13, 0.000152702)	(14, 0.00285692)	(15, 0.00011938600000000001)	(16, 0.0)	(17, 0.00469768)	(18, 0.0172859)	(19, 0.020128999999999998)	(20, 5.552819999999999e-06)	(21, 0.012232899999999998)	(22, 5.552819999999999e-06)	(23, 0.0)	(24, 0.0)	(25, 0.0)	(26, 0.0)	(27, 0.0)	(28, 0.0)	(29, 0.0)	(30, 0.0)	(31, 0.0)	(32, 0.0)	(33, 0.0)	(34, 0.0)	(35, 0.0)	(36, 0.0)	(37, 0.0)	(38, 0.0)	(39, 0.0)	(40, 0.0)	(41, 0.0)	(42, 0.0)	(43, 0.0)	(44, 0.0)	(45, 0.0)	(46, 0.0)	(47, 0.0)	(48, 0.0)	(49, 0.0)	(50, 0.0)	(51, 0.0)	(52, 0.0)	(53, 0.0)	(54, 0.0)	(55, 0.0)	(56, 0.0)	(57, 0.0288801)	(58, 0.0)	(59, 0.00265755)	(60, 0.00628151)	(61, 0.00119133)	(62, 0.0)	(63, 0.0)	(64, 0.0)	(65, 0.0)	(66, 0.0)	(67, 0.0)	(68, 0.0)	(69, 0.0)	(70, 0.0)	(71, 0.0)	(72, 0.0)	(73, 0.0)	(74, 0.0)	(75, 0.0)	(76, 0.0)	(77, 0.0)	(78, 0.0)	(79, 0.0)	(80, 0.0)	(81, 0.0)	(82, 0.0)	(83, 0.0)	(84, 0.0)	(85, 0.0)	(86, 0.0)	(87, 0.0)	(88, 0.0)	(89, 0.0)	(90, 0.0)	(91, 0.0)	(92, 0.0)	(93, 0.0)	(94, 0.0)	(95, 0.0)	(96, 0.0)	(97, 0.0)	(98, 0.0)	(99, 0.0)	(100, 0.0)	(101, 0.0)
SRR768533	(1, 0.0007230240000000001)	(2, 0.0)	(3, 0.0)	(4, 0.0)	(5, 0.0)	(6, 0.0)	(7, 0.0)	(8, 0.0)	(9, 3.33191e-06)	(10, 0.0)	(11, 0.0)	(12, 0.0)	(13, 0.0)	(14, 0.0)	(15, 0.0)	(16, 0.0)	(17, 0.0)	(18, 0.000579752)	(19, 0.00126612)	(20, 0.0)	(21, 0.0)	(22, 0.0)	(23, 0.0)	(24, 0.0)	(25, 0.0)	(26, 0.0)	(27, 0.0)	(28, 0.013404300000000001)	(29, 2.66553e-05)	(30, 0.0)	(31, 0.0)	(32, 0.0)	(33, 0.0)	(34, 0.00908657)	(35, 0.0545169)	(36, 0.00267574)	(37, 0.102179)	(38, 0.00692775)	(39, 0.05213690000000001)	(40, 0.00236594)	(41, 0.0127429)	(42, 0.0)	(43, 0.0)	(44, 0.0)	(45, 0.0)	(46, 0.0)	(47, 0.0)	(48, 0.0)	(49, 0.0)	(50, 0.0)	(51, 0.000856473)	(52, 0.0)	(53, 0.00330262)	(54, 0.0124841)	(55, 0.00976468)	(56, 0.00114644)	(57, 0.00246286)	(58, 0.0)	(59, 0.0)	(60, 0.0)	(61, 0.0)	(62, 0.0)	(63, 0.0)	(64, 0.0)	(65, 0.0)	(66, 0.0)	(67, 0.0)	(68, 0.0)	(69, 0.0)	(70, 0.0)	(71, 0.00341326)	(72, 0.00129001)	(73, 0.000283348)	(74, 0.0)	(75, 0.0)	(76, 0.0)	(77, 0.0)	(78, 0.0)	(79, 0.0)	(80, 0.0)	(81, 0.0)	(82, 0.0)	(83, 0.0)	(84, 0.0)	(85, 0.0)	(86, 0.0)	(87, 0.0)	(88, 0.0)	(89, 0.0)	(90, 0.0)	(91, 0.0)	(92, 0.0)	(93, 0.0)	(94, 0.00711753)	(95, 0.0)	(96, 0.0)	(97, 0.0)	(98, 0.0)	(99, 0.0)	(100, 0.0)	(101, 0.0)
SRR787670	(1, 0.00519526)	(2, 0.000462944)	(3, 0.00102877)	(4, 0.00787005)	(5, 0.0)	(6, 0.0)	(7, 0.0)	(8, 0.0)	(9, 0.0)	(10, 0.0)	(11, 0.0016460199999999998)	(12, 0.00478376)	(13, 0.0)	(14, 0.000154315)	(15, 5.14383e-05)	(16, 0.0)	(17, 0.0)	(18, 0.0)	(19, 0.0)	(20, 0.00025719100000000004)	(21, 0.00025719100000000004)	(22, 0.0)	(23, 0.00478376)	(24, 0.0)	(25, 0.0)	(26, 0.000823012)	(27, 0.0)	(28, 0.000823012)	(29, 0.0)	(30, 0.0)	(31, 0.0)	(32, 0.00010288)	(33, 0.0)	(34, 0.000154329)	(35, 0.014095700000000001)	(36, 0.000565902)	(37, 0.0)	(38, 0.0)	(39, 0.0)	(40, 0.0)	(41, 0.0015435400000000001)	(42, 0.00267553)	(43, 0.000926167)	(44, 0.0118347)	(45, 0.00015437)	(46, 0.0)	(47, 0.0)	(48, 0.0)	(49, 0.00169822)	(50, 0.0)	(51, 5.1462800000000005e-05)	(52, 0.0)	(53, 0.0)	(54, 0.0)	(55, 0.0)	(56, 0.0)	(57, 0.0)	(58, 0.0)	(59, 0.000875051)	(60, 0.0)	(61, 0.0)	(62, 0.00133861)	(63, 0.0270843)	(64, 0.00319289)	(65, 0.0)	(66, 0.00010304099999999999)	(67, 0.0)	(68, 0.0)	(69, 0.00907759)	(70, 0.000567677)	(71, 0.0016009800000000001)	(72, 0.0)	(73, 0.000310407)	(74, 0.0187479)	(75, 0.0)	(76, 0.0)																									
SRR787690	(1, 0.00476474)	(2, 0.00031764900000000003)	(3, 0.000825888)	(4, 0.00952948)	(5, 0.0)	(6, 0.0)	(7, 0.0)	(8, 0.0)	(9, 0.0)	(10, 0.0)	(11, 0.00133413)	(12, 0.0034941399999999997)	(13, 0.0)	(14, 0.0)	(15, 6.352989999999999e-05)	(16, 0.0)	(17, 0.0)	(18, 0.0)	(19, 0.0)	(20, 6.352989999999999e-05)	(21, 6.352989999999999e-05)	(22, 0.0)	(23, 0.00419297)	(24, 0.0)	(25, 0.0)	(26, 0.00114354)	(27, 0.0)	(28, 0.000698828)	(29, 0.0)	(30, 0.0)	(31, 0.0)	(32, 6.35318e-05)	(33, 0.0)	(34, 0.000127071)	(35, 0.0111191)	(36, 0.00019061799999999998)	(37, 0.0)	(38, 0.0)	(39, 0.0)	(40, 0.0)	(41, 0.0016522199999999998)	(42, 0.00127097)	(43, 0.000699047)	(44, 0.0101682)	(45, 6.355299999999999e-05)	(46, 0.0)	(47, 0.0)	(48, 0.0)	(49, 0.0018432)	(50, 0.0)	(51, 0.000127121)	(52, 6.35623e-05)	(53, 0.0)	(54, 0.0)	(55, 6.3567e-05)	(56, 0.0)	(57, 0.0)	(58, 0.0)	(59, 0.000826503)	(60, 0.0)	(61, 0.0)	(62, 0.00114466)	(63, 0.026139799999999998)	(64, 0.0019083400000000001)	(65, 0.0)	(66, 0.0)	(67, 0.0)	(68, 0.0)	(69, 0.00643511)	(70, 0.00019125100000000003)	(71, 0.00146722)	(72, 0.0)	(73, 0.000575119)	(74, 0.0172714)	(75, 0.0)	(76, 0.0)																									
SRR787697	(1, 0.005645600000000001)	(2, 0.008668)	(3, 0.00849692)	(4, 0.00273726)	(5, 0.011519300000000001)	(6, 0.0)	(7, 0.0)	(8, 0.0)	(9, 0.0)	(10, 0.0)	(11, 0.0)	(12, 0.0)	(13, 0.0)	(14, 0.0)	(15, 0.0)	(16, 0.0)	(17, 0.0)	(18, 0.0)	(19, 0.0)	(20, 0.0)	(21, 0.0)	(22, 0.0)	(23, 0.0)	(24, 0.0)	(25, 0.0)	(26, 0.0)	(27, 0.0)	(28, 0.0)	(29, 5.70263e-05)	(30, 0.0)	(31, 0.0)	(32, 0.0)	(33, 0.0)	(34, 0.0)	(35, 0.0)	(36, 0.00102662)	(37, 0.0)	(38, 0.0)	(39, 0.000171117)	(40, 0.0)	(41, 0.0)	(42, 0.0)	(43, 0.0)	(44, 0.000228188)	(45, 0.0)	(46, 0.014889800000000002)	(47, 0.012494)	(48, 0.0037654100000000003)	(49, 0.00433604)	(50, 0.00165457)	(51, 0.00496381)	(52, 0.0)	(53, 0.0)	(54, 0.0)	(55, 0.0)	(56, 0.00136948)	(57, 0.0)	(58, 0.0010271800000000002)	(59, 0.0)	(60, 0.000114144)	(61, 0.0)	(62, 0.0)	(63, 0.0)	(64, 0.000171304)	(65, 0.0)	(66, 0.00257083)	(67, 0.0)	(68, 0.0)	(69, 5.72054e-05)	(70, 0.0)	(71, 0.00601477)	(72, 0.007052289999999999)	(73, 0.00734625)	(74, 0.0032178399999999996)	(75, 0.0)	(76, 0.194141)																									
SRR792098	(1, 0.0207783)	(2, 0.019459499999999998)	(3, 0.0209145)	(4, 0.0231937)	(5, 0.0159475)	(6, 0.0)	(7, 0.0)	(8, 0.0)	(9, 0.0)	(10, 0.0)	(11, 0.0)	(12, 0.0)	(13, 0.0)	(14, 0.0)	(15, 0.0)	(16, 0.0)	(17, 0.0)	(18, 0.0)	(19, 0.0)	(20, 0.0)	(21, 0.0)	(22, 0.0)	(23, 0.0)	(24, 0.0)	(25, 0.0)	(26, 0.0)	(27, 0.0)	(28, 0.0)	(29, 0.0)	(30, 0.0)	(31, 0.0)	(32, 0.0)	(33, 0.0)	(34, 0.0)	(35, 0.0)	(36, 0.0)	(37, 0.0)	(38, 0.0)	(39, 0.0)	(40, 0.0)	(41, 0.0)	(42, 0.00012905500000000002)	(43, 0.0)	(44, 2.151e-05)	(45, 0.0)	(46, 0.0)	(47, 0.0)	(48, 0.0)	(49, 0.0)	(50, 0.000975219)	(51, 0.0)	(52, 0.0)	(53, 4.3026300000000005e-05)	(54, 0.0)	(55, 0.0)	(56, 3.58569e-05)	(57, 0.0)	(58, 0.0)	(59, 0.0)	(60, 0.000272532)	(61, 0.00155633)	(62, 0.0)	(63, 0.0)	(64, 0.0)	(65, 0.0)	(66, 9.32486e-05)	(67, 0.00104729)	(68, 0.0)	(69, 5.02158e-05)	(70, 0.000566745)	(71, 0.0)	(72, 0.0)	(73, 0.0)	(74, 0.0)	(75, 0.00108358)	(76, 0.0)	(77, 0.0)	(78, 0.0)	(79, 0.0)	(80, 0.0)	(81, 0.0)	(82, 0.0)	(83, 0.0)	(84, 0.0)	(85, 0.0)	(86, 0.0)	(87, 0.0)	(88, 0.0)	(89, 0.0)	(90, 0.0)	(91, 0.0)	(92, 0.0)	(93, 0.0)	(94, 5.04526e-05)	(95, 0.00118984)	(96, 0.0)	(97, 0.0)	(98, 0.0)	(99, 0.00093972)	(100, 0.00020978200000000002)	
SRR867663	(1, 0.000204705)	(2, 2.2745e-05)	(3, 0.0370061)	(4, 0.000159215)	(5, 0.0186964)	(6, 0.0)	(7, 0.0)	(8, 0.0)	(9, 0.0)	(10, 2.2745e-05)	(11, 4.54899e-05)	(12, 0.0)	(13, 0.0)	(14, 0.000432154)	(15, 2.2745e-05)	(16, 2.2745e-05)	(17, 9.09799e-05)	(18, 0.0)	(19, 0.0)	(20, 0.0)	(21, 0.0)	(22, 0.000113725)	(23, 0.0)	(24, 4.54899e-05)	(25, 0.000295685)	(26, 0.000159215)	(27, 0.00229724)	(28, 0.0)	(29, 6.823489999999999e-05)	(30, 2.2745e-05)	(31, 0.0)	(32, 2.2745799999999998e-05)	(33, 0.0)	(34, 2.2747199999999998e-05)	(35, 0.000705187)	(36, 0.000295733)	(37, 0.0)	(38, 0.0)	(39, 0.00043225800000000003)	(40, 0.000659782)	(41, 0.0)	(42, 4.55046e-05)	(43, 0.0)	(44, 6.82604e-05)	(45, 0.0)	(46, 0.0)	(47, 0.0)	(48, 0.0)	(49, 0.0005233799999999999)	(50, 2.2756e-05)	(51, 0.000568913)	(52, 0.0)	(53, 0.000204818)	(54, 0.000159307)	(55, 0.0)	(56, 0.0)	(57, 0.0)	(58, 0.0)	(59, 0.0)	(60, 0.0)	(61, 0.0)	(62, 0.0)	(63, 0.0)	(64, 0.0)	(65, 0.0)	(66, 0.0)	(67, 0.0)	(68, 0.0)	(69, 0.0)	(70, 0.0)	(71, 0.0)	(72, 0.0)	(73, 0.0)	(74, 0.0)	(75, 0.0)	(76, 0.0)																									
