Sample	0	1	2	3	4	5	6	7	8	9	10	11	12	13	14	15	16	17	18	19	20	21	22	23	24	25	26	27	28	29	30	31	32	33	34	35	36	37	38	39	40	41	42	43	44	45	46	47	48	49	50	51	52	53	54	55	56	57	58	59	60	61	62	63	64	65	66	67	68	69	70	71	72	73	74	75	76	77	78	79	80	81	82	83	84	85	86	87	88	89	90	91	92	93	94	95	96	97	98	99	100
ERR031854	(1, 37.8704)	(2, 37.6607)	(3, 37.6836)	(4, 37.6666)	(5, 37.5132)	(6, 37.6386)	(7, 37.5498)	(8, 37.5683)	(9, 37.5332)	(10, 37.5121)	(11, 37.5281)	(12, 37.4713)	(13, 37.438)	(14, 37.4121)	(15, 37.3669)	(16, 37.3614)	(17, 37.3041)	(18, 37.2491)	(19, 37.2123)	(20, 37.1604)	(21, 37.1226)	(22, 37.0267)	(23, 36.9505)	(24, 36.9151)	(25, 36.8586)	(26, 37.0087)	(27, 36.9123)	(28, 36.8806)	(29, 36.8383)	(30, 36.7828)	(31, 36.8379)	(32, 36.7611)	(33, 36.6796)	(34, 36.6408)	(35, 36.5877)	(36, 36.5737)	(37, 36.4537)	(38, 36.412)	(39, 36.3164)	(40, 36.2789)	(41, 36.2395)	(42, 36.1313)	(43, 36.0434)	(44, 35.9334)	(45, 35.8844)	(46, 35.8283)	(47, 35.6977)	(48, 35.5899)	(49, 35.4733)	(50, 35.3637)	(51, 35.2874)	(52, 35.1062)	(53, 34.9276)	(54, 34.8453)	(55, 34.677)	(56, 34.2017)	(57, 34.1837)	(58, 34.0202)	(59, 33.8245)	(60, 33.597)	(61, 33.5469)	(62, 33.2564)	(63, 33.0455)	(64, 32.8468)	(65, 32.6657)	(66, 32.4638)	(67, 32.2051)	(68, 31.9331)	(69, 31.734)	(70, 31.4862)	(71, 30.9545)	(72, 30.6435)	(73, 30.3671)	(74, 30.1357)	(75, 29.8783)	(76, 31.5345)	(77, 31.3429)	(78, 31.0479)	(79, 30.903)	(80, 30.6457)	(81, 30.8843)	(82, 30.5615)	(83, 30.2566)	(84, 29.9536)	(85, 29.5532)	(86, 29.0439)	(87, 28.7094)	(88, 28.3666)	(89, 28.0801)	(90, 27.7772)											
ERR031893	(1, 38.0445)	(2, 37.9381)	(3, 37.9079)	(4, 37.8911)	(5, 37.8091)	(6, 37.8551)	(7, 37.811)	(8, 37.7738)	(9, 37.7594)	(10, 37.7365)	(11, 37.7147)	(12, 37.6692)	(13, 37.621)	(14, 37.5848)	(15, 37.5473)	(16, 37.5237)	(17, 37.4635)	(18, 37.4152)	(19, 37.3697)	(20, 37.3199)	(21, 37.2565)	(22, 37.175)	(23, 37.1131)	(24, 37.0634)	(25, 37.0197)	(26, 37.1554)	(27, 37.0619)	(28, 37.0044)	(29, 36.9381)	(30, 36.8903)	(31, 36.9083)	(32, 36.8068)	(33, 36.7089)	(34, 36.6264)	(35, 36.5443)	(36, 36.5276)	(37, 36.4084)	(38, 36.3129)	(39, 36.232)	(40, 36.1485)	(41, 36.0811)	(42, 35.9489)	(43, 35.832)	(44, 35.7541)	(45, 35.6148)	(46, 35.5617)	(47, 35.3896)	(48, 35.2328)	(49, 35.1079)	(50, 34.9556)	(51, 34.8275)	(52, 34.6903)	(53, 34.5162)	(54, 34.3781)	(55, 34.2532)	(56, 33.9874)	(57, 33.687)	(58, 33.4844)	(59, 33.2426)	(60, 32.9542)	(61, 32.5954)	(62, 32.2726)	(63, 32.0115)	(64, 31.7201)	(65, 31.3717)	(66, 30.9597)	(67, 30.5963)	(68, 30.2697)	(69, 29.9198)	(70, 29.5446)	(71, 28.9405)	(72, 28.5256)	(73, 28.1567)	(74, 27.8857)	(75, 27.5243)	(76, 29.1842)	(77, 28.8529)	(78, 28.5663)	(79, 28.2682)	(80, 27.9372)	(81, 27.894)	(82, 27.4608)	(83, 27.0724)	(84, 26.6473)	(85, 26.1476)	(86, 25.3386)	(87, 24.9138)	(88, 24.523)	(89, 24.1418)	(90, 23.9317)											
ERR031925	(1, 38.1599)	(2, 38.0413)	(3, 37.9774)	(4, 37.9939)	(5, 37.9313)	(6, 37.9734)	(7, 37.9309)	(8, 37.9261)	(9, 37.8946)	(10, 37.8859)	(11, 37.8799)	(12, 37.8246)	(13, 37.7884)	(14, 37.7563)	(15, 37.7273)	(16, 37.7078)	(17, 37.6637)	(18, 37.6097)	(19, 37.5576)	(20, 37.5004)	(21, 37.4606)	(22, 37.3799)	(23, 37.3218)	(24, 37.2674)	(25, 37.219)	(26, 37.131)	(27, 37.1831)	(28, 37.1471)	(29, 37.1041)	(30, 37.0443)	(31, 37.1835)	(32, 37.0862)	(33, 37.0306)	(34, 36.9577)	(35, 36.89)	(36, 36.8708)	(37, 36.7781)	(38, 36.6923)	(39, 36.6181)	(40, 36.5575)	(41, 36.4833)	(42, 36.3463)	(43, 36.2625)	(44, 36.1472)	(45, 36.0833)	(46, 36.0078)	(47, 35.8455)	(48, 35.7313)	(49, 35.6106)	(50, 35.4485)	(51, 35.3972)	(52, 35.2331)	(53, 35.1577)	(54, 35.0708)	(55, 34.8851)	(56, 34.5527)	(57, 34.4135)	(58, 34.1832)	(59, 33.9223)	(60, 33.7003)	(61, 33.4189)	(62, 33.1281)	(63, 32.8617)	(64, 32.6241)	(65, 32.3693)	(66, 31.9312)	(67, 31.6225)	(68, 31.3561)	(69, 31.0838)	(70, 30.7139)	(71, 30.2092)	(72, 29.8414)	(73, 29.4564)	(74, 29.1494)	(75, 28.8516)	(76, 30.556)	(77, 30.2602)	(78, 29.9916)	(79, 29.6838)	(80, 29.3142)	(81, 29.371)	(82, 28.9933)	(83, 28.5539)	(84, 28.1945)	(85, 27.797)	(86, 27.1569)	(87, 26.6926)	(88, 26.3061)	(89, 26.001)	(90, 25.5665)											
ERR031976	(1, 38.2991)	(2, 38.1926)	(3, 38.1605)	(4, 38.1634)	(5, 38.092)	(6, 38.1452)	(7, 38.1079)	(8, 38.0663)	(9, 38.0321)	(10, 38.0305)	(11, 38.0049)	(12, 37.9523)	(13, 37.908)	(14, 37.8867)	(15, 37.8388)	(16, 37.8027)	(17, 37.7399)	(18, 37.6848)	(19, 37.7582)	(20, 37.7495)	(21, 37.7367)	(22, 37.6806)	(23, 37.651)	(24, 37.6058)	(25, 37.6408)	(26, 37.6361)	(27, 37.5751)	(28, 37.5207)	(29, 37.5142)	(30, 37.4759)	(31, 37.4402)	(32, 37.3622)	(33, 37.3078)	(34, 37.2632)	(35, 37.2229)	(36, 37.1666)	(37, 37.0826)	(38, 37.0055)	(39, 36.9722)	(40, 36.8442)	(41, 36.851)	(42, 36.7543)	(43, 36.6983)	(44, 36.5997)	(45, 36.5359)	(46, 36.4781)	(47, 36.3899)	(48, 36.2962)	(49, 36.1849)	(50, 36.1051)	(51, 36.011)	(52, 35.8392)	(53, 35.7939)	(54, 35.6862)	(55, 35.5895)	(56, 35.365)	(57, 35.1408)	(58, 34.9735)	(59, 34.8493)	(60, 34.6704)	(61, 34.4013)	(62, 34.1786)	(63, 34.0077)	(64, 33.7152)	(65, 33.5305)	(66, 33.232)	(67, 33.1348)	(68, 32.8717)	(69, 32.5933)	(70, 32.3169)	(71, 31.8059)	(72, 31.4736)	(73, 31.2718)	(74, 31.0873)	(75, 30.8451)	(76, 31.5033)	(77, 31.4906)	(78, 31.3684)	(79, 31.1706)	(80, 31.0144)	(81, 31.5302)	(82, 31.2888)	(83, 31.0145)	(84, 30.7495)	(85, 30.4503)	(86, 29.7143)	(87, 29.4271)	(88, 29.1503)	(89, 28.8767)	(90, 28.5847)											
ERR031982	(1, 38.2539)	(2, 38.1394)	(3, 38.1246)	(4, 38.0902)	(5, 38.0408)	(6, 38.0605)	(7, 38.037)	(8, 38.0014)	(9, 37.983)	(10, 37.9496)	(11, 37.9094)	(12, 37.8695)	(13, 37.8333)	(14, 37.7903)	(15, 37.7621)	(16, 37.7)	(17, 37.6433)	(18, 37.5891)	(19, 37.6649)	(20, 37.6334)	(21, 37.6534)	(22, 37.5981)	(23, 37.5588)	(24, 37.5279)	(25, 37.5458)	(26, 37.57)	(27, 37.498)	(28, 37.4546)	(29, 37.4151)	(30, 37.3992)	(31, 37.3646)	(32, 37.3062)	(33, 37.2243)	(34, 37.1986)	(35, 37.1282)	(36, 37.1039)	(37, 37.0584)	(38, 36.962)	(39, 36.9012)	(40, 36.8604)	(41, 36.7945)	(42, 36.6977)	(43, 36.6249)	(44, 36.5459)	(45, 36.4935)	(46, 36.4459)	(47, 36.3003)	(48, 36.225)	(49, 36.1472)	(50, 36.0357)	(51, 35.9736)	(52, 35.8183)	(53, 35.6904)	(54, 35.6003)	(55, 35.5096)	(56, 35.3268)	(57, 35.1436)	(58, 34.9242)	(59, 34.7795)	(60, 34.612)	(61, 34.3771)	(62, 34.1175)	(63, 33.941)	(64, 33.7448)	(65, 33.5812)	(66, 33.2677)	(67, 33.0767)	(68, 32.8258)	(69, 32.6315)	(70, 32.3413)	(71, 31.7938)	(72, 31.5102)	(73, 31.2734)	(74, 31.0769)	(75, 30.8373)	(76, 31.4351)	(77, 31.4159)	(78, 31.2537)	(79, 31.101)	(80, 30.9536)	(81, 31.4241)	(82, 31.1675)	(83, 30.9398)	(84, 30.6833)	(85, 30.3194)	(86, 29.5398)	(87, 29.2554)	(88, 28.9975)	(89, 28.6864)	(90, 28.4112)											
ERR034521	(1, 37.9403)	(2, 37.8293)	(3, 37.8094)	(4, 37.7922)	(5, 37.7068)	(6, 37.7424)	(7, 37.6925)	(8, 37.6784)	(9, 37.6424)	(10, 37.6259)	(11, 37.6143)	(12, 37.5604)	(13, 37.5048)	(14, 37.4832)	(15, 37.4646)	(16, 37.4576)	(17, 37.3895)	(18, 37.3521)	(19, 37.3082)	(20, 37.2701)	(21, 37.2465)	(22, 37.1915)	(23, 37.1317)	(24, 37.0692)	(25, 37.0443)	(26, 36.935)	(27, 36.8334)	(28, 36.8037)	(29, 36.7364)	(30, 36.6974)	(31, 36.8878)	(32, 36.8022)	(33, 36.7781)	(34, 36.7349)	(35, 36.6528)	(36, 36.8013)	(37, 36.7188)	(38, 36.4605)	(39, 36.5565)	(40, 36.5531)	(41, 36.5378)	(42, 36.4808)	(43, 36.4023)	(44, 36.368)	(45, 36.3246)	(46, 36.2894)	(47, 36.2161)	(48, 36.1357)	(49, 36.0561)	(50, 36.0157)	(51, 36.0181)	(52, 35.8809)	(53, 35.7901)	(54, 35.6853)	(55, 35.5959)	(56, 35.5333)	(57, 35.3607)	(58, 35.2024)	(59, 35.1177)	(60, 35.0045)	(61, 34.9127)	(62, 34.7279)	(63, 34.5797)	(64, 34.4558)	(65, 34.3057)	(66, 34.1037)	(67, 33.923)	(68, 33.7728)	(69, 33.634)	(70, 33.4781)	(71, 33.0513)	(72, 32.9103)	(73, 32.7239)	(74, 32.5001)	(75, 32.38)	(76, 33.6023)	(77, 33.4362)	(78, 33.2149)	(79, 33.0931)	(80, 32.9048)	(81, 33.135)	(82, 32.89)	(83, 32.7285)	(84, 32.5282)	(85, 32.2565)	(86, 31.9046)	(87, 31.615)	(88, 31.3521)	(89, 31.1421)	(90, 30.9388)											
ERR034553	(1, 37.8108)	(2, 37.6487)	(3, 37.6446)	(4, 37.6375)	(5, 37.5417)	(6, 37.5888)	(7, 37.544)	(8, 37.5181)	(9, 37.4931)	(10, 37.4826)	(11, 37.4708)	(12, 37.4242)	(13, 37.3955)	(14, 37.3561)	(15, 37.3462)	(16, 37.3484)	(17, 37.2817)	(18, 37.2325)	(19, 37.2162)	(20, 37.1907)	(21, 37.1417)	(22, 37.063)	(23, 37.0172)	(24, 36.9884)	(25, 36.9406)	(26, 36.8186)	(27, 36.716)	(28, 36.6051)	(29, 36.6271)	(30, 36.5708)	(31, 36.7667)	(32, 36.6631)	(33, 36.6276)	(34, 36.5638)	(35, 36.5587)	(36, 36.6138)	(37, 36.6374)	(38, 36.5998)	(39, 36.5626)	(40, 36.5079)	(41, 36.6201)	(42, 36.537)	(43, 36.4321)	(44, 36.3997)	(45, 36.3671)	(46, 36.3547)	(47, 36.2682)	(48, 36.2061)	(49, 36.1504)	(50, 36.0654)	(51, 36.0751)	(52, 35.9186)	(53, 35.8831)	(54, 35.7942)	(55, 35.7414)	(56, 35.6203)	(57, 35.5176)	(58, 35.3964)	(59, 35.2586)	(60, 35.1776)	(61, 35.1271)	(62, 34.9491)	(63, 34.8133)	(64, 34.7013)	(65, 34.585)	(66, 34.5168)	(67, 34.3267)	(68, 34.1531)	(69, 34.0344)	(70, 33.8791)	(71, 33.4177)	(72, 33.2166)	(73, 33.0493)	(74, 32.9348)	(75, 32.8252)	(76, 34.0435)	(77, 33.8992)	(78, 33.7594)	(79, 33.6551)	(80, 33.4886)	(81, 33.9033)	(82, 33.7194)	(83, 33.5896)	(84, 33.4072)	(85, 33.2253)	(86, 32.9223)	(87, 32.6952)	(88, 32.4872)	(89, 32.3153)	(90, 32.0132)											
ERR034626	(1, 38.1422)	(2, 37.9949)	(3, 38.01)	(4, 37.9724)	(5, 37.8943)	(6, 37.9116)	(7, 37.8573)	(8, 37.8574)	(9, 37.8385)	(10, 37.8405)	(11, 37.7882)	(12, 37.7515)	(13, 37.7325)	(14, 37.6884)	(15, 37.6699)	(16, 37.6924)	(17, 37.6278)	(18, 37.5728)	(19, 37.5559)	(20, 37.5242)	(21, 37.4538)	(22, 37.3847)	(23, 37.3488)	(24, 37.33)	(25, 37.1942)	(26, 37.1546)	(27, 37.0808)	(28, 37.0499)	(29, 36.9856)	(30, 36.9049)	(31, 37.1009)	(32, 37.0001)	(33, 36.9259)	(34, 36.97)	(35, 37.0163)	(36, 37.1264)	(37, 37.0532)	(38, 36.9767)	(39, 36.8241)	(40, 36.779)	(41, 36.7603)	(42, 36.6061)	(43, 36.7112)	(44, 36.4703)	(45, 36.6238)	(46, 36.6673)	(47, 36.5839)	(48, 36.552)	(49, 36.4873)	(50, 36.4356)	(51, 36.4086)	(52, 36.3412)	(53, 36.1638)	(54, 36.1085)	(55, 36.028)	(56, 35.8303)	(57, 35.763)	(58, 35.6564)	(59, 35.62)	(60, 35.385)	(61, 35.4212)	(62, 35.2395)	(63, 35.1818)	(64, 34.9746)	(65, 34.6152)	(66, 34.5332)	(67, 34.4002)	(68, 34.0891)	(69, 33.9302)	(70, 33.9759)	(71, 32.6738)	(72, 32.4562)	(73, 32.1777)	(74, 32.2288)	(75, 31.9091)	(76, 33.4308)	(77, 33.336)	(78, 33.162)	(79, 33.1384)	(80, 32.9407)	(81, 34.1869)	(82, 33.9767)	(83, 33.8855)	(84, 33.5573)	(85, 33.332)	(86, 32.9271)	(87, 32.6873)	(88, 32.6242)	(89, 32.3651)	(90, 31.9813)											
ERR047840	(1, 32.0975)	(2, 32.3556)	(3, 32.4332)	(4, 35.9098)	(5, 35.862)	(6, 35.8603)	(7, 35.846)	(8, 35.8298)	(9, 37.4818)	(10, 37.4655)	(11, 37.4614)	(12, 37.4233)	(13, 37.4037)	(14, 38.7231)	(15, 38.6869)	(16, 38.6584)	(17, 38.623)	(18, 38.5745)	(19, 38.5857)	(20, 38.5349)	(21, 38.4811)	(22, 38.4216)	(23, 38.355)	(24, 38.293)	(25, 38.222)	(26, 38.1168)	(27, 38.0215)	(28, 38.1095)	(29, 38.2725)	(30, 38.3234)	(31, 38.355)	(32, 38.3513)	(33, 38.3263)	(34, 38.2988)	(35, 38.2808)	(36, 38.2352)	(37, 38.178)	(38, 38.1167)	(39, 38.0791)	(40, 38.0445)	(41, 37.9947)	(42, 37.9288)	(43, 37.8619)	(44, 37.7882)	(45, 37.7342)	(46, 37.6744)	(47, 37.6022)	(48, 37.5211)	(49, 37.4347)	(50, 37.2571)	(51, 37.1405)	(52, 37.0825)	(53, 37.0173)	(54, 36.9449)	(55, 36.8122)	(56, 36.6909)	(57, 36.5328)	(58, 36.3757)	(59, 36.1582)	(60, 35.9565)	(61, 35.783)	(62, 35.5932)	(63, 35.3652)	(64, 35.1852)	(65, 35.0043)	(66, 34.7394)	(67, 34.4958)	(68, 34.2555)	(69, 34.0287)	(70, 33.7721)	(71, 33.5153)	(72, 33.2427)	(73, 32.931)	(74, 32.6382)	(75, 32.3743)	(76, 31.1237)	(77, 31.4546)	(78, 31.5832)	(79, 31.4549)	(80, 31.2522)	(81, 30.9922)	(82, 30.6719)	(83, 30.3822)	(84, 30.0411)	(85, 29.6599)	(86, 29.3204)	(87, 28.9269)	(88, 28.5331)	(89, 28.1152)	(90, 27.6494)											
ERR050746	(1, 32.629)	(2, 32.8843)	(3, 32.9609)	(4, 36.2707)	(5, 36.2665)	(6, 36.2891)	(7, 36.2759)	(8, 36.2704)	(9, 38.0589)	(10, 38.0454)	(11, 38.0082)	(12, 37.9928)	(13, 37.9703)	(14, 39.4652)	(15, 39.4241)	(16, 39.3883)	(17, 39.3425)	(18, 39.2987)	(19, 39.2997)	(20, 39.2361)	(21, 39.1749)	(22, 39.1121)	(23, 39.0453)	(24, 39.1696)	(25, 39.1592)	(26, 39.1137)	(27, 39.0875)	(28, 39.0464)	(29, 39.1175)	(30, 39.1484)	(31, 39.1664)	(32, 39.1481)	(33, 39.125)	(34, 39.0894)	(35, 39.0341)	(36, 39.0002)	(37, 38.9707)	(38, 38.9325)	(39, 38.9037)	(40, 38.8676)	(41, 38.8193)	(42, 38.7595)	(43, 38.7047)	(44, 38.661)	(45, 38.5997)	(46, 38.5283)	(47, 38.4603)	(48, 38.3794)	(49, 38.2807)	(50, 38.2355)	(51, 38.1717)	(52, 38.0499)	(53, 37.9611)	(54, 37.8547)	(55, 37.7598)	(56, 37.6539)	(57, 37.5347)	(58, 37.4093)	(59, 37.2422)	(60, 37.0901)	(61, 36.9513)	(62, 36.7797)	(63, 36.6051)	(64, 36.4134)	(65, 36.2578)	(66, 36.0496)	(67, 35.8594)	(68, 35.6388)	(69, 35.4266)	(70, 35.2324)	(71, 35.0434)	(72, 34.8319)	(73, 34.6087)	(74, 34.3907)	(75, 34.1749)	(76, 32.9635)	(77, 33.3791)	(78, 33.5639)	(79, 33.5685)	(80, 33.4423)	(81, 33.2698)	(82, 33.0645)	(83, 32.8301)	(84, 32.6183)	(85, 32.3887)	(86, 32.199)	(87, 32.0024)	(88, 31.764)	(89, 31.501)	(90, 31.2244)											
ERR250439	(1, 31.6859)	(2, 32.0316)	(3, 32.1508)	(4, 35.8003)	(5, 35.6521)	(6, 35.6204)	(7, 35.6048)	(8, 35.5347)	(9, 37.175)	(10, 37.0286)	(11, 37.0458)	(12, 36.9735)	(13, 37.0876)	(14, 38.354)	(15, 38.376)	(16, 38.3783)	(17, 38.3631)	(18, 38.3413)	(19, 38.3978)	(20, 38.3744)	(21, 38.36)	(22, 38.3305)	(23, 38.0753)	(24, 38.1858)	(25, 38.1867)	(26, 38.1193)	(27, 38.0329)	(28, 38.0156)	(29, 37.9713)	(30, 37.8881)	(31, 37.7907)	(32, 37.4972)	(33, 37.6113)	(34, 37.4158)	(35, 37.4803)	(36, 37.254)	(37, 37.3463)	(38, 37.3761)	(39, 37.3212)	(40, 36.9888)	(41, 37.0968)	(42, 37.1306)	(43, 37.1092)	(44, 37.0179)	(45, 36.7635)	(46, 36.9785)	(47, 37.0515)	(48, 37.0234)	(49, 37.027)	(50, 36.9342)	(51, 36.8819)	(52, 36.76)	(53, 36.9089)	(54, 36.8814)	(55, 36.8877)	(56, 36.8611)	(57, 36.7676)	(58, 36.6406)	(59, 36.5981)	(60, 36.5098)	(61, 36.3955)	(62, 36.2735)	(63, 36.168)	(64, 36.0351)	(65, 35.9003)	(66, 35.7392)	(67, 35.5957)	(68, 35.435)	(69, 35.2693)	(70, 35.1419)	(71, 34.922)	(72, 34.688)	(73, 34.5617)	(74, 34.4206)	(75, 34.2108)	(76, 33.1166)	(77, 33.4961)	(78, 33.6814)	(79, 33.667)	(80, 33.572)	(81, 33.414)	(82, 33.3104)	(83, 33.036)	(84, 32.8066)	(85, 32.735)	(86, 32.6208)	(87, 32.5078)	(88, 31.9735)	(89, 32.0135)	(90, 32.0141)	(91, 32.0101)	(92, 31.8909)	(93, 31.651)	(94, 31.5608)	(95, 31.4601)	(96, 31.3426)	(97, 31.1412)	(98, 30.9589)	(99, 30.8041)	(100, 30.5794)	
ERR250457	(1, 31.9282)	(2, 32.2326)	(3, 32.3404)	(4, 35.9382)	(5, 35.7978)	(6, 35.7791)	(7, 35.7577)	(8, 35.7624)	(9, 37.3993)	(10, 37.3729)	(11, 37.3528)	(12, 37.3323)	(13, 37.0526)	(14, 38.454)	(15, 38.5771)	(16, 38.587)	(17, 38.5716)	(18, 38.4096)	(19, 38.4426)	(20, 38.5514)	(21, 38.574)	(22, 38.577)	(23, 38.299)	(24, 38.4332)	(25, 38.2388)	(26, 38.288)	(27, 38.2655)	(28, 37.9145)	(29, 38.0691)	(30, 38.0771)	(31, 37.7887)	(32, 37.8963)	(33, 37.918)	(34, 37.7452)	(35, 37.7786)	(36, 37.4284)	(37, 37.5705)	(38, 37.5865)	(39, 37.5444)	(40, 37.5399)	(41, 37.339)	(42, 37.3505)	(43, 37.3332)	(44, 36.9424)	(45, 37.0547)	(46, 37.2234)	(47, 37.2771)	(48, 37.2748)	(49, 37.2051)	(50, 36.9823)	(51, 36.9843)	(52, 36.9671)	(53, 37.1022)	(54, 37.136)	(55, 37.1473)	(56, 36.8738)	(57, 36.8999)	(58, 36.9081)	(59, 36.8503)	(60, 36.7363)	(61, 36.6236)	(62, 36.5134)	(63, 36.3751)	(64, 36.2235)	(65, 36.0965)	(66, 35.9597)	(67, 35.8332)	(68, 35.6682)	(69, 35.519)	(70, 35.3801)	(71, 35.2471)	(72, 34.9668)	(73, 34.8427)	(74, 34.6511)	(75, 34.4713)	(76, 33.2656)	(77, 33.7175)	(78, 33.9062)	(79, 33.9159)	(80, 33.7941)	(81, 33.2466)	(82, 33.2956)	(83, 33.2667)	(84, 33.1703)	(85, 33.0748)	(86, 32.907)	(87, 32.7616)	(88, 32.6439)	(89, 32.5032)	(90, 32.3968)	(91, 32.2875)	(92, 32.1224)	(93, 31.9995)	(94, 31.7364)	(95, 31.6398)	(96, 31.5552)	(97, 31.3766)	(98, 31.201)	(99, 30.6723)	(100, 30.4345)	
ERR250529	(1, 31.9592)	(2, 32.2444)	(3, 32.3393)	(4, 35.9141)	(5, 35.8114)	(6, 35.8074)	(7, 35.7661)	(8, 35.7564)	(9, 37.3839)	(10, 37.3763)	(11, 37.3553)	(12, 37.351)	(13, 37.3274)	(14, 38.6439)	(15, 38.6397)	(16, 38.6209)	(17, 38.6161)	(18, 38.597)	(19, 38.66)	(20, 38.6401)	(21, 38.5946)	(22, 38.5401)	(23, 38.5097)	(24, 38.4718)	(25, 38.4446)	(26, 38.3573)	(27, 38.3145)	(28, 38.2561)	(29, 38.2113)	(30, 38.1681)	(31, 38.115)	(32, 38.041)	(33, 37.972)	(34, 37.9049)	(35, 37.8424)	(36, 37.9743)	(37, 38.0049)	(38, 38.0082)	(39, 37.9782)	(40, 37.9396)	(41, 37.8872)	(42, 37.8485)	(43, 37.8119)	(44, 37.7421)	(45, 37.6847)	(46, 37.6294)	(47, 37.5746)	(48, 37.5076)	(49, 37.6205)	(50, 37.6453)	(51, 37.6317)	(52, 37.6061)	(53, 37.5222)	(54, 37.4707)	(55, 37.406)	(56, 37.3041)	(57, 37.2178)	(58, 37.1267)	(59, 37.0265)	(60, 36.9117)	(61, 36.7885)	(62, 36.6626)	(63, 36.5511)	(64, 36.4188)	(65, 36.2932)	(66, 36.1457)	(67, 36.017)	(68, 35.8724)	(69, 35.7026)	(70, 35.5481)	(71, 35.3608)	(72, 35.1876)	(73, 35.0089)	(74, 34.8299)	(75, 34.6296)	(76, 33.1168)	(77, 33.6923)	(78, 33.9952)	(79, 34.0333)	(80, 33.9487)	(81, 33.7887)	(82, 33.5933)	(83, 33.4109)	(84, 33.2386)	(85, 33.0899)	(86, 32.9783)	(87, 32.862)	(88, 32.7293)	(89, 32.6023)	(90, 32.4872)	(91, 32.3872)	(92, 32.2894)	(93, 32.1769)	(94, 32.0635)	(95, 31.9316)	(96, 31.7792)	(97, 31.6361)	(98, 31.5083)	(99, 31.3544)	(100, 31.1632)	
ERR250603	(1, 31.5609)	(2, 31.8469)	(3, 31.975)	(4, 35.5441)	(5, 35.4281)	(6, 35.4456)	(7, 35.4259)	(8, 35.3911)	(9, 36.9648)	(10, 36.9439)	(11, 36.975)	(12, 36.9241)	(13, 36.947)	(14, 38.1391)	(15, 38.1442)	(16, 38.1168)	(17, 38.1135)	(18, 38.0512)	(19, 38.1409)	(20, 38.0786)	(21, 38.0581)	(22, 38.0502)	(23, 37.991)	(24, 37.9611)	(25, 37.9094)	(26, 37.8138)	(27, 37.782)	(28, 37.7545)	(29, 37.6986)	(30, 37.6526)	(31, 37.5852)	(32, 37.5551)	(33, 37.5189)	(34, 37.4629)	(35, 37.3956)	(36, 37.3363)	(37, 37.2645)	(38, 37.2115)	(39, 37.1474)	(40, 37.0805)	(41, 37.0192)	(42, 36.9353)	(43, 37.1051)	(44, 37.0964)	(45, 37.1061)	(46, 37.0681)	(47, 37.0212)	(48, 36.9538)	(49, 36.8963)	(50, 36.8246)	(51, 36.7557)	(52, 36.6558)	(53, 36.7485)	(54, 36.7872)	(55, 36.7795)	(56, 36.7251)	(57, 36.6669)	(58, 36.5794)	(59, 36.4827)	(60, 36.3977)	(61, 36.314)	(62, 36.1891)	(63, 36.0728)	(64, 35.9473)	(65, 35.8268)	(66, 35.6853)	(67, 35.5544)	(68, 35.3791)	(69, 35.2121)	(70, 35.0604)	(71, 34.914)	(72, 34.7626)	(73, 34.5871)	(74, 34.4053)	(75, 34.2271)	(76, 33.0295)	(77, 33.4291)	(78, 33.6321)	(79, 33.6334)	(80, 33.5319)	(81, 33.3934)	(82, 33.2477)	(83, 33.0941)	(84, 32.9462)	(85, 32.8058)	(86, 32.6601)	(87, 32.5239)	(88, 32.3922)	(89, 32.2565)	(90, 32.1292)	(91, 31.9968)	(92, 31.8752)	(93, 31.749)	(94, 31.6059)	(95, 31.4706)	(96, 31.3188)	(97, 31.1476)	(98, 30.9691)	(99, 30.7805)	(100, 30.5555)	
ERR250643	(1, 32.0399)	(2, 32.3047)	(3, 32.3838)	(4, 35.9924)	(5, 35.8705)	(6, 35.862)	(7, 35.8407)	(8, 35.829)	(9, 37.4706)	(10, 37.459)	(11, 37.4339)	(12, 37.4244)	(13, 37.4029)	(14, 38.7219)	(15, 38.6928)	(16, 38.6691)	(17, 38.6336)	(18, 38.6027)	(19, 38.6321)	(20, 38.6012)	(21, 38.5564)	(22, 38.512)	(23, 38.4645)	(24, 38.4319)	(25, 38.3801)	(26, 38.2988)	(27, 38.2062)	(28, 38.1417)	(29, 37.9909)	(30, 37.9561)	(31, 37.8908)	(32, 37.8116)	(33, 37.9432)	(34, 37.922)	(35, 37.8982)	(36, 37.861)	(37, 37.9769)	(38, 38.0037)	(39, 38.0148)	(40, 37.993)	(41, 37.9564)	(42, 37.911)	(43, 37.8605)	(44, 37.8033)	(45, 37.749)	(46, 37.6983)	(47, 37.6294)	(48, 37.5574)	(49, 37.4966)	(50, 37.4313)	(51, 37.3553)	(52, 37.2648)	(53, 37.1548)	(54, 37.0647)	(55, 36.9569)	(56, 36.8239)	(57, 36.7296)	(58, 36.6121)	(59, 36.5078)	(60, 36.368)	(61, 36.2329)	(62, 36.0614)	(63, 35.7166)	(64, 35.6297)	(65, 35.5242)	(66, 35.4064)	(67, 35.2497)	(68, 35.0836)	(69, 34.8928)	(70, 34.7243)	(71, 34.5143)	(72, 34.3145)	(73, 34.0878)	(74, 33.8897)	(75, 33.6589)	(76, 31.7893)	(77, 32.6896)	(78, 33.1757)	(79, 33.2915)	(80, 33.2485)	(81, 33.1002)	(82, 32.925)	(83, 32.7428)	(84, 32.5748)	(85, 32.3912)	(86, 32.2274)	(87, 32.0444)	(88, 31.879)	(89, 31.6856)	(90, 31.5142)	(91, 31.3393)	(92, 31.152)	(93, 30.9766)	(94, 30.7979)	(95, 30.565)	(96, 30.3326)	(97, 30.066)	(98, 29.8016)	(99, 29.4718)	(100, 29.071)	
ERR250681	(1, 31.9284)	(2, 32.1544)	(3, 32.269)	(4, 35.9015)	(5, 35.7689)	(6, 35.77)	(7, 35.7492)	(8, 35.7335)	(9, 37.3562)	(10, 37.3421)	(11, 37.3176)	(12, 37.3037)	(13, 37.2814)	(14, 38.5855)	(15, 38.5479)	(16, 38.5234)	(17, 38.4855)	(18, 38.4579)	(19, 38.4986)	(20, 38.4581)	(21, 38.406)	(22, 38.3587)	(23, 38.2859)	(24, 38.2512)	(25, 38.1927)	(26, 38.0977)	(27, 38.1992)	(28, 38.1777)	(29, 38.1708)	(30, 38.1564)	(31, 38.112)	(32, 38.0714)	(33, 38.0126)	(34, 37.9819)	(35, 37.9105)	(36, 37.8793)	(37, 37.8069)	(38, 37.8933)	(39, 37.901)	(40, 37.904)	(41, 37.8842)	(42, 37.864)	(43, 37.8286)	(44, 37.777)	(45, 37.7345)	(46, 37.6733)	(47, 37.6224)	(48, 37.5647)	(49, 37.5054)	(50, 37.4376)	(51, 37.3778)	(52, 37.3021)	(53, 37.2027)	(54, 37.1271)	(55, 37.0374)	(56, 36.9414)	(57, 36.8278)	(58, 36.7451)	(59, 36.6308)	(60, 36.5405)	(61, 36.3977)	(62, 36.2732)	(63, 36.1415)	(64, 35.9906)	(65, 35.8241)	(66, 35.652)	(67, 35.5012)	(68, 35.3588)	(69, 35.157)	(70, 34.9744)	(71, 34.7792)	(72, 34.5733)	(73, 34.3683)	(74, 34.1774)	(75, 33.9562)	(76, 31.9867)	(77, 32.909)	(78, 33.3951)	(79, 33.5282)	(80, 33.4742)	(81, 33.3213)	(82, 33.1333)	(83, 32.9474)	(84, 32.7519)	(85, 32.5544)	(86, 32.3766)	(87, 32.1931)	(88, 32.0075)	(89, 31.8444)	(90, 31.6678)	(91, 31.4767)	(92, 31.2671)	(93, 31.0785)	(94, 30.8914)	(95, 30.6886)	(96, 30.4586)	(97, 30.1916)	(98, 29.9238)	(99, 29.5785)	(100, 29.1718)	
ERR250992	(1, 31.8669)	(2, 32.1532)	(3, 32.271)	(4, 35.9334)	(5, 35.8075)	(6, 35.8068)	(7, 35.7809)	(8, 35.7829)	(9, 37.4656)	(10, 37.4544)	(11, 37.4378)	(12, 37.4081)	(13, 37.3969)	(14, 38.6919)	(15, 38.6507)	(16, 38.607)	(17, 38.562)	(18, 38.5374)	(19, 38.5837)	(20, 38.5557)	(21, 38.4873)	(22, 38.4484)	(23, 38.4019)	(24, 38.3737)	(25, 38.3105)	(26, 38.2242)	(27, 38.1657)	(28, 38.0863)	(29, 37.8877)	(30, 37.823)	(31, 37.7614)	(32, 37.7256)	(33, 37.67)	(34, 37.6154)	(35, 37.7917)	(36, 37.7829)	(37, 37.7796)	(38, 37.7544)	(39, 37.7268)	(40, 37.6753)	(41, 37.6247)	(42, 37.5594)	(43, 37.5009)	(44, 37.4148)	(45, 37.3429)	(46, 37.253)	(47, 37.1472)	(48, 37.0529)	(49, 36.9948)	(50, 37.0684)	(51, 37.0879)	(52, 37.0524)	(53, 37.0132)	(54, 36.9604)	(55, 36.8784)	(56, 36.7431)	(57, 36.6171)	(58, 36.5119)	(59, 36.3765)	(60, 36.233)	(61, 36.122)	(62, 35.9675)	(63, 35.7865)	(64, 35.6612)	(65, 35.5506)	(66, 35.3767)	(67, 35.1856)	(68, 34.9661)	(69, 34.7638)	(70, 34.5464)	(71, 34.3742)	(72, 34.1771)	(73, 33.9792)	(74, 33.7647)	(75, 33.5743)	(76, 31.1891)	(77, 32.2676)	(78, 32.8703)	(79, 33.0635)	(80, 33.0763)	(81, 33.0007)	(82, 32.8409)	(83, 32.6896)	(84, 32.5678)	(85, 32.3563)	(86, 32.1391)	(87, 31.9597)	(88, 31.7747)	(89, 31.6712)	(90, 31.5253)	(91, 31.3044)	(92, 31.0824)	(93, 30.9404)	(94, 30.8496)	(95, 30.6852)	(96, 30.3779)	(97, 30.0729)	(98, 29.8281)	(99, 29.55)	(100, 29.1489)	
HG00097	(1, 31.4402)	(2, 31.7367)	(3, 31.8972)	(4, 35.6049)	(5, 35.4327)	(6, 35.3841)	(7, 35.3145)	(8, 35.2643)	(9, 36.8036)	(10, 36.811)	(11, 36.7392)	(12, 36.7555)	(13, 36.7911)	(14, 37.9324)	(15, 37.7515)	(16, 37.8281)	(17, 37.9021)	(18, 37.8647)	(19, 37.9199)	(20, 37.896)	(21, 37.828)	(22, 37.7324)	(23, 37.5986)	(24, 37.5801)	(25, 37.5401)	(26, 37.3897)	(27, 37.3734)	(28, 37.3345)	(29, 37.2854)	(30, 37.2497)	(31, 37.3864)	(32, 37.4296)	(33, 37.39)	(34, 37.4128)	(35, 37.3709)	(36, 37.3373)	(37, 37.2961)	(38, 37.2319)	(39, 37.1835)	(40, 37.1022)	(41, 37.0087)	(42, 36.9463)	(43, 36.8724)	(44, 36.7797)	(45, 36.691)	(46, 36.6648)	(47, 36.5783)	(48, 36.4964)	(49, 36.4114)	(50, 36.3264)	(51, 36.4518)	(52, 36.4726)	(53, 36.4425)	(54, 36.3423)	(55, 36.3159)	(56, 36.2057)	(57, 36.0696)	(58, 35.9178)	(59, 35.7394)	(60, 35.5909)	(61, 35.447)	(62, 35.2475)	(63, 35.0806)	(64, 34.9418)	(65, 34.8683)	(66, 34.7567)	(67, 34.687)	(68, 34.5721)	(69, 34.3699)	(70, 34.2133)	(71, 34.0579)	(72, 33.8356)	(73, 33.6612)	(74, 33.4276)	(75, 33.1867)	(76, 31.6356)	(77, 32.1333)	(78, 32.4681)	(79, 32.5352)	(80, 32.4928)	(81, 32.3856)	(82, 32.2236)	(83, 32.0628)	(84, 31.9364)	(85, 31.7946)	(86, 31.6859)	(87, 31.5167)	(88, 31.4437)	(89, 31.3594)	(90, 31.2233)	(91, 31.0476)	(92, 30.8984)	(93, 30.7525)	(94, 30.5941)	(95, 30.424)	(96, 30.2547)	(97, 30.0779)	(98, 29.8365)	(99, 29.5898)	(100, 29.2546)	(101, 27.1529)
HG00105	(1, 31.7001)	(2, 31.9848)	(3, 32.1052)	(4, 35.7617)	(5, 35.7841)	(6, 35.4672)	(7, 35.6402)	(8, 35.7358)	(9, 37.4341)	(10, 37.4168)	(11, 37.4631)	(12, 37.4578)	(13, 37.4289)	(14, 38.7105)	(15, 38.6667)	(16, 38.598)	(17, 38.5731)	(18, 38.5197)	(19, 38.5456)	(20, 38.4852)	(21, 38.4333)	(22, 38.3369)	(23, 38.2348)	(24, 38.1681)	(25, 38.1475)	(26, 38.2453)	(27, 38.2299)	(28, 38.1946)	(29, 38.1914)	(30, 38.1426)	(31, 38.1101)	(32, 38.2326)	(33, 38.2407)	(34, 38.2599)	(35, 38.2558)	(36, 38.2285)	(37, 38.1764)	(38, 38.1343)	(39, 38.0859)	(40, 38.0551)	(41, 37.9802)	(42, 37.9248)	(43, 37.8706)	(44, 37.8278)	(45, 37.7287)	(46, 37.6424)	(47, 37.5923)	(48, 37.5365)	(49, 37.4673)	(50, 37.383)	(51, 37.2785)	(52, 37.2084)	(53, 37.0143)	(54, 36.8622)	(55, 36.7513)	(56, 36.6203)	(57, 36.5132)	(58, 36.3724)	(59, 36.1995)	(60, 36.0649)	(61, 35.9023)	(62, 35.7012)	(63, 35.5697)	(64, 35.383)	(65, 35.1569)	(66, 34.9685)	(67, 34.7867)	(68, 34.6279)	(69, 34.4676)	(70, 34.3108)	(71, 34.1168)	(72, 33.8312)	(73, 33.6144)	(74, 33.3641)	(75, 33.1215)	(76, 32.0878)	(77, 32.4045)	(78, 32.5776)	(79, 32.5227)	(80, 32.4089)	(81, 32.175)	(82, 31.9568)	(83, 31.7261)	(84, 31.5535)	(85, 31.338)	(86, 31.1022)	(87, 30.8063)	(88, 30.5034)	(89, 30.1544)	(90, 29.9097)	(91, 29.6276)	(92, 29.2898)	(93, 29.095)	(94, 28.7774)	(95, 28.3197)	(96, 27.9822)	(97, 27.5568)	(98, 27.0697)	(99, 26.5319)	(100, 25.7796)	(101, 22.7406)
HG00106	(1, 31.845)	(2, 32.1263)	(3, 32.2392)	(4, 35.8511)	(5, 35.8742)	(6, 35.6284)	(7, 35.7867)	(8, 35.8465)	(9, 37.6276)	(10, 37.6022)	(11, 37.6124)	(12, 37.6077)	(13, 37.5644)	(14, 38.8789)	(15, 38.8474)	(16, 38.8076)	(17, 38.7777)	(18, 38.7363)	(19, 38.7314)	(20, 38.6574)	(21, 38.6159)	(22, 38.542)	(23, 38.4664)	(24, 38.3595)	(25, 38.2935)	(26, 38.3962)	(27, 38.3739)	(28, 38.3203)	(29, 38.347)	(30, 38.4223)	(31, 38.5019)	(32, 38.5172)	(33, 38.4719)	(34, 38.455)	(35, 38.3986)	(36, 38.3629)	(37, 38.3555)	(38, 38.3203)	(39, 38.2755)	(40, 38.2288)	(41, 38.1572)	(42, 38.073)	(43, 38.0052)	(44, 37.9542)	(45, 37.8965)	(46, 37.7428)	(47, 37.7086)	(48, 37.6174)	(49, 37.5656)	(50, 37.4864)	(51, 37.36)	(52, 37.2632)	(53, 37.1023)	(54, 36.999)	(55, 36.8585)	(56, 36.6898)	(57, 36.5437)	(58, 36.418)	(59, 36.2684)	(60, 36.167)	(61, 36.0323)	(62, 35.8059)	(63, 35.5727)	(64, 35.3777)	(65, 35.1911)	(66, 35.014)	(67, 34.8674)	(68, 34.6912)	(69, 34.5488)	(70, 34.3678)	(71, 34.1405)	(72, 33.899)	(73, 33.6608)	(74, 33.4299)	(75, 33.1225)	(76, 32.1839)	(77, 32.391)	(78, 32.4556)	(79, 32.4584)	(80, 32.277)	(81, 32.118)	(82, 31.9268)	(83, 31.7038)	(84, 31.4738)	(85, 31.2835)	(86, 31.0484)	(87, 30.7754)	(88, 30.4158)	(89, 30.1392)	(90, 29.8308)	(91, 29.6311)	(92, 29.3558)	(93, 29.1186)	(94, 28.7164)	(95, 28.241)	(96, 27.8212)	(97, 27.4488)	(98, 26.9567)	(99, 26.3502)	(100, 25.4994)	(101, 22.3217)
HG00125	(1, 38.221)	(2, 38.1148)	(3, 38.0997)	(4, 38.0787)	(5, 37.9857)	(6, 38.029)	(7, 37.9917)	(8, 37.9488)	(9, 37.9479)	(10, 37.914)	(11, 37.8803)	(12, 37.8219)	(13, 37.8047)	(14, 37.7673)	(15, 37.739)	(16, 37.6802)	(17, 37.6163)	(18, 37.5607)	(19, 37.4978)	(20, 37.5932)	(21, 37.5571)	(22, 37.524)	(23, 37.4735)	(24, 37.4315)	(25, 37.3857)	(26, 37.3345)	(27, 37.2318)	(28, 37.3023)	(29, 37.2613)	(30, 37.2071)	(31, 37.2218)	(32, 37.1436)	(33, 37.1043)	(34, 37.0368)	(35, 37.002)	(36, 36.9393)	(37, 36.8502)	(38, 36.8003)	(39, 36.7465)	(40, 36.6935)	(41, 36.6385)	(42, 36.5367)	(43, 36.424)	(44, 36.3915)	(45, 36.2834)	(46, 36.2149)	(47, 36.1321)	(48, 36.0306)	(49, 35.9193)	(50, 35.8425)	(51, 35.7776)	(52, 35.6019)	(53, 35.4704)	(54, 35.4144)	(55, 35.3174)	(56, 35.1324)	(57, 34.9644)	(58, 34.7402)	(59, 34.5549)	(60, 34.4511)	(61, 34.1661)	(62, 33.8902)	(63, 33.7188)	(64, 33.5069)	(65, 33.3359)	(66, 33.0773)	(67, 32.8733)	(68, 32.6465)	(69, 32.4387)	(70, 32.2499)	(71, 31.6803)	(72, 31.3238)	(73, 31.2672)	(74, 31.0192)	(75, 30.8192)	(76, 31.5713)	(77, 31.5773)	(78, 31.4153)	(79, 31.218)	(80, 31.048)	(81, 31.5834)	(82, 31.3058)	(83, 31.0871)	(84, 30.8271)	(85, 30.5209)	(86, 29.9011)	(87, 29.5236)	(88, 29.2762)	(89, 28.9582)	(90, 28.5075)											
HG00145	(1, 37.7361)	(2, 36.4887)	(3, 36.5133)	(4, 36.4492)	(5, 36.4031)	(6, 36.6744)	(7, 36.6504)	(8, 36.7385)	(9, 36.6966)	(10, 36.7408)	(11, 36.9073)	(12, 36.8603)	(13, 36.8415)	(14, 36.8212)	(15, 36.7691)	(16, 36.6691)	(17, 36.5936)	(18, 36.9202)	(19, 37.1489)	(20, 37.1421)	(21, 37.2907)	(22, 37.2528)	(23, 37.2216)	(24, 37.2111)	(25, 37.177)	(26, 37.1688)	(27, 37.1226)	(28, 37.0822)	(29, 37.0464)	(30, 37.0143)	(31, 36.9768)	(32, 36.9005)	(33, 36.8216)	(34, 36.7546)	(35, 36.7324)	(36, 36.6817)	(37, 36.5753)	(38, 36.4844)	(39, 36.4293)	(40, 36.3592)	(41, 36.2577)	(42, 36.1162)	(43, 36.0122)	(44, 35.8808)	(45, 35.8207)	(46, 35.7223)	(47, 35.5317)	(48, 35.3274)	(49, 35.1922)	(50, 34.9611)	(51, 34.6059)	(52, 34.3518)	(53, 34.1612)	(54, 33.8855)	(55, 33.656)	(56, 33.1854)	(57, 32.8677)	(58, 32.5565)	(59, 32.31)	(60, 31.9194)	(61, 31.2821)	(62, 30.8746)	(63, 30.5809)	(64, 30.1472)	(65, 30.0474)	(66, 29.2603)	(67, 28.9239)	(68, 28.4419)	(69, 28.0934)	(70, 27.3447)	(71, 25.3932)	(72, 24.9116)	(73, 24.5204)	(74, 24.0052)	(75, 23.0974)	(76, 18.9786)																									
HG00171	(1, 37.7862)	(2, 37.6275)	(3, 37.6116)	(4, 37.583)	(5, 37.4699)	(6, 37.5203)	(7, 37.4901)	(8, 37.438)	(9, 37.4135)	(10, 37.3225)	(11, 37.3751)	(12, 37.2543)	(13, 37.2483)	(14, 37.1762)	(15, 37.1916)	(16, 37.2)	(17, 37.1302)	(18, 37.0714)	(19, 37.0638)	(20, 36.9684)	(21, 37.0554)	(22, 36.9426)	(23, 36.9226)	(24, 36.8437)	(25, 36.8104)	(26, 36.744)	(27, 36.603)	(28, 36.6121)	(29, 36.4626)	(30, 36.4888)	(31, 36.558)	(32, 36.4627)	(33, 36.2594)	(34, 36.4778)	(35, 36.4073)	(36, 36.6409)	(37, 36.5396)	(38, 36.3915)	(39, 36.3915)	(40, 36.2091)	(41, 36.242)	(42, 36.3054)	(43, 36.1876)	(44, 36.1536)	(45, 36.1445)	(46, 36.2087)	(47, 35.9974)	(48, 36.0168)	(49, 35.9211)	(50, 35.8598)	(51, 35.9162)	(52, 35.7316)	(53, 35.5843)	(54, 35.5147)	(55, 35.425)	(56, 35.3661)	(57, 35.2693)	(58, 35.0129)	(59, 35.051)	(60, 34.6179)	(61, 34.6719)	(62, 34.4459)	(63, 34.3632)	(64, 34.1889)	(65, 33.9076)	(66, 33.8873)	(67, 33.5669)	(68, 33.5173)	(69, 33.2662)	(70, 33.0085)	(71, 32.1789)	(72, 31.8475)	(73, 31.6403)	(74, 31.46)	(75, 31.4055)	(76, 32.6456)	(77, 32.629)	(78, 32.401)	(79, 32.3765)	(80, 32.2277)	(81, 33.5903)	(82, 33.4581)	(83, 33.2319)	(84, 32.8729)	(85, 32.7234)	(86, 32.3288)	(87, 32.0349)	(88, 31.7173)	(89, 31.5268)	(90, 31.3536)											
HG00173	(1, 31.9235)	(2, 32.2444)	(3, 32.3341)	(4, 35.9338)	(5, 35.8024)	(6, 35.7896)	(7, 35.7618)	(8, 35.7421)	(9, 37.3801)	(10, 37.3534)	(11, 37.3152)	(12, 37.2957)	(13, 37.287)	(14, 38.5823)	(15, 38.5517)	(16, 38.5279)	(17, 38.4997)	(18, 38.4613)	(19, 38.4805)	(20, 38.4088)	(21, 38.548)	(22, 38.5417)	(23, 38.5346)	(24, 38.5204)	(25, 38.4817)	(26, 38.3818)	(27, 38.3088)	(28, 38.2609)	(29, 38.2461)	(30, 38.1747)	(31, 38.1117)	(32, 38.0736)	(33, 38.0304)	(34, 38.0198)	(35, 37.987)	(36, 37.9529)	(37, 37.9332)	(38, 37.882)	(39, 37.8329)	(40, 37.7647)	(41, 37.7046)	(42, 37.6243)	(43, 37.5407)	(44, 37.4682)	(45, 37.3784)	(46, 37.2569)	(47, 37.1666)	(48, 37.0609)	(49, 37.1157)	(50, 37.0945)	(51, 37.0662)	(52, 37.0071)	(53, 36.9363)	(54, 36.8247)	(55, 36.6339)	(56, 36.5687)	(57, 36.489)	(58, 36.4228)	(59, 36.2873)	(60, 36.1263)	(61, 35.9918)	(62, 35.8425)	(63, 35.6799)	(64, 35.4937)	(65, 35.2764)	(66, 35.0661)	(67, 34.9016)	(68, 34.7142)	(69, 34.5567)	(70, 34.3477)	(71, 34.1914)	(72, 33.998)	(73, 33.8812)	(74, 33.7334)	(75, 33.5365)	(76, 30.8629)	(77, 32.0303)	(78, 32.7708)	(79, 32.9926)	(80, 33.0413)	(81, 32.9633)	(82, 32.8048)	(83, 32.6829)	(84, 32.4808)	(85, 32.2867)	(86, 32.1245)	(87, 32.0223)	(88, 31.8552)	(89, 31.763)	(90, 31.6327)	(91, 31.4926)	(92, 31.3061)	(93, 31.1634)	(94, 30.9928)	(95, 30.8329)	(96, 30.558)	(97, 30.2305)	(98, 29.8485)	(99, 29.552)	(100, 28.8011)	(101, 24.2113)
HG00407	(1, 38.4343)	(2, 38.3493)	(3, 38.339)	(4, 38.3047)	(5, 38.2539)	(6, 38.2772)	(7, 38.2507)	(8, 38.2203)	(9, 38.1975)	(10, 38.1689)	(11, 38.1343)	(12, 38.0976)	(13, 38.0599)	(14, 38.0331)	(15, 37.9947)	(16, 37.942)	(17, 37.8968)	(18, 37.8456)	(19, 37.9045)	(20, 37.8825)	(21, 37.8913)	(22, 37.8242)	(23, 37.7961)	(24, 37.7575)	(25, 37.7902)	(26, 37.7806)	(27, 37.724)	(28, 37.6625)	(29, 37.6518)	(30, 37.6015)	(31, 37.568)	(32, 37.5115)	(33, 37.4331)	(34, 37.3966)	(35, 37.3437)	(36, 37.3101)	(37, 37.2309)	(38, 37.1501)	(39, 37.1011)	(40, 37.0284)	(41, 37.0039)	(42, 36.899)	(43, 36.7834)	(44, 36.7462)	(45, 36.6638)	(46, 36.5906)	(47, 36.4568)	(48, 36.3759)	(49, 36.2928)	(50, 36.1873)	(51, 36.1219)	(52, 35.9422)	(53, 35.8253)	(54, 35.7667)	(55, 35.6518)	(56, 35.4639)	(57, 35.2549)	(58, 35.0938)	(59, 34.9127)	(60, 34.7321)	(61, 34.4906)	(62, 34.2253)	(63, 34.0335)	(64, 33.8611)	(65, 33.6574)	(66, 33.3156)	(67, 33.1401)	(68, 32.9087)	(69, 32.6902)	(70, 32.4502)	(71, 31.8518)	(72, 31.4993)	(73, 31.2845)	(74, 31.0639)	(75, 30.8749)	(76, 31.6643)	(77, 31.6519)	(78, 31.4937)	(79, 31.3361)	(80, 31.1515)	(81, 31.6152)	(82, 31.3308)	(83, 31.1222)	(84, 30.8221)	(85, 30.5559)	(86, 29.8222)	(87, 29.5055)	(88, 29.1916)	(89, 28.8687)	(90, 28.6716)											
HG00956	(1, 32.6553)	(2, 32.9078)	(3, 32.9787)	(4, 36.2914)	(5, 36.2877)	(6, 36.3115)	(7, 36.299)	(8, 36.2914)	(9, 38.0847)	(10, 38.0711)	(11, 38.0336)	(12, 38.0187)	(13, 37.9956)	(14, 39.4988)	(15, 39.4574)	(16, 39.4221)	(17, 39.3767)	(18, 39.3336)	(19, 39.3371)	(20, 39.2758)	(21, 39.2151)	(22, 39.1529)	(23, 39.088)	(24, 39.2112)	(25, 39.2015)	(26, 39.1587)	(27, 39.1337)	(28, 39.0938)	(29, 39.162)	(30, 39.191)	(31, 39.2088)	(32, 39.191)	(33, 39.1685)	(34, 39.1334)	(35, 39.0775)	(36, 39.0441)	(37, 39.0155)	(38, 38.9783)	(39, 38.9503)	(40, 38.9146)	(41, 38.8683)	(42, 38.8106)	(43, 38.7568)	(44, 38.7158)	(45, 38.6547)	(46, 38.5859)	(47, 38.521)	(48, 38.4422)	(49, 38.3467)	(50, 38.3047)	(51, 38.2441)	(52, 38.1268)	(53, 38.0421)	(54, 37.9394)	(55, 37.8498)	(56, 37.7474)	(57, 37.634)	(58, 37.512)	(59, 37.3519)	(60, 37.2052)	(61, 37.0717)	(62, 36.9059)	(63, 36.7357)	(64, 36.5479)	(65, 36.3964)	(66, 36.1939)	(67, 36.0069)	(68, 35.7905)	(69, 35.582)	(70, 35.3916)	(71, 35.2036)	(72, 34.992)	(73, 34.7703)	(74, 34.554)	(75, 34.3358)	(76, 33.12)	(77, 33.5364)	(78, 33.7219)	(79, 33.7253)	(80, 33.5963)	(81, 33.4193)	(82, 33.2099)	(83, 32.9718)	(84, 32.7551)	(85, 32.5213)	(86, 32.3281)	(87, 32.1285)	(88, 31.8878)	(89, 31.6234)	(90, 31.3468)											
HG01501	(1, 30.9437)	(2, 31.2036)	(3, 31.3874)	(4, 35.1738)	(5, 34.9255)	(6, 34.9053)	(7, 34.8962)	(8, 34.8748)	(9, 36.414)	(10, 36.3626)	(11, 36.3371)	(12, 36.3367)	(13, 36.3029)	(14, 37.3353)	(15, 37.3167)	(16, 37.2883)	(17, 37.2037)	(18, 37.159)	(19, 37.1623)	(20, 37.1071)	(21, 37.1427)	(22, 37.1038)	(23, 37.251)	(24, 37.1769)	(25, 37.2331)	(26, 37.1816)	(27, 37.0852)	(28, 37.0668)	(29, 36.984)	(30, 36.961)	(31, 36.8825)	(32, 36.7831)	(33, 36.6781)	(34, 36.6062)	(35, 36.5259)	(36, 36.4907)	(37, 36.4656)	(38, 36.4501)	(39, 36.4004)	(40, 36.3179)	(41, 36.2582)	(42, 36.1891)	(43, 36.1715)	(44, 36.1072)	(45, 36.0676)	(46, 35.855)	(47, 35.779)	(48, 35.6534)	(49, 35.582)	(50, 35.5265)	(51, 35.4133)	(52, 35.2547)	(53, 35.1848)	(54, 35.1103)	(55, 35.0648)	(56, 35.1552)	(57, 35.119)	(58, 35.0511)	(59, 35.0495)	(60, 34.9465)	(61, 34.8527)	(62, 34.7102)	(63, 34.5758)	(64, 34.3949)	(65, 34.2304)	(66, 34.0637)	(67, 33.8672)	(68, 33.7251)	(69, 33.5728)	(70, 33.4234)	(71, 33.2145)	(72, 32.9417)	(73, 32.7807)	(74, 32.5286)	(75, 32.316)	(76, 29.7701)	(77, 30.8272)	(78, 31.512)	(79, 31.729)	(80, 31.7655)	(81, 31.7081)	(82, 31.5559)	(83, 31.4062)	(84, 31.1993)	(85, 31.0683)	(86, 30.8123)	(87, 30.6222)	(88, 30.4592)	(89, 30.2725)	(90, 30.0751)	(91, 29.8736)	(92, 29.6638)	(93, 29.3931)	(94, 29.0979)	(95, 28.8092)	(96, 28.4665)	(97, 28.2192)	(98, 27.9051)	(99, 27.421)	(100, 26.6617)	(101, 22.749)
HG01503	(1, 31.4574)	(2, 31.7597)	(3, 31.8623)	(4, 35.6077)	(5, 35.4252)	(6, 35.4091)	(7, 35.3703)	(8, 35.3486)	(9, 36.8723)	(10, 36.8291)	(11, 36.784)	(12, 36.748)	(13, 36.7228)	(14, 37.8467)	(15, 37.8283)	(16, 37.7862)	(17, 37.7556)	(18, 37.7051)	(19, 37.7462)	(20, 37.685)	(21, 37.6148)	(22, 37.5826)	(23, 37.5222)	(24, 37.4693)	(25, 37.4035)	(26, 37.2754)	(27, 37.1951)	(28, 37.1099)	(29, 37.0164)	(30, 36.8961)	(31, 37.0635)	(32, 37.0584)	(33, 37.0356)	(34, 37.0243)	(35, 36.9791)	(36, 36.9187)	(37, 36.8624)	(38, 36.803)	(39, 36.7595)	(40, 36.6797)	(41, 36.6318)	(42, 36.5676)	(43, 36.4958)	(44, 36.4186)	(45, 36.3443)	(46, 36.25)	(47, 36.1627)	(48, 36.0589)	(49, 35.9697)	(50, 36.0357)	(51, 36.0186)	(52, 36.0032)	(53, 35.9269)	(54, 35.8384)	(55, 35.7557)	(56, 35.637)	(57, 35.5201)	(58, 35.3881)	(59, 35.2863)	(60, 35.1462)	(61, 35.0032)	(62, 34.8737)	(63, 34.7187)	(64, 34.5375)	(65, 34.3907)	(66, 34.2323)	(67, 34.0392)	(68, 33.8068)	(69, 33.5814)	(70, 33.3657)	(71, 33.1472)	(72, 32.9289)	(73, 32.7337)	(74, 32.5334)	(75, 32.3468)	(76, 31.5786)	(77, 31.9128)	(78, 32.0579)	(79, 32.0233)	(80, 31.8909)	(81, 31.7332)	(82, 31.506)	(83, 31.3082)	(84, 31.0977)	(85, 30.9005)	(86, 30.67)	(87, 30.4421)	(88, 30.2102)	(89, 30.0004)	(90, 29.7588)	(91, 29.5371)	(92, 29.3044)	(93, 29.0715)	(94, 28.8033)	(95, 28.5299)	(96, 28.1947)	(97, 27.8488)	(98, 27.4404)	(99, 26.9734)	(100, 26.3321)	(101, 23.4546)
HG01504	(1, 31.1657)	(2, 31.4269)	(3, 31.6216)	(4, 35.3816)	(5, 35.0816)	(6, 35.1173)	(7, 35.1035)	(8, 35.0623)	(9, 36.5625)	(10, 36.5561)	(11, 36.5659)	(12, 36.5561)	(13, 36.5729)	(14, 37.7009)	(15, 37.6785)	(16, 37.6338)	(17, 37.5342)	(18, 37.4973)	(19, 37.4708)	(20, 37.4449)	(21, 37.4136)	(22, 37.402)	(23, 37.3283)	(24, 37.2994)	(25, 37.2452)	(26, 37.117)	(27, 37.0257)	(28, 37.1787)	(29, 37.1638)	(30, 37.1494)	(31, 37.1123)	(32, 37.0675)	(33, 37.0121)	(34, 36.9461)	(35, 36.8981)	(36, 36.8013)	(37, 36.7631)	(38, 36.6921)	(39, 36.6431)	(40, 36.5612)	(41, 36.5085)	(42, 36.4341)	(43, 36.5696)	(44, 36.6055)	(45, 36.5568)	(46, 36.5324)	(47, 36.5496)	(48, 36.5169)	(49, 36.4864)	(50, 36.4139)	(51, 36.3351)	(52, 36.2294)	(53, 36.1372)	(54, 36.018)	(55, 35.9396)	(56, 35.8451)	(57, 35.7122)	(58, 35.6028)	(59, 35.4932)	(60, 35.3642)	(61, 35.2716)	(62, 35.1427)	(63, 34.9829)	(64, 34.815)	(65, 34.6563)	(66, 34.51)	(67, 34.3764)	(68, 34.237)	(69, 34.0571)	(70, 33.874)	(71, 33.6798)	(72, 33.4741)	(73, 33.2608)	(74, 33.0473)	(75, 32.8368)	(76, 31.2269)	(77, 31.8571)	(78, 32.217)	(79, 32.2784)	(80, 32.2049)	(81, 32.1021)	(82, 31.9495)	(83, 31.7887)	(84, 31.5906)	(85, 31.3812)	(86, 31.2236)	(87, 31.0524)	(88, 30.864)	(89, 30.7082)	(90, 30.5539)	(91, 30.3868)	(92, 30.1828)	(93, 29.9463)	(94, 29.7195)	(95, 29.4836)	(96, 29.2193)	(97, 28.9349)	(98, 28.5844)	(99, 28.2269)	(100, 27.7993)	(101, 25.1392)
HG01596	(1, 32.5267)	(2, 32.7312)	(3, 32.8273)	(4, 36.2761)	(5, 36.1722)	(6, 36.1677)	(7, 36.1572)	(8, 36.1961)	(9, 37.9387)	(10, 37.932)	(11, 37.8713)	(12, 37.9052)	(13, 37.8591)	(14, 39.3174)	(15, 39.2372)	(16, 39.1153)	(17, 39.0844)	(18, 39.0954)	(19, 39.108)	(20, 39.0519)	(21, 39.0446)	(22, 38.9833)	(23, 38.914)	(24, 38.8738)	(25, 38.9064)	(26, 38.786)	(27, 38.7845)	(28, 38.7484)	(29, 38.652)	(30, 38.8167)	(31, 38.8498)	(32, 38.7712)	(33, 38.87)	(34, 38.7871)	(35, 38.7837)	(36, 38.7204)	(37, 38.6896)	(38, 38.5784)	(39, 38.5799)	(40, 38.562)	(41, 38.5146)	(42, 38.4403)	(43, 38.38)	(44, 38.2561)	(45, 38.1169)	(46, 38.1106)	(47, 38.0968)	(48, 38.0302)	(49, 37.9477)	(50, 37.9005)	(51, 37.6897)	(52, 37.6527)	(53, 37.527)	(54, 37.3643)	(55, 37.3731)	(56, 37.2399)	(57, 37.1218)	(58, 36.892)	(59, 36.6764)	(60, 36.5479)	(61, 36.2945)	(62, 36.0435)	(63, 35.8183)	(64, 35.6005)	(65, 35.4147)	(66, 35.2083)	(67, 34.9305)	(68, 34.6348)	(69, 34.3421)	(70, 33.9593)	(71, 33.704)	(72, 33.5028)	(73, 33.1875)	(74, 32.8645)	(75, 32.5949)	(76, 31.4374)	(77, 31.8024)	(78, 32.0079)	(79, 31.8012)	(80, 31.557)	(81, 31.232)	(82, 30.8506)	(83, 30.6562)	(84, 30.3639)	(85, 29.975)	(86, 29.6405)	(87, 29.2138)	(88, 28.7084)	(89, 28.3148)	(90, 27.9702)											
HG01880	(1, 32.6403)	(2, 32.8739)	(3, 32.9334)	(4, 36.3632)	(5, 36.293)	(6, 36.2784)	(7, 36.2656)	(8, 36.2519)	(9, 38.0584)	(10, 38.0207)	(11, 38.0157)	(12, 37.9806)	(13, 37.9612)	(14, 39.4063)	(15, 39.3568)	(16, 39.3405)	(17, 39.2885)	(18, 39.252)	(19, 39.2666)	(20, 39.1607)	(21, 39.1531)	(22, 39.0669)	(23, 38.9914)	(24, 38.9279)	(25, 39.0513)	(26, 39.0426)	(27, 38.9829)	(28, 38.9133)	(29, 38.837)	(30, 38.9861)	(31, 39.0178)	(32, 39.0069)	(33, 38.9923)	(34, 38.9827)	(35, 38.9681)	(36, 38.9193)	(37, 38.8472)	(38, 38.7817)	(39, 38.772)	(40, 38.7307)	(41, 38.6485)	(42, 38.5754)	(43, 38.5287)	(44, 38.486)	(45, 38.388)	(46, 38.2926)	(47, 38.2493)	(48, 38.1844)	(49, 38.1032)	(50, 37.9708)	(51, 37.9198)	(52, 37.7644)	(53, 37.6811)	(54, 37.5968)	(55, 37.4797)	(56, 37.3273)	(57, 37.1763)	(58, 37.0055)	(59, 36.8481)	(60, 36.6245)	(61, 36.4359)	(62, 36.2711)	(63, 36.0294)	(64, 35.8024)	(65, 35.559)	(66, 35.3253)	(67, 35.0403)	(68, 34.784)	(69, 34.5468)	(70, 34.2313)	(71, 33.955)	(72, 33.7218)	(73, 33.4127)	(74, 33.0925)	(75, 32.8029)	(76, 31.6212)	(77, 32.0262)	(78, 32.1599)	(79, 32.0937)	(80, 31.8669)	(81, 31.5794)	(82, 31.3119)	(83, 30.9879)	(84, 30.6978)	(85, 30.3793)	(86, 30.0088)	(87, 29.6579)	(88, 29.2286)	(89, 28.844)	(90, 28.3982)											
HG01882	(1, 32.4119)	(2, 32.6743)	(3, 32.7541)	(4, 36.2379)	(5, 36.179)	(6, 36.143)	(7, 36.1094)	(8, 36.0789)	(9, 37.812)	(10, 37.7724)	(11, 37.7546)	(12, 37.7167)	(13, 37.6939)	(14, 39.0601)	(15, 39.0218)	(16, 38.9421)	(17, 39.0646)	(18, 39.0432)	(19, 39.1235)	(20, 39.1098)	(21, 39.0898)	(22, 39.0599)	(23, 38.9901)	(24, 38.9637)	(25, 38.9309)	(26, 38.859)	(27, 38.7972)	(28, 38.7206)	(29, 38.673)	(30, 38.6994)	(31, 38.7232)	(32, 38.6981)	(33, 38.6671)	(34, 38.6311)	(35, 38.6094)	(36, 38.5667)	(37, 38.5171)	(38, 38.4381)	(39, 38.3941)	(40, 38.3194)	(41, 38.2586)	(42, 38.1913)	(43, 38.1311)	(44, 38.0232)	(45, 37.9962)	(46, 37.9032)	(47, 37.8092)	(48, 37.7077)	(49, 37.593)	(50, 37.5032)	(51, 37.4246)	(52, 37.3131)	(53, 37.1781)	(54, 37.0308)	(55, 36.9154)	(56, 36.7548)	(57, 36.5788)	(58, 36.3778)	(59, 36.2114)	(60, 35.968)	(61, 35.7386)	(62, 35.5097)	(63, 35.4645)	(64, 35.2782)	(65, 35.0951)	(66, 34.8228)	(67, 34.5282)	(68, 34.2412)	(69, 34.0125)	(70, 33.7438)	(71, 33.4101)	(72, 33.124)	(73, 32.8549)	(74, 32.5661)	(75, 32.2339)	(76, 30.8604)	(77, 31.2114)	(78, 31.4156)	(79, 31.4371)	(80, 31.2365)	(81, 30.9605)	(82, 30.6341)	(83, 30.316)	(84, 29.92)	(85, 29.5547)	(86, 29.0823)	(87, 28.5938)	(88, 28.1429)	(89, 27.6351)	(90, 26.5642)											
HG01886	(1, 32.524)	(2, 32.7997)	(3, 32.8762)	(4, 36.36)	(5, 36.2568)	(6, 36.2601)	(7, 36.2484)	(8, 36.2548)	(9, 38.0125)	(10, 37.9729)	(11, 37.9815)	(12, 37.9701)	(13, 37.9553)	(14, 38.7652)	(15, 38.8461)	(16, 38.8581)	(17, 38.84)	(18, 38.8319)	(19, 38.8743)	(20, 38.846)	(21, 38.8287)	(22, 38.8052)	(23, 38.8111)	(24, 38.7872)	(25, 38.7631)	(26, 38.662)	(27, 38.6482)	(28, 38.6427)	(29, 38.6243)	(30, 38.3985)	(31, 38.4679)	(32, 38.4691)	(33, 38.4645)	(34, 38.4324)	(35, 38.3874)	(36, 38.2987)	(37, 38.2685)	(38, 38.2272)	(39, 38.1658)	(40, 38.1349)	(41, 38.0723)	(42, 38.15)	(43, 38.1833)	(44, 38.1772)	(45, 38.1714)	(46, 38.1278)	(47, 38.0881)	(48, 38.0442)	(49, 38.0795)	(50, 38.0794)	(51, 37.9863)	(52, 37.9212)	(53, 37.9183)	(54, 37.8422)	(55, 37.7415)	(56, 37.6953)	(57, 37.6672)	(58, 37.5972)	(59, 37.5189)	(60, 37.4216)	(61, 37.3338)	(62, 37.1886)	(63, 37.0315)	(64, 36.9714)	(65, 36.8277)	(66, 36.6904)	(67, 36.5347)	(68, 36.3691)	(69, 36.2045)	(70, 36.0741)	(71, 35.9113)	(72, 35.7693)	(73, 35.6104)	(74, 35.461)	(75, 35.3092)	(76, 34.1173)	(77, 34.608)	(78, 34.8212)	(79, 34.8075)	(80, 34.7114)	(81, 34.5799)	(82, 34.4465)	(83, 34.2945)	(84, 34.1537)	(85, 33.9493)	(86, 33.86)	(87, 33.7562)	(88, 33.6334)	(89, 33.4958)	(90, 33.3996)	(91, 33.2654)	(92, 33.0562)	(93, 32.939)	(94, 32.8191)	(95, 32.7659)	(96, 32.6886)	(97, 32.5959)	(98, 32.478)	(99, 32.3573)	(100, 32.2058)	
HG01890	(1, 31.1994)	(2, 31.464)	(3, 31.6555)	(4, 35.4118)	(5, 35.1154)	(6, 35.1507)	(7, 35.137)	(8, 35.0971)	(9, 36.606)	(10, 36.5978)	(11, 36.6062)	(12, 36.5966)	(13, 36.6134)	(14, 37.7493)	(15, 37.7256)	(16, 37.6811)	(17, 37.5825)	(18, 37.5447)	(19, 37.5147)	(20, 37.4895)	(21, 37.4576)	(22, 37.4462)	(23, 37.3738)	(24, 37.3451)	(25, 37.2899)	(26, 37.1637)	(27, 37.0743)	(28, 37.2289)	(29, 37.2154)	(30, 37.2004)	(31, 37.163)	(32, 37.1185)	(33, 37.0636)	(34, 36.997)	(35, 36.9491)	(36, 36.8537)	(37, 36.8148)	(38, 36.7448)	(39, 36.6951)	(40, 36.6119)	(41, 36.5583)	(42, 36.4826)	(43, 36.62)	(44, 36.6553)	(45, 36.6068)	(46, 36.5814)	(47, 36.596)	(48, 36.5623)	(49, 36.5306)	(50, 36.4575)	(51, 36.3767)	(52, 36.2696)	(53, 36.1763)	(54, 36.055)	(55, 35.9766)	(56, 35.8817)	(57, 35.7473)	(58, 35.6359)	(59, 35.5254)	(60, 35.3937)	(61, 35.2994)	(62, 35.1691)	(63, 35.0111)	(64, 34.8415)	(65, 34.6795)	(66, 34.5326)	(67, 34.3968)	(68, 34.2564)	(69, 34.0771)	(70, 33.893)	(71, 33.6987)	(72, 33.494)	(73, 33.2801)	(74, 33.0681)	(75, 32.8571)	(76, 31.2562)	(77, 31.8839)	(78, 32.2417)	(79, 32.3023)	(80, 32.2301)	(81, 32.1286)	(82, 31.9785)	(83, 31.8179)	(84, 31.624)	(85, 31.4164)	(86, 31.2593)	(87, 31.0878)	(88, 30.9023)	(89, 30.7498)	(90, 30.5948)	(91, 30.4306)	(92, 30.2279)	(93, 29.9934)	(94, 29.769)	(95, 29.5356)	(96, 29.2737)	(97, 28.9922)	(98, 28.6439)	(99, 28.2878)	(100, 27.8618)	(101, 25.1878)
HG02013	(1, 32.2503)	(2, 32.6013)	(3, 32.7173)	(4, 36.1369)	(5, 36.0301)	(6, 36.0382)	(7, 35.9691)	(8, 35.9345)	(9, 37.7642)	(10, 37.8218)	(11, 37.8086)	(12, 37.657)	(13, 37.7333)	(14, 39.1512)	(15, 39.1187)	(16, 38.8588)	(17, 38.7966)	(18, 38.8076)	(19, 38.9311)	(20, 38.9311)	(21, 38.7922)	(22, 38.8023)	(23, 38.6431)	(24, 38.6544)	(25, 38.614)	(26, 38.4807)	(27, 38.4321)	(28, 38.3164)	(29, 38.2566)	(30, 38.2057)	(31, 38.2391)	(32, 38.2333)	(33, 38.3022)	(34, 38.5042)	(35, 38.4944)	(36, 38.2478)	(37, 38.3696)	(38, 38.3481)	(39, 38.3357)	(40, 38.3288)	(41, 38.1651)	(42, 38.0456)	(43, 37.9903)	(44, 37.9037)	(45, 37.8931)	(46, 37.788)	(47, 37.7014)	(48, 37.7378)	(49, 37.5318)	(50, 37.5634)	(51, 37.486)	(52, 37.2553)	(53, 37.1643)	(54, 37.0995)	(55, 37.0091)	(56, 36.6413)	(57, 36.6602)	(58, 36.537)	(59, 36.2826)	(60, 36.206)	(61, 35.9389)	(62, 35.7675)	(63, 35.6354)	(64, 35.5454)	(65, 35.1779)	(66, 34.6738)	(67, 34.6064)	(68, 34.3226)	(69, 34.1602)	(70, 34.0277)	(71, 33.7187)	(72, 33.2863)	(73, 32.9917)	(74, 32.7043)	(75, 32.313)	(76, 29.9986)	(77, 30.9785)	(78, 31.5778)	(79, 31.5667)	(80, 31.5776)	(81, 31.4161)	(82, 31.0378)	(83, 30.8445)	(84, 30.6045)	(85, 30.2275)	(86, 29.8645)	(87, 29.5622)	(88, 29.2125)	(89, 28.592)	(90, 28.3079)											
HG02651	(1, 31.6792)	(2, 31.9538)	(3, 32.0601)	(4, 35.7496)	(5, 35.5805)	(6, 35.5682)	(7, 35.5479)	(8, 35.5287)	(9, 37.1429)	(10, 37.1186)	(11, 37.1041)	(12, 37.0984)	(13, 37.0885)	(14, 38.3263)	(15, 38.2888)	(16, 38.2316)	(17, 38.2135)	(18, 38.1889)	(19, 38.2428)	(20, 38.2029)	(21, 38.1558)	(22, 38.1223)	(23, 38.0692)	(24, 38.0571)	(25, 38.0227)	(26, 37.9418)	(27, 37.8741)	(28, 37.8352)	(29, 37.7743)	(30, 37.6961)	(31, 37.6913)	(32, 37.6437)	(33, 37.5957)	(34, 37.5367)	(35, 37.4744)	(36, 37.4068)	(37, 37.3371)	(38, 37.2847)	(39, 37.2088)	(40, 37.1176)	(41, 37.2268)	(42, 37.2175)	(43, 37.1981)	(44, 37.1622)	(45, 37.1252)	(46, 37.0536)	(47, 36.9779)	(48, 36.9046)	(49, 36.841)	(50, 36.7589)	(51, 36.6768)	(52, 36.5796)	(53, 36.4648)	(54, 36.5731)	(55, 36.6053)	(56, 36.5806)	(57, 36.5252)	(58, 36.437)	(59, 36.3442)	(60, 36.2316)	(61, 36.123)	(62, 35.9988)	(63, 35.8718)	(64, 35.7544)	(65, 35.6011)	(66, 35.4567)	(67, 35.2768)	(68, 35.1254)	(69, 34.9679)	(70, 34.7904)	(71, 34.6006)	(72, 34.427)	(73, 34.2336)	(74, 34.0458)	(75, 33.8719)	(76, 31.4679)	(77, 32.5177)	(78, 33.1459)	(79, 33.336)	(80, 33.3466)	(81, 33.255)	(82, 33.1115)	(83, 32.9512)	(84, 32.8048)	(85, 32.6388)	(86, 32.49)	(87, 32.3377)	(88, 32.1703)	(89, 32.0255)	(90, 31.9012)	(91, 31.7795)	(92, 31.6569)	(93, 31.5017)	(94, 31.3462)	(95, 31.1677)	(96, 31.0133)	(97, 30.8529)	(98, 30.6537)	(99, 30.4378)	(100, 30.1689)	
HG02691	(1, 32.2949)	(2, 32.5426)	(3, 32.6243)	(4, 36.1394)	(5, 35.98)	(6, 36.0413)	(7, 36.0107)	(8, 36.0008)	(9, 37.7279)	(10, 37.6719)	(11, 37.6814)	(12, 37.6826)	(13, 37.6652)	(14, 39.0781)	(15, 39.0735)	(16, 39.0225)	(17, 39.0204)	(18, 39.0014)	(19, 39.0317)	(20, 38.9958)	(21, 38.9361)	(22, 38.9179)	(23, 38.8946)	(24, 38.8632)	(25, 38.8169)	(26, 38.7651)	(27, 38.7163)	(28, 38.6435)	(29, 38.5705)	(30, 38.5396)	(31, 38.4963)	(32, 38.4284)	(33, 38.3748)	(34, 38.3043)	(35, 38.2336)	(36, 38.1782)	(37, 38.1037)	(38, 38.0222)	(39, 37.8881)	(40, 37.8601)	(41, 37.8001)	(42, 37.7278)	(43, 37.9082)	(44, 38.0298)	(45, 38.1261)	(46, 37.9967)	(47, 38.0744)	(48, 38.0022)	(49, 38.0417)	(50, 38.0128)	(51, 37.9566)	(52, 37.8943)	(53, 37.8182)	(54, 37.7045)	(55, 37.6081)	(56, 37.4787)	(57, 37.417)	(58, 37.3221)	(59, 37.2145)	(60, 37.1068)	(61, 36.9734)	(62, 36.84)	(63, 36.7268)	(64, 36.5829)	(65, 36.4261)	(66, 36.2792)	(67, 36.1306)	(68, 35.9589)	(69, 35.7698)	(70, 35.5865)	(71, 35.3966)	(72, 35.2069)	(73, 35.0178)	(74, 34.8242)	(75, 34.6072)	(76, 33.1443)	(77, 33.7487)	(78, 34.0588)	(79, 34.0921)	(80, 34.0018)	(81, 33.8469)	(82, 33.6975)	(83, 33.5375)	(84, 33.3518)	(85, 33.1842)	(86, 33.0116)	(87, 32.852)	(88, 32.7016)	(89, 32.5508)	(90, 32.412)	(91, 32.2856)	(92, 32.1498)	(93, 32.0009)	(94, 31.8492)	(95, 31.7195)	(96, 31.5579)	(97, 31.2909)	(98, 31.0142)	(99, 30.8295)	(100, 30.6025)	
HG02813	(1, 31.8621)	(2, 32.0472)	(3, 32.2177)	(4, 35.9257)	(5, 35.8186)	(6, 35.82)	(7, 35.6457)	(8, 35.6602)	(9, 36.5478)	(10, 37.231)	(11, 37.2948)	(12, 37.3621)	(13, 37.3277)	(14, 38.5345)	(15, 38.5441)	(16, 38.4317)	(17, 38.5038)	(18, 38.5009)	(19, 38.5418)	(20, 38.4642)	(21, 38.4303)	(22, 38.3464)	(23, 38.4235)	(24, 38.4638)	(25, 38.3)	(26, 38.1259)	(27, 38.252)	(28, 38.0093)	(29, 38.0344)	(30, 38.0021)	(31, 37.8865)	(32, 37.7341)	(33, 37.5935)	(34, 37.7766)	(35, 37.4853)	(36, 37.2822)	(37, 37.5141)	(38, 37.5021)	(39, 37.4052)	(40, 37.1973)	(41, 37.075)	(42, 37.1886)	(43, 36.9362)	(44, 36.8922)	(45, 36.982)	(46, 37.1259)	(47, 37.0947)	(48, 37.0399)	(49, 36.878)	(50, 36.8061)	(51, 36.8054)	(52, 36.7518)	(53, 36.9538)	(54, 36.9509)	(55, 36.9534)	(56, 36.9794)	(57, 36.8215)	(58, 36.7853)	(59, 36.1117)	(60, 36.473)	(61, 36.4984)	(62, 36.363)	(63, 36.1291)	(64, 36.0186)	(65, 36.0129)	(66, 35.8108)	(67, 35.7433)	(68, 35.5411)	(69, 35.2286)	(70, 35.2228)	(71, 34.9478)	(72, 34.8107)	(73, 34.6238)	(74, 34.3816)	(75, 34.1874)	(76, 33.0737)	(77, 33.5395)	(78, 33.7008)	(79, 33.6756)	(80, 33.5943)	(81, 33.5313)	(82, 33.2893)	(83, 33.1472)	(84, 33.0542)	(85, 32.7855)	(86, 32.647)	(87, 32.5741)	(88, 32.5151)	(89, 32.3289)	(90, 32.1965)	(91, 31.9833)	(92, 31.9216)	(93, 31.7296)	(94, 31.2941)	(95, 31.3454)	(96, 31.1319)	(97, 30.9642)	(98, 30.9847)	(99, 30.8011)	(100, 30.5276)	
HG02814	(1, 31.8928)	(2, 32.0679)	(3, 32.2391)	(4, 35.947)	(5, 35.8363)	(6, 35.8618)	(7, 35.6933)	(8, 35.6896)	(9, 36.5709)	(10, 37.2053)	(11, 37.3339)	(12, 37.424)	(13, 37.3753)	(14, 38.5735)	(15, 38.5752)	(16, 38.4371)	(17, 38.5665)	(18, 38.5248)	(19, 38.5744)	(20, 38.5321)	(21, 38.4846)	(22, 38.4291)	(23, 38.491)	(24, 38.5519)	(25, 38.3445)	(26, 38.1795)	(27, 38.3344)	(28, 38.0609)	(29, 38.126)	(30, 38.0711)	(31, 37.9119)	(32, 37.6315)	(33, 37.546)	(34, 37.7953)	(35, 37.5655)	(36, 37.3611)	(37, 37.5833)	(38, 37.5525)	(39, 37.4703)	(40, 37.2766)	(41, 37.1441)	(42, 37.2731)	(43, 36.9971)	(44, 36.9395)	(45, 37.0553)	(46, 37.0826)	(47, 37.1057)	(48, 37.0745)	(49, 36.9176)	(50, 36.84)	(51, 36.8384)	(52, 36.7302)	(53, 36.957)	(54, 37.0385)	(55, 37.1099)	(56, 37.0799)	(57, 36.8528)	(58, 36.8136)	(59, 36.087)	(60, 36.5452)	(61, 36.6342)	(62, 36.4531)	(63, 36.2405)	(64, 36.1644)	(65, 36.1304)	(66, 35.9897)	(67, 35.9236)	(68, 35.6909)	(69, 35.3317)	(70, 35.3682)	(71, 35.0998)	(72, 35.0134)	(73, 34.8269)	(74, 34.5795)	(75, 34.379)	(76, 33.2371)	(77, 33.6641)	(78, 33.8022)	(79, 33.8146)	(80, 33.7661)	(81, 33.6732)	(82, 33.3758)	(83, 33.2808)	(84, 33.1979)	(85, 32.9409)	(86, 32.791)	(87, 32.7369)	(88, 32.6677)	(89, 32.4851)	(90, 32.3475)	(91, 32.1887)	(92, 32.0846)	(93, 31.8507)	(94, 31.4488)	(95, 31.504)	(96, 31.2949)	(97, 31.1639)	(98, 31.1343)	(99, 30.9732)	(100, 30.6001)	
HG02840	(1, 31.8193)	(2, 32.115)	(3, 32.2148)	(4, 35.8748)	(5, 35.7664)	(6, 35.6373)	(7, 35.6534)	(8, 35.7308)	(9, 37.2883)	(10, 37.2891)	(11, 37.2827)	(12, 37.1888)	(13, 37.2281)	(14, 38.515)	(15, 38.4259)	(16, 38.4149)	(17, 38.3762)	(18, 38.2607)	(19, 38.474)	(20, 38.4199)	(21, 38.2275)	(22, 38.3607)	(23, 38.3298)	(24, 38.3836)	(25, 38.2364)	(26, 38.1634)	(27, 38.2267)	(28, 38.0947)	(29, 38.0321)	(30, 37.9743)	(31, 37.793)	(32, 37.6309)	(33, 37.6485)	(34, 37.6827)	(35, 37.6747)	(36, 37.4481)	(37, 37.3501)	(38, 37.4493)	(39, 37.4629)	(40, 36.6199)	(41, 36.8855)	(42, 36.9197)	(43, 36.8517)	(44, 36.7419)	(45, 36.696)	(46, 36.6971)	(47, 36.8477)	(48, 36.8923)	(49, 36.4463)	(50, 36.6751)	(51, 36.0218)	(52, 36.0902)	(53, 36.5751)	(54, 36.8217)	(55, 36.7693)	(56, 36.674)	(57, 36.4218)	(58, 36.5945)	(59, 36.5482)	(60, 36.4666)	(61, 36.3075)	(62, 36.3052)	(63, 36.0319)	(64, 35.4991)	(65, 35.652)	(66, 35.5119)	(67, 35.49)	(68, 35.4754)	(69, 35.1716)	(70, 34.8872)	(71, 34.8289)	(72, 34.7053)	(73, 34.4201)	(74, 34.3946)	(75, 34.1529)	(76, 32.7787)	(77, 33.3171)	(78, 33.4345)	(79, 33.4818)	(80, 33.4266)	(81, 33.253)	(82, 33.2054)	(83, 32.9707)	(84, 32.6084)	(85, 32.4313)	(86, 32.4359)	(87, 32.3542)	(88, 32.2074)	(89, 32.0571)	(90, 31.8596)	(91, 31.7746)	(92, 31.6903)	(93, 31.5624)	(94, 31.4225)	(95, 30.8858)	(96, 30.8762)	(97, 30.6974)	(98, 30.6563)	(99, 30.2291)	(100, 30.07)	
HG02878	(1, 32.1155)	(2, 32.3731)	(3, 32.453)	(4, 36.048)	(5, 35.9649)	(6, 35.8936)	(7, 35.9292)	(8, 35.9444)	(9, 37.6607)	(10, 37.6629)	(11, 37.6011)	(12, 37.5888)	(13, 37.5541)	(14, 38.8533)	(15, 38.9705)	(16, 38.7872)	(17, 38.8536)	(18, 38.7961)	(19, 38.9603)	(20, 38.8792)	(21, 38.8863)	(22, 38.7922)	(23, 38.8012)	(24, 38.8161)	(25, 38.7523)	(26, 38.6531)	(27, 38.6154)	(28, 38.5854)	(29, 38.5505)	(30, 38.3997)	(31, 38.2049)	(32, 38.0059)	(33, 37.8939)	(34, 38.1205)	(35, 38.1456)	(36, 37.9985)	(37, 37.9556)	(38, 37.8057)	(39, 37.7786)	(40, 37.7326)	(41, 37.6474)	(42, 37.4466)	(43, 37.4083)	(44, 37.4893)	(45, 37.3832)	(46, 37.5713)	(47, 37.4722)	(48, 37.6053)	(49, 37.4907)	(50, 37.474)	(51, 37.3851)	(52, 37.3112)	(53, 37.5417)	(54, 37.645)	(55, 37.5524)	(56, 37.5004)	(57, 37.5045)	(58, 37.4163)	(59, 37.2676)	(60, 37.2147)	(61, 37.0948)	(62, 36.8919)	(63, 36.8199)	(64, 36.6579)	(65, 36.4324)	(66, 36.3232)	(67, 36.2625)	(68, 36.1287)	(69, 35.9751)	(70, 35.4794)	(71, 35.3964)	(72, 35.3438)	(73, 35.1386)	(74, 34.9145)	(75, 34.6976)	(76, 33.4852)	(77, 34.0255)	(78, 34.292)	(79, 34.1406)	(80, 34.2153)	(81, 33.9819)	(82, 33.7714)	(83, 33.607)	(84, 33.3112)	(85, 33.2584)	(86, 32.9029)	(87, 32.9257)	(88, 32.6463)	(89, 32.6148)	(90, 32.584)	(91, 32.5173)	(92, 32.3787)	(93, 32.2222)	(94, 32.0475)	(95, 31.8696)	(96, 31.6178)	(97, 31.5316)	(98, 31.4884)	(99, 31.2511)	(100, 31.0176)	
HG02977	(1, 31.9226)	(2, 32.219)	(3, 32.3018)	(4, 35.9117)	(5, 35.7542)	(6, 35.7472)	(7, 35.7309)	(8, 35.722)	(9, 37.3551)	(10, 37.3407)	(11, 37.3357)	(12, 37.3162)	(13, 37.2955)	(14, 38.5997)	(15, 38.5853)	(16, 38.5557)	(17, 38.5335)	(18, 38.5006)	(19, 38.5432)	(20, 38.5164)	(21, 38.4822)	(22, 38.4353)	(23, 38.3888)	(24, 38.3798)	(25, 38.3277)	(26, 38.2494)	(27, 38.1831)	(28, 38.123)	(29, 38.0598)	(30, 38.0092)	(31, 37.9454)	(32, 37.873)	(33, 37.8121)	(34, 37.7496)	(35, 37.665)	(36, 37.6172)	(37, 37.5705)	(38, 37.4951)	(39, 37.409)	(40, 37.3616)	(41, 37.4701)	(42, 37.4863)	(43, 37.4889)	(44, 37.4558)	(45, 37.4126)	(46, 37.5213)	(47, 37.531)	(48, 37.5211)	(49, 37.4869)	(50, 37.4408)	(51, 37.3634)	(52, 37.2914)	(53, 37.2043)	(54, 37.1355)	(55, 37.0467)	(56, 36.9598)	(57, 36.8586)	(58, 36.7638)	(59, 36.6619)	(60, 36.5412)	(61, 36.4224)	(62, 36.309)	(63, 36.1659)	(64, 36.0189)	(65, 35.8889)	(66, 35.7289)	(67, 35.5601)	(68, 35.389)	(69, 35.2175)	(70, 35.0573)	(71, 34.8831)	(72, 34.7032)	(73, 34.5237)	(74, 34.3384)	(75, 34.1572)	(76, 33.0787)	(77, 33.4844)	(78, 33.673)	(79, 33.6694)	(80, 33.5691)	(81, 33.4305)	(82, 33.2814)	(83, 33.129)	(84, 32.9719)	(85, 32.8196)	(86, 32.6743)	(87, 32.527)	(88, 32.3497)	(89, 32.2098)	(90, 32.0823)	(91, 31.9555)	(92, 31.8325)	(93, 31.693)	(94, 31.5491)	(95, 31.3904)	(96, 31.236)	(97, 31.0777)	(98, 30.8867)	(99, 30.7135)	(100, 30.5047)	
HG02981	(1, 32.2451)	(2, 32.5238)	(3, 32.5855)	(4, 36.1599)	(5, 36.0892)	(6, 36.1106)	(7, 36.1099)	(8, 36.1004)	(9, 37.8303)	(10, 37.8073)	(11, 37.7767)	(12, 37.7798)	(13, 37.7767)	(14, 39.1996)	(15, 39.1664)	(16, 39.133)	(17, 39.0922)	(18, 39.0605)	(19, 39.0783)	(20, 39.0452)	(21, 38.9709)	(22, 38.9224)	(23, 38.8506)	(24, 38.8132)	(25, 38.7439)	(26, 38.6715)	(27, 38.5853)	(28, 38.5002)	(29, 38.7089)	(30, 38.7572)	(31, 38.7484)	(32, 38.7316)	(33, 38.688)	(34, 38.66)	(35, 38.6099)	(36, 38.5645)	(37, 38.4991)	(38, 38.4541)	(39, 38.3831)	(40, 38.3365)	(41, 38.2642)	(42, 38.2045)	(43, 38.1301)	(44, 38.2379)	(45, 38.2644)	(46, 38.2555)	(47, 38.2078)	(48, 38.1473)	(49, 38.1032)	(50, 38.0411)	(51, 37.9653)	(52, 37.889)	(53, 37.7808)	(54, 37.6905)	(55, 37.5764)	(56, 37.4884)	(57, 37.3595)	(58, 37.2374)	(59, 37.1225)	(60, 37.0183)	(61, 36.87)	(62, 36.7309)	(63, 36.5637)	(64, 36.4189)	(65, 36.2429)	(66, 36.0773)	(67, 35.8925)	(68, 35.7208)	(69, 35.5119)	(70, 35.3015)	(71, 35.1083)	(72, 34.9043)	(73, 34.7108)	(74, 34.494)	(75, 34.266)	(76, 33.0719)	(77, 33.505)	(78, 33.7119)	(79, 33.6911)	(80, 33.5676)	(81, 33.3916)	(82, 33.2325)	(83, 33.0389)	(84, 32.8529)	(85, 32.6522)	(86, 32.4767)	(87, 32.2865)	(88, 32.1203)	(89, 31.9354)	(90, 31.7636)	(91, 31.5603)	(92, 31.3769)	(93, 31.1781)	(94, 31.0019)	(95, 30.7986)	(96, 30.5652)	(97, 30.3021)	(98, 30.001)	(99, 29.6049)	(100, 29.038)	
HG02982	(1, 32.5478)	(2, 32.805)	(3, 32.8709)	(4, 36.3455)	(5, 36.2574)	(6, 36.2708)	(7, 36.2728)	(8, 36.2624)	(9, 37.9994)	(10, 38.0174)	(11, 37.9942)	(12, 38.0111)	(13, 38.0262)	(14, 39.4913)	(15, 39.4075)	(16, 39.3322)	(17, 39.3283)	(18, 39.291)	(19, 39.3162)	(20, 39.2398)	(21, 39.2678)	(22, 39.2278)	(23, 39.1245)	(24, 39.0503)	(25, 39.025)	(26, 38.9749)	(27, 38.9017)	(28, 38.7923)	(29, 38.9526)	(30, 38.9912)	(31, 38.9545)	(32, 38.894)	(33, 38.8437)	(34, 38.861)	(35, 38.8073)	(36, 38.6353)	(37, 38.5675)	(38, 38.5602)	(39, 38.5581)	(40, 38.5116)	(41, 38.3902)	(42, 38.3579)	(43, 38.2641)	(44, 38.461)	(45, 38.508)	(46, 38.5739)	(47, 38.5058)	(48, 38.4503)	(49, 38.4132)	(50, 38.3247)	(51, 38.2636)	(52, 38.1884)	(53, 38.0977)	(54, 37.9233)	(55, 37.7394)	(56, 37.775)	(57, 37.6671)	(58, 37.4695)	(59, 37.3884)	(60, 37.2378)	(61, 37.0793)	(62, 36.9455)	(63, 36.7274)	(64, 36.5522)	(65, 36.3833)	(66, 36.241)	(67, 36.0656)	(68, 35.9699)	(69, 35.7591)	(70, 35.5479)	(71, 35.3602)	(72, 35.0827)	(73, 34.9132)	(74, 34.6479)	(75, 34.4261)	(76, 33.1036)	(77, 33.6682)	(78, 33.9136)	(79, 33.7361)	(80, 33.673)	(81, 33.5442)	(82, 33.3063)	(83, 33.1324)	(84, 32.9656)	(85, 32.8563)	(86, 32.6839)	(87, 32.5192)	(88, 32.311)	(89, 32.0978)	(90, 31.9282)	(91, 31.7841)	(92, 31.6744)	(93, 31.4716)	(94, 31.2498)	(95, 31.0323)	(96, 30.7848)	(97, 30.4742)	(98, 30.2307)	(99, 29.8582)	(100, 29.3732)	
HG03139	(1, 31.6137)	(2, 31.9225)	(3, 32.006)	(4, 35.6817)	(5, 35.5691)	(6, 35.5653)	(7, 35.5409)	(8, 35.5021)	(9, 37.0595)	(10, 37.0162)	(11, 37.0144)	(12, 36.9976)	(13, 36.9845)	(14, 38.1894)	(15, 38.1575)	(16, 38.1097)	(17, 38.0966)	(18, 38.0739)	(19, 38.1159)	(20, 38.085)	(21, 38.0412)	(22, 37.996)	(23, 37.9514)	(24, 37.8903)	(25, 37.8598)	(26, 37.8435)	(27, 37.8169)	(28, 37.7984)	(29, 37.7875)	(30, 37.7125)	(31, 37.6459)	(32, 37.6161)	(33, 37.5521)	(34, 37.5227)	(35, 37.417)	(36, 37.3734)	(37, 37.3349)	(38, 37.2571)	(39, 37.2122)	(40, 37.2864)	(41, 37.3066)	(42, 37.3185)	(43, 37.3005)	(44, 37.263)	(45, 37.183)	(46, 37.1438)	(47, 37.1002)	(48, 37.0108)	(49, 36.9684)	(50, 36.8779)	(51, 36.7719)	(52, 36.6854)	(53, 36.5993)	(54, 36.5159)	(55, 36.4386)	(56, 36.3311)	(57, 36.2276)	(58, 36.1204)	(59, 35.9903)	(60, 35.8819)	(61, 35.7649)	(62, 35.6)	(63, 35.4823)	(64, 35.3058)	(65, 35.1456)	(66, 35.0141)	(67, 34.8698)	(68, 34.694)	(69, 34.4991)	(70, 34.3186)	(71, 34.1543)	(72, 33.952)	(73, 33.7614)	(74, 33.5171)	(75, 33.3145)	(76, 31.4668)	(77, 32.2639)	(78, 32.7268)	(79, 32.8285)	(80, 32.8059)	(81, 32.7079)	(82, 32.5719)	(83, 32.3927)	(84, 32.1972)	(85, 31.995)	(86, 31.8459)	(87, 31.6681)	(88, 31.4951)	(89, 31.3518)	(90, 31.1832)	(91, 30.9923)	(92, 30.8256)	(93, 30.6558)	(94, 30.4658)	(95, 30.2477)	(96, 30.0276)	(97, 29.7886)	(98, 29.4584)	(99, 29.1637)	(100, 28.835)	
HG03157	(1, 31.6336)	(2, 31.946)	(3, 32.0285)	(4, 35.7034)	(5, 35.5946)	(6, 35.5916)	(7, 35.5671)	(8, 35.5292)	(9, 37.0924)	(10, 37.0487)	(11, 37.0464)	(12, 37.0285)	(13, 37.016)	(14, 38.2252)	(15, 38.1916)	(16, 38.1428)	(17, 38.1293)	(18, 38.1074)	(19, 38.1476)	(20, 38.1171)	(21, 38.0723)	(22, 38.025)	(23, 37.9816)	(24, 37.9196)	(25, 37.887)	(26, 37.8768)	(27, 37.8519)	(28, 37.8326)	(29, 37.8219)	(30, 37.7476)	(31, 37.6804)	(32, 37.6515)	(33, 37.5894)	(34, 37.5576)	(35, 37.4506)	(36, 37.4048)	(37, 37.3679)	(38, 37.2901)	(39, 37.2412)	(40, 37.3113)	(41, 37.3315)	(42, 37.3413)	(43, 37.3227)	(44, 37.2867)	(45, 37.2064)	(46, 37.1647)	(47, 37.1212)	(48, 37.0291)	(49, 36.9891)	(50, 36.8965)	(51, 36.7899)	(52, 36.7017)	(53, 36.6178)	(54, 36.5303)	(55, 36.4527)	(56, 36.345)	(57, 36.2417)	(58, 36.1314)	(59, 36.0033)	(60, 35.8937)	(61, 35.7755)	(62, 35.6116)	(63, 35.4905)	(64, 35.313)	(65, 35.1536)	(66, 35.0202)	(67, 34.8756)	(68, 34.6957)	(69, 34.5001)	(70, 34.319)	(71, 34.1526)	(72, 33.9482)	(73, 33.757)	(74, 33.5121)	(75, 33.3083)	(76, 31.4808)	(77, 32.2778)	(78, 32.7378)	(79, 32.8391)	(80, 32.8151)	(81, 32.7151)	(82, 32.5752)	(83, 32.3926)	(84, 32.1931)	(85, 31.9883)	(86, 31.8349)	(87, 31.6547)	(88, 31.4777)	(89, 31.3308)	(90, 31.1572)	(91, 30.9613)	(92, 30.7893)	(93, 30.615)	(94, 30.4194)	(95, 30.1968)	(96, 29.9692)	(97, 29.7211)	(98, 29.3825)	(99, 29.0781)	(100, 28.7339)	
HG03267	(1, 31.9081)	(2, 32.2015)	(3, 32.2886)	(4, 35.8966)	(5, 35.7571)	(6, 35.7374)	(7, 35.717)	(8, 35.7036)	(9, 37.3335)	(10, 37.3236)	(11, 37.3081)	(12, 37.3035)	(13, 37.2808)	(14, 38.5779)	(15, 38.5591)	(16, 38.536)	(17, 38.5203)	(18, 38.4688)	(19, 38.5093)	(20, 38.4846)	(21, 38.3939)	(22, 38.3922)	(23, 38.3079)	(24, 38.3202)	(25, 38.2882)	(26, 38.1206)	(27, 38.1267)	(28, 38.08)	(29, 38.0267)	(30, 37.9679)	(31, 37.856)	(32, 37.8275)	(33, 37.7753)	(34, 37.7136)	(35, 37.6601)	(36, 37.5933)	(37, 37.5396)	(38, 37.474)	(39, 37.4278)	(40, 37.3501)	(41, 37.4562)	(42, 37.4666)	(43, 37.4689)	(44, 37.4307)	(45, 37.3777)	(46, 37.4738)	(47, 37.4899)	(48, 37.4899)	(49, 37.4598)	(50, 37.4052)	(51, 37.3263)	(52, 37.2456)	(53, 37.1698)	(54, 37.0916)	(55, 37.0228)	(56, 36.9249)	(57, 36.8213)	(58, 36.7081)	(59, 36.6135)	(60, 36.5214)	(61, 36.3983)	(62, 36.2682)	(63, 36.1087)	(64, 35.968)	(65, 35.8444)	(66, 35.6834)	(67, 35.5245)	(68, 35.3581)	(69, 35.19)	(70, 35.0251)	(71, 34.8471)	(72, 34.673)	(73, 34.4991)	(74, 34.3176)	(75, 34.1194)	(76, 33.0496)	(77, 33.4587)	(78, 33.6499)	(79, 33.6452)	(80, 33.5524)	(81, 33.4105)	(82, 33.2595)	(83, 33.1)	(84, 32.9507)	(85, 32.8033)	(86, 32.6482)	(87, 32.4972)	(88, 32.3436)	(89, 32.1885)	(90, 32.0356)	(91, 31.8977)	(92, 31.7589)	(93, 31.6354)	(94, 31.4602)	(95, 31.3247)	(96, 31.1879)	(97, 31.0296)	(98, 30.8566)	(99, 30.6588)	(100, 30.4326)	
HG03603	(1, 32.1079)	(2, 32.3797)	(3, 32.4289)	(4, 35.9785)	(5, 35.8993)	(6, 35.889)	(7, 35.8721)	(8, 35.8458)	(9, 37.5156)	(10, 37.4986)	(11, 37.5014)	(12, 37.4714)	(13, 37.468)	(14, 38.8141)	(15, 38.8152)	(16, 38.7858)	(17, 38.7666)	(18, 38.7537)	(19, 38.8274)	(20, 38.7911)	(21, 38.7278)	(22, 38.6819)	(23, 38.684)	(24, 38.6901)	(25, 38.6327)	(26, 38.5684)	(27, 38.502)	(28, 38.4634)	(29, 38.4349)	(30, 38.3709)	(31, 38.3401)	(32, 38.2898)	(33, 38.2539)	(34, 38.1882)	(35, 38.1267)	(36, 38.2088)	(37, 38.1991)	(38, 38.2087)	(39, 38.1799)	(40, 38.1317)	(41, 38.0903)	(42, 38.073)	(43, 38.0252)	(44, 37.9766)	(45, 37.9037)	(46, 37.8655)	(47, 37.7933)	(48, 37.7383)	(49, 37.8359)	(50, 37.8453)	(51, 37.8371)	(52, 37.806)	(53, 37.7307)	(54, 37.6867)	(55, 37.6116)	(56, 37.5208)	(57, 37.4492)	(58, 37.3434)	(59, 37.2561)	(60, 37.1372)	(61, 37.0355)	(62, 36.9174)	(63, 36.7805)	(64, 36.6472)	(65, 36.4841)	(66, 36.3453)	(67, 36.2274)	(68, 36.0707)	(69, 35.8995)	(70, 35.7351)	(71, 35.5417)	(72, 35.3861)	(73, 35.2132)	(74, 35.0444)	(75, 34.8702)	(76, 33.4271)	(77, 33.9728)	(78, 34.2446)	(79, 34.2289)	(80, 34.1436)	(81, 33.953)	(82, 33.6683)	(83, 33.5094)	(84, 33.3394)	(85, 33.2057)	(86, 33.0659)	(87, 32.9881)	(88, 32.8664)	(89, 32.7648)	(90, 32.6416)	(91, 32.529)	(92, 32.433)	(93, 32.2841)	(94, 32.1567)	(95, 32.0541)	(96, 31.9703)	(97, 31.903)	(98, 31.7808)	(99, 31.6334)	(100, 31.4749)	
HG03672	(1, 32.2037)	(2, 32.5113)	(3, 32.6158)	(4, 36.1585)	(5, 36.0657)	(6, 36.0536)	(7, 36.039)	(8, 36.0249)	(9, 37.7314)	(10, 37.7089)	(11, 37.702)	(12, 37.7102)	(13, 37.6959)	(14, 39.1209)	(15, 39.093)	(16, 39.0712)	(17, 39.0419)	(18, 39.0228)	(19, 39.0391)	(20, 39.0262)	(21, 38.9959)	(22, 38.9763)	(23, 38.9329)	(24, 38.9105)	(25, 38.8439)	(26, 38.7916)	(27, 38.7305)	(28, 38.6727)	(29, 38.6202)	(30, 38.5607)	(31, 38.4944)	(32, 38.4421)	(33, 38.3766)	(34, 38.3106)	(35, 38.2284)	(36, 38.1515)	(37, 38.0531)	(38, 38.2053)	(39, 38.1977)	(40, 38.1754)	(41, 38.1421)	(42, 38.0813)	(43, 38.0157)	(44, 37.971)	(45, 37.9037)	(46, 37.8298)	(47, 37.7486)	(48, 37.8561)	(49, 37.8946)	(50, 37.8961)	(51, 37.8422)	(52, 37.7605)	(53, 37.7004)	(54, 37.631)	(55, 37.5295)	(56, 37.419)	(57, 37.3145)	(58, 37.2008)	(59, 37.0761)	(60, 36.9516)	(61, 36.8073)	(62, 36.6449)	(63, 36.5083)	(64, 36.3535)	(65, 36.1883)	(66, 36.0295)	(67, 35.8779)	(68, 35.721)	(69, 35.5399)	(70, 35.356)	(71, 35.1593)	(72, 34.9833)	(73, 34.7522)	(74, 34.5382)	(75, 34.3207)	(76, 32.5154)	(77, 33.3916)	(78, 33.8336)	(79, 33.9083)	(80, 33.8487)	(81, 33.6953)	(82, 33.5043)	(83, 33.3324)	(84, 33.1629)	(85, 32.985)	(86, 32.7697)	(87, 32.5727)	(88, 32.4434)	(89, 32.277)	(90, 32.1006)	(91, 31.9471)	(92, 31.8223)	(93, 31.6463)	(94, 31.4599)	(95, 31.2606)	(96, 31.0485)	(97, 30.7927)	(98, 30.5345)	(99, 30.2838)	(100, 29.9601)	
HG03723	(1, 31.9804)	(2, 32.2906)	(3, 32.3896)	(4, 35.9927)	(5, 35.8803)	(6, 35.8628)	(7, 35.8501)	(8, 35.8425)	(9, 37.4967)	(10, 37.4769)	(11, 37.4641)	(12, 37.4415)	(13, 37.4322)	(14, 38.7625)	(15, 38.7351)	(16, 38.7083)	(17, 38.6739)	(18, 38.6484)	(19, 38.6897)	(20, 38.643)	(21, 38.6035)	(22, 38.5783)	(23, 38.5242)	(24, 38.4986)	(25, 38.4506)	(26, 38.366)	(27, 38.2775)	(28, 38.2329)	(29, 38.1565)	(30, 38.0845)	(31, 38.0116)	(32, 37.9223)	(33, 37.8329)	(34, 37.7627)	(35, 37.6777)	(36, 37.5925)	(37, 37.494)	(38, 37.6593)	(39, 37.6744)	(40, 37.6523)	(41, 37.5882)	(42, 37.5554)	(43, 37.4926)	(44, 37.4011)	(45, 37.3615)	(46, 37.2737)	(47, 37.1866)	(48, 37.3095)	(49, 37.3556)	(50, 37.3545)	(51, 37.3118)	(52, 37.2519)	(53, 37.1626)	(54, 37.0622)	(55, 36.9289)	(56, 36.8165)	(57, 36.7085)	(58, 36.6072)	(59, 36.4761)	(60, 36.3234)	(61, 36.2044)	(62, 36.0437)	(63, 35.8787)	(64, 35.6967)	(65, 35.5312)	(66, 35.3874)	(67, 35.2238)	(68, 35.0403)	(69, 34.8235)	(70, 34.6363)	(71, 34.4329)	(72, 34.2295)	(73, 33.9907)	(74, 33.7777)	(75, 33.5394)	(76, 31.7944)	(77, 32.6795)	(78, 33.1458)	(79, 33.2439)	(80, 33.1654)	(81, 32.9992)	(82, 32.7996)	(83, 32.5938)	(84, 32.3806)	(85, 32.1964)	(86, 32.0008)	(87, 31.7981)	(88, 31.6095)	(89, 31.3959)	(90, 31.181)	(91, 30.9844)	(92, 30.7879)	(93, 30.5889)	(94, 30.3666)	(95, 30.1138)	(96, 29.8596)	(97, 29.5671)	(98, 29.2195)	(99, 28.8647)	(100, 28.3834)	
HG03790	(1, 31.9587)	(2, 32.2038)	(3, 32.3377)	(4, 35.9466)	(5, 35.8016)	(6, 35.7817)	(7, 35.7852)	(8, 35.7738)	(9, 37.4169)	(10, 37.4025)	(11, 37.3973)	(12, 37.3781)	(13, 37.3618)	(14, 38.6587)	(15, 38.6448)	(16, 38.6139)	(17, 38.5933)	(18, 38.5683)	(19, 38.6084)	(20, 38.5894)	(21, 38.5683)	(22, 38.5288)	(23, 38.4865)	(24, 38.4625)	(25, 38.4221)	(26, 38.3434)	(27, 38.2857)	(28, 38.2366)	(29, 38.1896)	(30, 38.1404)	(31, 38.0953)	(32, 38.0131)	(33, 37.944)	(34, 37.8694)	(35, 37.8043)	(36, 37.7259)	(37, 37.6706)	(38, 37.5974)	(39, 37.5434)	(40, 37.4677)	(41, 37.2891)	(42, 37.2622)	(43, 37.1735)	(44, 37.3143)	(45, 37.3142)	(46, 37.2498)	(47, 37.226)	(48, 37.1683)	(49, 37.1229)	(50, 37.0331)	(51, 37.1511)	(52, 37.2207)	(53, 37.216)	(54, 37.183)	(55, 37.1211)	(56, 36.8658)	(57, 36.8035)	(58, 36.7739)	(59, 36.6791)	(60, 36.4675)	(61, 36.4329)	(62, 36.3452)	(63, 36.2415)	(64, 36.1218)	(65, 35.9097)	(66, 35.7933)	(67, 35.6631)	(68, 35.5194)	(69, 35.3438)	(70, 35.1744)	(71, 34.9954)	(72, 34.8581)	(73, 34.6506)	(74, 34.4408)	(75, 34.2284)	(76, 33.6491)	(77, 33.757)	(78, 33.7278)	(79, 33.6231)	(80, 33.4703)	(81, 33.3092)	(82, 33.1484)	(83, 32.9947)	(84, 32.8216)	(85, 32.6579)	(86, 32.5488)	(87, 32.4521)	(88, 32.3287)	(89, 32.1785)	(90, 31.9248)	(91, 31.7491)	(92, 31.6092)	(93, 31.4906)	(94, 31.3482)	(95, 31.1914)	(96, 31.0147)	(97, 30.8049)	(98, 30.6128)	(99, 30.3948)	(100, 30.1488)	
HG03814	(1, 31.8535)	(2, 32.1344)	(3, 32.2319)	(4, 35.8535)	(5, 35.7246)	(6, 35.7188)	(7, 35.7045)	(8, 35.6837)	(9, 37.3247)	(10, 37.3209)	(11, 37.313)	(12, 37.3062)	(13, 37.271)	(14, 38.543)	(15, 38.5482)	(16, 38.52)	(17, 38.4934)	(18, 38.4757)	(19, 38.5108)	(20, 38.466)	(21, 38.4249)	(22, 38.4016)	(23, 38.3689)	(24, 38.3391)	(25, 38.3085)	(26, 38.2337)	(27, 38.1974)	(28, 38.1337)	(29, 38.0778)	(30, 38.0099)	(31, 37.9683)	(32, 37.9168)	(33, 37.8509)	(34, 37.8177)	(35, 37.7499)	(36, 37.6916)	(37, 37.6123)	(38, 37.5738)	(39, 37.5096)	(40, 37.4433)	(41, 37.374)	(42, 37.5206)	(43, 37.5263)	(44, 37.5113)	(45, 37.4711)	(46, 37.4307)	(47, 37.3767)	(48, 37.3199)	(49, 37.2692)	(50, 37.1759)	(51, 37.0779)	(52, 36.9776)	(53, 37.0854)	(54, 37.1062)	(55, 37.1204)	(56, 37.0865)	(57, 37.0257)	(58, 36.9357)	(59, 36.8387)	(60, 36.724)	(61, 36.6188)	(62, 36.5016)	(63, 36.3672)	(64, 36.2445)	(65, 36.098)	(66, 35.9418)	(67, 35.7979)	(68, 35.636)	(69, 35.4822)	(70, 35.3295)	(71, 35.1767)	(72, 35.0115)	(73, 34.8321)	(74, 34.6441)	(75, 34.4613)	(76, 31.7834)	(77, 32.9399)	(78, 33.6168)	(79, 33.8024)	(80, 33.7936)	(81, 33.6942)	(82, 33.5551)	(83, 33.414)	(84, 33.2774)	(85, 33.1229)	(86, 32.986)	(87, 32.8445)	(88, 32.7015)	(89, 32.5874)	(90, 32.4705)	(91, 32.3483)	(92, 32.2247)	(93, 32.0872)	(94, 31.9454)	(95, 31.7904)	(96, 31.6461)	(97, 31.4478)	(98, 31.2679)	(99, 31.0961)	(100, 30.9191)	
NA06989	(1, 37.9601)	(2, 37.7996)	(3, 37.8376)	(4, 37.8389)	(5, 37.8234)	(6, 37.8342)	(7, 37.772)	(8, 37.6955)	(9, 37.719)	(10, 37.6687)	(11, 37.7022)	(12, 37.6115)	(13, 37.565)	(14, 37.5397)	(15, 37.4968)	(16, 37.447)	(17, 37.4145)	(18, 37.3407)	(19, 37.264)	(20, 37.232)	(21, 37.1009)	(22, 37.0289)	(23, 37.0543)	(24, 37.0755)	(25, 37.0202)	(26, 37.0822)	(27, 36.9535)	(28, 36.9556)	(29, 36.835)	(30, 36.7838)	(31, 36.6937)	(32, 36.6592)	(33, 36.4949)	(34, 36.4199)	(35, 36.3695)	(36, 36.3444)	(37, 36.1333)	(38, 36.1423)	(39, 35.9935)	(40, 35.9803)	(41, 35.8931)	(42, 35.565)	(43, 35.4552)	(44, 35.4987)	(45, 35.4143)	(46, 35.2086)	(47, 35.0632)	(48, 34.9494)	(49, 34.7299)	(50, 34.5451)	(51, 34.2627)	(52, 33.8797)	(53, 33.7162)	(54, 33.5787)	(55, 33.2443)	(56, 32.9031)	(57, 32.5851)	(58, 32.3133)	(59, 32.1112)	(60, 31.8112)	(61, 31.3288)	(62, 30.9339)	(63, 30.6551)	(64, 30.3924)	(65, 30.1403)	(66, 29.5422)	(67, 29.1806)	(68, 28.9156)	(69, 28.4455)	(70, 27.908)	(71, 26.736)	(72, 26.3445)	(73, 25.7094)	(74, 25.6731)	(75, 25.3872)	(76, 26.6594)																									
NA18488	(1, 37.6299)	(2, 36.1709)	(3, 36.1176)	(4, 36.0298)	(5, 35.9374)	(6, 36.3212)	(7, 36.3057)	(8, 36.3539)	(9, 36.3672)	(10, 36.4005)	(11, 36.6524)	(12, 36.6115)	(13, 36.5771)	(14, 36.5401)	(15, 36.5084)	(16, 36.4033)	(17, 36.3436)	(18, 36.681)	(19, 36.6571)	(20, 36.9702)	(21, 37.1157)	(22, 37.0853)	(23, 37.0731)	(24, 37.0658)	(25, 37.0351)	(26, 37.0547)	(27, 37.001)	(28, 36.9615)	(29, 36.9416)	(30, 36.9196)	(31, 36.8666)	(32, 36.8021)	(33, 36.7534)	(34, 36.7126)	(35, 36.6913)	(36, 36.6324)	(37, 36.5292)	(38, 36.4537)	(39, 36.4016)	(40, 36.3567)	(41, 36.2503)	(42, 36.1164)	(43, 36.0488)	(44, 35.97)	(45, 35.9067)	(46, 35.8001)	(47, 35.6488)	(48, 35.4888)	(49, 35.3626)	(50, 35.1501)	(51, 34.847)	(52, 34.6153)	(53, 34.4223)	(54, 34.2048)	(55, 34.0115)	(56, 33.5867)	(57, 33.3258)	(58, 33.0456)	(59, 32.8235)	(60, 32.527)	(61, 31.985)	(62, 31.6132)	(63, 31.3312)	(64, 31.0271)	(65, 30.6196)	(66, 29.9612)	(67, 29.5649)	(68, 29.4628)	(69, 29.0806)	(70, 28.4624)	(71, 26.7114)	(72, 26.2897)	(73, 25.9336)	(74, 25.51)	(75, 24.7359)	(76, 20.5596)																									
NA18498	(1, 38.3493)	(2, 38.2392)	(3, 38.2613)	(4, 38.2205)	(5, 38.2063)	(6, 38.1889)	(7, 38.1333)	(8, 38.0967)	(9, 38.0327)	(10, 37.96)	(11, 38.0301)	(12, 37.989)	(13, 37.9418)	(14, 37.8762)	(15, 37.8331)	(16, 37.7835)	(17, 37.7132)	(18, 37.6584)	(19, 37.6033)	(20, 37.555)	(21, 37.5433)	(22, 37.4326)	(23, 37.3593)	(24, 37.2988)	(25, 37.2311)	(26, 37.0787)	(27, 36.9835)	(28, 36.8871)	(29, 36.804)	(30, 36.689)	(31, 36.5457)	(32, 36.3883)	(33, 36.2711)	(34, 36.1159)	(35, 36.0338)	(36, 35.7928)	(37, 35.5724)	(38, 35.3939)	(39, 35.2518)	(40, 35.0578)	(41, 34.8034)	(42, 34.8999)	(43, 34.7616)	(44, 34.5957)	(45, 34.4885)	(46, 34.214)	(47, 33.9061)	(48, 33.6041)	(49, 33.3861)	(50, 32.9882)	(51, 32.3038)	(52, 31.8514)	(53, 31.6179)	(54, 31.2425)	(55, 30.7882)	(56, 29.885)	(57, 29.4886)	(58, 28.9813)	(59, 28.5094)	(60, 27.9815)	(61, 26.9382)	(62, 26.4607)	(63, 26.053)	(64, 25.7805)	(65, 24.9928)	(66, 23.4531)	(67, 22.9085)	(68, 22.3747)	(69, 21.6719)	(70, 20.622)	(71, 17.054)	(72, 16.5662)	(73, 16.1019)	(74, 15.5378)	(75, 14.3157)	(76, 11.713)																									
NA18499	(1, 38.3669)	(2, 38.2056)	(3, 38.1826)	(4, 38.2143)	(5, 38.1929)	(6, 38.2446)	(7, 38.1979)	(8, 38.1774)	(9, 38.1553)	(10, 38.1118)	(11, 38.0693)	(12, 38.0594)	(13, 38.0198)	(14, 37.9789)	(15, 37.9238)	(16, 37.8433)	(17, 37.8156)	(18, 37.7005)	(19, 37.6222)	(20, 37.6773)	(21, 37.7003)	(22, 37.6507)	(23, 37.5724)	(24, 37.5214)	(25, 37.4904)	(26, 37.4517)	(27, 37.382)	(28, 37.3263)	(29, 37.2801)	(30, 37.2331)	(31, 37.0797)	(32, 37.0786)	(33, 36.924)	(34, 36.823)	(35, 36.7748)	(36, 36.6849)	(37, 36.6401)	(38, 36.4384)	(39, 36.3515)	(40, 36.2767)	(41, 36.1769)	(42, 36.0141)	(43, 35.8197)	(44, 35.5972)	(45, 35.5654)	(46, 35.4813)	(47, 35.0738)	(48, 34.9464)	(49, 34.7249)	(50, 34.5133)	(51, 34.197)	(52, 33.8869)	(53, 33.5265)	(54, 33.3002)	(55, 33.0334)	(56, 32.3469)	(57, 32.2678)	(58, 31.6703)	(59, 31.2932)	(60, 30.9541)	(61, 30.549)	(62, 30.1653)	(63, 29.6944)	(64, 29.23)	(65, 28.7379)	(66, 28.2266)	(67, 27.7032)	(68, 27.3533)	(69, 26.7579)	(70, 26.1554)	(71, 25.0705)	(72, 24.6065)	(73, 24.3365)	(74, 24.0246)	(75, 23.7081)	(76, 23.2384)																									
NA18530	(1, 37.7402)	(2, 37.5922)	(3, 37.5753)	(4, 37.5581)	(5, 37.473)	(6, 37.515)	(7, 37.4733)	(8, 37.4195)	(9, 37.4148)	(10, 37.3683)	(11, 37.297)	(12, 37.2777)	(13, 37.2536)	(14, 37.2052)	(15, 37.1752)	(16, 37.1401)	(17, 37.0824)	(18, 37.0386)	(19, 37.027)	(20, 36.9746)	(21, 36.9452)	(22, 36.8704)	(23, 36.8247)	(24, 36.7927)	(25, 36.7433)	(26, 36.6438)	(27, 36.5326)	(28, 36.5302)	(29, 36.4989)	(30, 36.6065)	(31, 36.7859)	(32, 36.7069)	(33, 36.6753)	(34, 36.6029)	(35, 36.5326)	(36, 36.5988)	(37, 36.505)	(38, 36.4578)	(39, 36.3964)	(40, 36.3801)	(41, 36.3856)	(42, 36.2889)	(43, 36.2038)	(44, 36.1351)	(45, 36.0975)	(46, 36.1012)	(47, 35.9535)	(48, 35.9039)	(49, 35.8431)	(50, 35.7789)	(51, 35.7911)	(52, 35.6674)	(53, 35.5519)	(54, 35.5031)	(55, 35.3917)	(56, 35.2762)	(57, 35.177)	(58, 35.0461)	(59, 34.9275)	(60, 34.7803)	(61, 34.5987)	(62, 34.4238)	(63, 34.3057)	(64, 34.1309)	(65, 34.0085)	(66, 33.8791)	(67, 33.6906)	(68, 33.4734)	(69, 33.3839)	(70, 33.1722)	(71, 32.8936)	(72, 32.6094)	(73, 32.4349)	(74, 32.2812)	(75, 32.0764)	(76, 33.1889)	(77, 33.0082)	(78, 32.8425)	(79, 32.6506)	(80, 32.4897)	(81, 32.6896)	(82, 32.4527)	(83, 32.2478)	(84, 32.0042)	(85, 31.8007)	(86, 31.3888)	(87, 31.0949)	(88, 30.8353)	(89, 30.5675)	(90, 30.4099)											
NA18946	(1, 32.1937)	(2, 32.5585)	(3, 32.6447)	(4, 36.1998)	(5, 36.0717)	(6, 36.0813)	(7, 36.1075)	(8, 36.0873)	(9, 37.8637)	(10, 37.7316)	(11, 37.7812)	(12, 37.7601)	(13, 37.781)	(14, 39.1646)	(15, 39.1391)	(16, 39.138)	(17, 39.0848)	(18, 39.0954)	(19, 39.0721)	(20, 39.0231)	(21, 38.9343)	(22, 38.979)	(23, 38.9141)	(24, 38.9417)	(25, 38.8537)	(26, 38.7458)	(27, 38.6274)	(28, 38.6333)	(29, 38.5619)	(30, 38.6991)	(31, 38.6806)	(32, 38.7441)	(33, 38.7416)	(34, 38.7176)	(35, 38.6696)	(36, 38.492)	(37, 38.5255)	(38, 38.4023)	(39, 38.3455)	(40, 38.098)	(41, 38.1852)	(42, 38.1499)	(43, 38.1259)	(44, 37.9683)	(45, 37.9527)	(46, 37.8779)	(47, 37.8349)	(48, 37.6925)	(49, 37.6394)	(50, 37.5783)	(51, 37.7585)	(52, 37.815)	(53, 37.7253)	(54, 37.6874)	(55, 37.6958)	(56, 37.5444)	(57, 37.4758)	(58, 37.3753)	(59, 37.2426)	(60, 37.0382)	(61, 36.7532)	(62, 36.5293)	(63, 36.517)	(64, 36.3148)	(65, 36.0545)	(66, 35.8405)	(67, 35.839)	(68, 35.7804)	(69, 35.6443)	(70, 35.4578)	(71, 35.2617)	(72, 35.0281)	(73, 34.6421)	(74, 34.5026)	(75, 34.2782)	(76, 31.4875)	(77, 32.8295)	(78, 33.531)	(79, 33.7753)	(80, 33.6353)	(81, 33.5884)	(82, 33.24)	(83, 33.1366)	(84, 32.6912)	(85, 32.3447)	(86, 32.4839)	(87, 32.5202)	(88, 32.3853)	(89, 32.2875)	(90, 32.2416)	(91, 32.1187)	(92, 31.9216)	(93, 31.8117)	(94, 31.6413)	(95, 31.4884)	(96, 31.3126)	(97, 31.057)	(98, 30.7621)	(99, 30.1943)	(100, 29.6977)	(101, 26.5281)
NA19001	(1, 32.6624)	(2, 32.7499)	(3, 32.9179)	(4, 36.336)	(5, 36.2666)	(6, 36.2608)	(7, 36.1806)	(8, 36.2537)	(9, 38.0185)	(10, 38.0999)	(11, 38.0474)	(12, 38.011)	(13, 37.9634)	(14, 39.5504)	(15, 39.4358)	(16, 39.3568)	(17, 39.4159)	(18, 39.5156)	(19, 39.5643)	(20, 39.5567)	(21, 39.387)	(22, 39.4543)	(23, 39.3793)	(24, 39.4103)	(25, 39.3068)	(26, 39.292)	(27, 39.305)	(28, 39.2427)	(29, 39.2231)	(30, 39.2013)	(31, 39.125)	(32, 39.1315)	(33, 39.0827)	(34, 39.0839)	(35, 38.9594)	(36, 38.9185)	(37, 38.5935)	(38, 38.6614)	(39, 38.6963)	(40, 38.5969)	(41, 38.6116)	(42, 38.5518)	(43, 38.6101)	(44, 38.4628)	(45, 38.4598)	(46, 38.3651)	(47, 38.2863)	(48, 38.3277)	(49, 38.2818)	(50, 38.2382)	(51, 38.2294)	(52, 38.3886)	(53, 38.1774)	(54, 38.265)	(55, 38.1562)	(56, 38.0214)	(57, 37.9866)	(58, 38.0056)	(59, 37.8217)	(60, 37.7612)	(61, 37.6799)	(62, 37.6039)	(63, 37.4271)	(64, 37.203)	(65, 37.0555)	(66, 36.9975)	(67, 36.882)	(68, 36.7083)	(69, 36.5573)	(70, 36.3935)	(71, 36.138)	(72, 35.7789)	(73, 35.7084)	(74, 35.6572)	(75, 35.2416)	(76, 33.5074)	(77, 34.2736)	(78, 34.7342)	(79, 34.7225)	(80, 34.5957)	(81, 34.5563)	(82, 34.3882)	(83, 34.3195)	(84, 34.1467)	(85, 33.9633)	(86, 33.8999)	(87, 33.6341)	(88, 33.5054)	(89, 33.3697)	(90, 33.3275)	(91, 33.163)	(92, 33.0569)	(93, 33.02)	(94, 32.9635)	(95, 32.8916)	(96, 32.7076)	(97, 32.2757)	(98, 32.054)	(99, 32.0553)	(100, 31.6584)	(101, 30.9984)
NA19020	(1, 31.7562)	(2, 32.0526)	(3, 32.1757)	(4, 35.8255)	(5, 35.6764)	(6, 35.6643)	(7, 35.6807)	(8, 35.6605)	(9, 37.3484)	(10, 37.33)	(11, 37.2586)	(12, 37.2773)	(13, 37.1967)	(14, 38.4846)	(15, 38.4488)	(16, 38.3957)	(17, 38.3116)	(18, 38.2857)	(19, 38.4816)	(20, 38.4814)	(21, 38.4608)	(22, 38.4562)	(23, 38.4361)	(24, 38.4677)	(25, 38.411)	(26, 38.2929)	(27, 38.2856)	(28, 38.2553)	(29, 38.1994)	(30, 38.1164)	(31, 38.0683)	(32, 38.0238)	(33, 37.9255)	(34, 37.8753)	(35, 37.8221)	(36, 37.7719)	(37, 37.7331)	(38, 37.674)	(39, 37.6406)	(40, 37.6185)	(41, 37.5998)	(42, 37.5212)	(43, 37.4263)	(44, 37.3742)	(45, 37.3194)	(46, 37.219)	(47, 37.1458)	(48, 36.9572)	(49, 36.9009)	(50, 36.9345)	(51, 36.9697)	(52, 36.8626)	(53, 36.8409)	(54, 36.6789)	(55, 36.5845)	(56, 36.4801)	(57, 36.3785)	(58, 36.2704)	(59, 36.1931)	(60, 36.0441)	(61, 35.9526)	(62, 35.7808)	(63, 35.6265)	(64, 35.4271)	(65, 35.2296)	(66, 35.0706)	(67, 34.8957)	(68, 34.6853)	(69, 34.5109)	(70, 34.2736)	(71, 34.1207)	(72, 33.9025)	(73, 33.6978)	(74, 33.5228)	(75, 33.3518)	(76, 30.8318)	(77, 31.8557)	(78, 32.5622)	(79, 32.745)	(80, 32.7811)	(81, 32.7147)	(82, 32.5992)	(83, 32.4328)	(84, 32.3038)	(85, 32.158)	(86, 31.9411)	(87, 31.808)	(88, 31.6425)	(89, 31.4208)	(90, 31.2379)	(91, 31.0742)	(92, 30.8849)	(93, 30.6542)	(94, 30.4222)	(95, 30.2017)	(96, 29.9013)	(97, 29.5745)	(98, 29.1641)	(99, 28.7072)	(100, 27.6479)	(101, 20.6276)
NA19922	(1, 32.8562)	(2, 33.1109)	(3, 33.1748)	(4, 36.5192)	(5, 36.4495)	(6, 36.4369)	(7, 36.4097)	(8, 36.4031)	(9, 38.2278)	(10, 38.2097)	(11, 38.2065)	(12, 38.2036)	(13, 38.1872)	(14, 39.7555)	(15, 39.7265)	(16, 39.659)	(17, 39.6582)	(18, 39.6143)	(19, 39.6401)	(20, 39.5905)	(21, 39.6865)	(22, 39.6929)	(23, 39.6885)	(24, 39.6994)	(25, 39.6873)	(26, 39.6393)	(27, 39.5974)	(28, 39.5591)	(29, 39.5291)	(30, 39.5291)	(31, 39.3868)	(32, 39.2013)	(33, 39.2713)	(34, 39.3164)	(35, 39.3133)	(36, 39.3038)	(37, 39.2806)	(38, 39.2251)	(39, 39.1882)	(40, 39.1428)	(41, 39.0993)	(42, 39.0512)	(43, 39.0063)	(44, 38.9673)	(45, 39.0085)	(46, 38.9857)	(47, 38.965)	(48, 38.8986)	(49, 38.8965)	(50, 38.8366)	(51, 38.7906)	(52, 38.7469)	(53, 38.66)	(54, 38.5737)	(55, 38.504)	(56, 38.426)	(57, 38.3233)	(58, 38.2174)	(59, 38.105)	(60, 38.0071)	(61, 37.8795)	(62, 37.7409)	(63, 37.6144)	(64, 37.4673)	(65, 37.3158)	(66, 37.2089)	(67, 37.0717)	(68, 36.9082)	(69, 36.7238)	(70, 36.5422)	(71, 36.3684)	(72, 36.1542)	(73, 35.9729)	(74, 35.7801)	(75, 35.5936)	(76, 34.2305)	(77, 34.6998)	(78, 34.9122)	(79, 34.9393)	(80, 34.8474)	(81, 34.7117)	(82, 34.5683)	(83, 34.4096)	(84, 34.2539)	(85, 34.0638)	(86, 33.9342)	(87, 33.8243)	(88, 33.6937)	(89, 33.5919)	(90, 33.4644)	(91, 33.3305)	(92, 33.1731)	(93, 33.0238)	(94, 32.8933)	(95, 32.7483)	(96, 32.6014)	(97, 32.4452)	(98, 32.2421)	(99, 32.0143)	(100, 31.423)	(101, 26.4644)
NA20274	(1, 31.5165)	(2, 31.854)	(3, 31.987)	(4, 35.7072)	(5, 35.4948)	(6, 35.4801)	(7, 35.4055)	(8, 35.4144)	(9, 37.0029)	(10, 37.0051)	(11, 36.9543)	(12, 36.9536)	(13, 36.8977)	(14, 38.1316)	(15, 38.084)	(16, 38.0243)	(17, 38.023)	(18, 37.9646)	(19, 37.9517)	(20, 37.9574)	(21, 37.8955)	(22, 37.8253)	(23, 37.812)	(24, 37.8851)	(25, 37.8417)	(26, 37.7711)	(27, 37.7399)	(28, 37.7064)	(29, 37.6258)	(30, 37.5641)	(31, 37.5586)	(32, 37.5225)	(33, 37.4401)	(34, 37.3657)	(35, 37.3844)	(36, 37.3288)	(37, 37.2361)	(38, 37.1833)	(39, 37.1062)	(40, 37.0492)	(41, 36.9098)	(42, 36.8692)	(43, 36.7954)	(44, 36.7041)	(45, 36.6603)	(46, 36.5917)	(47, 36.7205)	(48, 36.7081)	(49, 36.7044)	(50, 36.7093)	(51, 36.6085)	(52, 36.5827)	(53, 36.4785)	(54, 36.3457)	(55, 36.2956)	(56, 36.1547)	(57, 36.0548)	(58, 35.9504)	(59, 35.8215)	(60, 35.7058)	(61, 35.6107)	(62, 35.408)	(63, 35.2993)	(64, 35.1647)	(65, 34.9958)	(66, 34.7771)	(67, 34.6387)	(68, 34.4515)	(69, 34.2745)	(70, 34.0458)	(71, 33.7967)	(72, 33.4836)	(73, 33.1906)	(74, 32.9405)	(75, 32.5113)	(76, 31.1479)	(77, 31.1512)	(78, 29.7537)	(79, 26.4645)	(80, 22.1403)	(81, 18.8397)	(82, 16.8847)	(83, 15.6381)	(84, 14.7222)	(85, 14.0676)	(86, 13.4768)	(87, 12.9848)	(88, 12.6224)	(89, 12.27)	(90, 11.9199)	(91, 11.6066)	(92, 11.2673)	(93, 11.0093)	(94, 10.7815)	(95, 10.5239)	(96, 10.2603)	(97, 9.97093)	(98, 9.66354)	(99, 9.35279)	(100, 8.96394)	
NA20342	(1, 39.4019)	(2, 39.3355)	(3, 39.3294)	(4, 39.3279)	(5, 39.3243)	(6, 39.3584)	(7, 39.3327)	(8, 39.322)	(9, 39.3091)	(10, 39.2962)	(11, 39.3045)	(12, 39.2853)	(13, 39.2693)	(14, 39.2557)	(15, 39.2415)	(16, 39.2158)	(17, 39.1866)	(18, 39.167)	(19, 39.1495)	(20, 39.1285)	(21, 38.9015)	(22, 39.0616)	(23, 39.0236)	(24, 38.9923)	(25, 38.969)	(26, 38.9268)	(27, 38.883)	(28, 38.8427)	(29, 38.8092)	(30, 38.7712)	(31, 38.7423)	(32, 38.6852)	(33, 38.6367)	(34, 38.5843)	(35, 38.5443)	(36, 38.9451)	(37, 38.9048)	(38, 38.8761)	(39, 38.8538)	(40, 38.8315)	(41, 38.8904)	(42, 38.8464)	(43, 38.8191)	(44, 38.7798)	(45, 38.7502)	(46, 38.7166)	(47, 38.6548)	(48, 38.6161)	(49, 38.5862)	(50, 38.5503)	(51, 38.5241)	(52, 38.4591)	(53, 38.4031)	(54, 38.3604)	(55, 38.3186)	(56, 38.2647)	(57, 38.1699)	(58, 38.1011)	(59, 38.0526)	(60, 38.0071)	(61, 37.9258)	(62, 37.8285)	(63, 37.7524)	(64, 37.6651)	(65, 37.5658)	(66, 37.4333)	(67, 37.3148)	(68, 37.2051)	(69, 37.1138)	(70, 36.9743)	(71, 36.7945)	(72, 36.6639)	(73, 36.5373)	(74, 36.4102)	(75, 36.2905)	(76, 36.0596)	(77, 35.8603)	(78, 35.7076)	(79, 35.5609)	(80, 35.3885)	(81, 35.2005)	(82, 35.0183)	(83, 34.8235)	(84, 34.6684)	(85, 34.4746)	(86, 34.1448)	(87, 33.9541)	(88, 33.7977)	(89, 33.6)	(90, 33.3799)	(91, 33.0366)	(92, 32.7656)	(93, 32.5907)	(94, 32.3754)	(95, 32.1728)	(96, 31.6809)	(97, 31.4297)	(98, 31.2462)	(99, 31.017)	(100, 30.8226)	
NA20351	(1, 32.7725)	(2, 33.0306)	(3, 33.1089)	(4, 36.4604)	(5, 36.3963)	(6, 36.3938)	(7, 36.3778)	(8, 36.3627)	(9, 38.1739)	(10, 38.1674)	(11, 38.155)	(12, 38.1235)	(13, 38.0823)	(14, 39.6161)	(15, 39.6043)	(16, 39.5692)	(17, 39.5437)	(18, 39.4855)	(19, 39.4944)	(20, 39.6183)	(21, 39.6275)	(22, 39.6239)	(23, 39.6002)	(24, 39.5891)	(25, 39.5754)	(26, 39.5209)	(27, 39.4807)	(28, 39.4453)	(29, 39.4211)	(30, 39.4203)	(31, 39.3291)	(32, 39.2298)	(33, 39.2337)	(34, 39.2241)	(35, 39.1966)	(36, 39.1926)	(37, 39.1428)	(38, 39.083)	(39, 39.0542)	(40, 38.9912)	(41, 38.95)	(42, 38.8842)	(43, 38.8627)	(44, 38.8162)	(45, 38.8631)	(46, 38.8563)	(47, 38.8216)	(48, 38.7623)	(49, 38.7343)	(50, 38.6674)	(51, 38.6344)	(52, 38.5771)	(53, 38.5008)	(54, 38.4297)	(55, 38.3561)	(56, 38.2554)	(57, 38.1421)	(58, 38.0481)	(59, 37.9185)	(60, 37.7917)	(61, 37.6746)	(62, 37.5421)	(63, 37.4182)	(64, 37.2671)	(65, 37.1293)	(66, 37.0131)	(67, 36.8538)	(68, 36.679)	(69, 36.4872)	(70, 36.2877)	(71, 36.1232)	(72, 35.9302)	(73, 35.7351)	(74, 35.5341)	(75, 35.4313)	(76, 33.9033)	(77, 34.4836)	(78, 34.7496)	(79, 34.7647)	(80, 34.6624)	(81, 34.5338)	(82, 34.3914)	(83, 34.2625)	(84, 34.1065)	(85, 33.9528)	(86, 33.8126)	(87, 33.6841)	(88, 33.5408)	(89, 33.4064)	(90, 33.2994)	(91, 33.1659)	(92, 33.015)	(93, 32.8758)	(94, 32.7382)	(95, 32.5987)	(96, 32.4285)	(97, 32.2761)	(98, 32.0608)	(99, 31.8148)	(100, 31.1587)	(101, 26.0275)
NA20355	(1, 31.5594)	(2, 31.8723)	(3, 31.9906)	(4, 35.6981)	(5, 35.4871)	(6, 35.5024)	(7, 35.463)	(8, 35.4657)	(9, 37.0127)	(10, 36.989)	(11, 36.9462)	(12, 36.9151)	(13, 36.9234)	(14, 38.0886)	(15, 38.0041)	(16, 37.9488)	(17, 37.9465)	(18, 37.8219)	(19, 37.9112)	(20, 37.8723)	(21, 37.8242)	(22, 37.6932)	(23, 37.6704)	(24, 37.8424)	(25, 37.8353)	(26, 37.6998)	(27, 37.7045)	(28, 37.6847)	(29, 37.6202)	(30, 37.5257)	(31, 37.507)	(32, 37.4571)	(33, 37.3744)	(34, 37.2707)	(35, 37.2974)	(36, 37.1981)	(37, 37.1257)	(38, 37.0048)	(39, 36.9945)	(40, 36.9356)	(41, 36.8824)	(42, 36.8071)	(43, 36.7038)	(44, 36.552)	(45, 36.5448)	(46, 36.4347)	(47, 36.5832)	(48, 36.5906)	(49, 36.6094)	(50, 36.4842)	(51, 36.4127)	(52, 36.3375)	(53, 36.2371)	(54, 36.1585)	(55, 36.0286)	(56, 35.9578)	(57, 35.8459)	(58, 35.761)	(59, 35.5749)	(60, 35.3822)	(61, 35.2621)	(62, 35.1415)	(63, 35.0396)	(64, 34.8134)	(65, 34.6576)	(66, 34.5258)	(67, 34.3033)	(68, 34.0691)	(69, 33.8358)	(70, 33.6425)	(71, 33.3874)	(72, 33.1589)	(73, 32.8727)	(74, 32.5475)	(75, 32.1204)	(76, 30.7018)	(77, 30.7175)	(78, 29.4417)	(79, 26.3728)	(80, 22.3138)	(81, 19.1854)	(82, 17.1432)	(83, 15.8388)	(84, 14.8575)	(85, 14.1762)	(86, 13.5966)	(87, 13.1121)	(88, 12.7183)	(89, 12.3665)	(90, 12.0169)	(91, 11.6886)	(92, 11.3471)	(93, 11.0129)	(94, 10.7224)	(95, 10.4515)	(96, 10.1493)	(97, 9.83761)	(98, 9.4941)	(99, 9.15571)	(100, 8.73741)	
NA20503	(1, 32.2644)	(2, 32.529)	(3, 32.6251)	(4, 36.1349)	(5, 36.0342)	(6, 36.0357)	(7, 36.0155)	(8, 35.9874)	(9, 37.6598)	(10, 37.6044)	(11, 37.6046)	(12, 37.6233)	(13, 37.6286)	(14, 39.0835)	(15, 39.0915)	(16, 39.0907)	(17, 39.0837)	(18, 39.0523)	(19, 39.092)	(20, 39.0536)	(21, 39.0141)	(22, 38.9633)	(23, 38.9015)	(24, 38.8321)	(25, 38.7488)	(26, 38.6502)	(27, 38.5763)	(28, 38.5243)	(29, 38.4619)	(30, 38.413)	(31, 38.3447)	(32, 38.3194)	(33, 38.5524)	(34, 38.601)	(35, 38.6233)	(36, 38.614)	(37, 38.5902)	(38, 38.5475)	(39, 38.5166)	(40, 38.4655)	(41, 38.546)	(42, 38.544)	(43, 38.5038)	(44, 38.4255)	(45, 38.3656)	(46, 38.3043)	(47, 38.2524)	(48, 38.1911)	(49, 38.1739)	(50, 38.1494)	(51, 38.1229)	(52, 38.1094)	(53, 38.0323)	(54, 37.9725)	(55, 37.8828)	(56, 37.7806)	(57, 37.6669)	(58, 37.5362)	(59, 37.3994)	(60, 37.2278)	(61, 37.0522)	(62, 36.9002)	(63, 36.7494)	(64, 36.5808)	(65, 36.4277)	(66, 36.2738)	(67, 36.1121)	(68, 35.9616)	(69, 35.8834)	(70, 35.7625)	(71, 35.6009)	(72, 35.4283)	(73, 35.2261)	(74, 35.0154)	(75, 34.7929)	(76, 33.3081)	(77, 33.7759)	(78, 34.0078)	(79, 33.9989)	(80, 33.911)	(81, 33.7973)	(82, 33.652)	(83, 33.4856)	(84, 33.3293)	(85, 33.1836)	(86, 32.9655)	(87, 32.9665)	(88, 32.8795)	(89, 32.7151)	(90, 32.5665)	(91, 32.4468)	(92, 32.308)	(93, 32.175)	(94, 32.0493)	(95, 31.8966)	(96, 31.7582)	(97, 31.6127)	(98, 31.4211)	(99, 31.2422)	(100, 31.0296)	(101, 28.6309)
NA20507	(1, 32.4566)	(2, 32.7055)	(3, 32.7462)	(4, 36.2224)	(5, 36.1303)	(6, 36.0892)	(7, 36.1026)	(8, 36.0865)	(9, 37.8289)	(10, 37.8259)	(11, 37.8241)	(12, 37.807)	(13, 37.7708)	(14, 39.202)	(15, 39.1821)	(16, 39.1604)	(17, 39.1273)	(18, 39.0734)	(19, 39.0938)	(20, 39.0094)	(21, 38.952)	(22, 38.8851)	(23, 39.0477)	(24, 39.0823)	(25, 39.0673)	(26, 39.0348)	(27, 39.0114)	(28, 38.9772)	(29, 38.9696)	(30, 38.9303)	(31, 38.9023)	(32, 38.8683)	(33, 38.8188)	(34, 38.754)	(35, 38.7288)	(36, 38.648)	(37, 38.6388)	(38, 38.5794)	(39, 38.5349)	(40, 38.462)	(41, 38.3971)	(42, 38.3296)	(43, 38.3991)	(44, 38.4213)	(45, 38.4195)	(46, 38.372)	(47, 38.3148)	(48, 38.2182)	(49, 38.1822)	(50, 38.1064)	(51, 38.033)	(52, 37.926)	(53, 37.856)	(54, 37.731)	(55, 37.6402)	(56, 37.4993)	(57, 37.3998)	(58, 37.2473)	(59, 37.1098)	(60, 36.9659)	(61, 36.8339)	(62, 36.651)	(63, 36.4951)	(64, 36.3147)	(65, 36.1237)	(66, 35.9164)	(67, 35.7558)	(68, 35.5751)	(69, 35.41)	(70, 35.2627)	(71, 35.0735)	(72, 34.9069)	(73, 34.7366)	(74, 34.5152)	(75, 34.3172)	(76, 31.698)	(77, 32.8335)	(78, 33.4972)	(79, 33.6888)	(80, 33.653)	(81, 33.5341)	(82, 33.413)	(83, 33.2841)	(84, 33.1259)	(85, 32.976)	(86, 32.8705)	(87, 32.7491)	(88, 32.6594)	(89, 32.5785)	(90, 32.451)	(91, 32.3344)	(92, 32.2004)	(93, 32.0439)	(94, 31.896)	(95, 31.74)	(96, 31.5649)	(97, 31.3502)	(98, 31.0815)	(99, 30.7447)	(100, 30.104)	(101, 25.0948)
NA20511	(1, 31.6133)	(2, 31.9272)	(3, 32.0449)	(4, 35.7413)	(5, 35.53)	(6, 35.5474)	(7, 35.5088)	(8, 35.5135)	(9, 37.0721)	(10, 37.051)	(11, 37.0069)	(12, 36.9777)	(13, 36.9881)	(14, 38.1727)	(15, 38.0899)	(16, 38.0391)	(17, 38.0377)	(18, 37.914)	(19, 38.0113)	(20, 37.9749)	(21, 37.929)	(22, 37.8017)	(23, 37.7826)	(24, 37.9528)	(25, 37.9494)	(26, 37.82)	(27, 37.8267)	(28, 37.8078)	(29, 37.7489)	(30, 37.6596)	(31, 37.6438)	(32, 37.6015)	(33, 37.5221)	(34, 37.4207)	(35, 37.4517)	(36, 37.3589)	(37, 37.2902)	(38, 37.1768)	(39, 37.1699)	(40, 37.1158)	(41, 37.0685)	(42, 37.0024)	(43, 36.9099)	(44, 36.764)	(45, 36.7635)	(46, 36.6625)	(47, 36.8018)	(48, 36.8147)	(49, 36.8356)	(50, 36.7162)	(51, 36.65)	(52, 36.5848)	(53, 36.4958)	(54, 36.425)	(55, 36.3073)	(56, 36.2483)	(57, 36.1433)	(58, 36.0705)	(59, 35.894)	(60, 35.7084)	(61, 35.6056)	(62, 35.4979)	(63, 35.4077)	(64, 35.1987)	(65, 35.0528)	(66, 34.9389)	(67, 34.7309)	(68, 34.512)	(69, 34.2941)	(70, 34.1144)	(71, 33.8781)	(72, 33.6657)	(73, 33.3971)	(74, 33.0938)	(75, 32.6913)	(76, 31.2949)	(77, 31.3545)	(78, 30.1827)	(79, 27.2397)	(80, 23.2612)	(81, 20.1509)	(82, 18.1088)	(83, 16.8174)	(84, 15.8589)	(85, 15.1899)	(86, 14.6147)	(87, 14.1301)	(88, 13.7359)	(89, 13.3838)	(90, 13.0327)	(91, 12.7071)	(92, 12.3617)	(93, 12.0246)	(94, 11.7343)	(95, 11.4629)	(96, 11.1553)	(97, 10.8412)	(98, 10.4905)	(99, 10.1432)	(100, 9.70083)	
NA20864	(1, 32.6385)	(2, 32.8435)	(3, 32.9034)	(4, 36.3135)	(5, 36.2879)	(6, 36.285)	(7, 36.2758)	(8, 36.2502)	(9, 38.0261)	(10, 38.0093)	(11, 37.9925)	(12, 37.9628)	(13, 37.9486)	(14, 39.3931)	(15, 39.3772)	(16, 39.3343)	(17, 39.2874)	(18, 39.2697)	(19, 39.2953)	(20, 39.2422)	(21, 39.1763)	(22, 39.095)	(23, 39.1734)	(24, 39.1529)	(25, 39.1409)	(26, 39.1162)	(27, 39.0509)	(28, 38.9934)	(29, 38.9338)	(30, 39.0179)	(31, 39.0277)	(32, 39.0289)	(33, 39.0099)	(34, 38.9921)	(35, 38.9671)	(36, 38.9173)	(37, 38.8877)	(38, 38.8281)	(39, 38.784)	(40, 38.7599)	(41, 38.7073)	(42, 38.6283)	(43, 38.5966)	(44, 38.5053)	(45, 38.4473)	(46, 38.3845)	(47, 38.3015)	(48, 38.2326)	(49, 38.1629)	(50, 38.0803)	(51, 37.9809)	(52, 37.8846)	(53, 37.8108)	(54, 37.6703)	(55, 37.5622)	(56, 37.4349)	(57, 37.2631)	(58, 37.0898)	(59, 36.9637)	(60, 36.7773)	(61, 36.6137)	(62, 36.4232)	(63, 36.2199)	(64, 36.0084)	(65, 35.8161)	(66, 35.5419)	(67, 35.298)	(68, 35.0532)	(69, 34.7859)	(70, 34.546)	(71, 34.292)	(72, 34.019)	(73, 33.7099)	(74, 33.4684)	(75, 33.2162)	(76, 31.9053)	(77, 32.33)	(78, 32.5107)	(79, 32.4397)	(80, 32.2672)	(81, 31.9972)	(82, 31.6811)	(83, 31.3688)	(84, 31.0314)	(85, 30.7185)	(86, 30.4511)	(87, 30.1188)	(88, 29.7448)	(89, 29.3583)	(90, 28.8344)											
NA21092	(1, 39.326)	(2, 39.252)	(3, 39.2368)	(4, 39.236)	(5, 39.2309)	(6, 39.2606)	(7, 39.2308)	(8, 39.2113)	(9, 39.2012)	(10, 39.1931)	(11, 39.1881)	(12, 39.1619)	(13, 39.1469)	(14, 39.1288)	(15, 39.1121)	(16, 39.1051)	(17, 39.0708)	(18, 39.0428)	(19, 39.0121)	(20, 38.9925)	(21, 38.979)	(22, 38.9344)	(23, 38.8978)	(24, 38.8614)	(25, 38.8344)	(26, 38.7822)	(27, 38.7302)	(28, 38.6794)	(29, 38.846)	(30, 38.8164)	(31, 38.8523)	(32, 38.8056)	(33, 38.7705)	(34, 38.7345)	(35, 38.7001)	(36, 38.6912)	(37, 38.6362)	(38, 38.5814)	(39, 38.7184)	(40, 38.7)	(41, 38.7707)	(42, 38.713)	(43, 38.68)	(44, 38.6466)	(45, 38.6087)	(46, 38.6254)	(47, 38.5614)	(48, 38.5147)	(49, 38.4816)	(50, 38.429)	(51, 38.3981)	(52, 38.329)	(53, 38.2568)	(54, 38.2202)	(55, 38.169)	(56, 38.1275)	(57, 38.043)	(58, 37.9739)	(59, 37.9058)	(60, 37.8658)	(61, 37.7762)	(62, 37.6663)	(63, 37.577)	(64, 37.4904)	(65, 37.3878)	(66, 37.2543)	(67, 37.1371)	(68, 37.0341)	(69, 36.9372)	(70, 36.8142)	(71, 36.6872)	(72, 36.5477)	(73, 36.4285)	(74, 36.2909)	(75, 36.1589)	(76, 35.9342)	(77, 35.7777)	(78, 35.6172)	(79, 35.4853)	(80, 35.3397)	(81, 35.1026)	(82, 34.9106)	(83, 34.7438)	(84, 34.5863)	(85, 34.375)	(86, 34.0746)	(87, 33.8608)	(88, 33.665)	(89, 33.4513)	(90, 33.2139)	(91, 32.8531)	(92, 32.6375)	(93, 32.4662)	(94, 32.2522)	(95, 31.9907)	(96, 31.4878)	(97, 31.2468)	(98, 31.0577)	(99, 30.8825)	(100, 30.7599)	
SRR070532	(1, 39.0248)	(2, 38.985)	(3, 38.9643)	(4, 38.9588)	(5, 38.9595)	(6, 39.0304)	(7, 38.9976)	(8, 38.9824)	(9, 38.9693)	(10, 38.9531)	(11, 38.9864)	(12, 38.9531)	(13, 38.9348)	(14, 38.7358)	(15, 38.8941)	(16, 38.897)	(17, 38.8582)	(18, 38.8322)	(19, 38.8076)	(20, 38.782)	(21, 38.8032)	(22, 38.7527)	(23, 38.716)	(24, 38.683)	(25, 38.6582)	(26, 38.6069)	(27, 38.5468)	(28, 38.4998)	(29, 38.4549)	(30, 38.4157)	(31, 38.3651)	(32, 38.2752)	(33, 38.444)	(34, 38.4146)	(35, 38.3759)	(36, 38.4418)	(37, 38.3771)	(38, 38.332)	(39, 38.298)	(40, 38.3776)	(41, 38.4325)	(42, 38.3699)	(43, 38.3365)	(44, 38.295)	(45, 38.2609)	(46, 38.274)	(47, 38.2064)	(48, 38.1524)	(49, 38.1088)	(50, 38.0616)	(51, 38.0388)	(52, 37.9604)	(53, 37.8969)	(54, 37.849)	(55, 37.7861)	(56, 37.7633)	(57, 37.6738)	(58, 37.6006)	(59, 37.5501)	(60, 37.4959)	(61, 37.4116)	(62, 37.3011)	(63, 37.2008)	(64, 37.1114)	(65, 37.0175)	(66, 36.9016)	(67, 36.7677)	(68, 36.6453)	(69, 36.5416)	(70, 36.4262)	(71, 36.2625)	(72, 36.1197)	(73, 35.9782)	(74, 35.8382)	(75, 35.6962)	(76, 35.4708)	(77, 35.3035)	(78, 35.1476)	(79, 35.0118)	(80, 34.8291)	(81, 34.4333)	(82, 34.3924)	(83, 34.2305)	(84, 34.0268)	(85, 33.8434)	(86, 33.592)	(87, 33.3846)	(88, 33.1992)	(89, 33.0094)	(90, 32.7787)	(91, 32.5143)	(92, 32.2675)	(93, 32.0672)	(94, 31.8426)	(95, 31.5955)	(96, 31.2306)	(97, 30.9905)	(98, 30.7825)	(99, 30.5631)	(100, 30.3408)	
SRR077439	(1, 39.45)	(2, 39.3942)	(3, 39.3803)	(4, 39.3767)	(5, 39.3719)	(6, 39.4109)	(7, 39.3897)	(8, 39.3794)	(9, 39.3765)	(10, 39.3605)	(11, 39.3669)	(12, 39.3442)	(13, 39.3319)	(14, 39.3247)	(15, 39.3074)	(16, 39.3039)	(17, 39.2752)	(18, 39.2595)	(19, 39.2431)	(20, 39.2248)	(21, 39.22)	(22, 39.1848)	(23, 39.1562)	(24, 39.1331)	(25, 39.1093)	(26, 39.0701)	(27, 39.0266)	(28, 38.9921)	(29, 38.9653)	(30, 38.9337)	(31, 38.8924)	(32, 38.8352)	(33, 38.7817)	(34, 38.9647)	(35, 38.9507)	(36, 39.0164)	(37, 38.9748)	(38, 38.947)	(39, 38.9228)	(40, 38.8908)	(41, 38.8813)	(42, 38.8269)	(43, 38.7906)	(44, 38.7766)	(45, 38.7517)	(46, 38.7076)	(47, 38.6457)	(48, 38.6804)	(49, 38.6498)	(50, 38.6231)	(51, 38.621)	(52, 38.574)	(53, 38.4902)	(54, 38.424)	(55, 38.4221)	(56, 38.4282)	(57, 38.3603)	(58, 38.275)	(59, 38.2761)	(60, 38.2328)	(61, 38.1075)	(62, 38.0037)	(63, 37.9272)	(64, 37.8758)	(65, 37.7916)	(66, 37.6575)	(67, 37.5068)	(68, 37.4215)	(69, 37.371)	(70, 37.2513)	(71, 37.1655)	(72, 37.0826)	(73, 36.9475)	(74, 36.8115)	(75, 36.6883)	(76, 36.5623)	(77, 36.3847)	(78, 36.294)	(79, 36.2076)	(80, 36.1127)	(81, 35.8049)	(82, 35.6578)	(83, 35.5985)	(84, 35.3591)	(85, 35.2435)	(86, 34.9804)	(87, 34.8075)	(88, 34.7156)	(89, 34.5755)	(90, 34.3965)	(91, 34.0734)	(92, 33.8913)	(93, 33.6917)	(94, 33.4925)	(95, 33.2526)	(96, 32.7936)	(97, 32.809)	(98, 32.5638)	(99, 32.5392)	(100, 32.4392)	
SRR077476	(1, 39.1561)	(2, 39.2145)	(3, 39.2033)	(4, 39.1946)	(5, 39.1901)	(6, 39.2687)	(7, 39.2475)	(8, 39.2333)	(9, 39.2264)	(10, 39.2167)	(11, 39.2832)	(12, 39.2617)	(13, 39.2473)	(14, 39.2345)	(15, 39.2212)	(16, 39.2185)	(17, 39.192)	(18, 39.1713)	(19, 39.1557)	(20, 39.137)	(21, 39.1206)	(22, 39.0871)	(23, 39.0592)	(24, 39.0329)	(25, 39.0115)	(26, 38.9729)	(27, 38.9299)	(28, 38.8914)	(29, 38.8561)	(30, 38.8215)	(31, 38.7695)	(32, 38.7104)	(33, 38.6535)	(34, 38.832)	(35, 38.8151)	(36, 38.8767)	(37, 38.8345)	(38, 38.8032)	(39, 38.7785)	(40, 38.7487)	(41, 38.746)	(42, 38.6972)	(43, 38.7302)	(44, 38.7018)	(45, 38.6665)	(46, 38.7071)	(47, 38.6674)	(48, 38.6183)	(49, 38.5783)	(50, 38.5393)	(51, 38.5122)	(52, 38.4413)	(53, 38.3805)	(54, 38.3418)	(55, 38.3053)	(56, 38.2601)	(57, 38.1884)	(58, 38.124)	(59, 38.0653)	(60, 38.0049)	(61, 37.9337)	(62, 37.8455)	(63, 37.7495)	(64, 37.6571)	(65, 37.5883)	(66, 37.4638)	(67, 37.3287)	(68, 37.2445)	(69, 37.1375)	(70, 37.0265)	(71, 36.8822)	(72, 36.7386)	(73, 36.6418)	(74, 36.5037)	(75, 36.3768)	(76, 36.2043)	(77, 36.0272)	(78, 35.8931)	(79, 35.7404)	(80, 35.5972)	(81, 35.3783)	(82, 35.2237)	(83, 35.0659)	(84, 34.8855)	(85, 34.7272)	(86, 34.4666)	(87, 34.3031)	(88, 34.1099)	(89, 33.9611)	(90, 33.7487)	(91, 33.4386)	(92, 33.2418)	(93, 33.0576)	(94, 32.8548)	(95, 32.5935)	(96, 32.2214)	(97, 32.0131)	(98, 31.7921)	(99, 31.5953)	(100, 31.4533)	
SRR100000	(1, 38.0767)	(2, 37.9434)	(3, 37.9025)	(4, 37.779)	(5, 37.8145)	(6, 37.8333)	(7, 37.7794)	(8, 37.7046)	(9, 37.627)	(10, 37.5667)	(11, 37.5158)	(12, 37.3982)	(13, 37.3168)	(14, 37.2062)	(15, 37.1127)	(16, 36.9944)	(17, 36.8421)	(18, 36.7183)	(19, 36.6024)	(20, 36.5701)	(21, 36.5023)	(22, 36.3692)	(23, 36.2127)	(24, 36.0451)	(25, 35.9235)	(26, 35.9221)	(27, 35.733)	(28, 35.5554)	(29, 35.4222)	(30, 35.3216)	(31, 35.2206)	(32, 34.9377)	(33, 34.7527)	(34, 34.5697)	(35, 34.4227)	(36, 34.2369)	(37, 33.9888)	(38, 33.8038)	(39, 33.5765)	(40, 33.481)	(41, 33.2094)	(42, 32.9055)	(43, 32.669)	(44, 32.4825)	(45, 32.2478)	(46, 32.1502)	(47, 31.6583)	(48, 31.1042)	(49, 30.6664)	(50, 30.1287)	(51, 29.3741)	(52, 28.7421)	(53, 28.2184)	(54, 27.6013)	(55, 26.9486)	(56, 26.0862)	(57, 25.419)	(58, 24.7558)	(59, 24.1515)	(60, 23.4321)	(61, 22.4935)	(62, 21.828)	(63, 21.1687)	(64, 20.4914)	(65, 19.802)	(66, 18.871)	(67, 18.2661)	(68, 17.6013)	(69, 16.9701)	(70, 16.1349)	(71, 14.8285)	(72, 14.3622)	(73, 14.1268)	(74, 13.7004)	(75, 13.4096)	(76, 13.5887)																									
SRR100031	(1, 37.9721)	(2, 37.8481)	(3, 37.8259)	(4, 37.7807)	(5, 37.8052)	(6, 37.8106)	(7, 37.7758)	(8, 37.7187)	(9, 37.6707)	(10, 37.6496)	(11, 37.6032)	(12, 37.5305)	(13, 37.473)	(14, 37.4068)	(15, 37.3602)	(16, 37.2712)	(17, 37.1789)	(18, 37.1915)	(19, 37.1528)	(20, 37.1231)	(21, 37.2177)	(22, 37.1088)	(23, 37.0238)	(24, 36.9546)	(25, 36.9074)	(26, 36.8278)	(27, 36.6913)	(28, 36.6112)	(29, 36.5038)	(30, 36.4515)	(31, 36.3934)	(32, 36.2804)	(33, 36.1947)	(34, 36.1043)	(35, 36.0146)	(36, 35.9181)	(37, 35.7461)	(38, 35.6179)	(39, 35.4931)	(40, 35.323)	(41, 35.2362)	(42, 35.0264)	(43, 34.8858)	(44, 34.7369)	(45, 34.6139)	(46, 34.4664)	(47, 34.1938)	(48, 33.9498)	(49, 33.5942)	(50, 33.2263)	(51, 32.7491)	(52, 32.4124)	(53, 32.0908)	(54, 31.7199)	(55, 31.3619)	(56, 30.7654)	(57, 30.3754)	(58, 30.0033)	(59, 29.6848)	(60, 29.2091)	(61, 28.4717)	(62, 28.0408)	(63, 27.5237)	(64, 27.1129)	(65, 26.5803)	(66, 25.8295)	(67, 25.5853)	(68, 25.0861)	(69, 24.5035)	(70, 23.8101)	(71, 22.3412)	(72, 21.9272)	(73, 21.4522)	(74, 20.9849)	(75, 20.6579)	(76, 20.18)																									
SRR231651	(1, 38.4251)	(2, 38.3878)	(3, 38.3699)	(4, 38.3539)	(5, 38.331)	(6, 38.3689)	(7, 38.3401)	(8, 38.3194)	(9, 38.3)	(10, 38.2928)	(11, 38.2972)	(12, 38.2546)	(13, 38.2355)	(14, 38.2144)	(15, 38.188)	(16, 38.1426)	(17, 38.0977)	(18, 38.0356)	(19, 38.0281)	(20, 37.9829)	(21, 38.0925)	(22, 38.0449)	(23, 38.0145)	(24, 37.9822)	(25, 37.9575)	(26, 37.9253)	(27, 37.8743)	(28, 37.8322)	(29, 37.771)	(30, 37.7149)	(31, 37.6376)	(32, 37.5411)	(33, 37.4746)	(34, 37.4329)	(35, 37.344)	(36, 37.3821)	(37, 37.2984)	(38, 37.1704)	(39, 37.114)	(40, 37.1999)	(41, 36.9772)	(42, 36.8806)	(43, 36.8467)	(44, 36.7273)	(45, 36.6426)	(46, 36.6565)	(47, 36.5256)	(48, 36.4728)	(49, 36.4446)	(50, 36.3452)	(51, 36.3141)	(52, 36.1675)	(53, 36.0482)	(54, 35.9438)	(55, 35.8699)	(56, 35.7309)	(57, 35.5768)	(58, 35.3771)	(59, 35.2361)	(60, 35.0679)	(61, 34.8344)	(62, 34.5335)	(63, 34.3147)	(64, 34.038)	(65, 33.8784)	(66, 33.5302)	(67, 33.5007)	(68, 33.1546)	(69, 32.8939)	(70, 32.6912)	(71, 32.2452)	(72, 31.9969)	(73, 31.7236)	(74, 31.4375)	(75, 31.0768)	(76, 32.5636)	(77, 32.2459)	(78, 31.8616)	(79, 31.491)	(80, 31.5366)	(81, 31.2945)	(82, 30.9592)	(83, 30.7627)	(84, 30.4696)	(85, 30.1834)	(86, 29.7856)	(87, 29.3761)	(88, 29.0487)	(89, 28.673)	(90, 28.2424)	(91, 27.5994)	(92, 27.0731)	(93, 26.8781)	(94, 26.3614)	(95, 25.9718)	(96, 25.1136)	(97, 24.6555)	(98, 24.2412)	(99, 23.6924)	(100, 22.8037)	
SRR393023	(1, 30.0)	(2, 30.0)	(3, 30.0)	(4, 30.0)	(5, 30.0)	(6, 30.0)	(7, 30.0)	(8, 30.0)	(9, 30.0)	(10, 30.0)	(11, 30.0)	(12, 30.0)	(13, 30.0)	(14, 30.0)	(15, 30.0)	(16, 30.0)	(17, 30.0)	(18, 30.0)	(19, 30.0)	(20, 30.0)	(21, 30.0)	(22, 30.0)	(23, 30.0)	(24, 30.0)	(25, 30.0)	(26, 30.0)	(27, 30.0)	(28, 30.0)	(29, 30.0)	(30, 30.0)	(31, 30.0)	(32, 30.0)	(33, 30.0)	(34, 30.0)	(35, 30.0)	(36, 30.0)	(37, 30.0)	(38, 30.0)	(39, 30.0)	(40, 30.0)	(41, 30.0)	(42, 30.0)	(43, 30.0)	(44, 30.0)	(45, 30.0)	(46, 30.0)	(47, 30.0)	(48, 30.0)	(49, 30.0)	(50, 30.0)	(51, 30.0)	(52, 30.0)	(53, 30.0)	(54, 30.0)	(55, 30.0)	(56, 30.0)	(57, 30.0)	(58, 30.0)	(59, 30.0)	(60, 30.0)	(61, 30.0)	(62, 30.0)	(63, 30.0)	(64, 30.0)	(65, 30.0)	(66, 30.0)	(67, 30.0)	(68, 30.0)	(69, 30.0)	(70, 30.0)	(71, 30.0)	(72, 30.0)	(73, 30.0)	(74, 30.0)	(75, 30.0)	(76, 30.0)																									
SRR591803	(1, 30.0)	(2, 30.0)	(3, 30.0)	(4, 30.0)	(5, 30.0)	(6, 30.0)	(7, 30.0)	(8, 30.0)	(9, 30.0)	(10, 30.0)	(11, 30.0)	(12, 30.0)	(13, 30.0)	(14, 30.0)	(15, 30.0)	(16, 30.0)	(17, 30.0)	(18, 30.0)	(19, 30.0)	(20, 30.0)	(21, 30.0)	(22, 30.0)	(23, 30.0)	(24, 30.0)	(25, 30.0)	(26, 30.0)	(27, 30.0)	(28, 30.0)	(29, 30.0)	(30, 30.0)	(31, 30.0)	(32, 30.0)	(33, 30.0)	(34, 30.0)	(35, 30.0)	(36, 30.0)	(37, 30.0)	(38, 30.0)	(39, 30.0)	(40, 30.0)	(41, 30.0)	(42, 30.0)	(43, 30.0)	(44, 30.0)	(45, 30.0)	(46, 30.0)	(47, 30.0)	(48, 30.0)	(49, 30.0)	(50, 30.0)	(51, 30.0)	(52, 30.0)	(53, 30.0)	(54, 30.0)	(55, 30.0)	(56, 30.0)	(57, 30.0)	(58, 30.0)	(59, 30.0)	(60, 30.0)	(61, 30.0)	(62, 30.0)	(63, 30.0)	(64, 30.0)	(65, 30.0)	(66, 30.0)	(67, 30.0)	(68, 30.0)	(69, 30.0)	(70, 30.0)	(71, 30.0)	(72, 30.0)	(73, 30.0)	(74, 30.0)	(75, 30.0)	(76, 30.0)																									
SRR702079	(1, 32.819)	(2, 33.1012)	(3, 33.1432)	(4, 36.4956)	(5, 36.4307)	(6, 36.4249)	(7, 36.4158)	(8, 36.4095)	(9, 38.2292)	(10, 38.224)	(11, 38.2052)	(12, 38.1921)	(13, 38.1674)	(14, 39.7396)	(15, 39.716)	(16, 39.685)	(17, 39.6613)	(18, 39.6293)	(19, 39.647)	(20, 39.6076)	(21, 39.6818)	(22, 39.6781)	(23, 39.6703)	(24, 39.679)	(25, 39.6589)	(26, 39.5995)	(27, 39.5604)	(28, 39.5324)	(29, 39.5078)	(30, 39.4975)	(31, 39.3888)	(32, 39.1666)	(33, 39.2558)	(34, 39.2902)	(35, 39.2664)	(36, 39.2627)	(37, 39.2382)	(38, 39.1735)	(39, 39.1286)	(40, 39.0903)	(41, 39.0508)	(42, 38.9955)	(43, 38.9541)	(44, 38.9211)	(45, 38.9796)	(46, 38.955)	(47, 38.9177)	(48, 38.871)	(49, 38.8595)	(50, 38.7962)	(51, 38.7454)	(52, 38.6844)	(53, 38.6091)	(54, 38.5396)	(55, 38.4585)	(56, 38.3693)	(57, 38.2512)	(58, 38.1766)	(59, 38.06)	(60, 37.9269)	(61, 37.8165)	(62, 37.7049)	(63, 37.5463)	(64, 37.4131)	(65, 37.2776)	(66, 37.1459)	(67, 37.0033)	(68, 36.8256)	(69, 36.6625)	(70, 36.4761)	(71, 36.3012)	(72, 36.1256)	(73, 35.945)	(74, 35.7622)	(75, 35.5664)	(76, 34.2802)	(77, 34.7165)	(78, 34.8984)	(79, 34.8758)	(80, 34.7499)	(81, 34.6808)	(82, 34.5507)	(83, 34.4125)	(84, 34.2695)	(85, 34.1176)	(86, 33.9794)	(87, 33.84)	(88, 33.7187)	(89, 33.5924)	(90, 33.4828)	(91, 33.365)	(92, 33.2351)	(93, 33.1061)	(94, 32.9639)	(95, 32.8083)	(96, 32.6662)	(97, 32.5179)	(98, 32.3336)	(99, 32.1254)	(100, 31.6323)	(101, 27.355)
SRR708372	(1, 32.7041)	(2, 33.0177)	(3, 33.0978)	(4, 36.4732)	(5, 36.4001)	(6, 36.3961)	(7, 36.3845)	(8, 36.3602)	(9, 38.174)	(10, 38.1671)	(11, 38.1657)	(12, 38.15)	(13, 38.1243)	(14, 39.6839)	(15, 39.6498)	(16, 39.6141)	(17, 39.5906)	(18, 39.554)	(19, 39.5721)	(20, 39.5263)	(21, 39.4801)	(22, 39.5924)	(23, 39.5977)	(24, 39.6072)	(25, 39.6012)	(26, 39.5508)	(27, 39.5117)	(28, 39.4683)	(29, 39.4445)	(30, 39.4387)	(31, 39.3544)	(32, 39.2957)	(33, 39.2737)	(34, 39.286)	(35, 39.2472)	(36, 39.2414)	(37, 39.2129)	(38, 39.1515)	(39, 39.1055)	(40, 39.0265)	(41, 38.9946)	(42, 38.9478)	(43, 38.9291)	(44, 38.8784)	(45, 38.8299)	(46, 38.7601)	(47, 38.7864)	(48, 38.7575)	(49, 38.7717)	(50, 38.726)	(51, 38.685)	(52, 38.6523)	(53, 38.5702)	(54, 38.4946)	(55, 38.4309)	(56, 38.3398)	(57, 38.2283)	(58, 38.124)	(59, 38.0181)	(60, 37.8942)	(61, 37.7705)	(62, 37.6462)	(63, 37.5221)	(64, 37.3875)	(65, 37.2467)	(66, 37.1253)	(67, 36.9755)	(68, 36.8126)	(69, 36.6305)	(70, 36.4581)	(71, 36.2641)	(72, 36.061)	(73, 35.8906)	(74, 35.6931)	(75, 35.5291)	(76, 34.255)	(77, 34.6909)	(78, 34.8848)	(79, 34.8521)	(80, 34.7239)	(81, 34.5916)	(82, 34.4409)	(83, 34.2904)	(84, 34.1542)	(85, 34.0304)	(86, 33.9255)	(87, 33.7944)	(88, 33.6685)	(89, 33.5753)	(90, 33.4714)	(91, 33.3538)	(92, 33.2133)	(93, 33.0771)	(94, 32.937)	(95, 32.8013)	(96, 32.6386)	(97, 32.5052)	(98, 32.3323)	(99, 32.1376)	(100, 31.6811)	(101, 27.5272)
SRR708381	(1, 32.7963)	(2, 32.9716)	(3, 33.0375)	(4, 36.3817)	(5, 36.3187)	(6, 36.3508)	(7, 36.3456)	(8, 36.3433)	(9, 38.1363)	(10, 38.1245)	(11, 38.1556)	(12, 38.1557)	(13, 38.106)	(14, 39.6926)	(15, 39.6702)	(16, 39.6505)	(17, 39.6277)	(18, 39.6104)	(19, 39.6609)	(20, 39.6349)	(21, 39.6137)	(22, 39.5727)	(23, 39.5254)	(24, 39.4764)	(25, 39.439)	(26, 39.3995)	(27, 39.347)	(28, 39.3057)	(29, 39.2599)	(30, 39.1975)	(31, 39.1723)	(32, 39.1214)	(33, 39.0731)	(34, 38.9736)	(35, 38.9421)	(36, 38.8974)	(37, 39.0964)	(38, 39.0697)	(39, 39.0859)	(40, 39.0695)	(41, 39.0181)	(42, 39.1353)	(43, 39.118)	(44, 39.1062)	(45, 39.0775)	(46, 39.0396)	(47, 38.9867)	(48, 38.9227)	(49, 38.8521)	(50, 38.7736)	(51, 38.694)	(52, 38.6355)	(53, 38.5803)	(54, 38.5083)	(55, 38.4292)	(56, 38.3442)	(57, 38.2252)	(58, 38.1394)	(59, 38.0374)	(60, 37.8672)	(61, 37.7824)	(62, 37.6646)	(63, 37.5283)	(64, 37.3527)	(65, 37.2108)	(66, 37.0489)	(67, 36.8856)	(68, 36.7278)	(69, 36.5667)	(70, 36.4112)	(71, 36.2295)	(72, 35.9937)	(73, 35.8185)	(74, 35.6643)	(75, 35.4857)	(76, 34.2333)	(77, 34.6092)	(78, 34.7938)	(79, 34.7686)	(80, 34.6626)	(81, 34.5367)	(82, 34.3786)	(83, 34.241)	(84, 34.0951)	(85, 33.9589)	(86, 33.8181)	(87, 33.6842)	(88, 33.5696)	(89, 33.4567)	(90, 33.3389)	(91, 33.2341)	(92, 33.1326)	(93, 33.0609)	(94, 32.9695)	(95, 32.8652)	(96, 32.7514)	(97, 32.6325)	(98, 32.5047)	(99, 32.3464)	(100, 32.0972)	(101, 27.8314)
SRR708382	(1, 32.7732)	(2, 33.029)	(3, 33.1067)	(4, 36.4582)	(5, 36.393)	(6, 36.3905)	(7, 36.3746)	(8, 36.3593)	(9, 38.1713)	(10, 38.1649)	(11, 38.1519)	(12, 38.1213)	(13, 38.0798)	(14, 39.6136)	(15, 39.6022)	(16, 39.5683)	(17, 39.5436)	(18, 39.4861)	(19, 39.4948)	(20, 39.6179)	(21, 39.6273)	(22, 39.6245)	(23, 39.5998)	(24, 39.5894)	(25, 39.5758)	(26, 39.5216)	(27, 39.4814)	(28, 39.447)	(29, 39.4223)	(30, 39.4221)	(31, 39.3315)	(32, 39.233)	(33, 39.2369)	(34, 39.2287)	(35, 39.2009)	(36, 39.1995)	(37, 39.1495)	(38, 39.09)	(39, 39.0613)	(40, 38.9997)	(41, 38.9596)	(42, 38.8954)	(43, 38.8748)	(44, 38.8296)	(45, 38.8783)	(46, 38.8736)	(47, 38.8401)	(48, 38.7804)	(49, 38.7547)	(50, 38.6891)	(51, 38.6558)	(52, 38.5986)	(53, 38.5212)	(54, 38.4526)	(55, 38.3785)	(56, 38.2773)	(57, 38.1618)	(58, 38.0674)	(59, 37.9363)	(60, 37.8079)	(61, 37.6892)	(62, 37.5537)	(63, 37.4276)	(64, 37.2735)	(65, 37.1333)	(66, 37.0134)	(67, 36.8511)	(68, 36.6748)	(69, 36.4808)	(70, 36.2782)	(71, 36.1108)	(72, 35.9152)	(73, 35.7181)	(74, 35.5158)	(75, 35.4124)	(76, 33.8914)	(77, 34.4691)	(78, 34.7307)	(79, 34.7446)	(80, 34.644)	(81, 34.5158)	(82, 34.3767)	(83, 34.251)	(84, 34.0984)	(85, 33.9483)	(86, 33.8125)	(87, 33.6872)	(88, 33.5498)	(89, 33.419)	(90, 33.3181)	(91, 33.1888)	(92, 33.0437)	(93, 32.9086)	(94, 32.7766)	(95, 32.6424)	(96, 32.4784)	(97, 32.3315)	(98, 32.1223)	(99, 31.8863)	(100, 31.2484)	(101, 26.1801)
SRR710114	(1, 31.6782)	(2, 31.9593)	(3, 32.0573)	(4, 35.7269)	(5, 35.5468)	(6, 35.5325)	(7, 35.4996)	(8, 35.4882)	(9, 37.0718)	(10, 37.0432)	(11, 37.0659)	(12, 37.0682)	(13, 37.0614)	(14, 38.3043)	(15, 38.2739)	(16, 38.2436)	(17, 38.133)	(18, 38.1269)	(19, 38.1656)	(20, 38.1281)	(21, 38.0879)	(22, 38.0459)	(23, 37.9776)	(24, 37.9559)	(25, 37.9041)	(26, 37.7884)	(27, 37.7114)	(28, 37.8411)	(29, 37.8526)	(30, 37.8546)	(31, 37.837)	(32, 37.7898)	(33, 37.7245)	(34, 37.6914)	(35, 37.656)	(36, 37.5767)	(37, 37.5312)	(38, 37.4769)	(39, 37.4239)	(40, 37.3601)	(41, 37.3099)	(42, 37.2539)	(43, 37.1966)	(44, 37.1296)	(45, 37.0442)	(46, 37.1156)	(47, 37.1845)	(48, 37.2)	(49, 37.194)	(50, 37.1455)	(51, 37.0719)	(52, 36.9836)	(53, 36.8787)	(54, 36.7746)	(55, 36.6856)	(56, 36.5949)	(57, 36.4942)	(58, 36.3691)	(59, 36.2645)	(60, 36.1438)	(61, 36.0231)	(62, 35.8668)	(63, 35.7371)	(64, 35.5845)	(65, 35.4471)	(66, 35.26)	(67, 35.1441)	(68, 35.0128)	(69, 34.8426)	(70, 34.6558)	(71, 34.4756)	(72, 34.2927)	(73, 34.0814)	(74, 33.8874)	(75, 33.6778)	(76, 32.0978)	(77, 32.7045)	(78, 33.0562)	(79, 33.1225)	(80, 33.0533)	(81, 32.9425)	(82, 32.8067)	(83, 32.6423)	(84, 32.4706)	(85, 32.2919)	(86, 32.14)	(87, 31.992)	(88, 31.8499)	(89, 31.7209)	(90, 31.5719)	(91, 31.4479)	(92, 31.2934)	(93, 31.1189)	(94, 30.9346)	(95, 30.7384)	(96, 30.5055)	(97, 30.2647)	(98, 29.9865)	(99, 29.6875)	(100, 29.3255)	(101, 26.5976)
SRR715103	(1, 31.1706)	(2, 31.4114)	(3, 31.5979)	(4, 35.3789)	(5, 35.1271)	(6, 35.1392)	(7, 35.0892)	(8, 35.0983)	(9, 36.6054)	(10, 36.6152)	(11, 36.565)	(12, 36.5852)	(13, 36.5301)	(14, 37.6564)	(15, 37.6737)	(16, 37.6301)	(17, 37.6155)	(18, 37.5594)	(19, 37.5829)	(20, 37.5498)	(21, 37.5088)	(22, 37.4735)	(23, 37.3921)	(24, 37.3461)	(25, 37.3311)	(26, 37.1663)	(27, 37.0284)	(28, 36.97)	(29, 37.1977)	(30, 37.1458)	(31, 37.1385)	(32, 37.0811)	(33, 37.0173)	(34, 36.9701)	(35, 36.8977)	(36, 36.8608)	(37, 36.8225)	(38, 36.8347)	(39, 36.7466)	(40, 36.7076)	(41, 36.6385)	(42, 36.5766)	(43, 36.5244)	(44, 36.4583)	(45, 36.3697)	(46, 36.2838)	(47, 36.1918)	(48, 36.0808)	(49, 35.9905)	(50, 35.915)	(51, 36.0131)	(52, 36.0082)	(53, 35.9235)	(54, 35.8757)	(55, 35.8519)	(56, 35.7295)	(57, 35.6086)	(58, 35.5278)	(59, 35.4445)	(60, 35.3022)	(61, 35.2415)	(62, 35.0484)	(63, 34.9328)	(64, 34.7637)	(65, 34.5867)	(66, 34.3706)	(67, 34.2498)	(68, 34.0916)	(69, 33.9344)	(70, 33.7533)	(71, 33.5176)	(72, 33.3451)	(73, 33.1702)	(74, 32.9921)	(75, 32.789)	(76, 30.279)	(77, 31.2779)	(78, 31.9537)	(79, 32.1792)	(80, 32.1781)	(81, 32.1304)	(82, 31.9878)	(83, 31.8273)	(84, 31.6541)	(85, 31.5356)	(86, 31.3879)	(87, 31.2083)	(88, 30.9865)	(89, 30.7978)	(90, 30.639)	(91, 30.4548)	(92, 30.2283)	(93, 29.9659)	(94, 29.7068)	(95, 29.4373)	(96, 29.1488)	(97, 28.9102)	(98, 28.545)	(99, 28.1642)	(100, 27.5964)	(101, 23.7137)
SRR716435	(1, 32.7228)	(2, 32.9238)	(3, 32.9471)	(4, 36.3052)	(5, 36.2544)	(6, 36.2319)	(7, 36.2794)	(8, 36.21)	(9, 38.0099)	(10, 38.0163)	(11, 38.0204)	(12, 38.0614)	(13, 38.04)	(14, 39.5275)	(15, 39.534)	(16, 39.5291)	(17, 39.5198)	(18, 39.5136)	(19, 39.5468)	(20, 39.5206)	(21, 39.5046)	(22, 39.4718)	(23, 39.4296)	(24, 39.4121)	(25, 39.3788)	(26, 39.3272)	(27, 39.2583)	(28, 39.1987)	(29, 39.1829)	(30, 39.1633)	(31, 39.1157)	(32, 39.0485)	(33, 39.0142)	(34, 38.9675)	(35, 38.9215)	(36, 38.8819)	(37, 39.0682)	(38, 39.0871)	(39, 39.0849)	(40, 39.0526)	(41, 39.0066)	(42, 39.1372)	(43, 39.125)	(44, 39.1154)	(45, 39.0776)	(46, 38.9999)	(47, 38.9709)	(48, 38.9329)	(49, 38.8786)	(50, 38.8138)	(51, 38.7676)	(52, 38.681)	(53, 38.6342)	(54, 38.5753)	(55, 38.5089)	(56, 38.412)	(57, 38.3265)	(58, 38.2193)	(59, 38.1229)	(60, 38.0196)	(61, 37.8847)	(62, 37.7509)	(63, 37.6114)	(64, 37.4684)	(65, 37.32)	(66, 37.1654)	(67, 36.9962)	(68, 36.8055)	(69, 36.6411)	(70, 36.4658)	(71, 36.2863)	(72, 36.0805)	(73, 35.8957)	(74, 35.7228)	(75, 35.5451)	(76, 34.2333)	(77, 34.6353)	(78, 34.8368)	(79, 34.8219)	(80, 34.7232)	(81, 34.5865)	(82, 34.4358)	(83, 34.2571)	(84, 34.1136)	(85, 34.0025)	(86, 33.8756)	(87, 33.7309)	(88, 33.5992)	(89, 33.5033)	(90, 33.3967)	(91, 33.2909)	(92, 33.2033)	(93, 33.1019)	(94, 33.0166)	(95, 32.9318)	(96, 32.8423)	(97, 32.7374)	(98, 32.6086)	(99, 32.4627)	(100, 32.246)	(101, 28.1402)
SRR716436	(1, 32.428)	(2, 32.6632)	(3, 32.7196)	(4, 36.233)	(5, 36.1548)	(6, 36.0915)	(7, 36.1301)	(8, 36.14)	(9, 37.8897)	(10, 37.892)	(11, 37.8728)	(12, 37.8487)	(13, 37.6802)	(14, 39.2174)	(15, 39.2149)	(16, 39.1956)	(17, 39.1784)	(18, 39.159)	(19, 39.1974)	(20, 39.1542)	(21, 39.1122)	(22, 39.1003)	(23, 39.0703)	(24, 39.0261)	(25, 38.9949)	(26, 38.9353)	(27, 38.8625)	(28, 38.8252)	(29, 38.7765)	(30, 38.6914)	(31, 38.6435)	(32, 38.5703)	(33, 38.4987)	(34, 38.4102)	(35, 38.3421)	(36, 38.2844)	(37, 38.2235)	(38, 38.3283)	(39, 38.3408)	(40, 38.3107)	(41, 38.2615)	(42, 38.216)	(43, 38.3431)	(44, 38.3887)	(45, 38.3897)	(46, 38.3524)	(47, 38.2907)	(48, 38.207)	(49, 38.1113)	(50, 37.9903)	(51, 37.863)	(52, 37.7025)	(53, 37.5986)	(54, 37.5471)	(55, 37.4494)	(56, 37.418)	(57, 37.313)	(58, 37.2197)	(59, 37.1056)	(60, 36.9593)	(61, 36.835)	(62, 36.6783)	(63, 36.5319)	(64, 36.3516)	(65, 36.1749)	(66, 35.9784)	(67, 35.7801)	(68, 35.5907)	(69, 35.4206)	(70, 35.2456)	(71, 35.0893)	(72, 34.9265)	(73, 34.7481)	(74, 34.5663)	(75, 34.3827)	(76, 33.5072)	(77, 33.812)	(78, 33.9389)	(79, 33.8987)	(80, 33.791)	(81, 33.6346)	(82, 33.4888)	(83, 33.3728)	(84, 33.2332)	(85, 33.0651)	(86, 32.9408)	(87, 32.8059)	(88, 32.671)	(89, 32.5507)	(90, 32.4365)	(91, 32.3552)	(92, 32.2615)	(93, 32.1735)	(94, 32.0563)	(95, 31.8661)	(96, 31.7608)	(97, 31.6375)	(98, 31.4718)	(99, 31.3049)	(100, 31.1165)	(101, 29.8882)
SRR742200	(1, 32.6954)	(2, 32.9401)	(3, 33.0059)	(4, 36.4189)	(5, 36.3272)	(6, 36.3217)	(7, 36.2842)	(8, 36.2608)	(9, 38.0374)	(10, 38.0238)	(11, 38.0219)	(12, 38.0042)	(13, 37.9964)	(14, 39.5164)	(15, 39.5836)	(16, 39.5945)	(17, 39.599)	(18, 39.564)	(19, 39.5838)	(20, 39.5645)	(21, 39.5351)	(22, 39.5133)	(23, 39.452)	(24, 39.4)	(25, 39.3402)	(26, 39.2396)	(27, 39.1635)	(28, 39.0875)	(29, 39.0218)	(30, 38.9532)	(31, 38.8961)	(32, 38.835)	(33, 38.783)	(34, 38.9659)	(35, 39.0412)	(36, 39.083)	(37, 39.0676)	(38, 39.0375)	(39, 39.0058)	(40, 38.9606)	(41, 38.9227)	(42, 38.8815)	(43, 38.8255)	(44, 38.7497)	(45, 38.6764)	(46, 38.5767)	(47, 38.4958)	(48, 38.4076)	(49, 38.349)	(50, 38.4363)	(51, 38.4572)	(52, 38.4131)	(53, 38.3691)	(54, 38.298)	(55, 38.2421)	(56, 38.176)	(57, 38.0826)	(58, 37.9549)	(59, 37.8445)	(60, 37.7242)	(61, 37.5979)	(62, 37.4794)	(63, 37.3321)	(64, 37.1541)	(65, 36.992)	(66, 36.804)	(67, 36.6094)	(68, 36.4557)	(69, 36.2676)	(70, 36.0815)	(71, 35.8824)	(72, 35.7294)	(73, 35.5844)	(74, 35.4118)	(75, 35.2752)	(76, 33.7611)	(77, 34.393)	(78, 34.6705)	(79, 34.6981)	(80, 34.6055)	(81, 34.4949)	(82, 34.3625)	(83, 34.2001)	(84, 34.048)	(85, 33.8973)	(86, 33.7556)	(87, 33.6101)	(88, 33.4939)	(89, 33.3934)	(90, 33.3072)	(91, 33.2034)	(92, 33.0861)	(93, 32.8561)	(94, 32.8631)	(95, 32.795)	(96, 32.601)	(97, 32.4477)	(98, 32.3262)	(99, 32.2153)	(100, 32.0237)	(101, 30.0053)
SRR748280	(1, 33.0789)	(2, 33.3126)	(3, 33.3398)	(4, 36.6212)	(5, 36.5391)	(6, 36.5649)	(7, 36.5629)	(8, 36.5348)	(9, 38.4194)	(10, 38.4186)	(11, 38.4112)	(12, 38.4015)	(13, 38.3931)	(14, 40.0225)	(15, 40.0209)	(16, 40.0045)	(17, 39.9583)	(18, 39.9363)	(19, 39.9512)	(20, 39.8492)	(21, 39.839)	(22, 39.8477)	(23, 39.8328)	(24, 39.826)	(25, 39.7882)	(26, 39.7305)	(27, 39.6785)	(28, 39.6333)	(29, 39.5807)	(30, 39.7532)	(31, 39.7516)	(32, 39.777)	(33, 39.7812)	(34, 39.7653)	(35, 39.6981)	(36, 39.659)	(37, 39.6199)	(38, 39.5947)	(39, 39.5631)	(40, 39.5324)	(41, 39.4903)	(42, 39.4459)	(43, 39.4007)	(44, 39.3449)	(45, 39.296)	(46, 39.2419)	(47, 39.1712)	(48, 39.0768)	(49, 39.0151)	(50, 38.9136)	(51, 38.8412)	(52, 38.7674)	(53, 38.673)	(54, 38.5414)	(55, 38.4138)	(56, 38.4415)	(57, 38.3668)	(58, 38.3059)	(59, 38.2413)	(60, 38.1296)	(61, 38.0088)	(62, 37.8708)	(63, 37.7414)	(64, 37.6176)	(65, 37.4708)	(66, 37.3087)	(67, 37.1445)	(68, 36.968)	(69, 36.7824)	(70, 36.6053)	(71, 36.4226)	(72, 36.2401)	(73, 36.053)	(74, 35.8456)	(75, 35.6356)	(76, 34.8416)	(77, 35.0316)	(78, 35.0664)	(79, 34.9806)	(80, 34.8518)	(81, 34.7048)	(82, 34.572)	(83, 34.4386)	(84, 34.3183)	(85, 34.1842)	(86, 34.0722)	(87, 33.9517)	(88, 33.8567)	(89, 33.7587)	(90, 33.6586)	(91, 33.5502)	(92, 33.4489)	(93, 33.3454)	(94, 33.251)	(95, 33.1354)	(96, 33.0235)	(97, 32.8841)	(98, 32.748)	(99, 32.5768)	(100, 32.309)	(101, 28.4433)
SRR748295	(1, 32.6912)	(2, 32.9375)	(3, 33.0014)	(4, 36.4115)	(5, 36.321)	(6, 36.3176)	(7, 36.2796)	(8, 36.2575)	(9, 38.0327)	(10, 38.0196)	(11, 38.018)	(12, 38.0004)	(13, 37.9923)	(14, 39.5117)	(15, 39.5787)	(16, 39.5894)	(17, 39.5943)	(18, 39.5593)	(19, 39.5808)	(20, 39.5614)	(21, 39.5322)	(22, 39.5104)	(23, 39.4494)	(24, 39.3982)	(25, 39.3385)	(26, 39.2388)	(27, 39.1628)	(28, 39.0872)	(29, 39.0218)	(30, 38.9538)	(31, 38.8974)	(32, 38.837)	(33, 38.7858)	(34, 38.9702)	(35, 39.0458)	(36, 39.0887)	(37, 39.075)	(38, 39.0463)	(39, 39.0164)	(40, 38.9737)	(41, 38.9378)	(42, 38.8975)	(43, 38.8436)	(44, 38.7698)	(45, 38.6995)	(46, 38.6031)	(47, 38.5261)	(48, 38.4412)	(49, 38.3858)	(50, 38.4744)	(51, 38.4973)	(52, 38.4553)	(53, 38.4173)	(54, 38.3493)	(55, 38.2962)	(56, 38.2349)	(57, 38.1461)	(58, 38.0231)	(59, 37.9168)	(60, 37.8006)	(61, 37.6781)	(62, 37.5629)	(63, 37.4182)	(64, 37.2454)	(65, 37.0853)	(66, 36.8998)	(67, 36.7073)	(68, 36.5536)	(69, 36.368)	(70, 36.181)	(71, 35.9812)	(72, 35.8284)	(73, 35.6831)	(74, 35.507)	(75, 35.3681)	(76, 33.8439)	(77, 34.4768)	(78, 34.7525)	(79, 34.7765)	(80, 34.6795)	(81, 34.5632)	(82, 34.4277)	(83, 34.2609)	(84, 34.1041)	(85, 33.9482)	(86, 33.8047)	(87, 33.6561)	(88, 33.5369)	(89, 33.4324)	(90, 33.3428)	(91, 33.2382)	(92, 33.1199)	(93, 32.8884)	(94, 32.8969)	(95, 32.8278)	(96, 32.6337)	(97, 32.4811)	(98, 32.3588)	(99, 32.2492)	(100, 32.0602)	(101, 30.0442)
SRR748552	(1, 32.3906)	(2, 32.5932)	(3, 32.6376)	(4, 36.1445)	(5, 36.0261)	(6, 36.0296)	(7, 36.0246)	(8, 36.0214)	(9, 37.7287)	(10, 37.7245)	(11, 37.7221)	(12, 37.71)	(13, 37.7059)	(14, 39.1258)	(15, 39.1015)	(16, 39.081)	(17, 39.0577)	(18, 38.9549)	(19, 39.0687)	(20, 39.0589)	(21, 39.0379)	(22, 39.0094)	(23, 38.9836)	(24, 38.9695)	(25, 38.9307)	(26, 38.87)	(27, 38.826)	(28, 38.7868)	(29, 38.7488)	(30, 38.7081)	(31, 38.6497)	(32, 38.6)	(33, 38.8022)	(34, 38.8119)	(35, 38.8267)	(36, 38.8223)	(37, 38.7981)	(38, 38.7616)	(39, 38.7441)	(40, 38.7124)	(41, 38.6766)	(42, 38.6489)	(43, 38.5945)	(44, 38.5497)	(45, 38.5198)	(46, 38.4642)	(47, 38.4291)	(48, 38.3813)	(49, 38.3308)	(50, 38.2667)	(51, 38.2076)	(52, 38.1526)	(53, 38.0621)	(54, 37.9587)	(55, 37.8935)	(56, 37.7886)	(57, 37.6971)	(58, 37.5928)	(59, 37.485)	(60, 37.4018)	(61, 37.2798)	(62, 37.1517)	(63, 37.0167)	(64, 36.8741)	(65, 36.7435)	(66, 36.6086)	(67, 36.4744)	(68, 36.3384)	(69, 36.1704)	(70, 36.0157)	(71, 35.8735)	(72, 35.6915)	(73, 35.5271)	(74, 35.3732)	(75, 35.2204)	(76, 35.0665)	(77, 34.8951)	(78, 34.7234)	(79, 34.5745)	(80, 34.4206)	(81, 34.2731)	(82, 34.1384)	(83, 34.0084)	(84, 33.8857)	(85, 33.768)	(86, 33.6557)	(87, 33.5617)	(88, 33.4503)	(89, 33.3672)	(90, 33.3834)	(91, 33.339)	(92, 33.2676)	(93, 33.2072)	(94, 33.135)	(95, 33.0813)	(96, 32.9933)	(97, 32.9063)	(98, 32.78)	(99, 32.6641)	(100, 32.4751)	(101, 29.2858)
SRR748557	(1, 32.6088)	(2, 32.8715)	(3, 32.9228)	(4, 36.3711)	(5, 36.2747)	(6, 36.2754)	(7, 36.2621)	(8, 36.2502)	(9, 38.0176)	(10, 37.9979)	(11, 37.9859)	(12, 37.975)	(13, 37.9631)	(14, 39.4673)	(15, 39.4523)	(16, 39.409)	(17, 39.3978)	(18, 39.3259)	(19, 39.3473)	(20, 39.2606)	(21, 39.2532)	(22, 39.2433)	(23, 39.2139)	(24, 39.2015)	(25, 39.1551)	(26, 39.0886)	(27, 39.0309)	(28, 38.9782)	(29, 38.9099)	(30, 39.1105)	(31, 39.1305)	(32, 39.1482)	(33, 39.1462)	(34, 39.1226)	(35, 39.0717)	(36, 39.0034)	(37, 38.9603)	(38, 38.9257)	(39, 38.8821)	(40, 38.8351)	(41, 38.804)	(42, 38.7487)	(43, 38.6915)	(44, 38.6388)	(45, 38.5893)	(46, 38.529)	(47, 38.4476)	(48, 38.3731)	(49, 38.2615)	(50, 38.1863)	(51, 38.1094)	(52, 38.0389)	(53, 38.1101)	(54, 38.0669)	(55, 37.9956)	(56, 37.9017)	(57, 37.7789)	(58, 37.6709)	(59, 37.5803)	(60, 37.4599)	(61, 37.3357)	(62, 37.1857)	(63, 37.0664)	(64, 36.9636)	(65, 36.8241)	(66, 36.6713)	(67, 36.5032)	(68, 36.3352)	(69, 36.1629)	(70, 36.0004)	(71, 35.8124)	(72, 35.6426)	(73, 35.4546)	(74, 35.2217)	(75, 34.9927)	(76, 34.0861)	(77, 34.3094)	(78, 34.3793)	(79, 34.3076)	(80, 34.1943)	(81, 34.0453)	(82, 33.909)	(83, 33.7589)	(84, 33.6297)	(85, 33.4902)	(86, 33.3465)	(87, 33.1999)	(88, 33.0732)	(89, 32.9362)	(90, 32.8163)	(91, 32.6783)	(92, 32.5647)	(93, 32.4254)	(94, 32.2903)	(95, 32.1157)	(96, 31.9433)	(97, 31.747)	(98, 31.5576)	(99, 31.2849)	(100, 30.8822)	(101, 26.8099)
SRR768533	(1, 31.8788)	(2, 32.1398)	(3, 32.1795)	(4, 35.8062)	(5, 35.6696)	(6, 35.6845)	(7, 35.6657)	(8, 35.6523)	(9, 37.2498)	(10, 37.2419)	(11, 37.2284)	(12, 37.2065)	(13, 37.2012)	(14, 38.4648)	(15, 38.434)	(16, 38.3964)	(17, 38.3693)	(18, 38.3447)	(19, 38.402)	(20, 38.3782)	(21, 38.3414)	(22, 38.2994)	(23, 38.2523)	(24, 38.2326)	(25, 38.1752)	(26, 38.0853)	(27, 38.0158)	(28, 37.9658)	(29, 37.8951)	(30, 37.838)	(31, 37.7809)	(32, 37.7126)	(33, 37.6072)	(34, 37.5274)	(35, 37.4581)	(36, 37.3893)	(37, 37.3219)	(38, 37.2642)	(39, 37.1997)	(40, 37.3198)	(41, 37.4742)	(42, 37.5591)	(43, 37.5713)	(44, 37.5963)	(45, 37.5679)	(46, 37.5198)	(47, 37.4564)	(48, 37.3881)	(49, 37.3159)	(50, 37.2302)	(51, 37.1392)	(52, 36.924)	(53, 36.8693)	(54, 36.7785)	(55, 36.7414)	(56, 36.6976)	(57, 36.6342)	(58, 36.5484)	(59, 36.418)	(60, 36.2932)	(61, 36.1946)	(62, 36.0332)	(63, 35.9004)	(64, 35.7438)	(65, 35.5606)	(66, 35.3564)	(67, 35.1493)	(68, 34.9926)	(69, 34.8033)	(70, 34.6549)	(71, 34.4938)	(72, 34.3067)	(73, 34.1054)	(74, 33.9102)	(75, 33.7012)	(76, 32.8514)	(77, 33.1601)	(78, 33.2863)	(79, 33.2545)	(80, 33.1385)	(81, 32.9867)	(82, 32.8211)	(83, 32.639)	(84, 32.4446)	(85, 32.2606)	(86, 32.0844)	(87, 31.9169)	(88, 31.7599)	(89, 31.6275)	(90, 31.4214)	(91, 31.3281)	(92, 31.2173)	(93, 31.0798)	(94, 30.9437)	(95, 30.7688)	(96, 30.5688)	(97, 30.3839)	(98, 30.1712)	(99, 29.9655)	(100, 29.7334)	(101, 28.5442)
SRR787670	(1, 33.0105)	(2, 33.1638)	(3, 33.2026)	(4, 36.4747)	(5, 36.4206)	(6, 36.4237)	(7, 36.4178)	(8, 36.3921)	(9, 38.2512)	(10, 38.2472)	(11, 38.2472)	(12, 38.2378)	(13, 38.2257)	(14, 39.834)	(15, 39.8201)	(16, 39.8054)	(17, 39.796)	(18, 39.7563)	(19, 39.786)	(20, 39.7641)	(21, 39.7537)	(22, 39.7209)	(23, 39.7001)	(24, 39.6867)	(25, 39.6595)	(26, 39.6172)	(27, 39.5837)	(28, 39.5372)	(29, 39.5022)	(30, 39.459)	(31, 39.4209)	(32, 39.3749)	(33, 39.2929)	(34, 39.2569)	(35, 39.2257)	(36, 39.1837)	(37, 39.1321)	(38, 39.0575)	(39, 39.0193)	(40, 38.9712)	(41, 38.9139)	(42, 38.8373)	(43, 38.7591)	(44, 38.9102)	(45, 38.9345)	(46, 39.0786)	(47, 39.0918)	(48, 39.0617)	(49, 39.0107)	(50, 38.9331)	(51, 38.8564)	(52, 38.7669)	(53, 38.6861)	(54, 38.5862)	(55, 38.4902)	(56, 38.3679)	(57, 38.258)	(58, 38.1446)	(59, 38.0287)	(60, 37.8978)	(61, 37.762)	(62, 37.609)	(63, 37.465)	(64, 37.3171)	(65, 37.1558)	(66, 36.9935)	(67, 36.8265)	(68, 36.6461)	(69, 36.4596)	(70, 36.2718)	(71, 36.0674)	(72, 35.8786)	(73, 35.6714)	(74, 35.4587)	(75, 35.2351)	(76, 34.197)																									
SRR787690	(1, 33.025)	(2, 33.1784)	(3, 33.2171)	(4, 36.4865)	(5, 36.4323)	(6, 36.4349)	(7, 36.4317)	(8, 36.4073)	(9, 38.2692)	(10, 38.2649)	(11, 38.266)	(12, 38.255)	(13, 38.2461)	(14, 39.8579)	(15, 39.8453)	(16, 39.8308)	(17, 39.8209)	(18, 39.7755)	(19, 39.8091)	(20, 39.7901)	(21, 39.7752)	(22, 39.7433)	(23, 39.7233)	(24, 39.7088)	(25, 39.6829)	(26, 39.6396)	(27, 39.6059)	(28, 39.5607)	(29, 39.5268)	(30, 39.487)	(31, 39.4479)	(32, 39.3989)	(33, 39.3168)	(34, 39.2834)	(35, 39.2456)	(36, 39.2075)	(37, 39.1549)	(38, 39.0786)	(39, 39.0445)	(40, 38.9973)	(41, 38.9346)	(42, 38.8655)	(43, 38.7832)	(44, 38.9378)	(45, 38.9611)	(46, 39.1048)	(47, 39.1162)	(48, 39.0873)	(49, 39.0337)	(50, 38.9588)	(51, 38.8828)	(52, 38.7905)	(53, 38.7088)	(54, 38.6096)	(55, 38.5097)	(56, 38.3884)	(57, 38.2817)	(58, 38.1686)	(59, 38.0525)	(60, 37.9226)	(61, 37.791)	(62, 37.6391)	(63, 37.4937)	(64, 37.3427)	(65, 37.1863)	(66, 37.0215)	(67, 36.8502)	(68, 36.671)	(69, 36.4833)	(70, 36.2975)	(71, 36.0952)	(72, 35.9029)	(73, 35.6992)	(74, 35.4891)	(75, 35.2673)	(76, 34.2285)																									
SRR787697	(1, 32.7068)	(2, 32.8459)	(3, 32.8784)	(4, 36.1417)	(5, 36.1153)	(6, 36.1314)	(7, 36.1294)	(8, 36.1092)	(9, 37.8533)	(10, 37.8605)	(11, 37.8543)	(12, 37.8341)	(13, 37.8309)	(14, 39.2929)	(15, 39.2464)	(16, 39.2183)	(17, 39.1969)	(18, 39.1568)	(19, 39.1693)	(20, 39.13)	(21, 39.0805)	(22, 39.0162)	(23, 38.9736)	(24, 38.9205)	(25, 39.09)	(26, 39.0808)	(27, 39.0454)	(28, 39.0063)	(29, 38.9871)	(30, 38.9447)	(31, 38.8953)	(32, 38.8426)	(33, 38.7888)	(34, 38.7572)	(35, 38.7137)	(36, 38.6681)	(37, 38.6407)	(38, 38.5909)	(39, 38.5408)	(40, 38.6726)	(41, 38.6795)	(42, 38.6552)	(43, 38.6224)	(44, 38.5787)	(45, 38.5024)	(46, 38.4542)	(47, 38.3863)	(48, 38.3075)	(49, 38.2459)	(50, 38.1682)	(51, 36.5235)	(52, 37.1724)	(53, 37.6009)	(54, 37.7456)	(55, 37.7639)	(56, 37.6934)	(57, 37.6205)	(58, 37.4792)	(59, 37.3393)	(60, 37.2178)	(61, 37.088)	(62, 36.9336)	(63, 36.7672)	(64, 36.5807)	(65, 36.4294)	(66, 36.2479)	(67, 36.0507)	(68, 35.8651)	(69, 35.6615)	(70, 35.448)	(71, 35.218)	(72, 34.9722)	(73, 34.7126)	(74, 34.4298)	(75, 34.0932)	(76, 31.0922)																									
SRR792098	(1, 32.8206)	(2, 32.9834)	(3, 33.0039)	(4, 36.395)	(5, 36.3196)	(6, 36.3219)	(7, 36.3176)	(8, 36.2996)	(9, 38.1061)	(10, 38.0908)	(11, 38.0725)	(12, 38.066)	(13, 38.0476)	(14, 39.579)	(15, 39.5494)	(16, 39.5305)	(17, 39.5105)	(18, 39.4944)	(19, 39.5159)	(20, 39.486)	(21, 39.4583)	(22, 39.4242)	(23, 39.3851)	(24, 39.371)	(25, 39.3254)	(26, 39.2705)	(27, 39.2217)	(28, 39.171)	(29, 39.1228)	(30, 39.2723)	(31, 39.2802)	(32, 39.2646)	(33, 39.2435)	(34, 39.2188)	(35, 39.1798)	(36, 39.1434)	(37, 39.1078)	(38, 39.0599)	(39, 39.036)	(40, 38.9717)	(41, 38.932)	(42, 38.8805)	(43, 38.8334)	(44, 38.7793)	(45, 38.7187)	(46, 38.6546)	(47, 38.5845)	(48, 38.5051)	(49, 38.4388)	(50, 38.3489)	(51, 38.2769)	(52, 38.1831)	(53, 38.0759)	(54, 38.1755)	(55, 38.145)	(56, 38.0621)	(57, 37.9569)	(58, 37.8546)	(59, 37.7444)	(60, 37.619)	(61, 37.495)	(62, 37.3612)	(63, 37.2027)	(64, 37.0711)	(65, 36.9422)	(66, 36.7868)	(67, 36.634)	(68, 36.4874)	(69, 36.3342)	(70, 36.1759)	(71, 36.0061)	(72, 35.8484)	(73, 35.682)	(74, 35.5102)	(75, 35.3405)	(76, 32.8699)	(77, 33.9912)	(78, 34.5612)	(79, 34.6906)	(80, 34.6597)	(81, 34.571)	(82, 34.4507)	(83, 34.3177)	(84, 34.1959)	(85, 34.0609)	(86, 33.9402)	(87, 33.8297)	(88, 33.7272)	(89, 33.636)	(90, 33.5469)	(91, 33.4703)	(92, 33.3928)	(93, 33.2958)	(94, 33.219)	(95, 33.1268)	(96, 33.0322)	(97, 32.9309)	(98, 32.827)	(99, 32.7183)	(100, 32.6143)	
SRR867663	(1, 32.8683)	(2, 33.0081)	(3, 33.0482)	(4, 36.3726)	(5, 36.2536)	(6, 36.198)	(7, 36.2345)	(8, 36.071)	(9, 37.9334)	(10, 38.0067)	(11, 38.0413)	(12, 38.0454)	(13, 38.0533)	(14, 39.6365)	(15, 39.6314)	(16, 39.6211)	(17, 39.6178)	(18, 39.6051)	(19, 39.6077)	(20, 39.6074)	(21, 39.6041)	(22, 39.5889)	(23, 39.5663)	(24, 39.5528)	(25, 39.5258)	(26, 39.5128)	(27, 39.4813)	(28, 39.4158)	(29, 39.418)	(30, 39.4005)	(31, 39.3728)	(32, 39.2645)	(33, 39.2722)	(34, 39.2575)	(35, 39.2344)	(36, 39.2097)	(37, 39.1713)	(38, 39.121)	(39, 39.0805)	(40, 39.0347)	(41, 38.9847)	(42, 38.9336)	(43, 38.8423)	(44, 38.7832)	(45, 38.6833)	(46, 38.8353)	(47, 38.8268)	(48, 38.7867)	(49, 38.7398)	(50, 38.6595)	(51, 38.5654)	(52, 38.4812)	(53, 38.3791)	(54, 38.2883)	(55, 38.1861)	(56, 38.0668)	(57, 37.9424)	(58, 37.8163)	(59, 37.6912)	(60, 37.5481)	(61, 37.4011)	(62, 37.2578)	(63, 37.1032)	(64, 36.9366)	(65, 36.7817)	(66, 36.6191)	(67, 36.445)	(68, 36.2699)	(69, 36.085)	(70, 35.9092)	(71, 35.7268)	(72, 35.5284)	(73, 35.3283)	(74, 35.1478)	(75, 34.9444)	(76, 34.1966)																									
