Sample	0	1	2	3	4	5	6	7	8	9	10	11	12	13	14	15	16	17	18	19	20	21	22	23	24	25	26	27	28	29	30	31	32	33	34	35	36	37	38	39	40	41	42	43	44	45	46	47	48	49	50	51	52	53	54	55	56	57	58	59	60	61	62	63	64	65	66	67	68	69	70	71	72	73	74	75	76	77	78	79	80	81	82	83	84	85	86	87	88	89	90	91	92	93	94	95	96	97	98	99	100
ERR031854	(1, 44.5396)	(2, 41.9693)	(3, 42.099399999999996)	(4, 43.7124)	(5, 43.007400000000004)	(6, 44.9464)	(7, 43.6861)	(8, 42.798)	(9, 43.446)	(10, 43.717299999999994)	(11, 43.3092)	(12, 43.5482)	(13, 43.3839)	(14, 43.1569)	(15, 43.4602)	(16, 43.5834)	(17, 43.4579)	(18, 43.7518)	(19, 43.727199999999996)	(20, 43.6586)	(21, 43.9187)	(22, 43.88)	(23, 43.7914)	(24, 43.9825)	(25, 43.9886)	(26, 43.8759)	(27, 44.0884)	(28, 44.1107)	(29, 44.0445)	(30, 44.2106)	(31, 44.115500000000004)	(32, 44.040800000000004)	(33, 44.264700000000005)	(34, 44.1389)	(35, 44.0894)	(36, 44.277899999999995)	(37, 44.2283)	(38, 44.1669)	(39, 44.372699999999995)	(40, 44.3465)	(41, 44.2586)	(42, 44.395)	(43, 44.3363)	(44, 44.2729)	(45, 44.4255)	(46, 44.4353)	(47, 44.3376)	(48, 44.4946)	(49, 44.4694)	(50, 44.4243)	(51, 44.6037)	(52, 44.5508)	(53, 44.5245)	(54, 44.6469)	(55, 44.6412)	(56, 44.7127)	(57, 44.7787)	(58, 44.757000000000005)	(59, 44.64)	(60, 44.811299999999996)	(61, 44.8176)	(62, 44.7716)	(63, 44.9009)	(64, 44.9025)	(65, 44.8378)	(66, 45.012)	(67, 44.9786)	(68, 44.9312)	(69, 45.086999999999996)	(70, 45.0477)	(71, 45.0317)	(72, 45.1697)	(73, 45.1549)	(74, 45.101200000000006)	(75, 45.2937)	(76, 45.0799)	(77, 45.0747)	(78, 45.2252)	(79, 45.2334)	(80, 45.1589)	(81, 45.326499999999996)	(82, 45.278800000000004)	(83, 45.241)	(84, 45.409)	(85, 45.3842)	(86, 45.3358)	(87, 45.4441)	(88, 45.4423)	(89, 45.4349)	(90, 45.590599999999995)											
ERR031893	(1, 40.888200000000005)	(2, 41.6519)	(3, 42.3151)	(4, 42.639500000000005)	(5, 42.4675)	(6, 44.1378)	(7, 43.0794)	(8, 42.6958)	(9, 42.963499999999996)	(10, 43.0439)	(11, 42.8008)	(12, 42.9711)	(13, 42.8)	(14, 42.771)	(15, 43.0039)	(16, 43.0942)	(17, 43.0513)	(18, 43.3652)	(19, 43.3289)	(20, 43.3004)	(21, 43.5599)	(22, 43.5277)	(23, 43.522499999999994)	(24, 43.6644)	(25, 43.6809)	(26, 43.6073)	(27, 43.8032)	(28, 43.810700000000004)	(29, 43.7852)	(30, 43.9247)	(31, 43.8273)	(32, 43.837900000000005)	(33, 44.0374)	(34, 43.911899999999996)	(35, 43.949)	(36, 44.088100000000004)	(37, 44.013600000000004)	(38, 44.0025)	(39, 44.1834)	(40, 44.156099999999995)	(41, 44.1297)	(42, 44.2309)	(43, 44.1714)	(44, 44.197399999999995)	(45, 44.2896)	(46, 44.2831)	(47, 44.284800000000004)	(48, 44.393)	(49, 44.3241)	(50, 44.3359)	(51, 44.5122)	(52, 44.4328)	(53, 44.45)	(54, 44.558)	(55, 44.5391)	(56, 44.5804)	(57, 44.6827)	(58, 44.6584)	(59, 44.6109)	(60, 44.7511)	(61, 44.7594)	(62, 44.763)	(63, 44.8626)	(64, 44.8489)	(65, 44.8302)	(66, 44.9788)	(67, 44.947700000000005)	(68, 44.9224)	(69, 45.0764)	(70, 45.055499999999995)	(71, 45.0786)	(72, 45.1932)	(73, 45.1698)	(74, 45.1725)	(75, 45.3295)	(76, 45.151)	(77, 45.1832)	(78, 45.3091)	(79, 45.2836)	(80, 45.3004)	(81, 45.4116)	(82, 45.4099)	(83, 45.4163)	(84, 45.549299999999995)	(85, 45.533699999999996)	(86, 45.542100000000005)	(87, 45.6723)	(88, 45.6698)	(89, 45.717600000000004)	(90, 45.8187)											
ERR031925	(1, 41.3657)	(2, 42.464200000000005)	(3, 42.992999999999995)	(4, 43.238)	(5, 43.092000000000006)	(6, 45.056000000000004)	(7, 43.6545)	(8, 43.394800000000004)	(9, 43.8154)	(10, 43.6665)	(11, 43.2981)	(12, 43.4643)	(13, 43.326)	(14, 43.3039)	(15, 43.6286)	(16, 43.6987)	(17, 43.6209)	(18, 43.9588)	(19, 43.885600000000004)	(20, 43.877300000000005)	(21, 44.141799999999996)	(22, 44.0734)	(23, 44.0678)	(24, 44.224999999999994)	(25, 44.2185)	(26, 44.157999999999994)	(27, 44.3491)	(28, 44.3249)	(29, 44.2989)	(30, 44.466699999999996)	(31, 44.3613)	(32, 44.3658)	(33, 44.5511)	(34, 44.4427)	(35, 44.461800000000004)	(36, 44.6227)	(37, 44.519)	(38, 44.5135)	(39, 44.7061)	(40, 44.6351)	(41, 44.6109)	(42, 44.7279)	(43, 44.669599999999996)	(44, 44.689499999999995)	(45, 44.8023)	(46, 44.7586)	(47, 44.7466)	(48, 44.8885)	(49, 44.8068)	(50, 44.8203)	(51, 44.9716)	(52, 44.8956)	(53, 44.9)	(54, 45.014199999999995)	(55, 45.0195)	(56, 45.068599999999996)	(57, 45.1599)	(58, 45.1261)	(59, 45.0938)	(60, 45.238499999999995)	(61, 45.2138)	(62, 45.2127)	(63, 45.331700000000005)	(64, 45.3205)	(65, 45.2768)	(66, 45.459500000000006)	(67, 45.393299999999996)	(68, 45.3969)	(69, 45.5403)	(70, 45.5107)	(71, 45.5348)	(72, 45.6429)	(73, 45.6069)	(74, 45.6241)	(75, 45.7928)	(76, 45.588)	(77, 45.6337)	(78, 45.7654)	(79, 45.7401)	(80, 45.7593)	(81, 45.8831)	(82, 45.8499)	(83, 45.8741)	(84, 46.0437)	(85, 46.0009)	(86, 46.0117)	(87, 46.1336)	(88, 46.1602)	(89, 46.1451)	(90, 46.3211)											
ERR031976	(1, 42.6123)	(2, 42.7479)	(3, 43.5599)	(4, 43.6912)	(5, 43.5985)	(6, 44.9349)	(7, 44.1326)	(8, 43.7393)	(9, 43.9288)	(10, 44.006699999999995)	(11, 43.8615)	(12, 44.0376)	(13, 43.895)	(14, 43.8483)	(15, 44.0588)	(16, 44.1236)	(17, 44.0905)	(18, 44.3759)	(19, 44.3154)	(20, 44.3501)	(21, 44.5594)	(22, 44.5307)	(23, 44.539899999999996)	(24, 44.683299999999996)	(25, 44.6753)	(26, 44.6676)	(27, 44.840999999999994)	(28, 44.8129)	(29, 44.786300000000004)	(30, 44.937)	(31, 44.8817)	(32, 44.872299999999996)	(33, 45.048899999999996)	(34, 44.9696)	(35, 44.974599999999995)	(36, 45.1203)	(37, 45.074799999999996)	(38, 45.0652)	(39, 45.23)	(40, 45.2072)	(41, 45.1534)	(42, 45.2636)	(43, 45.230599999999995)	(44, 45.2259)	(45, 45.3445)	(46, 45.3073)	(47, 45.2971)	(48, 45.4426)	(49, 45.362700000000004)	(50, 45.3666)	(51, 45.4964)	(52, 45.4652)	(53, 45.4513)	(54, 45.5607)	(55, 45.5591)	(56, 45.5809)	(57, 45.6956)	(58, 45.7104)	(59, 45.623999999999995)	(60, 45.7474)	(61, 45.7405)	(62, 45.745799999999996)	(63, 45.8495)	(64, 45.846599999999995)	(65, 45.8166)	(66, 45.9717)	(67, 45.9152)	(68, 45.909299999999995)	(69, 46.0698)	(70, 46.043099999999995)	(71, 46.1093)	(72, 46.2206)	(73, 46.1946)	(74, 46.199)	(75, 46.3244)	(76, 46.1943)	(77, 46.216)	(78, 46.3108)	(79, 46.3252)	(80, 46.3088)	(81, 46.4162)	(82, 46.4113)	(83, 46.4195)	(84, 46.556)	(85, 46.558899999999994)	(86, 46.577600000000004)	(87, 46.692099999999996)	(88, 46.7136)	(89, 46.7519)	(90, 46.8918)											
ERR031982	(1, 42.612)	(2, 42.7734)	(3, 43.5085)	(4, 43.7133)	(5, 43.6427)	(6, 44.9322)	(7, 44.152)	(8, 43.748799999999996)	(9, 43.9157)	(10, 43.959399999999995)	(11, 43.8626)	(12, 43.9984)	(13, 43.879400000000004)	(14, 43.817099999999996)	(15, 44.0317)	(16, 44.0982)	(17, 44.0552)	(18, 44.358399999999996)	(19, 44.2932)	(20, 44.306)	(21, 44.5342)	(22, 44.4932)	(23, 44.5182)	(24, 44.6461)	(25, 44.649499999999996)	(26, 44.6127)	(27, 44.793)	(28, 44.770900000000005)	(29, 44.764700000000005)	(30, 44.8988)	(31, 44.8421)	(32, 44.8322)	(33, 45.0015)	(34, 44.9249)	(35, 44.9315)	(36, 45.0758)	(37, 45.0154)	(38, 45.0245)	(39, 45.1515)	(40, 45.134600000000006)	(41, 45.1125)	(42, 45.2166)	(43, 45.173)	(44, 45.1772)	(45, 45.293499999999995)	(46, 45.2691)	(47, 45.242399999999996)	(48, 45.373999999999995)	(49, 45.3087)	(50, 45.3213)	(51, 45.461200000000005)	(52, 45.4152)	(53, 45.4047)	(54, 45.5094)	(55, 45.4965)	(56, 45.5265)	(57, 45.633)	(58, 45.6098)	(59, 45.580999999999996)	(60, 45.6918)	(61, 45.7042)	(62, 45.6955)	(63, 45.7906)	(64, 45.7879)	(65, 45.759100000000004)	(66, 45.8908)	(67, 45.8468)	(68, 45.8578)	(69, 45.972)	(70, 45.9787)	(71, 46.0514)	(72, 46.1413)	(73, 46.104099999999995)	(74, 46.1203)	(75, 46.2554)	(76, 46.124500000000005)	(77, 46.1489)	(78, 46.2538)	(79, 46.2411)	(80, 46.2401)	(81, 46.353899999999996)	(82, 46.3394)	(83, 46.3316)	(84, 46.4906)	(85, 46.482600000000005)	(86, 46.513)	(87, 46.605000000000004)	(88, 46.636)	(89, 46.663700000000006)	(90, 46.814299999999996)											
ERR034521	(1, 39.868700000000004)	(2, 40.781099999999995)	(3, 42.3665)	(4, 42.408)	(5, 42.1427)	(6, 42.9395)	(7, 42.815999999999995)	(8, 42.2562)	(9, 42.402)	(10, 42.863099999999996)	(11, 42.7735)	(12, 42.858000000000004)	(13, 42.7041)	(14, 42.7395)	(15, 42.8891)	(16, 42.8949)	(17, 43.0214)	(18, 43.2074)	(19, 43.2067)	(20, 43.294399999999996)	(21, 43.4264)	(22, 43.4335)	(23, 43.4901)	(24, 43.640699999999995)	(25, 43.6253)	(26, 43.6558)	(27, 43.8267)	(28, 43.7536)	(29, 43.801899999999996)	(30, 43.8927)	(31, 43.8825)	(32, 43.913000000000004)	(33, 44.0187)	(34, 43.9654)	(35, 44.056400000000004)	(36, 44.0997)	(37, 44.0551)	(38, 44.3341)	(39, 44.238499999999995)	(40, 44.1525)	(41, 44.1714)	(42, 44.2757)	(43, 44.2751)	(44, 44.2461)	(45, 44.3309)	(46, 44.3358)	(47, 44.3178)	(48, 44.4038)	(49, 44.3839)	(50, 44.369)	(51, 44.4705)	(52, 44.4579)	(53, 44.4447)	(54, 44.575199999999995)	(55, 44.5537)	(56, 44.5391)	(57, 44.6176)	(58, 44.5982)	(59, 44.6034)	(60, 44.684000000000005)	(61, 44.6639)	(62, 44.6785)	(63, 44.7421)	(64, 44.7158)	(65, 44.731700000000004)	(66, 44.8116)	(67, 44.7977)	(68, 44.8033)	(69, 44.8851)	(70, 44.8476)	(71, 44.897999999999996)	(72, 44.9441)	(73, 44.9069)	(74, 44.9096)	(75, 45.0263)	(76, 44.9014)	(77, 44.9558)	(78, 45.0177)	(79, 45.0079)	(80, 44.994299999999996)	(81, 45.0788)	(82, 45.0877)	(83, 45.0552)	(84, 45.1623)	(85, 45.1036)	(86, 45.1293)	(87, 45.1959)	(88, 45.1863)	(89, 45.2089)	(90, 45.2618)											
ERR034553	(1, 39.415800000000004)	(2, 40.1841)	(3, 41.8061)	(4, 41.903600000000004)	(5, 41.6807)	(6, 42.4281)	(7, 42.3525)	(8, 41.7579)	(9, 41.9287)	(10, 42.385400000000004)	(11, 42.295300000000005)	(12, 42.3815)	(13, 42.1864)	(14, 42.2577)	(15, 42.4213)	(16, 42.442)	(17, 42.564)	(18, 42.7451)	(19, 42.774)	(20, 42.8491)	(21, 43.000699999999995)	(22, 43.034099999999995)	(23, 43.0608)	(24, 43.234)	(25, 43.216100000000004)	(26, 43.2616)	(27, 43.394800000000004)	(28, 43.452600000000004)	(29, 43.3882)	(30, 43.5119)	(31, 43.4896)	(32, 43.519200000000005)	(33, 43.6385)	(34, 43.5895)	(35, 43.635000000000005)	(36, 43.7192)	(37, 43.6778)	(38, 43.6942)	(39, 43.8166)	(40, 43.7618)	(41, 43.7932)	(42, 43.8851)	(43, 43.8585)	(44, 43.849900000000005)	(45, 43.9697)	(46, 43.9297)	(47, 43.939299999999996)	(48, 44.0274)	(49, 43.9971)	(50, 43.992399999999996)	(51, 44.091)	(52, 44.0659)	(53, 44.067099999999996)	(54, 44.1601)	(55, 44.1284)	(56, 44.1575)	(57, 44.2271)	(58, 44.2071)	(59, 44.2154)	(60, 44.3069)	(61, 44.2783)	(62, 44.289)	(63, 44.3674)	(64, 44.329499999999996)	(65, 44.347500000000004)	(66, 44.4152)	(67, 44.407999999999994)	(68, 44.4089)	(69, 44.4917)	(70, 44.4716)	(71, 44.480199999999996)	(72, 44.562000000000005)	(73, 44.5361)	(74, 44.519)	(75, 44.630900000000004)	(76, 44.5398)	(77, 44.563399999999994)	(78, 44.6336)	(79, 44.6025)	(80, 44.6179)	(81, 44.686)	(82, 44.6596)	(83, 44.655899999999995)	(84, 44.7984)	(85, 44.703700000000005)	(86, 44.7217)	(87, 44.784600000000005)	(88, 44.7551)	(89, 44.7632)	(90, 44.8527)											
ERR034626	(1, 40.2367)	(2, 41.510999999999996)	(3, 42.7701)	(4, 42.815999999999995)	(5, 42.39)	(6, 43.3454)	(7, 43.1766)	(8, 42.6175)	(9, 42.7304)	(10, 43.485099999999996)	(11, 43.337199999999996)	(12, 43.373400000000004)	(13, 43.0811)	(14, 43.1221)	(15, 43.2699)	(16, 43.2817)	(17, 43.4127)	(18, 43.5829)	(19, 43.5747)	(20, 43.6834)	(21, 43.7878)	(22, 43.823499999999996)	(23, 43.8337)	(24, 44.0069)	(25, 43.9668)	(26, 44.0118)	(27, 44.154700000000005)	(28, 44.1202)	(29, 44.1503)	(30, 44.2658)	(31, 44.2388)	(32, 44.2655)	(33, 44.3525)	(34, 44.308)	(35, 44.3619)	(36, 44.4415)	(37, 44.4075)	(38, 44.459700000000005)	(39, 44.5271)	(40, 44.5034)	(41, 44.5676)	(42, 44.594899999999996)	(43, 44.5777)	(44, 44.6322)	(45, 44.6857)	(46, 44.6346)	(47, 44.683499999999995)	(48, 44.7324)	(49, 44.7123)	(50, 44.715700000000005)	(51, 44.801)	(52, 44.7746)	(53, 44.7988)	(54, 44.9032)	(55, 44.8493)	(56, 44.8769)	(57, 44.966)	(58, 44.9114)	(59, 44.9334)	(60, 45.0263)	(61, 44.992399999999996)	(62, 45.0079)	(63, 45.0627)	(64, 45.0245)	(65, 45.0696)	(66, 45.141799999999996)	(67, 45.1245)	(68, 45.1525)	(69, 45.2014)	(70, 45.172200000000004)	(71, 45.2134)	(72, 45.2613)	(73, 45.2772)	(74, 45.2502)	(75, 45.351200000000006)	(76, 45.197900000000004)	(77, 45.2466)	(78, 45.3377)	(79, 45.305299999999995)	(80, 45.3283)	(81, 45.3676)	(82, 45.3346)	(83, 45.3574)	(84, 45.4381)	(85, 45.4276)	(86, 45.401799999999994)	(87, 45.4533)	(88, 45.4326)	(89, 45.4635)	(90, 45.5295)											
ERR047840	(1, 42.6984)	(2, 43.3282)	(3, 43.4897)	(4, 43.7242)	(5, 43.8589)	(6, 44.7311)	(7, 44.0964)	(8, 43.8818)	(9, 43.982)	(10, 43.8978)	(11, 43.943599999999996)	(12, 44.0055)	(13, 43.8855)	(14, 43.8213)	(15, 44.0372)	(16, 44.0292)	(17, 44.0627)	(18, 44.2852)	(19, 44.251200000000004)	(20, 44.3149)	(21, 44.4701)	(22, 44.4224)	(23, 44.4717)	(24, 44.612)	(25, 44.6113)	(26, 44.6226)	(27, 44.796)	(28, 44.7271)	(29, 44.7156)	(30, 44.8262)	(31, 44.805)	(32, 44.8056)	(33, 44.9259)	(34, 44.893499999999996)	(35, 44.9099)	(36, 45.0168)	(37, 44.9718)	(38, 44.9886)	(39, 45.1039)	(40, 45.0609)	(41, 45.0647)	(42, 45.157399999999996)	(43, 45.115300000000005)	(44, 45.122099999999996)	(45, 45.243100000000005)	(46, 45.1948)	(47, 45.1987)	(48, 45.3032)	(49, 45.2605)	(50, 45.171099999999996)	(51, 45.3604)	(52, 45.3489)	(53, 45.3258)	(54, 45.4476)	(55, 45.4108)	(56, 45.4204)	(57, 45.4982)	(58, 45.4884)	(59, 45.4383)	(60, 45.5488)	(61, 45.5698)	(62, 45.5272)	(63, 45.671800000000005)	(64, 45.6318)	(65, 45.6284)	(66, 45.725300000000004)	(67, 45.7189)	(68, 45.7181)	(69, 45.8082)	(70, 45.7894)	(71, 45.7964)	(72, 45.887699999999995)	(73, 45.8455)	(74, 45.8465)	(75, 45.974199999999996)	(76, 45.791900000000005)	(77, 45.8341)	(78, 45.929700000000004)	(79, 45.8952)	(80, 45.9075)	(81, 45.989999999999995)	(82, 45.9621)	(83, 45.9445)	(84, 46.0525)	(85, 46.0146)	(86, 46.0128)	(87, 46.0956)	(88, 46.0708)	(89, 46.089999999999996)	(90, 46.1715)											
ERR050746	(1, 43.8504)	(2, 45.5081)	(3, 45.3969)	(4, 45.6586)	(5, 45.5999)	(6, 46.664)	(7, 46.0161)	(8, 45.7684)	(9, 45.868700000000004)	(10, 45.886300000000006)	(11, 45.9202)	(12, 46.0554)	(13, 45.873599999999996)	(14, 45.8629)	(15, 46.0245)	(16, 46.0259)	(17, 46.083)	(18, 46.2714)	(19, 46.2357)	(20, 46.3117)	(21, 46.4668)	(22, 46.4389)	(23, 46.4668)	(24, 46.6136)	(25, 46.5684)	(26, 46.5875)	(27, 46.7087)	(28, 46.6902)	(29, 46.6804)	(30, 46.803)	(31, 46.757)	(32, 46.7773)	(33, 46.913199999999996)	(34, 46.8519)	(35, 46.880500000000005)	(36, 46.9792)	(37, 46.9267)	(38, 46.9433)	(39, 47.0521)	(40, 47.016000000000005)	(41, 47.027)	(42, 47.1307)	(43, 47.091300000000004)	(44, 47.091100000000004)	(45, 47.1919)	(46, 47.1387)	(47, 47.146100000000004)	(48, 47.2386)	(49, 47.1991)	(50, 47.2118)	(51, 47.2978)	(52, 47.2742)	(53, 47.2633)	(54, 47.360600000000005)	(55, 47.315400000000004)	(56, 47.3355)	(57, 47.3993)	(58, 47.3533)	(59, 47.3602)	(60, 47.4542)	(61, 47.417500000000004)	(62, 47.425)	(63, 47.4997)	(64, 47.450199999999995)	(65, 47.4536)	(66, 47.543)	(67, 47.5084)	(68, 47.5048)	(69, 47.5846)	(70, 47.5451)	(71, 47.5512)	(72, 47.6212)	(73, 47.5738)	(74, 47.5761)	(75, 47.6586)	(76, 47.661500000000004)	(77, 47.5925)	(78, 47.6599)	(79, 47.610200000000006)	(80, 47.6245)	(81, 47.6746)	(82, 47.653099999999995)	(83, 47.650999999999996)	(84, 47.7169)	(85, 47.6722)	(86, 47.6516)	(87, 47.7039)	(88, 47.686099999999996)	(89, 47.6878)	(90, 47.751)											
ERR250439	(1, 43.219)	(2, 42.4541)	(3, 43.5499)	(4, 43.7206)	(5, 43.6102)	(6, 44.5255)	(7, 44.1632)	(8, 43.7933)	(9, 43.966100000000004)	(10, 44.1923)	(11, 44.0976)	(12, 44.3744)	(13, 44.1258)	(14, 44.0589)	(15, 44.2461)	(16, 44.2365)	(17, 44.262499999999996)	(18, 44.5028)	(19, 44.4999)	(20, 44.4859)	(21, 44.6777)	(22, 44.6672)	(23, 44.79)	(24, 44.8337)	(25, 44.797599999999996)	(26, 44.7819)	(27, 44.9634)	(28, 44.9232)	(29, 44.9025)	(30, 45.0559)	(31, 45.0196)	(32, 45.1476)	(33, 45.1597)	(34, 45.2059)	(35, 45.0922)	(36, 45.3215)	(37, 45.1907)	(38, 45.163799999999995)	(39, 45.3174)	(40, 45.3405)	(41, 45.2224)	(42, 45.3616)	(43, 45.3405)	(44, 45.2674)	(45, 45.501599999999996)	(46, 45.3694)	(47, 45.3414)	(48, 45.4745)	(49, 45.433299999999996)	(50, 45.3549)	(51, 45.5196)	(52, 45.474399999999996)	(53, 45.391999999999996)	(54, 45.5213)	(55, 45.4602)	(56, 45.447500000000005)	(57, 45.5584)	(58, 45.5545)	(59, 45.474399999999996)	(60, 45.6062)	(61, 45.554)	(62, 45.5314)	(63, 45.6192)	(64, 45.5756)	(65, 45.5395)	(66, 45.6488)	(67, 45.618700000000004)	(68, 45.6001)	(69, 45.697700000000005)	(70, 45.6601)	(71, 45.6613)	(72, 45.751599999999996)	(73, 45.687)	(74, 45.6235)	(75, 45.7509)	(76, 45.696999999999996)	(77, 45.6626)	(78, 45.7648)	(79, 45.7418)	(80, 45.6997)	(81, 45.781)	(82, 45.7415)	(83, 45.7778)	(84, 45.9106)	(85, 45.7745)	(86, 45.7135)	(87, 45.8106)	(88, 45.7566)	(89, 45.7742)	(90, 45.8521)	(91, 45.8057)	(92, 45.7622)	(93, 45.9385)	(94, 45.8213)	(95, 45.769999999999996)	(96, 45.8412)	(97, 45.8296)	(98, 45.8141)	(99, 45.8579)	(100, 45.8335)	
ERR250457	(1, 43.3586)	(2, 42.7712)	(3, 43.8722)	(4, 43.993900000000004)	(5, 43.8873)	(6, 44.837199999999996)	(7, 44.4295)	(8, 44.0069)	(9, 44.245200000000004)	(10, 44.278600000000004)	(11, 44.2892)	(12, 44.4527)	(13, 44.547)	(14, 44.32)	(15, 44.47)	(16, 44.4791)	(17, 44.4735)	(18, 44.817299999999996)	(19, 44.794)	(20, 44.703199999999995)	(21, 44.8884)	(22, 44.865500000000004)	(23, 44.9923)	(24, 45.0327)	(25, 45.103)	(26, 44.9852)	(27, 45.158100000000005)	(28, 45.2528)	(29, 45.1018)	(30, 45.243100000000005)	(31, 45.305499999999995)	(32, 45.1882)	(33, 45.3358)	(34, 45.3888)	(35, 45.2917)	(36, 45.535)	(37, 45.3647)	(38, 45.3622)	(39, 45.4918)	(40, 45.4448)	(41, 45.4961)	(42, 45.5585)	(43, 45.5049)	(44, 45.5667)	(45, 45.6304)	(46, 45.5667)	(47, 45.5407)	(48, 45.667)	(49, 45.6299)	(50, 45.6702)	(51, 45.6926)	(52, 45.6796)	(53, 45.567099999999996)	(54, 45.7151)	(55, 45.663399999999996)	(56, 45.7196)	(57, 45.7543)	(58, 45.692)	(59, 45.6647)	(60, 45.7947)	(61, 45.773399999999995)	(62, 45.724900000000005)	(63, 45.8035)	(64, 45.7671)	(65, 45.7616)	(66, 45.854)	(67, 45.826499999999996)	(68, 45.766)	(69, 45.8896)	(70, 45.8711)	(71, 45.8256)	(72, 45.9259)	(73, 45.8758)	(74, 45.8185)	(75, 45.962599999999995)	(76, 45.8766)	(77, 45.846599999999995)	(78, 45.9482)	(79, 45.913)	(80, 45.867799999999995)	(81, 46.183600000000006)	(82, 45.9276)	(83, 45.8842)	(84, 46.002500000000005)	(85, 45.9557)	(86, 45.8905)	(87, 45.9815)	(88, 45.9467)	(89, 45.94)	(90, 46.010400000000004)	(91, 45.974599999999995)	(92, 45.9481)	(93, 46.0314)	(94, 46.047399999999996)	(95, 45.9675)	(96, 46.0283)	(97, 46.000099999999996)	(98, 45.9431)	(99, 46.0948)	(100, 46.0183)	
ERR250529	(1, 43.5219)	(2, 42.5497)	(3, 43.572)	(4, 43.7763)	(5, 43.6004)	(6, 44.5703)	(7, 44.2575)	(8, 43.7671)	(9, 44.0648)	(10, 44.191399999999994)	(11, 44.2066)	(12, 44.3641)	(13, 44.2628)	(14, 44.194)	(15, 44.3589)	(16, 44.3703)	(17, 44.361)	(18, 44.594899999999996)	(19, 44.6257)	(20, 44.5921)	(21, 44.8083)	(22, 44.771100000000004)	(23, 44.757200000000005)	(24, 44.9612)	(25, 44.9155)	(26, 44.906)	(27, 45.0633)	(28, 45.0281)	(29, 45.0099)	(30, 45.1577)	(31, 45.1353)	(32, 45.1062)	(33, 45.2412)	(34, 45.2053)	(35, 45.183099999999996)	(36, 45.2968)	(37, 45.243100000000005)	(38, 45.2131)	(39, 45.3393)	(40, 45.3146)	(41, 45.285)	(42, 45.447199999999995)	(43, 45.4193)	(44, 45.378800000000005)	(45, 45.487)	(46, 45.4416)	(47, 45.4149)	(48, 45.543)	(49, 45.4974)	(50, 45.4515)	(51, 45.5552)	(52, 45.527)	(53, 45.488299999999995)	(54, 45.5879)	(55, 45.5858)	(56, 45.5258)	(57, 45.6267)	(58, 45.5984)	(59, 45.5508)	(60, 45.6751)	(61, 45.644400000000005)	(62, 45.617799999999995)	(63, 45.6925)	(64, 45.6712)	(65, 45.5981)	(66, 45.7264)	(67, 45.7031)	(68, 45.652300000000004)	(69, 45.7658)	(70, 45.7341)	(71, 45.7083)	(72, 45.7902)	(73, 45.7499)	(74, 45.7085)	(75, 45.8365)	(76, 45.7619)	(77, 45.7171)	(78, 45.8124)	(79, 45.8223)	(80, 45.772400000000005)	(81, 45.8609)	(82, 45.8841)	(83, 45.8179)	(84, 45.9103)	(85, 45.8373)	(86, 45.7955)	(87, 45.873000000000005)	(88, 45.8185)	(89, 45.8275)	(90, 45.9196)	(91, 45.9031)	(92, 45.825500000000005)	(93, 45.8897)	(94, 45.8893)	(95, 45.8417)	(96, 45.9033)	(97, 45.8709)	(98, 45.8103)	(99, 45.9075)	(100, 45.8797)	
ERR250603	(1, 42.6924)	(2, 41.804)	(3, 43.0121)	(4, 43.1161)	(5, 43.2146)	(6, 44.2511)	(7, 43.7734)	(8, 43.4066)	(9, 43.647200000000005)	(10, 43.6775)	(11, 43.5965)	(12, 43.8015)	(13, 43.6654)	(14, 43.6631)	(15, 43.8678)	(16, 43.8461)	(17, 43.8406)	(18, 44.1118)	(19, 44.084)	(20, 44.1083)	(21, 44.2873)	(22, 44.2861)	(23, 44.249)	(24, 44.453900000000004)	(25, 44.4296)	(26, 44.415)	(27, 44.5892)	(28, 44.541399999999996)	(29, 44.5093)	(30, 44.683299999999996)	(31, 44.6621)	(32, 44.6271)	(33, 44.7814)	(34, 44.7235)	(35, 44.705)	(36, 44.8592)	(37, 44.805099999999996)	(38, 44.7681)	(39, 44.9162)	(40, 44.859500000000004)	(41, 44.8343)	(42, 45.014199999999995)	(43, 44.9425)	(44, 44.8936)	(45, 45.042)	(46, 44.9886)	(47, 44.9495)	(48, 45.068799999999996)	(49, 45.0314)	(50, 44.9889)	(51, 45.1317)	(52, 45.0633)	(53, 44.9939)	(54, 45.1225)	(55, 45.081900000000005)	(56, 45.0431)	(57, 45.167)	(58, 45.1037)	(59, 45.089600000000004)	(60, 45.1836)	(61, 45.1519)	(62, 45.129000000000005)	(63, 45.2356)	(64, 45.1994)	(65, 45.14)	(66, 45.2684)	(67, 45.2479)	(68, 45.190599999999996)	(69, 45.318599999999996)	(70, 45.2559)	(71, 45.2142)	(72, 45.331900000000005)	(73, 45.2733)	(74, 45.2351)	(75, 45.363)	(76, 45.2962)	(77, 45.2573)	(78, 45.360499999999995)	(79, 45.319500000000005)	(80, 45.2829)	(81, 45.368)	(82, 45.3296)	(83, 45.293099999999995)	(84, 45.4166)	(85, 45.365100000000005)	(86, 45.333400000000005)	(87, 45.4032)	(88, 45.3729)	(89, 45.3517)	(90, 45.4274)	(91, 45.3743)	(92, 45.3547)	(93, 45.427499999999995)	(94, 45.393899999999995)	(95, 45.3492)	(96, 45.4334)	(97, 45.3712)	(98, 45.3787)	(99, 45.4458)	(100, 45.4223)	
ERR250643	(1, 43.8031)	(2, 42.8313)	(3, 43.8099)	(4, 43.9862)	(5, 43.886199999999995)	(6, 44.8406)	(7, 44.454100000000004)	(8, 44.006699999999995)	(9, 44.2917)	(10, 44.404900000000005)	(11, 44.4033)	(12, 44.5582)	(13, 44.4159)	(14, 44.390299999999996)	(15, 44.5661)	(16, 44.541)	(17, 44.5491)	(18, 44.7804)	(19, 44.7934)	(20, 44.785000000000004)	(21, 44.968399999999995)	(22, 44.9672)	(23, 44.9156)	(24, 45.137100000000004)	(25, 45.0863)	(26, 45.067099999999996)	(27, 45.237899999999996)	(28, 45.2125)	(29, 45.2398)	(30, 45.3431)	(31, 45.3303)	(32, 45.2857)	(33, 45.415299999999995)	(34, 45.373400000000004)	(35, 45.3709)	(36, 45.4895)	(37, 45.4484)	(38, 45.399899999999995)	(39, 45.534)	(40, 45.5177)	(41, 45.4893)	(42, 45.6157)	(43, 45.5737)	(44, 45.530100000000004)	(45, 45.675)	(46, 45.626400000000004)	(47, 45.5844)	(48, 45.7275)	(49, 45.686)	(50, 45.6378)	(51, 45.7569)	(52, 45.7101)	(53, 45.651599999999995)	(54, 45.786)	(55, 45.7479)	(56, 45.7416)	(57, 45.824799999999996)	(58, 45.769999999999996)	(59, 45.7559)	(60, 45.8776)	(61, 45.853899999999996)	(62, 45.8006)	(63, 45.911)	(64, 45.8517)	(65, 45.8299)	(66, 45.934000000000005)	(67, 45.9305)	(68, 45.8482)	(69, 45.9619)	(70, 45.9537)	(71, 45.897)	(72, 46.0207)	(73, 45.964)	(74, 45.9283)	(75, 46.065400000000004)	(76, 45.9773)	(77, 45.9127)	(78, 46.031800000000004)	(79, 45.9996)	(80, 45.9653)	(81, 46.0711)	(82, 46.0406)	(83, 45.9889)	(84, 46.104)	(85, 46.0713)	(86, 46.007)	(87, 46.1071)	(88, 46.0667)	(89, 46.0731)	(90, 46.145399999999995)	(91, 46.11)	(92, 46.0745)	(93, 46.1338)	(94, 46.1374)	(95, 46.077200000000005)	(96, 46.1825)	(97, 46.1376)	(98, 46.108399999999996)	(99, 46.2214)	(100, 46.2104)	
ERR250681	(1, 41.5983)	(2, 41.2198)	(3, 41.6488)	(4, 41.878)	(5, 42.0423)	(6, 42.8873)	(7, 42.5347)	(8, 42.0723)	(9, 42.3414)	(10, 42.3618)	(11, 42.3692)	(12, 42.4604)	(13, 42.3159)	(14, 42.3551)	(15, 42.5109)	(16, 42.525600000000004)	(17, 42.5143)	(18, 42.6979)	(19, 42.7245)	(20, 42.766999999999996)	(21, 42.911500000000004)	(22, 42.9155)	(23, 42.9014)	(24, 43.0836)	(25, 43.0629)	(26, 43.054500000000004)	(27, 43.1518)	(28, 43.1374)	(29, 43.124)	(30, 43.256699999999995)	(31, 43.227399999999996)	(32, 43.2395)	(33, 43.3219)	(34, 43.299)	(35, 43.3612)	(36, 43.3901)	(37, 43.337199999999996)	(38, 43.3344)	(39, 43.3979)	(40, 43.420500000000004)	(41, 43.3917)	(42, 43.4758)	(43, 43.4122)	(44, 43.4429)	(45, 43.5515)	(46, 43.4944)	(47, 43.4605)	(48, 43.5362)	(49, 43.5381)	(50, 43.5169)	(51, 43.5628)	(52, 43.5396)	(53, 43.4904)	(54, 43.5981)	(55, 43.5965)	(56, 43.5786)	(57, 43.6032)	(58, 43.5484)	(59, 43.564)	(60, 43.674800000000005)	(61, 43.6187)	(62, 43.6053)	(63, 43.6269)	(64, 43.6436)	(65, 43.6496)	(66, 43.6942)	(67, 43.669200000000004)	(68, 43.6142)	(69, 43.6968)	(70, 43.7201)	(71, 43.6796)	(72, 43.7271)	(73, 43.6909)	(74, 43.6975)	(75, 43.796099999999996)	(76, 43.7235)	(77, 43.682)	(78, 43.7311)	(79, 43.7246)	(80, 43.759)	(81, 43.7599)	(82, 43.721700000000006)	(83, 43.6665)	(84, 43.7922)	(85, 43.783)	(86, 43.7302)	(87, 43.7581)	(88, 43.7751)	(89, 43.782199999999996)	(90, 43.8274)	(91, 43.808)	(92, 43.7492)	(93, 43.7956)	(94, 43.801899999999996)	(95, 43.784)	(96, 43.8343)	(97, 43.8032)	(98, 43.777300000000004)	(99, 43.835800000000006)	(100, 43.839)	
ERR250992	(1, 43.9985)	(2, 43.3802)	(3, 44.3616)	(4, 44.5669)	(5, 44.424)	(6, 45.3855)	(7, 44.994)	(8, 44.5548)	(9, 44.8406)	(10, 44.906)	(11, 44.8645)	(12, 45.0953)	(13, 44.9426)	(14, 44.9172)	(15, 45.0777)	(16, 45.0756)	(17, 45.110299999999995)	(18, 45.3579)	(19, 45.3284)	(20, 45.3158)	(21, 45.537499999999994)	(22, 45.4914)	(23, 45.5049)	(24, 45.6602)	(25, 45.643299999999996)	(26, 45.610299999999995)	(27, 45.8081)	(28, 45.6932)	(29, 45.712199999999996)	(30, 45.8791)	(31, 45.8375)	(32, 45.8305)	(33, 45.9839)	(34, 45.931)	(35, 45.9221)	(36, 46.023399999999995)	(37, 45.9977)	(38, 45.9748)	(39, 46.106700000000004)	(40, 46.0615)	(41, 46.0684)	(42, 46.1972)	(43, 46.1192)	(44, 46.1097)	(45, 46.2418)	(46, 46.2003)	(47, 46.151399999999995)	(48, 46.306799999999996)	(49, 46.239799999999995)	(50, 46.1821)	(51, 46.3225)	(52, 46.265499999999996)	(53, 46.2228)	(54, 46.353)	(55, 46.312999999999995)	(56, 46.2832)	(57, 46.3975)	(58, 46.361799999999995)	(59, 46.3063)	(60, 46.4104)	(61, 46.393299999999996)	(62, 46.3602)	(63, 46.4575)	(64, 46.4274)	(65, 46.3776)	(66, 46.5038)	(67, 46.470800000000004)	(68, 46.4272)	(69, 46.5479)	(70, 46.511599999999994)	(71, 46.483799999999995)	(72, 46.5897)	(73, 46.5208)	(74, 46.5094)	(75, 46.6325)	(76, 46.5326)	(77, 46.497899999999994)	(78, 46.602)	(79, 46.5553)	(80, 46.539)	(81, 46.6252)	(82, 46.5692)	(83, 46.549)	(84, 46.6741)	(85, 46.6273)	(86, 46.565200000000004)	(87, 46.6729)	(88, 46.615899999999996)	(89, 46.6111)	(90, 46.6818)	(91, 46.619899999999994)	(92, 46.6198)	(93, 46.6965)	(94, 46.6606)	(95, 46.6302)	(96, 46.705200000000005)	(97, 46.662)	(98, 46.647800000000004)	(99, 46.7283)	(100, 46.7015)	
HG00097	(1, 42.973800000000004)	(2, 45.5465)	(3, 47.456900000000005)	(4, 48.4076)	(5, 46.0174)	(6, 48.8887)	(7, 47.407700000000006)	(8, 47.0187)	(9, 47.2341)	(10, 47.8336)	(11, 47.7019)	(12, 47.675)	(13, 47.299600000000005)	(14, 47.2433)	(15, 47.218900000000005)	(16, 47.3196)	(17, 47.3468)	(18, 47.5671)	(19, 47.436499999999995)	(20, 47.435)	(21, 47.5944)	(22, 47.5293)	(23, 47.4306)	(24, 47.6419)	(25, 47.5572)	(26, 47.5107)	(27, 47.663)	(28, 47.5349)	(29, 47.5145)	(30, 47.666599999999995)	(31, 47.585499999999996)	(32, 47.5175)	(33, 47.7175)	(34, 47.5659)	(35, 47.5512)	(36, 47.714600000000004)	(37, 47.6012)	(38, 47.5699)	(39, 47.7078)	(40, 47.627)	(41, 47.6033)	(42, 47.7507)	(43, 47.6593)	(44, 47.593)	(45, 47.7611)	(46, 47.6451)	(47, 47.618100000000005)	(48, 47.772999999999996)	(49, 47.672599999999996)	(50, 47.597699999999996)	(51, 47.734)	(52, 47.621)	(53, 47.580099999999995)	(54, 47.7368)	(55, 47.647600000000004)	(56, 47.613299999999995)	(57, 47.7316)	(58, 47.6545)	(59, 47.6139)	(60, 47.7308)	(61, 47.653800000000004)	(62, 47.6367)	(63, 47.7594)	(64, 47.667300000000004)	(65, 47.638000000000005)	(66, 47.7572)	(67, 47.6962)	(68, 47.6551)	(69, 47.788000000000004)	(70, 47.6922)	(71, 47.6834)	(72, 47.81)	(73, 47.718500000000006)	(74, 47.6781)	(75, 47.8248)	(76, 47.7151)	(77, 47.6543)	(78, 47.7777)	(79, 47.7095)	(80, 47.673100000000005)	(81, 47.7755)	(82, 47.7111)	(83, 47.6762)	(84, 47.8125)	(85, 47.726800000000004)	(86, 47.707100000000004)	(87, 47.8062)	(88, 47.754999999999995)	(89, 47.7307)	(90, 47.8044)	(91, 47.645900000000005)	(92, 47.7029)	(93, 47.785)	(94, 47.7989)	(95, 47.751900000000006)	(96, 47.853699999999996)	(97, 47.7996)	(98, 47.7648)	(99, 47.8644)	(100, 47.827799999999996)	(101, 48.0554)
HG00105	(1, 42.3)	(2, 43.7299)	(3, 45.6971)	(4, 46.469300000000004)	(5, 44.1031)	(6, 46.9594)	(7, 45.4932)	(8, 45.0927)	(9, 45.2701)	(10, 46.0238)	(11, 45.9052)	(12, 45.9123)	(13, 45.5775)	(14, 45.5249)	(15, 45.654)	(16, 45.5944)	(17, 45.589200000000005)	(18, 45.7948)	(19, 45.7524)	(20, 45.6962)	(21, 45.8654)	(22, 45.841)	(23, 45.7434)	(24, 45.9341)	(25, 45.8376)	(26, 45.7846)	(27, 45.9473)	(28, 45.8487)	(29, 45.8278)	(30, 45.9598)	(31, 45.8757)	(32, 45.826)	(33, 46.0362)	(34, 45.911699999999996)	(35, 45.8915)	(36, 46.0418)	(37, 45.9527)	(38, 45.9075)	(39, 46.0446)	(40, 45.9574)	(41, 45.9177)	(42, 46.0794)	(43, 46.0009)	(44, 45.9486)	(45, 46.0817)	(46, 46.008700000000005)	(47, 45.9825)	(48, 46.0866)	(49, 46.0195)	(50, 45.9619)	(51, 46.0845)	(52, 46.0513)	(53, 45.9727)	(54, 46.0901)	(55, 46.0355)	(56, 45.9863)	(57, 46.1232)	(58, 46.0334)	(59, 46.0183)	(60, 46.124500000000005)	(61, 46.065)	(62, 46.0189)	(63, 46.144800000000004)	(64, 46.069500000000005)	(65, 46.041399999999996)	(66, 46.130900000000004)	(67, 46.113)	(68, 46.055)	(69, 46.1698)	(70, 46.1087)	(71, 46.084199999999996)	(72, 46.1871)	(73, 46.103899999999996)	(74, 46.0723)	(75, 46.1962)	(76, 46.117999999999995)	(77, 46.0722)	(78, 46.163900000000005)	(79, 46.1271)	(80, 46.0956)	(81, 46.1939)	(82, 46.1462)	(83, 46.0828)	(84, 46.216)	(85, 46.171800000000005)	(86, 46.1056)	(87, 46.1981)	(88, 46.1662)	(89, 46.1096)	(90, 46.2094)	(91, 46.1802)	(92, 46.1079)	(93, 46.2097)	(94, 46.185500000000005)	(95, 46.1509)	(96, 46.2411)	(97, 46.2354)	(98, 46.1678)	(99, 46.2496)	(100, 46.2196)	(101, 46.6939)
HG00106	(1, 42.5931)	(2, 44.733000000000004)	(3, 46.679500000000004)	(4, 47.5161)	(5, 44.922200000000004)	(6, 47.8749)	(7, 46.4678)	(8, 45.9244)	(9, 46.151199999999996)	(10, 46.9064)	(11, 46.7546)	(12, 46.7485)	(13, 46.379599999999996)	(14, 46.3528)	(15, 46.5028)	(16, 46.4217)	(17, 46.4247)	(18, 46.652100000000004)	(19, 46.582)	(20, 46.5494)	(21, 46.6796)	(22, 46.6195)	(23, 46.529199999999996)	(24, 46.7524)	(25, 46.6466)	(26, 46.5552)	(27, 46.767399999999995)	(28, 46.6374)	(29, 46.5967)	(30, 46.7363)	(31, 46.6372)	(32, 46.6)	(33, 46.7875)	(34, 46.6937)	(35, 46.6764)	(36, 46.8013)	(37, 46.7138)	(38, 46.6739)	(39, 46.826499999999996)	(40, 46.7145)	(41, 46.6972)	(42, 46.8389)	(43, 46.7598)	(44, 46.7044)	(45, 46.8397)	(46, 46.760000000000005)	(47, 46.7306)	(48, 46.8375)	(49, 46.7909)	(50, 46.7095)	(51, 46.861799999999995)	(52, 46.794999999999995)	(53, 46.7218)	(54, 46.8589)	(55, 46.774100000000004)	(56, 46.752)	(57, 46.8406)	(58, 46.807500000000005)	(59, 46.7494)	(60, 46.8709)	(61, 46.8103)	(62, 46.7547)	(63, 46.8667)	(64, 46.7919)	(65, 46.781099999999995)	(66, 46.8734)	(67, 46.833000000000006)	(68, 46.7842)	(69, 46.9103)	(70, 46.846900000000005)	(71, 46.8098)	(72, 46.9345)	(73, 46.843)	(74, 46.786)	(75, 46.9342)	(76, 46.8594)	(77, 46.813)	(78, 46.8979)	(79, 46.8737)	(80, 46.8202)	(81, 46.9202)	(82, 46.8729)	(83, 46.82)	(84, 46.941300000000005)	(85, 46.888999999999996)	(86, 46.841899999999995)	(87, 46.931400000000004)	(88, 46.8916)	(89, 46.8463)	(90, 46.9655)	(91, 46.8994)	(92, 46.8636)	(93, 46.9491)	(94, 46.936499999999995)	(95, 46.9006)	(96, 46.993)	(97, 46.9546)	(98, 46.936499999999995)	(99, 47.0047)	(100, 46.9954)	(101, 47.396899999999995)
HG00125	(1, 41.5144)	(2, 42.4429)	(3, 42.8944)	(4, 43.0688)	(5, 43.0492)	(6, 44.8519)	(7, 43.5525)	(8, 43.3326)	(9, 43.6154)	(10, 43.584)	(11, 43.2953)	(12, 43.472)	(13, 43.359500000000004)	(14, 43.312200000000004)	(15, 43.6334)	(16, 43.6766)	(17, 43.6318)	(18, 43.9649)	(19, 43.8957)	(20, 43.8988)	(21, 44.2155)	(22, 44.112899999999996)	(23, 44.11)	(24, 44.272099999999995)	(25, 44.250099999999996)	(26, 44.2198)	(27, 44.4483)	(28, 44.3716)	(29, 44.3544)	(30, 44.533899999999996)	(31, 44.4505)	(32, 44.447900000000004)	(33, 44.6252)	(34, 44.506099999999996)	(35, 44.5466)	(36, 44.6932)	(37, 44.622499999999995)	(38, 44.6149)	(39, 44.7969)	(40, 44.7405)	(41, 44.7339)	(42, 44.8474)	(43, 44.785000000000004)	(44, 44.800000000000004)	(45, 44.9518)	(46, 44.9183)	(47, 44.8854)	(48, 45.0169)	(49, 44.932)	(50, 44.956)	(51, 45.1252)	(52, 45.0627)	(53, 45.0417)	(54, 45.1708)	(55, 45.1404)	(56, 45.1735)	(57, 45.3154)	(58, 45.2669)	(59, 45.2433)	(60, 45.3631)	(61, 45.34)	(62, 45.364599999999996)	(63, 45.474199999999996)	(64, 45.4784)	(65, 45.4507)	(66, 45.5978)	(67, 45.541)	(68, 45.5393)	(69, 45.6801)	(70, 45.644600000000004)	(71, 45.6622)	(72, 45.7868)	(73, 45.837)	(74, 45.8477)	(75, 45.9825)	(76, 45.811800000000005)	(77, 45.8545)	(78, 45.961600000000004)	(79, 45.9305)	(80, 45.969300000000004)	(81, 46.0939)	(82, 46.0406)	(83, 46.0554)	(84, 46.231)	(85, 46.2021)	(86, 46.2455)	(87, 46.3847)	(88, 46.3754)	(89, 46.4164)	(90, 46.5995)											
HG00145	(1, 40.836600000000004)	(2, 42.4492)	(3, 43.174)	(4, 43.1898)	(5, 43.366)	(6, 43.948)	(7, 43.563)	(8, 43.3011)	(9, 43.3743)	(10, 43.5023)	(11, 43.4606)	(12, 43.5655)	(13, 43.3836)	(14, 43.458400000000005)	(15, 43.628)	(16, 43.6299)	(17, 43.7679)	(18, 43.8891)	(19, 43.871900000000004)	(20, 43.9443)	(21, 44.0426)	(22, 44.0158)	(23, 44.0504)	(24, 44.2072)	(25, 44.106899999999996)	(26, 44.1582)	(27, 44.2821)	(28, 44.2059)	(29, 44.257200000000005)	(30, 44.3613)	(31, 44.312000000000005)	(32, 44.3445)	(33, 44.4221)	(34, 44.3197)	(35, 44.4182)	(36, 44.472)	(37, 44.3986)	(38, 44.4367)	(39, 44.5215)	(40, 44.4765)	(41, 44.4865)	(42, 44.597500000000004)	(43, 44.5434)	(44, 44.5952)	(45, 44.6803)	(46, 44.664)	(47, 44.702)	(48, 44.771499999999996)	(49, 44.7518)	(50, 44.7782)	(51, 44.8938)	(52, 44.8306)	(53, 44.8465)	(54, 44.947900000000004)	(55, 44.9169)	(56, 44.9778)	(57, 45.0163)	(58, 44.9756)	(59, 45.0447)	(60, 45.1345)	(61, 45.1398)	(62, 45.1397)	(63, 45.203500000000005)	(64, 45.1897)	(65, 45.2988)	(66, 45.3956)	(67, 45.3693)	(68, 45.411)	(69, 45.6533)	(70, 45.6844)	(71, 45.7551)	(72, 45.861200000000004)	(73, 45.8361)	(74, 45.8887)	(75, 46.1282)	(76, 46.3143)																									
HG00171	(1, 39.7297)	(2, 41.0334)	(3, 41.9277)	(4, 42.1995)	(5, 41.8522)	(6, 42.7073)	(7, 42.471599999999995)	(8, 41.9537)	(9, 42.1109)	(10, 42.8325)	(11, 42.7258)	(12, 42.7624)	(13, 42.5362)	(14, 42.592400000000005)	(15, 42.6789)	(16, 42.7067)	(17, 42.8557)	(18, 42.9894)	(19, 43.0514)	(20, 43.1255)	(21, 43.2517)	(22, 43.2617)	(23, 43.3192)	(24, 43.4364)	(25, 43.4311)	(26, 43.4833)	(27, 43.5981)	(28, 43.6034)	(29, 43.6596)	(30, 43.733)	(31, 43.7189)	(32, 43.7686)	(33, 43.8366)	(34, 43.7835)	(35, 43.8427)	(36, 43.901)	(37, 43.8677)	(38, 43.9147)	(39, 44.002599999999994)	(40, 43.9859)	(41, 44.0568)	(42, 44.0826)	(43, 44.065599999999996)	(44, 44.0895)	(45, 44.136199999999995)	(46, 44.1135)	(47, 44.1832)	(48, 44.2031)	(49, 44.1943)	(50, 44.2279)	(51, 44.285000000000004)	(52, 44.2614)	(53, 44.2949)	(54, 44.346000000000004)	(55, 44.3366)	(56, 44.3764)	(57, 44.4146)	(58, 44.416)	(59, 44.4291)	(60, 44.5075)	(61, 44.4994)	(62, 44.5527)	(63, 44.5666)	(64, 44.5479)	(65, 44.6015)	(66, 44.616699999999994)	(67, 44.6313)	(68, 44.6475)	(69, 44.7001)	(70, 44.6936)	(71, 44.6966)	(72, 44.7594)	(73, 44.7481)	(74, 44.772099999999995)	(75, 44.8342)	(76, 44.683299999999996)	(77, 44.7613)	(78, 44.8022)	(79, 44.7847)	(80, 44.8145)	(81, 44.8673)	(82, 44.8497)	(83, 44.8521)	(84, 44.912)	(85, 44.869)	(86, 44.8876)	(87, 44.9366)	(88, 44.9441)	(89, 44.9657)	(90, 45.0244)											
HG00173	(1, 46.4954)	(2, 47.8294)	(3, 49.499300000000005)	(4, 49.6847)	(5, 47.7665)	(6, 50.389300000000006)	(7, 49.244)	(8, 48.905300000000004)	(9, 49.3575)	(10, 49.563)	(11, 49.3612)	(12, 49.3375)	(13, 49.0506)	(14, 49.007400000000004)	(15, 49.2697)	(16, 49.1635)	(17, 49.1545)	(18, 49.3644)	(19, 49.2823)	(20, 49.2321)	(21, 49.3933)	(22, 49.3007)	(23, 49.1821)	(24, 49.377700000000004)	(25, 49.2818)	(26, 49.1749)	(27, 49.3962)	(28, 49.263400000000004)	(29, 49.1935)	(30, 49.3704)	(31, 49.318)	(32, 49.206)	(33, 49.377500000000005)	(34, 49.2697)	(35, 49.235)	(36, 49.363099999999996)	(37, 49.2919)	(38, 49.195699999999995)	(39, 49.3606)	(40, 49.287)	(41, 49.236999999999995)	(42, 49.3865)	(43, 49.3037)	(44, 49.1914)	(45, 49.3732)	(46, 49.302600000000005)	(47, 49.250699999999995)	(48, 49.3534)	(49, 49.296800000000005)	(50, 49.197)	(51, 49.3605)	(52, 49.2907)	(53, 49.2108)	(54, 49.3409)	(55, 49.3073)	(56, 49.195299999999996)	(57, 49.351299999999995)	(58, 49.2856)	(59, 49.2062)	(60, 49.3388)	(61, 49.2966)	(62, 49.2131)	(63, 49.3455)	(64, 49.2941)	(65, 49.2204)	(66, 49.3463)	(67, 49.315599999999996)	(68, 49.217)	(69, 49.3544)	(70, 49.323499999999996)	(71, 49.2664)	(72, 49.3921)	(73, 49.308099999999996)	(74, 49.2419)	(75, 49.3718)	(76, 49.2741)	(77, 49.2204)	(78, 49.368)	(79, 49.2981)	(80, 49.250699999999995)	(81, 49.386799999999994)	(82, 49.3241)	(83, 49.2541)	(84, 49.3904)	(85, 49.343900000000005)	(86, 49.201499999999996)	(87, 49.3627)	(88, 49.333)	(89, 49.2844)	(90, 49.4045)	(91, 49.349199999999996)	(92, 49.288199999999996)	(93, 49.4142)	(94, 49.3678)	(95, 49.3116)	(96, 49.3849)	(97, 49.2886)	(98, 49.0142)	(99, 49.4108)	(100, 49.298199999999994)	(101, 49.8899)
HG00407	(1, 42.1132)	(2, 43.0646)	(3, 42.446400000000004)	(4, 42.5221)	(5, 42.7461)	(6, 44.6274)	(7, 43.660900000000005)	(8, 43.1661)	(9, 43.6304)	(10, 43.7321)	(11, 43.4838)	(12, 43.6786)	(13, 43.5133)	(14, 43.484)	(15, 43.6859)	(16, 43.7633)	(17, 43.7218)	(18, 43.9732)	(19, 43.959199999999996)	(20, 43.969)	(21, 44.2005)	(22, 44.1905)	(23, 44.201299999999996)	(24, 44.3141)	(25, 44.2939)	(26, 44.2526)	(27, 44.3985)	(28, 44.4173)	(29, 44.380399999999995)	(30, 44.5154)	(31, 44.4522)	(32, 44.4826)	(33, 44.6473)	(34, 44.547)	(35, 44.576100000000004)	(36, 44.68)	(37, 44.5906)	(38, 44.5998)	(39, 44.7214)	(40, 44.709900000000005)	(41, 44.6905)	(42, 44.7853)	(43, 44.7394)	(44, 44.7558)	(45, 44.8472)	(46, 44.824000000000005)	(47, 44.8211)	(48, 44.9039)	(49, 44.858)	(50, 44.8755)	(51, 45.0092)	(52, 44.961600000000004)	(53, 44.9785)	(54, 45.0668)	(55, 45.0756)	(56, 45.0927)	(57, 45.184200000000004)	(58, 45.1257)	(59, 45.110299999999995)	(60, 45.2241)	(61, 45.2288)	(62, 45.2562)	(63, 45.3352)	(64, 45.352199999999996)	(65, 45.319700000000005)	(66, 45.4557)	(67, 45.3975)	(68, 45.3832)	(69, 45.4926)	(70, 45.5009)	(71, 45.5908)	(72, 45.703500000000005)	(73, 45.6556)	(74, 45.6801)	(75, 45.8281)	(76, 45.683)	(77, 45.7005)	(78, 45.809)	(79, 45.7995)	(80, 45.8337)	(81, 45.9409)	(82, 45.9176)	(83, 45.9679)	(84, 46.108900000000006)	(85, 46.1088)	(86, 46.117999999999995)	(87, 46.2359)	(88, 46.269)	(89, 46.2963)	(90, 46.4258)											
HG00956	(1, 43.540099999999995)	(2, 44.0575)	(3, 43.5921)	(4, 43.7631)	(5, 43.8317)	(6, 45.402300000000004)	(7, 45.1182)	(8, 44.434000000000005)	(9, 44.7646)	(10, 45.1337)	(11, 45.1535)	(12, 45.2699)	(13, 45.025)	(14, 45.0484)	(15, 45.1237)	(16, 45.1329)	(17, 45.226499999999994)	(18, 45.3874)	(19, 45.3583)	(20, 45.429)	(21, 45.5616)	(22, 45.5802)	(23, 45.6051)	(24, 45.755)	(25, 45.6932)	(26, 45.7231)	(27, 45.8455)	(28, 45.7941)	(29, 45.8215)	(30, 45.915099999999995)	(31, 45.8859)	(32, 45.9655)	(33, 46.0437)	(34, 46.0142)	(35, 46.0584)	(36, 46.1195)	(37, 46.0704)	(38, 46.104099999999995)	(39, 46.1837)	(40, 46.1405)	(41, 46.1682)	(42, 46.2718)	(43, 46.2343)	(44, 46.249)	(45, 46.323)	(46, 46.272400000000005)	(47, 46.2838)	(48, 46.3648)	(49, 46.334900000000005)	(50, 46.344)	(51, 46.4234)	(52, 46.3984)	(53, 46.4156)	(54, 46.4922)	(55, 46.470299999999995)	(56, 46.469500000000004)	(57, 46.5287)	(58, 46.474900000000005)	(59, 46.4949)	(60, 46.564)	(61, 46.527)	(62, 46.5792)	(63, 46.6285)	(64, 46.585)	(65, 46.602)	(66, 46.6602)	(67, 46.6513)	(68, 46.6312)	(69, 46.7001)	(70, 46.659099999999995)	(71, 46.6755)	(72, 46.7307)	(73, 46.7036)	(74, 46.7083)	(75, 46.776)	(76, 46.820299999999996)	(77, 46.7457)	(78, 46.8028)	(79, 46.7904)	(80, 46.7899)	(81, 46.8264)	(82, 46.8273)	(83, 46.8571)	(84, 46.894200000000005)	(85, 46.8521)	(86, 46.8434)	(87, 46.8939)	(88, 46.8714)	(89, 46.882400000000004)	(90, 46.9298)											
HG01501	(1, 41.7627)	(2, 44.034)	(3, 45.9111)	(4, 46.9139)	(5, 44.2314)	(6, 47.1849)	(7, 46.1288)	(8, 45.403999999999996)	(9, 45.6746)	(10, 46.382600000000004)	(11, 46.2668)	(12, 46.2103)	(13, 45.7614)	(14, 45.7248)	(15, 45.9128)	(16, 45.826699999999995)	(17, 45.9063)	(18, 46.006099999999996)	(19, 46.0045)	(20, 45.9906)	(21, 46.1156)	(22, 46.0759)	(23, 46.0206)	(24, 46.189099999999996)	(25, 46.147)	(26, 46.0754)	(27, 46.2721)	(28, 46.159299999999995)	(29, 46.1278)	(30, 46.260400000000004)	(31, 46.2097)	(32, 46.1708)	(33, 46.3505)	(34, 46.263799999999996)	(35, 46.2658)	(36, 46.3686)	(37, 46.2704)	(38, 46.2609)	(39, 46.3883)	(40, 46.297399999999996)	(41, 46.2838)	(42, 46.423500000000004)	(43, 46.348800000000004)	(44, 46.2975)	(45, 46.4354)	(46, 46.3637)	(47, 46.360800000000005)	(48, 46.443)	(49, 46.3996)	(50, 46.3339)	(51, 46.4464)	(52, 46.4234)	(53, 46.369899999999994)	(54, 46.485)	(55, 46.424)	(56, 46.3493)	(57, 46.455600000000004)	(58, 46.3714)	(59, 46.3576)	(60, 46.4785)	(61, 46.382400000000004)	(62, 46.3851)	(63, 46.4971)	(64, 46.3982)	(65, 46.3931)	(66, 46.4827)	(67, 46.4521)	(68, 46.3885)	(69, 46.5169)	(70, 46.433400000000006)	(71, 46.4561)	(72, 46.550599999999996)	(73, 46.468399999999995)	(74, 46.457)	(75, 46.5681)	(76, 46.441500000000005)	(77, 46.4383)	(78, 46.5296)	(79, 46.4722)	(80, 46.4536)	(81, 46.523399999999995)	(82, 46.4925)	(83, 46.4422)	(84, 46.5503)	(85, 46.4865)	(86, 46.4667)	(87, 46.5583)	(88, 46.5251)	(89, 46.5052)	(90, 46.630300000000005)	(91, 46.5446)	(92, 46.5223)	(93, 46.6202)	(94, 46.5939)	(95, 46.5884)	(96, 46.638600000000004)	(97, 46.598)	(98, 46.5741)	(99, 46.6271)	(100, 46.5944)	(101, 47.3858)
HG01503	(1, 41.871700000000004)	(2, 44.6867)	(3, 46.097500000000004)	(4, 46.765)	(5, 44.2353)	(6, 47.0004)	(7, 46.030300000000004)	(8, 45.3715)	(9, 45.7072)	(10, 46.548899999999996)	(11, 46.417199999999994)	(12, 46.3206)	(13, 45.819500000000005)	(14, 45.7764)	(15, 45.9366)	(16, 45.8846)	(17, 45.9808)	(18, 46.1279)	(19, 46.0735)	(20, 46.0745)	(21, 46.1954)	(22, 46.0799)	(23, 46.070299999999996)	(24, 46.2315)	(25, 46.1517)	(26, 46.1199)	(27, 46.3085)	(28, 46.199200000000005)	(29, 46.2214)	(30, 46.3148)	(31, 46.2499)	(32, 46.2175)	(33, 46.3307)	(34, 46.2368)	(35, 46.2668)	(36, 46.3707)	(37, 46.281800000000004)	(38, 46.272200000000005)	(39, 46.4058)	(40, 46.3023)	(41, 46.3115)	(42, 46.4221)	(43, 46.3495)	(44, 46.3093)	(45, 46.421099999999996)	(46, 46.3361)	(47, 46.3429)	(48, 46.419)	(49, 46.4118)	(50, 46.3374)	(51, 46.4205)	(52, 46.3631)	(53, 46.331)	(54, 46.4411)	(55, 46.3532)	(56, 46.3642)	(57, 46.4248)	(58, 46.375499999999995)	(59, 46.3634)	(60, 46.4772)	(61, 46.3861)	(62, 46.3892)	(63, 46.4715)	(64, 46.389)	(65, 46.4069)	(66, 46.480900000000005)	(67, 46.4321)	(68, 46.4505)	(69, 46.5076)	(70, 46.4515)	(71, 46.4677)	(72, 46.548)	(73, 46.479)	(74, 46.4491)	(75, 46.5483)	(76, 46.4341)	(77, 46.4658)	(78, 46.555400000000006)	(79, 46.5003)	(80, 46.489000000000004)	(81, 46.552)	(82, 46.5237)	(83, 46.482600000000005)	(84, 46.5803)	(85, 46.5015)	(86, 46.482299999999995)	(87, 46.5593)	(88, 46.521699999999996)	(89, 46.5297)	(90, 46.5764)	(91, 46.5461)	(92, 46.536100000000005)	(93, 46.5906)	(94, 46.574799999999996)	(95, 46.5893)	(96, 46.611999999999995)	(97, 46.573)	(98, 46.5567)	(99, 46.644400000000005)	(100, 46.616600000000005)	(101, 47.1397)
HG01504	(1, 41.6862)	(2, 44.2403)	(3, 45.9259)	(4, 46.8788)	(5, 44.4476)	(6, 47.2464)	(7, 46.202799999999996)	(8, 45.5441)	(9, 45.8293)	(10, 46.5356)	(11, 46.394000000000005)	(12, 46.356700000000004)	(13, 45.8532)	(14, 45.838499999999996)	(15, 46.042100000000005)	(16, 45.9356)	(17, 45.9939)	(18, 46.1533)	(19, 46.0036)	(20, 46.0727)	(21, 46.248)	(22, 46.150000000000006)	(23, 46.103699999999996)	(24, 46.2967)	(25, 46.2021)	(26, 46.1671)	(27, 46.3452)	(28, 46.2132)	(29, 46.1943)	(30, 46.3297)	(31, 46.2712)	(32, 46.2352)	(33, 46.3724)	(34, 46.297)	(35, 46.281)	(36, 46.4401)	(37, 46.2922)	(38, 46.3004)	(39, 46.4354)	(40, 46.321400000000004)	(41, 46.3132)	(42, 46.4463)	(43, 46.3553)	(44, 46.3185)	(45, 46.4325)	(46, 46.3504)	(47, 46.3535)	(48, 46.4594)	(49, 46.3715)	(50, 46.320699999999995)	(51, 46.454299999999996)	(52, 46.3802)	(53, 46.3326)	(54, 46.482)	(55, 46.381499999999996)	(56, 46.338499999999996)	(57, 46.4779)	(58, 46.3887)	(59, 46.377)	(60, 46.5048)	(61, 46.4046)	(62, 46.393)	(63, 46.4734)	(64, 46.3989)	(65, 46.4076)	(66, 46.5119)	(67, 46.448299999999996)	(68, 46.4007)	(69, 46.5231)	(70, 46.461000000000006)	(71, 46.4516)	(72, 46.5607)	(73, 46.4666)	(74, 46.4403)	(75, 46.586800000000004)	(76, 46.4471)	(77, 46.4476)	(78, 46.527499999999996)	(79, 46.4858)	(80, 46.4577)	(81, 46.5552)	(82, 46.4945)	(83, 46.4461)	(84, 46.567)	(85, 46.488600000000005)	(86, 46.4772)	(87, 46.5364)	(88, 46.504200000000004)	(89, 46.5003)	(90, 46.5667)	(91, 46.4981)	(92, 46.4848)	(93, 46.5822)	(94, 46.523399999999995)	(95, 46.5028)	(96, 46.588499999999996)	(97, 46.544799999999995)	(98, 46.516000000000005)	(99, 46.6005)	(100, 46.5631)	(101, 46.8261)
HG01596	(1, 41.8108)	(2, 43.004599999999996)	(3, 43.3543)	(4, 43.78)	(5, 43.3616)	(6, 44.6044)	(7, 43.9859)	(8, 43.6141)	(9, 43.615700000000004)	(10, 43.8266)	(11, 43.6738)	(12, 43.8895)	(13, 43.5585)	(14, 43.8298)	(15, 43.923)	(16, 43.966300000000004)	(17, 43.6272)	(18, 44.0643)	(19, 44.0521)	(20, 44.257200000000005)	(21, 44.6951)	(22, 44.155)	(23, 44.4663)	(24, 44.0088)	(25, 44.5987)	(26, 44.2988)	(27, 44.6134)	(28, 44.3429)	(29, 44.6984)	(30, 44.6003)	(31, 44.6436)	(32, 44.4469)	(33, 44.736399999999996)	(34, 44.6374)	(35, 44.5437)	(36, 44.8206)	(37, 44.7301)	(38, 44.5762)	(39, 44.8294)	(40, 44.7722)	(41, 44.8531)	(42, 45.0169)	(43, 44.817299999999996)	(44, 45.0448)	(45, 44.9635)	(46, 44.7657)	(47, 44.7913)	(48, 44.9694)	(49, 44.7842)	(50, 45.0547)	(51, 45.1748)	(52, 45.2177)	(53, 44.9908)	(54, 45.028800000000004)	(55, 45.0864)	(56, 45.082699999999996)	(57, 45.425900000000006)	(58, 45.1814)	(59, 45.302)	(60, 45.2562)	(61, 45.280300000000004)	(62, 45.469500000000004)	(63, 45.2851)	(64, 45.4956)	(65, 45.2164)	(66, 45.744)	(67, 45.4982)	(68, 45.391999999999996)	(69, 45.6858)	(70, 45.699600000000004)	(71, 45.6398)	(72, 45.5764)	(73, 45.3703)	(74, 45.7231)	(75, 45.597500000000004)	(76, 45.5263)	(77, 45.656600000000005)	(78, 45.929199999999994)	(79, 45.4733)	(80, 45.4997)	(81, 46.1035)	(82, 45.7894)	(83, 45.8851)	(84, 45.650600000000004)	(85, 46.104)	(86, 45.5742)	(87, 46.012100000000004)	(88, 46.0079)	(89, 45.8523)	(90, 46.1998)											
HG01880	(1, 42.8711)	(2, 44.3304)	(3, 43.782700000000006)	(4, 44.3583)	(5, 44.0983)	(6, 45.088699999999996)	(7, 44.3942)	(8, 44.1736)	(9, 44.3363)	(10, 44.3751)	(11, 44.4638)	(12, 44.5231)	(13, 44.3788)	(14, 44.373200000000004)	(15, 44.495200000000004)	(16, 44.494)	(17, 44.5702)	(18, 44.702999999999996)	(19, 44.7254)	(20, 44.7929)	(21, 44.9242)	(22, 44.9103)	(23, 44.952799999999996)	(24, 45.0547)	(25, 45.0016)	(26, 45.0597)	(27, 45.164)	(28, 45.135999999999996)	(29, 45.186)	(30, 45.2482)	(31, 45.231700000000004)	(32, 45.265699999999995)	(33, 45.3346)	(34, 45.294200000000004)	(35, 45.3445)	(36, 45.402)	(37, 45.3758)	(38, 45.4079)	(39, 45.4834)	(40, 45.4724)	(41, 45.4999)	(42, 45.5833)	(43, 45.5376)	(44, 45.553900000000006)	(45, 45.6174)	(46, 45.5736)	(47, 45.614900000000006)	(48, 45.6696)	(49, 45.6543)	(50, 45.6803)	(51, 45.774)	(52, 45.732800000000005)	(53, 45.742)	(54, 45.8131)	(55, 45.791)	(56, 45.8348)	(57, 45.8834)	(58, 45.8893)	(59, 45.8744)	(60, 45.9641)	(61, 45.9539)	(62, 45.9824)	(63, 46.0362)	(64, 46.010400000000004)	(65, 46.0276)	(66, 46.0914)	(67, 46.098299999999995)	(68, 46.1077)	(69, 46.1808)	(70, 46.1663)	(71, 46.178200000000004)	(72, 46.2511)	(73, 46.2418)	(74, 46.2742)	(75, 46.340199999999996)	(76, 46.2393)	(77, 46.2771)	(78, 46.3781)	(79, 46.3379)	(80, 46.3859)	(81, 46.4343)	(82, 46.4179)	(83, 46.436899999999994)	(84, 46.523900000000005)	(85, 46.4901)	(86, 46.5014)	(87, 46.5497)	(88, 46.5553)	(89, 46.6002)	(90, 46.672200000000004)											
HG01882	(1, 42.707899999999995)	(2, 43.1026)	(3, 43.5181)	(4, 43.8554)	(5, 43.8795)	(6, 44.8275)	(7, 44.205299999999994)	(8, 43.9682)	(9, 44.0697)	(10, 43.925799999999995)	(11, 44.0335)	(12, 44.0926)	(13, 44.0294)	(14, 43.9666)	(15, 44.2004)	(16, 44.2316)	(17, 44.2427)	(18, 44.4367)	(19, 44.4346)	(20, 44.4776)	(21, 44.6718)	(22, 44.6325)	(23, 44.6709)	(24, 44.800200000000004)	(25, 44.7808)	(26, 44.7893)	(27, 44.933099999999996)	(28, 44.8837)	(29, 44.8892)	(30, 45.0046)	(31, 44.9818)	(32, 44.9916)	(33, 45.1212)	(34, 45.0879)	(35, 45.1006)	(36, 45.2069)	(37, 45.1651)	(38, 45.1631)	(39, 45.292)	(40, 45.2328)	(41, 45.246399999999994)	(42, 45.372299999999996)	(43, 45.3287)	(44, 45.326899999999995)	(45, 45.4365)	(46, 45.382099999999994)	(47, 45.4035)	(48, 45.4913)	(49, 45.4591)	(50, 45.439099999999996)	(51, 45.5581)	(52, 45.5245)	(53, 45.5233)	(54, 45.6148)	(55, 45.593)	(56, 45.5919)	(57, 45.6871)	(58, 45.659)	(59, 45.644400000000005)	(60, 45.757999999999996)	(61, 45.7308)	(62, 45.730199999999996)	(63, 45.8234)	(64, 45.8038)	(65, 45.793499999999995)	(66, 45.873599999999996)	(67, 45.8777)	(68, 45.8653)	(69, 45.9542)	(70, 45.9272)	(71, 45.935199999999995)	(72, 46.0134)	(73, 45.9736)	(74, 45.9735)	(75, 46.118900000000004)	(76, 45.9774)	(77, 46.002900000000004)	(78, 46.0732)	(79, 46.0581)	(80, 46.0588)	(81, 46.111200000000004)	(82, 46.1115)	(83, 46.1109)	(84, 46.205400000000004)	(85, 46.1717)	(86, 46.1807)	(87, 46.289)	(88, 46.2274)	(89, 46.206599999999995)	(90, 46.2482)											
HG01886	(1, 40.8748)	(2, 42.9746)	(3, 43.9816)	(4, 43.8074)	(5, 42.6338)	(6, 44.1392)	(7, 44.3849)	(8, 43.1996)	(9, 43.4697)	(10, 43.8464)	(11, 43.6386)	(12, 43.812400000000004)	(13, 43.5363)	(14, 43.7596)	(15, 43.9363)	(16, 43.9229)	(17, 44.0394)	(18, 44.2498)	(19, 44.2232)	(20, 44.2608)	(21, 44.389)	(22, 44.3531)	(23, 44.3498)	(24, 44.5863)	(25, 44.4921)	(26, 44.5321)	(27, 44.6921)	(28, 44.6286)	(29, 44.6316)	(30, 44.8145)	(31, 44.7722)	(32, 44.7799)	(33, 44.9317)	(34, 44.8412)	(35, 44.876599999999996)	(36, 45.002900000000004)	(37, 44.8953)	(38, 44.912)	(39, 45.0237)	(40, 44.9334)	(41, 44.9635)	(42, 45.0845)	(43, 45.0162)	(44, 45.0239)	(45, 45.1532)	(46, 45.0981)	(47, 45.1029)	(48, 45.1832)	(49, 45.1402)	(50, 45.1137)	(51, 45.2355)	(52, 45.1886)	(53, 45.1594)	(54, 45.259100000000004)	(55, 45.2017)	(56, 45.2103)	(57, 45.2889)	(58, 45.2276)	(59, 45.2147)	(60, 45.3299)	(61, 45.2773)	(62, 45.2665)	(63, 45.3706)	(64, 45.2787)	(65, 45.3065)	(66, 45.3903)	(67, 45.3626)	(68, 45.3414)	(69, 45.4099)	(70, 45.3812)	(71, 45.3785)	(72, 45.4788)	(73, 45.3692)	(74, 45.3803)	(75, 45.4974)	(76, 45.4316)	(77, 45.3967)	(78, 45.488)	(79, 45.4498)	(80, 45.4239)	(81, 45.515499999999996)	(82, 45.448499999999996)	(83, 45.4326)	(84, 45.5689)	(85, 45.5114)	(86, 45.473)	(87, 45.5547)	(88, 45.4918)	(89, 45.5126)	(90, 45.572)	(91, 45.5332)	(92, 45.5112)	(93, 45.5909)	(94, 45.5576)	(95, 45.5578)	(96, 45.6388)	(97, 45.5675)	(98, 45.5599)	(99, 45.6359)	(100, 45.603100000000005)	
HG01890	(1, 41.4628)	(2, 44.546400000000006)	(3, 46.218399999999995)	(4, 47.2012)	(5, 44.765899999999995)	(6, 47.509499999999996)	(7, 46.4953)	(8, 45.8785)	(9, 46.1698)	(10, 46.81)	(11, 46.6821)	(12, 46.6103)	(13, 46.1306)	(14, 46.1394)	(15, 46.3229)	(16, 46.198499999999996)	(17, 46.2923)	(18, 46.4462)	(19, 46.2987)	(20, 46.400200000000005)	(21, 46.519)	(22, 46.4358)	(23, 46.4007)	(24, 46.602900000000005)	(25, 46.4885)	(26, 46.4675)	(27, 46.6471)	(28, 46.4931)	(29, 46.5108)	(30, 46.629599999999996)	(31, 46.5459)	(32, 46.5411)	(33, 46.685)	(34, 46.556799999999996)	(35, 46.5802)	(36, 46.7007)	(37, 46.578599999999994)	(38, 46.5815)	(39, 46.7231)	(40, 46.631299999999996)	(41, 46.6498)	(42, 46.7576)	(43, 46.626)	(44, 46.6006)	(45, 46.7457)	(46, 46.6351)	(47, 46.6474)	(48, 46.7237)	(49, 46.6766)	(50, 46.6499)	(51, 46.7301)	(52, 46.676899999999996)	(53, 46.643499999999996)	(54, 46.7676)	(55, 46.6757)	(56, 46.660000000000004)	(57, 46.7728)	(58, 46.676)	(59, 46.6871)	(60, 46.7893)	(61, 46.7032)	(62, 46.6843)	(63, 46.7888)	(64, 46.687400000000004)	(65, 46.716499999999996)	(66, 46.8018)	(67, 46.7393)	(68, 46.7402)	(69, 46.821600000000004)	(70, 46.7507)	(71, 46.7474)	(72, 46.875099999999996)	(73, 46.7515)	(74, 46.748400000000004)	(75, 46.8693)	(76, 46.758)	(77, 46.7316)	(78, 46.8249)	(79, 46.774100000000004)	(80, 46.7633)	(81, 46.8485)	(82, 46.778)	(83, 46.7626)	(84, 46.8655)	(85, 46.7844)	(86, 46.764)	(87, 46.8418)	(88, 46.7798)	(89, 46.7979)	(90, 46.8644)	(91, 46.7984)	(92, 46.795500000000004)	(93, 46.8596)	(94, 46.8199)	(95, 46.8158)	(96, 46.9035)	(97, 46.8324)	(98, 46.8061)	(99, 46.8975)	(100, 46.8654)	(101, 47.1592)
HG02013	(1, 43.5203)	(2, 45.3029)	(3, 43.44)	(4, 44.2068)	(5, 43.8436)	(6, 44.7842)	(7, 43.9602)	(8, 43.8243)	(9, 44.0846)	(10, 44.352399999999996)	(11, 44.4837)	(12, 44.452999999999996)	(13, 44.346999999999994)	(14, 44.323800000000006)	(15, 44.3448)	(16, 44.436)	(17, 44.512)	(18, 44.6273)	(19, 44.6659)	(20, 44.7699)	(21, 44.83)	(22, 44.877)	(23, 44.900099999999995)	(24, 44.914100000000005)	(25, 44.9186)	(26, 44.987100000000005)	(27, 45.062799999999996)	(28, 45.1053)	(29, 45.177800000000005)	(30, 45.1795)	(31, 45.1776)	(32, 45.2331)	(33, 45.1947)	(34, 45.2079)	(35, 45.2764)	(36, 45.2643)	(37, 45.2629)	(38, 45.299800000000005)	(39, 45.3585)	(40, 45.4042)	(41, 45.4611)	(42, 45.4565)	(43, 45.4568)	(44, 45.4758)	(45, 45.456)	(46, 45.4593)	(47, 45.4937)	(48, 45.4916)	(49, 45.5544)	(50, 45.6134)	(51, 45.6212)	(52, 45.6362)	(53, 45.6162)	(54, 45.651399999999995)	(55, 45.6813)	(56, 45.746700000000004)	(57, 45.7151)	(58, 45.7401)	(59, 45.7731)	(60, 45.813500000000005)	(61, 45.8573)	(62, 45.8966)	(63, 45.8717)	(64, 45.8628)	(65, 45.910000000000004)	(66, 45.9258)	(67, 45.9524)	(68, 45.9911)	(69, 46.0063)	(70, 45.995999999999995)	(71, 46.0316)	(72, 46.0605)	(73, 46.078)	(74, 46.118700000000004)	(75, 46.1755)	(76, 45.968199999999996)	(77, 46.077600000000004)	(78, 46.1021)	(79, 46.1318)	(80, 46.1672)	(81, 46.165)	(82, 46.1609)	(83, 46.2022)	(84, 46.2224)	(85, 46.2101)	(86, 46.2151)	(87, 46.2167)	(88, 46.2534)	(89, 46.287299999999995)	(90, 46.334399999999995)											
HG02651	(1, 43.2408)	(2, 42.2923)	(3, 43.046299999999995)	(4, 43.392199999999995)	(5, 43.3407)	(6, 44.3193)	(7, 44.0188)	(8, 43.4335)	(9, 43.7786)	(10, 43.8232)	(11, 43.8436)	(12, 44.0444)	(13, 43.8967)	(14, 43.8476)	(15, 44.0126)	(16, 44.0233)	(17, 44.0187)	(18, 44.2596)	(19, 44.224999999999994)	(20, 44.2331)	(21, 44.4475)	(22, 44.433499999999995)	(23, 44.3986)	(24, 44.610699999999994)	(25, 44.5814)	(26, 44.529)	(27, 44.717)	(28, 44.6668)	(29, 44.6231)	(30, 44.7835)	(31, 44.7653)	(32, 44.7523)	(33, 44.9091)	(34, 44.852799999999995)	(35, 44.8435)	(36, 44.978)	(37, 44.9376)	(38, 44.9013)	(39, 45.0441)	(40, 44.9983)	(41, 44.9347)	(42, 45.101200000000006)	(43, 45.0517)	(44, 45.0137)	(45, 45.159)	(46, 45.1255)	(47, 45.0467)	(48, 45.2008)	(49, 45.1577)	(50, 45.109700000000004)	(51, 45.2438)	(52, 45.1995)	(53, 45.1526)	(54, 45.2502)	(55, 45.2215)	(56, 45.1882)	(57, 45.2878)	(58, 45.2598)	(59, 45.1883)	(60, 45.321)	(61, 45.2817)	(62, 45.2445)	(63, 45.3563)	(64, 45.324999999999996)	(65, 45.3083)	(66, 45.3955)	(67, 45.3594)	(68, 45.3258)	(69, 45.4371)	(70, 45.4063)	(71, 45.3619)	(72, 45.4568)	(73, 45.4266)	(74, 45.3765)	(75, 45.5039)	(76, 45.4439)	(77, 45.4036)	(78, 45.497)	(79, 45.4853)	(80, 45.4167)	(81, 45.5064)	(82, 45.481300000000005)	(83, 45.4274)	(84, 45.559)	(85, 45.5054)	(86, 45.4668)	(87, 45.543)	(88, 45.5359)	(89, 45.485)	(90, 45.583600000000004)	(91, 45.547900000000006)	(92, 45.494299999999996)	(93, 45.5745)	(94, 45.5621)	(95, 45.4838)	(96, 45.6028)	(97, 45.5705)	(98, 45.5358)	(99, 45.6206)	(100, 45.6231)	
HG02691	(1, 43.5126)	(2, 43.7077)	(3, 42.8531)	(4, 43.0412)	(5, 43.4408)	(6, 44.3591)	(7, 44.2233)	(8, 43.6054)	(9, 43.981700000000004)	(10, 43.9388)	(11, 44.0013)	(12, 44.157999999999994)	(13, 44.0219)	(14, 43.993500000000004)	(15, 44.0716)	(16, 44.114)	(17, 44.1474)	(18, 44.311)	(19, 44.308)	(20, 44.355)	(21, 44.5247)	(22, 44.5162)	(23, 44.5411)	(24, 44.696999999999996)	(25, 44.662400000000005)	(26, 44.6134)	(27, 44.7695)	(28, 44.7581)	(29, 44.750099999999996)	(30, 44.8686)	(31, 44.823800000000006)	(32, 44.911)	(33, 45.0212)	(34, 44.9552)	(35, 44.9681)	(36, 45.0595)	(37, 45.0009)	(38, 45.0244)	(39, 45.1755)	(40, 45.0681)	(41, 45.064)	(42, 45.1988)	(43, 45.148500000000006)	(44, 45.1443)	(45, 45.2378)	(46, 45.2652)	(47, 45.1858)	(48, 45.3129)	(49, 45.204299999999996)	(50, 45.2077)	(51, 45.2922)	(52, 45.2674)	(53, 45.2521)	(54, 45.3419)	(55, 45.2982)	(56, 45.338499999999996)	(57, 45.3782)	(58, 45.2961)	(59, 45.284600000000005)	(60, 45.3972)	(61, 45.3849)	(62, 45.4056)	(63, 45.446999999999996)	(64, 45.4257)	(65, 45.4206)	(66, 45.474399999999996)	(67, 45.4974)	(68, 45.4325)	(69, 45.4966)	(70, 45.455400000000004)	(71, 45.464)	(72, 45.5222)	(73, 45.4975)	(74, 45.502900000000004)	(75, 45.6032)	(76, 45.562999999999995)	(77, 45.527)	(78, 45.6143)	(79, 45.5867)	(80, 45.6162)	(81, 45.6104)	(82, 45.594699999999996)	(83, 45.6119)	(84, 45.7077)	(85, 45.6419)	(86, 45.6491)	(87, 45.690799999999996)	(88, 45.6676)	(89, 45.6811)	(90, 45.7208)	(91, 45.7007)	(92, 45.6909)	(93, 45.7294)	(94, 45.7212)	(95, 45.6799)	(96, 45.745799999999996)	(97, 45.766600000000004)	(98, 45.759100000000004)	(99, 45.794000000000004)	(100, 45.7753)	
HG02813	(1, 44.35)	(2, 43.2766)	(3, 43.893100000000004)	(4, 44.047399999999996)	(5, 43.7535)	(6, 44.888)	(7, 44.0919)	(8, 43.7631)	(9, 44.062200000000004)	(10, 44.6813)	(11, 44.5034)	(12, 44.3849)	(13, 44.6587)	(14, 44.3203)	(15, 44.5436)	(16, 44.579299999999996)	(17, 44.352599999999995)	(18, 45.1217)	(19, 44.881)	(20, 44.7432)	(21, 45.0589)	(22, 45.0668)	(23, 44.792100000000005)	(24, 44.99)	(25, 45.174)	(26, 45.0197)	(27, 45.5167)	(28, 45.2098)	(29, 45.3493)	(30, 45.461800000000004)	(31, 45.332699999999996)	(32, 45.3368)	(33, 45.5529)	(34, 45.6686)	(35, 45.3489)	(36, 45.5581)	(37, 45.1921)	(38, 45.4675)	(39, 45.4688)	(40, 45.4643)	(41, 45.5798)	(42, 45.2396)	(43, 45.723200000000006)	(44, 45.4575)	(45, 45.7273)	(46, 45.6222)	(47, 45.6475)	(48, 45.910000000000004)	(49, 45.9017)	(50, 45.8213)	(51, 45.7258)	(52, 45.7641)	(53, 45.5246)	(54, 45.8716)	(55, 46.1316)	(56, 45.6913)	(57, 45.7654)	(58, 45.6606)	(59, 45.8516)	(60, 45.947500000000005)	(61, 45.895599999999995)	(62, 45.7913)	(63, 45.7549)	(64, 45.9852)	(65, 46.009499999999996)	(66, 45.7773)	(67, 46.009)	(68, 46.053399999999996)	(69, 45.8635)	(70, 46.1134)	(71, 45.8943)	(72, 45.995999999999995)	(73, 46.0265)	(74, 45.6844)	(75, 45.8575)	(76, 45.976099999999995)	(77, 45.7303)	(78, 46.1937)	(79, 45.7298)	(80, 46.169700000000006)	(81, 45.9999)	(82, 46.0055)	(83, 45.7358)	(84, 46.2384)	(85, 46.0307)	(86, 45.908300000000004)	(87, 46.0678)	(88, 46.0171)	(89, 46.0186)	(90, 46.127)	(91, 46.1047)	(92, 45.9503)	(93, 46.2416)	(94, 46.1392)	(95, 46.319900000000004)	(96, 46.0313)	(97, 46.1801)	(98, 46.2642)	(99, 46.271699999999996)	(100, 45.816)	
HG02814	(1, 42.4844)	(2, 40.9801)	(3, 42.5097)	(4, 43.3282)	(5, 43.275000000000006)	(6, 44.3119)	(7, 43.8567)	(8, 43.5589)	(9, 43.898700000000005)	(10, 43.749300000000005)	(11, 43.9231)	(12, 43.8969)	(13, 43.917)	(14, 43.972899999999996)	(15, 44.0646)	(16, 43.7309)	(17, 44.0708)	(18, 44.283)	(19, 44.3494)	(20, 44.291799999999995)	(21, 44.4831)	(22, 44.4857)	(23, 44.2752)	(24, 44.586999999999996)	(25, 44.5722)	(26, 44.385200000000005)	(27, 44.7181)	(28, 44.6569)	(29, 44.3127)	(30, 44.815)	(31, 44.757400000000004)	(32, 44.8215)	(33, 44.8882)	(34, 44.7132)	(35, 44.9392)	(36, 45.0252)	(37, 45.067099999999996)	(38, 44.5912)	(39, 45.2023)	(40, 45.213)	(41, 44.6808)	(42, 45.0233)	(43, 45.1442)	(44, 44.9584)	(45, 45.028600000000004)	(46, 45.2959)	(47, 45.2093)	(48, 45.1496)	(49, 45.041599999999995)	(50, 45.299299999999995)	(51, 45.1952)	(52, 44.9731)	(53, 44.8979)	(54, 45.1941)	(55, 45.148500000000006)	(56, 44.9654)	(57, 45.1717)	(58, 45.3911)	(59, 45.2148)	(60, 45.3301)	(61, 45.4013)	(62, 45.3165)	(63, 45.7119)	(64, 45.4304)	(65, 45.1096)	(66, 45.4793)	(67, 45.2926)	(68, 45.3169)	(69, 45.651199999999996)	(70, 45.3566)	(71, 45.135799999999996)	(72, 45.5038)	(73, 45.407599999999995)	(74, 45.0801)	(75, 45.7322)	(76, 45.5519)	(77, 45.3023)	(78, 45.713100000000004)	(79, 45.5841)	(80, 45.4685)	(81, 45.352599999999995)	(82, 45.589)	(83, 45.4324)	(84, 45.5304)	(85, 45.3906)	(86, 45.6327)	(87, 45.3388)	(88, 45.6478)	(89, 45.5915)	(90, 45.4566)	(91, 45.7212)	(92, 45.5582)	(93, 45.2641)	(94, 45.858900000000006)	(95, 45.5879)	(96, 45.8167)	(97, 45.65)	(98, 45.609899999999996)	(99, 45.8159)	(100, 45.5162)	
HG02840	(1, 43.3623)	(2, 41.9406)	(3, 43.3681)	(4, 43.322)	(5, 43.2267)	(6, 44.4099)	(7, 43.9612)	(8, 43.522800000000004)	(9, 43.822)	(10, 43.8265)	(11, 43.988699999999994)	(12, 43.9923)	(13, 43.8704)	(14, 43.9768)	(15, 44.1505)	(16, 44.1195)	(17, 44.1975)	(18, 44.2405)	(19, 44.4719)	(20, 44.3549)	(21, 44.3881)	(22, 44.6005)	(23, 44.62)	(24, 44.6156)	(25, 44.655899999999995)	(26, 44.518)	(27, 44.996399999999994)	(28, 44.8102)	(29, 44.8448)	(30, 45.058)	(31, 44.839)	(32, 44.817099999999996)	(33, 44.9492)	(34, 44.7972)	(35, 44.9862)	(36, 44.958999999999996)	(37, 45.1716)	(38, 45.0473)	(39, 45.0899)	(40, 45.2889)	(41, 45.1305)	(42, 45.0876)	(43, 45.2614)	(44, 45.068000000000005)	(45, 45.266099999999994)	(46, 45.0528)	(47, 45.191199999999995)	(48, 45.406800000000004)	(49, 45.2567)	(50, 45.3283)	(51, 45.3287)	(52, 45.2488)	(53, 45.1959)	(54, 45.4451)	(55, 45.468199999999996)	(56, 45.3057)	(57, 45.3057)	(58, 45.429199999999994)	(59, 45.3704)	(60, 45.6028)	(61, 45.176)	(62, 45.305)	(63, 45.3878)	(64, 45.619)	(65, 45.3461)	(66, 45.5496)	(67, 45.5144)	(68, 45.420500000000004)	(69, 45.3759)	(70, 45.514500000000005)	(71, 45.2676)	(72, 45.5876)	(73, 45.548300000000005)	(74, 45.3347)	(75, 45.520500000000006)	(76, 45.4053)	(77, 45.541199999999996)	(78, 45.5391)	(79, 45.598499999999994)	(80, 45.4647)	(81, 45.730199999999996)	(82, 45.7845)	(83, 45.6345)	(84, 45.75)	(85, 45.5703)	(86, 45.7072)	(87, 45.3693)	(88, 45.6303)	(89, 45.598)	(90, 45.7111)	(91, 45.4842)	(92, 45.576)	(93, 45.7262)	(94, 45.6665)	(95, 45.5878)	(96, 45.7557)	(97, 45.765299999999996)	(98, 45.827200000000005)	(99, 45.6104)	(100, 45.7762)	
HG02878	(1, 42.7859)	(2, 41.9863)	(3, 43.0082)	(4, 43.2076)	(5, 43.236799999999995)	(6, 44.0865)	(7, 43.4842)	(8, 43.3882)	(9, 43.5291)	(10, 43.4884)	(11, 43.5646)	(12, 43.534299999999995)	(13, 43.5218)	(14, 43.575)	(15, 43.513400000000004)	(16, 43.7765)	(17, 43.7807)	(18, 43.938300000000005)	(19, 43.6888)	(20, 44.115700000000004)	(21, 44.008199999999995)	(22, 43.953900000000004)	(23, 44.0677)	(24, 44.1147)	(25, 44.1742)	(26, 44.278600000000004)	(27, 44.3527)	(28, 44.4018)	(29, 44.3141)	(30, 44.347500000000004)	(31, 44.263999999999996)	(32, 44.3758)	(33, 44.5825)	(34, 44.2316)	(35, 44.8933)	(36, 44.644600000000004)	(37, 44.4863)	(38, 44.391000000000005)	(39, 44.7963)	(40, 44.5637)	(41, 44.5929)	(42, 44.6099)	(43, 44.541399999999996)	(44, 44.829)	(45, 44.8125)	(46, 44.5862)	(47, 44.6999)	(48, 44.691900000000004)	(49, 44.755)	(50, 44.5057)	(51, 44.9277)	(52, 44.7637)	(53, 44.656)	(54, 44.6845)	(55, 44.8443)	(56, 44.8738)	(57, 44.8638)	(58, 44.5506)	(59, 44.9999)	(60, 44.7345)	(61, 44.7751)	(62, 44.8067)	(63, 44.7832)	(64, 45.07)	(65, 44.899499999999996)	(66, 44.777699999999996)	(67, 44.9176)	(68, 44.7179)	(69, 44.9739)	(70, 45.1682)	(71, 44.791199999999996)	(72, 44.9971)	(73, 44.8194)	(74, 44.7379)	(75, 44.986599999999996)	(76, 45.097300000000004)	(77, 44.9692)	(78, 44.9973)	(79, 44.9387)	(80, 44.833099999999995)	(81, 45.1998)	(82, 44.7774)	(83, 44.9034)	(84, 45.163399999999996)	(85, 45.216699999999996)	(86, 45.223400000000005)	(87, 45.1841)	(88, 45.1065)	(89, 44.832699999999996)	(90, 45.364599999999996)	(91, 45.2055)	(92, 44.9189)	(93, 45.0016)	(94, 45.397)	(95, 45.3158)	(96, 45.209500000000006)	(97, 45.1061)	(98, 44.8893)	(99, 45.038)	(100, 45.0334)	
HG02977	(1, 43.8186)	(2, 43.3188)	(3, 44.2562)	(4, 44.3568)	(5, 44.2571)	(6, 45.157799999999995)	(7, 44.7851)	(8, 44.349199999999996)	(9, 44.6195)	(10, 44.731700000000004)	(11, 44.7361)	(12, 44.9016)	(13, 44.754599999999996)	(14, 44.7135)	(15, 44.8757)	(16, 44.880700000000004)	(17, 44.8778)	(18, 45.1218)	(19, 45.101)	(20, 45.1191)	(21, 45.317)	(22, 45.2884)	(23, 45.260099999999994)	(24, 45.4625)	(25, 45.4087)	(26, 45.3794)	(27, 45.556000000000004)	(28, 45.525999999999996)	(29, 45.514500000000005)	(30, 45.6684)	(31, 45.6363)	(32, 45.6225)	(33, 45.7549)	(34, 45.699400000000004)	(35, 45.6897)	(36, 45.8074)	(37, 45.7798)	(38, 45.7492)	(39, 45.9135)	(40, 45.8718)	(41, 45.8179)	(42, 45.9498)	(43, 45.8977)	(44, 45.872800000000005)	(45, 45.9987)	(46, 45.929500000000004)	(47, 45.9186)	(48, 46.0383)	(49, 45.980199999999996)	(50, 45.9658)	(51, 46.1004)	(52, 46.0196)	(53, 45.9926)	(54, 46.0996)	(55, 46.077)	(56, 46.024100000000004)	(57, 46.1588)	(58, 46.0998)	(59, 46.0526)	(60, 46.1779)	(61, 46.1443)	(62, 46.1097)	(63, 46.2046)	(64, 46.1547)	(65, 46.1451)	(66, 46.2032)	(67, 46.2138)	(68, 46.1856)	(69, 46.2521)	(70, 46.2351)	(71, 46.2005)	(72, 46.2886)	(73, 46.25)	(74, 46.2123)	(75, 46.3418)	(76, 46.2605)	(77, 46.2137)	(78, 46.3538)	(79, 46.2972)	(80, 46.2704)	(81, 46.3776)	(82, 46.3187)	(83, 46.2756)	(84, 46.394000000000005)	(85, 46.3279)	(86, 46.2831)	(87, 46.3573)	(88, 46.3429)	(89, 46.3237)	(90, 46.4115)	(91, 46.3604)	(92, 46.3365)	(93, 46.4042)	(94, 46.371)	(95, 46.320899999999995)	(96, 46.413399999999996)	(97, 46.353100000000005)	(98, 46.3561)	(99, 46.411)	(100, 46.3934)	
HG02981	(1, 43.993900000000004)	(2, 43.1651)	(3, 43.582)	(4, 43.7132)	(5, 44.166)	(6, 45.8421)	(7, 44.3025)	(8, 44.5394)	(9, 44.746399999999994)	(10, 44.4361)	(11, 44.0612)	(12, 44.2498)	(13, 44.172200000000004)	(14, 44.282199999999996)	(15, 44.5702)	(16, 44.592)	(17, 44.603)	(18, 44.8625)	(19, 44.8484)	(20, 44.8235)	(21, 45.054)	(22, 45.0073)	(23, 44.959900000000005)	(24, 45.1825)	(25, 45.1235)	(26, 45.076100000000004)	(27, 45.283699999999996)	(28, 45.2348)	(29, 45.196999999999996)	(30, 45.3607)	(31, 45.3142)	(32, 45.2698)	(33, 45.474399999999996)	(34, 45.402)	(35, 45.3679)	(36, 45.531)	(37, 45.4533)	(38, 45.4361)	(39, 45.606)	(40, 45.5524)	(41, 45.490199999999994)	(42, 45.6776)	(43, 45.594699999999996)	(44, 45.5199)	(45, 45.7096)	(46, 45.6571)	(47, 45.5953)	(48, 45.766400000000004)	(49, 45.6815)	(50, 45.633)	(51, 45.7999)	(52, 45.736399999999996)	(53, 45.6482)	(54, 45.8337)	(55, 45.776)	(56, 45.724199999999996)	(57, 45.8705)	(58, 45.7906)	(59, 45.754400000000004)	(60, 45.9034)	(61, 45.8534)	(62, 45.7887)	(63, 45.9261)	(64, 45.8929)	(65, 45.820100000000004)	(66, 45.9644)	(67, 45.9258)	(68, 45.8733)	(69, 46.017)	(70, 45.975)	(71, 45.9136)	(72, 46.031)	(73, 45.9736)	(74, 45.929500000000004)	(75, 46.0843)	(76, 45.979)	(77, 45.940599999999996)	(78, 46.0768)	(79, 46.0179)	(80, 45.967200000000005)	(81, 46.1034)	(82, 46.0445)	(83, 45.9754)	(84, 46.1348)	(85, 46.0752)	(86, 46.0108)	(87, 46.121)	(88, 46.109899999999996)	(89, 46.0525)	(90, 46.1687)	(91, 46.1088)	(92, 46.0725)	(93, 46.163)	(94, 46.122)	(95, 46.0877)	(96, 46.192299999999996)	(97, 46.1525)	(98, 46.1129)	(99, 46.2354)	(100, 46.196799999999996)	
HG02982	(1, 44.5187)	(2, 43.2997)	(3, 44.0708)	(4, 44.166)	(5, 43.987300000000005)	(6, 45.0188)	(7, 44.459900000000005)	(8, 44.2511)	(9, 44.4549)	(10, 44.848)	(11, 44.661)	(12, 44.8429)	(13, 44.6794)	(14, 44.8894)	(15, 44.8631)	(16, 44.9056)	(17, 44.9409)	(18, 45.277499999999996)	(19, 45.3284)	(20, 45.2808)	(21, 45.4169)	(22, 45.3833)	(23, 45.368700000000004)	(24, 45.6543)	(25, 45.2506)	(26, 45.619)	(27, 45.780300000000004)	(28, 45.5972)	(29, 45.4202)	(30, 45.7618)	(31, 45.6935)	(32, 45.5341)	(33, 45.7745)	(34, 45.694)	(35, 45.6818)	(36, 45.7405)	(37, 45.915099999999995)	(38, 45.9136)	(39, 46.0096)	(40, 46.044200000000004)	(41, 45.8734)	(42, 46.078)	(43, 46.095000000000006)	(44, 45.8782)	(45, 46.0582)	(46, 46.0374)	(47, 46.0565)	(48, 45.9925)	(49, 46.022999999999996)	(50, 45.9947)	(51, 45.933800000000005)	(52, 46.192)	(53, 46.0113)	(54, 46.04)	(55, 46.275800000000004)	(56, 46.0806)	(57, 46.239599999999996)	(58, 45.9704)	(59, 46.1958)	(60, 46.4997)	(61, 46.4215)	(62, 46.1828)	(63, 46.3104)	(64, 46.3572)	(65, 46.1353)	(66, 46.152100000000004)	(67, 46.2338)	(68, 46.3795)	(69, 46.2649)	(70, 46.2693)	(71, 46.253499999999995)	(72, 46.4599)	(73, 46.3814)	(74, 46.615899999999996)	(75, 46.4312)	(76, 46.254400000000004)	(77, 46.4911)	(78, 46.317)	(79, 46.4366)	(80, 46.5089)	(81, 46.6472)	(82, 46.4018)	(83, 46.480199999999996)	(84, 46.619899999999994)	(85, 46.4377)	(86, 46.3792)	(87, 46.590900000000005)	(88, 46.6271)	(89, 46.531099999999995)	(90, 46.6822)	(91, 46.5953)	(92, 46.5418)	(93, 46.739999999999995)	(94, 46.663)	(95, 46.544000000000004)	(96, 46.7845)	(97, 46.4932)	(98, 46.6013)	(99, 46.8637)	(100, 46.708800000000004)	
HG03139	(1, 43.6841)	(2, 42.2664)	(3, 43.3977)	(4, 43.5889)	(5, 43.519200000000005)	(6, 44.5056)	(7, 44.1635)	(8, 43.6163)	(9, 44.0086)	(10, 44.1398)	(11, 44.0794)	(12, 44.2562)	(13, 44.1632)	(14, 44.1046)	(15, 44.2981)	(16, 44.3012)	(17, 44.3077)	(18, 44.5212)	(19, 44.5435)	(20, 44.538)	(21, 44.711800000000004)	(22, 44.7082)	(23, 44.689499999999995)	(24, 44.8916)	(25, 44.8541)	(26, 44.8003)	(27, 45.020900000000005)	(28, 44.9586)	(29, 44.9374)	(30, 45.0807)	(31, 45.0883)	(32, 45.019999999999996)	(33, 45.176500000000004)	(34, 45.1329)	(35, 45.1303)	(36, 45.2309)	(37, 45.195)	(38, 45.1925)	(39, 45.3165)	(40, 45.2815)	(41, 45.2345)	(42, 45.3501)	(43, 45.324999999999996)	(44, 45.2752)	(45, 45.4186)	(46, 45.3828)	(47, 45.3402)	(48, 45.4563)	(49, 45.4374)	(50, 45.3725)	(51, 45.516)	(52, 45.4688)	(53, 45.407799999999995)	(54, 45.5244)	(55, 45.486)	(56, 45.449600000000004)	(57, 45.5705)	(58, 45.5247)	(59, 45.4927)	(60, 45.5968)	(61, 45.5793)	(62, 45.5248)	(63, 45.618900000000004)	(64, 45.6008)	(65, 45.5541)	(66, 45.6501)	(67, 45.6355)	(68, 45.5941)	(69, 45.703700000000005)	(70, 45.6755)	(71, 45.6312)	(72, 45.717400000000005)	(73, 45.7009)	(74, 45.632099999999994)	(75, 45.7701)	(76, 45.7001)	(77, 45.6481)	(78, 45.751599999999996)	(79, 45.730900000000005)	(80, 45.6955)	(81, 45.759)	(82, 45.7391)	(83, 45.7095)	(84, 45.7922)	(85, 45.7753)	(86, 45.6972)	(87, 45.7804)	(88, 45.7569)	(89, 45.7307)	(90, 45.8247)	(91, 45.8286)	(92, 45.739200000000004)	(93, 45.8104)	(94, 45.7881)	(95, 45.7317)	(96, 45.824999999999996)	(97, 45.7752)	(98, 45.7397)	(99, 45.8229)	(100, 45.8044)	
HG03157	(1, 43.459399999999995)	(2, 42.3982)	(3, 43.099399999999996)	(4, 43.3859)	(5, 43.2462)	(6, 44.1126)	(7, 43.8027)	(8, 43.32)	(9, 43.6737)	(10, 43.9238)	(11, 43.9158)	(12, 44.0911)	(13, 43.9591)	(14, 43.8908)	(15, 44.040400000000005)	(16, 44.0334)	(17, 44.0583)	(18, 44.2631)	(19, 44.306)	(20, 44.2911)	(21, 44.467099999999995)	(22, 44.4608)	(23, 44.445800000000006)	(24, 44.6121)	(25, 44.603300000000004)	(26, 44.573499999999996)	(27, 44.7318)	(28, 44.7252)	(29, 44.7082)	(30, 44.8397)	(31, 44.8273)	(32, 44.786300000000004)	(33, 44.906600000000005)	(34, 44.8755)	(35, 44.8461)	(36, 44.9505)	(37, 44.952)	(38, 44.937)	(39, 45.050000000000004)	(40, 45.0216)	(41, 44.9971)	(42, 45.1004)	(43, 45.0888)	(44, 45.0287)	(45, 45.1383)	(46, 45.104)	(47, 45.0937)	(48, 45.1783)	(49, 45.1704)	(50, 45.1546)	(51, 45.2273)	(52, 45.2062)	(53, 45.1481)	(54, 45.237500000000004)	(55, 45.222699999999996)	(56, 45.1845)	(57, 45.2882)	(58, 45.2576)	(59, 45.2223)	(60, 45.3304)	(61, 45.3222)	(62, 45.2821)	(63, 45.353300000000004)	(64, 45.3235)	(65, 45.2973)	(66, 45.373599999999996)	(67, 45.3695)	(68, 45.339)	(69, 45.4249)	(70, 45.4379)	(71, 45.3737)	(72, 45.4458)	(73, 45.4204)	(74, 45.3837)	(75, 45.4876)	(76, 45.4198)	(77, 45.3981)	(78, 45.4791)	(79, 45.466699999999996)	(80, 45.4384)	(81, 45.495799999999996)	(82, 45.4745)	(83, 45.452)	(84, 45.5454)	(85, 45.5017)	(86, 45.4453)	(87, 45.5007)	(88, 45.5017)	(89, 45.4911)	(90, 45.5396)	(91, 45.5542)	(92, 45.5148)	(93, 45.5621)	(94, 45.5384)	(95, 45.5046)	(96, 45.566)	(97, 45.549800000000005)	(98, 45.4988)	(99, 45.5585)	(100, 45.5504)	
HG03267	(1, 44.109300000000005)	(2, 43.444300000000005)	(3, 43.726)	(4, 44.069199999999995)	(5, 43.8988)	(6, 44.7688)	(7, 44.3522)	(8, 43.9201)	(9, 44.2399)	(10, 44.4966)	(11, 44.4975)	(12, 44.6131)	(13, 44.4977)	(14, 44.4389)	(15, 44.5745)	(16, 44.5876)	(17, 44.6341)	(18, 44.8212)	(19, 44.8361)	(20, 44.867200000000004)	(21, 45.033699999999996)	(22, 45.0376)	(23, 45.0282)	(24, 45.150800000000004)	(25, 45.1143)	(26, 45.146)	(27, 45.2671)	(28, 45.260400000000004)	(29, 45.2754)	(30, 45.3516)	(31, 45.3741)	(32, 45.3443)	(33, 45.4325)	(34, 45.3956)	(35, 45.4091)	(36, 45.5)	(37, 45.466899999999995)	(38, 45.4783)	(39, 45.5872)	(40, 45.570899999999995)	(41, 45.549499999999995)	(42, 45.6417)	(43, 45.611200000000004)	(44, 45.584799999999994)	(45, 45.6714)	(46, 45.6355)	(47, 45.618199999999995)	(48, 45.7292)	(49, 45.713300000000004)	(50, 45.6829)	(51, 45.772800000000004)	(52, 45.735)	(53, 45.6938)	(54, 45.7812)	(55, 45.7797)	(56, 45.7449)	(57, 45.8228)	(58, 45.8059)	(59, 45.7651)	(60, 45.8729)	(61, 45.8755)	(62, 45.8486)	(63, 45.901599999999995)	(64, 45.867200000000004)	(65, 45.8446)	(66, 45.9189)	(67, 45.9154)	(68, 45.898)	(69, 45.9529)	(70, 45.9379)	(71, 45.9253)	(72, 45.9915)	(73, 45.959)	(74, 45.9287)	(75, 46.0009)	(76, 45.9575)	(77, 45.9516)	(78, 46.0472)	(79, 46.0237)	(80, 46.0014)	(81, 46.062999999999995)	(82, 46.041)	(83, 46.029399999999995)	(84, 46.0953)	(85, 46.0372)	(86, 46.0066)	(87, 46.0717)	(88, 46.0634)	(89, 46.049299999999995)	(90, 46.1075)	(91, 46.1214)	(92, 46.0651)	(93, 46.132600000000004)	(94, 46.1136)	(95, 46.0698)	(96, 46.1142)	(97, 46.090599999999995)	(98, 46.0756)	(99, 46.1207)	(100, 46.130300000000005)	
HG03603	(1, 43.2078)	(2, 42.8112)	(3, 43.7177)	(4, 43.8729)	(5, 43.8357)	(6, 44.7816)	(7, 44.3777)	(8, 44.0319)	(9, 44.2363)	(10, 44.233)	(11, 44.236)	(12, 44.428200000000004)	(13, 44.274)	(14, 44.2636)	(15, 44.4427)	(16, 44.4218)	(17, 44.466)	(18, 44.6637)	(19, 44.6637)	(20, 44.6818)	(21, 44.8868)	(22, 44.8562)	(23, 44.827)	(24, 45.0057)	(25, 44.9514)	(26, 44.9751)	(27, 45.155)	(28, 45.0985)	(29, 45.0679)	(30, 45.2351)	(31, 45.1883)	(32, 45.1686)	(33, 45.305800000000005)	(34, 45.233200000000004)	(35, 45.2367)	(36, 45.378099999999996)	(37, 45.2953)	(38, 45.271499999999996)	(39, 45.4224)	(40, 45.3711)	(41, 45.345)	(42, 45.5122)	(43, 45.4714)	(44, 45.4173)	(45, 45.5691)	(46, 45.5043)	(47, 45.5071)	(48, 45.6078)	(49, 45.5598)	(50, 45.5057)	(51, 45.637699999999995)	(52, 45.583)	(53, 45.5432)	(54, 45.6649)	(55, 45.6311)	(56, 45.61)	(57, 45.6943)	(58, 45.6513)	(59, 45.6183)	(60, 45.744099999999996)	(61, 45.6843)	(62, 45.671800000000005)	(63, 45.7766)	(64, 45.724900000000005)	(65, 45.719100000000005)	(66, 45.787099999999995)	(67, 45.7511)	(68, 45.7327)	(69, 45.8436)	(70, 45.7818)	(71, 45.7807)	(72, 45.852900000000005)	(73, 45.8052)	(74, 45.778200000000005)	(75, 45.8725)	(76, 45.7988)	(77, 45.7946)	(78, 45.8825)	(79, 45.8699)	(80, 45.8084)	(81, 45.9156)	(82, 45.9555)	(83, 45.872299999999996)	(84, 45.976299999999995)	(85, 45.9136)	(86, 45.8843)	(87, 45.9234)	(88, 45.9154)	(89, 45.8885)	(90, 45.954299999999996)	(91, 45.9309)	(92, 45.8709)	(93, 46.000600000000006)	(94, 45.9517)	(95, 45.9147)	(96, 45.9736)	(97, 45.8808)	(98, 45.8665)	(99, 45.9597)	(100, 45.9115)	
HG03672	(1, 42.9159)	(2, 42.8922)	(3, 43.8543)	(4, 44.0691)	(5, 43.918)	(6, 44.872299999999996)	(7, 44.3914)	(8, 44.0527)	(9, 44.219500000000004)	(10, 44.2402)	(11, 44.2694)	(12, 44.432700000000004)	(13, 44.2475)	(14, 44.2234)	(15, 44.4092)	(16, 44.3863)	(17, 44.4097)	(18, 44.6518)	(19, 44.627)	(20, 44.630700000000004)	(21, 44.829299999999996)	(22, 44.7973)	(23, 44.8154)	(24, 44.994)	(25, 44.939499999999995)	(26, 44.9146)	(27, 45.117200000000004)	(28, 45.0642)	(29, 45.022600000000004)	(30, 45.1787)	(31, 45.116)	(32, 45.129200000000004)	(33, 45.2886)	(34, 45.2266)	(35, 45.2359)	(36, 45.3634)	(37, 45.3193)	(38, 45.2919)	(39, 45.4108)	(40, 45.3631)	(41, 45.3542)	(42, 45.5002)	(43, 45.447900000000004)	(44, 45.4125)	(45, 45.5642)	(46, 45.4876)	(47, 45.476499999999994)	(48, 45.602399999999996)	(49, 45.5544)	(50, 45.5054)	(51, 45.6462)	(52, 45.5843)	(53, 45.5394)	(54, 45.6511)	(55, 45.604299999999995)	(56, 45.6036)	(57, 45.7355)	(58, 45.663)	(59, 45.6328)	(60, 45.7509)	(61, 45.702999999999996)	(62, 45.6812)	(63, 45.7896)	(64, 45.6911)	(65, 45.6984)	(66, 45.8202)	(67, 45.7813)	(68, 45.7536)	(69, 45.8838)	(70, 45.8189)	(71, 45.7996)	(72, 45.8999)	(73, 45.8507)	(74, 45.8089)	(75, 45.9598)	(76, 45.8534)	(77, 45.822)	(78, 45.9185)	(79, 45.885)	(80, 45.8643)	(81, 45.9386)	(82, 45.8906)	(83, 45.873799999999996)	(84, 45.995999999999995)	(85, 45.9314)	(86, 45.941700000000004)	(87, 45.9859)	(88, 45.9442)	(89, 45.9506)	(90, 46.024100000000004)	(91, 45.981)	(92, 45.9381)	(93, 46.0367)	(94, 45.97)	(95, 45.9718)	(96, 46.0706)	(97, 46.027)	(98, 45.990199999999994)	(99, 46.0614)	(100, 46.0328)	
HG03723	(1, 42.4469)	(2, 42.2908)	(3, 43.1228)	(4, 43.2951)	(5, 43.2776)	(6, 44.1926)	(7, 43.839099999999995)	(8, 43.3923)	(9, 43.5998)	(10, 43.655100000000004)	(11, 43.6899)	(12, 43.8614)	(13, 43.7035)	(14, 43.6802)	(15, 43.8287)	(16, 43.8386)	(17, 43.8754)	(18, 44.0687)	(19, 44.054)	(20, 44.0575)	(21, 44.2681)	(22, 44.246)	(23, 44.236399999999996)	(24, 44.4163)	(25, 44.3857)	(26, 44.382)	(27, 44.5345)	(28, 44.508399999999995)	(29, 44.4871)	(30, 44.6138)	(31, 44.5962)	(32, 44.5937)	(33, 44.7459)	(34, 44.6963)	(35, 44.6768)	(36, 44.833600000000004)	(37, 44.7636)	(38, 44.7506)	(39, 44.8859)	(40, 44.8384)	(41, 44.8126)	(42, 44.968)	(43, 44.9142)	(44, 44.8739)	(45, 45.0194)	(46, 44.9713)	(47, 44.947199999999995)	(48, 45.062000000000005)	(49, 45.0067)	(50, 44.9691)	(51, 45.0801)	(52, 45.0391)	(53, 45.018)	(54, 45.1324)	(55, 45.0734)	(56, 45.0634)	(57, 45.1565)	(58, 45.1195)	(59, 45.0942)	(60, 45.1957)	(61, 45.1519)	(62, 45.141799999999996)	(63, 45.237)	(64, 45.1876)	(65, 45.1907)	(66, 45.2886)	(67, 45.2672)	(68, 45.246399999999994)	(69, 45.3345)	(70, 45.2927)	(71, 45.273799999999994)	(72, 45.3743)	(73, 45.3266)	(74, 45.311800000000005)	(75, 45.427)	(76, 45.331900000000005)	(77, 45.317099999999996)	(78, 45.3914)	(79, 45.3754)	(80, 45.3355)	(81, 45.4084)	(82, 45.3814)	(83, 45.3554)	(84, 45.462)	(85, 45.398500000000006)	(86, 45.391799999999996)	(87, 45.4906)	(88, 45.4499)	(89, 45.4234)	(90, 45.5184)	(91, 45.4696)	(92, 45.4512)	(93, 45.5083)	(94, 45.4857)	(95, 45.4587)	(96, 45.535399999999996)	(97, 45.5136)	(98, 45.5131)	(99, 45.5602)	(100, 45.553900000000006)	
HG03790	(1, 42.8863)	(2, 42.6149)	(3, 43.1248)	(4, 43.326100000000004)	(5, 43.3142)	(6, 44.3127)	(7, 43.931599999999996)	(8, 43.4956)	(9, 43.7342)	(10, 43.7804)	(11, 43.8169)	(12, 43.9825)	(13, 43.8234)	(14, 43.8051)	(15, 43.9494)	(16, 43.9426)	(17, 43.9801)	(18, 44.1862)	(19, 44.1725)	(20, 44.189099999999996)	(21, 44.3836)	(22, 44.362899999999996)	(23, 44.348)	(24, 44.5383)	(25, 44.4842)	(26, 44.4983)	(27, 44.6316)	(28, 44.6205)	(29, 44.588100000000004)	(30, 44.7114)	(31, 44.706)	(32, 44.6881)	(33, 44.8347)	(34, 44.7895)	(35, 44.8065)	(36, 44.9029)	(37, 44.8704)	(38, 44.847300000000004)	(39, 44.9914)	(40, 44.9499)	(41, 44.9936)	(42, 45.084999999999994)	(43, 45.0182)	(44, 44.9894)	(45, 45.1125)	(46, 45.0797)	(47, 45.0446)	(48, 45.1514)	(49, 45.1121)	(50, 45.0884)	(51, 45.193)	(52, 45.1229)	(53, 45.109100000000005)	(54, 45.2092)	(55, 45.165499999999994)	(56, 45.2263)	(57, 45.292300000000004)	(58, 45.2033)	(59, 45.1716)	(60, 45.3376)	(61, 45.2446)	(62, 45.204100000000004)	(63, 45.3181)	(64, 45.2694)	(65, 45.2689)	(66, 45.3442)	(67, 45.3187)	(68, 45.266)	(69, 45.372299999999996)	(70, 45.339)	(71, 45.3222)	(72, 45.4118)	(73, 45.360499999999995)	(74, 45.347300000000004)	(75, 45.4681)	(76, 45.4138)	(77, 45.3565)	(78, 45.4978)	(79, 45.4346)	(80, 45.4235)	(81, 45.4857)	(82, 45.454)	(83, 45.4046)	(84, 45.5111)	(85, 45.4688)	(86, 45.4279)	(87, 45.4778)	(88, 45.445600000000006)	(89, 45.4582)	(90, 45.5576)	(91, 45.5073)	(92, 45.4724)	(93, 45.5385)	(94, 45.5196)	(95, 45.4756)	(96, 45.568999999999996)	(97, 45.5631)	(98, 45.4827)	(99, 45.5766)	(100, 45.568)	
HG03814	(1, 43.269000000000005)	(2, 42.4893)	(3, 43.6049)	(4, 43.885400000000004)	(5, 43.5623)	(6, 44.5598)	(7, 44.2154)	(8, 43.7265)	(9, 44.026900000000005)	(10, 44.1359)	(11, 44.1808)	(12, 44.3623)	(13, 44.2126)	(14, 44.1815)	(15, 44.359700000000004)	(16, 44.3463)	(17, 44.359)	(18, 44.6051)	(19, 44.6003)	(20, 44.593500000000006)	(21, 44.8191)	(22, 44.7629)	(23, 44.7662)	(24, 44.954100000000004)	(25, 44.9219)	(26, 44.8705)	(27, 45.0521)	(28, 45.0256)	(29, 45.001400000000004)	(30, 45.1687)	(31, 45.1286)	(32, 45.0844)	(33, 45.2574)	(34, 45.2208)	(35, 45.1767)	(36, 45.3285)	(37, 45.2769)	(38, 45.2386)	(39, 45.3934)	(40, 45.358399999999996)	(41, 45.3306)	(42, 45.4553)	(43, 45.393899999999995)	(44, 45.3827)	(45, 45.4997)	(46, 45.4592)	(47, 45.4449)	(48, 45.547399999999996)	(49, 45.5079)	(50, 45.481899999999996)	(51, 45.6004)	(52, 45.5813)	(53, 45.478)	(54, 45.6116)	(55, 45.5592)	(56, 45.5398)	(57, 45.6335)	(58, 45.5914)	(59, 45.5563)	(60, 45.6793)	(61, 45.644800000000004)	(62, 45.6141)	(63, 45.7231)	(64, 45.665)	(65, 45.6259)	(66, 45.7341)	(67, 45.7343)	(68, 45.6783)	(69, 45.7946)	(70, 45.747)	(71, 45.691900000000004)	(72, 45.8093)	(73, 45.7627)	(74, 45.7203)	(75, 45.8503)	(76, 45.7764)	(77, 45.751799999999996)	(78, 45.8295)	(79, 45.7918)	(80, 45.7507)	(81, 45.8571)	(82, 45.8125)	(83, 45.7685)	(84, 45.8917)	(85, 45.789)	(86, 45.7889)	(87, 45.8762)	(88, 45.8368)	(89, 45.7868)	(90, 45.895)	(91, 45.832699999999996)	(92, 45.8314)	(93, 45.8907)	(94, 45.8633)	(95, 45.8136)	(96, 45.9255)	(97, 45.895)	(98, 45.8221)	(99, 45.9265)	(100, 45.871)	
NA06989	(1, 40.6075)	(2, 42.228500000000004)	(3, 42.951299999999996)	(4, 43.2457)	(5, 42.9261)	(6, 43.8369)	(7, 43.1843)	(8, 42.992999999999995)	(9, 42.9808)	(10, 43.1973)	(11, 43.149)	(12, 43.1107)	(13, 42.9543)	(14, 43.162800000000004)	(15, 43.1443)	(16, 43.3243)	(17, 43.3252)	(18, 43.5548)	(19, 43.3294)	(20, 43.6334)	(21, 43.6864)	(22, 43.5741)	(23, 43.6195)	(24, 43.8138)	(25, 43.688500000000005)	(26, 43.7213)	(27, 43.8016)	(28, 43.8007)	(29, 43.7852)	(30, 44.042500000000004)	(31, 43.937)	(32, 43.9266)	(33, 43.8927)	(34, 43.9795)	(35, 43.9545)	(36, 43.9857)	(37, 43.898700000000005)	(38, 43.9966)	(39, 43.9981)	(40, 44.1584)	(41, 44.258399999999995)	(42, 44.3157)	(43, 44.158500000000004)	(44, 44.0384)	(45, 44.1454)	(46, 44.0888)	(47, 44.0813)	(48, 44.390800000000006)	(49, 44.1875)	(50, 44.225500000000004)	(51, 44.3039)	(52, 44.327299999999994)	(53, 44.2091)	(54, 44.4562)	(55, 44.3119)	(56, 44.557)	(57, 44.4341)	(58, 44.5804)	(59, 44.5754)	(60, 44.5332)	(61, 44.460699999999996)	(62, 44.6192)	(63, 44.6098)	(64, 44.3642)	(65, 44.655899999999995)	(66, 44.6675)	(67, 44.8298)	(68, 44.8181)	(69, 44.7821)	(70, 44.7776)	(71, 44.8757)	(72, 44.882600000000004)	(73, 44.9765)	(74, 44.8838)	(75, 45.2205)	(76, 45.0119)																									
NA18488	(1, 39.9776)	(2, 41.7361)	(3, 42.4662)	(4, 42.537000000000006)	(5, 42.6907)	(6, 43.3145)	(7, 42.9572)	(8, 42.667500000000004)	(9, 42.7129)	(10, 42.8934)	(11, 42.8653)	(12, 42.9463)	(13, 42.7663)	(14, 42.884)	(15, 43.0251)	(16, 43.0479)	(17, 43.1351)	(18, 43.2606)	(19, 43.2904)	(20, 43.345800000000004)	(21, 43.4384)	(22, 43.4312)	(23, 43.452400000000004)	(24, 43.5962)	(25, 43.5143)	(26, 43.585)	(27, 43.681)	(28, 43.613)	(29, 43.647000000000006)	(30, 43.7406)	(31, 43.717600000000004)	(32, 43.7235)	(33, 43.8028)	(34, 43.726)	(35, 43.809799999999996)	(36, 43.842)	(37, 43.774)	(38, 43.8185)	(39, 43.884)	(40, 43.8505)	(41, 43.8702)	(42, 43.9549)	(43, 43.9115)	(44, 43.9567)	(45, 44.0357)	(46, 44.0195)	(47, 44.0583)	(48, 44.1141)	(49, 44.0998)	(50, 44.1553)	(51, 44.1935)	(52, 44.1729)	(53, 44.1665)	(54, 44.2658)	(55, 44.2531)	(56, 44.295)	(57, 44.3176)	(58, 44.2891)	(59, 44.3511)	(60, 44.4284)	(61, 44.4229)	(62, 44.4465)	(63, 44.4839)	(64, 44.471)	(65, 44.5448)	(66, 44.6082)	(67, 44.6193)	(68, 44.6873)	(69, 44.7797)	(70, 44.8218)	(71, 44.9876)	(72, 45.0892)	(73, 45.0726)	(74, 45.113)	(75, 45.2926)	(76, 45.4725)																									
NA18498	(1, 42.1058)	(2, 43.8933)	(3, 44.6532)	(4, 44.7113)	(5, 44.500499999999995)	(6, 45.1213)	(7, 44.626)	(8, 44.3386)	(9, 44.4968)	(10, 44.5131)	(11, 44.603300000000004)	(12, 44.6484)	(13, 44.3851)	(14, 44.628299999999996)	(15, 44.676)	(16, 44.771699999999996)	(17, 44.863)	(18, 44.885999999999996)	(19, 45.0092)	(20, 44.9534)	(21, 45.1757)	(22, 45.0272)	(23, 45.06)	(24, 45.3088)	(25, 45.109100000000005)	(26, 45.283)	(27, 45.382099999999994)	(28, 45.1716)	(29, 45.3469)	(30, 45.325500000000005)	(31, 45.43)	(32, 45.324)	(33, 45.4822)	(34, 45.3956)	(35, 45.3915)	(36, 45.513799999999996)	(37, 45.467600000000004)	(38, 45.5169)	(39, 45.447900000000004)	(40, 45.4075)	(41, 45.5594)	(42, 45.5541)	(43, 45.482499999999995)	(44, 45.6323)	(45, 45.6218)	(46, 45.7569)	(47, 45.780100000000004)	(48, 45.7377)	(49, 45.7427)	(50, 45.79)	(51, 45.9913)	(52, 45.9982)	(53, 45.954699999999995)	(54, 46.083600000000004)	(55, 45.9962)	(56, 46.144600000000004)	(57, 46.042300000000004)	(58, 46.0372)	(59, 46.2611)	(60, 46.2561)	(61, 46.3819)	(62, 46.381299999999996)	(63, 46.3118)	(64, 46.4176)	(65, 46.6428)	(66, 46.6138)	(67, 46.6535)	(68, 46.715)	(69, 46.8547)	(70, 46.886)	(71, 47.0111)	(72, 47.1259)	(73, 47.1513)	(74, 47.1669)	(75, 47.511700000000005)	(76, 47.946)																									
NA18499	(1, 45.2158)	(2, 46.279399999999995)	(3, 46.9184)	(4, 46.7658)	(5, 46.9231)	(6, 47.4899)	(7, 47.1663)	(8, 46.7898)	(9, 46.8194)	(10, 47.1371)	(11, 47.0161)	(12, 47.1256)	(13, 46.7997)	(14, 46.9401)	(15, 47.2365)	(16, 47.1755)	(17, 47.3895)	(18, 47.3111)	(19, 47.432900000000004)	(20, 47.5353)	(21, 47.6327)	(22, 47.4777)	(23, 47.5821)	(24, 47.547200000000004)	(25, 47.5971)	(26, 47.5146)	(27, 47.616)	(28, 47.7666)	(29, 47.6578)	(30, 48.0753)	(31, 47.75)	(32, 47.8893)	(33, 47.8553)	(34, 47.6579)	(35, 47.8206)	(36, 47.9914)	(37, 47.9331)	(38, 47.840199999999996)	(39, 48.1582)	(40, 47.7896)	(41, 48.0955)	(42, 48.2074)	(43, 47.9643)	(44, 48.0169)	(45, 48.239399999999996)	(46, 48.2244)	(47, 48.1509)	(48, 48.4056)	(49, 48.1006)	(50, 48.3807)	(51, 48.4467)	(52, 48.3401)	(53, 48.3926)	(54, 48.3862)	(55, 48.423500000000004)	(56, 48.5137)	(57, 48.6807)	(58, 48.5139)	(59, 48.674800000000005)	(60, 48.6934)	(61, 48.5253)	(62, 48.6305)	(63, 48.9167)	(64, 48.668499999999995)	(65, 48.8661)	(66, 48.7489)	(67, 48.7659)	(68, 48.936)	(69, 49.0295)	(70, 48.9822)	(71, 49.044399999999996)	(72, 49.1561)	(73, 49.1813)	(74, 49.1685)	(75, 49.4328)	(76, 49.796800000000005)																									
NA18530	(1, 39.5599)	(2, 40.7897)	(3, 41.9751)	(4, 42.1556)	(5, 41.8437)	(6, 42.715199999999996)	(7, 42.5276)	(8, 41.9476)	(9, 42.0889)	(10, 42.7002)	(11, 42.627700000000004)	(12, 42.6699)	(13, 42.4281)	(14, 42.497600000000006)	(15, 42.6239)	(16, 42.632799999999996)	(17, 42.775200000000005)	(18, 42.9313)	(19, 42.9375)	(20, 43.0235)	(21, 43.1736)	(22, 43.1689)	(23, 43.2252)	(24, 43.3663)	(25, 43.343399999999995)	(26, 43.3838)	(27, 43.5304)	(28, 43.5081)	(29, 43.5368)	(30, 43.6216)	(31, 43.5892)	(32, 43.6444)	(33, 43.734)	(34, 43.6817)	(35, 43.7463)	(36, 43.819399999999995)	(37, 43.7845)	(38, 43.8303)	(39, 43.916)	(40, 43.8849)	(41, 43.9141)	(42, 43.9941)	(43, 43.9525)	(44, 43.9905)	(45, 44.0642)	(46, 44.0104)	(47, 44.0457)	(48, 44.1181)	(49, 44.0929)	(50, 44.1164)	(51, 44.2007)	(52, 44.1748)	(53, 44.196200000000005)	(54, 44.2825)	(55, 44.2436)	(56, 44.294200000000004)	(57, 44.3476)	(58, 44.3211)	(59, 44.3371)	(60, 44.4108)	(61, 44.4127)	(62, 44.4298)	(63, 44.4959)	(64, 44.444)	(65, 44.5173)	(66, 44.5422)	(67, 44.5335)	(68, 44.5644)	(69, 44.6229)	(70, 44.583099999999995)	(71, 44.6246)	(72, 44.6941)	(73, 44.6471)	(74, 44.664500000000004)	(75, 44.7609)	(76, 44.6635)	(77, 44.7009)	(78, 44.7736)	(79, 44.7467)	(80, 44.7648)	(81, 44.8255)	(82, 44.8241)	(83, 44.8204)	(84, 44.8921)	(85, 44.8434)	(86, 44.8675)	(87, 44.9094)	(88, 44.8956)	(89, 44.939800000000005)	(90, 44.9961)											
NA18946	(1, 45.3565)	(2, 46.765499999999996)	(3, 48.626799999999996)	(4, 47.6155)	(5, 46.0831)	(6, 48.7372)	(7, 47.930099999999996)	(8, 47.6987)	(9, 47.9626)	(10, 48.0925)	(11, 47.6493)	(12, 47.720800000000004)	(13, 47.489399999999996)	(14, 47.504999999999995)	(15, 47.7442)	(16, 47.8352)	(17, 47.6584)	(18, 47.9886)	(19, 47.9886)	(20, 47.4413)	(21, 48.0354)	(22, 47.948299999999996)	(23, 47.7767)	(24, 48.0769)	(25, 47.9951)	(26, 47.739)	(27, 47.9548)	(28, 48.2056)	(29, 47.822199999999995)	(30, 47.9886)	(31, 48.134100000000004)	(32, 47.3458)	(33, 47.9313)	(34, 48.1223)	(35, 47.794599999999996)	(36, 47.660000000000004)	(37, 48.0903)	(38, 47.528)	(39, 47.895199999999996)	(40, 48.0492)	(41, 47.771)	(42, 47.9536)	(43, 48.060199999999995)	(44, 47.632400000000004)	(45, 48.1362)	(46, 47.9802)	(47, 48.1271)	(48, 48.0412)	(49, 47.9482)	(50, 48.0496)	(51, 47.9599)	(52, 47.8467)	(53, 47.692)	(54, 47.768)	(55, 48.1913)	(56, 47.910399999999996)	(57, 47.8493)	(58, 47.7646)	(59, 48.180800000000005)	(60, 47.9512)	(61, 47.9134)	(62, 47.8054)	(63, 48.3613)	(64, 48.1624)	(65, 48.1357)	(66, 47.9848)	(67, 47.936)	(68, 47.891099999999994)	(69, 48.1224)	(70, 47.909)	(71, 47.8666)	(72, 48.1254)	(73, 48.0699)	(74, 47.874)	(75, 47.9733)	(76, 47.6495)	(77, 47.8529)	(78, 47.909)	(79, 47.665)	(80, 47.606500000000004)	(81, 48.2819)	(82, 47.843799999999995)	(83, 48.047200000000004)	(84, 48.074600000000004)	(85, 47.9517)	(86, 48.3331)	(87, 47.7736)	(88, 48.1081)	(89, 47.703)	(90, 48.1844)	(91, 48.0896)	(92, 48.112)	(93, 47.9332)	(94, 47.9864)	(95, 48.3101)	(96, 48.141600000000004)	(97, 47.8281)	(98, 48.1245)	(99, 48.188199999999995)	(100, 48.139199999999995)	(101, 48.480000000000004)
NA19001	(1, 40.4418)	(2, 44.5488)	(3, 45.9162)	(4, 46.9491)	(5, 44.3558)	(6, 47.376200000000004)	(7, 45.723200000000006)	(8, 45.3878)	(9, 45.4521)	(10, 46.1214)	(11, 45.9283)	(12, 46.0168)	(13, 45.5084)	(14, 45.4835)	(15, 45.9718)	(16, 45.6347)	(17, 45.7876)	(18, 45.8913)	(19, 46.0305)	(20, 46.0047)	(21, 46.176899999999996)	(22, 45.9452)	(23, 45.8986)	(24, 46.1149)	(25, 46.1938)	(26, 45.9034)	(27, 46.2082)	(28, 45.960499999999996)	(29, 46.0425)	(30, 46.2533)	(31, 46.0128)	(32, 46.0328)	(33, 46.367399999999996)	(34, 46.0379)	(35, 46.031)	(36, 46.0357)	(37, 46.4653)	(38, 46.2211)	(39, 46.5175)	(40, 46.0722)	(41, 46.2696)	(42, 46.4144)	(43, 46.1409)	(44, 46.1787)	(45, 46.4659)	(46, 46.3766)	(47, 46.1686)	(48, 46.6456)	(49, 46.3367)	(50, 46.2192)	(51, 46.3053)	(52, 46.2289)	(53, 46.226800000000004)	(54, 46.4762)	(55, 46.361999999999995)	(56, 46.2493)	(57, 46.5453)	(58, 46.4086)	(59, 46.2026)	(60, 46.5421)	(61, 46.555)	(62, 46.4797)	(63, 46.5332)	(64, 46.611599999999996)	(65, 46.317099999999996)	(66, 46.2536)	(67, 46.5114)	(68, 46.4957)	(69, 46.536699999999996)	(70, 46.4715)	(71, 46.3415)	(72, 46.6946)	(73, 46.4748)	(74, 46.3713)	(75, 46.446799999999996)	(76, 46.286899999999996)	(77, 46.6042)	(78, 46.5613)	(79, 46.472)	(80, 46.2592)	(81, 46.5108)	(82, 46.360800000000005)	(83, 46.2202)	(84, 46.4449)	(85, 46.6993)	(86, 46.5125)	(87, 46.6398)	(88, 46.372)	(89, 46.4325)	(90, 46.606500000000004)	(91, 46.3379)	(92, 46.698299999999996)	(93, 46.5565)	(94, 46.653800000000004)	(95, 46.5682)	(96, 46.683400000000006)	(97, 46.759)	(98, 46.6361)	(99, 46.433600000000006)	(100, 46.6282)	(101, 46.443400000000004)
NA19020	(1, 44.473400000000005)	(2, 47.0958)	(3, 49.0352)	(4, 50.205)	(5, 47.1959)	(6, 50.270199999999996)	(7, 48.8061)	(8, 48.362)	(9, 48.6318)	(10, 49.2241)	(11, 49.0854)	(12, 49.0137)	(13, 48.5798)	(14, 48.5238)	(15, 48.6777)	(16, 48.6035)	(17, 48.5948)	(18, 48.770799999999994)	(19, 48.6867)	(20, 48.660399999999996)	(21, 48.8017)	(22, 48.680099999999996)	(23, 48.589)	(24, 48.777300000000004)	(25, 48.6712)	(26, 48.572500000000005)	(27, 48.7938)	(28, 48.6567)	(29, 48.6165)	(30, 48.7648)	(31, 48.6815)	(32, 48.619800000000005)	(33, 48.7674)	(34, 48.6423)	(35, 48.6165)	(36, 48.7442)	(37, 48.675000000000004)	(38, 48.6353)	(39, 48.7898)	(40, 48.6844)	(41, 48.6404)	(42, 48.7626)	(43, 48.687599999999996)	(44, 48.615)	(45, 48.7601)	(46, 48.6505)	(47, 48.6329)	(48, 48.7709)	(49, 48.7034)	(50, 48.6143)	(51, 48.7587)	(52, 48.690099999999994)	(53, 48.584500000000006)	(54, 48.7322)	(55, 48.6718)	(56, 48.605900000000005)	(57, 48.708600000000004)	(58, 48.6504)	(59, 48.601)	(60, 48.7326)	(61, 48.6753)	(62, 48.6329)	(63, 48.7282)	(64, 48.633700000000005)	(65, 48.633500000000005)	(66, 48.7244)	(67, 48.6605)	(68, 48.641)	(69, 48.754)	(70, 48.6898)	(71, 48.6522)	(72, 48.776199999999996)	(73, 48.694199999999995)	(74, 48.646699999999996)	(75, 48.7641)	(76, 48.6716)	(77, 48.632999999999996)	(78, 48.7543)	(79, 48.7072)	(80, 48.6849)	(81, 48.7509)	(82, 48.729299999999995)	(83, 48.6888)	(84, 48.7722)	(85, 48.7196)	(86, 48.6779)	(87, 48.766799999999996)	(88, 48.7561)	(89, 48.7306)	(90, 48.8423)	(91, 48.800900000000006)	(92, 48.755900000000004)	(93, 48.8562)	(94, 48.8438)	(95, 48.7759)	(96, 48.881)	(97, 48.8759)	(98, 48.8161)	(99, 48.9193)	(100, 48.838)	(101, 50.6043)
NA19922	(1, 39.2552)	(2, 43.3442)	(3, 44.7462)	(4, 45.453700000000005)	(5, 43.4129)	(6, 46.1055)	(7, 44.506299999999996)	(8, 44.313399999999994)	(9, 44.3066)	(10, 45.0478)	(11, 44.8141)	(12, 44.8555)	(13, 44.5233)	(14, 44.546400000000006)	(15, 44.7465)	(16, 44.7034)	(17, 44.7283)	(18, 44.9564)	(19, 44.8654)	(20, 44.8973)	(21, 44.9874)	(22, 44.946799999999996)	(23, 44.9328)	(24, 45.1027)	(25, 44.9983)	(26, 44.9694)	(27, 45.1424)	(28, 45.052)	(29, 45.025999999999996)	(30, 45.141999999999996)	(31, 44.9993)	(32, 44.965500000000006)	(33, 45.2258)	(34, 45.1352)	(35, 45.1616)	(36, 45.2685)	(37, 45.188)	(38, 45.1868)	(39, 45.3202)	(40, 45.222899999999996)	(41, 45.2177)	(42, 45.3461)	(43, 45.2619)	(44, 45.2345)	(45, 45.352599999999995)	(46, 45.3035)	(47, 45.2874)	(48, 45.3737)	(49, 45.3271)	(50, 45.285799999999995)	(51, 45.3885)	(52, 45.3172)	(53, 45.3147)	(54, 45.421)	(55, 45.3375)	(56, 45.3202)	(57, 45.4191)	(58, 45.364399999999996)	(59, 45.3423)	(60, 45.4372)	(61, 45.3764)	(62, 45.3793)	(63, 45.4842)	(64, 45.384600000000006)	(65, 45.3834)	(66, 45.4712)	(67, 45.4157)	(68, 45.402)	(69, 45.5075)	(70, 45.439299999999996)	(71, 45.428200000000004)	(72, 45.5102)	(73, 45.442)	(74, 45.4171)	(75, 45.521699999999996)	(76, 45.4566)	(77, 45.419399999999996)	(78, 45.5162)	(79, 45.4814)	(80, 45.4449)	(81, 45.5283)	(82, 45.4749)	(83, 45.4454)	(84, 45.524)	(85, 45.471000000000004)	(86, 45.4571)	(87, 45.541599999999995)	(88, 45.4713)	(89, 45.473200000000006)	(90, 45.5476)	(91, 45.474)	(92, 45.4688)	(93, 45.5256)	(94, 45.5148)	(95, 45.4833)	(96, 45.5478)	(97, 45.4855)	(98, 45.4841)	(99, 45.5326)	(100, 45.4829)	(101, 46.1995)
NA20274	(1, 43.332300000000004)	(2, 42.8676)	(3, 43.8887)	(4, 44.2268)	(5, 44.2665)	(6, 45.188)	(7, 44.7861)	(8, 44.4099)	(9, 44.6666)	(10, 44.6299)	(11, 44.6442)	(12, 44.7989)	(13, 44.6543)	(14, 44.6553)	(15, 44.8679)	(16, 44.8765)	(17, 44.9022)	(18, 45.1338)	(19, 45.0939)	(20, 45.1376)	(21, 45.297599999999996)	(22, 45.2721)	(23, 45.270500000000006)	(24, 45.4429)	(25, 45.445600000000006)	(26, 45.3727)	(27, 45.5865)	(28, 45.5308)	(29, 45.5056)	(30, 45.6616)	(31, 45.6059)	(32, 45.591300000000004)	(33, 45.7326)	(34, 45.6761)	(35, 45.699)	(36, 45.820100000000004)	(37, 45.786100000000005)	(38, 45.7378)	(39, 45.885799999999996)	(40, 45.8484)	(41, 45.8369)	(42, 45.968599999999995)	(43, 45.9205)	(44, 45.8969)	(45, 46.0578)	(46, 45.9812)	(47, 45.9418)	(48, 46.071)	(49, 46.0214)	(50, 45.9681)	(51, 46.0898)	(52, 46.0444)	(53, 46.0017)	(54, 46.1527)	(55, 46.087)	(56, 46.0646)	(57, 46.1725)	(58, 46.126400000000004)	(59, 46.0731)	(60, 46.212599999999995)	(61, 46.1854)	(62, 46.1234)	(63, 46.239799999999995)	(64, 46.2037)	(65, 46.152300000000004)	(66, 46.2471)	(67, 46.2632)	(68, 46.2125)	(69, 46.333400000000005)	(70, 46.291900000000005)	(71, 46.2222)	(72, 46.3273)	(73, 46.2975)	(74, 46.2749)	(75, 46.3974)	(76, 46.3119)	(77, 46.2763)	(78, 46.2194)	(79, 47.0379)	(80, 48.755900000000004)	(81, 51.8683)	(82, 56.055200000000006)	(83, 56.6504)	(84, 49.731500000000004)	(85, 49.2881)	(86, 49.382)	(87, 49.3807)	(88, 49.811)	(89, 49.1712)	(90, 48.8353)	(91, 49.215599999999995)	(92, 49.730999999999995)	(93, 49.708000000000006)	(94, 49.7048)	(95, 49.8394)	(96, 49.6703)	(97, 49.6665)	(98, 49.884499999999996)	(99, 49.790099999999995)	(100, 49.6445)	
NA20342	(1, 42.1226)	(2, 41.2761)	(3, 43.1373)	(4, 42.9643)	(5, 41.797200000000004)	(6, 43.2949)	(7, 43.6421)	(8, 42.2928)	(9, 42.6239)	(10, 43.261300000000006)	(11, 42.9722)	(12, 43.217299999999994)	(13, 43.0071)	(14, 43.1718)	(15, 43.454100000000004)	(16, 43.4917)	(17, 43.6462)	(18, 43.8318)	(19, 43.8702)	(20, 43.8603)	(21, 43.8828)	(22, 43.9753)	(23, 43.881)	(24, 44.1399)	(25, 44.0672)	(26, 44.034)	(27, 44.2369)	(28, 44.223800000000004)	(29, 44.1978)	(30, 44.3472)	(31, 44.4377)	(32, 44.4017)	(33, 44.5232)	(34, 44.487500000000004)	(35, 44.492599999999996)	(36, 44.6201)	(37, 44.547)	(38, 44.5561)	(39, 44.653999999999996)	(40, 44.616099999999996)	(41, 44.6056)	(42, 44.7232)	(43, 44.7021)	(44, 44.669399999999996)	(45, 44.771300000000004)	(46, 44.7652)	(47, 44.7219)	(48, 44.8167)	(49, 44.8346)	(50, 44.7951)	(51, 44.860699999999994)	(52, 44.8884)	(53, 44.8224)	(54, 44.9319)	(55, 44.8914)	(56, 44.867200000000004)	(57, 44.954)	(58, 44.915)	(59, 44.8938)	(60, 45.035199999999996)	(61, 45.002700000000004)	(62, 44.958999999999996)	(63, 45.0566)	(64, 45.0174)	(65, 44.9888)	(66, 45.0832)	(67, 45.0984)	(68, 45.061499999999995)	(69, 45.1361)	(70, 45.140299999999996)	(71, 45.1282)	(72, 45.225100000000005)	(73, 45.1478)	(74, 45.1399)	(75, 45.2543)	(76, 45.231700000000004)	(77, 45.1608)	(78, 45.2553)	(79, 45.266400000000004)	(80, 45.2504)	(81, 45.326100000000004)	(82, 45.293099999999995)	(83, 45.2668)	(84, 45.4067)	(85, 45.3579)	(86, 45.3075)	(87, 45.400800000000004)	(88, 45.3943)	(89, 45.375)	(90, 45.480199999999996)	(91, 45.455400000000004)	(92, 45.455600000000004)	(93, 45.5271)	(94, 45.5378)	(95, 45.5366)	(96, 45.6269)	(97, 45.5998)	(98, 45.5756)	(99, 45.695)	(100, 45.7083)	
NA20351	(1, 40.6757)	(2, 44.1301)	(3, 45.6587)	(4, 46.5133)	(5, 44.194)	(6, 46.9891)	(7, 45.3784)	(8, 45.169599999999996)	(9, 45.178000000000004)	(10, 45.915800000000004)	(11, 45.7528)	(12, 45.7477)	(13, 45.4022)	(14, 45.372800000000005)	(15, 45.5265)	(16, 45.4372)	(17, 45.5192)	(18, 45.7103)	(19, 45.6362)	(20, 45.6347)	(21, 45.7349)	(22, 45.6774)	(23, 45.6438)	(24, 45.8143)	(25, 45.6824)	(26, 45.6809)	(27, 45.8343)	(28, 45.739999999999995)	(29, 45.6956)	(30, 45.847500000000004)	(31, 45.7156)	(32, 45.705400000000004)	(33, 45.9104)	(34, 45.813199999999995)	(35, 45.807700000000004)	(36, 45.928000000000004)	(37, 45.8399)	(38, 45.8359)	(39, 45.9663)	(40, 45.8818)	(41, 45.8628)	(42, 45.9936)	(43, 45.9068)	(44, 45.8765)	(45, 46.0042)	(46, 45.911699999999996)	(47, 45.905499999999996)	(48, 46.0028)	(49, 45.942699999999995)	(50, 45.8936)	(51, 46.0167)	(52, 45.9628)	(53, 45.9225)	(54, 46.0295)	(55, 45.9514)	(56, 45.9342)	(57, 46.0276)	(58, 45.9731)	(59, 45.9389)	(60, 46.0548)	(61, 45.979)	(62, 45.9713)	(63, 46.0455)	(64, 45.986900000000006)	(65, 45.963300000000004)	(66, 46.0523)	(67, 46.0152)	(68, 45.9993)	(69, 46.0963)	(70, 46.0401)	(71, 46.0109)	(72, 46.1096)	(73, 46.0112)	(74, 46.001999999999995)	(75, 46.094)	(76, 46.0382)	(77, 45.9919)	(78, 46.1105)	(79, 46.057500000000005)	(80, 46.0107)	(81, 46.1052)	(82, 46.0458)	(83, 46.0209)	(84, 46.1186)	(85, 46.0364)	(86, 46.0205)	(87, 46.1058)	(88, 46.0461)	(89, 46.0416)	(90, 46.1071)	(91, 46.0554)	(92, 46.0348)	(93, 46.11)	(94, 46.0569)	(95, 46.0542)	(96, 46.1419)	(97, 46.0669)	(98, 46.0486)	(99, 46.1302)	(100, 46.0581)	(101, 46.8442)
NA20355	(1, 44.2835)	(2, 44.0574)	(3, 44.9878)	(4, 45.5404)	(5, 45.547)	(6, 46.4442)	(7, 46.0573)	(8, 45.7579)	(9, 45.943400000000004)	(10, 45.8917)	(11, 45.9204)	(12, 46.0992)	(13, 45.9884)	(14, 45.9384)	(15, 46.136700000000005)	(16, 46.1546)	(17, 46.2044)	(18, 46.3816)	(19, 46.4165)	(20, 46.4053)	(21, 46.6144)	(22, 46.5671)	(23, 46.585)	(24, 46.7642)	(25, 46.748200000000004)	(26, 46.743)	(27, 46.908699999999996)	(28, 46.8804)	(29, 46.8551)	(30, 47.0126)	(31, 46.9861)	(32, 46.9585)	(33, 47.0819)	(34, 47.0283)	(35, 47.0678)	(36, 47.1971)	(37, 47.147)	(38, 47.1015)	(39, 47.2831)	(40, 47.2329)	(41, 47.2057)	(42, 47.371)	(43, 47.2945)	(44, 47.2552)	(45, 47.4356)	(46, 47.3763)	(47, 47.3251)	(48, 47.4272)	(49, 47.4137)	(50, 47.375099999999996)	(51, 47.499)	(52, 47.448299999999996)	(53, 47.4251)	(54, 47.509)	(55, 47.4927)	(56, 47.4663)	(57, 47.5798)	(58, 47.551300000000005)	(59, 47.5269)	(60, 47.6158)	(61, 47.594300000000004)	(62, 47.5779)	(63, 47.694399999999995)	(64, 47.6192)	(65, 47.5908)	(66, 47.7065)	(67, 47.6858)	(68, 47.644999999999996)	(69, 47.7663)	(70, 47.74)	(71, 47.6702)	(72, 47.8118)	(73, 47.7654)	(74, 47.7451)	(75, 47.867399999999996)	(76, 47.7445)	(77, 47.7263)	(78, 47.6698)	(79, 48.424)	(80, 50.0734)	(81, 53.350500000000004)	(82, 56.2601)	(83, 58.7839)	(84, 51.7307)	(85, 51.197700000000005)	(86, 51.409400000000005)	(87, 51.40559999999999)	(88, 51.92400000000001)	(89, 51.232299999999995)	(90, 51.004099999999994)	(91, 51.1758)	(92, 51.94370000000001)	(93, 51.6595)	(94, 51.833600000000004)	(95, 52.027)	(96, 51.9178)	(97, 51.8625)	(98, 52.12290000000001)	(99, 52.016)	(100, 51.723200000000006)	
NA20503	(1, 41.0677)	(2, 45.0909)	(3, 46.556599999999996)	(4, 47.749399999999994)	(5, 45.466499999999996)	(6, 48.2578)	(7, 46.740500000000004)	(8, 46.4125)	(9, 46.576)	(10, 47.2018)	(11, 46.9239)	(12, 46.957)	(13, 46.6051)	(14, 46.5975)	(15, 46.7947)	(16, 46.7226)	(17, 46.7747)	(18, 46.9473)	(19, 46.8679)	(20, 46.860600000000005)	(21, 46.976)	(22, 46.9303)	(23, 46.8722)	(24, 47.0391)	(25, 46.9398)	(26, 46.9061)	(27, 47.053200000000004)	(28, 46.9637)	(29, 46.9183)	(30, 47.0708)	(31, 46.9916)	(32, 46.9621)	(33, 47.0837)	(34, 47.0182)	(35, 46.9807)	(36, 47.1291)	(37, 47.0361)	(38, 47.022999999999996)	(39, 47.134100000000004)	(40, 47.0639)	(41, 47.0205)	(42, 47.1432)	(43, 47.086099999999995)	(44, 47.0572)	(45, 47.1539)	(46, 47.0792)	(47, 47.0803)	(48, 47.1669)	(49, 47.1055)	(50, 47.0538)	(51, 47.1609)	(52, 47.111799999999995)	(53, 47.0769)	(54, 47.2023)	(55, 47.1062)	(56, 47.0944)	(57, 47.173700000000004)	(58, 47.118300000000005)	(59, 47.0899)	(60, 47.2171)	(61, 47.130300000000005)	(62, 47.105799999999995)	(63, 47.194399999999995)	(64, 47.1542)	(65, 47.1205)	(66, 47.1986)	(67, 47.1524)	(68, 47.1217)	(69, 47.219899999999996)	(70, 47.1743)	(71, 47.1432)	(72, 47.2304)	(73, 47.1559)	(74, 47.1337)	(75, 47.2271)	(76, 47.1745)	(77, 47.1354)	(78, 47.2238)	(79, 47.201)	(80, 47.1378)	(81, 47.2239)	(82, 47.1877)	(83, 47.1522)	(84, 47.2599)	(85, 47.186099999999996)	(86, 47.156)	(87, 47.239)	(88, 47.1907)	(89, 47.1713)	(90, 47.2624)	(91, 47.2034)	(92, 47.1707)	(93, 47.2485)	(94, 47.2135)	(95, 47.1823)	(96, 47.267900000000004)	(97, 47.2204)	(98, 47.1966)	(99, 47.260000000000005)	(100, 47.219699999999996)	(101, 47.3979)
NA20507	(1, 43.6017)	(2, 47.9186)	(3, 49.736799999999995)	(4, 50.535)	(5, 47.6027)	(6, 50.6171)	(7, 49.3544)	(8, 48.8226)	(9, 49.0689)	(10, 49.7014)	(11, 49.544399999999996)	(12, 49.5625)	(13, 49.1361)	(14, 49.0997)	(15, 49.357)	(16, 49.1867)	(17, 49.2338)	(18, 49.412)	(19, 49.276399999999995)	(20, 49.3301)	(21, 49.4478)	(22, 49.3469)	(23, 49.288199999999996)	(24, 49.4983)	(25, 49.3253)	(26, 49.3212)	(27, 49.5094)	(28, 49.3478)	(29, 49.3217)	(30, 49.5017)	(31, 49.3684)	(32, 49.3517)	(33, 49.527)	(34, 49.3851)	(35, 49.3803)	(36, 49.5591)	(37, 49.390499999999996)	(38, 49.4187)	(39, 49.5523)	(40, 49.4379)	(41, 49.4403)	(42, 49.5792)	(43, 49.449799999999996)	(44, 49.4165)	(45, 49.5715)	(46, 49.4477)	(47, 49.454100000000004)	(48, 49.5769)	(49, 49.4816)	(50, 49.4357)	(51, 49.5664)	(52, 49.486999999999995)	(53, 49.4636)	(54, 49.5687)	(55, 49.4784)	(56, 49.466300000000004)	(57, 49.5697)	(58, 49.4699)	(59, 49.4569)	(60, 49.608200000000004)	(61, 49.4746)	(62, 49.4769)	(63, 49.5899)	(64, 49.460100000000004)	(65, 49.481700000000004)	(66, 49.5869)	(67, 49.520599999999995)	(68, 49.4927)	(69, 49.5835)	(70, 49.5098)	(71, 49.4903)	(72, 49.6349)	(73, 49.5138)	(74, 49.4898)	(75, 49.6204)	(76, 49.505300000000005)	(77, 49.4931)	(78, 49.5922)	(79, 49.5152)	(80, 49.4931)	(81, 49.6184)	(82, 49.4823)	(83, 49.4646)	(84, 49.5888)	(85, 49.4876)	(86, 49.5032)	(87, 49.563)	(88, 49.513600000000004)	(89, 49.4961)	(90, 49.6015)	(91, 49.520199999999996)	(92, 49.4961)	(93, 49.5895)	(94, 49.5392)	(95, 49.5121)	(96, 49.6115)	(97, 49.5298)	(98, 49.513400000000004)	(99, 49.6134)	(100, 49.519600000000004)	(101, 49.8076)
NA20511	(1, 42.8104)	(2, 43.0291)	(3, 43.6053)	(4, 43.8986)	(5, 43.9707)	(6, 44.8386)	(7, 44.4251)	(8, 44.1605)	(9, 44.2929)	(10, 44.2926)	(11, 44.3071)	(12, 44.45)	(13, 44.298)	(14, 44.2752)	(15, 44.4691)	(16, 44.4501)	(17, 44.5171)	(18, 44.6714)	(19, 44.718599999999995)	(20, 44.7263)	(21, 44.9086)	(22, 44.858)	(23, 44.8887)	(24, 45.054899999999996)	(25, 44.9935)	(26, 44.9991)	(27, 45.1796)	(28, 45.1359)	(29, 45.123799999999996)	(30, 45.259100000000004)	(31, 45.2072)	(32, 45.2239)	(33, 45.359)	(34, 45.277699999999996)	(35, 45.3135)	(36, 45.4301)	(37, 45.36)	(38, 45.3495)	(39, 45.5071)	(40, 45.475100000000005)	(41, 45.4375)	(42, 45.6064)	(43, 45.524100000000004)	(44, 45.4895)	(45, 45.6489)	(46, 45.5656)	(47, 45.5587)	(48, 45.6768)	(49, 45.631)	(50, 45.6025)	(51, 45.7048)	(52, 45.641999999999996)	(53, 45.6459)	(54, 45.722)	(55, 45.6901)	(56, 45.6622)	(57, 45.7812)	(58, 45.7086)	(59, 45.7181)	(60, 45.7999)	(61, 45.7951)	(62, 45.774100000000004)	(63, 45.8693)	(64, 45.8141)	(65, 45.7629)	(66, 45.8791)	(67, 45.8801)	(68, 45.822)	(69, 45.9517)	(70, 45.884)	(71, 45.8675)	(72, 45.978)	(73, 45.887299999999996)	(74, 45.908500000000004)	(75, 46.0197)	(76, 45.8892)	(77, 45.8982)	(78, 45.8494)	(79, 46.5049)	(80, 48.0488)	(81, 51.176)	(82, 53.9628)	(83, 56.40110000000001)	(84, 49.3872)	(85, 48.816500000000005)	(86, 49.024699999999996)	(87, 49.0424)	(88, 49.534099999999995)	(89, 48.8145)	(90, 48.614000000000004)	(91, 48.8094)	(92, 49.454100000000004)	(93, 49.1831)	(94, 49.3272)	(95, 49.512299999999996)	(96, 49.399)	(97, 49.3403)	(98, 49.5739)	(99, 49.4831)	(100, 49.2601)	
NA20864	(1, 42.8231)	(2, 43.402)	(3, 43.8285)	(4, 44.2402)	(5, 44.0413)	(6, 45.1169)	(7, 44.4644)	(8, 44.233200000000004)	(9, 44.283)	(10, 44.3063)	(11, 44.364799999999995)	(12, 44.446200000000005)	(13, 44.3158)	(14, 44.2672)	(15, 44.467800000000004)	(16, 44.4735)	(17, 44.489200000000004)	(18, 44.7106)	(19, 44.6762)	(20, 44.7353)	(21, 44.8964)	(22, 44.8611)	(23, 44.8763)	(24, 45.0208)	(25, 45.0025)	(26, 45.0099)	(27, 45.1488)	(28, 45.109100000000005)	(29, 45.1179)	(30, 45.2476)	(31, 45.214999999999996)	(32, 45.204899999999995)	(33, 45.3309)	(34, 45.2895)	(35, 45.3081)	(36, 45.4137)	(37, 45.382099999999994)	(38, 45.3839)	(39, 45.4956)	(40, 45.4779)	(41, 45.4619)	(42, 45.5835)	(43, 45.543099999999995)	(44, 45.539)	(45, 45.6485)	(46, 45.602)	(47, 45.5863)	(48, 45.7044)	(49, 45.6686)	(50, 45.6527)	(51, 45.758700000000005)	(52, 45.7134)	(53, 45.7127)	(54, 45.8306)	(55, 45.7983)	(56, 45.787800000000004)	(57, 45.8831)	(58, 45.8499)	(59, 45.852599999999995)	(60, 45.9476)	(61, 45.921800000000005)	(62, 45.9192)	(63, 46.001599999999996)	(64, 45.9918)	(65, 45.9707)	(66, 46.075)	(67, 46.0368)	(68, 46.0334)	(69, 46.1493)	(70, 46.103300000000004)	(71, 46.1098)	(72, 46.193)	(73, 46.1728)	(74, 46.158300000000004)	(75, 46.2725)	(76, 46.1491)	(77, 46.1806)	(78, 46.2574)	(79, 46.2402)	(80, 46.2437)	(81, 46.299)	(82, 46.2975)	(83, 46.3035)	(84, 46.3939)	(85, 46.3458)	(86, 46.3891)	(87, 46.4822)	(88, 46.4608)	(89, 46.4918)	(90, 46.4868)											
NA21092	(1, 41.382600000000004)	(2, 42.236000000000004)	(3, 43.3183)	(4, 42.8654)	(5, 42.200700000000005)	(6, 43.390299999999996)	(7, 43.9302)	(8, 42.7442)	(9, 43.1151)	(10, 43.5221)	(11, 43.3023)	(12, 43.472699999999996)	(13, 43.2389)	(14, 43.4203)	(15, 43.6691)	(16, 43.6452)	(17, 43.7738)	(18, 43.986799999999995)	(19, 43.9811)	(20, 43.992799999999995)	(21, 44.1324)	(22, 44.0925)	(23, 44.064)	(24, 44.3078)	(25, 44.2379)	(26, 44.223600000000005)	(27, 44.3877)	(28, 44.3441)	(29, 44.3444)	(30, 44.5177)	(31, 44.5114)	(32, 44.5025)	(33, 44.6581)	(34, 44.5804)	(35, 44.5882)	(36, 44.7058)	(37, 44.6252)	(38, 44.616099999999996)	(39, 44.7376)	(40, 44.6621)	(41, 44.6751)	(42, 44.7931)	(43, 44.741)	(44, 44.7427)	(45, 44.8693)	(46, 44.8093)	(47, 44.812999999999995)	(48, 44.8933)	(49, 44.8718)	(50, 44.8137)	(51, 44.972699999999996)	(52, 44.9229)	(53, 44.8772)	(54, 45.007999999999996)	(55, 44.9172)	(56, 44.9509)	(57, 45.0192)	(58, 44.9928)	(59, 44.9641)	(60, 45.089)	(61, 45.054100000000005)	(62, 45.0297)	(63, 45.1279)	(64, 45.0745)	(65, 45.0837)	(66, 45.1909)	(67, 45.130700000000004)	(68, 45.1438)	(69, 45.203700000000005)	(70, 45.1753)	(71, 45.1777)	(72, 45.2691)	(73, 45.2014)	(74, 45.2038)	(75, 45.311800000000005)	(76, 45.269)	(77, 45.2552)	(78, 45.3227)	(79, 45.3088)	(80, 45.291399999999996)	(81, 45.3926)	(82, 45.3367)	(83, 45.331500000000005)	(84, 45.4658)	(85, 45.4224)	(86, 45.393699999999995)	(87, 45.487)	(88, 45.447199999999995)	(89, 45.4597)	(90, 45.543499999999995)	(91, 45.5171)	(92, 45.513799999999996)	(93, 45.6003)	(94, 45.5789)	(95, 45.5958)	(96, 45.6749)	(97, 45.628099999999996)	(98, 45.6635)	(99, 45.736900000000006)	(100, 45.755)	
SRR070532	(1, 43.9491)	(2, 41.2762)	(3, 42.3446)	(4, 44.7488)	(5, 42.6598)	(6, 44.528800000000004)	(7, 44.0926)	(8, 42.3655)	(9, 42.9618)	(10, 43.635200000000005)	(11, 43.189499999999995)	(12, 43.4178)	(13, 43.168)	(14, 43.1334)	(15, 43.3555)	(16, 43.4194)	(17, 43.385400000000004)	(18, 43.639)	(19, 43.615700000000004)	(20, 43.5189)	(21, 43.7115)	(22, 43.667699999999996)	(23, 43.4762)	(24, 43.7575)	(25, 43.722100000000005)	(26, 43.6269)	(27, 43.8093)	(28, 43.8186)	(29, 43.7436)	(30, 43.944)	(31, 43.9005)	(32, 43.8263)	(33, 44.0105)	(34, 43.9195)	(35, 43.8553)	(36, 44.0544)	(37, 43.9595)	(38, 43.8934)	(39, 44.0749)	(40, 44.0103)	(41, 43.9058)	(42, 44.104)	(43, 44.0585)	(44, 43.8942)	(45, 44.0986)	(46, 44.0884)	(47, 43.9999)	(48, 44.1085)	(49, 44.1435)	(50, 43.989200000000004)	(51, 44.2089)	(52, 44.1595)	(53, 44.0438)	(54, 44.1975)	(55, 44.148399999999995)	(56, 44.080999999999996)	(57, 44.2127)	(58, 44.2091)	(59, 44.099199999999996)	(60, 44.278)	(61, 44.221)	(62, 44.158500000000004)	(63, 44.3457)	(64, 44.233200000000004)	(65, 44.2262)	(66, 44.312000000000005)	(67, 44.344899999999996)	(68, 44.2537)	(69, 44.365500000000004)	(70, 44.3231)	(71, 44.3126)	(72, 44.460699999999996)	(73, 44.380199999999995)	(74, 44.3256)	(75, 44.4495)	(76, 44.4508)	(77, 44.3371)	(78, 44.4878)	(79, 44.4811)	(80, 44.371)	(81, 44.6402)	(82, 44.4897)	(83, 44.4097)	(84, 44.648199999999996)	(85, 44.5691)	(86, 44.487300000000005)	(87, 44.589800000000004)	(88, 44.5849)	(89, 44.5505)	(90, 44.715500000000006)	(91, 44.6586)	(92, 44.5919)	(93, 44.7038)	(94, 44.7224)	(95, 44.6745)	(96, 44.7979)	(97, 44.7576)	(98, 44.7326)	(99, 44.837900000000005)	(100, 44.857)	
SRR077439	(1, 41.3727)	(2, 42.0514)	(3, 43.3844)	(4, 43.4153)	(5, 42.5896)	(6, 43.696200000000005)	(7, 44.0032)	(8, 42.9707)	(9, 43.2444)	(10, 43.5782)	(11, 43.3268)	(12, 43.522499999999994)	(13, 43.3153)	(14, 43.4839)	(15, 43.697900000000004)	(16, 43.7297)	(17, 43.8297)	(18, 44.0554)	(19, 44.0378)	(20, 44.067099999999996)	(21, 44.1846)	(22, 44.1597)	(23, 44.1184)	(24, 44.3562)	(25, 44.284)	(26, 44.2821)	(27, 44.4396)	(28, 44.431599999999996)	(29, 44.4216)	(30, 44.5384)	(31, 44.5809)	(32, 44.540400000000005)	(33, 44.697199999999995)	(34, 44.6461)	(35, 44.6571)	(36, 44.7579)	(37, 44.679)	(38, 44.7218)	(39, 44.7958)	(40, 44.7438)	(41, 44.771899999999995)	(42, 44.8636)	(43, 44.833600000000004)	(44, 44.803)	(45, 44.939)	(46, 44.8854)	(47, 44.8739)	(48, 44.9565)	(49, 44.955099999999995)	(50, 44.9152)	(51, 45.0362)	(52, 45.0067)	(53, 44.9506)	(54, 45.0565)	(55, 44.996700000000004)	(56, 45.0016)	(57, 45.0939)	(58, 45.0617)	(59, 45.0236)	(60, 45.1785)	(61, 45.1297)	(62, 45.0811)	(63, 45.1845)	(64, 45.1306)	(65, 45.157799999999995)	(66, 45.2219)	(67, 45.2162)	(68, 45.2161)	(69, 45.2644)	(70, 45.260600000000004)	(71, 45.2633)	(72, 45.3231)	(73, 45.2733)	(74, 45.284200000000006)	(75, 45.3739)	(76, 45.3564)	(77, 45.3331)	(78, 45.3998)	(79, 45.382600000000004)	(80, 45.387100000000004)	(81, 45.4434)	(82, 45.4185)	(83, 45.4051)	(84, 45.523599999999995)	(85, 45.5092)	(86, 45.4675)	(87, 45.5335)	(88, 45.5254)	(89, 45.5386)	(90, 45.61)	(91, 45.5865)	(92, 45.5747)	(93, 45.6631)	(94, 45.6789)	(95, 45.656)	(96, 45.726299999999995)	(97, 45.7229)	(98, 45.7337)	(99, 45.8138)	(100, 45.8237)	
SRR077476	(1, 40.8358)	(2, 41.9081)	(3, 43.1764)	(4, 43.3485)	(5, 42.510999999999996)	(6, 43.5789)	(7, 43.9308)	(8, 42.8609)	(9, 43.1735)	(10, 43.555)	(11, 43.3151)	(12, 43.4474)	(13, 43.2487)	(14, 43.433899999999994)	(15, 43.647000000000006)	(16, 43.656)	(17, 43.796800000000005)	(18, 43.9776)	(19, 43.9983)	(20, 44.041799999999995)	(21, 44.1517)	(22, 44.108599999999996)	(23, 44.091)	(24, 44.3066)	(25, 44.2285)	(26, 44.2446)	(27, 44.4146)	(28, 44.3755)	(29, 44.3747)	(30, 44.5301)	(31, 44.5258)	(32, 44.547)	(33, 44.6361)	(34, 44.5649)	(35, 44.602199999999996)	(36, 44.7061)	(37, 44.6402)	(38, 44.6818)	(39, 44.771499999999996)	(40, 44.7284)	(41, 44.728899999999996)	(42, 44.8294)	(43, 44.7924)	(44, 44.7889)	(45, 44.8654)	(46, 44.837900000000005)	(47, 44.8363)	(48, 44.9154)	(49, 44.9159)	(50, 44.8664)	(51, 44.9837)	(52, 44.9702)	(53, 44.9355)	(54, 45.014199999999995)	(55, 44.955600000000004)	(56, 44.972899999999996)	(57, 45.0336)	(58, 45.0256)	(59, 45.0007)	(60, 45.1235)	(61, 45.0869)	(62, 45.0721)	(63, 45.1598)	(64, 45.0861)	(65, 45.1199)	(66, 45.1806)	(67, 45.176100000000005)	(68, 45.159)	(69, 45.211800000000004)	(70, 45.212599999999995)	(71, 45.2106)	(72, 45.2769)	(73, 45.2064)	(74, 45.2368)	(75, 45.3243)	(76, 45.2642)	(77, 45.2511)	(78, 45.3217)	(79, 45.3109)	(80, 45.313199999999995)	(81, 45.3757)	(82, 45.361000000000004)	(83, 45.3705)	(84, 45.4736)	(85, 45.413399999999996)	(86, 45.3779)	(87, 45.467)	(88, 45.414500000000004)	(89, 45.4483)	(90, 45.507999999999996)	(91, 45.5225)	(92, 45.5112)	(93, 45.5623)	(94, 45.563700000000004)	(95, 45.5708)	(96, 45.6361)	(97, 45.6069)	(98, 45.6294)	(99, 45.6874)	(100, 45.7013)	
SRR100000	(1, 42.2618)	(2, 44.2307)	(3, 44.8904)	(4, 44.535799999999995)	(5, 44.689499999999995)	(6, 45.4697)	(7, 44.981)	(8, 44.7307)	(9, 44.7667)	(10, 44.8414)	(11, 44.853)	(12, 44.9433)	(13, 44.7705)	(14, 44.8198)	(15, 45.0225)	(16, 44.9579)	(17, 45.0732)	(18, 45.3145)	(19, 45.1932)	(20, 45.280300000000004)	(21, 45.4191)	(22, 45.3386)	(23, 45.399499999999996)	(24, 45.5446)	(25, 45.4364)	(26, 45.502199999999995)	(27, 45.6493)	(28, 45.5264)	(29, 45.6049)	(30, 45.7236)	(31, 45.6342)	(32, 45.7059)	(33, 45.8213)	(34, 45.734)	(35, 45.7727)	(36, 45.9223)	(37, 45.7711)	(38, 45.880900000000004)	(39, 45.9333)	(40, 45.8302)	(41, 45.903)	(42, 46.078599999999994)	(43, 46.0053)	(44, 46.041900000000005)	(45, 46.1627)	(46, 46.222)	(47, 46.2857)	(48, 46.455400000000004)	(49, 46.367000000000004)	(50, 46.4447)	(51, 46.6599)	(52, 46.5872)	(53, 46.5963)	(54, 46.795700000000004)	(55, 46.719100000000005)	(56, 46.8827)	(57, 46.9279)	(58, 46.9109)	(59, 47.0186)	(60, 47.1078)	(61, 47.133)	(62, 47.173500000000004)	(63, 47.3385)	(64, 47.277)	(65, 47.3869)	(66, 47.5425)	(67, 47.5171)	(68, 47.613499999999995)	(69, 47.7629)	(70, 47.7604)	(71, 47.882000000000005)	(72, 47.9962)	(73, 48.2404)	(74, 48.363)	(75, 48.7534)	(76, 48.4297)																									
SRR100031	(1, 44.0784)	(2, 45.7102)	(3, 46.3642)	(4, 46.2808)	(5, 46.266600000000004)	(6, 46.9772)	(7, 46.5687)	(8, 46.2872)	(9, 46.3629)	(10, 46.417500000000004)	(11, 46.3969)	(12, 46.5526)	(13, 46.371)	(14, 46.4281)	(15, 46.617799999999995)	(16, 46.584599999999995)	(17, 46.6942)	(18, 46.8825)	(19, 46.7926)	(20, 46.8708)	(21, 47.0222)	(22, 46.9344)	(23, 46.9705)	(24, 47.150999999999996)	(25, 47.0211)	(26, 47.0822)	(27, 47.2499)	(28, 47.159800000000004)	(29, 47.1948)	(30, 47.3513)	(31, 47.2714)	(32, 47.3011)	(33, 47.4419)	(34, 47.348800000000004)	(35, 47.368700000000004)	(36, 47.5128)	(37, 47.4227)	(38, 47.450900000000004)	(39, 47.5725)	(40, 47.4716)	(41, 47.5204)	(42, 47.6607)	(43, 47.587)	(44, 47.6489)	(45, 47.759299999999996)	(46, 47.7328)	(47, 47.7705)	(48, 47.9039)	(49, 47.8543)	(50, 47.8817)	(51, 48.0599)	(52, 47.952600000000004)	(53, 47.994)	(54, 48.1316)	(55, 48.0528)	(56, 48.1249)	(57, 48.2329)	(58, 48.1706)	(59, 48.2047)	(60, 48.349199999999996)	(61, 48.3346)	(62, 48.3666)	(63, 48.4809)	(64, 48.4247)	(65, 48.4538)	(66, 48.5716)	(67, 48.6607)	(68, 48.710300000000004)	(69, 48.867)	(70, 48.8428)	(71, 48.928700000000006)	(72, 49.0354)	(73, 49.0369)	(74, 49.0861)	(75, 49.311899999999994)	(76, 49.5747)																									
SRR231651	(1, 38.1657)	(2, 41.7252)	(3, 42.0952)	(4, 42.4313)	(5, 41.1893)	(6, 42.627500000000005)	(7, 42.6549)	(8, 41.727399999999996)	(9, 41.9041)	(10, 42.3129)	(11, 42.0899)	(12, 42.191)	(13, 41.9059)	(14, 42.0482)	(15, 42.2312)	(16, 42.2306)	(17, 42.3517)	(18, 42.5499)	(19, 42.5366)	(20, 42.5991)	(21, 42.715599999999995)	(22, 42.695899999999995)	(23, 42.7537)	(24, 42.9371)	(25, 42.8395)	(26, 42.923)	(27, 43.0699)	(28, 43.0129)	(29, 43.0457)	(30, 43.1693)	(31, 43.1584)	(32, 43.1783)	(33, 43.2964)	(34, 43.2136)	(35, 43.265)	(36, 43.3457)	(37, 43.2538)	(38, 43.3303)	(39, 43.4165)	(40, 43.3083)	(41, 43.3747)	(42, 43.472)	(43, 43.4218)	(44, 43.429)	(45, 43.5218)	(46, 43.463499999999996)	(47, 43.506299999999996)	(48, 43.5579)	(49, 43.533100000000005)	(50, 43.5034)	(51, 43.6039)	(52, 43.546099999999996)	(53, 43.5473)	(54, 43.6398)	(55, 43.562400000000004)	(56, 43.6216)	(57, 43.6648)	(58, 43.6417)	(59, 43.675599999999996)	(60, 43.7752)	(61, 43.7396)	(62, 43.7536)	(63, 43.8407)	(64, 43.7776)	(65, 43.827)	(66, 43.8925)	(67, 43.855)	(68, 43.8851)	(69, 43.9447)	(70, 43.9257)	(71, 43.9802)	(72, 44.0573)	(73, 43.9898)	(74, 44.0246)	(75, 44.1368)	(76, 44.0062)	(77, 44.0689)	(78, 44.1527)	(79, 44.133)	(80, 44.1928)	(81, 44.309)	(82, 44.2694)	(83, 44.2716)	(84, 44.4142)	(85, 44.3477)	(86, 44.3875)	(87, 44.4645)	(88, 44.460300000000004)	(89, 44.532)	(90, 44.6338)	(91, 44.6092)	(92, 44.6777)	(93, 44.7386)	(94, 44.770900000000005)	(95, 44.797399999999996)	(96, 44.9103)	(97, 44.894600000000004)	(98, 44.958)	(99, 45.0739)	(100, 44.9385)	
SRR393023	(1, 45.728)	(2, 48.2337)	(3, 48.6948)	(4, 48.9099)	(5, 48.9797)	(6, 49.7871)	(7, 49.0664)	(8, 49.1714)	(9, 49.147200000000005)	(10, 49.1037)	(11, 49.1722)	(12, 49.3113)	(13, 49.0371)	(14, 49.1721)	(15, 49.4112)	(16, 49.3594)	(17, 49.4131)	(18, 49.7451)	(19, 49.4797)	(20, 49.6558)	(21, 49.8137)	(22, 49.6969)	(23, 49.7587)	(24, 50.0)	(25, 49.8125)	(26, 49.8939)	(27, 50.0437)	(28, 49.9268)	(29, 49.985099999999996)	(30, 50.1807)	(31, 50.005900000000004)	(32, 50.092999999999996)	(33, 50.190599999999996)	(34, 50.108399999999996)	(35, 50.136)	(36, 50.2401)	(37, 50.118700000000004)	(38, 50.187599999999996)	(39, 50.279399999999995)	(40, 50.2099)	(41, 50.2007)	(42, 50.4199)	(43, 50.23609999999999)	(44, 50.260000000000005)	(45, 50.42060000000001)	(46, 50.304)	(47, 50.299099999999996)	(48, 50.5177)	(49, 50.3626)	(50, 50.348400000000005)	(51, 50.489399999999996)	(52, 50.3464)	(53, 50.3324)	(54, 50.5197)	(55, 50.3593)	(56, 50.4202)	(57, 50.559799999999996)	(58, 50.4163)	(59, 50.411899999999996)	(60, 50.5347)	(61, 50.4166)	(62, 50.480000000000004)	(63, 50.5261)	(64, 50.3837)	(65, 50.5025)	(66, 50.6043)	(67, 50.447900000000004)	(68, 50.4593)	(69, 50.5721)	(70, 50.4654)	(71, 50.456599999999995)	(72, 50.6219)	(73, 50.3985)	(74, 50.512299999999996)	(75, 50.590999999999994)	(76, 50.5371)																									
SRR591803	(1, 47.1278)	(2, 47.621900000000004)	(3, 48.7219)	(4, 48.4002)	(5, 48.6189)	(6, 49.2592)	(7, 48.6968)	(8, 48.546)	(9, 48.6241)	(10, 48.7037)	(11, 48.6032)	(12, 48.8076)	(13, 48.6205)	(14, 48.6574)	(15, 48.9155)	(16, 48.8584)	(17, 48.9306)	(18, 49.134499999999996)	(19, 49.114000000000004)	(20, 49.000899999999994)	(21, 49.2663)	(22, 49.1107)	(23, 49.0929)	(24, 49.2976)	(25, 49.166199999999996)	(26, 49.2208)	(27, 49.4547)	(28, 49.2639)	(29, 49.2936)	(30, 49.4353)	(31, 49.399100000000004)	(32, 49.316900000000004)	(33, 49.533100000000005)	(34, 49.4735)	(35, 49.3731)	(36, 49.5946)	(37, 49.4563)	(38, 49.4782)	(39, 49.5731)	(40, 49.5411)	(41, 49.5298)	(42, 49.5989)	(43, 49.5455)	(44, 49.5648)	(45, 49.6789)	(46, 49.5859)	(47, 49.6258)	(48, 49.7427)	(49, 49.5912)	(50, 49.6077)	(51, 49.7816)	(52, 49.6798)	(53, 49.6204)	(54, 49.8157)	(55, 49.6616)	(56, 49.6382)	(57, 49.730799999999995)	(58, 49.6289)	(59, 49.6989)	(60, 49.7458)	(61, 49.705799999999996)	(62, 49.618)	(63, 49.768)	(64, 49.710300000000004)	(65, 49.6308)	(66, 49.736799999999995)	(67, 49.632799999999996)	(68, 49.6112)	(69, 49.6794)	(70, 49.6742)	(71, 49.6027)	(72, 49.7359)	(73, 49.655100000000004)	(74, 49.6501)	(75, 49.700100000000006)	(76, 49.7372)																									
SRR702079	(1, 40.598800000000004)	(2, 43.7951)	(3, 45.2944)	(4, 46.0729)	(5, 43.8525)	(6, 46.601)	(7, 45.0263)	(8, 44.7565)	(9, 44.8039)	(10, 45.549499999999995)	(11, 45.3855)	(12, 45.4159)	(13, 45.0674)	(14, 45.0524)	(15, 45.2209)	(16, 45.1316)	(17, 45.185199999999995)	(18, 45.379999999999995)	(19, 45.3056)	(20, 45.3017)	(21, 45.4529)	(22, 45.4027)	(23, 45.3402)	(24, 45.533)	(25, 45.4107)	(26, 45.3892)	(27, 45.5271)	(28, 45.4324)	(29, 45.387499999999996)	(30, 45.5685)	(31, 45.428200000000004)	(32, 45.4294)	(33, 45.6387)	(34, 45.5422)	(35, 45.533699999999996)	(36, 45.677099999999996)	(37, 45.577400000000004)	(38, 45.5462)	(39, 45.6923)	(40, 45.6011)	(41, 45.5789)	(42, 45.725100000000005)	(43, 45.6485)	(44, 45.6063)	(45, 45.730900000000005)	(46, 45.657599999999995)	(47, 45.636700000000005)	(48, 45.7318)	(49, 45.6736)	(50, 45.6335)	(51, 45.7389)	(52, 45.6951)	(53, 45.664)	(54, 45.784000000000006)	(55, 45.7061)	(56, 45.6889)	(57, 45.771499999999996)	(58, 45.6995)	(59, 45.6743)	(60, 45.8076)	(61, 45.7337)	(62, 45.7138)	(63, 45.8028)	(64, 45.7259)	(65, 45.7218)	(66, 45.8046)	(67, 45.7633)	(68, 45.7297)	(69, 45.8625)	(70, 45.7436)	(71, 45.7635)	(72, 45.8258)	(73, 45.7793)	(74, 45.745400000000004)	(75, 45.8763)	(76, 45.7869)	(77, 45.7327)	(78, 45.8604)	(79, 45.7947)	(80, 45.7634)	(81, 45.859100000000005)	(82, 45.806799999999996)	(83, 45.7689)	(84, 45.882)	(85, 45.791900000000005)	(86, 45.7905)	(87, 45.8508)	(88, 45.8192)	(89, 45.8001)	(90, 45.8681)	(91, 45.8008)	(92, 45.7984)	(93, 45.8623)	(94, 45.811)	(95, 45.8082)	(96, 45.878600000000006)	(97, 45.825500000000005)	(98, 45.7886)	(99, 45.8785)	(100, 45.821600000000004)	(101, 46.2922)
SRR708372	(1, 40.4756)	(2, 43.878299999999996)	(3, 45.5055)	(4, 46.1687)	(5, 44.0691)	(6, 46.705000000000005)	(7, 45.1629)	(8, 45.006299999999996)	(9, 44.9961)	(10, 45.7086)	(11, 45.5254)	(12, 45.5509)	(13, 45.218)	(14, 45.1928)	(15, 45.3716)	(16, 45.307700000000004)	(17, 45.3795)	(18, 45.5772)	(19, 45.492399999999996)	(20, 45.5073)	(21, 45.641999999999996)	(22, 45.5792)	(23, 45.5067)	(24, 45.7036)	(25, 45.5983)	(26, 45.591)	(27, 45.7345)	(28, 45.6582)	(29, 45.622299999999996)	(30, 45.7673)	(31, 45.6302)	(32, 45.5979)	(33, 45.8105)	(34, 45.722)	(35, 45.7248)	(36, 45.8607)	(37, 45.7592)	(38, 45.7622)	(39, 45.8989)	(40, 45.819500000000005)	(41, 45.8146)	(42, 45.9293)	(43, 45.8298)	(44, 45.8042)	(45, 45.941700000000004)	(46, 45.8594)	(47, 45.825500000000005)	(48, 45.946999999999996)	(49, 45.879599999999996)	(50, 45.8357)	(51, 45.9619)	(52, 45.878099999999996)	(53, 45.8662)	(54, 45.980199999999996)	(55, 45.8876)	(56, 45.887899999999995)	(57, 45.9928)	(58, 45.9214)	(59, 45.8975)	(60, 46.0028)	(61, 45.9179)	(62, 45.9228)	(63, 46.0281)	(64, 45.9329)	(65, 45.9335)	(66, 46.0349)	(67, 45.9826)	(68, 45.9537)	(69, 46.041)	(70, 45.9856)	(71, 45.9949)	(72, 46.0761)	(73, 46.002900000000004)	(74, 45.9925)	(75, 46.0665)	(76, 45.9894)	(77, 45.9733)	(78, 46.071)	(79, 46.023399999999995)	(80, 45.9955)	(81, 46.0937)	(82, 46.0191)	(83, 46.0046)	(84, 46.144200000000005)	(85, 46.0206)	(86, 46.016400000000004)	(87, 46.089)	(88, 46.028200000000005)	(89, 46.033)	(90, 46.1109)	(91, 46.035199999999996)	(92, 46.0272)	(93, 46.0921)	(94, 46.0402)	(95, 46.0388)	(96, 46.110800000000005)	(97, 46.0456)	(98, 46.0272)	(99, 46.0959)	(100, 46.0544)	(101, 46.4756)
SRR708381	(1, 42.1575)	(2, 44.7831)	(3, 46.7185)	(4, 47.5081)	(5, 45.096399999999996)	(6, 47.8179)	(7, 46.3179)	(8, 46.0428)	(9, 46.1308)	(10, 46.8222)	(11, 46.6345)	(12, 46.6936)	(13, 46.3419)	(14, 46.2733)	(15, 46.509299999999996)	(16, 46.3924)	(17, 46.428000000000004)	(18, 46.6494)	(19, 46.539199999999994)	(20, 46.5227)	(21, 46.6704)	(22, 46.6132)	(23, 46.5477)	(24, 46.7618)	(25, 46.6138)	(26, 46.5662)	(27, 46.7547)	(28, 46.6306)	(29, 46.6007)	(30, 46.7793)	(31, 46.6785)	(32, 46.6436)	(33, 46.8453)	(34, 46.752)	(35, 46.6719)	(36, 46.8723)	(37, 46.7369)	(38, 46.781099999999995)	(39, 46.8665)	(40, 46.759699999999995)	(41, 46.752500000000005)	(42, 46.909600000000005)	(43, 46.8048)	(44, 46.7362)	(45, 46.9067)	(46, 46.8033)	(47, 46.7889)	(48, 46.8992)	(49, 46.8453)	(50, 46.7785)	(51, 46.9266)	(52, 46.8443)	(53, 46.802)	(54, 46.932)	(55, 46.847699999999996)	(56, 46.8162)	(57, 46.9495)	(58, 46.8628)	(59, 46.8303)	(60, 46.995799999999996)	(61, 46.863899999999994)	(62, 46.8648)	(63, 46.9529)	(64, 46.9182)	(65, 46.8476)	(66, 46.981)	(67, 46.921800000000005)	(68, 46.8651)	(69, 46.9994)	(70, 46.9197)	(71, 46.906)	(72, 47.0519)	(73, 46.9125)	(74, 46.9052)	(75, 47.019800000000004)	(76, 46.944399999999995)	(77, 46.9394)	(78, 47.0134)	(79, 46.9793)	(80, 46.9011)	(81, 47.0228)	(82, 46.9779)	(83, 46.9066)	(84, 47.035900000000005)	(85, 46.9587)	(86, 46.9399)	(87, 47.0229)	(88, 46.983599999999996)	(89, 46.9619)	(90, 47.0624)	(91, 46.9603)	(92, 46.9694)	(93, 47.036)	(94, 46.9876)	(95, 46.9657)	(96, 47.0661)	(97, 46.9839)	(98, 46.9704)	(99, 47.0632)	(100, 47.0123)	(101, 47.631)
SRR708382	(1, 41.454)	(2, 44.3575)	(3, 46.137699999999995)	(4, 47.0738)	(5, 44.5883)	(6, 47.4462)	(7, 45.831)	(8, 45.5603)	(9, 45.6818)	(10, 46.3535)	(11, 46.1957)	(12, 46.1823)	(13, 45.8093)	(14, 45.7783)	(15, 45.9371)	(16, 45.8557)	(17, 45.8917)	(18, 46.096599999999995)	(19, 46.0168)	(20, 46.002500000000005)	(21, 46.1294)	(22, 46.062)	(23, 45.9841)	(24, 46.1865)	(25, 46.0679)	(26, 46.023399999999995)	(27, 46.183)	(28, 46.088)	(29, 46.0708)	(30, 46.1939)	(31, 46.0725)	(32, 46.0326)	(33, 46.253)	(34, 46.1802)	(35, 46.1295)	(36, 46.2809)	(37, 46.1887)	(38, 46.1566)	(39, 46.2997)	(40, 46.2177)	(41, 46.1728)	(42, 46.3225)	(43, 46.2271)	(44, 46.1967)	(45, 46.3041)	(46, 46.2173)	(47, 46.2198)	(48, 46.298899999999996)	(49, 46.266600000000004)	(50, 46.1988)	(51, 46.3249)	(52, 46.2567)	(53, 46.2162)	(54, 46.334399999999995)	(55, 46.2452)	(56, 46.2226)	(57, 46.3221)	(58, 46.2686)	(59, 46.2307)	(60, 46.3427)	(61, 46.275)	(62, 46.2619)	(63, 46.3563)	(64, 46.2588)	(65, 46.244600000000005)	(66, 46.3421)	(67, 46.311)	(68, 46.247899999999994)	(69, 46.3654)	(70, 46.323)	(71, 46.2809)	(72, 46.3883)	(73, 46.3061)	(74, 46.2795)	(75, 46.3895)	(76, 46.3084)	(77, 46.2705)	(78, 46.3856)	(79, 46.3206)	(80, 46.296)	(81, 46.3814)	(82, 46.3277)	(83, 46.286100000000005)	(84, 46.389399999999995)	(85, 46.312)	(86, 46.307900000000004)	(87, 46.3703)	(88, 46.3436)	(89, 46.314699999999995)	(90, 46.4043)	(91, 46.3277)	(92, 46.324)	(93, 46.4082)	(94, 46.366600000000005)	(95, 46.332499999999996)	(96, 46.4164)	(97, 46.3572)	(98, 46.3223)	(99, 46.4225)	(100, 46.354800000000004)	(101, 47.153099999999995)
SRR710114	(1, 41.574299999999994)	(2, 44.2994)	(3, 46.2224)	(4, 47.0766)	(5, 44.5368)	(6, 47.3942)	(7, 46.582)	(8, 45.7733)	(9, 46.108399999999996)	(10, 46.7828)	(11, 46.6198)	(12, 46.6113)	(13, 46.1191)	(14, 46.125699999999995)	(15, 46.3182)	(16, 46.2021)	(17, 46.245999999999995)	(18, 46.458)	(19, 46.3779)	(20, 46.3982)	(21, 46.5237)	(22, 46.4309)	(23, 46.4135)	(24, 46.604299999999995)	(25, 46.48)	(26, 46.4694)	(27, 46.626)	(28, 46.4981)	(29, 46.4978)	(30, 46.6205)	(31, 46.5624)	(32, 46.521699999999996)	(33, 46.6938)	(34, 46.5605)	(35, 46.5779)	(36, 46.7196)	(37, 46.6085)	(38, 46.5897)	(39, 46.745999999999995)	(40, 46.6136)	(41, 46.6337)	(42, 46.7461)	(43, 46.664)	(44, 46.6378)	(45, 46.7642)	(46, 46.6541)	(47, 46.644600000000004)	(48, 46.759699999999995)	(49, 46.6791)	(50, 46.6423)	(51, 46.7717)	(52, 46.692299999999996)	(53, 46.6515)	(54, 46.7819)	(55, 46.688)	(56, 46.6785)	(57, 46.766000000000005)	(58, 46.705600000000004)	(59, 46.6664)	(60, 46.8104)	(61, 46.699)	(62, 46.7075)	(63, 46.7986)	(64, 46.7041)	(65, 46.701100000000004)	(66, 46.8297)	(67, 46.7378)	(68, 46.7205)	(69, 46.819100000000006)	(70, 46.7638)	(71, 46.7241)	(72, 46.8644)	(73, 46.7411)	(74, 46.739399999999996)	(75, 46.8579)	(76, 46.7545)	(77, 46.7245)	(78, 46.8192)	(79, 46.7689)	(80, 46.7349)	(81, 46.8283)	(82, 46.7733)	(83, 46.7445)	(84, 46.8701)	(85, 46.7772)	(86, 46.7607)	(87, 46.8431)	(88, 46.7702)	(89, 46.779399999999995)	(90, 46.8746)	(91, 46.777499999999996)	(92, 46.746500000000005)	(93, 46.8612)	(94, 46.800599999999996)	(95, 46.7896)	(96, 46.863899999999994)	(97, 46.7886)	(98, 46.7945)	(99, 46.8502)	(100, 46.8118)	(101, 46.9677)
SRR715103	(1, 41.1503)	(2, 44.555099999999996)	(3, 46.4537)	(4, 47.2251)	(5, 44.722699999999996)	(6, 47.5073)	(7, 46.3582)	(8, 45.872299999999996)	(9, 46.055099999999996)	(10, 46.6042)	(11, 46.4736)	(12, 46.4294)	(13, 45.9666)	(14, 45.992)	(15, 46.179700000000004)	(16, 46.0713)	(17, 46.1679)	(18, 46.2898)	(19, 46.2563)	(20, 46.2888)	(21, 46.3885)	(22, 46.2971)	(23, 46.286)	(24, 46.4789)	(25, 46.3607)	(26, 46.3378)	(27, 46.5316)	(28, 46.4064)	(29, 46.388200000000005)	(30, 46.536100000000005)	(31, 46.4578)	(32, 46.4647)	(33, 46.610600000000005)	(34, 46.469)	(35, 46.5008)	(36, 46.641)	(37, 46.5146)	(38, 46.5152)	(39, 46.6393)	(40, 46.530100000000004)	(41, 46.5565)	(42, 46.658300000000004)	(43, 46.5672)	(44, 46.558699999999995)	(45, 46.713)	(46, 46.5949)	(47, 46.6092)	(48, 46.7042)	(49, 46.6359)	(50, 46.6138)	(51, 46.6777)	(52, 46.6192)	(53, 46.602)	(54, 46.6914)	(55, 46.6133)	(56, 46.598600000000005)	(57, 46.691)	(58, 46.6069)	(59, 46.6372)	(60, 46.7383)	(61, 46.633599999999994)	(62, 46.6393)	(63, 46.7445)	(64, 46.622)	(65, 46.6669)	(66, 46.7956)	(67, 46.6829)	(68, 46.6721)	(69, 46.765499999999996)	(70, 46.677800000000005)	(71, 46.7144)	(72, 46.814099999999996)	(73, 46.7086)	(74, 46.6965)	(75, 46.827200000000005)	(76, 46.6914)	(77, 46.7139)	(78, 46.786100000000005)	(79, 46.7132)	(80, 46.718199999999996)	(81, 46.7926)	(82, 46.7286)	(83, 46.7007)	(84, 46.7941)	(85, 46.7436)	(86, 46.7153)	(87, 46.800399999999996)	(88, 46.7473)	(89, 46.751)	(90, 46.8463)	(91, 46.7717)	(92, 46.754200000000004)	(93, 46.842800000000004)	(94, 46.7907)	(95, 46.7973)	(96, 46.8921)	(97, 46.81)	(98, 46.803)	(99, 46.8863)	(100, 46.8455)	(101, 47.4889)
SRR716435	(1, 41.965599999999995)	(2, 44.069399999999995)	(3, 46.2389)	(4, 47.2815)	(5, 44.7135)	(6, 47.3413)	(7, 46.3329)	(8, 45.7064)	(9, 46.036)	(10, 46.5034)	(11, 46.3515)	(12, 46.346)	(13, 45.954499999999996)	(14, 45.9722)	(15, 46.130300000000005)	(16, 46.0643)	(17, 46.0668)	(18, 46.2809)	(19, 46.2053)	(20, 46.1717)	(21, 46.313900000000004)	(22, 46.2325)	(23, 46.1539)	(24, 46.386)	(25, 46.2354)	(26, 46.1893)	(27, 46.374300000000005)	(28, 46.2581)	(29, 46.1939)	(30, 46.3515)	(31, 46.292)	(32, 46.2639)	(33, 46.4178)	(34, 46.3155)	(35, 46.266200000000005)	(36, 46.4296)	(37, 46.294000000000004)	(38, 46.2908)	(39, 46.4381)	(40, 46.3527)	(41, 46.3069)	(42, 46.454299999999996)	(43, 46.3681)	(44, 46.3022)	(45, 46.4557)	(46, 46.4061)	(47, 46.332)	(48, 46.4447)	(49, 46.388600000000004)	(50, 46.3144)	(51, 46.4377)	(52, 46.3915)	(53, 46.321)	(54, 46.468199999999996)	(55, 46.380500000000005)	(56, 46.3559)	(57, 46.4517)	(58, 46.3786)	(59, 46.3545)	(60, 46.482800000000005)	(61, 46.379999999999995)	(62, 46.3604)	(63, 46.469100000000005)	(64, 46.3833)	(65, 46.3607)	(66, 46.4694)	(67, 46.422799999999995)	(68, 46.379599999999996)	(69, 46.4937)	(70, 46.4058)	(71, 46.381099999999996)	(72, 46.5173)	(73, 46.4076)	(74, 46.3848)	(75, 46.5081)	(76, 46.4323)	(77, 46.3837)	(78, 46.4855)	(79, 46.4509)	(80, 46.4131)	(81, 46.497699999999995)	(82, 46.452)	(83, 46.4308)	(84, 46.527499999999996)	(85, 46.4358)	(86, 46.3887)	(87, 46.510600000000004)	(88, 46.4462)	(89, 46.4187)	(90, 46.4929)	(91, 46.4461)	(92, 46.400200000000005)	(93, 46.4914)	(94, 46.4407)	(95, 46.411)	(96, 46.5082)	(97, 46.4317)	(98, 46.409299999999995)	(99, 46.4891)	(100, 46.4414)	(101, 46.9178)
SRR716436	(1, 45.9262)	(2, 48.272999999999996)	(3, 50.489799999999995)	(4, 51.373000000000005)	(5, 48.3121)	(6, 51.552)	(7, 50.088699999999996)	(8, 49.498599999999996)	(9, 49.8347)	(10, 50.4298)	(11, 50.226400000000005)	(12, 50.186699999999995)	(13, 49.770399999999995)	(14, 49.6781)	(15, 49.8881)	(16, 49.7604)	(17, 49.709900000000005)	(18, 49.9354)	(19, 49.8313)	(20, 49.7544)	(21, 49.9157)	(22, 49.8269)	(23, 49.7016)	(24, 49.8848)	(25, 49.7398)	(26, 49.6496)	(27, 49.8665)	(28, 49.7436)	(29, 49.6476)	(30, 49.838300000000004)	(31, 49.7326)	(32, 49.6598)	(33, 49.8187)	(34, 49.6985)	(35, 49.635400000000004)	(36, 49.8085)	(37, 49.689699999999995)	(38, 49.634499999999996)	(39, 49.782199999999996)	(40, 49.733)	(41, 49.6529)	(42, 49.8087)	(43, 49.6934)	(44, 49.608000000000004)	(45, 49.7602)	(46, 49.662800000000004)	(47, 49.594899999999996)	(48, 49.741600000000005)	(49, 49.6631)	(50, 49.5488)	(51, 49.675399999999996)	(52, 49.5857)	(53, 49.5734)	(54, 49.7224)	(55, 49.655300000000004)	(56, 49.5678)	(57, 49.6826)	(58, 49.6198)	(59, 49.5562)	(60, 49.7299)	(61, 49.6174)	(62, 49.5525)	(63, 49.6949)	(64, 49.6184)	(65, 49.5599)	(66, 49.6917)	(67, 49.6393)	(68, 49.5618)	(69, 49.6973)	(70, 49.641999999999996)	(71, 49.5869)	(72, 49.7266)	(73, 49.628499999999995)	(74, 49.572)	(75, 49.7167)	(76, 49.642399999999995)	(77, 49.581900000000005)	(78, 49.7379)	(79, 49.662299999999995)	(80, 49.6083)	(81, 49.729)	(82, 49.6507)	(83, 49.6099)	(84, 49.7458)	(85, 49.6718)	(86, 49.6192)	(87, 49.7412)	(88, 49.701)	(89, 49.6761)	(90, 49.8082)	(91, 49.7235)	(92, 49.677)	(93, 49.7698)	(94, 49.768699999999995)	(95, 49.7446)	(96, 49.8042)	(97, 49.7691)	(98, 49.7145)	(99, 49.8356)	(100, 49.8232)	(101, 49.9551)
SRR742200	(1, 43.662600000000005)	(2, 46.7882)	(3, 48.4418)	(4, 49.4724)	(5, 46.732800000000005)	(6, 49.7062)	(7, 48.1403)	(8, 47.8449)	(9, 48.0681)	(10, 48.61)	(11, 48.4209)	(12, 48.4101)	(13, 47.9809)	(14, 47.9393)	(15, 48.1097)	(16, 48.0438)	(17, 48.042)	(18, 48.228100000000005)	(19, 48.1514)	(20, 48.1315)	(21, 48.2508)	(22, 48.1722)	(23, 48.1016)	(24, 48.2968)	(25, 48.1781)	(26, 48.1248)	(27, 48.283)	(28, 48.1563)	(29, 48.1301)	(30, 48.2925)	(31, 48.206900000000005)	(32, 48.1617)	(33, 48.2817)	(34, 48.1679)	(35, 48.1657)	(36, 48.2752)	(37, 48.1896)	(38, 48.1523)	(39, 48.2906)	(40, 48.2132)	(41, 48.1771)	(42, 48.3202)	(43, 48.2282)	(44, 48.1574)	(45, 48.315599999999996)	(46, 48.239399999999996)	(47, 48.1831)	(48, 48.3101)	(49, 48.2574)	(50, 48.1702)	(51, 48.286699999999996)	(52, 48.2474)	(53, 48.143299999999996)	(54, 48.2885)	(55, 48.242000000000004)	(56, 48.1816)	(57, 48.284)	(58, 48.215799999999994)	(59, 48.1614)	(60, 48.292699999999996)	(61, 48.2408)	(62, 48.1751)	(63, 48.3)	(64, 48.2282)	(65, 48.186)	(66, 48.2801)	(67, 48.260999999999996)	(68, 48.2054)	(69, 48.3205)	(70, 48.2748)	(71, 48.2085)	(72, 48.3133)	(73, 48.2449)	(74, 48.196099999999994)	(75, 48.3186)	(76, 48.2524)	(77, 48.184900000000006)	(78, 48.283100000000005)	(79, 48.2573)	(80, 48.2321)	(81, 48.3213)	(82, 48.2783)	(83, 48.2023)	(84, 48.3307)	(85, 48.266799999999996)	(86, 48.1877)	(87, 48.287400000000005)	(88, 48.259600000000006)	(89, 48.2431)	(90, 48.3202)	(91, 48.2939)	(92, 48.2273)	(93, 48.3122)	(94, 48.2376)	(95, 48.2279)	(96, 48.2068)	(97, 48.2906)	(98, 48.2518)	(99, 48.3588)	(100, 48.3283)	(101, 48.4823)
SRR748280	(1, 44.6021)	(2, 47.0399)	(3, 49.3103)	(4, 50.253899999999994)	(5, 47.2798)	(6, 50.4139)	(7, 48.910599999999995)	(8, 48.4616)	(9, 48.7027)	(10, 49.3267)	(11, 49.1307)	(12, 49.104)	(13, 48.6342)	(14, 48.5844)	(15, 48.7388)	(16, 48.6265)	(17, 48.6601)	(18, 48.837)	(19, 48.7376)	(20, 48.6408)	(21, 48.8312)	(22, 48.747600000000006)	(23, 48.631)	(24, 48.8334)	(25, 48.6955)	(26, 48.6342)	(27, 48.821)	(28, 48.685)	(29, 48.6231)	(30, 48.7858)	(31, 48.7192)	(32, 48.6118)	(33, 48.8037)	(34, 48.667100000000005)	(35, 48.6192)	(36, 48.816900000000004)	(37, 48.6734)	(38, 48.6357)	(39, 48.7907)	(40, 48.693799999999996)	(41, 48.6509)	(42, 48.8065)	(43, 48.7036)	(44, 48.627900000000004)	(45, 48.779)	(46, 48.6932)	(47, 48.6424)	(48, 48.796499999999995)	(49, 48.7063)	(50, 48.6856)	(51, 48.7628)	(52, 48.6908)	(53, 48.619299999999996)	(54, 48.7739)	(55, 48.6807)	(56, 48.6186)	(57, 48.7345)	(58, 48.6603)	(59, 48.6299)	(60, 48.7719)	(61, 48.6756)	(62, 48.6145)	(63, 48.753800000000005)	(64, 48.6516)	(65, 48.618)	(66, 48.741)	(67, 48.6857)	(68, 48.6145)	(69, 48.747299999999996)	(70, 48.6933)	(71, 48.644999999999996)	(72, 48.7643)	(73, 48.6904)	(74, 48.607099999999996)	(75, 48.763400000000004)	(76, 48.681400000000004)	(77, 48.620400000000004)	(78, 48.747800000000005)	(79, 48.687799999999996)	(80, 48.6306)	(81, 48.7441)	(82, 48.6835)	(83, 48.6227)	(84, 48.7463)	(85, 48.6825)	(86, 48.625099999999996)	(87, 48.7392)	(88, 48.672900000000006)	(89, 48.6482)	(90, 48.7751)	(91, 48.7072)	(92, 48.6519)	(93, 48.7671)	(94, 48.7206)	(95, 48.6635)	(96, 48.7691)	(97, 48.7258)	(98, 48.6795)	(99, 48.7863)	(100, 48.7346)	(101, 48.675200000000004)
SRR748295	(1, 41.4979)	(2, 46.4462)	(3, 47.7498)	(4, 48.5487)	(5, 46.102)	(6, 49.128899999999994)	(7, 47.207100000000004)	(8, 47.2767)	(9, 47.2616)	(10, 47.8019)	(11, 47.5145)	(12, 47.511700000000005)	(13, 47.1151)	(14, 47.1623)	(15, 47.3218)	(16, 47.2589)	(17, 47.287400000000005)	(18, 47.4737)	(19, 47.3648)	(20, 47.3798)	(21, 47.5053)	(22, 47.4272)	(23, 47.364200000000004)	(24, 47.5194)	(25, 47.4171)	(26, 47.3877)	(27, 47.523199999999996)	(28, 47.4382)	(29, 47.4009)	(30, 47.530499999999996)	(31, 47.4678)	(32, 47.4373)	(33, 47.571600000000004)	(34, 47.469699999999996)	(35, 47.4652)	(36, 47.563100000000006)	(37, 47.4616)	(38, 47.4644)	(39, 47.566399999999994)	(40, 47.4967)	(41, 47.4808)	(42, 47.585499999999996)	(43, 47.535500000000006)	(44, 47.4853)	(45, 47.6097)	(46, 47.5492)	(47, 47.5161)	(48, 47.612)	(49, 47.575)	(50, 47.5246)	(51, 47.602)	(52, 47.536)	(53, 47.5148)	(54, 47.5952)	(55, 47.551)	(56, 47.4881)	(57, 47.5944)	(58, 47.5391)	(59, 47.5162)	(60, 47.6103)	(61, 47.5259)	(62, 47.5018)	(63, 47.6215)	(64, 47.544599999999996)	(65, 47.5361)	(66, 47.6213)	(67, 47.583)	(68, 47.5345)	(69, 47.6523)	(70, 47.5727)	(71, 47.5406)	(72, 47.6379)	(73, 47.5655)	(74, 47.5456)	(75, 47.641600000000004)	(76, 47.565400000000004)	(77, 47.5465)	(78, 47.634100000000004)	(79, 47.579)	(80, 47.5561)	(81, 47.6352)	(82, 47.5699)	(83, 47.5445)	(84, 47.650999999999996)	(85, 47.5783)	(86, 47.5827)	(87, 47.6556)	(88, 47.6173)	(89, 47.604400000000005)	(90, 47.6377)	(91, 47.620200000000004)	(92, 47.5809)	(93, 47.6331)	(94, 47.5818)	(95, 47.5549)	(96, 47.568)	(97, 47.6232)	(98, 47.5952)	(99, 47.702600000000004)	(100, 47.6661)	(101, 47.8259)
SRR748552	(1, 43.336400000000005)	(2, 44.9619)	(3, 47.1256)	(4, 47.8732)	(5, 45.303900000000006)	(6, 48.1807)	(7, 46.8501)	(8, 46.3836)	(9, 46.606500000000004)	(10, 47.2884)	(11, 47.1329)	(12, 47.1974)	(13, 46.775)	(14, 46.721000000000004)	(15, 46.9259)	(16, 46.823)	(17, 46.8245)	(18, 47.035700000000006)	(19, 46.9705)	(20, 46.9306)	(21, 47.0936)	(22, 47.026)	(23, 46.9321)	(24, 47.1662)	(25, 47.049099999999996)	(26, 46.9779)	(27, 47.1557)	(28, 47.054899999999996)	(29, 46.9807)	(30, 47.1772)	(31, 47.0886)	(32, 47.009499999999996)	(33, 47.2222)	(34, 47.1286)	(35, 47.0723)	(36, 47.2183)	(37, 47.1408)	(38, 47.0713)	(39, 47.2536)	(40, 47.1486)	(41, 47.117599999999996)	(42, 47.2641)	(43, 47.2144)	(44, 47.131099999999996)	(45, 47.2765)	(46, 47.1772)	(47, 47.1532)	(48, 47.2965)	(49, 47.1982)	(50, 47.1466)	(51, 47.304)	(52, 47.214099999999995)	(53, 47.171)	(54, 47.3042)	(55, 47.219899999999996)	(56, 47.1595)	(57, 47.3221)	(58, 47.2229)	(59, 47.178799999999995)	(60, 47.3202)	(61, 47.234700000000004)	(62, 47.1928)	(63, 47.3283)	(64, 47.2386)	(65, 47.2025)	(66, 47.339999999999996)	(67, 47.268)	(68, 47.2238)	(69, 47.3568)	(70, 47.285199999999996)	(71, 47.2517)	(72, 47.3561)	(73, 47.2845)	(74, 47.248000000000005)	(75, 47.3812)	(76, 47.2918)	(77, 47.2353)	(78, 47.3726)	(79, 47.300799999999995)	(80, 47.2624)	(81, 47.336299999999994)	(82, 47.3217)	(83, 47.2476)	(84, 47.3949)	(85, 47.3003)	(86, 47.261399999999995)	(87, 47.3728)	(88, 47.3118)	(89, 47.278)	(90, 47.3706)	(91, 47.2891)	(92, 47.2618)	(93, 47.3484)	(94, 47.3093)	(95, 47.2806)	(96, 47.3665)	(97, 47.3138)	(98, 47.2543)	(99, 47.375699999999995)	(100, 47.3058)	(101, 47.5133)
SRR748557	(1, 43.913999999999994)	(2, 46.165299999999995)	(3, 47.990300000000005)	(4, 48.870799999999996)	(5, 46.1984)	(6, 49.1032)	(7, 47.8387)	(8, 47.209)	(9, 47.5809)	(10, 48.274899999999995)	(11, 48.1442)	(12, 48.1312)	(13, 47.6501)	(14, 47.611399999999996)	(15, 47.766999999999996)	(16, 47.6856)	(17, 47.702)	(18, 47.9014)	(19, 47.8054)	(20, 47.7528)	(21, 47.9189)	(22, 47.8125)	(23, 47.7393)	(24, 47.9266)	(25, 47.800799999999995)	(26, 47.7462)	(27, 47.9265)	(28, 47.8125)	(29, 47.7629)	(30, 47.905300000000004)	(31, 47.815200000000004)	(32, 47.7537)	(33, 47.9103)	(34, 47.795700000000004)	(35, 47.7512)	(36, 47.9328)	(37, 47.8111)	(38, 47.779500000000006)	(39, 47.9427)	(40, 47.834900000000005)	(41, 47.8115)	(42, 47.9443)	(43, 47.834900000000005)	(44, 47.780899999999995)	(45, 47.9174)	(46, 47.8242)	(47, 47.826299999999996)	(48, 47.923100000000005)	(49, 47.869299999999996)	(50, 47.805)	(51, 47.92)	(52, 47.8745)	(53, 47.7723)	(54, 47.9244)	(55, 47.8247)	(56, 47.7954)	(57, 47.8966)	(58, 47.8379)	(59, 47.7904)	(60, 47.9359)	(61, 47.8618)	(62, 47.8131)	(63, 47.9255)	(64, 47.8233)	(65, 47.801700000000004)	(66, 47.9083)	(67, 47.8592)	(68, 47.8292)	(69, 47.9452)	(70, 47.8604)	(71, 47.842)	(72, 47.9593)	(73, 47.8606)	(74, 47.816399999999994)	(75, 47.936)	(76, 47.848600000000005)	(77, 47.8172)	(78, 47.950900000000004)	(79, 47.9055)	(80, 47.8636)	(81, 47.9675)	(82, 47.9041)	(83, 47.8585)	(84, 47.9657)	(85, 47.8956)	(86, 47.8497)	(87, 47.9504)	(88, 47.9067)	(89, 47.8671)	(90, 47.971399999999996)	(91, 47.9227)	(92, 47.887299999999996)	(93, 47.989)	(94, 47.9392)	(95, 47.9338)	(96, 47.9995)	(97, 47.938199999999995)	(98, 47.9198)	(99, 48.0399)	(100, 47.9917)	(101, 47.8131)
SRR768533	(1, 41.1931)	(2, 43.9685)	(3, 45.948899999999995)	(4, 46.7979)	(5, 44.313)	(6, 47.2543)	(7, 45.885)	(8, 45.4276)	(9, 45.6282)	(10, 46.3564)	(11, 46.1954)	(12, 46.1823)	(13, 45.751)	(14, 45.7343)	(15, 45.9226)	(16, 45.8168)	(17, 45.8643)	(18, 46.0702)	(19, 45.9791)	(20, 45.967400000000005)	(21, 46.0926)	(22, 46.024100000000004)	(23, 45.948899999999995)	(24, 46.1417)	(25, 46.0168)	(26, 46.022600000000004)	(27, 46.2029)	(28, 46.0863)	(29, 46.0586)	(30, 46.203300000000006)	(31, 46.108900000000006)	(32, 46.0607)	(33, 46.2485)	(34, 46.1136)	(35, 46.0872)	(36, 46.251599999999996)	(37, 46.1539)	(38, 46.1268)	(39, 46.2945)	(40, 46.166000000000004)	(41, 46.1294)	(42, 46.2695)	(43, 46.1565)	(44, 46.129)	(45, 46.267399999999995)	(46, 46.1608)	(47, 46.154)	(48, 46.2629)	(49, 46.1882)	(50, 46.112700000000004)	(51, 46.225100000000005)	(52, 46.1485)	(53, 46.1565)	(54, 46.2767)	(55, 46.178599999999996)	(56, 46.1548)	(57, 46.2416)	(58, 46.1843)	(59, 46.1734)	(60, 46.303)	(61, 46.1965)	(62, 46.1793)	(63, 46.3007)	(64, 46.200599999999994)	(65, 46.1961)	(66, 46.315400000000004)	(67, 46.2305)	(68, 46.213300000000004)	(69, 46.3143)	(70, 46.2567)	(71, 46.2352)	(72, 46.3431)	(73, 46.2494)	(74, 46.2237)	(75, 46.3496)	(76, 46.2183)	(77, 46.2123)	(78, 46.3167)	(79, 46.2507)	(80, 46.2288)	(81, 46.3515)	(82, 46.2691)	(83, 46.2475)	(84, 46.3515)	(85, 46.2545)	(86, 46.2442)	(87, 46.3271)	(88, 46.291)	(89, 46.2642)	(90, 46.409299999999995)	(91, 46.281499999999994)	(92, 46.265)	(93, 46.361799999999995)	(94, 46.3091)	(95, 46.2685)	(96, 46.3624)	(97, 46.3141)	(98, 46.282000000000004)	(99, 46.3772)	(100, 46.327400000000004)	(101, 46.4176)
SRR787670	(1, 47.3706)	(2, 47.5)	(3, 48.3177)	(4, 48.2211)	(5, 47.888)	(6, 48.736000000000004)	(7, 48.1477)	(8, 48.100300000000004)	(9, 48.074600000000004)	(10, 48.1552)	(11, 47.9381)	(12, 48.2319)	(13, 47.9953)	(14, 48.1192)	(15, 48.2837)	(16, 48.3497)	(17, 48.329699999999995)	(18, 48.6962)	(19, 48.5553)	(20, 48.5947)	(21, 48.7647)	(22, 48.5937)	(23, 48.7119)	(24, 48.8094)	(25, 48.752)	(26, 48.7297)	(27, 48.8586)	(28, 48.909200000000006)	(29, 48.8528)	(30, 49.0431)	(31, 48.8894)	(32, 48.9037)	(33, 49.1312)	(34, 49.0498)	(35, 49.0503)	(36, 49.2098)	(37, 49.1591)	(38, 49.0576)	(39, 49.221199999999996)	(40, 49.1309)	(41, 49.119299999999996)	(42, 49.2946)	(43, 49.2109)	(44, 49.1466)	(45, 49.296)	(46, 49.3097)	(47, 49.1768)	(48, 49.2774)	(49, 49.2676)	(50, 49.265)	(51, 49.328300000000006)	(52, 49.2511)	(53, 49.2658)	(54, 49.335)	(55, 49.3506)	(56, 49.3243)	(57, 49.4465)	(58, 49.2724)	(59, 49.3204)	(60, 49.4015)	(61, 49.3483)	(62, 49.3089)	(63, 49.4096)	(64, 49.309)	(65, 49.2838)	(66, 49.385400000000004)	(67, 49.415)	(68, 49.2319)	(69, 49.4206)	(70, 49.3618)	(71, 49.315799999999996)	(72, 49.4184)	(73, 49.3298)	(74, 49.2236)	(75, 49.4141)	(76, 49.2999)																									
SRR787690	(1, 47.213699999999996)	(2, 47.7236)	(3, 48.2249)	(4, 48.1835)	(5, 48.0965)	(6, 48.6218)	(7, 48.0514)	(8, 47.9371)	(9, 48.1263)	(10, 48.1769)	(11, 48.145500000000006)	(12, 48.242000000000004)	(13, 48.1672)	(14, 48.1404)	(15, 48.2837)	(16, 48.389900000000004)	(17, 48.423899999999996)	(18, 48.694700000000005)	(19, 48.601299999999995)	(20, 48.6203)	(21, 48.743900000000004)	(22, 48.7389)	(23, 48.7001)	(24, 48.8347)	(25, 48.7208)	(26, 48.7847)	(27, 48.8736)	(28, 48.8741)	(29, 48.869299999999996)	(30, 49.0162)	(31, 48.986200000000004)	(32, 48.9936)	(33, 49.1174)	(34, 49.0683)	(35, 49.0789)	(36, 49.19)	(37, 49.0984)	(38, 49.1754)	(39, 49.2311)	(40, 49.188700000000004)	(41, 49.2262)	(42, 49.2734)	(43, 49.2929)	(44, 49.1983)	(45, 49.3213)	(46, 49.173)	(47, 49.2403)	(48, 49.4047)	(49, 49.246)	(50, 49.2234)	(51, 49.4342)	(52, 49.2398)	(53, 49.3307)	(54, 49.3612)	(55, 49.347)	(56, 49.3726)	(57, 49.4353)	(58, 49.343599999999995)	(59, 49.3269)	(60, 49.4254)	(61, 49.4286)	(62, 49.3351)	(63, 49.4312)	(64, 49.3678)	(65, 49.2956)	(66, 49.4311)	(67, 49.3444)	(68, 49.2954)	(69, 49.4238)	(70, 49.3526)	(71, 49.3263)	(72, 49.407000000000004)	(73, 49.3205)	(74, 49.3838)	(75, 49.3872)	(76, 49.3546)																									
SRR787697	(1, 47.6746)	(2, 47.4739)	(3, 48.195100000000004)	(4, 47.7757)	(5, 47.9664)	(6, 48.5629)	(7, 48.1674)	(8, 47.959)	(9, 48.0167)	(10, 48.0739)	(11, 48.027)	(12, 48.214)	(13, 47.952600000000004)	(14, 48.0906)	(15, 48.2641)	(16, 48.2481)	(17, 48.3262)	(18, 48.5848)	(19, 48.5263)	(20, 48.5214)	(21, 48.7143)	(22, 48.6721)	(23, 48.578700000000005)	(24, 48.7108)	(25, 48.6857)	(26, 48.6979)	(27, 48.897800000000004)	(28, 48.8818)	(29, 48.7941)	(30, 48.9717)	(31, 48.8288)	(32, 48.8739)	(33, 49.0591)	(34, 49.059999999999995)	(35, 48.9265)	(36, 49.163000000000004)	(37, 49.0454)	(38, 48.942600000000006)	(39, 49.1541)	(40, 49.186600000000006)	(41, 49.1103)	(42, 49.2239)	(43, 49.196)	(44, 49.1804)	(45, 49.2741)	(46, 49.2616)	(47, 49.160399999999996)	(48, 49.3315)	(49, 49.1698)	(50, 49.2825)	(51, 49.3607)	(52, 49.2595)	(53, 49.213699999999996)	(54, 49.280499999999996)	(55, 49.3825)	(56, 49.188500000000005)	(57, 49.3937)	(58, 49.3839)	(59, 49.1968)	(60, 49.4101)	(61, 49.3134)	(62, 49.2329)	(63, 49.3711)	(64, 49.3275)	(65, 49.3131)	(66, 49.3528)	(67, 49.315)	(68, 49.2716)	(69, 49.3572)	(70, 49.2678)	(71, 49.2693)	(72, 49.3431)	(73, 49.2851)	(74, 49.2258)	(75, 49.328)	(76, 49.254999999999995)																									
SRR792098	(1, 42.2194)	(2, 46.6251)	(3, 47.7883)	(4, 47.9703)	(5, 46.0325)	(6, 48.0812)	(7, 47.9297)	(8, 46.955400000000004)	(9, 47.15)	(10, 47.678)	(11, 47.531600000000005)	(12, 47.6316)	(13, 47.1858)	(14, 47.4282)	(15, 47.566399999999994)	(16, 47.4854)	(17, 47.606)	(18, 47.7734)	(19, 47.6482)	(20, 47.7733)	(21, 47.881)	(22, 47.7521)	(23, 47.848400000000005)	(24, 48.0312)	(25, 47.8475)	(26, 47.9889)	(27, 48.0327)	(28, 47.9516)	(29, 48.0169)	(30, 48.1346)	(31, 48.0188)	(32, 48.0876)	(33, 48.187200000000004)	(34, 48.0423)	(35, 48.1187)	(36, 48.214600000000004)	(37, 48.0747)	(38, 48.1773)	(39, 48.2567)	(40, 48.1192)	(41, 48.2303)	(42, 48.2914)	(43, 48.193999999999996)	(44, 48.247099999999996)	(45, 48.3264)	(46, 48.2307)	(47, 48.3189)	(48, 48.3618)	(49, 48.262100000000004)	(50, 48.2964)	(51, 48.387299999999996)	(52, 48.3089)	(53, 48.369299999999996)	(54, 48.3977)	(55, 48.2848)	(56, 48.3755)	(57, 48.3996)	(58, 48.2992)	(59, 48.381600000000006)	(60, 48.4487)	(61, 48.3474)	(62, 48.3808)	(63, 48.511500000000005)	(64, 48.348600000000005)	(65, 48.4416)	(66, 48.455)	(67, 48.4125)	(68, 48.4604)	(69, 48.5088)	(70, 48.404199999999996)	(71, 48.5157)	(72, 48.552800000000005)	(73, 48.4139)	(74, 48.4904)	(75, 48.566500000000005)	(76, 48.452600000000004)	(77, 48.5019)	(78, 48.5721)	(79, 48.4741)	(80, 48.5413)	(81, 48.5961)	(82, 48.4969)	(83, 48.5365)	(84, 48.6226)	(85, 48.483)	(86, 48.5676)	(87, 48.613299999999995)	(88, 48.5222)	(89, 48.5748)	(90, 48.6161)	(91, 48.5531)	(92, 48.557)	(93, 48.634899999999995)	(94, 48.546299999999995)	(95, 48.631)	(96, 48.6406)	(97, 48.580400000000004)	(98, 48.5888)	(99, 48.6533)	(100, 48.5764)	
SRR867663	(1, 48.0371)	(2, 48.5234)	(3, 49.628499999999995)	(4, 49.493700000000004)	(5, 49.1877)	(6, 49.9431)	(7, 49.668800000000005)	(8, 49.1749)	(9, 49.5336)	(10, 49.7577)	(11, 49.6603)	(12, 49.8892)	(13, 49.636)	(14, 49.696600000000004)	(15, 49.9197)	(16, 49.8728)	(17, 49.835)	(18, 50.1471)	(19, 50.086200000000005)	(20, 50.0547)	(21, 50.3128)	(22, 50.22)	(23, 50.188)	(24, 50.40989999999999)	(25, 50.348000000000006)	(26, 50.28399999999999)	(27, 50.5004)	(28, 50.395500000000006)	(29, 50.419000000000004)	(30, 50.6031)	(31, 50.5618)	(32, 50.4761)	(33, 50.7209)	(34, 50.6502)	(35, 50.609)	(36, 50.80440000000001)	(37, 50.7393)	(38, 50.6769)	(39, 50.87199999999999)	(40, 50.7646)	(41, 50.698)	(42, 50.96469999999999)	(43, 50.8483)	(44, 50.814499999999995)	(45, 50.9968)	(46, 50.845600000000005)	(47, 50.818200000000004)	(48, 50.9884)	(49, 50.9243)	(50, 50.845600000000005)	(51, 51.032)	(52, 50.9161)	(53, 50.8606)	(54, 51.0302)	(55, 50.9227)	(56, 50.871900000000004)	(57, 51.0243)	(58, 50.9814)	(59, 50.8665)	(60, 51.047399999999996)	(61, 50.9976)	(62, 50.8737)	(63, 51.05)	(64, 50.93450000000001)	(65, 50.9144)	(66, 51.0438)	(67, 50.95309999999999)	(68, 50.936099999999996)	(69, 51.074600000000004)	(70, 50.9278)	(71, 50.9432)	(72, 50.9981)	(73, 50.903299999999994)	(74, 50.8683)	(75, 51.01480000000001)	(76, 50.9509)																									
