Sample	0	1	2	3	4	5	6	7	8	9	10	11	12	13	14	15	16	17	18	19	20	21	22	23	24	25	26	27	28	29	30	31	32	33	34	35	36	37	38	39	40	41	42	43	44	45	46	47	48	49	50	51	52	53	54	55	56	57	58	59	60	61	62	63	64	65	66	67	68	69	70	71	72	73	74	75	76	77	78	79	80	81	82	83	84	85	86	87	88	89	90	91	92	93	94	95	96	97	98	99	100	101	102	103	104	105	106	107	108	109	110	111	112	113	114	115	116	117	118	119	120	121	122	123	124	125	126	127	128	129	130	131	132	133	134	135	136	137	138	139	140	141	142	143	144	145	146	147	148	149	150	151	152	153	154	155	156	157	158	159	160	161	162	163	164	165	166	167	168	169	170	171
ERR031854	(1, 0.0)	(2, 0.0)	(3, 0.0)	(4, 0.0)	(5, 0.0)	(6, 0.0)	(7, 0.0)	(8, 0.0)	(9, 0.0)	(10, 0.0)	(11, 0.0)	(12, 0.0)	(13, 0.0)	(14, 0.0)	(15, 0.0)	(16, 0.0)	(17, 0.0)	(18, 0.0)	(19, 0.0)	(20, 0.0)	(21, 0.0)	(22, 0.0)	(23, 0.0)	(24, 0.0)	(25, 0.0)	(26, 0.0)	(27, 0.0)	(28, 0.0)	(29, 0.0)	(30, 0.0)	(31, 0.0)	(32, 0.07690469585566087)	(33, 0.08033794120636001)	(34, 0.06962621571217868)	(35, 0.061935746126612595)	(36, 0.05424527654104651)	(37, 0.05369595728493465)	(38, 0.05410794672701854)	(39, 0.05204799951659905)	(40, 0.05479459579715837)	(41, 0.04861475416589991)	(42, 0.05369595728493465)	(43, 0.05342129765687872)	(44, 0.05204799951659905)	(45, 0.046005487699368554)	(46, 0.0510866908184033)	(47, 0.046280147327424484)	(48, 0.049026743607983814)	(49, 0.05287197840076686)	(50, 0.044769519373116864)	(51, 0.049438733050067706)	(52, 0.04394554048894907)	(53, 0.04861475416589991)	(54, 0.05287197840076686)	(55, 0.049576062864095674)	(56, 0.05273464858673888)	(57, 0.055481244867298204)	(58, 0.05369595728493465)	(59, 0.055755904495354135)	(60, 0.05136135044645923)	(61, 0.0510866908184033)	(62, 0.056167893937438026)	(63, 0.055206585239242274)	(64, 0.056579883379521925)	(65, 0.05369595728493465)	(66, 0.05918914984605328)	(67, 0.05795318151980158)	(68, 0.06742893868773123)	(69, 0.061661086498556665)	(70, 0.06042511817230497)	(71, 0.06001312873022107)	(72, 0.060974437428416836)	(73, 0.05355862747090668)	(74, 0.058777160403969374)	(75, 0.056167893937438026)	(76, 0.05987579891619311)	(77, 0.06262239519675242)	(78, 0.055343915053270236)	(79, 0.06275972501078038)	(80, 0.05863983058994141)	(81, 0.05809051133382955)	(82, 0.060287788358277)	(83, 0.06330904426689225)	(84, 0.061386426870500735)	(85, 0.05973846910216514)	(86, 0.062210405754668525)	(87, 0.0671542790596753)	(88, 0.06907689645606682)	(89, 0.06742893868773123)	(90, 0.07113684366648632)	(91, 0.09283495428290492)	(92, 0.0940709226091566)	(93, 0.09352160335304474)	(94, 0.10670526549972946)	(95, 0.10588128661556168)	(96, 0.11178646861876419)	(97, 0.11521971396946334)	(98, 0.13581918607365823)	(99, 0.14282300658908448)	(100, 0.15875326501632853)	(101, 0.17344755511732085)	(102, 0.18580723837983779)	(103, 0.20187482662110978)	(104, 0.21725576579224196)	(105, 0.24170047268921988)	(106, 0.27438496842787574)	(107, 0.29635773867235027)	(108, 0.33824333195087986)	(109, 0.36598395438452896)	(110, 0.4026510147299958)	(111, 0.45071644963978386)	(112, 0.4866968609151109)	(113, 0.5340756467547592)	(114, 0.5721160052405058)	(115, 0.6502566694224183)	(116, 0.7176856081101495)	(117, 0.7858011958680207)	(118, 0.848972910320885)	(119, 0.9352160335304474)	(120, 1.0031942914742904)	(121, 1.0781763699335598)	(122, 1.1719726329146605)	(123, 1.2764806213899424)	(124, 1.4041973484359507)	(125, 1.4603652423733888)	(126, 1.564461241406587)	(127, 1.7112668126024824)	(128, 1.8400821781607144)	(129, 1.9222054069494379)	(130, 2.046214229016691)	(131, 2.1634938901965737)	(132, 2.3060422371576026)	(133, 2.4466679667222393)	(134, 2.59649479382675)	(135, 2.7165210512871925)	(136, 2.810179984454265)	(137, 2.987884763806453)	(138, 3.1069497125686993)	(139, 3.2563645502311265)	(140, 3.465929846437802)	(141, 3.5921359455295025)	(142, 3.7260325142067696)	(143, 3.949742781258326)	(144, 4.082403381609341)	(145, 4.156424151370414)	(146, 4.248847116211235)	(147, 4.430946449612318)	(148, 4.628564051998561)	(149, 4.720987016839382)	(150, 4.915171373874926)																						
ERR031893	(1, 0.0)	(2, 0.0)	(3, 0.0)	(4, 0.0)	(5, 0.0)	(6, 0.0)	(7, 0.0)	(8, 0.0)	(9, 0.0)	(10, 0.0)	(11, 0.0)	(12, 0.0)	(13, 0.0)	(14, 0.0)	(15, 0.0)	(16, 0.0)	(17, 0.0)	(18, 0.0)	(19, 0.0)	(20, 0.0)	(21, 0.0)	(22, 0.0)	(23, 0.0)	(24, 0.0)	(25, 0.0)	(26, 0.0)	(27, 0.0)	(28, 0.0)	(29, 0.0)	(30, 0.0)	(31, 0.0)	(32, 0.052053094156039155)	(33, 0.0537881972945738)	(34, 0.04778207104580005)	(35, 0.039373494297516805)	(36, 0.039373494297516805)	(37, 0.042042883741416244)	(38, 0.03443512382630283)	(39, 0.03443512382630283)	(40, 0.035903288020447524)	(41, 0.03510247118727769)	(42, 0.03536941013166763)	(43, 0.04017431113068663)	(44, 0.031365325965818466)	(45, 0.03550287960386261)	(46, 0.03496900171508272)	(47, 0.03189920385459836)	(48, 0.03043103966045366)	(49, 0.0321661427989883)	(50, 0.03163226491020841)	(51, 0.03470206277069277)	(52, 0.03283349015996316)	(53, 0.03496900171508272)	(54, 0.03256655121557322)	(55, 0.031231856493623495)	(56, 0.03416818488191289)	(57, 0.03496900171508272)	(58, 0.03350083752093803)	(59, 0.03443512382630283)	(60, 0.037104513270202276)	(61, 0.0369710437980073)	(62, 0.03617022696483747)	(63, 0.04217635321361122)	(64, 0.039373494297516805)	(65, 0.03817226904776205)	(66, 0.037771860631177136)	(67, 0.04311063951897602)	(68, 0.04644737632385033)	(69, 0.04124206690824641)	(70, 0.036837574325812326)	(71, 0.036837574325812326)	(72, 0.040708189019466524)	(73, 0.04057471954727155)	(74, 0.042042883741416244)	(75, 0.03990737218629669)	(76, 0.03897308588093188)	(77, 0.03950696376971177)	(78, 0.04217635321361122)	(79, 0.041375536380441384)	(80, 0.04484574265751066)	(81, 0.04537962054629055)	(82, 0.04524615107409558)	(83, 0.05151921626725926)	(84, 0.04698125421263021)	(85, 0.049116765767749766)	(86, 0.04698125421263021)	(87, 0.05458901412774363)	(88, 0.0595273845989576)	(89, 0.06419881612578163)	(90, 0.06406534665358667)	(91, 0.07687841598430399)	(92, 0.08768944323209674)	(93, 0.08461964537161239)	(94, 0.10290496306232357)	(95, 0.10971190614426717)	(96, 0.1181204828925504)	(97, 0.13253518588960742)	(98, 0.13867478161057611)	(99, 0.16016336663396666)	(100, 0.18285317690711192)	(101, 0.1901939978778354)	(102, 0.21582013653927007)	(103, 0.23597402684071087)	(104, 0.26386914652946003)	(105, 0.2877601820523601)	(106, 0.3177908132962288)	(107, 0.36637370117519874)	(108, 0.40040841658491655)	(109, 0.43310843727268483)	(110, 0.46554151901606305)	(111, 0.5227999225877061)	(112, 0.5840624103251983)	(113, 0.6202326372900359)	(114, 0.6840310449992325)	(115, 0.7557041515679326)	(116, 0.8329829759688215)	(117, 0.8768944323209673)	(118, 0.945764679973573)	(119, 1.0191728896808079)	(120, 1.118474176993867)	(121, 1.2305885336376439)	(122, 1.3169432821477909)	(123, 1.3660600479155405)	(124, 1.4852482865856507)	(125, 1.560258129959225)	(126, 1.6923929074322477)	(127, 1.7887578663570176)	(128, 1.8987367114456744)	(129, 1.9987053461197088)	(130, 2.1437866623956436)	(131, 2.2261373267399414)	(132, 2.3558696537134542)	(133, 2.430345619198249)	(134, 2.59251102791514)	(135, 2.6962168078106337)	(136, 2.8247479095343917)	(137, 2.9834431119742137)	(138, 3.1393354554979416)	(139, 3.3148478114343294)	(140, 3.4024037851942315)	(141, 3.4878242473990135)	(142, 3.655328435003704)	(143, 3.7568987033440777)	(144, 3.8272371151908278)	(145, 4.058005832615935)	(146, 4.144760989542666)	(147, 4.318271303396131)	(148, 4.410632178155051)	(149, 4.507664484440797)	(150, 4.663823766908914)																						
ERR031925	(1, 0.0)	(2, 0.0)	(3, 0.0)	(4, 0.0)	(5, 0.0)	(6, 0.0)	(7, 0.0)	(8, 0.0)	(9, 0.0)	(10, 0.0)	(11, 0.0)	(12, 0.0)	(13, 0.0)	(14, 0.0)	(15, 0.0)	(16, 0.0)	(17, 0.0)	(18, 0.0)	(19, 0.0)	(20, 0.0)	(21, 0.0)	(22, 0.0)	(23, 0.0)	(24, 0.0)	(25, 0.0)	(26, 0.0)	(27, 0.0)	(28, 0.0)	(29, 0.0)	(30, 0.0)	(31, 0.0)	(32, 0.08058464963822295)	(33, 0.07236608272147704)	(34, 0.06190608846380042)	(35, 0.05923772258174005)	(36, 0.05400772545290174)	(37, 0.05881078404061039)	(38, 0.052940379100077595)	(39, 0.05251344055894793)	(40, 0.05165956347668862)	(41, 0.054541398629313814)	(42, 0.05411446008818416)	(43, 0.05123262493555897)	(44, 0.05112589030027655)	(45, 0.05091242102971172)	(46, 0.06083874211097627)	(47, 0.05251344055894793)	(48, 0.04803058587708653)	(49, 0.056462622064397276)	(50, 0.05422119472346657)	(51, 0.05390099081761932)	(52, 0.0551818064410083)	(53, 0.054861602535161064)	(54, 0.05528854107629071)	(55, 0.059878130393434544)	(56, 0.05656935669967969)	(57, 0.05870404940532798)	(58, 0.05112589030027655)	(59, 0.06233302700493007)	(60, 0.062226292369647655)	(61, 0.06094547674625868)	(62, 0.06030506893456419)	(63, 0.06275996554605973)	(64, 0.056462622064397276)	(65, 0.062226292369647655)	(66, 0.05849058013476315)	(67, 0.0589175186758928)	(68, 0.06265323091077732)	(69, 0.05838384549948074)	(70, 0.061692619193235584)	(71, 0.056462622064397276)	(72, 0.06265323091077732)	(73, 0.056142418158550034)	(74, 0.05411446008818416)	(75, 0.05678282597024451)	(76, 0.06051853820512903)	(77, 0.06308016945190698)	(78, 0.05688956060552694)	(79, 0.05571547961742038)	(80, 0.057423233781939004)	(81, 0.05881078404061039)	(82, 0.057529968417221425)	(83, 0.05710302987609176)	(84, 0.05571547961742038)	(85, 0.06115894601682352)	(86, 0.05678282597024451)	(87, 0.0566760913349621)	(88, 0.059664661122869715)	(89, 0.059664661122869715)	(90, 0.06628220851037941)	(91, 0.07001792074526392)	(92, 0.07236608272147704)	(93, 0.07919709937955156)	(94, 0.08677525848460299)	(95, 0.09019076681364026)	(96, 0.0920052556134413)	(97, 0.10417300403563656)	(98, 0.10748177772939142)	(99, 0.11377912121105388)	(100, 0.1259468696332491)	(101, 0.14601298106634303)	(102, 0.1589278719355152)	(103, 0.17194949743996976)	(104, 0.18571826539140127)	(105, 0.2045035612011062)	(106, 0.22937273122190877)	(107, 0.26598271112377697)	(108, 0.28583535328630605)	(109, 0.3140132970008635)	(110, 0.3623640867837973)	(111, 0.38862080706327123)	(112, 0.438252412469594)	(113, 0.48585605980555086)	(114, 0.5395435813526054)	(115, 0.5904560023823171)	(116, 0.6585526996924975)	(117, 0.6831016658074529)	(118, 0.7996558875358495)	(119, 0.8624158530819092)	(120, 0.9395849943910949)	(121, 1.0245457640758968)	(122, 1.1254099944177787)	(123, 1.1912652643870283)	(124, 1.3100609134563557)	(125, 1.4070826969280703)	(126, 1.5203281449627122)	(127, 1.6249280875394785)	(128, 1.748633529831797)	(129, 1.8742601955591989)	(130, 2.009813182367865)	(131, 2.136400459812809)	(132, 2.253701823988182)	(133, 2.4463578406729405)	(134, 2.5493567637204704)	(135, 2.7167166718432965)	(136, 2.895283716670776)	(137, 3.0380946586786464)	(138, 3.1786641733455863)	(139, 3.3402604111631624)	(140, 3.4931044088875796)	(141, 3.674766758138249)	(142, 3.807224440523725)	(143, 4.030940236075666)	(144, 4.168307711684134)	(145, 4.316241916185561)	(146, 4.483708558943668)	(147, 4.637406433750345)	(148, 4.788969615851374)	(149, 4.989523995547031)	(150, 5.145890236235768)																						
ERR031976	(1, 0.0)	(2, 0.0)	(3, 0.0)	(4, 0.0)	(5, 0.0)	(6, 0.0)	(7, 0.0)	(8, 0.0)	(9, 0.0)	(10, 0.0)	(11, 0.0)	(12, 0.0)	(13, 0.0)	(14, 0.0)	(15, 0.0)	(16, 0.0)	(17, 0.0)	(18, 0.0)	(19, 0.0)	(20, 0.0)	(21, 0.0)	(22, 0.0)	(23, 0.0)	(24, 0.0)	(25, 0.0)	(26, 0.0)	(27, 0.0)	(28, 0.0)	(29, 0.0)	(30, 0.0)	(31, 0.0)	(32, 0.059614216281895505)	(33, 0.0531591737545565)	(34, 0.05012150668286756)	(35, 0.050754353989469425)	(36, 0.04607128392061564)	(37, 0.04594471445929526)	(38, 0.04404617253948967)	(39, 0.04176792223572297)	(40, 0.04164135277440259)	(41, 0.04404617253948967)	(42, 0.04505872823005265)	(43, 0.04176792223572297)	(44, 0.04189449169704334)	(45, 0.04467901984609154)	(46, 0.04771668691778048)	(47, 0.04316018631024706)	(48, 0.044932158768732286)	(49, 0.04240076954232483)	(50, 0.04240076954232483)	(51, 0.04100850546780073)	(52, 0.04708383961117862)	(53, 0.04417274200081005)	(54, 0.04455245038477117)	(55, 0.0425273390036452)	(56, 0.04974179829890644)	(57, 0.04467901984609154)	(58, 0.052020048602673154)	(59, 0.04607128392061564)	(60, 0.04746354799513973)	(61, 0.05062778452814905)	(62, 0.04822296476306197)	(63, 0.04607128392061564)	(64, 0.048476103685702716)	(65, 0.04834953422438234)	(66, 0.04733697853381936)	(67, 0.04607128392061564)	(68, 0.051893479141352776)	(69, 0.052146618063993525)	(70, 0.04834953422438234)	(71, 0.051640340218712034)	(72, 0.04341332523288781)	(73, 0.04872924260834346)	(74, 0.04860267314702309)	(75, 0.04556500607533414)	(76, 0.0453118671526934)	(77, 0.04733697853381936)	(78, 0.04910895099230457)	(79, 0.04581814499797489)	(80, 0.04164135277440259)	(81, 0.04733697853381936)	(82, 0.04645099230457675)	(83, 0.050374645605508306)	(84, 0.04607128392061564)	(85, 0.04771668691778048)	(86, 0.04936208991494532)	(87, 0.050754353989469425)	(88, 0.05062778452814905)	(89, 0.054931146213041716)	(90, 0.055184285135682465)	(91, 0.06948663426488456)	(92, 0.07239773187525314)	(93, 0.07682766302146618)	(94, 0.08075131632239774)	(95, 0.0873329283110571)	(96, 0.09188942891859052)	(97, 0.09302855407047388)	(98, 0.09923045767517213)	(99, 0.11239368165249089)	(100, 0.13137910085054677)	(101, 0.138593560145808)	(102, 0.14998481166464156)	(103, 0.17048906439854192)	(104, 0.18466484406642364)	(105, 0.2103584447144593)	(106, 0.22985014175779667)	(107, 0.26111279870392873)	(108, 0.2914894694208181)	(109, 0.3123734305386796)	(110, 0.35097711624139327)	(111, 0.39717496962332927)	(112, 0.43590522478736327)	(113, 0.4945068853786958)	(114, 0.550956865127582)	(115, 0.5999392466585662)	(116, 0.6541109761036856)	(117, 0.7246101660591333)	(118, 0.7953624949372216)	(119, 0.8547235722964763)	(120, 0.9553462940461724)	(121, 1.051285945727015)	(122, 1.1207725799918995)	(123, 1.243924665856622)	(124, 1.3537869582827056)	(125, 1.4458029566626165)	(126, 1.5698410287565818)	(127, 1.6640087079789387)	(128, 1.760201498582422)	(129, 1.878037667071689)	(130, 2.046754759011746)	(131, 2.1663628999594975)	(132, 2.2848319157553667)	(133, 2.461269744835966)	(134, 2.5935348319157554)	(135, 2.7301032806804373)	(136, 2.906414540299717)	(137, 3.076777035236938)	(138, 3.2018276630214664)	(139, 3.3580143782908056)	(140, 3.5182513163223974)	(141, 3.6693752531389228)	(142, 3.857330903199676)	(143, 4.0016200891049)	(144, 4.1302146618063995)	(145, 4.333232077764277)	(146, 4.488785945727015)	(147, 4.654212231672742)	(148, 4.832548602673147)	(149, 4.983545970028351)	(150, 5.15606014580802)																						
ERR031982	(1, 0.0)	(2, 0.0)	(3, 0.0)	(4, 0.0)	(5, 0.0)	(6, 0.0)	(7, 0.0)	(8, 0.0)	(9, 0.0)	(10, 0.0)	(11, 0.0)	(12, 0.0)	(13, 0.0)	(14, 0.0)	(15, 0.0)	(16, 0.0)	(17, 0.0)	(18, 0.0)	(19, 0.0)	(20, 0.0)	(21, 0.0)	(22, 0.0)	(23, 0.0)	(24, 0.0)	(25, 0.0)	(26, 0.0)	(27, 0.0)	(28, 0.0)	(29, 0.0)	(30, 0.0)	(31, 0.0)	(32, 0.06055752416267155)	(33, 0.05386547892005748)	(34, 0.046844316698298465)	(35, 0.04717343367744342)	(36, 0.04092021107368929)	(37, 0.034557282810220184)	(38, 0.03927462617796452)	(39, 0.03598345638651498)	(40, 0.030936996039625686)	(41, 0.030498173400765747)	(42, 0.032363169615920485)	(43, 0.03137581867848562)	(44, 0.0322534639562055)	(45, 0.02983993944247584)	(46, 0.0322534639562055)	(47, 0.029730233782760854)	(48, 0.03104670169934067)	(49, 0.03115640735905565)	(50, 0.03269228659506544)	(51, 0.03258258093535046)	(52, 0.03148552433820061)	(53, 0.030498173400765747)	(54, 0.03214375829649052)	(55, 0.03192434697706055)	(56, 0.03192434697706055)	(57, 0.03346022621307033)	(58, 0.03291169791449541)	(59, 0.03521551676851009)	(60, 0.0336796375325003)	(61, 0.03115640735905565)	(62, 0.034557282810220184)	(63, 0.035434928087940055)	(64, 0.03477669412965015)	(65, 0.03565433940737003)	(66, 0.03598345638651498)	(67, 0.03740962996280978)	(68, 0.04245609030969908)	(69, 0.03916492051824954)	(70, 0.038287275240529654)	(71, 0.037080512983664826)	(72, 0.036531984685089905)	(73, 0.033569931872785314)	(74, 0.036751396004519876)	(75, 0.03620286770594495)	(76, 0.037958158261384704)	(77, 0.03642227902537492)	(78, 0.03817756958081467)	(79, 0.03686110166423486)	(80, 0.04245609030969908)	(81, 0.042126973330554124)	(82, 0.0401522714556844)	(83, 0.045198731802573694)	(84, 0.04048138843482935)	(85, 0.041249328052834246)	(86, 0.039603743157109475)	(87, 0.04190756201112415)	(88, 0.04936754687174311)	(89, 0.050245192149463)	(90, 0.05441400721863241)	(91, 0.07218632409245992)	(92, 0.07679396180048928)	(93, 0.08951981832742752)	(94, 0.08480247495968317)	(95, 0.09193334284115717)	(96, 0.09873509374348623)	(97, 0.10740184086097003)	(98, 0.12012769738790824)	(99, 0.13504766710914617)	(100, 0.15556262547584832)	(101, 0.15951202922558774)	(102, 0.18946167432777858)	(103, 0.2128289798470703)	(104, 0.23246629293605256)	(105, 0.25704036071220915)	(106, 0.28501530393953023)	(107, 0.30860202077825194)	(108, 0.3491931148727963)	(109, 0.3966956655293847)	(110, 0.42752295590929534)	(111, 0.48182725746821276)	(112, 0.5211018836461773)	(113, 0.5828661700657137)	(114, 0.6576854299913333)	(115, 0.7009094599190372)	(116, 0.773644312310072)	(117, 0.8422103496319375)	(118, 0.9342533981328097)	(119, 0.9841694733031278)	(120, 1.0864151481574935)	(121, 1.1870152381161343)	(122, 1.2660033131109234)	(123, 1.3299617127247594)	(124, 1.454587342160982)	(125, 1.582833258367799)	(126, 1.655897227737979)	(127, 1.7725143440150077)	(128, 1.9198490450122323)	(129, 2.0031156407359054)	(130, 2.1050321986111262)	(131, 2.2552192467609404)	(132, 2.378418702620868)	(133, 2.4982172830296316)	(134, 2.645771395346286)	(135, 2.7826840586705868)	(136, 2.912246442793984)	(137, 3.016795936502364)	(138, 3.171042094061632)	(139, 3.3217776705100217)	(140, 3.420951586892368)	(141, 3.5698221671256016)	(142, 3.7167180454839666)	(143, 3.8677827389115)	(144, 4.017750375741884)	(145, 4.105405197854157)	(146, 4.243414917775608)	(147, 4.343685890755104)	(148, 4.499577633210097)	(149, 4.606650357091922)	(150, 4.722938356389806)																						
ERR034521	(1, 0.0)	(2, 0.0)	(3, 0.0)	(4, 0.0)	(5, 0.0)	(6, 0.0)	(7, 0.0)	(8, 0.0)	(9, 0.0)	(10, 0.0)	(11, 0.0)	(12, 0.0)	(13, 0.0)	(14, 0.0)	(15, 0.0)	(16, 0.0)	(17, 0.0)	(18, 0.0)	(19, 0.0)	(20, 0.0)	(21, 0.0)	(22, 0.0)	(23, 0.0)	(24, 0.0)	(25, 0.0)	(26, 0.0)	(27, 0.0)	(28, 0.0)	(29, 0.0)	(30, 0.0)	(31, 0.0)	(32, 0.03180329702526484)	(33, 0.029132153968024748)	(34, 0.028213948542098466)	(35, 0.021619564119536992)	(36, 0.024958492941087103)	(37, 0.02245429632492452)	(38, 0.019699680047145677)	(39, 0.017445903092599347)	(40, 0.015359072579130526)	(41, 0.017612849533676853)	(42, 0.017445903092599347)	(43, 0.015359072579130526)	(44, 0.014106974271049233)	(45, 0.0131052956245842)	(46, 0.01285487596296794)	(47, 0.012020143757580412)	(48, 0.012687929521890436)	(49, 0.01110193833165413)	(50, 0.011018465111115377)	(51, 0.008931634597646556)	(52, 0.008931634597646556)	(53, 0.010684572228960366)	(54, 0.00993331324411159)	(55, 0.009515947141417826)	(56, 0.012103616978119165)	(57, 0.011602777654886648)	(58, 0.010016786464650344)	(59, 0.010934991890576624)	(60, 0.012103616978119165)	(61, 0.010684572228960366)	(62, 0.011769724095964154)	(63, 0.012354036639735425)	(64, 0.010934991890576624)	(65, 0.012103616978119165)	(66, 0.010684572228960366)	(67, 0.013773081388894222)	(68, 0.01193667053704166)	(69, 0.0131052956245842)	(70, 0.01494170647643676)	(71, 0.012687929521890436)	(72, 0.013021822404045445)	(73, 0.012771402742429189)	(74, 0.01694506376936683)	(75, 0.012771402742429189)	(76, 0.010851518670037872)	(77, 0.014524340373742997)	(78, 0.014691286814820504)	(79, 0.013188768845122953)	(80, 0.015442545799669279)	(81, 0.014691286814820504)	(82, 0.014691286814820504)	(83, 0.0175293763131381)	(84, 0.01719548343098309)	(85, 0.01811368885690937)	(86, 0.019783153267684428)	(87, 0.01719548343098309)	(88, 0.018447581739064384)	(89, 0.023289028530312048)	(90, 0.022287349883847014)	(91, 0.03614390449327999)	(92, 0.03338928821550114)	(93, 0.0423209228131477)	(94, 0.044992065870387794)	(95, 0.046745003501701604)	(96, 0.05275507538049181)	(97, 0.05509232555557689)	(98, 0.06878193372393236)	(99, 0.06978361237039739)	(100, 0.08347322053875286)	(101, 0.09607767684010454)	(102, 0.10993423144953751)	(103, 0.1181146070623353)	(104, 0.14056890338725983)	(105, 0.1620215210657193)	(106, 0.18355761196471754)	(107, 0.2130236588148973)	(108, 0.2392342500640657)	(109, 0.27946834236374457)	(110, 0.31335846990247823)	(111, 0.35225699067353705)	(112, 0.41285854878467165)	(113, 0.4584349271988307)	(114, 0.517784387001884)	(115, 0.5832273919042662)	(116, 0.65927149581507)	(117, 0.7458332255137567)	(118, 0.8137804270323016)	(119, 0.8921617811181906)	(120, 0.990660181353919)	(121, 1.1008448324650728)	(122, 1.1998440720240338)	(123, 1.3274746262277866)	(124, 1.4187943294971825)	(125, 1.533486534517429)	(126, 1.682736652840719)	(127, 1.83056772641485)	(128, 1.9526890480630457)	(129, 2.0919223799216855)	(130, 2.2138767551288034)	(131, 2.3549464978392955)	(132, 2.532577511145762)	(133, 2.647687082268702)	(134, 2.8325802657620396)	(135, 2.9699771867688267)	(136, 3.0843354989069183)	(137, 3.2494455291325712)	(138, 3.3951897721932336)	(139, 3.5252410497926108)	(140, 3.6865947850940204)	(141, 3.8133906070923858)	(142, 3.925745561937547)	(143, 4.060053973784401)	(144, 4.1865993761211495)	(145, 4.3263335473030216)	(146, 4.46431478085358)	(147, 4.538355527471454)	(148, 4.7097260492375135)	(149, 4.763983642587704)	(150, 4.870411998774613)																						
ERR034553	(1, 0.0)	(2, 0.0)	(3, 0.0)	(4, 0.0)	(5, 0.0)	(6, 0.0)	(7, 0.0)	(8, 0.0)	(9, 0.0)	(10, 0.0)	(11, 0.0)	(12, 0.0)	(13, 0.0)	(14, 0.0)	(15, 0.0)	(16, 0.0)	(17, 0.0)	(18, 0.0)	(19, 0.0)	(20, 0.0)	(21, 0.0)	(22, 0.0)	(23, 0.0)	(24, 0.0)	(25, 0.0)	(26, 0.0)	(27, 0.0)	(28, 0.0)	(29, 0.0)	(30, 0.0)	(31, 0.0)	(32, 0.03895878615418011)	(33, 0.03545154749796438)	(34, 0.032987001415218195)	(35, 0.029005811589243584)	(36, 0.028911021355291805)	(37, 0.02293923661632989)	(38, 0.024171509657702987)	(39, 0.02227570497866746)	(40, 0.022086124510763906)	(41, 0.02161217334100502)	(42, 0.020000739363824824)	(43, 0.01876846632245173)	(44, 0.01696745187736798)	(45, 0.016493500707609098)	(46, 0.017630983515030414)	(47, 0.016493500707609098)	(48, 0.016019549537850217)	(49, 0.013270632753248699)	(50, 0.012417520647682711)	(51, 0.012227940179779158)	(52, 0.013460213221152251)	(53, 0.013081052285345146)	(54, 0.012796681583489818)	(55, 0.01459769602857357)	(56, 0.013175842519296922)	(57, 0.013270632753248699)	(58, 0.013365422987200474)	(59, 0.012133149945827383)	(60, 0.013365422987200474)	(61, 0.012796681583489818)	(62, 0.014218535092766464)	(63, 0.013649793689055804)	(64, 0.01668308117551265)	(65, 0.014882066730428897)	(66, 0.013649793689055804)	(67, 0.01696745187736798)	(68, 0.014028954624862911)	(69, 0.01696745187736798)	(70, 0.017441403047126863)	(71, 0.016777871409464424)	(72, 0.016303920239705543)	(73, 0.018104934684789294)	(74, 0.016588290941560873)	(75, 0.01981115889592127)	(76, 0.01801014445083752)	(77, 0.017346612813175084)	(78, 0.019147627258258835)	(79, 0.016872661643416203)	(80, 0.014408115560670016)	(81, 0.02094864170334259)	(82, 0.01857888585454818)	(83, 0.02094864170334259)	(84, 0.020000739363824824)	(85, 0.02246528544657101)	(86, 0.02227570497866746)	(87, 0.02094864170334259)	(88, 0.025024621763268973)	(89, 0.02407671942375121)	(90, 0.023602768253992327)	(91, 0.03810567404861412)	(92, 0.03620986936957859)	(93, 0.03971710802579432)	(94, 0.04142333223692629)	(95, 0.04161291270482985)	(96, 0.04635242440241867)	(97, 0.04616284393451511)	(98, 0.056874140371065855)	(99, 0.06132928136679934)	(100, 0.06654274423414705)	(101, 0.069955192656411)	(102, 0.08692264453377897)	(103, 0.09308400974064444)	(104, 0.10711296436550735)	(105, 0.11877216314157585)	(106, 0.14019475601467732)	(107, 0.15725699812599708)	(108, 0.18076497614603762)	(109, 0.21090827054270253)	(110, 0.23536415090226084)	(111, 0.26512828436311864)	(112, 0.29877881741599926)	(113, 0.3414344226942987)	(114, 0.39442216347334164)	(115, 0.4356559152423644)	(116, 0.4853259978330952)	(117, 0.5578405268062042)	(118, 0.6237197394026889)	(119, 0.7058080820049272)	(120, 0.7837256543132874)	(121, 0.8913125698485536)	(122, 0.9859132233324266)	(123, 1.0792816037749262)	(124, 1.2120827215413652)	(125, 1.3432724053306235)	(126, 1.4553144618616234)	(127, 1.5837552288662804)	(128, 1.7385476809095313)	(129, 1.866704077212333)	(130, 2.0186528222370304)	(131, 2.1711703086654386)	(132, 2.3512717531738137)	(133, 2.5383876749946204)	(134, 2.7156454124844425)	(135, 2.8564089099028305)	(136, 3.0603027031331016)	(137, 3.283438913855583)	(138, 3.44922703303724)	(139, 3.6266743509949655)	(140, 3.8168235603022294)	(141, 3.983180420887597)	(142, 4.191339774645698)	(143, 4.406039654546472)	(144, 4.5456656691574375)	(145, 4.6999841700309295)	(146, 4.876009634479379)	(147, 5.080566959347312)	(148, 5.3043667017074565)	(149, 5.407403686013038)	(150, 5.593287334792471)																						
ERR034626	(1, 0.0)	(2, 0.0)	(3, 0.0)	(4, 0.0)	(5, 0.0)	(6, 0.0)	(7, 0.0)	(8, 0.0)	(9, 0.0)	(10, 0.0)	(11, 0.0)	(12, 0.0)	(13, 0.0)	(14, 0.0)	(15, 0.0)	(16, 0.0)	(17, 0.0)	(18, 0.0)	(19, 0.0)	(20, 0.0)	(21, 0.0)	(22, 0.0)	(23, 0.0)	(24, 0.0)	(25, 0.0)	(26, 0.0)	(27, 0.0)	(28, 0.0)	(29, 0.0)	(30, 0.0)	(31, 0.0)	(32, 0.08452316245926486)	(33, 0.08188929620699316)	(34, 0.06417055960080165)	(35, 0.07446658222331834)	(36, 0.06417055960080165)	(37, 0.06776219539935399)	(38, 0.05579007607084621)	(39, 0.05507174891113575)	(40, 0.05195899788572372)	(41, 0.050282901179732636)	(42, 0.04333907196919813)	(43, 0.0397474361706458)	(44, 0.036395242758663626)	(45, 0.03016974070783958)	(46, 0.036395242758663626)	(47, 0.037831897078084556)	(48, 0.03016974070783958)	(49, 0.030409183094409736)	(50, 0.02346535388387523)	(51, 0.029690855934699275)	(52, 0.026817547295857405)	(53, 0.024423123430155853)	(54, 0.023944238657015542)	(55, 0.029451413548129118)	(56, 0.031127510254120205)	(57, 0.026817547295857405)	(58, 0.028014759228708185)	(59, 0.025380892976436472)	(60, 0.027296432068997716)	(61, 0.029690855934699275)	(62, 0.031127510254120205)	(63, 0.024423123430155853)	(64, 0.031606395027260516)	(65, 0.031845837413830666)	(66, 0.02873308638841865)	(67, 0.03519803082581285)	(68, 0.028014759228708185)	(69, 0.03136695264069036)	(70, 0.02873308638841865)	(71, 0.0375924546915144)	(72, 0.03256416457354114)	(73, 0.03447970366610238)	(74, 0.03208527980040082)	(75, 0.03519803082581285)	(76, 0.030409183094409736)	(77, 0.036634685145233783)	(78, 0.028254201615278342)	(79, 0.035437473212383)	(80, 0.02993029832126943)	(81, 0.03256416457354114)	(82, 0.03136695264069036)	(83, 0.03735301230494424)	(84, 0.03208527980040082)	(85, 0.031606395027260516)	(86, 0.04381795674233844)	(87, 0.043099629582627974)	(88, 0.03998687855721596)	(89, 0.041662975263207044)	(90, 0.047888477314031085)	(91, 0.05938171186939855)	(92, 0.0699171768784854)	(93, 0.06584665630679273)	(94, 0.06321279005452103)	(95, 0.06943829210534508)	(96, 0.0660860986933629)	(97, 0.0703960616516257)	(98, 0.07446658222331834)	(99, 0.0773398908621602)	(100, 0.07877654518158114)	(101, 0.0773398908621602)	(102, 0.10008691758632497)	(103, 0.09888970565347419)	(104, 0.10272078383859667)	(105, 0.09697416656091294)	(106, 0.1084674011162804)	(107, 0.13504550602556764)	(108, 0.13839769943754981)	(109, 0.14845427967349636)	(110, 0.17120130639766112)	(111, 0.19514554505467668)	(112, 0.1999343927860798)	(113, 0.23417465406561203)	(114, 0.26194997090775)	(115, 0.28134480421993263)	(116, 0.32061335561743814)	(117, 0.34958588439242694)	(118, 0.3905305324959235)	(119, 0.4388978945830949)	(120, 0.516237785445255)	(121, 0.5801689026594866)	(122, 0.6292545919063685)	(123, 0.713298869592493)	(124, 0.8282312151461677)	(125, 0.9278392479593522)	(126, 1.0128412951917574)	(127, 1.1131676551646525)	(128, 1.2321705212900198)	(129, 1.4107945416713559)	(130, 1.5211774818801973)	(131, 1.7019564837406649)	(132, 1.9435538517899518)	(133, 2.073331625310976)	(134, 2.2809281744673005)	(135, 2.5380892976436478)	(136, 2.6597260300212864)	(137, 3.001170873270328)	(138, 3.2058941137878114)	(139, 3.522915833606697)	(140, 3.796837923842954)	(141, 4.091591501710816)	(142, 4.387302849124958)	(143, 4.707437319969256)	(144, 5.046966624125735)	(145, 5.3922425455599)	(146, 5.733926831195512)	(147, 6.109372493337515)	(148, 6.468057188419609)	(149, 6.845418389654173)	(150, 7.217751300770765)																						
ERR047840	(1, 0.0)	(2, 0.0)	(3, 0.0)	(4, 0.0)	(5, 0.0)	(6, 0.0)	(7, 0.0)	(8, 0.0)	(9, 0.0)	(10, 0.0)	(11, 0.0)	(12, 0.0)	(13, 0.0)	(14, 0.0)	(15, 0.0)	(16, 0.0)	(17, 0.0)	(18, 0.0)	(19, 0.0)	(20, 0.0)	(21, 0.0)	(22, 0.0)	(23, 0.0)	(24, 0.0)	(25, 0.0)	(26, 0.0)	(27, 0.0)	(28, 0.0)	(29, 0.0)	(30, 0.0)	(31, 0.0)	(32, 0.024852859773387106)	(33, 0.024601820785777134)	(34, 0.02083623597162757)	(35, 0.021589352934457486)	(36, 0.01882792407074781)	(37, 0.016129254953940624)	(38, 0.015376137991110709)	(39, 0.016631332929160563)	(40, 0.016129254953940624)	(41, 0.015501657484915695)	(42, 0.014371982040670825)	(43, 0.012802988368108508)	(44, 0.013116787102620972)	(45, 0.014058183306158364)	(46, 0.011987111658376104)	(47, 0.014246462546865842)	(48, 0.013242306596425958)	(49, 0.012489189633596045)	(50, 0.013242306596425958)	(51, 0.013618865077840913)	(52, 0.012426429886693553)	(53, 0.013430585837133436)	(54, 0.012865748115011002)	(55, 0.013932663812353377)	(56, 0.014623021028280798)	(57, 0.022656268631799863)	(58, 0.014685780775183288)	(59, 0.015062339256598247)	(60, 0.015062339256598247)	(61, 0.01700789141057552)	(62, 0.014371982040670825)	(63, 0.0163175341946481)	(64, 0.015501657484915695)	(65, 0.01562717697872068)	(66, 0.017321690145087984)	(67, 0.019078963058357778)	(68, 0.016694092676063057)	(69, 0.019894839768090183)	(70, 0.019392761792870243)	(71, 0.01694513166367303)	(72, 0.01681961216986804)	(73, 0.017635488879600446)	(74, 0.01769824862650294)	(75, 0.018325846095527867)	(76, 0.019078963058357778)	(77, 0.01914172280526027)	(78, 0.01914172280526027)	(79, 0.020647956730920094)	(80, 0.018639644830040332)	(81, 0.02140107369375001)	(82, 0.023534905088434758)	(83, 0.023974223316752207)	(84, 0.02359766483533725)	(85, 0.0266101326866569)	(86, 0.02962260053797655)	(87, 0.030187438260098984)	(88, 0.03614961421583579)	(89, 0.03809516636981306)	(90, 0.04267662789369503)	(91, 0.052278869169776414)	(92, 0.05692309044056087)	(93, 0.06884744235203448)	(94, 0.07361718311662392)	(95, 0.08139939173253302)	(96, 0.09144095123693186)	(97, 0.10236114719796559)	(98, 0.11277926518377937)	(99, 0.12595881203330284)	(100, 0.14553985306688055)	(101, 0.1607277118172838)	(102, 0.18959719539243042)	(103, 0.21175138604901034)	(104, 0.2303910308790507)	(105, 0.2690510349709862)	(106, 0.296539804114278)	(107, 0.33375633402745614)	(108, 0.382269618383083)	(109, 0.42569936323960794)	(110, 0.46661871822003315)	(111, 0.5166382365013198)	(112, 0.5726826904852458)	(113, 0.6403376976461329)	(114, 0.6976373465681087)	(115, 0.7762753094369321)	(116, 0.8442441153323316)	(117, 0.9285932151692818)	(118, 0.9929219557443368)	(119, 1.0826683938149013)	(120, 1.1795694430323502)	(121, 1.263353705147178)	(122, 1.3765095288123723)	(123, 1.4857114884227096)	(124, 1.5605838664773835)	(125, 1.6867309577513936)	(126, 1.7829416497529147)	(127, 1.8959719539243043)	(128, 1.9953206332709499)	(129, 2.1274299005006974)	(130, 2.244476828473846)	(131, 2.3583857691018704)	(132, 2.4820852302466836)	(133, 2.611056510131306)	(134, 2.719066034550496)	(135, 2.814962927817505)	(136, 2.949896383657864)	(137, 3.087214709880518)	(138, 3.193153162651926)	(139, 3.2945101538994512)	(140, 3.4333347140477652)	(141, 3.5656322605182202)	(142, 3.6615291537852284)	(143, 3.7805216339123544)	(144, 3.8504359919617315)	(145, 4.012732697451578)	(146, 4.103859849953998)	(147, 4.230446259456325)	(148, 4.300172338264995)	(149, 4.4016548490063245)	(150, 4.511672685326395)																						
ERR050746	(1, 0.0)	(2, 0.0)	(3, 0.0)	(4, 0.0)	(5, 0.0)	(6, 0.0)	(7, 0.0)	(8, 0.0)	(9, 0.0)	(10, 0.0)	(11, 0.0)	(12, 0.0)	(13, 0.0)	(14, 0.0)	(15, 0.0)	(16, 0.0)	(17, 0.0)	(18, 0.0)	(19, 0.0)	(20, 0.0)	(21, 0.0)	(22, 0.0)	(23, 0.0)	(24, 0.0)	(25, 0.0)	(26, 0.0)	(27, 0.0)	(28, 0.0)	(29, 0.0)	(30, 0.0)	(31, 0.0)	(32, 0.019277997099918696)	(33, 0.016810040949446013)	(34, 0.015739041110561642)	(35, 0.015226823796312593)	(36, 0.013690171853565452)	(37, 0.01294512848738502)	(38, 0.012805432856226187)	(39, 0.01182756343811437)	(40, 0.011734433017341816)	(41, 0.010430607126526058)	(42, 0.010430607126526058)	(43, 0.0113619113342516)	(44, 0.010709998388843721)	(45, 0.009825259391504457)	(46, 0.009173346446096579)	(47, 0.008800824763006362)	(48, 0.009033650814937746)	(49, 0.00945273770841424)	(50, 0.015878736741720474)	(51, 0.015692475900175362)	(52, 0.03315442979502926)	(53, 0.01620469321442441)	(54, 0.012013824279659479)	(55, 0.012432911173135972)	(56, 0.015971867162493027)	(57, 0.03785751604404324)	(58, 0.011920693858886923)	(59, 0.014621476061290993)	(60, 0.016018432372879306)	(61, 0.013177954539316403)	(62, 0.016251258424810688)	(63, 0.03571551636627449)	(64, 0.01923143188953242)	(65, 0.011594737386182984)	(66, 0.01024434628498095)	(67, 0.02286351829966203)	(68, 0.03827660293751973)	(69, 0.026495604709791638)	(70, 0.019464257941463805)	(71, 0.017415388684467615)	(72, 0.01736882347408134)	(73, 0.021932214091936488)	(74, 0.015645910689789086)	(75, 0.014900867323608654)	(76, 0.018300127681806878)	(77, 0.017275693053308786)	(78, 0.020628388201120732)	(79, 0.023981083348932678)	(80, 0.024167344190477787)	(81, 0.026588735130564194)	(82, 0.026728430761723026)	(83, 0.029848299857603587)	(84, 0.03194373432498605)	(85, 0.03534299468318428)	(86, 0.035901777207819605)	(87, 0.04027890698412964)	(88, 0.04563390617855151)	(89, 0.05056981847949687)	(90, 0.05634390456739523)	(91, 0.07212951088834314)	(92, 0.07641351024388063)	(93, 0.08535403063804584)	(94, 0.09205942093366973)	(95, 0.10905572272466085)	(96, 0.11920693858886923)	(97, 0.1377398923226075)	(98, 0.15035906433728857)	(99, 0.17131340901111325)	(100, 0.18775092827746906)	(101, 0.21978779302322765)	(102, 0.2386001380192836)	(103, 0.2676102640899342)	(104, 0.30253417187964193)	(105, 0.3446291220688364)	(106, 0.3911943324551134)	(107, 0.4222998929931466)	(108, 0.47543079804388866)	(109, 0.5178051394954007)	(110, 0.5711688705980742)	(111, 0.6463251201615253)	(112, 0.683391027629002)	(113, 0.7505846262163998)	(114, 0.830304266397706)	(115, 0.8865084753339424)	(116, 0.9832709825166261)	(117, 1.0586600581320085)	(118, 1.1386590895756326)	(119, 1.205992383794189)	(120, 1.31705041056546)	(121, 1.3950005727520878)	(122, 1.4878981674727105)	(123, 1.577908719149384)	(124, 1.6890598763414273)	(125, 1.7917827304535543)	(126, 1.8758329352007843)	(127, 1.9786489197336843)	(128, 2.0854229471494174)	(129, 2.1800434546543324)	(130, 2.3133130867798575)	(131, 2.4131488978480355)	(132, 2.5069777967763835)	(133, 2.60858308583924)	(134, 2.7257877203814997)	(135, 2.8138890984323357)	(136, 2.937426601587129)	(137, 2.996750679619246)	(138, 3.0819650146261326)	(139, 3.175747348344095)	(140, 3.29537337382644)	(141, 3.381938099934529)	(142, 3.4694341302503435)	(143, 3.538723163305124)	(144, 3.6288268454025703)	(145, 3.7087327464254214)	(146, 3.8142495131607252)	(147, 3.8650055924817677)	(148, 3.9337824082222985)	(149, 3.993758399199823)	(150, 4.076644473687397)																						
ERR250439	(1, 0.0)	(2, 0.0)	(3, 0.0)	(4, 0.0)	(5, 0.0)	(6, 0.0)	(7, 0.0)	(8, 0.0)	(9, 0.0)	(10, 0.0)	(11, 0.0)	(12, 0.0)	(13, 0.0)	(14, 0.0)	(15, 0.0)	(16, 0.0)	(17, 0.0)	(18, 0.0)	(19, 0.0)	(20, 0.0)	(21, 0.0)	(22, 0.0)	(23, 0.0)	(24, 0.0)	(25, 0.0)	(26, 0.0)	(27, 0.0)	(28, 0.0)	(29, 0.0)	(30, 0.0)	(31, 0.0)	(32, 0.017985700379972627)	(33, 0.018380990498213783)	(34, 0.015712782200085977)	(35, 0.01521866955228453)	(36, 0.014329266786241928)	(37, 0.014576323110142649)	(38, 0.012303404930256)	(39, 0.010722244457291374)	(40, 0.009882252956028915)	(41, 0.010228131809489928)	(42, 0.008498737542184867)	(43, 0.007609334776142265)	(44, 0.007757568570482699)	(45, 0.00765874604092241)	(46, 0.00810344742394371)	(47, 0.007164633393120964)	(48, 0.006176408097518071)	(49, 0.007065810863560675)	(50, 0.006818754539659952)	(51, 0.006719932010099663)	(52, 0.006917577069220241)	(53, 0.006571698215759229)	(54, 0.006275230627078361)	(55, 0.005929351773617349)	(56, 0.006423464421418794)	(57, 0.007905802364823132)	(58, 0.007214044657901109)	(59, 0.005781117979276915)	(60, 0.006077585567957783)	(61, 0.006966988334000386)	(62, 0.007065810863560675)	(63, 0.007461100981801832)	(64, 0.007806979835262844)	(65, 0.007411689717021687)	(66, 0.007016399598780531)	(67, 0.013439864020199326)	(68, 0.007856391100042989)	(69, 0.007856391100042989)	(70, 0.006719932010099663)	(71, 0.009635196632128192)	(72, 0.006423464421418794)	(73, 0.006522286950979083)	(74, 0.006621109480539374)	(75, 0.00765874604092241)	(76, 0.006769343274879808)	(77, 0.008152858688723855)	(78, 0.007609334776142265)	(79, 0.007312867187461398)	(80, 0.007065810863560675)	(81, 0.008943438925206168)	(82, 0.00711522212834082)	(83, 0.007510512246581976)	(84, 0.008844616395645878)	(85, 0.011265768369872963)	(86, 0.01111753457553253)	(87, 0.010326954339050216)	(88, 0.018084522909532913)	(89, 0.025446801361774456)	(90, 0.0460018875103146)	(91, 0.05672413196760597)	(92, 0.06304877385946449)	(93, 0.07278279302115297)	(94, 0.08009566020861436)	(95, 0.08805087383821764)	(96, 0.09916840841375017)	(97, 0.11359649772955238)	(98, 0.12323169436168058)	(99, 0.14625734374922797)	(100, 0.1582642810908031)	(101, 0.17906642356324395)	(102, 0.20070855753694725)	(103, 0.21740956503263614)	(104, 0.24414105927869434)	(105, 0.26385615392597206)	(106, 0.27981599244995875)	(107, 0.307239244402939)	(108, 0.33802246236096906)	(109, 0.36905273664289984)	(110, 0.39598187594807865)	(111, 0.4242945306671015)	(112, 0.46184709190001133)	(113, 0.5009808136058859)	(114, 0.5238088179343127)	(115, 0.5655613366735348)	(116, 0.5917987182717915)	(117, 0.6392829437255105)	(118, 0.6716967334212853)	(119, 0.7125598493944649)	(120, 0.7582158580513185)	(121, 0.7909755266005544)	(122, 0.8353962536379043)	(123, 0.882386366443822)	(124, 0.9185554122628876)	(125, 0.9594185282360673)	(126, 1.0079403902501691)	(127, 1.0585869366498175)	(128, 1.0919889516411951)	(129, 1.1533083312333545)	(130, 1.2012866693348752)	(131, 1.2295499127891176)	(132, 1.2683377556415312)	(133, 1.3144878769461863)	(134, 1.3481863595262447)	(135, 1.4060469505837943)	(136, 1.43880661913303)	(137, 1.5073894546478708)	(138, 1.527351605619049)	(139, 1.5644100542041577)	(140, 1.618218921549735)	(141, 1.6692607580676242)	(142, 1.7015263139690588)	(143, 1.750888167484423)	(144, 1.7939747903727092)	(145, 1.8198168818527247)	(146, 1.8576164994095354)	(147, 1.8911667481952537)	(148, 1.933067500728816)	(149, 1.9675565635453571)	(150, 2.0234901152764806)	(151, 2.049282795491716)	(152, 2.1016093248938894)	(153, 2.128587875463848)	(154, 2.1589758033036373)	(155, 2.197121299713909)	(156, 2.227262171229797)	(157, 2.269953503999842)	(158, 2.2703982053828633)	(159, 2.3368069452473774)	(160, 2.357609087719818)	(161, 2.391900505477239)	(162, 2.4317753961548156)	(163, 2.439878843578759)	(164, 2.4695256024468457)	(165, 2.4963559192224642)	(166, 2.5441860235296443)	(167, 2.565679923709007)	(168, 2.575710410459376)	(169, 2.6143994307822296)	(170, 2.6153876560778326)		
ERR250457	(1, 0.0)	(2, 0.0)	(3, 0.0)	(4, 0.0)	(5, 0.0)	(6, 0.0)	(7, 0.0)	(8, 0.0)	(9, 0.0)	(10, 0.0)	(11, 0.0)	(12, 0.0)	(13, 0.0)	(14, 0.0)	(15, 0.0)	(16, 0.0)	(17, 0.0)	(18, 0.0)	(19, 0.0)	(20, 0.0)	(21, 0.0)	(22, 0.0)	(23, 0.0)	(24, 0.0)	(25, 0.0)	(26, 0.0)	(27, 0.0)	(28, 0.0)	(29, 0.0)	(30, 0.0)	(31, 0.0)	(32, 0.017179322023381474)	(33, 0.015234493115074136)	(34, 0.013197053306371212)	(35, 0.011437446198855051)	(36, 0.011622667999646227)	(37, 0.011483751649052845)	(38, 0.010326115394108002)	(39, 0.01092808624667932)	(40, 0.008288675585405077)	(41, 0.00782562108342714)	(42, 0.008103453784613903)	(43, 0.006019708525713185)	(44, 0.007408872031646996)	(45, 0.00620493032650436)	(46, 0.005741875824526422)	(47, 0.00694581752966906)	(48, 0.005232515872350692)	(49, 0.004954683171163929)	(50, 0.0044916286691859915)	(51, 0.005741875824526422)	(52, 0.0055103485735374545)	(53, 0.004676850469977167)	(54, 0.003611825115427911)	(55, 0.004676850469977167)	(56, 0.005278821322548485)	(57, 0.0055566540237352476)	(58, 0.005232515872350692)	(59, 0.0055566540237352476)	(60, 0.0055103485735374545)	(61, 0.005278821322548485)	(62, 0.004769461370372754)	(63, 0.0055103485735374545)	(64, 0.004815766820570548)	(65, 0.005325126772746279)	(66, 0.0068069011790756785)	(67, 0.008798035537580809)	(68, 0.006019708525713185)	(69, 0.004676850469977167)	(70, 0.0056955703743286285)	(71, 0.0055566540237352476)	(72, 0.0055103485735374545)	(73, 0.005649264924130835)	(74, 0.005325126772746279)	(75, 0.005232515872350692)	(76, 0.006390152127295535)	(77, 0.00583448672492201)	(78, 0.006390152127295535)	(79, 0.006436457577493329)	(80, 0.00620493032650436)	(81, 0.006251235776702153)	(82, 0.006066013975910979)	(83, 0.007871926533624934)	(84, 0.008149759234811696)	(85, 0.008844340987778603)	(86, 0.009955671792525652)	(87, 0.010465031744701384)	(88, 0.02148572889177629)	(89, 0.018336958278326317)	(90, 0.04477737034126653)	(91, 0.07515374567101923)	(92, 0.09339809304894996)	(93, 0.09955671792525653)	(94, 0.11381879658617698)	(95, 0.1320168385139099)	(96, 0.14516758637008334)	(97, 0.16503262450493686)	(98, 0.18448091358801022)	(99, 0.19689077424101895)	(100, 0.2193026121367511)	(101, 0.24977159836689936)	(102, 0.2760730940792462)	(103, 0.2973736011702313)	(104, 0.3203874099185348)	(105, 0.3485874290889912)	(106, 0.38618745464959975)	(107, 0.41341505936590245)	(108, 0.44467123824941324)	(109, 0.47398258822461664)	(110, 0.5062574870124789)	(111, 0.5519609663577013)	(112, 0.5876161630100024)	(113, 0.6269757956781271)	(114, 0.6591580835655937)	(115, 0.7067137809187279)	(116, 0.7372753780492718)	(117, 0.7903877294261412)	(118, 0.8275710059349696)	(119, 0.8736449288817743)	(120, 0.9013818935502528)	(121, 0.9573651828393854)	(122, 0.9895011652766542)	(123, 1.0387701642871068)	(124, 1.078453935106616)	(125, 1.1037830163648092)	(126, 1.151894379120317)	(127, 1.1957456404576274)	(128, 1.2395505963447404)	(129, 1.279373283514843)	(130, 1.3175752799280227)	(131, 1.3532767820305218)	(132, 1.394997992658734)	(133, 1.4487586203383724)	(134, 1.4520000018522181)	(135, 1.4891832783610464)	(136, 1.5399340517778284)	(137, 1.5676710164463068)	(138, 1.5843872839677104)	(139, 1.6180050408113087)	(140, 1.6460198381809739)	(141, 1.6823233111360443)	(142, 1.724970630768212)	(143, 1.757523362257261)	(144, 1.771229775515808)	(145, 1.777573622192906)	(146, 1.839020954605378)	(147, 1.8298987809164127)	(148, 1.8715273806442292)	(149, 1.8833352704446664)	(150, 1.9385313670804367)	(151, 1.9446436865065455)	(152, 1.983818097373879)	(153, 2.0005343648952825)	(154, 2.0279008859621785)	(155, 2.032438820081562)	(156, 2.06124081010459)	(157, 2.063926526216062)	(158, 2.1026841880316156)	(159, 2.111019169067218)	(160, 2.1253738586285342)	(161, 2.1431551515044873)	(162, 2.1667709311053622)	(163, 2.183440893176568)	(164, 2.1992773571442132)	(165, 2.1962675028813567)	(166, 2.2301630924261415)	(167, 2.231598561382273)	(168, 2.265771983628245)	(169, 2.2560015336365105)	(170, 2.2651700127756738)		
ERR250529	(1, 0.0)	(2, 0.0)	(3, 0.0)	(4, 0.0)	(5, 0.0)	(6, 0.0)	(7, 0.0)	(8, 0.0)	(9, 0.0)	(10, 0.0)	(11, 0.0)	(12, 0.0)	(13, 0.0)	(14, 0.0)	(15, 0.0)	(16, 0.0)	(17, 0.0)	(18, 0.0)	(19, 0.0)	(20, 0.0)	(21, 0.0)	(22, 0.0)	(23, 0.0)	(24, 0.0)	(25, 0.0)	(26, 0.0)	(27, 0.0)	(28, 0.0)	(29, 0.0)	(30, 0.0)	(31, 0.0)	(32, 0.013723169109251091)	(33, 0.012937491488492442)	(34, 0.012727977456290134)	(35, 0.012413706407986676)	(36, 0.010737594150368221)	(37, 0.010109052053761301)	(38, 0.009428131449103804)	(39, 0.00885196786054746)	(40, 0.008642453828345152)	(41, 0.00838056128809227)	(42, 0.007909154715637079)	(43, 0.007332991127080736)	(44, 0.007228234110979583)	(45, 0.007961533223687657)	(46, 0.007699640683434772)	(47, 0.007175855602929006)	(48, 0.006966341570726699)	(49, 0.00665207052242324)	(50, 0.006128285441917472)	(51, 0.005133093788956516)	(52, 0.005709257377512858)	(53, 0.006966341570726699)	(54, 0.00743774814318189)	(55, 0.007385369635131313)	(56, 0.006547313506322087)	(57, 0.006180663949968049)	(58, 0.00649493499827151)	(59, 0.007123477094878429)	(60, 0.007542505159283043)	(61, 0.007175855602929006)	(62, 0.007961533223687657)	(63, 0.007385369635131313)	(64, 0.007961533223687657)	(65, 0.00900910338469919)	(66, 0.00869483233639573)	(67, 0.010370944594014183)	(68, 0.008432939796142847)	(69, 0.00932337443300265)	(70, 0.007699640683434772)	(71, 0.009428131449103804)	(72, 0.009847159513508418)	(73, 0.008956724876648614)	(74, 0.010894729674519951)	(75, 0.012151813867733792)	(76, 0.012780355964340712)	(77, 0.013094627012644173)	(78, 0.015556416891021276)	(79, 0.01665636556008339)	(80, 0.016342094511779925)	(81, 0.02231324442954567)	(82, 0.02357032862275951)	(83, 0.024565520275720464)	(84, 0.024879791324023928)	(85, 0.02985574958882871)	(86, 0.03603641353879676)	(87, 0.042478970029017696)	(88, 0.049078662043390356)	(89, 0.05924009260520224)	(90, 0.06893011659455892)	(91, 0.07217758409369467)	(92, 0.08071528090593867)	(93, 0.09993819336050032)	(94, 0.1085282686807949)	(95, 0.12078483956462983)	(96, 0.1341413591175269)	(97, 0.14927874794414356)	(98, 0.17101582878513288)	(99, 0.19201961051341412)	(100, 0.2008715783739616)	(101, 0.2357032862275951)	(102, 0.2621544327931363)	(103, 0.2835248640777716)	(104, 0.3034286971369907)	(105, 0.33150357745209985)	(106, 0.3691637247404645)	(107, 0.38026796844718674)	(108, 0.4264134340397448)	(109, 0.45558826302391603)	(110, 0.49445311599744396)	(111, 0.5281848751820153)	(112, 0.5584596528352487)	(113, 0.588734430488482)	(114, 0.6287516106391225)	(115, 0.6817062822782556)	(116, 0.7038623911836495)	(117, 0.7307325658135954)	(118, 0.7760399752773441)	(119, 0.8166333190165411)	(120, 0.8620978640044417)	(121, 0.9083480866131008)	(122, 0.9480509957154379)	(123, 0.9906871012686074)	(124, 1.0097004996909666)	(125, 1.0540127175017546)	(126, 1.1001581830943126)	(127, 1.1443656438889995)	(128, 1.1728071737604626)	(129, 1.2329377010025246)	(130, 1.257660356802397)	(131, 1.3026534952178421)	(132, 1.3382708806922343)	(133, 1.3857258089860567)	(134, 1.420871787887994)	(135, 1.4641888140458208)	(136, 1.5025298819388428)	(137, 1.5261002105616024)	(138, 1.5820404571596183)	(139, 1.6024680752993432)	(140, 1.6473040781906367)	(141, 1.6685173739511203)	(142, 1.729800228370295)	(143, 1.7649985857802826)	(144, 1.7962161765784264)	(145, 1.8102536167359808)	(146, 1.8290051226180875)	(147, 1.8833216354665352)	(148, 1.8978828607045959)	(149, 1.933447867670937)	(150, 1.949685205166616)	(151, 1.9943640725337581)	(152, 2.0132203354319653)	(153, 2.031500434741617)	(154, 2.042499921432238)	(155, 2.0644465163054297)	(156, 2.0889596580730996)	(157, 2.1044113179480193)	(158, 2.1451617972113683)	(159, 2.1934024031259494)	(160, 2.1786316638556866)	(161, 2.16988445301124)	(162, 2.217182245780911)	(163, 2.2487141076273582)	(164, 2.258194617584513)	(165, 2.272651085806472)	(166, 2.2802983479818564)	(167, 2.296430928461434)	(168, 2.3050210037817283)	(169, 2.3084256068050157)	(170, 2.355513885542484)		
ERR250603	(1, 0.0)	(2, 0.0)	(3, 0.0)	(4, 0.0)	(5, 0.0)	(6, 0.0)	(7, 0.0)	(8, 0.0)	(9, 0.0)	(10, 0.0)	(11, 0.0)	(12, 0.0)	(13, 0.0)	(14, 0.0)	(15, 0.0)	(16, 0.0)	(17, 0.0)	(18, 0.0)	(19, 0.0)	(20, 0.0)	(21, 0.0)	(22, 0.0)	(23, 0.0)	(24, 0.0)	(25, 0.0)	(26, 0.0)	(27, 0.0)	(28, 0.0)	(29, 0.0)	(30, 0.0)	(31, 0.0)	(32, 0.014856677927164389)	(33, 0.015105951046747685)	(34, 0.013261329961831301)	(35, 0.013759876200997891)	(36, 0.011316999629081599)	(37, 0.010619034894248371)	(38, 0.010220197902915099)	(39, 0.008226012946248739)	(40, 0.009572087791998533)	(41, 0.007777321330998807)	(42, 0.008724559185415329)	(43, 0.00857499531366535)	(44, 0.008674704561498669)	(45, 0.00857499531366535)	(46, 0.0067303742287489685)	(47, 0.0074283389635821945)	(48, 0.0068300834765822865)	(49, 0.0067802288526656275)	(50, 0.0066306649809156504)	(51, 0.0060822641178324005)	(52, 0.0062318279895823775)	(53, 0.0062816826134990365)	(54, 0.0073784843396655355)	(55, 0.0074781935874988536)	(56, 0.0072787750918322175)	(57, 0.008325722194082057)	(58, 0.006580810356998991)	(59, 0.0068799381004989455)	(60, 0.007727466707082148)	(61, 0.007827175954915467)	(62, 0.00862484993758201)	(63, 0.008674704561498669)	(64, 0.00817615832233208)	(65, 0.008475286065832033)	(66, 0.008076449074498762)	(67, 0.009023686928915283)	(68, 0.010120488655081781)	(69, 0.009372669296331897)	(70, 0.008525140689748693)	(71, 0.009821360911581829)	(72, 0.010519325646415055)	(73, 0.009372669296331897)	(74, 0.012014964363914825)	(75, 0.012663074474831391)	(76, 0.012862492970498027)	(77, 0.014009149320581183)	(78, 0.015504788038080955)	(79, 0.01719984525124736)	(80, 0.018047373857830565)	(81, 0.020540105053663518)	(82, 0.024229347223496282)	(83, 0.02756960702591244)	(84, 0.028766117999912258)	(85, 0.034698818245994675)	(86, 0.03579561997216118)	(87, 0.04232657570524351)	(88, 0.04975491466882571)	(89, 0.056036597282324734)	(90, 0.06466144721990676)	(91, 0.07268804167048885)	(92, 0.08500213377790364)	(93, 0.0906357062804861)	(94, 0.10075619493556788)	(95, 0.11536359974314897)	(96, 0.121794846228398)	(97, 0.14233495128206153)	(98, 0.1603324705159754)	(99, 0.18142097643272218)	(100, 0.19737445608605306)	(101, 0.2188617989941331)	(102, 0.24488591267862914)	(103, 0.2607396830841267)	(104, 0.2895556557079556)	(105, 0.3121896549661188)	(106, 0.3438971957771139)	(107, 0.36917349010286005)	(108, 0.4019778326400217)	(109, 0.4289990388028509)	(110, 0.4599587602550961)	(111, 0.4912176094508413)	(112, 0.5338433128995848)	(113, 0.5636065233778302)	(114, 0.6075783016723235)	(115, 0.641728719055235)	(116, 0.6780228852665627)	(117, 0.7084840604796414)	(118, 0.7541508959873011)	(119, 0.7960786347012113)	(120, 0.823598387103207)	(121, 0.8603412449297847)	(122, 0.9224102517060252)	(123, 0.9603994751305195)	(124, 0.9956965488635139)	(125, 1.0248615038547595)	(126, 1.0888249863398332)	(127, 1.1102624746239964)	(128, 1.1567269841143226)	(129, 1.1974083572303162)	(130, 1.2240805810257291)	(131, 1.2739850595663047)	(132, 1.3168101815107147)	(133, 1.3545999864395424)	(134, 1.4010644959298686)	(135, 1.4377076445086128)	(136, 1.4776910528897733)	(137, 1.5206158840820168)	(138, 1.5593529268652608)	(139, 1.5905619214370896)	(140, 1.614591850164919)	(141, 1.6664406590382443)	(142, 1.7138025517590705)	(143, 1.7204830713639028)	(144, 1.765501796760646)	(145, 1.8027930554503069)	(146, 1.8587299434847981)	(147, 1.8617710755437147)	(148, 1.8964200391657926)	(149, 1.915514360125873)	(150, 1.962726688974949)	(151, 2.004554718441026)	(152, 2.012631167515525)	(153, 2.0598933509885176)	(154, 2.0840229889641804)	(155, 2.0962872264476786)	(156, 2.1319831371720066)	(157, 2.160848964419752)	(158, 2.1841310737888318)	(159, 2.2239649182982424)	(160, 2.2570185339549873)	(161, 2.2503878689740717)	(162, 2.2857846519548994)	(163, 2.3012894399929804)	(164, 2.3292080293863098)	(165, 2.3357888397433086)	(166, 2.3524901387553894)	(167, 2.3992039213652987)	(168, 2.388684595718884)	(169, 2.396412062425966)	(170, 2.439785585233459)		
ERR250643	(1, 0.0)	(2, 0.0)	(3, 0.0)	(4, 0.0)	(5, 0.0)	(6, 0.0)	(7, 0.0)	(8, 0.0)	(9, 0.0)	(10, 0.0)	(11, 0.0)	(12, 0.0)	(13, 0.0)	(14, 0.0)	(15, 0.0)	(16, 0.0)	(17, 0.0)	(18, 0.0)	(19, 0.0)	(20, 0.0)	(21, 0.0)	(22, 0.0)	(23, 0.0)	(24, 0.0)	(25, 0.0)	(26, 0.0)	(27, 0.0)	(28, 0.0)	(29, 0.0)	(30, 0.0)	(31, 0.0)	(32, 0.03900160467012763)	(33, 0.0357991268673019)	(34, 0.029966042297869325)	(35, 0.028650738914565897)	(36, 0.027964493671103242)	(37, 0.023847022210327303)	(38, 0.0233895253813522)	(39, 0.02167391227269556)	(40, 0.017842376330029063)	(41, 0.01704175687932263)	(42, 0.018414247366247943)	(43, 0.01446833721633767)	(44, 0.013667717765631235)	(45, 0.014296775905472004)	(46, 0.012009291760596485)	(47, 0.012409601485949702)	(48, 0.010922736791780612)	(49, 0.011608982035243267)	(50, 0.00949305920123341)	(51, 0.011323046517133829)	(52, 0.009950556030208516)	(53, 0.0095502463048553)	(54, 0.009607433408477188)	(55, 0.010007743133830403)	(56, 0.010350865755561732)	(57, 0.012009291760596485)	(58, 0.010007743133830403)	(59, 0.010350865755561732)	(60, 0.009607433408477188)	(61, 0.010465239962805508)	(62, 0.011208672309890052)	(63, 0.011151485206268165)	(64, 0.010007743133830403)	(65, 0.009149936579502083)	(66, 0.0109799238954025)	(67, 0.012924285418546694)	(68, 0.012180853071462149)	(69, 0.010408052859183621)	(70, 0.009893368926586628)	(71, 0.011323046517133829)	(72, 0.010465239962805508)	(73, 0.010522427066427396)	(74, 0.009092749475880195)	(75, 0.00983618182296474)	(76, 0.011608982035243267)	(77, 0.011151485206268165)	(78, 0.011494607827999492)	(79, 0.010808362584536836)	(80, 0.011437420724377603)	(81, 0.0138392790764969)	(82, 0.014525524319959559)	(83, 0.012009291760596485)	(84, 0.014125214594606342)	(85, 0.017499253708297736)	(86, 0.02281765434513332)	(87, 0.03082384885219764)	(88, 0.032539461960854284)	(89, 0.04306188902728168)	(90, 0.05055339960174901)	(91, 0.054842432373390614)	(92, 0.06416393026375836)	(93, 0.07239887318531024)	(94, 0.08166318397205609)	(95, 0.08703877171251356)	(96, 0.09876212795500061)	(97, 0.1126014070314975)	(98, 0.1231810212015468)	(99, 0.14296775905472006)	(100, 0.1509167664581625)	(101, 0.18311310579728543)	(102, 0.20901886373800072)	(103, 0.21536663224003028)	(104, 0.24504673901979018)	(105, 0.26517659949469474)	(106, 0.28170367244142036)	(107, 0.3081241143147327)	(108, 0.3326573817685226)	(109, 0.36205155303017306)	(110, 0.3909882274628484)	(111, 0.41483524967317575)	(112, 0.4429713046551446)	(113, 0.48506101292085424)	(114, 0.5271507211865638)	(115, 0.5559158343083734)	(116, 0.5929730774553569)	(117, 0.6248834812763704)	(118, 0.6691462994797117)	(119, 0.7105497625019587)	(120, 0.7506379221409022)	(121, 0.8027925606440641)	(122, 0.8418513524178136)	(123, 0.8831404412328168)	(124, 0.9232286008717603)	(125, 0.9649751865157384)	(126, 1.0099814370661644)	(127, 1.0629366950200325)	(128, 1.1055982743219612)	(129, 1.1307605999155919)	(130, 1.1804561929630124)	(131, 1.2259199403424135)	(132, 1.2712121264109488)	(133, 1.329886094727006)	(134, 1.3645414795218702)	(135, 1.4017702839797193)	(136, 1.437111914018046)	(137, 1.4817178548431187)	(138, 1.5148291878401918)	(139, 1.5971214299520884)	(140, 1.5956345652579196)	(141, 1.6482467005900565)	(142, 1.7101803338125614)	(143, 1.7360289046496546)	(144, 1.791386020955642)	(145, 1.8159192884094324)	(146, 1.863670519933709)	(147, 1.9073042799972093)	(148, 1.9341250315958747)	(149, 1.9710679005356144)	(150, 1.9976599037197924)	(151, 2.0428949026847056)	(152, 2.076520919614376)	(153, 2.123814654309677)	(154, 2.1701933953470287)	(155, 2.187692649055326)	(156, 2.234357325610787)	(157, 2.2457375592315425)	(158, 2.2644377421159)	(159, 2.322539839395738)	(160, 2.3522771332791197)	(161, 2.346158113191578)	(162, 2.418271050858779)	(163, 2.4274209874382806)	(164, 2.453898616415215)	(165, 2.4832356005732437)	(166, 2.5147456946689037)	(167, 2.529900277128704)	(168, 2.5660997137213593)	(169, 2.6118493966188696)	(170, 2.617854042499168)		
ERR250681	(1, 0.0)	(2, 0.0)	(3, 0.0)	(4, 0.0)	(5, 0.0)	(6, 0.0)	(7, 0.0)	(8, 0.0)	(9, 0.0)	(10, 0.0)	(11, 0.0)	(12, 0.0)	(13, 0.0)	(14, 0.0)	(15, 0.0)	(16, 0.0)	(17, 0.0)	(18, 0.0)	(19, 0.0)	(20, 0.0)	(21, 0.0)	(22, 0.0)	(23, 0.0)	(24, 0.0)	(25, 0.0)	(26, 0.0)	(27, 0.0)	(28, 0.0)	(29, 0.0)	(30, 0.0)	(31, 0.0)	(32, 0.0398178230944369)	(33, 0.036185960013353315)	(34, 0.03610304076492675)	(35, 0.027645277425417038)	(36, 0.027496022778249217)	(37, 0.02424558823992784)	(38, 0.020961986002235835)	(39, 0.019121178687166073)	(40, 0.017694967614229142)	(41, 0.016069750345068454)	(42, 0.014825961618669965)	(43, 0.013847514487236489)	(44, 0.013267079748250529)	(45, 0.013101241251397397)	(46, 0.01316757665013865)	(47, 0.012835899656432387)	(48, 0.01165844632877515)	(49, 0.010762918445768242)	(50, 0.010381489903006037)	(51, 0.01023223525583822)	(52, 0.009801055164020078)	(53, 0.010348322203635412)	(54, 0.010298570654579472)	(55, 0.011376520884124828)	(56, 0.011509191681607333)	(57, 0.011094595439474504)	(58, 0.011326769335068888)	(59, 0.011028260040733252)	(60, 0.010514160700488544)	(61, 0.011426272433180769)	(62, 0.011094595439474504)	(63, 0.011724781727516405)	(64, 0.010995092341362625)	(65, 0.01233838416587299)	(66, 0.013316831297306467)	(67, 0.015704905651991563)	(68, 0.013333415146991781)	(69, 0.01212279411996392)	(70, 0.013598756741956791)	(71, 0.01363192444132742)	(72, 0.01379776293818055)	(73, 0.015937079547585945)	(74, 0.01665018508405441)	(75, 0.01716428442429912)	(76, 0.018325153902271043)	(77, 0.02026546431545268)	(78, 0.023018383363214667)	(79, 0.024278755939298464)	(80, 0.026434656398389177)	(81, 0.029884097132934315)	(82, 0.032106332990766276)	(83, 0.04520757424216367)	(84, 0.047728319394331274)	(85, 0.04960229440877166)	(86, 0.05941993342247705)	(87, 0.06655098878716172)	(88, 0.08155937275237012)	(89, 0.09711502375719386)	(90, 0.11041527120481502)	(91, 0.12660110849768066)	(92, 0.141128560822015)	(93, 0.15418005052435646)	(94, 0.17129458339959963)	(95, 0.19371594817414303)	(96, 0.21336781005123914)	(97, 0.2341307898572512)	(98, 0.25631998073620016)	(99, 0.2826551340364775)	(100, 0.31234022497318803)	(101, 0.34837693033937356)	(102, 0.3817933874552796)	(103, 0.41126288834608105)	(104, 0.4408650600343651)	(105, 0.47131300805660004)	(106, 0.5062054277944988)	(107, 0.5395389656619783)	(108, 0.5703849260766608)	(109, 0.6090252958434405)	(110, 0.6426573430052556)	(111, 0.6857753521870698)	(112, 0.7219281445010525)	(113, 0.7578985144684967)	(114, 0.7965886357843323)	(115, 0.8344827323152729)	(116, 0.8676338478362139)	(117, 0.9098729129847065)	(118, 0.9510008602042832)	(119, 0.9864239631321121)	(120, 1.008347812416096)	(121, 1.060669858173259)	(122, 1.0999404142280806)	(123, 1.1332242005465043)	(124, 1.1644681733536342)	(125, 1.1992776738431066)	(126, 1.2344851867250264)	(127, 1.2666246874151632)	(128, 1.2948338157298809)	(129, 1.3223961739068713)	(130, 1.3598259226466232)	(131, 1.382794554460782)	(132, 1.4073054842956747)	(133, 1.4433587735115456)	(134, 1.4690305728244102)	(135, 1.4936575896071005)	(136, 1.5160457866822732)	(137, 1.5517176473553818)	(138, 1.5722982048148555)	(139, 1.5940727994516717)	(140, 1.615217207800446)	(141, 1.642083044290653)	(142, 1.665947203987819)	(143, 1.678600681297713)	(144, 1.7032111142307176)	(145, 1.725532975907149)	(146, 1.7405081921729868)	(147, 1.7553009860922861)	(148, 1.761536513573964)	(149, 1.7818351455887873)	(150, 1.800359305687282)	(151, 1.8146545841160218)	(152, 1.8334938373585377)	(153, 1.8405253896251104)	(154, 1.86062501544371)	(155, 1.8758489894548276)	(156, 1.8870099202930435)	(157, 1.892996690029441)	(158, 1.9122339556644046)	(159, 1.9250035199220958)	(160, 1.9285524637547526)	(161, 1.9441081147595765)	(162, 1.9632624611461134)	(163, 1.9586521509335961)	(164, 1.9727815908654827)	(165, 1.9801779878251324)	(166, 1.9875909686344677)	(167, 1.9950537009928586)	(168, 2.0027983587958995)	(169, 2.0101450042064934)	(170, 2.029747114534534)		
ERR250992	(1, 0.0)	(2, 0.0)	(3, 0.0)	(4, 0.0)	(5, 0.0)	(6, 0.0)	(7, 0.0)	(8, 0.0)	(9, 0.0)	(10, 0.0)	(11, 0.0)	(12, 0.0)	(13, 0.0)	(14, 0.0)	(15, 0.0)	(16, 0.0)	(17, 0.0)	(18, 0.0)	(19, 0.0)	(20, 0.0)	(21, 0.0)	(22, 0.0)	(23, 0.0)	(24, 0.0)	(25, 0.0)	(26, 0.0)	(27, 0.0)	(28, 0.0)	(29, 0.0)	(30, 0.0)	(31, 0.0)	(32, 0.01567180452742259)	(33, 0.011600481643074373)	(34, 0.01182356782851811)	(35, 0.01143316700399157)	(36, 0.010317736076772879)	(37, 0.01182356782851811)	(38, 0.00931384824227606)	(39, 0.008421503500501108)	(40, 0.009034990510471387)	(41, 0.007808016490530828)	(42, 0.008142645768696435)	(43, 0.006246413192424662)	(44, 0.005577154636093449)	(45, 0.005911783914259055)	(46, 0.0063021847387855975)	(47, 0.004573266801596628)	(48, 0.006246413192424662)	(49, 0.005409839997010645)	(50, 0.005075210718845038)	(51, 0.004461723708874759)	(52, 0.00535406845064971)	(53, 0.005130982265205973)	(54, 0.003904008245265414)	(55, 0.005521383089732514)	(56, 0.004907896079762235)	(57, 0.005075210718845038)	(58, 0.005800240821537186)	(59, 0.005075210718845038)	(60, 0.005409839997010645)	(61, 0.005856012367898121)	(62, 0.003904008245265414)	(63, 0.005521383089732514)	(64, 0.005744469275176252)	(65, 0.004461723708874759)	(66, 0.006804128656034007)	(67, 0.00981579215952447)	(68, 0.006246413192424662)	(69, 0.007250301026921483)	(70, 0.005019439172484104)	(71, 0.0047963529870403655)	(72, 0.005298296904288777)	(73, 0.005298296904288777)	(74, 0.005409839997010645)	(75, 0.005577154636093449)	(76, 0.007361844119643353)	(77, 0.005577154636093449)	(78, 0.004907896079762235)	(79, 0.006357956285146531)	(80, 0.006246413192424662)	(81, 0.006357956285146531)	(82, 0.005577154636093449)	(83, 0.0061348700997027935)	(84, 0.005577154636093449)	(85, 0.010206192984051012)	(86, 0.035638018124637134)	(87, 0.017735351742777166)	(88, 0.028722346375881263)	(89, 0.03714384987638237)	(90, 0.046959642035906836)	(91, 0.056385033370904766)	(92, 0.06369110594418718)	(93, 0.07523581604090063)	(94, 0.08086874222335501)	(95, 0.08761709933302808)	(96, 0.10111381355237421)	(97, 0.11656253189435306)	(98, 0.13597103002795827)	(99, 0.14517333517751246)	(100, 0.1604547388804085)	(101, 0.18477113309377596)	(102, 0.20596432071093104)	(103, 0.2311172881197125)	(104, 0.25415093676677847)	(105, 0.27322480562221807)	(106, 0.28839466623239224)	(107, 0.3278251495095729)	(108, 0.3563801812463714)	(109, 0.38978733751657113)	(110, 0.4133229300808855)	(111, 0.4527534133580662)	(112, 0.4912357803471109)	(113, 0.5191215535275782)	(114, 0.5446649217608862)	(115, 0.5923495938994852)	(116, 0.6315569909912221)	(117, 0.675951141894526)	(118, 0.7093582981647257)	(119, 0.7454424886602503)	(120, 0.7975331129613631)	(121, 0.8438792679872997)	(122, 0.8655743995217032)	(123, 0.926198070416039)	(124, 0.9732134839983068)	(125, 1.0187230658288293)	(126, 1.0781755342495856)	(127, 1.1010418682575687)	(128, 1.1548614104958703)	(129, 1.1940130360412464)	(130, 1.2342243209674801)	(131, 1.2790088726953106)	(132, 1.3278089757611282)	(133, 1.3605468734749968)	(134, 1.4153145320014344)	(135, 1.4595971398120164)	(136, 1.493338925360382)	(137, 1.5301481459585986)	(138, 1.582517627991516)	(139, 1.6204422795169513)	(140, 1.6511166300154656)	(141, 1.6991917029785908)	(142, 1.7509476980015382)	(143, 1.7820682208709397)	(144, 1.8231160789925875)	(145, 1.835274276099271)	(146, 1.8664505705150336)	(147, 1.9277992715120613)	(148, 1.9516694933545413)	(149, 1.9865267098301256)	(150, 2.020770439295739)	(151, 2.04408294567461)	(152, 2.0902060145151027)	(153, 2.114745494913914)	(154, 2.152279745614823)	(155, 2.1633782833406485)	(156, 2.1876389060076553)	(157, 2.1889216515739567)	(158, 2.243800853193116)	(159, 2.256070593392522)	(160, 2.2810562461622204)	(161, 2.321769475005703)	(162, 2.3330353273706117)	(163, 2.313961458515172)	(164, 2.3649924234354267)	(165, 2.3900338477514866)	(166, 2.404088277434442)	(167, 2.422939060104438)	(168, 2.434651084840234)	(169, 2.4297989603068326)	(170, 2.4721295639947822)		
HG00097	(1, 0.0)	(2, 0.0)	(3, 0.0)	(4, 0.0)	(5, 0.0)	(6, 0.0)	(7, 0.0)	(8, 0.0)	(9, 0.0)	(10, 0.0)	(11, 0.0)	(12, 0.0)	(13, 0.0)	(14, 0.0)	(15, 0.0)	(16, 0.0)	(17, 0.0)	(18, 0.0)	(19, 0.0)	(20, 0.0)	(21, 0.0)	(22, 0.0)	(23, 0.0)	(24, 0.0)	(25, 0.0)	(26, 0.0)	(27, 0.0)	(28, 0.0)	(29, 0.0)	(30, 0.0)	(31, 0.0)	(32, 0.002856391023247737)	(33, 0.003134446786572738)	(34, 0.002603613056588645)	(35, 0.0029322244132454645)	(36, 0.0020222237332727343)	(37, 0.002199168309934098)	(38, 0.0020727793266045523)	(39, 0.002098057123270462)	(40, 0.0018958347499431882)	(41, 0.0016683345799500056)	(42, 0.0017947235632795515)	(43, 0.0016683345799500056)	(44, 0.0009858340699704577)	(45, 0.0012133342399636403)	(46, 0.0010363896633022761)	(47, 0.0010616674599681854)	(48, 0.001289167629961368)	(49, 0.0009352784766386394)	(50, 0.0012386120366295497)	(51, 0.0010616674599681854)	(52, 0.0009605562733045487)	(53, 0.0011122230533000038)	(54, 0.0010616674599681854)	(55, 0.0012133342399636403)	(56, 0.0008594450866409119)	(57, 0.0013144454266272771)	(58, 0.0013397232232931864)	(59, 0.0011880564432977313)	(60, 0.0014661122066227323)	(61, 0.0018705569532772787)	(62, 0.0020727793266045523)	(63, 0.003033335599909101)	(64, 0.0024013906832613717)	(65, 0.00336194695656592)	(66, 0.003488335939895466)	(67, 0.004499447806531834)	(68, 0.005409448486504564)	(69, 0.007305283236447752)	(70, 0.007760283576434116)	(71, 0.010237507649693216)	(72, 0.013043343079609134)	(73, 0.016455845629506874)	(74, 0.01959029241607961)	(75, 0.022901683779313713)	(76, 0.028033076502493273)	(77, 0.03437780346563648)	(78, 0.04168308670208423)	(79, 0.04941809248185244)	(80, 0.05480226317169109)	(81, 0.0686039401512775)	(82, 0.081546172044223)	(83, 0.09044395647062303)	(84, 0.10325979938023899)	(85, 0.12123231280970041)	(86, 0.13559010131593682)	(87, 0.15328455898207324)	(88, 0.17173735054818695)	(89, 0.19623153551745293)	(90, 0.2207257204867189)	(91, 0.2410490690061099)	(92, 0.2668829771986691)	(93, 0.29638216590778504)	(94, 0.3262857993635556)	(95, 0.35472332061270345)	(96, 0.3795461169386263)	(97, 0.4158955885442036)	(98, 0.4408194960567901)	(99, 0.48027813665227437)	(100, 0.5188267765677859)	(101, 0.5589679176732496)	(102, 0.5967076680954521)	(103, 0.6431429805707272)	(104, 0.682399398792884)	(105, 0.7226922066783433)	(106, 0.7646786269404184)	(107, 0.8008764317660004)	(108, 0.845795076441321)	(109, 0.8915226106099507)	(110, 0.9303240284921213)	(111, 0.9767340631707305)	(112, 1.0117438115530146)	(113, 1.0514299523184922)	(114, 1.0788310839043378)	(115, 1.1292097326594948)	(116, 1.1620455905285108)	(117, 1.2026417319739608)	(118, 1.2400275932428406)	(119, 1.2730909512818496)	(120, 1.3227618217303612)	(121, 1.3301682161534727)	(122, 1.36429324165245)	(123, 1.3970279883348025)	(124, 1.4139135565076297)	(125, 1.4293077346771683)	(126, 1.4588069233862844)	(127, 1.4774619373257254)	(128, 1.4969005629618095)	(129, 1.4979622304217777)	(130, 1.519625302164462)	(131, 1.5270064187909074)	(132, 1.5369153150839439)	(133, 1.5469000447669778)	(134, 1.5650242249764346)	(135, 1.5450800434070324)	(136, 1.5625975564965076)	(137, 1.5639372797198008)	(138, 1.5564044963133599)	(139, 1.5672739488797007)	(140, 1.5659342256564075)	(141, 1.5742000651661598)	(142, 1.5526128268134733)	(143, 1.551020325623521)	(144, 1.5511467146068505)	(145, 1.5473297673102984)	(146, 1.5567836632633483)	(147, 1.537142815253937)	(148, 1.5321883671074188)	(149, 1.5242511389543234)	(150, 1.5142664092712892)	(151, 1.4950300060085322)	(152, 1.4813041624189436)	(153, 1.4815569403856028)	(154, 1.4613599808495412)	(155, 1.455874698973039)	(156, 1.4440194123367274)	(157, 1.437472463000257)	(158, 1.4200560610974455)	(159, 1.4168710587175413)	(160, 1.4001371573247092)	(161, 1.3918965956116227)	(162, 1.387700481365082)	(163, 1.363762407922466)	(164, 1.3497837863662183)	(165, 1.323115710883684)	(166, 1.3237982113936635)	(167, 1.303626529654268)	(168, 1.3121957027240112)	(169, 1.2873223508047564)	(170, 1.279157622481668)	(171, 1.2553964936157134)	(172, 1.2380812028995654)
HG00105	(1, 0.0)	(2, 0.0)	(3, 0.0)	(4, 0.0)	(5, 0.0)	(6, 0.0)	(7, 0.0)	(8, 0.0)	(9, 0.0)	(10, 0.0)	(11, 0.0)	(12, 0.0)	(13, 0.0)	(14, 0.0)	(15, 0.0)	(16, 0.0)	(17, 0.0)	(18, 0.0)	(19, 0.0)	(20, 0.0)	(21, 0.0)	(22, 0.0)	(23, 0.0)	(24, 0.0)	(25, 0.0)	(26, 0.0)	(27, 0.0)	(28, 0.0)	(29, 0.0)	(30, 0.0)	(31, 0.0)	(32, 0.00404837900283474)	(33, 0.0036697536284689006)	(34, 0.0029125028797372223)	(35, 0.0027668777357503613)	(36, 0.0025921275629661278)	(37, 0.002300877274992406)	(38, 0.0026795026493582445)	(39, 0.0027086276781556166)	(40, 0.00235912733258715)	(41, 0.0018640018430318224)	(42, 0.002300877274992406)	(43, 0.0016310016126528445)	(44, 0.0013688763534764944)	(45, 0.0016601266414502166)	(46, 0.0014853764686659832)	(47, 0.0013980013822738667)	(48, 0.0011067510943001445)	(49, 0.0016310016126528445)	(50, 0.0011358761230975166)	(51, 0.0011067510943001445)	(52, 0.0012815012670843778)	(53, 0.0011941261806922613)	(54, 0.0013397513246791223)	(55, 0.0013688763534764944)	(56, 0.0009902509791106554)	(57, 0.0012523762382870055)	(58, 0.0013397513246791223)	(59, 0.0017475017278423333)	(60, 0.0012232512094896334)	(61, 0.0016018765838554723)	(62, 0.001427126411071239)	(63, 0.002242627217397661)	(64, 0.0020096269870186834)	(65, 0.002213502188600289)	(66, 0.0025338775053713835)	(67, 0.0034950034556846666)	(68, 0.0038445038012531337)	(69, 0.003961003916442622)	(70, 0.005417255356311233)	(71, 0.006203631133840284)	(72, 0.008271508178453712)	(73, 0.009669509560727579)	(74, 0.010281135165472395)	(75, 0.013018887872425383)	(76, 0.016513891328110052)	(77, 0.018785643574305084)	(78, 0.02565915037048493)	(79, 0.030435655093253976)	(80, 0.03742566200462331)	(81, 0.04112454066188958)	(82, 0.04962904907072227)	(83, 0.06107518538808956)	(84, 0.07141457061115669)	(85, 0.08286070692852397)	(86, 0.09419034313070176)	(87, 0.11373323745373853)	(88, 0.12182999545940802)	(89, 0.14233401573275806)	(90, 0.1606536588463052)	(91, 0.18208968004117113)	(92, 0.20480720250312145)	(93, 0.22839847582899298)	(94, 0.25108687326214596)	(95, 0.27558102248073596)	(96, 0.3074438039850612)	(97, 0.33467570591060425)	(98, 0.3639172348231659)	(99, 0.4052165256578397)	(100, 0.43139992654667736)	(101, 0.46993233964560077)	(102, 0.5112025054514773)	(103, 0.5475796664193952)	(104, 0.5847140781360447)	(105, 0.6242367422140789)	(106, 0.6577596503598543)	(107, 0.7076799497185503)	(108, 0.7473773639693686)	(109, 0.7821235233246336)	(110, 0.8291021947747951)	(111, 0.8707801109838348)	(112, 0.9162442809365328)	(113, 0.9498254391399029)	(114, 0.9970371108204433)	(115, 1.030967769369382)	(116, 1.073606811528735)	(117, 1.1014503390590227)	(118, 1.1491862612579158)	(119, 1.1882720499039894)	(120, 1.2153874517143428)	(121, 1.2490851100329026)	(122, 1.2831322686970306)	(123, 1.2981899085852722)	(124, 1.3428968277892384)	(125, 1.3654396000784046)	(126, 1.3814583659169593)	(127, 1.4224955314924568)	(128, 1.438485172302214)	(129, 1.4450383037816228)	(130, 1.4877938460561653)	(131, 1.4928907260957054)	(132, 1.515695623644048)	(133, 1.529792137581976)	(134, 1.54083052349618)	(135, 1.5525387850727237)	(136, 1.561480168913517)	(137, 1.5772659345216926)	(138, 1.5862073183624859)	(139, 1.582537564734017)	(140, 1.5966340786719453)	(141, 1.601701833682688)	(142, 1.5960224530672005)	(143, 1.599954331954846)	(144, 1.6126528445105)	(145, 1.605604587541536)	(146, 1.6140799709215712)	(147, 1.6090995909972206)	(148, 1.6093034661988022)	(149, 1.6037988357560988)	(150, 1.6079928399029206)	(151, 1.595498202548848)	(152, 1.6018765838554723)	(153, 1.5960807031247952)	(154, 1.5724311797413288)	(155, 1.5852753174409702)	(156, 1.5688779262280497)	(157, 1.5645674219660386)	(158, 1.550296157855326)	(159, 1.5328502656057001)	(160, 1.5451119027293938)	(161, 1.5431605257999699)	(162, 1.5172683751991058)	(163, 1.5177343756598638)	(164, 1.506317364371294)	(165, 1.5092881173086259)	(166, 1.503346611433962)	(167, 1.481823215152704)	(168, 1.4776292110058824)	(169, 1.4566009402141797)	(170, 1.4530185616721027)	(171, 1.4362425450848164)	(172, 1.43720367103513)
HG00106	(1, 0.0)	(2, 0.0)	(3, 0.0)	(4, 0.0)	(5, 0.0)	(6, 0.0)	(7, 0.0)	(8, 0.0)	(9, 0.0)	(10, 0.0)	(11, 0.0)	(12, 0.0)	(13, 0.0)	(14, 0.0)	(15, 0.0)	(16, 0.0)	(17, 0.0)	(18, 0.0)	(19, 0.0)	(20, 0.0)	(21, 0.0)	(22, 0.0)	(23, 0.0)	(24, 0.0)	(25, 0.0)	(26, 0.0)	(27, 0.0)	(28, 0.0)	(29, 0.0)	(30, 0.0)	(31, 0.0)	(32, 0.0037882388431136906)	(33, 0.003300183532037694)	(34, 0.00302129478285141)	(35, 0.0032769428029388366)	(36, 0.0026726838463685546)	(37, 0.002649443117269698)	(38, 0.0020219434316005587)	(39, 0.0019987027025017015)	(40, 0.0013712030168325628)	(41, 0.002207869264391415)	(42, 0.0012782401004371349)	(43, 0.001696573224216561)	(44, 0.001138795725843993)	(45, 0.001650091766018847)	(46, 0.0013944437459314197)	(47, 0.0010458328094485648)	(48, 0.0014176844750302768)	(49, 0.0013479622877337059)	(50, 0.0014641659332279909)	(51, 0.0012317586422394208)	(52, 0.0012317586422394208)	(53, 0.0013479622877337059)	(54, 0.001208517913140564)	(55, 0.0013014808295359918)	(56, 0.001138795725843993)	(57, 0.0016036103078211328)	(58, 0.0016733324951177038)	(59, 0.0014874066623268478)	(60, 0.001510647391425705)	(61, 0.0021846285352925578)	(62, 0.0019987027025017015)	(63, 0.002417035826281128)	(64, 0.002370554368083414)	(65, 0.002509998742676556)	(66, 0.003114257699246838)	(67, 0.0034396279066308357)	(68, 0.0042995348832885446)	(69, 0.004392497799683972)	(70, 0.005508052796429108)	(71, 0.006600367064075388)	(72, 0.009319532368641656)	(73, 0.011155549967451358)	(74, 0.014200085479401625)	(75, 0.017151658074956465)	(76, 0.02052156379429073)	(77, 0.025332394717754128)	(78, 0.03276942802938836)	(79, 0.0386958139495969)	(80, 0.045505347575562)	(81, 0.056219323690135076)	(82, 0.06472543054031674)	(83, 0.07511403644750582)	(84, 0.08701328974612059)	(85, 0.10646578000186391)	(86, 0.1210609578759461)	(87, 0.135702617208226)	(88, 0.1547367743401899)	(89, 0.17793102198084917)	(90, 0.20403036075886558)	(91, 0.22922331110202657)	(92, 0.2528126511373664)	(93, 0.28179384032364113)	(94, 0.31288993585791175)	(95, 0.342103532335175)	(96, 0.37375740536781826)	(97, 0.4111284977587803)	(98, 0.4471981093202063)	(99, 0.48208244369759073)	(100, 0.5214987202492521)	(101, 0.5657955499116736)	(102, 0.620504226210383)	(103, 0.642606159583396)	(104, 0.6902031727778551)	(105, 0.7328963921324554)	(106, 0.7823294229257243)	(107, 0.8168651463666257)	(108, 0.8686222500697803)	(109, 0.9090843594308904)	(110, 0.9523818377420609)	(111, 0.9973526485483492)	(112, 1.0411149414414969)	(113, 1.0694221494839047)	(114, 1.1091405555138514)	(115, 1.1481152582126346)	(116, 1.1781887616665554)	(117, 1.2310149389082574)	(118, 1.2496307629164418)	(119, 1.2873969477020846)	(120, 1.3155879520989981)	(121, 1.3419429388971018)	(122, 1.376571625254399)	(123, 1.397348837068777)	(124, 1.410526330467829)	(125, 1.4313965051986024)	(126, 1.4499193662903915)	(127, 1.4635616742714206)	(128, 1.4730438917437543)	(129, 1.5084627628904124)	(130, 1.5067894303952947)	(131, 1.528170901166243)	(132, 1.5313781217818854)	(133, 1.5310062701163036)	(134, 1.5415575611271846)	(135, 1.5448577446592222)	(136, 1.5526201481782405)	(137, 1.5601733851353692)	(138, 1.5599874593025782)	(139, 1.5623812543997604)	(140, 1.5595923669078977)	(141, 1.5544794065061491)	(142, 1.556129498272168)	(143, 1.562939031898133)	(144, 1.5466472807998344)	(145, 1.5373974706184892)	(146, 1.5419061720636675)	(147, 1.524591828885019)	(148, 1.5216634970185632)	(149, 1.50362869123785)	(150, 1.5044885982145078)	(151, 1.4945415661601968)	(152, 1.4856636076444336)	(153, 1.4653512104120325)	(154, 1.4693950972752337)	(155, 1.457495843976619)	(156, 1.452429365033068)	(157, 1.429885857807177)	(158, 1.4299090985362757)	(159, 1.4146864209765244)	(160, 1.4012067980991871)	(161, 1.3958381896773513)	(162, 1.3890983782386828)	(163, 1.371156535374365)	(164, 1.3687859810062817)	(165, 1.3547485806305721)	(166, 1.3364348861006727)	(167, 1.3168661921994351)	(168, 1.320003690627781)	(169, 1.2950896290338063)	(170, 1.2812613952199863)	(171, 1.269152975359482)	(172, 1.2641329778741286)
HG00125	(1, 0.0)	(2, 0.0)	(3, 0.0)	(4, 0.0)	(5, 0.0)	(6, 0.0)	(7, 0.0)	(8, 0.0)	(9, 0.0)	(10, 0.0)	(11, 0.0)	(12, 0.0)	(13, 0.0)	(14, 0.0)	(15, 0.0)	(16, 0.0)	(17, 0.0)	(18, 0.0)	(19, 0.0)	(20, 0.0)	(21, 0.0)	(22, 0.0)	(23, 0.0)	(24, 0.0)	(25, 0.0)	(26, 0.0)	(27, 0.0)	(28, 0.0)	(29, 0.0)	(30, 0.0)	(31, 0.0)	(32, 0.06298070990827952)	(33, 0.06028153662649611)	(34, 0.055268786246041215)	(35, 0.04935631143832517)	(36, 0.04382943281372105)	(37, 0.045628881668243325)	(38, 0.04100172747090034)	(39, 0.043186772508534525)	(40, 0.03971640686052729)	(41, 0.04344383663060914)	(42, 0.03894521449430346)	(43, 0.03945934273845268)	(44, 0.036760169456669274)	(45, 0.03573191296837083)	(46, 0.03547484884629622)	(47, 0.03701723357874388)	(48, 0.03920227861637807)	(49, 0.03765989388393041)	(50, 0.03367539999177395)	(51, 0.036760169456669274)	(52, 0.03341833586969934)	(53, 0.033161271747624725)	(54, 0.038045490067042324)	(55, 0.04074466334882573)	(56, 0.03971640686052729)	(57, 0.03971640686052729)	(58, 0.0399734709826019)	(59, 0.03984493892156459)	(60, 0.03727429770081849)	(61, 0.034960720602147)	(62, 0.04087319540986303)	(63, 0.03958787479948998)	(64, 0.04524328548513141)	(65, 0.04267264426438531)	(66, 0.041644387776086866)	(67, 0.046914202278616375)	(68, 0.046528606095504466)	(69, 0.04190145189816148)	(70, 0.047813926705877516)	(71, 0.043058240447497224)	(72, 0.045500349607206024)	(73, 0.04113025953193765)	(74, 0.04138732365401226)	(75, 0.03868815037222885)	(76, 0.045500349607206024)	(77, 0.045500349607206024)	(78, 0.04472915724098219)	(79, 0.04190145189816148)	(80, 0.042801176325422616)	(81, 0.042544112203348)	(82, 0.044086496935795666)	(83, 0.04202998395919878)	(84, 0.04331530456957183)	(85, 0.04010200304363921)	(86, 0.046657138156541766)	(87, 0.046657138156541766)	(88, 0.049227779377287874)	(89, 0.049227779377287874)	(90, 0.04987043968247439)	(91, 0.06413749845761527)	(92, 0.06439456257968988)	(93, 0.06670813967836137)	(94, 0.07621951219512195)	(95, 0.07184942211985358)	(96, 0.07557685188993542)	(97, 0.08380290379632296)	(98, 0.09215748776374778)	(99, 0.09395693661827006)	(100, 0.10848105951548553)	(101, 0.11310821371282853)	(102, 0.13058857401390203)	(103, 0.14369884423970716)	(104, 0.16336424957841483)	(105, 0.16927672438613087)	(106, 0.1965255213260396)	(107, 0.22184633735038867)	(108, 0.24845247398511083)	(109, 0.267475219018632)	(110, 0.2996082342779583)	(111, 0.3337977625138815)	(112, 0.38302554189116933)	(113, 0.4197857113478386)	(114, 0.47415477316661864)	(115, 0.5175986097972278)	(116, 0.5733815242874183)	(117, 0.6335345288528771)	(118, 0.7060266112779171)	(119, 0.7799325463743676)	(120, 0.8593653600954222)	(121, 0.9193898325998437)	(122, 1.0285135524205158)	(123, 1.1340383745321434)	(124, 1.2389205363385842)	(125, 1.340332332497018)	(126, 1.4495845843787274)	(127, 1.592897832435323)	(128, 1.7052348537819273)	(129, 1.8395508575659112)	(130, 1.945204211738576)	(131, 2.106511948340394)	(132, 2.271547114712294)	(133, 2.442237691769835)	(134, 2.561386912351417)	(135, 2.7811767367252087)	(136, 2.916135400814379)	(137, 3.1058487229054417)	(138, 3.254817381647678)	(139, 3.431291901451898)	(140, 3.644783654834862)	(141, 3.847864311273804)	(142, 3.9812805906305266)	(143, 4.1851324394356935)	(144, 4.396182083658948)	(145, 4.546950191255707)	(146, 4.65504565458808)	(147, 4.928304816353391)	(148, 5.083057417842307)	(149, 5.258503681158229)	(150, 5.467111216221775)																						
HG00145	(1, 0.0)	(2, 0.0)	(3, 0.0)	(4, 0.0)	(5, 0.0)	(6, 0.0)	(7, 0.0)	(8, 0.0)	(9, 0.0)	(10, 0.0)	(11, 0.0)	(12, 0.0)	(13, 0.0)	(14, 0.0)	(15, 0.0)	(16, 0.0)	(17, 0.0)	(18, 0.0)	(19, 0.0)	(20, 0.0)	(21, 0.0)	(22, 0.0)	(23, 0.0)	(24, 0.0)	(25, 0.0)	(26, 0.0)	(27, 0.0)	(28, 0.0)	(29, 0.0)	(30, 0.0)	(31, 0.0)	(32, 0.05849504366567952)	(33, 0.048733521179354915)	(34, 0.041639283774682574)	(35, 0.03841631430101942)	(36, 0.035878688910836364)	(37, 0.031525827840084404)	(38, 0.030062525607789065)	(39, 0.030025479981655008)	(40, 0.027710128348276308)	(41, 0.02556148203250087)	(42, 0.024172271052473646)	(43, 0.023338744464457314)	(44, 0.020560322504402873)	(45, 0.018911792141437237)	(46, 0.01881917807610209)	(47, 0.017411444283007838)	(48, 0.016170415807516856)	(49, 0.016096324555248735)	(50, 0.01628155268591903)	(51, 0.015040524210428046)	(52, 0.01537393484563458)	(53, 0.015651777041640023)	(54, 0.016170415807516856)	(55, 0.01937486246811298)	(56, 0.020023160925459013)	(57, 0.02215328442816742)	(58, 0.02565409609783602)	(59, 0.030118094046990153)	(60, 0.035915734536970424)	(61, 0.043639747585921776)	(62, 0.050696939364460056)	(63, 0.0654781441919497)	(64, 0.07953695930982517)	(65, 0.09904148146940735)	(66, 0.12006487430048596)	(67, 0.14946057863786194)	(68, 0.1838203968772019)	(69, 0.2209030686373952)	(70, 0.2709702323575763)	(71, 0.32062989419028265)	(72, 0.38281097765630107)	(73, 0.4456218367665985)	(74, 0.5110629353324141)	(75, 0.5834130431722317)	(76, 0.667932639197088)	(77, 6.899766390281599)	(78, 0.8865388790141714)	(79, 0.952591230411199)	(80, 1.1251497569436468)	(81, 1.1312437624426996)	(82, 1.250252836398365)	(83, 1.349831479446716)	(84, 1.4648211029668359)	(85, 1.4839366460520107)	(86, 1.5252980876306876)	(87, 1.5947586366320488)	(88, 1.6397690723849307)	(89, 1.701913110224815)	(90, 1.731160632057655)	(91, 1.772447982384064)	(92, 1.821348208881022)	(93, 1.8784355187536073)	(94, 1.9138326145247009)	(95, 1.9531195010398708)	(96, 1.9852565817111674)	(97, 2.019857196520378)	(98, 2.040139676828776)	(99, 2.0606629537070447)	(100, 2.0894474052132086)	(101, 2.1005240474272924)	(102, 2.11825037953244)	(103, 2.139032975793647)	(104, 2.1805055542507263)	(105, 2.195231190639015)	(106, 2.208475001981941)	(107, 2.2400563982612263)	(108, 2.2614132017275117)	(109, 2.2601351276258863)	(110, 2.2864745678072027)	(111, 2.31935256100118)	(112, 2.3236498536327312)	(113, 2.338005033759679)	(114, 2.3610844588411983)	(115, 2.3619550310553485)	(116, 2.3847380911277947)	(117, 2.4289520459187948)	(118, 2.436175943014936)	(119, 2.4396582318715376)	(120, 2.4433998401110775)	(121, 2.4671090408368754)	(122, 2.4838721866625373)																																																		
HG00171	(1, 0.0)	(2, 0.0)	(3, 0.0)	(4, 0.0)	(5, 0.0)	(6, 0.0)	(7, 0.0)	(8, 0.0)	(9, 0.0)	(10, 0.0)	(11, 0.0)	(12, 0.0)	(13, 0.0)	(14, 0.0)	(15, 0.0)	(16, 0.0)	(17, 0.0)	(18, 0.0)	(19, 0.0)	(20, 0.0)	(21, 0.0)	(22, 0.0)	(23, 0.0)	(24, 0.0)	(25, 0.0)	(26, 0.0)	(27, 0.0)	(28, 0.0)	(29, 0.0)	(30, 0.0)	(31, 0.0)	(32, 0.055557375273062606)	(33, 0.04421913542141718)	(34, 0.04736864649131869)	(35, 0.03414069999773235)	(36, 0.037794132838818106)	(37, 0.036282367525265376)	(38, 0.03300687601256781)	(39, 0.029983345385462358)	(40, 0.02897550184309388)	(41, 0.030865208485034785)	(42, 0.027085795201152972)	(43, 0.020534812175757835)	(44, 0.02481814723082389)	(45, 0.021668636160922378)	(46, 0.021668636160922378)	(47, 0.020282851290165715)	(48, 0.016755398891876026)	(49, 0.01877108597661299)	(50, 0.018393144648224807)	(51, 0.016251477120691783)	(52, 0.01826716420542875)	(53, 0.017385301105856326)	(54, 0.018141183762632688)	(55, 0.016881379334672087)	(56, 0.018141183762632688)	(57, 0.018015203319836626)	(58, 0.022928440588882982)	(59, 0.01826716420542875)	(60, 0.020786773061349954)	(61, 0.018897066419409053)	(62, 0.020786773061349954)	(63, 0.01877108597661299)	(64, 0.019778929518981473)	(65, 0.020408831732961773)	(66, 0.020660792618553893)	(67, 0.019400988190593292)	(68, 0.021416675275330258)	(69, 0.019526968633389354)	(70, 0.025196088559212064)	(71, 0.02242451881769874)	(72, 0.023306381917271163)	(73, 0.0225504992604948)	(74, 0.024566186345231767)	(75, 0.02204657748931056)	(76, 0.0212906948325342)	(77, 0.024062264574047525)	(78, 0.02242451881769874)	(79, 0.024692166788027825)	(80, 0.02758971697233721)	(81, 0.0231804014744751)	(82, 0.031873052027403266)	(83, 0.03136913025621903)	(84, 0.027841677857929334)	(85, 0.025070108116416006)	(86, 0.027841677857929334)	(87, 0.030991188927830843)	(88, 0.026581873429968733)	(89, 0.03262893468417963)	(90, 0.035148543540100836)	(91, 0.0463608029489502)	(92, 0.05202992287477292)	(93, 0.04825050959089111)	(94, 0.047746587819706865)	(95, 0.05643923837263503)	(96, 0.05870688634296412)	(97, 0.059210808114148354)	(98, 0.06538384981115532)	(99, 0.0663916933535238)	(100, 0.07533630479204408)	(101, 0.0803755225038865)	(102, 0.08692650552928163)	(103, 0.10154023689362462)	(104, 0.10002847158007191)	(105, 0.11010690700375675)	(106, 0.1301377974083303)	(107, 0.1492868247133315)	(108, 0.15130251179806847)	(109, 0.18254566161149144)	(110, 0.20194664980208474)	(111, 0.2357094084714289)	(112, 0.26506285164291093)	(113, 0.2983216885410709)	(114, 0.331958466767619)	(115, 0.3542570051425217)	(116, 0.41623938299818336)	(117, 0.4522697896378566)	(118, 0.5103467737668405)	(119, 0.5810218021754303)	(120, 0.6571139896242507)	(121, 0.7311904899883342)	(122, 0.7961963984711014)	(123, 0.9352788073179519)	(124, 0.9948675567604885)	(125, 1.1180764298150354)	(126, 1.2373799091429045)	(127, 1.3377863220513648)	(128, 1.4860653032223277)	(129, 1.6191006508149677)	(130, 1.8212992615026444)	(131, 1.9635311814193965)	(132, 2.1105503581623988)	(133, 2.3290004459707676)	(134, 2.493152962934034)	(135, 2.730626097604608)	(136, 2.9269036274808697)	(137, 3.138298810492659)	(138, 3.3467964433201387)	(139, 3.5860333041898578)	(140, 3.835474580926057)	(141, 4.115781066147291)	(142, 4.349096846205596)	(143, 4.611766069435381)	(144, 4.815602425879407)	(145, 5.080791257965114)	(146, 5.313099194481049)	(147, 5.541627717713102)	(148, 5.832012638358021)	(149, 6.0587774353909305)	(150, 6.285920173752227)																						
HG00173	(1, 0.0)	(2, 0.0)	(3, 0.0)	(4, 0.0)	(5, 0.0)	(6, 0.0)	(7, 0.0)	(8, 0.0)	(9, 0.0)	(10, 0.0)	(11, 0.0)	(12, 0.0)	(13, 0.0)	(14, 0.0)	(15, 0.0)	(16, 0.0)	(17, 0.0)	(18, 0.0)	(19, 0.0)	(20, 0.0)	(21, 0.0)	(22, 0.0)	(23, 0.0)	(24, 0.0)	(25, 0.0)	(26, 0.0)	(27, 0.0)	(28, 0.0)	(29, 0.0)	(30, 0.0)	(31, 0.0)	(32, 0.002585695930114606)	(33, 0.0029473317245362293)	(34, 0.002585695930114606)	(35, 0.002350632663740551)	(36, 0.0019347515001556842)	(37, 0.0018985879207135219)	(38, 0.0017358518132237915)	(39, 0.0019709150795978463)	(40, 0.0018624243412713596)	(41, 0.0018081789721081161)	(42, 0.0010668255935437885)	(43, 0.0014465431776864927)	(44, 0.001012580224380545)	(45, 0.0015911974954551421)	(46, 0.0011391527524281131)	(47, 0.0014465431776864927)	(48, 0.0012476434907546)	(49, 0.0012838070701967626)	(50, 0.0013380524393600058)	(51, 0.0014284613879654118)	(52, 0.0014284613879654118)	(53, 0.0016454428646183858)	(54, 0.0014284613879654118)	(55, 0.0015369521262918987)	(56, 0.0019347515001556842)	(57, 0.0017358518132237915)	(58, 0.001699688233781629)	(59, 0.0019528332898767656)	(60, 0.002567614140393525)	(61, 0.002603777719835687)	(62, 0.0031643132011892035)	(63, 0.0037429304722638003)	(64, 0.004068402687243261)	(65, 0.004194975215290829)	(66, 0.005406455126603267)	(67, 0.006834916514568679)	(68, 0.007395451995922195)	(69, 0.009438694234404367)	(70, 0.012042471954240052)	(71, 0.014664331463796823)	(72, 0.018027544351917918)	(73, 0.021571575137249825)	(74, 0.025856959301146062)	(75, 0.030883696843606624)	(76, 0.0377186133581753)	(77, 0.044680102400791545)	(78, 0.0528892349341624)	(79, 0.06408186277151164)	(80, 0.07632323441268359)	(81, 0.08941445017074634)	(82, 0.10494670754115507)	(83, 0.11818257761698647)	(84, 0.13340744456213682)	(85, 0.15409301200305364)	(86, 0.17309697299990995)	(87, 0.19468662992688085)	(88, 0.22493746413024965)	(89, 0.25115605922581735)	(90, 0.2853125600089396)	(91, 0.31312235259996246)	(92, 0.3475681620186221)	(93, 0.37843377707250764)	(94, 0.41217439669204503)	(95, 0.43964063527836733)	(96, 0.4792940001366984)	(97, 0.5254748910843396)	(98, 0.55876346596085)	(99, 0.5985434033472287)	(100, 0.6458272834678558)	(101, 0.6824429076530452)	(102, 0.7419139140456811)	(103, 0.7782402295953332)	(104, 0.8151632442057809)	(105, 0.8619046706347756)	(106, 0.9062412190308667)	(107, 0.9584252641659069)	(108, 1.0023640131881342)	(109, 1.0442595199718792)	(110, 1.086534744339767)	(111, 1.1350662679511487)	(112, 1.1624963429580288)	(113, 1.2007393282181156)	(114, 1.22288952062644)	(115, 1.2653455628915387)	(116, 1.3043299015301895)	(117, 1.3223936094615496)	(118, 1.360781249039405)	(119, 1.3798756189848667)	(120, 1.413815138291336)	(121, 1.438117063676469)	(122, 1.470429221908041)	(123, 1.474895423969148)	(124, 1.4922901056808282)	(125, 1.5070267643035093)	(126, 1.5152901422060434)	(127, 1.5197925078465926)	(128, 1.5376934796704629)	(129, 1.5407312203436048)	(130, 1.556390050242061)	(131, 1.5532438188305928)	(132, 1.5538947632605518)	(133, 1.5407312203436048)	(134, 1.5447996230308478)	(135, 1.555088161382143)	(136, 1.5400260305444824)	(137, 1.5458845304141127)	(138, 1.5325220878102337)	(139, 1.5250904722348695)	(140, 1.5161942316920975)	(141, 1.508961515803665)	(142, 1.5014937366488585)	(143, 1.4814952772173426)	(144, 1.4701579950622248)	(145, 1.4566328163508562)	(146, 1.4467059137939826)	(147, 1.4308481842085945)	(148, 1.4143937555624106)	(149, 1.4077396569450527)	(150, 1.3940879057056366)	(151, 1.3747584724938007)	(152, 1.356550110244672)	(153, 1.3419942695192015)	(154, 1.3282159457517377)	(155, 1.3040948382638156)	(156, 1.291527994407664)	(157, 1.269468210947945)	(158, 1.2659422619523342)	(159, 1.247860472231253)	(160, 1.2307550991551102)	(161, 1.2058383929194605)	(162, 1.1976654239655318)	(163, 1.1726040634121133)	(164, 1.1603265281914992)	(165, 1.1452101519846754)	(166, 1.1252478561326016)	(167, 1.1117769227903962)	(168, 1.0901872658634253)	(169, 1.0937493784384784)	(170, 1.0642037340342316)	(171, 1.044458419658811)	(172, 1.0354175247982706)
HG00407	(1, 0.0)	(2, 0.0)	(3, 0.0)	(4, 0.0)	(5, 0.0)	(6, 0.0)	(7, 0.0)	(8, 0.0)	(9, 0.0)	(10, 0.0)	(11, 0.0)	(12, 0.0)	(13, 0.0)	(14, 0.0)	(15, 0.0)	(16, 0.0)	(17, 0.0)	(18, 0.0)	(19, 0.0)	(20, 0.0)	(21, 0.0)	(22, 0.0)	(23, 0.0)	(24, 0.0)	(25, 0.0)	(26, 0.0)	(27, 0.0)	(28, 0.0)	(29, 0.0)	(30, 0.0)	(31, 0.0)	(32, 0.05500147241902085)	(33, 0.05780608007778112)	(34, 0.053599168589640714)	(35, 0.04269236102779522)	(36, 0.04051099951542612)	(37, 0.04160168027161067)	(38, 0.046276026369544455)	(39, 0.041134245661817295)	(40, 0.034745972661307786)	(41, 0.03848544953965482)	(42, 0.041134245661817295)	(43, 0.04051099951542612)	(44, 0.03942031875924157)	(45, 0.03755058032006806)	(46, 0.041134245661817295)	(47, 0.0389528841494482)	(48, 0.03988775336903495)	(49, 0.04238073795459964)	(50, 0.045029534076762114)	(51, 0.042069114881404045)	(52, 0.04175749180820846)	(53, 0.041134245661817295)	(54, 0.04160168027161067)	(55, 0.04767833019892459)	(56, 0.038797072612850404)	(57, 0.0409784341252195)	(58, 0.04549696868655549)	(59, 0.04129005719841509)	(60, 0.04814576480871796)	(61, 0.0539107916628363)	(62, 0.04689927251593562)	(63, 0.052664299370053964)	(64, 0.04814576480871796)	(65, 0.04923644556490252)	(66, 0.04985969171129368)	(67, 0.04658764944274004)	(68, 0.04721089558913121)	(69, 0.04923644556490252)	(70, 0.047366707125729005)	(71, 0.05936419544375905)	(72, 0.04549696868655549)	(73, 0.048457387881913554)	(74, 0.0517294301504672)	(75, 0.05017131478448928)	(76, 0.04767833019892459)	(77, 0.051261995540673816)	(78, 0.048457387881913554)	(79, 0.04721089558913121)	(80, 0.0517294301504672)	(81, 0.052352676296858365)	(82, 0.05282011090665175)	(83, 0.049548068638098096)	(84, 0.051261995540673816)	(85, 0.052041053223662787)	(86, 0.05468984934582526)	(87, 0.053754980126238514)	(88, 0.05718283393138995)	(89, 0.0602990646633458)	(90, 0.06715477227364869)	(91, 0.07214074144477806)	(92, 0.08351498361641692)	(93, 0.08709864895816616)	(94, 0.10610765642309689)	(95, 0.10439372952052116)	(96, 0.10750996025247703)	(97, 0.10688671410608583)	(98, 0.12355854852204969)	(99, 0.14599540979213183)	(100, 0.14957907513388108)	(101, 0.1788716440142661)	(102, 0.19725740533280564)	(103, 0.22405698962762602)	(104, 0.23808002792142735)	(105, 0.2792142735832447)	(106, 0.3018069463899246)	(107, 0.3381110344172103)	(108, 0.36787103790738873)	(109, 0.40261701056869653)	(110, 0.4411024601083513)	(111, 0.4982852940397413)	(112, 0.5476775511412415)	(113, 0.5966023736329485)	(114, 0.6550316998571208)	(115, 0.7206283567647915)	(116, 0.7829529714039086)	(117, 0.8741027203136175)	(118, 0.9526317347589051)	(119, 1.0137098571052399)	(120, 1.076657717890748)	(121, 1.1992813971932108)	(122, 1.2827963808096279)	(123, 1.3544696876446125)	(124, 1.4571494902625581)	(125, 1.5716709696619358)	(126, 1.691645852842236)	(127, 1.7734469095560774)	(128, 1.889682315858031)	(129, 2.0049828529403975)	(130, 2.108130090168136)	(131, 2.222495758030916)	(132, 2.3440287565771945)	(133, 2.4682105512456354)	(134, 2.579148365303264)	(135, 2.7212484866804507)	(136, 2.855713842764346)	(137, 2.949824010869413)	(138, 3.0761871670502225)	(139, 3.209561842377933)	(140, 3.3822010249282877)	(141, 3.5191593655977473)	(142, 3.6071928837755007)	(143, 3.8049177237180993)	(144, 3.905571976360274)	(145, 4.040504767053962)	(146, 4.20659986506721)	(147, 4.292140398659398)	(148, 4.485814138650454)	(149, 4.677462328665739)	(150, 4.754121604671853)																						
HG00956	(1, 0.0)	(2, 0.0)	(3, 0.0)	(4, 0.0)	(5, 0.0)	(6, 0.0)	(7, 0.0)	(8, 0.0)	(9, 0.0)	(10, 0.0)	(11, 0.0)	(12, 0.0)	(13, 0.0)	(14, 0.0)	(15, 0.0)	(16, 0.0)	(17, 0.0)	(18, 0.0)	(19, 0.0)	(20, 0.0)	(21, 0.0)	(22, 0.0)	(23, 0.0)	(24, 0.0)	(25, 0.0)	(26, 0.0)	(27, 0.0)	(28, 0.0)	(29, 0.0)	(30, 0.0)	(31, 0.0)	(32, 0.03892637354489509)	(33, 0.04010596062201312)	(34, 0.0369042242698356)	(35, 0.03387100035724637)	(36, 0.029995214246715692)	(37, 0.033533975478069786)	(38, 0.027636040092479625)	(39, 0.02426579130071382)	(40, 0.027299015213303048)	(41, 0.023086204223595787)	(42, 0.020558517629771428)	(43, 0.01971595543182998)	(44, 0.02426579130071382)	(45, 0.025445378377831854)	(46, 0.017693806156770492)	(47, 0.01651421907965246)	(48, 0.01651421907965246)	(49, 0.01651421907965246)	(50, 0.01718826883800562)	(51, 0.043139184534602346)	(52, 0.0262879405757733)	(53, 0.02022149275059485)	(54, 0.022580666904830914)	(55, 0.022749179344419203)	(56, 0.01668273151924075)	(57, 0.015166119562946136)	(58, 0.014660582244181266)	(59, 0.024434303740302112)	(60, 0.018367855915123653)	(61, 0.027299015213303048)	(62, 0.1599183051692876)	(63, 0.05173331895360516)	(64, 0.025445378377831854)	(65, 0.018704880794300237)	(66, 0.02173810470688946)	(67, 0.02780455253206792)	(68, 0.06605687631860983)	(69, 0.044150259172132084)	(70, 0.022075129586066042)	(71, 0.02426579130071382)	(72, 0.021906617146477753)	(73, 0.023086204223595787)	(74, 0.015334632002534428)	(75, 0.018536368354711945)	(76, 0.018536368354711945)	(77, 0.021232567388124592)	(78, 0.015503144442122717)	(79, 0.019378930552653398)	(80, 0.01735678127759391)	(81, 0.02173810470688946)	(82, 0.02072703006935972)	(83, 0.022749179344419203)	(84, 0.021401079827712884)	(85, 0.020895542508948012)	(86, 0.025445378377831854)	(87, 0.022412154465242626)	(88, 0.022412154465242626)	(89, 0.026961990334126468)	(90, 0.021906617146477753)	(91, 0.042465134776249185)	(92, 0.04465579649089696)	(93, 0.043139184534602346)	(94, 0.04465579649089696)	(95, 0.04516133380966183)	(96, 0.04785753284307447)	(97, 0.050048194557722255)	(98, 0.06133852801013771)	(99, 0.06622538875819814)	(100, 0.06571985143943326)	(101, 0.0738084485396712)	(102, 0.08408770735455691)	(103, 0.0861098566296164)	(104, 0.10397217522597518)	(105, 0.12065490674521592)	(106, 0.12368813065780515)	(107, 0.14306706121045856)	(108, 0.16800690226952553)	(109, 0.18351004671164825)	(110, 0.20743881313318552)	(111, 0.22883989296089835)	(112, 0.24805031107396347)	(113, 0.29860404295045057)	(114, 0.3213532222948698)	(115, 0.36179620779605953)	(116, 0.40426134257230867)	(117, 0.47705871647445014)	(118, 0.5444636923097662)	(119, 0.5865918022068389)	(120, 0.6492784297336829)	(121, 0.7289848136589443)	(122, 0.8139150832114427)	(123, 0.9333904028795406)	(124, 0.9969195926043262)	(125, 1.1238094596143087)	(126, 1.2426107295240534)	(127, 1.352480840135619)	(128, 1.4962219511044306)	(129, 1.6180564449267645)	(130, 1.8037571533530603)	(131, 1.9249175974170414)	(132, 2.167912535303356)	(133, 2.3283363777914086)	(134, 2.5236422952742372)	(135, 2.712713252492299)	(136, 2.899593547995713)	(137, 3.142082948563263)	(138, 3.395020120385287)	(139, 3.5910000876264685)	(140, 3.8157956820372476)	(141, 3.990206057011129)	(142, 4.270273731606867)	(143, 4.566350087963493)	(144, 4.832936767392169)	(145, 5.044419879075473)	(146, 5.29112209063273)	(147, 5.613654900004718)	(148, 5.784526513747245)	(149, 6.122225442682179)	(150, 6.346178474895018)																						
HG01501	(1, 0.0)	(2, 0.0)	(3, 0.0)	(4, 0.0)	(5, 0.0)	(6, 0.0)	(7, 0.0)	(8, 0.0)	(9, 0.0)	(10, 0.0)	(11, 0.0)	(12, 0.0)	(13, 0.0)	(14, 0.0)	(15, 0.0)	(16, 0.0)	(17, 0.0)	(18, 0.0)	(19, 0.0)	(20, 0.0)	(21, 0.0)	(22, 0.0)	(23, 0.0)	(24, 0.0)	(25, 0.0)	(26, 0.0)	(27, 0.0)	(28, 0.0)	(29, 0.0)	(30, 0.0)	(31, 0.0)	(32, 0.005346738690908798)	(33, 0.004889982119323624)	(34, 0.004057073077021248)	(35, 0.0042451493123798496)	(36, 0.0037615247071720185)	(37, 0.002848011564001671)	(38, 0.003627184539058732)	(39, 0.0034659763373227886)	(40, 0.0024181230260391547)	(41, 0.0023106508915485256)	(42, 0.0020957066225672674)	(43, 0.0022031787570578965)	(44, 0.001665818084604751)	(45, 0.0019076303872086664)	(46, 0.0015583459501141222)	(47, 0.001665818084604751)	(48, 0.001638950050982094)	(49, 0.0015583459501141222)	(50, 0.0015583459501141222)	(51, 0.0013165336475102064)	(52, 0.0015314779164914646)	(53, 0.001370269714755521)	(54, 0.0011821934793969202)	(55, 0.0013165336475102064)	(56, 0.0013971377483781783)	(57, 0.001638950050982094)	(58, 0.0014508738156234929)	(59, 0.001638950050982094)	(60, 0.0018001582527180375)	(61, 0.0018807623535860092)	(62, 0.0018807623535860092)	(63, 0.0019076303872086664)	(64, 0.0021763107234352395)	(65, 0.002230046790680554)	(66, 0.002606199261397756)	(67, 0.0031972960010962156)	(68, 0.0033585042028321595)	(69, 0.003815260774417333)	(70, 0.004970586220191596)	(71, 0.004943718186568939)	(72, 0.0065826682375510325)	(73, 0.006313987901324459)	(74, 0.007872333851438582)	(75, 0.008651506826495643)	(76, 0.01133831018876137)	(77, 0.016040216072726394)	(78, 0.016631312812424852)	(79, 0.021360086730012533)	(80, 0.023885681890542316)	(81, 0.029313024682319087)	(82, 0.03398806253266145)	(83, 0.03874370448387179)	(84, 0.0463473579990838)	(85, 0.05451524022037161)	(86, 0.0613128527269039)	(87, 0.07367214819332625)	(88, 0.08114146154042497)	(89, 0.09167373072050662)	(90, 0.10309264501013597)	(91, 0.11856863237678657)	(92, 0.13568356979441926)	(93, 0.15056846042137137)	(94, 0.16467417807326645)	(95, 0.18533569592908988)	(96, 0.20253123744759055)	(97, 0.22077463227737482)	(98, 0.24675602079048442)	(99, 0.26795489931876104)	(100, 0.2986919297830809)	(101, 0.3224701395391326)	(102, 0.350896519111904)	(103, 0.3672591515881023)	(104, 0.4090389438713343)	(105, 0.44496150482482716)	(106, 0.4691696031188413)	(107, 0.4983214195994245)	(108, 0.5417670299672613)	(109, 0.5774746466517728)	(110, 0.6166751077072298)	(111, 0.6499914693993248)	(112, 0.6880366050090075)	(113, 0.7299776054939755)	(114, 0.7670554918932425)	(115, 0.8110921990007779)	(116, 0.8559618151506154)	(117, 0.8922873966084481)	(118, 0.9395482677507023)	(119, 0.9853582650773329)	(120, 1.0314369427401902)	(121, 1.0768976556297263)	(122, 1.1064524926146493)	(123, 1.148581569334976)	(124, 1.1933168453167002)	(125, 1.2268212832441538)	(126, 1.2689234919308578)	(127, 1.3150021695937149)	(128, 1.3482647952185647)	(129, 1.3877339366102481)	(130, 1.4256716000854404)	(131, 1.4540442435909664)	(132, 1.4811003534489824)	(133, 1.521268063714855)	(134, 1.5435953996552831)	(135, 1.5781476908940204)	(136, 1.5866379895187803)	(137, 1.6204111077824601)	(138, 1.6365050599224318)	(139, 1.6775325472642297)	(140, 1.6818045646102322)	(141, 1.7116280819313816)	(142, 1.7185331665724046)	(143, 1.7280981865420704)	(144, 1.7348420629813577)	(145, 1.7444876870518915)	(146, 1.7691256738838683)	(147, 1.7664388705216023)	(148, 1.774875433079117)	(149, 1.7784220135173077)	(150, 1.7932531680770147)	(151, 1.7830701833340272)	(152, 1.797632657557508)	(153, 1.7941398131865622)	(154, 1.7912380655553153)	(155, 1.7858107227635385)	(156, 1.780356511938139)	(157, 1.788121373655087)	(158, 1.7869660482093128)	(159, 1.7670568352949236)	(160, 1.7774010282396466)	(161, 1.7617369646376377)	(162, 1.7544019914586522)	(163, 1.7459385608675149)	(164, 1.734600250678754)	(165, 1.7362392007297358)	(166, 1.7280175824412027)	(167, 1.7097204515441733)	(168, 1.7068455719465487)	(169, 1.6930891387317484)	(170, 1.6863452622924613)	(171, 1.6638835861839198)	(172, 1.6557425719962544)
HG01503	(1, 0.0)	(2, 0.0)	(3, 0.0)	(4, 0.0)	(5, 0.0)	(6, 0.0)	(7, 0.0)	(8, 0.0)	(9, 0.0)	(10, 0.0)	(11, 0.0)	(12, 0.0)	(13, 0.0)	(14, 0.0)	(15, 0.0)	(16, 0.0)	(17, 0.0)	(18, 0.0)	(19, 0.0)	(20, 0.0)	(21, 0.0)	(22, 0.0)	(23, 0.0)	(24, 0.0)	(25, 0.0)	(26, 0.0)	(27, 0.0)	(28, 0.0)	(29, 0.0)	(30, 0.0)	(31, 0.0)	(32, 0.005088198705901463)	(33, 0.004370632221735872)	(34, 0.004077082296395403)	(35, 0.003522599104085628)	(36, 0.0036856823959414437)	(37, 0.003392132470600975)	(38, 0.0027071826448065474)	(39, 0.002805032619920037)	(40, 0.002315782744352589)	(41, 0.0024136327194660785)	(42, 0.0016960662353004874)	(43, 0.0027071826448065474)	(44, 0.0024136327194660785)	(45, 0.0018917661855274669)	(46, 0.0015329829434446716)	(47, 0.0017286828936716506)	(48, 0.001467749626702345)	(49, 0.0015982162601869978)	(50, 0.0014351329683311817)	(51, 0.0015003662850735081)	(52, 0.0012720496764753657)	(53, 0.0012068163597330392)	(54, 0.0012394330181042022)	(55, 0.0009784997511348965)	(56, 0.0012394330181042022)	(57, 0.0012720496764753657)	(58, 0.0012720496764753657)	(59, 0.0019896161606409563)	(60, 0.0016960662353004874)	(61, 0.0020548494773832827)	(62, 0.0014025163099600185)	(63, 0.0017939162104139773)	(64, 0.0013046663348465289)	(65, 0.0018917661855274669)	(66, 0.0013046663348465289)	(67, 0.002772415961548874)	(68, 0.002152699452496773)	(69, 0.0024136327194660785)	(70, 0.002087466135754446)	(71, 0.0023483994027237516)	(72, 0.0050555820475302994)	(73, 0.0038813823461684234)	(74, 0.002772415961548874)	(75, 0.00293549925340469)	(76, 0.0060014651402940326)	(77, 0.009882847486462456)	(78, 0.01183984698873225)	(79, 0.01285096339823831)	(80, 0.006490715015861481)	(81, 0.013698996515888552)	(82, 0.018069628737624424)	(83, 0.013242363298692267)	(84, 0.026060710038559413)	(85, 0.0318338585702553)	(86, 0.0451414551856899)	(87, 0.046119954936824796)	(88, 0.06037343464502312)	(89, 0.10388405691215485)	(90, 0.10936365551851028)	(91, 0.12899888385795055)	(92, 0.14716636257068846)	(93, 0.1607022757947212)	(94, 0.17961993764999587)	(95, 0.19667844997811423)	(96, 0.21608536170895634)	(97, 0.24263532162308318)	(98, 0.26497773260733004)	(99, 0.28728752693320564)	(100, 0.3163815862002832)	(101, 0.34090931329539803)	(102, 0.3722213053317147)	(103, 0.4096978458001812)	(104, 0.4321707234179127)	(105, 0.46605943146555123)	(106, 0.501578972431748)	(107, 0.5227798003730041)	(108, 0.5675624723166112)	(109, 0.604093129692314)	(110, 0.643852836246762)	(111, 0.6908534409596082)	(112, 0.7267969984846301)	(113, 0.7630993392517348)	(114, 0.8099042440143539)	(115, 0.855274015808642)	(116, 0.8864881578698451)	(117, 0.9320536296143602)	(118, 0.970997919709529)	(119, 1.009909593146327)	(120, 1.0645751125763963)	(121, 1.1018885697530072)	(122, 1.146866941646841)	(123, 1.1754391343799802)	(124, 1.2179060235792345)	(125, 1.256556763749063)	(126, 1.2940006875591583)	(127, 1.3222467137085858)	(128, 1.3619738036046627)	(129, 1.399417727414758)	(130, 1.437579217709019)	(131, 1.48275328955308)	(132, 1.4877110216254967)	(133, 1.5287427778564202)	(134, 1.541104491379091)	(135, 1.572057700173325)	(136, 1.5957047774924182)	(137, 1.6305067519744494)	(138, 1.6308655352165322)	(139, 1.6535341127844907)	(140, 1.6856615212800865)	(141, 1.7082322488729313)	(142, 1.7038942333095668)	(143, 1.7168430466829185)	(144, 1.710972048176109)	(145, 1.7396747075427328)	(146, 1.7538955705925598)	(147, 1.7467525224092753)	(148, 1.7591468525903171)	(149, 1.7581683528391825)	(150, 1.7777057312035092)	(151, 1.7680185836672735)	(152, 1.7615604853097833)	(153, 1.7674314838165925)	(154, 1.751514554531465)	(155, 1.7559178034115719)	(156, 1.7597665690993691)	(157, 1.7392180743255363)	(158, 1.7324011927259635)	(159, 1.7551023869522928)	(160, 1.743719173180757)	(161, 1.742316656870797)	(162, 1.7370327582146687)	(163, 1.715375297056216)	(164, 1.7113634480765632)	(165, 1.7039594666263091)	(166, 1.6822367721511144)	(167, 1.6826607887099394)	(168, 1.6710492583298053)	(169, 1.6633517269542109)	(170, 1.6441078985152247)	(171, 1.6545126125356258)	(172, 1.632626834768575)
HG01504	(1, 0.0)	(2, 0.0)	(3, 0.0)	(4, 0.0)	(5, 0.0)	(6, 0.0)	(7, 0.0)	(8, 0.0)	(9, 0.0)	(10, 0.0)	(11, 0.0)	(12, 0.0)	(13, 0.0)	(14, 0.0)	(15, 0.0)	(16, 0.0)	(17, 0.0)	(18, 0.0)	(19, 0.0)	(20, 0.0)	(21, 0.0)	(22, 0.0)	(23, 0.0)	(24, 0.0)	(25, 0.0)	(26, 0.0)	(27, 0.0)	(28, 0.0)	(29, 0.0)	(30, 0.0)	(31, 0.0)	(32, 0.0038866103567342537)	(33, 0.004132598353995915)	(34, 0.0032962391633062655)	(35, 0.0027796643690567763)	(36, 0.002607472770973613)	(37, 0.0028042631687829425)	(38, 0.0021892931756287886)	(39, 0.002484478772342782)	(40, 0.0021646943759026224)	(41, 0.0016235207819269666)	(42, 0.0014021315843914712)	(43, 0.0014513291838438036)	(44, 0.0015989219822008004)	(45, 0.0014267303841176374)	(46, 0.0016727183813792991)	(47, 0.0012791375857606404)	(48, 0.0012545387860344742)	(49, 0.0013529339849391389)	(50, 0.0011807423868559757)	(51, 0.0009101555898681481)	(52, 0.001525125583022302)	(53, 0.0013529339849391389)	(54, 0.0009101555898681481)	(55, 0.0014267303841176374)	(56, 0.0014759279835699698)	(57, 0.0008855567901419818)	(58, 0.0013037363854868065)	(59, 0.0012545387860344742)	(60, 0.0016973171811054653)	(61, 0.0014513291838438036)	(62, 0.0014021315843914712)	(63, 0.0017465147805577974)	(64, 0.0017711135802839636)	(65, 0.001844909979462462)	(66, 0.0021892931756287886)	(67, 0.0029518559671399395)	(68, 0.002607472770973613)	(69, 0.00371441875865109)	(70, 0.004599975548793073)	(71, 0.005165747942494895)	(72, 0.007478035116754513)	(73, 0.007551831515933012)	(74, 0.008093005109908668)	(75, 0.012078010665547586)	(76, 0.014144309842545541)	(77, 0.015940022222555673)	(78, 0.02036780617326558)	(79, 0.024279015329726)	(80, 0.028116428087007924)	(81, 0.03377415202402614)	(82, 0.04186715713393481)	(83, 0.04750028227122686)	(84, 0.05433874859510106)	(85, 0.06344030449378253)	(86, 0.07409158477521248)	(87, 0.08872787061228135)	(88, 0.10528286282799117)	(89, 0.12255122023575982)	(90, 0.13553938649117556)	(91, 0.16001519221871088)	(92, 0.17829210041525234)	(93, 0.19415832623862952)	(94, 0.2159036651965604)	(95, 0.24050246492272656)	(96, 0.26495367185053575)	(97, 0.29309469873726984)	(98, 0.31902183364864894)	(99, 0.3520826204806163)	(100, 0.38081401856077834)	(101, 0.4106031650291656)	(102, 0.45399544774612266)	(103, 0.4770445230895403)	(104, 0.5212239673977348)	(105, 0.5528334250458583)	(106, 0.5975540429480284)	(107, 0.6350180149309795)	(108, 0.6722114001169427)	(109, 0.7157020780328044)	(110, 0.7646782882876013)	(111, 0.8058074814297511)	(112, 0.8451163633921647)	(113, 0.8958144896277932)	(114, 0.9304004020427827)	(115, 0.9785648519066161)	(116, 1.0156844406934007)	(117, 1.0623975613733903)	(118, 1.1025182037267673)	(119, 1.1395147985149212)	(120, 1.187408661581767)	(121, 1.2315881058899611)	(122, 1.2613526535586224)	(123, 1.29242093761277)	(124, 1.3449147762284086)	(125, 1.3710878991370494)	(126, 1.397679201641035)	(127, 1.4267549829173636)	(128, 1.473148319200913)	(129, 1.4907118622053956)	(130, 1.5265031158069673)	(131, 1.5361212464998983)	(132, 1.5664269677625349)	(133, 1.5889594683117032)	(134, 1.5971016710210642)	(135, 1.6103112264740154)	(136, 1.6245047339160132)	(137, 1.6473570188616216)	(138, 1.647381617661348)	(139, 1.6669130646439236)	(140, 1.662928059088285)	(141, 1.6784499017154957)	(142, 1.668388992627494)	(143, 1.6776381413245323)	(144, 1.6968252051109418)	(145, 1.6794338537045423)	(146, 1.684255218450871)	(147, 1.6749814709541062)	(148, 1.6733579501721794)	(149, 1.6610339515093702)	(150, 1.6583280835394918)	(151, 1.6621162986973212)	(152, 1.6461024800755872)	(153, 1.6375420977708814)	(154, 1.628932517866723)	(155, 1.6247999195127274)	(156, 1.6126973100474533)	(157, 1.5986021978043603)	(158, 1.584654678359624)	(159, 1.5809648584006992)	(160, 1.5739050028792896)	(161, 1.552971424312322)	(162, 1.5431319044218557)	(163, 1.527634660594371)	(164, 1.517868937103083)	(165, 1.509431548797008)	(166, 1.4882519822327789)	(167, 1.4764445583642192)	(168, 1.4677365832611564)	(169, 1.4500008486585905)	(170, 1.426681186518185)	(171, 1.4163742894329214)	(172, 1.4054278235547775)
HG01596	(1, 0.0)	(2, 0.0)	(3, 0.0)	(4, 0.0)	(5, 0.0)	(6, 0.0)	(7, 0.0)	(8, 0.0)	(9, 0.0)	(10, 0.0)	(11, 0.0)	(12, 0.0)	(13, 0.0)	(14, 0.0)	(15, 0.0)	(16, 0.0)	(17, 0.0)	(18, 0.0)	(19, 0.0)	(20, 0.0)	(21, 0.0)	(22, 0.0)	(23, 0.0)	(24, 0.0)	(25, 0.0)	(26, 0.0)	(27, 0.0)	(28, 0.0)	(29, 0.0)	(30, 0.0)	(31, 0.0)	(32, 0.032467532467532464)	(33, 0.0)	(34, 0.0)	(35, 0.06493506493506493)	(36, 0.032467532467532464)	(37, 0.06493506493506493)	(38, 0.06493506493506493)	(39, 0.032467532467532464)	(40, 0.0)	(41, 0.0)	(42, 0.0)	(43, 0.0)	(44, 0.032467532467532464)	(45, 0.032467532467532464)	(46, 0.0)	(47, 0.0)	(48, 0.0)	(49, 0.0)	(50, 0.032467532467532464)	(51, 0.0)	(52, 0.0)	(53, 0.0)	(54, 0.0)	(55, 0.0)	(56, 0.032467532467532464)	(57, 0.032467532467532464)	(58, 0.0)	(59, 0.0)	(60, 0.0)	(61, 0.032467532467532464)	(62, 0.0)	(63, 0.032467532467532464)	(64, 0.0)	(65, 0.0)	(66, 0.0)	(67, 0.032467532467532464)	(68, 0.0)	(69, 0.032467532467532464)	(70, 0.032467532467532464)	(71, 0.0)	(72, 0.032467532467532464)	(73, 0.032467532467532464)	(74, 0.0)	(75, 0.032467532467532464)	(76, 0.032467532467532464)	(77, 0.032467532467532464)	(78, 0.0)	(79, 0.032467532467532464)	(80, 0.032467532467532464)	(81, 0.032467532467532464)	(82, 0.0)	(83, 0.032467532467532464)	(84, 0.032467532467532464)	(85, 0.0)	(86, 0.09740259740259741)	(87, 0.032467532467532464)	(88, 0.032467532467532464)	(89, 0.06493506493506493)	(90, 0.032467532467532464)	(91, 0.0)	(92, 0.06493506493506493)	(93, 0.06493506493506493)	(94, 0.09740259740259741)	(95, 0.032467532467532464)	(96, 0.06493506493506493)	(97, 0.09740259740259741)	(98, 0.06493506493506493)	(99, 0.06493506493506493)	(100, 0.0)	(101, 0.12987012987012986)	(102, 0.2922077922077922)	(103, 0.16233766233766234)	(104, 0.22727272727272727)	(105, 0.2922077922077922)	(106, 0.42207792207792205)	(107, 0.3246753246753247)	(108, 0.35714285714285715)	(109, 0.42207792207792205)	(110, 0.551948051948052)	(111, 0.7792207792207793)	(112, 0.6168831168831169)	(113, 0.7142857142857143)	(114, 0.6493506493506493)	(115, 0.7467532467532467)	(116, 0.7792207792207793)	(117, 0.974025974025974)	(118, 0.8441558441558441)	(119, 1.103896103896104)	(120, 0.974025974025974)	(121, 1.0064935064935066)	(122, 1.0714285714285714)	(123, 1.461038961038961)	(124, 1.5584415584415585)	(125, 1.6883116883116882)	(126, 2.012987012987013)	(127, 1.8181818181818181)	(128, 2.4025974025974026)	(129, 2.142857142857143)	(130, 2.5974025974025974)	(131, 1.9155844155844155)	(132, 2.5974025974025974)	(133, 2.8896103896103895)	(134, 2.922077922077922)	(135, 3.214285714285714)	(136, 2.987012987012987)	(137, 2.8896103896103895)	(138, 3.4415584415584415)	(139, 3.1818181818181817)	(140, 3.4415584415584415)	(141, 3.7012987012987013)	(142, 3.8636363636363633)	(143, 3.4415584415584415)	(144, 3.506493506493506)	(145, 3.279220779220779)	(146, 4.577922077922078)	(147, 4.188311688311688)	(148, 4.253246753246753)	(149, 4.253246753246753)	(150, 4.577922077922078)																						
HG01880	(1, 0.0)	(2, 0.0)	(3, 0.0)	(4, 0.0)	(5, 0.0)	(6, 0.0)	(7, 0.0)	(8, 0.0)	(9, 0.0)	(10, 0.0)	(11, 0.0)	(12, 0.0)	(13, 0.0)	(14, 0.0)	(15, 0.0)	(16, 0.0)	(17, 0.0)	(18, 0.0)	(19, 0.0)	(20, 0.0)	(21, 0.0)	(22, 0.0)	(23, 0.0)	(24, 0.0)	(25, 0.0)	(26, 0.0)	(27, 0.0)	(28, 0.0)	(29, 0.0)	(30, 0.0)	(31, 0.0)	(32, 0.024689461440547778)	(33, 0.024140806741868935)	(34, 0.022250996113086268)	(35, 0.02030022385111706)	(36, 0.017495988724536324)	(37, 0.016703487493111336)	(38, 0.016459640960365184)	(39, 0.01633771769399211)	(40, 0.013472520934224835)	(41, 0.01444790706520944)	(42, 0.012680019702799845)	(43, 0.012923866235545997)	(44, 0.013472520934224835)	(45, 0.011277902139509478)	(46, 0.012801942969172921)	(47, 0.011582710305442168)	(48, 0.010607324174457564)	(49, 0.010241554375338337)	(50, 0.010912132340390252)	(51, 0.012070403370934468)	(52, 0.010363477641711413)	(53, 0.010607324174457564)	(54, 0.010546362541271026)	(55, 0.01042443927489795)	(56, 0.010729247440830638)	(57, 0.014813676864328666)	(58, 0.010546362541271026)	(59, 0.012740981335986385)	(60, 0.012192326637307545)	(61, 0.011948480104561393)	(62, 0.011826556838188318)	(63, 0.012923866235545997)	(64, 0.012436173170053697)	(65, 0.014204060532463288)	(66, 0.011704633571815242)	(67, 0.013289636034665223)	(68, 0.013350597667851762)	(69, 0.015179446663447893)	(70, 0.013777329100157524)	(71, 0.0138992523665306)	(72, 0.01396021399971714)	(73, 0.016398679327178648)	(74, 0.014813676864328666)	(75, 0.01524040829663443)	(76, 0.016154832794432496)	(77, 0.015728101362126733)	(78, 0.018044643423215167)	(79, 0.015971947894872884)	(80, 0.017191180558603636)	(81, 0.019324837720132458)	(82, 0.019263876086945922)	(83, 0.02121464834891513)	(84, 0.024445614907801626)	(85, 0.02377503694274971)	(86, 0.024445614907801626)	(87, 0.027006003501636212)	(88, 0.030054085160963098)	(89, 0.03724755787697455)	(90, 0.04060044770223412)	(91, 0.051817388208557066)	(92, 0.0563895106975474)	(93, 0.06096163318653772)	(94, 0.0699839548981453)	(95, 0.07803089047876828)	(96, 0.09162533467936619)	(97, 0.09820919106351227)	(98, 0.10552458704589679)	(99, 0.12174038147351582)	(100, 0.14423522411934825)	(101, 0.16477929450321147)	(102, 0.18507951835432854)	(103, 0.21037859612674167)	(104, 0.234336517969051)	(105, 0.2603671353397026)	(106, 0.29407891849185797)	(107, 0.3384589874516574)	(108, 0.3813150155817934)	(109, 0.4189893048910738)	(110, 0.4684901510385424)	(111, 0.5256112013343283)	(112, 0.5821835969314352)	(113, 0.649607163235746)	(114, 0.6997785873482665)	(115, 0.7818329456173463)	(116, 0.8553526752403108)	(117, 0.925336630138456)	(118, 1.0200100464771493)	(119, 1.1009670953488713)	(120, 1.1874716528405682)	(121, 1.2882412324979151)	(122, 1.381634454539691)	(123, 1.4641155442410763)	(124, 1.5742122537759635)	(125, 1.7079011153540407)	(126, 1.802208761893615)	(127, 1.9012104541885517)	(128, 2.002101957112272)	(129, 2.135120240725297)	(130, 2.2374138612123073)	(131, 2.3558623144937503)	(132, 2.4783342355655043)	(133, 2.61750964413037)	(134, 2.718157300521344)	(135, 2.8350207513399366)	(136, 2.95310343482226)	(137, 3.0701497705404126)	(138, 3.1953649651055613)	(139, 3.322409008666306)	(140, 3.432810526367126)	(141, 3.5382741517798353)	(142, 3.6647085790087153)	(143, 3.77413471057855)	(144, 3.895509322252947)	(145, 3.9800631074826747)	(146, 4.0822957663364985)	(147, 4.218240208342477)	(148, 4.317363823903788)	(149, 4.420084175823104)	(150, 4.510246431305993)																						
HG01882	(1, 0.0)	(2, 0.0)	(3, 0.0)	(4, 0.0)	(5, 0.0)	(6, 0.0)	(7, 0.0)	(8, 0.0)	(9, 0.0)	(10, 0.0)	(11, 0.0)	(12, 0.0)	(13, 0.0)	(14, 0.0)	(15, 0.0)	(16, 0.0)	(17, 0.0)	(18, 0.0)	(19, 0.0)	(20, 0.0)	(21, 0.0)	(22, 0.0)	(23, 0.0)	(24, 0.0)	(25, 0.0)	(26, 0.0)	(27, 0.0)	(28, 0.0)	(29, 0.0)	(30, 0.0)	(31, 0.0)	(32, 0.01246488924709229)	(33, 0.012401775883815871)	(34, 0.010287478214055915)	(35, 0.009656344581291746)	(36, 0.009372334446547873)	(37, 0.008457190679039831)	(38, 0.008046953817743122)	(39, 0.00792072709119029)	(40, 0.007857613727913873)	(41, 0.007636716956446415)	(42, 0.008046953817743122)	(43, 0.00754204691153179)	(44, 0.005995769511259581)	(45, 0.00640600637255629)	(46, 0.006185109601088832)	(47, 0.007605160274808205)	(48, 0.00716336673187329)	(49, 0.006532233099109124)	(50, 0.007573603593169998)	(51, 0.00735270682170254)	(52, 0.00792072709119029)	(53, 0.006469119735832706)	(54, 0.007321150140064331)	(55, 0.007857613727913873)	(56, 0.00905676763016579)	(57, 0.011991539022519163)	(58, 0.008394077315763415)	(59, 0.008614974087230873)	(60, 0.009372334446547873)	(61, 0.009277664401633247)	(62, 0.009624787899653538)	(63, 0.009908798034397414)	(64, 0.010855498483543663)	(65, 0.010319034895694123)	(66, 0.010066581442588455)	(67, 0.011202621981563956)	(68, 0.01053993166716158)	(69, 0.011423518753031414)	(70, 0.012370219202177664)	(71, 0.013253806288047497)	(72, 0.013127579561494662)	(73, 0.01372715651262062)	(74, 0.014642300280128662)	(75, 0.015525887365998496)	(76, 0.015304990594531038)	(77, 0.017229948174461746)	(78, 0.01868155552981933)	(79, 0.019502029252412744)	(80, 0.020795853199579287)	(81, 0.022373687281489703)	(82, 0.028337900111111078)	(83, 0.030641537870700286)	(84, 0.03392343276107395)	(85, 0.03758400783110612)	(86, 0.042853973664686906)	(87, 0.04780837268188561)	(88, 0.05768561403464482)	(89, 0.06544855771764406)	(90, 0.07204390418002961)	(91, 0.08883205881155644)	(92, 0.10208586509960393)	(93, 0.11174220968089568)	(94, 0.12692097354887388)	(95, 0.1474328166137093)	(96, 0.16510455833110596)	(97, 0.1829656401383319)	(98, 0.20600201773422394)	(99, 0.23784270950717615)	(100, 0.26119465391945035)	(101, 0.2988417751138328)	(102, 0.3285997258986633)	(103, 0.373094647008537)	(104, 0.40042273330722544)	(105, 0.45451088563511455)	(106, 0.4983115597489477)	(107, 0.5591528419474133)	(108, 0.6042473400084131)	(109, 0.6614280471368466)	(110, 0.7141908188359308)	(111, 0.7864871764690661)	(112, 0.8506419102395435)	(113, 0.9138499435608748)	(114, 0.9928047610196722)	(115, 1.0754517102301397)	(116, 1.13973267072717)	(117, 1.2291958631714905)	(118, 1.3064150631401865)	(119, 1.383003129476118)	(120, 1.471140941291634)	(121, 1.550253542158622)	(122, 1.6266838250863627)	(123, 1.7169359345716384)	(124, 1.803054118762309)	(125, 1.8948209489662189)	(126, 1.9788879488504059)	(127, 2.057337859402992)	(128, 2.153427954991336)	(129, 2.2391990156839863)	(130, 2.323550025702917)	(131, 2.4017159261207595)	(132, 2.48060763021628)	(133, 2.5578583868666143)	(134, 2.65779839761482)	(135, 2.7316725893298655)	(136, 2.8116372206010856)	(137, 2.894410396538106)	(138, 2.9687263817960865)	(139, 3.0331335690196695)	(140, 3.095773582071513)	(141, 3.174002595852632)	(142, 3.237841762806727)	(143, 3.2957798302944776)	(144, 3.3797206034521117)	(145, 3.421280753169632)	(146, 3.4848359099889836)	(147, 3.535989290924519)	(148, 3.570354517228528)	(149, 3.62068742444147)	(150, 3.6827909739054645)																						
HG01886	(1, 0.0)	(2, 0.0)	(3, 0.0)	(4, 0.0)	(5, 0.0)	(6, 0.0)	(7, 0.0)	(8, 0.0)	(9, 0.0)	(10, 0.0)	(11, 0.0)	(12, 0.0)	(13, 0.0)	(14, 0.0)	(15, 0.0)	(16, 0.0)	(17, 0.0)	(18, 0.0)	(19, 0.0)	(20, 0.0)	(21, 0.0)	(22, 0.0)	(23, 0.0)	(24, 0.0)	(25, 0.0)	(26, 0.0)	(27, 0.0)	(28, 0.0)	(29, 0.0)	(30, 0.0)	(31, 0.0)	(32, 0.12200859049006929)	(33, 0.11014907541732583)	(34, 0.10507267782161277)	(35, 0.09754560552452096)	(36, 0.08621123503064437)	(37, 0.08345422599159331)	(38, 0.07448300610261763)	(39, 0.07220737959419452)	(40, 0.06577435850307538)	(41, 0.06074172295560122)	(42, 0.059210051267239515)	(43, 0.05382731933385411)	(44, 0.051245358487758665)	(45, 0.057547093434161097)	(46, 0.05067645186065289)	(47, 0.04931982836524681)	(48, 0.04595015065085106)	(49, 0.04192404221287173)	(50, 0.03916703317382067)	(51, 0.035666069314708206)	(52, 0.03977970184916535)	(53, 0.04113632534457143)	(54, 0.03614745184533617)	(55, 0.03929831931853738)	(56, 0.03816050606432583)	(57, 0.04258047293645532)	(58, 0.04026108437979331)	(59, 0.03960465365620973)	(60, 0.04183651811639392)	(61, 0.03964841570444863)	(62, 0.04104880124809362)	(63, 0.04179275606815502)	(64, 0.04153018377872158)	(65, 0.04047989462098784)	(66, 0.041705231971677206)	(67, 0.042711759081172036)	(68, 0.04082999100689909)	(69, 0.04314937956356109)	(70, 0.04266799703293313)	(71, 0.043018093418844376)	(72, 0.04174899401991611)	(73, 0.04074246691042128)	(74, 0.03912327112558176)	(75, 0.043324427756516716)	(76, 0.04284304522588875)	(77, 0.04516243378255076)	(78, 0.04100503919985471)	(79, 0.04258047293645532)	(80, 0.04148642173048267)	(81, 0.04634400908500121)	(82, 0.04638777113324012)	(83, 0.045775102457895435)	(84, 0.04643153318147902)	(85, 0.04831330125575198)	(86, 0.045206195830789664)	(87, 0.053127126562031605)	(88, 0.05868490668837264)	(89, 0.061223105486229175)	(90, 0.0629298253675465)	(91, 0.06039162656968997)	(92, 0.06616821693722554)	(93, 0.0652492139242085)	(94, 0.0675248404326316)	(95, 0.07207609344947781)	(96, 0.07982197598776414)	(97, 0.07706496694871307)	(98, 0.08586113864473313)	(99, 0.08376056032926565)	(100, 0.09054367780629605)	(101, 0.13132990676495623)	(102, 0.13802550014550882)	(103, 0.14078250918455987)	(104, 0.15294835859497566)	(105, 0.16100057547093435)	(106, 0.16585816282545288)	(107, 0.17675491283694042)	(108, 0.18436950923051001)	(109, 0.19574764177262552)	(110, 0.20279333153908935)	(111, 0.216884711072017)	(112, 0.22922560867538844)	(113, 0.25211315990433614)	(114, 0.2652855364242468)	(115, 0.27491318703680606)	(116, 0.2898798075345118)	(117, 0.3163120846708109)	(118, 0.33062227444493314)	(119, 0.34965876542885715)	(120, 0.366901012434986)	(121, 0.39784078053989236)	(122, 0.4126761148928814)	(123, 0.44650417818155563)	(124, 0.47092340109886505)	(125, 0.5014255487213823)	(126, 0.5267200126034699)	(127, 0.5626924162558504)	(128, 0.586586494594293)	(129, 0.6230402807773014)	(130, 0.6494725579136006)	(131, 0.690608883258172)	(132, 0.730563633300293)	(133, 0.7656607959878954)	(134, 0.8057468321747332)	(135, 0.8560731876494747)	(136, 0.8988287087788858)	(137, 0.9314751967651094)	(138, 0.9879282389932977)	(139, 1.0390860733845786)	(140, 1.082585549334051)	(141, 1.1334808114358985)	(142, 1.1998240765660795)	(143, 1.2394724922705282)	(144, 1.303146272458136)	(145, 1.3540415345599834)	(146, 1.4222228057161987)	(147, 1.7784458783808916)	(148, 2.2568963517768483)	(149, 5.9856416719728145)	(150, 2.870133933748635)	(151, 1.8352927790432305)	(152, 1.955725935796699)	(153, 2.0958957763059143)	(154, 2.474918876103077)	(155, 2.252957767435347)	(156, 2.259872171057094)	(157, 2.475969165260811)	(158, 2.5550471864285136)	(159, 2.4709802917615757)	(160, 2.7124592739438578)	(161, 5.453713975628915)	(162, 2.8152125632088083)	(163, 2.8998046024546134)	(164, 2.93993440068969)	(165, 3.07192073817823)	(166, 3.239441858836761)	(167, 3.2241251419531443)	(168, 3.347577880035097)	(169, 3.46783598859561)	(170, 3.579691783894253)		
HG01890	(1, 0.0)	(2, 0.0)	(3, 0.0)	(4, 0.0)	(5, 0.0)	(6, 0.0)	(7, 0.0)	(8, 0.0)	(9, 0.0)	(10, 0.0)	(11, 0.0)	(12, 0.0)	(13, 0.0)	(14, 0.0)	(15, 0.0)	(16, 0.0)	(17, 0.0)	(18, 0.0)	(19, 0.0)	(20, 0.0)	(21, 0.0)	(22, 0.0)	(23, 0.0)	(24, 0.0)	(25, 0.0)	(26, 0.0)	(27, 0.0)	(28, 0.0)	(29, 0.0)	(30, 0.0)	(31, 0.0)	(32, 0.005590103607798331)	(33, 0.0051583476380903295)	(34, 0.004567523679542539)	(35, 0.00420393970505159)	(36, 0.003908527725777695)	(37, 0.003772183735343589)	(38, 0.0037949077337492733)	(39, 0.0031586357783901136)	(40, 0.0025678118198423226)	(41, 0.0022951238389741116)	(42, 0.0024541918278139013)	(43, 0.0022042278453513744)	(44, 0.0018406438708604262)	(45, 0.0020224358581059)	(46, 0.0018406438708604262)	(47, 0.001999711859700216)	(48, 0.0014088879011524248)	(49, 0.001431611899558109)	(50, 0.001431611899558109)	(51, 0.0013861639027467406)	(52, 0.0017270238788320046)	(53, 0.001340715905935372)	(54, 0.001499783894775162)	(55, 0.001749747877237689)	(56, 0.0019769878612945317)	(57, 0.0022042278453513744)	(58, 0.001499783894775162)	(59, 0.001681575882020636)	(60, 0.0016588518836149516)	(61, 0.0020678838549172684)	(62, 0.0022269518437570586)	(63, 0.0022269518437570586)	(64, 0.002431467829408217)	(65, 0.002363295834191164)	(66, 0.0029541197927389555)	(67, 0.0030450157863616927)	(68, 0.002931395794333271)	(69, 0.004294835698674328)	(70, 0.004317559697080012)	(71, 0.004794763663599382)	(72, 0.005817343591855173)	(73, 0.006953543512139388)	(74, 0.00797612344039518)	(75, 0.009544079330387395)	(76, 0.010975691229945505)	(77, 0.013611675045004878)	(78, 0.015202354933402778)	(79, 0.018951814670340683)	(80, 0.021246938509314795)	(81, 0.025655394200017542)	(82, 0.03165452977911819)	(83, 0.03590391748098115)	(84, 0.041471297090373796)	(85, 0.050560896452647504)	(86, 0.060445835759120166)	(87, 0.06567235539242755)	(88, 0.0765571506287503)	(89, 0.08546495800377854)	(90, 0.09875849707110383)	(91, 0.11611963185304663)	(92, 0.12775431903675696)	(93, 0.14082061812002544)	(94, 0.1552958051044463)	(95, 0.17097536400436847)	(96, 0.18892732274485904)	(97, 0.205265877598546)	(98, 0.2291487999229202)	(99, 0.24380577889458657)	(100, 0.2657344373560719)	(101, 0.29152617554652355)	(102, 0.3144092419410476)	(103, 0.3405645641059902)	(104, 0.3670380222486124)	(105, 0.3893529886829943)	(106, 0.42571138613208914)	(107, 0.4566387479622254)	(108, 0.48456654200281135)	(109, 0.5185161956209037)	(110, 0.5510342373394379)	(111, 0.5859155748921633)	(112, 0.6200242964990953)	(113, 0.649270082447211)	(114, 0.703330474654334)	(115, 0.7269634329962456)	(116, 0.7651624743162008)	(117, 0.813587314918714)	(118, 0.8458781166531913)	(119, 0.8975524890277173)	(120, 0.9351379823907192)	(121, 0.9810631831686071)	(122, 1.0217618643131876)	(123, 1.0641648453381944)	(124, 1.1161119056935886)	(125, 1.1474710234934329)	(126, 1.194327908205954)	(127, 1.2342085254079298)	(128, 1.27522534253019)	(129, 1.3076979362519128)	(130, 1.3469422814985295)	(131, 1.4039567934983914)	(132, 1.4279306118163884)	(133, 1.468538396967346)	(134, 1.501510918653994)	(135, 1.539664511977138)	(136, 1.5570256467590806)	(137, 1.590339028421814)	(138, 1.6158353546329915)	(139, 1.6528073000390398)	(140, 1.7005958686861937)	(141, 1.7041180884390748)	(142, 1.7269557068367876)	(143, 1.7646093721950065)	(144, 1.7794254191555126)	(145, 1.7843338028111402)	(146, 1.7999906377126569)	(147, 1.8087848250956569)	(148, 1.8333949153690128)	(149, 1.8524830740297875)	(150, 1.8500743301987852)	(151, 1.8637769012374124)	(152, 1.8730937405837433)	(153, 1.8683671489153608)	(154, 1.8786838441915414)	(155, 1.882842335899782)	(156, 1.8832968158678953)	(157, 1.8852510797307844)	(158, 1.8645040691863946)	(159, 1.8705713767607122)	(160, 1.8717757486762137)	(161, 1.8768886483174925)	(162, 1.8669809850126142)	(163, 1.8532784139739866)	(164, 1.849278990254586)	(165, 1.8488245102864724)	(166, 1.8235099760625402)	(167, 1.820078652303282)	(168, 1.8145339966922949)	(169, 1.8035583054623494)	(170, 1.7903556623886467)	(171, 1.7783346672320395)	(172, 1.7663818440706498)
HG02013	(1, 0.0)	(2, 0.0)	(3, 0.0)	(4, 0.0)	(5, 0.0)	(6, 0.0)	(7, 0.0)	(8, 0.0)	(9, 0.0)	(10, 0.0)	(11, 0.0)	(12, 0.0)	(13, 0.0)	(14, 0.0)	(15, 0.0)	(16, 0.0)	(17, 0.0)	(18, 0.0)	(19, 0.0)	(20, 0.0)	(21, 0.0)	(22, 0.0)	(23, 0.0)	(24, 0.0)	(25, 0.0)	(26, 0.0)	(27, 0.0)	(28, 0.0)	(29, 0.0)	(30, 0.0)	(31, 0.0)	(32, 0.03273756857193417)	(33, 0.02987898670078815)	(34, 0.031036031743871064)	(35, 0.028585818711460192)	(36, 0.026475913044661938)	(37, 0.021983855818575336)	(38, 0.022732532022923104)	(39, 0.019669765732409514)	(40, 0.01755986006561126)	(41, 0.017015368280631066)	(42, 0.015858323237548152)	(43, 0.015381892925690484)	(44, 0.01388454051699495)	(45, 0.012659434000789513)	(46, 0.014973524086955337)	(47, 0.011638511903951649)	(48, 0.01245524958142194)	(49, 0.010073098022133591)	(50, 0.011434327484584075)	(51, 0.01054952833399126)	(52, 0.010073098022133591)	(53, 0.010957897172726407)	(54, 0.011706573377074174)	(55, 0.010617589807113784)	(56, 0.01293167989327961)	(57, 0.012863618420157086)	(58, 0.012251065162054367)	(59, 0.010821774226481357)	(60, 0.012387188108299417)	(61, 0.013067802839524658)	(62, 0.010957897172726407)	(63, 0.013748417570749901)	(64, 0.010957897172726407)	(65, 0.013612294624504855)	(66, 0.013408110205137281)	(67, 0.011842696323319222)	(68, 0.01681118386126349)	(69, 0.014156786409485046)	(70, 0.015109647033200387)	(71, 0.014633216721342717)	(72, 0.014837401140710289)	(73, 0.01531383145256796)	(74, 0.01681118386126349)	(75, 0.015449954398813007)	(76, 0.016130569130038252)	(77, 0.016334753549405823)	(78, 0.01504158556007786)	(79, 0.01449709377509767)	(80, 0.0185127206893266)	(81, 0.01790016743122388)	(82, 0.02089487224861495)	(83, 0.021643548452962715)	(84, 0.02422988443161864)	(85, 0.025114683582211455)	(86, 0.027088466302764656)	(87, 0.026816220410274563)	(88, 0.029062249023317863)	(89, 0.034234920980629704)	(90, 0.03409879803438466)	(91, 0.05247539577746621)	(92, 0.057035514476675334)	(93, 0.06431809210078543)	(94, 0.06989913289683242)	(95, 0.07534405074663436)	(96, 0.08391979636007241)	(97, 0.09644310741461688)	(98, 0.108013557845446)	(99, 0.12441637286797434)	(100, 0.13700774539564134)	(101, 0.15592883492370307)	(102, 0.17205940405374134)	(103, 0.1952683663885221)	(104, 0.22242489416440928)	(105, 0.24393231967112694)	(106, 0.2836121585015586)	(107, 0.3129466534173666)	(108, 0.36024937723752093)	(109, 0.3944842982181507)	(110, 0.44062997699522205)	(111, 0.49072322121339995)	(112, 0.5478267971631978)	(113, 0.614186733457659)	(114, 0.6537985108149681)	(115, 0.7311163442821557)	(116, 0.7938009610280005)	(117, 0.8835740440766101)	(118, 0.9583055415651416)	(119, 1.039366756054068)	(120, 1.140233859221649)	(121, 1.2318446020445666)	(122, 1.322230238351279)	(123, 1.4446047670255775)	(124, 1.531655391149286)	(125, 1.622789703660346)	(126, 1.7267876345915631)	(127, 1.8458952125559807)	(128, 1.9579243973156555)	(129, 2.0589276234294815)	(130, 2.1847732872330288)	(131, 2.3111634428215564)	(132, 2.4487837414753004)	(133, 2.55904332793379)	(134, 2.708710507330221)	(135, 2.8360535235424633)	(136, 2.9834066128527286)	(137, 3.0780801219661598)	(138, 3.165266869036113)	(139, 3.3239862243578404)	(140, 3.442957679376012)	(141, 3.6144045301716514)	(142, 3.728067190286267)	(143, 3.875079972230919)	(144, 4.030055946530907)	(145, 4.107714087363707)	(146, 4.218450104134054)	(147, 4.338374419775941)	(148, 4.458502919837197)	(149, 4.583599907436397)	(150, 4.724010726488164)																						
HG02651	(1, 0.0)	(2, 0.0)	(3, 0.0)	(4, 0.0)	(5, 0.0)	(6, 0.0)	(7, 0.0)	(8, 0.0)	(9, 0.0)	(10, 0.0)	(11, 0.0)	(12, 0.0)	(13, 0.0)	(14, 0.0)	(15, 0.0)	(16, 0.0)	(17, 0.0)	(18, 0.0)	(19, 0.0)	(20, 0.0)	(21, 0.0)	(22, 0.0)	(23, 0.0)	(24, 0.0)	(25, 0.0)	(26, 0.0)	(27, 0.0)	(28, 0.0)	(29, 0.0)	(30, 0.0)	(31, 0.0)	(32, 0.01474443070645952)	(33, 0.016153454801274763)	(34, 0.013083795166141554)	(35, 0.012731539142437742)	(36, 0.012731539142437742)	(37, 0.010467036132913242)	(38, 0.011322515047622498)	(39, 0.00805156625608711)	(40, 0.009208978905399632)	(41, 0.008554789147092555)	(42, 0.006642542161271866)	(43, 0.007296731919578943)	(44, 0.006743186739472954)	(45, 0.0076489879432827534)	(46, 0.006743186739472954)	(47, 0.006239963848467511)	(48, 0.005736740957462066)	(49, 0.006390930715769144)	(50, 0.005132873488255533)	(51, 0.005636096379260977)	(52, 0.005485129511959344)	(53, 0.005384484933758255)	(54, 0.006491575293970232)	(55, 0.00578706324656261)	(56, 0.004981906620953899)	(57, 0.006239963848467511)	(58, 0.006441253004869687)	(59, 0.005535451801059888)	(60, 0.0054348072228588)	(61, 0.005283840355557166)	(62, 0.005233518066456621)	(63, 0.005938030113864243)	(64, 0.006441253004869687)	(65, 0.006139319270266421)	(66, 0.005938030113864243)	(67, 0.010517358422013788)	(68, 0.006340608426668599)	(69, 0.005938030113864243)	(70, 0.00578706324656261)	(71, 0.006441253004869687)	(72, 0.006390930715769144)	(73, 0.006642542161271866)	(74, 0.006843831317674044)	(75, 0.006894153606774587)	(76, 0.005686418668361521)	(77, 0.006692864450372411)	(78, 0.006038674692065333)	(79, 0.006491575293970232)	(80, 0.006541897583070777)	(81, 0.006390930715769144)	(82, 0.006491575293970232)	(83, 0.006793509028573499)	(84, 0.011876060227728486)	(85, 0.006843831317674044)	(86, 0.0081522108342882)	(87, 0.013285084322543732)	(88, 0.026570168645087464)	(89, 0.03346432225186205)	(90, 0.05268743668827002)	(91, 0.06461381920509905)	(92, 0.06889121377864534)	(93, 0.07789890352764278)	(94, 0.08947303002076801)	(95, 0.10004071073188234)	(96, 0.11171548180320864)	(97, 0.1289760269646954)	(98, 0.13989596369951354)	(99, 0.15942101187052476)	(100, 0.18005315040174802)	(101, 0.2009872226675745)	(102, 0.2240851533647244)	(103, 0.24602567141256176)	(104, 0.27501130993447537)	(105, 0.29770666231882087)	(106, 0.3228678068690931)	(107, 0.353916659244129)	(108, 0.38249971945323824)	(109, 0.40262863509345603)	(110, 0.44696257179103566)	(111, 0.4796720597063896)	(112, 0.5215905265271431)	(113, 0.553746469262391)	(114, 0.5807192162202828)	(115, 0.635822122785379)	(116, 0.6634993817906784)	(117, 0.7231312943748236)	(118, 0.7613259118021367)	(119, 0.8005772973005615)	(120, 0.8499434629081956)	(121, 0.8871819568425985)	(122, 0.9154630833171045)	(123, 0.9710188904841054)	(124, 1.019579899466131)	(125, 1.0557113030403218)	(126, 1.0970259023918687)	(127, 1.151776552933261)	(128, 1.1982743480621643)	(129, 1.2369721883804827)	(130, 1.269882965452239)	(131, 1.342548350913425)	(132, 1.3722888237718467)	(133, 1.4160692152893204)	(134, 1.45577350138965)	(135, 1.4703669652288078)	(136, 1.5306530675712602)	(137, 1.5599909621168775)	(138, 1.6085519710989027)	(139, 1.640707913834151)	(140, 1.6844883053516244)	(141, 1.717801660736185)	(142, 1.731137067347829)	(143, 1.7928321937850968)	(144, 1.78110710042467)	(145, 1.8449157630041604)	(146, 1.8694227177961253)	(147, 1.914863744853917)	(148, 1.9363010400107488)	(149, 1.9555241544471569)	(150, 1.9733885670778502)	(151, 1.9872775188696001)	(152, 2.036341750742631)	(153, 2.0558164766245417)	(154, 2.077253771781374)	(155, 2.0868653289995778)	(156, 2.1379424524366306)	(157, 2.1372379403892228)	(158, 2.167582280716851)	(159, 2.1986814553809877)	(160, 2.215640066807871)	(161, 2.241908301718355)	(162, 2.238838642083222)	(163, 2.2712461962639723)	(164, 2.3015402143025003)	(165, 2.3126111179046203)	(166, 2.311000804653403)	(167, 2.3239336329522424)	(168, 2.350705090753732)	(169, 2.375664946147602)	(170, 2.3927745244417875)		
HG02691	(1, 0.0)	(2, 0.0)	(3, 0.0)	(4, 0.0)	(5, 0.0)	(6, 0.0)	(7, 0.0)	(8, 0.0)	(9, 0.0)	(10, 0.0)	(11, 0.0)	(12, 0.0)	(13, 0.0)	(14, 0.0)	(15, 0.0)	(16, 0.0)	(17, 0.0)	(18, 0.0)	(19, 0.0)	(20, 0.0)	(21, 0.0)	(22, 0.0)	(23, 0.0)	(24, 0.0)	(25, 0.0)	(26, 0.0)	(27, 0.0)	(28, 0.0)	(29, 0.0)	(30, 0.0)	(31, 0.0)	(32, 0.017229625967293674)	(33, 0.018251145293417807)	(34, 0.015458992468678516)	(35, 0.014846080873004036)	(36, 0.014437473142554384)	(37, 0.01212202933667302)	(38, 0.012598738355530948)	(39, 0.010487598414874412)	(40, 0.009193673935117178)	(41, 0.01007899068442476)	(42, 0.00932987651193373)	(43, 0.009397977800342005)	(44, 0.007899749455359947)	(45, 0.0076273443017268435)	(46, 0.0071506352828689165)	(47, 0.007831648166951671)	(48, 0.007763546878543396)	(49, 0.006878230129235815)	(50, 0.006605824975602714)	(51, 0.005720508226295133)	(52, 0.0059929133799282355)	(53, 0.00681012884082754)	(54, 0.006197217245153061)	(55, 0.00606101466833651)	(56, 0.006605824975602714)	(57, 0.006401521110377887)	(58, 0.006333419821969612)	(59, 0.006469622398786163)	(60, 0.006537723687194437)	(61, 0.006673926264010989)	(62, 0.00681012884082754)	(63, 0.006197217245153061)	(64, 0.007014432706052365)	(65, 0.007218736571277192)	(66, 0.006946331417644091)	(67, 0.011849624183039918)	(68, 0.007423040436502018)	(69, 0.005924812091519959)	(70, 0.006537723687194437)	(71, 0.006946331417644091)	(72, 0.007082533994460642)	(73, 0.00681012884082754)	(74, 0.00681012884082754)	(75, 0.006333419821969612)	(76, 0.0071506352828689165)	(77, 0.006401521110377887)	(78, 0.008035952032176497)	(79, 0.006265318533561336)	(80, 0.009397977800342005)	(81, 0.010555699703282687)	(82, 0.008240255897401322)	(83, 0.010215193261241309)	(84, 0.009806585530791657)	(85, 0.014369371854146109)	(86, 0.019817474926808142)	(87, 0.019204563331133663)	(88, 0.02839823726625084)	(89, 0.03622988543320251)	(90, 0.05209748563233067)	(91, 0.05713698097454306)	(92, 0.07320888503889605)	(93, 0.07538812626796086)	(94, 0.08369648345377047)	(95, 0.08819116848871664)	(96, 0.10528459187919377)	(97, 0.11475067096794404)	(98, 0.12986915699458118)	(99, 0.1502314422286555)	(100, 0.1633068896030444)	(101, 0.18632512508504148)	(102, 0.20913905670181376)	(103, 0.22834362003294742)	(104, 0.25483502122376656)	(105, 0.268319076328605)	(106, 0.2963768071528145)	(107, 0.31258491379398406)	(108, 0.35344568683894934)	(109, 0.37489759268755607)	(110, 0.4015932977436)	(111, 0.43053634531711704)	(112, 0.4579130632572438)	(113, 0.49782041826449314)	(114, 0.5155267532506448)	(115, 0.5715741136106554)	(116, 0.6046713397770772)	(117, 0.6342272989462687)	(118, 0.6920452928048946)	(119, 0.7236442906263344)	(120, 0.7686592422642043)	(121, 0.8010073542581353)	(122, 0.8582805378094949)	(123, 0.8655673756691802)	(124, 0.9225681540669068)	(125, 0.9801137427718996)	(126, 0.9944831146260457)	(127, 1.0642188339561196)	(128, 1.0967712498152753)	(129, 1.1179507505102488)	(130, 1.1668474755873908)	(131, 1.2273895209823475)	(132, 1.2696804210838863)	(133, 1.3057741039402726)	(134, 1.3587569063219107)	(135, 1.3780295709414527)	(136, 1.4299227527085585)	(137, 1.4687404871012755)	(138, 1.5349349394341192)	(139, 1.552641274420271)	(140, 1.5967709093088331)	(141, 1.6555423212051747)	(142, 1.6858473945468573)	(143, 1.7119982892956354)	(144, 1.7704972960383438)	(145, 1.8099960433151434)	(146, 1.8522188421282744)	(147, 1.882864421911998)	(148, 1.921205447285857)	(149, 1.9342808946602459)	(150, 1.972145211015247)	(151, 2.0286692803941158)	(152, 2.076135878414684)	(153, 2.074160941050844)	(154, 2.1206741210336957)	(155, 2.1716138847630857)	(156, 2.202123261969993)	(157, 2.2655255614780976)	(158, 2.2828232887337996)	(159, 2.304479498447631)	(160, 2.353852932543631)	(161, 2.368290405686185)	(162, 2.429241058811592)	(163, 2.416914725609694)	(164, 2.5002026013330148)	(165, 2.519202860798923)	(166, 2.581651742269312)	(167, 2.6066449151151487)	(168, 2.6616026548606273)	(169, 2.7015781111562847)	(170, 2.7029401369244503)		
HG02813	(1, 0.0)	(2, 0.0)	(3, 0.0)	(4, 0.0)	(5, 0.0)	(6, 0.0)	(7, 0.0)	(8, 0.0)	(9, 0.0)	(10, 0.0)	(11, 0.0)	(12, 0.0)	(13, 0.0)	(14, 0.0)	(15, 0.0)	(16, 0.0)	(17, 0.0)	(18, 0.0)	(19, 0.0)	(20, 0.0)	(21, 0.0)	(22, 0.0)	(23, 0.0)	(24, 0.0)	(25, 0.0)	(26, 0.0)	(27, 0.0)	(28, 0.0)	(29, 0.0)	(30, 0.0)	(31, 0.0)	(32, 0.03389256058295204)	(33, 0.01694628029147602)	(34, 0.01694628029147602)	(35, 0.0)	(36, 0.01694628029147602)	(37, 0.0)	(38, 0.01694628029147602)	(39, 0.0)	(40, 0.01694628029147602)	(41, 0.01694628029147602)	(42, 0.0)	(43, 0.0)	(44, 0.01694628029147602)	(45, 0.01694628029147602)	(46, 0.0)	(47, 0.0)	(48, 0.0)	(49, 0.0)	(50, 0.0)	(51, 0.01694628029147602)	(52, 0.01694628029147602)	(53, 0.0)	(54, 0.0)	(55, 0.0)	(56, 0.01694628029147602)	(57, 0.03389256058295204)	(58, 0.01694628029147602)	(59, 0.0)	(60, 0.0)	(61, 0.0)	(62, 0.0)	(63, 0.0)	(64, 0.01694628029147602)	(65, 0.01694628029147602)	(66, 0.0)	(67, 0.0)	(68, 0.0)	(69, 0.01694628029147602)	(70, 0.01694628029147602)	(71, 0.0)	(72, 0.0)	(73, 0.0)	(74, 0.0)	(75, 0.0)	(76, 0.01694628029147602)	(77, 0.0)	(78, 0.01694628029147602)	(79, 0.0)	(80, 0.0)	(81, 0.0)	(82, 0.0)	(83, 0.0)	(84, 0.0)	(85, 0.0)	(86, 0.03389256058295204)	(87, 0.01694628029147602)	(88, 0.0)	(89, 0.06778512116590409)	(90, 0.03389256058295204)	(91, 0.03389256058295204)	(92, 0.06778512116590409)	(93, 0.03389256058295204)	(94, 0.11862396204033215)	(95, 0.10167768174885612)	(96, 0.10167768174885612)	(97, 0.03389256058295204)	(98, 0.10167768174885612)	(99, 0.11862396204033215)	(100, 0.11862396204033215)	(101, 0.27114048466361634)	(102, 0.1694628029147602)	(103, 0.2372479240806643)	(104, 0.3219793255380444)	(105, 0.2203016437891883)	(106, 0.2203016437891883)	(107, 0.3219793255380444)	(108, 0.2203016437891883)	(109, 0.2541942043721403)	(110, 0.2203016437891883)	(111, 0.3219793255380444)	(112, 0.5931198102016607)	(113, 0.5083884087442806)	(114, 0.4744958481613286)	(115, 0.5761735299101847)	(116, 0.5253346890357566)	(117, 0.5083884087442806)	(118, 0.5761735299101847)	(119, 0.5931198102016607)	(120, 0.6100660904931368)	(121, 0.7286900525334689)	(122, 0.6100660904931368)	(123, 0.8473140145738011)	(124, 1.1015082189459413)	(125, 0.8981528554482291)	(126, 1.2031859006947974)	(127, 1.1523470598203693)	(128, 0.9828842569056093)	(129, 1.0845619386544654)	(130, 0.9489916963226572)	(131, 1.2879173021521777)	(132, 1.1862396204033214)	(133, 1.2540247415692256)	(134, 1.3557024233180817)	(135, 1.4743263853584139)	(136, 1.4912726656498898)	(137, 1.525165226232842)	(138, 1.7454668700220302)	(139, 1.6607354685646498)	(140, 1.6607354685646498)	(141, 1.9488222335197425)	(142, 1.4912726656498898)	(143, 1.8979833926453145)	(144, 1.7963057108964582)	(145, 1.8132519911879343)	(146, 1.7624131503135063)	(147, 1.626842907981698)	(148, 2.186070157600407)	(149, 2.491103202846975)	(150, 1.9657685138112186)	(151, 2.1182850364345027)	(152, 2.0335536349771224)	(153, 1.9996610743941705)	(154, 1.9657685138112186)	(155, 2.2199627181833588)	(156, 2.186070157600407)	(157, 2.389425521098119)	(158, 2.389425521098119)	(159, 2.236908998474835)	(160, 2.4063718013895947)	(161, 2.508049483138451)	(162, 2.6266734451787834)	(163, 2.8130825283850194)	(164, 2.9486527707168277)	(165, 2.135231316725979)	(166, 2.3555329605151667)	(167, 2.372479240806643)	(168, 2.6266734451787834)	(169, 2.745297407219115)	(170, 2.6436197254702596)		
HG02814	(1, 0.0)	(2, 0.0)	(3, 0.0)	(4, 0.0)	(5, 0.0)	(6, 0.0)	(7, 0.0)	(8, 0.0)	(9, 0.0)	(10, 0.0)	(11, 0.0)	(12, 0.0)	(13, 0.0)	(14, 0.0)	(15, 0.0)	(16, 0.0)	(17, 0.0)	(18, 0.0)	(19, 0.0)	(20, 0.0)	(21, 0.0)	(22, 0.0)	(23, 0.0)	(24, 0.0)	(25, 0.0)	(26, 0.0)	(27, 0.0)	(28, 0.0)	(29, 0.0)	(30, 0.0)	(31, 0.0)	(32, 0.0)	(33, 0.0)	(34, 0.057273768613974804)	(35, 0.019091256204658267)	(36, 0.0)	(37, 0.019091256204658267)	(38, 0.019091256204658267)	(39, 0.0)	(40, 0.019091256204658267)	(41, 0.0)	(42, 0.0)	(43, 0.019091256204658267)	(44, 0.019091256204658267)	(45, 0.019091256204658267)	(46, 0.0)	(47, 0.0)	(48, 0.0)	(49, 0.019091256204658267)	(50, 0.038182512409316534)	(51, 0.019091256204658267)	(52, 0.019091256204658267)	(53, 0.019091256204658267)	(54, 0.019091256204658267)	(55, 0.019091256204658267)	(56, 0.019091256204658267)	(57, 0.0)	(58, 0.0)	(59, 0.0)	(60, 0.038182512409316534)	(61, 0.0)	(62, 0.0)	(63, 0.019091256204658267)	(64, 0.019091256204658267)	(65, 0.0)	(66, 0.0)	(67, 0.0)	(68, 0.038182512409316534)	(69, 0.019091256204658267)	(70, 0.038182512409316534)	(71, 0.019091256204658267)	(72, 0.0)	(73, 0.019091256204658267)	(74, 0.0)	(75, 0.019091256204658267)	(76, 0.0)	(77, 0.0)	(78, 0.038182512409316534)	(79, 0.0)	(80, 0.019091256204658267)	(81, 0.019091256204658267)	(82, 0.0)	(83, 0.019091256204658267)	(84, 0.0)	(85, 0.019091256204658267)	(86, 0.0)	(87, 0.038182512409316534)	(88, 0.11454753722794961)	(89, 0.038182512409316534)	(90, 0.038182512409316534)	(91, 0.057273768613974804)	(92, 0.019091256204658267)	(93, 0.07636502481863307)	(94, 0.11454753722794961)	(95, 0.15273004963726614)	(96, 0.15273004963726614)	(97, 0.11454753722794961)	(98, 0.1718213058419244)	(99, 0.09545628102329133)	(100, 0.11454753722794961)	(101, 0.09545628102329133)	(102, 0.15273004963726614)	(103, 0.30546009927453227)	(104, 0.24818633066055745)	(105, 0.22909507445589922)	(106, 0.30546009927453227)	(107, 0.21000381825124095)	(108, 0.3818251240931653)	(109, 0.47728140511645667)	(110, 0.45819014891179843)	(111, 0.45819014891179843)	(112, 0.22909507445589922)	(113, 0.3818251240931653)	(114, 0.5536464299350897)	(115, 0.6109201985490645)	(116, 0.4963726613211149)	(117, 0.7827415043909889)	(118, 0.45819014891179843)	(119, 0.6300114547537228)	(120, 0.6681939671630394)	(121, 0.9354715540282551)	(122, 0.7254677357770141)	(123, 0.9927453226422298)	(124, 0.8209240168003054)	(125, 0.859106529209622)	(126, 1.1263841160748376)	(127, 1.0500190912562046)	(128, 1.145475372279496)	(129, 1.0500190912562046)	(130, 1.3936617029400533)	(131, 1.088201603665521)	(132, 1.1263841160748376)	(133, 1.1263841160748376)	(134, 1.4700267277586865)	(135, 1.202749140893471)	(136, 1.4509354715540281)	(137, 1.4891179839633446)	(138, 1.6991218022145858)	(139, 1.5845742649866361)	(140, 1.2982054219167622)	(141, 1.7373043146239022)	(142, 1.6418480336006107)	(143, 1.6036655211912942)	(144, 1.7373043146239022)	(145, 1.8900343642611683)	(146, 1.6800305460099276)	(147, 1.718213058419244)	(148, 2.176403207331042)	(149, 1.9473081328751431)	(150, 1.8709431080565102)	(151, 1.9663993890798013)	(152, 2.271859488354334)	(153, 2.2336769759450172)	(154, 2.3673157693776252)	(155, 2.176403207331042)	(156, 2.3673157693776252)	(157, 2.386407025582283)	(158, 2.1191294387170676)	(159, 2.6727758686521574)	(160, 2.6345933562428407)	(161, 1.9091256204658267)	(162, 2.520045819014891)	(163, 2.8445971744940817)	(164, 2.691867124856816)	(165, 2.386407025582283)	(166, 2.5009545628102328)	(167, 2.5391370752195495)	(168, 2.7682321496754487)	(169, 2.252768232149675)	(170, 2.6155021000381824)		
HG02840	(1, 0.0)	(2, 0.0)	(3, 0.0)	(4, 0.0)	(5, 0.0)	(6, 0.0)	(7, 0.0)	(8, 0.0)	(9, 0.0)	(10, 0.0)	(11, 0.0)	(12, 0.0)	(13, 0.0)	(14, 0.0)	(15, 0.0)	(16, 0.0)	(17, 0.0)	(18, 0.0)	(19, 0.0)	(20, 0.0)	(21, 0.0)	(22, 0.0)	(23, 0.0)	(24, 0.0)	(25, 0.0)	(26, 0.0)	(27, 0.0)	(28, 0.0)	(29, 0.0)	(30, 0.0)	(31, 0.0)	(32, 0.017420085358418255)	(33, 0.03484017071683651)	(34, 0.03484017071683651)	(35, 0.017420085358418255)	(36, 0.026130128037627383)	(37, 0.0)	(38, 0.017420085358418255)	(39, 0.008710042679209128)	(40, 0.017420085358418255)	(41, 0.008710042679209128)	(42, 0.008710042679209128)	(43, 0.03484017071683651)	(44, 0.008710042679209128)	(45, 0.008710042679209128)	(46, 0.008710042679209128)	(47, 0.0)	(48, 0.026130128037627383)	(49, 0.017420085358418255)	(50, 0.008710042679209128)	(51, 0.0)	(52, 0.0)	(53, 0.017420085358418255)	(54, 0.0)	(55, 0.0)	(56, 0.017420085358418255)	(57, 0.0)	(58, 0.008710042679209128)	(59, 0.0)	(60, 0.0)	(61, 0.008710042679209128)	(62, 0.0)	(63, 0.008710042679209128)	(64, 0.008710042679209128)	(65, 0.0)	(66, 0.026130128037627383)	(67, 0.017420085358418255)	(68, 0.0)	(69, 0.008710042679209128)	(70, 0.0)	(71, 0.0)	(72, 0.017420085358418255)	(73, 0.0)	(74, 0.008710042679209128)	(75, 0.008710042679209128)	(76, 0.0)	(77, 0.008710042679209128)	(78, 0.0)	(79, 0.008710042679209128)	(80, 0.008710042679209128)	(81, 0.008710042679209128)	(82, 0.008710042679209128)	(83, 0.008710042679209128)	(84, 0.008710042679209128)	(85, 0.03484017071683651)	(86, 0.008710042679209128)	(87, 0.0)	(88, 0.04355021339604564)	(89, 0.0609702987544639)	(90, 0.09581046947130041)	(91, 0.026130128037627383)	(92, 0.07839038411288216)	(93, 0.08710042679209128)	(94, 0.06968034143367302)	(95, 0.10452051215050953)	(96, 0.13936068286734604)	(97, 0.16549081090497345)	(98, 0.11323055482971867)	(99, 0.2177510669802282)	(100, 0.2613012803762738)	(101, 0.1829108962633917)	(102, 0.270011323055483)	(103, 0.23517115233864647)	(104, 0.29614145109311035)	(105, 0.22646110965943733)	(106, 0.2177510669802282)	(107, 0.35711174984757427)	(108, 0.35711174984757427)	(109, 0.44421217663966556)	(110, 0.5138925180733386)	(111, 0.4355021339604564)	(112, 0.5138925180733386)	(113, 0.6097029875446389)	(114, 0.5313126034317568)	(115, 0.5138925180733386)	(116, 0.5661527741485933)	(117, 0.6968034143367302)	(118, 0.6532532009406846)	(119, 0.7055134570159394)	(120, 0.818744011845658)	(121, 0.8971343959585402)	(122, 0.9319745666753767)	(123, 0.818744011845658)	(124, 0.9755247800714224)	(125, 1.019074993467468)	(126, 0.9842348227506315)	(127, 1.1932758470516507)	(128, 1.0974653775803502)	(129, 1.0974653775803502)	(130, 1.3239264872397876)	(131, 1.2106959324100688)	(132, 1.4371570420695061)	(133, 1.2106959324100688)	(134, 1.6549081090497342)	(135, 1.4632871701071335)	(136, 1.4545771274279244)	(137, 1.628777981012107)	(138, 1.5416775542200156)	(139, 1.559097639578434)	(140, 1.7594286212002437)	(141, 1.550387596899225)	(142, 1.6461980663705251)	(143, 1.4981273408239701)	(144, 1.6636181517289432)	(145, 1.8029788345962896)	(146, 1.9336294747844267)	(147, 1.8291089626339168)	(148, 1.8639491333507534)	(149, 1.9249194321052172)	(150, 1.7681386638794532)	(151, 2.0904102430101905)	(152, 2.0904102430101905)	(153, 2.255901053915164)	(154, 2.0555700722933543)	(155, 2.1513805417646545)	(156, 2.2907412246320007)	(157, 2.160090584443864)	(158, 2.29945126731121)	(159, 2.107830328368609)	(160, 2.3255813953488373)	(161, 2.107830328368609)	(162, 2.2907412246320007)	(163, 2.656563017158784)	(164, 2.238480968556746)	(165, 2.4910722062538104)	(166, 2.430101907499347)	(167, 2.59559271840432)	(168, 2.3517115233864643)	(169, 2.569462590366693)	(170, 2.525912376970647)		
HG02878	(1, 0.0)	(2, 0.0)	(3, 0.0)	(4, 0.0)	(5, 0.0)	(6, 0.0)	(7, 0.0)	(8, 0.0)	(9, 0.0)	(10, 0.0)	(11, 0.0)	(12, 0.0)	(13, 0.0)	(14, 0.0)	(15, 0.0)	(16, 0.0)	(17, 0.0)	(18, 0.0)	(19, 0.0)	(20, 0.0)	(21, 0.0)	(22, 0.0)	(23, 0.0)	(24, 0.0)	(25, 0.0)	(26, 0.0)	(27, 0.0)	(28, 0.0)	(29, 0.0)	(30, 0.0)	(31, 0.0)	(32, 0.016627868307283005)	(33, 0.03325573661456601)	(34, 0.06651147322913202)	(35, 0.016627868307283005)	(36, 0.016627868307283005)	(37, 0.0)	(38, 0.016627868307283005)	(39, 0.03325573661456601)	(40, 0.016627868307283005)	(41, 0.0)	(42, 0.0)	(43, 0.016627868307283005)	(44, 0.03325573661456601)	(45, 0.0)	(46, 0.03325573661456601)	(47, 0.0)	(48, 0.0)	(49, 0.0)	(50, 0.0)	(51, 0.0)	(52, 0.0)	(53, 0.0)	(54, 0.016627868307283005)	(55, 0.0)	(56, 0.0)	(57, 0.0)	(58, 0.03325573661456601)	(59, 0.0)	(60, 0.0)	(61, 0.016627868307283005)	(62, 0.016627868307283005)	(63, 0.0)	(64, 0.0)	(65, 0.016627868307283005)	(66, 0.016627868307283005)	(67, 0.0)	(68, 0.016627868307283005)	(69, 0.016627868307283005)	(70, 0.016627868307283005)	(71, 0.0)	(72, 0.0)	(73, 0.0)	(74, 0.0)	(75, 0.016627868307283005)	(76, 0.0)	(77, 0.0)	(78, 0.0)	(79, 0.0)	(80, 0.0)	(81, 0.03325573661456601)	(82, 0.0)	(83, 0.0)	(84, 0.0)	(85, 0.016627868307283005)	(86, 0.0)	(87, 0.0)	(88, 0.0)	(89, 0.04988360492184902)	(90, 0.08313934153641503)	(91, 0.08313934153641503)	(92, 0.03325573661456601)	(93, 0.09976720984369804)	(94, 0.14965081476554706)	(95, 0.14965081476554706)	(96, 0.09976720984369804)	(97, 0.24941802460924511)	(98, 0.19953441968739608)	(99, 0.24941802460924511)	(100, 0.2660458929165281)	(101, 0.19953441968739608)	(102, 0.19953441968739608)	(103, 0.2826737612238111)	(104, 0.36581310276022616)	(105, 0.4156967076820751)	(106, 0.34918523445294314)	(107, 0.5154639175257731)	(108, 0.2993016295310941)	(109, 0.6318589956767542)	(110, 0.4156967076820751)	(111, 0.5653475224476222)	(112, 0.6318589956767542)	(113, 0.49883604921849023)	(114, 0.49883604921849023)	(115, 0.4655803126039242)	(116, 0.6983704689058863)	(117, 0.7316262055204523)	(118, 0.8646491519787164)	(119, 1.0142999667442634)	(120, 0.9810442301296974)	(121, 0.9810442301296974)	(122, 0.7648819421350184)	(123, 0.8812770202859994)	(124, 0.7648819421350184)	(125, 1.0309278350515463)	(126, 1.3302294645826405)	(127, 1.1473229132025273)	(128, 1.1805786498170934)	(129, 1.0475557033588294)	(130, 1.3468573328899236)	(131, 1.3468573328899236)	(132, 1.2803458596607915)	(133, 1.3801130695044894)	(134, 1.2803458596607915)	(135, 1.7625540405719988)	(136, 1.5796474891918857)	(137, 1.3468573328899236)	(138, 1.4133688061190555)	(139, 1.5630196208846026)	(140, 1.9288327236448288)	(141, 1.945460591952112)	(142, 1.4299966744263386)	(143, 1.7958097771865646)	(144, 1.5962753574991686)	(145, 1.7958097771865646)	(146, 2.144995011639508)	(147, 1.8955769870302626)	(148, 1.945460591952112)	(149, 1.8456933821084136)	(150, 2.04522780179581)	(151, 1.8124376454938478)	(152, 1.8623212504156967)	(153, 1.9122048553375455)	(154, 1.8623212504156967)	(155, 2.21150648486864)	(156, 2.411040904556036)	(157, 1.9787163285666778)	(158, 2.0285999334885267)	(159, 2.095111406717659)	(160, 2.394413036248753)	(161, 2.460924509477885)	(162, 2.1117392750249415)	(163, 2.1948786165613567)	(164, 2.510808114399734)	(165, 2.0119720651812436)	(166, 2.228134353175923)	(167, 2.477552377785168)	(168, 2.1283671433322247)	(169, 2.5440638510143)	(170, 2.095111406717659)		
HG02977	(1, 0.0)	(2, 0.0)	(3, 0.0)	(4, 0.0)	(5, 0.0)	(6, 0.0)	(7, 0.0)	(8, 0.0)	(9, 0.0)	(10, 0.0)	(11, 0.0)	(12, 0.0)	(13, 0.0)	(14, 0.0)	(15, 0.0)	(16, 0.0)	(17, 0.0)	(18, 0.0)	(19, 0.0)	(20, 0.0)	(21, 0.0)	(22, 0.0)	(23, 0.0)	(24, 0.0)	(25, 0.0)	(26, 0.0)	(27, 0.0)	(28, 0.0)	(29, 0.0)	(30, 0.0)	(31, 0.0)	(32, 0.015577618530229934)	(33, 0.013837102493332736)	(34, 0.013880615394255166)	(35, 0.011400380041676657)	(36, 0.011835509050900956)	(37, 0.011008763933374787)	(38, 0.009355273698322447)	(39, 0.008485015679873848)	(40, 0.008354476977106557)	(41, 0.007397193156813097)	(42, 0.007832322166037398)	(43, 0.007266654454045808)	(44, 0.0070926028503560876)	(45, 0.005787215822683188)	(46, 0.0065704480392869274)	(47, 0.005352086813458889)	(48, 0.005613164218993468)	(49, 0.006396396435597208)	(50, 0.0048299320023897285)	(51, 0.0049604707051570185)	(52, 0.005874241624528048)	(53, 0.006135319030062629)	(54, 0.005482625516226179)	(55, 0.0048299320023897285)	(56, 0.005221548110691599)	(57, 0.006048293228217768)	(58, 0.005569651318071038)	(59, 0.005439112615303748)	(60, 0.005700190020838328)	(61, 0.005178035209769168)	(62, 0.006439909336519638)	(63, 0.006135319030062629)	(64, 0.0069620641475887975)	(65, 0.006483422237442069)	(66, 0.0065704480392869274)	(67, 0.010182018815848617)	(68, 0.006178831930985058)	(69, 0.006004780327295338)	(70, 0.005787215822683188)	(71, 0.005569651318071038)	(72, 0.005265061011614029)	(73, 0.006875038345743938)	(74, 0.006265857732829918)	(75, 0.006700986742054218)	(76, 0.006526935138364497)	(77, 0.006875038345743938)	(78, 0.0069620641475887975)	(79, 0.006265857732829918)	(80, 0.006004780327295338)	(81, 0.007310167354968238)	(82, 0.006396396435597208)	(83, 0.007310167354968238)	(84, 0.007397193156813097)	(85, 0.008180425373416837)	(86, 0.010269044617693476)	(87, 0.010138505914926188)	(88, 0.015751670133919655)	(89, 0.019145676405869193)	(90, 0.03611570776561689)	(91, 0.04647177818515523)	(92, 0.05156278759307953)	(93, 0.06043941938125526)	(94, 0.06883740925928424)	(95, 0.07344977675706181)	(96, 0.08789605986330858)	(97, 0.10003615922066654)	(98, 0.11204571987525722)	(99, 0.12301097090770957)	(100, 0.14359257304401896)	(101, 0.16665441053290683)	(102, 0.18684439656091437)	(103, 0.20385794082158448)	(104, 0.22700680411231722)	(105, 0.24919838358275653)	(106, 0.27552368864082666)	(107, 0.2948434166503856)	(108, 0.3289575309735707)	(109, 0.3580241487897539)	(110, 0.3807813959721848)	(111, 0.41711466824241383)	(112, 0.45536250815322976)	(113, 0.4919568578289934)	(114, 0.5463914968829533)	(115, 0.5711938504087385)	(116, 0.6203199155501619)	(117, 0.6624839165439965)	(118, 0.6991217791206826)	(119, 0.7593871468982482)	(120, 0.785277322947094)	(121, 0.8501115453215146)	(122, 0.8807881404718279)	(123, 0.9280866637745091)	(124, 0.9866985413170224)	(125, 1.023989097407545)	(126, 1.0814261266251524)	(127, 1.1112759766579394)	(128, 1.172063499246574)	(129, 1.2164466581874527)	(130, 1.2589587623886667)	(131, 1.3120445015140314)	(132, 1.3586903313028764)	(133, 1.3950236035731054)	(134, 1.4360127562420344)	(135, 1.4935803241624093)	(136, 1.527041744971758)	(137, 1.5774731971408544)	(138, 1.6097597696252974)	(139, 1.6698075728982507)	(140, 1.6993093197236582)	(141, 1.7304210438831957)	(142, 1.7854213506491472)	(143, 1.812225297617364)	(144, 1.8441637668944275)	(145, 1.8867628968974866)	(146, 1.9269253044488894)	(147, 1.9337133169927887)	(148, 1.9815775080074614)	(149, 1.9961543298164754)	(150, 2.0354464793494302)	(151, 2.0710400323039777)	(152, 2.0976264147675825)	(153, 2.131392425883388)	(154, 2.1347429192544154)	(155, 2.1775161008611637)	(156, 2.202100889882337)	(157, 2.2184617406291705)	(158, 2.2467886391296723)	(159, 2.245831355309379)	(160, 2.2754201279366315)	(161, 2.2967849622895447)	(162, 2.318802490156294)	(163, 2.333379311965308)	(164, 2.344736179106062)	(165, 2.353525785092393)	(166, 2.3669277585765016)	(167, 2.387900976821113)	(168, 2.398692176249875)	(169, 2.428933642390964)	(170, 2.419969984800944)		
HG02981	(1, 0.0)	(2, 0.0)	(3, 0.0)	(4, 0.0)	(5, 0.0)	(6, 0.0)	(7, 0.0)	(8, 0.0)	(9, 0.0)	(10, 0.0)	(11, 0.0)	(12, 0.0)	(13, 0.0)	(14, 0.0)	(15, 0.0)	(16, 0.0)	(17, 0.0)	(18, 0.0)	(19, 0.0)	(20, 0.0)	(21, 0.0)	(22, 0.0)	(23, 0.0)	(24, 0.0)	(25, 0.0)	(26, 0.0)	(27, 0.0)	(28, 0.0)	(29, 0.0)	(30, 0.0)	(31, 0.0)	(32, 0.013661589392711173)	(33, 0.013831650671458615)	(34, 0.015248827994353965)	(35, 0.013038031370637219)	(36, 0.010317050910678147)	(37, 0.010997296025667916)	(38, 0.009183309052361867)	(39, 0.007029199521560935)	(40, 0.010090302539014892)	(41, 0.006859138242813494)	(42, 0.00793619300821396)	(43, 0.006689076964066052)	(44, 0.006348954406571168)	(45, 0.0058387705703288415)	(46, 0.006462328592402795)	(47, 0.00595214475616047)	(48, 0.00538527382700233)	(49, 0.005271899641170702)	(50, 0.005215212548254888)	(51, 0.0044782803403493054)	(52, 0.005498648012833958)	(53, 0.00453496743326512)	(54, 0.0048750899907600035)	(55, 0.005441960919918144)	(56, 0.004988464176591632)	(57, 0.004251531968686049)	(58, 0.0043082190616018645)	(59, 0.006065518941992098)	(60, 0.0056687092915814)	(61, 0.005215212548254888)	(62, 0.005555335105749772)	(63, 0.005725396384497214)	(64, 0.005498648012833958)	(65, 0.005441960919918144)	(66, 0.004648341619096748)	(67, 0.00793619300821396)	(68, 0.005555335105749772)	(69, 0.0051585254553390735)	(70, 0.005555335105749772)	(71, 0.005555335105749772)	(72, 0.005328586734086516)	(73, 0.006292267313655354)	(74, 0.004988464176591632)	(75, 0.006065518941992098)	(76, 0.006178893127823727)	(77, 0.0061222060349079115)	(78, 0.005895457663244656)	(79, 0.005725396384497214)	(80, 0.005725396384497214)	(81, 0.00736932207905582)	(82, 0.008049567194045587)	(83, 0.00708588661447675)	(84, 0.00708588661447675)	(85, 0.00935337033110931)	(86, 0.011734228233573498)	(87, 0.014908705436859083)	(88, 0.025906001462527)	(89, 0.035089310514888866)	(90, 0.054929793035423766)	(91, 0.062355802207395394)	(92, 0.07068880486602006)	(93, 0.07930524298922378)	(94, 0.09251333563860845)	(95, 0.10487112189425589)	(96, 0.12119700465401033)	(97, 0.13582227462629035)	(98, 0.146592822280295)	(99, 0.17034471421202108)	(100, 0.18644384860011223)	(101, 0.20809831809395318)	(102, 0.22878910700822533)	(103, 0.2592867629969332)	(104, 0.28224503562783787)	(105, 0.30565680500206904)	(106, 0.32867176472588955)	(107, 0.36580181058574773)	(108, 0.39204793460576964)	(109, 0.42832767407189054)	(110, 0.4582017720385245)	(111, 0.4992432273095738)	(112, 0.5411349889743604)	(113, 0.5648301938131707)	(114, 0.5980488302618376)	(115, 0.6542824264343251)	(116, 0.6970811815857647)	(117, 0.7253680409507559)	(118, 0.777746914804968)	(119, 0.8105120545103086)	(120, 0.8524038161750951)	(121, 0.9056329964230444)	(122, 0.9470712613445044)	(123, 0.9939514871858827)	(124, 1.0374871745452279)	(125, 1.0864081357315754)	(126, 1.132211306807553)	(127, 1.1645796368624828)	(128, 1.2099859982880499)	(129, 1.2636686752793256)	(130, 1.2906517315072532)	(131, 1.339459318507769)	(132, 1.380217338314239)	(133, 1.4383216085529484)	(134, 1.4645110454800547)	(135, 1.4980698044862164)	(136, 1.5401316274297505)	(137, 1.5672280578435096)	(138, 1.615185338450288)	(139, 1.6651266673091203)	(140, 1.6861575787808873)	(141, 1.7037872646777055)	(142, 1.7593406157352034)	(143, 1.7828090722023502)	(144, 1.8189754374826395)	(145, 1.835924878264468)	(146, 1.8752090336551273)	(147, 1.921182266009852)	(148, 1.9426666742249459)	(149, 1.9580855634980472)	(150, 1.9698197917316207)	(151, 2.0079702052639634)	(152, 2.0373341193943553)	(153, 2.056267608428237)	(154, 2.076788336063762)	(155, 2.097082315327623)	(156, 2.099916669973414)	(157, 2.125709297250109)	(158, 2.1683379911228013)	(159, 2.18216964179426)	(160, 2.177351238896416)	(161, 2.2113634946459038)	(162, 2.226158825896931)	(163, 2.218789503817876)	(164, 2.233641522161819)	(165, 2.229389990193133)	(166, 2.2758734063841004)	(167, 2.25773353665104)	(168, 2.2611914493189045)	(169, 2.3025730271474485)	(170, 2.3014392852891326)		
HG02982	(1, 0.0)	(2, 0.0)	(3, 0.0)	(4, 0.0)	(5, 0.0)	(6, 0.0)	(7, 0.0)	(8, 0.0)	(9, 0.0)	(10, 0.0)	(11, 0.0)	(12, 0.0)	(13, 0.0)	(14, 0.0)	(15, 0.0)	(16, 0.0)	(17, 0.0)	(18, 0.0)	(19, 0.0)	(20, 0.0)	(21, 0.0)	(22, 0.0)	(23, 0.0)	(24, 0.0)	(25, 0.0)	(26, 0.0)	(27, 0.0)	(28, 0.0)	(29, 0.0)	(30, 0.0)	(31, 0.0)	(32, 0.0)	(33, 0.010385294423096894)	(34, 0.020770588846193788)	(35, 0.031155883269290686)	(36, 0.010385294423096894)	(37, 0.010385294423096894)	(38, 0.020770588846193788)	(39, 0.020770588846193788)	(40, 0.010385294423096894)	(41, 0.010385294423096894)	(42, 0.020770588846193788)	(43, 0.010385294423096894)	(44, 0.031155883269290686)	(45, 0.010385294423096894)	(46, 0.010385294423096894)	(47, 0.0)	(48, 0.0)	(49, 0.020770588846193788)	(50, 0.0)	(51, 0.020770588846193788)	(52, 0.0)	(53, 0.010385294423096894)	(54, 0.041541177692387576)	(55, 0.010385294423096894)	(56, 0.0)	(57, 0.010385294423096894)	(58, 0.010385294423096894)	(59, 0.010385294423096894)	(60, 0.0)	(61, 0.0)	(62, 0.0)	(63, 0.010385294423096894)	(64, 0.0)	(65, 0.010385294423096894)	(66, 0.0)	(67, 0.031155883269290686)	(68, 0.0)	(69, 0.0)	(70, 0.010385294423096894)	(71, 0.010385294423096894)	(72, 0.010385294423096894)	(73, 0.010385294423096894)	(74, 0.0)	(75, 0.010385294423096894)	(76, 0.0)	(77, 0.0)	(78, 0.020770588846193788)	(79, 0.0)	(80, 0.0)	(81, 0.0)	(82, 0.0)	(83, 0.020770588846193788)	(84, 0.0)	(85, 0.010385294423096894)	(86, 0.031155883269290686)	(87, 0.010385294423096894)	(88, 0.031155883269290686)	(89, 0.041541177692387576)	(90, 0.041541177692387576)	(91, 0.031155883269290686)	(92, 0.010385294423096894)	(93, 0.13500882750025964)	(94, 0.05192647211548448)	(95, 0.07269706096167827)	(96, 0.14539412192335655)	(97, 0.10385294423096895)	(98, 0.09346764980787206)	(99, 0.1765500051926472)	(100, 0.197320594038841)	(101, 0.18693529961574412)	(102, 0.18693529961574412)	(103, 0.22847647730813167)	(104, 0.30117353826980997)	(105, 0.15577941634645343)	(106, 0.2388617717312286)	(107, 0.28040294942361615)	(108, 0.32194412711600373)	(109, 0.2907882438467131)	(110, 0.3323294215391006)	(111, 0.3531000103852944)	(112, 0.4673382490393603)	(113, 0.4361823657700696)	(114, 0.7269706096167826)	(115, 0.5608058988472323)	(116, 0.591961782116523)	(117, 0.6127323709627168)	(118, 0.5400353100010385)	(119, 0.8619794371170423)	(120, 0.7477411984629765)	(121, 0.7996676705784609)	(122, 0.8619794371170423)	(123, 1.0489147367327862)	(124, 0.8619794371170423)	(125, 0.9139059092325267)	(126, 0.986602970194205)	(127, 0.9554470869249144)	(128, 1.173538269809949)	(129, 1.183923564233046)	(130, 1.2566206251947243)	(131, 1.287776508464015)	(132, 1.2358500363485303)	(133, 1.4124000415411777)	(134, 1.381244158271887)	(135, 1.4020147471180808)	(136, 1.3397029805794995)	(137, 1.6512618132724064)	(138, 1.8485824073112473)	(139, 1.588950046733825)	(140, 1.8070412296188596)	(141, 1.485097102502856)	(142, 1.7447294630802783)	(143, 1.6408765188493095)	(144, 1.7655000519264723)	(145, 1.8485824073112473)	(146, 1.7343441686571814)	(147, 2.0043618236577005)	(148, 1.796655935195763)	(149, 1.879738290580538)	(150, 2.336691245196801)	(151, 2.0459030013500885)	(152, 2.10821476788867)	(153, 2.066673590196282)	(154, 2.1497559455810573)	(155, 2.180911828850348)	(156, 2.367847128466092)	(157, 2.2328383009658324)	(158, 2.170526534427251)	(159, 2.263994184235123)	(160, 2.4405441894277704)	(161, 2.4717000726970606)	(162, 2.2224530065427355)	(163, 2.554782428081836)	(164, 2.4197736005815766)	(165, 2.2951500675044136)	(166, 2.554782428081836)	(167, 2.689791255582096)	(168, 2.367847128466092)	(169, 2.679405961158999)	(170, 2.367847128466092)		
HG03139	(1, 0.0)	(2, 0.0)	(3, 0.0)	(4, 0.0)	(5, 0.0)	(6, 0.0)	(7, 0.0)	(8, 0.0)	(9, 0.0)	(10, 0.0)	(11, 0.0)	(12, 0.0)	(13, 0.0)	(14, 0.0)	(15, 0.0)	(16, 0.0)	(17, 0.0)	(18, 0.0)	(19, 0.0)	(20, 0.0)	(21, 0.0)	(22, 0.0)	(23, 0.0)	(24, 0.0)	(25, 0.0)	(26, 0.0)	(27, 0.0)	(28, 0.0)	(29, 0.0)	(30, 0.0)	(31, 0.0)	(32, 0.013628244682084947)	(33, 0.012226758526835078)	(34, 0.013434936246878068)	(35, 0.011066907915593805)	(36, 0.011066907915593805)	(37, 0.01019701995716285)	(38, 0.010052038630757692)	(39, 0.008553898257904383)	(40, 0.007587356081869988)	(41, 0.007539028973068269)	(42, 0.007877318734680307)	(43, 0.008167281387490625)	(44, 0.007297393429059671)	(45, 0.006862449449844194)	(46, 0.007200739211456231)	(47, 0.006910776558645912)	(48, 0.007490701864266549)	(49, 0.007200739211456231)	(50, 0.007297393429059671)	(51, 0.006330851253025277)	(52, 0.006669141014637316)	(53, 0.006427505470628717)	(54, 0.0058959072738098)	(55, 0.006959103667447633)	(56, 0.0062341970354218386)	(57, 0.006572486797033876)	(58, 0.006717468123439034)	(59, 0.007587356081869988)	(60, 0.007152412102654511)	(61, 0.007732337408275148)	(62, 0.007635683190671708)	(63, 0.008022300061085464)	(64, 0.007635683190671708)	(65, 0.009327131998731896)	(66, 0.008360589822697502)	(67, 0.009327131998731896)	(68, 0.008022300061085464)	(69, 0.008215608496292345)	(70, 0.007732337408275148)	(71, 0.0090854964547233)	(72, 0.008408916931499224)	(73, 0.008505571149102662)	(74, 0.008215608496292345)	(75, 0.009858730195550813)	(76, 0.009907057304352533)	(77, 0.01024534706596457)	(78, 0.01174348743881788)	(79, 0.013193300702869469)	(80, 0.012806683832455713)	(81, 0.014739768184524498)	(82, 0.013724898899688387)	(83, 0.017301104951015642)	(84, 0.017494413386222523)	(85, 0.019572479064696467)	(86, 0.0238252646392478)	(87, 0.025420059229704545)	(88, 0.028368012866609445)	(89, 0.035858714730876)	(90, 0.039773210543815295)	(91, 0.045234173838409615)	(92, 0.05238658594106413)	(93, 0.05934568960851176)	(94, 0.06809289630162302)	(95, 0.07466538309865689)	(96, 0.08341258979176815)	(97, 0.09723414290905998)	(98, 0.10303339596526634)	(99, 0.11946461295785102)	(100, 0.13391441848956523)	(101, 0.15474340238310638)	(102, 0.17929357365437998)	(103, 0.19756122078143004)	(104, 0.2154422510380663)	(105, 0.24550171271273594)	(106, 0.2639626682749929)	(107, 0.28682139073820623)	(108, 0.3119998144239022)	(109, 0.34578046347630426)	(110, 0.37835293480866333)	(111, 0.41020049950899656)	(112, 0.43798858706998545)	(113, 0.4754420963913182)	(114, 0.5144904003031076)	(115, 0.5495275541843544)	(116, 0.5882858954433335)	(117, 0.6431371639332853)	(118, 0.676821158768084)	(119, 0.7283861838595189)	(120, 0.7478620087066119)	(121, 0.8065794459007014)	(122, 0.8601258824530068)	(123, 0.911787561762045)	(124, 0.939382340887827)	(125, 0.9937503382897617)	(126, 1.036616483796887)	(127, 1.0868283498418736)	(128, 1.1330290658563178)	(129, 1.1943078398168983)	(130, 1.2409434998105577)	(131, 1.2846312061673124)	(132, 1.3165270979764472)	(133, 1.3718616375544164)	(134, 1.4095084553109558)	(135, 1.468612509375459)	(136, 1.4988652794853357)	(137, 1.5315344050352981)	(138, 1.6148986677182644)	(139, 1.6526421396924076)	(140, 1.6973930424428)	(141, 1.7295305697959438)	(142, 1.777036117748034)	(143, 1.8010546908224887)	(144, 1.8415044808895282)	(145, 1.8869319631631447)	(146, 1.9347274737680453)	(147, 1.9505304383462077)	(148, 1.9768203855343434)	(149, 2.0160619978813394)	(150, 2.072411406744145)	(151, 2.083381660442135)	(152, 2.1144559914016408)	(153, 2.1461585747755687)	(154, 2.1672291942131183)	(155, 2.197771926975806)	(156, 2.2304893796345695)	(157, 2.2513666906369125)	(158, 2.267121328106273)	(159, 2.297132462672141)	(160, 2.315835053778407)	(161, 2.3572513860214803)	(162, 2.3536751799701534)	(163, 2.362180751119256)	(164, 2.3989093538085626)	(165, 2.3892922591570205)	(166, 2.405965111693614)	(167, 2.4219130575981813)	(168, 2.4244743943646725)	(169, 2.4610580157275743)	(170, 2.471255035684737)		
HG03157	(1, 0.0)	(2, 0.0)	(3, 0.0)	(4, 0.0)	(5, 0.0)	(6, 0.0)	(7, 0.0)	(8, 0.0)	(9, 0.0)	(10, 0.0)	(11, 0.0)	(12, 0.0)	(13, 0.0)	(14, 0.0)	(15, 0.0)	(16, 0.0)	(17, 0.0)	(18, 0.0)	(19, 0.0)	(20, 0.0)	(21, 0.0)	(22, 0.0)	(23, 0.0)	(24, 0.0)	(25, 0.0)	(26, 0.0)	(27, 0.0)	(28, 0.0)	(29, 0.0)	(30, 0.0)	(31, 0.0)	(32, 0.020430568357276628)	(33, 0.018669312464407953)	(34, 0.019960900119178313)	(35, 0.016849348041776988)	(36, 0.014442298321523135)	(37, 0.014559715381047713)	(38, 0.013561670375088796)	(39, 0.012857168017941326)	(40, 0.011800414482220122)	(41, 0.011389454773884098)	(42, 0.010039158589351447)	(43, 0.010450118297687471)	(44, 0.011330746244121809)	(45, 0.012328791250080722)	(46, 0.01127203771435952)	(47, 0.010332701238162892)	(48, 0.01115462065483494)	(49, 0.010391409767925183)	(50, 0.009217239172679399)	(51, 0.008982405053630241)	(52, 0.009921741529826868)	(53, 0.010332701238162892)	(54, 0.01056753535721205)	(55, 0.00980432447030229)	(56, 0.010156575648876025)	(57, 0.010215284178638314)	(58, 0.010097867119113736)	(59, 0.011565580363170966)	(60, 0.010039158589351447)	(61, 0.010743660946498918)	(62, 0.012211374190556146)	(63, 0.012563625369129881)	(64, 0.010978495065548073)	(65, 0.012798459488179039)	(66, 0.012563625369129881)	(67, 0.012915876547703615)	(68, 0.012387499779843015)	(69, 0.012270082720318435)	(70, 0.013092002136990483)	(71, 0.012798459488179039)	(72, 0.013092002136990483)	(73, 0.0140900471429494)	(74, 0.01608613715486723)	(75, 0.01538163479771976)	(76, 0.01549905185724434)	(77, 0.017319016279875303)	(78, 0.01902156364298169)	(79, 0.016849348041776988)	(80, 0.020430568357276628)	(81, 0.0211350707144241)	(82, 0.019960900119178313)	(83, 0.024129205732300846)	(84, 0.02324857778586651)	(85, 0.03011747576805434)	(86, 0.03170260607163615)	(87, 0.038336669934774824)	(88, 0.037984418756201094)	(89, 0.04156563907170073)	(90, 0.04896291382174916)	(91, 0.054598932678928916)	(92, 0.0622897500777888)	(93, 0.06739739216710795)	(94, 0.07784751046479543)	(95, 0.08753441787557313)	(96, 0.0937575220303758)	(97, 0.10872819711975953)	(98, 0.11935444100673387)	(99, 0.13279869432229807)	(100, 0.14835645470930472)	(101, 0.1771236342928264)	(102, 0.18833696347742365)	(103, 0.20712369300135616)	(104, 0.23536249581701724)	(105, 0.24739774441828655)	(106, 0.27663459223990655)	(107, 0.3074565703651084)	(108, 0.33229027845455666)	(109, 0.357123986544005)	(110, 0.39874833414546795)	(111, 0.41636089307415475)	(112, 0.46115550128278143)	(113, 0.5031908085925805)	(114, 0.5279070996225042)	(115, 0.57780934992045)	(116, 0.607868117158742)	(117, 0.6477899173970987)	(118, 0.6784357699330136)	(119, 0.7237000463797385)	(120, 0.7695514081240864)	(121, 0.8094732083624431)	(122, 0.8651288945770931)	(123, 0.8965379579999178)	(124, 0.9489059665478798)	(125, 0.9986320912565386)	(126, 1.0359120076555923)	(127, 1.0647966042986385)	(128, 1.1251489728942718)	(129, 1.1963037109661663)	(130, 1.2175561987401151)	(131, 1.2790240294012318)	(132, 1.3195329149372113)	(133, 1.3619791819553462)	(134, 1.3790633641161725)	(135, 1.439063481533232)	(136, 1.4832710044442357)	(137, 1.5383396053612628)	(138, 1.558652756659015)	(139, 1.599102933665232)	(140, 1.6574005037191852)	(141, 1.6865199344812807)	(142, 1.7495728954459795)	(143, 1.7584378834400851)	(144, 1.8016473613451298)	(145, 1.8278900741488733)	(146, 1.8815496703516055)	(147, 1.9097297646375042)	(148, 1.945835510441312)	(149, 1.9721956403045797)	(150, 2.003017618429782)	(151, 2.0420000821919415)	(152, 2.088790780412486)	(153, 2.1044659578590172)	(154, 2.131178338900859)	(155, 2.1686930894189618)	(156, 2.200689238139409)	(157, 2.2502979457885437)	(158, 2.2547597940504778)	(159, 2.2790651253720653)	(160, 2.306071049062718)	(161, 2.342940005753436)	(162, 2.3554449225928034)	(163, 2.3656014982416798)	(164, 2.3858559410096696)	(165, 2.4382826580873935)	(166, 2.4393394116231146)	(167, 2.464114411182801)	(168, 2.493820927242519)	(169, 2.492118379879413)	(170, 2.539261329278531)		
HG03267	(1, 0.0)	(2, 0.0)	(3, 0.0)	(4, 0.0)	(5, 0.0)	(6, 0.0)	(7, 0.0)	(8, 0.0)	(9, 0.0)	(10, 0.0)	(11, 0.0)	(12, 0.0)	(13, 0.0)	(14, 0.0)	(15, 0.0)	(16, 0.0)	(17, 0.0)	(18, 0.0)	(19, 0.0)	(20, 0.0)	(21, 0.0)	(22, 0.0)	(23, 0.0)	(24, 0.0)	(25, 0.0)	(26, 0.0)	(27, 0.0)	(28, 0.0)	(29, 0.0)	(30, 0.0)	(31, 0.0)	(32, 0.01914356179641195)	(33, 0.01752754683957198)	(34, 0.01622230398981662)	(35, 0.014730597875810495)	(36, 0.015476450932813557)	(37, 0.012803810811885913)	(38, 0.012182266597716696)	(39, 0.010441942798042881)	(40, 0.010317633955209037)	(41, 0.010566251640876725)	(42, 0.0073342217271967864)	(43, 0.008515155734118303)	(44, 0.006153287720275269)	(45, 0.008825927841202912)	(46, 0.007955765941366006)	(47, 0.007582839412864474)	(48, 0.006712677513027568)	(49, 0.007955765941366006)	(50, 0.006028978877441426)	(51, 0.006339750984526034)	(52, 0.0065262142487768)	(53, 0.006836986355861411)	(54, 0.006464059827359879)	(55, 0.0073342217271967864)	(56, 0.007707148255698318)	(57, 0.00584251561319066)	(58, 0.007396376148613708)	(59, 0.0068991407772783335)	(60, 0.006028978877441426)	(61, 0.0068991407772783335)	(62, 0.007272067305779864)	(63, 0.009198854369704444)	(64, 0.007147758462946021)	(65, 0.007209912884362943)	(66, 0.008515155734118303)	(67, 0.012244421019133617)	(68, 0.007831457098532162)	(69, 0.008390846891284458)	(70, 0.006712677513027568)	(71, 0.0066505230916106455)	(72, 0.007582839412864474)	(73, 0.007023449620112177)	(74, 0.005904670034607582)	(75, 0.00745853057003063)	(76, 0.006277596563109113)	(77, 0.006774831934444489)	(78, 0.008328692469867536)	(79, 0.007831457098532162)	(80, 0.007644993834281396)	(81, 0.007769302677115239)	(82, 0.008142229205616771)	(83, 0.012741656390468991)	(84, 0.008888082262619834)	(85, 0.00876377341978599)	(86, 0.011933648912049007)	(87, 0.01236872986196746)	(88, 0.020262341381916543)	(89, 0.025421158359521065)	(90, 0.04711305143402681)	(91, 0.05432296431838975)	(92, 0.06476490711643262)	(93, 0.0720369744222125)	(94, 0.07949550499224313)	(95, 0.0916156171685429)	(96, 0.10199540554516887)	(97, 0.11386690003580095)	(98, 0.12461961494092844)	(99, 0.14432256653009268)	(100, 0.15781007597756475)	(101, 0.18397708739408888)	(102, 0.19591073630613787)	(103, 0.2205860416086559)	(104, 0.24314809658299852)	(105, 0.2606756434225705)	(106, 0.2874641990532638)	(107, 0.3114558057201957)	(108, 0.3434653327499105)	(109, 0.3698188074306854)	(110, 0.39872061338955406)	(111, 0.4268144118700028)	(112, 0.4692037272763436)	(113, 0.4949356577429492)	(114, 0.5276288834082501)	(115, 0.5609436532877203)	(116, 0.5971175265523688)	(117, 0.626454413461156)	(118, 0.6819583117864673)	(119, 0.7154595449301882)	(120, 0.7446721229961415)	(121, 0.7964467560364374)	(122, 0.8592227216675287)	(123, 0.8786770555710252)	(124, 0.9218743784557858)	(125, 0.9724680774891603)	(126, 0.9875094474720554)	(127, 1.036362822705756)	(128, 1.0936070448307411)	(129, 1.1378609928795893)	(130, 1.1849740443136163)	(131, 1.2133164604797326)	(132, 1.271803771033056)	(133, 1.3287372210509567)	(134, 1.3373145312064918)	(135, 1.39772862882374)	(136, 1.4408637972870837)	(137, 1.489344245992283)	(138, 1.5157598750944747)	(139, 1.5678452802418554)	(140, 1.5964984685150563)	(141, 1.643797983213334)	(142, 1.6932729026612037)	(143, 1.7485903377222642)	(144, 1.7654341859262501)	(145, 1.809874597239349)	(146, 1.8572984207804608)	(147, 1.8987554198655474)	(148, 1.931945880902184)	(149, 1.9731542623016032)	(150, 2.009079517880584)	(151, 2.037111161939616)	(152, 2.089134412665579)	(153, 2.117414674410279)	(154, 2.148554039540157)	(155, 2.201447452165957)	(156, 2.226371375154143)	(157, 2.2666474402323082)	(158, 2.286909781614225)	(159, 2.349312820716815)	(160, 2.3491263574525636)	(161, 2.4274409284378855)	(162, 2.441239209992442)	(163, 2.46591451529496)	(164, 2.486674092048212)	(165, 2.520796869406102)	(166, 2.5229101197342776)	(167, 2.5719499582322287)	(168, 2.599484366919925)	(169, 2.6257135327578665)	(170, 2.6510103822745537)		
HG03603	(1, 0.0)	(2, 0.0)	(3, 0.0)	(4, 0.0)	(5, 0.0)	(6, 0.0)	(7, 0.0)	(8, 0.0)	(9, 0.0)	(10, 0.0)	(11, 0.0)	(12, 0.0)	(13, 0.0)	(14, 0.0)	(15, 0.0)	(16, 0.0)	(17, 0.0)	(18, 0.0)	(19, 0.0)	(20, 0.0)	(21, 0.0)	(22, 0.0)	(23, 0.0)	(24, 0.0)	(25, 0.0)	(26, 0.0)	(27, 0.0)	(28, 0.0)	(29, 0.0)	(30, 0.0)	(31, 0.0)	(32, 0.01336674326572393)	(33, 0.013089712317211519)	(34, 0.01146215549470109)	(35, 0.010354031700651438)	(36, 0.010942722466240316)	(37, 0.010492547174907645)	(38, 0.00865721714101291)	(39, 0.007895382032603772)	(40, 0.007964639769731875)	(41, 0.0076183510840913595)	(42, 0.009245907906601786)	(43, 0.007930010901167824)	(44, 0.007860753164039721)	(45, 0.007791495426911617)	(46, 0.006718000501426017)	(47, 0.007237433529886791)	(48, 0.007133546924194636)	(49, 0.0076876088212194625)	(50, 0.007272062398450843)	(51, 0.006718000501426017)	(52, 0.006752629369990068)	(53, 0.007375949004142998)	(54, 0.007860753164039721)	(55, 0.00741057787270705)	(56, 0.008172412981116185)	(57, 0.00848407279819265)	(58, 0.007791495426911617)	(59, 0.00848407279819265)	(60, 0.007272062398450843)	(61, 0.008622588272448857)	(62, 0.008276299586808339)	(63, 0.008518701666756702)	(64, 0.010146258489267129)	(65, 0.010492547174907645)	(66, 0.010215516226395232)	(67, 0.00955756772367825)	(68, 0.010215516226395232)	(69, 0.01080420699198411)	(70, 0.00997311414644687)	(71, 0.01038866056921549)	(72, 0.0095229388551142)	(73, 0.013020454580083414)	(74, 0.011912330786033763)	(75, 0.012050846260289967)	(76, 0.014717269139721944)	(77, 0.015167444431054614)	(78, 0.016379454830796423)	(79, 0.01800701165330685)	(80, 0.021158238692635545)	(81, 0.02420557912627209)	(82, 0.02673348653144786)	(83, 0.027876239194061566)	(84, 0.03210096115887586)	(85, 0.03597939443804964)	(86, 0.04082743603701687)	(87, 0.04792635409264746)	(88, 0.05810724145047864)	(89, 0.06146624170119165)	(90, 0.07400189212137834)	(91, 0.08120469678270108)	(92, 0.09131632640340415)	(93, 0.10634525536020256)	(94, 0.12130492657987287)	(95, 0.13030843240652631)	(96, 0.14800378424275668)	(97, 0.1663917134502681)	(98, 0.18703051911444288)	(99, 0.2089159640469235)	(100, 0.2249491301920794)	(101, 0.2587469059105938)	(102, 0.27384509260452033)	(103, 0.30203299161565833)	(104, 0.33285268463766426)	(105, 0.3626335116027487)	(106, 0.3956348233442899)	(107, 0.42569268125788673)	(108, 0.4593173126335809)	(109, 0.48345363402272484)	(110, 0.5332845758863952)	(111, 0.567463269159114)	(112, 0.6020921377231657)	(113, 0.6406686973035193)	(114, 0.6810113291806393)	(115, 0.7340627558207665)	(116, 0.7632895208888261)	(117, 0.8040130703201509)	(118, 0.8509351872244407)	(119, 0.8961258607005281)	(120, 0.9303045539732472)	(121, 0.974525619129541)	(122, 1.0204781277140376)	(123, 1.0596433780599799)	(124, 1.0995012057772033)	(125, 1.140813445974117)	(126, 1.1855539441588716)	(127, 1.2127376059816521)	(128, 1.2530802378587724)	(129, 1.2831727246409332)	(130, 1.3327612644246554)	(131, 1.3749045974671061)	(132, 1.4067631565460335)	(133, 1.4276443642901566)	(134, 1.4636583875967704)	(135, 1.5124504634035192)	(136, 1.539253207672095)	(137, 1.561935116581549)	(138, 1.6106233057826054)	(139, 1.6352444313316463)	(140, 1.6432783288385062)	(141, 1.7019396321860096)	(142, 1.7206392212105976)	(143, 1.7205699634734692)	(144, 1.7580383992597735)	(145, 1.799489154930943)	(146, 1.810951310425644)	(147, 1.8351222606833522)	(148, 1.8639334793286433)	(149, 1.8852994912326633)	(150, 1.8989432654468994)	(151, 1.9182315452370762)	(152, 1.9524448673783592)	(153, 1.983126044926109)	(154, 1.988597406159229)	(155, 2.0024489535848495)	(156, 2.0243343985173303)	(157, 2.032818471315523)	(158, 2.046358358924067)	(159, 2.0796020727455566)	(160, 2.0769356498661247)	(161, 2.0760352992834594)	(162, 2.1001716206726035)	(163, 2.1239962822446707)	(164, 2.1300563342433803)	(165, 2.167005337001223)	(166, 2.1539848824211396)	(167, 2.1706067393318844)	(168, 2.1666936771841465)	(169, 2.1932193905042103)	(170, 2.201738092170967)		
HG03672	(1, 0.0)	(2, 0.0)	(3, 0.0)	(4, 0.0)	(5, 0.0)	(6, 0.0)	(7, 0.0)	(8, 0.0)	(9, 0.0)	(10, 0.0)	(11, 0.0)	(12, 0.0)	(13, 0.0)	(14, 0.0)	(15, 0.0)	(16, 0.0)	(17, 0.0)	(18, 0.0)	(19, 0.0)	(20, 0.0)	(21, 0.0)	(22, 0.0)	(23, 0.0)	(24, 0.0)	(25, 0.0)	(26, 0.0)	(27, 0.0)	(28, 0.0)	(29, 0.0)	(30, 0.0)	(31, 0.0)	(32, 0.01590644969740951)	(33, 0.014095039055711633)	(34, 0.013019513987203515)	(35, 0.013472366647627985)	(36, 0.01324594031741575)	(37, 0.011151496762952576)	(38, 0.00967972561657305)	(39, 0.00911365979104246)	(40, 0.008830626878277167)	(41, 0.009057053208489403)	(42, 0.00826456105274658)	(43, 0.006792789906367052)	(44, 0.005264412177434465)	(45, 0.007698495227215992)	(46, 0.006906003071473169)	(47, 0.0063965438284956395)	(48, 0.006339937245942582)	(49, 0.006453150411048699)	(50, 0.0061135109157303465)	(51, 0.0057172648378589356)	(52, 0.006283330663389522)	(53, 0.006679576741260934)	(54, 0.005887084585518111)	(55, 0.004981379264669171)	(56, 0.01596305627996257)	(57, 0.007132429401685405)	(58, 0.0057172648378589356)	(59, 0.0061135109157303465)	(60, 0.0056040516727528175)	(61, 0.005434231925093641)	(62, 0.0063965438284956395)	(63, 0.0063965438284956395)	(64, 0.007245642566791522)	(65, 0.0065097569936017575)	(66, 0.006736183323813993)	(67, 0.01420825222081775)	(68, 0.007868314974875168)	(69, 0.0063965438284956395)	(70, 0.0074154623144506975)	(71, 0.00684939648892011)	(72, 0.007245642566791522)	(73, 0.00911365979104246)	(74, 0.007641888644662933)	(75, 0.008207954470193521)	(76, 0.008038134722534345)	(77, 0.006792789906367052)	(78, 0.008038134722534345)	(79, 0.00917026637359552)	(80, 0.0075286754795568156)	(81, 0.0075286754795568156)	(82, 0.017378220843789042)	(83, 0.02060479604931339)	(84, 0.02015194338888892)	(85, 0.017717860339107393)	(86, 0.027227766208021267)	(87, 0.029888275588015028)	(88, 0.03356770345396385)	(89, 0.052304482279026294)	(90, 0.06792789906367053)	(91, 0.08275882369257191)	(92, 0.09391032045552448)	(93, 0.10925070432740343)	(94, 0.11893042994397646)	(95, 0.1343840269809615)	(96, 0.14983762401794656)	(97, 0.1677819106872662)	(98, 0.18215998265574312)	(99, 0.19540592297315884)	(100, 0.2121048648263112)	(101, 0.24595560119304033)	(102, 0.265881118251717)	(103, 0.28699537354400795)	(104, 0.31563830431585566)	(105, 0.34297928368898306)	(106, 0.3629614073302128)	(107, 0.3934723553263114)	(108, 0.41447339745349626)	(109, 0.4542112184057435)	(110, 0.47832562257334654)	(111, 0.5106479812111431)	(112, 0.5422344542757499)	(113, 0.5892745243773417)	(114, 0.6176344222364242)	(115, 0.6412959737436027)	(116, 0.6774675799950073)	(117, 0.7232623052804319)	(118, 0.7733025242573358)	(119, 0.8006435036304632)	(120, 0.8284373356640151)	(121, 0.8817041298464433)	(122, 0.8964784478927916)	(123, 0.9475941919382037)	(124, 0.9888603906193836)	(125, 1.028654818154184)	(126, 1.0765439869940716)	(127, 1.1060360165042151)	(128, 1.1509250364687909)	(129, 1.192644087810395)	(130, 1.23770292752263)	(131, 1.2766482563191344)	(132, 1.3014419394773742)	(133, 1.3432175974015315)	(134, 1.3808043682167626)	(135, 1.4233159117141096)	(136, 1.4525249083114877)	(137, 1.5042067181824306)	(138, 1.5334157147798089)	(139, 1.5724176501588663)	(140, 1.6128913566843033)	(141, 1.6423267796118939)	(142, 1.683649584875627)	(143, 1.7078205956257828)	(144, 1.7487471548116447)	(145, 1.7884283691813385)	(146, 1.8256755005012515)	(147, 1.8499031178339607)	(148, 1.8804706724126121)	(149, 1.9296051860686674)	(150, 1.9508326545260641)	(151, 1.991985640042138)	(152, 1.990004409652781)	(153, 2.0327423794803403)	(154, 2.0791031705912957)	(155, 2.11046321732569)	(156, 2.13378512933755)	(157, 2.1467480367422005)	(158, 2.1815610850123317)	(159, 2.1980902071178248)	(160, 2.2342618133692294)	(161, 2.2806792110627376)	(162, 2.2805093913150785)	(163, 2.3038879099094918)	(164, 2.3381348923540926)	(165, 2.3460598139115203)	(166, 2.3594755739765954)	(167, 2.3863637006892984)	(168, 2.4067986769909524)	(169, 2.4097422192837117)	(170, 2.4670846874099603)		
HG03723	(1, 0.0)	(2, 0.0)	(3, 0.0)	(4, 0.0)	(5, 0.0)	(6, 0.0)	(7, 0.0)	(8, 0.0)	(9, 0.0)	(10, 0.0)	(11, 0.0)	(12, 0.0)	(13, 0.0)	(14, 0.0)	(15, 0.0)	(16, 0.0)	(17, 0.0)	(18, 0.0)	(19, 0.0)	(20, 0.0)	(21, 0.0)	(22, 0.0)	(23, 0.0)	(24, 0.0)	(25, 0.0)	(26, 0.0)	(27, 0.0)	(28, 0.0)	(29, 0.0)	(30, 0.0)	(31, 0.0)	(32, 0.013698374252037631)	(33, 0.014321027627130252)	(34, 0.01281628197065642)	(35, 0.011415311876698028)	(36, 0.011830414126759774)	(37, 0.012504955283110112)	(38, 0.010688882939089973)	(39, 0.010273780689028225)	(40, 0.008094493876204057)	(41, 0.007419952719853719)	(42, 0.007835054969915465)	(43, 0.006952962688534254)	(44, 0.007679391626142309)	(45, 0.0066416360009879435)	(46, 0.007368064938596)	(47, 0.006901074907276535)	(48, 0.006485972657214789)	(49, 0.005759543719606732)	(50, 0.006122758188410761)	(51, 0.006952962688534254)	(52, 0.00643408487595707)	(53, 0.00674541156350338)	(54, 0.005500104813318141)	(55, 0.00581143150086445)	(56, 0.00674541156350338)	(57, 0.007783167188657745)	(58, 0.006382197094699351)	(59, 0.006693523782245661)	(60, 0.006537860438472507)	(61, 0.006901074907276535)	(62, 0.006537860438472507)	(63, 0.007835054969915465)	(64, 0.0066416360009879435)	(65, 0.00799071831368862)	(66, 0.008094493876204057)	(67, 0.011103985189151717)	(68, 0.007160513813565126)	(69, 0.0073161771573382805)	(70, 0.0073161771573382805)	(71, 0.007108626032307408)	(72, 0.006485972657214789)	(73, 0.0077312794074000275)	(74, 0.008198269438719492)	(75, 0.007783167188657745)	(76, 0.008042606094946338)	(77, 0.008717147251296676)	(78, 0.008717147251296676)	(79, 0.012971945314429578)	(80, 0.008146381657461774)	(81, 0.010066229563997352)	(82, 0.009339800626389295)	(83, 0.008094493876204057)	(84, 0.010377556251543662)	(85, 0.012608730845625547)	(86, 0.022778735972138336)	(87, 0.03025057647324977)	(88, 0.032585526629847095)	(89, 0.043066858443906196)	(90, 0.045816910850565266)	(91, 0.055675589289531736)	(92, 0.060656816290272704)	(93, 0.07155325035439354)	(94, 0.07669014069890766)	(95, 0.08872810595069831)	(96, 0.09697826317067551)	(97, 0.11264837311050645)	(98, 0.1258797573312246)	(99, 0.13921491711445821)	(100, 0.1545218125854851)	(101, 0.17896095755787045)	(102, 0.2000792845297618)	(103, 0.22659394075245587)	(104, 0.237438487035319)	(105, 0.256585078319417)	(106, 0.29633111876282925)	(107, 0.3217561315791112)	(108, 0.34603961320772336)	(109, 0.3780543742437356)	(110, 0.40685209284176926)	(111, 0.4396451705966472)	(112, 0.47695248532094664)	(113, 0.5082927052006085)	(114, 0.5484019601128247)	(115, 0.5871102449310827)	(116, 0.6295025622186385)	(117, 0.6663428869116185)	(118, 0.7168815858566362)	(119, 0.749882214736545)	(120, 0.7884348362110296)	(121, 0.8216949039972271)	(122, 0.890031111913642)	(123, 0.9232911796998396)	(124, 0.9543719606732128)	(125, 1.0122268367755687)	(126, 1.0498454781874145)	(127, 1.1036531073516684)	(128, 1.1461492002017397)	(129, 1.191602896583501)	(130, 1.2401179720594675)	(131, 1.2616514012814206)	(132, 1.3364735818550504)	(133, 1.3553088464516023)	(134, 1.398064378207962)	(135, 1.4723676809690147)	(136, 1.48316033947062)	(137, 1.5341141406656995)	(138, 1.5748460489530083)	(139, 1.5933699868620137)	(140, 1.6538711398085133)	(141, 1.694966262564626)	(142, 1.7428067968842424)	(143, 1.7620571637308562)	(144, 1.8031003987057113)	(145, 1.843469092524216)	(146, 1.8899605445311316)	(147, 1.900441876345191)	(148, 1.9516551164465588)	(149, 1.9727215556371924)	(150, 2.014283668424625)	(151, 2.0445861326791324)	(152, 2.072813085683331)	(153, 2.115205402970887)	(154, 2.1334180141923462)	(155, 2.1611260893839677)	(156, 2.177418852698891)	(157, 2.2241178558308374)	(158, 2.2430568959899047)	(159, 2.2580005769921274)	(160, 2.2924540637472526)	(161, 2.328619847283882)	(162, 2.3539410845376487)	(163, 2.3581958826007816)	(164, 2.374540533696963)	(165, 2.3952437584187924)	(166, 2.471985786898958)	(167, 2.440853118144327)	(168, 2.459584607178363)	(169, 2.4610374650535793)	(170, 2.493259777214622)		
HG03790	(1, 0.0)	(2, 0.0)	(3, 0.0)	(4, 0.0)	(5, 0.0)	(6, 0.0)	(7, 0.0)	(8, 0.0)	(9, 0.0)	(10, 0.0)	(11, 0.0)	(12, 0.0)	(13, 0.0)	(14, 0.0)	(15, 0.0)	(16, 0.0)	(17, 0.0)	(18, 0.0)	(19, 0.0)	(20, 0.0)	(21, 0.0)	(22, 0.0)	(23, 0.0)	(24, 0.0)	(25, 0.0)	(26, 0.0)	(27, 0.0)	(28, 0.0)	(29, 0.0)	(30, 0.0)	(31, 0.0)	(32, 0.01154071338497568)	(33, 0.012807377049180328)	(34, 0.011399972977841831)	(35, 0.008585164835164836)	(36, 0.008409239326247523)	(37, 0.007599981985227887)	(38, 0.007318501170960188)	(39, 0.007177760763826338)	(40, 0.006474058728157089)	(41, 0.005875911997838227)	(42, 0.005453690776436679)	(43, 0.005594431183570528)	(44, 0.005664801387137453)	(45, 0.005981467303188615)	(46, 0.004925914249684742)	(47, 0.005559246081787065)	(48, 0.004398137722932805)	(49, 0.005418505674653216)	(50, 0.004011101603314718)	(51, 0.004011101603314718)	(52, 0.003342584669428932)	(53, 0.003518510178346244)	(54, 0.003272214465862007)	(55, 0.004257397315798955)	(56, 0.00446850792649973)	(57, 0.004574063231850118)	(58, 0.004011101603314718)	(59, 0.004011101603314718)	(60, 0.004574063231850118)	(61, 0.003588880381913169)	(62, 0.003659250585480094)	(63, 0.004257397315798955)	(64, 0.0060166524049720775)	(65, 0.004749988740767429)	(66, 0.005348135471086291)	(67, 0.009746273194019096)	(68, 0.005277765267519366)	(69, 0.0046796185372005045)	(70, 0.003764805890830481)	(71, 0.0033777697712123944)	(72, 0.003729620789047019)	(73, 0.003729620789047019)	(74, 0.004503693028283192)	(75, 0.004081471806881643)	(76, 0.004257397315798955)	(77, 0.004116656908665106)	(78, 0.00460924833363358)	(79, 0.004398137722932805)	(80, 0.004538878130066654)	(81, 0.004362952621149343)	(82, 0.006368503422806702)	(83, 0.006333318321023239)	(84, 0.006931465051342101)	(85, 0.007987018104845972)	(86, 0.018049957214916233)	(87, 0.018401808232750855)	(88, 0.027972155917852636)	(89, 0.03828139074040714)	(90, 0.05404431633939831)	(91, 0.0684702080706179)	(92, 0.07561278373266078)	(93, 0.08511276121419564)	(94, 0.09767384255089173)	(95, 0.110551589803639)	(96, 0.12712377274364978)	(97, 0.1434144748693929)	(98, 0.15921258557016754)	(99, 0.1747995856602414)	(100, 0.19358843001261034)	(101, 0.22806982976040355)	(102, 0.24956792695009908)	(103, 0.27416231309673933)	(104, 0.2988270694469465)	(105, 0.32525108088632676)	(106, 0.3536806431273644)	(107, 0.37503799990992615)	(108, 0.41592308818230955)	(109, 0.44685079264997296)	(110, 0.48826365744910827)	(111, 0.5216895041433977)	(112, 0.5487468474148802)	(113, 0.5871689785624212)	(114, 0.6288281390740407)	(115, 0.6640484259592866)	(116, 0.7155946000720591)	(117, 0.7477537831021438)	(118, 0.7948314492884165)	(119, 0.8369832012250046)	(120, 0.8738571878940732)	(121, 0.9236441069176725)	(122, 0.9645291951900559)	(123, 0.9991161502431993)	(124, 1.0326827373446226)	(125, 1.0867974238875877)	(126, 1.128351029093857)	(127, 1.174549067735543)	(128, 1.209241578094037)	(129, 1.2623007115834983)	(130, 1.2937913776796972)	(131, 1.3223616803278688)	(132, 1.3703541591605117)	(133, 1.4027244528012972)	(134, 1.453848405692668)	(135, 1.4985334849576653)	(136, 1.5299889659520807)	(137, 1.5667573973157989)	(138, 1.5963832530174742)	(139, 1.6389924112772472)	(140, 1.6493720163033687)	(141, 1.691383027832823)	(142, 1.7247033192217618)	(143, 1.7639698928121057)	(144, 1.7865587281570887)	(145, 1.8136160714285716)	(146, 1.8597789249684742)	(147, 1.8926769951360116)	(148, 1.9123454670329672)	(149, 1.9263491375427848)	(150, 1.9634342348225544)	(151, 1.9833841875337777)	(152, 2.006852650423347)	(153, 2.0383785016213296)	(154, 2.053789576202486)	(155, 2.081409881102504)	(156, 2.104596863177806)	(157, 2.134293089083048)	(158, 2.1637782043775897)	(159, 2.151393048549811)	(160, 2.1855929674833363)	(161, 2.199702193298505)	(162, 2.2177169654116375)	(163, 2.232459523058908)	(164, 2.2390039519906324)	(165, 2.2538520649432536)	(166, 2.26285945099982)	(167, 2.2916760493604755)	(168, 2.2872427265357596)	(169, 2.316657471626734)	(170, 2.290127904882003)		
HG03814	(1, 0.0)	(2, 0.0)	(3, 0.0)	(4, 0.0)	(5, 0.0)	(6, 0.0)	(7, 0.0)	(8, 0.0)	(9, 0.0)	(10, 0.0)	(11, 0.0)	(12, 0.0)	(13, 0.0)	(14, 0.0)	(15, 0.0)	(16, 0.0)	(17, 0.0)	(18, 0.0)	(19, 0.0)	(20, 0.0)	(21, 0.0)	(22, 0.0)	(23, 0.0)	(24, 0.0)	(25, 0.0)	(26, 0.0)	(27, 0.0)	(28, 0.0)	(29, 0.0)	(30, 0.0)	(31, 0.0)	(32, 0.010332230408738116)	(33, 0.010947244123543955)	(34, 0.010332230408738116)	(35, 0.01119324960946629)	(36, 0.00781067417803417)	(37, 0.00781067417803417)	(38, 0.006334641262500154)	(39, 0.008364186521359425)	(40, 0.006765150862864243)	(41, 0.005965633033616649)	(42, 0.006211638519538985)	(43, 0.005166115204369058)	(44, 0.00565812617621373)	(45, 0.005535123433252562)	(46, 0.005350619318810809)	(47, 0.004428098746602049)	(48, 0.005043112461407889)	(49, 0.004182093260679713)	(50, 0.0040590905177185456)	(51, 0.003936087774757377)	(52, 0.004366597375121465)	(53, 0.004243594632160297)	(54, 0.0038745864032767928)	(55, 0.0043050960036408814)	(56, 0.003813085031796209)	(57, 0.0040590905177185456)	(58, 0.004920109718446721)	(59, 0.004366597375121465)	(60, 0.004489600118082633)	(61, 0.0036285809173544573)	(62, 0.004428098746602049)	(63, 0.00473560560400497)	(64, 0.003936087774757377)	(65, 0.004182093260679713)	(66, 0.0040590905177185456)	(67, 0.008917698864684683)	(68, 0.004674104232524385)	(69, 0.005289117947330225)	(70, 0.0036900822888350413)	(71, 0.0051046138328884735)	(72, 0.004551101489563217)	(73, 0.005043112461407889)	(74, 0.004428098746602049)	(75, 0.003813085031796209)	(76, 0.004612602861043801)	(77, 0.005043112461407889)	(78, 0.003813085031796209)	(79, 0.005473622061771977)	(80, 0.003813085031796209)	(81, 0.005043112461407889)	(82, 0.0061501371480584014)	(83, 0.0068266522343448256)	(84, 0.007318663206189498)	(85, 0.006334641262500154)	(86, 0.010209227665776947)	(87, 0.009778718065412858)	(88, 0.015129337384223666)	(89, 0.03536328860133581)	(90, 0.048278576612258456)	(91, 0.06070185365133643)	(92, 0.0692505442871376)	(93, 0.07121858817451629)	(94, 0.08819296670315747)	(95, 0.09600364088119165)	(96, 0.10836541654878903)	(97, 0.12607781153519723)	(98, 0.1358565296006101)	(99, 0.15412243693034353)	(100, 0.17060480448714005)	(101, 0.19987945731189805)	(102, 0.22527952373337926)	(103, 0.23290569379697165)	(104, 0.268637990627191)	(105, 0.2942840625345945)	(106, 0.3228206989015855)	(107, 0.349204787266756)	(108, 0.3717757906001304)	(109, 0.4106446573758595)	(110, 0.4480374912360545)	(111, 0.4799567030344776)	(112, 0.521900638384236)	(113, 0.5583094503007417)	(114, 0.5979778349057184)	(115, 0.6451493868313263)	(116, 0.6795901548604534)	(117, 0.7075732788841191)	(118, 0.7616329844155525)	(119, 0.7992718237616698)	(120, 0.8435528112276904)	(121, 0.9021021168772063)	(122, 0.9325452957600955)	(123, 1.0027798619909223)	(124, 1.0364211121908018)	(125, 1.0769505159965067)	(126, 1.1080702099656823)	(127, 1.1681570499022127)	(128, 1.206287900220175)	(129, 1.256534520719812)	(130, 1.289806762690808)	(131, 1.3369168132449354)	(132, 1.3808287924820724)	(133, 1.4264013087491851)	(134, 1.4539539231724867)	(135, 1.523265968831105)	(136, 1.5335366978683624)	(137, 1.5567227149165426)	(138, 1.636674497841302)	(139, 1.6351984649257678)	(140, 1.700389918695187)	(141, 1.7312021058069595)	(142, 1.7680414273238292)	(143, 1.802543696724437)	(144, 1.8271442453166704)	(145, 1.8672431395220113)	(146, 1.8846480276510167)	(147, 1.9201958203667941)	(148, 1.9434433387864551)	(149, 1.9850182659073297)	(150, 2.003222671865583)	(151, 2.0218575874241997)	(152, 2.051193741620438)	(153, 2.066753588605026)	(154, 2.089939605653206)	(155, 2.104884438922988)	(156, 2.147566390730513)	(157, 2.1824376683600044)	(158, 2.173335465380878)	(159, 2.1884648027651017)	(160, 2.1945534385416794)	(161, 2.2090677622110975)	(162, 2.234529330004059)	(163, 2.24197099595321)	(164, 2.253779259277482)	(165, 2.275919753010492)	(166, 2.2662640376880403)	(167, 2.2878510190777255)	(168, 2.2903725753084294)	(169, 2.310791030639983)	(170, 2.295907698741682)		
NA06989	(1, 0.0)	(2, 0.0)	(3, 0.0)	(4, 0.0)	(5, 0.0)	(6, 0.0)	(7, 0.0)	(8, 0.0)	(9, 0.0)	(10, 0.0)	(11, 0.0)	(12, 0.0)	(13, 0.0)	(14, 0.0)	(15, 0.0)	(16, 0.0)	(17, 0.0)	(18, 0.0)	(19, 0.0)	(20, 0.0)	(21, 0.0)	(22, 0.0)	(23, 0.0)	(24, 0.0)	(25, 0.0)	(26, 0.0)	(27, 0.0)	(28, 0.0)	(29, 0.0)	(30, 0.0)	(31, 0.0)	(32, 0.04094724629768648)	(33, 0.04777178734730089)	(34, 0.06142086944652972)	(35, 0.06142086944652972)	(36, 0.04094724629768648)	(37, 0.02047362314884324)	(38, 0.027298164198457656)	(39, 0.034122705248072066)	(40, 0.027298164198457656)	(41, 0.027298164198457656)	(42, 0.013649082099228828)	(43, 0.034122705248072066)	(44, 0.02047362314884324)	(45, 0.006824541049614414)	(46, 0.013649082099228828)	(47, 0.013649082099228828)	(48, 0.02047362314884324)	(49, 0.02047362314884324)	(50, 0.02047362314884324)	(51, 0.0)	(52, 0.006824541049614414)	(53, 0.0)	(54, 0.027298164198457656)	(55, 0.013649082099228828)	(56, 0.013649082099228828)	(57, 0.027298164198457656)	(58, 0.02047362314884324)	(59, 0.07506995154575855)	(60, 0.08871903364498737)	(61, 0.05459632839691531)	(62, 0.08189449259537296)	(63, 0.05459632839691531)	(64, 0.12966627994267385)	(65, 0.11601719784344502)	(66, 0.12966627994267385)	(67, 0.30710434723264857)	(68, 0.21838531358766125)	(69, 0.21838531358766125)	(70, 0.38217429877840714)	(71, 0.32757797038149183)	(72, 0.511840578721081)	(73, 0.39582338087763597)	(74, 0.6346823176141404)	(75, 0.7506995154575855)	(76, 0.7916467617552719)	(77, 0.907663959598717)	(78, 0.9417866648467891)	(79, 1.0373302395413908)	(80, 1.187470142632908)	(81, 1.1260492731863783)	(82, 1.1669965194840646)	(83, 1.419504538319798)	(84, 1.4604517846174845)	(85, 1.3922063741213404)	(86, 1.6378898519074592)	(87, 1.665188016105917)	(88, 1.9518187401897222)	(89, 1.6583634750563025)	(90, 1.9108714938920357)	(91, 1.965467822288951)	(92, 1.9176960349416503)	(93, 2.0064150685866378)	(94, 2.061011396983553)	(95, 1.897222411792807)	(96, 2.142905889578926)	(97, 1.8835733296935782)	(98, 2.142905889578926)	(99, 2.3817648263154303)	(100, 2.3066948747696716)	(101, 2.2725721695215997)	(102, 2.4227120726131166)	(103, 2.2520985463727565)	(104, 2.3203439568689004)	(105, 2.361291203166587)	(106, 2.4022384494642735)	(107, 2.4636593189108034)	(108, 2.44318569576196)	(109, 2.258923087422371)	(110, 2.3135194158192864)	(111, 2.4363611547123454)	(112, 2.4295366136627314)	(113, 2.641097386200778)	(114, 2.7366409608953797)	(115, 2.2725721695215997)	(116, 2.4704838599604173)	(117, 2.4704838599604173)	(118, 2.688869173548079)	(119, 2.5046065652084897)	(120, 2.5592028936054048)	(121, 2.6137992220023203)	(122, 2.5660274346550196)																																																		
NA18488	(1, 0.0)	(2, 0.0)	(3, 0.0)	(4, 0.0)	(5, 0.0)	(6, 0.0)	(7, 0.0)	(8, 0.0)	(9, 0.0)	(10, 0.0)	(11, 0.0)	(12, 0.0)	(13, 0.0)	(14, 0.0)	(15, 0.0)	(16, 0.0)	(17, 0.0)	(18, 0.0)	(19, 0.0)	(20, 0.0)	(21, 0.0)	(22, 0.0)	(23, 0.0)	(24, 0.0)	(25, 0.0)	(26, 0.0)	(27, 0.0)	(28, 0.0)	(29, 0.0)	(30, 0.0)	(31, 0.0)	(32, 0.0567344626943715)	(33, 0.05157965044067339)	(34, 0.04639331028328294)	(35, 0.04177447239235467)	(36, 0.03739209377911897)	(37, 0.03376638485449951)	(38, 0.03252103265865196)	(39, 0.03236339314019024)	(40, 0.028059834286185404)	(41, 0.025521838038951777)	(42, 0.022794674369564095)	(43, 0.022274463958640436)	(44, 0.020729596677715623)	(45, 0.01931084101156018)	(46, 0.01652062153478781)	(47, 0.016772844764326555)	(48, 0.015921591364633288)	(49, 0.01461318336140105)	(50, 0.014581655457708705)	(51, 0.01491269844647831)	(52, 0.01581124370171009)	(53, 0.016725552908788043)	(54, 0.01729305517525022)	(55, 0.01931084101156018)	(56, 0.020824180388792652)	(57, 0.025001627628028118)	(58, 0.029888452700341305)	(59, 0.03520090447250113)	(60, 0.043618854758356744)	(61, 0.05522112331713902)	(62, 0.06614554194653594)	(63, 0.08331248550701678)	(64, 0.10522437857319526)	(65, 0.1295008644162995)	(66, 0.16019327866079552)	(67, 0.1974119689696066)	(68, 0.23720018342934368)	(69, 0.28901629314770966)	(70, 0.34371720605392503)	(71, 0.4016182011849132)	(72, 0.4732180704702245)	(73, 0.5399311146832225)	(74, 0.6152039847486919)	(75, 0.6980750796040158)	(76, 0.7835314625621118)	(77, 5.913736187428343)	(78, 1.0358965676674725)	(79, 1.0666678016711995)	(80, 1.1842511184917934)	(81, 1.266712350599117)	(82, 1.3707859606875417)	(83, 1.4271736164412974)	(84, 1.5936882397924075)	(85, 1.5914655225820977)	(86, 1.633775969337222)	(87, 1.6781199658805024)	(88, 1.7068103582405347)	(89, 1.7600609875769022)	(90, 1.7893819380107816)	(91, 1.8264587527529772)	(92, 1.8828148806030405)	(93, 1.9067918513610675)	(94, 1.934678282176945)	(95, 1.9689964053460605)	(96, 2.004764812085024)	(97, 2.0153739516774976)	(98, 2.0385469608913693)	(99, 2.0587721111100077)	(100, 2.074551826908025)	(101, 2.089291121884196)	(102, 2.1004835276949776)	(103, 2.12386146828285)	(104, 2.1218594463983864)	(105, 2.144196966164411)	(106, 2.168914842659208)	(107, 2.173454860790906)	(108, 2.1966909258121627)	(109, 2.215639195931261)	(110, 2.224104438072655)	(111, 2.2562628998388448)	(112, 2.299345780234432)	(113, 2.2644916827025465)	(114, 2.2721214353960937)	(115, 2.2890834475825743)	(116, 2.349758898238489)	(117, 2.2990462651493546)	(118, 2.3366748182061663)	(119, 2.3301958339973896)	(120, 2.350657443493721)	(121, 2.3466218718211005)	(122, 2.350231816793874)																																																		
NA18498	(1, 0.0)	(2, 0.0)	(3, 0.0)	(4, 0.0)	(5, 0.0)	(6, 0.0)	(7, 0.0)	(8, 0.0)	(9, 0.0)	(10, 0.0)	(11, 0.0)	(12, 0.0)	(13, 0.0)	(14, 0.0)	(15, 0.0)	(16, 0.0)	(17, 0.0)	(18, 0.0)	(19, 0.0)	(20, 0.0)	(21, 0.0)	(22, 0.0)	(23, 0.0)	(24, 0.0)	(25, 0.0)	(26, 0.0)	(27, 0.0)	(28, 0.0)	(29, 0.0)	(30, 0.0)	(31, 0.0)	(32, 0.03735440218014751)	(33, 0.03646271645068592)	(34, 0.031449996674253224)	(35, 0.029353330229303008)	(36, 0.02424421199563122)	(37, 0.024171913152701903)	(38, 0.021665553264485556)	(39, 0.02067746907778488)	(40, 0.01956888681953534)	(41, 0.017351722303036263)	(42, 0.015881645830140134)	(43, 0.01564064968704241)	(44, 0.01433927051431469)	(45, 0.012700496741250154)	(46, 0.012796895198489243)	(47, 0.010868926053707437)	(48, 0.01118222103973448)	(49, 0.010748427982158573)	(50, 0.011230420268354026)	(51, 0.010748427982158573)	(52, 0.012049807154886292)	(53, 0.014652565500341733)	(54, 0.015399653543944682)	(55, 0.017303523074416717)	(56, 0.018701300704383528)	(57, 0.021906549407583284)	(58, 0.02749765992745052)	(59, 0.03412505386263798)	(60, 0.043186508843112474)	(61, 0.05133217847981561)	(62, 0.06721382430995575)	(63, 0.08234838209649292)	(64, 0.1060142033486896)	(65, 0.13324676751873263)	(66, 0.1642870707497197)	(67, 0.2021234652160627)	(68, 0.24463518485850155)	(69, 0.3044022283467375)	(70, 0.35626459834136814)	(71, 0.42224934232152556)	(72, 0.4922587218914149)	(73, 0.5654251509358844)	(74, 0.6533405439379348)	(75, 0.7331825661462114)	(76, 0.8210497599196422)	(77, 5.536380295769747)	(78, 1.2019200644712882)	(79, 1.167722711765721)	(80, 1.2185969975736508)	(81, 1.3009694792844535)	(82, 1.3734611191282493)	(83, 1.450652183762451)	(84, 1.5134557786537184)	(85, 1.5852967289111504)	(86, 1.643714193998039)	(87, 1.7059393981458721)	(88, 1.7636338748034677)	(89, 1.823159922148606)	(90, 1.8687563924226955)	(91, 1.9039177297006538)	(92, 1.9583587584264304)	(93, 1.9908450385160037)	(94, 2.0139083694104563)	(95, 2.02938032179733)	(96, 2.058082962440269)	(97, 2.0896293575717615)	(98, 2.095148169248699)	(99, 2.1039927277003856)	(100, 2.118500695514869)	(101, 2.133321958315379)	(102, 2.137780386962687)	(103, 2.1405036433796916)	(104, 2.1657118399477135)	(105, 2.165808238404953)	(106, 2.17453229878509)	(107, 2.181569386163544)	(108, 2.1986560127091725)	(109, 2.20419892400042)	(110, 2.209741835291668)	(111, 2.216417428455475)	(112, 2.2195503783157453)	(113, 2.2323472735142347)	(114, 2.2318652812280395)	(115, 2.234395740730565)	(116, 2.243023402653464)	(117, 2.2342511430447067)	(118, 2.226804362222987)	(119, 2.236757502932923)	(120, 2.2441560845260233)	(121, 2.238468575548917)	(122, 2.2220808378182717)																																																		
NA18499	(1, 0.0)	(2, 0.0)	(3, 0.0)	(4, 0.0)	(5, 0.0)	(6, 0.0)	(7, 0.0)	(8, 0.0)	(9, 0.0)	(10, 0.0)	(11, 0.0)	(12, 0.0)	(13, 0.0)	(14, 0.0)	(15, 0.0)	(16, 0.0)	(17, 0.0)	(18, 0.0)	(19, 0.0)	(20, 0.0)	(21, 0.0)	(22, 0.0)	(23, 0.0)	(24, 0.0)	(25, 0.0)	(26, 0.0)	(27, 0.0)	(28, 0.0)	(29, 0.0)	(30, 0.0)	(31, 0.0)	(32, 0.031203682034480068)	(33, 0.039004602543100085)	(34, 0.02340276152586005)	(35, 0.02340276152586005)	(36, 0.02340276152586005)	(37, 0.039004602543100085)	(38, 0.031203682034480068)	(39, 0.05460644356034012)	(40, 0.015601841017240034)	(41, 0.0)	(42, 0.0)	(43, 0.015601841017240034)	(44, 0.007800920508620017)	(45, 0.0468055230517201)	(46, 0.031203682034480068)	(47, 0.02340276152586005)	(48, 0.02340276152586005)	(49, 0.015601841017240034)	(50, 0.007800920508620017)	(51, 0.0468055230517201)	(52, 0.015601841017240034)	(53, 0.007800920508620017)	(54, 0.0)	(55, 0.0)	(56, 0.031203682034480068)	(57, 0.031203682034480068)	(58, 0.02340276152586005)	(59, 0.015601841017240034)	(60, 0.015601841017240034)	(61, 0.02340276152586005)	(62, 0.039004602543100085)	(63, 0.02340276152586005)	(64, 0.0468055230517201)	(65, 0.039004602543100085)	(66, 0.031203682034480068)	(67, 0.031203682034480068)	(68, 0.0936110461034402)	(69, 0.07020828457758016)	(70, 0.14041656915516032)	(71, 0.14821748966378032)	(72, 0.11701380762930025)	(73, 0.2340276152586005)	(74, 0.28083313831032064)	(75, 0.3432405023792807)	(76, 0.35884234339652077)	(77, 0.4056478664482409)	(78, 0.5070598330603011)	(79, 0.5928699586551213)	(80, 0.6708791637413215)	(81, 0.6708791637413215)	(82, 0.8815040174740619)	(83, 0.904906778999922)	(84, 0.912707699508542)	(85, 1.1857399173102425)	(86, 1.341758327482643)	(87, 1.2559482018878227)	(88, 1.2325454403619627)	(89, 1.5211794991809033)	(90, 1.7006006708791637)	(91, 1.5913877837584836)	(92, 1.6069896247757236)	(93, 1.809813557999844)	(94, 1.7006006708791637)	(95, 2.0204384117325844)	(96, 2.0048365707153444)	(97, 1.9268273656291444)	(98, 2.160854980887745)	(99, 1.9190264451205241)	(100, 2.309072470551525)	(101, 2.223262344956705)	(102, 2.7849286215773463)	(103, 2.4650908807239253)	(104, 2.4104844371635856)	(105, 2.3948825961463456)	(106, 2.683516654965286)	(107, 2.839535065137686)	(108, 2.839535065137686)	(109, 2.730322178017006)	(110, 2.699118495982526)	(111, 3.0267571573445666)	(112, 3.167173726499727)	(113, 3.0501599188704267)	(114, 3.0423589983618067)	(115, 2.8941415086980267)	(116, 2.8941415086980267)	(117, 3.3153912161635075)	(118, 3.151571885482487)	(119, 3.3934004212497073)	(120, 3.3231921366721275)	(121, 3.6976363210858882)	(122, 3.479210546844528)																																																		
NA18530	(1, 0.0)	(2, 0.0)	(3, 0.0)	(4, 0.0)	(5, 0.0)	(6, 0.0)	(7, 0.0)	(8, 0.0)	(9, 0.0)	(10, 0.0)	(11, 0.0)	(12, 0.0)	(13, 0.0)	(14, 0.0)	(15, 0.0)	(16, 0.0)	(17, 0.0)	(18, 0.0)	(19, 0.0)	(20, 0.0)	(21, 0.0)	(22, 0.0)	(23, 0.0)	(24, 0.0)	(25, 0.0)	(26, 0.0)	(27, 0.0)	(28, 0.0)	(29, 0.0)	(30, 0.0)	(31, 0.0)	(32, 0.04118484916786543)	(33, 0.03894269405557477)	(34, 0.03870667772796522)	(35, 0.03634651445186978)	(36, 0.02997407360641209)	(37, 0.029502040951193)	(38, 0.03434037566718866)	(39, 0.026079804200854612)	(40, 0.024781714399002123)	(41, 0.02265756745051623)	(42, 0.021713502140078052)	(43, 0.020297404174420785)	(44, 0.017701224570715803)	(45, 0.01628512660505854)	(46, 0.01746520824310626)	(47, 0.020061387846811243)	(48, 0.015459069458425134)	(49, 0.016167118441253764)	(50, 0.0147510204755965)	(51, 0.015105044967010818)	(52, 0.01581309394983945)	(53, 0.01593110211364422)	(54, 0.016639151096472855)	(55, 0.017819232734520574)	(56, 0.018409273553544433)	(57, 0.01628512660505854)	(58, 0.01640313476886331)	(59, 0.016757159260277626)	(60, 0.017819232734520574)	(61, 0.017819232734520574)	(62, 0.016639151096472855)	(63, 0.01581309394983945)	(64, 0.01522305313081559)	(65, 0.015459069458425134)	(66, 0.014396995984182186)	(67, 0.01817325722593489)	(68, 0.019707363355396926)	(69, 0.01935333886398261)	(70, 0.01935333886398261)	(71, 0.022303542959101908)	(72, 0.02183151030388282)	(73, 0.01829126538973966)	(74, 0.01758321640691103)	(75, 0.019589355191592155)	(76, 0.022067526631492366)	(77, 0.01994337968300647)	(78, 0.023129600105735316)	(79, 0.019825371519201697)	(80, 0.022539559286711454)	(81, 0.02584378787324507)	(82, 0.02336561643334486)	(83, 0.023955657252368718)	(84, 0.021477485812468507)	(85, 0.024899722562806894)	(86, 0.023719640924759176)	(87, 0.023129600105735316)	(88, 0.0286759838045596)	(89, 0.02619781236465939)	(90, 0.023601632760954405)	(91, 0.04378102877157042)	(92, 0.04566915939244677)	(93, 0.04590517572005631)	(94, 0.044607085918203816)	(95, 0.04531513490103246)	(96, 0.04437106959059428)	(97, 0.04979944512561379)	(98, 0.05298566554834263)	(99, 0.055109812496828524)	(100, 0.06372440845457689)	(101, 0.06856274317057254)	(102, 0.08059957587865929)	(103, 0.08201567384431654)	(104, 0.09228238409533171)	(105, 0.10455523313102802)	(106, 0.10844950253658547)	(107, 0.12898292303861583)	(108, 0.14526804964367435)	(109, 0.163559315033414)	(110, 0.18645289881153979)	(111, 0.21725302956458525)	(112, 0.23920254803227287)	(113, 0.27814524208784763)	(114, 0.29785260544324454)	(115, 0.3520183526296349)	(116, 0.3963894222202292)	(117, 0.43922638568136146)	(118, 0.5047209165930099)	(119, 0.5778859781519685)	(120, 0.6432625008998123)	(121, 0.7268122808735908)	(122, 0.8172065343480462)	(123, 0.8996942408475819)	(124, 1.0060195964356815)	(125, 1.1363006092761496)	(126, 1.242743973028054)	(127, 1.3698387654457935)	(128, 1.5079083170973768)	(129, 1.6413755503605738)	(130, 1.8150835674811985)	(131, 1.9596435681420439)	(132, 2.131109430150378)	(133, 2.342226035197115)	(134, 2.559125040270286)	(135, 2.748528143176945)	(136, 2.9644830829396778)	(137, 3.1774878186072915)	(138, 3.3608725051599073)	(139, 3.6696998698369954)	(140, 3.846240082888934)	(141, 4.1045599534575805)	(142, 4.379991007777918)	(143, 4.610224935361028)	(144, 4.850371548703739)	(145, 5.0696307170530055)	(146, 5.312255501835617)	(147, 5.598543307225994)	(148, 5.840932075680995)	(149, 6.085208974756873)	(150, 6.354621612723169)																						
NA18946	(1, 0.0)	(2, 0.0)	(3, 0.0)	(4, 0.0)	(5, 0.0)	(6, 0.0)	(7, 0.0)	(8, 0.0)	(9, 0.0)	(10, 0.0)	(11, 0.0)	(12, 0.0)	(13, 0.0)	(14, 0.0)	(15, 0.0)	(16, 0.0)	(17, 0.0)	(18, 0.0)	(19, 0.0)	(20, 0.0)	(21, 0.0)	(22, 0.0)	(23, 0.0)	(24, 0.0)	(25, 0.0)	(26, 0.0)	(27, 0.0)	(28, 0.0)	(29, 0.0)	(30, 0.0)	(31, 0.0)	(32, 0.0)	(33, 0.0)	(34, 0.008565310492505354)	(35, 0.008565310492505354)	(36, 0.008565310492505354)	(37, 0.0)	(38, 0.0)	(39, 0.008565310492505354)	(40, 0.0)	(41, 0.0)	(42, 0.02569593147751606)	(43, 0.0)	(44, 0.017130620985010708)	(45, 0.008565310492505354)	(46, 0.0)	(47, 0.0)	(48, 0.0)	(49, 0.008565310492505354)	(50, 0.0)	(51, 0.0)	(52, 0.0)	(53, 0.0)	(54, 0.0)	(55, 0.008565310492505354)	(56, 0.0)	(57, 0.0)	(58, 0.017130620985010708)	(59, 0.0)	(60, 0.008565310492505354)	(61, 0.017130620985010708)	(62, 0.008565310492505354)	(63, 0.02569593147751606)	(64, 0.0)	(65, 0.0)	(66, 0.0)	(67, 0.0)	(68, 0.0)	(69, 0.008565310492505354)	(70, 0.0)	(71, 0.017130620985010708)	(72, 0.017130620985010708)	(73, 0.008565310492505354)	(74, 0.008565310492505354)	(75, 0.042826552462526764)	(76, 0.02569593147751606)	(77, 0.05139186295503212)	(78, 0.008565310492505354)	(79, 0.017130620985010708)	(80, 0.008565310492505354)	(81, 0.08565310492505353)	(82, 0.059957173447537475)	(83, 0.059957173447537475)	(84, 0.07708779443254818)	(85, 0.145610278372591)	(86, 0.08565310492505353)	(87, 0.145610278372591)	(88, 0.22269807280513917)	(89, 0.21413276231263384)	(90, 0.17987152034261242)	(91, 0.3426124197002141)	(92, 0.2740899357601713)	(93, 0.3083511777301927)	(94, 0.26552462526766596)	(95, 0.32548179871520344)	(96, 0.3683083511777302)	(97, 0.43683083511777304)	(98, 0.5310492505353319)	(99, 0.5139186295503212)	(100, 0.5396145610278372)	(101, 0.5396145610278372)	(102, 0.5481798715203426)	(103, 0.582441113490364)	(104, 0.5139186295503212)	(105, 0.8736616702355461)	(106, 0.7109207708779444)	(107, 0.7794432548179872)	(108, 0.8308351177730192)	(109, 0.8565310492505354)	(110, 0.9850107066381156)	(111, 0.9593147751605996)	(112, 1.0021413276231264)	(113, 0.8650963597430407)	(114, 1.0107066381156316)	(115, 1.1477516059957173)	(116, 1.139186295503212)	(117, 1.3704496788008564)	(118, 1.310492505353319)	(119, 1.2162740899357602)	(120, 1.3019271948608138)	(121, 1.3276231263383298)	(122, 1.3190578158458244)	(123, 1.2762312633832977)	(124, 1.4389721627408993)	(125, 1.6274089935760172)	(126, 1.3276231263383298)	(127, 1.430406852248394)	(128, 1.5246252676659529)	(129, 1.4817987152034262)	(130, 1.2933618843683083)	(131, 1.6616702355460384)	(132, 1.7301927194860813)	(133, 1.6102783725910064)	(134, 1.3704496788008564)	(135, 1.6017130620985012)	(136, 1.6188436830835116)	(137, 1.6359743040685226)	(138, 1.5331905781584583)	(139, 1.773019271948608)	(140, 1.576017130620985)	(141, 1.6616702355460384)	(142, 1.790149892933619)	(143, 1.6873661670235545)	(144, 1.5588865096359743)	(145, 1.5503211991434689)	(146, 1.4989293361884368)	(147, 1.5331905781584583)	(148, 1.5074946466809422)	(149, 1.3875802997858673)	(150, 1.4646680942184154)	(151, 1.5503211991434689)	(152, 1.4475374732334048)	(153, 1.6616702355460384)	(154, 1.3790149892933619)	(155, 1.3618843683083512)	(156, 1.3447537473233404)	(157, 1.5931477516059958)	(158, 1.4817987152034262)	(159, 1.3190578158458244)	(160, 1.5674518201284797)	(161, 1.4132762312633833)	(162, 1.5331905781584583)	(163, 1.4732334047109208)	(164, 1.1734475374732334)	(165, 1.3875802997858673)	(166, 1.2762312633832977)	(167, 1.1820128479657388)	(168, 1.1820128479657388)	(169, 1.164882226980728)	(170, 1.1477516059957173)	(171, 1.259100642398287)	(172, 1.1820128479657388)
NA19001	(1, 0.0)	(2, 0.0)	(3, 0.0)	(4, 0.0)	(5, 0.0)	(6, 0.0)	(7, 0.0)	(8, 0.0)	(9, 0.0)	(10, 0.0)	(11, 0.0)	(12, 0.0)	(13, 0.0)	(14, 0.0)	(15, 0.0)	(16, 0.0)	(17, 0.0)	(18, 0.0)	(19, 0.0)	(20, 0.0)	(21, 0.0)	(22, 0.0)	(23, 0.0)	(24, 0.0)	(25, 0.0)	(26, 0.0)	(27, 0.0)	(28, 0.0)	(29, 0.0)	(30, 0.0)	(31, 0.0)	(32, 0.008021175904387582)	(33, 0.016042351808775165)	(34, 0.016042351808775165)	(35, 0.016042351808775165)	(36, 0.0)	(37, 0.0)	(38, 0.008021175904387582)	(39, 0.008021175904387582)	(40, 0.016042351808775165)	(41, 0.008021175904387582)	(42, 0.0)	(43, 0.008021175904387582)	(44, 0.0)	(45, 0.0)	(46, 0.0)	(47, 0.008021175904387582)	(48, 0.0)	(49, 0.0)	(50, 0.0)	(51, 0.0)	(52, 0.0)	(53, 0.0)	(54, 0.0)	(55, 0.0)	(56, 0.008021175904387582)	(57, 0.0)	(58, 0.0)	(59, 0.0)	(60, 0.0)	(61, 0.0)	(62, 0.008021175904387582)	(63, 0.0)	(64, 0.0)	(65, 0.0)	(66, 0.0)	(67, 0.0)	(68, 0.0)	(69, 0.0)	(70, 0.0)	(71, 0.0)	(72, 0.008021175904387582)	(73, 0.0)	(74, 0.0)	(75, 0.03208470361755033)	(76, 0.016042351808775165)	(77, 0.008021175904387582)	(78, 0.0)	(79, 0.016042351808775165)	(80, 0.016042351808775165)	(81, 0.06416940723510066)	(82, 0.05614823133071309)	(83, 0.040105879521937914)	(84, 0.08021175904387583)	(85, 0.08021175904387583)	(86, 0.08823293494826343)	(87, 0.08021175904387583)	(88, 0.192508221705302)	(89, 0.11229646266142618)	(90, 0.1443811662789765)	(91, 0.16844469399213924)	(92, 0.20855057351407716)	(93, 0.22459292532285235)	(94, 0.2326141012272399)	(95, 0.24865645303601508)	(96, 0.39303761931499154)	(97, 0.3449105638886661)	(98, 0.3689740916018288)	(99, 0.3529317397930537)	(100, 0.45720702655009227)	(101, 0.4491858506457047)	(102, 0.4732493783588674)	(103, 0.45720702655009227)	(104, 0.6497152482553942)	(105, 0.6416940723510066)	(106, 0.6978423036817197)	(107, 0.7459693591080453)	(108, 0.8502446458650839)	(109, 0.9946258121440603)	(110, 0.866286997673859)	(111, 0.7620117109168204)	(112, 0.7379481832036576)	(113, 0.8903505253870218)	(114, 1.0267105157616105)	(115, 0.9063928771957969)	(116, 0.9464987567177348)	(117, 1.1069222748054866)	(118, 1.074837571187936)	(119, 1.1390069784230368)	(120, 0.9866046362396728)	(121, 1.0668163952835485)	(122, 1.2272399133713003)	(123, 1.1791128579449746)	(124, 1.3074516724151761)	(125, 1.275366968797626)	(126, 1.3956846073634395)	(127, 1.1710916820405872)	(128, 1.1710916820405872)	(129, 1.6202775326862917)	(130, 1.4518328386941526)	(131, 1.580171653164354)	(132, 1.4758963664073153)	(133, 1.4117269591722148)	(134, 1.5320445977380284)	(135, 1.4678751905029277)	(136, 1.5641293013555788)	(137, 1.4919387182160906)	(138, 1.4919387182160906)	(139, 1.6122563567819042)	(140, 1.5320445977380284)	(141, 1.5962140049731293)	(142, 1.828828106200369)	(143, 1.540065773642416)	(144, 1.6684045881126173)	(145, 1.981230448383733)	(146, 1.7165316435389428)	(147, 1.4919387182160906)	(148, 1.5240234218336408)	(149, 1.5641293013555788)	(150, 1.5320445977380284)	(151, 1.4839175423117028)	(152, 1.6282987085906795)	(153, 1.6202775326862917)	(154, 1.5962140049731293)	(155, 1.387663431459052)	(156, 1.69246811582578)	(157, 1.69246811582578)	(158, 1.6122563567819042)	(159, 1.3395363760327264)	(160, 1.788722226678431)	(161, 1.5240234218336408)	(162, 1.403705783267827)	(163, 1.6202775326862917)	(164, 1.652362236303842)	(165, 1.6202775326862917)	(166, 1.403705783267827)	(167, 1.732573995347718)	(168, 1.6603834122082297)	(169, 1.6603834122082297)	(170, 1.7165316435389428)	(171, 1.5240234218336408)	(172, 1.6042351808775164)
NA19020	(1, 0.0)	(2, 0.0)	(3, 0.0)	(4, 0.0)	(5, 0.0)	(6, 0.0)	(7, 0.0)	(8, 0.0)	(9, 0.0)	(10, 0.0)	(11, 0.0)	(12, 0.0)	(13, 0.0)	(14, 0.0)	(15, 0.0)	(16, 0.0)	(17, 0.0)	(18, 0.0)	(19, 0.0)	(20, 0.0)	(21, 0.0)	(22, 0.0)	(23, 0.0)	(24, 0.0)	(25, 0.0)	(26, 0.0)	(27, 0.0)	(28, 0.0)	(29, 0.0)	(30, 0.0)	(31, 0.0)	(32, 0.0036160089892904065)	(33, 0.002752484454534489)	(34, 0.0031302764384902025)	(35, 0.0029413804465123457)	(36, 0.0024826330374232643)	(37, 0.002347707328867652)	(38, 0.0024286627540010194)	(39, 0.0019969004866230607)	(40, 0.0017000639278007138)	(41, 0.0019159450614896932)	(42, 0.001538153077533979)	(43, 0.0013492570855561218)	(44, 0.0012143313770005097)	(45, 0.0012413165187116321)	(46, 0.0010524205267337752)	(47, 0.001403227368978367)	(48, 0.001295286802133877)	(49, 0.0013222719438449994)	(50, 0.0012143313770005097)	(51, 0.001295286802133877)	(52, 0.0014571976524006118)	(53, 0.0011333759518671424)	(54, 0.0012413165187116321)	(55, 0.0014302125106894891)	(56, 0.0017540342112229586)	(57, 0.001403227368978367)	(58, 0.0017000639278007138)	(59, 0.0017540342112229586)	(60, 0.0018080044946452033)	(61, 0.0023746924705787746)	(62, 0.0023207221871565297)	(63, 0.00221278162031204)	(64, 0.003049321013356836)	(65, 0.003049321013356836)	(66, 0.004209682106935101)	(67, 0.005208132350246631)	(68, 0.00663834486093612)	(69, 0.007043121986602956)	(70, 0.008419364213870201)	(71, 0.010092442999959792)	(72, 0.013087793729894383)	(73, 0.014895798224539585)	(74, 0.01961819802398601)	(75, 0.021534143085475705)	(76, 0.025393018350166215)	(77, 0.03097894268436856)	(78, 0.03726648070306009)	(79, 0.044741364957041)	(80, 0.055481451358067736)	(81, 0.06519610237407181)	(82, 0.07310274889543068)	(83, 0.08762075513601457)	(84, 0.0983878266787524)	(85, 0.11034224445677966)	(86, 0.12950169507167658)	(87, 0.143695879611727)	(88, 0.1610203405902676)	(89, 0.1801528060634534)	(90, 0.2034679685018632)	(91, 0.2276466554750289)	(92, 0.2570874450818635)	(93, 0.27514050488660435)	(94, 0.30002080554425925)	(95, 0.3297854168516273)	(96, 0.3610342109531071)	(97, 0.3893955948914968)	(98, 0.41381714814006265)	(99, 0.45440280127359073)	(100, 0.48106412128417975)	(101, 0.5194369927973957)	(102, 0.5669578273506825)	(103, 0.5953192112890722)	(104, 0.6388462448691126)	(105, 0.6827510704331088)	(106, 0.7139458942511664)	(107, 0.7615476842295864)	(108, 0.7987871797909354)	(109, 0.8427729607800648)	(110, 0.8923446661033969)	(111, 0.9414846091593508)	(112, 0.9761875013998542)	(113, 1.0244909050627633)	(114, 1.044675791062683)	(115, 1.095839619746971)	(116, 1.1412556132467901)	(117, 1.194956045251924)	(118, 1.221212588136846)	(119, 1.2577504700137057)	(120, 1.302734701246147)	(121, 1.3243228146150448)	(122, 1.3718436491683315)	(123, 1.4054131654569677)	(124, 1.4199581568392627)	(125, 1.4540403908204105)	(126, 1.4730379305850405)	(127, 1.5124632226249906)	(128, 1.5372895529992232)	(129, 1.5438739275767368)	(130, 1.5576363498494095)	(131, 1.5783609386835515)	(132, 1.596791790472248)	(133, 1.6208895220202806)	(134, 1.6198640866352576)	(135, 1.6220498831138588)	(136, 1.6384028789907987)	(137, 1.6234531104828371)	(138, 1.6301454256271954)	(139, 1.6276627925897722)	(140, 1.6325471032394852)	(141, 1.620106952910658)	(142, 1.628553302266239)	(143, 1.622346719672681)	(144, 1.6115796481299434)	(145, 1.5988966315257158)	(146, 1.5884533816835114)	(147, 1.5910709404294903)	(148, 1.5790895375097518)	(149, 1.567863718557925)	(150, 1.539475349477824)	(151, 1.555801360213053)	(152, 1.523338234734573)	(153, 1.5038819475608536)	(154, 1.4849653632213566)	(155, 1.4865305014406018)	(156, 1.456630964424678)	(157, 1.4522593714674763)	(158, 1.4221439533178637)	(159, 1.404144863796545)	(160, 1.3912189809169173)	(161, 1.3677419076282409)	(162, 1.3542493367726796)	(163, 1.3415123498850299)	(164, 1.3207068056257545)	(165, 1.2991996476819898)	(166, 1.2733208967810234)	(167, 1.266385715361265)	(168, 1.2398053507758093)	(169, 1.2319526745378726)	(170, 1.2100947097518635)	(171, 1.1908273185701221)	(172, 1.1610896924044651)
NA19922	(1, 0.0)	(2, 0.0)	(3, 0.0)	(4, 0.0)	(5, 0.0)	(6, 0.0)	(7, 0.0)	(8, 0.0)	(9, 0.0)	(10, 0.0)	(11, 0.0)	(12, 0.0)	(13, 0.0)	(14, 0.0)	(15, 0.0)	(16, 0.0)	(17, 0.0)	(18, 0.0)	(19, 0.0)	(20, 0.0)	(21, 0.0)	(22, 0.0)	(23, 0.0)	(24, 0.0)	(25, 0.0)	(26, 0.0)	(27, 0.0)	(28, 0.0)	(29, 0.0)	(30, 0.0)	(31, 0.0)	(32, 0.0042734880726603254)	(33, 0.005789887066184957)	(34, 0.004101170005214345)	(35, 0.0042734880726603254)	(36, 0.0038599247107899714)	(37, 0.0032051160544952443)	(38, 0.002757089079135694)	(39, 0.0028949435330924787)	(40, 0.0027226254656464977)	(41, 0.0022056712633085553)	(42, 0.002102280422840967)	(43, 0.0023435257172653395)	(44, 0.0021367440363301627)	(45, 0.0018610351284165934)	(46, 0.0017921079014382008)	(47, 0.0016542534474814163)	(48, 0.0019644259688841818)	(49, 0.0016197898339922203)	(50, 0.001550862607013828)	(51, 0.001550862607013828)	(52, 0.0019299623553949857)	(53, 0.0015163989935246317)	(54, 0.0018610351284165934)	(55, 0.001585326220503024)	(56, 0.0018265715149273973)	(57, 0.001757644287949005)	(58, 0.0017921079014382008)	(59, 0.001757644287949005)	(60, 0.001378544539567847)	(61, 0.002102280422840967)	(62, 0.0018610351284165934)	(63, 0.0018265715149273973)	(64, 0.0022745984902869474)	(65, 0.0020333531958625743)	(66, 0.0032395796679844406)	(67, 0.00279155269262489)	(68, 0.0032395796679844406)	(69, 0.0037220702568331867)	(70, 0.004721515048019876)	(71, 0.005100614796401034)	(72, 0.006927186311328432)	(73, 0.00865036698578824)	(74, 0.008167876396939493)	(75, 0.012406900856110624)	(76, 0.015129526321757122)	(77, 0.019058378259525485)	(78, 0.02098834061492047)	(79, 0.025640928435961954)	(80, 0.029879952895133087)	(81, 0.03925405576419444)	(82, 0.04755978661509072)	(83, 0.05324628284080809)	(84, 0.06282716739080463)	(85, 0.07244251555429035)	(86, 0.0838499716192143)	(87, 0.09587777272694376)	(88, 0.11245477081524712)	(89, 0.13016906814869394)	(90, 0.1479522927091192)	(91, 0.16670049844724188)	(92, 0.18720634847331363)	(93, 0.20409351908301973)	(94, 0.2340768628186204)	(95, 0.2546171764581813)	(96, 0.28418695683191164)	(97, 0.3087939768631977)	(98, 0.33888071143926596)	(99, 0.36786461038367996)	(100, 0.39681404571460477)	(101, 0.4248674270948104)	(102, 0.4595378222649418)	(103, 0.50506425568417)	(104, 0.5363916803458493)	(105, 0.574646291318857)	(106, 0.60838616892478)	(107, 0.6396102027459918)	(108, 0.6813111750679192)	(109, 0.714499634858015)	(110, 0.7566141705418128)	(111, 0.7944207545394609)	(112, 0.8211300549935882)	(113, 0.8746175831288205)	(114, 0.8980183766879847)	(115, 0.9367899418633304)	(116, 0.9764575609893953)	(117, 1.0070612497678015)	(118, 1.0411802271221056)	(119, 1.0782286116229916)	(120, 1.117654985454632)	(121, 1.1379540537997686)	(122, 1.1694193329154046)	(123, 1.2153248660830138)	(124, 1.2441019833464926)	(125, 1.2639185611027806)	(126, 1.2998296463585228)	(127, 1.3131670647788418)	(128, 1.3422888181772126)	(129, 1.3770281405743223)	(130, 1.3810948469660476)	(131, 1.4003255432930188)	(132, 1.4313772590467848)	(133, 1.4423711517498383)	(134, 1.4632905651377803)	(135, 1.4644967916099023)	(136, 1.504681364938305)	(137, 1.5214306810940543)	(138, 1.5297708755584398)	(139, 1.542453485322464)	(140, 1.5683356590528503)	(141, 1.5716786295613023)	(142, 1.5775719074679548)	(143, 1.5757453359530276)	(144, 1.606555806412369)	(145, 1.6082789870868288)	(146, 1.617136135753552)	(147, 1.611346248687367)	(148, 1.6327136890506688)	(149, 1.6427770641895139)	(150, 1.6500488866357343)	(151, 1.6498421049547993)	(152, 1.6611117065657666)	(153, 1.6794808125555079)	(154, 1.6764824781819478)	(155, 1.671554181452993)	(156, 1.6716920359069496)	(157, 1.6686592379199001)	(158, 1.675138397255869)	(159, 1.6901645327371588)	(160, 1.6876142253389583)	(161, 1.6957821017358976)	(162, 1.6809627479355433)	(163, 1.6834441281067654)	(164, 1.6826170013830248)	(165, 1.6894752604673748)	(166, 1.68496052710029)	(167, 1.694438020809819)	(168, 1.6996764900601768)	(169, 1.6870283439096418)	(170, 1.708809347634814)	(171, 1.6764135509549694)	(172, 1.6929560854297838)
NA20274	(1, 0.0)	(2, 0.0)	(3, 0.0)	(4, 0.0)	(5, 0.0)	(6, 0.0)	(7, 0.0)	(8, 0.0)	(9, 0.0)	(10, 0.0)	(11, 0.0)	(12, 0.0)	(13, 0.0)	(14, 0.0)	(15, 0.0)	(16, 0.0)	(17, 0.0)	(18, 0.0)	(19, 0.0)	(20, 0.0)	(21, 0.0)	(22, 0.0)	(23, 0.0)	(24, 0.0)	(25, 0.0)	(26, 0.0)	(27, 0.0)	(28, 0.0)	(29, 0.0)	(30, 0.0)	(31, 0.0)	(32, 0.0219195481873305)	(33, 0.016520011390451433)	(34, 0.01799845598959689)	(35, 0.015684368790934437)	(36, 0.01542724799108305)	(37, 0.013884523191974744)	(38, 0.017291373790005584)	(39, 0.012920320192532055)	(40, 0.012341798392866442)	(41, 0.01189183699312652)	(42, 0.012020397393052211)	(43, 0.012020397393052211)	(44, 0.01169899639323798)	(45, 0.011313315193460903)	(46, 0.011827556793163673)	(47, 0.01041339239398106)	(48, 0.010991914193646674)	(49, 0.011441875593386596)	(50, 0.009706310194389752)	(51, 0.010477672593943905)	(52, 0.010670513193832443)	(53, 0.01105619439360952)	(54, 0.009320628994612676)	(55, 0.010670513193832443)	(56, 0.012020397393052211)	(57, 0.010927633993683827)	(58, 0.011827556793163673)	(59, 0.011634716193275134)	(60, 0.012341798392866442)	(61, 0.012856039992569209)	(62, 0.012856039992569209)	(63, 0.009963430994241136)	(64, 0.013306001392309131)	(65, 0.013948803391937591)	(66, 0.013691682592086208)	(67, 0.015684368790934437)	(68, 0.012084677593015056)	(69, 0.012598919192717824)	(70, 0.013434561792234824)	(71, 0.015812929190860126)	(72, 0.014913006391380284)	(73, 0.015362967791120204)	(74, 0.016520011390451433)	(75, 0.01626289059060005)	(76, 0.018319856989411125)	(77, 0.015298687591157357)	(78, 0.01806273618955974)	(79, 0.01902693918900243)	(80, 0.02063394418807358)	(81, 0.023655113586327346)	(82, 0.024105074986067267)	(83, 0.026419162184729724)	(84, 0.030147413782574798)	(85, 0.03355426438060564)	(86, 0.04075364677644439)	(87, 0.045188980573880766)	(88, 0.050717077770685536)	(89, 0.060294827565149596)	(90, 0.07019397835942788)	(91, 0.08015740935366902)	(92, 0.08979943934809592)	(93, 0.1065122913384359)	(94, 0.1187898095313395)	(95, 0.1351169803219024)	(96, 0.15735792950904712)	(97, 0.1827486084943713)	(98, 0.2022897892830765)	(99, 0.22285945327118725)	(100, 0.2578278820509755)	(101, 0.2934391128303922)	(102, 0.3241650484126326)	(103, 0.35450530279509596)	(104, 0.39493754857172614)	(105, 0.4503470809396994)	(106, 0.4873081959183358)	(107, 0.5393751578882411)	(108, 0.5852712206617132)	(109, 0.6410021540295008)	(110, 0.7013612617946131)	(111, 0.7489928899670821)	(112, 0.823750762523872)	(113, 0.8808315800908793)	(114, 0.9362411124588527)	(115, 1.0189054496110728)	(116, 1.0698796481816095)	(117, 1.135702572943564)	(118, 1.1788988673185963)	(119, 1.26548429666855)	(120, 1.3358711156278664)	(121, 1.397001585792533)	(122, 1.4756805505470565)	(123, 1.5167555983233152)	(124, 1.5703652850923289)	(125, 1.6406235436517196)	(126, 1.6937189888210307)	(127, 1.7716265911759999)	(128, 1.8120588369526298)	(129, 1.8807743707129125)	(130, 1.9368909852804772)	(131, 1.9871581016514226)	(132, 2.0259833424289817)	(133, 2.0698224388036426)	(134, 2.133202715967009)	(135, 2.121503719573771)	(136, 2.1220179611734733)	(137, 2.0954059583888553)	(138, 2.065837066405946)	(139, 1.9620888236659126)	(140, 1.8863667481096802)	(141, 1.7827470657695723)	(142, 1.711846005210553)	(143, 1.6458302398487101)	(144, 1.5849568904838949)	(145, 1.5290973967161816)	(146, 1.5031924761311548)	(147, 1.4795373625448274)	(148, 1.459674780756308)	(149, 1.4412906435669341)	(150, 1.4114646307841734)	(151, 1.3835670240002982)	(152, 1.4025296829893377)	(153, 1.4228422261775973)	(154, 1.425413434176111)	(155, 1.448811426962587)	(156, 1.4598676213561965)	(157, 1.457553534157534)	(158, 1.4792159615450131)	(159, 1.478508879345422)	(160, 1.4765161931465736)	(161, 1.491814880737731)	(162, 1.480115884344493)	(163, 1.4905292767384741)	(164, 1.4900150351387713)	(165, 1.502678234531452)	(166, 1.5085277327280708)	(167, 1.5334041701136925)	(168, 1.5102632981270678)	(169, 1.5303830007154386)	(170, 1.5192625261218662)		
NA20342	(1, 0.0)	(2, 0.0)	(3, 0.0)	(4, 0.0)	(5, 0.0)	(6, 0.0)	(7, 0.0)	(8, 0.0)	(9, 0.0)	(10, 0.0)	(11, 0.0)	(12, 0.0)	(13, 0.0)	(14, 0.0)	(15, 0.0)	(16, 0.0)	(17, 0.0)	(18, 0.0)	(19, 0.0)	(20, 0.0)	(21, 0.0)	(22, 0.0)	(23, 0.0)	(24, 0.0)	(25, 0.0)	(26, 0.0)	(27, 0.0)	(28, 0.0)	(29, 0.0)	(30, 0.0)	(31, 0.0)	(32, 0.022819375231112073)	(33, 0.026584948701592608)	(34, 0.021990949067606354)	(35, 0.018150064127716203)	(36, 0.020409408210004525)	(37, 0.01867724441358348)	(38, 0.017171015025391263)	(39, 0.014459802126645273)	(40, 0.014535113596054883)	(41, 0.011522654819670453)	(42, 0.012878261269043447)	(43, 0.010694228656164734)	(44, 0.010920163064393565)	(45, 0.01137203188085123)	(46, 0.009037376329153296)	(47, 0.011748589227899285)	(48, 0.009037376329153296)	(49, 0.008962064859743685)	(50, 0.008886753390334075)	(51, 0.009037376329153296)	(52, 0.008736130451514851)	(53, 0.009715179553839793)	(54, 0.008208950165647577)	(55, 0.009112687798562906)	(56, 0.008962064859743685)	(57, 0.00933862220679174)	(58, 0.0104682942479359)	(59, 0.009941113962068626)	(60, 0.008736130451514851)	(61, 0.009037376329153296)	(62, 0.010769540125574344)	(63, 0.009564556615020573)	(64, 0.009489245145610961)	(65, 0.008962064859743685)	(66, 0.009790491023249404)	(67, 0.010995474533803177)	(68, 0.009489245145610961)	(69, 0.008886753390334075)	(70, 0.00933862220679174)	(71, 0.011673277758489673)	(72, 0.01235108098317617)	(73, 0.012577015391405003)	(74, 0.011221408942032008)	(75, 0.011146097472622398)	(76, 0.01317950714668189)	(77, 0.01340544155491072)	(78, 0.0160413429842471)	(79, 0.014384490657235662)	(80, 0.016794457678343207)	(81, 0.017622883841848926)	(82, 0.018150064127716203)	(83, 0.017622883841848926)	(84, 0.02259344082288324)	(85, 0.025003407843990782)	(86, 0.02537996519103884)	(87, 0.031178948335578868)	(88, 0.03569763650015552)	(89, 0.03953852144004567)	(90, 0.041195373767057106)	(91, 0.04842527483037974)	(92, 0.0551279956078351)	(93, 0.060701044344146304)	(94, 0.06966310920388999)	(95, 0.07380524002141858)	(96, 0.08035733786005472)	(97, 0.09602212349725377)	(98, 0.1038545163158533)	(99, 0.12177864603534067)	(100, 0.12742700624106149)	(101, 0.15589474167789436)	(102, 0.16425431478236113)	(103, 0.1903873946674961)	(104, 0.2084621473258027)	(105, 0.23210994872042046)	(106, 0.24491289852005432)	(107, 0.2740584371815737)	(108, 0.29281099306456676)	(109, 0.3263999084212532)	(110, 0.3575788567568321)	(111, 0.37806357643624616)	(112, 0.40600413158721177)	(113, 0.4511910132329783)	(114, 0.48613553503903767)	(115, 0.5233394009273854)	(116, 0.5673212990625982)	(117, 0.5823082814751107)	(118, 0.6357041132865248)	(119, 0.6792341426052797)	(120, 0.7241197783734078)	(121, 0.767423873283934)	(122, 0.8100501649697738)	(123, 0.8574963906978286)	(124, 0.896884289199055)	(125, 0.9419205479060022)	(126, 1.0076674607005924)	(127, 1.0346289667492332)	(128, 1.0868198150500934)	(129, 1.1409687615556037)	(130, 1.2027241664714845)	(131, 1.2400786552986514)	(132, 1.3020599946227611)	(133, 1.352217433249562)	(134, 1.3955215281600881)	(135, 1.4427418194799142)	(136, 1.4948573563113647)	(137, 1.5301784354644723)	(138, 1.5862101687052228)	(139, 1.6385516399449023)	(140, 1.6948093075938815)	(141, 1.7164990107838494)	(142, 1.7692170393705768)	(143, 1.800546610644975)	(144, 1.8637329334796382)	(145, 1.8857991940166543)	(146, 1.9420568616656335)	(147, 1.9765495146552354)	(148, 2.0157867902176427)	(149, 2.045158263287391)	(150, 2.0785212442358483)	(151, 2.1300342893120225)	(152, 2.1316158301696237)	(153, 2.1770286462236195)	(154, 2.2274873307280587)	(155, 2.228541691299793)	(156, 2.2539969679602416)	(157, 2.2785485069877747)	(158, 2.298204800503683)	(159, 2.3252416180217335)	(160, 2.3488141079469416)	(161, 2.3863945311823374)	(162, 2.4227699709071793)	(163, 2.4169709877626393)	(164, 2.4353469862985846)	(165, 2.4465683952406163)	(166, 2.462534426755454)	(167, 2.451313017813422)	(168, 2.472626163656342)	(169, 2.485353801986566)	(170, 2.5102818983611472)		
NA20351	(1, 0.0)	(2, 0.0)	(3, 0.0)	(4, 0.0)	(5, 0.0)	(6, 0.0)	(7, 0.0)	(8, 0.0)	(9, 0.0)	(10, 0.0)	(11, 0.0)	(12, 0.0)	(13, 0.0)	(14, 0.0)	(15, 0.0)	(16, 0.0)	(17, 0.0)	(18, 0.0)	(19, 0.0)	(20, 0.0)	(21, 0.0)	(22, 0.0)	(23, 0.0)	(24, 0.0)	(25, 0.0)	(26, 0.0)	(27, 0.0)	(28, 0.0)	(29, 0.0)	(30, 0.0)	(31, 0.0)	(32, 0.004291001907419557)	(33, 0.004544770837428241)	(34, 0.0037373242419460662)	(35, 0.0032989960901128853)	(36, 0.0031375067710164503)	(37, 0.003368205798297072)	(38, 0.0029529475491919537)	(39, 0.0027683883273674566)	(40, 0.0023531300782623377)	(41, 0.0021455009537097785)	(42, 0.0023992698837184624)	(43, 0.001637963093692412)	(44, 0.0017302427046046605)	(45, 0.0017071728018765982)	(46, 0.0014072640664117904)	(47, 0.0014764737745959768)	(48, 0.0017533126073327222)	(49, 0.0013611242609556662)	(50, 0.0011996349418592312)	(51, 0.001338054358227604)	(52, 0.0012919145527714798)	(53, 0.0015918232882362875)	(54, 0.0014764737745959768)	(55, 0.0015687533855082252)	(56, 0.0015918232882362875)	(57, 0.0017071728018765982)	(58, 0.0016148931909643496)	(59, 0.0017071728018765982)	(60, 0.0017071728018765982)	(61, 0.0019378718291572197)	(62, 0.001822522315516909)	(63, 0.0021455009537097785)	(64, 0.0021685708564378407)	(65, 0.002306990272806214)	(66, 0.002514619397358773)	(67, 0.0029529475491919537)	(68, 0.003460485409209321)	(69, 0.004037232977410874)	(70, 0.00496002908653336)	(71, 0.006251943639304839)	(72, 0.0077976271220850015)	(73, 0.009181821285768731)	(74, 0.011327322239478509)	(75, 0.013195984360451541)	(76, 0.016172001812371557)	(77, 0.02106282119072073)	(78, 0.023485160977167255)	(79, 0.028168351230963867)	(80, 0.03395889681570747)	(81, 0.03951874337317044)	(82, 0.049577220962605535)	(83, 0.05665968110012061)	(84, 0.06660280917591539)	(85, 0.07698426540354335)	(86, 0.09244110023134498)	(87, 0.1047373583854021)	(88, 0.11689519712309085)	(89, 0.13357473679547976)	(90, 0.15000050753786004)	(91, 0.1658495307120387)	(92, 0.1885272450937238)	(93, 0.2094747167708042)	(94, 0.23517458840986544)	(95, 0.25872895909521687)	(96, 0.28124518415780553)	(97, 0.31760335085723146)	(98, 0.3448027661736167)	(99, 0.36914151355172226)	(100, 0.3986940589463699)	(101, 0.44250380422695984)	(102, 0.4723331884543442)	(103, 0.5118980716329707)	(104, 0.5514168150061411)	(105, 0.5849373836700155)	(106, 0.6140054611073738)	(107, 0.6617140199490062)	(108, 0.7031014254431498)	(109, 0.7429892872599692)	(110, 0.7735107685691954)	(111, 0.8222344031308627)	(112, 0.8552474339347196)	(113, 0.8966809792343192)	(114, 0.922957598441582)	(115, 0.9615766156083579)	(116, 1.0192513724285133)	(117, 1.0470275353131002)	(118, 1.0859003214098848)	(119, 1.1235965424675385)	(120, 1.1630922159379806)	(121, 1.1852393225569202)	(122, 1.2220358174081796)	(123, 1.2648304869687348)	(124, 1.284970512050333)	(125, 1.3153997137486468)	(126, 1.3472131096106446)	(127, 1.3648154453921562)	(128, 1.3930068665258482)	(129, 1.4202524216476893)	(130, 1.4388467632465074)	(131, 1.4548803456425108)	(132, 1.4779502483705729)	(133, 1.5041345879669232)	(134, 1.5184840674637778)	(135, 1.5382549741017273)	(136, 1.5424998362036906)	(137, 1.556018799202335)	(138, 1.5680843583291117)	(139, 1.5658004379590333)	(140, 1.596506478490084)	(141, 1.5995978454556445)	(142, 1.606495746371335)	(143, 1.6218372316854963)	(144, 1.6229445870164432)	(145, 1.6245594802074077)	(146, 1.6269818199938544)	(147, 1.6304423054030637)	(148, 1.6379400237896837)	(149, 1.6327031558704137)	(150, 1.6396010567861041)	(151, 1.6400624548406653)	(152, 1.6378477441787713)	(153, 1.6297732782239498)	(154, 1.6341565597422816)	(155, 1.6391396587315428)	(156, 1.6254130666083457)	(157, 1.6240980821528466)	(158, 1.623267565654636)	(159, 1.6206837365490931)	(160, 1.6165080841553139)	(161, 1.6217910918800402)	(162, 1.6126784803024559)	(163, 1.6044194551258093)	(164, 1.6012358085493368)	(165, 1.5980290920701363)	(166, 1.5889856902007358)	(167, 1.5937150202599886)	(168, 1.582779886366887)	(169, 1.5765279427275822)	(170, 1.5582104399615009)	(171, 1.5497668555630302)	(172, 1.5445991973519444)
NA20355	(1, 0.0)	(2, 0.0)	(3, 0.0)	(4, 0.0)	(5, 0.0)	(6, 0.0)	(7, 0.0)	(8, 0.0)	(9, 0.0)	(10, 0.0)	(11, 0.0)	(12, 0.0)	(13, 0.0)	(14, 0.0)	(15, 0.0)	(16, 0.0)	(17, 0.0)	(18, 0.0)	(19, 0.0)	(20, 0.0)	(21, 0.0)	(22, 0.0)	(23, 0.0)	(24, 0.0)	(25, 0.0)	(26, 0.0)	(27, 0.0)	(28, 0.0)	(29, 0.0)	(30, 0.0)	(31, 0.0)	(32, 0.026708083079943764)	(33, 0.023632606846495697)	(34, 0.02597968081412712)	(35, 0.02371354043158644)	(36, 0.021366466463955014)	(37, 0.0186147245708699)	(38, 0.019585927591958763)	(39, 0.017400720794508818)	(40, 0.017076986454145862)	(41, 0.016267650603238478)	(42, 0.016348584188329216)	(43, 0.01594391626287552)	(44, 0.013434975125062622)	(45, 0.013192174369790406)	(46, 0.01351590871015336)	(47, 0.014406178146151487)	(48, 0.01351590871015336)	(49, 0.011735369838157109)	(50, 0.012059104178520064)	(51, 0.010440432476705291)	(52, 0.014406178146151487)	(53, 0.01238283851888302)	(54, 0.017076986454145862)	(55, 0.014406178146151487)	(56, 0.015215513997058873)	(57, 0.01351590871015336)	(58, 0.015782049092694043)	(59, 0.015053646826877397)	(60, 0.016429517773419954)	(61, 0.01845285740068842)	(62, 0.017157920039236604)	(63, 0.016915119283964386)	(64, 0.017562587964690294)	(65, 0.02031432985777541)	(66, 0.019990595517412457)	(67, 0.020718997783229103)	(68, 0.02023339627268467)	(69, 0.020152462687593933)	(70, 0.01837192381559768)	(71, 0.018938458911232855)	(72, 0.021528333634136494)	(73, 0.02039526344286615)	(74, 0.02031432985777541)	(75, 0.022094868729771663)	(76, 0.022418603070134616)	(77, 0.021204599293773538)	(78, 0.02371354043158644)	(79, 0.024361009112312346)	(80, 0.02476567703776604)	(81, 0.0246847434526753)	(82, 0.027436485345760417)	(83, 0.02897422346248445)	(84, 0.030431027994117746)	(85, 0.03601544536537872)	(86, 0.04119519481118599)	(87, 0.042490132172637814)	(88, 0.04945042049044134)	(89, 0.05624884163806339)	(90, 0.06021458730750959)	(91, 0.07016941827367044)	(92, 0.07680597225111102)	(93, 0.0840899949092775)	(94, 0.09695843493870494)	(95, 0.10586112929868621)	(96, 0.12504238896519126)	(97, 0.1388820320157076)	(98, 0.1548259482785831)	(99, 0.17683988342326404)	(100, 0.1978826155468561)	(101, 0.22531910089261653)	(102, 0.25129878170674363)	(103, 0.28601928971067053)	(104, 0.3077094905149885)	(105, 0.33854518643455994)	(106, 0.38233025596864956)	(107, 0.4241729194605615)	(108, 0.47459454297209164)	(109, 0.5071298441785687)	(110, 0.561193479019182)	(111, 0.629339557665584)	(112, 0.6628460618931499)	(113, 0.7173952982443077)	(114, 0.7786620221579968)	(115, 0.8443800932516768)	(116, 0.8905122367533979)	(117, 0.969422482216868)	(118, 1.0438813805003475)	(119, 1.0832960364395374)	(120, 1.1559743958510207)	(121, 1.232699434517041)	(122, 1.3102338090339687)	(123, 1.3793510907014594)	(124, 1.433657526297345)	(125, 1.5115156351546357)	(126, 1.5722158239726898)	(127, 1.6439229803630842)	(128, 1.6980675487887884)	(129, 1.745575563237052)	(130, 1.8432624004415736)	(131, 1.888423340922206)	(132, 1.956488485983517)	(133, 2.02034508462011)	(134, 2.071414176812366)	(135, 2.0926187761061397)	(136, 2.1015214704661207)	(137, 2.102007071976665)	(138, 2.0446251601473313)	(139, 2.004805836282688)	(140, 1.9380356285828286)	(141, 1.8346834404219554)	(142, 1.7948641165573118)	(143, 1.7444424930457818)	(144, 1.6759726800590167)	(145, 1.6480505932027119)	(146, 1.62045224068677)	(147, 1.5885644081610188)	(148, 1.5469645454243792)	(149, 1.5362813121924017)	(150, 1.5328011680335)	(151, 1.4914441060521326)	(152, 1.515481380824082)	(153, 1.5574859114861754)	(154, 1.5541676344974549)	(155, 1.5748056986955934)	(156, 1.613006350858422)	(157, 1.6231230489947643)	(158, 1.6137347531242388)	(159, 1.627250661834392)	(160, 1.6710357313684816)	(161, 1.6706310634430281)	(162, 1.6817189646004593)	(163, 1.6907025925455312)	(164, 1.6660178490928559)	(165, 1.6946683382149774)	(166, 1.6989578182247864)	(167, 1.7034091654047772)	(168, 1.707213043904042)	(169, 1.7476798364494113)	(170, 1.736268200951617)		
NA20503	(1, 0.0)	(2, 0.0)	(3, 0.0)	(4, 0.0)	(5, 0.0)	(6, 0.0)	(7, 0.0)	(8, 0.0)	(9, 0.0)	(10, 0.0)	(11, 0.0)	(12, 0.0)	(13, 0.0)	(14, 0.0)	(15, 0.0)	(16, 0.0)	(17, 0.0)	(18, 0.0)	(19, 0.0)	(20, 0.0)	(21, 0.0)	(22, 0.0)	(23, 0.0)	(24, 0.0)	(25, 0.0)	(26, 0.0)	(27, 0.0)	(28, 0.0)	(29, 0.0)	(30, 0.0)	(31, 0.0)	(32, 0.0029925344629376464)	(33, 0.002732314074856112)	(34, 0.002732314074856112)	(35, 0.002843837098319627)	(36, 0.0024720936867745776)	(37, 0.002007414422343266)	(38, 0.0021561117869612857)	(39, 0.0019144785694570037)	(40, 0.002007414422343266)	(41, 0.0018587170577252464)	(42, 0.0013568634521394297)	(43, 0.0015427351579119543)	(44, 0.0013940377932939348)	(45, 0.0011895789169441575)	(46, 0.0012639275992531675)	(47, 0.0014869736461801972)	(48, 0.0011895789169441575)	(49, 0.0013754506227166823)	(50, 0.0010594687229033904)	(51, 0.001040881552326138)	(52, 0.0010594687229033904)	(53, 0.0015241479873347018)	(54, 0.0013382762815621774)	(55, 0.0013568634521394297)	(56, 0.0013940377932939348)	(57, 0.0014869736461801972)	(58, 0.0012081660875214101)	(59, 0.0017286068636844791)	(60, 0.0016728453519527216)	(61, 0.0016914325225299742)	(62, 0.0020445887634977706)	(63, 0.002081763104652276)	(64, 0.002732314074856112)	(65, 0.0030482959746694037)	(66, 0.00392189299180027)	(67, 0.004851251520662893)	(68, 0.005613325514330244)	(69, 0.006375399507997595)	(70, 0.008252703736300094)	(71, 0.010854907617115437)	(72, 0.012992432233499473)	(73, 0.016412471619713924)	(74, 0.019813923835351126)	(75, 0.023345486245029093)	(76, 0.028475545324350777)	(77, 0.03600334940813802)	(78, 0.04196983116343606)	(79, 0.04959057110010957)	(80, 0.05711837518389682)	(81, 0.06920003605911092)	(82, 0.08312182682147301)	(83, 0.09724807646018489)	(84, 0.109478434700017)	(85, 0.12232216956889845)	(86, 0.1447011229439104)	(87, 0.16581614871966924)	(88, 0.18659660542503748)	(89, 0.2102394863993026)	(90, 0.2356481485784067)	(91, 0.25804568912399595)	(92, 0.28605655518391543)	(93, 0.3147551465551932)	(94, 0.34488495006091946)	(95, 0.37659466306571215)	(96, 0.40821144021761857)	(97, 0.4397910430283705)	(98, 0.4761847230186309)	(99, 0.5160356167362602)	(100, 0.5504404694747544)	(101, 0.5924103006381906)	(102, 0.6369451613412874)	(103, 0.673580474549052)	(104, 0.7118886331087694)	(105, 0.751628003802935)	(106, 0.8003263907153366)	(107, 0.8377237779167684)	(108, 0.8897864427036526)	(109, 0.9230017165252027)	(110, 0.9649715476886389)	(111, 0.9994693362800195)	(112, 1.040584157596902)	(113, 1.081085602284735)	(114, 1.1090592940035)	(115, 1.1532595856362062)	(116, 1.192032423460355)	(117, 1.2193741513794933)	(118, 1.2589276503678866)	(119, 1.2890574538736128)	(120, 1.3186482294325987)	(121, 1.3392985759439262)	(122, 1.3737034286824206)	(123, 1.3891679546026947)	(124, 1.4116398438305928)	(125, 1.4318440982480662)	(126, 1.4442975025348253)	(127, 1.4733864244882255)	(128, 1.4813603206658668)	(129, 1.494557211775716)	(130, 1.500151950119469)	(131, 1.5297427256784548)	(132, 1.525913768539541)	(133, 1.5341292979346866)	(134, 1.5293523950963328)	(135, 1.5468057482683726)	(136, 1.5445752877991024)	(137, 1.5513038435480677)	(138, 1.5466198765626002)	(139, 1.5442964802404435)	(140, 1.5450771414046882)	(141, 1.5431069013234995)	(142, 1.5415641661655874)	(143, 1.5346497387108498)	(144, 1.5269918244330216)	(145, 1.524222336017011)	(146, 1.5150774480930027)	(147, 1.50684333152728)	(148, 1.4986278021321342)	(149, 1.4903193368841023)	(150, 1.4940739453407075)	(151, 1.48600711331018)	(152, 1.472326955765322)	(153, 1.454501859181737)	(154, 1.4486469004499025)	(155, 1.4389072230674222)	(156, 1.428145251303193)	(157, 1.4132383405002364)	(158, 1.3977924017505396)	(159, 1.393480178176617)	(160, 1.371751775771809)	(161, 1.3671793318098049)	(162, 1.3422725232362867)	(163, 1.340748375248952)	(164, 1.3355439674873213)	(165, 1.3201352030787787)	(166, 1.3049308975465863)	(167, 1.2865110115045293)	(168, 1.2832396694829327)	(169, 1.2674777488334228)	(170, 1.2522734433012301)	(171, 1.2323294092718384)	(172, 1.2241510542178473)
NA20507	(1, 0.0)	(2, 0.0)	(3, 0.0)	(4, 0.0)	(5, 0.0)	(6, 0.0)	(7, 0.0)	(8, 0.0)	(9, 0.0)	(10, 0.0)	(11, 0.0)	(12, 0.0)	(13, 0.0)	(14, 0.0)	(15, 0.0)	(16, 0.0)	(17, 0.0)	(18, 0.0)	(19, 0.0)	(20, 0.0)	(21, 0.0)	(22, 0.0)	(23, 0.0)	(24, 0.0)	(25, 0.0)	(26, 0.0)	(27, 0.0)	(28, 0.0)	(29, 0.0)	(30, 0.0)	(31, 0.0)	(32, 0.005125531054703538)	(33, 0.004576367013128159)	(34, 0.003530340267270294)	(35, 0.0034780389299774008)	(36, 0.0031903815748664877)	(37, 0.0030073268943413617)	(38, 0.0029288748884020214)	(39, 0.002562765527351769)	(40, 0.002536614858705322)	(41, 0.001882848142544157)	(42, 0.0023012588408873025)	(43, 0.0021182041603621765)	(44, 0.0018305468052512636)	(45, 0.0021182041603621765)	(46, 0.0015951907874332438)	(47, 0.0014644374442010107)	(48, 0.0013859854382616708)	(49, 0.001647492124726137)	(50, 0.0014121361069081174)	(51, 0.001516738781493904)	(52, 0.0010983280831507582)	(53, 0.0012029307577365446)	(54, 0.001647492124726137)	(55, 0.0012290814263829911)	(56, 0.0013598347696152243)	(57, 0.00193514947983705)	(58, 0.0013859854382616708)	(59, 0.0016213414560796904)	(60, 0.0016213414560796904)	(61, 0.0017259441306654768)	(62, 0.0015951907874332438)	(63, 0.00177824546795837)	(64, 0.0017520947993119236)	(65, 0.0024581628527659822)	(66, 0.0023012588408873025)	(67, 0.0023274095095337493)	(68, 0.002562765527351769)	(69, 0.0030073268943413617)	(70, 0.003922600296966994)	(71, 0.004079504308845673)	(72, 0.004524065675835265)	(73, 0.006406913818379423)	(74, 0.006642269836197442)	(75, 0.009701898067831697)	(76, 0.011009431500154028)	(77, 0.013833703713970262)	(78, 0.018043961366048168)	(79, 0.020894384248510853)	(80, 0.025261545912467435)	(81, 0.032792938482644064)	(82, 0.038781441602680336)	(83, 0.04673124487120011)	(84, 0.05693000564331429)	(85, 0.06723336909001426)	(86, 0.07889656730632945)	(87, 0.09212880564143144)	(88, 0.10617171470457328)	(89, 0.1285566870659316)	(90, 0.1459468817158186)	(91, 0.16618749924816828)	(92, 0.1917890038530395)	(93, 0.21914260325722268)	(94, 0.24900666685146472)	(95, 0.27479122613686113)	(96, 0.30248478423344805)	(97, 0.34042940443944214)	(98, 0.36932589329376564)	(99, 0.40899645763042514)	(100, 0.4515958968554867)	(101, 0.48054468704710307)	(102, 0.5268313705513136)	(103, 0.5733011087360492)	(104, 0.625393240679771)	(105, 0.658892247215869)	(106, 0.710644420467187)	(107, 0.7527992983252588)	(108, 0.7943788614731091)	(109, 0.8350954525556264)	(110, 0.8813036840538975)	(111, 0.9257598207528568)	(112, 0.9731186816715717)	(113, 1.0080036736459315)	(114, 1.066293514058861)	(115, 1.1069839544727318)	(116, 1.137554086120428)	(117, 1.1715499553608086)	(118, 1.2145939559528596)	(119, 1.2480929624889578)	(120, 1.2758126712541913)	(121, 1.3176275904198593)	(122, 1.3477793113692123)	(123, 1.365195656687746)	(124, 1.4099394507418161)	(125, 1.4180723086908609)	(126, 1.4485639883326176)	(127, 1.483187473620513)	(128, 1.5005515176017536)	(129, 1.5099134569771815)	(130, 1.5288203904085624)	(131, 1.548302638550165)	(132, 1.5583183446417541)	(133, 1.5680725440468786)	(134, 1.5718643910006134)	(135, 1.5860380534069876)	(136, 1.603454398725521)	(137, 1.6106196819346472)	(138, 1.6030098373585315)	(139, 1.618334129185349)	(140, 1.6026175773288347)	(141, 1.6008654825295228)	(142, 1.615326802291008)	(143, 1.6188048412209852)	(144, 1.6048926855010754)	(145, 1.6082661217564673)	(146, 1.5987734290378073)	(147, 1.5987472783691608)	(148, 1.589463790999672)	(149, 1.589568393674258)	(150, 1.5756039366170556)	(151, 1.565457477182234)	(152, 1.5683340507333432)	(153, 1.5416865193826141)	(154, 1.5474396664848324)	(155, 1.5275913089821795)	(156, 1.5073506914498296)	(157, 1.5070368834260723)	(158, 1.4928370703510518)	(159, 1.4836320349875027)	(160, 1.468673852521735)	(161, 1.446419633503609)	(162, 1.4562261342460265)	(163, 1.4279572614392178)	(164, 1.426335919983138)	(165, 1.4115607921978957)	(166, 1.3984854578746724)	(167, 1.38253355000034)	(168, 1.3755251708030924)	(169, 1.3534801571341377)	(170, 1.332115060849991)	(171, 1.324452914936582)	(172, 1.3122667033473379)
NA20511	(1, 0.0)	(2, 0.0)	(3, 0.0)	(4, 0.0)	(5, 0.0)	(6, 0.0)	(7, 0.0)	(8, 0.0)	(9, 0.0)	(10, 0.0)	(11, 0.0)	(12, 0.0)	(13, 0.0)	(14, 0.0)	(15, 0.0)	(16, 0.0)	(17, 0.0)	(18, 0.0)	(19, 0.0)	(20, 0.0)	(21, 0.0)	(22, 0.0)	(23, 0.0)	(24, 0.0)	(25, 0.0)	(26, 0.0)	(27, 0.0)	(28, 0.0)	(29, 0.0)	(30, 0.0)	(31, 0.0)	(32, 0.025402570714880154)	(33, 0.02135838035231217)	(34, 0.022306237468539044)	(35, 0.020094570864009675)	(36, 0.01908352327336768)	(37, 0.015987190027026567)	(38, 0.01725099951532906)	(39, 0.016366332873517315)	(40, 0.01472338053872407)	(41, 0.015165713859629944)	(42, 0.01592399955261144)	(43, 0.0137755234224972)	(44, 0.014849761487554321)	(45, 0.012764475831855202)	(46, 0.012574904408609828)	(47, 0.012764475831855202)	(48, 0.01364914247366695)	(49, 0.014344237692233322)	(50, 0.013269999627176201)	(51, 0.01339638057600645)	(52, 0.01099514254823171)	(53, 0.01206938061328883)	(54, 0.011879809190043457)	(55, 0.014470618641063571)	(56, 0.013017237729515702)	(57, 0.01579761860378119)	(58, 0.012827666306270327)	(59, 0.01459699958989382)	(60, 0.014344237692233322)	(61, 0.01459699958989382)	(62, 0.015987190027026567)	(63, 0.014281047217818197)	(64, 0.01592399955261144)	(65, 0.015418475757290441)	(66, 0.016745475720008063)	(67, 0.016366332873517315)	(68, 0.01510252338521482)	(69, 0.01725099951532906)	(70, 0.01699823761766856)	(71, 0.016113570975856816)	(72, 0.018072475682725686)	(73, 0.017187809040913937)	(74, 0.018198856631555935)	(75, 0.01668228524559294)	(76, 0.018262047105971055)	(77, 0.018641189952461806)	(78, 0.020600094659330673)	(79, 0.01788290425948031)	(80, 0.019146713747782804)	(81, 0.023380475533596165)	(82, 0.02483385644514403)	(83, 0.024644285021898662)	(84, 0.028751665858881767)	(85, 0.031911189579638004)	(86, 0.03898852271413198)	(87, 0.04410695114175709)	(88, 0.04379099876968146)	(89, 0.053395950880780425)	(90, 0.0592094745269719)	(91, 0.07026780754961874)	(92, 0.07633409309347072)	(93, 0.08195804531641682)	(94, 0.09579675921332916)	(95, 0.10912994931492047)	(96, 0.12625456788141928)	(97, 0.14356875787116347)	(98, 0.16239951924687065)	(99, 0.18186218536672907)	(100, 0.20296780382138077)	(101, 0.23355199343830113)	(102, 0.26198770692510726)	(103, 0.2943412298256512)	(104, 0.3330138001677075)	(105, 0.36536732306825137)	(106, 0.39993251257332463)	(107, 0.438605082915381)	(108, 0.49149551000084046)	(109, 0.5360447944635034)	(110, 0.5764235076147681)	(111, 0.6356961726161552)	(112, 0.6903559329852381)	(113, 0.7348420269734859)	(114, 0.8058681202160861)	(115, 0.862549975766453)	(116, 0.9156931647495731)	(117, 0.9707952584395617)	(118, 1.0533852085001298)	(119, 1.1074762545994767)	(120, 1.1823569667813996)	(121, 1.2461793459406754)	(122, 1.3088642965604793)	(123, 1.3721179614500192)	(124, 1.4361299120325406)	(125, 1.5054498624659325)	(126, 1.5772974318759292)	(127, 1.623868811519876)	(128, 1.706269190157199)	(129, 1.7519559031593344)	(130, 1.8236770916205007)	(131, 1.8648140904647468)	(132, 1.9401371359675759)	(133, 1.9732489445611012)	(134, 2.0170399433307824)	(135, 2.063484942025899)	(136, 2.0679714657093733)	(137, 2.061905180165521)	(138, 2.0332167047810543)	(139, 1.981274134811822)	(140, 1.9214327555406987)	(141, 1.840991281610245)	(142, 1.7596651410379793)	(143, 1.700708428408668)	(144, 1.6785917623633744)	(145, 1.6240583829431217)	(146, 1.6266491923941417)	(147, 1.603458288283791)	(148, 1.5592249561932037)	(149, 1.5696513844716993)	(150, 1.5379929567897217)	(151, 1.5089253385587644)	(152, 1.5424794804731956)	(153, 1.5537905753935028)	(154, 1.576096812862042)	(155, 1.6005515264606953)	(156, 1.605480383465075)	(157, 1.5900619077077844)	(158, 1.6284817161521803)	(159, 1.634927144542523)	(160, 1.6519885726346069)	(161, 1.6746739529496366)	(162, 1.6696187149964263)	(163, 1.6884494763721336)	(164, 1.6909139048743236)	(165, 1.7117035709568997)	(166, 1.7195391897843753)	(167, 1.7020986188458007)	(168, 1.7298392371140405)	(169, 1.7185913326681481)	(170, 1.7266165229188692)		
NA20864	(1, 0.0)	(2, 0.0)	(3, 0.0)	(4, 0.0)	(5, 0.0)	(6, 0.0)	(7, 0.0)	(8, 0.0)	(9, 0.0)	(10, 0.0)	(11, 0.0)	(12, 0.0)	(13, 0.0)	(14, 0.0)	(15, 0.0)	(16, 0.0)	(17, 0.0)	(18, 0.0)	(19, 0.0)	(20, 0.0)	(21, 0.0)	(22, 0.0)	(23, 0.0)	(24, 0.0)	(25, 0.0)	(26, 0.0)	(27, 0.0)	(28, 0.0)	(29, 0.0)	(30, 0.0)	(31, 0.0)	(32, 0.020830029575501792)	(33, 0.020201988482773096)	(34, 0.017218793292311782)	(35, 0.017637487354130912)	(36, 0.014915975952306558)	(37, 0.014287934859577862)	(38, 0.014758965679124384)	(39, 0.013764567282303948)	(40, 0.01423559810185047)	(41, 0.012560821854573946)	(42, 0.012351474823664377)	(43, 0.01240381158139177)	(44, 0.010781372091842637)	(45, 0.010100994241386548)	(46, 0.011723433730935682)	(47, 0.010205667756841329)	(48, 0.01093838236502481)	(49, 0.010624361818660461)	(50, 0.011514086700026117)	(51, 0.010886045607297418)	(52, 0.010676698576387852)	(53, 0.01203745427730003)	(54, 0.011095392638206985)	(55, 0.01203745427730003)	(56, 0.012874842400938292)	(57, 0.015072986225488734)	(58, 0.012194464550482205)	(59, 0.013031852674120468)	(60, 0.011043055880479593)	(61, 0.013241199705030035)	(62, 0.013921577555486123)	(63, 0.014968312710033951)	(64, 0.01355522025139438)	(65, 0.013241199705030035)	(66, 0.013764567282303948)	(67, 0.015805700833672214)	(68, 0.015125322983216127)	(69, 0.016538415441855695)	(70, 0.013816904040031339)	(71, 0.014340271617305252)	(72, 0.014444945132760038)	(73, 0.015072986225488734)	(74, 0.016957109503674826)	(75, 0.015544017045035257)	(76, 0.017271130050039173)	(77, 0.016538415441855695)	(78, 0.017114119776857)	(79, 0.017689824111858307)	(80, 0.01779449762731309)	(81, 0.018684222508678742)	(82, 0.019783294420953963)	(83, 0.01973095766322657)	(84, 0.022347795549596143)	(85, 0.022452469065050926)	(86, 0.025383327497784845)	(87, 0.02543566425551224)	(88, 0.030564666512796598)	(89, 0.03448992334235095)	(90, 0.03700208771326575)	(91, 0.047940470078290554)	(92, 0.055738646979671874)	(93, 0.05940222002058928)	(94, 0.06589197797878582)	(95, 0.06992190832379495)	(96, 0.08635565025019587)	(97, 0.09504355203294286)	(98, 0.1070286695525155)	(99, 0.12011285898436334)	(100, 0.1388494182507695)	(101, 0.15680092615126476)	(102, 0.18344033583450697)	(103, 0.20542177408001142)	(104, 0.229706029665521)	(105, 0.265138014646965)	(106, 0.29973261150477076)	(107, 0.3381477916766761)	(108, 0.37808073782267576)	(109, 0.4249221359886911)	(110, 0.4707167990001586)	(111, 0.5250946902789183)	(112, 0.5862240233045115)	(113, 0.6482954179691978)	(114, 0.7044527590106887)	(115, 0.7830625691172306)	(116, 0.8534555082605721)	(117, 0.9344204724648466)	(118, 1.035535088394167)	(119, 1.1078121508156946)	(120, 1.2147361468527553)	(121, 1.287327229820647)	(122, 1.394669919919527)	(123, 1.4951564947561187)	(124, 1.5939682933454336)	(125, 1.7276887093389186)	(126, 1.8255584462891408)	(127, 1.9282431649502825)	(128, 2.0455821757750945)	(129, 2.1566931124303466)	(130, 2.3003051756343087)	(131, 2.3887542961936)	(132, 2.525719591166183)	(133, 2.625944482214138)	(134, 2.7679864426862784)	(135, 2.859523431951486)	(136, 2.9784325455081193)	(137, 3.0807509068651697)	(138, 3.221850805698217)	(139, 3.325268238967542)	(140, 3.457994256564207)	(141, 3.5646042320549034)	(142, 3.648604728207366)	(143, 3.744380994848493)	(144, 3.8569050239623843)	(145, 3.953623352242604)	(146, 4.0398219922196175)	(147, 4.13387114585574)	(148, 4.2023799617208955)	(149, 4.3188292476643415)	(150, 4.413454105635465)																						
NA21092	(1, 0.0)	(2, 0.0)	(3, 0.0)	(4, 0.0)	(5, 0.0)	(6, 0.0)	(7, 0.0)	(8, 0.0)	(9, 0.0)	(10, 0.0)	(11, 0.0)	(12, 0.0)	(13, 0.0)	(14, 0.0)	(15, 0.0)	(16, 0.0)	(17, 0.0)	(18, 0.0)	(19, 0.0)	(20, 0.0)	(21, 0.0)	(22, 0.0)	(23, 0.0)	(24, 0.0)	(25, 0.0)	(26, 0.0)	(27, 0.0)	(28, 0.0)	(29, 0.0)	(30, 0.0)	(31, 0.0)	(32, 0.06214383965415602)	(33, 0.05575751621143643)	(34, 0.049616820593436826)	(35, 0.046792100609157006)	(36, 0.04261642758891727)	(37, 0.04237079976419729)	(38, 0.03856356848103753)	(39, 0.040282963254077424)	(40, 0.035738848496757715)	(41, 0.03156317547651798)	(42, 0.0281243859304382)	(43, 0.026650618982118294)	(44, 0.03058066417763804)	(45, 0.02922971114167813)	(46, 0.023211829436038514)	(47, 0.02284338769895854)	(48, 0.02370308508547848)	(49, 0.02358027117311849)	(50, 0.02161524857535862)	(51, 0.020141481627038712)	(52, 0.02308901552367852)	(53, 0.022720573786598544)	(54, 0.021738062487718608)	(55, 0.020878365101198663)	(56, 0.022229318137158578)	(57, 0.02247494596187856)	(58, 0.021369620750638633)	(59, 0.02296620161131853)	(60, 0.023948712910198466)	(61, 0.02161524857535862)	(62, 0.026036549420318335)	(63, 0.02235213204951857)	(64, 0.021738062487718608)	(65, 0.023948712910198466)	(66, 0.022229318137158578)	(67, 0.025545293770878365)	(68, 0.0234574572607585)	(69, 0.02370308508547848)	(70, 0.021983690312438593)	(71, 0.02284338769895854)	(72, 0.025913735507958342)	(73, 0.0297209667911181)	(74, 0.025054038121438395)	(75, 0.025545293770878365)	(76, 0.026036549420318335)	(77, 0.027510316368638238)	(78, 0.026282177245038316)	(79, 0.027387502456278245)	(80, 0.02419434073491845)	(81, 0.026650618982118294)	(82, 0.028615641579878167)	(83, 0.028861269404598155)	(84, 0.027755944193358226)	(85, 0.030703478089998033)	(86, 0.03230005895067793)	(87, 0.039300451955197484)	(88, 0.03954607977991747)	(89, 0.03844075456867754)	(90, 0.04175673020239733)	(91, 0.04887993711927687)	(92, 0.04556396148555708)	(93, 0.04666928669679701)	(94, 0.05440656317547652)	(95, 0.05354686578895657)	(96, 0.05833660837099627)	(97, 0.060178817056396154)	(98, 0.06374042051483592)	(99, 0.0703723717822755)	(100, 0.07479367262723521)	(101, 0.10144429160935352)	(102, 0.10463745333071331)	(103, 0.109181568088033)	(104, 0.125024562782472)	(105, 0.12711239929259185)	(106, 0.13939379052859108)	(107, 0.14185006877579093)	(108, 0.15376301827471017)	(109, 0.1656759677736294)	(110, 0.18201021811750834)	(111, 0.19785321281194732)	(112, 0.21738062487718607)	(113, 0.22880231872666537)	(114, 0.24489094124582433)	(115, 0.2604883081155433)	(116, 0.26490960896050303)	(117, 0.2996659461583808)	(118, 0.3185792886618196)	(119, 0.3468264885046178)	(120, 0.3688101788170564)	(121, 0.39902240125761446)	(122, 0.422725486343093)	(123, 0.44679701316565135)	(124, 0.4874484181568088)	(125, 0.5223275692670466)	(126, 0.5545048143053645)	(127, 0.578453527215563)	(128, 0.6394920416584791)	(129, 0.6818628414226763)	(130, 0.7281636863823934)	(131, 0.7530949105914718)	(132, 0.8071330320298683)	(133, 0.845082530949106)	(134, 0.8985065828257024)	(135, 0.9524218903517391)	(136, 1.0231627038710946)	(137, 1.078428964433091)	(138, 1.126817645902928)	(139, 1.1737325604244448)	(140, 1.2814403615641579)	(141, 1.3553743368048732)	(142, 1.4121143643151894)	(143, 1.4519060719198271)	(144, 1.5672283356258598)	(145, 1.6146345057968168)	(146, 1.6776380428374926)	(147, 1.782889565730006)	(148, 1.857437610532521)	(149, 1.9480742778541953)	(150, 2.0412900373354295)	(151, 2.126031636863824)	(152, 2.220352721556298)	(153, 2.313200039300452)	(154, 2.3978188249164867)	(155, 2.5049125564943995)	(156, 2.5680389074474355)	(157, 2.6834839850658283)	(158, 2.766383375908823)	(159, 2.905408724700334)	(160, 3.0040282963254077)	(161, 3.108665749656121)	(162, 3.1902141874631558)	(163, 3.343485950088426)	(164, 3.4422283356258596)	(165, 3.5450235802711734)	(166, 3.6292739241501275)	(167, 3.7842650815484378)	(168, 3.865199449793673)	(169, 3.976468854391826)	(170, 4.117950481430537)		
SRR070532	(1, 0.0)	(2, 0.0)	(3, 0.0)	(4, 0.0)	(5, 0.0)	(6, 0.0)	(7, 0.0)	(8, 0.0)	(9, 0.0)	(10, 0.0)	(11, 0.0)	(12, 0.0)	(13, 0.0)	(14, 0.0)	(15, 0.0)	(16, 0.0)	(17, 0.0)	(18, 0.0)	(19, 0.0)	(20, 0.0)	(21, 0.0)	(22, 0.0)	(23, 0.0)	(24, 0.0)	(25, 0.0)	(26, 0.0)	(27, 0.0)	(28, 0.0)	(29, 0.0)	(30, 0.0)	(31, 0.0)	(32, 0.04099088635959938)	(33, 0.03699690256045893)	(34, 0.0357356445186251)	(35, 0.03405396712951333)	(36, 0.030690612351289795)	(37, 0.027537467246705225)	(38, 0.027852781757163683)	(39, 0.023753693121203744)	(40, 0.023963902794842718)	(41, 0.021756701221633517)	(42, 0.021126072200716606)	(43, 0.021336281874355576)	(44, 0.01692187872793718)	(45, 0.01765761258567358)	(46, 0.013978943296991583)	(47, 0.01860355611704895)	(48, 0.017762717422493066)	(49, 0.015240201338825412)	(50, 0.015240201338825412)	(51, 0.012717685255157757)	(52, 0.013138104602435698)	(53, 0.012717685255157757)	(54, 0.011771741723782387)	(55, 0.014504467481089012)	(56, 0.013768733623352613)	(57, 0.013348314276074672)	(58, 0.014609572317908498)	(59, 0.012927894928796728)	(60, 0.015029991665186438)	(61, 0.014609572317908498)	(62, 0.011981951397421359)	(63, 0.015765725522922838)	(64, 0.013032999765616213)	(65, 0.015765725522922838)	(66, 0.013768733623352613)	(67, 0.015345306175644897)	(68, 0.01629124970702027)	(69, 0.015450411012464383)	(70, 0.014189152970630557)	(71, 0.013663628786533127)	(72, 0.014714677154727983)	(73, 0.01219216107106033)	(74, 0.01692187872793718)	(75, 0.016816773891117694)	(76, 0.01818313676977101)	(77, 0.017026983564756664)	(78, 0.018078031932951523)	(79, 0.019969918995702263)	(80, 0.019759709322063293)	(81, 0.021126072200716606)	(82, 0.01912908030114638)	(83, 0.02123117703753609)	(84, 0.025120055999857054)	(85, 0.02249243507936992)	(86, 0.023123064100286833)	(87, 0.03268760425086002)	(88, 0.032372289740401565)	(89, 0.03531522517134716)	(90, 0.03710200739727842)	(91, 0.03899389446002916)	(92, 0.041831725054155264)	(93, 0.047927805589685436)	(94, 0.04750738624240749)	(95, 0.05496982965659097)	(96, 0.059384232803009356)	(97, 0.06747730523810976)	(98, 0.07262744224226454)	(99, 0.08597575651833922)	(100, 0.08397876461876899)	(101, 0.11246217539684958)	(102, 0.11593063501189262)	(103, 0.1298044734720647)	(104, 0.13968432813309636)	(105, 0.15608068267693612)	(106, 0.16028487614971554)	(107, 0.1730025614048733)	(108, 0.18782234339642076)	(109, 0.2104198833126102)	(110, 0.2260805039987135)	(111, 0.2561404873290864)	(112, 0.2707500596469949)	(113, 0.3004947284669093)	(114, 0.3215156958308064)	(115, 0.3444285502574543)	(116, 0.3820560818388301)	(117, 0.39740138801447505)	(118, 0.44186073398911746)	(119, 0.4702390399303785)	(120, 0.5174311116623276)	(121, 0.5609445141055946)	(122, 0.6396680368833894)	(123, 0.675088366891556)	(124, 0.9905079821868322)	(125, 1.6221880514719407)	(126, 1.5924433826520263)	(127, 1.6185093821832586)	(128, 1.537158238484977)	(129, 1.4660022639581851)	(130, 1.2238407199260903)	(131, 1.0553576665044548)	(132, 1.0662885695336812)	(133, 1.1137959557760888)	(134, 1.1399670601441407)	(135, 1.192624583390703)	(136, 1.2513781871727956)	(137, 1.3117083635071802)	(138, 1.3575340723604759)	(139, 1.4325789258495887)	(140, 1.4615878608117665)	(141, 1.5226537710038879)	(142, 1.5734194071876995)	(143, 1.6201910595723703)	(144, 1.6945001792037468)	(145, 1.7505210572285328)	(146, 1.7971876047763842)	(147, 1.8656108535458693)	(148, 1.92678186857481)	(149, 1.9723973677544668)	(150, 2.03094076186292)	(151, 2.082231922230829)	(152, 2.138883429276532)	(153, 2.174408864121518)	(154, 2.2312705808408597)	(155, 2.286240410497451)	(156, 2.314093192254614)	(157, 2.4093181744130683)	(158, 2.4468406011576245)	(159, 2.516104688621666)	(160, 2.523672236872669)	(161, 2.5826360503284)	(162, 2.598611985524962)	(163, 2.7010892014239603)	(164, 2.696885007951181)	(165, 2.749227216687285)	(166, 2.775713635565795)	(167, 2.8606383437159395)	(168, 2.881974625590295)	(169, 2.9141367056570577)	(170, 2.9591215758157974)		
SRR077439	(1, 0.0)	(2, 0.0)	(3, 0.0)	(4, 0.0)	(5, 0.0)	(6, 0.0)	(7, 0.0)	(8, 0.0)	(9, 0.0)	(10, 0.0)	(11, 0.0)	(12, 0.0)	(13, 0.0)	(14, 0.0)	(15, 0.0)	(16, 0.0)	(17, 0.0)	(18, 0.0)	(19, 0.0)	(20, 0.0)	(21, 0.0)	(22, 0.0)	(23, 0.0)	(24, 0.0)	(25, 0.0)	(26, 0.0)	(27, 0.0)	(28, 0.0)	(29, 0.0)	(30, 0.0)	(31, 0.0)	(32, 0.04369594902139281)	(33, 0.042077580539119)	(34, 0.03621099479087645)	(35, 0.03287310979618672)	(36, 0.035604106610023764)	(37, 0.02943407677135488)	(38, 0.027208820108228393)	(39, 0.02579274768623881)	(40, 0.023972083143680777)	(41, 0.02144338239012795)	(42, 0.020634198148991048)	(43, 0.017802053305011882)	(44, 0.019218125727001465)	(45, 0.020836494209275275)	(46, 0.01759975724472766)	(47, 0.018813533606433015)	(48, 0.015779092702169623)	(49, 0.015475648611743286)	(50, 0.01385728012946948)	(51, 0.01658827694330653)	(52, 0.012036615586911445)	(53, 0.014666464370606381)	(54, 0.014969908461032723)	(55, 0.015475648611743286)	(56, 0.014767612400748496)	(57, 0.014464168310322156)	(58, 0.014969908461032723)	(59, 0.014059576189753703)	(60, 0.014363020280180043)	(61, 0.0155767966418854)	(62, 0.017802053305011882)	(63, 0.017802053305011882)	(64, 0.01598138876245385)	(65, 0.015677944672027513)	(66, 0.015475648611743286)	(67, 0.014969908461032723)	(68, 0.014363020280180043)	(69, 0.0155767966418854)	(70, 0.017498609214585546)	(71, 0.014767612400748496)	(72, 0.016891721033732866)	(73, 0.013654984069185253)	(74, 0.017195165124159206)	(75, 0.013452688008901027)	(76, 0.017700905274869772)	(77, 0.017498609214585546)	(78, 0.0155767966418854)	(79, 0.016385980883022306)	(80, 0.01800434936529611)	(81, 0.015374500581601173)	(82, 0.014767612400748496)	(83, 0.01598138876245385)	(84, 0.020027309968138368)	(85, 0.01952156981742781)	(86, 0.019218125727001465)	(87, 0.02306175087240176)	(88, 0.023264046932685988)	(89, 0.02609619177666515)	(90, 0.03125474131391291)	(91, 0.026197339806807263)	(92, 0.03105244525362869)	(93, 0.03439033024831841)	(94, 0.035705254640165884)	(95, 0.0405603600869873)	(96, 0.0444039852323876)	(97, 0.043898245081677036)	(98, 0.046224649774945635)	(99, 0.0568451929398675)	(100, 0.05886815354270976)	(101, 0.0786931674505639)	(102, 0.08911141455520154)	(103, 0.0950791483335862)	(104, 0.11035250088504527)	(105, 0.11561219845243513)	(106, 0.12805340615991503)	(107, 0.13917968947554746)	(108, 0.15566681838871188)	(109, 0.16780458200576542)	(110, 0.18570778334091942)	(111, 0.203206392555505)	(112, 0.2172659687452587)	(113, 0.2510494108127244)	(114, 0.265007838972336)	(115, 0.2915086228695696)	(116, 0.3194254791887928)	(117, 0.3590755070045011)	(118, 0.389419916047135)	(119, 0.41703332827593187)	(120, 0.46204420168917215)	(121, 0.502301117685733)	(122, 0.5480200273099681)	(123, 0.572902442724928)	(124, 0.6260051585495373)	(125, 0.6734435846861883)	(126, 0.7256359682395185)	(127, 0.7651848480250847)	(128, 0.8019015829666717)	(129, 0.8740201284579983)	(130, 0.9188287058109543)	(131, 0.9935771000859758)	(132, 1.0450614474283113)	(133, 1.0919941334142518)	(134, 1.155717392403783)	(135, 1.2372427046983259)	(136, 1.286299499317251)	(137, 1.3615536337429828)	(138, 1.4123299448743236)	(139, 1.4786830526475498)	(140, 1.5305719921104537)	(141, 1.6179638901532394)	(142, 1.693015728518687)	(143, 1.742881707378749)	(144, 1.8004349365296113)	(145, 1.864866231730137)	(146, 1.9548879785566176)	(147, 2.000202296060284)	(148, 2.0729277297324633)	(149, 2.0958883325747233)	(150, 2.1931927375714357)	(151, 2.236180650381834)	(152, 2.3317655388661302)	(153, 2.3640317604814647)	(154, 2.4374652303646385)	(155, 2.496839124058059)	(156, 2.524452536286856)	(157, 2.5952561573863346)	(158, 2.6718252162039144)	(159, 2.6961007434380213)	(160, 2.7658928842360795)	(161, 2.811106053709604)	(162, 2.8933394022151417)	(163, 2.9249987356496234)	(164, 2.978404895564659)	(165, 2.9831588529813384)	(166, 3.040914378192485)	(167, 3.0962423506802206)	(168, 3.1049410812724423)	(169, 3.17999291963789)	(170, 3.2160016183684825)		
SRR077476	(1, 0.0)	(2, 0.0)	(3, 0.0)	(4, 0.0)	(5, 0.0)	(6, 0.0)	(7, 0.0)	(8, 0.0)	(9, 0.0)	(10, 0.0)	(11, 0.0)	(12, 0.0)	(13, 0.0)	(14, 0.0)	(15, 0.0)	(16, 0.0)	(17, 0.0)	(18, 0.0)	(19, 0.0)	(20, 0.0)	(21, 0.0)	(22, 0.0)	(23, 0.0)	(24, 0.0)	(25, 0.0)	(26, 0.0)	(27, 0.0)	(28, 0.0)	(29, 0.0)	(30, 0.0)	(31, 0.0)	(32, 0.046500100317475306)	(33, 0.049922696533736176)	(34, 0.042487401305307385)	(35, 0.04130719571349329)	(36, 0.041189175154311884)	(37, 0.03564220887278564)	(38, 0.029151078117808125)	(39, 0.02726274917090557)	(40, 0.02537442022400302)	(41, 0.02620056413827289)	(42, 0.024430255750551744)	(43, 0.023014009040374834)	(44, 0.020181515620021007)	(45, 0.023014009040374834)	(46, 0.018411207232299866)	(47, 0.019001310028206913)	(48, 0.018175166113937047)	(49, 0.018411207232299866)	(50, 0.01782110443639282)	(51, 0.01782110443639282)	(52, 0.016876939962941546)	(53, 0.016994960522122956)	(54, 0.01546069325276463)	(55, 0.016640898844578728)	(56, 0.018057145554755637)	(57, 0.01746704275884859)	(58, 0.01616881660785309)	(59, 0.016758919403760137)	(60, 0.01640485772621591)	(61, 0.01758506331803)	(62, 0.01935537170575114)	(63, 0.01947339226493255)	(64, 0.018647248350662685)	(65, 0.01970943338329537)	(66, 0.022305885685286377)	(67, 0.019237351146569732)	(68, 0.018057145554755637)	(69, 0.018057145554755637)	(70, 0.016640898844578728)	(71, 0.020417556738383826)	(72, 0.02183380344856074)	(73, 0.01782110443639282)	(74, 0.022187865126104968)	(75, 0.020653597856746645)	(76, 0.020653597856746645)	(77, 0.019237351146569732)	(78, 0.017939124995574228)	(79, 0.019237351146569732)	(80, 0.018175166113937047)	(81, 0.020299536179202417)	(82, 0.021125680093472283)	(83, 0.022541926803649196)	(84, 0.021243700652653692)	(85, 0.021007659534290873)	(86, 0.02159776233019792)	(87, 0.03233763321570618)	(88, 0.02950513979535235)	(89, 0.032455653774887586)	(90, 0.029387119236170944)	(91, 0.038238661174776645)	(92, 0.038592722852320877)	(93, 0.03729449670132537)	(94, 0.03965490788495356)	(95, 0.04543791528484262)	(96, 0.05015873765209899)	(97, 0.05192904603982014)	(98, 0.0514569638030945)	(99, 0.054171436664266916)	(100, 0.06089860853760725)	(101, 0.090521768892141)	(102, 0.09264613895740638)	(103, 0.09925529027156532)	(104, 0.1128276545774274)	(105, 0.11625025079368825)	(106, 0.12840636838937344)	(107, 0.14079852710342142)	(108, 0.1619242071968937)	(109, 0.17053970801713658)	(110, 0.18328592840872882)	(111, 0.2120829448489927)	(112, 0.21727584945297468)	(113, 0.2411160024076194)	(114, 0.2635399086520872)	(115, 0.27829247854976336)	(116, 0.3011884670309568)	(117, 0.32892329843858803)	(118, 0.35654010928703783)	(119, 0.3792000566498684)	(120, 0.4633487153462133)	(121, 0.49084750563548174)	(122, 0.5838477062704324)	(123, 0.6231485524778416)	(124, 0.6048553658047232)	(125, 0.6617412753301626)	(126, 0.7332617341940967)	(127, 0.8646186165630053)	(128, 1.002584650246073)	(129, 0.8188266396006184)	(130, 0.8745323435342437)	(131, 0.9180819298721837)	(132, 1.0133245211315811)	(133, 1.034096139547509)	(134, 1.1027841049910896)	(135, 1.145625567973941)	(136, 1.2173820679562382)	(137, 1.2533783385065678)	(138, 1.3089660218810117)	(139, 1.3933507216957195)	(140, 1.4728965785839894)	(141, 1.539696215080667)	(142, 1.5808853902349789)	(143, 1.6326964157156176)	(144, 1.7306534798361874)	(145, 1.8140940151774438)	(146, 1.8729862742089671)	(147, 1.9019013112084124)	(148, 1.9802669625048686)	(149, 2.042699838311834)	(150, 2.114574358853312)	(151, 2.199903223141471)	(152, 2.2533665364506494)	(153, 2.363597738726086)	(154, 2.386021644970554)	(155, 2.4692261391934474)	(156, 2.5503062633510756)	(157, 2.625367338990452)	(158, 2.64861738914919)	(159, 2.7269830404456457)	(160, 2.8091253496359063)	(161, 2.8780493561978497)	(162, 2.934817245164108)	(163, 3.036432946619301)	(164, 3.048235002537442)	(165, 3.1230600370584556)	(166, 3.155987773070069)	(167, 3.2303407253543566)	(168, 3.2966682796143085)	(169, 3.3367952697359877)	(170, 3.4378208683952742)		
SRR100000	(1, 0.0)	(2, 0.0)	(3, 0.0)	(4, 0.0)	(5, 0.0)	(6, 0.0)	(7, 0.0)	(8, 0.0)	(9, 0.0)	(10, 0.0)	(11, 0.0)	(12, 0.0)	(13, 0.0)	(14, 0.0)	(15, 0.0)	(16, 0.0)	(17, 0.0)	(18, 0.0)	(19, 0.0)	(20, 0.0)	(21, 0.0)	(22, 0.0)	(23, 0.0)	(24, 0.0)	(25, 0.0)	(26, 0.0)	(27, 0.0)	(28, 0.0)	(29, 0.0)	(30, 0.0)	(31, 0.0)	(32, 0.030582714012806593)	(33, 0.028765252651810756)	(34, 0.026902915701654515)	(35, 0.026319533042569433)	(36, 0.023873813433328114)	(37, 0.021809536331950118)	(38, 0.020395955273397794)	(39, 0.022684610320577746)	(40, 0.01976769702515232)	(41, 0.01961063246309095)	(42, 0.01848874273408117)	(43, 0.017321977415911)	(44, 0.015706456206136914)	(45, 0.015908396357358676)	(46, 0.014943571190410265)	(47, 0.01599814753567946)	(48, 0.014247999558424202)	(49, 0.013350487775216378)	(50, 0.012452975992008555)	(51, 0.012901731883612468)	(52, 0.0122285980462066)	(53, 0.012924169678192664)	(54, 0.014651879860867724)	(55, 0.013305612186055988)	(56, 0.01599814753567946)	(57, 0.015504516054915155)	(58, 0.01952088128477017)	(59, 0.018915060831104887)	(60, 0.023110928417601463)	(61, 0.02530983228646063)	(62, 0.029954455764561117)	(63, 0.03731405238686527)	(64, 0.0458852899165)	(65, 0.05714906279575818)	(66, 0.07359596622304154)	(67, 0.08874147756467357)	(68, 0.1131313602733462)	(69, 0.13781293431156136)	(70, 0.17465579301224252)	(71, 0.21425850044628775)	(72, 0.26095155096767475)	(73, 0.3065900251437926)	(74, 0.36349227219916863)	(75, 0.4302895866644109)	(76, 0.49829854203698376)	(77, 7.362715475750803)	(78, 0.6974564067307999)	(79, 0.7593847197721397)	(80, 0.854745346737971)	(81, 0.9086858049087612)	(82, 1.0072325987049804)	(83, 1.0868643316700943)	(84, 1.187430526978531)	(85, 1.2633375860433327)	(86, 1.330583656400179)	(87, 1.399288183404738)	(88, 1.4746342976050348)	(89, 1.557968266675881)	(90, 1.614264693277592)	(91, 1.6881074752410155)	(92, 1.733005502195987)	(93, 1.8028319189295556)	(94, 1.8545734732314867)	(95, 1.8996285647485196)	(96, 1.9599413565800854)	(97, 2.0223857388967694)	(98, 2.048391142815216)	(99, 2.0961612074764524)	(100, 2.11076821174816)	(101, 2.1526595742293853)	(102, 2.1894799951354864)	(103, 2.202875358499863)	(104, 2.2416029919452805)	(105, 2.298370612233175)	(106, 2.3277416853386512)	(107, 2.3620490732517703)	(108, 2.3863716425767025)	(109, 2.4367444914092413)	(110, 2.457005819915158)	(111, 2.4935569872862966)	(112, 2.532621187650417)	(113, 2.5434362046380716)	(114, 2.5889849276358685)	(115, 2.6213177896259308)	(116, 2.650150355661482)	(117, 2.662760396215552)	(118, 2.6889901780798002)	(119, 2.731016167328507)	(120, 2.749033716376404)	(121, 2.772211958177746)	(122, 2.7950087574712246)																																																		
SRR100031	(1, 0.0)	(2, 0.0)	(3, 0.0)	(4, 0.0)	(5, 0.0)	(6, 0.0)	(7, 0.0)	(8, 0.0)	(9, 0.0)	(10, 0.0)	(11, 0.0)	(12, 0.0)	(13, 0.0)	(14, 0.0)	(15, 0.0)	(16, 0.0)	(17, 0.0)	(18, 0.0)	(19, 0.0)	(20, 0.0)	(21, 0.0)	(22, 0.0)	(23, 0.0)	(24, 0.0)	(25, 0.0)	(26, 0.0)	(27, 0.0)	(28, 0.0)	(29, 0.0)	(30, 0.0)	(31, 0.0)	(32, 0.03080292003776534)	(33, 0.028290124544308775)	(34, 0.02769721774248194)	(35, 0.0258902636797716)	(36, 0.042830458017681046)	(37, 0.023236299900165788)	(38, 0.025184422249025375)	(39, 0.02622906756652979)	(40, 0.022050486296512125)	(41, 0.024535048132738844)	(42, 0.024280945217670203)	(43, 0.022361056526040465)	(44, 0.01804130696987356)	(45, 0.019311821545216767)	(46, 0.016319053878852765)	(47, 0.02157051412360469)	(48, 0.021090541950697258)	(49, 0.024422113503819447)	(50, 0.02478915104780749)	(51, 0.03534853885177104)	(52, 0.017900138683724313)	(53, 0.01400389398600514)	(54, 0.014992071989049859)	(55, 0.014794436388440916)	(56, 0.014653268102291669)	(57, 0.016460222165002012)	(58, 0.015952016334864726)	(59, 0.01583908170594533)	(60, 0.02648317048159843)	(61, 0.023010430642326996)	(62, 0.02351863647246428)	(63, 0.03602614662528742)	(64, 0.03221460289925779)	(65, 0.03673198805603364)	(66, 0.04689610465877932)	(67, 0.058669539723626374)	(68, 0.07157232107766741)	(69, 0.0901500675349081)	(70, 0.10824784181924134)	(71, 0.13653796636355012)	(72, 0.1688655038917273)	(73, 0.20062836827530753)	(74, 0.24698803344671968)	(75, 0.2864304525968189)	(76, 0.3435189075155737)	(77, 8.65014320110947)	(78, 0.48400958589130266)	(79, 0.563459097336098)	(80, 0.6412992903187918)	(81, 0.6941526966530693)	(82, 0.778006658625721)	(83, 0.8551127765204389)	(84, 0.9460251528005529)	(85, 1.025531131559808)	(86, 1.0955506014898337)	(87, 1.1860677065687297)	(88, 1.2656301526424445)	(89, 1.3496817502157052)	(90, 1.4327169361286913)	(91, 1.4976261141001141)	(92, 1.5925194360496369)	(93, 1.6539276405245589)	(94, 1.728125691724602)	(95, 1.7894491952278344)	(96, 1.8627437693965225)	(97, 1.90808702290766)	(98, 1.9774006514069395)	(99, 2.0350255458130615)	(100, 2.088725961864234)	(101, 2.140478255566548)	(102, 2.1929646243568373)	(103, 2.2544292961462187)	(104, 2.297767959994037)	(105, 2.3439299895648404)	(106, 2.4122272064038452)	(107, 2.4532789440160454)	(108, 2.4953753269457506)	(109, 2.5719732390103314)	(110, 2.603482000478843)	(111, 2.635950706293169)	(112, 2.7017351276387176)	(113, 2.7408669765592886)	(114, 2.776469618326128)	(115, 2.8295206602610143)	(116, 2.8736781001684983)	(117, 2.893018155370945)	(118, 2.956092145622428)	(119, 2.9855398501131605)	(120, 3.0025365117655296)	(121, 3.056406329760082)	(122, 3.1158946455433734)																																																		
SRR231651	(1, 0.0)	(2, 0.0)	(3, 0.0)	(4, 0.0)	(5, 0.0)	(6, 0.0)	(7, 0.0)	(8, 0.0)	(9, 0.0)	(10, 0.0)	(11, 0.0)	(12, 0.0)	(13, 0.0)	(14, 0.0)	(15, 0.0)	(16, 0.0)	(17, 0.0)	(18, 0.0)	(19, 0.0)	(20, 0.0)	(21, 0.0)	(22, 0.0)	(23, 0.0)	(24, 0.0)	(25, 0.0)	(26, 0.0)	(27, 0.0)	(28, 0.0)	(29, 0.0)	(30, 0.0)	(31, 0.0)	(32, 0.28568326315916465)	(33, 0.27241250346849405)	(34, 0.23646080903376807)	(35, 0.22053589740496327)	(36, 0.213297301210052)	(37, 0.1848254895100677)	(38, 0.18530806258972843)	(39, 0.1621445547660124)	(40, 0.15321695279228847)	(41, 0.15273437971262774)	(42, 0.1462196431372076)	(43, 0.1392223334821267)	(44, 0.12860572572959017)	(45, 0.13970490656178744)	(46, 0.12739929303043832)	(47, 0.11147438140163352)	(48, 0.10447707174655262)	(49, 0.0977210486313021)	(50, 0.11147438140163352)	(51, 0.08879344665757821)	(52, 0.10351192558723112)	(53, 0.1056835044457045)	(54, 0.10688993714485637)	(55, 0.10447707174655262)	(56, 0.10085777364909698)	(57, 0.10833765638383862)	(58, 0.09916876787028435)	(59, 0.10109906018892736)	(60, 0.110509235242312)	(61, 0.09916876787028435)	(62, 0.09603204285248948)	(63, 0.10158163326858811)	(64, 0.10278806596773998)	(65, 0.10520093136604375)	(66, 0.1184716910567144)	(67, 0.108578942923669)	(68, 0.10930280254316013)	(69, 0.11147438140163352)	(70, 0.110509235242312)	(71, 0.10954408908299051)	(72, 0.10616607752536524)	(73, 0.1018229198084185)	(74, 0.11316338718044615)	(75, 0.11678268527790178)	(76, 0.10809636984400825)	(77, 0.1117156679414639)	(78, 0.106648650605026)	(79, 0.10327063904740075)	(80, 0.106648650605026)	(81, 0.10399449866689188)	(82, 0.10351192558723112)	(83, 0.1056835044457045)	(84, 0.09941005441011473)	(85, 0.10833765638383862)	(86, 0.11702397181773214)	(87, 0.12595157379145605)	(88, 0.11991941029569665)	(89, 0.13005344496857243)	(90, 0.13777461424314444)	(91, 0.12571028725162567)	(92, 0.12884701226942055)	(93, 0.13849847386263558)	(94, 0.14380677773890382)	(95, 0.1481499354558506)	(96, 0.14163519888043047)	(97, 0.15273437971262774)	(98, 0.1450132104380557)	(99, 0.14477192389822532)	(100, 0.16310970092533386)	(101, 0.2014742607583636)	(102, 0.2200533243253025)	(103, 0.20557613193547997)	(104, 0.21860560508632026)	(105, 0.23766724173291992)	(106, 0.22970478591851753)	(107, 0.23139379169733018)	(108, 0.24828384948545645)	(109, 0.270482211149851)	(110, 0.27627308810578)	(111, 0.2777208073447623)	(112, 0.2830291112210305)	(113, 0.3023320344074606)	(114, 0.34528103849726743)	(115, 0.32863226724897154)	(116, 0.35589764624980397)	(117, 0.3935383464633425)	(118, 0.37447670981674286)	(119, 0.4128412696497725)	(120, 0.4331093389955241)	(121, 0.45072325640314154)	(122, 0.4620637237751692)	(123, 0.502358575926842)	(124, 0.5228679318124239)	(125, 0.5552003281496942)	(126, 0.6034576361157693)	(127, 0.6068356476733945)	(128, 0.641822195948799)	(129, 0.6731894461267479)	(130, 0.7190338886945192)	(131, 0.7564333023682274)	(132, 0.7571571619877185)	(133, 0.8143420719275176)	(134, 0.8476396144241094)	(135, 0.8797307242215493)	(136, 0.9518753996308317)	(137, 0.9680415977994667)	(138, 1.0442881443858654)	(139, 1.0749315349443231)	(140, 1.151901941150213)	(141, 1.1581753911858026)	(142, 1.2443146859052467)	(143, 1.263858895631507)	(144, 1.3417944479967185)	(145, 1.4342071927517523)	(146, 1.4906682430720601)	(147, 1.54833572609152)	(148, 1.5883892917033622)	(149, 1.6945553692287274)	(150, 1.7514989926286961)	(151, 1.8246088141973)	(152, 1.9095416762175923)	(153, 1.9556274053251939)	(154, 2.074581669461569)	(155, 2.181954179686086)	(156, 2.211149851005562)	(157, 2.3457877402309113)	(158, 2.4599162735706788)	(159, 2.5836962685036617)	(160, 2.688173340250214)	(161, 2.7861356754213467)	(162, 2.9116046761331416)	(163, 3.0308002268093475)	(164, 3.119593673466926)	(165, 3.20573296818637)	(166, 3.4199954155557433)	(167, 3.5630783336751555)	(168, 3.669968270820012)	(169, 3.856724052648723)	(170, 3.9221127049427547)		
SRR393023	(1, 0.0)	(2, 0.0)	(3, 0.0)	(4, 0.0)	(5, 0.0)	(6, 0.0)	(7, 0.0)	(8, 0.0)	(9, 0.0)	(10, 0.0)	(11, 0.0)	(12, 0.0)	(13, 0.0)	(14, 0.0)	(15, 0.0)	(16, 0.0)	(17, 0.0)	(18, 0.0)	(19, 0.0)	(20, 0.0)	(21, 0.0)	(22, 0.0)	(23, 0.0)	(24, 0.0)	(25, 0.0)	(26, 0.0)	(27, 0.0)	(28, 0.0)	(29, 0.0)	(30, 0.0)	(31, 0.0)	(32, 0.03234815238136315)	(33, 0.031269880635317715)	(34, 0.02480025015904508)	(35, 0.031269880635317715)	(36, 0.022643706666954207)	(37, 0.02480025015904508)	(38, 0.022643706666954207)	(39, 0.022643706666954207)	(40, 0.019408891428817892)	(41, 0.018330619682772453)	(42, 0.016174076190681574)	(43, 0.0140175326985907)	(44, 0.01293926095254526)	(45, 0.009704445714408946)	(46, 0.011860989206499821)	(47, 0.0140175326985907)	(48, 0.0140175326985907)	(49, 0.010782717460454384)	(50, 0.011860989206499821)	(51, 0.009704445714408946)	(52, 0.017252347936727013)	(53, 0.008626173968363507)	(54, 0.009704445714408946)	(55, 0.009704445714408946)	(56, 0.01293926095254526)	(57, 0.010782717460454384)	(58, 0.011860989206499821)	(59, 0.007547902222318068)	(60, 0.018330619682772453)	(61, 0.007547902222318068)	(62, 0.017252347936727013)	(63, 0.02480025015904508)	(64, 0.015095804444636136)	(65, 0.015095804444636136)	(66, 0.017252347936727013)	(67, 0.02480025015904508)	(68, 0.033426424127408594)	(69, 0.033426424127408594)	(70, 0.04960050031809016)	(71, 0.06793112000086261)	(72, 0.06577457650877173)	(73, 0.08087038095340789)	(74, 0.13909705523986154)	(75, 0.14017532698590698)	(76, 0.18977582730399714)	(77, 0.23506324063790554)	(78, 0.30515090413085905)	(79, 0.314855349845268)	(80, 0.37739511111590346)	(81, 0.46689166603767485)	(82, 0.506787720641356)	(83, 0.585501558102673)	(84, 0.6933287327072168)	(85, 0.796842820327579)	(86, 0.875556657788896)	(87, 0.9920100063618034)	(88, 1.1073850831886651)	(89, 1.2065860838248457)	(90, 1.234621149222027)	(91, 1.4028315416051154)	(92, 1.5775115644644764)	(93, 1.5591809447817038)	(94, 1.7726787504987007)	(95, 1.7813049244670642)	(96, 1.9398108711357436)	(97, 2.036855328279833)	(98, 2.145760774630422)	(99, 2.290249188600511)	(100, 2.3452410476488286)	(101, 2.420720069872009)	(102, 2.4433637765389635)	(103, 2.635296147335051)	(104, 2.699992452097778)	(105, 2.760375669876322)	(106, 2.8617332140045937)	(107, 2.9922040952760915)	(108, 2.99975199749841)	(109, 3.1895278248024064)	(110, 3.092483367658317)	(111, 3.1453186832145437)	(112, 3.3027463581371777)	(113, 3.35881648893154)	(114, 3.3480337714710857)	(115, 3.3911646413129035)	(116, 3.4838960114728112)	(117, 3.583097012108992)	(118, 3.6219147949666275)	(119, 3.5755491098866736)	(120, 3.6930807302056263)	(121, 3.681219740999127)	(122, 3.766403208936716)																																																		
SRR591803	(1, 0.0)	(2, 0.0)	(3, 0.0)	(4, 0.0)	(5, 0.0)	(6, 0.0)	(7, 0.0)	(8, 0.0)	(9, 0.0)	(10, 0.0)	(11, 0.0)	(12, 0.0)	(13, 0.0)	(14, 0.0)	(15, 0.0)	(16, 0.0)	(17, 0.0)	(18, 0.0)	(19, 0.0)	(20, 0.0)	(21, 0.0)	(22, 0.0)	(23, 0.0)	(24, 0.0)	(25, 0.0)	(26, 0.0)	(27, 0.0)	(28, 0.0)	(29, 0.0)	(30, 0.0)	(31, 0.0)	(32, 0.005645935329843608)	(33, 0.00665413806731568)	(34, 0.004032810949888292)	(35, 0.006250856972326851)	(36, 0.00443609204487712)	(37, 0.0030246082124162185)	(38, 0.004637732592371535)	(39, 0.0058475758773380215)	(40, 0.0058475758773380215)	(41, 0.005444294782349193)	(42, 0.00483937313986595)	(43, 0.0042344514973827055)	(44, 0.003629529854899462)	(45, 0.002822967664921804)	(46, 0.004032810949888292)	(47, 0.005645935329843608)	(48, 0.0050410136873603635)	(49, 0.0032262487599106333)	(50, 0.004032810949888292)	(51, 0.0064524975198212665)	(52, 0.00705741916230451)	(53, 0.00665413806731568)	(54, 0.00887218408975424)	(55, 0.012904995039642533)	(56, 0.01552632215706992)	(57, 0.018752570916980554)	(58, 0.02822967664921804)	(59, 0.03206084705161191)	(60, 0.0443609204487712)	(61, 0.06331513191324617)	(62, 0.08287426502020438)	(63, 0.10001371155722961)	(64, 0.12441221780405379)	(65, 0.16191735963801487)	(66, 0.1980110176395151)	(67, 0.2314833485235879)	(68, 0.27927215827976415)	(69, 0.3542824419476864)	(70, 0.3944089108990748)	(71, 0.470830678399458)	(72, 0.5317261237427712)	(73, 0.6385956139148109)	(74, 0.7107829299178113)	(75, 0.7767193889484849)	(76, 0.8700789624383988)	(77, 0.9668664252357178)	(78, 1.044296395473573)	(79, 1.1340264391085875)	(80, 1.2187154690562416)	(81, 1.3423211246703177)	(82, 1.4076526620585081)	(83, 1.5350894880749781)	(84, 1.585701265496076)	(85, 1.6705919359912245)	(86, 1.7454005791116525)	(87, 1.8442044473839156)	(88, 1.8796931837429327)	(89, 1.9210294959792877)	(90, 2.0000725905970977)	(91, 2.0557253817055563)	(92, 2.1345668357758725)	(93, 2.1944540783817135)	(94, 2.2045361057564343)	(95, 2.2674479565746917)	(96, 2.2811595138043117)	(97, 2.311808877023463)	(98, 2.3226974665881612)	(99, 2.3612108111595944)	(100, 2.331972931772904)	(101, 2.3714944790818095)	(102, 2.3777453360541365)	(103, 2.3878273634288574)	(104, 2.4007323584684994)	(105, 2.3858109579539133)	(106, 2.3636304977295275)	(107, 2.3618157328020777)	(108, 2.3757289305791924)	(109, 2.400933999015994)	(110, 2.33862706984022)	(111, 2.352741908164829)	(112, 2.2878136518716277)	(113, 2.3081793471685637)	(114, 2.225910003790842)	(115, 2.211795165466233)	(116, 2.223288676673415)	(117, 2.1829605671745322)	(118, 2.154730890525314)	(119, 2.080527169047369)	(120, 2.050079446375713)	(121, 2.0811320906898527)	(122, 2.0563303033480396)																																																		
SRR702079	(1, 0.0)	(2, 0.0)	(3, 0.0)	(4, 0.0)	(5, 0.0)	(6, 0.0)	(7, 0.0)	(8, 0.0)	(9, 0.0)	(10, 0.0)	(11, 0.0)	(12, 0.0)	(13, 0.0)	(14, 0.0)	(15, 0.0)	(16, 0.0)	(17, 0.0)	(18, 0.0)	(19, 0.0)	(20, 0.0)	(21, 0.0)	(22, 0.0)	(23, 0.0)	(24, 0.0)	(25, 0.0)	(26, 0.0)	(27, 0.0)	(28, 0.0)	(29, 0.0)	(30, 0.0)	(31, 0.0)	(32, 0.00520858775469847)	(33, 0.004384630369774418)	(34, 0.0033841106880809265)	(35, 0.00350181888592722)	(36, 0.0031486942923883406)	(37, 0.002766142649387888)	(38, 0.002442445105310582)	(39, 0.0027955696988494613)	(40, 0.0028544237977726076)	(41, 0.0022070287096179956)	(42, 0.0019716123139254097)	(43, 0.0013242172257707974)	(44, 0.0017656229676943965)	(45, 0.0017361959182328232)	(46, 0.001471352473078664)	(47, 0.001912758215002263)	(48, 0.001471352473078664)	(49, 0.001177081978462931)	(50, 0.001471352473078664)	(51, 0.001294790176309224)	(52, 0.0013242172257707974)	(53, 0.001294790176309224)	(54, 0.0014419254236170906)	(55, 0.0016479147698481036)	(56, 0.0017361959182328232)	(57, 0.001177081978462931)	(58, 0.0012359360773860776)	(59, 0.001294790176309224)	(60, 0.001589060670924957)	(61, 0.0015596336214633835)	(62, 0.0016479147698481036)	(63, 0.0019421852644638362)	(64, 0.002236455759079569)	(65, 0.0023247369074642886)	(66, 0.002766142649387888)	(67, 0.0027367155999263146)	(68, 0.0032369754407730604)	(69, 0.003972651677312393)	(70, 0.004472911518159138)	(71, 0.0060913992385456675)	(72, 0.006591659079392414)	(73, 0.008210146799778944)	(74, 0.009769780421242328)	(75, 0.011623684537321445)	(76, 0.016214304253326876)	(77, 0.018421332962944872)	(78, 0.023482785470335475)	(79, 0.027985124037956187)	(80, 0.03272287900126949)	(81, 0.03937339217958504)	(82, 0.047848382424518145)	(83, 0.054852020196372586)	(84, 0.06497492521115379)	(85, 0.07718715073770671)	(86, 0.09187124841903177)	(87, 0.10287696491766017)	(88, 0.11776705194521625)	(89, 0.13627666605654584)	(90, 0.15190242932064127)	(91, 0.170676886877125)	(92, 0.19365941250661373)	(93, 0.21820157175756585)	(94, 0.2358578014345098)	(95, 0.259634857399461)	(96, 0.295771274138273)	(97, 0.31828296697637654)	(98, 0.3458266852724091)	(99, 0.3795795110048337)	(100, 0.40721151044925097)	(101, 0.44664375672775913)	(102, 0.480926269350492)	(103, 0.5197994016892303)	(104, 0.5560240995764271)	(105, 0.5973102499710143)	(106, 0.6350063003312897)	(107, 0.6705247490314087)	(108, 0.7055723649401424)	(109, 0.7446220595756501)	(110, 0.7907048190324738)	(111, 0.8255758726444382)	(112, 0.8647727025272538)	(113, 0.907029945554073)	(114, 0.9391642835661111)	(115, 0.9765954904812323)	(116, 1.0194118474478213)	(117, 1.067436792169109)	(118, 1.093303168645832)	(119, 1.1376497321844228)	(120, 1.1651345963815323)	(121, 1.1989168491634183)	(122, 1.2339350380226906)	(123, 1.2539160046070987)	(124, 1.285491228679367)	(125, 1.327277638914801)	(126, 1.3325450807684225)	(127, 1.368240091765311)	(128, 1.3863671542336402)	(129, 1.4177952430586005)	(130, 1.4398066760558572)	(131, 1.4623183688939607)	(132, 1.486301414205143)	(133, 1.4956886429833849)	(134, 1.5144336734904071)	(135, 1.513197737413021)	(136, 1.5371807827242032)	(137, 1.5506289443281422)	(138, 1.5668138215320075)	(139, 1.5611638280353854)	(140, 1.5811447946197936)	(141, 1.5872361938583393)	(142, 1.5917973865248833)	(143, 1.6075997120857481)	(144, 1.6177226171005292)	(145, 1.6121609047522918)	(146, 1.6228134966573815)	(147, 1.627816095065849)	(148, 1.6263447425927704)	(149, 1.6395869148504782)	(150, 1.6303762483690056)	(151, 1.621518706481072)	(152, 1.6247556819218454)	(153, 1.6378801459817067)	(154, 1.6191351154746847)	(155, 1.6253736499605382)	(156, 1.6298171344292358)	(157, 1.6193116777714542)	(158, 1.6148093392038334)	(159, 1.621548133530534)	(160, 1.6299054155776205)	(161, 1.597947639862352)	(162, 1.6130731432856007)	(163, 1.603744768606282)	(164, 1.605686953870746)	(165, 1.5886192651830333)	(166, 1.5822335954498719)	(167, 1.5826161470928726)	(168, 1.5695211100824724)	(169, 1.572022409286706)	(170, 1.5683146010545477)	(171, 1.5543956066592237)	(172, 1.5392701032359748)
SRR708372	(1, 0.0)	(2, 0.0)	(3, 0.0)	(4, 0.0)	(5, 0.0)	(6, 0.0)	(7, 0.0)	(8, 0.0)	(9, 0.0)	(10, 0.0)	(11, 0.0)	(12, 0.0)	(13, 0.0)	(14, 0.0)	(15, 0.0)	(16, 0.0)	(17, 0.0)	(18, 0.0)	(19, 0.0)	(20, 0.0)	(21, 0.0)	(22, 0.0)	(23, 0.0)	(24, 0.0)	(25, 0.0)	(26, 0.0)	(27, 0.0)	(28, 0.0)	(29, 0.0)	(30, 0.0)	(31, 0.0)	(32, 0.0049430300148290895)	(33, 0.00594415001783245)	(34, 0.005068170015204511)	(35, 0.003785485011356455)	(36, 0.003722915011168745)	(37, 0.0036916300110748897)	(38, 0.003410065010230195)	(39, 0.0031597850094793553)	(40, 0.0025340850076022554)	(41, 0.00231509000694527)	(42, 0.002346375007039125)	(43, 0.002283805006851415)	(44, 0.002596655007789965)	(45, 0.002033525006100575)	(46, 0.001658105004974315)	(47, 0.0018771000056313001)	(48, 0.001658105004974315)	(49, 0.00150168000450504)	(50, 0.001783245005349735)	(51, 0.00131397000394191)	(52, 0.001470395004411185)	(53, 0.00206481000619443)	(54, 0.001595535004786605)	(55, 0.0013765400041296201)	(56, 0.00231509000694527)	(57, 0.001157545003472635)	(58, 0.0018771000056313001)	(59, 0.00156425000469275)	(60, 0.002033525006100575)	(61, 0.001595535004786605)	(62, 0.002033525006100575)	(63, 0.0016893900050681699)	(64, 0.00237766000713298)	(65, 0.0024402300073206903)	(66, 0.0022212350066637054)	(67, 0.00281565000844695)	(68, 0.00281565000844695)	(69, 0.0031597850094793553)	(70, 0.00412962001238886)	(71, 0.0045988950137966856)	(72, 0.00481789001445367)	(73, 0.00600672001802016)	(74, 0.00656985001970955)	(75, 0.008916225026748674)	(76, 0.011043605033130816)	(77, 0.01226372003679116)	(78, 0.013202270039606811)	(79, 0.01570507004711521)	(80, 0.019803405059410216)	(81, 0.0237766000713298)	(82, 0.028688345086065034)	(83, 0.036259315108777945)	(84, 0.03966938011900814)	(85, 0.04595766513787299)	(86, 0.05678227517034683)	(87, 0.06532308019596925)	(88, 0.07095438021286314)	(89, 0.08299910524899731)	(90, 0.09438684528316053)	(91, 0.1089343703268031)	(92, 0.12341932537025797)	(93, 0.1329299653987899)	(94, 0.15073113045219338)	(95, 0.1718485055155455)	(96, 0.18758486056275459)	(97, 0.20785754062357262)	(98, 0.23288554069865663)	(99, 0.2627001457881004)	(100, 0.28291025584873075)	(101, 0.3103472009310416)	(102, 0.33506235100518705)	(103, 0.36766132110298394)	(104, 0.396349666189049)	(105, 0.4246625912739878)	(106, 0.4515676913547031)	(107, 0.48660689145982067)	(108, 0.524274031572822)	(109, 0.5683545967050638)	(110, 0.5945401417836205)	(111, 0.6409670819229013)	(112, 0.6785716520357149)	(113, 0.7092935221278805)	(114, 0.7531238072593714)	(115, 0.7803730423411191)	(116, 0.837562022512686)	(117, 0.8672202026016606)	(118, 0.9050750527152253)	(119, 0.9517835578553506)	(120, 0.9833814079501442)	(121, 1.0267424180802274)	(122, 1.0706665582119996)	(123, 1.1134018683402056)	(124, 1.1573885784721658)	(125, 1.1855450785566353)	(126, 1.2092591086277773)	(127, 1.2471765287415295)	(128, 1.2893799938681398)	(129, 1.3186001839558006)	(130, 1.3603343740810032)	(131, 1.3765087191295262)	(132, 1.4207144242621432)	(133, 1.4504038893512117)	(134, 1.469550309408651)	(135, 1.5086565595259698)	(136, 1.5143191445429574)	(137, 1.551079019653237)	(138, 1.5709137097127412)	(139, 1.5930322047790966)	(140, 1.6094881148284643)	(141, 1.6276334148829001)	(142, 1.6569474599708423)	(143, 1.6778771250336313)	(144, 1.710319670130959)	(145, 1.6963665600890996)	(146, 1.7289968151869906)	(147, 1.7355040952065124)	(148, 1.7559332002677996)	(149, 1.7516784402550354)	(150, 1.7803355003410064)	(151, 1.7895958603687878)	(152, 1.7900025653700076)	(153, 1.8123400554370201)	(154, 1.8082104354246313)	(155, 1.8234775154704324)	(156, 1.838901020516703)	(157, 1.8353658155060972)	(158, 1.8358976605076929)	(159, 1.852040720556122)	(160, 1.8599245405797735)	(161, 1.8515401605546205)	(162, 1.861363650584091)	(163, 1.865023995595072)	(164, 1.855325645565977)	(165, 1.8731268106193804)	(166, 1.8711558556134675)	(167, 1.867370370602111)	(168, 1.882074320646223)	(169, 1.8848274006544823)	(170, 1.875754750627264)	(171, 1.8603625305810876)	(172, 1.8669010956007033)
SRR708381	(1, 0.0)	(2, 0.0)	(3, 0.0)	(4, 0.0)	(5, 0.0)	(6, 0.0)	(7, 0.0)	(8, 0.0)	(9, 0.0)	(10, 0.0)	(11, 0.0)	(12, 0.0)	(13, 0.0)	(14, 0.0)	(15, 0.0)	(16, 0.0)	(17, 0.0)	(18, 0.0)	(19, 0.0)	(20, 0.0)	(21, 0.0)	(22, 0.0)	(23, 0.0)	(24, 0.0)	(25, 0.0)	(26, 0.0)	(27, 0.0)	(28, 0.0)	(29, 0.0)	(30, 0.0)	(31, 0.0)	(32, 0.003605735699046875)	(33, 0.00394788580187614)	(34, 0.002447689197163207)	(35, 0.003026712448105041)	(36, 0.0026582431065966016)	(37, 0.002737200822634124)	(38, 0.0025792853905590783)	(39, 0.0021318583330131157)	(40, 0.0018949851849005476)	(41, 0.0018686659462213732)	(42, 0.001658112036787979)	(43, 0.001263323456600365)	(44, 0.0012106849792420163)	(45, 0.0013949196499962364)	(46, 0.0010001310698086222)	(47, 0.0015001966047129335)	(48, 0.0013159619339587136)	(49, 0.0009474925924502738)	(50, 0.0011843657405628423)	(51, 0.0011317272632044935)	(52, 0.001158046501883668)	(53, 0.0011843657405628423)	(54, 0.0009738118311294479)	(55, 0.0014212388886754106)	(56, 0.0013422811726378878)	(57, 0.001552835082071282)	(58, 0.001158046501883668)	(59, 0.0017633889915046764)	(60, 0.001552835082071282)	(61, 0.0016844312754671533)	(62, 0.0018160274688630246)	(63, 0.001842346707542199)	(64, 0.002500327674521556)	(65, 0.002500327674521556)	(66, 0.003105670164142564)	(67, 0.0037373318924427464)	(68, 0.004079481995272012)	(69, 0.004605866768855498)	(70, 0.005395443929230725)	(71, 0.007869452365073106)	(72, 0.009132775821673472)	(73, 0.011290953393365763)	(74, 0.014001834977320712)	(75, 0.018160274688630247)	(76, 0.022581906786731526)	(77, 0.027214092794266197)	(78, 0.03410973332820985)	(79, 0.04034739289517415)	(80, 0.048585314601755705)	(81, 0.05653372468286634)	(82, 0.06587705441397321)	(83, 0.07953673928846464)	(84, 0.0907224157271137)	(85, 0.10598757416103478)	(86, 0.12317403701853559)	(87, 0.1378075337241565)	(88, 0.1593893094410794)	(89, 0.17999727332687285)	(90, 0.20621123505133043)	(91, 0.22605594101542784)	(92, 0.25016436364555145)	(93, 0.2816948115832022)	(94, 0.3143043483066991)	(95, 0.3390444326651229)	(96, 0.3747859587914416)	(97, 0.4006314511743907)	(98, 0.4334778610460002)	(99, 0.47908910167700924)	(100, 0.5040397399448665)	(101, 0.5503089615428548)	(102, 0.5930250859191547)	(103, 0.62887188900019)	(104, 0.6725091867302609)	(105, 0.714198860798073)	(106, 0.7515458604838213)	(107, 0.7886823062601362)	(108, 0.8363201282694416)	(109, 0.8767727981193324)	(110, 0.9147251402947019)	(111, 0.9488348736229116)	(112, 0.989840247485065)	(113, 1.0340302492273987)	(114, 1.053559124327346)	(115, 1.097643849114963)	(116, 1.1288058277111053)	(117, 1.1575201171100844)	(118, 1.1997888144288382)	(119, 1.241399530780613)	(120, 1.2641393529994194)	(121, 1.2822733084493705)	(122, 1.313330010090796)	(123, 1.3320166695530098)	(124, 1.3669159800415949)	(125, 1.387629220882105)	(126, 1.3985780241726415)	(127, 1.429740002768784)	(128, 1.4308980492706675)	(129, 1.4530325289998531)	(130, 1.4686398375366034)	(131, 1.481852095353549)	(132, 1.495011714693136)	(133, 1.5056446871195224)	(134, 1.513566777961954)	(135, 1.5231206616024942)	(136, 1.518699029504393)	(137, 1.5428074521345165)	(138, 1.5293056826921)	(139, 1.5551248558363702)	(140, 1.538464777752453)	(141, 1.542570578986404)	(142, 1.537412008205286)	(143, 1.5414125324845203)	(144, 1.5405439976081075)	(145, 1.5352538306335937)	(146, 1.5274370167458788)	(147, 1.5324639913336011)	(148, 1.5423337058382913)	(149, 1.5431496022373459)	(150, 1.5323323951402053)	(151, 1.5155407208628922)	(152, 1.5225679575902316)	(153, 1.5126982430855413)	(154, 1.501512566646892)	(155, 1.499538623745954)	(156, 1.4924850677799353)	(157, 1.4896162707639053)	(158, 1.493643114281819)	(159, 1.4736931313630048)	(160, 1.4774041440167685)	(161, 1.4517692055432527)	(162, 1.4679292180922656)	(163, 1.4478476389800559)	(164, 1.4459789730338344)	(165, 1.4405308906272454)	(166, 1.4152644214952381)	(167, 1.4050788761263977)	(168, 1.4058421340480938)	(169, 1.3973936584320787)	(170, 1.3777595063774148)	(171, 1.380812538064199)	(172, 1.37631194825006)
SRR708382	(1, 0.0)	(2, 0.0)	(3, 0.0)	(4, 0.0)	(5, 0.0)	(6, 0.0)	(7, 0.0)	(8, 0.0)	(9, 0.0)	(10, 0.0)	(11, 0.0)	(12, 0.0)	(13, 0.0)	(14, 0.0)	(15, 0.0)	(16, 0.0)	(17, 0.0)	(18, 0.0)	(19, 0.0)	(20, 0.0)	(21, 0.0)	(22, 0.0)	(23, 0.0)	(24, 0.0)	(25, 0.0)	(26, 0.0)	(27, 0.0)	(28, 0.0)	(29, 0.0)	(30, 0.0)	(31, 0.0)	(32, 0.004037245019297149)	(33, 0.003419524469896492)	(34, 0.003309217228932089)	(35, 0.0032430328843534475)	(36, 0.0029121111614602386)	(37, 0.002801803920495835)	(38, 0.0027576810241100743)	(39, 0.0021840833710951787)	(40, 0.0019193459927806117)	(41, 0.002162021922902298)	(42, 0.0018752230963948503)	(43, 0.001522239925308761)	(44, 0.001301625443379955)	(45, 0.002139960474709418)	(46, 0.0016104857180802832)	(47, 0.0012133796506084327)	(48, 0.0011030724096440297)	(49, 0.0008824579277152238)	(50, 0.0012354410988013134)	(51, 0.0009707037204867461)	(52, 0.0015001784771158805)	(53, 0.0013236868915728357)	(54, 0.0013678097879585968)	(55, 0.0012133796506084327)	(56, 0.0014560555807301193)	(57, 0.0014339941325372386)	(58, 0.0015443013735016414)	(59, 0.0013457483397657161)	(60, 0.0015884242698874027)	(61, 0.0016104857180802832)	(62, 0.0014781170289229998)	(63, 0.0017649158554304475)	(64, 0.001786977303623328)	(65, 0.001786977303623328)	(66, 0.0020958375783236565)	(67, 0.002779742472302955)	(68, 0.002559127990374149)	(69, 0.0030665412988104025)	(70, 0.003926937778332746)	(71, 0.0038607534337541044)	(72, 0.006044836804849282)	(73, 0.00628751273497097)	(74, 0.007809752660279731)	(75, 0.009508484171131537)	(76, 0.012001427816927044)	(77, 0.015090030563930327)	(78, 0.017296175383218385)	(79, 0.021355481850708416)	(80, 0.02539272687000556)	(81, 0.032915680703777844)	(82, 0.03856341144115528)	(83, 0.044586186797811685)	(84, 0.05113843691109722)	(85, 0.06227946824850192)	(86, 0.07485449371844385)	(87, 0.08687798298356378)	(88, 0.10079875679327144)	(89, 0.11560198853069431)	(90, 0.13442040383922146)	(91, 0.15048113812363853)	(92, 0.17137332956229645)	(93, 0.1925743812756547)	(94, 0.22017325296494833)	(95, 0.24163904205662118)	(96, 0.269193790849529)	(97, 0.29542485275086405)	(98, 0.3269065393221046)	(99, 0.3579249354812948)	(100, 0.39284820797062475)	(101, 0.42774941901176183)	(102, 0.45819421751793704)	(103, 0.49697824344102115)	(104, 0.5389832408002658)	(105, 0.5730019939136877)	(106, 0.6197722640825946)	(107, 0.6597476082080942)	(108, 0.6994140920588935)	(109, 0.7448827367844204)	(110, 0.7855419858038993)	(111, 0.8275028602667582)	(112, 0.8756630016718164)	(113, 0.9116231622262119)	(114, 0.9480907360890436)	(115, 0.9900736720000953)	(116, 1.0380573218196105)	(117, 1.0812977602776566)	(118, 1.110440933340452)	(119, 1.15147522697921)	(120, 1.189663593801086)	(121, 1.2316685911603307)	(122, 1.2577231614761228)	(123, 1.300169387799225)	(124, 1.3176199933197936)	(125, 1.3590293315778303)	(126, 1.390533079597264)	(127, 1.4115355782768861)	(128, 1.4339720710890458)	(129, 1.4639756406313633)	(130, 1.469049773715726)	(131, 1.4997151867038299)	(132, 1.513371223135223)	(133, 1.5358959617401542)	(134, 1.5403082513787303)	(135, 1.5700250220945404)	(136, 1.5839899188006337)	(137, 1.5979548155067271)	(138, 1.596542882822383)	(139, 1.6160452030248893)	(140, 1.6187587611526135)	(141, 1.614037611239337)	(142, 1.6255757486442135)	(143, 1.6325692277213568)	(144, 1.6382610813551202)	(145, 1.6354151545382385)	(146, 1.6462693870491356)	(147, 1.636231428121375)	(148, 1.642298326374417)	(149, 1.6430042927165895)	(150, 1.6459164038780494)	(151, 1.6366064727406542)	(152, 1.638856740456328)	(153, 1.6331207639261789)	(154, 1.6316647083454487)	(155, 1.621803241003231)	(156, 1.6209649059719018)	(157, 1.609029662499553)	(158, 1.6065808417501433)	(159, 1.5975135865428696)	(160, 1.584100226041598)	(161, 1.5878727336825809)	(162, 1.5766875794487902)	(163, 1.5634948334294476)	(164, 1.5623476381234178)	(165, 1.5605165379234087)	(166, 1.5453603230148998)	(167, 1.5362710063594331)	(168, 1.5282847621136102)	(169, 1.5147390329231816)	(170, 1.5058262078532578)	(171, 1.4931629365905443)	(172, 1.4861253346170156)
SRR710114	(1, 0.0)	(2, 0.0)	(3, 0.0)	(4, 0.0)	(5, 0.0)	(6, 0.0)	(7, 0.0)	(8, 0.0)	(9, 0.0)	(10, 0.0)	(11, 0.0)	(12, 0.0)	(13, 0.0)	(14, 0.0)	(15, 0.0)	(16, 0.0)	(17, 0.0)	(18, 0.0)	(19, 0.0)	(20, 0.0)	(21, 0.0)	(22, 0.0)	(23, 0.0)	(24, 0.0)	(25, 0.0)	(26, 0.0)	(27, 0.0)	(28, 0.0)	(29, 0.0)	(30, 0.0)	(31, 0.0)	(32, 0.005537319150780699)	(33, 0.006188768462637252)	(34, 0.0050111485527427144)	(35, 0.0043847549836498745)	(36, 0.004159253298776453)	(37, 0.0038836401283756034)	(38, 0.0036080269579747545)	(39, 0.0031319678454641963)	(40, 0.002856354675063347)	(41, 0.0026308529901899248)	(42, 0.002906466160590774)	(43, 0.0023802955625527897)	(44, 0.002580741504662498)	(45, 0.0020044594210970857)	(46, 0.0021547938776793675)	(47, 0.0020044594210970857)	(48, 0.0019543479355696586)	(49, 0.0015534560513502415)	(50, 0.0018040134789873772)	(51, 0.0013780658520042464)	(52, 0.0017288462506962364)	(53, 0.002330184077025362)	(54, 0.002355239819789076)	(55, 0.0018541249645148044)	(56, 0.0024053513053165026)	(57, 0.0020044594210970857)	(58, 0.0019292921928059452)	(59, 0.0018040134789873772)	(60, 0.0020796266493882266)	(61, 0.0021297381349156537)	(62, 0.0020044594210970857)	(63, 0.00245546279084393)	(64, 0.0024805185336076434)	(65, 0.002054570906624513)	(66, 0.0026559087329536385)	(67, 0.003683194186265895)	(68, 0.003282302302046478)	(69, 0.0038335286428481767)	(70, 0.003908695871139317)	(71, 0.004359699240886162)	(72, 0.0055122634080169855)	(73, 0.006038434006054971)	(74, 0.00736638837253179)	(75, 0.007466611343586645)	(76, 0.010974415330506545)	(77, 0.012452704153565647)	(78, 0.013580212577932757)	(79, 0.01691262636550666)	(80, 0.021071879664283113)	(81, 0.02498057553542243)	(82, 0.031144288255295968)	(83, 0.034201088872469025)	(84, 0.03923729316797545)	(85, 0.044899891032574725)	(86, 0.048432750762258336)	(87, 0.05955750054934716)	(88, 0.06955474191206887)	(89, 0.07782313702409435)	(90, 0.090100450978314)	(91, 0.10430705712533961)	(92, 0.11292623263605707)	(93, 0.13151759376673253)	(94, 0.14482219317426442)	(95, 0.15740017604164866)	(96, 0.1770689341111638)	(97, 0.1945828983029996)	(98, 0.21169597061061596)	(99, 0.22652897032673439)	(100, 0.2488786928719669)	(101, 0.2697501265941403)	(102, 0.2995915162257232)	(103, 0.31991172360709486)	(104, 0.3481746014445638)	(105, 0.37941911267091466)	(106, 0.3943773911008516)	(107, 0.425747181041021)	(108, 0.4602739945694183)	(109, 0.4926961257056637)	(110, 0.5338877668092088)	(111, 0.5636038777269731)	(112, 0.597554409171805)	(113, 0.6412516245517215)	(114, 0.6751771002537896)	(115, 0.7022874139241276)	(116, 0.7470870819856475)	(117, 0.7938661537255007)	(118, 0.8282426327973158)	(119, 0.87266646471738)	(120, 0.9169650179236256)	(121, 0.9589083313100821)	(122, 1.0019290416353783)	(123, 1.0398634361796408)	(124, 1.0948858472887557)	(125, 1.1262305814861615)	(126, 1.1726087613417953)	(127, 1.2047803350504034)	(128, 1.2500310064816702)	(129, 1.2990650950702576)	(130, 1.3302594948110809)	(131, 1.387812535939331)	(132, 1.4064790642982976)	(133, 1.4417575501096065)	(134, 1.4884865103639322)	(135, 1.5165489422592913)	(136, 1.554909284430537)	(137, 1.582620935927204)	(138, 1.611936154960749)	(139, 1.6438070597561927)	(140, 1.6789602668536827)	(141, 1.7034647832765946)	(142, 1.7303495952620591)	(143, 1.7454080966630512)	(144, 1.7687851046615959)	(145, 1.782064648326364)	(146, 1.8142111662922085)	(147, 1.8226800073463438)	(148, 1.8478860845666398)	(149, 1.8580587161287072)	(150, 1.859486893466239)	(151, 1.8754474016067244)	(152, 1.8816612258121257)	(153, 1.8882007746734548)	(154, 1.8986239636631597)	(155, 1.9053890142093621)	(156, 1.9213495223498478)	(157, 1.9003026984283282)	(158, 1.9189191153017675)	(159, 1.9214748010636666)	(160, 1.9030838858751005)	(161, 1.9171902690510711)	(162, 1.905313846981071)	(163, 1.9086462607686452)	(164, 1.8904056800366615)	(165, 1.8895287290399316)	(166, 1.8918088016314296)	(167, 1.870411197311218)	(168, 1.877952975883096)	(169, 1.8688076297743403)	(170, 1.8544757449134963)	(171, 1.8484122551646776)	(172, 1.8312991828570613)
SRR715103	(1, 0.0)	(2, 0.0)	(3, 0.0)	(4, 0.0)	(5, 0.0)	(6, 0.0)	(7, 0.0)	(8, 0.0)	(9, 0.0)	(10, 0.0)	(11, 0.0)	(12, 0.0)	(13, 0.0)	(14, 0.0)	(15, 0.0)	(16, 0.0)	(17, 0.0)	(18, 0.0)	(19, 0.0)	(20, 0.0)	(21, 0.0)	(22, 0.0)	(23, 0.0)	(24, 0.0)	(25, 0.0)	(26, 0.0)	(27, 0.0)	(28, 0.0)	(29, 0.0)	(30, 0.0)	(31, 0.0)	(32, 0.007033142457118276)	(33, 0.006542458099644909)	(34, 0.006569718341726761)	(35, 0.00561560986886188)	(36, 0.005124925511388511)	(37, 0.004416159217260312)	(38, 0.0035983519548046998)	(39, 0.0038436941335413836)	(40, 0.0034620507443954306)	(41, 0.003380270018149869)	(42, 0.002916845902758355)	(43, 0.0028350651765127934)	(44, 0.002426161545284987)	(45, 0.0023171205769575718)	(46, 0.0020717783982208875)	(47, 0.00223533985071201)	(48, 0.0024534217873668405)	(49, 0.0016628747669930808)	(50, 0.0013084916199289816)	(51, 0.0016628747669930808)	(52, 0.0016083542828293734)	(53, 0.001744655493238642)	(54, 0.0018536964615660572)	(55, 0.0018264362194842035)	(56, 0.002208079608630156)	(57, 0.001989997671975326)	(58, 0.001989997671975326)	(59, 0.0016901350090749345)	(60, 0.0023171205769575718)	(61, 0.0019627374298934724)	(62, 0.0028350651765127934)	(63, 0.002371641061121279)	(64, 0.0024806820294486945)	(65, 0.0030531471131676237)	(66, 0.0025897229977761096)	(67, 0.0034347905023135766)	(68, 0.004116296554359921)	(69, 0.004334378491014751)	(70, 0.004716021880160705)	(71, 0.005097665269306657)	(72, 0.006787800278381592)	(73, 0.008368894319129112)	(74, 0.008477935287456526)	(75, 0.010495193201513707)	(76, 0.012975875230962402)	(77, 0.01556559822873851)	(78, 0.01886408752064282)	(79, 0.021290249065927806)	(80, 0.02382545157954021)	(81, 0.029522842174647648)	(82, 0.035274753253918795)	(83, 0.04219885474270966)	(84, 0.05040418760934765)	(85, 0.054438703437462)	(86, 0.06381622671361971)	(87, 0.07193977885401213)	(88, 0.08131730213016984)	(89, 0.09418413639280482)	(90, 0.10827768154912322)	(91, 0.1245793063140718)	(92, 0.14033572623738327)	(93, 0.15246653396380822)	(94, 0.1679230912242193)	(95, 0.1873869040706629)	(96, 0.20630551207546943)	(97, 0.22604192734273157)	(98, 0.2504943644901544)	(99, 0.2704761219361532)	(100, 0.2976818435338433)	(101, 0.3191083938101804)	(102, 0.34680479976534384)	(103, 0.38150708793554367)	(104, 0.40484185515761056)	(105, 0.4399803072011201)	(106, 0.4663954817784364)	(107, 0.4956457215322655)	(108, 0.5346551279513982)	(109, 0.5696572787844985)	(110, 0.6047139501017625)	(111, 0.6463130795186713)	(112, 0.6817241339829994)	(113, 0.7231869621894991)	(114, 0.764022804828116)	(115, 0.7959990687901306)	(116, 0.8353083378721636)	(117, 0.8834226651466356)	(118, 0.9145811218461944)	(119, 0.9636495575935312)	(120, 1.0102373113114194)	(121, 1.0562253397035066)	(122, 1.090082560369169)	(123, 1.1339715501209537)	(124, 1.1777514989044109)	(125, 1.214988989588223)	(126, 1.2553886683535305)	(127, 1.2922990361323605)	(128, 1.3256655724405495)	(129, 1.3650293620067464)	(130, 1.4108538289463426)	(131, 1.4489091268926104)	(132, 1.4775323810785568)	(133, 1.5184772646855014)	(134, 1.55007188525837)	(135, 1.5793766454963627)	(136, 1.5948059425146919)	(137, 1.622556868954019)	(138, 1.6412573950221707)	(139, 1.665437229748775)	(140, 1.6847647413848095)	(141, 1.7109073135413073)	(142, 1.7153779932427313)	(143, 1.730125784209014)	(144, 1.7451461775961155)	(145, 1.7480902837409558)	(146, 1.763764922938022)	(147, 1.7681265616711184)	(148, 1.788162839601281)	(149, 1.7947325579430078)	(150, 1.7896894131578647)	(151, 1.8009478931376703)	(152, 1.8033467944408732)	(153, 1.808853363341408)	(154, 1.7857639382980777)	(155, 1.7988488544973675)	(156, 1.7890079071058183)	(157, 1.7888988661374907)	(158, 1.7833105165107106)	(159, 1.7871814708863338)	(160, 1.789825714368274)	(161, 1.7828470923953195)	(162, 1.7630834168859755)	(163, 1.763165197612221)	(164, 1.742283852177521)	(165, 1.7438376859761864)	(166, 1.742392893145848)	(167, 1.7254370225709352)	(168, 1.7124066268558094)	(169, 1.6972771925003804)	(170, 1.6954234960388144)	(171, 1.681111868945841)	(172, 1.6660096948324938)
SRR716435	(1, 0.0)	(2, 0.0)	(3, 0.0)	(4, 0.0)	(5, 0.0)	(6, 0.0)	(7, 0.0)	(8, 0.0)	(9, 0.0)	(10, 0.0)	(11, 0.0)	(12, 0.0)	(13, 0.0)	(14, 0.0)	(15, 0.0)	(16, 0.0)	(17, 0.0)	(18, 0.0)	(19, 0.0)	(20, 0.0)	(21, 0.0)	(22, 0.0)	(23, 0.0)	(24, 0.0)	(25, 0.0)	(26, 0.0)	(27, 0.0)	(28, 0.0)	(29, 0.0)	(30, 0.0)	(31, 0.0)	(32, 0.004230766280842224)	(33, 0.003364819966049956)	(34, 0.0034885265824488513)	(35, 0.003216372026371282)	(36, 0.0027462868840554787)	(37, 0.002771028207335258)	(38, 0.0023009430650194553)	(39, 0.002004047185662106)	(40, 0.002226719095180118)	(41, 0.00217723644862056)	(42, 0.0017813752761440943)	(43, 0.001682409983024978)	(44, 0.0015587033666260828)	(45, 0.0015834446899058616)	(46, 0.0014597380735069663)	(47, 0.0011628421941496173)	(48, 0.0015587033666260828)	(49, 0.0014349967502271872)	(50, 0.001608186013185641)	(51, 0.0012370661639889544)	(52, 0.0014597380735069663)	(53, 0.001063876901030501)	(54, 0.00108861822431028)	(55, 0.0012123248407091753)	(56, 0.0016576686597451992)	(57, 0.0013112901338282919)	(58, 0.001608186013185641)	(59, 0.001608186013185641)	(60, 0.0015587033666260828)	(61, 0.0014844793967867453)	(62, 0.0018803405692632109)	(63, 0.0020287885089418853)	(64, 0.00190508189254299)	(65, 0.0023256843882992345)	(66, 0.0023009430650194553)	(67, 0.0025978389443768045)	(68, 0.0031916307030915025)	(69, 0.004008094371324212)	(70, 0.00432973157396134)	(71, 0.005319384505152504)	(72, 0.006383261406183005)	(73, 0.008016188742648424)	(74, 0.010119201221429647)	(75, 0.012840746782205347)	(76, 0.015463327049861933)	(77, 0.019149784218549015)	(78, 0.024295979460743067)	(79, 0.02793295398287059)	(80, 0.03483578317792896)	(81, 0.040229391652920804)	(82, 0.050150662288112206)	(83, 0.06177908422960839)	(84, 0.06840975886858919)	(85, 0.08508541075916029)	(86, 0.09542728389010795)	(87, 0.11237509033675663)	(88, 0.12625497269671268)	(89, 0.14701294292844735)	(90, 0.169453323143207)	(91, 0.1913246529225317)	(92, 0.21463097945208362)	(93, 0.23204887104104807)	(94, 0.27158550564213507)	(95, 0.2965989834779917)	(96, 0.32703081111212)	(97, 0.35283601129292963)	(98, 0.3883150688761328)	(99, 0.42834652994281536)	(100, 0.46261326268530945)	(101, 0.5011355030319254)	(102, 0.5412906707150069)	(103, 0.5741471480305536)	(104, 0.6073500038720171)	(105, 0.6643787540319079)	(106, 0.6998330702918314)	(107, 0.7501816631661818)	(108, 0.7859328753054626)	(109, 0.8293786389847546)	(110, 0.8621856336537417)	(111, 0.9177299044168457)	(112, 0.963625059100836)	(113, 0.9965805017095017)	(114, 1.0300060294604834)	(115, 1.0711755913980356)	(116, 1.1145718724307683)	(117, 1.138323542779356)	(118, 1.173505704483202)	(119, 1.2152690581794692)	(120, 1.251564579430905)	(121, 1.2726936695118363)	(122, 1.3040409261073165)	(123, 1.3454826426009465)	(124, 1.3709167229325592)	(125, 1.3832131606026095)	(126, 1.4067916416882391)	(127, 1.4360853684514974)	(128, 1.451820850057437)	(129, 1.4720097698537367)	(130, 1.4900461945246957)	(131, 1.5061775373031117)	(132, 1.5201563849561868)	(133, 1.5315126523416054)	(134, 1.5310425671992896)	(135, 1.5582580228070466)	(136, 1.5661999875798558)	(137, 1.5707523910633352)	(138, 1.570653425770216)	(139, 1.5840632229878562)	(140, 1.589902175281884)	(141, 1.5771603937927976)	(142, 1.5961122474251088)	(143, 1.592796910105618)	(144, 1.5959143168388705)	(145, 1.589135194260211)	(146, 1.59259897951938)	(147, 1.5886403677946155)	(148, 1.5831230527032245)	(149, 1.583988999018017)	(150, 1.5630825808466036)	(151, 1.5681050694723988)	(152, 1.561474394833418)	(153, 1.5637011139285981)	(154, 1.5511325217024703)	(155, 1.5466543421888304)	(156, 1.519018284085317)	(157, 1.5307209299966524)	(158, 1.5124123507696159)	(159, 1.4977160047414273)	(160, 1.5022684082249065)	(161, 1.4941037715425793)	(162, 1.4795311321307896)	(163, 1.4738158864531605)	(164, 1.4709211516294265)	(165, 1.4487034433241848)	(166, 1.4512270582987223)	(167, 1.4313102930585)	(168, 1.4262383217861454)	(169, 1.4052081969983332)	(170, 1.4087214649040618)	(171, 1.4035257870153082)	(172, 1.372871287471662)
SRR716436	(1, 0.0)	(2, 0.0)	(3, 0.0)	(4, 0.0)	(5, 0.0)	(6, 0.0)	(7, 0.0)	(8, 0.0)	(9, 0.0)	(10, 0.0)	(11, 0.0)	(12, 0.0)	(13, 0.0)	(14, 0.0)	(15, 0.0)	(16, 0.0)	(17, 0.0)	(18, 0.0)	(19, 0.0)	(20, 0.0)	(21, 0.0)	(22, 0.0)	(23, 0.0)	(24, 0.0)	(25, 0.0)	(26, 0.0)	(27, 0.0)	(28, 0.0)	(29, 0.0)	(30, 0.0)	(31, 0.0)	(32, 0.003173733470878711)	(33, 0.0035038017518500965)	(34, 0.0027928854543732653)	(35, 0.002640546247771087)	(36, 0.002488207041168909)	(37, 0.002234308363498612)	(38, 0.002310477966799701)	(39, 0.0017011211403909889)	(40, 0.0018026806114591074)	(41, 0.0020819691568964337)	(42, 0.0018788502147601967)	(43, 0.0017011211403909889)	(44, 0.001345662991652573)	(45, 0.0012948832561185137)	(46, 0.0011679339172833655)	(47, 0.0010663744462152468)	(48, 0.0010409845784482168)	(49, 0.0012187136528174249)	(50, 0.0010663744462152468)	(51, 0.0010409845784482168)	(52, 0.0016503414048569293)	(53, 0.001117154181749306)	(54, 0.0012948832561185137)	(55, 0.0014980021982547512)	(56, 0.0015741718015558404)	(57, 0.0013710528594196027)	(58, 0.0013202731238855436)	(59, 0.0018788502147601967)	(60, 0.0018534603469931668)	(61, 0.002158138760197523)	(62, 0.0027674955866062354)	(63, 0.002640546247771087)	(64, 0.0025897665122370274)	(65, 0.0034022422807819777)	(66, 0.004265497784860987)	(67, 0.0052557026277751445)	(68, 0.00642363654505851)	(69, 0.00715994271030237)	(70, 0.007718519801177023)	(71, 0.00959737001593722)	(72, 0.012288695999242366)	(73, 0.016376464709734143)	(74, 0.017214330346046126)	(75, 0.02241925323828721)	(76, 0.025389867767029686)	(77, 0.031127977882378394)	(78, 0.03882110781578838)	(79, 0.04356901308822293)	(80, 0.0516683809059054)	(81, 0.06136731039291074)	(82, 0.07071078173117766)	(83, 0.08231395130071023)	(84, 0.10775459880327397)	(85, 0.11481298204250821)	(86, 0.1390856956277886)	(87, 0.1536086999905296)	(88, 0.18344179461678944)	(89, 0.20492162274769657)	(90, 0.2323426799360886)	(91, 0.25255301467864427)	(92, 0.28063420842897907)	(93, 0.3052116004274638)	(94, 0.3330135056323613)	(95, 0.3665281310848405)	(96, 0.3942792565542039)	(97, 0.4305105978577553)	(98, 0.4632381374094566)	(99, 0.5028209412582558)	(100, 0.5368687539338426)	(101, 0.5761468793694375)	(102, 0.6170753462098894)	(103, 0.6521133637283903)	(104, 0.6926863724201038)	(105, 0.7263025573436511)	(106, 0.7731722532415879)	(107, 0.8111554954210642)	(108, 0.8586345481454097)	(109, 0.9026097991179052)	(110, 0.9383587329338829)	(111, 0.9900017239720214)	(112, 1.0278834066804297)	(113, 1.079323278776432)	(114, 1.1239586663108698)	(115, 1.158895124358303)	(116, 1.1912925956290328)	(117, 1.236816628535317)	(118, 1.2687570821862404)	(119, 1.301763910283379)	(120, 1.3423115291073253)	(121, 1.360922302180558)	(122, 1.4127176324252986)	(123, 1.4350607160602846)	(124, 1.4588002424224575)	(125, 1.4889380154619218)	(126, 1.5153434779396326)	(127, 1.5285715990462552)	(128, 1.5586585923501852)	(129, 1.567824334614083)	(130, 1.5850132750923622)	(131, 1.5958039688933496)	(132, 1.61400850408231)	(133, 1.6169283388755185)	(134, 1.626982726511262)	(135, 1.6332032441141842)	(136, 1.6337110414695248)	(137, 1.638890574493999)	(138, 1.6388144048906979)	(139, 1.6237836031726163)	(140, 1.6265764886269896)	(141, 1.6233011956850427)	(142, 1.601161230992193)	(143, 1.601999096628505)	(144, 1.5861558191418785)	(145, 1.577066246481282)	(146, 1.5719374931923418)	(147, 1.5566781826643568)	(148, 1.542282127640451)	(149, 1.5315676034427645)	(150, 1.5082343149648643)	(151, 1.488303268767746)	(152, 1.4802800705533645)	(153, 1.455855017761482)	(154, 1.4354415640767901)	(155, 1.419192048705891)	(156, 1.402840973863924)	(157, 1.3818435532205904)	(158, 1.358332535668321)	(159, 1.341905291223053)	(160, 1.3171755600179658)	(161, 1.298463227473665)	(162, 1.2762470931775138)	(163, 1.252304447873205)	(164, 1.2279555646846236)	(165, 1.2088116043882833)	(166, 1.1955327035461265)	(167, 1.1762617939109512)	(168, 1.147952091350713)	(169, 1.14284872792954)	(170, 1.1174588601625104)	(171, 1.0927799086929575)	(172, 1.0720363867272942)
SRR742200	(1, 0.0)	(2, 0.0)	(3, 0.0)	(4, 0.0)	(5, 0.0)	(6, 0.0)	(7, 0.0)	(8, 0.0)	(9, 0.0)	(10, 0.0)	(11, 0.0)	(12, 0.0)	(13, 0.0)	(14, 0.0)	(15, 0.0)	(16, 0.0)	(17, 0.0)	(18, 0.0)	(19, 0.0)	(20, 0.0)	(21, 0.0)	(22, 0.0)	(23, 0.0)	(24, 0.0)	(25, 0.0)	(26, 0.0)	(27, 0.0)	(28, 0.0)	(29, 0.0)	(30, 0.0)	(31, 0.0)	(32, 0.004332435823788602)	(33, 0.004065001513678195)	(34, 0.0036905934795236246)	(35, 0.0037975672035677876)	(36, 0.003637106617501543)	(37, 0.0028348036871703205)	(38, 0.002995264273236565)	(39, 0.0028348036871703205)	(40, 0.002273191635938464)	(41, 0.001979013894817016)	(42, 0.0017650664467286899)	(43, 0.001979013894817016)	(44, 0.0016848361536955679)	(45, 0.001577862429651405)	(46, 0.0016848361536955679)	(47, 0.001310428119540997)	(48, 0.0016313492916734862)	(49, 0.001310428119540997)	(50, 0.001337171550552038)	(51, 0.0014708887056072417)	(52, 0.0011499675334747527)	(53, 0.0010697372404416302)	(54, 0.0015243755676293232)	(55, 0.0015243755676293232)	(56, 0.0013906584125741193)	(57, 0.0018987836017838938)	(58, 0.0017918098777397306)	(59, 0.0017383230157176494)	(60, 0.0023801653599826275)	(61, 0.0025138825150378312)	(62, 0.0028615471181813613)	(63, 0.0032626985833469724)	(64, 0.0032626985833469724)	(65, 0.003610363186490503)	(66, 0.004385922685810685)	(67, 0.0059370416844510485)	(68, 0.006525397166693945)	(69, 0.008397437337466798)	(70, 0.00877184537162137)	(71, 0.011767109644857934)	(72, 0.013986814418774317)	(73, 0.016768131243922554)	(74, 0.02021803384434681)	(75, 0.0232935284106165)	(76, 0.028909648922935058)	(77, 0.03455251286626466)	(78, 0.0431104107897977)	(79, 0.04698820828639861)	(80, 0.057819297845870116)	(81, 0.06717949869973439)	(82, 0.07905358206863648)	(83, 0.09456477205504012)	(84, 0.11216194966030493)	(85, 0.12280583520269915)	(86, 0.14519008695894028)	(87, 0.16011292146310102)	(88, 0.18113325823777904)	(89, 0.20421283920030722)	(90, 0.22782728878305622)	(91, 0.2516824292449046)	(92, 0.276874741257305)	(93, 0.3149039001550049)	(94, 0.3301209124002871)	(95, 0.3710918487092016)	(96, 0.39553534465329276)	(97, 0.4319064108283082)	(98, 0.4710320503974609)	(99, 0.5008242325437603)	(100, 0.5421695768868293)	(101, 0.5751442273234425)	(102, 0.6309845112744956)	(103, 0.6654300504167161)	(104, 0.7108136528424523)	(105, 0.7487625814471192)	(106, 0.7935578283906125)	(107, 0.8287789270321531)	(108, 0.8703649622543214)	(109, 0.9169520190755546)	(110, 0.970465624528647)	(111, 1.000632214709101)	(112, 1.0439565729469868)	(113, 1.0878692866671158)	(114, 1.1189718969329565)	(115, 1.1597021423627714)	(116, 1.1962604125548641)	(117, 1.2286734509402455)	(118, 1.2646166222190842)	(119, 1.2923228167465226)	(120, 1.3348983589160994)	(121, 1.3659742257509286)	(122, 1.3966489411205925)	(123, 1.4174285870161711)	(124, 1.4281527028515986)	(125, 1.4509381060730053)	(126, 1.4742048910526109)	(127, 1.5035424348717223)	(128, 1.5171013543943201)	(129, 1.5317300111573595)	(130, 1.5403413959429144)	(131, 1.5531782428282142)	(132, 1.5537933417414682)	(133, 1.5612547589935484)	(134, 1.580536772752509)	(135, 1.5855377943515734)	(136, 1.5777019690653384)	(137, 1.5823553260612595)	(138, 1.5756694683084993)	(139, 1.589950460468395)	(140, 1.5895760524342404)	(141, 1.5673522612640656)	(142, 1.5657209119723923)	(143, 1.560933837821416)	(144, 1.5531782428282142)	(145, 1.5356345520849715)	(146, 1.5305265567618627)	(147, 1.5263545815241402)	(148, 1.503943586336888)	(149, 1.503809869181833)	(150, 1.4923636807091074)	(151, 1.4735630487083458)	(152, 1.4709154490382526)	(153, 1.450055572849641)	(154, 1.4454824461467528)	(155, 1.4293294138160844)	(156, 1.4171878961370719)	(157, 1.4000186134279837)	(158, 1.3801749876177916)	(159, 1.3678195224906906)	(160, 1.346932902871068)	(161, 1.331956581504885)	(162, 1.3167663126906137)	(163, 1.2997307471365809)	(164, 1.278202285172693)	(165, 1.2668095835619897)	(166, 1.268494419715685)	(167, 1.2425532916349757)	(168, 1.2280048651649695)	(169, 1.214606406228438)	(170, 1.1898152456812032)	(171, 1.1772190896750032)	(172, 1.1597823726558045)
SRR748280	(1, 0.0)	(2, 0.0)	(3, 0.0)	(4, 0.0)	(5, 0.0)	(6, 0.0)	(7, 0.0)	(8, 0.0)	(9, 0.0)	(10, 0.0)	(11, 0.0)	(12, 0.0)	(13, 0.0)	(14, 0.0)	(15, 0.0)	(16, 0.0)	(17, 0.0)	(18, 0.0)	(19, 0.0)	(20, 0.0)	(21, 0.0)	(22, 0.0)	(23, 0.0)	(24, 0.0)	(25, 0.0)	(26, 0.0)	(27, 0.0)	(28, 0.0)	(29, 0.0)	(30, 0.0)	(31, 0.0)	(32, 0.002737406220506781)	(33, 0.0024263373318128287)	(34, 0.002239695998596457)	(35, 0.0019908408876412953)	(36, 0.002239695998596457)	(37, 0.0017212478507732032)	(38, 0.001659034073034413)	(39, 0.0013272272584275303)	(40, 0.0013687031102533906)	(41, 0.0013687031102533906)	(42, 0.0012235376288628793)	(43, 0.0012650134806887396)	(44, 0.0009332066660818571)	(45, 0.0010161583697335778)	(46, 0.0008502549624301366)	(47, 0.0008087791106042761)	(48, 0.0007880411846913459)	(49, 0.0008295170365172065)	(50, 0.0008087791106042761)	(51, 0.0007050894810396254)	(52, 0.0008295170365172065)	(53, 0.0007465653328654856)	(54, 0.0007258274069525555)	(55, 0.0009124687401689271)	(56, 0.0009539445919947873)	(57, 0.0013064893325146001)	(58, 0.0010576342215594381)	(59, 0.0012650134806887396)	(60, 0.001410178962079251)	(61, 0.0008917308142559969)	(62, 0.0011613238511240889)	(63, 0.0010783721474723683)	(64, 0.0011613238511240889)	(65, 0.0011613238511240889)	(66, 0.0013272272584275303)	(67, 0.004790460885886866)	(68, 0.0022189580726835268)	(69, 0.0018664133321637142)	(70, 0.0019078891839895745)	(71, 0.0035669232570239877)	(72, 0.0024470752577257586)	(73, 0.0037328266643274284)	(74, 0.004500129923105845)	(75, 0.0036083991088498475)	(76, 0.005848095107446305)	(77, 0.008129266957868623)	(78, 0.005578502070578213)	(79, 0.003815778367979149)	(80, 0.008668453031604805)	(81, 0.026399379687160093)	(82, 0.023019097763352477)	(83, 0.014869092879570925)	(84, 0.017378381915035473)	(85, 0.09415018364470293)	(86, 0.13460987710082967)	(87, 0.13519053902639172)	(88, 0.1728713504101858)	(89, 0.18263891351517592)	(90, 0.21478269868021765)	(91, 0.2465117253270008)	(92, 0.2694271334607886)	(93, 0.3000985258860123)	(94, 0.3330925660134842)	(95, 0.36689538525156035)	(96, 0.39804374997278147)	(97, 0.4356208717270109)	(98, 0.4674121121515329)	(99, 0.5124134113825913)	(100, 0.5542003320971456)	(101, 0.5879201996315699)	(102, 0.636592111749217)	(103, 0.6798099493517635)	(104, 0.7195438154009377)	(105, 0.7597546537461093)	(106, 0.8078873797900202)	(107, 0.8529301548729045)	(108, 0.9010421429909025)	(109, 0.9422691397058076)	(110, 0.982583667680544)	(111, 1.0292440009846366)	(112, 1.0750540793262995)	(113, 1.1186244616693657)	(114, 1.1559112524608142)	(115, 1.2074864742062714)	(116, 1.2461419681079733)	(117, 1.285378123935237)	(118, 1.307629918439811)	(119, 1.3529630244854767)	(120, 1.3818716932081012)	(121, 1.4194695528882435)	(122, 1.4437536641322848)	(123, 1.4602403152330643)	(124, 1.4871166672162217)	(125, 1.5150506534209387)	(126, 1.530375980670594)	(127, 1.5504917688061364)	(128, 1.5646765101305804)	(129, 1.5813290646386635)	(130, 1.571976260051932)	(131, 1.601361901070554)	(132, 1.6000139358862135)	(133, 1.5999724600343874)	(134, 1.6009678804782084)	(135, 1.607272209955739)	(136, 1.6094289542506839)	(137, 1.6027928179585462)	(138, 1.6095741197320743)	(139, 1.5942487924824187)	(140, 1.5922579515947777)	(141, 1.5836931881927374)	(142, 1.5695084468682932)	(143, 1.5767874588637316)	(144, 1.556837574135493)	(145, 1.5525448234715162)	(146, 1.5361411240743887)	(147, 1.525668471488359)	(148, 1.5100942891277482)	(149, 1.5005963190596263)	(150, 1.4737407050023819)	(151, 1.4601366256034995)	(152, 1.4369101485810176)	(153, 1.435396279989374)	(154, 1.4273292268092441)	(155, 1.4041027497867624)	(156, 1.3922199182386532)	(157, 1.3726018403250213)	(158, 1.355513789372767)	(159, 1.3436724336764838)	(160, 1.321047356505477)	(161, 1.30974518688293)	(162, 1.2898367780065172)	(163, 1.2608866334320668)	(164, 1.2443170306276352)	(165, 1.223060656566882)	(166, 1.2168807546448288)	(167, 1.197241938805284)	(168, 1.1837415490359664)	(169, 1.1668194014910154)	(170, 1.1474087028365128)	(171, 1.1312123826985143)	(172, 1.1166958345594633)
SRR748295	(1, 0.0)	(2, 0.0)	(3, 0.0)	(4, 0.0)	(5, 0.0)	(6, 0.0)	(7, 0.0)	(8, 0.0)	(9, 0.0)	(10, 0.0)	(11, 0.0)	(12, 0.0)	(13, 0.0)	(14, 0.0)	(15, 0.0)	(16, 0.0)	(17, 0.0)	(18, 0.0)	(19, 0.0)	(20, 0.0)	(21, 0.0)	(22, 0.0)	(23, 0.0)	(24, 0.0)	(25, 0.0)	(26, 0.0)	(27, 0.0)	(28, 0.0)	(29, 0.0)	(30, 0.0)	(31, 0.0)	(32, 0.0037860549718720807)	(33, 0.003511703162316133)	(34, 0.0033745272575381588)	(35, 0.003456832800404943)	(36, 0.0024142959240923416)	(37, 0.0027983884574706683)	(38, 0.0023594255621811515)	(39, 0.002441731105047936)	(40, 0.0018655923049804455)	(41, 0.0017558515811580664)	(42, 0.002167379295491988)	(43, 0.001289453504912955)	(44, 0.0014814997716021186)	(45, 0.0014540645906465238)	(46, 0.0012345831430017654)	(47, 0.0009602313334458176)	(48, 0.0011522776001349812)	(49, 0.0011248424191793863)	(50, 0.0012620183239573602)	(51, 0.0013717590477797393)	(52, 0.0009876665144014122)	(53, 0.0010974072382237915)	(54, 0.0013991942287353341)	(55, 0.0011248424191793863)	(56, 0.0017558515811580664)	(57, 0.0013168886858685499)	(58, 0.001591240495424498)	(59, 0.001426629409690929)	(60, 0.0017284164002024714)	(61, 0.0020027682097584197)	(62, 0.0020576385716696093)	(63, 0.0028806940003374528)	(64, 0.003594008705182917)	(65, 0.003950666057605649)	(66, 0.00521268438156301)	(67, 0.006364961981697992)	(68, 0.008093378381900463)	(69, 0.009904100324969719)	(70, 0.011961738896639328)	(71, 0.014979608801754755)	(72, 0.019780765468983844)	(73, 0.023319903812255568)	(74, 0.02962999543204237)	(75, 0.039232308766500544)	(76, 0.04672211316737792)	(77, 0.056735954216170024)	(78, 0.0673808044269408)	(79, 0.08304629275258542)	(80, 0.0995074013259423)	(81, 0.11580389881356559)	(82, 0.13764230285421905)	(83, 0.16087990112360784)	(84, 0.18293778661190604)	(85, 0.20930299551023263)	(86, 0.24672458233366393)	(87, 0.2773696794610633)	(88, 0.3121574889127575)	(89, 0.3403059845731977)	(90, 0.38044365431123295)	(91, 0.4322138407744403)	(92, 0.46113052150163725)	(93, 0.5046701536781661)	(94, 0.5461521472830254)	(95, 0.577867216467693)	(96, 0.6326278376550601)	(97, 0.6732593406502961)	(98, 0.7137262325597984)	(99, 0.7499955417830947)	(100, 0.8018205986082133)	(101, 0.8469240360992111)	(102, 0.883028734236774)	(103, 0.9277206440134378)	(104, 0.9741409701903042)	(105, 0.9963909019452915)	(106, 1.0275298323298916)	(107, 1.0575987906572235)	(108, 1.1003702377669957)	(109, 1.1278877242654572)	(110, 1.1611940339455495)	(111, 1.1886566500820996)	(112, 1.211318109551421)	(113, 1.234418531916032)	(114, 1.2585614911569554)	(115, 1.2835275058265465)	(116, 1.2976840591996335)	(117, 1.297574318475811)	(118, 1.3383155621948692)	(119, 1.3358738310898213)	(120, 1.3599619199688335)	(121, 1.3786727133805492)	(122, 1.387644017553029)	(123, 1.3906618874581442)	(124, 1.4025961911738278)	(125, 1.4105249584699948)	(126, 1.423776150871547)	(127, 1.4138720505465774)	(128, 1.4156004669467799)	(129, 1.4342015196346731)	(130, 1.4224592621856786)	(131, 1.429208316700755)	(132, 1.4300039369484672)	(133, 1.4267391504147513)	(134, 1.4239681971382363)	(135, 1.4282480853673092)	(136, 1.417630670337494)	(137, 1.417630670337494)	(138, 1.4183714202232949)	(139, 1.4126374674035758)	(140, 1.3965878865445527)	(141, 1.392500044582169)	(142, 1.3820198054571318)	(143, 1.3797426854378174)	(144, 1.3608398457594126)	(145, 1.3624310862548372)	(146, 1.3562033001779172)	(147, 1.3431441540430542)	(148, 1.335078210842109)	(149, 1.3302496189939246)	(150, 1.31389825114439)	(151, 1.3006744939237933)	(152, 1.3010037160952603)	(153, 1.2865179405507066)	(154, 1.2733216185110652)	(155, 1.2716755076537296)	(156, 1.2633626478241844)	(157, 1.2479166409461844)	(158, 1.2311811805632717)	(159, 1.212333211246778)	(160, 1.207477184217638)	(161, 1.190878899739503)	(162, 1.1929639734921282)	(163, 1.173677041280345)	(164, 1.1658854498889561)	(165, 1.1459400733342386)	(166, 1.1465162121343062)	(167, 1.1265982707605444)	(168, 1.119382818169223)	(169, 1.1008640710241964)	(170, 1.096556747614168)	(171, 1.0803699908503672)	(172, 1.0720022606589108)
SRR748552	(1, 0.0)	(2, 0.0)	(3, 0.0)	(4, 0.0)	(5, 0.0)	(6, 0.0)	(7, 0.0)	(8, 0.0)	(9, 0.0)	(10, 0.0)	(11, 0.0)	(12, 0.0)	(13, 0.0)	(14, 0.0)	(15, 0.0)	(16, 0.0)	(17, 0.0)	(18, 0.0)	(19, 0.0)	(20, 0.0)	(21, 0.0)	(22, 0.0)	(23, 0.0)	(24, 0.0)	(25, 0.0)	(26, 0.0)	(27, 0.0)	(28, 0.0)	(29, 0.0)	(30, 0.0)	(31, 0.0)	(32, 0.0031610369394005364)	(33, 0.0032803213522081035)	(34, 0.0040258489322554)	(35, 0.002773362597775942)	(36, 0.0026540781849683746)	(37, 0.0022962249465456725)	(38, 0.0025049726689589154)	(39, 0.001968192811324862)	(40, 0.002326046049747564)	(41, 0.0022365827401418887)	(42, 0.0018489083985172947)	(43, 0.0012823074376813496)	(44, 0.0014612340568927007)	(45, 0.0016103395729021599)	(46, 0.0014910551600945926)	(47, 0.0013419496440851334)	(48, 0.0013419496440851334)	(49, 0.0013121285408832413)	(50, 0.0017296239857097274)	(51, 0.0013419496440851334)	(52, 0.0013121285408832413)	(53, 0.0013419496440851334)	(54, 0.0011033808184699983)	(55, 0.0012823074376813496)	(56, 0.0010437386120662148)	(57, 0.0014612340568927007)	(58, 0.0013419496440851334)	(59, 0.0017594450889116193)	(60, 0.0016998028825078353)	(61, 0.0018489083985172947)	(62, 0.0017594450889116193)	(63, 0.0022962249465456725)	(64, 0.0024155093593532396)	(65, 0.0023856882561513484)	(66, 0.003041752526592969)	(67, 0.00354871128102513)	(68, 0.004443344377081886)	(69, 0.003906564519447832)	(70, 0.005546725195551884)	(71, 0.005666009608359451)	(72, 0.0073359913876653955)	(73, 0.008886688754163772)	(74, 0.01094434487509431)	(75, 0.014075560711292954)	(76, 0.01661035448345376)	(77, 0.019532822597239163)	(78, 0.023797240355109696)	(79, 0.029045754518642664)	(80, 0.034383731991781304)	(81, 0.04022866821935211)	(82, 0.04732609078140237)	(83, 0.05797222462447776)	(84, 0.06629231241780557)	(85, 0.07359848270226908)	(86, 0.08663030480149582)	(87, 0.09799214512141662)	(88, 0.11627248138417633)	(89, 0.13467210205974361)	(90, 0.1539663558313676)	(91, 0.16989082494117788)	(92, 0.1905568494600889)	(93, 0.20815130034920515)	(94, 0.23194854070431484)	(95, 0.2594435978564591)	(96, 0.2780519662544396)	(97, 0.3087677025523882)	(98, 0.3393343333343274)	(99, 0.3721673679596103)	(100, 0.40166043902628135)	(101, 0.4332708084202867)	(102, 0.4740660776004747)	(103, 0.5024855889518777)	(104, 0.5407460643599049)	(105, 0.5789170764583266)	(106, 0.619593061225707)	(107, 0.6534698344630562)	(108, 0.7010941362764774)	(109, 0.7407562035349936)	(110, 0.7912135101525947)	(111, 0.825269210009155)	(112, 0.8698517592959834)	(113, 0.9076649181559822)	(114, 0.9405277738844672)	(115, 0.9873170848082353)	(116, 1.0364622628849531)	(117, 1.0820587296806456)	(118, 1.1171581681492726)	(119, 1.1548818636996658)	(120, 1.1974663990719674)	(121, 1.2288083785371555)	(122, 1.2583014496038265)	(123, 1.2973074525919013)	(124, 1.3357468546191398)	(125, 1.3570689434084924)	(126, 1.385011317108665)	(127, 1.420587893228522)	(128, 1.4485302669286948)	(129, 1.4659756123018015)	(130, 1.4832122099524951)	(131, 1.493082995112321)	(132, 1.5142857994888663)	(133, 1.5387987463208215)	(134, 1.5427947741498749)	(135, 1.5725562351453628)	(136, 1.5712142855012778)	(137, 1.5805482908034698)	(138, 1.5952799157852044)	(139, 1.59820238389899)	(140, 1.6225960463181377)	(141, 1.6261149364959606)	(142, 1.6360751849653927)	(143, 1.6358067950365756)	(144, 1.6416815523673485)	(145, 1.6257272621543362)	(146, 1.6355384051077588)	(147, 1.634077171050866)	(148, 1.649494681406244)	(149, 1.6316318405883108)	(150, 1.640399244929667)	(151, 1.6177352064962292)	(152, 1.624922092367885)	(153, 1.6227451518341471)	(154, 1.6178544909090369)	(155, 1.610846531656592)	(156, 1.608669591122854)	(157, 1.6138286419767813)	(158, 1.5779538548249052)	(159, 1.593192438561072)	(160, 1.582456841408391)	(161, 1.5782818869601263)	(162, 1.5588087065692908)	(163, 1.5497729122991177)	(164, 1.5382619664631874)	(165, 1.5403792647905217)	(166, 1.5234110570686452)	(167, 1.5180730795955066)	(168, 1.5042360877098289)	(169, 1.485717182621454)	(170, 1.4748623010559654)	(171, 1.477426915931328)	(172, 1.469106828138)
SRR748557	(1, 0.0)	(2, 0.0)	(3, 0.0)	(4, 0.0)	(5, 0.0)	(6, 0.0)	(7, 0.0)	(8, 0.0)	(9, 0.0)	(10, 0.0)	(11, 0.0)	(12, 0.0)	(13, 0.0)	(14, 0.0)	(15, 0.0)	(16, 0.0)	(17, 0.0)	(18, 0.0)	(19, 0.0)	(20, 0.0)	(21, 0.0)	(22, 0.0)	(23, 0.0)	(24, 0.0)	(25, 0.0)	(26, 0.0)	(27, 0.0)	(28, 0.0)	(29, 0.0)	(30, 0.0)	(31, 0.0)	(32, 0.002055176125139847)	(33, 0.0023660431020517568)	(34, 0.0018652018614714577)	(35, 0.0017443091482279372)	(36, 0.0017788499234403718)	(37, 0.0017615795358341545)	(38, 0.0016924979854092855)	(39, 0.0015716052721657654)	(40, 0.0012261975200414212)	(41, 0.0008289786050984256)	(42, 0.001105304806797901)	(43, 0.0007944378298859914)	(44, 0.0008635193803108602)	(45, 0.0007426266670673397)	(46, 0.0007253562794611225)	(47, 0.000777167442279774)	(48, 0.0008462489927046427)	(49, 0.0007253562794611225)	(50, 0.0006217339538238193)	(51, 0.00048357085297408167)	(52, 0.0006217339538238193)	(53, 0.0007944378298859914)	(54, 0.0006390043414300365)	(55, 0.0007598970546735569)	(56, 0.000949871318341946)	(57, 0.0005699227910051677)	(58, 0.0006217339538238193)	(59, 0.0008289786050984256)	(60, 0.0006735451166424709)	(61, 0.000949871318341946)	(62, 0.0009153305431295117)	(63, 0.0007253562794611225)	(64, 0.0010534936439792492)	(65, 0.0014852533341346793)	(66, 0.001554334884559548)	(67, 0.004041270699854826)	(68, 0.0026941804665698834)	(69, 0.0014161717837098105)	(70, 0.001105304806797901)	(71, 0.0012261975200414212)	(72, 0.001899742636683892)	(73, 0.0031604809319377477)	(74, 0.003246832869968834)	(75, 0.006320961863875495)	(76, 0.011882026673077434)	(77, 0.007063588530942835)	(78, 0.0057164982976578935)	(79, 0.005042953181015423)	(80, 0.005250197832290029)	(81, 0.019584619545450307)	(82, 0.019688241871087607)	(83, 0.038046663896496496)	(84, 0.04238153118565701)	(85, 0.0430723466899057)	(86, 0.08462489927046428)	(87, 0.09208570671635012)	(88, 0.21069872879584983)	(89, 0.21929938182374603)	(90, 0.2653595055695273)	(91, 0.3062212426458372)	(92, 0.3465648680939606)	(93, 0.38683941199165905)	(94, 0.42536964674112965)	(95, 0.4665422507943515)	(96, 0.5084229407394282)	(97, 0.5443971581231787)	(98, 0.5953620719491256)	(99, 0.6382789851505752)	(100, 0.6798315377311339)	(101, 0.7351485892338476)	(102, 0.78193406925909)	(103, 0.8293930944009749)	(104, 0.8788727548927872)	(105, 0.9155723285559987)	(106, 0.9571594219117697)	(107, 1.0016133996101728)	(108, 1.0418188619574464)	(109, 1.0849948309729895)	(110, 1.1198982843251544)	(111, 1.1640068542714332)	(112, 1.196509723746334)	(113, 1.2382177098153484)	(114, 1.2747618499901041)	(115, 1.3007192425622487)	(116, 1.329698952965481)	(117, 1.352841272357812)	(118, 1.3933748720696038)	(119, 1.4156364016940177)	(120, 1.4331658451143283)	(121, 1.4587260187715299)	(122, 1.467274860636607)	(123, 1.4948383992561298)	(124, 1.5073421598830312)	(125, 1.5114179713580984)	(126, 1.5219356374102846)	(127, 1.526166882373808)	(128, 1.5412957419168543)	(129, 1.5389815099776212)	(130, 1.5432300253287505)	(131, 1.5424355874988644)	(132, 1.538031638659279)	(133, 1.539447810442989)	(134, 1.5363218702862635)	(135, 1.5384633983494345)	(136, 1.5273412687310306)	(137, 1.5340939902850614)	(138, 1.5137149329097253)	(139, 1.5046825201916736)	(140, 1.5070312929061191)	(141, 1.4947347769304926)	(142, 1.4809011964579126)	(143, 1.4619037700910738)	(144, 1.4613338473000685)	(145, 1.4485537604714678)	(146, 1.4428027213985974)	(147, 1.4206102733246084)	(148, 1.4021136881983496)	(149, 1.4030808299042978)	(150, 1.3883664596638008)	(151, 1.3660013077137494)	(152, 1.3539983883274285)	(153, 1.3374878977758848)	(154, 1.331063313586372)	(155, 1.3167634326484243)	(156, 1.3015654915549533)	(157, 1.2818081681334408)	(158, 1.2683027250253787)	(159, 1.2596675312222703)	(160, 1.24341609648482)	(161, 1.2269919578713073)	(162, 1.203435149176427)	(163, 1.193988247155826)	(164, 1.181173619552013)	(165, 1.1629360902398478)	(166, 1.1480835568985008)	(167, 1.1311413066568017)	(168, 1.1116084982741703)	(169, 1.1003309351673103)	(170, 1.0857547280276632)	(171, 1.0711612505004096)	(172, 1.0503504334349176)
SRR768533	(1, 0.0)	(2, 0.0)	(3, 0.0)	(4, 0.0)	(5, 0.0)	(6, 0.0)	(7, 0.0)	(8, 0.0)	(9, 0.0)	(10, 0.0)	(11, 0.0)	(12, 0.0)	(13, 0.0)	(14, 0.0)	(15, 0.0)	(16, 0.0)	(17, 0.0)	(18, 0.0)	(19, 0.0)	(20, 0.0)	(21, 0.0)	(22, 0.0)	(23, 0.0)	(24, 0.0)	(25, 0.0)	(26, 0.0)	(27, 0.0)	(28, 0.0)	(29, 0.0)	(30, 0.0)	(31, 0.0)	(32, 0.003100885197609165)	(33, 0.0033899507668778157)	(34, 0.003127163885724497)	(35, 0.0033111147025318205)	(36, 0.0028380983164558457)	(37, 0.0021022950492265526)	(38, 0.0021548524254572164)	(39, 0.0021022950492265526)	(40, 0.001681836039381242)	(41, 0.0021811311135725483)	(42, 0.0014716065344585868)	(43, 0.001708114727496574)	(44, 0.0016029999750352463)	(45, 0.0017343934156119059)	(46, 0.0014978852225739187)	(47, 0.0011562622770746038)	(48, 0.0010774262127286082)	(49, 0.0014190491582279229)	(50, 0.0011825409651899357)	(51, 0.0010511475246132763)	(52, 0.0010774262127286082)	(53, 0.0011825409651899357)	(54, 0.0016555573512659102)	(55, 0.0009460327721519487)	(56, 0.0010511475246132763)	(57, 0.0012613770295359316)	(58, 0.0015241639106892506)	(59, 0.0013927704701125912)	(60, 0.0012088196533052676)	(61, 0.0014453278463432548)	(62, 0.0015241639106892506)	(63, 0.0017343934156119059)	(64, 0.0015767212869199146)	(65, 0.002023458984880557)	(66, 0.0020760163611112203)	(67, 0.0029957704451478375)	(68, 0.0028906556926865095)	(69, 0.0031797212619551606)	(70, 0.004388540915260428)	(71, 0.005571081880450365)	(72, 0.00688501628621696)	(73, 0.008330344132560214)	(74, 0.010669147374824753)	(75, 0.011615180146976703)	(76, 0.014374442399086553)	(77, 0.0165555735126591)	(78, 0.02275734390787743)	(79, 0.025595442224333277)	(80, 0.03221767162939691)	(81, 0.03907640922749854)	(82, 0.04280798293987567)	(83, 0.048037441874826725)	(84, 0.059363556452534785)	(85, 0.07400078573277465)	(86, 0.0875605888002859)	(87, 0.09284260511146764)	(88, 0.11449624411850111)	(89, 0.1355717519869973)	(90, 0.15141780092054247)	(91, 0.17520001366491783)	(92, 0.19793107888467992)	(93, 0.21572175073875963)	(94, 0.24050255363151762)	(95, 0.2645475532570463)	(96, 0.2914832085752615)	(97, 0.31907583109636)	(98, 0.35197674861675554)	(99, 0.38595509234987974)	(100, 0.4166486000685874)	(101, 0.453438763430052)	(102, 0.48720687765825355)	(103, 0.528963713073516)	(104, 0.5581330568815344)	(105, 0.6028331053657139)	(106, 0.6409897605091758)	(107, 0.6847963335974342)	(108, 0.7209558084441309)	(109, 0.7608205783150894)	(110, 0.8116172824420259)	(111, 0.8529273801593277)	(112, 0.8938958549311302)	(113, 0.9290830183175596)	(114, 0.9689477881885181)	(115, 1.0256046397651737)	(116, 1.0643919834234037)	(117, 1.085336097851323)	(118, 1.1323223922015366)	(119, 1.1740792276167988)	(120, 1.213602374542258)	(121, 1.2401438495387433)	(122, 1.2748054391628663)	(123, 1.3180864384888178)	(124, 1.351828274028904)	(125, 1.378185798208582)	(126, 1.4080121092194835)	(127, 1.4292190105285565)	(128, 1.4554451412676577)	(129, 1.4841414686896002)	(130, 1.5035614192068303)	(131, 1.5232704352933293)	(132, 1.5382492875190685)	(133, 1.5559085659325715)	(134, 1.5676025821438941)	(135, 1.578140336078142)	(136, 1.5851304671168205)	(137, 1.5828179425626712)	(138, 1.6061008602328553)	(139, 1.6142735322367234)	(140, 1.6150618928801836)	(141, 1.6237075812701278)	(142, 1.6234447943889747)	(143, 1.6393959580749808)	(144, 1.6250215156758945)	(145, 1.626887302532083)	(146, 1.6231294501315905)	(147, 1.6209220403299025)	(148, 1.627991007432927)	(149, 1.6209745977061332)	(150, 1.6245484992898185)	(151, 1.5924622211009982)	(152, 1.5984537619912937)	(153, 1.6006348931048666)	(154, 1.5789812540978327)	(155, 1.5844997786020527)	(156, 1.578613352464218)	(157, 1.5699413853861588)	(158, 1.584053040904092)	(159, 1.5646856477630926)	(160, 1.549601680784892)	(161, 1.5411662218998703)	(162, 1.5259771401692084)	(163, 1.520800238610488)	(164, 1.5119968780918518)	(165, 1.4994356651727234)	(166, 1.5003554192567599)	(167, 1.4751541573541564)	(168, 1.4623301575538745)	(169, 1.4644324526031012)	(170, 1.4469045676301746)	(171, 1.4345273055278533)	(172, 1.4252246499350258)
SRR787670	(1, 0.0)	(2, 0.0)	(3, 0.0)	(4, 0.0)	(5, 0.0)	(6, 0.0)	(7, 0.0)	(8, 0.0)	(9, 0.0)	(10, 0.0)	(11, 0.0)	(12, 0.0)	(13, 0.0)	(14, 0.0)	(15, 0.0)	(16, 0.0)	(17, 0.0)	(18, 0.0)	(19, 0.0)	(20, 0.0)	(21, 0.0)	(22, 0.0)	(23, 0.0)	(24, 0.0)	(25, 0.0)	(26, 0.0)	(27, 0.0)	(28, 0.0)	(29, 0.0)	(30, 0.0)	(31, 0.0)	(32, 0.017175825805897556)	(33, 0.02107942257996518)	(34, 0.012491509677016403)	(35, 0.010149351612575828)	(36, 0.009368632257762301)	(37, 0.0015614387096270503)	(38, 0.006245754838508201)	(39, 0.007807193548135251)	(40, 0.007026474193321727)	(41, 0.008587912902948778)	(42, 0.007807193548135251)	(43, 0.014833667741456977)	(44, 0.015614387096270502)	(45, 0.012491509677016403)	(46, 0.010149351612575828)	(47, 0.014833667741456977)	(48, 0.01795654516071108)	(49, 0.009368632257762301)	(50, 0.006245754838508201)	(51, 0.005465035483694676)	(52, 0.009368632257762301)	(53, 0.005465035483694676)	(54, 0.008587912902948778)	(55, 0.008587912902948778)	(56, 0.007807193548135251)	(57, 0.011710790322202878)	(58, 0.017175825805897556)	(59, 0.017175825805897556)	(60, 0.021860141934778705)	(61, 0.021860141934778705)	(62, 0.044501003224370936)	(63, 0.042939564514743886)	(64, 0.05465035483694676)	(65, 0.0866598483843013)	(66, 0.09446704193243655)	(67, 0.12491509677016402)	(68, 0.13662588709236692)	(69, 0.1733196967686026)	(70, 0.22875077096036286)	(71, 0.2912083193454449)	(72, 0.2880854419261908)	(73, 0.3802103257941868)	(74, 0.42783420643781184)	(75, 0.463747296759234)	(76, 0.49419535159696143)	(77, 0.6245754838508202)	(78, 0.7143582096543756)	(79, 0.7791579161038982)	(80, 0.8181938838445744)	(81, 0.9165645225510786)	(82, 0.9618462451302631)	(83, 1.0531904096434455)	(84, 1.1156479580285275)	(85, 1.2671075128623512)	(86, 1.317073551570417)	(87, 1.4412079289857676)	(88, 1.484928212855325)	(89, 1.5466050418855934)	(90, 1.642633522527657)	(91, 1.7222668967186365)	(92, 1.7371005644600936)	(93, 1.7894087612326)	(94, 1.9049552257450013)	(95, 1.9627284580012023)	(96, 2.0892049934809935)	(97, 2.104819380577264)	(98, 2.093108590255061)	(99, 2.14385534831794)	(100, 2.269551164442918)	(101, 2.2976570612162046)	(102, 2.392124103148641)	(103, 2.4436515805663337)	(104, 2.537337903143957)	(105, 2.5607594837883623)	(106, 2.606041206367547)	(107, 2.536557183789143)	(108, 2.680209545074832)	(109, 2.716122635396254)	(110, 2.780141622490963)	(111, 2.784045219265031)	(112, 2.8371341353923505)	(113, 2.8831965773263484)	(114, 2.8582135579723156)	(115, 2.905837438615941)	(116, 2.914425351518889)	(117, 2.9198903870025843)	(118, 3.0822800128037975)	(119, 2.9183289482929573)	(120, 3.0494897999016293)	(121, 3.018261025709088)	(122, 3.1002365579645086)																																																		
SRR787690	(1, 0.0)	(2, 0.0)	(3, 0.0)	(4, 0.0)	(5, 0.0)	(6, 0.0)	(7, 0.0)	(8, 0.0)	(9, 0.0)	(10, 0.0)	(11, 0.0)	(12, 0.0)	(13, 0.0)	(14, 0.0)	(15, 0.0)	(16, 0.0)	(17, 0.0)	(18, 0.0)	(19, 0.0)	(20, 0.0)	(21, 0.0)	(22, 0.0)	(23, 0.0)	(24, 0.0)	(25, 0.0)	(26, 0.0)	(27, 0.0)	(28, 0.0)	(29, 0.0)	(30, 0.0)	(31, 0.0)	(32, 0.014348084530715151)	(33, 0.014348084530715151)	(34, 0.012298358169184415)	(35, 0.010248631807653678)	(36, 0.006149179084592208)	(37, 0.003074589542296104)	(38, 0.003074589542296104)	(39, 0.012298358169184415)	(40, 0.011273494988419046)	(41, 0.005124315903826839)	(42, 0.012298358169184415)	(43, 0.006149179084592208)	(44, 0.016397810892245884)	(45, 0.016397810892245884)	(46, 0.015372947711480518)	(47, 0.017422674073011252)	(48, 0.003074589542296104)	(49, 0.01332322134994978)	(50, 0.003074589542296104)	(51, 0.00922376862688831)	(52, 0.00922376862688831)	(53, 0.005124315903826839)	(54, 0.014348084530715151)	(55, 0.012298358169184415)	(56, 0.014348084530715151)	(57, 0.012298358169184415)	(58, 0.020497263615307355)	(59, 0.021522126796072724)	(60, 0.029721032242195664)	(61, 0.03689507450755324)	(62, 0.035870211326787874)	(63, 0.04406911677291082)	(64, 0.089163096726587)	(65, 0.08711337036505627)	(66, 0.09531227581117921)	(67, 0.12605817123414023)	(68, 0.17627646709164327)	(69, 0.20599749933383893)	(70, 0.23469366839526923)	(71, 0.24494230020292293)	(72, 0.3320556705679792)	(73, 0.3617767028101748)	(74, 0.3750999241601246)	(75, 0.4919343267673766)	(76, 0.593395781663148)	(77, 0.6661610674974892)	(78, 0.7501998483202492)	(79, 0.7409760796933609)	(80, 0.8649845245659704)	(81, 0.899829872711993)	(82, 0.9602968003771497)	(83, 1.0812306557074631)	(84, 1.1263246356611392)	(85, 1.2769795232336483)	(86, 1.2933773341258943)	(87, 1.404062557648554)	(88, 1.4276344108061574)	(89, 1.5239715497981021)	(90, 1.5823887511017278)	(91, 1.6818004796359687)	(92, 1.786336524074036)	(93, 1.799659745423986)	(94, 1.8324553672084778)	(95, 1.9523643593580258)	(96, 1.9257179166581262)	(97, 2.0630495828806854)	(98, 2.205505565007072)	(99, 2.2116547440916636)	(100, 2.229077418164675)	(101, 2.3869063480025416)	(102, 2.43814950704081)	(103, 2.440199233402341)	(104, 2.5006661610674974)	(105, 2.5242380142251006)	(106, 2.5836800787094925)	(107, 2.6082767950478614)	(108, 2.5529341832865313)	(109, 2.7025642076782748)	(110, 2.781478672597208)	(111, 2.7076885235821018)	(112, 2.8409207370815994)	(113, 2.788652714862566)	(114, 2.8685920429622644)	(115, 3.012072888269416)	(116, 2.934183286531248)	(117, 2.883964990673745)	(118, 3.080738721380696)	(119, 3.0171972041732427)	(120, 3.028470699161662)	(121, 3.0715149527538075)	(122, 3.0858630372845224)																																																		
SRR787697	(1, 0.0)	(2, 0.0)	(3, 0.0)	(4, 0.0)	(5, 0.0)	(6, 0.0)	(7, 0.0)	(8, 0.0)	(9, 0.0)	(10, 0.0)	(11, 0.0)	(12, 0.0)	(13, 0.0)	(14, 0.0)	(15, 0.0)	(16, 0.0)	(17, 0.0)	(18, 0.0)	(19, 0.0)	(20, 0.0)	(21, 0.0)	(22, 0.0)	(23, 0.0)	(24, 0.0)	(25, 0.0)	(26, 0.0)	(27, 0.0)	(28, 0.0)	(29, 0.0)	(30, 0.0)	(31, 0.0)	(32, 0.018800526414739612)	(33, 0.013428947439099724)	(34, 0.008952631626066482)	(35, 0.018800526414739612)	(36, 0.006266842138246537)	(37, 0.010743157951279779)	(38, 0.012533684276493075)	(39, 0.016114736926919667)	(40, 0.019695789577346263)	(41, 0.011638421113886428)	(42, 0.016114736926919667)	(43, 0.009847894788673131)	(44, 0.007162105300853186)	(45, 0.009847894788673131)	(46, 0.010743157951279779)	(47, 0.016114736926919667)	(48, 0.010743157951279779)	(49, 0.01521947376431302)	(50, 0.008057368463459834)	(51, 0.008057368463459834)	(52, 0.014324210601706373)	(53, 0.008952631626066482)	(54, 0.01521947376431302)	(55, 0.009847894788673131)	(56, 0.010743157951279779)	(57, 0.014324210601706373)	(58, 0.013428947439099724)	(59, 0.02506736855298615)	(60, 0.025962631715592797)	(61, 0.03402000017905263)	(62, 0.04207736864251247)	(63, 0.06893526352071191)	(64, 0.06535421087028531)	(65, 0.08773578993545153)	(66, 0.11638421113886427)	(67, 0.13339421122839057)	(68, 0.2005389484238892)	(69, 0.2193394748386288)	(70, 0.23455894860294185)	(71, 0.3187136858879668)	(72, 0.36258158085569253)	(73, 0.4082400021486316)	(74, 0.4897089499458366)	(75, 0.5541678976535153)	(76, 0.5658063187674016)	(77, 0.676818950930626)	(78, 0.7448589512887314)	(79, 0.8137942148094433)	(80, 0.9149589521839944)	(81, 0.9919515841681662)	(82, 1.0653631635019114)	(83, 1.1736900061773157)	(84, 1.2605305329501608)	(85, 1.3599047439994987)	(86, 1.382286323064665)	(87, 1.4360021128210638)	(88, 1.5031468500165623)	(89, 1.5962542189276538)	(90, 1.6893615878387451)	(91, 1.6983142194648118)	(92, 1.8433468518070886)	(93, 1.8558805360835817)	(94, 1.9230252732790802)	(95, 1.972264747222446)	(96, 2.0528384318570443)	(97, 2.0367236949301244)	(98, 2.2435294854922603)	(99, 2.229205274890554)	(100, 2.2497963276305066)	(101, 2.313360012175579)	(102, 2.4091531705744904)	(103, 2.391247907322357)	(104, 2.453021065542216)	(105, 2.3984100126232106)	(106, 2.5559763292419806)	(107, 2.581043697794967)	(108, 2.6329689612261524)	(109, 2.6893705404703714)	(110, 2.6329689612261524)	(111, 2.6428168560148255)	(112, 2.7027994879094708)	(113, 2.784268435706676)	(114, 2.854994225552601)	(115, 2.801278435796202)	(116, 2.794116330495349)	(117, 2.8326126464874353)	(118, 2.850517909739568)	(119, 2.896176331032507)	(120, 2.926615278561133)	(121, 2.960635278740186)	(122, 2.893490541544687)																																																		
SRR792098	(1, 0.0)	(2, 0.0)	(3, 0.0)	(4, 0.0)	(5, 0.0)	(6, 0.0)	(7, 0.0)	(8, 0.0)	(9, 0.0)	(10, 0.0)	(11, 0.0)	(12, 0.0)	(13, 0.0)	(14, 0.0)	(15, 0.0)	(16, 0.0)	(17, 0.0)	(18, 0.0)	(19, 0.0)	(20, 0.0)	(21, 0.0)	(22, 0.0)	(23, 0.0)	(24, 0.0)	(25, 0.0)	(26, 0.0)	(27, 0.0)	(28, 0.0)	(29, 0.0)	(30, 0.0)	(31, 0.0)	(32, 0.017638656556911183)	(33, 0.01579409116533877)	(34, 0.014295381784686187)	(35, 0.012220245719167223)	(36, 0.013373099088899982)	(37, 0.012220245719167223)	(38, 0.013257813751926705)	(39, 0.010606251001541365)	(40, 0.009568682968781883)	(41, 0.007608832240236197)	(42, 0.008069973588129298)	(43, 0.008415829599049126)	(44, 0.005994837522610336)	(45, 0.006340693533530164)	(46, 0.007378261566289646)	(47, 0.006110122859583612)	(48, 0.008185258925102575)	(49, 0.006340693533530164)	(50, 0.0068018348814232665)	(51, 0.007032405555369818)	(52, 0.005533696174717234)	(53, 0.006110122859583612)	(54, 0.006340693533530164)	(55, 0.006686549544449991)	(56, 0.007954688251156023)	(57, 0.006686549544449991)	(58, 0.007493546903262921)	(59, 0.008646400272995678)	(60, 0.006686549544449991)	(61, 0.009338112294835332)	(62, 0.009799253642728436)	(63, 0.010145109653648263)	(64, 0.009568682968781883)	(65, 0.011759104371274122)	(66, 0.013142528414953432)	(67, 0.012450816393113778)	(68, 0.014064811110739636)	(69, 0.015332949817445669)	(70, 0.019367936611510317)	(71, 0.017638656556911183)	(72, 0.01959850728545687)	(73, 0.023864064753468073)	(74, 0.02686148351477324)	(75, 0.029628331602131852)	(76, 0.03354803305922323)	(77, 0.03781359052723443)	(78, 0.03585373979868874)	(79, 0.04645999080023011)	(80, 0.05349239635559993)	(81, 0.056259244442958545)	(82, 0.05833438050847751)	(83, 0.0697476288688318)	(84, 0.07770231711998782)	(85, 0.08738628542574299)	(86, 0.09614797103571193)	(87, 0.09891481912307055)	(88, 0.09903010446004382)	(89, 0.1242775932571912)	(90, 0.14410667121659465)	(91, 0.14837222868460584)	(92, 0.15978547704496013)	(93, 0.17477257085148598)	(94, 0.19229594207142386)	(95, 0.20728303587794975)	(96, 0.220771420303823)	(97, 0.22699682850037986)	(98, 0.26215885627722896)	(99, 0.27587781137704875)	(100, 0.2945540359667194)	(101, 0.3404376000820831)	(102, 0.3530037018121702)	(103, 0.3782511906093176)	(104, 0.38470716947982103)	(105, 0.41479664242984593)	(106, 0.44165812594461923)	(107, 0.4618330599149425)	(108, 0.5202827257603932)	(109, 0.505987343975707)	(110, 0.5449537878726742)	(111, 0.5857647971612139)	(112, 0.5912984933359311)	(113, 0.6363750600924819)	(114, 0.6608155515308164)	(115, 0.6824891948817922)	(116, 0.7220320654636257)	(117, 0.7419764287600025)	(118, 0.7778301685586911)	(119, 0.8171424684665782)	(120, 0.8476930827644962)	(121, 0.8826245398673987)	(122, 0.911100018099798)	(123, 0.9394602109952237)	(124, 0.9775043721964046)	(125, 1.0134733973320667)	(126, 1.0467908597173434)	(127, 1.072614775199357)	(128, 1.132793721099407)	(129, 1.1573494978747147)	(130, 1.1753340104425458)	(131, 1.2282499801132793)	(132, 1.2511917621709612)	(133, 1.3003033157215766)	(134, 1.3527581440444172)	(135, 1.3625573976871455)	(136, 1.4159345087057722)	(137, 1.4637779235496817)	(138, 1.4615875021471894)	(139, 1.5492043582468789)	(140, 1.5260320055152505)	(141, 1.5882860874808193)	(142, 1.6348613636180227)	(143, 1.6408562011406331)	(144, 1.6827047784619322)	(145, 1.7308940493167617)	(146, 1.7418461563292225)	(147, 1.777584610790938)	(148, 1.8270420203524735)	(149, 1.8597830560528839)	(150, 1.8936769451230266)	(151, 1.9151200178000558)	(152, 1.9112003163429647)	(153, 1.9671137047750036)	(154, 2.0298289280884654)	(155, 2.0153029756298326)	(156, 2.0845894631507713)	(157, 2.089200876629702)	(158, 2.1139872240789566)	(159, 2.1436155556810883)	(160, 2.160447214879187)	(161, 2.1858099890133076)	(162, 2.1937646772644634)	(163, 2.2569410419258187)	(164, 2.2411469507604798)	(165, 2.2670861515794667)	(166, 2.28760694156071)	(167, 2.30028832862777)	(168, 2.3375254924701383)	(169, 2.345941322069187)	(170, 2.362081269245446)		
SRR867663	(1, 0.0)	(2, 0.0)	(3, 0.0)	(4, 0.0)	(5, 0.0)	(6, 0.0)	(7, 0.0)	(8, 0.0)	(9, 0.0)	(10, 0.0)	(11, 0.0)	(12, 0.0)	(13, 0.0)	(14, 0.0)	(15, 0.0)	(16, 0.0)	(17, 0.0)	(18, 0.0)	(19, 0.0)	(20, 0.0)	(21, 0.0)	(22, 0.0)	(23, 0.0)	(24, 0.0)	(25, 0.0)	(26, 0.0)	(27, 0.0)	(28, 0.0)	(29, 0.0)	(30, 0.0)	(31, 0.0)	(32, 0.014737330599088168)	(33, 0.014110210148063138)	(34, 0.015364451050113196)	(35, 0.01724581240318828)	(36, 0.015364451050113196)	(37, 0.011601728343963025)	(38, 0.01724581240318828)	(39, 0.010974607892937997)	(40, 0.013169529471525596)	(41, 0.010661047667425483)	(42, 0.01787293285421331)	(43, 0.011601728343963025)	(44, 0.012855969246013082)	(45, 0.00972036699088794)	(46, 0.010347487441912969)	(47, 0.010033927216400455)	(48, 0.007525445412300341)	(49, 0.009406806765375426)	(50, 0.009093246539862912)	(51, 0.008466126088837884)	(52, 0.009406806765375426)	(53, 0.00972036699088794)	(54, 0.01191528856947554)	(55, 0.013169529471525596)	(56, 0.01787293285421331)	(57, 0.021635655560363478)	(58, 0.025084818041001135)	(59, 0.030728902100226392)	(60, 0.038567907738039246)	(61, 0.038567907738039246)	(62, 0.062398484876990325)	(63, 0.07525445412300341)	(64, 0.08528838133940386)	(65, 0.11100031983143001)	(66, 0.13984786057858134)	(67, 0.1790428887676456)	(68, 0.19628870117083386)	(69, 0.24614477702732365)	(70, 0.2931788108542008)	(71, 0.34428912761274055)	(72, 0.42550122602048174)	(73, 0.47159457917082137)	(74, 0.5455947923917747)	(75, 0.5995271511799272)	(76, 0.6399764202710415)	(77, 0.762892028671947)	(78, 0.8281125555785499)	(79, 0.9193585812026916)	(80, 0.9877147103644197)	(81, 1.050740315692435)	(82, 1.1253676493644136)	(83, 1.2028170250660044)	(84, 1.3103681824167968)	(85, 1.3702581854896871)	(86, 1.443944838485128)	(87, 1.4878432700568798)	(88, 1.6333352146946862)	(89, 1.6217334863507233)	(90, 1.7089032290432022)	(91, 1.7590728651252046)	(92, 1.8352679999247457)	(93, 1.909895333596724)	(94, 2.013056647790341)	(95, 1.9603785299042387)	(96, 2.0773364940204067)	(97, 2.1140230404053706)	(98, 2.161997754908785)	(99, 2.1870825729497865)	(100, 2.2695489122595776)	(101, 2.26986247248509)	(102, 2.3071761393210792)	(103, 2.3959136831411207)	(104, 2.427269705692372)	(105, 2.4812020644805246)	(106, 2.469913896362074)	(107, 2.5238462551502265)	(108, 2.5225920142481764)	(109, 2.5498717538677655)	(110, 2.5809142161935044)	(111, 2.675609404298284)	(112, 2.653346628286895)	(113, 2.709473908653635)	(114, 2.662439874826758)	(115, 2.686897572416734)	(116, 2.7608977856376877)	(117, 2.7536859004508996)	(118, 2.7634062674417876)	(119, 2.76748255037345)	(120, 2.7906860070613764)	(121, 2.8019741751798266)	(122, 2.8254911920932653)																																																		
