Sample	0	1	2	3	4	5	6	7	8	9	10	11	12	13	14	15	16	17	18	19	20	21	22	23	24	25	26	27	28	29	30	31	32	33	34	35	36	37	38	39	40	41	42	43	44	45	46	47	48	49	50	51	52	53	54	55	56	57	58	59	60	61	62	63	64	65	66	67	68	69	70	71	72	73	74	75	76	77	78	79	80	81	82	83	84	85	86	87	88	89	90	91	92	93	94	95	96	97	98	99	100
ERR031854	(1, 37.594)	(2, 37.3058)	(3, 37.2682)	(4, 37.2431)	(5, 37.2703)	(6, 37.3006)	(7, 37.2572)	(8, 37.2122)	(9, 37.1911)	(10, 37.1583)	(11, 37.1765)	(12, 37.1064)	(13, 37.0285)	(14, 37.0232)	(15, 36.9736)	(16, 36.8949)	(17, 36.8662)	(18, 36.8007)	(19, 36.7665)	(20, 36.7084)	(21, 36.7191)	(22, 36.6132)	(23, 36.5614)	(24, 36.514)	(25, 36.4381)	(26, 36.3863)	(27, 36.3365)	(28, 36.2182)	(29, 36.1925)	(30, 36.0929)	(31, 36.2904)	(32, 36.1727)	(33, 36.1472)	(34, 36.0613)	(35, 35.9791)	(36, 36.066)	(37, 35.9896)	(38, 35.9128)	(39, 35.8719)	(40, 35.7822)	(41, 35.8493)	(42, 35.6944)	(43, 35.6605)	(44, 35.6132)	(45, 35.4532)	(46, 35.2918)	(47, 35.135)	(48, 35.02)	(49, 34.9217)	(50, 34.8384)	(51, 35.7175)	(52, 35.6523)	(53, 35.5546)	(54, 35.5407)	(55, 35.4941)	(56, 35.9173)	(57, 35.781)	(58, 35.6652)	(59, 35.5133)	(60, 35.5008)	(61, 35.3373)	(62, 35.1794)	(63, 35.0655)	(64, 34.9293)	(65, 34.7874)	(66, 34.5916)	(67, 34.4024)	(68, 34.1927)	(69, 34.1241)	(70, 33.9672)	(71, 33.74)	(72, 33.5407)	(73, 33.3504)	(74, 33.1285)	(75, 32.914)	(76, 32.6103)	(77, 32.3422)	(78, 32.164)	(79, 31.9305)	(80, 31.6683)	(81, 31.2904)	(82, 30.9816)	(83, 30.6782)	(84, 30.4484)	(85, 30.0818)	(86, 29.6711)	(87, 29.3185)	(88, 28.9891)	(89, 28.6746)	(90, 28.3834)											
ERR031893	(1, 37.8955)	(2, 37.7147)	(3, 37.6583)	(4, 37.6257)	(5, 37.6154)	(6, 37.652)	(7, 37.5913)	(8, 37.5454)	(9, 37.5066)	(10, 37.4769)	(11, 37.4663)	(12, 37.3918)	(13, 37.3504)	(14, 37.2856)	(15, 37.256)	(16, 37.2205)	(17, 37.1443)	(18, 37.0892)	(19, 37.0474)	(20, 36.9805)	(21, 36.9379)	(22, 36.8146)	(23, 36.7567)	(24, 36.6751)	(25, 36.6129)	(26, 36.5658)	(27, 36.5881)	(28, 36.5261)	(29, 36.4755)	(30, 36.4267)	(31, 36.5714)	(32, 36.4455)	(33, 36.3733)	(34, 36.2814)	(35, 36.2061)	(36, 36.1821)	(37, 36.0545)	(38, 35.9544)	(39, 35.8847)	(40, 35.7653)	(41, 35.7427)	(42, 35.5937)	(43, 35.4594)	(44, 35.3461)	(45, 35.2778)	(46, 35.0133)	(47, 34.8728)	(48, 34.7143)	(49, 34.6018)	(50, 34.4919)	(51, 35.7134)	(52, 35.5669)	(53, 35.466)	(54, 35.389)	(55, 35.2826)	(56, 35.5658)	(57, 35.3812)	(58, 35.2259)	(59, 35.0685)	(60, 34.8604)	(61, 34.5934)	(62, 34.35)	(63, 34.1457)	(64, 33.9649)	(65, 33.7199)	(66, 33.4023)	(67, 33.1128)	(68, 32.9229)	(69, 32.6818)	(70, 32.3975)	(71, 31.9697)	(72, 31.6425)	(73, 31.3764)	(74, 31.0805)	(75, 30.7338)	(76, 30.2074)	(77, 29.8618)	(78, 29.5296)	(79, 29.2241)	(80, 28.8034)	(81, 28.2345)	(82, 27.8145)	(83, 27.4721)	(84, 27.0012)	(85, 26.5801)	(86, 25.9644)	(87, 25.5028)	(88, 25.1002)	(89, 24.6496)	(90, 24.2999)											
ERR031925	(1, 37.7828)	(2, 37.5364)	(3, 37.4729)	(4, 37.4236)	(5, 37.3893)	(6, 37.4163)	(7, 37.3396)	(8, 37.2824)	(9, 37.2218)	(10, 37.1917)	(11, 37.1819)	(12, 37.0857)	(13, 37.0234)	(14, 36.9934)	(15, 36.9273)	(16, 36.8849)	(17, 36.781)	(18, 36.6916)	(19, 36.6493)	(20, 36.547)	(21, 36.5071)	(22, 36.3648)	(23, 36.282)	(24, 36.177)	(25, 36.1266)	(26, 36.0541)	(27, 36.0756)	(28, 35.9495)	(29, 35.9089)	(30, 35.772)	(31, 35.9108)	(32, 35.75)	(33, 35.6343)	(34, 35.5325)	(35, 35.4214)	(36, 35.3663)	(37, 35.1999)	(38, 35.0519)	(39, 34.9493)	(40, 34.8132)	(41, 34.7436)	(42, 34.505)	(43, 34.4083)	(44, 34.2508)	(45, 34.1285)	(46, 33.9305)	(47, 33.6999)	(48, 33.55)	(49, 33.3917)	(50, 33.2989)	(51, 34.8745)	(52, 34.7337)	(53, 34.5959)	(54, 34.4519)	(55, 34.3635)	(56, 34.6471)	(57, 34.3929)	(58, 34.2203)	(59, 34.0055)	(60, 33.7965)	(61, 33.4624)	(62, 33.1309)	(63, 32.8594)	(64, 32.5812)	(65, 32.2789)	(66, 31.8762)	(67, 31.4665)	(68, 31.2163)	(69, 30.882)	(70, 30.5438)	(71, 29.9912)	(72, 29.5326)	(73, 29.1738)	(74, 28.8077)	(75, 28.4616)	(76, 27.8312)	(77, 27.3866)	(78, 26.9555)	(79, 26.5938)	(80, 26.0818)	(81, 25.3943)	(82, 24.9182)	(83, 24.4411)	(84, 23.9433)	(85, 23.3676)	(86, 22.5858)	(87, 22.0186)	(88, 21.5049)	(89, 20.9809)	(90, 20.5196)											
ERR031976	(1, 38.2031)	(2, 38.0535)	(3, 38.0237)	(4, 37.954)	(5, 37.9249)	(6, 37.9993)	(7, 37.9608)	(8, 37.932)	(9, 37.89)	(10, 37.8643)	(11, 37.8846)	(12, 37.8125)	(13, 37.7708)	(14, 37.7571)	(15, 37.7219)	(16, 37.7141)	(17, 37.6412)	(18, 37.5935)	(19, 37.5843)	(20, 37.5391)	(21, 37.4987)	(22, 37.4119)	(23, 37.3423)	(24, 37.3201)	(25, 37.262)	(26, 37.1956)	(27, 37.0906)	(28, 37.0549)	(29, 37.0074)	(30, 36.9322)	(31, 36.9074)	(32, 36.9774)	(33, 36.9651)	(34, 36.9497)	(35, 36.8837)	(36, 37.0637)	(37, 36.9706)	(38, 36.8874)	(39, 36.8202)	(40, 36.7903)	(41, 36.7402)	(42, 36.6638)	(43, 36.6123)	(44, 36.5239)	(45, 36.4732)	(46, 36.0947)	(47, 36.0063)	(48, 35.5234)	(49, 35.8402)	(50, 35.7034)	(51, 36.4872)	(52, 36.4728)	(53, 36.4305)	(54, 36.4219)	(55, 36.3872)	(56, 36.8569)	(57, 36.7608)	(58, 36.6933)	(59, 36.609)	(60, 36.5128)	(61, 36.4155)	(62, 36.2899)	(63, 36.2084)	(64, 36.1072)	(65, 35.9921)	(66, 35.8018)	(67, 35.6611)	(68, 35.5319)	(69, 35.4204)	(70, 35.2616)	(71, 35.0349)	(72, 34.8252)	(73, 34.6932)	(74, 34.5555)	(75, 34.3564)	(76, 34.1223)	(77, 33.928)	(78, 33.7677)	(79, 33.5474)	(80, 33.3723)	(81, 33.059)	(82, 32.7556)	(83, 32.6202)	(84, 32.3478)	(85, 32.065)	(86, 31.6385)	(87, 31.3708)	(88, 31.1122)	(89, 30.7971)	(90, 30.5597)											
ERR031982	(1, 38.1557)	(2, 37.9648)	(3, 37.92)	(4, 37.8745)	(5, 37.8733)	(6, 37.9132)	(7, 37.8774)	(8, 37.841)	(9, 37.823)	(10, 37.8017)	(11, 37.7979)	(12, 37.7476)	(13, 37.7046)	(14, 37.6897)	(15, 37.6589)	(16, 37.6471)	(17, 37.5626)	(18, 37.5338)	(19, 37.4893)	(20, 37.4596)	(21, 37.4182)	(22, 37.3487)	(23, 37.3015)	(24, 37.2322)	(25, 37.2039)	(26, 37.1117)	(27, 37.035)	(28, 36.9557)	(29, 36.9243)	(30, 36.8548)	(31, 36.8172)	(32, 36.8778)	(33, 36.8447)	(34, 36.8403)	(35, 36.8028)	(36, 36.9946)	(37, 36.8968)	(38, 36.8299)	(39, 36.7384)	(40, 36.7063)	(41, 36.7024)	(42, 36.6213)	(43, 36.5605)	(44, 36.4703)	(45, 36.4036)	(46, 36.0393)	(47, 35.9406)	(48, 35.7245)	(49, 35.8029)	(50, 35.7181)	(51, 36.4802)	(52, 36.4374)	(53, 36.3989)	(54, 36.3647)	(55, 36.3244)	(56, 36.803)	(57, 36.7042)	(58, 36.6157)	(59, 36.541)	(60, 36.4738)	(61, 36.3245)	(62, 36.189)	(63, 36.098)	(64, 35.9687)	(65, 35.8575)	(66, 35.3574)	(67, 35.4314)	(68, 35.3797)	(69, 35.2497)	(70, 35.1024)	(71, 34.9692)	(72, 34.7671)	(73, 34.6099)	(74, 34.4818)	(75, 34.3189)	(76, 34.0442)	(77, 33.8838)	(78, 33.7161)	(79, 33.5594)	(80, 33.3366)	(81, 33.0512)	(82, 32.7715)	(83, 32.6086)	(84, 32.3448)	(85, 32.0639)	(86, 31.6247)	(87, 31.3827)	(88, 31.1145)	(89, 30.8904)	(90, 30.5699)											
ERR034521	(1, 37.7893)	(2, 37.5782)	(3, 37.5581)	(4, 37.5215)	(5, 37.5222)	(6, 37.547)	(7, 37.4924)	(8, 37.4582)	(9, 37.4349)	(10, 37.42)	(11, 37.4131)	(12, 37.3512)	(13, 37.2809)	(14, 37.2756)	(15, 37.2414)	(16, 37.2303)	(17, 37.1764)	(18, 37.1165)	(19, 37.0692)	(20, 37.0248)	(21, 36.9998)	(22, 36.9164)	(23, 36.8675)	(24, 36.8053)	(25, 36.7636)	(26, 36.6728)	(27, 36.5903)	(28, 36.5345)	(29, 36.4448)	(30, 36.4703)	(31, 36.7186)	(32, 36.6382)	(33, 36.5624)	(34, 36.5304)	(35, 36.4626)	(36, 36.558)	(37, 36.4371)	(38, 36.3901)	(39, 36.3037)	(40, 36.2781)	(41, 36.2549)	(42, 36.1169)	(43, 36.0465)	(44, 35.9629)	(45, 35.9174)	(46, 35.7299)	(47, 35.6194)	(48, 35.4964)	(49, 35.4514)	(50, 35.3922)	(51, 36.1484)	(52, 36.0616)	(53, 35.9863)	(54, 35.9497)	(55, 35.8697)	(56, 36.2387)	(57, 36.1034)	(58, 36.005)	(59, 35.8943)	(60, 35.8436)	(61, 35.7111)	(62, 35.4941)	(63, 35.404)	(64, 35.3091)	(65, 35.1982)	(66, 35.0319)	(67, 34.8252)	(68, 34.685)	(69, 34.5544)	(70, 34.3861)	(71, 34.17)	(72, 33.96)	(73, 33.7616)	(74, 33.5591)	(75, 33.3919)	(76, 33.0935)	(77, 32.8831)	(78, 32.6741)	(79, 32.465)	(80, 32.2176)	(81, 31.9088)	(82, 31.652)	(83, 31.3981)	(84, 31.152)	(85, 30.8575)	(86, 30.4637)	(87, 30.1453)	(88, 29.8366)	(89, 29.5715)	(90, 29.3226)											
ERR034553	(1, 37.6373)	(2, 37.3001)	(3, 37.3494)	(4, 37.3197)	(5, 37.3237)	(6, 37.3543)	(7, 37.2919)	(8, 37.2554)	(9, 37.2221)	(10, 37.2204)	(11, 37.1872)	(12, 37.1367)	(13, 37.1051)	(14, 37.0567)	(15, 37.012)	(16, 36.9846)	(17, 36.9155)	(18, 36.8576)	(19, 36.7439)	(20, 36.7586)	(21, 36.7397)	(22, 36.6724)	(23, 36.5899)	(24, 36.546)	(25, 36.489)	(26, 36.4023)	(27, 36.2924)	(28, 36.3604)	(29, 36.2971)	(30, 36.3424)	(31, 36.575)	(32, 36.5033)	(33, 36.4381)	(34, 36.3747)	(35, 36.3147)	(36, 36.3632)	(37, 36.2708)	(38, 36.2185)	(39, 36.1674)	(40, 36.0946)	(41, 36.0819)	(42, 35.9766)	(43, 35.8786)	(44, 35.8149)	(45, 35.7629)	(46, 35.5198)	(47, 35.3963)	(48, 35.275)	(49, 35.1765)	(50, 35.1436)	(51, 35.8279)	(52, 35.7671)	(53, 35.7233)	(54, 35.6709)	(55, 35.54)	(56, 36.123)	(57, 36.0023)	(58, 35.9455)	(59, 35.8804)	(60, 35.8043)	(61, 35.6865)	(62, 35.5461)	(63, 35.4502)	(64, 35.3548)	(65, 35.2346)	(66, 35.1315)	(67, 34.9699)	(68, 34.8372)	(69, 34.7111)	(70, 34.5496)	(71, 34.3794)	(72, 34.2024)	(73, 34.0437)	(74, 33.8959)	(75, 33.6941)	(76, 33.5334)	(77, 33.3266)	(78, 33.1307)	(79, 32.8943)	(80, 32.6885)	(81, 32.4232)	(82, 32.1717)	(83, 31.9366)	(84, 31.7661)	(85, 31.4682)	(86, 31.1176)	(87, 30.8388)	(88, 30.5987)	(89, 30.3285)	(90, 30.063)											
ERR034626	(1, 37.9103)	(2, 37.5319)	(3, 37.6899)	(4, 37.6536)	(5, 37.6334)	(6, 37.646)	(7, 37.6478)	(8, 37.5932)	(9, 37.6012)	(10, 37.5548)	(11, 37.5241)	(12, 37.5303)	(13, 37.4814)	(14, 37.4246)	(15, 37.3983)	(16, 37.4016)	(17, 37.2266)	(18, 37.2011)	(19, 37.2513)	(20, 37.1905)	(21, 37.1981)	(22, 37.0853)	(23, 37.0377)	(24, 36.9997)	(25, 36.9655)	(26, 36.8563)	(27, 36.6418)	(28, 36.618)	(29, 36.5968)	(30, 36.5753)	(31, 36.9942)	(32, 36.9495)	(33, 36.8838)	(34, 36.8219)	(35, 36.7954)	(36, 36.8751)	(37, 36.6113)	(38, 36.731)	(39, 36.5781)	(40, 36.5918)	(41, 36.5028)	(42, 36.4157)	(43, 36.3484)	(44, 36.1139)	(45, 36.0283)	(46, 35.1025)	(47, 34.7393)	(48, 34.8234)	(49, 34.7484)	(50, 34.7319)	(51, 35.1862)	(52, 35.1852)	(53, 35.1027)	(54, 35.0679)	(55, 35.1637)	(56, 36.1774)	(57, 36.1373)	(58, 36.031)	(59, 35.9744)	(60, 35.7952)	(61, 35.9169)	(62, 35.5979)	(63, 35.6597)	(64, 35.5047)	(65, 35.4305)	(66, 35.2615)	(67, 35.1412)	(68, 34.9238)	(69, 34.8339)	(70, 34.752)	(71, 34.399)	(72, 34.1585)	(73, 34.0744)	(74, 33.9667)	(75, 33.7288)	(76, 33.5293)	(77, 33.464)	(78, 33.2778)	(79, 33.0055)	(80, 32.7878)	(81, 32.2573)	(82, 32.2278)	(83, 31.9973)	(84, 31.6275)	(85, 31.4446)	(86, 30.7364)	(87, 30.3634)	(88, 30.0187)	(89, 29.8356)	(90, 29.3632)											
ERR047840	(1, 31.9046)	(2, 32.0894)	(3, 32.1152)	(4, 35.637)	(5, 35.6277)	(6, 35.6557)	(7, 35.6444)	(8, 35.6067)	(9, 37.1764)	(10, 37.1613)	(11, 37.1348)	(12, 37.092)	(13, 37.0587)	(14, 38.3087)	(15, 38.2757)	(16, 38.2287)	(17, 38.1693)	(18, 38.1161)	(19, 38.1277)	(20, 38.0797)	(21, 37.9926)	(22, 37.912)	(23, 37.837)	(24, 37.6171)	(25, 37.8144)	(26, 37.818)	(27, 37.9697)	(28, 37.9847)	(29, 37.9712)	(30, 37.9459)	(31, 37.8738)	(32, 37.8289)	(33, 37.7951)	(34, 37.7528)	(35, 37.7364)	(36, 37.6809)	(37, 37.6239)	(38, 37.582)	(39, 37.5339)	(40, 37.4669)	(41, 37.4102)	(42, 37.3381)	(43, 37.2359)	(44, 37.1814)	(45, 37.1096)	(46, 37.0547)	(47, 36.9873)	(48, 36.93)	(49, 36.8337)	(50, 36.7382)	(51, 35.8424)	(52, 36.1578)	(53, 36.3948)	(54, 36.4462)	(55, 36.3832)	(56, 36.2693)	(57, 36.1676)	(58, 36.0025)	(59, 35.8435)	(60, 35.657)	(61, 35.4278)	(62, 35.207)	(63, 35.0077)	(64, 34.7835)	(65, 34.5404)	(66, 34.2975)	(67, 34.0551)	(68, 33.7791)	(69, 33.5338)	(70, 33.2734)	(71, 32.9682)	(72, 32.639)	(73, 32.3523)	(74, 32.0088)	(75, 31.7034)	(76, 31.4305)	(77, 31.2044)	(78, 30.903)	(79, 30.5889)	(80, 30.2378)	(81, 29.875)	(82, 29.5664)	(83, 29.2318)	(84, 28.8674)	(85, 28.4673)	(86, 28.0203)	(87, 27.5791)	(88, 27.155)	(89, 26.6783)	(90, 26.1921)											
ERR050746	(1, 32.5353)	(2, 32.7276)	(3, 32.7864)	(4, 36.1612)	(5, 36.1658)	(6, 36.1585)	(7, 36.1352)	(8, 36.1336)	(9, 37.8717)	(10, 37.8413)	(11, 37.8326)	(12, 37.7918)	(13, 37.756)	(14, 39.2127)	(15, 39.1786)	(16, 39.1499)	(17, 39.0839)	(18, 39.057)	(19, 39.0435)	(20, 39.0115)	(21, 38.958)	(22, 38.896)	(23, 38.8148)	(24, 38.7605)	(25, 38.89)	(26, 38.8812)	(27, 38.8132)	(28, 38.8028)	(29, 38.7705)	(30, 38.8594)	(31, 38.8951)	(32, 38.903)	(33, 38.8947)	(34, 38.8729)	(35, 38.8201)	(36, 38.7987)	(37, 38.7479)	(38, 38.6914)	(39, 38.6589)	(40, 38.6117)	(41, 38.5737)	(42, 38.5133)	(43, 38.4585)	(44, 38.4176)	(45, 38.346)	(46, 38.2975)	(47, 38.2322)	(48, 38.1521)	(49, 38.0601)	(50, 37.9903)	(51, 36.7911)	(52, 37.2492)	(53, 37.577)	(54, 37.6644)	(55, 37.6505)	(56, 37.5552)	(57, 37.4575)	(58, 37.3525)	(59, 37.2065)	(60, 37.0454)	(61, 36.8961)	(62, 36.731)	(63, 36.5534)	(64, 36.3582)	(65, 36.1958)	(66, 36.019)	(67, 35.7849)	(68, 35.5954)	(69, 35.3778)	(70, 35.1587)	(71, 34.9378)	(72, 34.7478)	(73, 34.5443)	(74, 34.3044)	(75, 34.0516)	(76, 33.8262)	(77, 33.5959)	(78, 33.3717)	(79, 33.145)	(80, 32.9048)	(81, 32.6724)	(82, 32.4313)	(83, 32.2222)	(84, 32.0011)	(85, 31.748)	(86, 31.5271)	(87, 31.2814)	(88, 30.997)	(89, 30.7032)	(90, 30.3372)											
ERR250439	(1, 31.3236)	(2, 31.5179)	(3, 31.5795)	(4, 35.111)	(5, 35.0608)	(6, 35.1208)	(7, 35.0988)	(8, 35.0973)	(9, 36.6108)	(10, 36.5539)	(11, 36.5027)	(12, 36.5379)	(13, 36.488)	(14, 37.499)	(15, 37.568)	(16, 37.5464)	(17, 37.5525)	(18, 37.5289)	(19, 37.5622)	(20, 37.5458)	(21, 37.5423)	(22, 37.4437)	(23, 37.3684)	(24, 37.4328)	(25, 37.3848)	(26, 37.3088)	(27, 37.2036)	(28, 37.1369)	(29, 37.0772)	(30, 37.0395)	(31, 36.9749)	(32, 36.9621)	(33, 36.9046)	(34, 36.8353)	(35, 36.6987)	(36, 36.6364)	(37, 36.5304)	(38, 36.472)	(39, 36.3709)	(40, 36.0372)	(41, 36.2665)	(42, 36.2874)	(43, 36.314)	(44, 36.2857)	(45, 36.184)	(46, 36.132)	(47, 36.0824)	(48, 36.2887)	(49, 36.3909)	(50, 36.412)	(51, 35.6502)	(52, 35.9302)	(53, 36.201)	(54, 36.2649)	(55, 36.2549)	(56, 36.1983)	(57, 36.177)	(58, 36.1046)	(59, 36.0529)	(60, 35.9574)	(61, 35.8369)	(62, 35.7389)	(63, 35.6146)	(64, 35.4836)	(65, 35.3179)	(66, 35.1686)	(67, 34.9656)	(68, 34.7677)	(69, 34.5796)	(70, 34.418)	(71, 34.2199)	(72, 34.0415)	(73, 33.8417)	(74, 33.6254)	(75, 33.4042)	(76, 33.2015)	(77, 33.0072)	(78, 32.7864)	(79, 32.5662)	(80, 32.3584)	(81, 32.163)	(82, 31.9492)	(83, 31.7426)	(84, 31.4978)	(85, 31.278)	(86, 31.1122)	(87, 30.9134)	(88, 30.7539)	(89, 30.607)	(90, 30.402)	(91, 30.1956)	(92, 29.9779)	(93, 29.7834)	(94, 29.5038)	(95, 29.3135)	(96, 29.0744)	(97, 28.8132)	(98, 28.5446)	(99, 28.2793)	(100, 27.916)	
ERR250457	(1, 31.6539)	(2, 31.8283)	(3, 31.8842)	(4, 35.4251)	(5, 35.1725)	(6, 35.3469)	(7, 35.3727)	(8, 35.4051)	(9, 36.9912)	(10, 36.9188)	(11, 36.9014)	(12, 36.9221)	(13, 36.8411)	(14, 38.114)	(15, 38.0795)	(16, 38.0112)	(17, 38.0225)	(18, 38.0268)	(19, 37.9762)	(20, 37.9577)	(21, 37.9799)	(22, 37.9798)	(23, 37.8376)	(24, 37.8319)	(25, 37.8222)	(26, 37.7945)	(27, 37.7153)	(28, 37.6506)	(29, 37.5156)	(30, 37.4967)	(31, 37.4445)	(32, 37.4044)	(33, 37.3739)	(34, 37.2619)	(35, 37.1348)	(36, 37.0708)	(37, 36.9899)	(38, 36.8861)	(39, 36.7999)	(40, 36.7286)	(41, 36.7825)	(42, 36.7688)	(43, 36.7695)	(44, 36.7065)	(45, 36.6352)	(46, 36.488)	(47, 36.4693)	(48, 36.7239)	(49, 36.8207)	(50, 36.8618)	(51, 36.2144)	(52, 36.4377)	(53, 36.6914)	(54, 36.7224)	(55, 36.6916)	(56, 36.6699)	(57, 36.6078)	(58, 36.5343)	(59, 36.4889)	(60, 36.4058)	(61, 36.2903)	(62, 36.1689)	(63, 36.0692)	(64, 35.946)	(65, 35.8083)	(66, 35.6363)	(67, 35.4306)	(68, 35.2281)	(69, 35.0478)	(70, 34.8654)	(71, 34.6849)	(72, 34.4921)	(73, 34.2752)	(74, 34.0576)	(75, 33.8657)	(76, 33.6598)	(77, 33.4694)	(78, 33.2521)	(79, 33.0583)	(80, 32.844)	(81, 32.6593)	(82, 32.4602)	(83, 32.2601)	(84, 32.0213)	(85, 31.8202)	(86, 31.6615)	(87, 31.4784)	(88, 31.3042)	(89, 31.039)	(90, 30.9022)	(91, 30.7542)	(92, 30.5733)	(93, 30.3999)	(94, 30.1578)	(95, 29.9745)	(96, 29.7353)	(97, 29.4941)	(98, 29.2265)	(99, 28.9757)	(100, 28.6587)	
ERR250529	(1, 31.6479)	(2, 31.7996)	(3, 31.8293)	(4, 35.3088)	(5, 35.3724)	(6, 35.3973)	(7, 35.384)	(8, 35.4063)	(9, 36.9629)	(10, 36.9708)	(11, 36.9631)	(12, 36.9284)	(13, 36.93)	(14, 38.2005)	(15, 38.173)	(16, 38.1662)	(17, 38.1431)	(18, 38.1094)	(19, 38.1301)	(20, 38.1266)	(21, 38.117)	(22, 38.0395)	(23, 38.0547)	(24, 38.0429)	(25, 37.9901)	(26, 37.9138)	(27, 37.7837)	(28, 37.7879)	(29, 37.7603)	(30, 37.7106)	(31, 37.6447)	(32, 37.5216)	(33, 37.4449)	(34, 37.4411)	(35, 37.4044)	(36, 37.3755)	(37, 37.3121)	(38, 37.2401)	(39, 37.1234)	(40, 37.0416)	(41, 36.998)	(42, 36.9631)	(43, 36.9008)	(44, 36.7716)	(45, 36.9913)	(46, 37.1146)	(47, 37.1592)	(48, 37.2121)	(49, 37.1604)	(50, 37.1212)	(51, 35.8114)	(52, 36.374)	(53, 36.8093)	(54, 36.9146)	(55, 36.9807)	(56, 36.9719)	(57, 36.907)	(58, 36.8227)	(59, 36.7338)	(60, 36.6326)	(61, 36.5353)	(62, 36.4214)	(63, 36.241)	(64, 36.1348)	(65, 35.9634)	(66, 35.8371)	(67, 35.714)	(68, 35.541)	(69, 35.3988)	(70, 35.2388)	(71, 35.0682)	(72, 34.8952)	(73, 34.712)	(74, 34.5058)	(75, 34.3009)	(76, 34.1127)	(77, 33.8963)	(78, 33.7426)	(79, 33.5887)	(80, 33.4108)	(81, 33.1735)	(82, 32.9797)	(83, 32.8382)	(84, 32.7022)	(85, 32.5468)	(86, 32.3931)	(87, 32.2489)	(88, 32.106)	(89, 31.9605)	(90, 31.8341)	(91, 31.6703)	(92, 31.5164)	(93, 31.3707)	(94, 31.2294)	(95, 31.0262)	(96, 30.8951)	(97, 30.7414)	(98, 30.5598)	(99, 30.344)	(100, 30.1342)	
ERR250603	(1, 31.025)	(2, 31.1096)	(3, 30.9086)	(4, 34.5497)	(5, 34.5921)	(6, 34.7543)	(7, 34.797)	(8, 34.8872)	(9, 36.0755)	(10, 36.1468)	(11, 36.2655)	(12, 36.1809)	(13, 36.0497)	(14, 37.2265)	(15, 37.2806)	(16, 37.3163)	(17, 37.2722)	(18, 37.3211)	(19, 37.3784)	(20, 37.4171)	(21, 37.2963)	(22, 37.3482)	(23, 37.2411)	(24, 37.2866)	(25, 36.8797)	(26, 36.8512)	(27, 36.9154)	(28, 36.9668)	(29, 37.0008)	(30, 36.9433)	(31, 36.8963)	(32, 36.9259)	(33, 36.8478)	(34, 36.89)	(35, 36.6808)	(36, 36.645)	(37, 36.4403)	(38, 36.3917)	(39, 36.3121)	(40, 36.2841)	(41, 36.3256)	(42, 36.2078)	(43, 36.1642)	(44, 36.1587)	(45, 36.0916)	(46, 35.9547)	(47, 36.145)	(48, 36.1225)	(49, 36.239)	(50, 36.1314)	(51, 34.9022)	(52, 35.3325)	(53, 35.7426)	(54, 35.9289)	(55, 35.8785)	(56, 35.8649)	(57, 35.6206)	(58, 35.5019)	(59, 35.4466)	(60, 35.4509)	(61, 35.5574)	(62, 35.5294)	(63, 35.5257)	(64, 35.4454)	(65, 35.2465)	(66, 35.1519)	(67, 35.0429)	(68, 34.9109)	(69, 34.7678)	(70, 34.6475)	(71, 34.4419)	(72, 34.2886)	(73, 34.15)	(74, 33.8949)	(75, 33.7684)	(76, 33.5291)	(77, 33.3822)	(78, 33.2594)	(79, 33.0203)	(80, 32.8246)	(81, 32.6158)	(82, 32.4336)	(83, 32.2389)	(84, 32.0772)	(85, 31.8856)	(86, 31.7261)	(87, 31.5891)	(88, 31.5048)	(89, 31.3594)	(90, 31.1559)	(91, 31.0122)	(92, 30.8016)	(93, 30.5976)	(94, 30.4376)	(95, 30.2984)	(96, 30.1595)	(97, 29.944)	(98, 29.5811)	(99, 29.3229)	(100, 29.0642)	
ERR250643	(1, 31.6589)	(2, 31.8289)	(3, 31.8935)	(4, 35.4566)	(5, 35.4429)	(6, 35.4637)	(7, 35.4577)	(8, 35.4412)	(9, 36.9914)	(10, 36.9712)	(11, 36.9486)	(12, 36.927)	(13, 36.9068)	(14, 38.1321)	(15, 38.1018)	(16, 38.0627)	(17, 38.018)	(18, 37.9909)	(19, 38.0186)	(20, 37.9824)	(21, 37.9228)	(22, 37.8717)	(23, 37.8164)	(24, 37.7883)	(25, 37.7168)	(26, 37.6339)	(27, 37.5621)	(28, 37.4828)	(29, 37.394)	(30, 37.3282)	(31, 37.2413)	(32, 37.1238)	(33, 37.0387)	(34, 36.9507)	(35, 37.1051)	(36, 37.0916)	(37, 37.0844)	(38, 37.0444)	(39, 36.981)	(40, 36.9157)	(41, 36.9814)	(42, 37.0461)	(43, 37.0116)	(44, 36.9867)	(45, 36.9097)	(46, 36.8547)	(47, 36.7767)	(48, 36.6995)	(49, 36.6383)	(50, 36.5632)	(51, 34.8459)	(52, 35.6889)	(53, 36.2937)	(54, 36.5601)	(55, 36.6331)	(56, 36.6034)	(57, 36.4994)	(58, 36.4082)	(59, 36.3046)	(60, 36.198)	(61, 36.0583)	(62, 35.9145)	(63, 35.7455)	(64, 35.561)	(65, 35.3995)	(66, 35.2321)	(67, 35.0564)	(68, 34.886)	(69, 34.6737)	(70, 34.4534)	(71, 34.2301)	(72, 34.0096)	(73, 33.7766)	(74, 33.5602)	(75, 33.3229)	(76, 33.1063)	(77, 32.8492)	(78, 32.6186)	(79, 32.3879)	(80, 32.1596)	(81, 31.8908)	(82, 31.6601)	(83, 31.4147)	(84, 31.1872)	(85, 30.9511)	(86, 30.706)	(87, 30.4547)	(88, 30.2331)	(89, 30.0074)	(90, 29.7837)	(91, 29.5117)	(92, 29.2665)	(93, 29.0257)	(94, 28.7765)	(95, 28.466)	(96, 28.1471)	(97, 27.7889)	(98, 27.4112)	(99, 26.9932)	(100, 26.5122)	
ERR250681	(1, 31.5326)	(2, 31.6453)	(3, 31.7484)	(4, 35.3153)	(5, 35.3384)	(6, 35.3396)	(7, 35.3547)	(8, 35.349)	(9, 36.8648)	(10, 36.8202)	(11, 36.8522)	(12, 36.8205)	(13, 36.8137)	(14, 38.0136)	(15, 37.9417)	(16, 37.8728)	(17, 37.8784)	(18, 37.8646)	(19, 37.8974)	(20, 37.8396)	(21, 37.791)	(22, 37.7466)	(23, 37.7204)	(24, 37.6782)	(25, 37.6102)	(26, 37.5537)	(27, 37.4149)	(28, 37.3651)	(29, 37.3127)	(30, 37.2253)	(31, 37.1418)	(32, 37.0737)	(33, 36.9903)	(34, 37.1671)	(35, 37.1586)	(36, 37.1509)	(37, 37.0921)	(38, 37.0825)	(39, 37.035)	(40, 36.9822)	(41, 36.9199)	(42, 36.8541)	(43, 36.737)	(44, 36.6816)	(45, 36.6218)	(46, 36.5123)	(47, 36.4372)	(48, 36.3131)	(49, 36.4541)	(50, 36.5107)	(51, 35.0154)	(52, 35.8168)	(53, 36.4024)	(54, 36.6604)	(55, 36.6776)	(56, 36.7057)	(57, 36.6144)	(58, 36.5267)	(59, 36.4489)	(60, 36.3545)	(61, 36.2462)	(62, 36.1195)	(63, 35.9904)	(64, 35.8246)	(65, 35.678)	(66, 35.5294)	(67, 35.3399)	(68, 35.1621)	(69, 34.9509)	(70, 34.7464)	(71, 34.5261)	(72, 34.3159)	(73, 34.0889)	(74, 33.8568)	(75, 33.6228)	(76, 33.3863)	(77, 33.1307)	(78, 32.8868)	(79, 32.6416)	(80, 32.4074)	(81, 32.1592)	(82, 31.9016)	(83, 31.6509)	(84, 31.4281)	(85, 31.1779)	(86, 30.9512)	(87, 30.709)	(88, 30.4786)	(89, 30.2122)	(90, 30.0064)	(91, 29.7608)	(92, 29.5335)	(93, 29.2832)	(94, 29.016)	(95, 28.72)	(96, 28.408)	(97, 28.0481)	(98, 27.7011)	(99, 27.2962)	(100, 26.773)	
ERR250992	(1, 31.4959)	(2, 31.6982)	(3, 31.8032)	(4, 35.4166)	(5, 35.4159)	(6, 35.4628)	(7, 35.4495)	(8, 35.4366)	(9, 37.0389)	(10, 37.0327)	(11, 37.0128)	(12, 36.9813)	(13, 36.9863)	(14, 38.1865)	(15, 38.1801)	(16, 38.1402)	(17, 38.0874)	(18, 38.0512)	(19, 38.1032)	(20, 38.0765)	(21, 38.0184)	(22, 37.9627)	(23, 37.9262)	(24, 37.9051)	(25, 37.8225)	(26, 37.7901)	(27, 37.7132)	(28, 37.6623)	(29, 37.5927)	(30, 37.5133)	(31, 37.464)	(32, 37.3852)	(33, 37.3074)	(34, 37.2205)	(35, 37.1497)	(36, 37.0735)	(37, 37.0014)	(38, 36.9087)	(39, 37.0566)	(40, 37.051)	(41, 37.0487)	(42, 37.019)	(43, 36.9429)	(44, 36.8711)	(45, 36.8145)	(46, 36.7433)	(47, 36.675)	(48, 36.5897)	(49, 36.4644)	(50, 36.3597)	(51, 33.9675)	(52, 35.0201)	(53, 35.7306)	(54, 36.0798)	(55, 36.2005)	(56, 36.4373)	(57, 36.4891)	(58, 36.4928)	(59, 36.435)	(60, 36.3347)	(61, 36.1898)	(62, 36.0823)	(63, 35.9778)	(64, 35.8704)	(65, 35.7168)	(66, 35.5131)	(67, 35.3416)	(68, 35.1534)	(69, 34.9387)	(70, 34.7722)	(71, 34.6306)	(72, 34.4352)	(73, 34.24)	(74, 34.0403)	(75, 33.8551)	(76, 33.606)	(77, 33.3355)	(78, 33.1159)	(79, 32.8871)	(80, 32.6852)	(81, 32.521)	(82, 32.3513)	(83, 32.1655)	(84, 31.949)	(85, 31.77)	(86, 31.5471)	(87, 31.3787)	(88, 31.219)	(89, 31.0149)	(90, 30.8194)	(91, 30.7074)	(92, 30.4848)	(93, 30.2517)	(94, 30.0828)	(95, 29.8443)	(96, 29.5148)	(97, 29.2327)	(98, 28.943)	(99, 28.608)	(100, 28.1877)	
HG00097	(1, 30.9846)	(2, 31.1128)	(3, 31.1512)	(4, 34.7386)	(5, 34.6499)	(6, 34.6432)	(7, 34.6634)	(8, 34.5898)	(9, 35.8472)	(10, 36.0452)	(11, 36.0759)	(12, 36.154)	(13, 36.1634)	(14, 37.2703)	(15, 37.3125)	(16, 37.2069)	(17, 37.2443)	(18, 37.2082)	(19, 37.2798)	(20, 37.1336)	(21, 37.1034)	(22, 37.1082)	(23, 37.0004)	(24, 37.0394)	(25, 37.0018)	(26, 37.0169)	(27, 36.8989)	(28, 36.8632)	(29, 36.7153)	(30, 36.6559)	(31, 36.543)	(32, 36.499)	(33, 36.7104)	(34, 36.7487)	(35, 36.7745)	(36, 36.7772)	(37, 36.6259)	(38, 36.5613)	(39, 36.5507)	(40, 36.5645)	(41, 36.5453)	(42, 36.4527)	(43, 36.4638)	(44, 36.4114)	(45, 36.2967)	(46, 36.2991)	(47, 36.2388)	(48, 36.0389)	(49, 36.0183)	(50, 35.9061)	(51, 34.3717)	(52, 35.0111)	(53, 35.4631)	(54, 35.612)	(55, 35.6239)	(56, 35.56)	(57, 35.4778)	(58, 35.3314)	(59, 35.4358)	(60, 35.4551)	(61, 35.4179)	(62, 35.4046)	(63, 35.3366)	(64, 35.24)	(65, 35.1015)	(66, 34.9539)	(67, 34.7842)	(68, 34.6066)	(69, 34.4353)	(70, 34.2245)	(71, 33.9958)	(72, 33.8047)	(73, 33.5559)	(74, 33.3838)	(75, 33.1733)	(76, 32.939)	(77, 32.671)	(78, 32.5144)	(79, 32.3838)	(80, 32.2219)	(81, 32.0299)	(82, 31.2378)	(83, 31.452)	(84, 31.5299)	(85, 31.4898)	(86, 31.3631)	(87, 31.2385)	(88, 31.1074)	(89, 30.9575)	(90, 30.7779)	(91, 30.592)	(92, 30.394)	(93, 30.232)	(94, 30.0418)	(95, 29.8265)	(96, 29.6415)	(97, 29.3911)	(98, 29.14)	(99, 28.8748)	(100, 28.534)	(101, 26.4331)
HG00105	(1, 31.9214)	(2, 32.0863)	(3, 32.1741)	(4, 35.7129)	(5, 35.6973)	(6, 35.7056)	(7, 35.6711)	(8, 35.6515)	(9, 37.1522)	(10, 37.1984)	(11, 37.1661)	(12, 37.1703)	(13, 37.1378)	(14, 38.366)	(15, 38.3965)	(16, 38.377)	(17, 38.2707)	(18, 38.2971)	(19, 38.4008)	(20, 38.386)	(21, 38.3773)	(22, 38.2677)	(23, 38.2353)	(24, 38.3871)	(25, 38.3615)	(26, 38.322)	(27, 38.278)	(28, 38.3)	(29, 38.2422)	(30, 38.157)	(31, 38.1379)	(32, 38.1436)	(33, 38.1297)	(34, 38.1155)	(35, 38.083)	(36, 38.0493)	(37, 38.0007)	(38, 37.9285)	(39, 37.8786)	(40, 37.81)	(41, 37.7459)	(42, 37.6478)	(43, 37.5783)	(44, 37.5368)	(45, 37.4162)	(46, 37.2885)	(47, 37.1986)	(48, 37.1193)	(49, 37.041)	(50, 36.9225)	(51, 35.8933)	(52, 36.3015)	(53, 36.8383)	(54, 37.0219)	(55, 37.0493)	(56, 37.0234)	(57, 36.9249)	(58, 36.832)	(59, 36.7291)	(60, 36.6203)	(61, 36.5013)	(62, 36.4044)	(63, 36.2595)	(64, 36.0723)	(65, 35.8923)	(66, 35.7694)	(67, 35.6134)	(68, 35.4022)	(69, 35.2165)	(70, 34.9881)	(71, 34.7703)	(72, 34.6047)	(73, 34.3695)	(74, 34.1316)	(75, 33.8953)	(76, 33.6859)	(77, 33.4169)	(78, 33.1904)	(79, 32.913)	(80, 32.6493)	(81, 32.4179)	(82, 32.1962)	(83, 31.9554)	(84, 31.7542)	(85, 31.5632)	(86, 31.3445)	(87, 31.1345)	(88, 30.8627)	(89, 30.4247)	(90, 30.2284)	(91, 29.1745)	(92, 29.4449)	(93, 29.4005)	(94, 29.2869)	(95, 29.0223)	(96, 28.7407)	(97, 28.4039)	(98, 28.0705)	(99, 27.6186)	(100, 26.9217)	(101, 23.4709)
HG00106	(1, 32.0792)	(2, 32.275)	(3, 32.334)	(4, 35.8448)	(5, 35.7929)	(6, 35.8068)	(7, 35.7617)	(8, 35.7376)	(9, 37.4337)	(10, 37.4065)	(11, 37.3355)	(12, 37.3124)	(13, 37.2867)	(14, 38.6203)	(15, 38.6094)	(16, 38.5843)	(17, 38.5536)	(18, 38.5675)	(19, 38.6384)	(20, 38.5848)	(21, 38.5529)	(22, 38.5289)	(23, 38.4445)	(24, 38.4234)	(25, 38.5323)	(26, 38.5149)	(27, 38.5151)	(28, 38.4753)	(29, 38.4102)	(30, 38.3942)	(31, 38.3599)	(32, 38.305)	(33, 38.2914)	(34, 38.3049)	(35, 38.3251)	(36, 38.2667)	(37, 38.2066)	(38, 38.1885)	(39, 38.0897)	(40, 38.0305)	(41, 37.9884)	(42, 37.9103)	(43, 37.8302)	(44, 37.7415)	(45, 37.6185)	(46, 37.5199)	(47, 37.4211)	(48, 37.3181)	(49, 37.2276)	(50, 37.2197)	(51, 36.6352)	(52, 37.013)	(53, 37.2426)	(54, 37.3442)	(55, 37.3068)	(56, 37.2298)	(57, 37.1382)	(58, 37.037)	(59, 36.9123)	(60, 36.786)	(61, 36.6085)	(62, 36.4822)	(63, 36.372)	(64, 36.2154)	(65, 36.0379)	(66, 35.8785)	(67, 35.717)	(68, 35.5383)	(69, 35.3097)	(70, 35.1226)	(71, 34.8902)	(72, 34.6959)	(73, 34.4993)	(74, 34.3003)	(75, 34.0902)	(76, 33.8605)	(77, 33.5738)	(78, 33.358)	(79, 33.1072)	(80, 32.8905)	(81, 32.6627)	(82, 32.471)	(83, 32.239)	(84, 31.9863)	(85, 31.7675)	(86, 31.5263)	(87, 31.2942)	(88, 31.0523)	(89, 30.6451)	(90, 30.609)	(91, 29.5423)	(92, 29.8118)	(93, 29.8096)	(94, 29.6635)	(95, 29.2973)	(96, 29.0006)	(97, 28.6832)	(98, 28.2708)	(99, 27.8117)	(100, 27.1752)	(101, 23.7338)
HG00125	(1, 38.1363)	(2, 37.9532)	(3, 37.9042)	(4, 37.8747)	(5, 37.8689)	(6, 37.8812)	(7, 37.8512)	(8, 37.8215)	(9, 37.7911)	(10, 37.7745)	(11, 37.7624)	(12, 37.7014)	(13, 37.6694)	(14, 37.6357)	(15, 37.5782)	(16, 37.5756)	(17, 37.5167)	(18, 37.4606)	(19, 37.4353)	(20, 37.38)	(21, 37.3328)	(22, 37.2759)	(23, 37.2067)	(24, 37.1662)	(25, 37.076)	(26, 37.045)	(27, 36.9857)	(28, 36.9178)	(29, 36.8201)	(30, 36.8042)	(31, 36.7264)	(32, 36.7111)	(33, 36.8125)	(34, 36.7255)	(35, 36.6785)	(36, 36.8403)	(37, 36.7233)	(38, 36.6887)	(39, 36.622)	(40, 36.5463)	(41, 36.5675)	(42, 36.4367)	(43, 36.3348)	(44, 36.3029)	(45, 36.2712)	(46, 35.9283)	(47, 35.8321)	(48, 35.7364)	(49, 35.6599)	(50, 35.606)	(51, 36.4146)	(52, 36.3721)	(53, 36.325)	(54, 36.2766)	(55, 36.2615)	(56, 36.6921)	(57, 36.595)	(58, 36.5321)	(59, 36.4566)	(60, 36.3895)	(61, 36.2781)	(62, 36.1498)	(63, 36.029)	(64, 35.929)	(65, 35.8212)	(66, 35.6968)	(67, 35.5495)	(68, 35.4132)	(69, 35.2872)	(70, 35.167)	(71, 34.9193)	(72, 34.7557)	(73, 34.5844)	(74, 34.4374)	(75, 34.2713)	(76, 33.9655)	(77, 33.7873)	(78, 33.617)	(79, 33.4325)	(80, 33.2034)	(81, 32.9118)	(82, 32.694)	(83, 32.4642)	(84, 32.2252)	(85, 31.919)	(86, 31.5293)	(87, 31.2113)	(88, 30.9385)	(89, 30.6868)	(90, 30.4092)											
HG00145	(1, 38.1193)	(2, 37.9159)	(3, 37.8829)	(4, 37.8353)	(5, 37.8299)	(6, 37.8365)	(7, 37.7794)	(8, 37.7308)	(9, 37.6906)	(10, 37.6387)	(11, 37.5434)	(12, 37.463)	(13, 36.9867)	(14, 37.3312)	(15, 37.2936)	(16, 37.2162)	(17, 37.2484)	(18, 37.1707)	(19, 37.1347)	(20, 37.0444)	(21, 37.0934)	(22, 36.978)	(23, 36.9248)	(24, 36.9326)	(25, 36.8975)	(26, 36.9045)	(27, 36.8144)	(28, 36.7027)	(29, 36.6469)	(30, 36.4727)	(31, 36.5004)	(32, 36.3237)	(33, 36.2468)	(34, 36.1357)	(35, 36.0472)	(36, 35.9297)	(37, 35.8097)	(38, 35.6331)	(39, 35.5379)	(40, 35.4195)	(41, 35.2813)	(42, 35.0973)	(43, 34.949)	(44, 34.8361)	(45, 34.6844)	(46, 34.3273)	(47, 34.1418)	(48, 33.8616)	(49, 33.6918)	(50, 33.4468)	(51, 34.8443)	(52, 34.6471)	(53, 34.4284)	(54, 34.2487)	(55, 34.0281)	(56, 34.1732)	(57, 33.9151)	(58, 33.639)	(59, 33.3884)	(60, 32.9913)	(61, 32.5533)	(62, 32.1933)	(63, 31.9051)	(64, 31.7452)	(65, 31.3345)	(66, 30.586)	(67, 30.2341)	(68, 29.8202)	(69, 29.4021)	(70, 28.8996)	(71, 28.0012)	(72, 27.4901)	(73, 27.0583)	(74, 26.5347)	(75, 25.5167)	(76, 22.7651)																									
HG00171	(1, 37.3841)	(2, 37.1327)	(3, 37.1562)	(4, 37.1356)	(5, 37.0938)	(6, 37.158)	(7, 37.1165)	(8, 37.0935)	(9, 37.0921)	(10, 36.9995)	(11, 36.9869)	(12, 36.9499)	(13, 36.8576)	(14, 36.899)	(15, 36.8438)	(16, 36.8873)	(17, 36.7238)	(18, 36.7216)	(19, 36.7056)	(20, 36.5566)	(21, 36.5812)	(22, 36.5146)	(23, 36.4452)	(24, 36.4258)	(25, 36.3751)	(26, 36.2568)	(27, 36.1839)	(28, 36.1357)	(29, 35.9596)	(30, 35.9186)	(31, 36.4141)	(32, 36.3361)	(33, 36.3071)	(34, 36.265)	(35, 36.0146)	(36, 36.2413)	(37, 36.1791)	(38, 36.0969)	(39, 36.0617)	(40, 35.9823)	(41, 35.8121)	(42, 35.8697)	(43, 35.7104)	(44, 35.7027)	(45, 35.3689)	(46, 34.5758)	(47, 34.4367)	(48, 34.3677)	(49, 34.2905)	(50, 34.038)	(51, 34.48)	(52, 34.4711)	(53, 34.4237)	(54, 34.4469)	(55, 34.2601)	(56, 35.5995)	(57, 35.487)	(58, 35.3695)	(59, 35.3839)	(60, 35.3586)	(61, 35.2835)	(62, 35.0886)	(63, 35.0478)	(64, 34.9329)	(65, 34.8144)	(66, 34.5889)	(67, 34.4686)	(68, 34.3202)	(69, 34.1676)	(70, 33.8874)	(71, 33.6976)	(72, 33.4351)	(73, 33.2884)	(74, 33.1685)	(75, 32.7183)	(76, 32.5649)	(77, 32.3156)	(78, 32.1683)	(79, 31.8606)	(80, 31.6032)	(81, 31.3037)	(82, 31.1097)	(83, 30.7862)	(84, 30.4498)	(85, 30.1021)	(86, 29.7086)	(87, 29.3559)	(88, 29.1275)	(89, 28.7388)	(90, 28.4307)											
HG00173	(1, 31.8889)	(2, 32.0842)	(3, 32.114)	(4, 35.6584)	(5, 35.6309)	(6, 35.6424)	(7, 35.6263)	(8, 35.6129)	(9, 37.21)	(10, 37.1977)	(11, 37.1909)	(12, 37.1942)	(13, 37.1721)	(14, 38.4636)	(15, 38.4446)	(16, 38.4284)	(17, 38.3836)	(18, 38.3499)	(19, 38.3878)	(20, 38.3679)	(21, 38.3235)	(22, 38.2668)	(23, 38.1983)	(24, 38.1693)	(25, 38.29)	(26, 38.2931)	(27, 38.2924)	(28, 38.2724)	(29, 38.2389)	(30, 38.2085)	(31, 38.1748)	(32, 38.1569)	(33, 38.1211)	(34, 38.0797)	(35, 38.0516)	(36, 37.9895)	(37, 37.9624)	(38, 37.9303)	(39, 37.8639)	(40, 37.8201)	(41, 37.7586)	(42, 37.6952)	(43, 37.5955)	(44, 37.5185)	(45, 37.4476)	(46, 37.3795)	(47, 37.2905)	(48, 37.2159)	(49, 37.141)	(50, 37.0613)	(51, 34.266)	(52, 35.4024)	(53, 36.1984)	(54, 36.5809)	(55, 36.6979)	(56, 36.6783)	(57, 36.5924)	(58, 36.4882)	(59, 36.373)	(60, 36.1956)	(61, 36.1832)	(62, 36.1119)	(63, 35.9578)	(64, 35.86)	(65, 35.7266)	(66, 35.6111)	(67, 35.4273)	(68, 35.3293)	(69, 35.2001)	(70, 35.1032)	(71, 34.9613)	(72, 34.7928)	(73, 34.6108)	(74, 34.4251)	(75, 34.2269)	(76, 34.0568)	(77, 33.8338)	(78, 33.6029)	(79, 33.4162)	(80, 33.2466)	(81, 33.0451)	(82, 32.8819)	(83, 32.7002)	(84, 32.5456)	(85, 32.3925)	(86, 32.2285)	(87, 31.981)	(88, 31.9056)	(89, 31.8212)	(90, 31.6885)	(91, 31.4475)	(92, 31.2353)	(93, 31.1098)	(94, 30.9263)	(95, 30.8236)	(96, 30.666)	(97, 30.5075)	(98, 30.3488)	(99, 30.0961)	(100, 29.6836)	(101, 26.1869)
HG00407	(1, 38.3294)	(2, 38.1811)	(3, 38.1365)	(4, 38.0964)	(5, 38.0857)	(6, 38.1372)	(7, 38.0945)	(8, 38.0707)	(9, 38.0412)	(10, 38.0271)	(11, 38.0303)	(12, 37.9669)	(13, 37.9525)	(14, 37.9307)	(15, 37.8837)	(16, 37.8686)	(17, 37.808)	(18, 37.7716)	(19, 37.7397)	(20, 37.7033)	(21, 37.6521)	(22, 37.5856)	(23, 37.5405)	(24, 37.4867)	(25, 37.442)	(26, 37.357)	(27, 37.3053)	(28, 37.2354)	(29, 37.1669)	(30, 37.1241)	(31, 37.0906)	(32, 37.1385)	(33, 37.1175)	(34, 37.111)	(35, 37.0343)	(36, 37.1955)	(37, 37.1075)	(38, 37.0282)	(39, 36.9862)	(40, 36.9382)	(41, 36.9219)	(42, 36.8232)	(43, 36.7122)	(44, 36.6777)	(45, 36.609)	(46, 36.3065)	(47, 36.2032)	(48, 36.0907)	(49, 36.0276)	(50, 35.9564)	(51, 36.76)	(52, 36.71)	(53, 36.6692)	(54, 36.6422)	(55, 36.5985)	(56, 37.0138)	(57, 36.9221)	(58, 36.8335)	(59, 36.7736)	(60, 36.6932)	(61, 36.5597)	(62, 36.4434)	(63, 36.3268)	(64, 36.2555)	(65, 36.1452)	(66, 35.96)	(67, 35.8184)	(68, 35.7001)	(69, 35.5794)	(70, 35.4547)	(71, 35.2312)	(72, 35.019)	(73, 34.8802)	(74, 34.7381)	(75, 34.5539)	(76, 34.2753)	(77, 34.1164)	(78, 33.9247)	(79, 33.7559)	(80, 33.5419)	(81, 33.2708)	(82, 33.0363)	(83, 32.8353)	(84, 32.6174)	(85, 32.3446)	(86, 31.9282)	(87, 31.6455)	(88, 31.3927)	(89, 31.1407)	(90, 30.8468)											
HG00956	(1, 32.5344)	(2, 32.7271)	(3, 32.7814)	(4, 36.1637)	(5, 36.1651)	(6, 36.1584)	(7, 36.1344)	(8, 36.1304)	(9, 37.8675)	(10, 37.8364)	(11, 37.8285)	(12, 37.7887)	(13, 37.7517)	(14, 39.2099)	(15, 39.1753)	(16, 39.1475)	(17, 39.0817)	(18, 39.0552)	(19, 39.0441)	(20, 39.0136)	(21, 38.9602)	(22, 38.8992)	(23, 38.8199)	(24, 38.7685)	(25, 38.8976)	(26, 38.8906)	(27, 38.8241)	(28, 38.8137)	(29, 38.7815)	(30, 38.8648)	(31, 38.8992)	(32, 38.9048)	(33, 38.8963)	(34, 38.8732)	(35, 38.8216)	(36, 38.8009)	(37, 38.749)	(38, 38.6936)	(39, 38.6621)	(40, 38.6148)	(41, 38.5781)	(42, 38.5182)	(43, 38.4642)	(44, 38.4238)	(45, 38.3537)	(46, 38.3068)	(47, 38.2437)	(48, 38.1664)	(49, 38.0776)	(50, 38.0103)	(51, 36.8208)	(52, 37.2783)	(53, 37.6105)	(54, 37.7013)	(55, 37.6921)	(56, 37.601)	(57, 37.5073)	(58, 37.4074)	(59, 37.2675)	(60, 37.1112)	(61, 36.9675)	(62, 36.8084)	(63, 36.6337)	(64, 36.4433)	(65, 36.2868)	(66, 36.1138)	(67, 35.8838)	(68, 35.6978)	(69, 35.4839)	(70, 35.2664)	(71, 35.0464)	(72, 34.8586)	(73, 34.6535)	(74, 34.4125)	(75, 34.1582)	(76, 33.9303)	(77, 33.697)	(78, 33.4684)	(79, 33.2395)	(80, 32.9956)	(81, 32.7573)	(82, 32.5105)	(83, 32.2957)	(84, 32.0675)	(85, 31.8102)	(86, 31.583)	(87, 31.332)	(88, 31.0427)	(89, 30.7455)	(90, 30.3778)											
HG01501	(1, 30.9259)	(2, 30.931)	(3, 31.0704)	(4, 34.5616)	(5, 34.5812)	(6, 34.6486)	(7, 34.6561)	(8, 34.7491)	(9, 36.1483)	(10, 36.111)	(11, 36.1192)	(12, 35.9169)	(13, 35.9654)	(14, 36.8447)	(15, 36.8593)	(16, 36.7562)	(17, 36.6202)	(18, 36.7079)	(19, 36.43)	(20, 36.7965)	(21, 36.5833)	(22, 36.6603)	(23, 36.7186)	(24, 36.8324)	(25, 36.8451)	(26, 36.8899)	(27, 36.7595)	(28, 36.6881)	(29, 36.7868)	(30, 36.8074)	(31, 36.7272)	(32, 36.6634)	(33, 36.739)	(34, 36.4638)	(35, 36.3231)	(36, 36.2047)	(37, 36.075)	(38, 36.0597)	(39, 36.0982)	(40, 35.97)	(41, 35.9336)	(42, 35.8761)	(43, 35.8123)	(44, 35.7866)	(45, 35.7216)	(46, 35.7277)	(47, 35.718)	(48, 35.7033)	(49, 35.4383)	(50, 35.4953)	(51, 32.6863)	(52, 33.8359)	(53, 34.6352)	(54, 34.9217)	(55, 34.9361)	(56, 34.8904)	(57, 34.7464)	(58, 34.6286)	(59, 34.6514)	(60, 34.6417)	(61, 34.5751)	(62, 34.5168)	(63, 34.4887)	(64, 34.4217)	(65, 34.2732)	(66, 34.1876)	(67, 33.9228)	(68, 33.8044)	(69, 33.6694)	(70, 33.5538)	(71, 33.3931)	(72, 33.1824)	(73, 33.0187)	(74, 32.656)	(75, 32.4341)	(76, 32.24)	(77, 32.0053)	(78, 31.7196)	(79, 31.3976)	(80, 31.1517)	(81, 31.0535)	(82, 30.9879)	(83, 30.8726)	(84, 30.7106)	(85, 30.5623)	(86, 30.397)	(87, 30.1763)	(88, 29.9129)	(89, 29.7413)	(90, 29.5034)	(91, 29.3113)	(92, 29.0768)	(93, 28.7914)	(94, 28.4601)	(95, 28.0075)	(96, 27.6392)	(97, 27.1959)	(98, 26.8211)	(99, 26.2667)	(100, 25.2982)	(101, 21.1461)
HG01503	(1, 31.0381)	(2, 31.242)	(3, 31.3068)	(4, 34.9731)	(5, 34.8879)	(6, 34.9221)	(7, 34.9229)	(8, 34.9363)	(9, 36.3811)	(10, 36.3225)	(11, 36.2836)	(12, 36.2691)	(13, 36.2295)	(14, 37.242)	(15, 37.1604)	(16, 37.1166)	(17, 36.9538)	(18, 36.9982)	(19, 37.0408)	(20, 36.9807)	(21, 36.9393)	(22, 36.9862)	(23, 37.0322)	(24, 37.0123)	(25, 36.9758)	(26, 36.9359)	(27, 36.9012)	(28, 36.7814)	(29, 36.8743)	(30, 36.889)	(31, 36.7867)	(32, 36.7231)	(33, 36.7168)	(34, 36.6696)	(35, 36.626)	(36, 36.5291)	(37, 36.4566)	(38, 36.4174)	(39, 36.3136)	(40, 36.2659)	(41, 36.209)	(42, 36.1617)	(43, 36.0519)	(44, 35.9381)	(45, 35.8186)	(46, 35.7703)	(47, 35.6561)	(48, 35.5206)	(49, 35.3737)	(50, 35.2136)	(51, 34.5221)	(52, 34.8627)	(53, 35.0357)	(54, 35.0248)	(55, 35.0366)	(56, 34.9521)	(57, 34.8509)	(58, 34.6959)	(59, 34.5737)	(60, 34.4033)	(61, 34.2657)	(62, 34.0838)	(63, 33.8508)	(64, 33.6891)	(65, 33.4754)	(66, 33.2745)	(67, 32.9876)	(68, 32.7325)	(69, 32.4493)	(70, 32.1673)	(71, 31.8425)	(72, 31.5966)	(73, 31.339)	(74, 31.0704)	(75, 30.7163)	(76, 30.4353)	(77, 30.1131)	(78, 29.7806)	(79, 29.4299)	(80, 29.0515)	(81, 28.638)	(82, 28.3036)	(83, 28.0138)	(84, 27.623)	(85, 27.141)	(86, 26.8109)	(87, 26.4802)	(88, 26.1275)	(89, 25.7703)	(90, 25.3834)	(91, 25.0183)	(92, 24.6445)	(93, 24.2181)	(94, 23.7065)	(95, 23.2358)	(96, 22.7219)	(97, 22.1198)	(98, 21.5081)	(99, 20.857)	(100, 20.1214)	(101, 18.0845)
HG01504	(1, 30.8725)	(2, 30.9729)	(3, 31.0807)	(4, 34.7157)	(5, 34.4827)	(6, 34.5358)	(7, 34.6841)	(8, 34.6936)	(9, 35.7824)	(10, 35.9108)	(11, 35.9702)	(12, 36.077)	(13, 36.0711)	(14, 37.2059)	(15, 37.14)	(16, 36.9526)	(17, 36.9849)	(18, 37.033)	(19, 37.0957)	(20, 36.5059)	(21, 36.7177)	(22, 36.7715)	(23, 36.6762)	(24, 36.7215)	(25, 36.7034)	(26, 36.747)	(27, 36.7358)	(28, 36.6519)	(29, 36.5429)	(30, 36.6868)	(31, 36.7204)	(32, 36.6575)	(33, 36.6321)	(34, 36.5633)	(35, 36.5434)	(36, 36.5248)	(37, 36.447)	(38, 36.4121)	(39, 36.426)	(40, 36.2571)	(41, 36.2347)	(42, 36.1636)	(43, 36.0875)	(44, 36.0173)	(45, 36.1086)	(46, 36.1495)	(47, 36.1295)	(48, 36.1308)	(49, 36.0956)	(50, 36.0384)	(51, 34.6392)	(52, 35.1643)	(53, 35.6336)	(54, 35.7239)	(55, 35.8309)	(56, 35.828)	(57, 35.8028)	(58, 35.703)	(59, 35.6011)	(60, 35.5153)	(61, 35.3921)	(62, 35.265)	(63, 35.1509)	(64, 35.0257)	(65, 34.8034)	(66, 34.629)	(67, 34.4435)	(68, 34.2861)	(69, 34.1141)	(70, 33.9696)	(71, 33.7767)	(72, 33.5814)	(73, 33.3812)	(74, 33.1617)	(75, 32.9648)	(76, 32.7719)	(77, 32.5562)	(78, 32.3185)	(79, 32.0385)	(80, 31.8001)	(81, 31.5674)	(82, 31.3481)	(83, 31.1079)	(84, 30.9042)	(85, 30.6802)	(86, 30.3885)	(87, 30.1798)	(88, 29.9487)	(89, 29.7218)	(90, 29.2243)	(91, 29.0921)	(92, 28.8884)	(93, 28.5989)	(94, 28.2284)	(95, 28.1111)	(96, 27.8691)	(97, 27.5489)	(98, 27.174)	(99, 26.7695)	(100, 26.311)	(101, 23.9141)
HG01596	(1, 32.2852)	(2, 32.4827)	(3, 32.5384)	(4, 36.0039)	(5, 35.9472)	(6, 36.0248)	(7, 35.9955)	(8, 35.952)	(9, 37.7026)	(10, 37.6623)	(11, 37.6628)	(12, 37.6054)	(13, 37.5642)	(14, 38.8787)	(15, 38.9053)	(16, 38.8681)	(17, 38.8095)	(18, 38.7799)	(19, 38.7801)	(20, 38.6894)	(21, 38.6603)	(22, 38.6264)	(23, 38.5952)	(24, 38.5248)	(25, 38.5266)	(26, 38.5384)	(27, 38.4737)	(28, 38.4216)	(29, 38.3368)	(30, 38.2744)	(31, 38.2384)	(32, 37.9741)	(33, 38.2285)	(34, 38.1883)	(35, 38.3124)	(36, 38.2533)	(37, 38.3035)	(38, 38.2197)	(39, 38.2236)	(40, 38.1558)	(41, 38.0855)	(42, 38.0411)	(43, 37.9713)	(44, 37.9311)	(45, 37.8274)	(46, 37.7737)	(47, 37.6872)	(48, 37.6398)	(49, 37.525)	(50, 37.4249)	(51, 36.1278)	(52, 36.7537)	(53, 37.0928)	(54, 37.2496)	(55, 37.2744)	(56, 37.1307)	(57, 36.8511)	(58, 36.7951)	(59, 36.6041)	(60, 36.5166)	(61, 36.3379)	(62, 36.0877)	(63, 35.8646)	(64, 35.6506)	(65, 35.4671)	(66, 35.1636)	(67, 34.8843)	(68, 34.7024)	(69, 34.4119)	(70, 34.153)	(71, 33.8365)	(72, 33.4603)	(73, 32.9913)	(74, 32.5432)	(75, 32.2805)	(76, 32.0096)	(77, 31.7628)	(78, 31.4832)	(79, 31.0914)	(80, 30.729)	(81, 30.2568)	(82, 30.025)	(83, 29.5959)	(84, 29.1805)	(85, 28.6616)	(86, 28.3496)	(87, 27.9616)	(88, 27.5388)	(89, 26.9923)	(90, 26.4113)											
HG01880	(1, 32.407)	(2, 32.6044)	(3, 32.6522)	(4, 36.0664)	(5, 36.0543)	(6, 36.0971)	(7, 36.0671)	(8, 36.0727)	(9, 37.7746)	(10, 37.7693)	(11, 37.7684)	(12, 37.7497)	(13, 37.7013)	(14, 39.1385)	(15, 39.0711)	(16, 39.0423)	(17, 38.968)	(18, 38.9172)	(19, 38.9347)	(20, 38.8598)	(21, 38.8086)	(22, 38.76)	(23, 38.6717)	(24, 38.6398)	(25, 38.7355)	(26, 38.7311)	(27, 38.6857)	(28, 38.6385)	(29, 38.5838)	(30, 38.5332)	(31, 38.4634)	(32, 38.3988)	(33, 38.5072)	(34, 38.5472)	(35, 38.5868)	(36, 38.5528)	(37, 38.4929)	(38, 38.4501)	(39, 38.4097)	(40, 38.3618)	(41, 38.2845)	(42, 38.2408)	(43, 38.1556)	(44, 38.0873)	(45, 38.0143)	(46, 37.9634)	(47, 37.812)	(48, 37.7051)	(49, 37.5964)	(50, 37.5333)	(51, 36.4172)	(52, 36.9436)	(53, 37.3215)	(54, 37.4201)	(55, 37.3975)	(56, 37.3169)	(57, 37.1984)	(58, 37.013)	(59, 36.8048)	(60, 36.6231)	(61, 36.4024)	(62, 36.2548)	(63, 36.0347)	(64, 35.8021)	(65, 35.5688)	(66, 35.3263)	(67, 35.02)	(68, 34.7918)	(69, 34.4739)	(70, 34.2266)	(71, 33.9389)	(72, 33.6378)	(73, 33.3625)	(74, 33.063)	(75, 32.7329)	(76, 32.4387)	(77, 32.0641)	(78, 31.7318)	(79, 31.3856)	(80, 31.0161)	(81, 30.6942)	(82, 30.3754)	(83, 30.0066)	(84, 29.6595)	(85, 29.2261)	(86, 28.8274)	(87, 28.3876)	(88, 27.9201)	(89, 27.4063)	(90, 26.9032)											
HG01882	(1, 32.2627)	(2, 32.4726)	(3, 32.5368)	(4, 35.9992)	(5, 35.9793)	(6, 35.9927)	(7, 35.9833)	(8, 35.9674)	(9, 37.6275)	(10, 37.6054)	(11, 37.5598)	(12, 37.5404)	(13, 37.4988)	(14, 38.8558)	(15, 38.7896)	(16, 38.7398)	(17, 38.6782)	(18, 38.6343)	(19, 38.6145)	(20, 38.7068)	(21, 38.6913)	(22, 38.6726)	(23, 38.633)	(24, 38.6153)	(25, 38.5461)	(26, 38.6335)	(27, 38.6534)	(28, 38.6529)	(29, 38.6353)	(30, 38.6119)	(31, 38.5778)	(32, 38.5562)	(33, 38.4999)	(34, 38.4573)	(35, 38.4058)	(36, 38.3456)	(37, 38.2974)	(38, 38.2318)	(39, 38.1617)	(40, 38.1128)	(41, 38.0773)	(42, 38.0313)	(43, 37.9433)	(44, 37.8699)	(45, 37.7866)	(46, 37.7007)	(47, 37.621)	(48, 37.5759)	(49, 37.4991)	(50, 37.3985)	(51, 36.0968)	(52, 36.6142)	(53, 36.9937)	(54, 37.1239)	(55, 37.0999)	(56, 36.9967)	(57, 36.8835)	(58, 36.7081)	(59, 36.5653)	(60, 36.3444)	(61, 36.1376)	(62, 35.9182)	(63, 35.678)	(64, 35.4395)	(65, 35.1807)	(66, 34.9058)	(67, 34.6548)	(68, 34.4347)	(69, 34.1923)	(70, 33.9282)	(71, 33.6078)	(72, 33.2889)	(73, 32.9591)	(74, 32.7981)	(75, 32.5266)	(76, 32.1872)	(77, 31.8776)	(78, 31.5857)	(79, 31.2528)	(80, 30.8761)	(81, 30.5097)	(82, 30.1705)	(83, 29.8172)	(84, 29.4449)	(85, 29.0487)	(86, 28.6348)	(87, 28.2196)	(88, 27.7312)	(89, 27.2196)	(90, 26.4986)											
HG01886	(1, 32.0845)	(2, 32.3039)	(3, 32.3672)	(4, 35.8372)	(5, 35.8635)	(6, 35.9074)	(7, 35.9301)	(8, 35.9148)	(9, 37.5612)	(10, 37.507)	(11, 37.5068)	(12, 37.4914)	(13, 37.4668)	(14, 38.3831)	(15, 38.3623)	(16, 38.3286)	(17, 38.2553)	(18, 38.2946)	(19, 38.301)	(20, 38.286)	(21, 38.2296)	(22, 38.0388)	(23, 37.9893)	(24, 37.8963)	(25, 37.8526)	(26, 37.8403)	(27, 37.8188)	(28, 37.8176)	(29, 37.831)	(30, 37.8562)	(31, 37.7923)	(32, 37.7378)	(33, 37.6801)	(34, 37.5704)	(35, 37.7276)	(36, 37.7327)	(37, 37.7115)	(38, 37.6832)	(39, 37.6127)	(40, 37.5732)	(41, 37.5541)	(42, 37.485)	(43, 37.3336)	(44, 37.1781)	(45, 37.0632)	(46, 36.9434)	(47, 36.8417)	(48, 36.915)	(49, 36.9134)	(50, 36.8743)	(51, 35.9262)	(52, 36.4636)	(53, 36.7592)	(54, 37.0579)	(55, 37.0755)	(56, 37.0417)	(57, 36.9462)	(58, 36.8717)	(59, 36.7551)	(60, 36.5992)	(61, 36.4361)	(62, 36.2436)	(63, 36.1335)	(64, 36.0013)	(65, 35.838)	(66, 35.6807)	(67, 35.4501)	(68, 35.2961)	(69, 35.1519)	(70, 34.9704)	(71, 34.8241)	(72, 34.6367)	(73, 34.4677)	(74, 34.2895)	(75, 34.0712)	(76, 33.8224)	(77, 33.5887)	(78, 33.3813)	(79, 33.1298)	(80, 32.8784)	(81, 32.5942)	(82, 32.4045)	(83, 32.1757)	(84, 31.9694)	(85, 31.7325)	(86, 31.5212)	(87, 31.3328)	(88, 31.1547)	(89, 30.9446)	(90, 30.715)	(91, 30.4118)	(92, 30.238)	(93, 29.9312)	(94, 29.6681)	(95, 29.3945)	(96, 29.216)	(97, 28.8994)	(98, 28.6498)	(99, 28.3536)	(100, 27.9729)	
HG01890	(1, 30.8609)	(2, 30.9603)	(3, 31.0664)	(4, 34.6967)	(5, 34.4546)	(6, 34.5131)	(7, 34.6662)	(8, 34.6775)	(9, 35.7648)	(10, 35.8902)	(11, 35.949)	(12, 36.0566)	(13, 36.0512)	(14, 37.1859)	(15, 37.1165)	(16, 36.9266)	(17, 36.9637)	(18, 37.0108)	(19, 37.0741)	(20, 36.4679)	(21, 36.6865)	(22, 36.7424)	(23, 36.6465)	(24, 36.6926)	(25, 36.6742)	(26, 36.7199)	(27, 36.7106)	(28, 36.6264)	(29, 36.5148)	(30, 36.6608)	(31, 36.6966)	(32, 36.632)	(33, 36.6052)	(34, 36.534)	(35, 36.5137)	(36, 36.4939)	(37, 36.4151)	(38, 36.3812)	(39, 36.3954)	(40, 36.2251)	(41, 36.2039)	(42, 36.1291)	(43, 36.0526)	(44, 35.981)	(45, 36.0666)	(46, 36.1052)	(47, 36.0826)	(48, 36.0834)	(49, 36.0479)	(50, 35.9914)	(51, 34.5939)	(52, 35.1165)	(53, 35.5839)	(54, 35.6746)	(55, 35.7773)	(56, 35.7708)	(57, 35.7438)	(58, 35.6402)	(59, 35.5353)	(60, 35.4482)	(61, 35.3246)	(62, 35.1978)	(63, 35.0811)	(64, 34.9568)	(65, 34.7306)	(66, 34.5528)	(67, 34.3648)	(68, 34.206)	(69, 34.0318)	(70, 33.8866)	(71, 33.6919)	(72, 33.4971)	(73, 33.2945)	(74, 33.0754)	(75, 32.8799)	(76, 32.6844)	(77, 32.4661)	(78, 32.2253)	(79, 31.9411)	(80, 31.7017)	(81, 31.4681)	(82, 31.2465)	(83, 31.0067)	(84, 30.7999)	(85, 30.5734)	(86, 30.2789)	(87, 30.067)	(88, 29.8337)	(89, 29.602)	(90, 29.096)	(91, 28.9597)	(92, 28.7536)	(93, 28.4607)	(94, 28.0854)	(95, 27.9668)	(96, 27.7206)	(97, 27.3955)	(98, 27.0176)	(99, 26.607)	(100, 26.1424)	(101, 23.7442)
HG02013	(1, 32.1508)	(2, 32.2919)	(3, 32.4064)	(4, 35.8056)	(5, 35.8469)	(6, 35.8778)	(7, 35.7824)	(8, 35.8118)	(9, 37.3955)	(10, 37.3861)	(11, 37.4079)	(12, 37.3603)	(13, 37.3667)	(14, 38.7291)	(15, 38.6465)	(16, 38.512)	(17, 38.3911)	(18, 38.1345)	(19, 38.3618)	(20, 38.416)	(21, 38.3106)	(22, 38.3169)	(23, 38.2921)	(24, 38.3593)	(25, 38.3082)	(26, 38.3148)	(27, 38.2299)	(28, 38.0402)	(29, 37.9388)	(30, 37.8462)	(31, 37.7729)	(32, 37.9508)	(33, 37.8376)	(34, 37.9007)	(35, 37.8537)	(36, 37.8363)	(37, 37.58)	(38, 37.8682)	(39, 37.851)	(40, 37.8678)	(41, 37.8749)	(42, 37.7555)	(43, 37.7519)	(44, 37.587)	(45, 37.6819)	(46, 37.6122)	(47, 37.5126)	(48, 37.2132)	(49, 37.2282)	(50, 37.2008)	(51, 34.6725)	(52, 35.8193)	(53, 36.5695)	(54, 36.763)	(55, 36.7311)	(56, 36.9506)	(57, 36.9062)	(58, 36.7321)	(59, 36.5646)	(60, 36.5771)	(61, 36.4273)	(62, 36.1762)	(63, 35.9258)	(64, 35.5426)	(65, 35.5023)	(66, 35.1116)	(67, 35.0873)	(68, 34.9817)	(69, 34.8139)	(70, 34.5629)	(71, 33.9516)	(72, 33.6662)	(73, 33.5987)	(74, 33.3743)	(75, 32.884)	(76, 32.7979)	(77, 32.5995)	(78, 32.2248)	(79, 31.9532)	(80, 31.4859)	(81, 31.2678)	(82, 31.049)	(83, 30.5292)	(84, 30.2846)	(85, 30.0158)	(86, 29.5616)	(87, 29.2685)	(88, 28.9352)	(89, 28.445)	(90, 27.8205)											
HG02651	(1, 31.2328)	(2, 31.4588)	(3, 31.4463)	(4, 35.0595)	(5, 35.0386)	(6, 35.0947)	(7, 35.1308)	(8, 35.1206)	(9, 36.5469)	(10, 36.5681)	(11, 36.5754)	(12, 36.5417)	(13, 36.5488)	(14, 37.7382)	(15, 37.7393)	(16, 37.705)	(17, 37.5782)	(18, 37.5439)	(19, 37.6013)	(20, 37.5855)	(21, 37.594)	(22, 37.5311)	(23, 37.4353)	(24, 37.473)	(25, 37.3354)	(26, 37.2467)	(27, 37.2366)	(28, 37.2415)	(29, 37.1528)	(30, 37.1188)	(31, 37.1094)	(32, 37.1041)	(33, 37.0088)	(34, 36.9707)	(35, 36.9204)	(36, 36.7551)	(37, 36.6881)	(38, 36.601)	(39, 36.6075)	(40, 36.669)	(41, 36.6926)	(42, 36.6642)	(43, 36.669)	(44, 36.6478)	(45, 36.5617)	(46, 36.5083)	(47, 36.4483)	(48, 36.3277)	(49, 36.2386)	(50, 36.1836)	(51, 33.8139)	(52, 34.909)	(53, 35.5939)	(54, 35.9561)	(55, 36.1038)	(56, 36.0926)	(57, 36.0434)	(58, 35.9316)	(59, 36.0491)	(60, 36.0616)	(61, 36.0255)	(62, 35.953)	(63, 35.8446)	(64, 35.7211)	(65, 35.579)	(66, 35.4503)	(67, 35.3119)	(68, 35.1776)	(69, 35.0163)	(70, 34.8335)	(71, 34.6409)	(72, 34.5088)	(73, 34.3125)	(74, 34.1285)	(75, 33.9116)	(76, 33.7202)	(77, 33.5483)	(78, 33.3616)	(79, 33.1586)	(80, 32.9666)	(81, 32.8063)	(82, 32.629)	(83, 32.4417)	(84, 32.2822)	(85, 32.0999)	(86, 31.9145)	(87, 31.7622)	(88, 31.618)	(89, 31.4464)	(90, 31.2863)	(91, 31.1484)	(92, 30.9883)	(93, 30.7808)	(94, 30.6162)	(95, 30.4356)	(96, 30.222)	(97, 30.0092)	(98, 29.7774)	(99, 29.5381)	(100, 29.2594)	
HG02691	(1, 32.1217)	(2, 32.3006)	(3, 32.3536)	(4, 35.8341)	(5, 35.8357)	(6, 35.8625)	(7, 35.8585)	(8, 35.8516)	(9, 37.5177)	(10, 37.5054)	(11, 37.4906)	(12, 37.4581)	(13, 37.4523)	(14, 38.8213)	(15, 38.8012)	(16, 38.8036)	(17, 38.7808)	(18, 38.7492)	(19, 38.7803)	(20, 38.7519)	(21, 38.731)	(22, 38.687)	(23, 38.638)	(24, 38.6052)	(25, 38.5641)	(26, 38.5256)	(27, 38.4768)	(28, 38.4262)	(29, 38.3592)	(30, 38.3006)	(31, 38.2481)	(32, 38.1731)	(33, 38.113)	(34, 38.057)	(35, 37.9985)	(36, 37.91)	(37, 38.0999)	(38, 38.1164)	(39, 38.1267)	(40, 38.0946)	(41, 38.0487)	(42, 37.9998)	(43, 37.9318)	(44, 37.877)	(45, 37.8186)	(46, 37.7595)	(47, 37.6911)	(48, 37.6195)	(49, 37.5544)	(50, 37.4639)	(51, 35.8924)	(52, 36.5666)	(53, 37.0361)	(54, 37.2365)	(55, 37.2693)	(56, 37.2243)	(57, 37.1436)	(58, 37.0434)	(59, 36.9405)	(60, 36.8058)	(61, 36.6816)	(62, 36.5319)	(63, 36.3724)	(64, 36.4258)	(65, 36.4075)	(66, 36.3155)	(67, 36.2042)	(68, 36.0732)	(69, 35.9164)	(70, 35.7424)	(71, 35.5569)	(72, 35.3766)	(73, 35.1848)	(74, 34.9886)	(75, 34.8076)	(76, 34.5975)	(77, 34.3926)	(78, 34.1904)	(79, 33.9981)	(80, 33.7968)	(81, 33.6023)	(82, 33.4019)	(83, 33.221)	(84, 33.0228)	(85, 32.843)	(86, 32.6564)	(87, 32.5)	(88, 32.3343)	(89, 32.181)	(90, 32.0244)	(91, 31.8679)	(92, 31.7103)	(93, 31.544)	(94, 31.3691)	(95, 31.1991)	(96, 31.0231)	(97, 30.8274)	(98, 30.6001)	(99, 30.342)	(100, 29.9897)	
HG02813	(1, 31.6213)	(2, 31.6703)	(3, 31.8685)	(4, 35.4408)	(5, 35.5261)	(6, 35.4696)	(7, 35.5531)	(8, 35.4734)	(9, 37.0431)	(10, 36.9719)	(11, 36.9567)	(12, 36.9889)	(13, 36.5324)	(14, 37.7676)	(15, 38.0537)	(16, 37.8302)	(17, 37.9852)	(18, 37.7987)	(19, 37.8377)	(20, 37.7649)	(21, 37.8061)	(22, 37.8491)	(23, 37.9003)	(24, 37.8477)	(25, 37.8086)	(26, 37.5359)	(27, 37.5979)	(28, 37.3863)	(29, 36.9954)	(30, 37.1662)	(31, 36.9324)	(32, 37.1695)	(33, 36.9608)	(34, 36.7347)	(35, 36.6575)	(36, 36.2148)	(37, 36.0707)	(38, 35.8644)	(39, 35.9318)	(40, 35.9794)	(41, 35.9809)	(42, 36.0004)	(43, 36.0851)	(44, 36.0285)	(45, 35.6282)	(46, 35.7882)	(47, 35.8776)	(48, 36.1124)	(49, 35.8942)	(50, 35.898)	(51, 35.4039)	(52, 35.4381)	(53, 35.812)	(54, 36.1806)	(55, 36.0973)	(56, 35.8129)	(57, 35.9214)	(58, 35.7792)	(59, 35.7476)	(60, 35.5161)	(61, 34.9311)	(62, 35.2766)	(63, 35.0394)	(64, 34.6967)	(65, 34.5197)	(66, 34.6256)	(67, 34.2732)	(68, 34.3395)	(69, 34.0496)	(70, 33.9378)	(71, 33.7263)	(72, 33.5577)	(73, 33.2797)	(74, 32.9261)	(75, 32.6729)	(76, 32.2473)	(77, 31.678)	(78, 31.6759)	(79, 31.4542)	(80, 31.1524)	(81, 30.851)	(82, 30.761)	(83, 30.2524)	(84, 30.1176)	(85, 30.0459)	(86, 29.7342)	(87, 29.4222)	(88, 29.0361)	(89, 28.991)	(90, 28.7796)	(91, 28.4369)	(92, 28.1547)	(93, 27.9723)	(94, 27.8743)	(95, 27.5792)	(96, 27.2819)	(97, 26.6893)	(98, 26.4427)	(99, 26.0726)	(100, 25.7367)	
HG02814	(1, 31.6263)	(2, 31.6592)	(3, 31.8445)	(4, 35.461)	(5, 35.5492)	(6, 35.5098)	(7, 35.5518)	(8, 35.4876)	(9, 36.9771)	(10, 36.993)	(11, 37.013)	(12, 37.0247)	(13, 36.4825)	(14, 37.7575)	(15, 38.0816)	(16, 37.8888)	(17, 38.0513)	(18, 37.8784)	(19, 37.8937)	(20, 37.8799)	(21, 37.9323)	(22, 37.9396)	(23, 37.9478)	(24, 37.9256)	(25, 37.8872)	(26, 37.6699)	(27, 37.725)	(28, 37.3599)	(29, 36.9711)	(30, 37.2651)	(31, 36.9568)	(32, 37.21)	(33, 37.0611)	(34, 36.8611)	(35, 36.7322)	(36, 36.2681)	(37, 36.0428)	(38, 35.9235)	(39, 36.0267)	(40, 35.972)	(41, 35.935)	(42, 35.958)	(43, 36.0858)	(44, 36.0052)	(45, 35.7061)	(46, 35.8569)	(47, 35.9261)	(48, 36.1541)	(49, 35.9293)	(50, 35.9994)	(51, 35.4999)	(52, 35.4491)	(53, 35.9237)	(54, 36.2583)	(55, 36.147)	(56, 35.8289)	(57, 35.9865)	(58, 35.8758)	(59, 35.8423)	(60, 35.5589)	(61, 34.9862)	(62, 35.4127)	(63, 35.0955)	(64, 34.7319)	(65, 34.5633)	(66, 34.7248)	(67, 34.3955)	(68, 34.5096)	(69, 34.2195)	(70, 34.1038)	(71, 33.8351)	(72, 33.7007)	(73, 33.3703)	(74, 32.9324)	(75, 32.6927)	(76, 32.2987)	(77, 31.7013)	(78, 31.7447)	(79, 31.4466)	(80, 31.2071)	(81, 30.925)	(82, 30.8833)	(83, 30.2289)	(84, 30.1237)	(85, 30.163)	(86, 29.8269)	(87, 29.5802)	(88, 29.1078)	(89, 29.0883)	(90, 28.9314)	(91, 28.5857)	(92, 28.2857)	(93, 28.1618)	(94, 28.0257)	(95, 27.7872)	(96, 27.4992)	(97, 26.8865)	(98, 26.6785)	(99, 26.3134)	(100, 25.9655)	
HG02840	(1, 31.2874)	(2, 31.6109)	(3, 31.6509)	(4, 35.153)	(5, 35.1834)	(6, 35.1131)	(7, 35.2555)	(8, 35.1399)	(9, 36.6268)	(10, 36.7587)	(11, 36.7183)	(12, 36.7511)	(13, 36.6626)	(14, 37.6318)	(15, 37.596)	(16, 37.6793)	(17, 37.7336)	(18, 37.7558)	(19, 37.6315)	(20, 37.8698)	(21, 37.7508)	(22, 37.7713)	(23, 37.7775)	(24, 37.7246)	(25, 37.6532)	(26, 37.4933)	(27, 37.2476)	(28, 37.0712)	(29, 37.0755)	(30, 37.1894)	(31, 37.1285)	(32, 37.1333)	(33, 36.9806)	(34, 37.0363)	(35, 36.898)	(36, 36.7808)	(37, 36.5623)	(38, 36.4086)	(39, 36.1966)	(40, 35.6108)	(41, 36.1042)	(42, 36.0544)	(43, 35.8987)	(44, 35.9037)	(45, 36.0175)	(46, 35.7116)	(47, 35.6353)	(48, 36.1268)	(49, 36.2372)	(50, 36.2789)	(51, 35.3828)	(52, 35.6595)	(53, 36.051)	(54, 36.2992)	(55, 36.0812)	(56, 36.1315)	(57, 36.0927)	(58, 35.908)	(59, 35.7799)	(60, 35.6725)	(61, 35.6643)	(62, 35.3412)	(63, 35.2769)	(64, 34.883)	(65, 34.5029)	(66, 34.5893)	(67, 34.5721)	(68, 34.2374)	(69, 34.0775)	(70, 33.7284)	(71, 33.6197)	(72, 33.4597)	(73, 33.2942)	(74, 32.9934)	(75, 32.8632)	(76, 32.7037)	(77, 32.4778)	(78, 32.199)	(79, 31.9839)	(80, 31.6997)	(81, 31.4315)	(82, 30.9463)	(83, 30.7491)	(84, 30.572)	(85, 30.3435)	(86, 30.1145)	(87, 29.8431)	(88, 29.5639)	(89, 29.4267)	(90, 29.2102)	(91, 28.9685)	(92, 28.7397)	(93, 28.4533)	(94, 28.127)	(95, 27.8441)	(96, 27.5079)	(97, 27.1371)	(98, 26.791)	(99, 26.2808)	(100, 25.8072)	
HG02878	(1, 31.8049)	(2, 32.0755)	(3, 32.2193)	(4, 35.7484)	(5, 35.7483)	(6, 35.7696)	(7, 35.7598)	(8, 35.7964)	(9, 37.2103)	(10, 37.3638)	(11, 37.3366)	(12, 37.2662)	(13, 37.2392)	(14, 38.5512)	(15, 38.4318)	(16, 38.4956)	(17, 38.5372)	(18, 38.5488)	(19, 38.5419)	(20, 38.4618)	(21, 38.3489)	(22, 38.4342)	(23, 38.2883)	(24, 38.2424)	(25, 38.2412)	(26, 38.2095)	(27, 38.0671)	(28, 37.9577)	(29, 37.8904)	(30, 37.8899)	(31, 37.8111)	(32, 37.7911)	(33, 37.611)	(34, 37.5815)	(35, 37.4609)	(36, 37.4239)	(37, 37.2873)	(38, 37.2077)	(39, 37.1083)	(40, 37.0425)	(41, 37.1134)	(42, 37.0269)	(43, 36.7766)	(44, 36.8538)	(45, 36.8225)	(46, 36.7474)	(47, 36.5475)	(48, 36.9299)	(49, 37.1095)	(50, 37.1024)	(51, 36.4483)	(52, 36.7222)	(53, 36.9738)	(54, 37.018)	(55, 37.0912)	(56, 37.0756)	(57, 36.7421)	(58, 36.687)	(59, 36.293)	(60, 36.3623)	(61, 36.3305)	(62, 36.2243)	(63, 36.0948)	(64, 35.8696)	(65, 35.7878)	(66, 35.6162)	(67, 35.2521)	(68, 35.1217)	(69, 35.0139)	(70, 34.7287)	(71, 34.4123)	(72, 34.3055)	(73, 34.1144)	(74, 33.9581)	(75, 33.8202)	(76, 33.5021)	(77, 33.3501)	(78, 33.0465)	(79, 32.8143)	(80, 32.6292)	(81, 32.4024)	(82, 32.145)	(83, 31.9775)	(84, 31.6842)	(85, 31.4977)	(86, 31.2414)	(87, 31.0488)	(88, 30.7422)	(89, 30.5719)	(90, 30.3478)	(91, 30.0946)	(92, 29.8422)	(93, 29.5576)	(94, 29.0885)	(95, 29.0206)	(96, 28.8103)	(97, 28.4354)	(98, 28.1291)	(99, 27.7032)	(100, 27.3901)	
HG02977	(1, 31.425)	(2, 31.5876)	(3, 31.6661)	(4, 35.2281)	(5, 35.1979)	(6, 35.2471)	(7, 35.2256)	(8, 35.2453)	(9, 36.7755)	(10, 36.741)	(11, 36.6708)	(12, 36.6507)	(13, 36.6451)	(14, 37.8367)	(15, 37.8149)	(16, 37.7525)	(17, 37.7417)	(18, 37.6987)	(19, 37.7611)	(20, 37.743)	(21, 37.6776)	(22, 37.6209)	(23, 37.6084)	(24, 37.5732)	(25, 37.5241)	(26, 37.4726)	(27, 37.3714)	(28, 37.3145)	(29, 37.2765)	(30, 37.1962)	(31, 37.1617)	(32, 37.0856)	(33, 37.0084)	(34, 36.8568)	(35, 36.733)	(36, 36.7092)	(37, 36.6594)	(38, 36.5764)	(39, 36.4687)	(40, 36.393)	(41, 36.3286)	(42, 36.4573)	(43, 36.6112)	(44, 36.6532)	(45, 36.6927)	(46, 36.6989)	(47, 36.67)	(48, 36.6293)	(49, 36.5705)	(50, 36.5006)	(51, 35.4899)	(52, 35.9336)	(53, 36.3024)	(54, 36.4967)	(55, 36.5119)	(56, 36.4498)	(57, 36.3929)	(58, 36.2921)	(59, 36.1922)	(60, 36.0918)	(61, 35.9664)	(62, 35.871)	(63, 35.7544)	(64, 35.5751)	(65, 35.436)	(66, 35.29)	(67, 35.1612)	(68, 34.9802)	(69, 34.7987)	(70, 34.6793)	(71, 34.4865)	(72, 34.3265)	(73, 34.1579)	(74, 33.9574)	(75, 33.7407)	(76, 33.5662)	(77, 33.3627)	(78, 33.1628)	(79, 32.977)	(80, 32.7885)	(81, 32.6026)	(82, 32.4307)	(83, 32.175)	(84, 31.9951)	(85, 31.8321)	(86, 31.677)	(87, 31.512)	(88, 31.3233)	(89, 31.1552)	(90, 30.9846)	(91, 30.8137)	(92, 30.6586)	(93, 30.5193)	(94, 30.3484)	(95, 30.1432)	(96, 29.941)	(97, 29.7412)	(98, 29.5074)	(99, 29.2271)	(100, 28.9414)	
HG02981	(1, 32.1193)	(2, 32.2891)	(3, 32.3536)	(4, 35.8414)	(5, 35.8423)	(6, 35.8678)	(7, 35.876)	(8, 35.8626)	(9, 37.5178)	(10, 37.5048)	(11, 37.4815)	(12, 37.4607)	(13, 37.4302)	(14, 38.7905)	(15, 38.7803)	(16, 38.7363)	(17, 38.6904)	(18, 38.6622)	(19, 38.6896)	(20, 38.6263)	(21, 38.5544)	(22, 38.5109)	(23, 38.4377)	(24, 38.4148)	(25, 38.358)	(26, 38.2984)	(27, 38.2227)	(28, 38.1553)	(29, 38.0636)	(30, 37.9909)	(31, 38.2501)	(32, 38.2872)	(33, 38.2817)	(34, 38.2753)	(35, 38.2306)	(36, 38.2072)	(37, 38.1429)	(38, 38.1232)	(39, 38.0797)	(40, 38.0406)	(41, 37.9855)	(42, 37.9276)	(43, 37.8579)	(44, 37.7971)	(45, 37.7128)	(46, 37.6411)	(47, 37.5478)	(48, 37.4751)	(49, 37.3877)	(50, 37.3044)	(51, 36.1799)	(52, 36.6013)	(53, 36.9092)	(54, 37.0228)	(55, 37.0123)	(56, 36.949)	(57, 36.8382)	(58, 36.7342)	(59, 36.7464)	(60, 36.7349)	(61, 36.6615)	(62, 36.5661)	(63, 36.4387)	(64, 36.3126)	(65, 36.1494)	(66, 36.0015)	(67, 35.827)	(68, 35.6604)	(69, 35.446)	(70, 35.2533)	(71, 35.0323)	(72, 34.8376)	(73, 34.6187)	(74, 34.4296)	(75, 34.2073)	(76, 33.9932)	(77, 33.7629)	(78, 33.5626)	(79, 33.3297)	(80, 33.1121)	(81, 32.8871)	(82, 32.6826)	(83, 32.4753)	(84, 32.2796)	(85, 32.0722)	(86, 31.8908)	(87, 31.6728)	(88, 31.49)	(89, 31.2881)	(90, 31.0971)	(91, 30.8842)	(92, 30.7035)	(93, 30.4832)	(94, 30.277)	(95, 30.0407)	(96, 29.7827)	(97, 29.4912)	(98, 29.1608)	(99, 28.728)	(100, 28.1651)	
HG02982	(1, 32.5397)	(2, 32.6676)	(3, 32.7185)	(4, 36.084)	(5, 36.0871)	(6, 36.1524)	(7, 36.1079)	(8, 36.1144)	(9, 37.8725)	(10, 37.9105)	(11, 37.8827)	(12, 37.8535)	(13, 37.8518)	(14, 39.3343)	(15, 39.2904)	(16, 39.2309)	(17, 39.2333)	(18, 39.1289)	(19, 39.1241)	(20, 39.1274)	(21, 39.1098)	(22, 39.0429)	(23, 38.9946)	(24, 38.915)	(25, 38.8208)	(26, 38.8345)	(27, 38.7449)	(28, 38.7033)	(29, 38.5035)	(30, 38.5672)	(31, 38.6872)	(32, 38.7864)	(33, 38.7842)	(34, 38.7961)	(35, 38.7616)	(36, 38.7334)	(37, 38.5662)	(38, 38.6139)	(39, 38.5416)	(40, 38.5472)	(41, 38.4501)	(42, 38.367)	(43, 38.2916)	(44, 38.2092)	(45, 38.1627)	(46, 38.0092)	(47, 37.9223)	(48, 37.9227)	(49, 37.8299)	(50, 37.761)	(51, 36.5839)	(52, 36.97)	(53, 37.2759)	(54, 37.4384)	(55, 37.3904)	(56, 37.3836)	(57, 37.2793)	(58, 37.1749)	(59, 37.3065)	(60, 37.2459)	(61, 37.2425)	(62, 37.0192)	(63, 36.9616)	(64, 36.7962)	(65, 36.6567)	(66, 36.4412)	(67, 36.33)	(68, 36.2617)	(69, 36.1251)	(70, 35.9056)	(71, 35.5949)	(72, 35.4882)	(73, 35.2444)	(74, 35.0058)	(75, 34.8061)	(76, 34.5486)	(77, 34.314)	(78, 34.1238)	(79, 33.896)	(80, 33.6589)	(81, 33.5659)	(82, 33.3817)	(83, 33.149)	(84, 32.9495)	(85, 32.7632)	(86, 32.6376)	(87, 32.4059)	(88, 32.2794)	(89, 32.0714)	(90, 31.9169)	(91, 31.7381)	(92, 31.5917)	(93, 31.4571)	(94, 31.2679)	(95, 31.1116)	(96, 30.9847)	(97, 30.7528)	(98, 30.4239)	(99, 30.1635)	(100, 29.7281)	
HG03139	(1, 31.2824)	(2, 31.4459)	(3, 31.4893)	(4, 35.0185)	(5, 35.0119)	(6, 35.0824)	(7, 35.0804)	(8, 35.0826)	(9, 36.5426)	(10, 36.4991)	(11, 36.5188)	(12, 36.5012)	(13, 36.4821)	(14, 37.6636)	(15, 37.6169)	(16, 37.6179)	(17, 37.5889)	(18, 37.5981)	(19, 37.6729)	(20, 37.6334)	(21, 37.5285)	(22, 37.534)	(23, 37.4638)	(24, 37.5117)	(25, 37.5123)	(26, 37.503)	(27, 37.4475)	(28, 37.4587)	(29, 37.4285)	(30, 37.3483)	(31, 37.3321)	(32, 37.249)	(33, 37.1934)	(34, 37.1725)	(35, 37.0795)	(36, 37.0297)	(37, 36.9493)	(38, 36.8508)	(39, 36.8518)	(40, 36.7742)	(41, 36.6758)	(42, 36.684)	(43, 36.6219)	(44, 36.5406)	(45, 36.5048)	(46, 36.4333)	(47, 36.3522)	(48, 36.2556)	(49, 36.1534)	(50, 36.0741)	(51, 34.4518)	(52, 35.0964)	(53, 35.8273)	(54, 36.0997)	(55, 36.1915)	(56, 36.2334)	(57, 36.172)	(58, 36.0665)	(59, 35.9501)	(60, 35.8477)	(61, 35.7331)	(62, 35.6127)	(63, 35.4421)	(64, 35.2786)	(65, 35.1275)	(66, 34.9146)	(67, 34.811)	(68, 34.5814)	(69, 34.4453)	(70, 34.2937)	(71, 34.0664)	(72, 33.8793)	(73, 33.7135)	(74, 33.4609)	(75, 33.2924)	(76, 33.0936)	(77, 32.915)	(78, 32.6618)	(79, 32.4597)	(80, 32.2428)	(81, 32.0237)	(82, 31.7675)	(83, 31.5736)	(84, 31.4125)	(85, 31.2192)	(86, 31.0454)	(87, 30.8635)	(88, 30.6426)	(89, 30.4534)	(90, 30.2132)	(91, 30.165)	(92, 30.0364)	(93, 29.8394)	(94, 29.6302)	(95, 29.3942)	(96, 29.1117)	(97, 28.8811)	(98, 28.5831)	(99, 28.2407)	(100, 27.6921)	
HG03157	(1, 31.2103)	(2, 31.3754)	(3, 31.4216)	(4, 34.9448)	(5, 34.935)	(6, 35.0028)	(7, 34.9962)	(8, 34.9977)	(9, 36.4409)	(10, 36.3938)	(11, 36.4143)	(12, 36.3973)	(13, 36.3787)	(14, 37.5468)	(15, 37.4974)	(16, 37.4961)	(17, 37.465)	(18, 37.4721)	(19, 37.5465)	(20, 37.5066)	(21, 37.4022)	(22, 37.4089)	(23, 37.3379)	(24, 37.3857)	(25, 37.3865)	(26, 37.3759)	(27, 37.3188)	(28, 37.3276)	(29, 37.2946)	(30, 37.2115)	(31, 37.1916)	(32, 37.1091)	(33, 37.0512)	(34, 37.0304)	(35, 36.9375)	(36, 36.8855)	(37, 36.8043)	(38, 36.7053)	(39, 36.7022)	(40, 36.6203)	(41, 36.5216)	(42, 36.5297)	(43, 36.4634)	(44, 36.3832)	(45, 36.349)	(46, 36.276)	(47, 36.1952)	(48, 36.0974)	(49, 35.9933)	(50, 35.9126)	(51, 34.3076)	(52, 34.9495)	(53, 35.6748)	(54, 35.9468)	(55, 36.0391)	(56, 36.0831)	(57, 36.022)	(58, 35.915)	(59, 35.7976)	(60, 35.6933)	(61, 35.5779)	(62, 35.4594)	(63, 35.2869)	(64, 35.1216)	(65, 34.9712)	(66, 34.7584)	(67, 34.6544)	(68, 34.4227)	(69, 34.2867)	(70, 34.1331)	(71, 33.9026)	(72, 33.7125)	(73, 33.5448)	(74, 33.2903)	(75, 33.1159)	(76, 32.9128)	(77, 32.7325)	(78, 32.473)	(79, 32.265)	(80, 32.0408)	(81, 31.8186)	(82, 31.5548)	(83, 31.3521)	(84, 31.1827)	(85, 30.9821)	(86, 30.7991)	(87, 30.6105)	(88, 30.3802)	(89, 30.1823)	(90, 29.9295)	(91, 29.8719)	(92, 29.7316)	(93, 29.5237)	(94, 29.3003)	(95, 29.0541)	(96, 28.7574)	(97, 28.5134)	(98, 28.2009)	(99, 27.846)	(100, 27.2836)	
HG03267	(1, 31.4549)	(2, 31.6097)	(3, 31.6854)	(4, 35.2283)	(5, 35.2336)	(6, 35.2655)	(7, 35.2454)	(8, 35.2215)	(9, 36.7517)	(10, 36.7492)	(11, 36.7331)	(12, 36.7106)	(13, 36.6847)	(14, 37.8762)	(15, 37.8678)	(16, 37.8153)	(17, 37.7833)	(18, 37.7487)	(19, 37.7959)	(20, 37.7791)	(21, 37.7445)	(22, 37.6557)	(23, 37.6162)	(24, 37.5882)	(25, 37.5247)	(26, 37.4704)	(27, 37.4233)	(28, 37.3295)	(29, 37.2959)	(30, 37.2078)	(31, 37.173)	(32, 37.1039)	(33, 36.9858)	(34, 36.8739)	(35, 36.793)	(36, 36.7322)	(37, 36.6923)	(38, 36.6109)	(39, 36.5356)	(40, 36.4542)	(41, 36.3877)	(42, 36.4593)	(43, 36.5997)	(44, 36.7034)	(45, 36.7406)	(46, 36.7256)	(47, 36.717)	(48, 36.6518)	(49, 36.6393)	(50, 36.546)	(51, 35.5445)	(52, 35.9775)	(53, 36.3491)	(54, 36.489)	(55, 36.5134)	(56, 36.509)	(57, 36.425)	(58, 36.3423)	(59, 36.2619)	(60, 36.1267)	(61, 35.9909)	(62, 35.8991)	(63, 35.7692)	(64, 35.6474)	(65, 35.4957)	(66, 35.3377)	(67, 35.2118)	(68, 35.0385)	(69, 34.8649)	(70, 34.7253)	(71, 34.5344)	(72, 34.3559)	(73, 34.1792)	(74, 34.0109)	(75, 33.809)	(76, 33.6093)	(77, 33.4128)	(78, 33.2136)	(79, 33.0345)	(80, 32.8272)	(81, 32.6241)	(82, 32.423)	(83, 32.2549)	(84, 32.0495)	(85, 31.893)	(86, 31.7259)	(87, 31.5439)	(88, 31.3337)	(89, 31.1854)	(90, 31.0229)	(91, 30.8524)	(92, 30.7068)	(93, 30.5565)	(94, 30.3772)	(95, 30.1762)	(96, 29.973)	(97, 29.754)	(98, 29.525)	(99, 29.2689)	(100, 28.968)	
HG03603	(1, 31.7964)	(2, 31.8866)	(3, 31.92)	(4, 35.4636)	(5, 35.4775)	(6, 35.4981)	(7, 35.5221)	(8, 35.5167)	(9, 37.1196)	(10, 37.1323)	(11, 37.1442)	(12, 37.1312)	(13, 37.1266)	(14, 38.443)	(15, 38.4173)	(16, 38.4089)	(17, 38.388)	(18, 38.3653)	(19, 38.4149)	(20, 38.3904)	(21, 38.3519)	(22, 38.322)	(23, 38.2813)	(24, 38.2508)	(25, 38.2259)	(26, 38.2092)	(27, 38.1326)	(28, 38.0775)	(29, 38.0294)	(30, 37.9954)	(31, 37.9259)	(32, 37.8706)	(33, 37.8307)	(34, 37.7795)	(35, 37.7059)	(36, 37.6406)	(37, 37.5925)	(38, 37.5356)	(39, 37.4575)	(40, 37.4279)	(41, 37.3182)	(42, 37.2685)	(43, 37.1975)	(44, 37.1163)	(45, 37.3537)	(46, 37.4462)	(47, 37.5063)	(48, 37.5038)	(49, 37.512)	(50, 37.448)	(51, 36.1525)	(52, 36.6823)	(53, 37.1026)	(54, 37.2467)	(55, 37.2855)	(56, 37.2676)	(57, 37.1858)	(58, 37.0998)	(59, 37.0164)	(60, 36.9152)	(61, 36.8124)	(62, 36.6819)	(63, 36.542)	(64, 36.4134)	(65, 36.2673)	(66, 36.1211)	(67, 35.988)	(68, 35.8375)	(69, 35.6698)	(70, 35.511)	(71, 35.3382)	(72, 35.1591)	(73, 34.9807)	(74, 34.802)	(75, 34.6291)	(76, 34.4438)	(77, 34.252)	(78, 34.0842)	(79, 33.8955)	(80, 33.7202)	(81, 33.545)	(82, 33.3861)	(83, 33.2137)	(84, 33.039)	(85, 32.8767)	(86, 32.7294)	(87, 32.5832)	(88, 32.4556)	(89, 32.3174)	(90, 32.1925)	(91, 32.067)	(92, 31.9336)	(93, 31.8198)	(94, 31.6894)	(95, 31.5358)	(96, 31.3984)	(97, 31.2381)	(98, 31.0632)	(99, 30.8879)	(100, 30.6883)	
HG03672	(1, 31.9518)	(2, 32.1313)	(3, 32.1696)	(4, 35.7007)	(5, 35.7149)	(6, 35.7097)	(7, 35.6893)	(8, 35.6552)	(9, 37.3012)	(10, 37.2828)	(11, 37.2726)	(12, 37.2297)	(13, 37.1872)	(14, 38.5021)	(15, 38.4774)	(16, 38.4382)	(17, 38.4324)	(18, 38.3986)	(19, 38.4237)	(20, 38.3992)	(21, 38.3235)	(22, 38.2721)	(23, 38.231)	(24, 38.1746)	(25, 38.1147)	(26, 38.0277)	(27, 37.999)	(28, 37.9057)	(29, 37.8531)	(30, 37.7189)	(31, 37.6519)	(32, 37.571)	(33, 37.4585)	(34, 37.3888)	(35, 37.297)	(36, 37.4113)	(37, 37.3511)	(38, 37.3604)	(39, 37.3154)	(40, 37.2585)	(41, 37.1869)	(42, 37.0897)	(43, 36.9918)	(44, 36.8979)	(45, 36.8204)	(46, 36.7132)	(47, 36.7906)	(48, 36.8206)	(49, 36.7855)	(50, 36.7438)	(51, 35.2409)	(52, 36.0827)	(53, 36.6438)	(54, 36.8935)	(55, 36.929)	(56, 36.8936)	(57, 36.7831)	(58, 36.6679)	(59, 36.5701)	(60, 36.4577)	(61, 36.3094)	(62, 36.1414)	(63, 35.9714)	(64, 35.8)	(65, 35.6113)	(66, 35.4215)	(67, 35.2232)	(68, 34.9922)	(69, 34.7795)	(70, 34.554)	(71, 34.3181)	(72, 34.0802)	(73, 33.8333)	(74, 33.5812)	(75, 33.3309)	(76, 33.0784)	(77, 32.81)	(78, 32.5289)	(79, 32.2452)	(80, 31.9768)	(81, 31.68)	(82, 31.4153)	(83, 31.1471)	(84, 30.8758)	(85, 30.586)	(86, 30.3258)	(87, 30.0823)	(88, 29.8317)	(89, 29.5554)	(90, 29.2669)	(91, 29.0022)	(92, 28.7409)	(93, 28.4523)	(94, 28.1378)	(95, 27.7543)	(96, 27.4165)	(97, 27.0359)	(98, 26.6288)	(99, 26.2017)	(100, 25.7194)	
HG03723	(1, 31.6122)	(2, 31.8121)	(3, 31.8652)	(4, 35.4463)	(5, 35.4476)	(6, 35.4668)	(7, 35.4404)	(8, 35.4201)	(9, 36.928)	(10, 36.9118)	(11, 36.8981)	(12, 36.8619)	(13, 36.8286)	(14, 38.0314)	(15, 38.0053)	(16, 37.9658)	(17, 37.9222)	(18, 37.8661)	(19, 37.9)	(20, 37.8657)	(21, 37.8159)	(22, 37.7409)	(23, 37.6967)	(24, 37.6413)	(25, 37.5689)	(26, 37.4927)	(27, 37.4093)	(28, 37.3104)	(29, 37.2399)	(30, 37.1472)	(31, 37.0369)	(32, 36.9416)	(33, 36.8317)	(34, 36.7503)	(35, 36.6425)	(36, 36.7652)	(37, 36.7864)	(38, 36.7519)	(39, 36.6912)	(40, 36.6002)	(41, 36.5298)	(42, 36.4302)	(43, 36.3174)	(44, 36.2191)	(45, 36.15)	(46, 36.0042)	(47, 36.0975)	(48, 36.1081)	(49, 36.0736)	(50, 36.0291)	(51, 34.6369)	(52, 35.4823)	(53, 36.0625)	(54, 36.299)	(55, 36.3261)	(56, 36.2733)	(57, 36.1816)	(58, 36.0795)	(59, 35.9558)	(60, 35.8326)	(61, 35.6665)	(62, 35.5186)	(63, 35.2786)	(64, 35.132)	(65, 34.9459)	(66, 34.7593)	(67, 34.5541)	(68, 34.3291)	(69, 34.0824)	(70, 33.8402)	(71, 33.6119)	(72, 33.3391)	(73, 33.0623)	(74, 32.8056)	(75, 32.5141)	(76, 32.2193)	(77, 31.9309)	(78, 31.6191)	(79, 31.3283)	(80, 31.0333)	(81, 30.7145)	(82, 30.4085)	(83, 30.0962)	(84, 29.8051)	(85, 29.4984)	(86, 29.1431)	(87, 28.8703)	(88, 28.596)	(89, 28.2733)	(90, 27.9714)	(91, 27.6586)	(92, 27.3411)	(93, 27.0155)	(94, 26.6494)	(95, 26.2655)	(96, 25.8879)	(97, 25.4761)	(98, 25.0237)	(99, 24.5061)	(100, 23.9435)	
HG03790	(1, 31.6267)	(2, 31.8121)	(3, 31.8008)	(4, 35.3706)	(5, 35.3988)	(6, 35.4322)	(7, 35.4323)	(8, 35.4219)	(9, 36.9717)	(10, 36.9742)	(11, 36.9146)	(12, 36.9161)	(13, 36.8845)	(14, 38.1743)	(15, 38.1543)	(16, 38.0994)	(17, 38.0762)	(18, 38.0848)	(19, 38.0842)	(20, 38.0848)	(21, 38.0586)	(22, 38.0278)	(23, 38.0149)	(24, 37.9875)	(25, 37.9245)	(26, 37.8989)	(27, 37.8517)	(28, 37.8056)	(29, 37.7311)	(30, 37.6885)	(31, 37.6157)	(32, 37.5865)	(33, 37.5185)	(34, 37.4617)	(35, 37.38)	(36, 37.4697)	(37, 37.4506)	(38, 37.4678)	(39, 37.4638)	(40, 37.4182)	(41, 37.3651)	(42, 37.3123)	(43, 37.2518)	(44, 37.2122)	(45, 37.121)	(46, 37.0545)	(47, 36.9826)	(48, 36.925)	(49, 36.8602)	(50, 36.7485)	(51, 36.0956)	(52, 36.29)	(53, 36.4752)	(54, 36.4947)	(55, 36.4702)	(56, 36.3814)	(57, 36.2775)	(58, 36.1709)	(59, 36.0802)	(60, 36.1884)	(61, 36.1969)	(62, 36.1236)	(63, 36.0476)	(64, 35.972)	(65, 35.8376)	(66, 35.671)	(67, 35.5417)	(68, 35.4028)	(69, 35.2219)	(70, 35.0464)	(71, 34.8861)	(72, 34.7182)	(73, 34.5475)	(74, 34.3229)	(75, 34.128)	(76, 33.9398)	(77, 33.7528)	(78, 33.5679)	(79, 33.3534)	(80, 33.1645)	(81, 32.9749)	(82, 32.7467)	(83, 32.5571)	(84, 32.3737)	(85, 32.1862)	(86, 32.0249)	(87, 31.8561)	(88, 31.6955)	(89, 31.5198)	(90, 31.3051)	(91, 31.1174)	(92, 30.9311)	(93, 30.7071)	(94, 30.5051)	(95, 30.3405)	(96, 30.128)	(97, 29.9327)	(98, 29.6955)	(99, 29.4359)	(100, 29.1387)	
HG03814	(1, 31.6751)	(2, 31.8547)	(3, 31.8894)	(4, 35.4313)	(5, 35.444)	(6, 35.4695)	(7, 35.455)	(8, 35.4573)	(9, 37.0006)	(10, 37.0163)	(11, 36.991)	(12, 37.0072)	(13, 36.9823)	(14, 38.2218)	(15, 38.2144)	(16, 38.2013)	(17, 38.1826)	(18, 38.1599)	(19, 38.1854)	(20, 38.1636)	(21, 38.1274)	(22, 38.0935)	(23, 38.068)	(24, 38.0621)	(25, 37.995)	(26, 37.969)	(27, 37.8985)	(28, 37.8655)	(29, 37.8343)	(30, 37.7529)	(31, 37.7146)	(32, 37.6701)	(33, 37.6257)	(34, 37.5636)	(35, 37.445)	(36, 37.4311)	(37, 37.3867)	(38, 37.3351)	(39, 37.2509)	(40, 37.2197)	(41, 37.3564)	(42, 37.3629)	(43, 37.3317)	(44, 37.3024)	(45, 37.2663)	(46, 37.2159)	(47, 37.1646)	(48, 37.0913)	(49, 37.0223)	(50, 36.9159)	(51, 34.332)	(52, 35.4089)	(53, 36.2138)	(54, 36.621)	(55, 36.7521)	(56, 36.7657)	(57, 36.7284)	(58, 36.6519)	(59, 36.5543)	(60, 36.4376)	(61, 36.3143)	(62, 36.1891)	(63, 36.0433)	(64, 35.9147)	(65, 35.7633)	(66, 35.6094)	(67, 35.6407)	(68, 35.5768)	(69, 35.5426)	(70, 35.4206)	(71, 35.282)	(72, 35.1116)	(73, 34.9394)	(74, 34.7448)	(75, 34.5758)	(76, 34.3916)	(77, 34.2114)	(78, 34.0231)	(79, 33.8353)	(80, 33.6611)	(81, 33.4842)	(82, 33.3027)	(83, 33.1604)	(84, 32.9952)	(85, 32.8196)	(86, 32.6835)	(87, 32.5481)	(88, 32.3953)	(89, 32.2674)	(90, 32.1232)	(91, 31.9789)	(92, 31.8407)	(93, 31.7209)	(94, 31.5736)	(95, 31.4323)	(96, 31.2838)	(97, 31.1053)	(98, 30.932)	(99, 30.7394)	(100, 30.5258)	
NA06989	(1, 38.1492)	(2, 37.9006)	(3, 37.8717)	(4, 37.8486)	(5, 37.7979)	(6, 37.869)	(7, 37.8033)	(8, 37.7551)	(9, 37.6717)	(10, 37.5643)	(11, 37.4991)	(12, 37.4503)	(13, 37.3483)	(14, 37.2642)	(15, 37.3748)	(16, 37.32)	(17, 37.1885)	(18, 37.1752)	(19, 37.08)	(20, 37.0586)	(21, 36.9292)	(22, 36.9057)	(23, 36.8877)	(24, 36.7755)	(25, 36.6791)	(26, 36.6927)	(27, 36.4428)	(28, 36.3943)	(29, 36.3536)	(30, 36.2977)	(31, 36.1655)	(32, 36.0388)	(33, 35.9202)	(34, 35.7524)	(35, 35.626)	(36, 35.6032)	(37, 35.4192)	(38, 35.2796)	(39, 35.0457)	(40, 35.0319)	(41, 34.7301)	(42, 34.6086)	(43, 34.4492)	(44, 34.2866)	(45, 33.7328)	(46, 33.468)	(47, 33.1407)	(48, 32.7864)	(49, 32.8067)	(50, 32.4533)	(51, 33.9536)	(52, 33.899)	(53, 33.627)	(54, 33.4633)	(55, 33.2631)	(56, 33.4572)	(57, 33.0857)	(58, 32.8227)	(59, 32.5445)	(60, 32.0086)	(61, 31.5291)	(62, 30.9516)	(63, 30.8519)	(64, 30.6284)	(65, 30.2455)	(66, 29.4764)	(67, 29.0488)	(68, 28.5103)	(69, 28.208)	(70, 27.6886)	(71, 26.9434)	(72, 26.4942)	(73, 26.0158)	(74, 25.657)	(75, 25.1754)	(76, 23.9639)																									
NA18488	(1, 38.0715)	(2, 37.8693)	(3, 37.8158)	(4, 37.77)	(5, 37.7573)	(6, 37.7733)	(7, 37.7129)	(8, 37.6687)	(9, 37.637)	(10, 37.575)	(11, 37.5439)	(12, 37.4703)	(13, 37.4192)	(14, 37.3414)	(15, 37.2895)	(16, 37.2066)	(17, 37.1092)	(18, 37.0391)	(19, 37.1305)	(20, 37.0672)	(21, 37.0585)	(22, 36.9654)	(23, 36.8938)	(24, 36.9442)	(25, 36.8766)	(26, 36.912)	(27, 36.8239)	(28, 36.7423)	(29, 36.6802)	(30, 36.5572)	(31, 36.576)	(32, 36.4092)	(33, 36.3339)	(34, 36.2302)	(35, 36.173)	(36, 36.0588)	(37, 35.9312)	(38, 35.7996)	(39, 35.6954)	(40, 35.5953)	(41, 35.5061)	(42, 35.3058)	(43, 35.1871)	(44, 35.0658)	(45, 34.9461)	(46, 34.5821)	(47, 34.4138)	(48, 34.1946)	(49, 34.0336)	(50, 33.851)	(51, 35.0782)	(52, 34.9163)	(53, 34.7674)	(54, 34.6001)	(55, 34.4247)	(56, 34.6173)	(57, 34.38)	(58, 34.1076)	(59, 33.8824)	(60, 33.6132)	(61, 33.1642)	(62, 32.8055)	(63, 32.5156)	(64, 32.2257)	(65, 31.8868)	(66, 31.3287)	(67, 30.9641)	(68, 30.633)	(69, 30.2451)	(70, 30.0156)	(71, 29.1305)	(72, 28.7088)	(73, 28.3185)	(74, 27.8002)	(75, 27.0026)	(76, 25.0021)																									
NA18498	(1, 38.4692)	(2, 38.2944)	(3, 38.2401)	(4, 38.2201)	(5, 38.2076)	(6, 38.2074)	(7, 38.1601)	(8, 38.1511)	(9, 38.1309)	(10, 38.0907)	(11, 38.0853)	(12, 38.0348)	(13, 38.0055)	(14, 37.9556)	(15, 37.9312)	(16, 37.7898)	(17, 37.7273)	(18, 37.6789)	(19, 37.6293)	(20, 36.7908)	(21, 31.3415)	(22, 37.3774)	(23, 37.2916)	(24, 37.3693)	(25, 37.3338)	(26, 37.416)	(27, 37.4488)	(28, 37.3574)	(29, 37.3313)	(30, 37.2363)	(31, 37.2806)	(32, 37.1825)	(33, 37.1102)	(34, 37.0449)	(35, 36.9819)	(36, 36.9383)	(37, 36.8085)	(38, 36.7411)	(39, 36.6634)	(40, 36.5782)	(41, 36.5049)	(42, 36.3487)	(43, 36.2487)	(44, 36.1718)	(45, 36.0688)	(46, 35.6762)	(47, 35.5019)	(48, 35.3942)	(49, 35.235)	(50, 35.1145)	(51, 36.3361)	(52, 36.2533)	(53, 36.1614)	(54, 36.0755)	(55, 35.9878)	(56, 36.3511)	(57, 36.2066)	(58, 36.0915)	(59, 35.9715)	(60, 35.8437)	(61, 35.5598)	(62, 35.3635)	(63, 35.1873)	(64, 35.0127)	(65, 34.8374)	(66, 34.4571)	(67, 34.2358)	(68, 34.0299)	(69, 33.7829)	(70, 33.527)	(71, 33.0096)	(72, 32.7362)	(73, 32.4523)	(74, 32.1495)	(75, 31.811)	(76, 29.6746)																									
NA18499	(1, 38.3286)	(2, 38.1188)	(3, 38.0698)	(4, 38.0454)	(5, 37.9737)	(6, 38.0438)	(7, 37.9961)	(8, 37.9348)	(9, 37.9252)	(10, 37.8517)	(11, 37.8311)	(12, 37.8201)	(13, 37.7365)	(14, 37.7282)	(15, 37.682)	(16, 37.5846)	(17, 37.5207)	(18, 37.4722)	(19, 37.4205)	(20, 37.3721)	(21, 37.2323)	(22, 37.1531)	(23, 37.0421)	(24, 37.0196)	(25, 36.9413)	(26, 37.161)	(27, 37.1025)	(28, 36.9764)	(29, 36.949)	(30, 36.7975)	(31, 36.9881)	(32, 36.8558)	(33, 36.8146)	(34, 36.6865)	(35, 36.6012)	(36, 36.5106)	(37, 36.401)	(38, 36.3077)	(39, 36.3093)	(40, 36.1317)	(41, 36.0392)	(42, 35.8304)	(43, 35.8154)	(44, 35.5605)	(45, 35.553)	(46, 35.3607)	(47, 35.1117)	(48, 34.9548)	(49, 34.8316)	(50, 34.6914)	(51, 35.7177)	(52, 35.5247)	(53, 35.3246)	(54, 35.1625)	(55, 34.8664)	(56, 34.9099)	(57, 34.6256)	(58, 34.3302)	(59, 34.1431)	(60, 33.8318)	(61, 33.4537)	(62, 33.2325)	(63, 32.9561)	(64, 32.7744)	(65, 32.4318)	(66, 31.8088)	(67, 31.4792)	(68, 31.1768)	(69, 30.817)	(70, 30.3982)	(71, 29.7088)	(72, 29.2813)	(73, 28.9146)	(74, 28.4215)	(75, 28.0077)	(76, 26.9719)																									
NA18530	(1, 37.5012)	(2, 37.3025)	(3, 37.242)	(4, 37.2217)	(5, 37.2253)	(6, 37.2471)	(7, 37.1927)	(8, 37.1711)	(9, 37.1549)	(10, 37.122)	(11, 37.1323)	(12, 37.0903)	(13, 37.0327)	(14, 36.9915)	(15, 36.9424)	(16, 36.9138)	(17, 36.8451)	(18, 36.7763)	(19, 36.7536)	(20, 36.7244)	(21, 36.674)	(22, 36.5832)	(23, 36.547)	(24, 36.4896)	(25, 36.4285)	(26, 36.3673)	(27, 36.2727)	(28, 36.2094)	(29, 36.1376)	(30, 36.0714)	(31, 36.4909)	(32, 36.3941)	(33, 36.3311)	(34, 36.3134)	(35, 36.2327)	(36, 36.4029)	(37, 36.2923)	(38, 36.2008)	(39, 36.1107)	(40, 36.0788)	(41, 36.0712)	(42, 35.9336)	(43, 35.8925)	(44, 35.7879)	(45, 35.7416)	(46, 35.5624)	(47, 35.4309)	(48, 35.3394)	(49, 35.327)	(50, 35.2019)	(51, 35.9158)	(52, 35.8328)	(53, 35.7752)	(54, 35.6887)	(55, 35.6383)	(56, 35.9888)	(57, 35.8633)	(58, 35.7578)	(59, 35.6565)	(60, 35.5349)	(61, 35.4435)	(62, 35.301)	(63, 35.1757)	(64, 35.0772)	(65, 34.8968)	(66, 34.751)	(67, 34.5895)	(68, 34.4326)	(69, 34.2788)	(70, 34.1115)	(71, 33.915)	(72, 33.6778)	(73, 33.5208)	(74, 33.3684)	(75, 33.1401)	(76, 32.9068)	(77, 32.6707)	(78, 32.4379)	(79, 32.2489)	(80, 32.0006)	(81, 31.7121)	(82, 31.4384)	(83, 31.1777)	(84, 30.9206)	(85, 30.6325)	(86, 30.2317)	(87, 29.8847)	(88, 29.625)	(89, 29.359)	(90, 29.0734)											
NA18946	(1, 32.3294)	(2, 32.3959)	(3, 32.531)	(4, 35.8297)	(5, 35.8791)	(6, 35.9102)	(7, 35.9128)	(8, 35.848)	(9, 37.6262)	(10, 37.5829)	(11, 37.4418)	(12, 37.6115)	(13, 37.5508)	(14, 39.0195)	(15, 38.9866)	(16, 39.0175)	(17, 38.8267)	(18, 38.8564)	(19, 39.0014)	(20, 38.9174)	(21, 38.8378)	(22, 38.7663)	(23, 38.9461)	(24, 38.7865)	(25, 38.6342)	(26, 38.8366)	(27, 38.7427)	(28, 38.7127)	(29, 38.7162)	(30, 38.6873)	(31, 38.6481)	(32, 38.647)	(33, 38.6571)	(34, 38.6244)	(35, 38.5585)	(36, 38.4921)	(37, 38.3644)	(38, 38.3559)	(39, 38.332)	(40, 38.0273)	(41, 38.1802)	(42, 37.6845)	(43, 37.9985)	(44, 38.0461)	(45, 38.0136)	(46, 37.9234)	(47, 37.8263)	(48, 37.5658)	(49, 37.399)	(50, 37.4177)	(51, 34.3322)	(52, 35.7003)	(53, 36.595)	(54, 37.0429)	(55, 37.2096)	(56, 37.1047)	(57, 37.284)	(58, 37.3693)	(59, 37.3661)	(60, 37.0972)	(61, 37.0608)	(62, 36.8601)	(63, 36.5791)	(64, 36.5398)	(65, 36.3281)	(66, 36.2499)	(67, 36.1296)	(68, 35.9111)	(69, 35.781)	(70, 35.5893)	(71, 35.4223)	(72, 35.1415)	(73, 34.8117)	(74, 34.7198)	(75, 34.5176)	(76, 34.3414)	(77, 34.1043)	(78, 34.0532)	(79, 33.8015)	(80, 33.6868)	(81, 33.4933)	(82, 33.2932)	(83, 33.0861)	(84, 32.8944)	(85, 32.5399)	(86, 32.4349)	(87, 32.1861)	(88, 32.0618)	(89, 31.9792)	(90, 31.9323)	(91, 31.8307)	(92, 31.7072)	(93, 31.4816)	(94, 31.1315)	(95, 31.0086)	(96, 30.8654)	(97, 30.5584)	(98, 30.2592)	(99, 30.0997)	(100, 29.4972)	(101, 25.6885)
NA19001	(1, 32.5195)	(2, 32.7407)	(3, 32.624)	(4, 36.0506)	(5, 36.1402)	(6, 36.136)	(7, 36.1661)	(8, 36.2038)	(9, 37.9089)	(10, 37.9611)	(11, 37.9804)	(12, 37.9993)	(13, 37.9337)	(14, 39.4269)	(15, 39.4313)	(16, 39.1931)	(17, 39.3916)	(18, 39.3981)	(19, 39.3504)	(20, 39.331)	(21, 39.2916)	(22, 39.319)	(23, 39.25)	(24, 39.2204)	(25, 39.2174)	(26, 39.0199)	(27, 38.9795)	(28, 39.1003)	(29, 38.881)	(30, 38.9448)	(31, 38.9811)	(32, 39.0171)	(33, 38.9996)	(34, 38.9582)	(35, 38.9316)	(36, 38.6205)	(37, 38.5449)	(38, 38.7391)	(39, 38.5034)	(40, 38.4597)	(41, 38.3968)	(42, 38.4243)	(43, 38.2271)	(44, 38.3656)	(45, 38.3023)	(46, 38.153)	(47, 38.2394)	(48, 38.253)	(49, 38.1406)	(50, 38.2091)	(51, 35.8839)	(52, 36.9093)	(53, 37.6279)	(54, 37.9668)	(55, 37.9453)	(56, 37.785)	(57, 37.4783)	(58, 37.4581)	(59, 37.4141)	(60, 37.3473)	(61, 37.0653)	(62, 37.2207)	(63, 36.9566)	(64, 37.0025)	(65, 36.9143)	(66, 37.0154)	(67, 36.8284)	(68, 36.7416)	(69, 36.6692)	(70, 36.5162)	(71, 36.3601)	(72, 36.0964)	(73, 35.7842)	(74, 35.7065)	(75, 35.599)	(76, 35.2631)	(77, 35.0387)	(78, 34.6489)	(79, 34.5171)	(80, 34.4268)	(81, 34.2483)	(82, 33.8977)	(83, 33.4788)	(84, 33.6221)	(85, 33.3457)	(86, 33.3293)	(87, 33.4437)	(88, 33.4426)	(89, 33.3896)	(90, 33.2849)	(91, 33.1612)	(92, 33.0399)	(93, 32.8102)	(94, 32.5028)	(95, 32.4324)	(96, 32.2222)	(97, 32.164)	(98, 31.9984)	(99, 31.7435)	(100, 31.6885)	(101, 30.4976)
NA19020	(1, 31.913)	(2, 32.0116)	(3, 32.0889)	(4, 35.6828)	(5, 35.6537)	(6, 35.6965)	(7, 35.7061)	(8, 35.7467)	(9, 37.3583)	(10, 37.3218)	(11, 37.2656)	(12, 37.1584)	(13, 37.0935)	(14, 38.3371)	(15, 38.2984)	(16, 38.4267)	(17, 38.3903)	(18, 38.3646)	(19, 38.3965)	(20, 38.3387)	(21, 38.3319)	(22, 38.267)	(23, 38.315)	(24, 38.3726)	(25, 38.3355)	(26, 38.2971)	(27, 38.2227)	(28, 38.281)	(29, 38.2345)	(30, 38.2196)	(31, 38.1935)	(32, 38.1493)	(33, 38.1358)	(34, 37.9636)	(35, 37.9021)	(36, 37.8369)	(37, 37.7179)	(38, 37.671)	(39, 37.5741)	(40, 37.5233)	(41, 37.4724)	(42, 37.4396)	(43, 37.3276)	(44, 37.3654)	(45, 37.2711)	(46, 37.1659)	(47, 37.0878)	(48, 37.0418)	(49, 36.9418)	(50, 36.8361)	(51, 34.0576)	(52, 35.1735)	(53, 35.9792)	(54, 36.3067)	(55, 36.2672)	(56, 36.1189)	(57, 36.0117)	(58, 35.9273)	(59, 35.7845)	(60, 35.8805)	(61, 35.8191)	(62, 35.7448)	(63, 35.6629)	(64, 35.5941)	(65, 35.4901)	(66, 35.3682)	(67, 35.1838)	(68, 35.0307)	(69, 34.8412)	(70, 34.6549)	(71, 34.4728)	(72, 34.2313)	(73, 33.9672)	(74, 33.6968)	(75, 33.4749)	(76, 33.2258)	(77, 32.9302)	(78, 32.6975)	(79, 32.4678)	(80, 32.2788)	(81, 32.1429)	(82, 32.0417)	(83, 31.8482)	(84, 31.7362)	(85, 31.5337)	(86, 31.3107)	(87, 31.0945)	(88, 30.9135)	(89, 30.7043)	(90, 30.522)	(91, 30.2929)	(92, 30.0786)	(93, 29.7115)	(94, 29.3728)	(95, 29.0577)	(96, 28.6513)	(97, 28.1729)	(98, 27.6271)	(99, 26.9182)	(100, 24.9869)	(101, 17.5738)
NA19922	(1, 32.6255)	(2, 32.8196)	(3, 32.8498)	(4, 36.2189)	(5, 36.1749)	(6, 36.1493)	(7, 36.1677)	(8, 36.1197)	(9, 37.8771)	(10, 37.9004)	(11, 37.8893)	(12, 37.8348)	(13, 37.8508)	(14, 39.3998)	(15, 39.4174)	(16, 39.4211)	(17, 39.2991)	(18, 39.3653)	(19, 39.4286)	(20, 39.3561)	(21, 39.3766)	(22, 39.3685)	(23, 39.3648)	(24, 39.3608)	(25, 39.2945)	(26, 39.2476)	(27, 39.1981)	(28, 39.114)	(29, 39.2112)	(30, 39.2047)	(31, 39.1769)	(32, 39.1857)	(33, 39.1603)	(34, 39.1302)	(35, 39.1242)	(36, 39.1288)	(37, 39.1095)	(38, 39.0361)	(39, 39.022)	(40, 39.0092)	(41, 38.9613)	(42, 38.9183)	(43, 38.8901)	(44, 38.841)	(45, 38.7838)	(46, 38.7177)	(47, 38.6307)	(48, 38.5753)	(49, 38.4919)	(50, 38.4276)	(51, 36.9453)	(52, 37.4663)	(53, 38.0827)	(54, 38.3027)	(55, 38.3717)	(56, 38.3605)	(57, 38.2966)	(58, 38.2291)	(59, 38.129)	(60, 38.0459)	(61, 37.9219)	(62, 37.8112)	(63, 37.6603)	(64, 37.5143)	(65, 37.3673)	(66, 37.2105)	(67, 37.0458)	(68, 36.8765)	(69, 36.7056)	(70, 36.527)	(71, 36.3281)	(72, 36.042)	(73, 35.9214)	(74, 35.7905)	(75, 35.5906)	(76, 35.4213)	(77, 35.2341)	(78, 35.0475)	(79, 34.8519)	(80, 34.6739)	(81, 34.4653)	(82, 34.2945)	(83, 34.1151)	(84, 33.9475)	(85, 33.7704)	(86, 33.5955)	(87, 33.4512)	(88, 33.2963)	(89, 33.1411)	(90, 33.0208)	(91, 32.8813)	(92, 32.7516)	(93, 32.6109)	(94, 32.4629)	(95, 32.3259)	(96, 32.1822)	(97, 32.0293)	(98, 31.8536)	(99, 31.636)	(100, 31.3668)	(101, 28.3172)
NA20274	(1, 30.6648)	(2, 30.8621)	(3, 31.0044)	(4, 34.3082)	(5, 34.5021)	(6, 34.3998)	(7, 34.6509)	(8, 34.7801)	(9, 36.0746)	(10, 35.9997)	(11, 36.0461)	(12, 36.0097)	(13, 36.0591)	(14, 36.9891)	(15, 36.9808)	(16, 36.9533)	(17, 36.7786)	(18, 36.8974)	(19, 37.0398)	(20, 36.8679)	(21, 36.8926)	(22, 36.7939)	(23, 36.8533)	(24, 36.7819)	(25, 36.5574)	(26, 36.5243)	(27, 36.3747)	(28, 36.3189)	(29, 36.3825)	(30, 36.3843)	(31, 36.3359)	(32, 36.193)	(33, 36.026)	(34, 35.7778)	(35, 35.6548)	(36, 35.4579)	(37, 35.5459)	(38, 35.6432)	(39, 36.0269)	(40, 36.1214)	(41, 36.0991)	(42, 36.1059)	(43, 36.0394)	(44, 36.1383)	(45, 36.0118)	(46, 35.9452)	(47, 35.9787)	(48, 35.8105)	(49, 35.7043)	(50, 35.4543)	(51, 34.6978)	(52, 35.1687)	(53, 35.2966)	(54, 35.4056)	(55, 35.2834)	(56, 35.1633)	(57, 35.0971)	(58, 35.0663)	(59, 34.8097)	(60, 34.7774)	(61, 34.7482)	(62, 34.6419)	(63, 34.4772)	(64, 34.2564)	(65, 33.9842)	(66, 33.7352)	(67, 33.5684)	(68, 33.2637)	(69, 33.1142)	(70, 32.8476)	(71, 32.5755)	(72, 32.3235)	(73, 32.1174)	(74, 31.8872)	(75, 31.5398)	(76, 31.3029)	(77, 31.0369)	(78, 30.7435)	(79, 30.3936)	(80, 30.0397)	(81, 29.7268)	(82, 29.5037)	(83, 29.2557)	(84, 29.0125)	(85, 28.7214)	(86, 28.4592)	(87, 28.2125)	(88, 27.8566)	(89, 27.6212)	(90, 27.2535)	(91, 26.9782)	(92, 26.7338)	(93, 26.3838)	(94, 26.0231)	(95, 25.5924)	(96, 25.1885)	(97, 24.8124)	(98, 24.389)	(99, 23.9934)	(100, 23.5395)	
NA20342	(1, 39.3968)	(2, 39.3249)	(3, 39.3103)	(4, 39.3192)	(5, 39.3219)	(6, 39.34)	(7, 39.3027)	(8, 39.2832)	(9, 39.2806)	(10, 39.2701)	(11, 39.2833)	(12, 39.2493)	(13, 39.237)	(14, 39.2233)	(15, 39.2139)	(16, 39.2249)	(17, 39.1911)	(18, 39.1614)	(19, 39.1433)	(20, 39.1315)	(21, 39.1053)	(22, 39.0581)	(23, 39.0464)	(24, 39.0255)	(25, 39.0066)	(26, 39.0023)	(27, 38.9522)	(28, 38.9162)	(29, 38.8925)	(30, 38.8695)	(31, 38.8642)	(32, 38.8138)	(33, 38.7751)	(34, 38.7412)	(35, 38.7175)	(36, 38.6996)	(37, 38.6343)	(38, 38.5776)	(39, 38.5397)	(40, 38.5086)	(41, 38.4983)	(42, 38.6097)	(43, 38.5806)	(44, 38.4975)	(45, 38.4857)	(46, 38.5607)	(47, 38.5066)	(48, 38.4716)	(49, 38.4048)	(50, 38.3496)	(51, 38.3544)	(52, 38.2832)	(53, 38.2918)	(54, 38.2449)	(55, 38.1999)	(56, 38.2572)	(57, 38.161)	(58, 38.0924)	(59, 38.058)	(60, 37.9841)	(61, 37.9808)	(62, 37.8643)	(63, 37.8039)	(64, 37.7367)	(65, 37.6603)	(66, 37.5806)	(67, 37.4509)	(68, 37.3826)	(69, 37.3013)	(70, 37.2295)	(71, 37.1537)	(72, 37.0368)	(73, 36.8916)	(74, 36.8094)	(75, 36.7011)	(76, 36.5894)	(77, 36.4499)	(78, 36.3241)	(79, 36.1703)	(80, 36.0517)	(81, 35.8994)	(82, 35.7471)	(83, 35.5856)	(84, 35.4484)	(85, 35.3122)	(86, 35.082)	(87, 34.914)	(88, 34.7424)	(89, 34.5813)	(90, 34.3872)	(91, 34.1491)	(92, 33.9383)	(93, 33.7627)	(94, 33.6406)	(95, 33.3839)	(96, 32.9402)	(97, 32.688)	(98, 32.473)	(99, 31.8522)	(100, 31.9618)	
NA20351	(1, 32.5756)	(2, 32.7821)	(3, 32.8227)	(4, 36.189)	(5, 36.1321)	(6, 36.1416)	(7, 36.1159)	(8, 36.1097)	(9, 37.8442)	(10, 37.8105)	(11, 37.8027)	(12, 37.8024)	(13, 37.793)	(14, 39.334)	(15, 39.348)	(16, 39.3509)	(17, 39.3291)	(18, 39.3131)	(19, 39.3936)	(20, 39.3791)	(21, 39.3606)	(22, 39.3465)	(23, 39.3041)	(24, 39.3058)	(25, 39.2688)	(26, 39.1922)	(27, 39.1357)	(28, 39.0641)	(29, 39.0226)	(30, 39.1273)	(31, 39.1071)	(32, 39.1025)	(33, 39.095)	(34, 39.0634)	(35, 39.0327)	(36, 39.0359)	(37, 39.0274)	(38, 38.9718)	(39, 38.9604)	(40, 38.9543)	(41, 38.8976)	(42, 38.8298)	(43, 38.8046)	(44, 38.7583)	(45, 38.7077)	(46, 38.6318)	(47, 38.5396)	(48, 38.4693)	(49, 38.4103)	(50, 38.3385)	(51, 36.8429)	(52, 37.3806)	(53, 37.7702)	(54, 37.9344)	(55, 38.1241)	(56, 38.1662)	(57, 38.1417)	(58, 38.0908)	(59, 37.9955)	(60, 37.8978)	(61, 37.8002)	(62, 37.6808)	(63, 37.5373)	(64, 37.3858)	(65, 37.2364)	(66, 37.0814)	(67, 36.9048)	(68, 36.7417)	(69, 36.5711)	(70, 36.3751)	(71, 36.2053)	(72, 35.9804)	(73, 35.8271)	(74, 35.656)	(75, 35.4343)	(76, 35.2536)	(77, 35.0696)	(78, 34.8693)	(79, 34.6896)	(80, 34.5122)	(81, 34.3136)	(82, 34.1341)	(83, 33.9449)	(84, 33.7665)	(85, 33.6151)	(86, 33.4688)	(87, 33.3231)	(88, 33.1683)	(89, 33.0268)	(90, 32.9049)	(91, 32.7634)	(92, 32.6332)	(93, 32.5018)	(94, 32.3523)	(95, 32.211)	(96, 32.0447)	(97, 31.8748)	(98, 31.6964)	(99, 31.4632)	(100, 31.1748)	(101, 28.0812)
NA20355	(1, 30.9041)	(2, 30.9666)	(3, 30.9361)	(4, 34.4266)	(5, 34.5135)	(6, 34.5744)	(7, 34.6866)	(8, 34.6402)	(9, 36.0422)	(10, 35.9467)	(11, 36.0089)	(12, 36.0026)	(13, 35.9069)	(14, 36.9348)	(15, 36.91)	(16, 37.054)	(17, 36.9225)	(18, 36.906)	(19, 36.8778)	(20, 36.6953)	(21, 36.6386)	(22, 36.7891)	(23, 36.6818)	(24, 36.7681)	(25, 36.6373)	(26, 36.5621)	(27, 36.4447)	(28, 36.3302)	(29, 36.2506)	(30, 36.1384)	(31, 36.1607)	(32, 36.1274)	(33, 36.0223)	(34, 35.7796)	(35, 35.6061)	(36, 35.5501)	(37, 35.4944)	(38, 35.8192)	(39, 36.0184)	(40, 36.0847)	(41, 36.0859)	(42, 36.0553)	(43, 36.0462)	(44, 35.9471)	(45, 35.8443)	(46, 35.6406)	(47, 35.5726)	(48, 35.5678)	(49, 35.3987)	(50, 35.2507)	(51, 34.33)	(52, 34.8885)	(53, 35.1709)	(54, 35.2295)	(55, 35.1565)	(56, 35.0327)	(57, 34.8509)	(58, 34.8789)	(59, 34.6337)	(60, 34.5278)	(61, 34.4816)	(62, 34.2283)	(63, 34.0115)	(64, 33.8539)	(65, 33.6852)	(66, 33.5321)	(67, 33.2362)	(68, 33.0582)	(69, 32.7632)	(70, 32.5096)	(71, 32.2339)	(72, 32.1065)	(73, 31.8368)	(74, 31.5357)	(75, 31.3721)	(76, 31.143)	(77, 30.7993)	(78, 30.5349)	(79, 30.2548)	(80, 29.909)	(81, 29.6211)	(82, 29.4099)	(83, 29.1647)	(84, 28.826)	(85, 28.5098)	(86, 28.2897)	(87, 28.0158)	(88, 27.7504)	(89, 27.4243)	(90, 27.0816)	(91, 26.8543)	(92, 26.5054)	(93, 26.1873)	(94, 25.9185)	(95, 25.6019)	(96, 25.1759)	(97, 24.7149)	(98, 24.2913)	(99, 23.8382)	(100, 23.3549)	
NA20503	(1, 31.8409)	(2, 32.049)	(3, 32.1259)	(4, 35.6669)	(5, 35.6336)	(6, 35.6675)	(7, 35.6105)	(8, 35.5958)	(9, 37.1184)	(10, 37.0733)	(11, 37.0902)	(12, 37.0949)	(13, 37.0525)	(14, 38.3291)	(15, 38.3211)	(16, 38.2747)	(17, 38.2707)	(18, 38.328)	(19, 38.4387)	(20, 38.4191)	(21, 38.4037)	(22, 38.3823)	(23, 38.284)	(24, 38.2553)	(25, 38.0898)	(26, 38.0472)	(27, 38.1063)	(28, 38.0622)	(29, 38.0765)	(30, 38.0372)	(31, 37.9682)	(32, 37.9417)	(33, 37.8795)	(34, 37.8062)	(35, 37.7827)	(36, 37.7219)	(37, 37.6651)	(38, 37.6202)	(39, 37.5837)	(40, 37.5869)	(41, 37.6305)	(42, 37.783)	(43, 37.8479)	(44, 37.8537)	(45, 37.7489)	(46, 37.6601)	(47, 37.555)	(48, 37.4472)	(49, 37.3409)	(50, 37.2503)	(51, 35.5521)	(52, 36.2119)	(53, 36.6906)	(54, 36.9131)	(55, 36.9562)	(56, 36.9268)	(57, 36.8677)	(58, 36.8001)	(59, 36.7136)	(60, 36.6308)	(61, 36.5344)	(62, 36.4747)	(63, 36.3853)	(64, 36.2554)	(65, 36.1338)	(66, 36.0036)	(67, 35.8455)	(68, 35.6658)	(69, 35.4905)	(70, 35.2694)	(71, 35.0662)	(72, 34.8493)	(73, 34.6481)	(74, 34.4372)	(75, 34.2287)	(76, 34.0014)	(77, 33.8082)	(78, 33.6132)	(79, 33.429)	(80, 33.2155)	(81, 33.0526)	(82, 32.8511)	(83, 32.6525)	(84, 32.4633)	(85, 32.3222)	(86, 32.1712)	(87, 32.0056)	(88, 31.8032)	(89, 31.5969)	(90, 31.3921)	(91, 31.1683)	(92, 30.9214)	(93, 30.7226)	(94, 30.516)	(95, 30.2973)	(96, 30.0862)	(97, 29.872)	(98, 29.6043)	(99, 29.3444)	(100, 29.0399)	(101, 26.5483)
NA20507	(1, 32.3332)	(2, 32.5167)	(3, 32.5496)	(4, 36.0106)	(5, 35.9694)	(6, 36.002)	(7, 35.9807)	(8, 35.9838)	(9, 37.6769)	(10, 37.6652)	(11, 37.6616)	(12, 37.6689)	(13, 37.6523)	(14, 39.0534)	(15, 39.0038)	(16, 38.942)	(17, 38.9148)	(18, 38.8737)	(19, 38.8819)	(20, 38.818)	(21, 38.7556)	(22, 38.7078)	(23, 38.8454)	(24, 38.8899)	(25, 38.8449)	(26, 38.8391)	(27, 38.8309)	(28, 38.8)	(29, 38.7959)	(30, 38.7739)	(31, 38.7556)	(32, 38.7364)	(33, 38.6628)	(34, 38.6267)	(35, 38.5718)	(36, 38.5271)	(37, 38.474)	(38, 38.4355)	(39, 38.3722)	(40, 38.3119)	(41, 38.2434)	(42, 38.1824)	(43, 38.0998)	(44, 38.0407)	(45, 37.9568)	(46, 37.8862)	(47, 37.8028)	(48, 37.7312)	(49, 37.676)	(50, 37.6185)	(51, 34.7211)	(52, 35.9191)	(53, 36.7004)	(54, 37.275)	(55, 37.4107)	(56, 37.4557)	(57, 37.3976)	(58, 37.3035)	(59, 37.2009)	(60, 37.0904)	(61, 36.9607)	(62, 36.8131)	(63, 36.671)	(64, 36.5273)	(65, 36.3469)	(66, 36.1653)	(67, 36.0025)	(68, 35.8508)	(69, 35.6655)	(70, 35.4781)	(71, 35.2932)	(72, 35.123)	(73, 34.9109)	(74, 34.7296)	(75, 34.5334)	(76, 34.3455)	(77, 34.1579)	(78, 33.9564)	(79, 33.7431)	(80, 33.5849)	(81, 33.4167)	(82, 33.2459)	(83, 33.0612)	(84, 32.8971)	(85, 32.7195)	(86, 32.6123)	(87, 32.5632)	(88, 32.4676)	(89, 32.341)	(90, 32.219)	(91, 32.0593)	(92, 31.9036)	(93, 31.7474)	(94, 31.6049)	(95, 31.4234)	(96, 31.2173)	(97, 30.9737)	(98, 30.7566)	(99, 30.4698)	(100, 29.9575)	(101, 26.1187)
NA20511	(1, 30.9423)	(2, 31.0045)	(3, 30.9718)	(4, 34.4449)	(5, 34.5401)	(6, 34.6026)	(7, 34.7198)	(8, 34.6718)	(9, 36.0845)	(10, 35.9895)	(11, 36.0565)	(12, 36.0484)	(13, 35.9664)	(14, 37.0075)	(15, 36.9808)	(16, 37.129)	(17, 36.9977)	(18, 36.9843)	(19, 36.9632)	(20, 36.7799)	(21, 36.7264)	(22, 36.8838)	(23, 36.7779)	(24, 36.8732)	(25, 36.7463)	(26, 36.6774)	(27, 36.5641)	(28, 36.4511)	(29, 36.3744)	(30, 36.2629)	(31, 36.2933)	(32, 36.2648)	(33, 36.1645)	(34, 35.9292)	(35, 35.7617)	(36, 35.7078)	(37, 35.6604)	(38, 35.9741)	(39, 36.166)	(40, 36.2322)	(41, 36.235)	(42, 36.2069)	(43, 36.2066)	(44, 36.1093)	(45, 36.012)	(46, 35.8062)	(47, 35.7443)	(48, 35.7517)	(49, 35.5926)	(50, 35.4524)	(51, 34.5373)	(52, 35.1054)	(53, 35.395)	(54, 35.4602)	(55, 35.3952)	(56, 35.2804)	(57, 35.104)	(58, 35.146)	(59, 34.9099)	(60, 34.8222)	(61, 34.7878)	(62, 34.537)	(63, 34.3333)	(64, 34.1861)	(65, 34.0271)	(66, 33.89)	(67, 33.6015)	(68, 33.4406)	(69, 33.1532)	(70, 32.9133)	(71, 32.6477)	(72, 32.5341)	(73, 32.2693)	(74, 31.9734)	(75, 31.8204)	(76, 31.5967)	(77, 31.2591)	(78, 31.0007)	(79, 30.7203)	(80, 30.3715)	(81, 30.0825)	(82, 29.8768)	(83, 29.6353)	(84, 29.3013)	(85, 28.9855)	(86, 28.7677)	(87, 28.4973)	(88, 28.2341)	(89, 27.9132)	(90, 27.5708)	(91, 27.357)	(92, 27.0089)	(93, 26.7058)	(94, 26.4516)	(95, 26.1522)	(96, 25.7435)	(97, 25.3025)	(98, 24.8984)	(99, 24.4633)	(100, 23.9987)	
NA20864	(1, 32.4712)	(2, 32.6435)	(3, 32.7085)	(4, 36.1317)	(5, 36.1104)	(6, 36.1289)	(7, 36.1177)	(8, 36.0935)	(9, 37.7874)	(10, 37.7552)	(11, 37.7191)	(12, 37.7004)	(13, 37.6531)	(14, 39.0429)	(15, 38.9885)	(16, 38.9218)	(17, 38.8556)	(18, 38.8045)	(19, 38.8953)	(20, 38.8515)	(21, 38.8092)	(22, 38.7661)	(23, 38.8358)	(24, 38.9119)	(25, 38.9213)	(26, 38.9023)	(27, 38.8681)	(28, 38.8284)	(29, 38.7857)	(30, 38.7283)	(31, 38.697)	(32, 38.6574)	(33, 38.6166)	(34, 38.548)	(35, 38.4726)	(36, 38.4392)	(37, 38.3522)	(38, 38.2876)	(39, 38.2515)	(40, 38.184)	(41, 38.1009)	(42, 37.9728)	(43, 37.9184)	(44, 37.828)	(45, 37.7661)	(46, 37.6597)	(47, 37.5542)	(48, 37.4323)	(49, 37.3484)	(50, 37.2323)	(51, 35.8317)	(52, 36.4154)	(53, 36.8214)	(54, 37.0071)	(55, 36.9878)	(56, 36.8909)	(57, 36.7497)	(58, 36.5673)	(59, 36.3732)	(60, 36.1152)	(61, 35.8471)	(62, 35.6089)	(63, 35.3335)	(64, 35.0561)	(65, 34.7708)	(66, 34.4554)	(67, 34.1584)	(68, 33.92)	(69, 33.61)	(70, 33.4471)	(71, 33.1793)	(72, 32.8655)	(73, 32.5157)	(74, 32.2395)	(75, 31.8944)	(76, 31.5391)	(77, 31.1395)	(78, 30.8124)	(79, 30.4568)	(80, 30.0078)	(81, 29.6374)	(82, 29.2694)	(83, 28.7134)	(84, 28.3065)	(85, 27.8911)	(86, 27.4172)	(87, 26.8738)	(88, 26.3338)	(89, 25.7422)	(90, 24.9051)											
NA21092	(1, 39.2548)	(2, 39.109)	(3, 39.0841)	(4, 39.0779)	(5, 39.0589)	(6, 39.0637)	(7, 39.0115)	(8, 38.9784)	(9, 38.9541)	(10, 38.92)	(11, 38.9099)	(12, 38.8559)	(13, 38.8186)	(14, 38.7759)	(15, 38.7376)	(16, 38.718)	(17, 38.6484)	(18, 38.599)	(19, 38.5516)	(20, 38.5147)	(21, 38.4862)	(22, 38.4)	(23, 38.3363)	(24, 38.2747)	(25, 38.217)	(26, 38.1747)	(27, 38.0768)	(28, 37.9962)	(29, 38.1797)	(30, 38.13)	(31, 38.1769)	(32, 38.0839)	(33, 38.0054)	(34, 37.9523)	(35, 37.8947)	(36, 37.8695)	(37, 37.7493)	(38, 37.676)	(39, 37.6088)	(40, 37.5395)	(41, 38.0033)	(42, 37.8955)	(43, 37.8062)	(44, 37.7544)	(45, 37.6957)	(46, 37.767)	(47, 37.6503)	(48, 37.5513)	(49, 37.4851)	(50, 37.4185)	(51, 37.3859)	(52, 37.2458)	(53, 37.1579)	(54, 37.0782)	(55, 36.998)	(56, 36.9608)	(57, 36.8061)	(58, 36.6864)	(59, 36.5804)	(60, 36.4984)	(61, 36.4133)	(62, 36.2278)	(63, 36.0611)	(64, 35.9233)	(65, 35.7746)	(66, 35.6219)	(67, 35.374)	(68, 35.2023)	(69, 35.0561)	(70, 34.8785)	(71, 34.6812)	(72, 34.4394)	(73, 34.2152)	(74, 34.023)	(75, 33.8089)	(76, 33.5758)	(77, 33.2984)	(78, 33.0687)	(79, 32.8669)	(80, 32.6286)	(81, 32.3247)	(82, 32.0368)	(83, 31.7936)	(84, 31.5231)	(85, 31.2895)	(86, 30.9367)	(87, 30.5808)	(88, 30.2785)	(89, 29.9712)	(90, 29.6547)	(91, 29.2004)	(92, 28.8954)	(93, 28.5511)	(94, 28.2335)	(95, 27.8165)	(96, 27.169)	(97, 26.783)	(98, 26.5031)	(99, 26.2022)	(100, 26.0929)	
SRR070532	(1, 38.952)	(2, 38.9129)	(3, 38.8963)	(4, 38.899)	(5, 38.9162)	(6, 38.9724)	(7, 38.926)	(8, 38.9024)	(9, 38.8859)	(10, 38.8676)	(11, 38.9218)	(12, 38.8731)	(13, 38.845)	(14, 38.8237)	(15, 38.7916)	(16, 38.8157)	(17, 38.753)	(18, 38.7184)	(19, 38.6907)	(20, 38.6638)	(21, 38.6781)	(22, 38.6097)	(23, 38.5499)	(24, 38.5256)	(25, 38.4925)	(26, 38.4764)	(27, 38.4053)	(28, 38.3427)	(29, 38.3009)	(30, 38.2542)	(31, 38.2193)	(32, 38.1106)	(33, 38.0479)	(34, 37.9762)	(35, 37.9197)	(36, 38.2056)	(37, 38.0559)	(38, 38.0074)	(39, 38.0145)	(40, 37.976)	(41, 38.1946)	(42, 38.1177)	(43, 38.0687)	(44, 37.957)	(45, 37.9143)	(46, 38.0143)	(47, 37.8565)	(48, 37.8646)	(49, 37.7458)	(50, 37.695)	(51, 37.6962)	(52, 37.6425)	(53, 37.5632)	(54, 37.51)	(55, 37.4061)	(56, 37.4246)	(57, 37.3029)	(58, 37.2494)	(59, 37.1669)	(60, 37.0611)	(61, 37.0527)	(62, 36.8643)	(63, 36.746)	(64, 36.6525)	(65, 36.5294)	(66, 36.3806)	(67, 36.2639)	(68, 36.0779)	(69, 35.947)	(70, 35.7985)	(71, 35.711)	(72, 35.4814)	(73, 35.3026)	(74, 35.1462)	(75, 34.9824)	(76, 34.8067)	(77, 34.621)	(78, 34.4506)	(79, 34.2742)	(80, 34.0912)	(81, 33.8796)	(82, 33.6597)	(83, 33.4616)	(84, 33.2829)	(85, 33.0679)	(86, 32.8034)	(87, 32.5623)	(88, 32.3364)	(89, 32.1278)	(90, 31.8707)	(91, 31.5721)	(92, 31.308)	(93, 31.0524)	(94, 30.8249)	(95, 30.5336)	(96, 30.1522)	(97, 29.9014)	(98, 29.6487)	(99, 29.4032)	(100, 29.1774)	
SRR077439	(1, 39.4535)	(2, 39.3873)	(3, 39.3785)	(4, 39.3747)	(5, 39.3754)	(6, 39.3901)	(7, 39.355)	(8, 39.3318)	(9, 39.3204)	(10, 39.3038)	(11, 39.3055)	(12, 39.2835)	(13, 39.2545)	(14, 39.2347)	(15, 39.2258)	(16, 39.2139)	(17, 39.1612)	(18, 39.1413)	(19, 39.1229)	(20, 39.0998)	(21, 39.0484)	(22, 39.0073)	(23, 38.966)	(24, 38.9049)	(25, 38.789)	(26, 38.5381)	(27, 38.4931)	(28, 38.5178)	(29, 38.5075)	(30, 38.5584)	(31, 38.611)	(32, 38.5465)	(33, 38.4919)	(34, 38.4382)	(35, 38.3957)	(36, 38.8469)	(37, 38.7985)	(38, 38.7559)	(39, 38.7192)	(40, 38.6821)	(41, 38.7268)	(42, 38.6494)	(43, 38.5972)	(44, 38.56)	(45, 38.5115)	(46, 38.4786)	(47, 38.3747)	(48, 38.3432)	(49, 38.3656)	(50, 38.3175)	(51, 38.385)	(52, 38.3293)	(53, 38.237)	(54, 38.1906)	(55, 38.1874)	(56, 38.0647)	(57, 38.0577)	(58, 38.015)	(59, 37.9119)	(60, 37.7744)	(61, 37.8173)	(62, 37.7194)	(63, 37.5908)	(64, 37.5766)	(65, 37.463)	(66, 37.322)	(67, 37.201)	(68, 37.0915)	(69, 36.9875)	(70, 36.8542)	(71, 36.7016)	(72, 36.4713)	(73, 36.5082)	(74, 36.4116)	(75, 36.3062)	(76, 36.1325)	(77, 35.9473)	(78, 35.8293)	(79, 35.7067)	(80, 35.5288)	(81, 35.3535)	(82, 35.1097)	(83, 34.9421)	(84, 34.7935)	(85, 34.7547)	(86, 34.3558)	(87, 33.816)	(88, 33.9704)	(89, 33.6926)	(90, 33.5911)	(91, 33.194)	(92, 33.0784)	(93, 32.8462)	(94, 32.6667)	(95, 32.526)	(96, 32.2417)	(97, 32.0044)	(98, 31.7903)	(99, 31.5988)	(100, 31.3962)	
SRR077476	(1, 39.3989)	(2, 39.3439)	(3, 39.3272)	(4, 39.3268)	(5, 39.3243)	(6, 39.3501)	(7, 39.3188)	(8, 39.3025)	(9, 39.2855)	(10, 39.2702)	(11, 39.2794)	(12, 39.2452)	(13, 39.2232)	(14, 39.2042)	(15, 39.1848)	(16, 39.178)	(17, 39.1388)	(18, 39.1098)	(19, 39.0825)	(20, 39.0558)	(21, 39.0387)	(22, 38.9883)	(23, 38.9488)	(24, 38.9157)	(25, 38.8841)	(26, 38.8494)	(27, 38.7872)	(28, 38.7383)	(29, 38.6915)	(30, 38.6455)	(31, 38.6266)	(32, 38.7602)	(33, 38.7189)	(34, 38.6858)	(35, 38.6589)	(36, 38.6098)	(37, 38.6265)	(38, 38.5797)	(39, 38.5434)	(40, 38.5092)	(41, 38.491)	(42, 38.413)	(43, 38.3571)	(44, 38.2924)	(45, 38.3096)	(46, 38.3447)	(47, 38.2516)	(48, 38.1828)	(49, 38.142)	(50, 38.0822)	(51, 38.0393)	(52, 37.954)	(53, 37.8775)	(54, 37.81)	(55, 37.7157)	(56, 37.6443)	(57, 37.5759)	(58, 37.4553)	(59, 37.3898)	(60, 37.2918)	(61, 37.1892)	(62, 37.0329)	(63, 36.9119)	(64, 36.8215)	(65, 36.6962)	(66, 36.5097)	(67, 36.3727)	(68, 36.2199)	(69, 36.0961)	(70, 35.8684)	(71, 35.7283)	(72, 35.5351)	(73, 35.3386)	(74, 35.181)	(75, 34.9277)	(76, 34.7334)	(77, 34.5368)	(78, 34.3102)	(79, 34.1473)	(80, 33.7373)	(81, 33.6254)	(82, 33.3763)	(83, 33.1627)	(84, 32.9486)	(85, 32.6672)	(86, 32.3884)	(87, 32.157)	(88, 31.8799)	(89, 31.6588)	(90, 31.2781)	(91, 30.9466)	(92, 30.7277)	(93, 30.4591)	(94, 30.1931)	(95, 29.888)	(96, 29.457)	(97, 29.1616)	(98, 28.9167)	(99, 28.6667)	(100, 28.4661)	
SRR100000	(1, 38.1258)	(2, 37.8788)	(3, 37.8043)	(4, 37.7368)	(5, 37.706)	(6, 37.7297)	(7, 37.6529)	(8, 37.5768)	(9, 37.5142)	(10, 37.4736)	(11, 37.3904)	(12, 37.2956)	(13, 37.2162)	(14, 37.131)	(15, 37.075)	(16, 36.9593)	(17, 36.8489)	(18, 36.7564)	(19, 36.6715)	(20, 36.5484)	(21, 36.6518)	(22, 36.6029)	(23, 36.5014)	(24, 36.4132)	(25, 36.3219)	(26, 36.333)	(27, 36.1956)	(28, 36.0812)	(29, 35.9593)	(30, 35.8948)	(31, 35.79)	(32, 35.608)	(33, 35.4803)	(34, 35.3464)	(35, 35.2069)	(36, 35.1041)	(37, 34.9275)	(38, 34.7305)	(39, 34.6808)	(40, 34.4614)	(41, 34.3495)	(42, 34.1118)	(43, 33.8801)	(44, 33.7317)	(45, 33.571)	(46, 33.2368)	(47, 32.9949)	(48, 32.7176)	(49, 32.4783)	(50, 32.2156)	(51, 34.2033)	(52, 33.967)	(53, 33.795)	(54, 33.6075)	(55, 33.3903)	(56, 33.5489)	(57, 33.2525)	(58, 32.9738)	(59, 32.6522)	(60, 32.3141)	(61, 31.7579)	(62, 31.3686)	(63, 31.0163)	(64, 30.6239)	(65, 30.1711)	(66, 29.4139)	(67, 28.963)	(68, 28.5234)	(69, 28.0673)	(70, 27.4985)	(71, 26.6295)	(72, 26.0522)	(73, 25.5465)	(74, 24.9916)	(75, 24.4291)	(76, 22.9949)																									
SRR100031	(1, 38.104)	(2, 37.883)	(3, 37.8412)	(4, 37.7993)	(5, 37.7821)	(6, 37.8009)	(7, 37.7543)	(8, 37.6897)	(9, 37.6613)	(10, 37.6228)	(11, 37.5963)	(12, 37.5307)	(13, 37.4575)	(14, 37.4025)	(15, 37.356)	(16, 37.3071)	(17, 37.2168)	(18, 37.1267)	(19, 37.079)	(20, 37.0085)	(21, 36.9128)	(22, 36.7896)	(23, 36.7056)	(24, 36.6144)	(25, 36.6975)	(26, 36.8342)	(27, 36.7412)	(28, 36.6025)	(29, 36.5552)	(30, 36.4858)	(31, 36.5075)	(32, 36.3654)	(33, 36.249)	(34, 36.1644)	(35, 36.1086)	(36, 36.0304)	(37, 35.8991)	(38, 35.76)	(39, 35.6601)	(40, 35.5161)	(41, 35.4269)	(42, 35.2645)	(43, 35.1113)	(44, 35.0211)	(45, 34.9237)	(46, 34.7237)	(47, 34.556)	(48, 34.3875)	(49, 34.1926)	(50, 33.9883)	(51, 35.2409)	(52, 35.0739)	(53, 34.8712)	(54, 34.6781)	(55, 34.5257)	(56, 34.5672)	(57, 34.3277)	(58, 34.1051)	(59, 33.8431)	(60, 33.6297)	(61, 33.2819)	(62, 33.0308)	(63, 32.7539)	(64, 32.4908)	(65, 32.163)	(66, 31.7234)	(67, 31.4094)	(68, 31.0927)	(69, 30.7633)	(70, 30.3614)	(71, 29.7082)	(72, 29.292)	(73, 28.8708)	(74, 28.4866)	(75, 28.1162)	(76, 26.7913)																									
SRR231651	(1, 38.1073)	(2, 37.9286)	(3, 37.8621)	(4, 37.8689)	(5, 37.8238)	(6, 37.9301)	(7, 37.9018)	(8, 37.859)	(9, 37.8739)	(10, 37.8573)	(11, 37.8842)	(12, 37.8736)	(13, 37.8185)	(14, 37.8093)	(15, 37.7578)	(16, 37.7648)	(17, 37.7043)	(18, 37.6687)	(19, 37.6297)	(20, 37.597)	(21, 37.5096)	(22, 37.4553)	(23, 37.345)	(24, 37.26)	(25, 37.1903)	(26, 37.0152)	(27, 36.9119)	(28, 36.8056)	(29, 36.8376)	(30, 36.8197)	(31, 36.7807)	(32, 36.8208)	(33, 36.7676)	(34, 36.6963)	(35, 36.5581)	(36, 36.7448)	(37, 36.6296)	(38, 36.6006)	(39, 36.4874)	(40, 36.391)	(41, 36.2518)	(42, 36.0702)	(43, 35.9476)	(44, 35.8743)	(45, 35.7421)	(46, 35.666)	(47, 35.4892)	(48, 35.3903)	(49, 35.1959)	(50, 35.1503)	(51, 36.3782)	(52, 36.1929)	(53, 36.1107)	(54, 36.0086)	(55, 35.9394)	(56, 36.0298)	(57, 35.8524)	(58, 35.7515)	(59, 35.6443)	(60, 35.5936)	(61, 35.4823)	(62, 35.2835)	(63, 35.0725)	(64, 34.8149)	(65, 34.612)	(66, 34.3734)	(67, 34.1139)	(68, 33.8921)	(69, 33.6482)	(70, 33.3952)	(71, 33.1009)	(72, 32.7845)	(73, 32.5306)	(74, 32.2437)	(75, 31.9008)	(76, 31.5417)	(77, 31.148)	(78, 30.818)	(79, 30.5159)	(80, 30.1344)	(81, 29.5308)	(82, 29.1695)	(83, 28.8107)	(84, 28.3878)	(85, 28.0426)	(86, 27.372)	(87, 27.1655)	(88, 27.0276)	(89, 26.4)	(90, 26.0136)	(91, 25.4673)	(92, 24.9759)	(93, 24.5229)	(94, 24.0835)	(95, 23.565)	(96, 22.9209)	(97, 22.3831)	(98, 21.942)	(99, 21.5321)	(100, 21.162)	
SRR393023	(1, 30.0)	(2, 30.0)	(3, 30.0)	(4, 30.0)	(5, 30.0)	(6, 30.0)	(7, 30.0)	(8, 30.0)	(9, 30.0)	(10, 30.0)	(11, 30.0)	(12, 30.0)	(13, 30.0)	(14, 30.0)	(15, 30.0)	(16, 30.0)	(17, 30.0)	(18, 30.0)	(19, 30.0)	(20, 30.0)	(21, 30.0)	(22, 30.0)	(23, 30.0)	(24, 30.0)	(25, 30.0)	(26, 30.0)	(27, 30.0)	(28, 30.0)	(29, 30.0)	(30, 30.0)	(31, 30.0)	(32, 30.0)	(33, 30.0)	(34, 30.0)	(35, 30.0)	(36, 30.0)	(37, 30.0)	(38, 30.0)	(39, 30.0)	(40, 30.0)	(41, 30.0)	(42, 30.0)	(43, 30.0)	(44, 30.0)	(45, 30.0)	(46, 30.0)	(47, 30.0)	(48, 30.0)	(49, 30.0)	(50, 30.0)	(51, 30.0)	(52, 30.0)	(53, 30.0)	(54, 30.0)	(55, 30.0)	(56, 30.0)	(57, 30.0)	(58, 30.0)	(59, 30.0)	(60, 30.0)	(61, 30.0)	(62, 30.0)	(63, 30.0)	(64, 30.0)	(65, 30.0)	(66, 30.0)	(67, 30.0)	(68, 30.0)	(69, 30.0)	(70, 30.0)	(71, 30.0)	(72, 30.0)	(73, 30.0)	(74, 30.0)	(75, 30.0)	(76, 30.0)																									
SRR591803	(1, 30.0)	(2, 30.0)	(3, 30.0)	(4, 30.0)	(5, 30.0)	(6, 30.0)	(7, 30.0)	(8, 30.0)	(9, 30.0)	(10, 30.0)	(11, 30.0)	(12, 30.0)	(13, 30.0)	(14, 30.0)	(15, 30.0)	(16, 30.0)	(17, 30.0)	(18, 30.0)	(19, 30.0)	(20, 30.0)	(21, 30.0)	(22, 30.0)	(23, 30.0)	(24, 30.0)	(25, 30.0)	(26, 30.0)	(27, 30.0)	(28, 30.0)	(29, 30.0)	(30, 30.0)	(31, 30.0)	(32, 30.0)	(33, 30.0)	(34, 30.0)	(35, 30.0)	(36, 30.0)	(37, 30.0)	(38, 30.0)	(39, 30.0)	(40, 30.0)	(41, 30.0)	(42, 30.0)	(43, 30.0)	(44, 30.0)	(45, 30.0)	(46, 30.0)	(47, 30.0)	(48, 30.0)	(49, 30.0)	(50, 30.0)	(51, 30.0)	(52, 30.0)	(53, 30.0)	(54, 30.0)	(55, 30.0)	(56, 30.0)	(57, 30.0)	(58, 30.0)	(59, 30.0)	(60, 30.0)	(61, 30.0)	(62, 30.0)	(63, 30.0)	(64, 30.0)	(65, 30.0)	(66, 30.0)	(67, 30.0)	(68, 30.0)	(69, 30.0)	(70, 30.0)	(71, 30.0)	(72, 30.0)	(73, 30.0)	(74, 30.0)	(75, 30.0)	(76, 30.0)																									
SRR702079	(1, 32.6375)	(2, 32.8449)	(3, 32.8746)	(4, 36.2341)	(5, 36.22)	(6, 36.2254)	(7, 36.2142)	(8, 36.1693)	(9, 37.9067)	(10, 37.9049)	(11, 37.8698)	(12, 37.8673)	(13, 37.868)	(14, 39.3981)	(15, 39.4259)	(16, 39.4429)	(17, 39.4421)	(18, 39.4172)	(19, 39.4703)	(20, 39.44)	(21, 39.4374)	(22, 39.416)	(23, 39.3881)	(24, 39.3539)	(25, 39.3206)	(26, 39.2762)	(27, 39.2256)	(28, 39.1659)	(29, 39.2318)	(30, 39.2217)	(31, 39.1911)	(32, 39.1769)	(33, 39.1583)	(34, 39.1602)	(35, 39.1369)	(36, 39.1068)	(37, 39.1118)	(38, 39.0822)	(39, 39.0626)	(40, 39.036)	(41, 38.9948)	(42, 38.9174)	(43, 38.8889)	(44, 38.8452)	(45, 38.7875)	(46, 38.7156)	(47, 38.6357)	(48, 38.5618)	(49, 38.4894)	(50, 38.421)	(51, 36.9931)	(52, 37.5011)	(53, 37.9091)	(54, 38.2323)	(55, 38.3248)	(56, 38.3425)	(57, 38.2906)	(58, 38.2134)	(59, 38.1282)	(60, 38.0281)	(61, 37.9302)	(62, 37.7926)	(63, 37.6678)	(64, 37.4852)	(65, 37.3313)	(66, 37.1789)	(67, 37.0143)	(68, 36.866)	(69, 36.6921)	(70, 36.5117)	(71, 36.3325)	(72, 36.1635)	(73, 35.993)	(74, 35.8275)	(75, 35.6079)	(76, 35.426)	(77, 35.243)	(78, 35.0639)	(79, 34.8787)	(80, 34.6759)	(81, 34.4748)	(82, 34.2988)	(83, 34.121)	(84, 33.9442)	(85, 33.7859)	(86, 33.621)	(87, 33.4709)	(88, 33.3268)	(89, 33.1886)	(90, 33.0569)	(91, 32.9331)	(92, 32.8109)	(93, 32.6825)	(94, 32.5285)	(95, 32.4161)	(96, 32.2684)	(97, 32.1098)	(98, 31.9478)	(99, 31.727)	(100, 31.4858)	(101, 28.6143)
SRR708372	(1, 32.539)	(2, 32.735)	(3, 32.7832)	(4, 36.1707)	(5, 36.1432)	(6, 36.1629)	(7, 36.1406)	(8, 36.0873)	(9, 37.7881)	(10, 37.7932)	(11, 37.7836)	(12, 37.7543)	(13, 37.7288)	(14, 39.2769)	(15, 39.289)	(16, 39.2143)	(17, 39.2381)	(18, 39.2694)	(19, 39.3758)	(20, 39.3439)	(21, 39.3062)	(22, 39.3131)	(23, 39.3101)	(24, 39.3037)	(25, 39.2449)	(26, 39.1886)	(27, 39.1339)	(28, 39.0678)	(29, 39.024)	(30, 38.9619)	(31, 38.8926)	(32, 38.8267)	(33, 38.9365)	(34, 38.9805)	(35, 39.0014)	(36, 39.0206)	(37, 38.9935)	(38, 38.9656)	(39, 38.9453)	(40, 38.913)	(41, 38.8805)	(42, 38.8324)	(43, 38.7789)	(44, 38.7262)	(45, 38.6696)	(46, 38.5724)	(47, 38.488)	(48, 38.4251)	(49, 38.3546)	(50, 38.2948)	(51, 36.8865)	(52, 37.3932)	(53, 37.7835)	(54, 37.915)	(55, 37.9492)	(56, 38.08)	(57, 38.0792)	(58, 38.0218)	(59, 37.9607)	(60, 37.8825)	(61, 37.7815)	(62, 37.67)	(63, 37.5314)	(64, 37.3847)	(65, 37.2221)	(66, 37.0572)	(67, 36.8918)	(68, 36.7439)	(69, 36.5709)	(70, 36.3848)	(71, 36.2028)	(72, 36.0223)	(73, 35.8628)	(74, 35.6938)	(75, 35.4796)	(76, 35.3026)	(77, 35.1096)	(78, 34.9242)	(79, 34.7256)	(80, 34.5427)	(81, 34.3429)	(82, 34.1618)	(83, 33.9845)	(84, 33.8167)	(85, 33.6538)	(86, 33.4997)	(87, 33.3416)	(88, 33.1981)	(89, 33.0751)	(90, 32.9413)	(91, 32.8152)	(92, 32.6808)	(93, 32.5426)	(94, 32.4143)	(95, 32.2817)	(96, 32.1364)	(97, 31.9777)	(98, 31.7991)	(99, 31.5842)	(100, 31.3468)	(101, 28.87)
SRR708381	(1, 32.6321)	(2, 32.7485)	(3, 32.7875)	(4, 36.1942)	(5, 36.1572)	(6, 36.1661)	(7, 36.1858)	(8, 36.1824)	(9, 37.9725)	(10, 37.9806)	(11, 37.9734)	(12, 37.9577)	(13, 37.9659)	(14, 39.5129)	(15, 39.517)	(16, 39.513)	(17, 39.5056)	(18, 39.4978)	(19, 39.5389)	(20, 39.5252)	(21, 39.4914)	(22, 39.4717)	(23, 39.4449)	(24, 39.4481)	(25, 39.4058)	(26, 39.3669)	(27, 39.3347)	(28, 39.3002)	(29, 39.2751)	(30, 39.2365)	(31, 39.1849)	(32, 39.1599)	(33, 39.1424)	(34, 39.1316)	(35, 39.1052)	(36, 39.0853)	(37, 39.049)	(38, 38.6075)	(39, 38.7604)	(40, 38.802)	(41, 38.7935)	(42, 38.7242)	(43, 38.6964)	(44, 38.6369)	(45, 38.5785)	(46, 38.5073)	(47, 38.4471)	(48, 38.5947)	(49, 38.5908)	(50, 38.5532)	(51, 37.0874)	(52, 37.6269)	(53, 38.034)	(54, 38.1785)	(55, 38.1807)	(56, 38.1249)	(57, 38.0502)	(58, 37.9533)	(59, 37.86)	(60, 37.7434)	(61, 37.6119)	(62, 37.4872)	(63, 37.5945)	(64, 37.5424)	(65, 37.3976)	(66, 37.289)	(67, 37.1622)	(68, 36.9957)	(69, 36.8444)	(70, 36.6933)	(71, 36.5263)	(72, 36.3255)	(73, 36.1678)	(74, 36.0021)	(75, 35.8286)	(76, 35.6495)	(77, 35.4799)	(78, 35.3017)	(79, 35.0957)	(80, 34.9408)	(81, 34.763)	(82, 34.6212)	(83, 34.4775)	(84, 34.3408)	(85, 34.2189)	(86, 34.1061)	(87, 34.0016)	(88, 33.8902)	(89, 33.7915)	(90, 33.7068)	(91, 33.6225)	(92, 33.5414)	(93, 33.4575)	(94, 33.3786)	(95, 33.2971)	(96, 33.2193)	(97, 33.1343)	(98, 33.044)	(99, 32.9426)	(100, 32.7987)	(101, 30.6069)
SRR708382	(1, 32.6003)	(2, 32.8053)	(3, 32.8445)	(4, 36.2099)	(5, 36.1499)	(6, 36.1599)	(7, 36.1349)	(8, 36.1298)	(9, 37.8717)	(10, 37.8379)	(11, 37.831)	(12, 37.8312)	(13, 37.8216)	(14, 39.3702)	(15, 39.3836)	(16, 39.3868)	(17, 39.3655)	(18, 39.35)	(19, 39.4299)	(20, 39.4155)	(21, 39.3994)	(22, 39.3867)	(23, 39.3444)	(24, 39.3466)	(25, 39.3111)	(26, 39.2353)	(27, 39.1815)	(28, 39.1115)	(29, 39.0715)	(30, 39.1739)	(31, 39.155)	(32, 39.1517)	(33, 39.1449)	(34, 39.1133)	(35, 39.0848)	(36, 39.0884)	(37, 39.0811)	(38, 39.0261)	(39, 39.017)	(40, 39.0121)	(41, 38.9568)	(42, 38.8921)	(43, 38.8683)	(44, 38.8236)	(45, 38.7742)	(46, 38.6997)	(47, 38.609)	(48, 38.5404)	(49, 38.4811)	(50, 38.4113)	(51, 36.9105)	(52, 37.4509)	(53, 37.842)	(54, 38.0061)	(55, 38.2005)	(56, 38.2424)	(57, 38.2178)	(58, 38.1659)	(59, 38.0704)	(60, 37.9686)	(61, 37.8705)	(62, 37.7478)	(63, 37.6015)	(64, 37.4489)	(65, 37.2975)	(66, 37.141)	(67, 36.9609)	(68, 36.7965)	(69, 36.6245)	(70, 36.4261)	(71, 36.2549)	(72, 36.0269)	(73, 35.8742)	(74, 35.7038)	(75, 35.484)	(76, 35.3035)	(77, 35.1225)	(78, 34.9243)	(79, 34.7474)	(80, 34.5734)	(81, 34.381)	(82, 34.2051)	(83, 34.0224)	(84, 33.8509)	(85, 33.7046)	(86, 33.5648)	(87, 33.4273)	(88, 33.2806)	(89, 33.1471)	(90, 33.0314)	(91, 32.9001)	(92, 32.7794)	(93, 32.6553)	(94, 32.5139)	(95, 32.3834)	(96, 32.229)	(97, 32.0712)	(98, 31.905)	(99, 31.686)	(100, 31.4161)	(101, 28.3916)
SRR710114	(1, 31.4355)	(2, 31.5975)	(3, 31.6271)	(4, 35.2132)	(5, 35.2056)	(6, 35.2608)	(7, 35.2227)	(8, 35.1995)	(9, 36.6751)	(10, 36.4761)	(11, 36.5286)	(12, 36.5647)	(13, 36.5781)	(14, 37.7696)	(15, 37.7088)	(16, 37.6915)	(17, 37.6736)	(18, 37.638)	(19, 37.6886)	(20, 37.6628)	(21, 37.6302)	(22, 37.5817)	(23, 37.5429)	(24, 37.5026)	(25, 37.4523)	(26, 37.3808)	(27, 37.3134)	(28, 37.2323)	(29, 37.1532)	(30, 37.295)	(31, 37.3)	(32, 37.2629)	(33, 37.226)	(34, 37.1845)	(35, 37.1198)	(36, 37.0893)	(37, 37.0237)	(38, 36.987)	(39, 36.7347)	(40, 36.753)	(41, 36.722)	(42, 36.6603)	(43, 36.6459)	(44, 36.7319)	(45, 36.7656)	(46, 36.7592)	(47, 36.7315)	(48, 36.6773)	(49, 36.6129)	(50, 36.5325)	(51, 35.1915)	(52, 35.7952)	(53, 36.2059)	(54, 36.3687)	(55, 36.4086)	(56, 36.3917)	(57, 36.3152)	(58, 36.2251)	(59, 36.122)	(60, 36.0146)	(61, 35.8786)	(62, 35.7323)	(63, 35.5815)	(64, 35.4264)	(65, 35.2952)	(66, 35.1206)	(67, 34.9568)	(68, 34.7906)	(69, 34.6078)	(70, 34.4275)	(71, 34.2459)	(72, 34.0647)	(73, 33.8625)	(74, 33.655)	(75, 33.4527)	(76, 33.2291)	(77, 33.0142)	(78, 32.8147)	(79, 32.5997)	(80, 32.3788)	(81, 32.1444)	(82, 31.9219)	(83, 31.7209)	(84, 31.5228)	(85, 31.2973)	(86, 31.021)	(87, 30.8253)	(88, 30.6323)	(89, 30.4019)	(90, 29.8854)	(91, 29.7518)	(92, 29.5631)	(93, 29.2311)	(94, 28.8093)	(95, 28.7695)	(96, 28.5761)	(97, 28.3175)	(98, 27.9942)	(99, 27.6328)	(100, 27.196)	(101, 24.7361)
SRR715103	(1, 31.1438)	(2, 31.2808)	(3, 31.3134)	(4, 34.9388)	(5, 34.9216)	(6, 35.0471)	(7, 35.0315)	(8, 35.0275)	(9, 36.5018)	(10, 36.4814)	(11, 36.4678)	(12, 36.3567)	(13, 36.3044)	(14, 37.2975)	(15, 37.3388)	(16, 37.2563)	(17, 37.2345)	(18, 37.1922)	(19, 37.2363)	(20, 37.1454)	(21, 37.1227)	(22, 37.1973)	(23, 37.184)	(24, 37.234)	(25, 37.2424)	(26, 37.2823)	(27, 37.2177)	(28, 37.2763)	(29, 37.2166)	(30, 37.2256)	(31, 37.1944)	(32, 37.1686)	(33, 37.1803)	(34, 37.0171)	(35, 36.9391)	(36, 36.8329)	(37, 36.7493)	(38, 36.6688)	(39, 36.6027)	(40, 36.4962)	(41, 36.4946)	(42, 36.3972)	(43, 36.339)	(44, 36.2908)	(45, 36.2975)	(46, 36.2345)	(47, 36.1464)	(48, 36.1243)	(49, 36.0476)	(50, 35.9998)	(51, 33.2317)	(52, 34.3716)	(53, 35.2007)	(54, 35.5573)	(55, 35.5818)	(56, 35.4856)	(57, 35.3171)	(58, 35.1967)	(59, 35.215)	(60, 35.1577)	(61, 35.1034)	(62, 35.049)	(63, 35.0676)	(64, 34.9873)	(65, 34.9035)	(66, 34.7747)	(67, 34.6649)	(68, 34.512)	(69, 34.3313)	(70, 34.2198)	(71, 34.0709)	(72, 33.8378)	(73, 33.6821)	(74, 33.4713)	(75, 33.1383)	(76, 32.7993)	(77, 32.5593)	(78, 32.2761)	(79, 32.0982)	(80, 31.8433)	(81, 31.7535)	(82, 31.6639)	(83, 31.5126)	(84, 31.3643)	(85, 31.1604)	(86, 31.0584)	(87, 30.9148)	(88, 30.6946)	(89, 30.5513)	(90, 30.3332)	(91, 30.2292)	(92, 30.0524)	(93, 29.7737)	(94, 29.443)	(95, 29.1742)	(96, 28.9014)	(97, 28.5625)	(98, 28.1643)	(99, 27.7334)	(100, 26.97)	(101, 22.5549)
SRR716435	(1, 32.5597)	(2, 32.7112)	(3, 32.7167)	(4, 36.1226)	(5, 36.1181)	(6, 36.1414)	(7, 36.1506)	(8, 36.1452)	(9, 37.9239)	(10, 37.9232)	(11, 37.9083)	(12, 37.8953)	(13, 37.9111)	(14, 39.4378)	(15, 39.4317)	(16, 39.4105)	(17, 39.4109)	(18, 39.4115)	(19, 39.4684)	(20, 39.4277)	(21, 39.401)	(22, 39.4022)	(23, 39.3856)	(24, 39.3841)	(25, 39.333)	(26, 39.3016)	(27, 39.2691)	(28, 39.2132)	(29, 39.2043)	(30, 39.1871)	(31, 39.1513)	(32, 39.1237)	(33, 39.0916)	(34, 39.0941)	(35, 39.0629)	(36, 39.0409)	(37, 39.0019)	(38, 38.7153)	(39, 38.7733)	(40, 38.7688)	(41, 38.7518)	(42, 38.6988)	(43, 38.6581)	(44, 38.6064)	(45, 38.5493)	(46, 38.4728)	(47, 38.4176)	(48, 38.3552)	(49, 38.5419)	(50, 38.5309)	(51, 36.9782)	(52, 37.577)	(53, 38.02)	(54, 38.1956)	(55, 38.2168)	(56, 38.1664)	(57, 38.0988)	(58, 38.0005)	(59, 37.9048)	(60, 37.7914)	(61, 37.6677)	(62, 37.5465)	(63, 37.4071)	(64, 37.2602)	(65, 37.1053)	(66, 37.2026)	(67, 37.1303)	(68, 36.9913)	(69, 36.8361)	(70, 36.6858)	(71, 36.5218)	(72, 36.3379)	(73, 36.1591)	(74, 35.9827)	(75, 35.803)	(76, 35.6196)	(77, 35.4156)	(78, 35.2514)	(79, 35.0817)	(80, 34.918)	(81, 34.7572)	(82, 34.5944)	(83, 34.4433)	(84, 34.3132)	(85, 34.1785)	(86, 34.0564)	(87, 33.9426)	(88, 33.8394)	(89, 33.7379)	(90, 33.6446)	(91, 33.5607)	(92, 33.4739)	(93, 33.4027)	(94, 33.3247)	(95, 33.2471)	(96, 33.186)	(97, 33.0957)	(98, 32.9993)	(99, 32.8878)	(100, 32.7545)	(101, 30.722)
SRR716436	(1, 32.3825)	(2, 32.5497)	(3, 32.5786)	(4, 36.0213)	(5, 36.0163)	(6, 36.0556)	(7, 36.0351)	(8, 36.0355)	(9, 37.7386)	(10, 37.7331)	(11, 37.7122)	(12, 37.6959)	(13, 37.6715)	(14, 39.0741)	(15, 39.0159)	(16, 39.0052)	(17, 38.9878)	(18, 38.9276)	(19, 38.9654)	(20, 38.9436)	(21, 38.9311)	(22, 38.8971)	(23, 38.8771)	(24, 38.8851)	(25, 38.861)	(26, 38.8162)	(27, 38.7875)	(28, 38.7469)	(29, 38.6931)	(30, 38.6331)	(31, 38.5868)	(32, 38.5313)	(33, 38.4718)	(34, 38.3468)	(35, 38.2672)	(36, 38.179)	(37, 38.081)	(38, 38.0299)	(39, 37.9558)	(40, 37.8952)	(41, 38.091)	(42, 38.1137)	(43, 38.1254)	(44, 38.1163)	(45, 38.0666)	(46, 37.9762)	(47, 37.9117)	(48, 37.8381)	(49, 37.7434)	(50, 37.6502)	(51, 36.6673)	(52, 36.9824)	(53, 37.2333)	(54, 37.2855)	(55, 37.2343)	(56, 37.1556)	(57, 36.9618)	(58, 36.891)	(59, 37.005)	(60, 37.0124)	(61, 36.9681)	(62, 36.8574)	(63, 36.7317)	(64, 36.5726)	(65, 36.4479)	(66, 36.2909)	(67, 36.138)	(68, 35.9606)	(69, 35.7603)	(70, 35.5726)	(71, 35.3738)	(72, 35.1802)	(73, 35.006)	(74, 34.8419)	(75, 34.6959)	(76, 34.5431)	(77, 34.3711)	(78, 34.2219)	(79, 34.081)	(80, 33.9173)	(81, 33.7619)	(82, 33.6091)	(83, 33.4625)	(84, 33.3398)	(85, 33.2136)	(86, 33.0784)	(87, 32.9098)	(88, 32.7582)	(89, 32.636)	(90, 32.5105)	(91, 32.4056)	(92, 32.2956)	(93, 32.1853)	(94, 32.0146)	(95, 31.948)	(96, 31.8256)	(97, 31.6993)	(98, 31.5662)	(99, 31.4098)	(100, 31.1943)	(101, 29.8733)
SRR742200	(1, 32.638)	(2, 32.8345)	(3, 32.8396)	(4, 36.2192)	(5, 36.1945)	(6, 36.2199)	(7, 36.2069)	(8, 36.212)	(9, 37.9907)	(10, 37.9991)	(11, 37.9785)	(12, 37.9783)	(13, 37.9644)	(14, 39.4362)	(15, 39.4411)	(16, 39.4167)	(17, 39.3987)	(18, 39.3712)	(19, 39.3902)	(20, 39.3192)	(21, 39.3034)	(22, 39.2307)	(23, 39.1898)	(24, 39.168)	(25, 39.1204)	(26, 39.2774)	(27, 39.2953)	(28, 39.293)	(29, 39.2799)	(30, 39.277)	(31, 39.2454)	(32, 39.2223)	(33, 39.2076)	(34, 39.1848)	(35, 39.1565)	(36, 39.1237)	(37, 39.1111)	(38, 39.0322)	(39, 38.9916)	(40, 38.931)	(41, 38.8709)	(42, 38.7872)	(43, 38.7185)	(44, 38.6487)	(45, 38.586)	(46, 38.5498)	(47, 38.4979)	(48, 38.4316)	(49, 38.4277)	(50, 38.3476)	(51, 36.3386)	(52, 37.1522)	(53, 37.7117)	(54, 37.9363)	(55, 37.9673)	(56, 37.9105)	(57, 37.81)	(58, 37.6787)	(59, 37.5504)	(60, 37.386)	(61, 37.2338)	(62, 37.1988)	(63, 37.1392)	(64, 37.0078)	(65, 36.894)	(66, 36.7636)	(67, 36.6957)	(68, 36.603)	(69, 36.4735)	(70, 36.3091)	(71, 36.1274)	(72, 35.9498)	(73, 35.7735)	(74, 35.5675)	(75, 35.3541)	(76, 35.1462)	(77, 34.9243)	(78, 34.7141)	(79, 34.511)	(80, 34.3173)	(81, 34.1388)	(82, 33.9796)	(83, 33.8314)	(84, 33.6658)	(85, 33.4677)	(86, 33.393)	(87, 33.3853)	(88, 33.3572)	(89, 33.2894)	(90, 33.1956)	(91, 33.1013)	(92, 32.9881)	(93, 32.8596)	(94, 32.7269)	(95, 32.559)	(96, 32.3356)	(97, 32.1257)	(98, 31.9304)	(99, 31.7499)	(100, 31.5239)	(101, 28.4176)
SRR748280	(1, 32.8051)	(2, 33.0886)	(3, 33.1286)	(4, 36.456)	(5, 36.4183)	(6, 36.4109)	(7, 36.4114)	(8, 36.4113)	(9, 38.2013)	(10, 38.1952)	(11, 38.182)	(12, 38.1483)	(13, 38.1504)	(14, 39.7061)	(15, 39.6881)	(16, 39.6915)	(17, 39.7047)	(18, 39.6819)	(19, 39.7101)	(20, 39.7034)	(21, 39.6554)	(22, 39.6219)	(23, 39.5677)	(24, 39.5382)	(25, 39.4813)	(26, 39.5084)	(27, 39.4761)	(28, 39.4625)	(29, 39.4502)	(30, 39.4023)	(31, 39.3605)	(32, 39.3174)	(33, 39.247)	(34, 39.1822)	(35, 39.1174)	(36, 39.0632)	(37, 39.0674)	(38, 39.1024)	(39, 39.1443)	(40, 39.1186)	(41, 39.081)	(42, 39.0095)	(43, 38.879)	(44, 38.7246)	(45, 38.5951)	(46, 38.4616)	(47, 38.3634)	(48, 38.2422)	(49, 38.1398)	(50, 37.9944)	(51, 37.4979)	(52, 37.8569)	(53, 38.0816)	(54, 38.1457)	(55, 38.1453)	(56, 38.1163)	(57, 37.9185)	(58, 37.9553)	(59, 37.8999)	(60, 37.7429)	(61, 37.5283)	(62, 37.3521)	(63, 37.1733)	(64, 36.9915)	(65, 36.7918)	(66, 36.5076)	(67, 36.3542)	(68, 36.2355)	(69, 36.112)	(70, 35.9911)	(71, 35.848)	(72, 35.638)	(73, 35.4253)	(74, 35.2251)	(75, 35.0508)	(76, 34.8328)	(77, 34.5876)	(78, 34.4707)	(79, 34.2753)	(80, 34.0266)	(81, 33.6974)	(82, 33.4442)	(83, 33.236)	(84, 33.0319)	(85, 32.8444)	(86, 32.8798)	(87, 32.9761)	(88, 33.0776)	(89, 33.1425)	(90, 33.1988)	(91, 33.2491)	(92, 33.2608)	(93, 33.2031)	(94, 33.1095)	(95, 32.999)	(96, 32.8946)	(97, 32.7624)	(98, 32.5932)	(99, 32.455)	(100, 32.1614)	(101, 28.5344)
SRR748295	(1, 32.6312)	(2, 32.829)	(3, 32.8314)	(4, 36.2076)	(5, 36.1854)	(6, 36.2131)	(7, 36.2006)	(8, 36.2076)	(9, 37.9858)	(10, 37.9951)	(11, 37.9744)	(12, 37.9739)	(13, 37.9603)	(14, 39.4312)	(15, 39.4352)	(16, 39.412)	(17, 39.3946)	(18, 39.3684)	(19, 39.3882)	(20, 39.3182)	(21, 39.3015)	(22, 39.2296)	(23, 39.1883)	(24, 39.1671)	(25, 39.1186)	(26, 39.2768)	(27, 39.2955)	(28, 39.2952)	(29, 39.2824)	(30, 39.2793)	(31, 39.2486)	(32, 39.226)	(33, 39.2115)	(34, 39.1896)	(35, 39.162)	(36, 39.1304)	(37, 39.117)	(38, 39.0408)	(39, 39.001)	(40, 38.9436)	(41, 38.8859)	(42, 38.8045)	(43, 38.737)	(44, 38.6694)	(45, 38.6089)	(46, 38.5753)	(47, 38.5268)	(48, 38.463)	(49, 38.463)	(50, 38.3871)	(51, 36.3837)	(52, 37.1976)	(53, 37.7622)	(54, 37.9897)	(55, 38.0256)	(56, 37.973)	(57, 37.8768)	(58, 37.7498)	(59, 37.6274)	(60, 37.4676)	(61, 37.3197)	(62, 37.284)	(63, 37.2265)	(64, 37.0977)	(65, 36.9872)	(66, 36.8594)	(67, 36.793)	(68, 36.7025)	(69, 36.5747)	(70, 36.4113)	(71, 36.2304)	(72, 36.0513)	(73, 35.8729)	(74, 35.6644)	(75, 35.4478)	(76, 35.2379)	(77, 35.0123)	(78, 34.7971)	(79, 34.5909)	(80, 34.3914)	(81, 34.2097)	(82, 34.0461)	(83, 33.8939)	(84, 33.7234)	(85, 33.523)	(86, 33.4453)	(87, 33.4323)	(88, 33.4021)	(89, 33.3321)	(90, 33.2338)	(91, 33.1356)	(92, 33.0205)	(93, 32.8921)	(94, 32.7591)	(95, 32.5911)	(96, 32.3659)	(97, 32.1548)	(98, 31.9593)	(99, 31.7803)	(100, 31.5545)	(101, 28.4565)
SRR748552	(1, 31.923)	(2, 32.1159)	(3, 32.1613)	(4, 35.7181)	(5, 35.7135)	(6, 35.7203)	(7, 35.7023)	(8, 35.711)	(9, 37.3483)	(10, 37.3311)	(11, 37.3296)	(12, 37.3128)	(13, 37.3081)	(14, 38.6462)	(15, 38.6331)	(16, 38.6101)	(17, 38.5879)	(18, 38.554)	(19, 38.6288)	(20, 38.5875)	(21, 38.5622)	(22, 38.5211)	(23, 38.4872)	(24, 38.471)	(25, 38.4357)	(26, 38.3789)	(27, 38.3237)	(28, 38.272)	(29, 38.2353)	(30, 38.1838)	(31, 38.3854)	(32, 38.4102)	(33, 38.4143)	(34, 38.3807)	(35, 38.367)	(36, 38.3332)	(37, 38.3041)	(38, 38.2611)	(39, 38.2436)	(40, 38.224)	(41, 38.1802)	(42, 38.1527)	(43, 38.132)	(44, 38.0747)	(45, 38.006)	(46, 37.9647)	(47, 37.9244)	(48, 37.8517)	(49, 37.8085)	(50, 37.7528)	(51, 37.6758)	(52, 37.6013)	(53, 37.5242)	(54, 37.4454)	(55, 37.3547)	(56, 37.2677)	(57, 37.1666)	(58, 37.0618)	(59, 36.9835)	(60, 36.8754)	(61, 36.7683)	(62, 36.654)	(63, 36.5332)	(64, 36.3882)	(65, 36.2592)	(66, 36.1207)	(67, 35.9696)	(68, 35.8172)	(69, 35.6622)	(70, 35.5019)	(71, 35.321)	(72, 35.1539)	(73, 34.9738)	(74, 34.7849)	(75, 34.6299)	(76, 34.4557)	(77, 34.268)	(78, 34.0815)	(79, 33.9231)	(80, 33.7321)	(81, 33.5639)	(82, 33.4227)	(83, 33.2846)	(84, 33.1243)	(85, 33.1475)	(86, 33.0773)	(87, 32.9883)	(88, 32.88)	(89, 32.7837)	(90, 32.6652)	(91, 32.5641)	(92, 32.4509)	(93, 32.3396)	(94, 32.2321)	(95, 32.1276)	(96, 32.0233)	(97, 31.8928)	(98, 31.7473)	(99, 31.568)	(100, 31.298)	(101, 27.621)
SRR748557	(1, 32.249)	(2, 32.5358)	(3, 32.5817)	(4, 36.0368)	(5, 35.989)	(6, 35.9978)	(7, 35.9802)	(8, 35.9784)	(9, 37.6283)	(10, 37.6124)	(11, 37.6032)	(12, 37.5784)	(13, 37.562)	(14, 38.9428)	(15, 38.9222)	(16, 38.9301)	(17, 38.953)	(18, 38.9101)	(19, 38.9689)	(20, 38.9625)	(21, 38.9057)	(22, 38.8638)	(23, 38.8056)	(24, 38.7653)	(25, 38.6794)	(26, 38.7037)	(27, 38.6797)	(28, 38.6297)	(29, 38.5832)	(30, 38.536)	(31, 38.4788)	(32, 38.4098)	(33, 38.3308)	(34, 38.2699)	(35, 38.1993)	(36, 38.1282)	(37, 38.141)	(38, 38.1886)	(39, 38.2426)	(40, 38.2092)	(41, 38.155)	(42, 38.0688)	(43, 37.9339)	(44, 37.7515)	(45, 37.5943)	(46, 37.4481)	(47, 37.3199)	(48, 37.189)	(49, 37.149)	(50, 37.0524)	(51, 36.2804)	(52, 36.7238)	(53, 37.03)	(54, 37.1544)	(55, 37.1773)	(56, 37.1656)	(57, 37.1742)	(58, 37.1291)	(59, 37.0323)	(60, 36.844)	(61, 36.6077)	(62, 36.4185)	(63, 36.2444)	(64, 36.0661)	(65, 35.8543)	(66, 35.6613)	(67, 35.4599)	(68, 35.3225)	(69, 35.1881)	(70, 35.0623)	(71, 34.914)	(72, 34.7048)	(73, 34.4786)	(74, 34.2683)	(75, 34.0641)	(76, 33.8505)	(77, 33.6636)	(78, 33.5213)	(79, 33.2778)	(80, 32.9785)	(81, 32.5527)	(82, 32.2658)	(83, 32.0413)	(84, 31.7927)	(85, 31.581)	(86, 31.6464)	(87, 31.7722)	(88, 31.865)	(89, 31.9393)	(90, 32.0063)	(91, 32.0642)	(92, 32.0845)	(93, 31.9893)	(94, 31.8556)	(95, 31.6968)	(96, 31.5144)	(97, 31.302)	(98, 31.049)	(99, 30.7467)	(100, 30.3209)	(101, 26.3337)
SRR768533	(1, 31.2345)	(2, 31.6254)	(3, 31.7645)	(4, 35.3808)	(5, 35.4006)	(6, 35.428)	(7, 35.4176)	(8, 35.4174)	(9, 36.9591)	(10, 36.9466)	(11, 36.9194)	(12, 36.9044)	(13, 36.8807)	(14, 38.0785)	(15, 38.0509)	(16, 37.9854)	(17, 37.9817)	(18, 37.9214)	(19, 37.9714)	(20, 37.9424)	(21, 37.9256)	(22, 37.8956)	(23, 37.8695)	(24, 37.864)	(25, 37.8442)	(26, 37.828)	(27, 37.7977)	(28, 37.7312)	(29, 37.6814)	(30, 37.6229)	(31, 37.5486)	(32, 37.456)	(33, 37.3936)	(34, 37.2769)	(35, 37.1503)	(36, 37.0744)	(37, 36.9612)	(38, 36.9146)	(39, 36.8718)	(40, 36.8641)	(41, 37.0521)	(42, 37.0936)	(43, 37.1246)	(44, 37.1271)	(45, 37.0623)	(46, 37.0232)	(47, 36.9491)	(48, 36.8435)	(49, 36.7462)	(50, 36.6149)	(51, 35.7624)	(52, 36.0755)	(53, 36.3235)	(54, 36.3881)	(55, 36.3512)	(56, 36.2743)	(57, 36.1726)	(58, 36.3055)	(59, 36.3205)	(60, 36.3235)	(61, 36.2737)	(62, 36.1899)	(63, 36.0826)	(64, 35.9773)	(65, 35.8538)	(66, 35.7022)	(67, 35.5574)	(68, 35.3664)	(69, 35.1537)	(70, 34.9654)	(71, 34.7555)	(72, 34.5583)	(73, 34.3669)	(74, 34.2434)	(75, 34.0777)	(76, 33.9356)	(77, 33.7821)	(78, 33.6073)	(79, 33.4363)	(80, 33.2603)	(81, 33.0723)	(82, 32.894)	(83, 32.7251)	(84, 32.5681)	(85, 32.4017)	(86, 32.2276)	(87, 32.0325)	(88, 31.8091)	(89, 31.6714)	(90, 31.4787)	(91, 31.365)	(92, 31.243)	(93, 31.1147)	(94, 30.9818)	(95, 30.8284)	(96, 30.663)	(97, 30.4731)	(98, 30.2452)	(99, 30.0185)	(100, 29.7853)	(101, 28.5168)
SRR787670	(1, 32.8871)	(2, 32.9967)	(3, 33.0133)	(4, 36.3221)	(5, 36.3222)	(6, 36.3396)	(7, 36.3416)	(8, 36.3431)	(9, 38.1724)	(10, 38.1572)	(11, 38.1585)	(12, 38.1503)	(13, 38.1436)	(14, 39.7357)	(15, 39.6815)	(16, 39.7037)	(17, 39.6934)	(18, 39.6854)	(19, 39.7152)	(20, 39.6928)	(21, 39.6674)	(22, 39.6415)	(23, 39.6088)	(24, 39.5978)	(25, 39.565)	(26, 39.5333)	(27, 39.4899)	(28, 39.457)	(29, 39.4188)	(30, 39.3856)	(31, 39.3427)	(32, 39.3032)	(33, 39.2606)	(34, 39.2139)	(35, 39.1517)	(36, 39.1058)	(37, 39.0562)	(38, 38.9978)	(39, 38.9522)	(40, 38.8898)	(41, 38.8213)	(42, 38.9729)	(43, 38.9526)	(44, 38.9046)	(45, 38.825)	(46, 38.7756)	(47, 38.6998)	(48, 38.6177)	(49, 38.5463)	(50, 38.4502)	(51, 36.5442)	(52, 37.4957)	(53, 38.1361)	(54, 38.3642)	(55, 38.3753)	(56, 38.3201)	(57, 38.2279)	(58, 38.1141)	(59, 37.9743)	(60, 37.8494)	(61, 37.7089)	(62, 37.5491)	(63, 37.3724)	(64, 37.2297)	(65, 37.0716)	(66, 36.891)	(67, 36.7248)	(68, 36.5565)	(69, 36.3661)	(70, 36.175)	(71, 35.9778)	(72, 35.7776)	(73, 35.5597)	(74, 35.3298)	(75, 35.1182)	(76, 34.2694)																									
SRR787690	(1, 32.9189)	(2, 33.0284)	(3, 33.046)	(4, 36.3491)	(5, 36.3443)	(6, 36.363)	(7, 36.3648)	(8, 36.3647)	(9, 38.2025)	(10, 38.1873)	(11, 38.1869)	(12, 38.1827)	(13, 38.1723)	(14, 39.7745)	(15, 39.7222)	(16, 39.7416)	(17, 39.7303)	(18, 39.7222)	(19, 39.7495)	(20, 39.728)	(21, 39.7063)	(22, 39.6812)	(23, 39.649)	(24, 39.6372)	(25, 39.6062)	(26, 39.5733)	(27, 39.5296)	(28, 39.5016)	(29, 39.4592)	(30, 39.4236)	(31, 39.382)	(32, 39.344)	(33, 39.3013)	(34, 39.2576)	(35, 39.1986)	(36, 39.1496)	(37, 39.1)	(38, 39.0408)	(39, 38.9917)	(40, 38.9338)	(41, 38.8671)	(42, 39.0207)	(43, 38.9968)	(44, 38.9474)	(45, 38.8706)	(46, 38.826)	(47, 38.7486)	(48, 38.666)	(49, 38.5954)	(50, 38.5028)	(51, 36.6005)	(52, 37.5448)	(53, 38.1823)	(54, 38.4115)	(55, 38.4193)	(56, 38.3589)	(57, 38.2702)	(58, 38.1558)	(59, 38.0162)	(60, 37.8894)	(61, 37.7524)	(62, 37.5906)	(63, 37.408)	(64, 37.2692)	(65, 37.1107)	(66, 36.9296)	(67, 36.7689)	(68, 36.598)	(69, 36.4146)	(70, 36.2209)	(71, 36.0244)	(72, 35.8201)	(73, 35.6025)	(74, 35.376)	(75, 35.163)	(76, 34.3155)																									
SRR787697	(1, 32.4045)	(2, 32.5385)	(3, 32.5589)	(4, 35.999)	(5, 35.9793)	(6, 36.0053)	(7, 36.0245)	(8, 36.0111)	(9, 37.7599)	(10, 37.7472)	(11, 37.7382)	(12, 37.7207)	(13, 37.6971)	(14, 39.1498)	(15, 39.1266)	(16, 39.1051)	(17, 39.0542)	(18, 39.0341)	(19, 39.0494)	(20, 39.0194)	(21, 38.9772)	(22, 38.9249)	(23, 39.0835)	(24, 39.1204)	(25, 39.0953)	(26, 39.0458)	(27, 39.0157)	(28, 38.9993)	(29, 38.9673)	(30, 38.9194)	(31, 38.882)	(32, 38.8581)	(33, 38.8249)	(34, 38.7954)	(35, 38.7425)	(36, 38.697)	(37, 38.6653)	(38, 38.6271)	(39, 38.578)	(40, 38.5206)	(41, 38.4771)	(42, 38.4249)	(43, 38.3552)	(44, 38.3119)	(45, 38.2535)	(46, 38.1867)	(47, 38.1044)	(48, 38.0132)	(49, 37.9674)	(50, 37.8649)	(51, 36.3529)	(52, 36.8462)	(53, 37.2941)	(54, 37.4483)	(55, 37.4435)	(56, 37.3789)	(57, 37.2653)	(58, 37.1447)	(59, 36.9975)	(60, 37.0389)	(61, 36.9483)	(62, 36.8258)	(63, 36.6578)	(64, 36.479)	(65, 36.3021)	(66, 36.118)	(67, 35.9233)	(68, 35.7182)	(69, 35.508)	(70, 35.311)	(71, 35.0797)	(72, 34.8411)	(73, 34.5799)	(74, 34.311)	(75, 33.9681)	(76, 30.6849)																									
SRR792098	(1, 32.4688)	(2, 32.604)	(3, 32.624)	(4, 36.0534)	(5, 36.0283)	(6, 36.0464)	(7, 36.0539)	(8, 36.0254)	(9, 37.7745)	(10, 37.7328)	(11, 37.7354)	(12, 37.7297)	(13, 37.7086)	(14, 39.1695)	(15, 39.168)	(16, 39.1184)	(17, 39.1074)	(18, 39.091)	(19, 39.1078)	(20, 39.0912)	(21, 39.0668)	(22, 39.0315)	(23, 38.9924)	(24, 38.9601)	(25, 38.9163)	(26, 38.8348)	(27, 38.7083)	(28, 38.6566)	(29, 38.5801)	(30, 38.4859)	(31, 38.4098)	(32, 38.2935)	(33, 38.2598)	(34, 38.1899)	(35, 38.1496)	(36, 38.0703)	(37, 38.1975)	(38, 38.2788)	(39, 38.2255)	(40, 38.2258)	(41, 38.108)	(42, 38.2581)	(43, 38.263)	(44, 38.2107)	(45, 38.2176)	(46, 38.203)	(47, 38.1408)	(48, 38.0614)	(49, 38.0134)	(50, 37.9271)	(51, 35.4772)	(52, 36.5143)	(53, 37.2337)	(54, 37.5164)	(55, 37.5447)	(56, 37.5108)	(57, 37.4523)	(58, 37.3581)	(59, 37.2422)	(60, 37.1477)	(61, 37.0031)	(62, 36.8498)	(63, 36.6921)	(64, 36.5613)	(65, 36.3798)	(66, 36.2447)	(67, 36.0578)	(68, 35.9058)	(69, 35.7104)	(70, 35.5194)	(71, 35.3263)	(72, 35.1105)	(73, 34.9535)	(74, 34.7457)	(75, 34.507)	(76, 34.3246)	(77, 34.1809)	(78, 33.9694)	(79, 33.8431)	(80, 33.6804)	(81, 33.5217)	(82, 33.2707)	(83, 33.1252)	(84, 33.009)	(85, 32.8843)	(86, 32.7728)	(87, 32.6239)	(88, 32.456)	(89, 32.301)	(90, 32.1691)	(91, 32.0869)	(92, 31.972)	(93, 31.8402)	(94, 31.6959)	(95, 31.5185)	(96, 31.4046)	(97, 31.2793)	(98, 31.085)	(99, 30.9332)	(100, 30.7198)	
SRR867663	(1, 32.6571)	(2, 32.7623)	(3, 32.7889)	(4, 36.1689)	(5, 36.1493)	(6, 36.1669)	(7, 36.1464)	(8, 36.1686)	(9, 37.9404)	(10, 37.9394)	(11, 37.9318)	(12, 37.9232)	(13, 37.9196)	(14, 39.4839)	(15, 39.4567)	(16, 39.4184)	(17, 39.4252)	(18, 39.4079)	(19, 39.4542)	(20, 39.4446)	(21, 39.4261)	(22, 39.3951)	(23, 39.3581)	(24, 39.3498)	(25, 39.3327)	(26, 39.2993)	(27, 39.2646)	(28, 39.2275)	(29, 39.1962)	(30, 39.1534)	(31, 39.1195)	(32, 39.0826)	(33, 39.0544)	(34, 38.9935)	(35, 38.9617)	(36, 38.9109)	(37, 38.8742)	(38, 38.8173)	(39, 38.7508)	(40, 38.7005)	(41, 38.6356)	(42, 38.5738)	(43, 38.75)	(44, 38.7401)	(45, 38.7169)	(46, 38.6605)	(47, 38.5867)	(48, 38.5219)	(49, 38.4017)	(50, 38.3353)	(51, 38.2575)	(52, 38.1693)	(53, 38.061)	(54, 37.9633)	(55, 37.844)	(56, 37.7262)	(57, 37.594)	(58, 37.4141)	(59, 37.2697)	(60, 37.1395)	(61, 36.9945)	(62, 36.8362)	(63, 36.66)	(64, 36.4918)	(65, 36.3257)	(66, 36.1348)	(67, 35.9493)	(68, 35.7555)	(69, 35.5512)	(70, 35.3415)	(71, 35.1437)	(72, 34.9626)	(73, 34.7549)	(74, 34.5415)	(75, 34.3086)	(76, 33.2546)																									
