# This file was produced by samtools stats (1.23+htslib-1.23) and can be plotted using plot-bamstats
# This file contains statistics for all reads.
# The command line was:  stats data/AFR/ESN/HG03139/aligned/HG03139.bam
# CHK, Checksum	[2]Read Names	[3]Sequences	[4]Qualities
# CHK, CRC32 of reads which passed filtering followed by addition (32bit overflow)
CHK	b23f21f7	a0e5625f	9f963bc9
# Summary Numbers. Use `grep ^SN | cut -f 2-` to extract this part.
SN	raw total sequences:	64680076	# excluding supplementary and secondary reads
SN	filtered sequences:	0
SN	sequences:	64680076
SN	is sorted:	1	# sorted by coordinate
SN	1st fragments:	32340038
SN	last fragments:	32340038
SN	reads mapped:	64675706
SN	reads mapped and paired:	64674392	# paired-end technology bit set + both mates mapped
SN	reads unmapped:	4370
SN	reads properly paired:	64188696	# proper-pair bit set
SN	reads paired:	64680076	# paired-end technology bit set
SN	reads duplicated:	0	# PCR or optical duplicate bit set
SN	reads MQ0:	5556373	# mapped and MQ=0
SN	reads QC failed:	0
SN	non-primary alignments:	0
SN	supplementary alignments:	67028
SN	total length:	6463761564	# ignores clipping
SN	total first fragment length:	3231880782	# ignores clipping
SN	total last fragment length:	3231880782	# ignores clipping
SN	bases mapped:	6463337084	# ignores clipping
SN	bases mapped (cigar):	6456621115	# more accurate
SN	bases trimmed:	0
SN	bases duplicated:	0
SN	mismatches:	21019709	# from NM fields
SN	error rate:	3.255528e-03	# mismatches / bases mapped (cigar)
SN	average length:	100
SN	average first fragment length:	100
SN	average last fragment length:	100
SN	maximum length:	100
SN	maximum first fragment length:	100
SN	maximum last fragment length:	100
SN	average quality:	34.9
SN	insert size average:	224.6
SN	insert size standard deviation:	72.8
SN	inward oriented pairs:	32131191
SN	outward oriented pairs:	7930
SN	pairs with other orientation:	9253
SN	pairs on different chromosomes:	188822
SN	percentage of properly paired reads (%):	99.2
# First Fragment Qualities. Use `grep ^FFQ | cut -f 2-` to extract this part.
# Columns correspond to qualities and rows to cycles. First column is the cycle number.
FFQ	1	0	0	71814	0	0	0	0	0	0	0	83167	0	0	0	0	0	145830	0	0	1216	0	0	46007	161237	0	122380	524382	810955	346621	0	2584193	14219684	0	1862967	11359585	0	0	0	0	0	0	0	0
FFQ	2	0	0	472	0	0	0	0	0	0	0	48323	0	0	0	0	0	203592	0	0	5699	0	0	66029	132685	0	132270	446925	859549	331877	0	2166212	12562505	0	882867	14501033	0	0	0	0	0	0	0	0
FFQ	3	0	0	0	0	0	0	0	0	0	0	52680	0	0	0	0	0	135919	0	0	489	0	0	78615	126336	0	156654	429643	892882	382224	0	2114812	11921127	0	821186	15227471	0	0	0	0	0	0	0	0
FFQ	4	0	0	260	0	0	0	0	0	0	0	55287	0	0	0	0	0	73364	0	0	54593	0	0	64060	0	0	118399	219529	19497	300933	6518	564801	16492	782166	1246299	0	8954833	0	19863007	0	0	0	0	0
FFQ	5	0	0	0	0	0	0	0	0	0	0	72518	0	0	0	0	0	98926	0	0	65204	0	0	77184	0	0	157816	266480	22240	339303	6890	647985	18380	827099	1308956	0	8867626	0	19563431	0	0	0	0	0
FFQ	6	0	0	0	0	0	0	45	0	6982	0	50061	18198	0	0	33	5971	15889	61580	39884	44086	0	6949	5618	76766	56	178215	245867	36023	182996	166129	618938	70879	941129	1254624	100	8271276	645981	19395763	0	0	0	0	0
FFQ	7	0	0	0	0	0	14	139	0	8565	0	58710	21183	23	0	77	6602	16739	68980	41156	44253	19	7727	5857	77458	113	182406	247019	41103	184272	164989	623054	73238	943199	1258825	144	8269754	655283	19339137	0	0	0	0	0
FFQ	8	0	0	0	0	0	58	147	1	9058	0	60597	21498	49	3	76	7525	17715	75920	43831	45381	78	8510	6248	79828	73	190917	256971	53283	187325	167754	643077	75698	971989	1296019	135	8289571	660180	19170523	0	0	0	0	0
FFQ	9	0	0	0	0	0	94	147	25	10406	0	67668	24470	59	4	75	8835	17669	80538	44969	46612	221	8581	6481	80736	167	194523	85049	247538	169252	168526	647968	57028	857620	916600	537413	2843820	1817	4761214	2215922	18237991	0	0	0
FFQ	10	0	0	0	0	0	106	121	48	11252	7	72624	25957	138	19	89	9551	18718	85965	47552	48659	380	9115	6685	83581	349	199642	86949	294245	137000	172813	659046	58912	875351	929683	542391	2867847	1713	4784315	2250123	18059092	0	0	0
FFQ	11	0	0	0	0	0	151	124	69	10091	54	65351	22748	177	15	73	9710	18499	84795	47720	47743	470	9367	6841	83426	621	200523	87435	347316	84386	174146	663552	60055	885471	932451	551234	2886088	1663	4810976	2275001	17971696	0	0	0
FFQ	12	0	0	0	0	0	189	120	99	10340	141	65621	22788	216	16	78	9429	18903	81786	48165	48470	518	9303	7063	85704	992	204253	89416	395789	36885	175717	674861	59112	889735	944492	552175	2909492	1798	4830646	2305056	17860670	0	0	0
FFQ	13	0	0	0	0	0	205	128	140	9858	221	63396	21826	264	18	114	9196	19484	79941	48845	49178	580	9933	7314	86720	1536	206779	90384	410734	27407	178871	684209	59101	895928	952427	553215	2928629	1970	4855183	2329255	17757049	0	0	0
FFQ	14	0	0	0	0	0	199	184	212	11561	380	70876	24690	345	39	131	1857	25089	84480	51443	51856	651	10611	7576	21381	71726	211062	92527	414193	26979	179057	297507	435412	642698	959596	646445	540127	1880124	1487351	3984193	2396603	6512990	11197887	0
FFQ	15	0	0	0	0	0	226	235	263	12166	592	73468	25309	334	56	179	2177	25535	88929	52391	52399	719	10871	7745	22363	74320	212062	93831	420895	28011	182250	301045	439860	650246	970193	650542	547344	1889468	1494562	4008572	2403555	6529440	11067885	0
FFQ	16	0	0	0	0	0	268	262	356	13090	831	76779	26166	458	112	261	2647	27017	92450	54664	54429	788	11352	8046	24211	77037	215482	96721	431111	28531	185038	309681	445693	663449	982755	665464	557697	1902717	1505218	4041413	2406646	6537096	10894102	0
FFQ	17	0	0	0	0	0	278	308	394	12903	1197	73690	24812	458	136	351	3000	27201	90442	54751	53873	877	11884	8385	25629	79330	214907	96854	431205	29540	187778	314579	450141	663200	988241	671074	566501	1913389	1518750	4064077	2421328	6569662	10768913	0
FFQ	18	0	0	0	0	0	289	356	498	13108	1647	71956	23764	532	207	387	3558	27787	86913	56214	54744	958	12588	8719	27728	85018	215713	99226	430023	30377	191789	320684	454555	661550	1005186	671691	580763	1922652	1523091	4099808	2425273	6610944	10619742	0
FFQ	19	0	0	0	0	0	349	404	601	14832	2340	77576	25459	617	268	437	4202	26674	7018	139540	56986	1057	13473	9132	30050	90380	216653	100632	432169	31530	195061	330808	458158	660508	615675	1078891	592199	1663678	1536155	3386958	3018281	6870142	10651145	0
FFQ	20	0	0	0	0	0	363	541	782	17063	3350	82138	26407	676	338	542	5166	27926	9335	140722	57831	1206	14263	9444	32820	95723	211025	101316	429660	31779	195245	336126	458804	656785	615018	1084693	602819	1669052	1559154	3413808	3094157	6880777	10473184	0
FFQ	21	0	0	398	0	0	366	636	915	16729	4051	75206	23643	781	423	704	6034	30085	12438	137100	59004	1398	15368	10162	36643	106000	211473	104396	436401	33835	202089	353066	470345	659279	631784	1098182	623249	1688413	1567636	3469071	3134784	6863623	10254328	0
FFQ	22	0	0	0	0	0	425	859	1183	19997	6097	83199	25731	888	551	808	7238	32166	15332	130691	60618	1586	16225	10446	40273	115286	205379	106210	433274	34564	203580	366230	471923	657918	638228	1109318	640581	1696024	1589925	3509308	3217515	6829159	10061303	0
FFQ	23	0	0	11	0	0	464	988	1385	21474	7801	80564	23800	994	697	991	8891	34996	20199	128826	61837	1829	17897	11402	45181	129201	199948	108458	433819	36024	209192	381528	479262	651203	649479	1115427	662520	1709561	1602277	3560445	3275014	6817075	9849378	0
FFQ	24	0	0	1436	0	0	517	1155	1826	26660	11319	88848	25396	1144	836	1200	10867	38450	25957	126147	63983	2013	19416	12310	50005	146661	193445	112754	432948	37636	213536	402725	485784	648607	661963	1130500	687827	1718838	1622785	3626902	3212392	6558994	9936256	0
FFQ	25	0	0	5	0	0	532	1317	1990	26874	13657	79415	20675	1373	1107	1352	12721	42538	33156	119692	64410	2369	20684	12805	54630	161567	184161	114650	430092	39264	215373	424970	490736	643364	673626	1138712	713371	1725725	1640653	3682561	3241156	6594861	9713894	0
FFQ	26	0	0	180	0	0	660	1654	2863	36957	21819	100467	23635	1480	1385	1590	14984	46835	41461	109278	61395	2885	20858	12681	58210	169046	176927	111507	415345	38300	196482	458371	472828	631516	659065	1123475	725895	1674764	1666485	3567818	3368354	6368315	9954268	0
FFQ	27	0	0	12	0	0	794	1863	3296	40023	27228	95444	18956	1743	1635	1814	18258	54373	52118	101143	60702	3224	22233	13550	62619	186749	170140	111563	408222	39061	196499	485186	470704	611647	664526	1115314	758289	1669227	1665931	3589418	3317190	6441094	9858250	0
FFQ	28	0	0	20	0	0	843	2070	3880	43375	33960	88719	14043	1942	2017	2139	20795	58707	54628	88482	61403	3651	24258	14251	64566	207390	162212	113842	392788	41268	200800	511431	475950	583338	677556	1108669	794069	1666442	1655055	3643006	3225402	6557043	9740028	0
FFQ	29	0	0	25	0	0	841	2466	4517	47260	41584	81166	9434	2196	2251	2529	23085	63112	54803	78557	61302	3878	26162	14997	66478	223560	156864	115005	373016	43125	200375	540433	476010	548105	687935	1098596	834418	1656300	1654095	3688833	3159721	6658475	9638529	0
FFQ	30	0	0	33	0	0	972	3083	5804	57294	56257	81869	6390	2516	2709	2910	27473	72129	55438	74469	64293	4514	27226	16559	71062	243698	162203	119235	363468	45728	207282	580549	483589	521339	709511	1093288	882400	1651342	1643017	3752749	3051905	6695640	9500095	0
FFQ	31	0	0	670	0	0	1015	3467	6905	63875	70005	74088	3425	2993	3313	3554	33096	85253	54786	71389	65989	5181	29687	17950	73188	256107	173512	122099	350086	48703	209490	623708	491375	493484	727555	1096386	937161	1637425	1650855	3817710	2979106	6722654	9332793	0
FFQ	32	0	0	50	0	0	1084	3720	7660	62957	76347	54560	1564	3413	3890	4132	37766	92441	46433	69441	65858	6075	32367	19560	74589	262832	189118	125719	334446	51638	213251	667250	501532	462362	750186	1091786	998927	1626119	1660490	3908190	2892743	6749537	9188886	0
FFQ	33	0	0	57	0	0	1160	4488	9494	71028	96235	45167	1142	3836	4382	4973	41692	94617	35715	70438	68027	6704	35467	20865	77468	270477	201075	130430	317858	56486	216232	710132	510061	432806	778053	1088924	1066743	1602404	1673137	3996536	2817995	6749324	9026244	0
FFQ	34	0	0	60	0	0	1272	4903	10498	69473	100036	28819	1136	4312	5235	5575	46930	100372	27219	70302	68481	7789	37454	22972	78782	272059	217311	134832	302790	61497	219725	744479	519538	401972	804272	1079701	1136363	1577362	1689591	4085148	2745231	6748824	8904446	0
FFQ	35	0	0	271	0	0	1443	6321	13443	82155	128434	21892	1297	5013	6329	6827	53723	106278	20580	73959	72548	9024	41318	25241	82581	283692	227119	141325	297002	67200	227255	779971	533351	383075	841801	1075316	1212755	1531986	1710363	4157104	2657685	6725007	8725158	0
FFQ	36	0	0	72	0	0	1432	6571	14503	75498	124145	11213	1538	5694	7479	7979	61730	110687	15594	74478	73042	10411	44305	28185	86692	289733	238931	147790	289355	73905	230826	813298	545077	370222	878518	1067889	1295614	1492034	1737685	4226273	2607499	6714639	8554385	0
FFQ	37	0	0	81	0	0	1647	7691	16527	76463	130480	5663	1721	6271	8248	9102	64539	100843	12092	75329	73921	11620	47623	30200	89468	294312	233915	153684	285190	81119	236572	826881	553791	364498	918186	1053796	1374741	1448437	1756427	4276086	2581185	6720937	8404791	0
FFQ	38	0	0	82	0	0	1806	9095	20567	83995	147836	3209	1957	7301	9678	10778	73026	98247	11280	77017	76905	13214	50831	33211	93781	299248	230010	160624	284339	89018	240570	829939	564999	365278	957927	1043491	1448373	1400385	1779403	4303023	2572840	6698203	8241765	0
FFQ	39	0	0	1820	0	0	1951	9581	22299	78381	137570	1875	2362	8374	11542	12370	81740	93179	11796	77320	77629	15268	51059	36640	104193	307467	228290	168267	287875	99764	246005	840466	578909	373726	1004323	1029145	1522091	1360522	1791310	4158263	2748324	6687907	8062921	0
FFQ	40	0	0	517	0	0	1505	8302	20427	69651	123146	1660	2535	8785	12765	13211	86464	82211	11569	71257	68384	17527	50973	39402	107706	293514	225830	168545	264762	108986	224783	859612	559156	359629	1032449	972775	1597689	1241210	1834142	4025258	2894425	6573437	8297620	0
FFQ	41	0	0	2993	0	0	1663	9482	23093	70347	124655	1513	2519	8939	13534	14289	87104	69853	12750	71178	69545	17490	52448	40456	109689	292119	200347	171456	264325	114841	231586	810091	563488	367588	1051226	948651	1631108	1217363	1818397	4004521	2823900	6589097	8427515	0
FFQ	42	0	0	108	0	0	1746	9892	24776	67335	116919	1535	2726	9907	14630	15539	90695	60573	13902	71145	70094	19000	53008	42736	114536	292470	183306	176288	264960	124495	236377	783305	569732	375532	1080221	928063	1661110	1208111	1805511	3988902	2753639	6594179	8503507	0
FFQ	43	0	0	187	0	0	1824	10707	27414	66525	115709	1554	2822	10194	15847	17444	90073	50241	15633	71769	70991	20377	54016	45722	120457	294821	167084	182890	267521	136415	242976	763858	579792	385543	1113299	919728	1691356	1210831	1811216	3971578	2716687	6580767	8484037	0
FFQ	44	0	0	136	0	0	1893	11926	30242	66865	114566	1679	3123	10996	17938	19406	92268	42455	17122	72780	72441	22249	56407	49478	127262	298429	152165	191285	270972	150771	249444	745091	592334	397960	1146957	918067	1713219	1222379	1829041	3962788	2693685	6556875	8406649	0
FFQ	45	0	0	145	0	0	2139	13802	35839	72967	123947	1803	3729	11860	20771	22116	96280	35949	19133	71535	75868	33139	50983	53195	139810	306931	144663	202801	274561	166940	258001	735286	608961	412566	1183070	923766	1731200	1243213	1843042	3951852	2611449	6571173	8274294	0
FFQ	46	0	0	151	0	0	2120	14133	37388	68591	113233	2083	4042	12827	23663	24467	98888	29953	20732	71292	75492	36840	51453	58836	150862	308524	133650	211409	273691	185736	263057	727799	622275	426555	1215900	936838	1753072	1266397	1876984	3943273	2635862	6523239	8126887	0
FFQ	47	0	0	153	0	0	2326	15388	41132	70503	111217	2231	4387	13774	26075	26833	95467	24322	22038	71715	75554	39805	52477	63025	160471	309121	118140	221386	272446	205695	269444	710309	636591	438543	1236962	954377	1769501	1297952	1901725	3934417	2658148	6479428	7994579	0
FFQ	48	0	0	173	0	0	2625	17727	46882	76010	115979	2459	5070	15328	30375	30094	97232	21376	24187	74749	78802	43867	53883	68439	174319	311827	106629	234505	276477	227178	279712	695150	657448	458443	1258225	986080	1781549	1334879	1922856	3912069	2664174	6414953	7825354	0
FFQ	49	0	0	197	0	0	2795	17800	48998	74351	105497	2674	5575	16701	34143	32852	94793	19052	25720	75298	78884	48450	55048	75672	171651	324516	92209	248196	283845	253048	287994	683935	677122	476492	1275730	1022051	1773101	1386384	1970103	3527190	3048441	6345607	7664453	0
FFQ	50	0	0	226	0	0	3035	19579	53785	78244	104608	2871	6156	17705	37443	35857	87600	17620	27499	78894	81636	53248	56969	82552	184665	327027	81379	265824	287546	281217	300687	672943	702271	496156	1290651	1075568	1803076	1425999	1998218	3511480	3063595	6261995	7450199	0
FFQ	51	0	0	315	0	0	3490	22312	63276	89481	111277	3153	7099	18982	42655	39925	84482	17415	29165	81496	83784	58340	57804	90244	197948	327104	70785	280900	289576	308616	310036	655951	724299	516780	1291730	1131406	1832241	1463107	2025210	3484794	3081425	6166354	7262549	0
FFQ	52	0	0	274	0	0	3681	23280	65510	92996	102929	3715	8257	21587	50653	44054	85355	17255	30356	83671	83953	64224	59688	98734	213238	323472	63600	296604	287211	341510	317320	644162	748300	538068	1298162	1191917	1864051	1502334	2054205	3453375	3099383	6070009	7077869	0
FFQ	53	0	0	310	0	0	4017	24222	69100	95602	94587	4039	9098	22757	55551	47261	76123	17191	31494	87585	84894	69903	61533	108690	226466	320118	56346	316360	287259	375075	332070	630060	777930	563403	1300431	1263638	1897475	1551344	2082019	3425078	3110410	5972759	6872240	0
FFQ	54	0	0	323	0	0	4286	25037	72211	99898	86704	4370	9782	23340	59425	48504	66167	17122	33017	90484	85932	76067	63647	117097	239745	310565	51045	335446	286575	411076	345336	614134	808435	587732	1301214	1339216	1942085	1601833	2118792	3389738	3131336	5861925	6664275	0
FFQ	55	0	0	347	0	0	4644	26309	75902	104647	79393	4633	10392	21498	63477	50996	56879	16896	34369	94766	86408	78837	67722	126623	249235	208438	141480	354452	283596	446362	360200	594382	838033	614988	1288983	1432138	1985440	1655355	2042105	3465566	3151798	5754466	6451645	0
FFQ	56	0	0	379	0	0	5099	27320	80904	113800	72956	5106	11444	22541	68411	52853	50188	17238	36106	99500	87757	84967	70521	137308	260574	195381	142653	376487	282486	481334	377632	581866	873057	644386	1285464	1517824	2034410	1708760	2069082	3428811	3166292	5623066	6228899	0
FFQ	57	0	0	1518	0	0	5593	28236	85175	121869	65468	5533	12517	23243	73584	53554	43358	17522	37162	104637	87885	91999	72761	147514	269873	182563	145805	396595	280100	516112	392606	567219	905071	675688	1282688	1605749	2093097	1768467	2099908	3385031	3185067	5494496	5997063	0
FFQ	58	0	0	435	0	0	6297	29451	90400	130581	58505	6046	13925	24760	78509	53873	38857	17630	38197	108911	87871	98708	75558	159186	276529	169678	148966	418990	277091	549516	409891	554973	939895	705075	1279065	1694528	2158008	1828254	2128537	3338363	3206170	5349797	5770755	0
FFQ	59	0	0	856	0	0	6752	31068	97548	144235	52466	6860	15385	25286	86298	52610	35566	18044	39406	118107	88250	97319	75178	186680	265645	152273	149537	474346	275834	583307	430534	547941	978313	738031	1276512	1789279	2227750	1891646	2149829	3284809	3163794	5197708	5566165	0
FFQ	60	0	0	519	0	0	7109	31361	99591	149520	43740	7549	16834	26030	92081	51716	31973	18334	40617	123044	87126	104385	78233	200654	267495	141219	154078	498906	271434	613951	448464	544154	1015278	773008	1274838	1884784	2309490	1956057	2182941	3225620	3194289	5027883	5326283	0
FFQ	61	0	0	4501	0	0	7688	31893	103948	156067	35398	8145	18173	26500	95936	50273	29181	18162	42155	128908	85630	110437	80728	214877	265264	133316	159793	526195	269249	640600	469651	541040	1052078	806647	1270617	1978108	2402817	2027110	2206340	3163740	3206637	4863165	5089030	0
FFQ	62	0	0	11773	0	0	8303	32384	109666	164914	28655	9003	19941	26545	102279	49216	27588	18915	43732	138453	86111	120015	84729	232332	267085	127340	168741	560752	267287	672627	496144	548131	1101262	848724	1274382	2085908	2495621	2097849	2230673	3091640	3215449	4664802	4790462	0
FFQ	63	0	0	21807	0	0	8776	31197	111316	166513	21586	9653	20984	26152	102931	45640	25419	18709	44530	143294	83301	126320	86987	245584	260866	121243	173423	585496	261848	690214	519547	559772	1140390	887590	1278900	2192599	2609251	2174153	2263506	3016665	3245715	4473873	4523049	0
FFQ	64	0	0	35324	0	0	9648	33110	121248	179526	16666	10581	22304	26541	107068	43889	25007	19373	47165	153683	83069	133983	90625	261443	252903	118655	183561	619939	262278	705211	550149	574020	1182305	931450	1281065	2294054	2730447	2249497	2279943	2936054	3244918	4267502	4233971	0
FFQ	65	0	0	51136	0	0	10576	33905	129485	189876	12426	11733	25146	27769	113468	43131	22038	22052	48138	142502	99920	141382	94354	259828	262090	116564	191001	641546	228619	712790	611278	593287	1215708	969559	1289277	2393340	2864259	2327657	2301267	2832200	3261640	4051066	3975504	0
FFQ	66	0	0	70064	0	0	10778	31875	128239	178666	7711	12791	27032	28342	117236	41173	22017	22307	48715	146684	97663	150265	96765	272445	254173	116104	198161	668685	224101	718731	640824	618793	1251146	1009182	1296248	2498010	3018205	2404880	2327650	2728748	3273859	3837426	3721173	0
FFQ	67	0	0	91472	0	0	11748	31489	134178	178646	4852	13254	27134	26613	111414	36792	22258	22730	51435	154132	95859	155814	98927	282005	241937	116890	207340	694820	221335	710400	674377	647658	1281852	1051297	1313849	2600071	3187653	2486935	2358200	2620822	3275400	3616325	3458260	0
FFQ	68	0	0	115926	0	0	12553	31325	141789	180798	3060	14405	28546	26809	112040	34702	23198	23124	52934	162583	95126	163984	102002	292063	233146	118376	218044	724274	220257	703281	709065	682538	1314919	1093968	1336198	2706170	3356808	2568611	2382563	2495331	3270868	3382703	3181400	0
FFQ	69	0	0	142794	0	0	13509	32154	152920	184055	1694	15798	30314	27361	114179	33015	24391	23960	54890	171297	94114	173142	105248	304222	224803	123355	229275	752694	220154	693751	747255	722674	1345022	1137838	1364135	2813887	3531086	2644077	2407093	2365514	3257711	3134942	2900495	0
FFQ	70	0	0	171159	0	0	14673	32340	161029	185073	864	17352	32810	28216	115848	31502	25422	24019	56968	178466	92552	182417	107810	283327	193499	178889	240130	778947	221287	680962	781709	760693	1368210	1179507	1397373	2922088	3723446	2713260	2438761	2225056	3238390	2888425	2641709	0
FFQ	71	0	0	201875	0	0	14905	30500	163000	172731	411	19046	35114	28702	116038	30170	26986	24409	58764	184902	90254	190851	110477	286013	184790	186778	251042	803662	224704	663630	819734	802832	1389219	1217857	1439732	3039199	3920452	2788391	2468981	2082816	3212889	2649358	2382248	0
FFQ	72	0	0	235015	0	0	16218	30278	174102	172169	204	19914	36241	28773	111082	27792	28640	25014	61185	196317	89794	200321	113916	291330	178467	197047	266738	834481	230377	644490	864666	843953	1415015	1262435	1483364	3160909	4116327	2852601	2492655	1936087	3162421	2393921	2118496	0
FFQ	73	0	0	270092	0	0	17265	30019	184361	168334	102	21506	37665	29148	109063	26230	30708	25196	63234	204301	88407	210336	115702	290029	173781	205133	279114	859062	236893	621943	904304	886716	1432747	1301421	1536395	3287214	4325147	2910846	2522512	1781280	3111667	2146271	1867923	0
FFQ	74	0	0	307401	0	0	19529	32205	208003	178040	69	23683	39980	30509	110606	25582	32600	26451	66799	218469	87538	221904	118946	288985	170907	214707	297123	885825	246042	599239	954278	928182	1453720	1344967	1591552	3420270	4514626	2953254	2538772	1629701	3022608	1891209	1617047	0
FFQ	75	0	0	347171	0	0	20475	30365	211442	165042	59	27453	45149	32577	116502	24556	35497	26726	69265	225743	86456	236515	123410	290123	171978	223412	311293	840740	325187	580167	996055	971647	1472133	1385378	1645112	3560921	4723737	2992650	2560241	1475976	2925109	1653839	1380475	0
FFQ	76	0	0	388127	0	0	18649	27267	200152	153949	63	49638	79064	44932	198217	20749	56037	19886	86812	209027	112700	436085	207407	480121	283215	358737	421800	1407404	479174	1136497	1485995	1817275	2405433	2239660	1857993	4584757	2913896	2799385	1274927	1043623	2229856	587224	194038	0
FFQ	77	0	0	411758	0	0	20070	25525	202615	136735	34	37338	57043	35425	130935	18542	44805	22445	76053	207541	91770	320870	148931	327419	212076	284576	351410	1072832	415677	715088	1299199	1420879	1966072	2013110	2049285	4845170	3695354	3184303	1556933	1058516	2873439	792415	186739	0
FFQ	78	0	0	439391	0	0	19630	23342	195026	118505	25	32425	47310	31630	99735	17015	41161	22700	70857	207713	80370	277957	125947	259780	183192	253607	335111	915827	373607	534688	1171674	1182206	1652169	1691274	1963747	4444619	4884366	3220297	2218582	980742	2785364	1003446	402950	0
FFQ	79	0	0	473373	0	0	19911	22102	199385	110120	35	31476	44905	30881	87077	16203	40111	23605	69033	212939	75768	262566	116641	225523	172864	245460	337156	843377	366625	448407	1133830	1089511	1534154	1560544	1921513	4271612	5693903	3192775	2564503	872639	2569198	867010	560277	0
FFQ	80	0	0	511689	0	0	19864	19817	192724	94487	32	32028	43690	30407	77439	15349	40464	23581	69020	213417	73214	262281	111809	203624	169821	244731	348338	811023	373580	399634	1127404	1056959	1492452	1518879	1932669	4283300	6237472	3184784	2709993	748789	2389042	693666	548525	0
FFQ	81	0	0	554944	0	0	20270	18811	196007	86284	19	31806	41037	29767	68073	14439	41494	23510	70329	218775	72967	263401	108314	183269	172708	248346	360466	792011	383658	361110	1143529	1046779	1486309	1514424	1965357	4381790	6649866	3174682	2750152	636885	2194136	541124	457964	0
FFQ	82	0	0	602939	0	0	21090	17823	201125	78721	27	32428	40819	30314	61801	14064	42965	24392	71404	221968	73833	269282	105851	167167	175651	253857	376183	782555	396624	328915	1169079	1045204	1496502	1529460	2007332	4519579	6990050	3152294	2727435	530670	1979419	409762	355044	0
FFQ	83	0	0	656782	0	0	22184	17458	213085	73719	24	34577	40931	31612	57689	13806	44949	24940	74069	229278	76664	278056	105114	154303	181825	262758	399203	776681	415473	305112	1204813	1051421	1524267	1554345	2049756	4675098	7257468	3111791	2647351	437713	1740191	299088	258720	0
FFQ	84	0	0	715468	0	0	23662	17457	227744	70765	21	37659	43228	33318	54900	13351	47093	25621	76807	237714	79973	291145	105950	142062	188772	273237	422230	776616	431736	282700	1243578	1055383	1554653	1586266	2085551	4836797	7495359	3059617	2525041	353173	1495294	210828	180060	0
FFQ	85	0	0	780168	0	0	24953	16474	239020	65326	24	41221	44712	35427	52681	13044	50111	26568	80057	248053	84957	305442	105790	130571	197015	284331	449936	774610	453875	263945	1285146	1067614	1594094	1623556	2118620	5007326	7693228	2979711	2369140	279813	1251848	141823	119046	0
FFQ	86	0	0	849502	0	0	25068	15275	236657	57419	26	42816	44771	35060	46822	12007	51917	26030	81381	245302	89481	315187	102449	117425	204135	291995	471010	762425	470556	244621	1318364	1069814	1626602	1660548	2148722	5183723	7922602	2910652	2203525	216894	1029153	91918	75462	0
FFQ	87	0	0	926520	0	0	25892	14697	248418	52351	34	44576	44350	35922	42154	11771	53443	27149	84081	253723	94864	324240	99308	104260	211480	301003	497520	746099	489425	225383	1351275	1069453	1659447	1695169	2173142	5346506	8122341	2817690	2020150	165096	813902	56381	45921	0
FFQ	88	0	0	1010469	0	0	27037	14825	260659	48755	26	47483	45327	37037	39207	10916	55183	27509	86310	253926	100416	331809	95698	91994	217630	309457	519364	726886	506287	209520	1378950	1069337	1683777	1727820	2195146	5504279	8312298	2719755	1819437	121687	626842	33266	26361	0
FFQ	89	0	0	1104993	0	0	25954	12617	247726	40640	52	50700	47635	38190	36340	10397	56733	27486	87003	254626	105497	339147	91497	81158	223078	316322	541882	699797	524272	191838	1401703	1065948	1707186	1760646	2212641	5654237	8514381	2614726	1614637	87987	467322	18298	14572	0
FFQ	90	0	0	1210770	0	0	26564	11824	253515	35791	29	50047	44019	37594	29551	9731	58213	28119	89111	258641	111700	344465	85020	70231	229360	324616	571279	675700	542434	178863	1431053	1066124	1732701	1794382	2225260	5800798	8657931	2488013	1399621	62140	334145	9754	7597	0
FFQ	91	0	0	1331215	0	0	28596	12656	270423	33121	55	52763	44745	38089	26864	9183	59415	28514	90275	260841	117045	348138	78964	61492	235301	332184	595335	643372	559154	165482	1451671	1064252	1752036	1823336	2231800	5922332	8785771	2357800	1190115	42450	229245	5055	3928	0
FFQ	92	0	0	1467694	0	0	26299	9692	247652	28415	159	57351	49531	40103	25671	8503	60507	28688	91141	260749	123316	351004	72836	53152	240317	338898	620049	610715	576926	154488	1471740	1067626	1773888	1859158	2239854	6048228	8884616	2218048	989049	27844	150462	2577	1955	0
FFQ	93	0	0	1623504	0	0	25953	8969	246093	23579	97	54836	43248	37017	19449	7805	60947	28686	91594	259457	128393	348918	65160	45469	243511	342979	641037	573054	592347	143647	1483584	1068909	1786566	1890253	2244264	6168197	8979508	2078883	803797	17485	94471	1481	1071	0
FFQ	94	0	0	1807651	0	0	24338	7605	230573	19156	48	52978	39363	35097	14948	6999	60501	29105	91738	259412	133028	345337	57864	39434	247452	348733	665946	536317	605932	132720	1498543	1074897	1808122	1922957	2248063	6268333	9019424	1930420	637083	10559	56648	903	665	0
FFQ	95	0	0	2028842	0	0	22688	6472	217196	15364	27	49507	33688	12866	29963	6302	60134	29117	90722	259087	136966	339014	50414	34274	250458	353067	689656	498990	621577	124309	1511731	1077790	1824373	1948898	2244293	6353263	9032072	1778526	492031	6208	32044	607	425	0
FFQ	96	0	0	2291984	0	0	19384	4990	192785	11909	21	44519	28404	10553	25687	5264	57573	28259	87791	253122	138212	322683	41965	29404	249887	350886	701530	454395	630178	114118	1509942	1084051	1837442	1974730	2243771	6429204	9048056	1637392	374404	3383	17713	409	296	0
FFQ	97	0	0	2607042	0	0	14777	3568	157126	8868	16	37931	22862	8205	20015	4061	53769	27431	82811	241949	136462	301509	33995	25526	244308	344727	707290	406905	631737	102849	1497238	1088274	1847759	1993929	2251928	6488616	9063394	1498790	280988	1897	9582	264	211	0
FFQ	98	0	0	2996449	0	0	8451	1949	107192	5179	16	27517	16255	5494	14277	2933	50552	27444	79942	243311	137007	285565	27903	24038	244980	346487	727317	369136	646313	94462	1505178	1098566	1867029	2017420	2241207	6536096	8928432	1344066	205480	1138	5078	184	141	0
FFQ	99	0	0	3430662	0	0	1970	506	36276	1441	9	9600	5394	1781	5751	1292	45307	27289	71415	233861	128148	255575	20954	22677	236717	339756	720324	324557	646839	84521	1493965	1103650	1874379	2034524	2233620	6565650	8896016	1219315	153240	596	2810	121	90	0
FFQ	100	0	0	3908534	0	0	1	0	7	19	0	1	1	0	280	77	42107	27081	62266	223251	114198	219563	15022	20505	215085	313388	673028	265965	616933	72277	1413236	1100528	1865658	2030465	2229259	6564370	8974904	1130772	118845	366	1735	93	56	0
# Last Fragment Qualities. Use `grep ^LFQ | cut -f 2-` to extract this part.
# Columns correspond to qualities and rows to cycles. First column is the cycle number.
LFQ	1	0	0	0	0	0	0	0	0	0	0	285155	0	0	0	0	0	326903	0	0	512	0	0	53130	332907	0	298405	775535	896251	633525	0	2711608	12499382	0	3541862	9984863	0	0	0	0	0	0	0	0
LFQ	2	0	0	0	0	0	0	0	0	0	0	284816	0	0	0	0	0	362801	0	0	334	0	0	101671	281021	0	300064	696721	1047018	559105	0	2213142	11563753	0	2416256	12513336	0	0	0	0	0	0	0	0
LFQ	3	0	0	4	0	0	0	0	0	0	0	299801	0	0	0	0	0	376594	0	0	267	0	0	116991	268952	0	313036	663946	1058694	573749	0	2125593	11054085	0	2209194	13279132	0	0	0	0	0	0	0	0
LFQ	4	0	0	0	0	0	0	0	0	0	0	317913	0	0	0	0	0	180703	0	0	205578	0	0	104121	0	0	264225	344116	26430	537554	0	784389	18332	1089402	1609163	0	8449052	0	18409060	0	0	0	0	0
LFQ	5	0	0	0	0	0	0	0	0	0	0	331775	0	0	0	0	0	174427	0	0	209227	0	0	101191	0	0	263790	340428	26306	535042	0	779075	18785	1091106	1610072	0	8469292	0	18389522	0	0	0	0	0
LFQ	6	0	0	0	0	0	0	164	0	29090	0	181818	61383	0	0	77	21106	29845	189488	68768	72183	0	10860	7918	106890	170	265890	306657	46253	344452	183626	735618	107892	1176736	1479908	9	7664331	858078	18390828	0	0	0	0	0
LFQ	7	0	0	5	0	0	75	333	0	30594	0	186694	62634	42	0	147	19437	31047	175935	70108	69469	49	11811	8452	109760	153	268276	310770	57710	321971	186448	742391	107390	1172242	1477835	22	7699220	854920	18364098	0	0	0	0	0
LFQ	8	0	0	0	0	0	172	336	18	29860	0	184700	61538	80	1	141	19373	31238	171978	71265	70140	131	12534	8644	110272	79	269285	311507	76784	299349	185781	746212	105413	1170688	1477934	21	7713334	863271	18347959	0	0	0	0	0
LFQ	9	0	0	43	0	0	219	335	85	31587	1	194206	65544	116	17	143	20103	31169	175916	73386	71536	305	12724	9021	113155	203	271328	108668	321158	260205	191719	751687	79845	1043758	968094	672613	2818366	0	4758188	2236664	17057931	0	0	0
LFQ	10	0	0	0	0	0	323	330	150	33287	22	203060	67717	264	15	130	20566	33129	177086	77268	75827	526	13312	9415	116891	440	277062	110413	393626	200385	195065	760109	80794	1055309	977451	675089	2837766	3	4770930	2246901	16929377	0	0	0
LFQ	11	0	0	4173	0	0	417	277	261	30974	149	188039	62729	331	26	148	21411	31350	177002	73820	71588	675	13266	9331	112488	803	273190	108657	473116	116901	192713	756555	81272	1058792	973948	689664	2847676	72	4800882	2252340	16915002	0	0	0
LFQ	12	0	0	451	0	0	485	324	362	31701	410	189636	63187	397	37	167	20650	32061	174371	75984	74026	701	13836	9518	115947	1419	277896	110852	543634	46070	197064	769526	79304	1062164	985782	677877	2868613	213	4816553	2290016	16808804	0	0	0
LFQ	13	0	0	0	0	0	561	372	522	33194	686	195349	65190	511	56	202	20779	32802	171353	76363	75289	759	14259	9909	118511	2335	279197	111300	559224	31632	198822	775283	78029	1067205	994497	677152	2880591	383	4827467	2312529	16727725	0	0	0
LFQ	14	0	0	0	0	0	551	433	770	32073	1132	186977	62988	525	106	206	3437	43842	178642	75889	73204	862	14459	10009	31267	89672	275832	110944	558573	31041	198027	344250	477808	784705	1006834	780253	546877	1807309	1499546	4131081	2588574	5913538	10477802	0
LFQ	15	0	0	0	0	0	669	745	955	34107	1889	199669	67095	667	134	392	4268	45421	176160	80537	77508	899	15293	10439	32783	96659	278732	113738	558622	32393	203961	349960	484577	782883	1021736	777405	555767	1813025	1495221	4145373	2576088	5935479	10368789	0
LFQ	16	0	0	0	0	0	679	804	1138	33693	2587	188329	62219	805	270	555	4777	45096	176726	79254	75417	1152	15719	10523	34584	98225	277628	113479	561871	32477	204085	354085	484375	787287	1023846	783903	563070	1821474	1506912	4165057	2589618	5964113	10274206	0
LFQ	17	0	0	241	0	0	774	847	1344	35605	3753	193813	64294	848	402	707	5616	46444	171174	80447	77167	1224	16312	10958	36960	102647	278569	116159	556994	33737	207279	362187	488570	783212	1037651	783707	572693	1827461	1511998	4188169	2589127	5988296	10162652	0
LFQ	18	0	0	0	0	0	754	954	1583	35943	4858	185681	60274	942	488	738	6312	46427	169215	79399	75686	1372	16727	11289	38300	105502	272262	115104	549730	33687	206203	366509	485100	778964	1032442	787448	580997	1828150	1526648	4209829	2619076	6040117	10065328	0
LFQ	19	0	0	2496	0	0	783	1108	1851	37109	6691	182721	58650	1116	642	842	7519	42319	13979	233793	76477	1565	17605	11722	41318	111572	269954	116676	544933	34925	209496	375011	490001	769169	651827	1166915	595869	1611192	1465591	3468420	3175316	6291241	10251624	0
LFQ	20	0	0	0	0	0	883	1218	2246	39870	8917	186080	59692	1278	801	1027	9164	45059	18185	227857	79293	1740	18574	12327	45662	121690	268323	118936	543646	36141	214003	388456	494393	766568	656188	1174174	606714	1619581	1476534	3494153	3223167	6274848	10102650	0
LFQ	21	0	0	1	0	0	1012	1627	2963	50957	13270	216600	67663	1365	1024	1225	11022	50723	24334	230353	84007	1929	20506	13462	50542	135903	266980	122341	548361	37474	218337	404502	500738	765415	661948	1181463	621523	1624887	1486397	3514868	3267919	6228214	9908183	0
LFQ	22	0	0	1819	0	0	997	1657	3015	47217	15285	185041	56393	1586	1344	1413	13221	53520	32814	220273	81169	2298	20977	13561	54897	142119	259612	122662	553561	38505	216887	420412	499485	772846	665443	1197635	636852	1630038	1522713	3547258	3361365	6218540	9725608	0
LFQ	23	0	0	1178	0	0	1073	2048	3859	54329	21543	197408	58144	1800	1552	1647	15698	58584	39505	207397	85675	2489	22986	14701	61229	162795	253205	125850	540656	40391	222326	442967	508239	755019	680598	1208954	661243	1638821	1535974	3590083	3410358	6196110	9513604	0
LFQ	24	0	0	7	0	0	991	2099	3927	54019	24752	175869	48394	2006	2000	1849	18508	64034	52981	194410	78092	3033	23224	14878	66142	167235	246477	124520	537587	39895	206667	477305	495195	760896	672894	1207653	670236	1603045	1582450	3536163	3406961	5527521	10246123	0
LFQ	25	0	0	12	0	0	1064	2352	4519	58043	30808	167232	42501	2232	2115	2104	20969	67463	60034	171966	78347	3339	24620	15183	71239	186268	232800	124782	515570	41031	207661	497103	495251	728409	676681	1204737	692906	1598314	1592599	3562798	3422113	5611668	10123205	0
LFQ	26	0	0	18	0	0	1111	2660	5002	61394	38236	157727	35826	2318	2461	2279	24071	72107	66496	151785	79196	3883	26543	15994	76052	207267	219957	126089	495818	42825	210880	522515	497699	698774	685378	1193115	721799	1597365	1587155	3610598	3397980	5729981	9969684	0
LFQ	27	0	0	26	0	0	1205	3235	6262	72919	50665	161816	31426	2577	2726	2756	27505	79705	73296	136643	82637	4125	28848	17144	80863	235515	210695	130045	479183	45053	216134	553415	502977	662595	701430	1184125	750194	1587110	1576535	3657604	3333957	5853976	9793116	0
LFQ	28	0	0	32	0	0	1175	3231	6747	72296	58419	138047	21523	2821	3074	3070	31084	85354	78024	116496	78695	4772	30580	18062	83200	251362	203855	130884	456932	46767	214800	588708	504477	634123	710051	1179388	788265	1582910	1578688	3714431	3295088	5994402	9628205	0
LFQ	29	0	0	39	0	0	1204	3841	8051	80400	72718	129617	15041	3175	3527	3604	34944	92051	76095	104370	81321	5012	33338	19197	84437	273334	198100	131806	434179	49067	218546	623612	508995	590536	726482	1169405	827122	1570631	1579838	3770241	3240644	6106167	9469351	0
LFQ	30	0	0	51	0	0	1350	4593	9839	92069	92644	123224	9137	3609	4227	4360	40477	101904	73811	99645	85990	5808	34527	20911	89508	297641	206251	137828	419553	52472	225695	669459	519762	555842	748048	1164162	874598	1557094	1575918	3838652	3159913	6174792	9264674	0
LFQ	31	0	0	78	0	0	1321	5052	10718	93253	104141	98522	4544	4164	4834	4928	45483	111008	67518	90646	82248	6718	37370	22366	91274	304316	218434	139973	395916	55399	224383	717247	525111	520030	766757	1159561	926159	1544345	1587128	3915854	3098228	6242261	9112750	0
LFQ	32	0	0	280	0	0	1458	5720	12964	102202	127026	83706	2315	4669	5573	5892	51826	120683	56743	92101	87382	7700	40724	24795	94505	319432	233473	146056	380513	60307	232940	766569	540175	484414	798571	1152358	987409	1529744	1598229	3993736	3010684	6250294	8925751	0
LFQ	33	0	0	782	0	0	1537	6692	15138	108693	146481	64009	1599	5212	6563	6963	58744	127742	45540	92501	88855	8653	44066	26522	96458	324314	251839	150563	360324	64992	235538	813019	548397	447844	824453	1144703	1047980	1505413	1616484	4079208	2935487	6259791	8774773	0
LFQ	34	0	0	2097	0	0	1577	7449	16636	107874	158031	43095	1576	5909	7520	8050	64936	132127	34481	90360	86933	9738	46713	28550	97888	323103	266430	153506	337467	69979	234296	852760	551512	413002	850851	1130836	1113477	1469351	1639909	4158967	2885124	6279268	8655383	0
LFQ	35	0	0	3032	0	0	1817	8761	20432	119118	184601	28924	1719	6872	8811	9539	73137	135540	25494	96095	92622	11071	50304	31789	101832	336874	274428	161535	330092	76743	242928	879955	568435	390009	887347	1116440	1181749	1437864	1644109	4233431	2788001	6276324	8498068	0
LFQ	36	0	0	3372	0	0	1925	9939	23014	119033	192462	16564	1931	7968	10419	10968	82530	138615	19340	94603	91374	12764	53764	34938	105901	338226	286067	166305	317030	84079	245281	912956	573680	374154	925564	1102227	1255318	1399202	1667631	4293683	2742523	6267578	8351993	0
LFQ	37	0	0	4104	0	0	2086	11702	27358	126076	214797	9037	2315	9035	12059	12789	92105	134802	16134	97337	95754	14648	57360	38192	110147	346273	284184	173913	313435	92789	249078	926012	585479	364811	966596	1084333	1324439	1355201	1686054	4332109	2707477	6261628	8192429	0
LFQ	38	0	0	1230	0	0	2460	14136	33338	134891	232865	4813	2747	10593	14570	15194	107278	135689	15648	99732	98919	16843	61976	42171	116676	356562	285707	181346	314649	102719	254060	940735	597359	364230	1007718	1069394	1390835	1311540	1698763	4343938	2678609	6234269	8039049	0
LFQ	39	0	0	164	0	0	2451	13896	32892	116342	203113	2838	3160	11850	16828	17272	114346	123539	15674	96226	94546	19589	60416	46427	128325	358609	284890	190313	312972	115347	258847	958551	609233	371674	1063298	1058637	1466353	1280357	1727240	4211726	2850704	6235535	7858344	0
LFQ	40	0	0	167	0	0	2684	16867	40025	126068	219597	2443	3426	12497	18427	19635	117325	106058	17577	100690	101155	21593	64987	50255	136197	369450	260882	200444	317918	127162	266242	944727	624070	382165	1111254	1039429	1528448	1247788	1746324	4228895	2843356	6209107	7706485	0
LFQ	41	0	0	824	0	0	2931	19158	45989	130469	226078	2523	3963	14286	21959	22494	128343	96776	19684	103220	105525	24568	68786	55986	147087	381824	249510	212029	324964	142641	277465	944170	639961	397793	1165943	1027129	1578168	1232148	1759982	4247697	2829021	6182793	7497272	0
LFQ	42	0	0	860	0	0	2986	19208	46892	118510	201998	2666	4538	15916	24654	25001	134384	83645	21139	99809	99807	27632	70048	60579	154533	376958	237085	219595	316774	159509	274112	941233	645025	402596	1212445	1009805	1627464	1208237	1799149	4263571	2872712	6183816	7365619	0
LFQ	43	0	0	220	0	0	3206	21233	52289	118422	204228	2751	4786	16470	27186	27859	134956	69685	23609	102189	104407	30307	72917	65061	165424	385202	213899	232540	326334	177483	285682	920423	668403	420128	1261188	1003912	1651909	1219766	1810671	4290075	2849534	6170169	7195382	0
LFQ	44	0	0	238	0	0	3628	23774	59945	122479	207202	2942	5482	18145	31022	31623	141305	60654	25999	104475	105824	33903	75755	71736	177608	394124	197184	244883	329093	197237	294119	908876	683482	437825	1305075	999604	1673545	1232577	1828078	4298270	2837308	6125855	7038469	0
LFQ	45	0	0	1279	0	0	3897	25256	63498	118883	194191	3203	6234	19481	34967	34020	142474	49093	28157	99607	105730	48943	67737	76672	193567	395003	186151	256633	326663	219383	299894	896177	699173	447476	1344388	1001833	1690968	1251363	1850487	4303201	2780131	6169965	6893001	0
LFQ	46	0	0	269	0	0	4232	27580	70298	122387	195621	3573	6853	21240	38974	37509	140808	40167	30359	102408	108825	54360	69129	83519	207106	399750	166387	271855	330484	243408	308783	877244	717749	466273	1373483	1014619	1700837	1276328	1868026	4300532	2783318	6123226	6740675	0
LFQ	47	0	0	290	0	0	4808	30206	78042	128603	194448	3796	7789	22588	43622	41549	139749	33776	32834	104634	110742	59338	70993	91884	221119	403118	149830	287601	331322	270270	319321	858359	737841	483289	1401571	1038693	1707010	1304983	1889379	4292052	2786519	6065245	6580444	0
LFQ	48	0	0	7127	0	0	5143	33093	84797	132256	188762	4174	8711	24724	49806	46310	138838	29388	35121	106732	112119	65555	72386	100599	239474	405064	134158	304270	332948	300534	329222	846990	760192	501991	1423374	1071942	1722663	1338822	1914159	4277657	2798193	5995477	6384313	0
LFQ	49	0	0	339	0	0	5758	36939	96798	142515	191023	4747	10293	28859	57187	51161	139537	26244	38088	111236	116135	72521	74950	109651	237074	425459	117973	323685	343719	333821	343270	827680	788677	525057	1437531	1111163	1673634	1433098	1942772	3844021	3214145	5914267	6175541	0
LFQ	50	0	0	365	0	0	6192	38365	100587	143901	177809	5350	11346	29949	63751	55544	131005	23936	39812	113457	115555	80831	76612	121454	255056	427010	103582	345102	344323	370343	353035	818352	813642	547890	1451167	1160109	1693329	1467865	1968941	3835240	3215626	5822470	5997120	0
LFQ	51	0	0	406	0	0	6151	37791	102756	145266	163395	9103	18914	44394	112422	79986	191199	19260	37414	105424	90968	137638	97391	197229	387306	570708	156702	471948	337491	731829	345590	1537394	1065282	659314	2533990	1459506	2192705	1509665	3833650	4411434	4419111	3048679	1056095	0
LFQ	52	0	0	2551	0	0	6864	40063	108549	149040	150964	7930	16670	38305	96893	71580	135309	19242	39023	108367	99261	116084	87088	168709	337564	447602	97012	441397	329574	586969	346427	1058800	1001194	682817	1916797	1457171	1936908	1545542	3058425	4532580	5429744	4505446	1150501	0
LFQ	53	0	0	1500	0	0	5447	32773	92409	125795	115665	7183	16020	35121	87796	63737	104619	17816	36947	100484	89365	106431	79578	153145	301885	374813	72288	397907	294424	522011	330573	819285	884343	619515	1542993	1358883	1802867	1513069	2329532	3976188	4541750	6035732	3334549	0
LFQ	54	0	0	410	0	0	5992	34409	95769	130759	107798	6559	14797	32138	82903	60464	82376	18110	37350	102612	90932	101430	75879	148380	286003	340570	58518	390077	287948	495630	345246	697960	857904	606884	1380632	1357618	1818267	1548674	2107195	3684349	3774960	5793614	5262800	0
LFQ	55	0	0	1318	0	0	6030	34132	97861	133992	95372	6483	15227	29366	84997	61818	69636	18148	38546	104635	90145	99580	78392	151095	285668	229233	143157	395441	280485	503618	356586	636858	857175	609562	1296104	1400667	1869260	1582241	1991329	3545922	3476149	5562121	6085051	0
LFQ	56	0	0	444	0	0	6204	32600	95344	132161	78882	6691	15382	29416	85722	59775	58244	17471	38228	105790	86670	102235	79193	155217	284610	207458	142355	404043	272614	521274	366580	596784	868092	622970	1253694	1452119	1935501	1619995	1986693	3434800	3365457	5413242	6388912	0
LFQ	57	0	0	1911	0	0	6719	34002	101919	142840	72677	7096	16076	28039	88687	59224	49291	18352	39788	112559	88844	106649	80407	164711	286685	188109	145470	421396	270977	542063	383995	566386	890811	645906	1228246	1523023	2007027	1673157	1989521	3361240	3301789	5280200	6396534	0
LFQ	58	0	0	493	0	0	7103	35590	108248	154511	64922	7806	18000	29945	94742	60094	44004	18838	41798	118774	89797	114156	83074	175926	293857	176103	151137	443720	271502	570277	403315	551242	921471	673913	1211613	1602939	2082844	1729414	2006753	3300959	3274103	5139161	6249637	0
LFQ	59	0	0	616	0	0	7856	36290	113147	162120	55108	8542	19771	30389	101595	58076	39835	18919	42936	128322	89872	113201	83174	205606	281263	158293	151425	501744	270502	604305	424478	544075	957130	702555	1209689	1692645	2166617	1793318	2033967	3249713	3211500	4994253	6058320	0
LFQ	60	0	0	567	0	0	8392	36997	117923	170227	46495	9334	21161	30099	107405	55105	35267	18566	43819	133725	88203	120317	85952	218179	282262	147193	156333	526239	264795	632980	441647	538401	991865	735838	1199615	1775729	2256486	1851753	2068715	3183216	3244299	4843702	5831787	0
LFQ	61	0	0	3850	0	0	8992	36775	121930	176777	37789	9863	22434	30169	111123	53644	31844	18718	45352	139830	87067	127781	88638	233658	279414	137156	162390	552870	262204	657261	463139	536689	1028582	766416	1194265	1865138	2362156	1920433	2094895	3123250	3259746	4686320	5581439	0
LFQ	62	0	0	9747	0	0	9575	37178	125600	181367	29701	10716	24275	30372	114786	51273	30068	19031	46364	146120	84717	136229	91263	248089	275550	129367	168197	580421	257590	678500	485339	539142	1061778	801198	1189374	1958306	2471976	1990995	2129941	3054918	3281361	4524850	5314159	0
LFQ	63	0	0	18621	0	0	10576	38596	136519	195814	24450	11929	26319	30412	119533	49401	28570	19273	49093	157479	85666	143913	95099	264571	270569	126165	178279	612861	259205	696721	512639	547003	1100024	839387	1189566	2057318	2590317	2061716	2152617	2979103	3288284	4335521	5015670	0
LFQ	64	0	0	30663	0	0	11290	39110	144443	204152	18589	13196	28866	31492	126271	47639	28505	19541	50975	165406	82999	153189	99011	282085	265893	123084	186102	643606	256315	711451	538358	563943	1138739	876160	1189626	2154395	2720278	2131756	2185702	2895032	3304623	4141852	4713838	0
LFQ	65	0	0	46399	0	0	12346	38849	150155	207918	12755	14036	30867	31596	129286	45761	25001	23093	52581	153370	102792	161959	102576	277589	276509	122568	195156	665711	224043	720148	602074	581839	1172668	915133	1193632	2252788	2862452	2208979	2217110	2804079	3320718	3943063	4419918	0
LFQ	66	0	0	65801	0	0	13553	40869	165419	222405	9552	15769	33453	32003	134265	43660	25431	24272	55431	163498	104528	172239	107611	294644	270101	123237	207228	701618	223377	727388	637695	609478	1211696	956663	1203496	2357077	3004494	2288092	2243755	2708861	3315362	3731014	4071832	0
LFQ	67	0	0	88213	0	0	13301	36943	158281	203246	5315	16944	35852	32723	136098	40894	25759	23292	55408	162581	99015	181723	108913	301992	260315	122987	211435	721400	216614	725663	661698	642420	1240133	995177	1217261	2456796	3174797	2368181	2295076	2588597	3362777	3527892	3800461	0
LFQ	68	0	0	115068	0	0	15798	41352	182864	225031	3666	18629	37310	32299	136038	38457	26882	24757	59520	177965	101803	189202	112372	315416	250161	125971	225339	756429	219644	713460	699858	669682	1269682	1032776	1230525	2557166	3342254	2442812	2318835	2472416	3338657	3296066	3499325	0
LFQ	69	0	0	145728	0	0	15651	36222	175192	200388	1727	20127	40782	32941	138267	36343	28646	24072	60278	180175	97259	200321	115727	324321	243776	129117	233554	782576	217731	705086	732649	706516	1296721	1075043	1256685	2667432	3532145	2519981	2364164	2349751	3339435	3076222	3212067	0
LFQ	70	0	0	179449	0	0	16201	35483	181460	195324	881	21077	40297	31476	129405	32611	29508	24522	61495	186725	95712	206483	116690	296910	204716	189067	244687	804110	220319	681399	768307	744281	1320503	1111887	1284325	2775164	3736962	2605387	2410410	2219268	3329181	2850167	2932339	0
LFQ	71	0	0	217367	0	0	18019	37638	199909	201569	503	22803	42340	32425	129095	31259	31293	25693	64763	199521	96164	216100	119940	302013	196980	198482	261083	831269	225649	659373	810857	783016	1344065	1152912	1316116	2891961	3924914	2676524	2444637	2084295	3286854	2607596	2628465	0
LFQ	72	0	0	258910	0	0	18891	36569	204985	194252	293	24679	44942	33162	128028	29061	33162	25621	66083	206082	94299	227277	121222	302209	192082	206301	272875	855683	229504	641401	846639	822678	1361371	1192006	1353531	3013407	4132594	2745798	2486923	1935908	3259822	2367746	2346759	0
LFQ	73	0	0	303919	0	0	19294	33622	207276	179192	191	26247	46102	32817	123918	26644	34866	25858	68003	211315	91624	236940	122507	298212	184981	213769	284599	872667	236468	615400	883803	859661	1377666	1232024	1397037	3141197	4352134	2814388	2534309	1787944	3216610	2132378	2086485	0
LFQ	74	0	0	353196	0	0	22126	37496	236450	192516	138	28376	48226	34069	123008	25684	36972	26415	71087	225978	92133	246519	125015	295631	182683	222727	302889	894137	243993	588692	925016	894445	1394840	1264091	1438104	3258817	4561232	2864129	2571467	1632843	3136484	1892463	1821241	0
LFQ	75	0	0	405676	0	0	21792	32153	225105	167802	132	31342	51682	34882	122809	23719	39373	26216	72831	227808	90128	260627	127434	292137	182508	232621	316643	842359	327179	566980	964153	932525	1413198	1302333	1489500	3403623	4784067	2914452	2615917	1484336	3053889	1659512	1571133	0
LFQ	76	0	0	462004	0	0	22908	31112	236331	160428	113	32461	50985	34716	114067	22116	41834	26805	74730	235875	89517	268742	128094	281966	181649	240595	334233	853443	341844	536566	1006692	963205	1436348	1340697	1541889	3550126	5012681	2956569	2647949	1339105	2940768	1434301	1336307	0
LFQ	77	0	0	520803	0	0	23741	29766	241281	149273	105	33572	50835	34965	106621	20762	42799	27037	76793	241095	87951	276266	126525	266037	182951	248611	348616	856338	356360	503409	1047165	992493	1455546	1375931	1596468	3705786	5249699	2992735	2681684	1194395	2821846	1225271	1117396	0
LFQ	78	0	0	584916	0	0	26062	31126	266993	151304	101	36454	53000	36233	103856	20200	45922	28303	80506	255157	89629	288006	128513	257012	186143	259081	371054	870230	376009	475173	1091554	1015633	1476808	1409876	1641051	3858281	5462869	2999510	2691130	1053406	2654247	1019696	912943	0
LFQ	79	0	0	651552	0	0	26502	28592	266305	136510	125	40144	55730	37930	101336	18710	47958	27908	82291	260684	90795	302803	129888	246191	191130	270056	389794	880519	390947	448028	1136849	1045446	1505014	1445785	1692474	4021140	5681217	3005610	2688600	914660	2481302	834107	732380	0
LFQ	80	0	0	722465	0	0	27532	27629	279320	128409	105	41761	56552	38284	94533	18033	50597	28868	85623	269412	92325	314552	130214	231086	197939	279439	411405	887764	410545	419417	1180634	1065484	1539097	1484112	1736874	4191875	5893139	2996271	2665197	785728	2286475	664792	572510	0
LFQ	81	0	0	796965	0	0	29370	27226	295038	122012	99	44399	57624	39938	89656	17273	53062	29610	88908	276867	94542	326356	129739	215605	203304	288104	434341	889577	429261	390917	1224155	1081536	1571940	1516934	1777170	4361771	6112040	2971611	2624041	665713	2074696	516169	437243	0
LFQ	82	0	0	880732	0	0	32030	27984	319663	120254	157	49821	61944	42585	88780	16787	55911	30621	91586	287075	97973	342674	129813	202778	210764	300133	460890	893608	449319	364518	1266526	1095196	1603946	1551636	1811946	4530502	6296201	2929041	2547318	552934	1850288	387972	321722	0
LFQ	83	0	0	959839	0	0	31910	24861	317699	106419	160	53575	65473	43846	81726	15838	58812	31125	94746	293321	102973	357808	130616	188093	219115	312184	485758	896637	468781	337294	1310012	1104991	1640402	1586536	1845575	4706472	6496442	2885288	2459350	454411	1620977	282842	230407	0
LFQ	84	0	0	1047095	0	0	31975	23174	313140	93145	141	54078	61849	43617	73727	14604	59720	30755	96704	292038	105777	367420	126027	168949	226402	319880	507107	885607	484826	311162	1347115	1112225	1676883	1622163	1878491	4890349	6718807	2832754	2356803	364741	1400901	200294	160384	0
LFQ	85	0	0	1141448	0	0	32890	21447	321027	84012	138	55570	59928	44008	66443	14567	62150	31764	98806	298642	110222	373286	123007	151877	234478	328375	534020	873209	506348	285808	1387934	1116647	1717389	1655212	1904040	5070796	6904158	2761493	2222116	290335	1173261	135850	106575	0
LFQ	86	0	0	1241312	0	0	33051	19982	324545	74386	107	57167	58789	44396	59139	13469	64200	31544	99751	299620	114785	379991	117641	134524	240286	336475	558041	850752	525306	261990	1418973	1115374	1750486	1692228	1927725	5252075	7105916	2680893	2067454	224987	963680	88236	68040	0
LFQ	87	0	0	1349418	0	0	33660	18807	328314	65605	144	58883	58375	45015	52825	12841	65539	31929	102625	302982	119775	386764	113329	118841	246354	344954	583493	827835	542922	240346	1447886	1112937	1782519	1723198	1941207	5423569	7288898	2592291	1896671	170607	767696	54574	41508	0
LFQ	88	0	0	1466619	0	0	35094	17971	343457	59645	128	62497	58308	45807	47802	12791	68248	33362	105365	313400	127756	397551	110214	105976	254813	355279	615945	807880	563807	221577	1484563	1110063	1817818	1756526	1949657	5577104	7416608	2476747	1704242	127265	585158	31982	23660	0
LFQ	89	0	0	1591950	0	0	35460	16644	341467	51999	145	64935	58600	46067	42353	11795	69564	33531	106860	314136	134222	405361	104486	92560	262668	363890	646212	783898	584613	204880	1514421	1111236	1850844	1794135	1957889	5734832	7533283	2361656	1505936	90441	436103	17823	12969	0
LFQ	90	0	0	1730765	0	0	36574	16158	359172	47504	140	67847	58525	47378	37494	11208	72056	34928	110926	322777	142851	416877	99080	81490	271227	376905	683145	760284	608611	191338	1556529	1111999	1885629	1835165	1957038	5877110	7575920	2219494	1293921	63664	308923	9272	6782	0
LFQ	91	0	0	1875986	0	0	34283	13185	318750	36671	149	64976	53237	44265	29773	9580	70434	32322	106234	300387	145296	400914	86348	66426	270565	374571	682407	696446	614888	172791	1536538	1096100	1872491	1850354	1951868	5948731	7911289	2194945	1143881	41036	226215	4884	3797	0
LFQ	92	0	0	2040831	0	0	33494	11535	309303	30558	112	62308	47436	41538	23027	8700	69927	32338	104653	297765	147216	389685	75887	54551	268728	373154	696836	637590	622088	155773	1528049	1079979	1862904	1848940	1938848	6011064	8199352	2111067	979777	27686	151708	2492	2002	0
LFQ	93	0	0	2233422	0	0	32652	10283	302863	25901	104	62057	44409	40380	18829	8189	69800	33000	104504	299410	152818	383341	67805	47341	271676	374550	720130	595384	633106	142238	1529236	1073075	1869065	1864291	1925803	6089386	8341232	1987830	803786	17861	96003	1412	1046	0
LFQ	94	0	0	2456611	0	0	30660	8643	283773	21396	91	60735	41157	38398	14920	7351	69535	33222	103719	295373	157303	377062	59382	40723	273419	378122	742385	550675	642567	130882	1539408	1070089	1878971	1884370	1913954	6155126	8436660	1859148	642812	10869	57855	843	683	0
LFQ	95	0	0	2717489	0	0	28712	7276	266364	17745	86	57200	37226	13882	33370	6452	68302	32368	101572	291327	161362	364878	51066	35272	274547	378299	757842	507399	652165	120065	1540087	1069877	1887898	1906656	1905088	6219887	8487284	1723081	500281	6367	33221	560	408	0
LFQ	96	0	0	3027488	0	0	25050	5896	240555	14265	90	53824	32826	11840	28927	5685	66948	32420	100253	289764	164887	354222	43036	31212	274540	378220	780790	466461	662283	110158	1544156	1072466	1899205	1925939	1894224	6273562	8469651	1574179	378933	3554	18169	365	253	0
LFQ	97	0	0	3385241	0	0	18393	4030	186962	9964	63	43993	25270	8755	22091	4315	60727	30584	92355	269687	159276	323932	34339	26296	267811	369551	773217	412313	661442	98434	1523778	1073015	1900033	1941045	1894101	6333588	8542966	1451690	287268	2015	9628	277	164	0
LFQ	98	0	0	3814505	0	0	10635	2173	125500	5761	27	30031	16401	5534	15302	2971	55181	30130	84636	261649	151766	293663	26221	24088	258629	359587	771492	363196	658804	87909	1500007	1074971	1902384	1948250	1888376	6364305	8560764	1324567	214111	1144	5217	189	108	0
LFQ	99	0	0	4307250	0	0	2741	587	45588	1669	8	11501	6065	2035	6585	1438	50443	30299	76539	255710	141968	262830	20216	23123	249767	349852	764190	318429	655192	78362	1476146	1077711	1910140	1961722	1882295	6382149	8521026	1195064	158352	614	2799	130	63	0
LFQ	100	0	0	4872662	0	0	1	3	12	27	0	4	2	0	433	128	53437	32242	76566	271202	145192	258512	16839	22766	245966	351018	781435	292330	660728	71511	1488938	1098962	1954533	2001877	1869907	6452047	8075217	1012467	110673	406	1690	90	53	0
# GC Content of first fragments. Use `grep ^GCF | cut -f 2-` to extract this part.
GCF	0.25	2
GCF	1.01	1
GCF	2.01	0
GCF	2.76	3
GCF	3.27	4
GCF	4.02	7
GCF	5.03	13
GCF	5.78	21
GCF	6.28	20
GCF	7.04	36
GCF	8.04	29
GCF	8.79	72
GCF	9.30	73
GCF	9.80	146
GCF	10.30	145
GCF	11.06	255
GCF	12.06	421
GCF	12.81	594
GCF	13.32	597
GCF	13.82	1010
GCF	14.32	1014
GCF	14.82	1901
GCF	15.33	1904
GCF	15.83	3370
GCF	16.33	3367
GCF	16.83	5904
GCF	17.34	5909
GCF	17.84	10480
GCF	18.34	10487
GCF	18.84	17717
GCF	19.35	17723
GCF	19.85	28850
GCF	20.35	28854
GCF	20.85	45402
GCF	21.36	45422
GCF	21.86	70040
GCF	22.36	70075
GCF	22.86	105016
GCF	23.37	105045
GCF	23.87	147987
GCF	24.37	148049
GCF	24.87	201484
GCF	25.38	201578
GCF	25.88	265499
GCF	26.38	265614
GCF	26.88	338482
GCF	27.39	338569
GCF	27.89	416307
GCF	28.39	416481
GCF	28.89	501095
GCF	29.40	501345
GCF	29.90	584475
GCF	30.40	584699
GCF	30.90	667799
GCF	31.41	668016
GCF	31.91	749125
GCF	32.41	749451
GCF	32.91	828124
GCF	33.42	828427
GCF	33.92	897272
GCF	34.42	897516
GCF	34.92	955622
GCF	35.43	955884
GCF	35.93	1010856
GCF	36.43	1011042
GCF	36.93	1056115
GCF	37.44	1056368
GCF	37.94	1087354
GCF	38.44	1087456
GCF	38.94	1106047
GCF	39.45	1106104
GCF	39.95	1107842
GCF	40.45	1107876
GCF	40.95	1096246
GCF	41.46	1096286
GCF	41.96	1081664
GCF	42.46	1081595
GCF	42.96	1052691
GCF	43.47	1052680
GCF	43.97	1023876
GCF	44.47	1023743
GCF	44.97	991851
GCF	45.48	991800
GCF	45.98	957338
GCF	46.48	957366
GCF	46.98	925446
GCF	47.49	925423
GCF	47.99	898277
GCF	48.49	898342
GCF	48.99	871420
GCF	49.50	871426
GCF	50.00	845506
GCF	50.50	845449
GCF	51.01	820913
GCF	51.51	820910
GCF	52.01	795701
GCF	52.51	795557
GCF	53.02	774396
GCF	53.52	774373
GCF	54.02	753464
GCF	54.52	753474
GCF	55.03	731707
GCF	55.53	731694
GCF	56.03	708949
GCF	56.53	708958
GCF	57.04	685955
GCF	57.54	685992
GCF	58.04	658356
GCF	58.54	658210
GCF	59.05	624737
GCF	59.55	624506
GCF	60.05	583228
GCF	60.55	583162
GCF	61.06	533327
GCF	61.56	533191
GCF	62.06	479399
GCF	62.56	479239
GCF	63.07	424391
GCF	63.57	424210
GCF	64.07	368175
GCF	64.57	367969
GCF	65.08	314376
GCF	65.58	314173
GCF	66.08	264685
GCF	66.58	264543
GCF	67.09	217512
GCF	67.59	217313
GCF	68.09	172899
GCF	68.59	172778
GCF	69.10	133846
GCF	69.60	133701
GCF	70.10	101778
GCF	70.60	101683
GCF	71.11	75402
GCF	71.61	75302
GCF	72.11	55651
GCF	72.61	55598
GCF	73.12	40688
GCF	73.62	40632
GCF	74.12	29569
GCF	74.62	29538
GCF	75.13	21698
GCF	75.63	21659
GCF	76.13	15420
GCF	76.63	15410
GCF	77.14	11115
GCF	77.64	11098
GCF	78.14	8218
GCF	78.64	8217
GCF	79.15	5838
GCF	79.65	5836
GCF	80.15	4094
GCF	80.65	4088
GCF	81.16	2782
GCF	81.66	2784
GCF	82.16	1715
GCF	82.66	1713
GCF	83.17	1031
GCF	83.67	1032
GCF	84.42	594
GCF	85.43	288
GCF	86.43	122
GCF	87.19	48
GCF	87.69	47
GCF	88.44	21
GCF	89.95	6
GCF	91.46	1
GCF	92.46	3
GCF	93.47	4
GCF	94.47	2
GCF	95.48	0
GCF	96.48	1
GCF	97.99	0
GCF	99.50	1
# GC Content of last fragments. Use `grep ^GCL | cut -f 2-` to extract this part.
GCL	0.25	7
GCL	1.01	3
GCL	2.01	9
GCL	3.02	2
GCL	4.02	6
GCL	5.03	10
GCL	6.03	20
GCL	7.04	28
GCL	8.04	38
GCL	9.05	87
GCL	9.80	138
GCL	10.30	137
GCL	10.80	231
GCL	11.31	230
GCL	11.81	402
GCL	12.31	405
GCL	12.81	694
GCL	13.32	697
GCL	14.07	1164
GCL	14.82	1943
GCL	15.33	1946
GCL	15.83	3579
GCL	16.33	3580
GCL	16.83	6394
GCL	17.34	6400
GCL	17.84	11354
GCL	18.34	11358
GCL	18.84	18988
GCL	19.35	18995
GCL	19.85	30899
GCL	20.35	30900
GCL	20.85	47947
GCL	21.36	47962
GCL	21.86	72902
GCL	22.36	72941
GCL	22.86	107513
GCL	23.37	107556
GCL	23.87	151073
GCL	24.37	151141
GCL	24.87	204984
GCL	25.38	205070
GCL	25.88	267969
GCL	26.38	268102
GCL	26.88	339358
GCL	27.39	339432
GCL	27.89	416165
GCL	28.39	416317
GCL	28.89	499226
GCL	29.40	499502
GCL	29.90	581768
GCL	30.40	581955
GCL	30.90	665474
GCL	31.41	665728
GCL	31.91	743944
GCL	32.41	744276
GCL	32.91	821535
GCL	33.42	821878
GCL	33.92	889373
GCL	34.42	889608
GCL	34.92	947252
GCL	35.43	947432
GCL	35.93	1002737
GCL	36.43	1002931
GCL	36.93	1050190
GCL	37.44	1050404
GCL	37.94	1079535
GCL	38.44	1079591
GCL	38.94	1097121
GCL	39.45	1097240
GCL	39.95	1102042
GCL	40.45	1102026
GCL	40.95	1093601
GCL	41.46	1093613
GCL	41.96	1077850
GCL	42.46	1077735
GCL	42.96	1050549
GCL	43.47	1050507
GCL	43.97	1021139
GCL	44.47	1021093
GCL	44.97	988276
GCL	45.48	988146
GCL	45.98	955792
GCL	46.48	955831
GCL	46.98	923743
GCL	47.49	923675
GCL	47.99	895617
GCL	48.49	895702
GCL	48.99	871343
GCL	49.50	871323
GCL	50.00	846656
GCL	50.50	846587
GCL	51.01	821767
GCL	51.51	821759
GCL	52.01	797505
GCL	52.51	797293
GCL	53.02	776857
GCL	53.52	776872
GCL	54.02	756418
GCL	54.52	756395
GCL	55.03	733143
GCL	55.53	733201
GCL	56.03	711652
GCL	56.53	711622
GCL	57.04	686726
GCL	57.54	686831
GCL	58.04	660143
GCL	58.54	660064
GCL	59.05	627735
GCL	59.55	627511
GCL	60.05	587869
GCL	60.55	587761
GCL	61.06	536652
GCL	61.56	536514
GCL	62.06	482542
GCL	62.56	482366
GCL	63.07	427984
GCL	63.57	427855
GCL	64.07	373351
GCL	64.57	373107
GCL	65.08	318777
GCL	65.58	318668
GCL	66.08	269011
GCL	66.58	268868
GCL	67.09	219670
GCL	67.59	219395
GCL	68.09	176324
GCL	68.59	176172
GCL	69.10	138440
GCL	69.60	138299
GCL	70.10	104233
GCL	70.60	104145
GCL	71.11	77814
GCL	71.61	77740
GCL	72.11	57272
GCL	72.61	57232
GCL	73.12	42325
GCL	73.62	42280
GCL	74.12	30505
GCL	74.62	30475
GCL	75.13	22387
GCL	75.63	22349
GCL	76.13	15923
GCL	76.63	15904
GCL	77.14	11535
GCL	77.64	11509
GCL	78.14	8591
GCL	78.64	8581
GCL	79.15	6180
GCL	79.65	6177
GCL	80.15	4383
GCL	80.65	4375
GCL	81.16	2936
GCL	81.66	2935
GCL	82.16	1849
GCL	82.66	1850
GCL	83.42	1042
GCL	84.42	569
GCL	85.43	294
GCL	86.43	124
GCL	87.44	52
GCL	88.19	20
GCL	88.69	19
GCL	89.45	14
GCL	90.45	3
GCL	91.46	4
GCL	92.46	3
GCL	93.47	2
GCL	94.47	1
GCL	95.48	0
GCL	96.48	1
# ACGT content per cycle. Use `grep ^GCC | cut -f 2-` to extract this part. The columns are: cycle; A,C,G,T base counts as a percentage of all A/C/G/T bases [%]; and N and O counts as a percentage of all A/C/G/T bases [%]
GCC	1	27.78	21.86	21.93	28.43	0.11	0.00
GCC	2	28.46	21.14	21.24	29.16	0.00	0.00
GCC	3	27.73	21.86	21.98	28.43	0.00	0.00
GCC	4	27.65	21.93	22.04	28.39	0.00	0.00
GCC	5	27.79	21.78	21.87	28.56	0.00	0.00
GCC	6	27.24	22.29	22.43	28.04	0.00	0.00
GCC	7	27.43	22.10	22.23	28.24	0.00	0.00
GCC	8	27.74	21.76	21.92	28.58	0.00	0.00
GCC	9	27.52	21.97	22.13	28.37	0.00	0.00
GCC	10	27.44	22.02	22.20	28.33	0.00	0.00
GCC	11	27.47	22.00	22.16	28.37	0.01	0.00
GCC	12	27.38	22.08	22.25	28.29	0.00	0.00
GCC	13	27.42	22.04	22.20	28.35	0.00	0.00
GCC	14	27.44	22.00	22.15	28.41	0.00	0.00
GCC	15	27.35	22.08	22.24	28.32	0.00	0.00
GCC	16	27.35	22.08	22.25	28.32	0.00	0.00
GCC	17	27.34	22.07	22.25	28.34	0.00	0.00
GCC	18	27.22	22.19	22.37	28.22	0.00	0.00
GCC	19	27.21	22.20	22.36	28.23	0.00	0.00
GCC	20	27.20	22.19	22.36	28.24	0.00	0.00
GCC	21	27.09	22.28	22.47	28.16	0.00	0.00
GCC	22	27.08	22.28	22.46	28.18	0.00	0.00
GCC	23	27.10	22.26	22.45	28.19	0.00	0.00
GCC	24	26.98	22.37	22.55	28.10	0.00	0.00
GCC	25	27.00	22.34	22.53	28.13	0.00	0.00
GCC	26	27.01	22.31	22.50	28.17	0.00	0.00
GCC	27	26.90	22.42	22.62	28.07	0.00	0.00
GCC	28	26.92	22.40	22.58	28.09	0.00	0.00
GCC	29	26.93	22.38	22.56	28.12	0.00	0.00
GCC	30	26.85	22.44	22.65	28.06	0.00	0.00
GCC	31	26.84	22.45	22.65	28.06	0.00	0.00
GCC	32	26.88	22.40	22.62	28.10	0.00	0.00
GCC	33	26.79	22.48	22.71	28.03	0.00	0.00
GCC	34	26.80	22.47	22.67	28.06	0.00	0.00
GCC	35	26.80	22.45	22.67	28.07	0.00	0.00
GCC	36	26.73	22.51	22.74	28.01	0.01	0.00
GCC	37	26.74	22.50	22.73	28.03	0.01	0.00
GCC	38	26.75	22.48	22.70	28.07	0.00	0.00
GCC	39	26.68	22.55	22.78	28.00	0.00	0.00
GCC	40	26.68	22.54	22.77	28.01	0.00	0.00
GCC	41	26.70	22.51	22.76	28.04	0.01	0.00
GCC	42	26.65	22.57	22.81	27.97	0.00	0.00
GCC	43	26.65	22.56	22.79	28.00	0.00	0.00
GCC	44	26.67	22.53	22.76	28.04	0.00	0.00
GCC	45	26.59	22.60	22.84	27.97	0.00	0.00
GCC	46	26.60	22.58	22.82	28.00	0.00	0.00
GCC	47	26.63	22.56	22.80	28.02	0.00	0.00
GCC	48	26.56	22.63	22.86	27.96	0.01	0.00
GCC	49	26.56	22.61	22.86	27.97	0.00	0.00
GCC	50	26.60	22.57	22.83	28.01	0.00	0.00
GCC	51	26.53	22.63	22.88	27.95	0.00	0.00
GCC	52	26.54	22.62	22.86	27.98	0.00	0.00
GCC	53	26.58	22.58	22.82	28.01	0.00	0.00
GCC	54	26.51	22.64	22.89	27.96	0.00	0.00
GCC	55	26.53	22.62	22.86	27.99	0.00	0.00
GCC	56	26.55	22.59	22.84	28.02	0.00	0.00
GCC	57	26.49	22.66	22.90	27.95	0.00	0.00
GCC	58	26.49	22.64	22.89	27.98	0.00	0.00
GCC	59	26.52	22.61	22.87	28.00	0.00	0.00
GCC	60	26.46	22.66	22.93	27.94	0.00	0.00
GCC	61	26.47	22.66	22.91	27.96	0.00	0.00
GCC	62	26.51	22.62	22.89	27.99	0.00	0.00
GCC	63	26.45	22.67	22.95	27.93	0.00	0.00
GCC	64	26.47	22.66	22.92	27.95	0.00	0.00
GCC	65	26.49	22.63	22.90	27.98	0.00	0.00
GCC	66	26.43	22.68	22.96	27.93	0.00	0.00
GCC	67	26.44	22.68	22.95	27.93	0.00	0.00
GCC	68	26.47	22.65	22.92	27.96	0.00	0.00
GCC	69	26.41	22.71	22.98	27.90	0.00	0.00
GCC	70	26.42	22.69	22.96	27.92	0.00	0.00
GCC	71	26.45	22.67	22.94	27.94	0.00	0.00
GCC	72	26.40	22.73	22.98	27.89	0.00	0.00
GCC	73	26.42	22.71	22.97	27.90	0.00	0.00
GCC	74	26.45	22.68	22.93	27.94	0.00	0.00
GCC	75	26.39	22.75	23.00	27.86	0.00	0.00
GCC	76	26.40	22.72	22.97	27.91	0.00	0.00
GCC	77	26.43	22.68	22.95	27.93	0.00	0.00
GCC	78	26.38	22.73	23.01	27.88	0.00	0.00
GCC	79	26.39	22.72	22.99	27.89	0.00	0.00
GCC	80	26.42	22.70	22.97	27.91	0.00	0.00
GCC	81	26.38	22.75	23.01	27.86	0.00	0.00
GCC	82	26.38	22.74	23.00	27.88	0.01	0.00
GCC	83	26.41	22.72	22.97	27.90	0.00	0.00
GCC	84	26.36	22.76	23.03	27.85	0.00	0.00
GCC	85	26.36	22.76	23.00	27.87	0.00	0.00
GCC	86	26.42	22.72	22.97	27.90	0.00	0.00
GCC	87	26.36	22.76	23.02	27.86	0.00	0.00
GCC	88	26.39	22.76	23.00	27.86	0.00	0.00
GCC	89	26.40	22.72	23.00	27.88	0.00	0.00
GCC	90	26.35	22.78	23.03	27.83	0.00	0.00
GCC	91	26.35	22.78	23.03	27.84	0.00	0.00
GCC	92	26.39	22.74	23.00	27.87	0.00	0.00
GCC	93	26.35	22.79	23.03	27.83	0.00	0.00
GCC	94	26.37	22.78	23.01	27.84	0.00	0.00
GCC	95	26.39	22.74	23.00	27.88	0.00	0.00
GCC	96	26.36	22.78	23.04	27.81	0.00	0.00
GCC	97	26.37	22.77	23.02	27.83	0.00	0.00
GCC	98	26.39	22.74	23.01	27.86	0.00	0.00
GCC	99	26.36	22.79	23.04	27.81	0.00	0.00
GCC	100	26.36	22.78	23.03	27.83	0.00	0.00
# ACGT content per cycle, read oriented. Use `grep ^GCT | cut -f 2-` to extract this part. The columns are: cycle; A,C,G,T base counts as a percentage of all A/C/G/T bases [%]
GCT	1	30.20	23.12	20.66	26.02
GCT	2	29.92	19.41	22.97	27.70
GCT	3	27.61	22.01	21.83	28.56
GCT	4	27.89	22.17	21.80	28.15
GCT	5	28.16	21.74	21.91	28.19
GCT	6	27.69	22.62	22.10	27.59
GCT	7	27.80	22.17	22.16	27.87
GCT	8	27.67	22.51	21.18	28.65
GCT	9	27.17	22.53	21.57	28.73
GCT	10	27.59	22.37	21.85	28.19
GCT	11	27.59	22.40	21.76	28.25
GCT	12	27.47	22.53	21.79	28.21
GCT	13	27.61	22.45	21.78	28.15
GCT	14	27.67	22.39	21.76	28.19
GCT	15	27.52	22.52	21.81	28.15
GCT	16	27.54	22.52	21.81	28.13
GCT	17	27.51	22.49	21.82	28.17
GCT	18	27.35	22.67	21.89	28.08
GCT	19	27.36	22.65	21.91	28.08
GCT	20	27.37	22.61	21.94	28.07
GCT	21	27.25	22.76	21.99	28.00
GCT	22	27.32	22.70	22.04	27.94
GCT	23	27.35	22.66	22.06	27.93
GCT	24	27.23	22.80	22.12	27.85
GCT	25	27.31	22.75	22.12	27.82
GCT	26	27.34	22.67	22.15	27.84
GCT	27	27.20	22.82	22.22	27.76
GCT	28	27.29	22.77	22.21	27.73
GCT	29	27.30	22.71	22.23	27.76
GCT	30	27.18	22.83	22.26	27.73
GCT	31	27.25	22.79	22.31	27.66
GCT	32	27.27	22.74	22.28	27.71
GCT	33	27.18	22.86	22.32	27.63
GCT	34	27.26	22.81	22.33	27.61
GCT	35	27.24	22.78	22.35	27.63
GCT	36	27.14	22.89	22.37	27.60
GCT	37	27.19	22.86	22.37	27.58
GCT	38	27.21	22.79	22.39	27.62
GCT	39	27.11	22.91	22.42	27.57
GCT	40	27.17	22.87	22.44	27.52
GCT	41	27.18	22.83	22.43	27.55
GCT	42	27.10	22.94	22.44	27.52
GCT	43	27.14	22.90	22.46	27.51
GCT	44	27.16	22.84	22.45	27.55
GCT	45	27.06	22.96	22.48	27.50
GCT	46	27.14	22.91	22.49	27.46
GCT	47	27.15	22.85	22.50	27.50
GCT	48	27.07	22.94	22.54	27.45
GCT	49	27.11	22.92	22.55	27.42
GCT	50	27.13	22.86	22.53	27.48
GCT	51	27.05	22.95	22.56	27.44
GCT	52	27.11	22.92	22.56	27.42
GCT	53	27.12	22.88	22.52	27.47
GCT	54	27.03	22.97	22.56	27.44
GCT	55	27.10	22.92	22.56	27.41
GCT	56	27.13	22.88	22.56	27.44
GCT	57	27.04	22.98	22.58	27.40
GCT	58	27.11	22.93	22.60	27.37
GCT	59	27.11	22.88	22.60	27.41
GCT	60	27.03	22.99	22.61	27.38
GCT	61	27.09	22.95	22.62	27.34
GCT	62	27.09	22.91	22.60	27.41
GCT	63	27.01	22.99	22.62	27.38
GCT	64	27.09	22.93	22.65	27.32
GCT	65	27.10	22.88	22.66	27.37
GCT	66	27.02	22.97	22.67	27.34
GCT	67	27.07	22.95	22.68	27.30
GCT	68	27.10	22.89	22.68	27.33
GCT	69	27.01	22.98	22.71	27.30
GCT	70	27.08	22.92	22.73	27.26
GCT	71	27.09	22.88	22.73	27.30
GCT	72	27.03	22.96	22.75	27.26
GCT	73	27.08	22.94	22.74	27.24
GCT	74	27.11	22.87	22.74	27.28
GCT	75	27.01	22.96	22.79	27.24
GCT	76	27.09	22.91	22.78	27.22
GCT	77	27.10	22.86	22.78	27.26
GCT	78	27.05	22.93	22.81	27.21
GCT	79	27.11	22.90	22.82	27.18
GCT	80	27.12	22.85	22.82	27.21
GCT	81	27.06	22.93	22.83	27.18
GCT	82	27.09	22.90	22.83	27.17
GCT	83	27.12	22.85	22.84	27.20
GCT	84	27.04	22.93	22.85	27.17
GCT	85	27.12	22.90	22.86	27.12
GCT	86	27.16	22.83	22.85	27.16
GCT	87	27.09	22.90	22.88	27.14
GCT	88	27.14	22.85	22.91	27.11
GCT	89	27.15	22.81	22.91	27.13
GCT	90	27.09	22.89	22.93	27.09
GCT	91	27.12	22.86	22.95	27.07
GCT	92	27.15	22.84	22.91	27.10
GCT	93	27.10	22.90	22.92	27.08
GCT	94	27.15	22.86	22.93	27.06
GCT	95	27.17	22.81	22.92	27.09
GCT	96	27.11	22.87	22.95	27.07
GCT	97	27.17	22.84	22.95	27.04
GCT	98	27.19	22.79	22.95	27.07
GCT	99	27.14	22.86	22.98	27.03
GCT	100	27.17	22.82	22.99	27.02
# ACGT content per cycle for first fragments. Use `grep ^FBC | cut -f 2-` to extract this part. The columns are: cycle; A,C,G,T base counts as a percentage of all A/C/G/T bases [%]; and N and O counts as a percentage of all A/C/G/T bases [%]
FBC	1	27.68	21.75	22.03	28.54	0.22	0.00
FBC	2	28.46	21.20	21.07	29.28	0.00	0.00
FBC	3	27.99	21.62	21.77	28.62	0.00	0.00
FBC	4	27.85	21.71	21.87	28.56	0.00	0.00
FBC	5	27.86	21.71	21.81	28.62	0.00	0.00
FBC	6	27.35	22.17	22.34	28.14	0.00	0.00
FBC	7	27.53	22.00	22.16	28.31	0.00	0.00
FBC	8	27.80	21.68	21.94	28.59	0.00	0.00
FBC	9	27.63	21.88	22.12	28.36	0.00	0.00
FBC	10	27.51	21.96	22.18	28.35	0.00	0.00
FBC	11	27.54	21.93	22.15	28.38	0.00	0.00
FBC	12	27.44	22.02	22.24	28.30	0.00	0.00
FBC	13	27.47	21.97	22.19	28.36	0.00	0.00
FBC	14	27.49	21.96	22.15	28.41	0.00	0.00
FBC	15	27.39	22.05	22.25	28.31	0.00	0.00
FBC	16	27.39	22.02	22.28	28.31	0.00	0.00
FBC	17	27.36	22.03	22.27	28.33	0.00	0.00
FBC	18	27.26	22.13	22.39	28.22	0.00	0.00
FBC	19	27.25	22.16	22.38	28.21	0.00	0.00
FBC	20	27.23	22.15	22.38	28.23	0.00	0.00
FBC	21	27.14	22.23	22.48	28.15	0.00	0.00
FBC	22	27.11	22.24	22.47	28.18	0.00	0.00
FBC	23	27.12	22.22	22.46	28.19	0.00	0.00
FBC	24	27.01	22.33	22.56	28.10	0.00	0.00
FBC	25	27.03	22.30	22.55	28.12	0.00	0.00
FBC	26	27.03	22.29	22.51	28.17	0.00	0.00
FBC	27	26.92	22.38	22.64	28.06	0.00	0.00
FBC	28	26.95	22.36	22.60	28.09	0.00	0.00
FBC	29	26.96	22.36	22.58	28.10	0.00	0.00
FBC	30	26.87	22.41	22.67	28.05	0.00	0.00
FBC	31	26.86	22.42	22.67	28.05	0.00	0.00
FBC	32	26.90	22.39	22.63	28.08	0.00	0.00
FBC	33	26.80	22.46	22.72	28.03	0.00	0.00
FBC	34	26.81	22.45	22.68	28.06	0.00	0.00
FBC	35	26.81	22.44	22.69	28.06	0.00	0.00
FBC	36	26.76	22.48	22.75	28.01	0.00	0.00
FBC	37	26.78	22.46	22.74	28.03	0.00	0.00
FBC	38	26.76	22.48	22.71	28.05	0.00	0.00
FBC	39	26.70	22.52	22.80	27.98	0.01	0.00
FBC	40	26.71	22.51	22.78	28.01	0.00	0.00
FBC	41	26.72	22.48	22.76	28.04	0.01	0.00
FBC	42	26.68	22.54	22.81	27.97	0.00	0.00
FBC	43	26.68	22.53	22.79	28.00	0.00	0.00
FBC	44	26.69	22.51	22.77	28.04	0.00	0.00
FBC	45	26.61	22.58	22.84	27.97	0.00	0.00
FBC	46	26.62	22.57	22.82	28.00	0.00	0.00
FBC	47	26.64	22.54	22.80	28.02	0.00	0.00
FBC	48	26.59	22.60	22.86	27.96	0.00	0.00
FBC	49	26.59	22.58	22.85	27.98	0.00	0.00
FBC	50	26.62	22.54	22.83	28.01	0.00	0.00
FBC	51	26.54	22.62	22.90	27.94	0.00	0.00
FBC	52	26.55	22.61	22.86	27.98	0.00	0.00
FBC	53	26.59	22.57	22.84	28.00	0.00	0.00
FBC	54	26.53	22.62	22.90	27.95	0.00	0.00
FBC	55	26.54	22.60	22.88	27.98	0.00	0.00
FBC	56	26.56	22.59	22.86	28.00	0.00	0.00
FBC	57	26.50	22.65	22.92	27.93	0.00	0.00
FBC	58	26.50	22.62	22.90	27.97	0.00	0.00
FBC	59	26.52	22.61	22.89	27.98	0.00	0.00
FBC	60	26.47	22.65	22.95	27.93	0.00	0.00
FBC	61	26.47	22.66	22.92	27.95	0.00	0.00
FBC	62	26.50	22.62	22.90	27.97	0.00	0.00
FBC	63	26.46	22.66	22.96	27.92	0.00	0.00
FBC	64	26.46	22.66	22.94	27.94	0.00	0.00
FBC	65	26.49	22.64	22.91	27.96	0.00	0.00
FBC	66	26.43	22.68	22.97	27.92	0.00	0.00
FBC	67	26.45	22.67	22.97	27.92	0.00	0.00
FBC	68	26.46	22.65	22.94	27.94	0.00	0.00
FBC	69	26.41	22.71	22.99	27.89	0.00	0.00
FBC	70	26.41	22.69	22.98	27.92	0.00	0.00
FBC	71	26.44	22.68	22.95	27.93	0.00	0.00
FBC	72	26.40	22.73	22.99	27.88	0.00	0.00
FBC	73	26.41	22.72	22.98	27.89	0.00	0.00
FBC	74	26.44	22.69	22.94	27.93	0.00	0.00
FBC	75	26.38	22.76	23.02	27.85	0.00	0.00
FBC	76	26.40	22.72	22.98	27.90	0.00	0.00
FBC	77	26.43	22.70	22.95	27.92	0.00	0.00
FBC	78	26.39	22.74	23.01	27.86	0.00	0.00
FBC	79	26.37	22.73	23.01	27.89	0.00	0.00
FBC	80	26.41	22.72	22.98	27.90	0.00	0.00
FBC	81	26.39	22.74	23.02	27.85	0.00	0.00
FBC	82	26.38	22.74	23.00	27.88	0.00	0.00
FBC	83	26.40	22.73	22.98	27.89	0.00	0.00
FBC	84	26.35	22.76	23.03	27.85	0.00	0.00
FBC	85	26.35	22.77	23.01	27.88	0.00	0.00
FBC	86	26.41	22.73	22.97	27.90	0.00	0.00
FBC	87	26.35	22.76	23.02	27.86	0.00	0.00
FBC	88	26.38	22.76	23.00	27.86	0.00	0.00
FBC	89	26.39	22.72	23.01	27.88	0.00	0.00
FBC	90	26.35	22.79	23.03	27.83	0.00	0.00
FBC	91	26.34	22.80	23.03	27.83	0.00	0.00
FBC	92	26.37	22.75	22.99	27.89	0.00	0.00
FBC	93	26.36	22.80	23.01	27.83	0.00	0.00
FBC	94	26.36	22.77	23.02	27.85	0.00	0.00
FBC	95	26.38	22.74	22.99	27.89	0.00	0.00
FBC	96	26.35	22.79	23.03	27.82	0.00	0.00
FBC	97	26.37	22.76	23.01	27.85	0.00	0.00
FBC	98	26.38	22.74	23.00	27.88	0.00	0.00
FBC	99	26.35	22.79	23.03	27.83	0.00	0.00
FBC	100	26.36	22.79	23.02	27.83	0.00	0.00
# ACGT raw counters for first fragments. Use `grep ^FTC | cut -f 2-` to extract this part. The columns are: A,C,G,T,N base counters
FTC	865219709	726021496	734000736	906553746	85095
# ACGT content per cycle for last fragments. Use `grep ^LBC | cut -f 2-` to extract this part. The columns are: cycle; A,C,G,T base counts as a percentage of all A/C/G/T bases [%]; and N and O counts as a percentage of all A/C/G/T bases [%]
LBC	1	27.89	21.96	21.83	28.33	0.00	0.00
LBC	2	28.46	21.08	21.42	29.04	0.00	0.00
LBC	3	27.48	22.10	22.18	28.24	0.00	0.00
LBC	4	27.44	22.14	22.20	28.21	0.00	0.00
LBC	5	27.73	21.84	21.94	28.49	0.00	0.00
LBC	6	27.14	22.41	22.52	27.93	0.00	0.00
LBC	7	27.34	22.19	22.31	28.16	0.00	0.00
LBC	8	27.69	21.85	21.90	28.57	0.00	0.00
LBC	9	27.42	22.06	22.14	28.39	0.00	0.00
LBC	10	27.38	22.09	22.21	28.32	0.00	0.00
LBC	11	27.39	22.07	22.17	28.36	0.01	0.00
LBC	12	27.33	22.14	22.25	28.28	0.00	0.00
LBC	13	27.37	22.10	22.21	28.33	0.00	0.00
LBC	14	27.40	22.04	22.15	28.41	0.00	0.00
LBC	15	27.32	22.12	22.23	28.33	0.00	0.00
LBC	16	27.31	22.13	22.22	28.34	0.00	0.00
LBC	17	27.32	22.10	22.23	28.35	0.00	0.00
LBC	18	27.17	22.24	22.36	28.23	0.00	0.00
LBC	19	27.17	22.24	22.33	28.25	0.01	0.00
LBC	20	27.18	22.22	22.35	28.25	0.00	0.00
LBC	21	27.04	22.34	22.46	28.16	0.00	0.00
LBC	22	27.05	22.33	22.45	28.17	0.01	0.00
LBC	23	27.07	22.30	22.44	28.19	0.00	0.00
LBC	24	26.95	22.40	22.54	28.10	0.00	0.00
LBC	25	26.97	22.38	22.50	28.14	0.00	0.00
LBC	26	26.99	22.34	22.49	28.18	0.00	0.00
LBC	27	26.87	22.45	22.61	28.07	0.00	0.00
LBC	28	26.90	22.45	22.56	28.10	0.00	0.00
LBC	29	26.91	22.40	22.55	28.14	0.00	0.00
LBC	30	26.83	22.47	22.64	28.07	0.00	0.00
LBC	31	26.82	22.47	22.64	28.06	0.00	0.00
LBC	32	26.87	22.42	22.61	28.11	0.00	0.00
LBC	33	26.78	22.49	22.70	28.03	0.00	0.00
LBC	34	26.79	22.48	22.66	28.07	0.01	0.00
LBC	35	26.79	22.47	22.65	28.08	0.01	0.00
LBC	36	26.71	22.55	22.73	28.01	0.01	0.00
LBC	37	26.70	22.54	22.73	28.03	0.01	0.00
LBC	38	26.75	22.48	22.68	28.09	0.00	0.00
LBC	39	26.66	22.57	22.75	28.01	0.00	0.00
LBC	40	26.66	22.57	22.76	28.01	0.00	0.00
LBC	41	26.67	22.54	22.76	28.04	0.00	0.00
LBC	42	26.63	22.61	22.80	27.97	0.00	0.00
LBC	43	26.62	22.59	22.80	28.00	0.00	0.00
LBC	44	26.65	22.56	22.76	28.03	0.00	0.00
LBC	45	26.57	22.63	22.83	27.97	0.00	0.00
LBC	46	26.59	22.59	22.82	28.00	0.00	0.00
LBC	47	26.62	22.57	22.79	28.02	0.00	0.00
LBC	48	26.53	22.66	22.85	27.96	0.02	0.00
LBC	49	26.54	22.63	22.86	27.97	0.00	0.00
LBC	50	26.58	22.59	22.82	28.01	0.00	0.00
LBC	51	26.52	22.65	22.87	27.97	0.00	0.00
LBC	52	26.52	22.64	22.85	27.99	0.01	0.00
LBC	53	26.57	22.59	22.80	28.03	0.00	0.00
LBC	54	26.49	22.65	22.88	27.97	0.00	0.00
LBC	55	26.52	22.64	22.84	28.00	0.00	0.00
LBC	56	26.54	22.60	22.82	28.04	0.00	0.00
LBC	57	26.48	22.67	22.88	27.97	0.00	0.00
LBC	58	26.48	22.65	22.88	27.99	0.00	0.00
LBC	59	26.52	22.61	22.86	28.01	0.00	0.00
LBC	60	26.46	22.67	22.92	27.95	0.00	0.00
LBC	61	26.47	22.66	22.90	27.97	0.00	0.00
LBC	62	26.51	22.61	22.88	28.00	0.00	0.00
LBC	63	26.45	22.68	22.93	27.94	0.00	0.00
LBC	64	26.47	22.67	22.90	27.97	0.00	0.00
LBC	65	26.48	22.63	22.89	28.00	0.00	0.00
LBC	66	26.43	22.68	22.95	27.94	0.00	0.00
LBC	67	26.44	22.69	22.93	27.94	0.00	0.00
LBC	68	26.48	22.65	22.90	27.97	0.00	0.00
LBC	69	26.41	22.72	22.96	27.91	0.00	0.00
LBC	70	26.44	22.68	22.94	27.93	0.00	0.00
LBC	71	26.46	22.66	22.93	27.94	0.00	0.00
LBC	72	26.39	22.72	22.98	27.91	0.00	0.00
LBC	73	26.43	22.70	22.95	27.91	0.00	0.00
LBC	74	26.46	22.67	22.93	27.94	0.00	0.00
LBC	75	26.40	22.74	22.99	27.87	0.00	0.00
LBC	76	26.41	22.71	22.97	27.91	0.00	0.00
LBC	77	26.44	22.67	22.96	27.94	0.00	0.00
LBC	78	26.38	22.73	23.00	27.89	0.00	0.00
LBC	79	26.41	22.72	22.98	27.89	0.00	0.00
LBC	80	26.43	22.69	22.95	27.93	0.00	0.00
LBC	81	26.38	22.75	23.01	27.86	0.00	0.00
LBC	82	26.39	22.74	22.99	27.88	0.01	0.00
LBC	83	26.43	22.70	22.96	27.91	0.00	0.00
LBC	84	26.37	22.75	23.02	27.85	0.00	0.00
LBC	85	26.38	22.75	23.00	27.87	0.00	0.00
LBC	86	26.43	22.70	22.96	27.90	0.00	0.00
LBC	87	26.37	22.76	23.02	27.86	0.00	0.00
LBC	88	26.39	22.76	23.00	27.85	0.00	0.00
LBC	89	26.41	22.72	22.99	27.87	0.00	0.00
LBC	90	26.36	22.77	23.03	27.83	0.00	0.00
LBC	91	26.36	22.77	23.03	27.85	0.00	0.00
LBC	92	26.40	22.74	23.01	27.85	0.00	0.00
LBC	93	26.35	22.78	23.04	27.83	0.00	0.00
LBC	94	26.37	22.79	23.01	27.83	0.00	0.00
LBC	95	26.39	22.73	23.01	27.87	0.00	0.00
LBC	96	26.37	22.78	23.05	27.81	0.00	0.00
LBC	97	26.37	22.78	23.03	27.82	0.00	0.00
LBC	98	26.41	22.73	23.01	27.84	0.00	0.00
LBC	99	26.37	22.78	23.06	27.79	0.00	0.00
LBC	100	26.36	22.77	23.04	27.82	0.00	0.00
# ACGT raw counters for last fragments. Use `grep ^LTC | cut -f 2-` to extract this part. The columns are: A,C,G,T,N base counters
LTC	864069806	727509996	733968422	906287974	44584
# Insert sizes. Use `grep ^IS | cut -f 2-` to extract this part. The columns are: insert size, pairs total, inward oriented pairs, outward oriented pairs, other pairs
IS	0	51	0	1	50
IS	1	0	0	0	0
IS	2	29	0	17	12
IS	3	10	0	10	0
IS	4	21	0	21	0
IS	5	23	0	22	1
IS	6	21	0	20	1
IS	7	15	0	15	0
IS	8	14	0	14	0
IS	9	18	0	18	0
IS	10	17	0	17	0
IS	11	15	0	14	1
IS	12	15	0	15	0
IS	13	13	0	13	0
IS	14	27	0	26	1
IS	15	33	0	33	0
IS	16	27	0	26	1
IS	17	18	0	18	0
IS	18	24	0	23	1
IS	19	201	165	36	0
IS	20	155	126	29	0
IS	21	119	85	32	2
IS	22	74	43	30	1
IS	23	91	62	28	1
IS	24	83	52	30	1
IS	25	73	39	33	1
IS	26	76	37	38	1
IS	27	79	42	35	2
IS	28	89	53	34	2
IS	29	101	63	36	2
IS	30	95	60	34	1
IS	31	119	92	26	1
IS	32	137	102	32	3
IS	33	149	108	41	0
IS	34	140	106	33	1
IS	35	140	113	27	0
IS	36	157	115	37	5
IS	37	159	122	35	2
IS	38	141	116	22	3
IS	39	171	131	36	4
IS	40	175	137	36	2
IS	41	184	141	40	3
IS	42	187	161	25	1
IS	43	171	136	31	4
IS	44	205	173	29	3
IS	45	203	170	30	3
IS	46	225	185	37	3
IS	47	216	178	37	1
IS	48	230	193	34	3
IS	49	283	236	39	8
IS	50	263	223	36	4
IS	51	272	237	31	4
IS	52	302	259	40	3
IS	53	281	247	29	5
IS	54	266	223	39	4
IS	55	319	264	48	7
IS	56	276	244	29	3
IS	57	268	237	25	6
IS	58	287	246	37	4
IS	59	299	266	30	3
IS	60	290	252	32	6
IS	61	290	252	35	3
IS	62	305	274	28	3
IS	63	299	258	39	2
IS	64	352	324	21	7
IS	65	344	306	30	8
IS	66	330	296	27	7
IS	67	324	296	19	9
IS	68	375	322	47	6
IS	69	347	300	41	6
IS	70	384	338	36	10
IS	71	400	364	33	3
IS	72	417	381	28	8
IS	73	409	374	30	5
IS	74	490	446	38	6
IS	75	521	490	22	9
IS	76	559	526	30	3
IS	77	632	585	38	9
IS	78	691	640	42	9
IS	79	709	683	23	3
IS	80	904	861	34	9
IS	81	917	868	43	6
IS	82	1028	987	31	10
IS	83	1238	1190	40	8
IS	84	1274	1227	36	11
IS	85	1689	1664	18	7
IS	86	1861	1820	33	8
IS	87	2120	2092	19	9
IS	88	2455	2405	39	11
IS	89	2849	2797	50	2
IS	90	3378	3337	32	9
IS	91	3851	3812	33	6
IS	92	4424	4383	35	6
IS	93	5086	5043	35	8
IS	94	5645	5584	48	13
IS	95	6447	6408	32	7
IS	96	7373	7323	42	8
IS	97	8198	8131	56	11
IS	98	9361	9265	87	9
IS	99	10485	10313	166	6
IS	100	11972	11953	6	13
IS	101	13486	13478	0	8
IS	102	15163	15147	1	15
IS	103	16551	16543	0	8
IS	104	18739	18727	2	10
IS	105	20550	20539	4	7
IS	106	22354	22334	1	19
IS	107	24862	24848	2	12
IS	108	27016	27006	0	10
IS	109	29591	29585	0	6
IS	110	32377	32365	4	8
IS	111	35162	35151	4	7
IS	112	37913	37901	1	11
IS	113	40940	40934	1	5
IS	114	43947	43935	1	11
IS	115	47145	47132	0	13
IS	116	50689	50677	0	12
IS	117	54146	54137	1	8
IS	118	58167	58155	5	7
IS	119	60472	60468	0	4
IS	120	64870	64859	1	10
IS	121	68735	68727	2	6
IS	122	72555	72542	0	13
IS	123	75609	75602	3	4
IS	124	79726	79712	4	10
IS	125	83404	83394	1	9
IS	126	87147	87134	1	12
IS	127	91069	91060	2	7
IS	128	94826	94822	0	4
IS	129	98968	98957	2	9
IS	130	102810	102796	2	12
IS	131	106541	106525	4	12
IS	132	110060	110050	1	9
IS	133	114124	114111	1	12
IS	134	117785	117778	2	5
IS	135	121440	121432	2	6
IS	136	124611	124597	1	13
IS	137	129245	129238	0	7
IS	138	132336	132328	1	7
IS	139	135799	135787	2	10
IS	140	139751	139735	3	13
IS	141	142752	142746	0	6
IS	142	145913	145905	2	6
IS	143	148845	148831	2	12
IS	144	151767	151757	3	7
IS	145	155537	155529	2	6
IS	146	157836	157827	2	7
IS	147	159764	159753	0	11
IS	148	163029	163014	3	12
IS	149	165865	165856	1	8
IS	150	168833	168823	0	10
IS	151	170850	170842	0	8
IS	152	173062	173055	0	7
IS	153	175875	175865	1	9
IS	154	177309	177299	2	8
IS	155	179077	179070	1	6
IS	156	180864	180854	4	6
IS	157	182138	182130	1	7
IS	158	184531	184519	2	10
IS	159	185702	185697	3	2
IS	160	187800	187794	2	4
IS	161	188694	188686	2	6
IS	162	189436	189424	3	9
IS	163	191499	191494	1	4
IS	164	191335	191318	1	16
IS	165	192900	192891	3	6
IS	166	194196	194188	2	6
IS	167	195142	195132	4	6
IS	168	196161	196153	4	4
IS	169	197088	197078	5	5
IS	170	196767	196761	1	5
IS	171	197514	197510	0	4
IS	172	197729	197725	2	2
IS	173	198270	198260	4	6
IS	174	197648	197646	2	0
IS	175	199236	199226	4	6
IS	176	198672	198663	3	6
IS	177	197684	197678	2	4
IS	178	198340	198334	0	6
IS	179	199403	199393	2	8
IS	180	198580	198578	0	2
IS	181	197417	197410	1	6
IS	182	198265	198257	3	5
IS	183	197174	197160	2	12
IS	184	196395	196384	2	9
IS	185	195956	195946	4	6
IS	186	196091	196086	1	4
IS	187	194529	194520	4	5
IS	188	193299	193293	0	6
IS	189	194243	194239	1	3
IS	190	193117	193111	3	3
IS	191	193219	193215	0	4
IS	192	191414	191403	1	10
IS	193	190741	190736	0	5
IS	194	189473	189467	1	5
IS	195	188808	188797	3	8
IS	196	188398	188391	1	6
IS	197	188007	187995	2	10
IS	198	187131	187126	0	5
IS	199	185187	185184	2	1
IS	200	184687	184681	1	5
IS	201	183929	183922	1	6
IS	202	182172	182164	1	7
IS	203	181979	181974	1	4
IS	204	180749	180743	0	6
IS	205	179808	179804	2	2
IS	206	177818	177810	2	6
IS	207	177203	177201	1	1
IS	208	176730	176727	0	3
IS	209	175267	175261	0	6
IS	210	173716	173707	0	9
IS	211	173398	173394	0	4
IS	212	171962	171955	1	6
IS	213	170887	170883	0	4
IS	214	169942	169940	0	2
IS	215	168919	168917	0	2
IS	216	167873	167871	1	1
IS	217	166071	166068	0	3
IS	218	165998	165991	2	5
IS	219	163637	163633	1	3
IS	220	162814	162807	0	7
IS	221	162752	162742	4	6
IS	222	160466	160460	0	6
IS	223	159456	159451	0	5
IS	224	158862	158858	1	3
IS	225	157789	157786	1	2
IS	226	156139	156137	0	2
IS	227	155061	155058	0	3
IS	228	153412	153411	0	1
IS	229	153272	153270	0	2
IS	230	151473	151467	0	6
IS	231	150910	150904	3	3
IS	232	148550	148544	5	1
IS	233	148209	148208	0	1
IS	234	146955	146949	1	5
IS	235	145938	145935	2	1
IS	236	144324	144320	0	4
IS	237	142637	142632	0	5
IS	238	142392	142390	1	1
IS	239	140487	140483	1	3
IS	240	139974	139973	0	1
IS	241	138037	138035	1	1
IS	242	136939	136938	0	1
IS	243	136059	136055	0	4
IS	244	134804	134799	1	4
IS	245	134148	134144	1	3
IS	246	132687	132685	0	2
IS	247	131510	131508	0	2
IS	248	129976	129968	2	6
IS	249	128553	128550	0	3
IS	250	128393	128384	0	9
IS	251	127483	127482	0	1
IS	252	125842	125838	2	2
IS	253	124625	124621	1	3
IS	254	122996	122992	1	3
IS	255	122941	122940	1	0
IS	256	121037	121032	1	4
IS	257	119708	119707	0	1
IS	258	118141	118133	3	5
IS	259	117637	117633	2	2
IS	260	116958	116949	5	4
IS	261	116179	116177	0	2
IS	262	114146	114144	1	1
IS	263	113212	113210	0	2
IS	264	112463	112461	0	2
IS	265	111135	111131	0	4
IS	266	109430	109427	1	2
IS	267	107950	107947	0	3
IS	268	107452	107451	0	1
IS	269	106528	106527	0	1
IS	270	105933	105930	0	3
IS	271	104155	104154	0	1
IS	272	102725	102723	0	2
IS	273	102484	102484	0	0
IS	274	101414	101412	1	1
IS	275	100127	100126	0	1
IS	276	99038	99036	1	1
IS	277	97983	97982	0	1
IS	278	97017	97016	0	1
IS	279	95779	95777	0	2
IS	280	94663	94662	0	1
IS	281	94194	94193	0	1
IS	282	92470	92467	1	2
IS	283	92137	92136	0	1
IS	284	91287	91287	0	0
IS	285	90019	90015	0	4
IS	286	89067	89067	0	0
IS	287	87206	87204	0	2
IS	288	87178	87175	0	3
IS	289	86056	86053	0	3
IS	290	85249	85248	0	1
IS	291	84045	84043	0	2
IS	292	83050	83046	0	4
IS	293	82714	82712	0	2
IS	294	81073	81070	0	3
IS	295	80295	80295	0	0
IS	296	79015	79011	2	2
IS	297	78608	78604	2	2
IS	298	77436	77435	0	1
IS	299	76802	76802	0	0
IS	300	75183	75177	2	4
IS	301	74687	74685	2	0
IS	302	73818	73815	2	1
IS	303	73495	73492	3	0
IS	304	72843	72841	1	1
IS	305	71422	71420	0	2
IS	306	70387	70386	1	0
IS	307	70139	70138	0	1
IS	308	68511	68511	0	0
IS	309	67903	67901	2	0
IS	310	67336	67335	1	0
IS	311	66410	66410	0	0
IS	312	66142	66140	0	2
IS	313	64936	64933	2	1
IS	314	63690	63689	0	1
IS	315	63181	63179	1	1
IS	316	62018	62014	1	3
IS	317	61939	61937	1	1
IS	318	61033	61032	0	1
IS	319	60723	60720	0	3
IS	320	59110	59108	2	0
IS	321	58591	58591	0	0
IS	322	57997	57993	0	4
IS	323	56994	56991	0	3
IS	324	56456	56454	0	2
IS	325	55955	55954	0	1
IS	326	54952	54951	1	0
IS	327	54396	54393	3	0
IS	328	53439	53439	0	0
IS	329	52982	52980	1	1
IS	330	52582	52582	0	0
IS	331	51110	51107	1	2
IS	332	50677	50677	0	0
IS	333	50188	50186	0	2
IS	334	49367	49364	3	0
IS	335	49069	49069	0	0
IS	336	48228	48228	0	0
IS	337	47704	47702	0	2
IS	338	46916	46915	0	1
IS	339	46275	46273	1	1
IS	340	45522	45522	0	0
IS	341	44853	44853	0	0
IS	342	44409	44406	1	2
IS	343	43847	43846	1	0
IS	344	43311	43307	2	2
IS	345	42768	42768	0	0
IS	346	42489	42489	0	0
IS	347	41817	41815	1	1
IS	348	40987	40987	0	0
IS	349	40531	40531	0	0
IS	350	39933	39933	0	0
IS	351	39394	39393	0	1
IS	352	38878	38877	1	0
IS	353	38093	38092	1	0
IS	354	37923	37919	4	0
IS	355	37099	37098	1	0
IS	356	36603	36602	1	0
IS	357	36092	36091	1	0
IS	358	35816	35814	0	2
IS	359	35223	35221	1	1
IS	360	34644	34642	1	1
IS	361	33833	33833	0	0
IS	362	33755	33754	1	0
IS	363	33325	33324	1	0
IS	364	32914	32914	0	0
IS	365	32209	32209	0	0
IS	366	31755	31755	0	0
IS	367	31342	31339	3	0
IS	368	31112	31112	0	0
IS	369	30409	30408	1	0
IS	370	29908	29908	0	0
IS	371	29427	29426	1	0
IS	372	29165	29165	0	0
IS	373	28758	28758	0	0
IS	374	28455	28452	2	1
IS	375	27824	27822	1	1
IS	376	27347	27347	0	0
IS	377	27299	27297	0	2
IS	378	26354	26354	0	0
IS	379	26214	26212	2	0
IS	380	25396	25395	1	0
IS	381	25167	25166	1	0
IS	382	24947	24947	0	0
IS	383	24518	24517	0	1
IS	384	24478	24477	1	0
IS	385	23990	23990	0	0
IS	386	23557	23557	0	0
IS	387	23232	23232	0	0
IS	388	22771	22770	1	0
IS	389	22439	22438	0	1
IS	390	22081	22079	1	1
IS	391	21696	21694	1	1
IS	392	21444	21444	0	0
IS	393	20913	20913	0	0
IS	394	20807	20807	0	0
IS	395	20258	20258	0	0
IS	396	20257	20257	0	0
IS	397	19493	19493	0	0
IS	398	19416	19416	0	0
IS	399	18814	18813	1	0
IS	400	18702	18701	0	1
IS	401	18716	18715	1	0
IS	402	18473	18473	0	0
IS	403	17805	17803	2	0
IS	404	17636	17636	0	0
IS	405	17602	17601	0	1
IS	406	16989	16988	1	0
IS	407	16957	16957	0	0
IS	408	16471	16469	2	0
IS	409	16238	16237	0	1
IS	410	15822	15822	0	0
IS	411	15691	15691	0	0
IS	412	15528	15528	0	0
IS	413	15135	15134	0	1
IS	414	15082	15082	0	0
IS	415	14596	14596	0	0
IS	416	14358	14358	0	0
IS	417	14108	14106	2	0
IS	418	13924	13922	2	0
IS	419	13699	13697	1	1
IS	420	13390	13390	0	0
IS	421	13423	13421	1	1
IS	422	13208	13206	2	0
IS	423	12819	12817	2	0
IS	424	12652	12652	0	0
IS	425	12294	12293	0	1
IS	426	12321	12320	1	0
IS	427	12288	12287	1	0
IS	428	11989	11989	0	0
IS	429	11668	11668	0	0
IS	430	11353	11353	0	0
IS	431	11228	11226	1	1
IS	432	10975	10975	0	0
IS	433	10760	10760	0	0
IS	434	10760	10760	0	0
IS	435	10511	10510	1	0
IS	436	10344	10343	0	1
IS	437	10283	10283	0	0
IS	438	9997	9997	0	0
IS	439	9798	9798	0	0
IS	440	9537	9535	2	0
IS	441	9492	9491	1	0
IS	442	9413	9413	0	0
IS	443	8901	8900	1	0
IS	444	8965	8964	1	0
IS	445	8868	8868	0	0
IS	446	8650	8650	0	0
IS	447	8669	8669	0	0
IS	448	8392	8392	0	0
IS	449	8291	8290	1	0
IS	450	8034	8033	0	1
IS	451	8041	8041	0	0
IS	452	7657	7657	0	0
IS	453	7907	7906	1	0
IS	454	7396	7396	0	0
IS	455	7318	7317	1	0
IS	456	7349	7349	0	0
IS	457	7132	7132	0	0
IS	458	7061	7061	0	0
IS	459	7140	7139	1	0
IS	460	6746	6746	0	0
IS	461	6803	6803	0	0
IS	462	6564	6562	2	0
IS	463	6394	6394	0	0
IS	464	6402	6402	0	0
IS	465	6281	6279	2	0
IS	466	6155	6153	1	1
IS	467	6062	6062	0	0
IS	468	5967	5966	1	0
IS	469	5662	5661	0	1
# Read lengths. Use `grep ^RL | cut -f 2-` to extract this part. The columns are: read length, count
RL	31	2238
RL	32	2094
RL	33	2222
RL	34	1838
RL	35	1842
RL	36	1688
RL	37	1652
RL	38	1454
RL	39	1410
RL	40	1320
RL	41	1298
RL	42	1210
RL	43	1124
RL	44	1128
RL	45	1170
RL	46	1074
RL	47	1146
RL	48	1032
RL	49	1090
RL	50	1034
RL	51	1088
RL	52	1048
RL	53	1044
RL	54	1032
RL	55	1076
RL	56	1072
RL	57	1090
RL	58	1228
RL	59	1158
RL	60	1182
RL	61	1128
RL	62	1268
RL	63	1248
RL	64	1316
RL	65	1300
RL	66	1388
RL	67	1372
RL	68	1338
RL	69	1260
RL	70	1452
RL	71	1414
RL	72	1376
RL	73	1478
RL	74	1504
RL	75	1610
RL	76	1688
RL	77	1880
RL	78	1950
RL	79	2030
RL	80	2370
RL	81	2368
RL	82	2628
RL	83	2970
RL	84	3106
RL	85	3920
RL	86	4360
RL	87	4902
RL	88	5642
RL	89	6316
RL	90	7386
RL	91	8224
RL	92	9366
RL	93	10652
RL	94	11862
RL	95	13330
RL	96	15374
RL	97	16850
RL	98	19172
RL	99	21444
RL	100	64439752
# Read lengths - first fragments. Use `grep ^FRL | cut -f 2-` to extract this part. The columns are: read length, count
FRL	31	1119
FRL	32	1047
FRL	33	1111
FRL	34	919
FRL	35	921
FRL	36	844
FRL	37	826
FRL	38	727
FRL	39	705
FRL	40	660
FRL	41	649
FRL	42	605
FRL	43	562
FRL	44	564
FRL	45	585
FRL	46	537
FRL	47	573
FRL	48	516
FRL	49	545
FRL	50	517
FRL	51	544
FRL	52	524
FRL	53	522
FRL	54	516
FRL	55	538
FRL	56	536
FRL	57	545
FRL	58	614
FRL	59	579
FRL	60	591
FRL	61	564
FRL	62	634
FRL	63	624
FRL	64	658
FRL	65	650
FRL	66	694
FRL	67	686
FRL	68	669
FRL	69	630
FRL	70	726
FRL	71	707
FRL	72	688
FRL	73	739
FRL	74	752
FRL	75	805
FRL	76	844
FRL	77	940
FRL	78	975
FRL	79	1015
FRL	80	1185
FRL	81	1184
FRL	82	1314
FRL	83	1485
FRL	84	1553
FRL	85	1960
FRL	86	2180
FRL	87	2451
FRL	88	2821
FRL	89	3158
FRL	90	3693
FRL	91	4112
FRL	92	4683
FRL	93	5326
FRL	94	5931
FRL	95	6665
FRL	96	7687
FRL	97	8425
FRL	98	9586
FRL	99	10722
FRL	100	32219876
# Read lengths - last fragments. Use `grep ^LRL | cut -f 2-` to extract this part. The columns are: read length, count
LRL	31	1119
LRL	32	1047
LRL	33	1111
LRL	34	919
LRL	35	921
LRL	36	844
LRL	37	826
LRL	38	727
LRL	39	705
LRL	40	660
LRL	41	649
LRL	42	605
LRL	43	562
LRL	44	564
LRL	45	585
LRL	46	537
LRL	47	573
LRL	48	516
LRL	49	545
LRL	50	517
LRL	51	544
LRL	52	524
LRL	53	522
LRL	54	516
LRL	55	538
LRL	56	536
LRL	57	545
LRL	58	614
LRL	59	579
LRL	60	591
LRL	61	564
LRL	62	634
LRL	63	624
LRL	64	658
LRL	65	650
LRL	66	694
LRL	67	686
LRL	68	669
LRL	69	630
LRL	70	726
LRL	71	707
LRL	72	688
LRL	73	739
LRL	74	752
LRL	75	805
LRL	76	844
LRL	77	940
LRL	78	975
LRL	79	1015
LRL	80	1185
LRL	81	1184
LRL	82	1314
LRL	83	1485
LRL	84	1553
LRL	85	1960
LRL	86	2180
LRL	87	2451
LRL	88	2821
LRL	89	3158
LRL	90	3693
LRL	91	4112
LRL	92	4683
LRL	93	5326
LRL	94	5931
LRL	95	6665
LRL	96	7687
LRL	97	8425
LRL	98	9586
LRL	99	10722
LRL	100	32219876
# Mapping qualities for reads !(UNMAP|SECOND|SUPPL|QCFAIL|DUP). Use `grep ^MAPQ | cut -f 2-` to extract this part. The columns are: mapq, count
MAPQ	0	5556373
MAPQ	1	13382
MAPQ	2	3635
MAPQ	3	26559
MAPQ	4	5862
MAPQ	5	6622
MAPQ	6	9436
MAPQ	7	17329
MAPQ	8	7970
MAPQ	9	31222
MAPQ	10	17873
MAPQ	11	5400
MAPQ	12	8490
MAPQ	13	13256
MAPQ	14	3945
MAPQ	15	25773
MAPQ	16	7968
MAPQ	17	9028
MAPQ	18	10178
MAPQ	19	20368
MAPQ	20	30970
MAPQ	21	39822
MAPQ	22	56638
MAPQ	23	58240
MAPQ	24	104039
MAPQ	25	213584
MAPQ	26	8015
MAPQ	27	512562
MAPQ	28	3834
MAPQ	29	3722
MAPQ	30	6908
MAPQ	31	12032
MAPQ	32	2557
MAPQ	33	27468
MAPQ	34	4378
MAPQ	35	5259
MAPQ	36	8117
MAPQ	37	16975
MAPQ	38	6008
MAPQ	39	37208
MAPQ	40	526672
MAPQ	41	7373
MAPQ	42	25409
MAPQ	43	22394
MAPQ	44	20833
MAPQ	45	62456
MAPQ	46	37063
MAPQ	47	90152
MAPQ	48	112899
MAPQ	49	118234
MAPQ	50	410811
MAPQ	51	20045
MAPQ	52	43062
MAPQ	53	14410
MAPQ	54	20934
MAPQ	55	54035
MAPQ	56	2698
MAPQ	57	69742
MAPQ	58	3136
MAPQ	59	7793
MAPQ	60	56046550
# Indel distribution. Use `grep ^ID | cut -f 2-` to extract this part. The columns are: length, number of insertions, number of deletions
ID	1	172941	218166
ID	2	36745	48348
ID	3	17687	23820
ID	4	14420	20270
ID	5	6923	6456
ID	6	3454	5943
ID	7	1614	1973
ID	8	1882	3512
ID	9	1103	1841
ID	10	996	1821
ID	11	508	1043
ID	12	693	1658
ID	13	396	626
ID	14	389	711
ID	15	195	829
ID	16	343	798
ID	17	104	217
ID	18	149	574
ID	19	90	138
ID	20	89	278
ID	21	101	259
ID	22	17	106
ID	23	31	109
ID	24	15	232
ID	25	7	52
ID	26	28	85
ID	27	2	137
ID	28	1	83
ID	29	3	6
ID	30	1	31
ID	31	0	5
ID	32	0	9
ID	33	0	3
ID	34	0	22
ID	35	0	11
ID	36	0	10
ID	37	0	1
ID	38	0	17
ID	39	0	1
ID	40	0	7
ID	41	0	1
ID	42	0	2
ID	44	0	1
# Indels per cycle. Use `grep ^IC | cut -f 2-` to extract this part. The columns are: cycle, number of insertions (fwd), .. (rev) , number of deletions (fwd), .. (rev)
IC	3	0	0	685	793
IC	4	598	748	758	886
IC	5	826	1067	933	1095
IC	6	932	1035	1004	1137
IC	7	989	1017	1206	1340
IC	8	1068	1128	1350	1454
IC	9	1060	1195	1375	1572
IC	10	1186	1251	1489	1739
IC	11	1192	1241	1578	1706
IC	12	1295	1329	1617	1650
IC	13	1313	1394	1718	1823
IC	14	1314	1415	1816	1904
IC	15	1436	1574	1823	1932
IC	16	1545	1449	1850	1893
IC	17	1594	1600	1905	2008
IC	18	1553	1568	1880	1987
IC	19	1634	1568	1905	2067
IC	20	1628	1598	1980	1966
IC	21	1582	1562	2091	1972
IC	22	1631	1606	2008	2040
IC	23	1639	1547	2009	1987
IC	24	1626	1496	2038	1939
IC	25	1653	1569	1928	1929
IC	26	1570	1603	1998	1983
IC	27	1599	1538	1970	1912
IC	28	1567	1521	2054	1998
IC	29	1596	1531	1941	1875
IC	30	1527	1509	2031	1911
IC	31	1621	1471	1967	1893
IC	32	1515	1466	1838	1908
IC	33	1501	1479	1966	1881
IC	34	1573	1494	1901	1870
IC	35	1556	1495	1901	1955
IC	36	1530	1463	1942	1921
IC	37	1488	1464	1936	1846
IC	38	1502	1566	1887	1825
IC	39	1538	1512	1963	1877
IC	40	1556	1474	1935	1858
IC	41	1557	1431	1927	1839
IC	42	1499	1460	1926	1941
IC	43	1492	1438	1919	1897
IC	44	1560	1494	2003	1893
IC	45	1551	1459	1901	1956
IC	46	1488	1457	1938	1785
IC	47	1505	1483	1896	1919
IC	48	1502	1533	2004	1880
IC	49	1562	1475	1971	1904
IC	50	1540	1494	1893	1920
IC	51	1599	1475	2005	1915
IC	52	1609	1477	1884	1994
IC	53	1586	1498	1922	1894
IC	54	1514	1465	1918	1960
IC	55	1534	1451	1878	1908
IC	56	1598	1533	1939	1908
IC	57	1495	1525	1859	1901
IC	58	1552	1440	1942	1858
IC	59	1533	1483	2007	1904
IC	60	1412	1493	2042	1963
IC	61	1516	1529	1997	1938
IC	62	1478	1386	2097	2008
IC	63	1549	1535	2098	2098
IC	64	1530	1534	2036	1989
IC	65	1558	1488	2110	2046
IC	66	1517	1549	2031	2009
IC	67	1398	1518	2103	2005
IC	68	1534	1502	2080	2109
IC	69	1489	1475	2037	1927
IC	70	1529	1447	2068	1994
IC	71	1427	1400	2053	2043
IC	72	1479	1434	1996	2025
IC	73	1509	1367	1976	1937
IC	74	1517	1407	1882	1943
IC	75	1494	1437	2047	1936
IC	76	1435	1442	1944	1977
IC	77	1351	1386	2013	1841
IC	78	1409	1359	1887	1899
IC	79	1404	1339	1895	1840
IC	80	1424	1328	1932	1851
IC	81	1335	1267	1867	1853
IC	82	1430	1327	1908	1799
IC	83	1305	1348	1748	1708
IC	84	1225	1226	1856	1659
IC	85	1275	1277	1757	1707
IC	86	1207	1172	1726	1663
IC	87	1223	1212	1617	1573
IC	88	1092	1095	1477	1526
IC	89	1050	1053	1478	1385
IC	90	1017	960	1469	1469
IC	91	954	946	1363	1364
IC	92	958	897	1357	1276
IC	93	874	818	1310	1145
IC	94	898	880	1242	1086
IC	95	968	993	1241	1158
IC	96	883	923	1105	1162
IC	97	955	1147	1062	978
# Coverage distribution. Use `grep ^COV | cut -f 2-` to extract this part.
COV	[1-1]	1	167587610
COV	[2-2]	2	44687308
COV	[3-3]	3	12230139
COV	[4-4]	4	8710054
COV	[5-5]	5	5975616
COV	[6-6]	6	5009055
COV	[7-7]	7	4267141
COV	[8-8]	8	3774389
COV	[9-9]	9	3401231
COV	[10-10]	10	3090680
COV	[11-11]	11	2850217
COV	[12-12]	12	2643495
COV	[13-13]	13	2475090
COV	[14-14]	14	2322832
COV	[15-15]	15	2202440
COV	[16-16]	16	2085810
COV	[17-17]	17	1986045
COV	[18-18]	18	1896737
COV	[19-19]	19	1817545
COV	[20-20]	20	1744548
COV	[21-21]	21	1680104
COV	[22-22]	22	1612044
COV	[23-23]	23	1562614
COV	[24-24]	24	1513285
COV	[25-25]	25	1462774
COV	[26-26]	26	1419860
COV	[27-27]	27	1372697
COV	[28-28]	28	1334120
COV	[29-29]	29	1302150
COV	[30-30]	30	1269341
COV	[31-31]	31	1236388
COV	[32-32]	32	1204003
COV	[33-33]	33	1169141
COV	[34-34]	34	1141871
COV	[35-35]	35	1117178
COV	[36-36]	36	1092318
COV	[37-37]	37	1071014
COV	[38-38]	38	1046925
COV	[39-39]	39	1023976
COV	[40-40]	40	1002459
COV	[41-41]	41	981511
COV	[42-42]	42	961732
COV	[43-43]	43	944943
COV	[44-44]	44	925259
COV	[45-45]	45	910169
COV	[46-46]	46	890987
COV	[47-47]	47	874622
COV	[48-48]	48	856879
COV	[49-49]	49	838892
COV	[50-50]	50	824121
COV	[51-51]	51	812152
COV	[52-52]	52	794160
COV	[53-53]	53	780636
COV	[54-54]	54	767532
COV	[55-55]	55	754492
COV	[56-56]	56	741933
COV	[57-57]	57	731101
COV	[58-58]	58	718136
COV	[59-59]	59	707305
COV	[60-60]	60	693179
COV	[61-61]	61	682444
COV	[62-62]	62	668960
COV	[63-63]	63	657155
COV	[64-64]	64	646265
COV	[65-65]	65	635294
COV	[66-66]	66	624132
COV	[67-67]	67	614100
COV	[68-68]	68	599753
COV	[69-69]	69	590630
COV	[70-70]	70	577149
COV	[71-71]	71	570034
COV	[72-72]	72	560907
COV	[73-73]	73	550309
COV	[74-74]	74	541531
COV	[75-75]	75	534341
COV	[76-76]	76	524183
COV	[77-77]	77	514154
COV	[78-78]	78	506281
COV	[79-79]	79	497838
COV	[80-80]	80	488932
COV	[81-81]	81	480536
COV	[82-82]	82	471189
COV	[83-83]	83	464573
COV	[84-84]	84	456305
COV	[85-85]	85	447061
COV	[86-86]	86	438176
COV	[87-87]	87	430433
COV	[88-88]	88	423258
COV	[89-89]	89	416980
COV	[90-90]	90	407934
COV	[91-91]	91	400707
COV	[92-92]	92	393652
COV	[93-93]	93	384595
COV	[94-94]	94	378612
COV	[95-95]	95	371260
COV	[96-96]	96	365915
COV	[97-97]	97	357708
COV	[98-98]	98	351848
COV	[99-99]	99	345816
COV	[100-100]	100	339392
COV	[101-101]	101	331769
COV	[102-102]	102	326463
COV	[103-103]	103	319041
COV	[104-104]	104	314511
COV	[105-105]	105	306462
COV	[106-106]	106	301582
COV	[107-107]	107	295778
COV	[108-108]	108	289347
COV	[109-109]	109	285045
COV	[110-110]	110	280064
COV	[111-111]	111	273280
COV	[112-112]	112	268310
COV	[113-113]	113	263514
COV	[114-114]	114	257386
COV	[115-115]	115	253454
COV	[116-116]	116	246881
COV	[117-117]	117	243660
COV	[118-118]	118	236875
COV	[119-119]	119	231476
COV	[120-120]	120	226993
COV	[121-121]	121	222244
COV	[122-122]	122	218161
COV	[123-123]	123	213476
COV	[124-124]	124	210369
COV	[125-125]	125	205422
COV	[126-126]	126	201024
COV	[127-127]	127	196608
COV	[128-128]	128	193069
COV	[129-129]	129	188975
COV	[130-130]	130	184150
COV	[131-131]	131	180453
COV	[132-132]	132	176334
COV	[133-133]	133	173714
COV	[134-134]	134	169686
COV	[135-135]	135	166046
COV	[136-136]	136	163065
COV	[137-137]	137	159639
COV	[138-138]	138	156164
COV	[139-139]	139	152370
COV	[140-140]	140	148603
COV	[141-141]	141	145975
COV	[142-142]	142	142852
COV	[143-143]	143	140118
COV	[144-144]	144	137193
COV	[145-145]	145	133862
COV	[146-146]	146	132142
COV	[147-147]	147	128534
COV	[148-148]	148	125938
COV	[149-149]	149	122743
COV	[150-150]	150	120699
COV	[151-151]	151	117513
COV	[152-152]	152	114976
COV	[153-153]	153	112711
COV	[154-154]	154	110494
COV	[155-155]	155	107723
COV	[156-156]	156	105473
COV	[157-157]	157	103439
COV	[158-158]	158	101645
COV	[159-159]	159	99077
COV	[160-160]	160	97116
COV	[161-161]	161	94870
COV	[162-162]	162	93031
COV	[163-163]	163	90565
COV	[164-164]	164	88913
COV	[165-165]	165	86794
COV	[166-166]	166	85288
COV	[167-167]	167	83589
COV	[168-168]	168	82421
COV	[169-169]	169	80325
COV	[170-170]	170	78466
COV	[171-171]	171	77570
COV	[172-172]	172	75180
COV	[173-173]	173	73335
COV	[174-174]	174	72252
COV	[175-175]	175	70586
COV	[176-176]	176	69087
COV	[177-177]	177	67233
COV	[178-178]	178	65996
COV	[179-179]	179	64846
COV	[180-180]	180	62609
COV	[181-181]	181	61669
COV	[182-182]	182	60522
COV	[183-183]	183	59392
COV	[184-184]	184	57657
COV	[185-185]	185	56671
COV	[186-186]	186	55499
COV	[187-187]	187	54689
COV	[188-188]	188	53315
COV	[189-189]	189	52537
COV	[190-190]	190	51189
COV	[191-191]	191	50517
COV	[192-192]	192	49307
COV	[193-193]	193	48161
COV	[194-194]	194	47202
COV	[195-195]	195	46123
COV	[196-196]	196	44848
COV	[197-197]	197	44144
COV	[198-198]	198	42697
COV	[199-199]	199	42087
COV	[200-200]	200	40804
COV	[201-201]	201	40522
COV	[202-202]	202	38976
COV	[203-203]	203	38596
COV	[204-204]	204	37612
COV	[205-205]	205	36543
COV	[206-206]	206	36011
COV	[207-207]	207	35320
COV	[208-208]	208	34421
COV	[209-209]	209	33503
COV	[210-210]	210	33070
COV	[211-211]	211	32415
COV	[212-212]	212	31781
COV	[213-213]	213	31260
COV	[214-214]	214	30192
COV	[215-215]	215	29558
COV	[216-216]	216	28889
COV	[217-217]	217	28225
COV	[218-218]	218	27907
COV	[219-219]	219	27246
COV	[220-220]	220	26659
COV	[221-221]	221	25904
COV	[222-222]	222	25164
COV	[223-223]	223	24638
COV	[224-224]	224	24317
COV	[225-225]	225	23691
COV	[226-226]	226	23206
COV	[227-227]	227	22744
COV	[228-228]	228	22310
COV	[229-229]	229	21965
COV	[230-230]	230	21797
COV	[231-231]	231	21305
COV	[232-232]	232	20996
COV	[233-233]	233	20480
COV	[234-234]	234	19999
COV	[235-235]	235	19519
COV	[236-236]	236	19338
COV	[237-237]	237	19018
COV	[238-238]	238	18441
COV	[239-239]	239	18050
COV	[240-240]	240	17693
COV	[241-241]	241	17395
COV	[242-242]	242	17256
COV	[243-243]	243	16677
COV	[244-244]	244	16518
COV	[245-245]	245	16073
COV	[246-246]	246	15688
COV	[247-247]	247	15211
COV	[248-248]	248	15091
COV	[249-249]	249	14893
COV	[250-250]	250	14247
COV	[251-251]	251	14123
COV	[252-252]	252	13779
COV	[253-253]	253	13455
COV	[254-254]	254	13389
COV	[255-255]	255	13038
COV	[256-256]	256	12640
COV	[257-257]	257	12436
COV	[258-258]	258	12197
COV	[259-259]	259	12066
COV	[260-260]	260	11684
COV	[261-261]	261	11473
COV	[262-262]	262	11235
COV	[263-263]	263	11068
COV	[264-264]	264	10968
COV	[265-265]	265	10778
COV	[266-266]	266	10561
COV	[267-267]	267	10309
COV	[268-268]	268	10109
COV	[269-269]	269	9874
COV	[270-270]	270	9443
COV	[271-271]	271	9296
COV	[272-272]	272	9278
COV	[273-273]	273	9022
COV	[274-274]	274	8962
COV	[275-275]	275	8842
COV	[276-276]	276	8511
COV	[277-277]	277	8470
COV	[278-278]	278	8235
COV	[279-279]	279	8091
COV	[280-280]	280	8059
COV	[281-281]	281	7911
COV	[282-282]	282	7710
COV	[283-283]	283	7415
COV	[284-284]	284	7418
COV	[285-285]	285	7372
COV	[286-286]	286	7228
COV	[287-287]	287	7077
COV	[288-288]	288	6869
COV	[289-289]	289	6837
COV	[290-290]	290	6878
COV	[291-291]	291	6716
COV	[292-292]	292	6504
COV	[293-293]	293	6465
COV	[294-294]	294	6135
COV	[295-295]	295	6131
COV	[296-296]	296	6013
COV	[297-297]	297	5918
COV	[298-298]	298	5857
COV	[299-299]	299	5717
COV	[300-300]	300	5606
COV	[301-301]	301	5559
COV	[302-302]	302	5386
COV	[303-303]	303	5362
COV	[304-304]	304	5324
COV	[305-305]	305	5251
COV	[306-306]	306	5233
COV	[307-307]	307	5053
COV	[308-308]	308	4984
COV	[309-309]	309	4811
COV	[310-310]	310	4689
COV	[311-311]	311	4646
COV	[312-312]	312	4526
COV	[313-313]	313	4456
COV	[314-314]	314	4431
COV	[315-315]	315	4355
COV	[316-316]	316	4271
COV	[317-317]	317	4257
COV	[318-318]	318	4028
COV	[319-319]	319	4006
COV	[320-320]	320	3978
COV	[321-321]	321	3955
COV	[322-322]	322	3940
COV	[323-323]	323	3860
COV	[324-324]	324	3839
COV	[325-325]	325	3545
COV	[326-326]	326	3653
COV	[327-327]	327	3495
COV	[328-328]	328	3409
COV	[329-329]	329	3372
COV	[330-330]	330	3335
COV	[331-331]	331	3236
COV	[332-332]	332	3161
COV	[333-333]	333	3172
COV	[334-334]	334	3099
COV	[335-335]	335	3039
COV	[336-336]	336	3058
COV	[337-337]	337	2922
COV	[338-338]	338	2918
COV	[339-339]	339	2941
COV	[340-340]	340	2870
COV	[341-341]	341	2912
COV	[342-342]	342	2768
COV	[343-343]	343	2750
COV	[344-344]	344	2713
COV	[345-345]	345	2696
COV	[346-346]	346	2588
COV	[347-347]	347	2494
COV	[348-348]	348	2439
COV	[349-349]	349	2443
COV	[350-350]	350	2463
COV	[351-351]	351	2480
COV	[352-352]	352	2491
COV	[353-353]	353	2419
COV	[354-354]	354	2389
COV	[355-355]	355	2389
COV	[356-356]	356	2368
COV	[357-357]	357	2315
COV	[358-358]	358	2299
COV	[359-359]	359	2242
COV	[360-360]	360	2202
COV	[361-361]	361	2211
COV	[362-362]	362	2304
COV	[363-363]	363	2113
COV	[364-364]	364	2149
COV	[365-365]	365	2076
COV	[366-366]	366	2083
COV	[367-367]	367	1943
COV	[368-368]	368	2018
COV	[369-369]	369	1968
COV	[370-370]	370	1978
COV	[371-371]	371	1982
COV	[372-372]	372	1975
COV	[373-373]	373	1953
COV	[374-374]	374	1888
COV	[375-375]	375	1904
COV	[376-376]	376	1833
COV	[377-377]	377	1807
COV	[378-378]	378	1798
COV	[379-379]	379	1749
COV	[380-380]	380	1780
COV	[381-381]	381	1626
COV	[382-382]	382	1674
COV	[383-383]	383	1626
COV	[384-384]	384	1626
COV	[385-385]	385	1600
COV	[386-386]	386	1638
COV	[387-387]	387	1592
COV	[388-388]	388	1468
COV	[389-389]	389	1580
COV	[390-390]	390	1538
COV	[391-391]	391	1493
COV	[392-392]	392	1527
COV	[393-393]	393	1446
COV	[394-394]	394	1421
COV	[395-395]	395	1384
COV	[396-396]	396	1360
COV	[397-397]	397	1351
COV	[398-398]	398	1300
COV	[399-399]	399	1336
COV	[400-400]	400	1324
COV	[401-401]	401	1309
COV	[402-402]	402	1360
COV	[403-403]	403	1342
COV	[404-404]	404	1306
COV	[405-405]	405	1271
COV	[406-406]	406	1176
COV	[407-407]	407	1203
COV	[408-408]	408	1232
COV	[409-409]	409	1240
COV	[410-410]	410	1160
COV	[411-411]	411	1178
COV	[412-412]	412	1095
COV	[413-413]	413	1146
COV	[414-414]	414	1134
COV	[415-415]	415	1182
COV	[416-416]	416	1139
COV	[417-417]	417	1089
COV	[418-418]	418	1083
COV	[419-419]	419	1103
COV	[420-420]	420	1109
COV	[421-421]	421	1055
COV	[422-422]	422	1067
COV	[423-423]	423	1087
COV	[424-424]	424	1031
COV	[425-425]	425	1056
COV	[426-426]	426	1045
COV	[427-427]	427	1008
COV	[428-428]	428	998
COV	[429-429]	429	1004
COV	[430-430]	430	938
COV	[431-431]	431	924
COV	[432-432]	432	945
COV	[433-433]	433	873
COV	[434-434]	434	899
COV	[435-435]	435	980
COV	[436-436]	436	901
COV	[437-437]	437	911
COV	[438-438]	438	937
COV	[439-439]	439	896
COV	[440-440]	440	843
COV	[441-441]	441	899
COV	[442-442]	442	833
COV	[443-443]	443	886
COV	[444-444]	444	877
COV	[445-445]	445	799
COV	[446-446]	446	821
COV	[447-447]	447	811
COV	[448-448]	448	802
COV	[449-449]	449	831
COV	[450-450]	450	808
COV	[451-451]	451	819
COV	[452-452]	452	791
COV	[453-453]	453	718
COV	[454-454]	454	773
COV	[455-455]	455	769
COV	[456-456]	456	732
COV	[457-457]	457	777
COV	[458-458]	458	730
COV	[459-459]	459	751
COV	[460-460]	460	741
COV	[461-461]	461	746
COV	[462-462]	462	722
COV	[463-463]	463	734
COV	[464-464]	464	693
COV	[465-465]	465	679
COV	[466-466]	466	707
COV	[467-467]	467	666
COV	[468-468]	468	691
COV	[469-469]	469	688
COV	[470-470]	470	670
COV	[471-471]	471	646
COV	[472-472]	472	657
COV	[473-473]	473	634
COV	[474-474]	474	633
COV	[475-475]	475	652
COV	[476-476]	476	539
COV	[477-477]	477	641
COV	[478-478]	478	627
COV	[479-479]	479	562
COV	[480-480]	480	620
COV	[481-481]	481	553
COV	[482-482]	482	600
COV	[483-483]	483	609
COV	[484-484]	484	576
COV	[485-485]	485	584
COV	[486-486]	486	557
COV	[487-487]	487	572
COV	[488-488]	488	549
COV	[489-489]	489	551
COV	[490-490]	490	518
COV	[491-491]	491	566
COV	[492-492]	492	523
COV	[493-493]	493	516
COV	[494-494]	494	506
COV	[495-495]	495	516
COV	[496-496]	496	521
COV	[497-497]	497	492
COV	[498-498]	498	484
COV	[499-499]	499	491
COV	[500-500]	500	478
COV	[501-501]	501	483
COV	[502-502]	502	504
COV	[503-503]	503	455
COV	[504-504]	504	495
COV	[505-505]	505	461
COV	[506-506]	506	471
COV	[507-507]	507	473
COV	[508-508]	508	433
COV	[509-509]	509	445
COV	[510-510]	510	437
COV	[511-511]	511	481
COV	[512-512]	512	395
COV	[513-513]	513	449
COV	[514-514]	514	441
COV	[515-515]	515	412
COV	[516-516]	516	432
COV	[517-517]	517	448
COV	[518-518]	518	436
COV	[519-519]	519	432
COV	[520-520]	520	419
COV	[521-521]	521	411
COV	[522-522]	522	394
COV	[523-523]	523	414
COV	[524-524]	524	410
COV	[525-525]	525	396
COV	[526-526]	526	392
COV	[527-527]	527	362
COV	[528-528]	528	369
COV	[529-529]	529	397
COV	[530-530]	530	366
COV	[531-531]	531	411
COV	[532-532]	532	385
COV	[533-533]	533	368
COV	[534-534]	534	408
COV	[535-535]	535	430
COV	[536-536]	536	414
COV	[537-537]	537	393
COV	[538-538]	538	338
COV	[539-539]	539	374
COV	[540-540]	540	379
COV	[541-541]	541	373
COV	[542-542]	542	377
COV	[543-543]	543	373
COV	[544-544]	544	348
COV	[545-545]	545	343
COV	[546-546]	546	408
COV	[547-547]	547	401
COV	[548-548]	548	376
COV	[549-549]	549	377
COV	[550-550]	550	385
COV	[551-551]	551	400
COV	[552-552]	552	369
COV	[553-553]	553	369
COV	[554-554]	554	350
COV	[555-555]	555	326
COV	[556-556]	556	363
COV	[557-557]	557	353
COV	[558-558]	558	334
COV	[559-559]	559	362
COV	[560-560]	560	323
COV	[561-561]	561	345
COV	[562-562]	562	349
COV	[563-563]	563	309
COV	[564-564]	564	315
COV	[565-565]	565	307
COV	[566-566]	566	338
COV	[567-567]	567	300
COV	[568-568]	568	308
COV	[569-569]	569	332
COV	[570-570]	570	307
COV	[571-571]	571	311
COV	[572-572]	572	319
COV	[573-573]	573	287
COV	[574-574]	574	283
COV	[575-575]	575	293
COV	[576-576]	576	288
COV	[577-577]	577	323
COV	[578-578]	578	307
COV	[579-579]	579	298
COV	[580-580]	580	257
COV	[581-581]	581	286
COV	[582-582]	582	294
COV	[583-583]	583	265
COV	[584-584]	584	261
COV	[585-585]	585	257
COV	[586-586]	586	272
COV	[587-587]	587	290
COV	[588-588]	588	257
COV	[589-589]	589	295
COV	[590-590]	590	273
COV	[591-591]	591	271
COV	[592-592]	592	254
COV	[593-593]	593	281
COV	[594-594]	594	250
COV	[595-595]	595	257
COV	[596-596]	596	266
COV	[597-597]	597	264
COV	[598-598]	598	280
COV	[599-599]	599	285
COV	[600-600]	600	260
COV	[601-601]	601	282
COV	[602-602]	602	274
COV	[603-603]	603	266
COV	[604-604]	604	276
COV	[605-605]	605	246
COV	[606-606]	606	257
COV	[607-607]	607	254
COV	[608-608]	608	243
COV	[609-609]	609	245
COV	[610-610]	610	229
COV	[611-611]	611	260
COV	[612-612]	612	238
COV	[613-613]	613	235
COV	[614-614]	614	236
COV	[615-615]	615	203
COV	[616-616]	616	224
COV	[617-617]	617	226
COV	[618-618]	618	225
COV	[619-619]	619	196
COV	[620-620]	620	238
COV	[621-621]	621	238
COV	[622-622]	622	207
COV	[623-623]	623	220
COV	[624-624]	624	221
COV	[625-625]	625	230
COV	[626-626]	626	238
COV	[627-627]	627	229
COV	[628-628]	628	214
COV	[629-629]	629	222
COV	[630-630]	630	203
COV	[631-631]	631	209
COV	[632-632]	632	181
COV	[633-633]	633	243
COV	[634-634]	634	228
COV	[635-635]	635	213
COV	[636-636]	636	201
COV	[637-637]	637	212
COV	[638-638]	638	202
COV	[639-639]	639	208
COV	[640-640]	640	214
COV	[641-641]	641	228
COV	[642-642]	642	242
COV	[643-643]	643	202
COV	[644-644]	644	214
COV	[645-645]	645	197
COV	[646-646]	646	214
COV	[647-647]	647	201
COV	[648-648]	648	226
COV	[649-649]	649	201
COV	[650-650]	650	218
COV	[651-651]	651	203
COV	[652-652]	652	223
COV	[653-653]	653	207
COV	[654-654]	654	207
COV	[655-655]	655	204
COV	[656-656]	656	210
COV	[657-657]	657	213
COV	[658-658]	658	211
COV	[659-659]	659	201
COV	[660-660]	660	217
COV	[661-661]	661	203
COV	[662-662]	662	212
COV	[663-663]	663	211
COV	[664-664]	664	193
COV	[665-665]	665	218
COV	[666-666]	666	186
COV	[667-667]	667	201
COV	[668-668]	668	189
COV	[669-669]	669	179
COV	[670-670]	670	201
COV	[671-671]	671	209
COV	[672-672]	672	183
COV	[673-673]	673	188
COV	[674-674]	674	158
COV	[675-675]	675	176
COV	[676-676]	676	191
COV	[677-677]	677	180
COV	[678-678]	678	195
COV	[679-679]	679	163
COV	[680-680]	680	184
COV	[681-681]	681	176
COV	[682-682]	682	158
COV	[683-683]	683	161
COV	[684-684]	684	174
COV	[685-685]	685	176
COV	[686-686]	686	199
COV	[687-687]	687	176
COV	[688-688]	688	140
COV	[689-689]	689	144
COV	[690-690]	690	181
COV	[691-691]	691	162
COV	[692-692]	692	149
COV	[693-693]	693	176
COV	[694-694]	694	169
COV	[695-695]	695	176
COV	[696-696]	696	176
COV	[697-697]	697	164
COV	[698-698]	698	169
COV	[699-699]	699	159
COV	[700-700]	700	172
COV	[701-701]	701	146
COV	[702-702]	702	180
COV	[703-703]	703	170
COV	[704-704]	704	169
COV	[705-705]	705	160
COV	[706-706]	706	136
COV	[707-707]	707	152
COV	[708-708]	708	142
COV	[709-709]	709	144
COV	[710-710]	710	145
COV	[711-711]	711	134
COV	[712-712]	712	133
COV	[713-713]	713	136
COV	[714-714]	714	162
COV	[715-715]	715	151
COV	[716-716]	716	166
COV	[717-717]	717	136
COV	[718-718]	718	145
COV	[719-719]	719	165
COV	[720-720]	720	140
COV	[721-721]	721	130
COV	[722-722]	722	123
COV	[723-723]	723	145
COV	[724-724]	724	121
COV	[725-725]	725	125
COV	[726-726]	726	115
COV	[727-727]	727	137
COV	[728-728]	728	124
COV	[729-729]	729	116
COV	[730-730]	730	135
COV	[731-731]	731	95
COV	[732-732]	732	112
COV	[733-733]	733	110
COV	[734-734]	734	124
COV	[735-735]	735	104
COV	[736-736]	736	103
COV	[737-737]	737	134
COV	[738-738]	738	133
COV	[739-739]	739	108
COV	[740-740]	740	98
COV	[741-741]	741	101
COV	[742-742]	742	110
COV	[743-743]	743	125
COV	[744-744]	744	101
COV	[745-745]	745	109
COV	[746-746]	746	124
COV	[747-747]	747	112
COV	[748-748]	748	130
COV	[749-749]	749	118
COV	[750-750]	750	109
COV	[751-751]	751	100
COV	[752-752]	752	108
COV	[753-753]	753	106
COV	[754-754]	754	86
COV	[755-755]	755	101
COV	[756-756]	756	101
COV	[757-757]	757	81
COV	[758-758]	758	98
COV	[759-759]	759	97
COV	[760-760]	760	96
COV	[761-761]	761	89
COV	[762-762]	762	95
COV	[763-763]	763	69
COV	[764-764]	764	75
COV	[765-765]	765	74
COV	[766-766]	766	66
COV	[767-767]	767	101
COV	[768-768]	768	70
COV	[769-769]	769	78
COV	[770-770]	770	91
COV	[771-771]	771	72
COV	[772-772]	772	69
COV	[773-773]	773	76
COV	[774-774]	774	74
COV	[775-775]	775	66
COV	[776-776]	776	77
COV	[777-777]	777	90
COV	[778-778]	778	67
COV	[779-779]	779	75
COV	[780-780]	780	75
COV	[781-781]	781	82
COV	[782-782]	782	67
COV	[783-783]	783	74
COV	[784-784]	784	77
COV	[785-785]	785	75
COV	[786-786]	786	56
COV	[787-787]	787	59
COV	[788-788]	788	55
COV	[789-789]	789	46
COV	[790-790]	790	73
COV	[791-791]	791	62
COV	[792-792]	792	55
COV	[793-793]	793	58
COV	[794-794]	794	65
COV	[795-795]	795	58
COV	[796-796]	796	64
COV	[797-797]	797	55
COV	[798-798]	798	43
COV	[799-799]	799	63
COV	[800-800]	800	56
COV	[801-801]	801	74
COV	[802-802]	802	57
COV	[803-803]	803	61
COV	[804-804]	804	84
COV	[805-805]	805	53
COV	[806-806]	806	59
COV	[807-807]	807	63
COV	[808-808]	808	64
COV	[809-809]	809	77
COV	[810-810]	810	66
COV	[811-811]	811	75
COV	[812-812]	812	63
COV	[813-813]	813	67
COV	[814-814]	814	69
COV	[815-815]	815	63
COV	[816-816]	816	61
COV	[817-817]	817	51
COV	[818-818]	818	55
COV	[819-819]	819	53
COV	[820-820]	820	43
COV	[821-821]	821	65
COV	[822-822]	822	58
COV	[823-823]	823	49
COV	[824-824]	824	68
COV	[825-825]	825	57
COV	[826-826]	826	65
COV	[827-827]	827	53
COV	[828-828]	828	53
COV	[829-829]	829	47
COV	[830-830]	830	50
COV	[831-831]	831	47
COV	[832-832]	832	60
COV	[833-833]	833	48
COV	[834-834]	834	60
COV	[835-835]	835	45
COV	[836-836]	836	58
COV	[837-837]	837	43
COV	[838-838]	838	38
COV	[839-839]	839	50
COV	[840-840]	840	47
COV	[841-841]	841	40
COV	[842-842]	842	40
COV	[843-843]	843	46
COV	[844-844]	844	37
COV	[845-845]	845	63
COV	[846-846]	846	37
COV	[847-847]	847	45
COV	[848-848]	848	32
COV	[849-849]	849	39
COV	[850-850]	850	43
COV	[851-851]	851	46
COV	[852-852]	852	28
COV	[853-853]	853	54
COV	[854-854]	854	40
COV	[855-855]	855	43
COV	[856-856]	856	44
COV	[857-857]	857	49
COV	[858-858]	858	42
COV	[859-859]	859	44
COV	[860-860]	860	47
COV	[861-861]	861	39
COV	[862-862]	862	47
COV	[863-863]	863	35
COV	[864-864]	864	39
COV	[865-865]	865	46
COV	[866-866]	866	37
COV	[867-867]	867	40
COV	[868-868]	868	30
COV	[869-869]	869	47
COV	[870-870]	870	47
COV	[871-871]	871	53
COV	[872-872]	872	41
COV	[873-873]	873	42
COV	[874-874]	874	46
COV	[875-875]	875	43
COV	[876-876]	876	50
COV	[877-877]	877	39
COV	[878-878]	878	40
COV	[879-879]	879	39
COV	[880-880]	880	45
COV	[881-881]	881	46
COV	[882-882]	882	40
COV	[883-883]	883	47
COV	[884-884]	884	42
COV	[885-885]	885	58
COV	[886-886]	886	29
COV	[887-887]	887	51
COV	[888-888]	888	48
COV	[889-889]	889	52
COV	[890-890]	890	42
COV	[891-891]	891	38
COV	[892-892]	892	52
COV	[893-893]	893	44
COV	[894-894]	894	39
COV	[895-895]	895	53
COV	[896-896]	896	23
COV	[897-897]	897	37
COV	[898-898]	898	35
COV	[899-899]	899	44
COV	[900-900]	900	42
COV	[901-901]	901	39
COV	[902-902]	902	36
COV	[903-903]	903	36
COV	[904-904]	904	48
COV	[905-905]	905	28
COV	[906-906]	906	27
COV	[907-907]	907	35
COV	[908-908]	908	31
COV	[909-909]	909	45
COV	[910-910]	910	25
COV	[911-911]	911	34
COV	[912-912]	912	32
COV	[913-913]	913	33
COV	[914-914]	914	35
COV	[915-915]	915	31
COV	[916-916]	916	44
COV	[917-917]	917	28
COV	[918-918]	918	31
COV	[919-919]	919	27
COV	[920-920]	920	27
COV	[921-921]	921	25
COV	[922-922]	922	27
COV	[923-923]	923	41
COV	[924-924]	924	30
COV	[925-925]	925	24
COV	[926-926]	926	33
COV	[927-927]	927	30
COV	[928-928]	928	26
COV	[929-929]	929	30
COV	[930-930]	930	28
COV	[931-931]	931	37
COV	[932-932]	932	24
COV	[933-933]	933	18
COV	[934-934]	934	37
COV	[935-935]	935	30
COV	[936-936]	936	35
COV	[937-937]	937	30
COV	[938-938]	938	36
COV	[939-939]	939	42
COV	[940-940]	940	28
COV	[941-941]	941	24
COV	[942-942]	942	33
COV	[943-943]	943	30
COV	[944-944]	944	32
COV	[945-945]	945	28
COV	[946-946]	946	31
COV	[947-947]	947	25
COV	[948-948]	948	24
COV	[949-949]	949	19
COV	[950-950]	950	26
COV	[951-951]	951	24
COV	[952-952]	952	26
COV	[953-953]	953	34
COV	[954-954]	954	16
COV	[955-955]	955	25
COV	[956-956]	956	27
COV	[957-957]	957	20
COV	[958-958]	958	21
COV	[959-959]	959	28
COV	[960-960]	960	27
COV	[961-961]	961	21
COV	[962-962]	962	26
COV	[963-963]	963	22
COV	[964-964]	964	29
COV	[965-965]	965	22
COV	[966-966]	966	22
COV	[967-967]	967	17
COV	[968-968]	968	25
COV	[969-969]	969	26
COV	[970-970]	970	22
COV	[971-971]	971	21
COV	[972-972]	972	20
COV	[973-973]	973	33
COV	[974-974]	974	39
COV	[975-975]	975	24
COV	[976-976]	976	29
COV	[977-977]	977	28
COV	[978-978]	978	25
COV	[979-979]	979	29
COV	[980-980]	980	17
COV	[981-981]	981	29
COV	[982-982]	982	23
COV	[983-983]	983	22
COV	[984-984]	984	31
COV	[985-985]	985	25
COV	[986-986]	986	24
COV	[987-987]	987	28
COV	[988-988]	988	18
COV	[989-989]	989	26
COV	[990-990]	990	28
COV	[991-991]	991	25
COV	[992-992]	992	26
COV	[993-993]	993	28
COV	[994-994]	994	15
COV	[995-995]	995	18
COV	[996-996]	996	16
COV	[997-997]	997	20
COV	[998-998]	998	19
COV	[999-999]	999	27
COV	[1000-1000]	1000	19
COV	[1000<]	1000	5159
# GC-depth. Use `grep ^GCD | cut -f 2-` to extract this part. The columns are: GC%, unique sequence percentiles, 10th, 25th, 50th, 75th and 90th depth percentile
GCD	0.0	0.015	0.005	0.005	0.005	0.005	0.005
GCD	0.5	0.015	0.005	0.005	0.005	0.005	0.005
GCD	7.0	0.016	0.015	0.015	0.015	0.015	0.015
GCD	9.0	0.017	0.015	0.015	0.015	0.015	0.015
GCD	10.0	0.018	0.200	0.200	0.200	0.200	0.200
GCD	14.0	0.019	0.010	0.010	0.012	0.015	0.015
GCD	15.0	0.020	0.010	0.010	0.020	0.030	0.030
GCD	16.0	0.023	0.010	0.010	0.020	0.255	0.255
GCD	17.0	0.026	0.010	0.010	0.020	0.022	0.025
GCD	18.0	0.031	0.015	0.015	0.017	0.026	0.030
GCD	19.0	0.036	0.010	0.010	0.015	0.020	0.040
GCD	20.0	0.043	0.010	0.014	0.022	0.036	0.055
GCD	21.0	0.050	0.010	0.015	0.025	0.150	0.190
GCD	22.0	0.067	0.012	0.015	0.020	0.039	1.054
GCD	23.0	0.079	0.008	0.015	0.017	0.044	0.067
GCD	24.0	0.100	0.020	0.025	0.035	0.047	0.070
GCD	25.0	0.138	0.011	0.016	0.030	0.040	0.070
GCD	26.0	0.186	0.015	0.020	0.037	0.050	0.385
GCD	27.0	0.273	0.015	0.030	0.050	0.070	0.859
GCD	28.0	0.394	0.020	0.025	0.045	0.070	1.309
GCD	29.0	0.618	0.025	0.040	0.060	0.842	2.649
GCD	30.0	0.999	0.030	0.040	0.070	1.197	3.208
GCD	31.0	1.711	0.030	0.045	0.075	1.719	4.956
GCD	32.0	2.869	0.035	0.050	0.085	2.732	7.493
GCD	33.0	4.587	0.035	0.055	0.095	3.518	9.159
GCD	34.0	7.185	0.040	0.060	0.100	3.879	9.559
GCD	35.0	10.570	0.040	0.060	0.100	3.628	9.866
GCD	36.0	14.873	0.045	0.060	0.095	3.254	8.994
GCD	37.0	20.113	0.045	0.065	0.095	2.321	8.559
GCD	38.0	26.103	0.040	0.060	0.095	1.574	7.418
GCD	39.0	32.558	0.045	0.065	0.095	1.380	6.846
GCD	40.0	39.167	0.050	0.065	0.100	1.144	6.860
GCD	41.0	45.756	0.050	0.070	0.100	0.997	6.211
GCD	42.0	51.968	0.050	0.070	0.105	1.027	5.861
GCD	43.0	57.796	0.050	0.075	0.115	0.904	5.824
GCD	44.0	63.175	0.055	0.080	0.120	1.194	6.239
GCD	45.0	67.922	0.060	0.085	0.125	1.354	5.984
GCD	46.0	72.118	0.060	0.085	0.135	1.579	6.306
GCD	47.0	75.747	0.060	0.090	0.145	1.764	6.563
GCD	48.0	78.813	0.065	0.100	0.160	2.250	6.930
GCD	49.0	81.515	0.070	0.105	0.190	2.941	7.463
GCD	50.0	83.755	0.075	0.115	0.365	3.348	8.458
GCD	51.0	85.720	0.070	0.120	0.784	4.021	8.890
GCD	52.0	87.464	0.080	0.140	1.162	4.567	9.263
GCD	53.0	89.042	0.090	0.155	1.429	5.020	10.170
GCD	54.0	90.378	0.090	0.180	1.676	5.135	9.926
GCD	55.0	91.660	0.115	0.345	2.281	6.346	12.000
GCD	56.0	92.872	0.125	0.537	2.318	6.731	12.159
GCD	57.0	94.001	0.160	0.732	2.748	7.095	12.788
GCD	58.0	95.034	0.195	0.832	2.798	7.310	12.988
GCD	59.0	96.058	0.241	0.834	2.533	6.846	11.748
GCD	60.0	96.981	0.240	0.789	2.451	6.261	11.127
GCD	61.0	97.797	0.300	0.764	2.508	6.158	11.550
GCD	62.0	98.447	0.280	0.631	1.959	5.779	11.145
GCD	63.0	98.977	0.310	0.577	1.514	4.527	8.986
GCD	64.0	99.382	0.300	0.513	1.207	3.899	8.447
GCD	65.0	99.662	0.295	0.570	1.364	4.072	7.577
GCD	66.0	99.843	0.309	0.506	1.092	2.937	7.067
GCD	67.0	99.932	0.227	0.403	0.610	1.245	2.948
GCD	68.0	99.979	0.207	0.341	0.665	1.299	2.331
GCD	69.0	99.997	0.188	0.370	0.625	1.324	3.348
GCD	70.0	100.000	0.085	0.161	0.405	0.723	0.824
