# This file was produced by samtools stats (1.23+htslib-1.23) and can be plotted using plot-bamstats
# This file contains statistics for all reads.
# The command line was:  stats data/AFR/LWK/NA19307/aligned/NA19307.bam
# CHK, Checksum	[2]Read Names	[3]Sequences	[4]Qualities
# CHK, CRC32 of reads which passed filtering followed by addition (32bit overflow)
CHK	1887e3c8	ef7ef33b	6f5e3fba
# Summary Numbers. Use `grep ^SN | cut -f 2-` to extract this part.
SN	raw total sequences:	74921238	# excluding supplementary and secondary reads
SN	filtered sequences:	0
SN	sequences:	74921238
SN	is sorted:	1	# sorted by coordinate
SN	1st fragments:	37460619
SN	last fragments:	37460619
SN	reads mapped:	74808612
SN	reads mapped and paired:	74808146	# paired-end technology bit set + both mates mapped
SN	reads unmapped:	112626
SN	reads properly paired:	74457252	# proper-pair bit set
SN	reads paired:	74921238	# paired-end technology bit set
SN	reads duplicated:	0	# PCR or optical duplicate bit set
SN	reads MQ0:	7830530	# mapped and MQ=0
SN	reads QC failed:	0
SN	non-primary alignments:	0
SN	supplementary alignments:	16521
SN	total length:	7554935306	# ignores clipping
SN	total first fragment length:	3777467653	# ignores clipping
SN	total last fragment length:	3777467653	# ignores clipping
SN	bases mapped:	7543575048	# ignores clipping
SN	bases mapped (cigar):	7537569133	# more accurate
SN	bases trimmed:	0
SN	bases duplicated:	0
SN	mismatches:	17481729	# from NM fields
SN	error rate:	2.319279e-03	# mismatches / bases mapped (cigar)
SN	average length:	101
SN	average first fragment length:	101
SN	average last fragment length:	101
SN	maximum length:	101
SN	maximum first fragment length:	101
SN	maximum last fragment length:	101
SN	average quality:	36.8
SN	insert size average:	186.2
SN	insert size standard deviation:	59.9
SN	inward oriented pairs:	37359670
SN	outward oriented pairs:	7925
SN	pairs with other orientation:	6531
SN	pairs on different chromosomes:	29947
SN	percentage of properly paired reads (%):	99.4
# First Fragment Qualities. Use `grep ^FFQ | cut -f 2-` to extract this part.
# Columns correspond to qualities and rows to cycles. First column is the cycle number.
FFQ	1	0	0	48885	0	0	0	0	0	0	0	38999	0	0	0	0	0	71078	0	0	2263	0	0	9260	55697	0	57994	182117	262000	157554	0	1149284	9617956	0	3210303	22597229	0	0	0	0	0	0	0	0
FFQ	2	0	0	0	0	0	0	0	0	0	0	32273	0	0	0	0	0	124791	0	0	9786	0	0	14967	45752	0	69443	160703	295909	147190	0	945885	7519946	0	1317164	26776810	0	0	0	0	0	0	0	0
FFQ	3	0	0	0	0	0	0	0	0	0	0	16326	0	0	0	0	0	67922	0	0	3429	0	0	17975	42209	0	77767	151359	309701	186877	0	923585	6962730	0	1334041	27366698	0	0	0	0	0	0	0	0
FFQ	4	0	0	4906	0	0	0	0	0	0	0	21334	0	0	0	0	0	19224	0	0	37911	0	0	16024	0	0	42777	73545	4961	114973	2397	212774	5405	331345	567400	0	5173814	0	30831829	0	0	0	0	0
FFQ	5	0	0	0	0	0	0	0	0	0	0	22572	0	0	0	0	0	28586	0	0	43870	0	0	20856	0	0	61138	97257	5802	143391	2408	260258	6316	379849	646734	0	5455001	0	30286581	0	0	0	0	0
FFQ	6	0	0	0	0	0	0	17	0	2761	0	17445	5669	0	0	13	3580	5402	30543	12686	13100	0	2125	1704	23465	22	72350	91907	12141	91012	56869	258861	41329	427151	611655	75	5004533	539860	30134344	0	0	0	0	0
FFQ	7	0	0	0	0	0	7	59	0	3302	0	19645	5844	7	0	31	3884	6043	32554	13698	12269	12	2639	1940	24731	39	76843	94563	16333	92716	57556	267373	45107	438508	623414	142	5048225	539620	30033515	0	0	0	0	0
FFQ	8	0	0	0	0	0	18	61	1	4080	0	23431	6861	15	1	19	4740	6383	38014	14212	12676	47	3025	2043	24817	47	79010	95496	23134	90748	56405	270938	45163	444433	635387	141	5080798	552630	29945845	0	0	0	0	0
FFQ	9	0	0	0	0	0	31	40	10	3366	1	19964	5934	31	1	30	4413	5981	35430	14797	12865	149	3047	2253	25321	131	80663	34857	97806	80001	58555	276573	34365	397622	418318	295723	1497187	1643	3001816	2340751	28710944	0	0	0
FFQ	10	0	0	0	0	0	40	36	18	3797	2	21400	6592	65	6	27	4618	5920	35442	14577	13098	195	3013	2369	25181	193	80815	34701	117593	57381	59367	277890	33554	395818	424745	289522	1509708	1514	3006965	2445046	28589411	0	0	0
FFQ	11	0	0	0	0	0	54	53	25	3719	13	21809	6408	61	12	30	4899	6277	36185	15445	13303	254	3205	2551	26100	327	80585	35227	143100	33979	61051	282602	33269	400738	430445	288485	1527352	1378	3028823	2558539	28414316	0	0	0
FFQ	12	0	0	0	0	0	66	53	46	4297	43	25176	7457	92	10	27	5230	6771	37682	16613	14412	306	3597	2749	28189	536	83289	37165	166019	14741	64249	291110	33158	411822	442501	292882	1562580	1666	3093209	2734167	28078709	0	0	0
FFQ	13	0	0	0	0	0	98	52	64	5703	114	31994	9843	128	14	40	6926	7357	44961	18725	15883	343	3934	2928	30547	793	87162	38650	179711	11535	68228	300066	34027	426268	454744	298920	1600492	1850	3147991	2841592	27788936	0	0	0
FFQ	14	0	0	167	0	0	94	64	87	5330	166	28856	8535	159	26	65	1101	10487	48896	20395	16394	325	4122	3015	9931	22596	89531	39839	188007	11568	69147	136152	196779	318911	456132	351110	294129	1014739	894167	2675953	2006992	7036118	21500534	0
FFQ	15	0	0	0	0	0	85	120	135	5142	298	27444	7985	163	37	93	1257	10686	47196	19858	15778	408	4277	3087	10153	23098	88543	40465	183963	11667	68537	138227	197676	318954	458228	357449	302299	1028054	912559	2719408	2032754	7171238	21253298	0
FFQ	16	0	0	0	0	0	115	136	174	4800	353	25895	7301	235	74	164	1466	11152	43790	20119	16628	496	4605	3340	11281	25339	93072	42076	187885	12655	72618	145736	204466	325267	476608	362449	316339	1048706	927066	2804142	2040066	7362209	20861796	0
FFQ	17	0	0	1	0	0	127	174	207	5045	458	26282	7449	262	117	183	1538	11300	40302	19989	17033	554	4818	3526	12343	27264	93995	43256	187557	13055	73875	148530	208059	325884	486439	365573	328177	1063904	947226	2875365	2074053	7536693	20510006	0
FFQ	18	0	0	0	0	0	136	202	239	6375	683	30795	8621	296	178	233	1953	12293	43361	21469	18406	665	5404	4021	13649	30587	97231	45242	194162	13747	78374	156701	216236	334740	506180	374706	344100	1095670	971571	2984721	2093601	7751422	20002649	0
FFQ	19	0	0	0	0	0	158	244	306	7032	1039	32760	9221	300	231	292	2206	11645	4230	64406	19072	658	5898	4353	14727	33593	97385	46418	199041	15083	81256	163552	219675	337383	313417	587950	357035	949927	991705	2519561	2503116	8087415	19778329	0
FFQ	20	0	0	0	0	0	123	202	291	5725	1008	24853	7099	287	235	240	2424	10483	5429	58249	14986	775	4908	3686	14612	26785	89257	40061	188163	12293	62201	162413	193401	333825	283922	559736	335698	838859	981311	2181536	2677581	6983382	21354580	0
FFQ	21	0	0	0	0	0	116	234	302	5577	1213	23173	6423	346	247	275	2738	11255	6364	52493	15048	795	5366	3921	15753	30668	88066	41234	182588	12822	64878	166798	195110	322519	286535	553117	346714	842192	967375	2170795	2651121	6835288	21551160	0
FFQ	22	0	0	1	0	0	136	265	407	6152	1705	23709	6351	361	309	361	3129	12035	7745	49468	15564	909	5654	4031	17589	35115	85981	42169	178085	13480	66268	173762	197099	309942	290390	543299	359750	842305	957705	2177522	2663425	6786836	21581605	0
FFQ	23	0	0	1	0	0	167	335	558	8638	2834	30318	7989	405	377	373	3661	13959	10203	49352	16518	959	6309	4341	19917	41254	85280	43776	177058	14085	68574	181696	199682	303246	296705	541117	376508	844247	950477	2190795	2670897	6762814	21535194	0
FFQ	24	0	0	2	0	0	172	436	620	9599	3820	29925	7378	438	481	446	4704	16225	14199	49550	17396	1125	6761	4642	21993	47756	83638	44681	179396	14625	70156	193818	203364	301187	303138	545969	393964	850624	958072	2242944	2551305	6370139	21915931	0
FFQ	25	0	0	3	0	0	149	461	730	9381	4576	27067	6251	549	516	544	5309	17489	17054	44157	17561	1213	7283	4968	24151	54722	80430	45364	174008	15224	70840	206226	204712	295760	307064	548271	413405	852519	967529	2270601	2562975	6485802	21715755	0
FFQ	26	0	0	3	0	0	249	688	1235	15771	9095	39722	8329	656	751	609	6730	21266	21268	42941	19108	1459	8001	5290	26968	64672	78473	47026	169178	16286	72647	219882	207167	287937	315621	552879	437920	864858	979481	2316684	2559121	6628765	21411883	0
FFQ	27	0	0	5	0	0	244	818	1463	17879	11690	39342	6959	826	987	853	8588	25897	27381	39403	19434	1599	9202	5845	28897	74899	78562	48324	169667	17313	74879	238151	212773	281256	324745	555651	464399	871273	985316	2370746	2552049	6803033	21090271	0
FFQ	28	0	0	5	0	0	290	980	1836	20879	15786	38866	5598	906	1157	981	10330	30342	30209	34376	19294	1892	9943	6405	30692	83328	79045	49586	165624	18353	74619	258695	213424	273528	332140	561325	491639	877818	999749	2421699	2536990	6955212	20807078	0
FFQ	29	0	0	6	0	0	340	1105	2209	22788	19197	35484	3654	1093	1410	1155	12156	34205	30718	29675	19652	2245	10979	6899	31793	90992	80760	50952	158110	19805	75148	278690	217728	258188	341000	560164	524917	880548	1005241	2472959	2501071	7117889	20559694	0
FFQ	30	0	0	8	0	0	299	1190	2434	22512	21436	28596	2013	1170	1489	1324	13480	35995	27808	24987	18736	2413	11121	7358	31925	93445	81984	50485	145610	19999	75457	291286	215878	239843	346675	551860	557169	873855	1009876	2533459	2467432	7286042	20363970	0
FFQ	31	0	0	45863	0	0	364	1383	2872	24905	26062	24447	1151	1411	1789	1594	15706	40148	24420	24371	19573	2918	12394	8096	33632	100513	88245	53947	139828	22451	77892	317347	222994	224696	362324	557193	599594	877415	1028482	2618693	2449140	7405359	20001407	0
FFQ	32	0	0	57077	0	0	477	1867	4033	34629	39860	25896	830	1718	2303	2040	19909	48819	22622	25865	22011	3470	14424	9468	35753	108795	99936	57811	136304	24658	81809	352019	233316	214237	384256	566636	650394	883947	1057275	2721877	2447535	7474033	19592008	0
FFQ	33	0	0	1194	0	0	437	1886	4175	30438	37741	15918	860	3327	2982	2444	34331	90058	23686	24654	23731	3852	15404	10312	37391	109707	111476	59191	129355	26526	83336	372616	238373	199214	399303	562880	697696	875016	1071572	2796687	2409648	7576800	19374977	0
FFQ	34	0	0	17	0	0	501	2213	5036	32990	44252	11869	837	3255	3222	2829	32364	73661	13272	24739	22044	4757	16639	11916	38718	110260	130080	60695	118959	28921	83672	389428	242238	184535	414452	556023	748396	857476	1082639	2856241	2350817	7647079	19251512	0
FFQ	35	0	0	17	0	0	488	2535	5868	34914	50757	7328	789	2723	3596	3357	29324	57733	9108	26624	23938	5132	18394	12874	40477	117094	122570	65742	119157	32081	89313	411739	253662	178951	442367	560887	803468	841316	1102625	2926277	2301218	7719495	19034056	0
FFQ	36	0	0	21	0	0	527	2794	6410	32920	50511	3863	926	3001	4032	3715	30635	53289	6160	25284	22725	5695	19528	13379	40626	115831	118440	67223	111143	35123	88449	411307	253454	172115	458244	548398	862075	817457	1134110	2967395	2298380	7749490	18922796	0
FFQ	37	0	0	21	0	0	608	3377	7708	35425	55755	2154	953	3392	4789	4524	34712	51635	5003	27508	24711	6597	21756	14981	43874	121777	116844	72438	114626	40242	94005	415954	264441	175188	485551	543706	920176	809962	1149208	3026230	2280344	7795352	18681423	0
FFQ	38	0	0	22	0	0	767	4097	9594	38809	63510	1256	1103	3935	5747	5525	39552	49334	4628	29325	26586	7497	23867	16913	46848	129605	116934	76635	117579	45153	97753	425807	274762	180234	514534	543637	979698	798220	1175240	3069308	2291513	7835113	18405825	0
FFQ	39	0	0	25	0	0	801	4582	10787	38090	63089	908	1268	4465	6642	6445	43784	46689	4659	28962	26274	8555	23267	18603	50934	130639	114119	80344	115450	50214	99224	431177	278636	183812	539989	538682	1034440	782575	1205464	2978546	2445116	7896221	18162594	0
FFQ	40	0	0	23	0	0	855	5653	12920	42728	71123	854	1535	5205	8114	7439	49655	43449	5338	29967	27582	9887	25121	20716	54994	135406	110496	84825	118534	56927	102600	432252	286373	192552	570641	538779	1088786	782170	1239182	3028658	2459914	7953480	17850935	0
FFQ	41	0	0	276	0	0	885	6090	14343	40443	67796	882	1767	6081	9478	9004	54288	38872	5929	29772	27764	11103	26085	22452	59174	137410	106834	89244	119392	64563	105874	431324	295692	198527	602552	538328	1139686	785587	1273332	3073538	2493240	8035431	17532247	0
FFQ	42	0	0	24	0	0	1018	7059	16589	42616	70528	983	2033	7071	11091	10437	59437	34261	7071	31889	29539	12634	28243	25287	64353	144899	100183	96310	124414	72946	111518	432643	309229	208958	636037	543964	1187439	801990	1310009	3119677	2520518	8060323	17211704	0
FFQ	43	0	0	384	0	0	1116	7378	17617	39927	66187	1082	2240	7402	12550	11415	61601	28774	7478	30738	28529	14207	28490	27471	67882	143267	92061	99952	121128	82115	112308	427185	312287	214719	661178	542793	1229863	806417	1353120	3133901	2570613	8098785	16990486	0
FFQ	44	0	0	23	0	0	1239	8441	20110	41164	66962	1156	2577	8124	14046	12791	63552	23047	8315	31583	29374	15533	29361	30358	74043	146014	83934	105903	122486	90959	116156	419503	324173	225135	684046	551766	1269128	834632	1389965	3162058	2591938	8113809	16740956	0
FFQ	45	0	0	52	0	0	915	7326	18755	36747	59725	1348	2991	8665	15943	13712	66013	18295	8022	27083	25513	21217	24623	32066	77055	140744	79881	105139	111799	100024	104687	418414	309376	216989	691117	521554	1315079	783616	1425063	2936670	2722020	7767727	17238096	0
FFQ	46	0	0	28	0	0	984	8212	20916	37763	60112	1301	2885	8783	17096	14568	62544	13948	8401	27523	26398	21225	24960	32566	79747	139750	68410	108677	112729	106004	109273	391831	315155	224282	685551	531542	1352262	821474	1443057	2904438	2682077	7670802	17316516	0
FFQ	47	0	0	30	0	0	1088	9060	23551	39404	60467	1428	3117	9371	19145	16486	60252	11317	9285	29018	28179	22560	25794	34541	85751	141903	59395	115088	116437	115437	116101	372773	324278	234669	689781	549846	1399286	863422	1471170	2869877	2658136	7603146	17262941	0
FFQ	48	0	0	425	0	0	1199	10325	27084	43103	62913	1571	3448	10166	21727	18768	59741	9324	10344	30634	29914	24441	26915	38251	93115	144430	52807	122076	119369	128324	121985	366330	336423	246418	697200	578737	1459209	903866	1517526	2846014	2679848	7522687	17086630	0
FFQ	49	0	0	681	0	0	1199	10829	28032	42328	58282	1764	3948	10792	24564	20337	57284	7866	10653	30362	28909	26793	26771	41380	91506	148704	45293	126978	119526	141079	124815	355461	343987	253318	703036	602952	1498918	962850	1584318	2535908	3021359	7466717	16893581	0
FFQ	50	0	0	1428	0	0	1362	11721	30586	44506	56390	1892	4438	11677	27452	21984	53873	7085	11357	31827	30769	28776	27776	44888	97617	148317	39236	135964	122094	155400	131185	346163	358440	266358	711458	642616	1580373	1014380	1647091	2537447	3074878	7424093	16569968	0
FFQ	51	0	0	60	0	0	1327	11234	30458	42399	48951	1972	4699	12396	29501	22917	47816	6376	11484	31649	29597	31235	27368	47806	102222	143353	34134	141004	119205	169611	135614	336438	367432	277597	714138	679794	1668050	1057464	1718308	2514330	3158109	7364798	16311811	0
FFQ	52	0	0	75	0	0	1467	11783	31457	43546	45060	2061	5142	12227	31378	23854	40911	6046	12080	32656	30101	33630	28227	51603	107271	140550	29405	149435	119806	185995	141155	326496	381743	291066	716299	726847	1768048	1111894	1790410	2505237	3234758	7274081	16008605	0
FFQ	53	0	0	89	0	0	1609	13019	34734	48069	44836	2152	5491	12583	33600	24556	36358	6292	12580	34404	30694	35864	29154	55513	112804	136036	26303	158964	120178	201692	148222	315739	398186	306588	723619	780088	1879817	1175763	1870778	2501496	3303430	7208191	15622681	0
FFQ	54	0	0	107	0	0	1738	12515	34247	47494	37796	2444	6208	13490	37110	25624	33589	6370	12832	35634	30600	39084	29711	59794	118249	131228	24490	167030	119256	219373	154736	307954	414546	321859	728509	835718	2003844	1239601	1960641	2491608	3395704	7119414	15231780	0
FFQ	55	0	0	137	0	0	1809	12876	35237	49323	34148	2483	6529	12955	38601	25937	27627	6131	13449	37192	30258	40794	31739	64371	121639	93212	54855	176498	118168	236860	164093	300198	432388	339264	733353	904116	2139195	1312863	1976014	2563094	3484170	7043464	14786662	0
FFQ	56	0	0	161	0	0	2020	13740	38798	55211	32149	2819	7127	13228	42647	26863	24592	6503	14572	40010	31930	43529	33147	68907	126384	87188	56514	188486	119385	253327	174481	291829	453689	357910	739579	971228	2287890	1394051	2067458	2558466	3579958	6941556	14304125	0
FFQ	57	0	0	205	0	0	2155	14689	41386	59762	28707	3063	7879	13703	46599	27394	21021	6763	15172	43063	32852	47841	35378	76417	132752	83231	60025	203054	121816	275410	186229	292055	477766	381084	753074	1043614	2447804	1485145	2162280	2556316	3668564	6818137	13778803	0
FFQ	58	0	0	260	0	0	2434	14223	41689	60981	24261	3419	8757	13993	48855	27195	18219	6522	15472	44304	32096	51624	36264	82440	136045	77237	60427	213615	118972	294875	194834	290679	498591	401445	763246	1115599	2628854	1568513	2271241	2537391	3791024	6664923	13290433	0
FFQ	59	0	0	319	0	0	2829	16145	46906	70409	22560	3765	9523	14155	52791	25969	15705	7016	16372	49693	33683	51574	37044	95516	131952	69690	61652	241883	121672	309966	209588	289628	526265	426695	779418	1198659	2823187	1667041	2372532	2540238	3839356	6526524	12742761	0
FFQ	60	0	0	400	0	0	2847	16282	48898	74163	18403	4253	10768	14981	56695	25845	14205	7203	17416	52890	33309	56218	39322	103247	133776	65998	65158	257952	121518	328101	222634	294858	552666	451294	797921	1284255	3034117	1771396	2483508	2523237	3964971	6357737	12141977	0
FFQ	61	0	0	519	0	0	3155	16885	51017	78590	15347	4561	11683	15128	59754	24662	13060	7191	17590	54948	32103	60116	40255	109563	131388	61518	67870	270074	120064	343074	234552	299803	577417	474053	813545	1366897	3266839	1875390	2602335	2491192	4082752	6171318	11583930	0
FFQ	62	0	0	3369	0	0	3463	17594	54721	82647	12629	5087	13127	15755	63575	24115	12452	7316	18524	58242	31650	63839	42007	117351	129816	58991	71224	284955	119780	352850	247065	307149	599913	498395	833164	1455241	3513411	1985447	2724976	2462035	4200964	5969196	10987804	0
FFQ	63	0	0	7938	0	0	3585	15457	51386	76026	8104	5685	14249	16158	65472	23423	11972	7231	19128	60823	30356	68465	43981	125260	127368	57427	74138	300486	118991	366421	262336	319144	627664	526335	858184	1549507	3783463	2105505	2851015	2421790	4305357	5751675	10388005	0
FFQ	64	0	0	13828	0	0	3876	15749	55285	79860	6189	5935	14248	14763	64256	20513	11109	7489	20079	65674	30528	71529	45912	133009	121997	56666	80035	319704	120609	371371	282910	333679	657105	559698	888071	1655588	4069495	2234610	2974779	2394925	4403413	5530446	9714254	0
FFQ	65	0	0	20830	0	0	4225	16020	58556	82961	4410	6326	15016	14191	63067	18482	9545	8768	20718	59220	39420	74508	46776	128955	125130	55755	84057	328400	105437	368923	316421	348813	677672	587287	916530	1756564	4378939	2364804	3104091	2344789	4512229	5300825	9080138	0
FFQ	66	0	0	29241	0	0	4335	15074	57272	77602	2624	6660	15620	14244	62394	16875	9648	8444	20989	60007	37643	77015	46777	131859	118843	54769	86139	336031	102833	360814	330671	363066	691791	607965	943115	1848314	4721514	2496592	3246412	2271734	4621972	5040570	8510951	0
FFQ	67	0	0	39198	0	0	4802	15342	61432	78524	1642	7239	15995	13780	61661	15703	9824	9031	22090	63977	38401	80585	48627	136532	114356	55994	92415	352070	105086	356627	352189	383186	712467	637189	977988	1952250	5073015	2632534	3383192	2207610	4685354	4761319	7888740	0
FFQ	68	0	0	50445	0	0	5101	15248	64431	77965	1022	7904	17443	13666	62220	14727	10542	9244	23459	67805	38355	85598	50627	143045	111844	58657	99136	369344	106676	354418	374410	408577	735191	668899	1022914	2074115	5432724	2772917	3513933	2129557	4757761	4462376	7235166	0
FFQ	69	0	0	62969	0	0	5550	15261	69019	79583	544	8680	18432	13955	62418	14029	11361	9736	24583	72786	38839	90910	52016	149432	109627	61656	106535	388338	110222	351248	401470	436958	764873	704685	1075851	2210809	5801995	2912714	3650139	2063165	4783977	4159416	6553119	0
FFQ	70	0	0	76854	0	0	6155	15927	75194	81517	319	9580	20032	14186	63617	13574	12170	10141	26034	77390	38833	97686	54589	141305	94692	92076	114315	406587	113279	349643	429401	468767	793159	743947	1134350	2354326	6175902	3056826	3775227	1974212	4818873	3843713	5871778	0
FFQ	71	0	0	91923	0	0	6315	14520	74182	74159	152	10412	21412	14758	63641	12821	13100	9966	27110	79681	38151	102756	55928	141015	91306	96483	119143	419107	116386	339146	450338	494320	810795	775491	1192959	2489724	6588789	3199819	3906545	1869336	4849476	3514824	5269370	0
FFQ	72	0	0	108720	0	0	6709	14032	77257	71204	69	11395	22343	14433	61312	11587	14030	10039	28419	82875	38360	108195	58148	142189	90552	102764	127795	439745	121925	335209	479150	525619	836266	812031	1257970	2646456	7001943	3333401	4025378	1764886	4826459	3186116	4649347	0
FFQ	73	0	0	126544	0	0	7220	14030	82071	69441	43	12084	22178	14405	58571	10630	15186	10566	29646	88564	38152	113972	58789	140445	89216	108373	138021	451933	128605	321858	507828	556669	860314	850478	1333737	2819892	7424272	3468201	4140057	1666391	4760560	2861104	4043131	0
FFQ	74	0	0	145232	0	0	7909	14447	89450	70234	46	13110	23676	14978	58008	10461	16415	11008	31261	93718	38821	120522	60270	138209	89180	114335	146728	468724	134915	310527	536400	582118	883821	884279	1402519	2983895	7861060	3593940	4241541	1551490	4678416	2529251	3490913	0
FFQ	75	0	0	164560	0	0	8802	13297	88163	60974	55	13828	24071	15346	54184	9457	17017	10644	30796	92292	36827	121303	58136	127724	87212	116295	148137	415542	181274	283881	540885	595357	872978	890695	1445318	3052997	8363429	3743287	4367289	1336456	4737020	2157773	3156835	0
FFQ	76	0	0	185397	0	0	8538	12272	93764	62705	34	24121	40220	21006	88157	8486	25741	8992	41858	95093	52729	213362	93969	199050	148327	204363	228802	722698	327116	559420	971726	1300974	1798287	2026562	2426816	5746108	5560778	4138432	2451993	1321746	4426234	1248431	553745	0
FFQ	77	0	0	197541	0	0	9428	11854	92846	55987	20	20536	31628	17586	62879	7431	22376	9493	36993	91725	44543	167660	71816	144889	112885	154947	185656	534885	251180	346163	744528	884613	1264613	1429765	2310565	5150464	7121700	4281340	3273574	1125658	4887942	1683617	594084	0
FFQ	78	0	0	211689	0	0	10036	11776	97021	52126	24	18990	27916	16110	50858	7190	21828	9956	35819	93226	40824	151359	62491	118258	100871	139581	175499	462829	222896	262334	660906	715077	1021851	1112569	1865623	4055232	9135364	4212756	4227780	984969	4297954	1573104	1167556	0
FFQ	79	0	0	228545	0	0	9889	10243	92717	44775	48	18977	26974	15938	45513	6872	21765	10392	35449	95214	39316	146757	58148	103158	97129	136624	178897	429819	218695	223538	636346	660915	944605	1011160	1710253	3723182	10322741	4264676	4549611	847879	3978838	1110949	1371934	0
FFQ	80	0	0	247597	0	0	10405	9723	95507	41152	15	19246	25162	15750	39163	6745	22723	10660	36715	98638	39480	148135	56071	93395	98578	138574	186938	417946	225493	201070	641550	645288	929651	986330	1693585	3702874	11116255	4339543	4638728	720632	3692846	821863	1209790	0
FFQ	81	0	0	268783	0	0	10861	9285	96702	37786	17	19728	25468	15966	35424	6351	23813	10806	37130	99988	40468	150592	54534	84072	100015	142652	195933	408103	233024	183880	653221	642968	930132	988988	1717022	3799739	11783228	4416048	4623557	612432	3376866	621096	961282	0
FFQ	82	0	0	292049	0	0	10885	8562	96885	33256	14	20822	24864	16157	31872	5973	24871	11004	38344	101263	42221	155208	53488	76466	103623	146806	206246	401930	243440	170082	671089	646279	946546	1004753	1755267	3936514	12383941	4488263	4532474	513714	3030981	461601	723414	0
FFQ	83	0	0	317797	0	0	11186	7745	97642	29899	15	20922	24099	16018	27926	5598	25273	11134	38397	101768	43096	155690	51202	67232	105873	149730	214117	390243	252877	154483	681953	647067	958469	1018429	1800802	4084573	12996393	4546616	4394069	432007	2663747	334781	524417	0
FFQ	84	0	0	346163	0	0	12034	7603	103129	28091	11	22208	23758	16848	25421	5407	26593	11641	40183	106551	45114	160138	49975	60893	109640	156090	228808	383602	266242	143466	706368	652784	983307	1044255	1850258	4264962	13530733	4559162	4190570	362083	2271934	235558	362195	0
FFQ	85	0	0	377041	0	0	12602	7306	108475	25941	16	23485	24176	17483	23362	5304	27980	12215	42385	109345	48025	168025	48524	56036	114300	163494	244117	380300	279210	133472	728732	660092	1010340	1072431	1899653	4434456	14038038	4565529	3933024	293577	1895295	158612	240088	0
FFQ	86	0	0	410681	0	0	12846	6929	109168	23228	18	24919	24131	17750	21292	5082	29542	12296	43744	111959	51482	173433	47301	49126	119268	169532	256807	370762	293877	124594	750871	668431	1035840	1105199	1945690	4619655	14520730	4541811	3642636	234125	1539451	103088	151929	0
FFQ	87	0	0	447277	0	0	13116	6402	109884	20668	9	26008	23861	18012	18706	4911	30736	12688	44877	112990	54667	176633	44912	43596	123911	174405	271830	358078	307685	115460	770311	674358	1060411	1132026	1990058	4796198	15000212	4490091	3327269	183073	1213198	63509	91781	0
FFQ	88	0	0	488942	0	0	13889	6087	114722	18881	25	27411	23682	18481	16262	4686	32031	13117	46345	117058	58234	181371	42032	38394	128589	182813	288888	347855	323243	108345	795295	685703	1092869	1168785	2038099	4999435	15388706	4394339	2978543	139440	923087	37661	52630	0
FFQ	89	0	0	536591	0	0	14695	6184	122001	17870	21	29062	23753	18762	14705	4347	33035	13422	48223	119122	62439	185668	39789	33900	134031	189309	304547	335335	338164	100691	814189	692669	1115450	1198274	2077881	5165456	15778071	4288024	2623960	102801	681907	21443	29233	0
FFQ	90	0	0	590396	0	0	13945	4831	110675	14991	52	31166	24834	19335	13384	3955	34232	13297	48669	117514	65534	186019	36589	29418	136606	193901	316013	316696	350578	93745	827840	696196	1133129	1229036	2113576	5318145	16185307	4160973	2274154	72742	486664	11787	15401	0
FFQ	91	0	0	654540	0	0	14942	4815	116556	13595	21	30120	21575	18577	10273	3802	35247	14252	49991	123268	69038	187791	33644	25857	141133	201057	335753	299741	365369	88473	846799	711620	1160069	1259082	2154506	5496916	16466624	3989606	1923270	51230	330975	6307	7913	0
FFQ	92	0	0	733286	0	0	14413	4236	115515	12254	36	32178	22109	18957	8932	3675	36625	14681	51868	126203	74470	193545	30777	23017	147595	209292	357506	288245	383161	83276	876548	725006	1195383	1304136	2195244	5669258	16651030	3784587	1589432	33508	215509	3656	4294	0
FFQ	93	0	0	826361	0	0	14804	3931	116131	10658	23	31285	20070	18662	6942	3342	37131	15224	52624	129309	77952	192449	27494	20598	151522	215180	373390	270889	399179	78316	892476	738974	1216305	1335238	2235095	5835303	16832579	3572940	1285665	21492	134643	2331	2452	0
FFQ	94	0	0	934156	0	0	14224	3314	110900	9388	13	30902	18402	17459	5471	3054	37149	15393	53088	129493	80727	190272	23749	18313	154728	219532	388370	250267	413198	72830	907784	750975	1239847	1366414	2267668	5965784	16989536	3359964	1020643	13317	80452	1537	1609	0
FFQ	95	0	0	1063216	0	0	12971	2835	102143	8180	16	30151	16607	5805	14848	2624	37483	14974	52845	127982	84017	185597	20341	16062	157405	221456	400304	230360	422208	66696	915246	760401	1257078	1391698	2285950	6067251	17139687	3148893	797423	7944	46170	1054	997	0
FFQ	96	0	0	1223287	0	0	12118	2611	101728	6878	17	28292	14795	5015	13521	2302	36323	15221	51938	128094	86000	179124	17113	14875	158401	223649	412284	209551	431834	61324	921715	770355	1275351	1414892	2307050	6163121	17207240	2929209	611915	4567	25551	740	659	0
FFQ	97	0	0	1420104	0	0	8488	1616	74409	5424	62	25222	13640	4453	10834	1754	34349	14346	49345	120834	84821	169402	13617	13435	154292	221305	411658	186689	433533	55066	916204	776527	1281681	1430883	2323454	6227551	17319961	2725582	468086	2504	14002	532	475	0
FFQ	98	0	0	1680424	0	0	4425	750	46440	2893	17	15938	7537	2273	7070	1174	31440	14331	46172	119340	82474	154892	10792	13172	154262	220118	420048	167284	441430	49759	922836	792872	1316047	1465410	2348984	6349111	17208261	2499334	350362	1575	7704	386	304	0
FFQ	99	0	0	2029443	0	0	583	138	9309	502	2	3230	1488	497	2090	396	27057	13554	39880	108346	73508	131672	7499	11901	143380	208594	401196	140695	432343	43526	897023	808296	1339636	1493211	2375368	6449993	17124738	2301464	267571	942	4625	303	220	0
FFQ	100	0	0	2618003	0	0	0	0	0	2	0	0	0	0	64	15	31015	14642	43347	119835	79830	139934	6895	12069	145609	212512	421147	137383	440610	41691	925097	901596	1512533	1675380	2524851	7132813	15618431	1890099	175040	661	3118	180	149	0
FFQ	101	0	0	4453710	0	0	0	0	0	0	0	0	0	0	0	0	197585	164744	281020	1295507	519161	777729	45362	106590	688003	913190	2369954	689347	1614585	188355	3127881	1808625	3082786	2916961	1779761	6409319	3039631	247711	30533	111	514	27	2	0
# Last Fragment Qualities. Use `grep ^LFQ | cut -f 2-` to extract this part.
# Columns correspond to qualities and rows to cycles. First column is the cycle number.
LFQ	1	0	0	0	0	0	0	0	0	0	0	84791	0	0	0	0	0	142045	0	0	2761	0	0	11124	129236	0	150885	299310	323833	315507	0	1317245	9378312	0	4928844	20376726	0	0	0	0	0	0	0	0
LFQ	2	0	0	0	0	0	0	0	0	0	0	88473	0	0	0	0	0	151565	0	0	1837	0	0	20838	118489	0	141393	291419	389452	264101	0	1099723	7831017	0	2514430	24547882	0	0	0	0	0	0	0	0
LFQ	3	0	0	0	0	0	0	0	0	0	0	85276	0	0	0	0	0	152679	0	0	1321	0	0	28299	114160	0	148203	285776	423145	271117	0	1061036	7389293	0	2256811	25243503	0	0	0	0	0	0	0	0
LFQ	4	0	0	0	0	0	0	0	0	0	0	100115	0	0	0	0	0	49579	0	0	105014	0	0	25528	0	0	113256	132097	6089	223327	0	340636	5654	490909	810048	0	5291403	0	29766964	0	0	0	0	0
LFQ	5	0	0	0	0	0	0	0	0	0	0	124428	0	0	0	0	0	54073	0	0	132001	0	0	27820	0	0	115887	135275	7039	242301	0	344985	6300	521904	842053	0	5497508	0	29409045	0	0	0	0	0
LFQ	6	0	0	0	0	0	0	60	0	13338	0	75668	22249	0	0	23	15182	10297	112589	23439	23571	0	3351	2398	35315	53	121511	125599	16124	179478	67278	339782	62053	565430	770191	12	4853338	683653	29338637	0	0	0	0	0
LFQ	7	0	0	0	0	0	40	164	0	17544	0	88355	25056	14	0	57	17120	12290	117866	25114	22386	21	4357	2855	37844	110	121198	125409	24314	169898	67080	340150	65420	570003	770872	55	4906203	674941	29253883	0	0	0	0	0
LFQ	8	0	0	2441	0	0	73	170	9	14406	0	78876	21972	44	4	66	16137	12095	115441	25733	23318	82	4627	3165	38524	53	127839	131508	37411	164007	69528	351906	64949	584239	784123	70	4956079	684721	29147003	0	0	0	0	0
LFQ	9	0	0	3054	0	0	94	164	37	16407	2	86521	25212	55	11	47	15491	11709	112920	29715	23277	155	4541	3150	38195	132	128630	48867	139830	134825	71410	350704	49255	516745	481471	390129	1595437	0	3162350	2426246	27593831	0	0	0
LFQ	10	0	0	20051	0	0	148	135	88	16909	12	90721	26872	130	14	54	16892	12016	117130	30413	24276	338	4843	3418	39138	266	131565	49238	180408	99716	74666	356257	48559	517523	489782	376470	1600628	7	3147267	2475953	27508716	0	0	0
LFQ	11	0	0	8814	0	0	186	174	109	17175	69	90848	25849	148	25	58	17361	12453	127125	33195	25117	365	5157	3569	39871	481	133023	50250	227307	55897	74809	360554	49174	523876	493006	380952	1611735	97	3152355	2521354	27418081	0	0	0
LFQ	12	0	0	7564	0	0	239	192	174	16727	171	88144	24804	207	42	61	16395	12282	121088	30704	23743	420	5081	3497	38740	767	133104	49873	267029	19756	74537	363036	48579	536042	495309	389364	1628446	329	3183642	2563182	27317349	0	0	0
LFQ	13	0	0	9412	0	0	268	203	264	16938	333	87976	24821	242	55	91	16906	12744	118662	31234	24378	443	5497	3817	41031	1176	133559	50400	273376	13513	75445	366386	47645	532678	500244	391652	1643131	610	3218247	2592513	27224729	0	0	0
LFQ	14	0	0	1121	0	0	272	210	330	15117	487	79046	21995	290	93	102	1982	20222	117928	30829	22963	511	5213	3666	15586	25556	129440	49792	266468	12987	73639	173125	221492	405926	490055	433666	306961	1010031	915451	2774226	2177603	6279846	21376392	0
LFQ	15	0	0	0	0	0	275	318	429	14434	754	76017	21344	328	80	163	2271	20117	110803	29768	22084	606	5405	3766	15794	26528	126481	49734	260982	12969	72967	173204	219573	397479	488156	428387	310735	1006797	921618	2780418	2184782	6338974	21336079	0
LFQ	16	0	0	0	0	0	284	370	542	15912	1099	78773	22351	343	176	252	2443	20388	103624	28999	22486	621	5806	4086	16630	28355	124583	49286	252229	13647	75049	171102	219339	387150	489983	417778	317175	997395	911582	2781625	2187877	6483165	21228114	0
LFQ	17	0	0	0	0	0	289	376	580	15979	1446	77092	21677	418	285	349	2943	21258	101902	31429	23773	726	6324	4278	18221	31706	128213	51912	253542	14041	77865	179947	225207	389218	505036	418235	328698	1010731	912788	2813696	2155835	6525638	21108966	0
LFQ	18	0	0	0	0	0	343	428	703	16845	2035	77180	21720	437	347	397	3433	22199	100821	30191	23842	773	6393	4524	19003	33604	127082	51752	253766	14545	78118	183916	225648	391596	507918	427640	336753	1018191	929441	2839973	2174908	6585712	20948442	0
LFQ	19	0	0	0	0	0	307	488	711	15139	2401	65989	18113	533	410	404	3931	17859	9499	115163	21585	905	6245	4495	19699	33801	119699	49841	246881	14486	74288	184749	220189	386998	315560	606641	342327	864703	917168	2306033	2530740	6789097	21153542	0
LFQ	20	0	0	0	0	0	323	590	881	16614	3319	67888	18476	558	514	484	4578	19726	11496	106777	22519	957	6891	4783	21941	38755	119901	51379	238457	15329	77886	193401	223779	374429	320818	601028	354929	872167	912545	2340666	2553966	6852762	21009107	0
LFQ	21	0	0	0	0	0	363	633	1026	18111	4687	68630	18038	615	632	575	5308	21755	14826	102438	22763	1062	7680	5057	23682	42540	117192	52207	233488	15849	78302	198153	223394	367474	322413	602351	366111	875640	921853	2370314	2612252	6918685	20824520	0
LFQ	22	0	0	0	0	0	403	689	1211	18425	5600	63421	16470	730	727	632	6284	23330	18246	93102	22592	1246	8028	5492	25817	48180	112572	51964	231066	16767	79552	205627	223905	364064	326094	605417	380629	880259	937848	2408570	2686098	7004992	20584570	0
LFQ	23	0	0	0	0	0	411	783	1440	21719	7918	68348	17177	803	981	742	7541	26811	22614	88170	24108	1368	9054	6107	28352	56656	110800	54152	226543	17865	82534	216689	229258	357791	334384	613566	397290	894267	954008	2463804	2748196	7082850	20285519	0
LFQ	24	0	0	1	0	0	433	853	1666	20819	9228	58819	13483	1001	1017	876	8930	28992	26890	78172	24443	1621	9776	6388	31566	65280	108564	55959	224706	18555	84926	231654	233389	353772	343794	618996	418524	904541	967355	2548918	2614035	6665590	20677087	0
LFQ	25	0	0	2	0	0	459	1056	1945	24039	12001	58792	12626	1075	1277	1013	10142	31168	29940	67687	24592	1786	10618	7096	34529	74947	104274	57279	217703	19654	86564	248910	237372	345804	351584	627648	441237	917940	989414	2618653	2643928	6896289	20249576	0
LFQ	26	0	0	3	0	0	516	1319	2491	30764	17720	67783	13391	1241	1500	1142	12665	38418	37460	65642	27173	2036	12178	7817	37802	89633	103453	59925	217408	21239	91286	268565	245234	337466	364614	636294	468325	934751	1005068	2701995	2648922	7136768	19750612	0
LFQ	27	0	0	7	0	0	557	1417	2819	30809	20726	57787	9404	1516	1857	1436	15045	42970	42519	56985	27727	2465	13569	8521	40926	101029	105547	62307	218087	22960	94277	297297	252896	337038	377843	655446	499429	961326	1035823	2817748	2671805	7428389	19142310	0
LFQ	28	0	0	8	0	0	608	1789	3587	38432	29145	62669	8081	1633	2174	1644	17954	48508	44255	51034	29715	2776	15105	9384	43437	115447	105349	65265	210534	25002	98382	321887	261883	322634	396098	666726	535332	976714	1059454	2925185	2665405	7691820	18605564	0
LFQ	29	0	0	11	0	0	588	2007	4094	39809	33484	52403	5062	2014	2557	1898	20725	53780	44059	44546	29654	3121	16731	10434	44953	125051	109491	67083	202630	26431	99871	349293	267587	307408	410799	670919	572079	986499	1083018	3038659	2672770	7955892	18103209	0
LFQ	30	0	0	13	0	0	554	1993	4098	37908	35786	41129	2853	2065	2900	2139	23215	58586	40641	34554	25140	3710	15355	10585	44805	119177	117047	63062	177314	26086	82077	378067	246831	273254	391743	633647	578458	877524	1063599	2764931	2831645	7060290	19387838	0
LFQ	31	0	0	19	0	0	661	2227	4995	40540	42227	33774	1633	2367	3200	2561	26633	63737	35222	32797	25696	4129	17034	11676	46576	126120	125012	66068	165166	27609	84731	403186	251120	252336	405186	625460	617771	870544	1063950	2803740	2731564	7040711	19402641	0
LFQ	32	0	0	26	0	0	682	2661	5791	45371	51267	28934	1000	2694	3608	2944	30021	67366	28372	31974	26230	4510	18676	12489	46340	128063	127300	67422	151477	29100	87082	411123	254211	225908	415888	603772	653877	851513	1047709	2835591	2617015	7067027	19474883	0
LFQ	33	0	0	28	0	0	728	2952	6510	44788	55705	20045	923	3157	4225	3525	33445	70636	21809	31747	26260	4939	19920	13179	47170	129165	135703	68650	141964	31484	87829	428905	257017	207348	429713	591833	695779	834293	1047372	2876642	2515093	7077273	19491440	0
LFQ	34	0	0	29	0	0	749	3502	7770	50027	64959	14781	988	3491	4874	4150	38021	73576	15967	32108	27798	5680	21681	14422	48095	131668	140870	71306	133174	34536	90260	445761	262329	192530	447428	585475	745000	818413	1058580	2924571	2446180	7080577	19417228	0
LFQ	35	0	0	31	0	0	771	3891	8841	50050	69182	9175	1099	4014	5632	4845	43448	76425	12015	32214	27440	6463	22590	15985	49811	133490	146499	74121	126456	38176	92019	459622	267783	183083	467817	577010	792665	800629	1080055	2980540	2410636	7121861	19261610	0
LFQ	36	0	0	27	0	0	748	4211	9451	45522	66867	4701	1232	4342	6231	5385	45953	72618	8683	31746	27439	7090	24006	17036	50465	133672	139926	76184	122205	41631	94180	453263	271413	176494	486497	559349	837729	779858	1083386	3015825	2380392	7222150	19149564	0
LFQ	37	0	0	27	0	0	801	4355	10250	41631	63192	2398	1326	4798	6927	6015	47706	63965	6679	31720	27364	8047	25292	18745	51752	133493	136324	79496	118663	46333	94140	460021	273805	174894	507766	552157	892271	759185	1108142	3048522	2369802	7244294	19034652	0
LFQ	38	0	0	29	0	0	909	5604	12882	47609	74747	1591	1551	5377	7982	7139	52079	59152	6381	34295	29696	8985	27976	20554	55274	141573	129379	85878	122816	51494	100859	457366	284727	180155	536789	544588	942305	748577	1122949	3077967	2361652	7258846	18848733	0
LFQ	39	0	0	146	0	0	921	5713	13236	43035	66708	1179	1721	6109	9075	8092	55995	53117	6540	32761	28824	10341	27205	22557	60034	140411	126620	89042	119853	58009	101095	460729	287117	183317	562168	536546	992548	732800	1153240	2979413	2500325	7287625	18691904	0
LFQ	40	0	0	43	0	0	997	6029	14297	39512	61377	1075	1927	6357	9757	8913	56879	43345	6870	32435	28639	11262	28215	24107	62833	141034	115383	92624	119442	63964	102148	448791	292774	187893	585873	526394	1034772	727504	1172885	3002068	2501729	7337146	18558375	0
LFQ	41	0	0	1121	0	0	1086	7008	17027	43932	67759	1150	2100	7111	11540	10389	60091	38049	7522	33787	30310	12828	29910	26896	67461	146140	106950	98414	123334	72659	107345	445438	301706	197447	614802	525620	1079910	734148	1200173	3031373	2511880	7373658	18307211	0
LFQ	42	0	0	39	0	0	1270	8182	19959	45535	70443	1332	2444	8176	13524	11955	65393	34778	8964	36298	32187	14571	31972	30301	74599	154016	102562	107175	128932	82221	114078	444628	315945	207789	645918	530134	1121903	751074	1227798	3063164	2524569	7392247	18028849	0
LFQ	43	0	0	48	0	0	1388	8703	21132	42879	64583	1337	2622	8783	14990	13483	65380	27819	9401	35552	31989	16354	33132	32675	79199	154550	94143	111501	127582	91992	116302	442049	321534	214664	673068	530312	1165406	761717	1269039	3074810	2556864	7427544	17810120	0
LFQ	44	0	0	49	0	0	1389	9469	23097	42595	63335	1382	3001	9511	16723	14797	64933	22335	9845	36805	32915	18146	34493	35948	85720	156640	84713	119089	130622	103219	121045	434946	334963	225598	697165	542446	1205063	789554	1308004	3108543	2575435	7435100	17555727	0
LFQ	45	0	0	50	0	0	1553	10593	25737	43504	62809	1537	3229	10067	18588	16378	63768	17679	10861	36196	33874	25323	31068	38586	93027	159466	78805	126847	132035	115915	126212	428654	345978	236537	723527	557088	1246194	819823	1352941	3130971	2550611	7499823	17278207	0
LFQ	46	0	0	59	0	0	1810	12487	30206	48538	69081	1749	3922	11204	21358	18581	66266	15171	12129	37913	35372	28392	32321	42940	100903	162226	71501	135508	133249	130233	131348	423172	358326	248913	744564	577873	1290781	853544	1397794	3150522	2602265	7488885	16962684	0
LFQ	47	0	0	75	0	0	1975	13957	34094	50813	68051	2098	4591	12791	25320	21481	69068	13272	13712	39741	37551	32173	34260	48217	112134	169862	66713	147551	137621	147949	139693	423091	377888	265264	770450	611200	1343250	900987	1449324	3181573	2647539	7461501	16576700	0
LFQ	48	0	0	82	0	0	2178	15098	36566	52208	65381	2283	5134	13925	28809	23440	66496	11353	14578	41699	38078	35221	35281	52773	120812	170777	59835	158007	139279	165970	147471	419664	394840	277220	791525	646406	1397038	942067	1506476	3197343	2715233	7436379	16226362	0
LFQ	49	0	0	95	0	0	2415	15953	39323	52623	60944	2474	5783	15040	32267	25745	62209	9987	15395	42998	38973	39752	35711	57753	119405	179215	51992	169480	144202	186691	153462	414231	411209	294878	808618	683090	1421796	1022508	1573882	2880437	3123498	7395383	15863663	0
LFQ	50	0	0	111	0	0	2707	17248	42380	56076	59505	2713	6458	15741	35202	27462	57420	9189	16287	44827	39520	43424	37193	63052	127166	177218	45496	179737	144622	205943	160441	405381	429795	308550	816466	728762	1488738	1071704	1631714	2892276	3177038	7354598	15530705	0
LFQ	51	0	0	122	0	0	2627	16699	43014	56189	52779	4287	9646	22228	57888	38763	78893	7679	15743	43760	32582	66835	46826	96825	182945	241627	67499	248750	156049	398390	188509	760770	647701	484928	1617692	1262065	1758957	1503770	3761317	5333988	8223129	6826192	3094994	0
LFQ	52	0	0	129	0	0	3213	18830	48440	62133	52576	3963	9576	20204	52921	35189	55758	7845	16853	46542	37581	61377	43651	86984	165932	192197	43422	231619	147214	316547	176751	518531	563543	432335	1155588	1106868	1611035	1377680	2385622	4339193	7636655	10240919	4146989	0
LFQ	53	0	0	134	0	0	3631	22644	56133	72465	55820	4151	10153	21064	54047	35035	48565	8312	18185	49768	39319	61540	43017	86177	161314	172905	35963	229066	145501	297584	182975	423301	521804	398139	946814	993417	1689756	1319254	1944637	3487421	4752302	9626292	9433567	0
LFQ	54	0	0	152	0	0	3861	20378	52001	66370	42702	4339	10751	21068	55353	34349	43431	8791	18669	51748	39018	64449	42709	88888	160499	164155	33066	231757	142587	299986	191299	383128	514964	394577	872203	987846	1801503	1327770	1902058	3095739	3885143	7858531	12536089	0
LFQ	55	0	0	182	0	0	2834	16364	43852	57585	32716	4350	10862	18601	55316	31649	33971	7176	16488	45864	32029	62539	41853	87882	152270	110688	59900	222442	123096	304587	170730	350691	479536	364930	798412	920522	1965819	1273810	1922397	2547180	3877037	6619094	14586448	0
LFQ	56	0	0	201	0	0	3036	16683	45751	60825	29369	4241	10541	17292	53496	29931	27611	7034	16636	46560	31905	59381	40785	85835	144342	94632	59982	219010	118779	293292	175458	313580	471822	363792	740538	932143	2146314	1321392	1965207	2409372	3719150	6123427	15252112	0
LFQ	57	0	0	213	0	0	3030	16307	45272	60122	24389	4420	10963	17290	54571	29206	23944	7152	16757	47108	30873	61012	41007	89569	142561	86062	60435	224220	116419	300425	181292	295594	476469	369557	718324	962800	2333711	1383317	2041209	2313279	3705032	5819611	15337686	0
LFQ	58	0	0	1140	0	0	3301	15553	45247	60054	19886	4597	11366	16567	55340	27339	19640	7329	17168	49094	30139	63374	41790	92059	140159	77722	61823	230470	114457	307512	188968	287158	487847	383181	709629	1005907	2531371	1457765	2133340	2247128	3753771	5588994	15162767	0
LFQ	59	0	0	337	0	0	3575	16164	48520	65048	17514	5017	12721	16901	57361	25959	17546	7307	17709	53329	30281	62906	41048	103903	133333	68881	61544	256580	113552	319006	201791	284536	504210	400815	711957	1068313	2736897	1547471	2237683	2209813	3792020	5406518	14792615	0
LFQ	60	0	0	300	0	0	3737	16886	51259	68299	14353	5421	13461	16824	60628	25601	15681	7250	18805	56653	30706	66243	42721	110907	132439	64629	65020	268799	114885	326749	212925	283441	520094	418429	712582	1125973	2962675	1640343	2346710	2161991	3901539	5225456	14340005	0
LFQ	61	0	0	346	0	0	4008	16352	52037	69142	10999	5769	14276	16243	61442	23816	14147	7326	19092	59187	29725	68992	43891	116155	129079	61606	68416	280092	113176	333888	223909	285778	537267	436715	721663	1190678	3206359	1740370	2465730	2112738	4020269	5050916	13838544	0
LFQ	62	0	0	3288	0	0	4367	16864	55267	72147	8817	6079	15012	15751	61666	21928	12859	7480	20243	63093	29281	72834	45396	124087	126247	59127	72319	294619	114270	340252	238136	291990	557763	459017	733980	1257965	3464322	1848693	2595611	2063346	4140736	4849930	13285057	0
LFQ	63	0	0	8252	0	0	4823	17042	58723	75299	6616	6909	16112	16322	65118	20638	12918	7576	21405	68044	29083	77603	47734	132324	124951	58511	76399	311630	115556	348776	254653	304252	581660	484924	749323	1335510	3738564	1960272	2726630	2017619	4268580	4646318	12652841	0
LFQ	64	0	0	14713	0	0	5252	17687	63272	79064	5031	7501	17300	16099	66774	19550	12962	7737	22494	72477	28645	83198	50090	140477	121520	58441	81696	327884	117285	355519	270455	319712	602657	506916	770683	1415129	4028290	2082224	2867857	1963588	4403729	4437767	11987511	0
LFQ	65	0	0	23162	0	0	5797	18017	66270	79723	3561	8279	18806	16012	68509	18498	11772	9287	23281	63529	39370	88075	51512	136901	128756	58880	86166	340528	101178	358063	306242	336239	624539	532792	793822	1500036	4343308	2205411	3013390	1906939	4539128	4225310	11297710	0
LFQ	66	0	0	33272	0	0	6278	17949	70599	81329	2382	8998	20041	15944	69304	17333	12390	9703	24311	67520	39780	93257	52791	142941	124747	60064	91255	353948	101817	354416	322992	353364	642852	558336	818414	1580639	4676261	2337588	3163925	1837933	4663844	4005116	10614786	0
LFQ	67	0	0	45406	0	0	7015	18552	77027	84496	1637	9901	21820	16451	71380	16557	12960	9927	25980	71696	40371	99253	55478	148819	122408	61902	97262	372389	104195	353218	344254	374611	664448	585457	847261	1671195	5023793	2473509	3316214	1762834	4780041	3758769	9899480	0
LFQ	68	0	0	59096	0	0	7341	17905	79521	81199	850	11135	23354	16831	71657	15536	13879	9979	27200	74513	40237	104454	57089	152604	119251	63633	103136	384261	105417	346494	363059	396342	680512	607945	884443	1762895	5395439	2617080	3471723	1684885	4894865	3525689	9176013	0
LFQ	69	0	0	74409	0	0	7939	17506	81560	78736	484	11885	24523	16490	69893	14262	14817	10071	28011	77510	39946	109610	57940	155076	116884	66519	108376	399111	107813	341189	384483	419024	698160	634481	919616	1863167	5786901	2764415	3632532	1602171	4992593	3279807	8438990	0
LFQ	70	0	0	91454	0	0	8849	18643	90738	82384	282	12951	26104	17067	69323	13612	15777	10806	30040	82994	40861	115601	59871	143562	100602	100222	117268	414568	112329	331333	406940	443591	718660	662447	958995	1967179	6185936	2913901	3786980	1521140	5053574	3026439	7693153	0
LFQ	71	0	0	110107	0	0	9054	16550	87786	73561	145	14253	27550	17143	68696	12463	17146	10496	30768	83538	39950	122369	60531	142939	98657	105220	123047	426083	115738	323649	427454	469552	736038	691914	1004209	2080574	6608655	3069018	3941195	1422468	5136621	2763502	6956720	0
LFQ	72	0	0	130839	0	0	10702	21469	108026	89137	145	15643	29579	18295	70541	12935	18104	11418	32749	89867	41400	126970	61669	142241	96784	111121	131808	436762	121275	310447	449812	491070	750276	715537	1047445	2190152	7052593	3213934	4086812	1332019	5149165	2502432	6223155	0
LFQ	73	0	0	152655	0	0	10069	15829	93410	66646	105	16777	31218	18345	68333	11648	19754	10994	33417	90407	40629	135936	62973	140405	97369	115799	138928	446285	126356	300480	471000	511337	764134	739588	1100796	2314115	7522532	3367897	4243706	1237941	5157065	2245968	5522331	0
LFQ	74	0	0	177929	0	0	10906	15474	97492	64850	79	16451	28057	16943	57610	10273	20527	11256	34017	93563	39877	133888	60182	127321	94595	120333	147701	450075	133118	277846	496053	531785	780638	764344	1159870	2446499	8007853	3519557	4395595	1149202	5114063	2008317	4827688	0
LFQ	75	0	0	207055	0	0	11932	15848	107378	65246	96	18385	30434	18341	58557	10233	21915	11698	36621	99825	41619	142574	61240	125471	96680	126583	158527	416562	185496	264454	521854	549463	801103	791694	1208414	2581399	8483973	3668054	4515297	1058832	5021595	1748679	4157009	0
LFQ	76	0	0	244083	0	0	11914	13982	102670	56671	88	19609	31317	18163	55247	8992	22909	11466	37444	98441	41623	148260	60832	119655	99278	132259	165166	418381	195134	251964	540724	567224	814134	815489	1265412	2711012	8996336	3810842	4630879	953012	4923328	1504241	3539871	0
LFQ	77	0	0	262455	0	0	12779	13574	107349	53524	81	22010	35700	20483	50280	8435	24596	11623	38816	101898	42750	152804	59902	112226	100948	136736	174931	419318	204629	234888	563096	581919	832188	838937	1312213	2847199	9527094	3950365	4726311	857790	4749758	1269500	2976305	0
LFQ	78	0	0	286086	0	0	13612	13386	115531	51781	72	23626	36091	20222	47430	8219	26391	12345	41046	108142	44518	162623	60777	107156	104610	142774	187018	424707	218462	221582	589181	595179	852062	861051	1365498	2995317	10048051	4076080	4790523	764920	4518973	1052389	2444817	0
LFQ	79	0	0	317691	0	0	14347	12958	117561	48559	54	24253	33704	19246	44890	7622	27463	12216	42515	108871	46155	168030	59938	99702	108288	149071	197097	421788	229097	207550	608158	610887	870705	884481	1409900	3130464	10606703	4204759	4825411	669394	4264161	851762	1973030	0
LFQ	80	0	0	351011	0	0	14731	12251	120089	44463	62	25291	31709	19191	41779	7500	29084	12753	43833	111209	47931	170672	59127	91809	111913	154287	208753	418599	241928	192989	629352	620528	890866	903492	1457246	3271554	11168599	4322793	4822939	582707	3961311	673713	1555752	0
LFQ	81	0	0	386953	0	0	15633	11714	126446	41922	56	26563	32256	19764	38853	6990	30948	13131	45851	116392	50904	179240	58967	86260	116962	161498	223636	419662	254180	180494	657047	632164	918601	931484	1500884	3431621	11705042	4414179	4763740	502746	3608415	521110	1185652	0
LFQ	82	0	0	424519	0	0	16337	11061	129290	38806	53	28756	32181	20578	36018	6831	32243	13613	47135	118241	53597	185277	58123	78886	121608	168693	237268	416872	266806	168744	681656	640242	944920	959499	1550335	3588359	12238249	4502177	4659848	425190	3239240	389675	880241	0
LFQ	83	0	0	464771	0	0	17608	11445	138226	37132	72	30884	33152	21494	33944	6771	34511	13897	49721	122736	56569	193112	57166	71825	126907	175673	252026	413385	281199	156847	705374	648872	970547	985475	1590516	3750409	12768857	4562040	4505561	357478	2842556	283577	630950	0
LFQ	84	0	0	506144	0	0	18622	11011	144577	35585	90	33552	34451	22400	32444	6364	36459	14316	51339	125445	60658	200156	56490	66046	131113	182958	267066	407417	296231	145504	729455	656429	995030	1010334	1629917	3909969	13293013	4606611	4304630	294938	2440069	199414	437531	0
LFQ	85	0	0	550554	0	0	18856	9519	140303	30465	99	35289	34769	22967	29255	5894	37501	14382	52987	126185	64533	206649	54462	59059	136766	189676	282510	398220	309703	135262	749749	662406	1020138	1035474	1669213	4061156	13830687	4632937	4060903	237013	2049788	134450	292707	0
LFQ	86	0	0	597680	0	0	19217	9072	142397	27484	76	36107	32371	22796	24619	5570	39139	14818	54190	129028	67933	209381	51072	51138	141676	195323	296551	384159	323748	124833	770189	667455	1042650	1059000	1702294	4213581	14356199	4636321	3784844	188049	1673362	87017	187884	0
LFQ	87	0	0	648722	0	0	19752	7983	144008	24628	75	36749	31703	23101	21976	5286	40599	15223	55920	130841	71768	212674	47826	44984	147106	201989	311543	370111	336787	115092	787514	669893	1064457	1082650	1731454	4362781	14860088	4616628	3471960	145995	1326633	53408	113910	0
LFQ	88	0	0	704563	0	0	20948	8023	150797	22857	85	38671	31358	23441	19287	5176	42214	15717	57785	135010	75928	217104	45467	40046	150285	208201	329539	357074	352408	105794	807776	674639	1088461	1108878	1766056	4511582	15316613	4547739	3132161	110316	1016128	31760	66088	0
LFQ	89	0	0	765674	0	0	21121	7028	147088	20188	61	40824	30906	23451	16762	4716	43778	15918	59399	135816	80517	221728	42618	34976	156898	215993	346292	342742	367916	99134	830440	682134	1112817	1139450	1793585	4658151	15737716	4456855	2773485	81131	752855	17853	37008	0
LFQ	90	0	0	832582	0	0	20996	6165	144939	18337	56	40836	29359	23016	13880	4275	44626	16037	60445	135554	84367	220927	38340	29955	160165	219862	359844	322235	380488	91506	838938	687478	1128348	1159565	1822659	4790722	16173432	4348268	2416885	58110	538280	10097	19751	0
LFQ	91	0	0	907441	0	0	21322	5867	144949	16445	72	41958	28151	22891	11631	3916	46072	16695	61301	137759	88046	221493	34561	26139	164227	226995	377001	303268	394315	84515	856953	696660	1151569	1190426	1852150	4940858	16515645	4187986	2058649	40434	369780	5561	10646	0
LFQ	92	0	0	995355	0	0	20709	4910	138883	14370	67	41128	25593	22057	9092	3588	46614	16909	61983	138609	91489	217097	30415	23031	168427	230157	390166	281025	407761	77978	869649	706746	1171118	1217026	1886243	5090540	16828320	4011329	1716716	27385	241897	3212	5849	0
LFQ	93	0	0	1095649	0	0	19639	4219	131893	12818	66	40665	23761	21245	7179	3239	46553	16751	61909	137347	95082	214831	26485	19980	170994	234477	404499	260068	419902	71620	880379	713602	1189235	1242253	1911201	5215883	17110108	3818028	1402633	17266	152053	2009	3438	0
LFQ	94	0	0	1213286	0	0	19328	3723	128726	11476	64	40388	21981	20232	5460	2962	46621	17202	61687	139826	98896	211294	22904	18011	173646	238639	419208	239303	432635	66549	894964	722011	1206450	1266459	1934208	5319495	17322741	3612085	1122162	10682	90895	1372	2351	0
LFQ	95	0	0	1345800	0	0	17827	3095	118291	10049	56	38649	19915	6206	17005	2524	46012	16833	61566	136281	100477	205081	18932	15896	174965	241759	428832	216707	441412	60209	899698	729213	1221448	1287816	1953044	5420716	17519451	3396363	883188	6475	52625	955	1547	0
LFQ	96	0	0	1508680	0	0	15934	2426	106515	8689	83	36072	17735	5326	15397	2234	44724	17010	60130	137292	102232	196023	15740	14969	175053	241592	439881	196238	449303	54804	905451	740412	1239919	1307573	1973391	5507513	17645991	3166449	683115	3754	29248	720	1042	0
LFQ	97	0	0	1704756	0	0	11662	1551	84658	6770	40	30945	13940	3800	12300	1692	42021	16419	57255	131978	101568	184543	12629	13669	174826	241206	447017	176576	455873	49103	910132	748498	1255076	1331773	1993750	5593181	17721551	2941489	524293	2146	16156	529	769	0
LFQ	98	0	0	1947052	0	0	6491	798	54967	3961	34	20490	8126	2254	8440	1093	38124	15892	53314	125528	96858	166779	9541	12864	170022	235153	441393	153282	456026	43835	899906	758514	1267158	1347610	2011857	5662907	17797321	2726941	401741	1306	9146	384	533	0
LFQ	99	0	0	2256665	0	0	1316	164	16959	1007	6	6450	2473	677	3175	483	34179	15866	47762	122121	89523	147489	7017	12760	163178	230859	438169	133890	456710	38855	895316	768794	1286307	1366919	2027857	5738750	17752024	2515565	308077	787	5392	299	379	0
LFQ	100	0	0	2623430	0	0	0	0	4	3	0	2	1	0	153	25	33370	16553	42916	119338	81059	128161	4883	12495	147911	209765	402837	107164	432773	33089	841809	778590	1301707	1384733	2054732	5812177	17682037	2325826	242323	637	3578	209	261	0
LFQ	101	0	0	3500227	0	0	0	0	0	0	0	0	0	0	0	0	126442	102634	161403	730948	317634	434897	20610	71787	461989	625090	1539737	383333	1207923	125902	2346010	1593790	2752423	2680111	2327497	7886410	6676201	610013	64393	297	900	74	29	0
# GC Content of first fragments. Use `grep ^GCF | cut -f 2-` to extract this part.
GCF	1.26	0
GCF	4.02	1
GCF	6.03	2
GCF	7.04	3
GCF	8.04	4
GCF	9.05	9
GCF	10.05	6
GCF	11.06	27
GCF	11.81	53
GCF	12.31	55
GCF	12.81	117
GCF	13.32	116
GCF	13.82	245
GCF	14.32	248
GCF	14.82	542
GCF	15.33	552
GCF	15.83	1096
GCF	16.33	1109
GCF	16.83	2412
GCF	17.34	2446
GCF	17.84	5074
GCF	18.34	5115
GCF	18.84	9396
GCF	19.35	9479
GCF	19.85	16361
GCF	20.35	16471
GCF	20.85	27818
GCF	21.36	28021
GCF	21.86	44193
GCF	22.36	44441
GCF	22.86	66879
GCF	23.37	67224
GCF	23.87	97689
GCF	24.37	98179
GCF	24.87	137685
GCF	25.38	138388
GCF	25.88	188525
GCF	26.38	189299
GCF	26.88	249591
GCF	27.39	250496
GCF	27.89	319296
GCF	28.39	320238
GCF	28.89	397291
GCF	29.40	398486
GCF	29.90	476842
GCF	30.40	478005
GCF	30.90	565908
GCF	31.41	567228
GCF	31.91	659255
GCF	32.41	661163
GCF	32.91	755130
GCF	33.42	846894
GCF	33.92	848740
GCF	34.42	930575
GCF	34.92	931560
GCF	35.43	1013801
GCF	35.93	1015083
GCF	36.43	1092521
GCF	36.93	1093213
GCF	37.44	1160701
GCF	37.94	1161022
GCF	38.44	1219940
GCF	38.94	1220716
GCF	39.45	1262548
GCF	39.95	1262455
GCF	40.45	1292197
GCF	40.95	1292163
GCF	41.46	1301118
GCF	41.96	1300966
GCF	42.46	1307180
GCF	42.96	1306481
GCF	43.47	1291887
GCF	43.97	1291435
GCF	44.47	1271721
GCF	44.97	1270998
GCF	45.48	1244003
GCF	45.98	1243402
GCF	46.48	1208628
GCF	46.98	1208060
GCF	47.49	1181497
GCF	47.99	1180754
GCF	48.49	1148028
GCF	48.99	1147353
GCF	49.50	1115867
GCF	50.00	1115316
GCF	50.50	1085475
GCF	51.01	1084952
GCF	51.51	1052822
GCF	52.01	1052276
GCF	52.51	1022573
GCF	53.02	1022238
GCF	53.52	998641
GCF	54.02	998388
GCF	54.52	969313
GCF	55.03	968735
GCF	55.53	941522
GCF	56.03	941190
GCF	56.53	912872
GCF	57.04	912608
GCF	57.54	878390
GCF	58.04	878013
GCF	58.54	840077
GCF	59.05	839914
GCF	59.55	793080
GCF	60.05	792620
GCF	60.55	734289
GCF	61.06	733610
GCF	61.56	668671
GCF	62.06	668074
GCF	62.56	595786
GCF	63.07	595155
GCF	63.57	518921
GCF	64.07	518357
GCF	64.57	439349
GCF	65.08	438628
GCF	65.58	358232
GCF	66.08	357521
GCF	66.58	278897
GCF	67.09	207575
GCF	67.59	206966
GCF	68.09	142600
GCF	68.59	141950
GCF	69.10	88718
GCF	69.60	88315
GCF	70.10	51004
GCF	70.60	50611
GCF	71.11	26310
GCF	71.61	26031
GCF	72.11	12513
GCF	72.61	12309
GCF	73.12	5781
GCF	73.62	5656
GCF	74.12	2634
GCF	74.62	2576
GCF	75.13	1295
GCF	75.63	1248
GCF	76.13	635
GCF	76.63	618
GCF	77.14	337
GCF	77.64	332
GCF	78.14	205
GCF	78.64	197
GCF	79.15	112
GCF	79.65	110
GCF	80.15	71
GCF	80.65	72
GCF	81.41	29
GCF	82.41	26
GCF	83.42	9
GCF	84.42	5
GCF	85.43	3
GCF	86.43	0
GCF	87.44	1
GCF	88.44	0
GCF	89.45	1
# GC Content of last fragments. Use `grep ^GCL | cut -f 2-` to extract this part.
GCL	0.25	3
GCL	1.01	2
GCL	2.01	11
GCL	3.02	7
GCL	4.02	5
GCL	5.03	7
GCL	6.03	12
GCL	7.04	14
GCL	8.04	20
GCL	9.05	21
GCL	10.05	44
GCL	10.80	47
GCL	11.31	48
GCL	11.81	97
GCL	12.31	102
GCL	12.81	173
GCL	13.32	172
GCL	13.82	335
GCL	14.32	334
GCL	14.82	651
GCL	15.33	663
GCL	15.83	1326
GCL	16.33	1336
GCL	16.83	2554
GCL	17.34	2587
GCL	17.84	5607
GCL	18.34	5650
GCL	18.84	9866
GCL	19.35	9940
GCL	19.85	17374
GCL	20.35	17491
GCL	20.85	29313
GCL	21.36	29522
GCL	21.86	46197
GCL	22.36	46427
GCL	22.86	69795
GCL	23.37	70163
GCL	23.87	99898
GCL	24.37	100365
GCL	24.87	141008
GCL	25.38	141724
GCL	25.88	191692
GCL	26.38	192475
GCL	26.88	253834
GCL	27.39	254725
GCL	27.89	325129
GCL	28.39	326119
GCL	28.89	401684
GCL	29.40	402844
GCL	29.90	482407
GCL	30.40	483527
GCL	30.90	571509
GCL	31.41	572934
GCL	31.91	665948
GCL	32.41	667868
GCL	32.91	761468
GCL	33.42	849745
GCL	33.92	851488
GCL	34.42	936332
GCL	34.92	937310
GCL	35.43	1016749
GCL	35.93	1018128
GCL	36.43	1095704
GCL	36.93	1096339
GCL	37.44	1164428
GCL	37.94	1164772
GCL	38.44	1221464
GCL	38.94	1222207
GCL	39.45	1263017
GCL	39.95	1263005
GCL	40.45	1289859
GCL	40.95	1289823
GCL	41.46	1299510
GCL	41.96	1299367
GCL	42.46	1301862
GCL	42.96	1301162
GCL	43.47	1288859
GCL	43.97	1288411
GCL	44.47	1267249
GCL	44.97	1266512
GCL	45.48	1239183
GCL	45.98	1238496
GCL	46.48	1207236
GCL	46.98	1206669
GCL	47.49	1180089
GCL	47.99	1179366
GCL	48.49	1143334
GCL	48.99	1142698
GCL	49.50	1112878
GCL	50.00	1112257
GCL	50.50	1082001
GCL	51.01	1081575
GCL	51.51	1050332
GCL	52.01	1049876
GCL	52.51	1019369
GCL	53.02	1018858
GCL	53.52	994018
GCL	54.02	993864
GCL	54.52	965787
GCL	55.03	965196
GCL	55.53	938524
GCL	56.03	938231
GCL	56.53	910588
GCL	57.04	910241
GCL	57.54	875245
GCL	58.04	874949
GCL	58.54	836001
GCL	59.05	835876
GCL	59.55	790015
GCL	60.05	789481
GCL	60.55	732394
GCL	61.06	731728
GCL	61.56	666046
GCL	62.06	665494
GCL	62.56	594226
GCL	63.07	593559
GCL	63.57	516310
GCL	64.07	515729
GCL	64.57	437157
GCL	65.08	436453
GCL	65.58	357106
GCL	66.08	356311
GCL	66.58	278243
GCL	67.09	206703
GCL	67.59	206034
GCL	68.09	141415
GCL	68.59	140826
GCL	69.10	89594
GCL	69.60	89189
GCL	70.10	51244
GCL	70.60	50877
GCL	71.11	26544
GCL	71.61	26223
GCL	72.11	13063
GCL	72.61	12855
GCL	73.12	6061
GCL	73.62	5936
GCL	74.12	2796
GCL	74.62	2729
GCL	75.13	1415
GCL	75.63	1374
GCL	76.13	692
GCL	76.63	682
GCL	77.14	427
GCL	77.64	416
GCL	78.14	208
GCL	78.64	205
GCL	79.15	123
GCL	79.65	121
GCL	80.15	58
GCL	80.65	57
GCL	81.41	28
GCL	82.41	14
GCL	83.42	6
GCL	84.17	7
GCL	84.67	8
GCL	85.43	2
GCL	86.43	1
GCL	87.19	2
GCL	87.69	1
GCL	88.44	0
GCL	89.45	3
GCL	90.45	2
GCL	91.46	1
GCL	93.47	0
GCL	95.48	1
GCL	96.48	0
GCL	97.49	1
GCL	98.49	0
GCL	99.50	2
# ACGT content per cycle. Use `grep ^GCC | cut -f 2-` to extract this part. The columns are: cycle; A,C,G,T base counts as a percentage of all A/C/G/T bases [%]; and N and O counts as a percentage of all A/C/G/T bases [%]
GCC	1	28.89	21.00	20.52	29.59	0.07	0.00
GCC	2	27.48	22.15	22.04	28.33	0.00	0.00
GCC	3	26.40	23.14	23.05	27.41	0.00	0.00
GCC	4	25.97	23.63	23.58	26.81	0.01	0.00
GCC	5	27.36	22.25	22.20	28.19	0.00	0.00
GCC	6	25.88	23.73	23.69	26.69	0.00	0.00
GCC	7	26.66	22.92	22.90	27.53	0.00	0.00
GCC	8	26.85	22.70	22.72	27.74	0.00	0.00
GCC	9	26.75	22.76	22.82	27.66	0.00	0.00
GCC	10	26.41	23.12	23.15	27.32	0.03	0.00
GCC	11	26.48	23.05	23.06	27.41	0.01	0.00
GCC	12	26.45	23.05	23.06	27.43	0.01	0.00
GCC	13	26.62	22.86	22.87	27.65	0.01	0.00
GCC	14	26.64	22.84	22.84	27.68	0.00	0.00
GCC	15	26.53	22.93	22.93	27.60	0.00	0.00
GCC	16	26.56	22.91	22.90	27.63	0.00	0.00
GCC	17	26.54	22.91	22.91	27.63	0.00	0.00
GCC	18	26.43	23.02	23.03	27.53	0.00	0.00
GCC	19	26.46	22.98	22.98	27.58	0.00	0.00
GCC	20	26.46	22.98	22.97	27.59	0.00	0.00
GCC	21	26.37	23.05	23.04	27.55	0.00	0.00
GCC	22	26.39	23.00	23.02	27.59	0.00	0.00
GCC	23	26.43	22.97	22.97	27.64	0.00	0.00
GCC	24	26.32	23.07	23.07	27.55	0.00	0.00
GCC	25	26.36	23.02	23.01	27.61	0.00	0.00
GCC	26	26.37	23.00	23.00	27.63	0.00	0.00
GCC	27	26.28	23.08	23.07	27.57	0.00	0.00
GCC	28	26.31	23.02	23.04	27.62	0.00	0.00
GCC	29	26.31	23.01	23.02	27.66	0.00	0.00
GCC	30	26.23	23.09	23.09	27.60	0.00	0.00
GCC	31	26.26	23.06	23.05	27.63	0.06	0.00
GCC	32	26.27	23.04	23.03	27.67	0.08	0.00
GCC	33	26.18	23.12	23.11	27.59	0.00	0.00
GCC	34	26.21	23.08	23.08	27.63	0.00	0.00
GCC	35	26.22	23.06	23.05	27.67	0.00	0.00
GCC	36	26.14	23.13	23.13	27.60	0.00	0.00
GCC	37	26.18	23.08	23.08	27.66	0.00	0.00
GCC	38	26.19	23.06	23.07	27.68	0.00	0.00
GCC	39	26.11	23.13	23.14	27.62	0.00	0.00
GCC	40	26.14	23.09	23.11	27.66	0.00	0.00
GCC	41	26.15	23.07	23.08	27.70	0.00	0.00
GCC	42	26.07	23.14	23.17	27.62	0.00	0.00
GCC	43	26.11	23.10	23.11	27.68	0.00	0.00
GCC	44	26.13	23.08	23.09	27.70	0.00	0.00
GCC	45	26.05	23.14	23.15	27.65	0.00	0.00
GCC	46	26.08	23.11	23.12	27.69	0.00	0.00
GCC	47	26.09	23.10	23.10	27.71	0.00	0.00
GCC	48	26.03	23.15	23.15	27.67	0.00	0.00
GCC	49	26.06	23.13	23.12	27.69	0.00	0.00
GCC	50	26.08	23.08	23.11	27.73	0.00	0.00
GCC	51	26.02	23.15	23.16	27.67	0.00	0.00
GCC	52	26.05	23.12	23.14	27.70	0.00	0.00
GCC	53	26.07	23.08	23.12	27.73	0.00	0.00
GCC	54	26.00	23.15	23.17	27.68	0.00	0.00
GCC	55	26.04	23.11	23.13	27.72	0.00	0.00
GCC	56	26.05	23.09	23.11	27.74	0.00	0.00
GCC	57	26.00	23.15	23.15	27.70	0.00	0.00
GCC	58	26.02	23.12	23.15	27.72	0.00	0.00
GCC	59	26.05	23.09	23.12	27.74	0.00	0.00
GCC	60	25.98	23.15	23.19	27.68	0.00	0.00
GCC	61	26.02	23.11	23.15	27.73	0.00	0.00
GCC	62	26.04	23.10	23.13	27.73	0.00	0.00
GCC	63	25.97	23.15	23.19	27.69	0.00	0.00
GCC	64	26.03	23.11	23.14	27.72	0.00	0.00
GCC	65	26.04	23.09	23.13	27.74	0.00	0.00
GCC	66	25.99	23.15	23.18	27.69	0.00	0.00
GCC	67	25.98	23.13	23.17	27.71	0.00	0.00
GCC	68	26.03	23.10	23.13	27.74	0.00	0.00
GCC	69	25.97	23.16	23.20	27.67	0.00	0.00
GCC	70	25.99	23.13	23.17	27.71	0.00	0.00
GCC	71	26.02	23.11	23.15	27.72	0.00	0.00
GCC	72	25.95	23.18	23.22	27.65	0.00	0.00
GCC	73	26.00	23.13	23.17	27.70	0.00	0.00
GCC	74	26.03	23.12	23.15	27.71	0.00	0.00
GCC	75	25.97	23.18	23.20	27.65	0.01	0.00
GCC	76	26.01	23.13	23.17	27.68	0.02	0.00
GCC	77	26.04	23.11	23.15	27.70	0.01	0.00
GCC	78	25.96	23.17	23.21	27.66	0.00	0.00
GCC	79	26.01	23.15	23.17	27.67	0.00	0.00
GCC	80	26.03	23.12	23.16	27.70	0.00	0.00
GCC	81	25.98	23.18	23.21	27.64	0.00	0.00
GCC	82	26.01	23.15	23.17	27.66	0.00	0.00
GCC	83	26.04	23.12	23.16	27.68	0.00	0.00
GCC	84	25.98	23.19	23.21	27.62	0.00	0.00
GCC	85	26.03	23.15	23.17	27.65	0.00	0.00
GCC	86	26.04	23.14	23.16	27.66	0.00	0.00
GCC	87	26.01	23.18	23.19	27.63	0.00	0.00
GCC	88	26.03	23.17	23.18	27.63	0.00	0.00
GCC	89	26.05	23.15	23.17	27.64	0.00	0.00
GCC	90	26.00	23.19	23.23	27.59	0.00	0.00
GCC	91	26.04	23.15	23.18	27.63	0.00	0.00
GCC	92	26.06	23.14	23.17	27.62	0.00	0.00
GCC	93	26.01	23.19	23.21	27.59	0.00	0.00
GCC	94	26.04	23.17	23.19	27.60	0.00	0.00
GCC	95	26.05	23.15	23.19	27.61	0.00	0.00
GCC	96	26.02	23.20	23.21	27.57	0.00	0.00
GCC	97	26.06	23.18	23.18	27.58	0.00	0.00
GCC	98	26.08	23.15	23.18	27.59	0.00	0.00
GCC	99	26.02	23.20	23.23	27.55	0.00	0.00
GCC	100	26.06	23.18	23.19	27.57	0.00	0.00
GCC	101	25.71	23.51	23.54	27.25	0.00	0.00
# ACGT content per cycle, read oriented. Use `grep ^GCT | cut -f 2-` to extract this part. The columns are: cycle; A,C,G,T base counts as a percentage of all A/C/G/T bases [%]
GCT	1	27.77	25.26	16.26	30.72
GCT	2	30.32	19.57	24.61	25.49
GCT	3	26.71	22.92	23.27	27.10
GCT	4	26.06	24.50	22.71	26.73
GCT	5	27.17	22.10	22.35	28.37
GCT	6	26.79	24.30	23.13	25.79
GCT	7	26.27	22.87	22.94	27.92
GCT	8	26.54	23.41	22.00	28.05
GCT	9	25.97	23.58	22.00	28.45
GCT	10	26.75	23.63	22.63	26.98
GCT	11	26.61	23.47	22.64	27.28
GCT	12	26.60	23.39	22.72	27.29
GCT	13	26.80	23.21	22.52	27.47
GCT	14	26.84	23.14	22.54	27.48
GCT	15	26.67	23.41	22.45	27.47
GCT	16	26.67	23.38	22.44	27.52
GCT	17	26.64	23.31	22.52	27.53
GCT	18	26.53	23.50	22.54	27.43
GCT	19	26.57	23.46	22.50	27.47
GCT	20	26.60	23.35	22.60	27.45
GCT	21	26.53	23.48	22.61	27.38
GCT	22	26.59	23.47	22.55	27.39
GCT	23	26.65	23.31	22.63	27.42
GCT	24	26.54	23.47	22.67	27.33
GCT	25	26.61	23.44	22.59	27.36
GCT	26	26.66	23.29	22.70	27.35
GCT	27	26.57	23.43	22.72	27.28
GCT	28	26.64	23.39	22.67	27.29
GCT	29	26.68	23.29	22.74	27.29
GCT	30	26.58	23.42	22.76	27.24
GCT	31	26.67	23.39	22.72	27.22
GCT	32	26.71	23.27	22.79	27.23
GCT	33	26.62	23.42	22.81	27.15
GCT	34	26.69	23.37	22.80	27.14
GCT	35	26.74	23.27	22.84	27.16
GCT	36	26.62	23.41	22.86	27.11
GCT	37	26.69	23.37	22.80	27.15
GCT	38	26.73	23.28	22.86	27.14
GCT	39	26.63	23.40	22.87	27.10
GCT	40	26.68	23.37	22.83	27.12
GCT	41	26.73	23.26	22.89	27.12
GCT	42	26.63	23.40	22.91	27.06
GCT	43	26.70	23.36	22.84	27.09
GCT	44	26.73	23.27	22.90	27.10
GCT	45	26.65	23.38	22.91	27.06
GCT	46	26.71	23.33	22.90	27.07
GCT	47	26.74	23.25	22.95	27.06
GCT	48	26.66	23.36	22.94	27.04
GCT	49	26.70	23.35	22.90	27.05
GCT	50	26.74	23.25	22.94	27.06
GCT	51	26.67	23.35	22.96	27.02
GCT	52	26.69	23.32	22.94	27.05
GCT	53	26.74	23.21	22.99	27.06
GCT	54	26.66	23.36	22.97	27.02
GCT	55	26.72	23.30	22.93	27.04
GCT	56	26.76	23.21	23.00	27.04
GCT	57	26.69	23.31	23.00	27.00
GCT	58	26.73	23.30	22.96	27.00
GCT	59	26.77	23.21	23.00	27.02
GCT	60	26.68	23.33	23.01	26.98
GCT	61	26.74	23.28	22.98	27.00
GCT	62	26.76	23.19	23.04	27.01
GCT	63	26.68	23.31	23.03	26.98
GCT	64	26.76	23.27	22.99	26.99
GCT	65	26.79	23.17	23.05	26.99
GCT	66	26.71	23.27	23.06	26.96
GCT	67	26.75	23.28	23.03	26.95
GCT	68	26.79	23.18	23.05	26.98
GCT	69	26.71	23.28	23.08	26.93
GCT	70	26.76	23.24	23.06	26.93
GCT	71	26.79	23.16	23.10	26.94
GCT	72	26.71	23.25	23.15	26.89
GCT	73	26.78	23.24	23.06	26.92
GCT	74	26.81	23.14	23.12	26.92
GCT	75	26.73	23.23	23.15	26.88
GCT	76	26.80	23.21	23.09	26.90
GCT	77	26.84	23.12	23.14	26.91
GCT	78	26.77	23.21	23.17	26.86
GCT	79	26.80	23.18	23.14	26.88
GCT	80	26.84	23.11	23.17	26.88
GCT	81	26.78	23.21	23.17	26.84
GCT	82	26.83	23.18	23.14	26.85
GCT	83	26.85	23.09	23.19	26.87
GCT	84	26.78	23.19	23.20	26.82
GCT	85	26.85	23.17	23.15	26.83
GCT	86	26.88	23.08	23.22	26.82
GCT	87	26.82	23.16	23.21	26.81
GCT	88	26.86	23.13	23.21	26.79
GCT	89	26.89	23.06	23.25	26.80
GCT	90	26.83	23.16	23.25	26.76
GCT	91	26.88	23.13	23.20	26.78
GCT	92	26.89	23.06	23.25	26.79
GCT	93	26.83	23.15	23.25	26.76
GCT	94	26.89	23.12	23.25	26.74
GCT	95	26.91	23.06	23.28	26.76
GCT	96	26.86	23.12	23.29	26.72
GCT	97	26.91	23.11	23.26	26.73
GCT	98	26.93	23.02	23.31	26.74
GCT	99	26.87	23.11	23.32	26.70
GCT	100	26.92	23.09	23.29	26.71
GCT	101	26.81	23.29	23.75	26.15
# ACGT content per cycle for first fragments. Use `grep ^FBC | cut -f 2-` to extract this part. The columns are: cycle; A,C,G,T base counts as a percentage of all A/C/G/T bases [%]; and N and O counts as a percentage of all A/C/G/T bases [%]
FBC	1	28.90	21.07	20.44	29.59	0.13	0.00
FBC	2	27.39	22.25	22.11	28.25	0.00	0.00
FBC	3	26.40	23.12	23.02	27.47	0.00	0.00
FBC	4	26.03	23.58	23.50	26.89	0.01	0.00
FBC	5	27.29	22.33	22.26	28.12	0.00	0.00
FBC	6	25.88	23.75	23.70	26.68	0.00	0.00
FBC	7	26.66	22.93	22.90	27.51	0.00	0.00
FBC	8	26.78	22.78	22.78	27.66	0.00	0.00
FBC	9	26.70	22.82	22.87	27.61	0.00	0.00
FBC	10	26.38	23.16	23.19	27.27	0.00	0.00
FBC	11	26.43	23.09	23.10	27.37	0.00	0.00
FBC	12	26.42	23.08	23.10	27.39	0.00	0.00
FBC	13	26.58	22.91	22.90	27.61	0.00	0.00
FBC	14	26.60	22.89	22.89	27.63	0.00	0.00
FBC	15	26.50	22.97	22.97	27.57	0.00	0.00
FBC	16	26.54	22.93	22.92	27.60	0.00	0.00
FBC	17	26.51	22.94	22.95	27.60	0.00	0.00
FBC	18	26.40	23.05	23.05	27.50	0.00	0.00
FBC	19	26.43	23.02	23.00	27.55	0.00	0.00
FBC	20	26.44	23.02	22.99	27.56	0.00	0.00
FBC	21	26.35	23.07	23.06	27.52	0.00	0.00
FBC	22	26.37	23.03	23.03	27.56	0.00	0.00
FBC	23	26.41	22.99	22.99	27.61	0.00	0.00
FBC	24	26.30	23.09	23.10	27.52	0.00	0.00
FBC	25	26.34	23.03	23.04	27.59	0.00	0.00
FBC	26	26.36	23.01	23.01	27.62	0.00	0.00
FBC	27	26.27	23.10	23.09	27.54	0.00	0.00
FBC	28	26.30	23.04	23.04	27.61	0.00	0.00
FBC	29	26.30	23.04	23.03	27.63	0.00	0.00
FBC	30	26.22	23.10	23.10	27.58	0.00	0.00
FBC	31	26.25	23.08	23.05	27.62	0.12	0.00
FBC	32	26.26	23.06	23.04	27.64	0.15	0.00
FBC	33	26.17	23.13	23.12	27.57	0.00	0.00
FBC	34	26.21	23.10	23.08	27.61	0.00	0.00
FBC	35	26.21	23.07	23.06	27.66	0.00	0.00
FBC	36	26.14	23.14	23.14	27.58	0.00	0.00
FBC	37	26.16	23.10	23.09	27.65	0.00	0.00
FBC	38	26.18	23.08	23.08	27.66	0.00	0.00
FBC	39	26.09	23.14	23.16	27.61	0.00	0.00
FBC	40	26.12	23.11	23.11	27.66	0.00	0.00
FBC	41	26.14	23.08	23.09	27.69	0.00	0.00
FBC	42	26.06	23.16	23.17	27.62	0.00	0.00
FBC	43	26.11	23.12	23.11	27.66	0.00	0.00
FBC	44	26.11	23.10	23.10	27.69	0.00	0.00
FBC	45	26.05	23.14	23.16	27.64	0.00	0.00
FBC	46	26.09	23.11	23.11	27.70	0.00	0.00
FBC	47	26.08	23.10	23.12	27.70	0.00	0.00
FBC	48	26.03	23.15	23.15	27.67	0.00	0.00
FBC	49	26.06	23.14	23.13	27.67	0.00	0.00
FBC	50	26.07	23.08	23.12	27.73	0.00	0.00
FBC	51	26.02	23.15	23.17	27.66	0.00	0.00
FBC	52	26.05	23.12	23.13	27.70	0.00	0.00
FBC	53	26.06	23.09	23.13	27.73	0.00	0.00
FBC	54	25.99	23.15	23.18	27.67	0.00	0.00
FBC	55	26.04	23.12	23.13	27.72	0.00	0.00
FBC	56	26.05	23.10	23.12	27.73	0.00	0.00
FBC	57	25.99	23.17	23.15	27.69	0.00	0.00
FBC	58	26.02	23.12	23.15	27.71	0.00	0.00
FBC	59	26.04	23.10	23.13	27.73	0.00	0.00
FBC	60	25.98	23.16	23.18	27.68	0.00	0.00
FBC	61	26.02	23.13	23.15	27.71	0.00	0.00
FBC	62	26.01	23.11	23.15	27.73	0.00	0.00
FBC	63	25.96	23.16	23.20	27.68	0.00	0.00
FBC	64	26.02	23.11	23.14	27.73	0.00	0.00
FBC	65	26.03	23.11	23.14	27.73	0.00	0.00
FBC	66	25.98	23.15	23.19	27.68	0.00	0.00
FBC	67	25.98	23.14	23.17	27.71	0.00	0.00
FBC	68	26.02	23.11	23.13	27.73	0.00	0.00
FBC	69	25.97	23.17	23.19	27.66	0.00	0.00
FBC	70	25.98	23.14	23.18	27.70	0.00	0.00
FBC	71	26.01	23.12	23.16	27.71	0.00	0.00
FBC	72	25.95	23.18	23.21	27.66	0.00	0.00
FBC	73	26.01	23.14	23.17	27.69	0.00	0.00
FBC	74	26.02	23.12	23.16	27.70	0.00	0.00
FBC	75	25.96	23.18	23.21	27.65	0.00	0.00
FBC	76	26.02	23.13	23.17	27.67	0.00	0.00
FBC	77	26.04	23.11	23.16	27.69	0.00	0.00
FBC	78	25.95	23.18	23.21	27.66	0.00	0.00
FBC	79	26.01	23.16	23.17	27.67	0.00	0.00
FBC	80	26.02	23.13	23.16	27.69	0.00	0.00
FBC	81	25.99	23.18	23.20	27.63	0.00	0.00
FBC	82	26.01	23.15	23.18	27.66	0.00	0.00
FBC	83	26.04	23.12	23.16	27.67	0.00	0.00
FBC	84	25.99	23.18	23.21	27.62	0.00	0.00
FBC	85	26.04	23.15	23.16	27.65	0.00	0.00
FBC	86	26.05	23.14	23.17	27.65	0.00	0.00
FBC	87	26.01	23.17	23.20	27.62	0.00	0.00
FBC	88	26.03	23.17	23.17	27.63	0.00	0.00
FBC	89	26.05	23.14	23.17	27.64	0.00	0.00
FBC	90	26.00	23.18	23.22	27.59	0.00	0.00
FBC	91	26.04	23.15	23.18	27.63	0.00	0.00
FBC	92	26.06	23.15	23.18	27.62	0.00	0.00
FBC	93	26.00	23.20	23.21	27.59	0.00	0.00
FBC	94	26.04	23.18	23.19	27.59	0.00	0.00
FBC	95	26.06	23.16	23.18	27.61	0.00	0.00
FBC	96	26.02	23.20	23.22	27.57	0.00	0.00
FBC	97	26.06	23.18	23.18	27.58	0.00	0.00
FBC	98	26.08	23.15	23.17	27.59	0.00	0.00
FBC	99	26.03	23.19	23.23	27.55	0.00	0.00
FBC	100	26.07	23.17	23.18	27.58	0.00	0.00
FBC	101	25.65	23.56	23.59	27.20	0.00	0.00
# ACGT raw counters for first fragments. Use `grep ^FTC | cut -f 2-` to extract this part. The columns are: A,C,G,T,N base counters
FTC	989430978	871885648	871968140	1044021785	161102
# ACGT content per cycle for last fragments. Use `grep ^LBC | cut -f 2-` to extract this part. The columns are: cycle; A,C,G,T base counts as a percentage of all A/C/G/T bases [%]; and N and O counts as a percentage of all A/C/G/T bases [%]
LBC	1	28.88	20.93	20.60	29.59	0.00	0.00
LBC	2	27.57	22.05	21.97	28.42	0.00	0.00
LBC	3	26.41	23.16	23.08	27.36	0.00	0.00
LBC	4	25.92	23.69	23.66	26.74	0.00	0.00
LBC	5	27.42	22.18	22.14	28.26	0.00	0.00
LBC	6	25.89	23.72	23.69	26.70	0.00	0.00
LBC	7	26.67	22.90	22.89	27.54	0.00	0.00
LBC	8	26.92	22.62	22.65	27.81	0.01	0.00
LBC	9	26.80	22.71	22.77	27.71	0.01	0.00
LBC	10	26.45	23.08	23.10	27.37	0.05	0.00
LBC	11	26.52	23.01	23.02	27.45	0.02	0.00
LBC	12	26.49	23.02	23.03	27.47	0.02	0.00
LBC	13	26.66	22.82	22.84	27.69	0.03	0.00
LBC	14	26.68	22.79	22.79	27.74	0.00	0.00
LBC	15	26.57	22.89	22.89	27.64	0.00	0.00
LBC	16	26.58	22.89	22.88	27.65	0.00	0.00
LBC	17	26.57	22.88	22.88	27.66	0.00	0.00
LBC	18	26.45	22.99	23.00	27.56	0.00	0.00
LBC	19	26.49	22.94	22.96	27.61	0.00	0.00
LBC	20	26.48	22.95	22.95	27.62	0.00	0.00
LBC	21	26.39	23.02	23.02	27.57	0.00	0.00
LBC	22	26.41	22.98	23.00	27.61	0.00	0.00
LBC	23	26.45	22.95	22.94	27.67	0.00	0.00
LBC	24	26.34	23.04	23.04	27.58	0.00	0.00
LBC	25	26.37	23.01	22.99	27.63	0.00	0.00
LBC	26	26.39	22.98	22.99	27.65	0.00	0.00
LBC	27	26.29	23.07	23.05	27.59	0.00	0.00
LBC	28	26.32	23.00	23.04	27.64	0.00	0.00
LBC	29	26.32	22.98	23.01	27.68	0.00	0.00
LBC	30	26.24	23.08	23.07	27.61	0.00	0.00
LBC	31	26.26	23.05	23.04	27.65	0.00	0.00
LBC	32	26.28	23.01	23.01	27.69	0.00	0.00
LBC	33	26.19	23.10	23.10	27.60	0.00	0.00
LBC	34	26.21	23.07	23.08	27.65	0.00	0.00
LBC	35	26.24	23.04	23.04	27.68	0.00	0.00
LBC	36	26.14	23.13	23.12	27.61	0.00	0.00
LBC	37	26.19	23.06	23.07	27.68	0.00	0.00
LBC	38	26.19	23.05	23.06	27.70	0.00	0.00
LBC	39	26.13	23.11	23.13	27.62	0.00	0.00
LBC	40	26.15	23.08	23.10	27.67	0.00	0.00
LBC	41	26.16	23.06	23.07	27.72	0.00	0.00
LBC	42	26.07	23.13	23.17	27.63	0.00	0.00
LBC	43	26.12	23.08	23.10	27.70	0.00	0.00
LBC	44	26.15	23.06	23.08	27.71	0.00	0.00
LBC	45	26.05	23.14	23.15	27.66	0.00	0.00
LBC	46	26.08	23.11	23.13	27.68	0.00	0.00
LBC	47	26.10	23.09	23.09	27.72	0.00	0.00
LBC	48	26.02	23.15	23.16	27.67	0.00	0.00
LBC	49	26.06	23.12	23.12	27.71	0.00	0.00
LBC	50	26.09	23.08	23.11	27.73	0.00	0.00
LBC	51	26.02	23.14	23.15	27.68	0.00	0.00
LBC	52	26.05	23.12	23.14	27.70	0.00	0.00
LBC	53	26.08	23.08	23.11	27.73	0.00	0.00
LBC	54	26.00	23.15	23.16	27.69	0.00	0.00
LBC	55	26.05	23.10	23.13	27.72	0.00	0.00
LBC	56	26.06	23.08	23.11	27.75	0.00	0.00
LBC	57	26.01	23.13	23.16	27.71	0.00	0.00
LBC	58	26.01	23.12	23.14	27.72	0.00	0.00
LBC	59	26.06	23.08	23.11	27.75	0.00	0.00
LBC	60	25.98	23.15	23.19	27.69	0.00	0.00
LBC	61	26.01	23.10	23.14	27.75	0.00	0.00
LBC	62	26.07	23.08	23.11	27.74	0.00	0.00
LBC	63	25.98	23.14	23.18	27.69	0.00	0.00
LBC	64	26.04	23.10	23.14	27.72	0.00	0.00
LBC	65	26.06	23.07	23.12	27.76	0.00	0.00
LBC	66	25.99	23.15	23.17	27.69	0.00	0.00
LBC	67	25.99	23.13	23.17	27.71	0.00	0.00
LBC	68	26.04	23.09	23.13	27.74	0.00	0.00
LBC	69	25.98	23.15	23.20	27.67	0.00	0.00
LBC	70	26.00	23.12	23.16	27.72	0.00	0.00
LBC	71	26.03	23.10	23.14	27.72	0.00	0.00
LBC	72	25.94	23.19	23.22	27.64	0.00	0.00
LBC	73	26.00	23.13	23.16	27.71	0.00	0.00
LBC	74	26.04	23.11	23.14	27.72	0.00	0.00
LBC	75	25.97	23.18	23.20	27.65	0.01	0.00
LBC	76	26.01	23.13	23.16	27.70	0.04	0.00
LBC	77	26.04	23.10	23.14	27.72	0.02	0.00
LBC	78	25.97	23.16	23.21	27.66	0.00	0.00
LBC	79	26.01	23.14	23.18	27.67	0.00	0.00
LBC	80	26.04	23.10	23.15	27.71	0.00	0.00
LBC	81	25.97	23.17	23.21	27.65	0.00	0.00
LBC	82	26.01	23.15	23.17	27.66	0.00	0.00
LBC	83	26.04	23.12	23.15	27.69	0.00	0.00
LBC	84	25.97	23.19	23.21	27.63	0.00	0.00
LBC	85	26.02	23.15	23.17	27.66	0.00	0.00
LBC	86	26.04	23.14	23.15	27.66	0.00	0.00
LBC	87	26.00	23.18	23.19	27.63	0.00	0.00
LBC	88	26.03	23.16	23.18	27.63	0.00	0.00
LBC	89	26.04	23.15	23.17	27.64	0.00	0.00
LBC	90	26.00	23.19	23.23	27.58	0.00	0.00
LBC	91	26.04	23.16	23.18	27.62	0.00	0.00
LBC	92	26.07	23.14	23.16	27.63	0.00	0.00
LBC	93	26.01	23.18	23.21	27.59	0.00	0.00
LBC	94	26.04	23.17	23.19	27.60	0.00	0.00
LBC	95	26.04	23.15	23.20	27.61	0.00	0.00
LBC	96	26.02	23.20	23.21	27.57	0.01	0.00
LBC	97	26.05	23.17	23.19	27.59	0.00	0.00
LBC	98	26.08	23.15	23.18	27.59	0.00	0.00
LBC	99	26.01	23.21	23.22	27.55	0.00	0.00
LBC	100	26.06	23.19	23.21	27.55	0.00	0.00
LBC	101	25.77	23.45	23.49	27.30	0.00	0.00
# ACGT raw counters for last fragments. Use `grep ^LTC | cut -f 2-` to extract this part. The columns are: A,C,G,T,N base counters
LTC	990230357	870814892	871318204	1045016700	87500
# Insert sizes. Use `grep ^IS | cut -f 2-` to extract this part. The columns are: insert size, pairs total, inward oriented pairs, outward oriented pairs, other pairs
IS	0	2	0	1	1
IS	1	0	0	0	0
IS	2	14	0	14	0
IS	3	16	0	16	0
IS	4	10	0	10	0
IS	5	13	0	13	0
IS	6	11	0	11	0
IS	7	14	0	14	0
IS	8	13	0	13	0
IS	9	13	0	13	0
IS	10	21	0	21	0
IS	11	21	0	21	0
IS	12	15	0	15	0
IS	13	20	0	20	0
IS	14	20	0	20	0
IS	15	17	0	17	0
IS	16	24	0	24	0
IS	17	24	0	24	0
IS	18	23	0	23	0
IS	19	5273	4989	284	0
IS	20	3426	3285	141	0
IS	21	1439	1341	98	0
IS	22	302	266	36	0
IS	23	133	105	28	0
IS	24	406	376	30	0
IS	25	74	41	33	0
IS	26	64	32	32	0
IS	27	54	21	33	0
IS	28	50	27	23	0
IS	29	52	20	32	0
IS	30	45	22	23	0
IS	31	46	14	32	0
IS	32	40	26	14	0
IS	33	54	28	26	0
IS	34	54	24	30	0
IS	35	36	21	15	0
IS	36	62	35	27	0
IS	37	47	29	18	0
IS	38	61	23	38	0
IS	39	68	37	30	1
IS	40	76	30	46	0
IS	41	54	30	24	0
IS	42	63	34	29	0
IS	43	80	36	44	0
IS	44	83	45	38	0
IS	45	94	43	51	0
IS	46	90	51	39	0
IS	47	84	57	27	0
IS	48	75	48	27	0
IS	49	102	67	34	1
IS	50	118	79	39	0
IS	51	116	77	38	1
IS	52	112	68	44	0
IS	53	125	84	40	1
IS	54	154	116	38	0
IS	55	146	106	40	0
IS	56	142	109	32	1
IS	57	158	108	50	0
IS	58	162	120	39	3
IS	59	183	139	43	1
IS	60	177	130	45	2
IS	61	207	162	44	1
IS	62	234	201	32	1
IS	63	231	189	42	0
IS	64	306	251	53	2
IS	65	300	256	41	3
IS	66	392	339	50	3
IS	67	461	418	43	0
IS	68	510	460	47	3
IS	69	651	603	46	2
IS	70	767	719	46	2
IS	71	964	928	34	2
IS	72	1110	1062	45	3
IS	73	1306	1256	47	3
IS	74	1669	1618	49	2
IS	75	2058	2018	39	1
IS	76	2616	2568	44	4
IS	77	3171	3124	43	4
IS	78	3756	3713	41	2
IS	79	4681	4626	53	2
IS	80	5853	5800	51	2
IS	81	6800	6750	49	1
IS	82	7897	7830	67	0
IS	83	9500	9450	45	5
IS	84	11360	11296	60	4
IS	85	13290	13221	67	2
IS	86	15457	15405	48	4
IS	87	17837	17791	45	1
IS	88	20857	20804	48	5
IS	89	23705	23661	42	2
IS	90	26946	26895	50	1
IS	91	30857	30804	48	5
IS	92	34438	34397	37	4
IS	93	39060	39009	47	4
IS	94	42927	42865	57	5
IS	95	48254	48182	70	2
IS	96	52487	52449	36	2
IS	97	58436	58376	53	7
IS	98	63447	63367	76	4
IS	99	69637	69494	138	5
IS	100	75792	75522	265	5
IS	101	81685	81672	12	1
IS	102	88773	88761	7	5
IS	103	95283	95281	1	1
IS	104	101679	101671	4	4
IS	105	109044	109036	4	4
IS	106	117077	117071	3	3
IS	107	124621	124615	0	6
IS	108	131001	130990	3	8
IS	109	139791	139785	2	4
IS	110	147311	147306	1	4
IS	111	154461	154456	0	5
IS	112	161056	161052	0	4
IS	113	169510	169503	2	5
IS	114	177041	177035	1	5
IS	115	184963	184961	1	1
IS	116	191297	191292	0	5
IS	117	198554	198551	1	2
IS	118	205072	205067	2	3
IS	119	211807	211803	1	3
IS	120	218265	218263	0	2
IS	121	223807	223803	4	0
IS	122	230684	230680	1	3
IS	123	235764	235758	3	3
IS	124	240945	240941	2	2
IS	125	246118	246112	2	4
IS	126	251030	251022	2	6
IS	127	254639	254633	2	4
IS	128	260033	260026	4	3
IS	129	263625	263621	1	3
IS	130	267644	267643	0	1
IS	131	269445	269440	2	3
IS	132	273486	273480	1	5
IS	133	276216	276213	0	3
IS	134	279173	279166	3	4
IS	135	281612	281607	1	4
IS	136	283819	283811	2	6
IS	137	285427	285426	0	1
IS	138	287040	287038	1	1
IS	139	288763	288758	1	4
IS	140	288678	288677	1	0
IS	141	289906	289901	2	3
IS	142	290719	290716	0	3
IS	143	290917	290912	2	3
IS	144	291680	291674	2	4
IS	145	292968	292963	1	4
IS	146	291321	291319	0	2
IS	147	292663	292660	0	3
IS	148	292809	292803	2	4
IS	149	292521	292515	1	5
IS	150	291517	291513	2	2
IS	151	291224	291222	2	0
IS	152	290715	290710	2	3
IS	153	290645	290642	0	3
IS	154	288576	288575	0	1
IS	155	288436	288431	3	2
IS	156	287679	287675	1	3
IS	157	285443	285439	1	3
IS	158	284335	284327	2	6
IS	159	283001	282996	0	5
IS	160	282349	282346	1	2
IS	161	279770	279763	3	4
IS	162	278516	278513	1	2
IS	163	278283	278277	1	5
IS	164	275803	275800	2	1
IS	165	274769	274767	1	1
IS	166	272611	272609	0	2
IS	167	270220	270214	3	3
IS	168	268467	268463	1	3
IS	169	266647	266645	2	0
IS	170	264609	264607	0	2
IS	171	262728	262721	3	4
IS	172	260868	260865	0	3
IS	173	259174	259172	2	0
IS	174	257474	257472	0	2
IS	175	255130	255128	0	2
IS	176	253119	253118	0	1
IS	177	250526	250521	4	1
IS	178	248597	248590	3	4
IS	179	245776	245774	1	1
IS	180	244534	244530	1	3
IS	181	241145	241141	1	3
IS	182	238852	238850	1	1
IS	183	236462	236456	3	3
IS	184	234972	234970	1	1
IS	185	231614	231611	1	2
IS	186	230974	230974	0	0
IS	187	228349	228347	2	0
IS	188	225584	225580	3	1
IS	189	223461	223460	0	1
IS	190	221292	221288	0	4
IS	191	218065	218063	2	0
IS	192	215545	215544	0	1
IS	193	214308	214307	0	1
IS	194	212397	212395	1	1
IS	195	210032	210028	2	2
IS	196	207321	207320	1	0
IS	197	204181	204177	3	1
IS	198	201491	201490	0	1
IS	199	200020	200017	2	1
IS	200	197800	197797	0	3
IS	201	195265	195263	0	2
IS	202	192578	192578	0	0
IS	203	190071	190067	2	2
IS	204	188347	188345	0	2
IS	205	185978	185976	2	0
IS	206	183503	183503	0	0
IS	207	181425	181423	0	2
IS	208	179010	179009	0	1
IS	209	176298	176296	2	0
IS	210	174508	174507	0	1
IS	211	172822	172819	3	0
IS	212	170082	170081	0	1
IS	213	167679	167677	1	1
IS	214	165401	165398	0	3
IS	215	163297	163295	0	2
IS	216	161014	161012	0	2
IS	217	159178	159176	2	0
IS	218	157192	157190	1	1
IS	219	154583	154582	1	0
IS	220	152870	152870	0	0
IS	221	150972	150967	4	1
IS	222	148295	148291	1	3
IS	223	145810	145808	2	0
IS	224	144938	144934	0	4
IS	225	142273	142271	1	1
IS	226	140329	140323	4	2
IS	227	138590	138588	1	1
IS	228	136977	136973	2	2
IS	229	134330	134329	1	0
IS	230	132987	132987	0	0
IS	231	130730	130730	0	0
IS	232	128992	128990	1	1
IS	233	127480	127478	2	0
IS	234	124387	124386	1	0
IS	235	122662	122661	0	1
IS	236	121639	121638	0	1
IS	237	119942	119941	1	0
IS	238	118192	118189	2	1
IS	239	116070	116067	2	1
IS	240	115072	115072	0	0
IS	241	113078	113078	0	0
IS	242	111673	111671	0	2
IS	243	109661	109660	0	1
IS	244	107577	107577	0	0
IS	245	105745	105744	0	1
IS	246	104249	104249	0	0
IS	247	102838	102836	1	1
IS	248	101582	101579	0	3
IS	249	99828	99826	1	1
IS	250	98665	98664	1	0
IS	251	96802	96800	0	2
IS	252	95166	95164	1	1
IS	253	93886	93885	1	0
IS	254	91881	91880	1	0
IS	255	90990	90990	0	0
IS	256	89633	89633	0	0
IS	257	87810	87809	0	1
IS	258	86564	86560	1	3
IS	259	84656	84655	1	0
IS	260	84342	84339	3	0
IS	261	82648	82646	1	1
IS	262	80784	80783	0	1
IS	263	80197	80197	0	0
IS	264	79091	79089	1	1
IS	265	77751	77751	0	0
IS	266	76529	76529	0	0
IS	267	74837	74836	0	1
IS	268	73569	73568	0	1
IS	269	72449	72449	0	0
IS	270	70950	70949	0	1
IS	271	70600	70600	0	0
IS	272	69418	69418	0	0
IS	273	68192	68192	0	0
IS	274	66995	66992	1	2
IS	275	66038	66036	2	0
IS	276	64572	64570	1	1
IS	277	63292	63291	0	1
IS	278	62173	62172	0	1
IS	279	61610	61609	0	1
IS	280	60358	60357	1	0
IS	281	59503	59503	0	0
IS	282	58848	58846	1	1
IS	283	57602	57601	1	0
IS	284	56689	56689	0	0
IS	285	55407	55407	0	0
IS	286	54601	54601	0	0
IS	287	53693	53693	0	0
IS	288	52895	52894	0	1
IS	289	52283	52281	1	1
IS	290	51250	51249	1	0
IS	291	50246	50246	0	0
IS	292	49588	49587	0	1
IS	293	49046	49043	1	2
IS	294	47789	47787	1	1
IS	295	46697	46696	1	0
IS	296	45968	45968	0	0
IS	297	45511	45510	1	0
IS	298	44667	44666	1	0
IS	299	43654	43654	0	0
IS	300	42852	42850	1	1
IS	301	42135	42134	1	0
IS	302	42129	42128	1	0
IS	303	41218	41216	2	0
IS	304	40216	40216	0	0
IS	305	39388	39388	0	0
IS	306	38934	38933	0	1
IS	307	38164	38164	0	0
IS	308	37229	37229	0	0
IS	309	37027	37026	1	0
IS	310	35909	35908	0	1
IS	311	35388	35387	1	0
IS	312	35136	35136	0	0
IS	313	34227	34226	1	0
IS	314	34111	34111	0	0
IS	315	33503	33500	2	1
IS	316	32934	32934	0	0
IS	317	32108	32107	0	1
IS	318	31371	31370	1	0
IS	319	30972	30971	1	0
IS	320	30368	30368	0	0
IS	321	30185	30184	1	0
IS	322	29330	29330	0	0
IS	323	28476	28475	0	1
IS	324	28427	28427	0	0
IS	325	27907	27907	0	0
IS	326	27390	27388	2	0
IS	327	26755	26754	1	0
IS	328	26418	26415	2	1
IS	329	26125	26125	0	0
IS	330	25534	25534	0	0
IS	331	24852	24851	1	0
IS	332	24672	24672	0	0
IS	333	24508	24507	0	1
IS	334	23880	23880	0	0
IS	335	23353	23353	0	0
IS	336	22532	22531	0	1
IS	337	22722	22719	1	2
IS	338	22242	22242	0	0
IS	339	21480	21477	1	2
IS	340	21279	21277	2	0
IS	341	20670	20670	0	0
IS	342	20522	20521	1	0
IS	343	20017	20017	0	0
IS	344	19912	19912	0	0
IS	345	19543	19543	0	0
IS	346	19160	19160	0	0
IS	347	18742	18742	0	0
IS	348	18568	18566	2	0
IS	349	18096	18096	0	0
IS	350	17475	17474	1	0
IS	351	17457	17457	0	0
IS	352	16964	16964	0	0
IS	353	16918	16918	0	0
IS	354	16492	16492	0	0
IS	355	16344	16344	0	0
IS	356	16010	16010	0	0
IS	357	15747	15747	0	0
IS	358	15368	15364	4	0
IS	359	15213	15213	0	0
IS	360	14846	14845	0	1
IS	361	14284	14284	0	0
IS	362	14312	14311	1	0
IS	363	13902	13901	1	0
IS	364	13637	13637	0	0
IS	365	13515	13515	0	0
IS	366	13444	13444	0	0
IS	367	13000	13000	0	0
IS	368	12851	12851	0	0
IS	369	12415	12414	0	1
IS	370	12345	12345	0	0
IS	371	12190	12189	1	0
IS	372	11902	11902	0	0
IS	373	11894	11894	0	0
IS	374	11540	11540	0	0
IS	375	11361	11358	3	0
IS	376	11169	11168	1	0
IS	377	10983	10983	0	0
IS	378	10626	10626	0	0
IS	379	10320	10319	1	0
IS	380	10416	10416	0	0
IS	381	10107	10107	0	0
IS	382	9907	9906	1	0
IS	383	9751	9751	0	0
IS	384	9613	9610	3	0
IS	385	9351	9351	0	0
IS	386	9299	9299	0	0
IS	387	9157	9156	1	0
IS	388	8871	8871	0	0
IS	389	8856	8856	0	0
IS	390	8658	8657	1	0
IS	391	8277	8275	2	0
IS	392	8230	8230	0	0
IS	393	8005	8005	0	0
IS	394	7980	7979	0	1
IS	395	7786	7785	0	1
IS	396	7756	7756	0	0
IS	397	7599	7598	1	0
IS	398	7479	7479	0	0
IS	399	7185	7183	2	0
IS	400	7267	7267	0	0
IS	401	7030	7028	2	0
IS	402	7011	7010	1	0
IS	403	6859	6859	0	0
IS	404	6572	6571	1	0
# Read lengths. Use `grep ^RL | cut -f 2-` to extract this part. The columns are: read length, count
RL	31	1404
RL	32	1446
RL	33	1280
RL	34	1120
RL	35	1046
RL	36	1042
RL	37	970
RL	38	788
RL	39	806
RL	40	766
RL	41	722
RL	42	556
RL	43	572
RL	44	598
RL	45	542
RL	46	520
RL	47	486
RL	48	414
RL	49	430
RL	50	416
RL	51	504
RL	52	466
RL	53	490
RL	54	450
RL	55	490
RL	56	498
RL	57	512
RL	58	542
RL	59	524
RL	60	562
RL	61	598
RL	62	658
RL	63	648
RL	64	776
RL	65	758
RL	66	906
RL	67	1008
RL	68	1124
RL	69	1448
RL	70	1634
RL	71	2062
RL	72	2302
RL	73	2700
RL	74	3382
RL	75	4168
RL	76	5284
RL	77	6324
RL	78	7534
RL	79	9330
RL	80	11712
RL	81	13586
RL	82	15764
RL	83	19014
RL	84	22584
RL	85	26526
RL	86	30812
RL	87	35684
RL	88	41902
RL	89	47398
RL	90	53956
RL	91	61808
RL	92	68968
RL	93	78074
RL	94	86008
RL	95	96516
RL	96	105040
RL	97	116998
RL	98	126844
RL	99	139336
RL	100	151694
RL	101	73497408
# Read lengths - first fragments. Use `grep ^FRL | cut -f 2-` to extract this part. The columns are: read length, count
FRL	31	702
FRL	32	723
FRL	33	640
FRL	34	560
FRL	35	523
FRL	36	521
FRL	37	485
FRL	38	394
FRL	39	403
FRL	40	383
FRL	41	361
FRL	42	278
FRL	43	286
FRL	44	299
FRL	45	271
FRL	46	260
FRL	47	243
FRL	48	207
FRL	49	215
FRL	50	208
FRL	51	252
FRL	52	233
FRL	53	245
FRL	54	225
FRL	55	245
FRL	56	249
FRL	57	256
FRL	58	271
FRL	59	262
FRL	60	281
FRL	61	299
FRL	62	329
FRL	63	324
FRL	64	388
FRL	65	379
FRL	66	453
FRL	67	504
FRL	68	562
FRL	69	724
FRL	70	817
FRL	71	1031
FRL	72	1151
FRL	73	1350
FRL	74	1691
FRL	75	2084
FRL	76	2642
FRL	77	3162
FRL	78	3767
FRL	79	4665
FRL	80	5856
FRL	81	6793
FRL	82	7882
FRL	83	9507
FRL	84	11292
FRL	85	13263
FRL	86	15406
FRL	87	17842
FRL	88	20951
FRL	89	23699
FRL	90	26978
FRL	91	30904
FRL	92	34484
FRL	93	39037
FRL	94	43004
FRL	95	48258
FRL	96	52520
FRL	97	58499
FRL	98	63422
FRL	99	69668
FRL	100	75847
FRL	101	36748704
# Read lengths - last fragments. Use `grep ^LRL | cut -f 2-` to extract this part. The columns are: read length, count
LRL	31	702
LRL	32	723
LRL	33	640
LRL	34	560
LRL	35	523
LRL	36	521
LRL	37	485
LRL	38	394
LRL	39	403
LRL	40	383
LRL	41	361
LRL	42	278
LRL	43	286
LRL	44	299
LRL	45	271
LRL	46	260
LRL	47	243
LRL	48	207
LRL	49	215
LRL	50	208
LRL	51	252
LRL	52	233
LRL	53	245
LRL	54	225
LRL	55	245
LRL	56	249
LRL	57	256
LRL	58	271
LRL	59	262
LRL	60	281
LRL	61	299
LRL	62	329
LRL	63	324
LRL	64	388
LRL	65	379
LRL	66	453
LRL	67	504
LRL	68	562
LRL	69	724
LRL	70	817
LRL	71	1031
LRL	72	1151
LRL	73	1350
LRL	74	1691
LRL	75	2084
LRL	76	2642
LRL	77	3162
LRL	78	3767
LRL	79	4665
LRL	80	5856
LRL	81	6793
LRL	82	7882
LRL	83	9507
LRL	84	11292
LRL	85	13263
LRL	86	15406
LRL	87	17842
LRL	88	20951
LRL	89	23699
LRL	90	26978
LRL	91	30904
LRL	92	34484
LRL	93	39037
LRL	94	43004
LRL	95	48258
LRL	96	52520
LRL	97	58499
LRL	98	63422
LRL	99	69668
LRL	100	75847
LRL	101	36748704
# Mapping qualities for reads !(UNMAP|SECOND|SUPPL|QCFAIL|DUP). Use `grep ^MAPQ | cut -f 2-` to extract this part. The columns are: mapq, count
MAPQ	0	7830530
MAPQ	1	16175
MAPQ	2	2952
MAPQ	3	39039
MAPQ	4	4992
MAPQ	5	5943
MAPQ	6	10340
MAPQ	7	20070
MAPQ	8	7909
MAPQ	9	43555
MAPQ	10	18948
MAPQ	11	4221
MAPQ	12	9015
MAPQ	13	16226
MAPQ	14	2584
MAPQ	15	36354
MAPQ	16	4894
MAPQ	17	6329
MAPQ	18	9703
MAPQ	19	17917
MAPQ	20	16774
MAPQ	21	49314
MAPQ	22	47839
MAPQ	23	53751
MAPQ	24	129193
MAPQ	25	302953
MAPQ	26	1353
MAPQ	27	778742
MAPQ	28	3289
MAPQ	29	3201
MAPQ	30	7067
MAPQ	31	14564
MAPQ	32	1424
MAPQ	33	41498
MAPQ	34	3392
MAPQ	35	3721
MAPQ	36	7911
MAPQ	37	20278
MAPQ	38	4518
MAPQ	39	54239
MAPQ	40	596012
MAPQ	41	5555
MAPQ	42	27045
MAPQ	43	26548
MAPQ	44	19341
MAPQ	45	82923
MAPQ	46	41183
MAPQ	47	120718
MAPQ	48	174965
MAPQ	49	114629
MAPQ	50	684988
MAPQ	51	25647
MAPQ	52	52213
MAPQ	53	16536
MAPQ	54	21958
MAPQ	55	74394
MAPQ	56	2386
MAPQ	57	99495
MAPQ	58	2404
MAPQ	59	6519
MAPQ	60	62960436
# Indel distribution. Use `grep ^ID | cut -f 2-` to extract this part. The columns are: length, number of insertions, number of deletions
ID	1	108413	168782
ID	2	31509	43789
ID	3	17247	22088
ID	4	15860	21048
ID	5	9956	7645
ID	6	4028	6028
ID	7	1138	2584
ID	8	1884	2663
ID	9	1065	1347
ID	10	1453	1895
ID	11	557	603
ID	12	844	2023
ID	13	217	467
ID	14	388	874
ID	15	231	796
ID	16	225	541
ID	17	165	211
ID	18	210	466
ID	19	61	267
ID	20	64	319
ID	21	111	193
ID	22	45	124
ID	23	30	187
ID	24	23	139
ID	25	10	203
ID	26	17	78
ID	27	4	50
ID	28	4	30
ID	29	2	36
ID	30	1	15
ID	31	0	3
ID	32	0	7
ID	33	0	3
ID	34	0	36
ID	35	0	3
ID	36	0	5
ID	38	0	4
ID	40	0	4
ID	42	0	2
ID	44	0	1
# Indels per cycle. Use `grep ^IC | cut -f 2-` to extract this part. The columns are: cycle, number of insertions (fwd), .. (rev) , number of deletions (fwd), .. (rev)
IC	3	0	0	618	599
IC	4	442	480	733	758
IC	5	630	633	711	815
IC	6	659	709	864	933
IC	7	797	754	963	992
IC	8	800	830	1099	1239
IC	9	871	874	1178	1246
IC	10	953	998	1196	1417
IC	11	1001	1012	1376	1378
IC	12	1006	985	1390	1479
IC	13	1085	1060	1372	1517
IC	14	1122	1102	1447	1526
IC	15	1140	1118	1435	1451
IC	16	1087	1128	1488	1557
IC	17	1149	1123	1454	1539
IC	18	1171	1149	1579	1609
IC	19	1175	1198	1636	1613
IC	20	1198	1139	1563	1660
IC	21	1193	1142	1593	1607
IC	22	1178	1177	1669	1675
IC	23	1231	1156	1702	1634
IC	24	1203	1197	1628	1587
IC	25	1281	1178	1599	1559
IC	26	1283	1134	1568	1588
IC	27	1229	1120	1635	1567
IC	28	1195	1163	1610	1596
IC	29	1215	1083	1605	1515
IC	30	1151	1141	1604	1633
IC	31	1171	1110	1624	1563
IC	32	1221	1123	1559	1561
IC	33	1248	1098	1599	1551
IC	34	1119	1064	1533	1502
IC	35	1156	1110	1601	1538
IC	36	1141	1181	1640	1533
IC	37	1204	1061	1605	1599
IC	38	1225	1117	1639	1474
IC	39	1206	1132	1602	1550
IC	40	1261	1142	1658	1514
IC	41	1199	1123	1635	1477
IC	42	1305	1028	1693	1512
IC	43	1274	971	1647	1556
IC	44	1337	1174	1675	1547
IC	45	1372	1077	1742	1411
IC	46	1362	1165	1781	1541
IC	47	1336	1075	1752	1487
IC	48	1376	1073	1776	1495
IC	49	1284	1096	1784	1511
IC	50	1382	1084	1851	1544
IC	51	1315	1121	1703	1594
IC	52	1273	1112	1728	1678
IC	53	1271	1093	1844	1578
IC	54	1238	1081	1677	1517
IC	55	1305	1110	1795	1546
IC	56	1313	1045	1709	1505
IC	57	1253	1127	1740	1533
IC	58	1262	1048	1760	1610
IC	59	1359	1086	1698	1437
IC	60	1274	1070	1757	1574
IC	61	1204	1121	1712	1543
IC	62	1272	1098	1832	1671
IC	63	1311	1080	1788	1699
IC	64	1257	1048	1839	1621
IC	65	1174	1075	1856	1682
IC	66	1225	983	1780	1624
IC	67	1107	1080	1775	1615
IC	68	1154	1051	1787	1657
IC	69	1171	1031	1722	1584
IC	70	1092	1083	1713	1662
IC	71	1116	1138	1686	1613
IC	72	993	1025	1675	1647
IC	73	1011	989	1626	1639
IC	74	1030	949	1603	1601
IC	75	1018	1023	1576	1540
IC	76	1036	988	1601	1564
IC	77	892	941	1652	1535
IC	78	991	901	1549	1551
IC	79	983	1002	1487	1491
IC	80	917	930	1548	1552
IC	81	939	894	1458	1541
IC	82	912	875	1526	1515
IC	83	934	892	1436	1523
IC	84	870	870	1409	1394
IC	85	884	881	1457	1457
IC	86	810	814	1390	1373
IC	87	811	828	1361	1320
IC	88	807	763	1269	1321
IC	89	730	731	1251	1252
IC	90	722	746	1187	1218
IC	91	642	670	1133	1137
IC	92	671	677	1136	1172
IC	93	583	606	1073	1133
IC	94	544	552	1049	1002
IC	95	574	568	1041	966
IC	96	537	570	1072	1106
IC	97	543	511	1170	1082
IC	98	543	601	1129	1153
# Coverage distribution. Use `grep ^COV | cut -f 2-` to extract this part.
COV	[1-1]	1	239286304
COV	[2-2]	2	115777942
COV	[3-3]	3	22973043
COV	[4-4]	4	14816783
COV	[5-5]	5	6729085
COV	[6-6]	6	5136122
COV	[7-7]	7	3921810
COV	[8-8]	8	3352022
COV	[9-9]	9	2917961
COV	[10-10]	10	2618494
COV	[11-11]	11	2365934
COV	[12-12]	12	2173931
COV	[13-13]	13	2004992
COV	[14-14]	14	1865576
COV	[15-15]	15	1741459
COV	[16-16]	16	1640337
COV	[17-17]	17	1542061
COV	[18-18]	18	1466275
COV	[19-19]	19	1398957
COV	[20-20]	20	1333669
COV	[21-21]	21	1271986
COV	[22-22]	22	1221818
COV	[23-23]	23	1175676
COV	[24-24]	24	1130666
COV	[25-25]	25	1093718
COV	[26-26]	26	1057476
COV	[27-27]	27	1024809
COV	[28-28]	28	994245
COV	[29-29]	29	969824
COV	[30-30]	30	944088
COV	[31-31]	31	916240
COV	[32-32]	32	893994
COV	[33-33]	33	871479
COV	[34-34]	34	854551
COV	[35-35]	35	837427
COV	[36-36]	36	820918
COV	[37-37]	37	803102
COV	[38-38]	38	787835
COV	[39-39]	39	772625
COV	[40-40]	40	756801
COV	[41-41]	41	742409
COV	[42-42]	42	727683
COV	[43-43]	43	716964
COV	[44-44]	44	705998
COV	[45-45]	45	694608
COV	[46-46]	46	682816
COV	[47-47]	47	672784
COV	[48-48]	48	661223
COV	[49-49]	49	651423
COV	[50-50]	50	643103
COV	[51-51]	51	632591
COV	[52-52]	52	623917
COV	[53-53]	53	615266
COV	[54-54]	54	607992
COV	[55-55]	55	597709
COV	[56-56]	56	588903
COV	[57-57]	57	581985
COV	[58-58]	58	573052
COV	[59-59]	59	565109
COV	[60-60]	60	556074
COV	[61-61]	61	549891
COV	[62-62]	62	541129
COV	[63-63]	63	534641
COV	[64-64]	64	526210
COV	[65-65]	65	517706
COV	[66-66]	66	511301
COV	[67-67]	67	504512
COV	[68-68]	68	500255
COV	[69-69]	69	492035
COV	[70-70]	70	486664
COV	[71-71]	71	481317
COV	[72-72]	72	474830
COV	[73-73]	73	466407
COV	[74-74]	74	461087
COV	[75-75]	75	454683
COV	[76-76]	76	447906
COV	[77-77]	77	440323
COV	[78-78]	78	434869
COV	[79-79]	79	427861
COV	[80-80]	80	421921
COV	[81-81]	81	415776
COV	[82-82]	82	409491
COV	[83-83]	83	404335
COV	[84-84]	84	398817
COV	[85-85]	85	393750
COV	[86-86]	86	388358
COV	[87-87]	87	383607
COV	[88-88]	88	378289
COV	[89-89]	89	372680
COV	[90-90]	90	366441
COV	[91-91]	91	363017
COV	[92-92]	92	357587
COV	[93-93]	93	351225
COV	[94-94]	94	345430
COV	[95-95]	95	341546
COV	[96-96]	96	337409
COV	[97-97]	97	331777
COV	[98-98]	98	326588
COV	[99-99]	99	321771
COV	[100-100]	100	316882
COV	[101-101]	101	311253
COV	[102-102]	102	307911
COV	[103-103]	103	303334
COV	[104-104]	104	298553
COV	[105-105]	105	293940
COV	[106-106]	106	290713
COV	[107-107]	107	286821
COV	[108-108]	108	283288
COV	[109-109]	109	278595
COV	[110-110]	110	273752
COV	[111-111]	111	270825
COV	[112-112]	112	266017
COV	[113-113]	113	262468
COV	[114-114]	114	258325
COV	[115-115]	115	254372
COV	[116-116]	116	251418
COV	[117-117]	117	247663
COV	[118-118]	118	244402
COV	[119-119]	119	240493
COV	[120-120]	120	236361
COV	[121-121]	121	234408
COV	[122-122]	122	229143
COV	[123-123]	123	224941
COV	[124-124]	124	221991
COV	[125-125]	125	219150
COV	[126-126]	126	216109
COV	[127-127]	127	213178
COV	[128-128]	128	209597
COV	[129-129]	129	205493
COV	[130-130]	130	203472
COV	[131-131]	131	200750
COV	[132-132]	132	198517
COV	[133-133]	133	194540
COV	[134-134]	134	191519
COV	[135-135]	135	188589
COV	[136-136]	136	185319
COV	[137-137]	137	182605
COV	[138-138]	138	179797
COV	[139-139]	139	176823
COV	[140-140]	140	174472
COV	[141-141]	141	171220
COV	[142-142]	142	168529
COV	[143-143]	143	165590
COV	[144-144]	144	163959
COV	[145-145]	145	161358
COV	[146-146]	146	158516
COV	[147-147]	147	156439
COV	[148-148]	148	153854
COV	[149-149]	149	151188
COV	[150-150]	150	148784
COV	[151-151]	151	146992
COV	[152-152]	152	145005
COV	[153-153]	153	142274
COV	[154-154]	154	140187
COV	[155-155]	155	138154
COV	[156-156]	156	135219
COV	[157-157]	157	133187
COV	[158-158]	158	130886
COV	[159-159]	159	128831
COV	[160-160]	160	127811
COV	[161-161]	161	125060
COV	[162-162]	162	122844
COV	[163-163]	163	120892
COV	[164-164]	164	119625
COV	[165-165]	165	117491
COV	[166-166]	166	115173
COV	[167-167]	167	113529
COV	[168-168]	168	111664
COV	[169-169]	169	110517
COV	[170-170]	170	108883
COV	[171-171]	171	107832
COV	[172-172]	172	105864
COV	[173-173]	173	104079
COV	[174-174]	174	102011
COV	[175-175]	175	100596
COV	[176-176]	176	99332
COV	[177-177]	177	97327
COV	[178-178]	178	95650
COV	[179-179]	179	93736
COV	[180-180]	180	93010
COV	[181-181]	181	91380
COV	[182-182]	182	90066
COV	[183-183]	183	88306
COV	[184-184]	184	86863
COV	[185-185]	185	85472
COV	[186-186]	186	84068
COV	[187-187]	187	82655
COV	[188-188]	188	81916
COV	[189-189]	189	80165
COV	[190-190]	190	79044
COV	[191-191]	191	78082
COV	[192-192]	192	77011
COV	[193-193]	193	75759
COV	[194-194]	194	74693
COV	[195-195]	195	73470
COV	[196-196]	196	72294
COV	[197-197]	197	71581
COV	[198-198]	198	70795
COV	[199-199]	199	69414
COV	[200-200]	200	68527
COV	[201-201]	201	67215
COV	[202-202]	202	66219
COV	[203-203]	203	65114
COV	[204-204]	204	64039
COV	[205-205]	205	62430
COV	[206-206]	206	61597
COV	[207-207]	207	61342
COV	[208-208]	208	60408
COV	[209-209]	209	59311
COV	[210-210]	210	58843
COV	[211-211]	211	57722
COV	[212-212]	212	56791
COV	[213-213]	213	55818
COV	[214-214]	214	55167
COV	[215-215]	215	53950
COV	[216-216]	216	52831
COV	[217-217]	217	52832
COV	[218-218]	218	51389
COV	[219-219]	219	50902
COV	[220-220]	220	49874
COV	[221-221]	221	49145
COV	[222-222]	222	48641
COV	[223-223]	223	47979
COV	[224-224]	224	47131
COV	[225-225]	225	46611
COV	[226-226]	226	46029
COV	[227-227]	227	44980
COV	[228-228]	228	44412
COV	[229-229]	229	43544
COV	[230-230]	230	42759
COV	[231-231]	231	42200
COV	[232-232]	232	41574
COV	[233-233]	233	40939
COV	[234-234]	234	40848
COV	[235-235]	235	40134
COV	[236-236]	236	39314
COV	[237-237]	237	38964
COV	[238-238]	238	38085
COV	[239-239]	239	37606
COV	[240-240]	240	36978
COV	[241-241]	241	36510
COV	[242-242]	242	36057
COV	[243-243]	243	35279
COV	[244-244]	244	34781
COV	[245-245]	245	34360
COV	[246-246]	246	33626
COV	[247-247]	247	33447
COV	[248-248]	248	32769
COV	[249-249]	249	32197
COV	[250-250]	250	31749
COV	[251-251]	251	31543
COV	[252-252]	252	31170
COV	[253-253]	253	30821
COV	[254-254]	254	30367
COV	[255-255]	255	29513
COV	[256-256]	256	29436
COV	[257-257]	257	29150
COV	[258-258]	258	28783
COV	[259-259]	259	28312
COV	[260-260]	260	28127
COV	[261-261]	261	27594
COV	[262-262]	262	27331
COV	[263-263]	263	26723
COV	[264-264]	264	26082
COV	[265-265]	265	25680
COV	[266-266]	266	25047
COV	[267-267]	267	24851
COV	[268-268]	268	24426
COV	[269-269]	269	24162
COV	[270-270]	270	23988
COV	[271-271]	271	23604
COV	[272-272]	272	23209
COV	[273-273]	273	22764
COV	[274-274]	274	22395
COV	[275-275]	275	22258
COV	[276-276]	276	21886
COV	[277-277]	277	21645
COV	[278-278]	278	21658
COV	[279-279]	279	21325
COV	[280-280]	280	21097
COV	[281-281]	281	20493
COV	[282-282]	282	20284
COV	[283-283]	283	20206
COV	[284-284]	284	19837
COV	[285-285]	285	19505
COV	[286-286]	286	19493
COV	[287-287]	287	19010
COV	[288-288]	288	18939
COV	[289-289]	289	18345
COV	[290-290]	290	18268
COV	[291-291]	291	17964
COV	[292-292]	292	18064
COV	[293-293]	293	17846
COV	[294-294]	294	17614
COV	[295-295]	295	17175
COV	[296-296]	296	17245
COV	[297-297]	297	16878
COV	[298-298]	298	16652
COV	[299-299]	299	16123
COV	[300-300]	300	16034
COV	[301-301]	301	16024
COV	[302-302]	302	15798
COV	[303-303]	303	15642
COV	[304-304]	304	15266
COV	[305-305]	305	15165
COV	[306-306]	306	15023
COV	[307-307]	307	14468
COV	[308-308]	308	14658
COV	[309-309]	309	14448
COV	[310-310]	310	14315
COV	[311-311]	311	14042
COV	[312-312]	312	14146
COV	[313-313]	313	14067
COV	[314-314]	314	13833
COV	[315-315]	315	13425
COV	[316-316]	316	13290
COV	[317-317]	317	13310
COV	[318-318]	318	12864
COV	[319-319]	319	12985
COV	[320-320]	320	12820
COV	[321-321]	321	12487
COV	[322-322]	322	12413
COV	[323-323]	323	12443
COV	[324-324]	324	12068
COV	[325-325]	325	11922
COV	[326-326]	326	11759
COV	[327-327]	327	11772
COV	[328-328]	328	11370
COV	[329-329]	329	11418
COV	[330-330]	330	11224
COV	[331-331]	331	11158
COV	[332-332]	332	10913
COV	[333-333]	333	10795
COV	[334-334]	334	10581
COV	[335-335]	335	10716
COV	[336-336]	336	10580
COV	[337-337]	337	10516
COV	[338-338]	338	10360
COV	[339-339]	339	10161
COV	[340-340]	340	10230
COV	[341-341]	341	10131
COV	[342-342]	342	9894
COV	[343-343]	343	9660
COV	[344-344]	344	9423
COV	[345-345]	345	9562
COV	[346-346]	346	9488
COV	[347-347]	347	9352
COV	[348-348]	348	9224
COV	[349-349]	349	9115
COV	[350-350]	350	9049
COV	[351-351]	351	8733
COV	[352-352]	352	8747
COV	[353-353]	353	8647
COV	[354-354]	354	8684
COV	[355-355]	355	8418
COV	[356-356]	356	8544
COV	[357-357]	357	8646
COV	[358-358]	358	8202
COV	[359-359]	359	8047
COV	[360-360]	360	8005
COV	[361-361]	361	7907
COV	[362-362]	362	7772
COV	[363-363]	363	7611
COV	[364-364]	364	7603
COV	[365-365]	365	7458
COV	[366-366]	366	7422
COV	[367-367]	367	7437
COV	[368-368]	368	7338
COV	[369-369]	369	7220
COV	[370-370]	370	7291
COV	[371-371]	371	7121
COV	[372-372]	372	6991
COV	[373-373]	373	6997
COV	[374-374]	374	6922
COV	[375-375]	375	6809
COV	[376-376]	376	6788
COV	[377-377]	377	6716
COV	[378-378]	378	6652
COV	[379-379]	379	6483
COV	[380-380]	380	6488
COV	[381-381]	381	6284
COV	[382-382]	382	6493
COV	[383-383]	383	6445
COV	[384-384]	384	6391
COV	[385-385]	385	6343
COV	[386-386]	386	6461
COV	[387-387]	387	6152
COV	[388-388]	388	6158
COV	[389-389]	389	6164
COV	[390-390]	390	6000
COV	[391-391]	391	5962
COV	[392-392]	392	5946
COV	[393-393]	393	5825
COV	[394-394]	394	5662
COV	[395-395]	395	5679
COV	[396-396]	396	5552
COV	[397-397]	397	5653
COV	[398-398]	398	5436
COV	[399-399]	399	5377
COV	[400-400]	400	5469
COV	[401-401]	401	5363
COV	[402-402]	402	5268
COV	[403-403]	403	5344
COV	[404-404]	404	5252
COV	[405-405]	405	5159
COV	[406-406]	406	5002
COV	[407-407]	407	4956
COV	[408-408]	408	4949
COV	[409-409]	409	4929
COV	[410-410]	410	4786
COV	[411-411]	411	4794
COV	[412-412]	412	4731
COV	[413-413]	413	4699
COV	[414-414]	414	4628
COV	[415-415]	415	4639
COV	[416-416]	416	4710
COV	[417-417]	417	4547
COV	[418-418]	418	4466
COV	[419-419]	419	4370
COV	[420-420]	420	4477
COV	[421-421]	421	4394
COV	[422-422]	422	4274
COV	[423-423]	423	4338
COV	[424-424]	424	4298
COV	[425-425]	425	4209
COV	[426-426]	426	4206
COV	[427-427]	427	4048
COV	[428-428]	428	4119
COV	[429-429]	429	4080
COV	[430-430]	430	3944
COV	[431-431]	431	4040
COV	[432-432]	432	4149
COV	[433-433]	433	3974
COV	[434-434]	434	3834
COV	[435-435]	435	3816
COV	[436-436]	436	3799
COV	[437-437]	437	3821
COV	[438-438]	438	3705
COV	[439-439]	439	3726
COV	[440-440]	440	3718
COV	[441-441]	441	3713
COV	[442-442]	442	3671
COV	[443-443]	443	3608
COV	[444-444]	444	3512
COV	[445-445]	445	3620
COV	[446-446]	446	3605
COV	[447-447]	447	3580
COV	[448-448]	448	3540
COV	[449-449]	449	3483
COV	[450-450]	450	3392
COV	[451-451]	451	3430
COV	[452-452]	452	3428
COV	[453-453]	453	3420
COV	[454-454]	454	3392
COV	[455-455]	455	3315
COV	[456-456]	456	3284
COV	[457-457]	457	3336
COV	[458-458]	458	3269
COV	[459-459]	459	3343
COV	[460-460]	460	3303
COV	[461-461]	461	3266
COV	[462-462]	462	3164
COV	[463-463]	463	3086
COV	[464-464]	464	3193
COV	[465-465]	465	3143
COV	[466-466]	466	3131
COV	[467-467]	467	2965
COV	[468-468]	468	2985
COV	[469-469]	469	2998
COV	[470-470]	470	2957
COV	[471-471]	471	2955
COV	[472-472]	472	2876
COV	[473-473]	473	2916
COV	[474-474]	474	2915
COV	[475-475]	475	2861
COV	[476-476]	476	2723
COV	[477-477]	477	2681
COV	[478-478]	478	2853
COV	[479-479]	479	2661
COV	[480-480]	480	2732
COV	[481-481]	481	2659
COV	[482-482]	482	2576
COV	[483-483]	483	2529
COV	[484-484]	484	2562
COV	[485-485]	485	2566
COV	[486-486]	486	2437
COV	[487-487]	487	2523
COV	[488-488]	488	2482
COV	[489-489]	489	2444
COV	[490-490]	490	2320
COV	[491-491]	491	2351
COV	[492-492]	492	2311
COV	[493-493]	493	2363
COV	[494-494]	494	2318
COV	[495-495]	495	2301
COV	[496-496]	496	2315
COV	[497-497]	497	2247
COV	[498-498]	498	2176
COV	[499-499]	499	2247
COV	[500-500]	500	2214
COV	[501-501]	501	2254
COV	[502-502]	502	2235
COV	[503-503]	503	2219
COV	[504-504]	504	2148
COV	[505-505]	505	2125
COV	[506-506]	506	2091
COV	[507-507]	507	2144
COV	[508-508]	508	2111
COV	[509-509]	509	2063
COV	[510-510]	510	2076
COV	[511-511]	511	2098
COV	[512-512]	512	2089
COV	[513-513]	513	2083
COV	[514-514]	514	2107
COV	[515-515]	515	2047
COV	[516-516]	516	2135
COV	[517-517]	517	2092
COV	[518-518]	518	2025
COV	[519-519]	519	1957
COV	[520-520]	520	2032
COV	[521-521]	521	2029
COV	[522-522]	522	2009
COV	[523-523]	523	1923
COV	[524-524]	524	1991
COV	[525-525]	525	1949
COV	[526-526]	526	1942
COV	[527-527]	527	2040
COV	[528-528]	528	1936
COV	[529-529]	529	1886
COV	[530-530]	530	1828
COV	[531-531]	531	1960
COV	[532-532]	532	1869
COV	[533-533]	533	1834
COV	[534-534]	534	1853
COV	[535-535]	535	1908
COV	[536-536]	536	1826
COV	[537-537]	537	1827
COV	[538-538]	538	1869
COV	[539-539]	539	1820
COV	[540-540]	540	1777
COV	[541-541]	541	1762
COV	[542-542]	542	1837
COV	[543-543]	543	1834
COV	[544-544]	544	1827
COV	[545-545]	545	1830
COV	[546-546]	546	1835
COV	[547-547]	547	1741
COV	[548-548]	548	1760
COV	[549-549]	549	1723
COV	[550-550]	550	1718
COV	[551-551]	551	1805
COV	[552-552]	552	1638
COV	[553-553]	553	1675
COV	[554-554]	554	1714
COV	[555-555]	555	1710
COV	[556-556]	556	1700
COV	[557-557]	557	1719
COV	[558-558]	558	1649
COV	[559-559]	559	1657
COV	[560-560]	560	1669
COV	[561-561]	561	1614
COV	[562-562]	562	1590
COV	[563-563]	563	1574
COV	[564-564]	564	1608
COV	[565-565]	565	1512
COV	[566-566]	566	1546
COV	[567-567]	567	1599
COV	[568-568]	568	1559
COV	[569-569]	569	1510
COV	[570-570]	570	1528
COV	[571-571]	571	1473
COV	[572-572]	572	1441
COV	[573-573]	573	1458
COV	[574-574]	574	1482
COV	[575-575]	575	1457
COV	[576-576]	576	1456
COV	[577-577]	577	1457
COV	[578-578]	578	1395
COV	[579-579]	579	1355
COV	[580-580]	580	1410
COV	[581-581]	581	1416
COV	[582-582]	582	1372
COV	[583-583]	583	1385
COV	[584-584]	584	1390
COV	[585-585]	585	1314
COV	[586-586]	586	1371
COV	[587-587]	587	1310
COV	[588-588]	588	1329
COV	[589-589]	589	1386
COV	[590-590]	590	1356
COV	[591-591]	591	1304
COV	[592-592]	592	1277
COV	[593-593]	593	1283
COV	[594-594]	594	1381
COV	[595-595]	595	1285
COV	[596-596]	596	1270
COV	[597-597]	597	1263
COV	[598-598]	598	1267
COV	[599-599]	599	1239
COV	[600-600]	600	1257
COV	[601-601]	601	1239
COV	[602-602]	602	1230
COV	[603-603]	603	1247
COV	[604-604]	604	1239
COV	[605-605]	605	1219
COV	[606-606]	606	1243
COV	[607-607]	607	1215
COV	[608-608]	608	1172
COV	[609-609]	609	1211
COV	[610-610]	610	1179
COV	[611-611]	611	1160
COV	[612-612]	612	1179
COV	[613-613]	613	1155
COV	[614-614]	614	1147
COV	[615-615]	615	1114
COV	[616-616]	616	1119
COV	[617-617]	617	1122
COV	[618-618]	618	1199
COV	[619-619]	619	1143
COV	[620-620]	620	1086
COV	[621-621]	621	1181
COV	[622-622]	622	1141
COV	[623-623]	623	1162
COV	[624-624]	624	1122
COV	[625-625]	625	1168
COV	[626-626]	626	1100
COV	[627-627]	627	1091
COV	[628-628]	628	1090
COV	[629-629]	629	1153
COV	[630-630]	630	1158
COV	[631-631]	631	1125
COV	[632-632]	632	1147
COV	[633-633]	633	1178
COV	[634-634]	634	1156
COV	[635-635]	635	1140
COV	[636-636]	636	1118
COV	[637-637]	637	1110
COV	[638-638]	638	1139
COV	[639-639]	639	1101
COV	[640-640]	640	1110
COV	[641-641]	641	1073
COV	[642-642]	642	1094
COV	[643-643]	643	1079
COV	[644-644]	644	1087
COV	[645-645]	645	1087
COV	[646-646]	646	1080
COV	[647-647]	647	1009
COV	[648-648]	648	1071
COV	[649-649]	649	1007
COV	[650-650]	650	989
COV	[651-651]	651	1015
COV	[652-652]	652	1038
COV	[653-653]	653	1009
COV	[654-654]	654	1055
COV	[655-655]	655	994
COV	[656-656]	656	979
COV	[657-657]	657	1016
COV	[658-658]	658	995
COV	[659-659]	659	950
COV	[660-660]	660	927
COV	[661-661]	661	944
COV	[662-662]	662	962
COV	[663-663]	663	919
COV	[664-664]	664	879
COV	[665-665]	665	918
COV	[666-666]	666	873
COV	[667-667]	667	905
COV	[668-668]	668	898
COV	[669-669]	669	890
COV	[670-670]	670	903
COV	[671-671]	671	868
COV	[672-672]	672	889
COV	[673-673]	673	941
COV	[674-674]	674	913
COV	[675-675]	675	932
COV	[676-676]	676	848
COV	[677-677]	677	894
COV	[678-678]	678	871
COV	[679-679]	679	931
COV	[680-680]	680	850
COV	[681-681]	681	857
COV	[682-682]	682	894
COV	[683-683]	683	838
COV	[684-684]	684	844
COV	[685-685]	685	847
COV	[686-686]	686	860
COV	[687-687]	687	865
COV	[688-688]	688	850
COV	[689-689]	689	835
COV	[690-690]	690	813
COV	[691-691]	691	868
COV	[692-692]	692	825
COV	[693-693]	693	793
COV	[694-694]	694	774
COV	[695-695]	695	842
COV	[696-696]	696	730
COV	[697-697]	697	811
COV	[698-698]	698	722
COV	[699-699]	699	744
COV	[700-700]	700	797
COV	[701-701]	701	815
COV	[702-702]	702	791
COV	[703-703]	703	754
COV	[704-704]	704	809
COV	[705-705]	705	691
COV	[706-706]	706	735
COV	[707-707]	707	709
COV	[708-708]	708	716
COV	[709-709]	709	748
COV	[710-710]	710	705
COV	[711-711]	711	703
COV	[712-712]	712	723
COV	[713-713]	713	692
COV	[714-714]	714	699
COV	[715-715]	715	710
COV	[716-716]	716	741
COV	[717-717]	717	719
COV	[718-718]	718	706
COV	[719-719]	719	719
COV	[720-720]	720	692
COV	[721-721]	721	779
COV	[722-722]	722	650
COV	[723-723]	723	696
COV	[724-724]	724	721
COV	[725-725]	725	619
COV	[726-726]	726	632
COV	[727-727]	727	661
COV	[728-728]	728	678
COV	[729-729]	729	645
COV	[730-730]	730	675
COV	[731-731]	731	678
COV	[732-732]	732	694
COV	[733-733]	733	666
COV	[734-734]	734	691
COV	[735-735]	735	652
COV	[736-736]	736	671
COV	[737-737]	737	661
COV	[738-738]	738	688
COV	[739-739]	739	653
COV	[740-740]	740	627
COV	[741-741]	741	691
COV	[742-742]	742	664
COV	[743-743]	743	669
COV	[744-744]	744	670
COV	[745-745]	745	562
COV	[746-746]	746	628
COV	[747-747]	747	632
COV	[748-748]	748	601
COV	[749-749]	749	620
COV	[750-750]	750	620
COV	[751-751]	751	609
COV	[752-752]	752	638
COV	[753-753]	753	596
COV	[754-754]	754	625
COV	[755-755]	755	657
COV	[756-756]	756	630
COV	[757-757]	757	630
COV	[758-758]	758	599
COV	[759-759]	759	604
COV	[760-760]	760	643
COV	[761-761]	761	603
COV	[762-762]	762	593
COV	[763-763]	763	561
COV	[764-764]	764	631
COV	[765-765]	765	564
COV	[766-766]	766	583
COV	[767-767]	767	549
COV	[768-768]	768	544
COV	[769-769]	769	578
COV	[770-770]	770	553
COV	[771-771]	771	593
COV	[772-772]	772	588
COV	[773-773]	773	541
COV	[774-774]	774	563
COV	[775-775]	775	554
COV	[776-776]	776	552
COV	[777-777]	777	594
COV	[778-778]	778	541
COV	[779-779]	779	569
COV	[780-780]	780	550
COV	[781-781]	781	540
COV	[782-782]	782	532
COV	[783-783]	783	532
COV	[784-784]	784	536
COV	[785-785]	785	519
COV	[786-786]	786	527
COV	[787-787]	787	519
COV	[788-788]	788	551
COV	[789-789]	789	526
COV	[790-790]	790	548
COV	[791-791]	791	537
COV	[792-792]	792	561
COV	[793-793]	793	518
COV	[794-794]	794	515
COV	[795-795]	795	493
COV	[796-796]	796	518
COV	[797-797]	797	501
COV	[798-798]	798	473
COV	[799-799]	799	496
COV	[800-800]	800	475
COV	[801-801]	801	492
COV	[802-802]	802	527
COV	[803-803]	803	462
COV	[804-804]	804	518
COV	[805-805]	805	484
COV	[806-806]	806	473
COV	[807-807]	807	493
COV	[808-808]	808	471
COV	[809-809]	809	487
COV	[810-810]	810	449
COV	[811-811]	811	452
COV	[812-812]	812	495
COV	[813-813]	813	470
COV	[814-814]	814	509
COV	[815-815]	815	481
COV	[816-816]	816	438
COV	[817-817]	817	480
COV	[818-818]	818	446
COV	[819-819]	819	445
COV	[820-820]	820	454
COV	[821-821]	821	445
COV	[822-822]	822	471
COV	[823-823]	823	479
COV	[824-824]	824	446
COV	[825-825]	825	437
COV	[826-826]	826	433
COV	[827-827]	827	441
COV	[828-828]	828	456
COV	[829-829]	829	443
COV	[830-830]	830	468
COV	[831-831]	831	428
COV	[832-832]	832	449
COV	[833-833]	833	454
COV	[834-834]	834	443
COV	[835-835]	835	454
COV	[836-836]	836	442
COV	[837-837]	837	511
COV	[838-838]	838	443
COV	[839-839]	839	438
COV	[840-840]	840	440
COV	[841-841]	841	443
COV	[842-842]	842	417
COV	[843-843]	843	440
COV	[844-844]	844	395
COV	[845-845]	845	435
COV	[846-846]	846	380
COV	[847-847]	847	415
COV	[848-848]	848	452
COV	[849-849]	849	417
COV	[850-850]	850	451
COV	[851-851]	851	414
COV	[852-852]	852	425
COV	[853-853]	853	432
COV	[854-854]	854	414
COV	[855-855]	855	435
COV	[856-856]	856	418
COV	[857-857]	857	404
COV	[858-858]	858	448
COV	[859-859]	859	428
COV	[860-860]	860	404
COV	[861-861]	861	390
COV	[862-862]	862	427
COV	[863-863]	863	447
COV	[864-864]	864	402
COV	[865-865]	865	416
COV	[866-866]	866	397
COV	[867-867]	867	422
COV	[868-868]	868	421
COV	[869-869]	869	421
COV	[870-870]	870	403
COV	[871-871]	871	369
COV	[872-872]	872	404
COV	[873-873]	873	391
COV	[874-874]	874	396
COV	[875-875]	875	399
COV	[876-876]	876	367
COV	[877-877]	877	371
COV	[878-878]	878	411
COV	[879-879]	879	419
COV	[880-880]	880	385
COV	[881-881]	881	380
COV	[882-882]	882	408
COV	[883-883]	883	375
COV	[884-884]	884	418
COV	[885-885]	885	399
COV	[886-886]	886	374
COV	[887-887]	887	402
COV	[888-888]	888	401
COV	[889-889]	889	410
COV	[890-890]	890	424
COV	[891-891]	891	409
COV	[892-892]	892	420
COV	[893-893]	893	403
COV	[894-894]	894	404
COV	[895-895]	895	367
COV	[896-896]	896	379
COV	[897-897]	897	410
COV	[898-898]	898	384
COV	[899-899]	899	381
COV	[900-900]	900	403
COV	[901-901]	901	377
COV	[902-902]	902	411
COV	[903-903]	903	372
COV	[904-904]	904	394
COV	[905-905]	905	396
COV	[906-906]	906	374
COV	[907-907]	907	380
COV	[908-908]	908	363
COV	[909-909]	909	391
COV	[910-910]	910	392
COV	[911-911]	911	342
COV	[912-912]	912	374
COV	[913-913]	913	349
COV	[914-914]	914	348
COV	[915-915]	915	374
COV	[916-916]	916	375
COV	[917-917]	917	380
COV	[918-918]	918	352
COV	[919-919]	919	336
COV	[920-920]	920	360
COV	[921-921]	921	325
COV	[922-922]	922	344
COV	[923-923]	923	369
COV	[924-924]	924	325
COV	[925-925]	925	356
COV	[926-926]	926	300
COV	[927-927]	927	346
COV	[928-928]	928	316
COV	[929-929]	929	351
COV	[930-930]	930	314
COV	[931-931]	931	310
COV	[932-932]	932	339
COV	[933-933]	933	318
COV	[934-934]	934	367
COV	[935-935]	935	315
COV	[936-936]	936	280
COV	[937-937]	937	295
COV	[938-938]	938	288
COV	[939-939]	939	293
COV	[940-940]	940	317
COV	[941-941]	941	321
COV	[942-942]	942	339
COV	[943-943]	943	300
COV	[944-944]	944	302
COV	[945-945]	945	295
COV	[946-946]	946	309
COV	[947-947]	947	322
COV	[948-948]	948	297
COV	[949-949]	949	296
COV	[950-950]	950	300
COV	[951-951]	951	311
COV	[952-952]	952	310
COV	[953-953]	953	283
COV	[954-954]	954	305
COV	[955-955]	955	319
COV	[956-956]	956	274
COV	[957-957]	957	285
COV	[958-958]	958	294
COV	[959-959]	959	277
COV	[960-960]	960	287
COV	[961-961]	961	291
COV	[962-962]	962	312
COV	[963-963]	963	297
COV	[964-964]	964	279
COV	[965-965]	965	278
COV	[966-966]	966	278
COV	[967-967]	967	289
COV	[968-968]	968	294
COV	[969-969]	969	312
COV	[970-970]	970	278
COV	[971-971]	971	282
COV	[972-972]	972	268
COV	[973-973]	973	314
COV	[974-974]	974	255
COV	[975-975]	975	264
COV	[976-976]	976	280
COV	[977-977]	977	281
COV	[978-978]	978	252
COV	[979-979]	979	282
COV	[980-980]	980	244
COV	[981-981]	981	268
COV	[982-982]	982	285
COV	[983-983]	983	255
COV	[984-984]	984	268
COV	[985-985]	985	292
COV	[986-986]	986	289
COV	[987-987]	987	277
COV	[988-988]	988	273
COV	[989-989]	989	273
COV	[990-990]	990	299
COV	[991-991]	991	279
COV	[992-992]	992	260
COV	[993-993]	993	290
COV	[994-994]	994	283
COV	[995-995]	995	312
COV	[996-996]	996	273
COV	[997-997]	997	292
COV	[998-998]	998	263
COV	[999-999]	999	253
COV	[1000-1000]	1000	248
COV	[1000<]	1000	91796
# GC-depth. Use `grep ^GCD | cut -f 2-` to extract this part. The columns are: GC%, unique sequence percentiles, 10th, 25th, 50th, 75th and 90th depth percentile
GCD	0.0	0.006	0.000	0.005	0.005	0.005	0.005
GCD	1.3	0.006	0.015	0.015	0.015	0.015	0.015
GCD	12.0	0.007	0.116	0.116	0.116	0.116	0.116
GCD	18.0	0.008	0.126	0.126	0.237	0.348	0.348
GCD	20.0	0.009	0.010	0.010	0.010	0.010	0.010
GCD	21.0	0.010	0.126	0.126	0.255	0.383	0.383
GCD	22.0	0.013	0.010	0.010	1.457	8.632	8.632
GCD	23.0	0.015	0.015	0.015	0.066	0.393	0.393
GCD	24.0	0.020	0.025	0.047	0.199	0.727	1.916
GCD	25.0	0.024	0.010	0.025	0.071	0.267	0.383
GCD	26.0	0.030	0.050	0.081	0.187	1.165	1.341
GCD	27.0	0.047	0.018	0.053	0.522	2.392	4.775
GCD	28.0	0.080	0.029	0.129	1.263	2.399	3.583
GCD	29.0	0.143	0.051	0.150	1.939	3.471	6.800
GCD	30.0	0.268	0.040	0.096	1.505	3.629	6.157
GCD	31.0	0.509	0.069	0.111	1.931	4.485	8.430
GCD	32.0	0.985	0.071	0.111	1.808	5.128	9.151
GCD	33.0	1.888	0.071	0.106	0.908	4.757	10.147
GCD	34.0	3.388	0.075	0.111	0.192	4.195	9.456
GCD	35.0	5.628	0.081	0.111	0.171	3.936	9.788
GCD	36.0	8.918	0.081	0.111	0.161	3.116	9.106
GCD	37.0	13.323	0.081	0.111	0.156	1.785	8.019
GCD	38.0	18.994	0.081	0.111	0.156	1.150	7.252
GCD	39.0	25.589	0.081	0.116	0.161	0.469	6.549
GCD	40.0	32.582	0.081	0.121	0.171	0.431	6.529
GCD	41.0	39.489	0.091	0.131	0.182	0.353	5.825
GCD	42.0	46.467	0.101	0.141	0.192	0.474	6.278
GCD	43.0	52.944	0.111	0.151	0.212	0.677	6.517
GCD	44.0	58.904	0.116	0.161	0.222	0.771	6.494
GCD	45.0	64.195	0.121	0.171	0.242	1.002	6.558
GCD	46.0	68.808	0.131	0.192	0.262	1.326	7.137
GCD	47.0	72.892	0.141	0.202	0.292	1.987	7.795
GCD	48.0	76.459	0.151	0.217	0.308	2.099	7.636
GCD	49.0	79.555	0.171	0.242	0.348	2.874	9.343
GCD	50.0	82.303	0.182	0.272	0.403	3.363	9.460
GCD	51.0	84.695	0.202	0.297	0.454	3.751	10.221
GCD	52.0	86.874	0.222	0.323	0.655	4.482	10.200
GCD	53.0	88.890	0.242	0.343	0.746	4.500	10.828
GCD	54.0	90.599	0.292	0.403	1.324	5.581	11.997
GCD	55.0	92.212	0.303	0.439	1.669	5.889	12.526
GCD	56.0	93.698	0.338	0.509	2.062	6.428	12.336
GCD	57.0	95.052	0.393	0.634	2.493	7.257	13.118
GCD	58.0	96.353	0.434	0.781	2.672	7.891	13.860
GCD	59.0	97.557	0.484	0.988	3.166	7.754	13.750
GCD	60.0	98.476	0.573	1.255	3.459	7.855	13.688
GCD	61.0	99.171	0.600	1.366	3.353	7.422	13.031
GCD	62.0	99.613	0.676	1.379	3.280	7.070	11.956
GCD	63.0	99.850	0.632	1.317	3.237	6.674	12.191
GCD	64.0	99.962	0.741	1.569	3.877	6.968	10.276
GCD	65.0	99.990	0.706	1.462	3.227	6.348	11.007
GCD	66.0	99.999	0.018	0.202	0.756	3.010	6.468
GCD	67.0	99.999	0.454	0.454	0.454	0.454	0.454
GCD	68.0	100.000	0.010	0.010	0.010	0.010	0.010
