# This file was produced by samtools stats (1.23+htslib-1.23) and can be plotted using plot-bamstats
# This file contains statistics for all reads.
# The command line was:  stats data/AFR/YRI/NA18870/aligned/NA18870.bam
# CHK, Checksum	[2]Read Names	[3]Sequences	[4]Qualities
# CHK, CRC32 of reads which passed filtering followed by addition (32bit overflow)
CHK	273de5bd	1961359e	ca489fd8
# Summary Numbers. Use `grep ^SN | cut -f 2-` to extract this part.
SN	raw total sequences:	137394750	# excluding supplementary and secondary reads
SN	filtered sequences:	0
SN	sequences:	137394750
SN	is sorted:	1	# sorted by coordinate
SN	1st fragments:	68697375
SN	last fragments:	68697375
SN	reads mapped:	137360999
SN	reads mapped and paired:	137352394	# paired-end technology bit set + both mates mapped
SN	reads unmapped:	33751
SN	reads properly paired:	136035616	# proper-pair bit set
SN	reads paired:	137394750	# paired-end technology bit set
SN	reads duplicated:	0	# PCR or optical duplicate bit set
SN	reads MQ0:	12842041	# mapped and MQ=0
SN	reads QC failed:	0
SN	non-primary alignments:	0
SN	supplementary alignments:	35742
SN	total length:	10435315084	# ignores clipping
SN	total first fragment length:	5217657542	# ignores clipping
SN	total last fragment length:	5217657542	# ignores clipping
SN	bases mapped:	10432764116	# ignores clipping
SN	bases mapped (cigar):	10391474946	# more accurate
SN	bases trimmed:	0
SN	bases duplicated:	0
SN	mismatches:	48329268	# from NM fields
SN	error rate:	4.650857e-03	# mismatches / bases mapped (cigar)
SN	average length:	76
SN	average first fragment length:	76
SN	average last fragment length:	76
SN	maximum length:	76
SN	maximum first fragment length:	76
SN	maximum last fragment length:	76
SN	average quality:	34.1
SN	insert size average:	185.8
SN	insert size standard deviation:	68.8
SN	inward oriented pairs:	68450445
SN	outward oriented pairs:	20351
SN	pairs with other orientation:	18213
SN	pairs on different chromosomes:	187188
SN	percentage of properly paired reads (%):	99.0
# First Fragment Qualities. Use `grep ^FFQ | cut -f 2-` to extract this part.
# Columns correspond to qualities and rows to cycles. First column is the cycle number.
FFQ	1	81755	0	0	0	0	1	2	0	5496	1179	5630	6914	5786	10297	44099	5478	11002	12999	14553	11601	69424	13489	44025	101735	116465	76214	6299	194540	268048	237040	99032	579368	145191	856401	578720	1861738	2699511	4034727	11476203	45001042	21371	0
FFQ	2	3504	0	0	0	0	161	1378	2376	4552	6865	8742	14662	11391	22382	31676	18044	27216	28789	42678	43182	64610	83601	66217	136039	111066	130870	119208	163324	275563	235414	229217	556632	280121	897518	782122	1743630	3091197	5228224	9826998	44397017	11189	0
FFQ	3	12759	0	0	0	205	258	2249	4011	5790	8956	10784	16870	14050	22972	33650	20431	27331	33898	43602	47896	60971	92772	67132	130783	106617	133381	121487	176684	263074	228876	244146	548414	285842	920290	808089	1707533	3120955	5307905	9793768	44262183	10761	0
FFQ	4	27295	0	0	0	395	499	3467	6047	7698	11759	13128	20070	17171	24586	36324	25185	29407	39585	48930	52220	60986	98654	70018	125582	106884	130787	121413	195097	252627	228167	256347	540406	298837	957587	849823	1715717	3243895	5550567	9639557	43882666	7992	0
FFQ	5	4487	0	0	0	246	675	4016	7465	9384	12793	13414	21219	18753	25327	31937	31368	31994	44770	55687	53340	63823	97363	70541	115086	111154	127028	112981	213703	228972	215422	247317	528678	277864	930789	838793	1654399	3178850	5465675	9758241	44085661	8160	0
FFQ	6	14402	0	0	0	260	837	4012	9241	9866	12886	14373	19434	17863	21950	26435	30505	27427	42604	47057	53251	58533	93026	71692	111201	114594	124101	118179	237850	216657	188748	271139	523138	270625	981972	831365	1600517	3207624	5491209	9483633	44347101	2068	0
FFQ	7	292	0	0	0	361	737	3040	6553	7966	11707	13168	18152	16311	20948	28749	27248	26064	40607	46172	53938	58397	95687	77865	121693	112785	130713	126829	230351	249787	213467	298974	554545	287574	1064511	843847	1744016	3387205	5532004	9484879	43757717	2516	0
FFQ	8	454	0	0	0	429	674	2809	5968	7470	11866	13586	19003	16629	22068	32446	25958	25716	41522	47708	55819	61343	99436	82439	132591	115750	136781	137781	232559	276276	228828	329718	581838	313108	1152401	884897	1845979	3557742	5732550	9376149	43086686	2398	0
FFQ	9	68	0	0	0	603	673	2808	5939	7134	12613	14234	19488	17210	23314	33515	26719	25126	43014	49570	57845	63677	103650	86064	138379	119965	143283	147175	239290	294791	241587	356691	602353	332729	1228682	921732	1916919	3681736	5902846	9300295	42533168	2490	0
FFQ	10	1	0	0	0	625	623	2505	5600	6895	12293	14490	19317	17013	24231	35000	25993	24936	42949	49514	58956	64909	105665	87174	142201	122349	146457	150597	239888	302610	247199	366837	613136	341205	1263417	934054	1951360	3737012	5975804	9364716	42197528	2316	0
FFQ	11	2731	0	0	0	875	1778	6943	11944	14235	16101	19500	23415	20910	26188	29528	37864	29407	49098	56544	62775	70160	104260	83000	117822	127592	150308	159940	255273	266742	237150	383659	639362	347541	1264600	987771	1958397	3855195	6231059	9550496	41494930	2282	0
FFQ	12	2877	0	0	0	942	1264	4829	9056	10983	15978	18338	23109	20041	25783	33157	33244	27539	48003	55265	63282	71928	110484	89487	134965	130205	158957	171789	259398	313758	268921	422660	681585	385653	1391811	1034584	2145814	4082443	6439656	9473830	40533154	2603	0
FFQ	13	3	0	0	0	965	1112	4215	8034	9806	15846	18638	23564	20225	27634	37336	31405	26417	48535	55056	65768	74396	116533	93947	147789	133987	164842	183279	265841	346220	288507	452125	715947	410020	1482620	1071642	2250295	4242636	6589258	9474998	39795233	2701	0
FFQ	14	0	0	0	0	1173	1041	4330	8507	9709	16397	19986	24499	21628	30005	40057	31585	26784	49512	56460	69490	78294	123206	98730	157108	140845	173185	195698	277072	370721	304851	487676	742411	437993	1585974	1121826	2339813	4389893	6804873	9407365	39045916	2762	0
FFQ	15	0	0	0	0	1355	1067	4333	8283	9733	17504	20975	25033	22596	31185	42266	32212	26716	51641	57894	72041	81011	127713	101777	162184	146258	178300	203613	285097	387662	315095	510919	763743	456267	1657070	1152658	2398120	4497845	6947844	9441091	38455623	2651	0
FFQ	16	0	0	0	0	1954	3377	11472	17246	22004	22922	28756	32342	28283	37213	37981	49949	39778	64744	75188	82775	96732	130591	109537	143940	166979	198766	223476	319473	341519	318289	526118	781228	473309	1644499	1228934	2360261	4651459	7201568	9663504	37558003	3206	0
FFQ	17	0	0	0	0	1932	2049	7849	13229	17124	23646	27650	32412	28320	36949	42820	43952	36010	63570	72890	84375	99528	141401	118045	166027	174594	209453	239808	330971	399279	363756	578428	834563	524456	1795810	1286212	2579738	4897475	7415441	9669120	36334671	3822	0
FFQ	18	650	0	0	0	1512	1683	5785	9740	12362	18900	22961	27003	24634	33293	40277	39059	35008	57817	69062	81164	90366	133969	116043	161983	171066	206553	232468	326676	383904	381613	594155	793042	576501	1722354	1346701	2732424	5008664	8101141	8525262	36607997	3583	0
FFQ	19	3	0	0	0	1599	1534	5353	8914	11596	18511	23064	26503	24186	33603	42180	38391	34060	57818	69035	83125	92176	137485	117807	166330	175777	211024	239174	333053	397707	395966	615567	810260	598726	1785530	1379348	2802709	5112931	8267064	8508040	36067392	3834	0
FFQ	20	28	0	7	0	1474	1613	5228	9044	11123	18132	22549	25759	23641	32902	39055	39948	36968	59182	72467	86608	94725	135851	124817	160501	187186	218284	242877	351706	380899	417210	665832	769631	672111	1736511	1488047	2922614	5198565	8800523	7136054	36504388	3315	0
FFQ	21	0	0	37	0	2180	3267	10435	13890	19823	20237	25930	28299	24660	34753	33818	47501	41055	62623	73942	82923	94937	116305	113294	131658	173923	200470	231729	316751	323793	335381	629331	697451	598862	1668586	1433893	2646561	4902290	8780109	7065201	37709015	2462	0
FFQ	22	0	0	54	0	2033	2300	7363	11851	15613	21594	26289	28335	24983	33836	35250	43968	38802	62242	74088	86205	99672	125594	122286	144328	187574	213438	242469	348549	365055	384011	702123	736187	674900	1821579	1552874	2887759	5203209	9231778	6644059	36492421	2704	0
FFQ	23	0	0	102	0	2371	1959	6577	11830	13678	22193	27485	28768	25417	35409	37763	42885	36970	62885	75997	90015	103393	132609	128684	152605	200854	223132	253989	371827	392104	412469	755889	763282	730200	1934738	1648061	3040275	5428868	9561725	6349219	35588396	2752	0
FFQ	24	0	0	181	0	2350	1801	6345	12081	12740	22833	28686	29911	26599	38014	39295	43306	37797	65125	77966	93921	107760	140365	133980	159006	211606	231075	264632	392192	410455	431524	801385	784549	771957	2017917	1723642	3140539	5582345	9818132	6129475	34903221	2667	0
FFQ	25	0	0	334	0	2624	1771	6007	12635	12260	23270	29285	30083	26852	39106	39710	44005	38189	65401	79328	96488	111128	143811	137884	162073	219113	238875	272861	404253	422315	445722	832288	798874	799343	2078745	1776002	3208016	5691583	10016059	5980076	34408469	2537	0
FFQ	26	0	0	603	0	4273	6148	16773	19893	28106	27184	37203	38696	31964	51822	40350	60816	54960	76446	90307	108277	137961	136583	147390	149294	229859	256569	297496	404056	390357	433948	839902	790076	810561	2064351	1856717	3175168	5711080	10368823	5962810	33838042	2511	0
FFQ	27	0	0	690	0	3993	4271	11981	18015	22205	28003	37510	39905	32761	52923	42600	57875	52370	78786	92820	112251	145343	150506	161638	163585	253739	274351	314595	453629	439180	495988	935503	843123	908447	2242500	2017415	3418352	6021045	10776078	5581439	32408964	2996	0
FFQ	28	0	0	813	0	4116	3717	10637	18011	19358	28461	37948	40083	33562	55689	44707	56743	51156	79297	94540	116809	149518	158264	167049	172972	268782	284727	325721	478623	464434	527991	987087	872567	965928	2336028	2109207	3547439	6210526	11025624	5383856	31562626	2759	0
FFQ	29	1	0	1007	0	4645	3707	10460	19763	18808	30293	41108	42577	35705	60009	47584	59035	52715	83803	98262	123908	159177	168780	178920	182655	288985	299897	342285	513769	491103	559087	1053636	907573	1023824	2452708	2227680	3671555	6414110	11313000	5089897	30622908	2436	0
FFQ	30	0	0	1352	0	4802	3551	10016	20587	17953	31189	42366	42634	35973	62436	48128	59472	53349	85268	100816	127969	163350	173620	182519	185681	299001	306190	352882	530755	505994	574560	1086740	928461	1053114	2520363	2282309	3727709	6516723	11435376	5042075	30079562	2530	0
FFQ	31	0	0	1953	0	6872	9861	24022	26909	36495	36455	49241	49953	38480	67885	48907	79177	72221	96629	111221	137438	181554	162463	190736	177034	297129	322832	367143	511313	469104	566127	1066081	919339	1056841	2448416	2344927	3734345	6594008	11532629	5212778	29646241	2616	0
FFQ	32	0	0	1851	0	6295	6509	16934	25140	28303	36778	49336	51086	39354	69844	49773	74103	67932	98242	114234	142400	188371	178206	204142	193416	322430	340884	382461	563110	518435	629398	1143623	978831	1140945	2604561	2456105	3913295	6792763	11709380	5080700	28471194	3343	0
FFQ	33	0	0	1786	0	6382	5791	14527	25838	24278	37446	50533	51795	40099	72692	52068	73082	65729	99776	117399	146821	193017	189286	212903	203359	339261	352529	396762	594596	549411	666209	1198432	1016118	1202671	2699259	2562048	4033691	6957147	11880120	4902862	27651091	3338	0
FFQ	34	0	0	1819	0	6460	5388	13878	27607	23357	39194	54788	54592	43036	79018	55525	74200	67541	103800	120527	154725	202321	200609	220739	212504	358278	367085	413361	625834	577324	694044	1252463	1049814	1250169	2808692	2635809	4111427	7077992	11992296	4805687	26901502	3344	0
FFQ	35	0	0	2054	0	7104	5257	13652	30098	22561	41446	58659	56526	44080	84356	57549	77631	70152	108764	125616	163808	213183	210019	231387	221869	377971	380641	431971	654910	604608	718455	1308130	1088016	1289974	2909005	2711089	4182627	7194435	12071614	4707278	26204163	3071	0
FFQ	36	0	0	2506	0	10853	15449	33681	36786	46685	48575	63605	65588	47256	90773	60745	103018	94598	121842	139665	176323	238841	201380	241776	216562	379007	401872	454379	635578	568515	721742	1291789	1093032	1320537	2819056	2822424	4256709	7374785	12152207	4704020	25625957	2761	0
FFQ	37	1	0	2362	0	10123	10774	25741	37770	38319	51490	68365	70426	49128	97847	61305	100316	93208	128659	146569	188430	252576	222376	267590	238703	418933	430487	483515	714424	631641	809335	1403572	1170277	1438910	3022972	2984840	4454768	7600803	12359059	4441291	24147866	3311	0
FFQ	38	5	0	2350	0	10447	9268	22516	40655	33389	53301	72302	72409	52127	104650	65372	101538	94552	132872	153086	199891	263563	241100	282656	253737	449857	452729	507047	761951	676725	861199	1484188	1229495	1517293	3156450	3113055	4579120	7766923	12457807	4246763	23149961	3304	0
FFQ	39	0	0	2442	0	10905	8946	21897	44396	32292	55455	77983	75982	53969	113151	68185	104739	98405	138883	159406	211740	278384	256651	297471	266552	479414	470661	532685	807343	712977	902953	1557020	1277777	1582915	3279647	3235264	4676580	7931003	12572244	4029066	22244315	3040	0
FFQ	40	0	0	2770	0	12038	9572	22716	51400	33374	61193	87435	82761	58359	125759	73167	112501	107930	149314	171223	231066	300483	275553	322167	281022	519221	495937	567678	862991	758626	949035	1651375	1338783	1656684	3437732	3390343	4776088	8114870	12671259	3695674	21209382	2526	0
FFQ	41	0	0	3456	0	17714	24964	50146	53136	63848	68676	87993	92411	60604	129484	78802	141901	132484	163356	180995	241952	327049	261850	328541	277510	506339	520658	585304	823507	718462	957096	1617103	1349325	1698036	3310660	3495124	4877225	8284886	12556603	3811519	20766229	2412	0
FFQ	42	192	0	3387	0	16454	17533	38859	57768	52949	72821	95839	98822	63351	140896	77967	141064	134389	173929	195663	261731	350598	293194	363961	305952	565744	559854	626179	929472	797071	1065370	1749114	1454136	1831662	3532349	3668039	5038471	8449635	12601106	3573556	19262847	3058	0
FFQ	43	0	0	3445	0	16517	15281	35061	63625	46442	75714	103359	104507	66862	151145	82567	141581	137153	181309	203721	276588	363559	315950	384909	325735	604250	584165	655658	988532	845382	1128365	1831255	1517295	1914907	3658747	3791273	5127449	8550769	12616457	3401111	18348869	2995	0
FFQ	44	0	0	3863	0	16568	13821	32996	70145	43795	78398	111037	107732	68787	162635	85661	146795	145288	189528	213917	295152	382385	338464	407528	342634	643772	612871	693049	1045998	895787	1177618	1922164	1586975	1979888	3804232	3902483	5206213	8657385	12580579	3234278	17457058	2877	0
FFQ	45	0	0	4887	0	17267	13702	31936	75084	41420	80376	114791	109792	69842	171467	88987	150375	151869	195302	223274	310460	398641	356658	427068	357253	678539	632740	721322	1092925	936292	1222075	1993326	1644259	2036602	3925800	4004776	5267049	8753347	12560841	3074494	16720714	2640	0
FFQ	46	0	0	7156	0	24609	34613	66303	68934	77317	86373	111051	121011	71719	168801	94447	184680	177061	211260	225169	320224	428695	342883	432367	355840	660240	663447	749275	1050844	908331	1277437	2024950	1735231	2210548	3804912	4249173	5509102	9007848	12303065	3004071	15884903	2306	0
FFQ	47	0	0	92168	0	22968	24419	53875	83765	65050	93451	127487	133431	75570	190435	92843	185805	187523	225853	245070	349626	460464	377444	478610	387985	733290	703853	794838	1169642	987343	1377328	2163731	1851602	2328137	4011554	4373252	5589784	9057693	12201195	2822928	14531338	2884	0
FFQ	48	44	0	276133	0	23060	20499	47385	96192	56522	99280	140640	141827	80052	207986	97632	186959	193383	233222	257703	369926	477880	405504	500699	406509	775111	729144	825536	1229239	1037372	1423939	2258841	1927228	2400267	4145585	4470949	5619771	9073790	12077154	2686798	13649586	3032	0
FFQ	49	0	0	603882	0	23345	19175	45942	107855	54063	104198	152843	150001	84158	226812	102776	193660	205882	245178	272587	395380	501732	435067	532868	424234	826258	757637	861102	1294050	1091297	1470916	2378543	2024657	2471650	4328630	4613827	5652042	9146355	11853050	2405173	12591293	2502	0
FFQ	50	0	0	1146712	0	22551	18574	42881	106064	50542	100334	146214	142809	81151	225152	103423	193595	210051	245121	279401	404103	504160	451602	553043	431328	855746	770287	882651	1335351	1119300	1492806	2464519	2114223	2516121	4464340	4742563	5682512	9233543	11644510	2139936	11729610	2127	0
FFQ	51	0	0	1954607	0	32471	45633	84621	86584	88151	104474	133204	152804	79417	210484	106430	226892	227571	256970	263508	406786	528494	427467	542519	424185	818676	787890	894107	1267502	1094277	1537248	2389146	2137999	2595671	4279479	4882440	5851939	9386376	11220068	2078247	11041012	1917	0
FFQ	52	0	0	2187671	0	29782	31443	68002	108811	73542	110875	153801	165159	82449	238847	102650	227687	242854	272155	288614	439636	557565	465634	593014	452612	897539	828870	939434	1387254	1168883	1635638	2505035	2246585	2695921	4434194	4997595	5876311	9345124	10986632	1912099	9893331	2341	0
FFQ	53	0	0	2516555	0	28173	25524	58504	126484	62890	114482	167689	173728	85851	256397	106518	227693	255500	279769	305272	464659	574354	501323	626582	475767	947289	857274	972942	1452107	1218495	1686669	2582298	2324965	2760984	4553823	5102461	5866127	9315034	10720906	1760525	9086061	2148	0
FFQ	54	0	0	3003255	0	27431	23082	54008	137761	57417	117973	177265	179432	87043	272738	110293	229657	264615	285499	318442	485479	586999	528694	651006	486797	985895	875677	1000809	1501968	1258870	1710302	2664952	2406600	2789991	4674741	5154688	5840535	9250519	10413603	1619946	8405991	1969	0
FFQ	55	0	0	3742452	0	26095	21100	49013	130216	51258	110428	162578	166425	82427	263490	109907	221710	253475	276785	315687	476391	574724	529785	647800	483749	985761	870768	997709	1508117	1262180	1700681	2715200	2448688	2798821	4765855	5158056	5816892	9170800	10206575	1558416	7978210	1946	0
FFQ	56	0	0	4817407	0	37287	52323	94288	95015	88878	112297	143508	173306	81014	238162	111523	253741	268892	288718	288682	482161	600973	507457	638175	478242	947566	892083	1000929	1441851	1246552	1759022	2614943	2476402	2869404	4554610	5299723	5968778	9281748	9646582	1451526	7332889	1620	0
FFQ	57	0	0	5120706	0	34064	36827	78794	132089	75869	122223	171473	194084	84841	281302	107180	258955	292003	307059	320811	524369	636183	551147	694453	509308	1035833	933564	1055885	1564816	1327977	1843746	2728359	2573709	2949319	4700233	5355808	5904788	9065642	9272743	1352491	6435682	2029	0
FFQ	58	0	0	5544273	0	32632	29785	67773	157530	65507	129002	192104	208201	90078	308305	112786	262354	308414	317188	342143	554409	658710	588985	729315	530556	1092080	962554	1089857	1633963	1379047	1881246	2806507	2643411	2991244	4798581	5388201	5819278	8873258	8923659	1264202	5855443	1806	0
FFQ	59	0	0	6171814	0	29900	25009	58754	160826	56253	124360	189856	202360	87846	310671	112414	253734	302639	311225	345219	553114	649828	597688	729509	529153	1096195	963516	1089992	1644664	1380319	1872292	2849976	2678508	3010008	4844223	5389698	5769994	8747329	8716455	1234915	5540331	1812	0
FFQ	60	0	0	7149598	0	27839	22833	52487	150390	49800	115447	171593	186341	81891	296858	111938	244013	295878	304265	345529	546281	633816	604422	735510	526537	1097738	957751	1089570	1653990	1380065	1860221	2902617	2743214	3006609	4921722	5393751	5694731	8605625	8392127	1139285	5136064	1590	0
FFQ	61	1156	0	8559230	0	40379	57932	103754	103281	88601	117265	153163	196646	82211	267697	113083	278758	304946	314719	310604	549162	666916	574397	716898	522029	1049214	985332	1081816	1567982	1359273	1929312	2760992	2734539	3101352	4612495	5460597	5828528	8573076	7794065	1086626	4577551	1666	0
FFQ	62	177	0	8966834	0	36541	40312	87130	149009	74582	128464	182182	221568	85561	319203	108821	283423	334080	333346	342597	596216	700949	620598	776270	553789	1138952	1026618	1137598	1693774	1437624	1999335	2868938	2812235	3157348	4712263	5449750	5695915	8225448	7365866	1014564	3944606	1830	0
FFQ	63	131	0	9544889	0	36305	33634	77664	189069	65926	140323	211774	245126	92230	362209	118021	293361	363455	353303	377919	648050	739460	681303	835428	582993	1222779	1069551	1190003	1782738	1502358	2044865	2947285	2903104	3166605	4799451	5440728	5498444	7878511	6850467	892472	3437412	1602	0
FFQ	64	2	0	10363578	0	32916	27248	65134	192733	55388	133597	206705	237807	89409	359678	118113	284299	360646	347055	383100	645429	728592	693373	838889	584494	1228561	1070173	1187757	1794196	1507002	2032045	2987115	2950414	3181011	4844748	5460306	5411084	7705013	6543390	819873	3144529	1480	0
FFQ	65	0	0	11603772	0	28829	23725	55543	168253	47480	117161	173812	208121	80561	325180	115362	267599	344647	332139	377348	624444	690101	701402	838447	576136	1213996	1055388	1173726	1789954	1495320	2008210	3014439	3013560	3159650	4897072	5435278	5310539	7510950	6221183	743308	2868425	1229	0
FFQ	66	730	0	13339548	0	35744	52484	98015	96291	73935	103198	145724	199072	73229	269917	102114	286861	334926	331800	313552	607118	705477	650678	792174	561400	1134491	1063375	1137930	1674518	1463490	2087444	2824300	2949906	3242862	4505449	5440195	5373489	7410507	5786403	708561	2628265	1237	0
FFQ	67	1787	0	13781178	0	33154	35058	80138	147876	62650	117972	182275	245643	74002	335740	89358	272962	358369	316427	311887	631717	744433	611616	752311	538279	1156870	1022240	1146609	1649841	1488080	2008104	2899872	2819266	3290312	4397021	5262837	5293448	7147461	5890318	839321	2560675	2094	0
FFQ	68	2918	0	14529465	0	31171	25988	66042	185901	50969	125820	202632	266318	78441	367213	95412	275166	376373	328688	333821	664244	762008	651026	784207	557828	1203903	1042288	1166209	1699914	1513389	2010383	2952266	2857054	3292227	4411688	5217019	5092549	6805955	5510536	779204	2272304	1921	0
FFQ	69	2182	0	15676722	0	28584	21000	57167	194093	42682	124193	201938	265520	75427	370580	97598	270905	382638	327469	339967	672631	754477	670292	792057	557823	1213367	1037245	1161692	1702834	1504632	1960797	2984608	2896354	3264695	4428868	5157418	4908772	6523804	5157241	707646	2041865	1670	0
FFQ	70	841	0	17499127	0	23043	17618	44890	151308	33291	98775	151607	215069	61669	306739	89921	247166	356594	303060	325137	630634	694174	656282	757554	533232	1151039	988495	1108224	1642595	1432709	1872958	3001667	2919842	3235107	4449047	5101473	4774702	6298542	4875226	650503	1864548	1556	0
FFQ	71	3685	0	20349364	0	20753	32104	62660	61555	45406	68150	108460	166662	54177	220467	79242	282980	360605	336890	307916	639497	760662	740517	762030	625757	1087382	1105408	1169304	1625388	1500039	2288560	2718805	2952392	3639017	3567631	5202930	4678646	5497637	3738067	536117	1150678	1592	0
FFQ	72	2155	0	20821247	0	21888	23073	60655	110380	40389	83622	137328	204418	55439	282435	72725	293277	389725	355544	321543	692360	800756	751913	814249	636069	1164621	1134668	1203719	1728693	1543318	2304925	2790689	2957801	3611007	3602572	5016621	4478790	5090478	3443313	507042	978007	1505	0
FFQ	73	2740	0	21470512	0	22347	17362	51280	146186	33822	94500	158834	232888	58384	318957	75634	303819	429355	377057	343994	749517	838046	798239	857260	656004	1234638	1163286	1232397	1779819	1576585	2289840	2817980	2962230	3546361	3590363	4871726	4220200	4734279	3143033	462311	841704	1315	0
FFQ	74	42	0	22392568	0	17703	12378	39743	138597	25165	87061	147100	219209	53577	299192	73141	307654	455187	389605	355693	781149	852854	835624	875630	669195	1260006	1168612	1233525	1784415	1577411	2246953	2830018	2960305	3484867	3567226	4774438	4020504	4468445	2905247	422672	741300	1186	0
FFQ	75	12	0	23756641	0	6013	6479	16372	38930	11180	32688	51614	84034	28164	127274	47966	288210	442057	372861	340637	747670	808793	826328	840215	654250	1194980	1130675	1182949	1702011	1520819	2171878	2792182	2941706	3440617	3523111	4777386	3949112	4492820	2918793	410142	761832	1149	0
FFQ	76	4821	0	25545926	0	0	0	0	0	0	0	0	0	0	0	0	412807	468416	540280	639985	574918	930767	818854	748212	690039	986401	1275473	1066297	1593683	1159819	1854968	2026679	2686339	2311145	3017954	2870724	4745369	5059542	3427264	1888054	1033820	20924	0
# Last Fragment Qualities. Use `grep ^LFQ | cut -f 2-` to extract this part.
# Columns correspond to qualities and rows to cycles. First column is the cycle number.
LFQ	1	0	0	0	0	0	0	0	0	2344	0	0	0	4638	22978	65876	0	0	12773	0	13597	38123	19110	42918	167809	95656	49388	0	187983	343957	196560	80578	699350	128774	933655	469338	2117196	2807350	3112257	6136365	50467710	481092	0
LFQ	2	0	0	0	0	0	0	0	0	3896	0	2582	3059	9499	50318	53733	3707	14039	12268	26759	16023	65232	76526	84941	167387	76012	121703	145207	170075	348612	260814	226579	695593	325817	1117655	790904	1969405	3468054	4440012	4559815	49151569	239580	0
LFQ	3	0	0	0	0	53	50	624	872	3697	2529	5713	7151	13185	48122	53139	7150	15695	17548	28891	27392	64816	89486	80700	164829	80631	126089	147052	184011	349746	249437	251160	696201	328446	1154136	813556	1942242	3500750	4536734	5458783	48022664	224095	0
LFQ	4	1	0	0	0	165	316	1746	2408	4581	6284	10502	11459	17910	46799	51204	12612	18256	24519	34108	39324	63729	99715	79904	159371	91439	124668	145938	202092	339546	241728	267055	683932	338499	1180554	838708	1934154	3573191	4688264	5971969	47191550	199175	0
LFQ	5	0	0	0	0	375	902	3148	4232	7018	9377	14056	14540	22653	49016	40462	16710	22313	29325	41262	45071	70151	102675	82964	140968	99223	125835	147686	213274	318071	234516	275483	670043	341643	1206834	855620	1884249	3603753	4802065	5885592	47155930	160340	0
LFQ	6	0	0	0	0	488	949	3197	5153	7791	10446	14317	15002	23591	53607	28986	16577	21296	27758	43712	44794	76954	99943	80646	114055	99724	122792	145741	217678	289113	205246	282216	645756	314979	1248781	833800	1758380	3595948	4868170	6190216	47052706	136867	0
LFQ	7	0	0	0	0	611	813	2546	3942	5431	8615	12202	13632	19150	52224	42786	15427	16983	25406	37063	42943	69698	101526	83941	142338	96998	124449	153985	212277	330806	230037	321053	675773	331236	1311486	847281	1903702	3741816	4983268	6363778	46194446	177707	0
LFQ	8	554	0	0	0	833	835	2608	4024	4875	8709	12516	13750	18713	56461	55475	15263	16249	25991	36494	44693	71382	108029	87763	163017	101388	128807	165627	217074	364682	247404	351906	708072	358443	1391420	890096	1998206	3869234	5173234	6357077	45443418	183053	0
LFQ	9	645	0	0	0	910	766	2495	3870	4311	8332	12211	13356	17103	56429	59523	15035	15348	25842	34993	44890	71564	109020	88079	169321	103518	131703	172028	221924	376364	257031	368707	720066	372443	1434052	911321	2045935	3935623	5314476	6418596	44972632	186913	0
LFQ	10	0	0	0	0	1039	782	2528	4042	4286	8920	13198	14026	17294	59882	64711	15026	15540	26692	35019	46788	74800	113192	89868	177821	106759	134696	180110	226054	391937	265960	387862	736863	385775	1485712	932678	2085406	4002888	5458726	6447148	44501591	181756	0
LFQ	11	0	0	0	0	1270	1948	5359	7537	10471	14214	18765	19562	28214	71156	33041	22108	25719	33972	52584	56616	98121	116880	97276	124926	120810	152691	182894	253954	327423	249650	373440	723867	373864	1481106	961327	1977724	4073037	5531549	6932409	43976210	165681	0
LFQ	12	31	0	0	0	1307	1343	4089	5735	7205	11860	17244	18260	23420	71758	49696	19477	20761	32182	45005	54940	91961	120561	100212	157077	121141	153821	195119	253713	380175	284081	412509	767483	412273	1567281	1007613	2157108	4225839	5749565	7000664	42957543	197323	0
LFQ	13	0	0	0	0	1528	1239	4115	5998	6777	12326	17313	18314	22167	75872	63650	19057	19493	32448	43250	56714	93364	127362	103606	179841	125451	159598	209073	261978	417240	304190	450946	801719	443164	1662477	1057570	2266129	4371906	6003931	6980809	42077220	199540	0
LFQ	14	0	0	0	0	1682	1302	4004	6194	6560	12748	18435	19057	21836	80540	71541	19546	19392	33808	42697	59285	96679	132468	107129	191973	131262	165632	220171	269717	438797	320240	479464	822125	467922	1732829	1094223	2328410	4461781	6202148	6971483	41445175	199120	0
LFQ	15	0	0	0	0	1782	1331	4161	6538	6489	13230	19042	19837	22176	84037	75927	19968	19283	34673	43400	61507	100942	136996	110172	199390	135983	170302	229386	276957	454821	330452	502233	841539	484663	1797897	1124234	2383468	4551787	6379672	6979664	40879442	193994	0
LFQ	16	230	0	0	0	2367	3457	8723	10848	15010	20026	26232	26898	36192	98591	39962	29024	33312	43726	65688	73742	131037	143298	122257	144458	151647	193784	236522	307415	391992	318388	485512	839226	483075	1786911	1163875	2301824	4667285	6430563	7448637	40243210	172431	0
LFQ	17	0	0	0	0	2412	2536	6881	9182	11026	18047	25427	26915	31572	106117	64646	26088	27682	42599	57360	73811	126390	152946	128795	187246	155129	197723	253084	313334	458631	358679	536711	894910	527474	1897547	1214285	2495812	4833978	6629599	7528486	39074480	199835	0
LFQ	18	0	0	0	0	2610	2422	6741	9373	10215	18158	25959	27533	29913	110644	80676	26315	26448	43959	55513	76814	129554	161557	133478	212922	163036	206538	270943	327449	501589	387153	586015	933553	570354	2015698	1279566	2623641	4985031	6923514	7457435	38071579	203477	0
LFQ	19	0	0	0	0	2832	2367	6695	9601	9836	18563	26406	27100	29351	112937	88937	26235	25085	44454	54625	78334	130739	167114	135067	225726	167717	211240	279277	335147	521217	400354	609820	958808	589828	2082810	1308091	2688400	5082774	7055634	7526668	37454007	203579	0
LFQ	20	0	0	6	0	3066	2378	6809	10646	9979	19770	28617	29407	29969	122804	97771	27234	25787	46895	55792	82803	137961	175179	140930	239091	175448	220273	294348	347690	550370	417070	643259	985332	614151	2169795	1346446	2751235	5178798	7222965	7503249	36787682	196370	0
LFQ	21	0	0	28	0	4278	6322	15045	16617	23086	28977	38063	38560	49990	141137	50221	40039	46864	60315	88175	100844	180647	181279	159447	173425	200147	256308	308568	394295	475509	421336	633497	1000703	629466	2155947	1420725	2716117	5374926	7331818	8133602	35615804	185248	0
LFQ	22	0	0	36	0	4290	4480	11850	15070	17766	27264	38571	39880	44326	154425	79557	36941	38844	59692	77742	102772	177640	199362	169917	224154	208355	265351	334421	410749	557348	476767	704969	1069504	690911	2313975	1493829	2944656	5566708	7563704	8148010	34213719	209820	0
LFQ	23	11	0	62	0	4645	4204	10824	15119	15750	26877	38486	39938	40879	157846	98755	37087	36514	60707	73917	105143	179405	208021	173729	252725	216486	275459	351503	425900	602441	507644	751495	1110479	731352	2414738	1551713	3076055	5711582	7762301	8146532	33262517	218534	0
LFQ	24	0	0	115	0	5059	4322	11616	16137	15887	28607	41014	42323	41491	169969	113284	37599	36835	62935	75065	111230	187344	219676	180287	273184	227468	287580	371667	441606	637318	532849	798761	1145759	769255	2526562	1601956	3158170	5817998	7951941	8077946	32463472	213088	0
LFQ	25	0	0	203	0	4352	3884	9596	14046	13472	23625	34458	37784	35674	144339	97432	35441	37019	60082	71691	102887	172504	197934	170865	243096	218745	280688	350075	435008	576537	543567	784526	1058544	821439	2356624	1651678	3203793	5734597	8555388	7209529	33192125	214128	0
LFQ	26	0	0	348	0	5610	7961	17041	17252	23565	27180	38046	42685	45621	139834	44136	44438	53480	64773	90048	109534	193569	167228	165626	152225	219577	279440	322962	423915	448393	483651	741216	897973	818908	2116008	1647429	2915056	5385204	8725599	5740317	35923736	157791	0
LFQ	27	0	0	419	0	5609	6104	13803	16408	17833	25794	36812	44329	38511	143719	60829	42239	45834	64743	80648	111482	189324	178512	174052	185395	229895	289496	337166	451131	498773	534817	809159	944542	885902	2226703	1731965	3094508	5510132	9041997	5677415	34779951	171424	0
LFQ	28	0	0	501	0	6323	5874	13865	18969	16707	27709	39477	49459	37459	157833	76122	44611	46655	70103	81093	120391	201415	190701	183932	203935	250358	308286	362680	489869	538975	583440	891715	975920	973001	2362616	1860607	3246924	5672700	9588697	5284157	33553245	161051	0
LFQ	29	0	0	619	0	6225	5581	13030	20459	15324	27994	39774	50392	35857	159724	81696	45167	45711	70733	79080	123962	203316	196307	187402	211565	259041	314290	370916	502323	553786	600368	922931	994819	1004248	2409902	1909945	3307412	5742910	9764971	5238380	33017853	163362	0
LFQ	30	0	0	878	0	6722	5507	13336	22529	15206	29968	40817	53794	35402	166824	86193	46844	47257	72992	81499	129252	211636	202946	193052	218840	272605	324190	384121	523956	569916	620682	966246	1010521	1043542	2481986	1965711	3359888	5815431	9995889	5113103	32409831	158263	0
LFQ	31	0	0	1281	0	9153	12403	25577	24598	31238	35535	49005	61901	54064	179780	48299	58182	68936	80775	106391	140206	245519	189421	198593	165072	275451	336210	382549	515126	509802	573623	921422	968404	998560	2417588	1922268	3166655	5695109	9726069	4819481	33567114	116015	0
LFQ	32	0	0	1236	0	9271	9496	20731	26359	24175	35906	49934	66774	46718	195153	69366	57595	62251	83718	99046	147744	249290	210831	214822	203454	297308	354676	410154	561050	572975	641455	1014642	1026330	1090295	2571288	2038015	3341472	5827783	10097497	4697341	32142020	125536	0
LFQ	33	0	0	1229	0	9342	8837	19583	28745	21552	37703	51292	71263	43943	205799	84684	59234	61609	88059	97813	156034	256491	224330	223947	224216	317980	372922	431258	597394	611238	686848	1089528	1064816	1163422	2675657	2144541	3461262	5951691	10422832	4512494	31086378	124186	0
LFQ	34	68	0	1276	0	9793	8601	19499	32469	20867	40463	53187	76134	43537	217211	95315	61792	62585	91465	98427	163144	264571	233904	231569	237176	332699	383837	445297	621914	637646	711821	1137877	1086469	1208404	2749161	2212087	3524560	6033232	10637696	4380713	30399961	120322	0
LFQ	35	0	0	1450	0	10597	8409	19487	34155	19658	41143	53460	77808	41862	215668	96016	63097	64090	94238	99604	168735	270599	238400	236425	241789	345099	392680	456243	641195	650500	734172	1171401	1102973	1245295	2806816	2273263	3583017	6111800	10837991	4271400	29846739	116455	0
LFQ	36	0	0	1792	0	15335	20180	38218	34430	43197	46033	62720	90353	67334	230130	56577	78479	95474	104856	135372	185413	316196	227457	248979	192897	353188	423492	462052	647526	601977	721429	1135453	1098350	1268807	2730107	2326848	3619090	6288073	10691279	4291086	29631661	99037	0
LFQ	37	0	0	1729	0	14273	14812	30857	37631	32578	46687	64099	95362	56687	244989	74972	77648	86712	109168	125748	192922	317375	248206	267411	231887	378292	443487	490571	700772	659776	800521	1229958	1156014	1361589	2860959	2435936	3776652	6377133	10990893	4205940	28330686	107150	0
LFQ	38	0	0	1720	0	15092	13913	28876	43026	29623	50247	66394	103403	53849	260831	92205	81174	87681	114168	126215	205797	329283	265980	281748	256471	406047	464572	515654	746584	705771	850693	1309947	1200732	1444555	2972600	2558531	3885892	6502645	11272027	3995096	27233019	103592	0
LFQ	39	0	0	1781	0	15714	13924	29492	47477	28287	52871	68312	111021	53004	270119	100019	84927	90920	119300	127316	215526	338807	277649	292450	266694	426799	479599	535364	778421	733436	886119	1367520	1228087	1502482	3050110	2651212	3957203	6598293	11475637	3827897	26469613	99336	0
LFQ	40	0	0	1997	0	17701	14456	30606	54232	28955	58887	74245	122558	55109	296156	111145	90556	97160	128526	132700	232215	362200	295439	308124	283878	454698	503213	562856	823848	772118	920115	1441270	1262258	1558460	3170323	2746182	4010280	6684867	11659910	3629614	25581780	91370	0
LFQ	41	0	0	2411	0	25285	33104	58264	49374	60224	61444	82862	135084	86907	299603	68050	109212	137675	138601	174733	249739	408959	277100	319136	234123	459647	537364	563818	819763	723151	917769	1395408	1265473	1597849	3069058	2828094	4088548	6904031	11411600	3639145	25355338	79414	0
LFQ	42	0	0	2322	0	23466	25137	48597	57421	47830	64706	87125	146994	73197	326699	86956	110834	130337	146002	166140	265020	418742	306979	347857	276047	495730	566446	602710	891812	788037	1008415	1499596	1329617	1701706	3196716	2948914	4219478	6962084	11645127	3519332	24047033	83821	0
LFQ	43	0	0	2292	0	24359	23276	46326	64908	42972	69757	89653	158885	69500	345849	105205	115082	131813	153715	166423	280964	432739	330515	367651	303444	528367	591852	632995	945029	835114	1069431	1584007	1379956	1791349	3301735	3077526	4318282	7067531	11866060	3313982	22954541	79424	0
LFQ	44	0	0	2462	0	24800	22464	45152	70634	39651	72326	90334	166378	66585	351542	113264	117867	136136	158351	167821	292890	441114	343693	378643	318130	550401	608085	653616	979109	864679	1102415	1633400	1413491	1836562	3367141	3151952	4368249	7143149	11961736	3229166	22299403	77565	0
LFQ	45	0	0	2841	0	26431	22744	45417	77627	38584	75574	93247	174452	66998	363047	118577	123233	141066	163094	171993	305724	454412	355750	389874	329540	572275	623870	674977	1010726	894863	1132102	1682797	1446576	1879978	3445525	3216619	4400526	7211746	12026043	3132654	21692057	74633	0
LFQ	46	0	0	3686	0	38925	50426	84294	66171	81653	76553	104271	193552	111072	363101	83334	145462	195171	176860	221524	325811	508630	344204	403943	285430	571614	674282	676049	1007284	863776	1167763	1647287	1485781	2032082	3319779	3481339	4739711	7779620	11781043	3236008	20258453	70252	0
LFQ	47	0	0	28451	0	36085	38831	71986	78752	65308	81508	108354	207789	92812	396457	98011	148650	186235	187202	211592	346494	517303	373604	438689	330885	612225	702021	716164	1087427	922518	1256830	1746050	1559084	2117791	3440732	3569710	4837877	7777265	11928717	3170044	19090828	73953	0
LFQ	48	0	0	83257	0	36019	34977	66822	88497	56912	87166	110454	220302	86240	410634	115509	152813	189767	194110	211996	364254	530748	397817	460677	359160	645753	727682	747901	1139334	968104	1311387	1829823	1615072	2199831	3536700	3690926	4908529	7835053	12008187	3007243	18151987	70736	0
LFQ	49	0	0	180701	0	37101	34184	66187	98214	54925	93530	115174	235493	84773	432553	125758	160030	196468	203209	216443	383831	551909	417627	480634	376060	681264	753195	776800	1191143	1006935	1351374	1912865	1656121	2262620	3636056	3800758	4942105	7901249	12051620	2811654	17305190	64867	0
LFQ	50	0	0	341661	0	39730	35657	67800	107788	53351	97525	117624	250288	83916	442338	128938	166522	205627	210848	222173	402420	567306	434588	498992	389883	711571	771396	802782	1227911	1039167	1382578	1980243	1697892	2317510	3742160	3916533	4945566	7953483	11976276	2622110	16638978	57825	0
LFQ	51	0	0	580466	0	13228	20876	44056	42794	62833	63999	79947	88845	114071	285428	79015	93463	127875	136324	203622	211806	375837	333913	310038	285579	413467	548363	569335	805251	724985	964238	1124026	1627314	1344320	2743457	2292680	4170546	6828093	8533592	8749626	23380086	273872	0
LFQ	52	0	0	649836	0	14280	17554	37416	38313	49690	59598	86040	99046	94558	324373	112536	89084	108563	136208	183287	220388	380531	356870	341803	347552	430264	575170	614949	839387	811320	1052072	1208971	1684210	1414428	2877821	2348492	4328814	6858002	8570957	8569215	22426475	287516	0
LFQ	53	0	0	755710	0	15675	16800	36216	39523	44643	60682	89068	107767	88409	348889	144697	90648	106555	140389	178672	231823	393549	375741	363928	390087	454667	601166	649410	879996	872819	1112678	1297433	1718013	1511803	2993426	2444446	4458210	6928169	8793115	8139681	21494140	275179	0
LFQ	54	0	0	915074	0	16327	17467	36291	42125	43619	63148	93292	115607	88558	365190	163746	93348	108790	145706	177365	242790	407140	390116	378183	414055	472958	620413	673038	906399	903905	1145321	1366854	1734209	1582531	3076883	2513673	4541655	6976016	8959181	7741001	20856171	253797	0
LFQ	55	0	0	1172168	0	17303	17868	35386	40804	41490	60527	89676	112605	84084	348577	161192	93122	109409	146337	178008	245283	404276	387193	379156	416741	481046	625813	676162	917079	907961	1157736	1402621	1737239	1626078	3119708	2560467	4582722	7007112	9052001	7484874	20520294	240052	0
LFQ	56	3	0	1575181	0	18637	26522	52808	47104	65644	67923	93384	113710	107011	344805	88383	100559	124309	138391	191138	239055	427490	330496	330100	285171	429734	568019	613101	811842	800416	962141	1311942	1575886	1493613	3036173	2410852	4113020	6587331	8841076	6346679	23833091	135537	0
LFQ	57	0	0	1694346	0	18791	20802	45876	50530	52829	69874	102930	130696	93222	391641	129955	100285	112955	146550	177750	254395	437593	364618	362319	351299	462125	596498	651516	866059	883871	1044643	1415002	1634658	1570740	3184747	2476598	4252742	6628442	8954773	6197383	22558222	149089	0
LFQ	58	0	0	1866220	0	19701	19184	42593	54533	46485	73665	105183	140366	86575	412422	161531	101529	111319	152462	172125	266928	447194	386551	376282	387737	488166	614434	679717	906876	933979	1093873	1500580	1672856	1645554	3295756	2569353	4344892	6672108	9122730	5950879	21564098	147951	0
LFQ	59	2	0	2132389	0	20138	18524	41495	60034	43534	77585	108678	149138	85148	429254	180246	105902	113662	160177	173490	282722	463181	402971	389569	408717	515541	636041	700614	943704	967786	1121870	1587056	1694304	1718293	3399536	2660887	4398174	6706269	9272591	5624882	20699479	138816	0
LFQ	60	0	0	2563144	0	19521	17531	38025	57524	38921	73201	101123	139630	78515	399398	170679	102920	110131	158562	167976	278619	452676	397842	386297	406519	522458	633785	698705	952362	959941	1129278	1632716	1702427	1755843	3459215	2702188	4428860	6725449	9371145	5469920	20192685	134205	0
LFQ	61	0	0	3228719	0	23760	33523	64556	54212	73421	73474	104991	138125	109163	380724	90712	120382	147068	160904	211750	281767	494457	358116	373468	302668	502855	654421	688340	939824	880353	1128555	1543873	1688233	1812124	3258721	2775196	4471283	6850111	9220665	5507667	19763716	115346	0
LFQ	62	0	0	3399215	0	23305	25615	54692	60988	58043	77106	113040	159064	92972	423451	125093	120767	136564	169692	196620	299210	502340	390005	407931	363349	539518	680873	724653	999365	953413	1207852	1645390	1750001	1879981	3386492	2834875	4579613	6847889	9259075	5405043	18604665	126556	0
LFQ	63	82	0	3648647	0	23452	23081	51062	68156	50376	84191	117853	172786	88937	453441	156945	123108	135051	177868	192350	316872	516573	416087	425944	399917	569593	704537	751942	1045226	1005354	1252849	1737093	1789072	1951761	3502105	2916568	4643844	6864774	9332346	5161642	17625325	124138	0
LFQ	64	0	0	4028686	0	22852	21199	47833	72083	45680	86407	118305	175718	84246	455986	170624	123791	133402	181002	189160	323612	520432	425217	431033	415933	589172	711407	763276	1067531	1024542	1260022	1803224	1813642	2002192	3583729	2973314	4674746	6867677	9373367	4978167	16938605	119068	0
LFQ	65	0	0	4650242	0	22470	20029	43685	69735	40868	82248	109603	166555	77657	425245	160708	122301	132442	181570	185000	322556	511047	425378	431103	416074	598802	710781	763238	1080500	1022399	1262463	1868160	1822582	2051529	3660943	3046134	4692569	6869065	9435588	4708770	16311117	111133	0
LFQ	66	0	0	5589346	0	24555	34957	68531	56384	71959	72953	109083	156209	99991	394187	87978	136998	164555	176219	220941	319628	546245	374581	406094	313566	564503	722456	746422	1040893	955087	1269302	1757430	1806980	2119588	3417719	3123243	4746155	6980326	9220374	4696280	15918049	96642	0
LFQ	67	27	0	5832992	0	24750	26420	60055	69599	57029	82288	119702	181348	85205	447610	117264	140385	155440	189577	207161	343172	563145	409311	443638	367527	611356	750244	785166	1117824	1022811	1349705	1874270	1860768	2195682	3556419	3187489	4827893	6940711	9227308	4511309	14755538	101063	0
LFQ	68	0	0	6187556	0	23519	22508	53643	80013	47195	90501	123275	195576	79789	471155	144768	142233	153799	197717	203313	361969	575895	434913	463555	401719	645456	769824	808467	1161710	1070153	1382636	1965485	1902546	2264458	3652335	3267074	4871417	6914743	9216219	4284288	13860618	98420	0
LFQ	69	0	0	6743261	0	22779	19745	48352	83164	41166	90724	118938	195287	74174	461069	150833	143276	154857	200258	198262	367805	573277	440756	466644	413122	660012	772137	812080	1181407	1077068	1383121	2032548	1922226	2321172	3720489	3338962	4876384	6901069	9220184	4053421	13207041	92383	0
LFQ	70	0	0	7666528	0	19456	17095	39384	73842	33285	79445	101849	167804	63801	393780	131106	136048	147560	194253	190001	354960	545612	429884	457165	405092	658360	761241	797401	1181903	1053471	1367218	2089426	1931858	2357065	3777507	3397454	4872859	6881017	9199450	3843236	12661549	86999	0
LFQ	71	0	0	9110980	0	17672	24438	54966	45834	49606	56413	94060	143120	61108	338272	71058	146224	169929	181103	209892	346125	570500	376223	418880	307742	605881	761854	780144	1114107	1023431	1404790	1961916	1935376	2491745	3488623	3542970	5015163	7060812	8884298	3796717	11809312	77848	0
LFQ	72	0	0	9453234	0	19741	19328	53059	70658	40699	74367	109457	181736	57117	408603	94806	156158	170223	199168	200271	384487	601180	410502	459945	353110	668796	789141	816891	1203795	1087286	1469691	2101991	1994852	2572108	3635679	3627555	5039853	6942418	8782378	3525295	10676043	77338	0
LFQ	73	0	0	9945057	0	19794	15290	47382	89306	33534	87660	113318	201975	56053	441104	115666	163644	176517	212356	199546	411465	623922	439878	484327	382454	714429	811485	843005	1261626	1136936	1506645	2207649	2030786	2649319	3726193	3727612	5035635	6863915	8666899	3203694	9788798	69930	0
LFQ	74	0	0	10692754	0	16824	12102	37642	85799	25731	82457	100158	185479	49492	398185	111248	165307	182048	215411	194895	421140	620631	447055	485940	389354	728120	809566	840188	1269120	1138067	1494877	2268469	2050721	2690939	3779267	3785393	5011279	6810991	8571104	3015037	9227259	65148	0
LFQ	75	0	0	11922247	0	7272	6661	17436	37557	13371	39957	50166	86672	28127	202208	61636	157809	174781	206963	185413	407038	598406	436604	468714	382142	708266	784924	816033	1232794	1099954	1435492	2283227	2059607	2670473	3804672	3747088	4973544	6744466	8452928	3033129	9036026	66747	0
LFQ	76	106779	0	13906885	0	0	0	0	0	0	0	0	0	0	0	0	240061	350010	322884	443843	513595	955433	614523	614864	451382	803696	1033312	1062503	1298963	1210919	1332231	2159643	2299443	2059962	4253699	2920451	4392771	6355577	6530121	4414487	7652296	99147	0
# GC Content of first fragments. Use `grep ^GCF | cut -f 2-` to extract this part.
GCF	0.50	198
GCF	1.76	109
GCF	2.76	84
GCF	3.27	85
GCF	4.27	66
GCF	5.28	58
GCF	5.78	57
GCF	6.28	56
GCF	7.04	23
GCF	8.29	30
GCF	9.55	35
GCF	10.80	84
GCF	12.31	168
GCF	13.32	417
GCF	13.82	418
GCF	14.32	1454
GCF	14.82	1459
GCF	15.33	1465
GCF	15.83	4615
GCF	16.33	4619
GCF	16.83	4629
GCF	17.34	12421
GCF	17.84	12436
GCF	18.34	28589
GCF	18.84	28629
GCF	19.35	28671
GCF	19.85	57831
GCF	20.35	57877
GCF	20.85	104738
GCF	21.36	104802
GCF	21.86	104852
GCF	22.36	174051
GCF	22.86	174144
GCF	23.37	174238
GCF	23.87	265190
GCF	24.37	265242
GCF	24.87	379704
GCF	25.38	379801
GCF	25.88	379994
GCF	26.38	520693
GCF	26.88	520918
GCF	27.39	680803
GCF	27.89	680942
GCF	28.39	681180
GCF	28.89	859101
GCF	29.40	859512
GCF	29.90	859811
GCF	30.40	1070109
GCF	30.90	1070600
GCF	31.41	1294239
GCF	31.91	1294628
GCF	32.41	1295084
GCF	32.91	1543466
GCF	33.42	1544320
GCF	33.92	1545084
GCF	34.42	1802451
GCF	34.92	1802994
GCF	35.43	2071253
GCF	35.93	2072040
GCF	36.43	2072672
GCF	36.93	2332622
GCF	37.44	2333401
GCF	37.94	2568636
GCF	38.44	2569326
GCF	38.94	2570120
GCF	39.45	2749030
GCF	39.95	2749480
GCF	40.45	2749859
GCF	40.95	2894195
GCF	41.46	2894532
GCF	41.96	2975583
GCF	42.46	2975574
GCF	42.96	2975417
GCF	43.47	3009705
GCF	43.97	3009365
GCF	44.47	3009160
GCF	44.97	2991397
GCF	45.48	2991497
GCF	45.98	2943161
GCF	46.48	2942567
GCF	46.98	2942487
GCF	47.49	2891831
GCF	47.99	2891813
GCF	48.49	2822852
GCF	48.99	2822958
GCF	49.50	2822758
GCF	50.00	2758275
GCF	50.50	2758277
GCF	51.01	2758386
GCF	51.51	2690709
GCF	52.01	2690432
GCF	52.51	2626596
GCF	53.02	2626498
GCF	53.52	2626726
GCF	54.02	2553272
GCF	54.52	2553112
GCF	55.03	2461645
GCF	55.53	2461724
GCF	56.03	2461620
GCF	56.53	2355410
GCF	57.04	2355427
GCF	57.54	2355220
GCF	58.04	2226108
GCF	58.54	2225612
GCF	59.05	2070001
GCF	59.55	2069705
GCF	60.05	2069524
GCF	60.55	1886303
GCF	61.06	1886293
GCF	61.56	1886034
GCF	62.06	1679435
GCF	62.56	1678991
GCF	63.07	1457424
GCF	63.57	1456758
GCF	64.07	1456161
GCF	64.57	1225215
GCF	65.08	1224673
GCF	65.58	1001004
GCF	66.08	1000431
GCF	66.58	999582
GCF	67.09	790042
GCF	67.59	789323
GCF	68.09	788775
GCF	68.59	595333
GCF	69.10	594859
GCF	69.60	436475
GCF	70.10	436130
GCF	70.60	435724
GCF	71.11	307433
GCF	71.61	307082
GCF	72.11	306719
GCF	72.61	210018
GCF	73.12	209798
GCF	73.62	139961
GCF	74.12	139682
GCF	74.62	139568
GCF	75.13	90573
GCF	75.63	90390
GCF	76.13	58272
GCF	76.63	58182
GCF	77.14	58095
GCF	77.64	37195
GCF	78.14	37114
GCF	78.64	37057
GCF	79.15	23742
GCF	79.65	23673
GCF	80.15	15007
GCF	80.65	14962
GCF	81.16	14910
GCF	81.66	9621
GCF	82.16	9613
GCF	82.66	6174
GCF	83.17	6168
GCF	83.67	6155
GCF	84.17	3558
GCF	84.67	3552
GCF	85.18	3536
GCF	85.68	2059
GCF	86.18	2054
GCF	86.68	1051
GCF	87.19	1044
GCF	87.69	1038
GCF	88.19	516
GCF	88.69	510
GCF	89.20	508
GCF	89.70	239
GCF	90.20	237
GCF	90.70	75
GCF	91.46	74
GCF	92.21	28
GCF	92.71	26
GCF	93.22	6
GCF	93.97	5
GCF	95.48	0
GCF	97.49	1
GCF	99.25	3
# GC Content of last fragments. Use `grep ^GCL | cut -f 2-` to extract this part.
GCL	0.50	546
GCL	1.76	115
GCL	2.76	53
GCL	3.27	54
GCL	4.27	37
GCL	5.28	25
GCL	5.78	26
GCL	6.28	25
GCL	7.04	20
GCL	7.79	36
GCL	8.54	35
GCL	9.55	36
GCL	10.80	73
GCL	12.06	129
GCL	12.81	128
GCL	13.32	339
GCL	13.82	342
GCL	14.32	1127
GCL	14.82	1130
GCL	15.33	1136
GCL	15.83	3584
GCL	16.33	3589
GCL	16.83	3603
GCL	17.34	9997
GCL	17.84	10010
GCL	18.34	23141
GCL	18.84	23176
GCL	19.35	23217
GCL	19.85	47477
GCL	20.35	47524
GCL	20.85	87831
GCL	21.36	87890
GCL	21.86	87934
GCL	22.36	148516
GCL	22.86	148599
GCL	23.37	148689
GCL	23.87	231512
GCL	24.37	231575
GCL	24.87	335886
GCL	25.38	335970
GCL	25.88	336154
GCL	26.38	465729
GCL	26.88	465964
GCL	27.39	617811
GCL	27.89	617973
GCL	28.39	618209
GCL	28.89	795410
GCL	29.40	795835
GCL	29.90	796158
GCL	30.40	999901
GCL	30.90	1000362
GCL	31.41	1228676
GCL	31.91	1229140
GCL	32.41	1229685
GCL	32.91	1478686
GCL	33.42	1479456
GCL	33.92	1480134
GCL	34.42	1748733
GCL	34.92	1749359
GCL	35.43	2025854
GCL	35.93	2026625
GCL	36.43	2027407
GCL	36.93	2297684
GCL	37.44	2298341
GCL	37.94	2548337
GCL	38.44	2549067
GCL	38.94	2549851
GCL	39.45	2752984
GCL	39.95	2753485
GCL	40.45	2753852
GCL	40.95	2905589
GCL	41.46	2905740
GCL	41.96	2998727
GCL	42.46	2998720
GCL	42.96	2998703
GCL	43.47	3046141
GCL	43.97	3045796
GCL	44.47	3045505
GCL	44.97	3026028
GCL	45.48	3026065
GCL	45.98	2987027
GCL	46.48	2986556
GCL	46.98	2986638
GCL	47.49	2936947
GCL	47.99	2936812
GCL	48.49	2866703
GCL	48.99	2866758
GCL	49.50	2866659
GCL	50.00	2802826
GCL	50.50	2802859
GCL	51.01	2803058
GCL	51.51	2735353
GCL	52.01	2735121
GCL	52.51	2667254
GCL	53.02	2667329
GCL	53.52	2667485
GCL	54.02	2596308
GCL	54.52	2596276
GCL	55.03	2505355
GCL	55.53	2505303
GCL	56.03	2504956
GCL	56.53	2396428
GCL	57.04	2396244
GCL	57.54	2396193
GCL	58.04	2268184
GCL	58.54	2267867
GCL	59.05	2105122
GCL	59.55	2104801
GCL	60.05	2104547
GCL	60.55	1918713
GCL	61.06	1918680
GCL	61.56	1918458
GCL	62.06	1707547
GCL	62.56	1707047
GCL	63.07	1480104
GCL	63.57	1479437
GCL	64.07	1478715
GCL	64.57	1243077
GCL	65.08	1242535
GCL	65.58	1010134
GCL	66.08	1009636
GCL	66.58	1008895
GCL	67.09	795506
GCL	67.59	794806
GCL	68.09	794306
GCL	68.59	596354
GCL	69.10	595814
GCL	69.60	433632
GCL	70.10	433257
GCL	70.60	432839
GCL	71.11	303026
GCL	71.61	302703
GCL	72.11	302401
GCL	72.61	206438
GCL	73.12	206181
GCL	73.62	136036
GCL	74.12	135827
GCL	74.62	135735
GCL	75.13	88548
GCL	75.63	88439
GCL	76.13	57227
GCL	76.63	57130
GCL	77.14	57036
GCL	77.64	36996
GCL	78.14	36889
GCL	78.64	36820
GCL	79.15	23773
GCL	79.65	23702
GCL	80.15	14914
GCL	80.65	14856
GCL	81.16	14827
GCL	81.66	9608
GCL	82.16	9603
GCL	82.66	6232
GCL	83.17	6227
GCL	83.67	6208
GCL	84.17	3612
GCL	84.67	3603
GCL	85.18	3594
GCL	85.68	2020
GCL	86.18	2017
GCL	86.68	1081
GCL	87.19	1075
GCL	87.69	1070
GCL	88.19	492
GCL	88.94	485
GCL	89.70	228
GCL	90.20	226
GCL	91.21	83
GCL	92.21	24
GCL	92.71	23
GCL	93.72	3
GCL	95.23	2
GCL	96.23	1
GCL	97.49	2
GCL	99.25	8
# ACGT content per cycle. Use `grep ^GCC | cut -f 2-` to extract this part. The columns are: cycle; A,C,G,T base counts as a percentage of all A/C/G/T bases [%]; and N and O counts as a percentage of all A/C/G/T bases [%]
GCC	1	27.43	22.29	21.98	28.30	0.06	0.00
GCC	2	26.62	23.18	22.81	27.39	0.00	0.00
GCC	3	26.16	23.63	23.30	26.91	0.01	0.00
GCC	4	26.05	23.73	23.44	26.79	0.02	0.00
GCC	5	26.39	23.39	23.10	27.12	0.00	0.00
GCC	6	25.91	23.89	23.60	26.61	0.01	0.00
GCC	7	26.22	23.59	23.31	26.89	0.00	0.00
GCC	8	26.39	23.40	23.13	27.08	0.00	0.00
GCC	9	26.34	23.44	23.17	27.04	0.00	0.00
GCC	10	26.29	23.49	23.20	27.01	0.00	0.00
GCC	11	26.32	23.47	23.18	27.03	0.00	0.00
GCC	12	26.23	23.55	23.23	26.98	0.00	0.00
GCC	13	26.34	23.45	23.13	27.08	0.00	0.00
GCC	14	26.32	23.48	23.14	27.06	0.00	0.00
GCC	15	26.22	23.58	23.24	26.96	0.00	0.00
GCC	16	26.24	23.57	23.22	26.97	0.00	0.00
GCC	17	26.20	23.61	23.26	26.93	0.00	0.00
GCC	18	26.09	23.72	23.35	26.84	0.00	0.00
GCC	19	26.14	23.68	23.31	26.88	0.00	0.00
GCC	20	26.09	23.73	23.33	26.85	0.00	0.00
GCC	21	26.00	23.81	23.41	26.79	0.00	0.00
GCC	22	26.04	23.76	23.37	26.83	0.00	0.00
GCC	23	26.01	23.78	23.37	26.84	0.00	0.00
GCC	24	25.91	23.88	23.46	26.75	0.00	0.00
GCC	25	25.96	23.82	23.39	26.83	0.00	0.00
GCC	26	25.94	23.85	23.41	26.80	0.00	0.00
GCC	27	25.85	23.95	23.49	26.71	0.00	0.00
GCC	28	25.90	23.90	23.43	26.77	0.00	0.00
GCC	29	25.87	23.91	23.45	26.77	0.00	0.00
GCC	30	25.78	24.00	23.52	26.69	0.00	0.00
GCC	31	25.81	23.97	23.47	26.74	0.00	0.00
GCC	32	25.80	23.98	23.48	26.74	0.00	0.00
GCC	33	25.72	24.06	23.55	26.67	0.00	0.00
GCC	34	25.75	24.02	23.50	26.73	0.00	0.00
GCC	35	25.74	24.03	23.50	26.73	0.00	0.00
GCC	36	25.65	24.11	23.57	26.66	0.00	0.00
GCC	37	25.70	24.07	23.52	26.72	0.00	0.00
GCC	38	25.68	24.08	23.52	26.72	0.00	0.00
GCC	39	25.61	24.15	23.58	26.66	0.00	0.00
GCC	40	25.64	24.10	23.54	26.72	0.00	0.00
GCC	41	25.62	24.12	23.55	26.71	0.00	0.00
GCC	42	25.56	24.19	23.62	26.63	0.00	0.00
GCC	43	25.58	24.16	23.57	26.69	0.00	0.00
GCC	44	25.56	24.19	23.58	26.67	0.00	0.00
GCC	45	25.49	24.25	23.64	26.62	0.00	0.00
GCC	46	25.50	24.24	23.61	26.65	0.00	0.00
GCC	47	25.49	24.24	23.63	26.65	0.00	0.00
GCC	48	25.42	24.32	23.68	26.58	0.00	0.00
GCC	49	25.44	24.29	23.64	26.62	0.00	0.00
GCC	50	25.42	24.31	23.66	26.61	0.00	0.00
GCC	51	25.35	24.38	23.72	26.55	0.00	0.00
GCC	52	25.39	24.34	23.67	26.60	0.00	0.00
GCC	53	25.39	24.35	23.68	26.58	0.00	0.00
GCC	54	25.31	24.42	23.75	26.52	0.00	0.00
GCC	55	25.35	24.38	23.70	26.57	0.00	0.00
GCC	56	25.31	24.42	23.73	26.54	0.00	0.00
GCC	57	25.26	24.46	23.78	26.50	0.00	0.00
GCC	58	25.29	24.44	23.74	26.53	0.00	0.00
GCC	59	25.26	24.45	23.76	26.52	0.00	0.00
GCC	60	25.21	24.52	23.82	26.45	0.00	0.00
GCC	61	25.22	24.50	23.81	26.47	0.00	0.00
GCC	62	25.21	24.52	23.81	26.47	0.00	0.00
GCC	63	25.15	24.58	23.87	26.41	0.00	0.00
GCC	64	25.17	24.55	23.83	26.45	0.00	0.00
GCC	65	25.17	24.57	23.83	26.44	0.00	0.00
GCC	66	25.09	24.62	23.90	26.38	0.00	0.00
GCC	67	25.09	24.63	23.90	26.37	0.00	0.00
GCC	68	25.08	24.65	23.92	26.35	0.00	0.00
GCC	69	25.01	24.72	23.99	26.28	0.00	0.00
GCC	70	25.02	24.70	23.97	26.31	0.00	0.00
GCC	71	24.99	24.72	24.00	26.29	0.00	0.00
GCC	72	24.93	24.79	24.05	26.22	0.00	0.00
GCC	73	24.96	24.77	24.04	26.23	0.00	0.00
GCC	74	24.93	24.79	24.05	26.22	0.00	0.00
GCC	75	24.84	24.90	24.15	26.12	0.00	0.00
GCC	76	24.66	25.07	24.30	25.98	0.08	0.00
# ACGT content per cycle, read oriented. Use `grep ^GCT | cut -f 2-` to extract this part. The columns are: cycle; A,C,G,T base counts as a percentage of all A/C/G/T bases [%]
GCT	1	27.87	24.17	20.10	27.86
GCT	2	27.95	22.74	23.25	26.06
GCT	3	26.36	23.77	23.16	26.70
GCT	4	25.80	24.12	23.04	27.03
GCT	5	26.07	23.31	23.17	27.45
GCT	6	26.10	24.11	23.37	26.42
GCT	7	26.16	23.56	23.33	26.95
GCT	8	26.29	23.81	22.72	27.18
GCT	9	26.00	23.96	22.65	27.39
GCT	10	26.26	23.93	22.77	27.04
GCT	11	26.18	23.97	22.68	27.17
GCT	12	26.11	24.09	22.70	27.10
GCT	13	26.25	23.91	22.68	27.16
GCT	14	26.24	23.89	22.73	27.14
GCT	15	26.11	24.06	22.77	27.07
GCT	16	26.12	24.02	22.77	27.09
GCT	17	26.04	24.05	22.83	27.09
GCT	18	25.92	24.23	22.85	27.00
GCT	19	26.00	24.14	22.85	27.01
GCT	20	25.96	24.15	22.90	26.98
GCT	21	25.89	24.27	22.95	26.89
GCT	22	25.98	24.20	22.93	26.89
GCT	23	25.98	24.17	22.98	26.88
GCT	24	25.90	24.31	23.04	26.76
GCT	25	25.99	24.21	22.99	26.80
GCT	26	25.98	24.19	23.07	26.76
GCT	27	25.89	24.31	23.13	26.67
GCT	28	26.00	24.24	23.09	26.66
GCT	29	25.97	24.22	23.14	26.68
GCT	30	25.87	24.33	23.19	26.60
GCT	31	25.96	24.27	23.17	26.59
GCT	32	25.95	24.26	23.21	26.59
GCT	33	25.88	24.35	23.25	26.51
GCT	34	25.97	24.28	23.24	26.51
GCT	35	25.95	24.26	23.28	26.51
GCT	36	25.88	24.36	23.32	26.44
GCT	37	25.96	24.28	23.30	26.45
GCT	38	25.93	24.26	23.34	26.47
GCT	39	25.87	24.37	23.37	26.40
GCT	40	25.94	24.28	23.36	26.42
GCT	41	25.92	24.27	23.40	26.41
GCT	42	25.85	24.36	23.45	26.34
GCT	43	25.90	24.28	23.46	26.36
GCT	44	25.87	24.27	23.50	26.36
GCT	45	25.81	24.36	23.53	26.29
GCT	46	25.87	24.28	23.57	26.29
GCT	47	25.85	24.24	23.63	26.28
GCT	48	25.78	24.32	23.68	26.22
GCT	49	25.85	24.25	23.68	26.21
GCT	50	25.81	24.22	23.75	26.21
GCT	51	25.74	24.30	23.80	26.16
GCT	52	25.82	24.23	23.78	26.17
GCT	53	25.80	24.21	23.82	26.18
GCT	54	25.73	24.30	23.87	26.10
GCT	55	25.81	24.21	23.87	26.11
GCT	56	25.77	24.21	23.94	26.08
GCT	57	25.73	24.27	23.97	26.03
GCT	58	25.79	24.21	23.97	26.03
GCT	59	25.77	24.19	24.02	26.02
GCT	60	25.70	24.28	24.06	25.96
GCT	61	25.74	24.23	24.08	25.95
GCT	62	25.73	24.22	24.10	25.95
GCT	63	25.66	24.30	24.15	25.90
GCT	64	25.74	24.22	24.15	25.89
GCT	65	25.72	24.20	24.20	25.88
GCT	66	25.67	24.28	24.25	25.80
GCT	67	25.68	24.23	24.30	25.79
GCT	68	25.67	24.23	24.34	25.77
GCT	69	25.60	24.32	24.39	25.69
GCT	70	25.65	24.27	24.40	25.68
GCT	71	25.61	24.27	24.46	25.66
GCT	72	25.57	24.37	24.48	25.59
GCT	73	25.61	24.33	24.48	25.58
GCT	74	25.60	24.31	24.53	25.56
GCT	75	25.48	24.35	24.69	25.47
GCT	76	25.51	24.52	24.85	25.12
# ACGT content per cycle for first fragments. Use `grep ^FBC | cut -f 2-` to extract this part. The columns are: cycle; A,C,G,T base counts as a percentage of all A/C/G/T bases [%]; and N and O counts as a percentage of all A/C/G/T bases [%]
FBC	1	27.52	22.17	21.96	28.35	0.12	0.00
FBC	2	26.76	23.02	22.69	27.53	0.01	0.00
FBC	3	26.45	23.31	23.06	27.18	0.02	0.00
FBC	4	26.50	23.27	23.03	27.20	0.04	0.00
FBC	5	26.52	23.26	23.01	27.21	0.01	0.00
FBC	6	26.17	23.62	23.37	26.84	0.02	0.00
FBC	7	26.39	23.41	23.16	27.04	0.00	0.00
FBC	8	26.52	23.26	23.03	27.19	0.00	0.00
FBC	9	26.48	23.30	23.07	27.16	0.00	0.00
FBC	10	26.44	23.33	23.09	27.14	0.00	0.00
FBC	11	26.45	23.32	23.08	27.15	0.00	0.00
FBC	12	26.35	23.41	23.14	27.09	0.00	0.00
FBC	13	26.45	23.33	23.04	27.18	0.00	0.00
FBC	14	26.43	23.37	23.06	27.14	0.00	0.00
FBC	15	26.33	23.45	23.16	27.05	0.00	0.00
FBC	16	26.35	23.45	23.14	27.07	0.00	0.00
FBC	17	26.30	23.50	23.19	27.01	0.00	0.00
FBC	18	26.18	23.61	23.28	26.93	0.00	0.00
FBC	19	26.24	23.56	23.23	26.97	0.00	0.00
FBC	20	26.19	23.61	23.26	26.94	0.00	0.00
FBC	21	26.11	23.68	23.34	26.87	0.00	0.00
FBC	22	26.15	23.65	23.29	26.92	0.00	0.00
FBC	23	26.11	23.67	23.30	26.92	0.00	0.00
FBC	24	26.01	23.77	23.38	26.84	0.00	0.00
FBC	25	26.06	23.71	23.31	26.91	0.00	0.00
FBC	26	26.03	23.75	23.33	26.88	0.00	0.00
FBC	27	25.95	23.83	23.42	26.80	0.00	0.00
FBC	28	25.99	23.80	23.36	26.85	0.00	0.00
FBC	29	25.96	23.81	23.39	26.85	0.00	0.00
FBC	30	25.87	23.90	23.46	26.77	0.00	0.00
FBC	31	25.91	23.87	23.40	26.81	0.00	0.00
FBC	32	25.89	23.88	23.42	26.81	0.00	0.00
FBC	33	25.81	23.96	23.48	26.75	0.00	0.00
FBC	34	25.85	23.92	23.43	26.80	0.00	0.00
FBC	35	25.83	23.93	23.43	26.81	0.00	0.00
FBC	36	25.76	24.01	23.51	26.73	0.00	0.00
FBC	37	25.79	23.97	23.46	26.79	0.00	0.00
FBC	38	25.77	23.98	23.47	26.78	0.00	0.00
FBC	39	25.69	24.05	23.52	26.74	0.00	0.00
FBC	40	25.74	24.00	23.47	26.79	0.00	0.00
FBC	41	25.70	24.03	23.49	26.78	0.00	0.00
FBC	42	25.64	24.10	23.56	26.70	0.00	0.00
FBC	43	25.65	24.08	23.51	26.76	0.00	0.00
FBC	44	25.63	24.12	23.53	26.73	0.00	0.00
FBC	45	25.56	24.17	23.59	26.68	0.00	0.00
FBC	46	25.57	24.16	23.57	26.70	0.00	0.00
FBC	47	25.54	24.18	23.59	26.69	0.00	0.00
FBC	48	25.47	24.26	23.65	26.62	0.00	0.00
FBC	49	25.49	24.24	23.62	26.65	0.00	0.00
FBC	50	25.48	24.26	23.62	26.64	0.00	0.00
FBC	51	25.37	24.35	23.71	26.57	0.00	0.00
FBC	52	25.43	24.31	23.64	26.62	0.00	0.00
FBC	53	25.42	24.33	23.67	26.58	0.00	0.00
FBC	54	25.33	24.39	23.74	26.53	0.00	0.00
FBC	55	25.37	24.36	23.69	26.58	0.00	0.00
FBC	56	25.33	24.40	23.72	26.55	0.00	0.00
FBC	57	25.27	24.45	23.78	26.50	0.00	0.00
FBC	58	25.29	24.43	23.74	26.54	0.00	0.00
FBC	59	25.27	24.45	23.75	26.52	0.00	0.00
FBC	60	25.21	24.52	23.83	26.44	0.00	0.00
FBC	61	25.21	24.51	23.82	26.45	0.00	0.00
FBC	62	25.19	24.54	23.83	26.44	0.00	0.00
FBC	63	25.13	24.59	23.89	26.39	0.00	0.00
FBC	64	25.15	24.57	23.86	26.43	0.00	0.00
FBC	65	25.14	24.59	23.86	26.40	0.00	0.00
FBC	66	25.08	24.64	23.93	26.35	0.00	0.00
FBC	67	25.04	24.70	23.97	26.30	0.00	0.00
FBC	68	25.02	24.72	23.99	26.27	0.00	0.00
FBC	69	24.93	24.80	24.07	26.20	0.00	0.00
FBC	70	24.94	24.78	24.06	26.22	0.00	0.00
FBC	71	24.90	24.83	24.10	26.17	0.01	0.00
FBC	72	24.84	24.90	24.14	26.12	0.00	0.00
FBC	73	24.85	24.89	24.15	26.11	0.00	0.00
FBC	74	24.81	24.92	24.17	26.10	0.00	0.00
FBC	75	24.71	25.04	24.27	25.97	0.00	0.00
FBC	76	24.55	25.19	24.39	25.87	0.01	0.00
# ACGT raw counters for first fragments. Use `grep ^FTC | cut -f 2-` to extract this part. The columns are: A,C,G,T,N base counters
FTC	1342718613	1253184162	1226597701	1394982135	174931
# ACGT content per cycle for last fragments. Use `grep ^LBC | cut -f 2-` to extract this part. The columns are: cycle; A,C,G,T base counts as a percentage of all A/C/G/T bases [%]; and N and O counts as a percentage of all A/C/G/T bases [%]
LBC	1	27.34	22.41	22.00	28.25	0.00	0.00
LBC	2	26.48	23.35	22.92	27.26	0.00	0.00
LBC	3	25.86	23.95	23.55	26.64	0.00	0.00
LBC	4	25.60	24.18	23.84	26.37	0.00	0.00
LBC	5	26.27	23.52	23.19	27.03	0.00	0.00
LBC	6	25.65	24.15	23.82	26.38	0.00	0.00
LBC	7	26.04	23.77	23.45	26.74	0.00	0.00
LBC	8	26.26	23.55	23.23	26.97	0.00	0.00
LBC	9	26.20	23.59	23.28	26.93	0.00	0.00
LBC	10	26.14	23.66	23.32	26.88	0.00	0.00
LBC	11	26.18	23.62	23.28	26.92	0.00	0.00
LBC	12	26.11	23.70	23.32	26.87	0.00	0.00
LBC	13	26.22	23.57	23.22	26.98	0.00	0.00
LBC	14	26.22	23.59	23.23	26.97	0.00	0.00
LBC	15	26.10	23.71	23.32	26.86	0.00	0.00
LBC	16	26.13	23.69	23.31	26.88	0.00	0.00
LBC	17	26.10	23.72	23.33	26.84	0.00	0.00
LBC	18	25.99	23.83	23.43	26.74	0.00	0.00
LBC	19	26.03	23.80	23.39	26.79	0.00	0.00
LBC	20	25.99	23.84	23.40	26.77	0.00	0.00
LBC	21	25.89	23.93	23.48	26.70	0.00	0.00
LBC	22	25.92	23.88	23.45	26.74	0.00	0.00
LBC	23	25.92	23.88	23.44	26.77	0.00	0.00
LBC	24	25.80	24.00	23.54	26.66	0.00	0.00
LBC	25	25.86	23.92	23.47	26.75	0.00	0.00
LBC	26	25.84	23.96	23.48	26.72	0.00	0.00
LBC	27	25.74	24.06	23.57	26.63	0.00	0.00
LBC	28	25.80	24.00	23.50	26.69	0.00	0.00
LBC	29	25.79	24.01	23.51	26.69	0.00	0.00
LBC	30	25.69	24.11	23.59	26.61	0.00	0.00
LBC	31	25.71	24.08	23.54	26.67	0.00	0.00
LBC	32	25.71	24.09	23.54	26.66	0.00	0.00
LBC	33	25.63	24.15	23.62	26.60	0.00	0.00
LBC	34	25.66	24.12	23.57	26.65	0.00	0.00
LBC	35	25.65	24.13	23.57	26.65	0.00	0.00
LBC	36	25.55	24.22	23.64	26.59	0.00	0.00
LBC	37	25.60	24.16	23.58	26.65	0.00	0.00
LBC	38	25.59	24.17	23.58	26.65	0.00	0.00
LBC	39	25.52	24.25	23.64	26.58	0.00	0.00
LBC	40	25.55	24.19	23.62	26.64	0.00	0.00
LBC	41	25.54	24.20	23.60	26.65	0.00	0.00
LBC	42	25.48	24.28	23.68	26.57	0.00	0.00
LBC	43	25.50	24.24	23.64	26.62	0.00	0.00
LBC	44	25.49	24.25	23.64	26.62	0.00	0.00
LBC	45	25.41	24.33	23.69	26.56	0.00	0.00
LBC	46	25.44	24.31	23.64	26.61	0.00	0.00
LBC	47	25.44	24.30	23.66	26.60	0.00	0.00
LBC	48	25.36	24.38	23.71	26.54	0.00	0.00
LBC	49	25.39	24.35	23.67	26.59	0.00	0.00
LBC	50	25.37	24.36	23.70	26.58	0.00	0.00
LBC	51	25.32	24.41	23.73	26.53	0.00	0.00
LBC	52	25.34	24.38	23.70	26.58	0.00	0.00
LBC	53	25.36	24.38	23.69	26.58	0.00	0.00
LBC	54	25.28	24.46	23.75	26.51	0.00	0.00
LBC	55	25.33	24.40	23.71	26.56	0.00	0.00
LBC	56	25.29	24.44	23.73	26.54	0.00	0.00
LBC	57	25.24	24.48	23.78	26.50	0.00	0.00
LBC	58	25.28	24.45	23.74	26.53	0.00	0.00
LBC	59	25.26	24.46	23.76	26.52	0.00	0.00
LBC	60	25.21	24.53	23.80	26.46	0.00	0.00
LBC	61	25.22	24.50	23.79	26.49	0.00	0.00
LBC	62	25.22	24.50	23.78	26.50	0.00	0.00
LBC	63	25.16	24.56	23.84	26.44	0.00	0.00
LBC	64	25.20	24.53	23.79	26.48	0.00	0.00
LBC	65	25.19	24.54	23.80	26.47	0.00	0.00
LBC	66	25.10	24.61	23.87	26.41	0.00	0.00
LBC	67	25.15	24.57	23.83	26.45	0.00	0.00
LBC	68	25.14	24.58	23.85	26.43	0.00	0.00
LBC	69	25.09	24.65	23.91	26.36	0.00	0.00
LBC	70	25.10	24.62	23.88	26.40	0.00	0.00
LBC	71	25.07	24.62	23.91	26.40	0.00	0.00
LBC	72	25.03	24.69	23.97	26.32	0.00	0.00
LBC	73	25.06	24.65	23.94	26.35	0.00	0.00
LBC	74	25.05	24.66	23.94	26.35	0.00	0.00
LBC	75	24.97	24.75	24.02	26.26	0.00	0.00
LBC	76	24.76	24.95	24.20	26.08	0.16	0.00
# ACGT raw counters for last fragments. Use `grep ^LTC | cut -f 2-` to extract this part. The columns are: A,C,G,T,N base counters
LTC	1336120749	1260335781	1231008937	1390083642	108433
# Insert sizes. Use `grep ^IS | cut -f 2-` to extract this part. The columns are: insert size, pairs total, inward oriented pairs, outward oriented pairs, other pairs
IS	0	133	0	5	128
IS	1	0	0	0	0
IS	2	61	0	42	19
IS	3	76	0	67	9
IS	4	76	0	71	5
IS	5	65	0	60	5
IS	6	68	0	68	0
IS	7	55	0	54	1
IS	8	103	0	102	1
IS	9	66	0	64	2
IS	10	68	0	66	2
IS	11	76	0	76	0
IS	12	65	0	65	0
IS	13	77	0	76	1
IS	14	79	0	79	0
IS	15	76	0	76	0
IS	16	109	0	105	4
IS	17	91	0	90	1
IS	18	73	0	73	0
IS	19	653	543	110	0
IS	20	462	366	94	2
IS	21	297	210	86	1
IS	22	218	122	94	2
IS	23	216	112	102	2
IS	24	156	56	98	2
IS	25	126	43	82	1
IS	26	178	56	120	2
IS	27	180	63	108	9
IS	28	193	52	136	5
IS	29	182	56	124	2
IS	30	212	97	112	3
IS	31	244	127	114	3
IS	32	214	128	82	4
IS	33	267	150	113	4
IS	34	257	171	84	2
IS	35	243	145	94	4
IS	36	287	183	102	2
IS	37	244	153	87	4
IS	38	282	175	102	5
IS	39	284	184	98	2
IS	40	290	199	84	7
IS	41	307	209	96	2
IS	42	291	181	108	2
IS	43	320	220	99	1
IS	44	364	235	125	4
IS	45	380	231	146	3
IS	46	361	244	114	3
IS	47	383	271	103	9
IS	48	404	281	119	4
IS	49	464	329	127	8
IS	50	426	307	111	8
IS	51	456	339	107	10
IS	52	510	385	116	9
IS	53	568	455	102	11
IS	54	653	501	145	7
IS	55	686	565	112	9
IS	56	748	626	114	8
IS	57	795	682	106	7
IS	58	895	793	93	9
IS	59	1226	1090	125	11
IS	60	1561	1423	122	16
IS	61	1793	1685	99	9
IS	62	2292	2178	100	14
IS	63	3134	2965	161	8
IS	64	3722	3575	134	13
IS	65	4918	4776	132	10
IS	66	6233	6085	132	16
IS	67	7766	7639	118	9
IS	68	10151	10015	129	7
IS	69	12619	12473	132	14
IS	70	16044	15878	156	10
IS	71	19455	19325	120	10
IS	72	23487	23326	153	8
IS	73	28891	28707	163	21
IS	74	34019	33777	233	9
IS	75	40613	40124	475	14
IS	76	46921	46900	16	5
IS	77	54382	54370	5	7
IS	78	63310	63290	7	13
IS	79	72407	72383	9	15
IS	80	81792	81783	5	4
IS	81	91669	91655	8	6
IS	82	101327	101310	3	14
IS	83	112271	112264	0	7
IS	84	122641	122629	5	7
IS	85	131965	131948	4	13
IS	86	143976	143960	2	14
IS	87	154521	154510	1	10
IS	88	164201	164190	1	10
IS	89	175147	175130	2	15
IS	90	185409	185385	4	20
IS	91	195904	195886	3	15
IS	92	204901	204888	1	12
IS	93	214878	214868	0	10
IS	94	223284	223271	0	13
IS	95	232823	232808	1	14
IS	96	241640	241635	1	4
IS	97	250473	250459	1	13
IS	98	258708	258687	1	20
IS	99	266636	266620	1	15
IS	100	273789	273774	2	13
IS	101	282025	282010	2	13
IS	102	290048	290035	0	13
IS	103	297242	297223	3	16
IS	104	303079	303062	4	13
IS	105	310050	310035	1	14
IS	106	316598	316585	6	7
IS	107	323059	323043	1	15
IS	108	328621	328606	3	12
IS	109	334282	334266	0	16
IS	110	340039	340028	0	11
IS	111	346050	346039	2	9
IS	112	351634	351619	0	15
IS	113	356279	356265	1	13
IS	114	362454	362446	2	6
IS	115	367136	367123	2	11
IS	116	370390	370383	2	5
IS	117	374493	374483	3	7
IS	118	378470	378455	5	10
IS	119	383703	383693	1	9
IS	120	388894	388886	1	7
IS	121	393214	393201	3	10
IS	122	397340	397322	1	17
IS	123	399475	399460	2	13
IS	124	402689	402682	2	5
IS	125	406462	406444	1	17
IS	126	408873	408861	0	12
IS	127	413364	413345	2	17
IS	128	416363	416348	3	12
IS	129	418525	418508	3	14
IS	130	421795	421787	1	7
IS	131	422078	422067	0	11
IS	132	424201	424197	0	4
IS	133	427803	427788	4	11
IS	134	428041	428029	5	7
IS	135	429869	429853	3	13
IS	136	432491	432483	2	6
IS	137	433702	433691	3	8
IS	138	436249	436241	0	8
IS	139	438132	438124	3	5
IS	140	439060	439046	3	11
IS	141	438641	438626	1	14
IS	142	440644	440631	1	12
IS	143	440756	440740	5	11
IS	144	443267	443257	4	6
IS	145	443200	443190	1	9
IS	146	441365	441357	4	4
IS	147	443809	443802	0	7
IS	148	444359	444347	7	5
IS	149	444287	444277	4	6
IS	150	444554	444547	2	5
IS	151	441178	441165	4	9
IS	152	443282	443270	4	8
IS	153	441263	441254	3	6
IS	154	441536	441523	5	8
IS	155	441232	441224	3	5
IS	156	439992	439980	2	10
IS	157	440092	440084	4	4
IS	158	438808	438794	4	10
IS	159	439482	439469	3	10
IS	160	437169	437160	5	4
IS	161	435520	435510	2	8
IS	162	434311	434302	1	8
IS	163	432834	432823	4	7
IS	164	430010	430003	3	4
IS	165	428926	428917	2	7
IS	166	427915	427906	3	6
IS	167	427171	427166	2	3
IS	168	424882	424873	2	7
IS	169	424771	424762	6	3
IS	170	420556	420550	3	3
IS	171	418601	418595	1	5
IS	172	417678	417670	3	5
IS	173	413383	413374	4	5
IS	174	410706	410699	3	4
IS	175	409490	409474	2	14
IS	176	407702	407688	9	5
IS	177	406349	406339	5	5
IS	178	403995	403984	3	8
IS	179	399958	399951	2	5
IS	180	397424	397417	5	2
IS	181	395042	395031	7	4
IS	182	394086	394078	3	5
IS	183	390443	390436	3	4
IS	184	386713	386704	4	5
IS	185	383451	383447	2	2
IS	186	380636	380624	7	5
IS	187	376209	376202	3	4
IS	188	374840	374829	7	4
IS	189	372168	372162	1	5
IS	190	369372	369363	4	5
IS	191	366190	366179	5	6
IS	192	363266	363257	4	5
IS	193	359899	359891	4	4
IS	194	356139	356130	5	4
IS	195	354292	354291	1	0
IS	196	350039	350026	6	7
IS	197	347634	347624	6	4
IS	198	343902	343894	4	4
IS	199	339637	339632	4	1
IS	200	337001	336991	5	5
IS	201	334562	334554	4	4
IS	202	330752	330749	2	1
IS	203	327860	327857	2	1
IS	204	323388	323379	4	5
IS	205	322439	322432	2	5
IS	206	317427	317421	4	2
IS	207	315730	315724	3	3
IS	208	310552	310549	0	3
IS	209	308165	308159	2	4
IS	210	304777	304773	2	2
IS	211	302316	302308	4	4
IS	212	299114	299109	3	2
IS	213	295081	295074	7	0
IS	214	292005	292001	3	1
IS	215	288839	288834	4	1
IS	216	284492	284487	3	2
IS	217	281030	281017	10	3
IS	218	277526	277515	7	4
IS	219	275983	275980	3	0
IS	220	272928	272916	7	5
IS	221	269528	269521	7	0
IS	222	265839	265838	1	0
IS	223	262414	262407	6	1
IS	224	259412	259405	5	2
IS	225	256883	256877	3	3
IS	226	253462	253457	3	2
IS	227	249629	249623	5	1
IS	228	246805	246795	5	5
IS	229	243758	243749	9	0
IS	230	239885	239879	3	3
IS	231	237592	237589	3	0
IS	232	235847	235843	3	1
IS	233	231334	231330	3	1
IS	234	228131	228127	1	3
IS	235	224414	224408	6	0
IS	236	221652	221648	4	0
IS	237	219032	219029	3	0
IS	238	215054	215052	2	0
IS	239	214146	214139	4	3
IS	240	209835	209826	7	2
IS	241	207144	207143	1	0
IS	242	205038	205033	3	2
IS	243	201097	201091	6	0
IS	244	198921	198914	2	5
IS	245	195811	195805	2	4
IS	246	193187	193179	3	5
IS	247	190158	190153	3	2
IS	248	187757	187751	4	2
IS	249	185199	185196	2	1
IS	250	182674	182669	1	4
IS	251	179934	179928	3	3
IS	252	177876	177871	1	4
IS	253	174491	174485	3	3
IS	254	172448	172443	2	3
IS	255	169492	169490	1	1
IS	256	167614	167608	1	5
IS	257	164101	164098	0	3
IS	258	160209	160207	0	2
IS	259	159435	159435	0	0
IS	260	157089	157087	1	1
IS	261	155000	155000	0	0
IS	262	152636	152632	1	3
IS	263	149773	149772	1	0
IS	264	147795	147790	4	1
IS	265	145742	145739	3	0
IS	266	142972	142968	3	1
IS	267	141192	141189	2	1
IS	268	138625	138625	0	0
IS	269	136801	136797	1	3
IS	270	133940	133938	1	1
IS	271	132436	132433	2	1
IS	272	130939	130936	2	1
IS	273	128096	128095	1	0
IS	274	126295	126294	0	1
IS	275	123794	123791	1	2
IS	276	122433	122431	0	2
IS	277	120251	120250	1	0
IS	278	118780	118776	4	0
IS	279	117034	117033	1	0
IS	280	114895	114894	1	0
IS	281	112992	112988	4	0
IS	282	110761	110760	0	1
IS	283	109135	109133	1	1
IS	284	106433	106430	1	2
IS	285	105652	105651	0	1
IS	286	104296	104294	1	1
IS	287	101997	101997	0	0
IS	288	100500	100499	1	0
IS	289	99333	99331	1	1
IS	290	97462	97460	1	1
IS	291	95855	95852	2	1
IS	292	94465	94464	0	1
IS	293	92889	92886	2	1
IS	294	91039	91033	4	2
IS	295	89465	89461	1	3
IS	296	88304	88302	0	2
IS	297	86898	86898	0	0
IS	298	85454	85453	0	1
IS	299	83801	83801	0	0
IS	300	82687	82687	0	0
IS	301	80943	80940	1	2
IS	302	79799	79797	0	2
IS	303	78189	78186	1	2
IS	304	77253	77252	1	0
IS	305	75709	75708	0	1
IS	306	74610	74607	1	2
IS	307	73468	73466	0	2
IS	308	72393	72391	2	0
IS	309	71079	71077	2	0
IS	310	69644	69643	0	1
IS	311	68636	68632	2	2
IS	312	67889	67888	0	1
IS	313	66196	66192	3	1
IS	314	65766	65766	0	0
IS	315	64095	64093	0	2
IS	316	63337	63335	1	1
IS	317	62407	62406	0	1
IS	318	60899	60899	0	0
IS	319	60436	60436	0	0
IS	320	58932	58932	0	0
IS	321	57910	57909	0	1
IS	322	56954	56953	0	1
IS	323	56349	56346	2	1
IS	324	55185	55185	0	0
IS	325	55254	55253	1	0
IS	326	53493	53492	1	0
IS	327	52706	52704	2	0
IS	328	51801	51800	0	1
IS	329	51003	51000	0	3
IS	330	49636	49635	1	0
IS	331	48928	48926	2	0
IS	332	48090	48088	1	1
IS	333	47752	47749	3	0
IS	334	47025	47022	3	0
IS	335	45443	45442	0	1
IS	336	45309	45306	3	0
IS	337	44214	44214	0	0
IS	338	43537	43536	1	0
IS	339	43187	43184	2	1
IS	340	41874	41874	0	0
IS	341	41765	41765	0	0
IS	342	41022	41021	1	0
IS	343	39985	39984	1	0
IS	344	40224	40223	0	1
IS	345	39026	39025	1	0
IS	346	38102	38100	1	1
IS	347	37825	37825	0	0
IS	348	37230	37230	0	0
IS	349	36366	36365	1	0
IS	350	35575	35572	2	1
IS	351	35094	35093	0	1
IS	352	34492	34490	2	0
IS	353	33693	33693	0	0
IS	354	33098	33098	0	0
IS	355	32983	32981	1	1
IS	356	32589	32588	0	1
IS	357	32101	32100	1	0
IS	358	31702	31701	1	0
IS	359	30534	30532	1	1
IS	360	30765	30762	2	1
IS	361	29878	29877	0	1
IS	362	29521	29521	0	0
IS	363	28812	28809	3	0
IS	364	28550	28549	1	0
IS	365	28345	28344	1	0
IS	366	27762	27757	4	1
IS	367	27269	27267	1	1
IS	368	26372	26370	1	1
IS	369	26119	26118	0	1
IS	370	26255	26255	0	0
IS	371	25647	25645	2	0
IS	372	24910	24909	1	0
IS	373	24443	24443	0	0
IS	374	24436	24435	1	0
IS	375	23723	23722	0	1
IS	376	23497	23496	1	0
IS	377	23302	23302	0	0
IS	378	22969	22968	1	0
IS	379	22632	22631	1	0
IS	380	22391	22387	4	0
IS	381	22232	22228	1	3
IS	382	21495	21492	1	2
IS	383	21629	21629	0	0
IS	384	20973	20973	0	0
IS	385	20669	20668	1	0
IS	386	20344	20341	3	0
IS	387	20349	20346	3	0
IS	388	19862	19861	1	0
IS	389	19526	19526	0	0
IS	390	18840	18840	0	0
IS	391	19115	19115	0	0
IS	392	18506	18505	1	0
IS	393	17983	17982	0	1
IS	394	17939	17939	0	0
IS	395	17584	17581	3	0
IS	396	17515	17514	1	0
IS	397	17320	17316	4	0
IS	398	17057	17052	5	0
IS	399	16588	16588	0	0
IS	400	16676	16673	2	1
IS	401	16353	16352	1	0
IS	402	15833	15832	1	0
IS	403	15615	15615	0	0
IS	404	15507	15505	2	0
IS	405	15320	15317	3	0
IS	406	14995	14994	1	0
IS	407	14707	14705	2	0
IS	408	14504	14500	2	2
IS	409	14220	14220	0	0
IS	410	14340	14338	2	0
IS	411	14064	14062	2	0
IS	412	13899	13899	0	0
IS	413	13680	13679	1	0
IS	414	13287	13285	2	0
IS	415	13156	13155	1	0
IS	416	12988	12988	0	0
IS	417	12778	12776	1	1
IS	418	12899	12898	1	0
IS	419	12687	12686	1	0
IS	420	12342	12342	0	0
IS	421	12574	12573	1	0
IS	422	12188	12188	0	0
IS	423	11912	11910	2	0
IS	424	11961	11961	0	0
IS	425	11647	11647	0	0
IS	426	11353	11352	1	0
IS	427	11276	11271	5	0
IS	428	11149	11147	2	0
IS	429	11213	11211	2	0
IS	430	10980	10979	0	1
IS	431	10689	10687	2	0
IS	432	10454	10453	1	0
IS	433	10389	10387	2	0
IS	434	10129	10129	0	0
IS	435	10063	10062	1	0
IS	436	10014	10013	1	0
IS	437	9902	9897	4	1
IS	438	9742	9740	2	0
IS	439	9858	9858	0	0
IS	440	9400	9398	2	0
IS	441	9350	9349	0	1
IS	442	9470	9470	0	0
IS	443	9175	9173	2	0
IS	444	9039	9038	1	0
IS	445	9015	9011	4	0
IS	446	8731	8729	2	0
IS	447	8921	8921	0	0
IS	448	8549	8549	0	0
IS	449	8394	8390	4	0
IS	450	8474	8468	6	0
IS	451	8173	8172	1	0
IS	452	8241	8241	0	0
IS	453	8219	8216	3	0
IS	454	8016	8013	3	0
IS	455	7899	7894	3	2
IS	456	7806	7806	0	0
IS	457	7665	7663	2	0
IS	458	7795	7789	5	1
IS	459	7713	7712	1	0
IS	460	7332	7330	1	1
IS	461	7379	7376	3	0
# Read lengths. Use `grep ^RL | cut -f 2-` to extract this part. The columns are: read length, count
RL	31	7336
RL	32	7110
RL	33	6806
RL	34	6040
RL	35	5704
RL	36	5590
RL	37	4858
RL	38	5830
RL	39	5462
RL	40	5294
RL	41	4756
RL	42	4946
RL	43	4306
RL	44	4328
RL	45	3992
RL	46	3924
RL	47	3710
RL	48	3518
RL	49	3328
RL	50	3380
RL	51	3354
RL	52	3534
RL	53	3760
RL	54	3544
RL	55	3786
RL	56	3826
RL	57	3954
RL	58	3976
RL	59	4926
RL	60	5386
RL	61	5854
RL	62	6736
RL	63	8132
RL	64	9186
RL	65	11760
RL	66	14416
RL	67	17482
RL	68	22014
RL	69	26978
RL	70	33664
RL	71	40346
RL	72	48310
RL	73	59214
RL	74	69294
RL	75	82140
RL	76	136798960
# Read lengths - first fragments. Use `grep ^FRL | cut -f 2-` to extract this part. The columns are: read length, count
FRL	31	3668
FRL	32	3555
FRL	33	3403
FRL	34	3020
FRL	35	2852
FRL	36	2795
FRL	37	2429
FRL	38	2915
FRL	39	2731
FRL	40	2647
FRL	41	2378
FRL	42	2473
FRL	43	2153
FRL	44	2164
FRL	45	1996
FRL	46	1962
FRL	47	1855
FRL	48	1759
FRL	49	1664
FRL	50	1690
FRL	51	1677
FRL	52	1767
FRL	53	1880
FRL	54	1772
FRL	55	1893
FRL	56	1913
FRL	57	1977
FRL	58	1988
FRL	59	2463
FRL	60	2693
FRL	61	2927
FRL	62	3368
FRL	63	4066
FRL	64	4593
FRL	65	5880
FRL	66	7208
FRL	67	8741
FRL	68	11007
FRL	69	13489
FRL	70	16832
FRL	71	20173
FRL	72	24155
FRL	73	29607
FRL	74	34647
FRL	75	41070
FRL	76	68399480
# Read lengths - last fragments. Use `grep ^LRL | cut -f 2-` to extract this part. The columns are: read length, count
LRL	31	3668
LRL	32	3555
LRL	33	3403
LRL	34	3020
LRL	35	2852
LRL	36	2795
LRL	37	2429
LRL	38	2915
LRL	39	2731
LRL	40	2647
LRL	41	2378
LRL	42	2473
LRL	43	2153
LRL	44	2164
LRL	45	1996
LRL	46	1962
LRL	47	1855
LRL	48	1759
LRL	49	1664
LRL	50	1690
LRL	51	1677
LRL	52	1767
LRL	53	1880
LRL	54	1772
LRL	55	1893
LRL	56	1913
LRL	57	1977
LRL	58	1988
LRL	59	2463
LRL	60	2693
LRL	61	2927
LRL	62	3368
LRL	63	4066
LRL	64	4593
LRL	65	5880
LRL	66	7208
LRL	67	8741
LRL	68	11007
LRL	69	13489
LRL	70	16832
LRL	71	20173
LRL	72	24155
LRL	73	29607
LRL	74	34647
LRL	75	41070
LRL	76	68399480
# Mapping qualities for reads !(UNMAP|SECOND|SUPPL|QCFAIL|DUP). Use `grep ^MAPQ | cut -f 2-` to extract this part. The columns are: mapq, count
MAPQ	0	12842041
MAPQ	1	31766
MAPQ	2	12314
MAPQ	3	60852
MAPQ	4	21732
MAPQ	5	16278
MAPQ	6	24881
MAPQ	7	34673
MAPQ	8	18904
MAPQ	9	70508
MAPQ	10	22319
MAPQ	11	43522
MAPQ	12	31182
MAPQ	13	38643
MAPQ	14	16519
MAPQ	15	57466
MAPQ	16	35404
MAPQ	17	30452
MAPQ	18	26141
MAPQ	19	56947
MAPQ	20	93884
MAPQ	21	104628
MAPQ	22	141768
MAPQ	23	123906
MAPQ	24	185474
MAPQ	25	318546
MAPQ	26	9673
MAPQ	27	843184
MAPQ	28	13890
MAPQ	29	29107
MAPQ	30	19022
MAPQ	31	25834
MAPQ	32	8797
MAPQ	33	64033
MAPQ	34	14107
MAPQ	35	14743
MAPQ	36	18023
MAPQ	37	30606
MAPQ	38	9576
MAPQ	39	74736
MAPQ	40	1255085
MAPQ	41	29061
MAPQ	42	33560
MAPQ	43	78590
MAPQ	44	49307
MAPQ	45	90112
MAPQ	46	112798
MAPQ	47	89398
MAPQ	48	144514
MAPQ	49	318083
MAPQ	50	73615
MAPQ	51	1046260
MAPQ	52	58029
MAPQ	53	47999
MAPQ	54	126742
MAPQ	55	65096
MAPQ	56	28516
MAPQ	57	229527
MAPQ	58	16578
MAPQ	59	7702
MAPQ	60	117824346
# Indel distribution. Use `grep ^ID | cut -f 2-` to extract this part. The columns are: length, number of insertions, number of deletions
ID	1	259585	262991
ID	2	41923	67518
ID	3	21511	30126
ID	4	18882	27385
ID	5	7802	6551
ID	6	3845	8065
ID	7	1259	2370
ID	8	2065	4110
ID	9	876	1436
ID	10	951	1913
ID	11	347	1076
ID	12	453	1676
ID	13	140	501
ID	14	219	634
ID	15	92	676
ID	16	181	853
ID	17	28	167
ID	18	48	205
ID	19	14	96
ID	20	5	194
ID	21	17	124
ID	22	0	116
ID	23	0	73
ID	24	0	142
ID	25	0	46
ID	26	0	19
ID	27	0	19
ID	28	0	13
ID	29	0	8
ID	31	0	2
# Indels per cycle. Use `grep ^IC | cut -f 2-` to extract this part. The columns are: cycle, number of insertions (fwd), .. (rev) , number of deletions (fwd), .. (rev)
IC	1	1	0	0	0
IC	2	0	0	2	0
IC	3	0	0	1202	1204
IC	4	1026	1024	1453	1482
IC	5	1284	1411	1586	1694
IC	6	1355	1350	1704	1917
IC	7	1534	1461	2042	2558
IC	8	1619	1628	2345	2887
IC	9	1704	1699	2485	3097
IC	10	1793	1780	2678	2964
IC	11	1837	1871	2737	3019
IC	12	2013	1865	2769	3152
IC	13	2038	1961	2932	2978
IC	14	2164	2020	2939	3108
IC	15	2166	2058	3066	3201
IC	16	2145	2083	3158	3077
IC	17	2195	2151	3246	3240
IC	18	2320	2057	3257	3261
IC	19	2255	2152	3207	3260
IC	20	2433	2230	3252	3268
IC	21	2310	2224	3310	3409
IC	22	2236	2139	3178	3221
IC	23	2308	2202	3314	3280
IC	24	2278	2141	3250	3239
IC	25	2218	2011	3048	3246
IC	26	2163	2051	3134	3203
IC	27	2284	2152	3275	3295
IC	28	2203	2046	3184	3205
IC	29	2141	2155	3184	3124
IC	30	2092	2031	3261	3201
IC	31	2087	2113	3222	3169
IC	32	2179	2093	3139	3187
IC	33	2159	1975	3174	3224
IC	34	2093	2052	3106	3175
IC	35	2132	2131	3177	3053
IC	36	2069	2073	3113	3039
IC	37	2117	1990	3025	3133
IC	38	2016	2014	3100	3043
IC	39	2105	2024	3067	3048
IC	40	2082	2039	2981	3031
IC	41	2030	1965	3087	3102
IC	42	2026	1977	3081	2962
IC	43	1943	1948	3001	3087
IC	44	1934	1988	3040	3040
IC	45	1984	1955	3108	3014
IC	46	2071	1957	3011	3073
IC	47	2166	1985	2989	3014
IC	48	2126	2021	3155	3079
IC	49	2141	1991	3203	3084
IC	50	2154	2060	3178	3193
IC	51	2088	2081	3246	3142
IC	52	2106	2001	3129	3185
IC	53	2160	1893	3188	3059
IC	54	2162	1876	3002	3097
IC	55	2152	1970	3034	2971
IC	56	2233	1877	3056	2970
IC	57	2222	1972	3090	2887
IC	58	2230	1959	2965	2798
IC	59	2293	1967	2786	2789
IC	60	2418	1957	2815	2691
IC	61	2532	2071	2715	2769
IC	62	2480	2125	2666	2563
IC	63	2704	2039	2533	2647
IC	64	2750	2004	2405	2425
IC	65	3260	2196	2427	2422
IC	66	3478	2482	2478	2318
IC	67	3828	2485	2474	2273
IC	68	4724	2848	2378	2416
IC	69	4725	3000	2238	2227
IC	70	7051	4283	2751	2455
IC	71	11090	6387	3377	2852
IC	72	14201	7509	4807	4103
IC	73	18933	9408	5861	4930
# Coverage distribution. Use `grep ^COV | cut -f 2-` to extract this part.
COV	[1-1]	1	239737842
COV	[2-2]	2	93585743
COV	[3-3]	3	19778915
COV	[4-4]	4	12130242
COV	[5-5]	5	6134944
COV	[6-6]	6	4698473
COV	[7-7]	7	3688822
COV	[8-8]	8	3159407
COV	[9-9]	9	2769370
COV	[10-10]	10	2479705
COV	[11-11]	11	2257136
COV	[12-12]	12	2071795
COV	[13-13]	13	1922148
COV	[14-14]	14	1792736
COV	[15-15]	15	1676181
COV	[16-16]	16	1573853
COV	[17-17]	17	1484331
COV	[18-18]	18	1407399
COV	[19-19]	19	1335731
COV	[20-20]	20	1276098
COV	[21-21]	21	1214813
COV	[22-22]	22	1165234
COV	[23-23]	23	1118021
COV	[24-24]	24	1071620
COV	[25-25]	25	1029171
COV	[26-26]	26	996789
COV	[27-27]	27	961409
COV	[28-28]	28	929052
COV	[29-29]	29	897475
COV	[30-30]	30	867883
COV	[31-31]	31	840562
COV	[32-32]	32	818166
COV	[33-33]	33	794894
COV	[34-34]	34	771491
COV	[35-35]	35	751235
COV	[36-36]	36	730978
COV	[37-37]	37	714906
COV	[38-38]	38	694457
COV	[39-39]	39	680770
COV	[40-40]	40	664335
COV	[41-41]	41	649137
COV	[42-42]	42	634878
COV	[43-43]	43	621910
COV	[44-44]	44	608574
COV	[45-45]	45	596246
COV	[46-46]	46	584473
COV	[47-47]	47	572886
COV	[48-48]	48	562651
COV	[49-49]	49	551843
COV	[50-50]	50	541354
COV	[51-51]	51	532335
COV	[52-52]	52	524515
COV	[53-53]	53	514296
COV	[54-54]	54	507006
COV	[55-55]	55	499111
COV	[56-56]	56	492640
COV	[57-57]	57	482412
COV	[58-58]	58	475262
COV	[59-59]	59	468228
COV	[60-60]	60	461813
COV	[61-61]	61	456004
COV	[62-62]	62	449222
COV	[63-63]	63	444998
COV	[64-64]	64	437770
COV	[65-65]	65	432878
COV	[66-66]	66	428377
COV	[67-67]	67	423040
COV	[68-68]	68	418040
COV	[69-69]	69	413800
COV	[70-70]	70	409121
COV	[71-71]	71	405583
COV	[72-72]	72	401637
COV	[73-73]	73	397189
COV	[74-74]	74	393653
COV	[75-75]	75	388133
COV	[76-76]	76	384334
COV	[77-77]	77	379159
COV	[78-78]	78	376460
COV	[79-79]	79	372982
COV	[80-80]	80	368556
COV	[81-81]	81	366118
COV	[82-82]	82	360426
COV	[83-83]	83	358646
COV	[84-84]	84	354861
COV	[85-85]	85	351286
COV	[86-86]	86	348685
COV	[87-87]	87	345230
COV	[88-88]	88	342176
COV	[89-89]	89	339715
COV	[90-90]	90	336258
COV	[91-91]	91	332393
COV	[92-92]	92	330197
COV	[93-93]	93	325795
COV	[94-94]	94	324311
COV	[95-95]	95	320395
COV	[96-96]	96	316810
COV	[97-97]	97	315888
COV	[98-98]	98	313243
COV	[99-99]	99	309722
COV	[100-100]	100	307280
COV	[101-101]	101	304720
COV	[102-102]	102	303034
COV	[103-103]	103	300433
COV	[104-104]	104	297796
COV	[105-105]	105	294525
COV	[106-106]	106	291991
COV	[107-107]	107	289822
COV	[108-108]	108	286905
COV	[109-109]	109	283867
COV	[110-110]	110	281196
COV	[111-111]	111	277816
COV	[112-112]	112	276900
COV	[113-113]	113	273573
COV	[114-114]	114	271646
COV	[115-115]	115	269752
COV	[116-116]	116	267161
COV	[117-117]	117	264704
COV	[118-118]	118	263259
COV	[119-119]	119	260292
COV	[120-120]	120	259154
COV	[121-121]	121	256143
COV	[122-122]	122	254139
COV	[123-123]	123	251998
COV	[124-124]	124	249519
COV	[125-125]	125	248451
COV	[126-126]	126	245425
COV	[127-127]	127	243272
COV	[128-128]	128	240461
COV	[129-129]	129	239915
COV	[130-130]	130	237060
COV	[131-131]	131	234855
COV	[132-132]	132	231758
COV	[133-133]	133	230418
COV	[134-134]	134	227754
COV	[135-135]	135	226331
COV	[136-136]	136	224398
COV	[137-137]	137	221788
COV	[138-138]	138	220815
COV	[139-139]	139	219328
COV	[140-140]	140	217333
COV	[141-141]	141	215844
COV	[142-142]	142	214188
COV	[143-143]	143	211900
COV	[144-144]	144	209770
COV	[145-145]	145	208009
COV	[146-146]	146	205831
COV	[147-147]	147	202768
COV	[148-148]	148	201650
COV	[149-149]	149	199595
COV	[150-150]	150	198259
COV	[151-151]	151	195772
COV	[152-152]	152	194267
COV	[153-153]	153	192496
COV	[154-154]	154	190094
COV	[155-155]	155	188266
COV	[156-156]	156	186726
COV	[157-157]	157	184516
COV	[158-158]	158	183632
COV	[159-159]	159	181437
COV	[160-160]	160	178916
COV	[161-161]	161	177560
COV	[162-162]	162	176238
COV	[163-163]	163	174263
COV	[164-164]	164	172293
COV	[165-165]	165	170779
COV	[166-166]	166	169041
COV	[167-167]	167	166798
COV	[168-168]	168	164522
COV	[169-169]	169	164313
COV	[170-170]	170	161942
COV	[171-171]	171	160602
COV	[172-172]	172	159283
COV	[173-173]	173	157844
COV	[174-174]	174	156326
COV	[175-175]	175	155268
COV	[176-176]	176	153742
COV	[177-177]	177	151796
COV	[178-178]	178	151230
COV	[179-179]	179	148628
COV	[180-180]	180	147451
COV	[181-181]	181	146447
COV	[182-182]	182	145207
COV	[183-183]	183	143591
COV	[184-184]	184	142353
COV	[185-185]	185	140442
COV	[186-186]	186	138536
COV	[187-187]	187	137519
COV	[188-188]	188	135926
COV	[189-189]	189	134654
COV	[190-190]	190	134009
COV	[191-191]	191	132598
COV	[192-192]	192	131349
COV	[193-193]	193	129792
COV	[194-194]	194	127885
COV	[195-195]	195	127118
COV	[196-196]	196	125964
COV	[197-197]	197	125261
COV	[198-198]	198	123578
COV	[199-199]	199	122621
COV	[200-200]	200	121497
COV	[201-201]	201	120321
COV	[202-202]	202	118721
COV	[203-203]	203	117165
COV	[204-204]	204	116207
COV	[205-205]	205	114626
COV	[206-206]	206	113570
COV	[207-207]	207	111624
COV	[208-208]	208	110575
COV	[209-209]	209	110578
COV	[210-210]	210	108895
COV	[211-211]	211	108143
COV	[212-212]	212	106523
COV	[213-213]	213	105864
COV	[214-214]	214	105124
COV	[215-215]	215	103688
COV	[216-216]	216	102590
COV	[217-217]	217	101811
COV	[218-218]	218	100480
COV	[219-219]	219	99495
COV	[220-220]	220	98109
COV	[221-221]	221	97065
COV	[222-222]	222	95879
COV	[223-223]	223	95284
COV	[224-224]	224	94354
COV	[225-225]	225	93038
COV	[226-226]	226	92366
COV	[227-227]	227	91760
COV	[228-228]	228	90334
COV	[229-229]	229	89894
COV	[230-230]	230	89579
COV	[231-231]	231	87962
COV	[232-232]	232	87549
COV	[233-233]	233	86964
COV	[234-234]	234	85318
COV	[235-235]	235	84625
COV	[236-236]	236	83892
COV	[237-237]	237	83225
COV	[238-238]	238	81946
COV	[239-239]	239	81291
COV	[240-240]	240	79976
COV	[241-241]	241	79282
COV	[242-242]	242	78745
COV	[243-243]	243	77904
COV	[244-244]	244	77474
COV	[245-245]	245	75590
COV	[246-246]	246	75665
COV	[247-247]	247	74519
COV	[248-248]	248	73752
COV	[249-249]	249	73584
COV	[250-250]	250	72175
COV	[251-251]	251	71518
COV	[252-252]	252	71037
COV	[253-253]	253	70658
COV	[254-254]	254	69899
COV	[255-255]	255	69097
COV	[256-256]	256	67790
COV	[257-257]	257	67315
COV	[258-258]	258	66804
COV	[259-259]	259	66185
COV	[260-260]	260	65311
COV	[261-261]	261	64368
COV	[262-262]	262	63785
COV	[263-263]	263	63443
COV	[264-264]	264	62612
COV	[265-265]	265	62100
COV	[266-266]	266	61539
COV	[267-267]	267	60976
COV	[268-268]	268	60107
COV	[269-269]	269	59457
COV	[270-270]	270	59196
COV	[271-271]	271	58855
COV	[272-272]	272	58009
COV	[273-273]	273	57622
COV	[274-274]	274	56600
COV	[275-275]	275	56407
COV	[276-276]	276	55463
COV	[277-277]	277	54942
COV	[278-278]	278	54406
COV	[279-279]	279	53669
COV	[280-280]	280	53271
COV	[281-281]	281	53010
COV	[282-282]	282	52579
COV	[283-283]	283	51676
COV	[284-284]	284	51572
COV	[285-285]	285	50406
COV	[286-286]	286	50001
COV	[287-287]	287	49704
COV	[288-288]	288	49003
COV	[289-289]	289	48408
COV	[290-290]	290	48073
COV	[291-291]	291	47702
COV	[292-292]	292	47375
COV	[293-293]	293	46623
COV	[294-294]	294	46553
COV	[295-295]	295	45482
COV	[296-296]	296	45386
COV	[297-297]	297	44944
COV	[298-298]	298	44715
COV	[299-299]	299	44353
COV	[300-300]	300	43736
COV	[301-301]	301	43319
COV	[302-302]	302	43055
COV	[303-303]	303	42315
COV	[304-304]	304	42329
COV	[305-305]	305	42318
COV	[306-306]	306	41956
COV	[307-307]	307	41250
COV	[308-308]	308	40481
COV	[309-309]	309	40382
COV	[310-310]	310	40039
COV	[311-311]	311	39613
COV	[312-312]	312	39401
COV	[313-313]	313	38906
COV	[314-314]	314	38892
COV	[315-315]	315	38123
COV	[316-316]	316	37948
COV	[317-317]	317	37964
COV	[318-318]	318	37377
COV	[319-319]	319	37005
COV	[320-320]	320	36570
COV	[321-321]	321	36325
COV	[322-322]	322	35808
COV	[323-323]	323	35599
COV	[324-324]	324	35239
COV	[325-325]	325	34618
COV	[326-326]	326	34387
COV	[327-327]	327	34200
COV	[328-328]	328	34346
COV	[329-329]	329	33962
COV	[330-330]	330	33371
COV	[331-331]	331	33150
COV	[332-332]	332	32984
COV	[333-333]	333	32683
COV	[334-334]	334	32086
COV	[335-335]	335	31862
COV	[336-336]	336	31562
COV	[337-337]	337	31235
COV	[338-338]	338	31188
COV	[339-339]	339	30984
COV	[340-340]	340	30272
COV	[341-341]	341	30269
COV	[342-342]	342	29610
COV	[343-343]	343	29727
COV	[344-344]	344	29260
COV	[345-345]	345	28573
COV	[346-346]	346	28451
COV	[347-347]	347	28292
COV	[348-348]	348	28162
COV	[349-349]	349	27848
COV	[350-350]	350	27844
COV	[351-351]	351	27734
COV	[352-352]	352	27277
COV	[353-353]	353	27011
COV	[354-354]	354	27119
COV	[355-355]	355	26850
COV	[356-356]	356	26537
COV	[357-357]	357	26231
COV	[358-358]	358	25753
COV	[359-359]	359	25691
COV	[360-360]	360	25713
COV	[361-361]	361	25015
COV	[362-362]	362	24878
COV	[363-363]	363	24927
COV	[364-364]	364	24286
COV	[365-365]	365	24256
COV	[366-366]	366	24068
COV	[367-367]	367	23678
COV	[368-368]	368	23527
COV	[369-369]	369	23286
COV	[370-370]	370	23213
COV	[371-371]	371	22941
COV	[372-372]	372	22727
COV	[373-373]	373	22240
COV	[374-374]	374	21927
COV	[375-375]	375	21956
COV	[376-376]	376	21641
COV	[377-377]	377	21528
COV	[378-378]	378	21548
COV	[379-379]	379	21350
COV	[380-380]	380	21257
COV	[381-381]	381	21269
COV	[382-382]	382	20896
COV	[383-383]	383	20913
COV	[384-384]	384	20386
COV	[385-385]	385	20466
COV	[386-386]	386	20176
COV	[387-387]	387	19924
COV	[388-388]	388	20147
COV	[389-389]	389	19968
COV	[390-390]	390	19433
COV	[391-391]	391	19583
COV	[392-392]	392	19219
COV	[393-393]	393	19028
COV	[394-394]	394	19042
COV	[395-395]	395	18923
COV	[396-396]	396	18441
COV	[397-397]	397	18590
COV	[398-398]	398	18184
COV	[399-399]	399	18161
COV	[400-400]	400	18162
COV	[401-401]	401	18131
COV	[402-402]	402	17884
COV	[403-403]	403	17763
COV	[404-404]	404	17683
COV	[405-405]	405	17482
COV	[406-406]	406	17109
COV	[407-407]	407	17153
COV	[408-408]	408	16783
COV	[409-409]	409	17006
COV	[410-410]	410	16659
COV	[411-411]	411	16679
COV	[412-412]	412	16410
COV	[413-413]	413	16339
COV	[414-414]	414	16144
COV	[415-415]	415	16068
COV	[416-416]	416	15739
COV	[417-417]	417	16132
COV	[418-418]	418	15785
COV	[419-419]	419	15677
COV	[420-420]	420	15426
COV	[421-421]	421	15125
COV	[422-422]	422	15111
COV	[423-423]	423	15044
COV	[424-424]	424	14969
COV	[425-425]	425	14885
COV	[426-426]	426	14533
COV	[427-427]	427	14596
COV	[428-428]	428	14320
COV	[429-429]	429	14201
COV	[430-430]	430	14276
COV	[431-431]	431	14047
COV	[432-432]	432	13961
COV	[433-433]	433	14001
COV	[434-434]	434	13610
COV	[435-435]	435	13658
COV	[436-436]	436	13588
COV	[437-437]	437	13650
COV	[438-438]	438	13346
COV	[439-439]	439	13326
COV	[440-440]	440	13053
COV	[441-441]	441	13130
COV	[442-442]	442	13037
COV	[443-443]	443	13037
COV	[444-444]	444	12851
COV	[445-445]	445	12743
COV	[446-446]	446	12648
COV	[447-447]	447	12560
COV	[448-448]	448	12582
COV	[449-449]	449	12438
COV	[450-450]	450	12354
COV	[451-451]	451	12250
COV	[452-452]	452	12203
COV	[453-453]	453	11870
COV	[454-454]	454	12073
COV	[455-455]	455	11762
COV	[456-456]	456	11669
COV	[457-457]	457	11785
COV	[458-458]	458	11768
COV	[459-459]	459	11589
COV	[460-460]	460	11437
COV	[461-461]	461	11277
COV	[462-462]	462	11092
COV	[463-463]	463	11038
COV	[464-464]	464	10962
COV	[465-465]	465	10715
COV	[466-466]	466	10788
COV	[467-467]	467	10643
COV	[468-468]	468	10519
COV	[469-469]	469	10474
COV	[470-470]	470	10408
COV	[471-471]	471	10416
COV	[472-472]	472	10108
COV	[473-473]	473	10101
COV	[474-474]	474	9867
COV	[475-475]	475	9938
COV	[476-476]	476	9970
COV	[477-477]	477	9898
COV	[478-478]	478	9693
COV	[479-479]	479	9579
COV	[480-480]	480	9661
COV	[481-481]	481	9670
COV	[482-482]	482	9768
COV	[483-483]	483	9499
COV	[484-484]	484	9457
COV	[485-485]	485	9207
COV	[486-486]	486	9181
COV	[487-487]	487	9279
COV	[488-488]	488	9154
COV	[489-489]	489	9019
COV	[490-490]	490	8812
COV	[491-491]	491	8640
COV	[492-492]	492	8726
COV	[493-493]	493	8680
COV	[494-494]	494	8699
COV	[495-495]	495	8403
COV	[496-496]	496	8498
COV	[497-497]	497	8423
COV	[498-498]	498	8485
COV	[499-499]	499	8329
COV	[500-500]	500	8190
COV	[501-501]	501	8269
COV	[502-502]	502	8316
COV	[503-503]	503	8113
COV	[504-504]	504	7936
COV	[505-505]	505	8144
COV	[506-506]	506	7938
COV	[507-507]	507	7991
COV	[508-508]	508	7760
COV	[509-509]	509	7665
COV	[510-510]	510	7531
COV	[511-511]	511	7560
COV	[512-512]	512	7510
COV	[513-513]	513	7327
COV	[514-514]	514	7488
COV	[515-515]	515	7400
COV	[516-516]	516	7461
COV	[517-517]	517	7135
COV	[518-518]	518	7350
COV	[519-519]	519	7189
COV	[520-520]	520	7108
COV	[521-521]	521	7013
COV	[522-522]	522	7033
COV	[523-523]	523	6903
COV	[524-524]	524	6962
COV	[525-525]	525	6944
COV	[526-526]	526	6896
COV	[527-527]	527	6707
COV	[528-528]	528	6743
COV	[529-529]	529	6714
COV	[530-530]	530	6750
COV	[531-531]	531	6758
COV	[532-532]	532	6643
COV	[533-533]	533	6612
COV	[534-534]	534	6443
COV	[535-535]	535	6383
COV	[536-536]	536	6411
COV	[537-537]	537	6450
COV	[538-538]	538	6265
COV	[539-539]	539	6245
COV	[540-540]	540	6337
COV	[541-541]	541	6314
COV	[542-542]	542	6225
COV	[543-543]	543	6152
COV	[544-544]	544	6142
COV	[545-545]	545	5957
COV	[546-546]	546	6049
COV	[547-547]	547	6049
COV	[548-548]	548	5964
COV	[549-549]	549	5936
COV	[550-550]	550	5984
COV	[551-551]	551	5820
COV	[552-552]	552	5742
COV	[553-553]	553	5689
COV	[554-554]	554	5693
COV	[555-555]	555	5699
COV	[556-556]	556	5808
COV	[557-557]	557	5677
COV	[558-558]	558	5556
COV	[559-559]	559	5625
COV	[560-560]	560	5614
COV	[561-561]	561	5304
COV	[562-562]	562	5309
COV	[563-563]	563	5290
COV	[564-564]	564	5215
COV	[565-565]	565	5156
COV	[566-566]	566	5206
COV	[567-567]	567	5187
COV	[568-568]	568	5151
COV	[569-569]	569	4949
COV	[570-570]	570	5094
COV	[571-571]	571	5008
COV	[572-572]	572	4817
COV	[573-573]	573	5002
COV	[574-574]	574	4952
COV	[575-575]	575	4759
COV	[576-576]	576	4964
COV	[577-577]	577	4853
COV	[578-578]	578	4707
COV	[579-579]	579	4780
COV	[580-580]	580	4749
COV	[581-581]	581	4727
COV	[582-582]	582	4836
COV	[583-583]	583	4686
COV	[584-584]	584	4692
COV	[585-585]	585	4522
COV	[586-586]	586	4534
COV	[587-587]	587	4497
COV	[588-588]	588	4451
COV	[589-589]	589	4677
COV	[590-590]	590	4545
COV	[591-591]	591	4387
COV	[592-592]	592	4448
COV	[593-593]	593	4508
COV	[594-594]	594	4360
COV	[595-595]	595	4243
COV	[596-596]	596	4301
COV	[597-597]	597	4297
COV	[598-598]	598	4174
COV	[599-599]	599	4238
COV	[600-600]	600	4103
COV	[601-601]	601	4236
COV	[602-602]	602	4158
COV	[603-603]	603	4122
COV	[604-604]	604	4149
COV	[605-605]	605	4052
COV	[606-606]	606	4006
COV	[607-607]	607	3895
COV	[608-608]	608	4052
COV	[609-609]	609	4108
COV	[610-610]	610	3918
COV	[611-611]	611	3964
COV	[612-612]	612	4018
COV	[613-613]	613	3887
COV	[614-614]	614	3810
COV	[615-615]	615	3855
COV	[616-616]	616	3931
COV	[617-617]	617	3731
COV	[618-618]	618	3751
COV	[619-619]	619	3810
COV	[620-620]	620	3756
COV	[621-621]	621	3744
COV	[622-622]	622	3790
COV	[623-623]	623	3640
COV	[624-624]	624	3697
COV	[625-625]	625	3603
COV	[626-626]	626	3682
COV	[627-627]	627	3686
COV	[628-628]	628	3696
COV	[629-629]	629	3565
COV	[630-630]	630	3527
COV	[631-631]	631	3612
COV	[632-632]	632	3517
COV	[633-633]	633	3447
COV	[634-634]	634	3430
COV	[635-635]	635	3535
COV	[636-636]	636	3513
COV	[637-637]	637	3425
COV	[638-638]	638	3333
COV	[639-639]	639	3384
COV	[640-640]	640	3243
COV	[641-641]	641	3310
COV	[642-642]	642	3361
COV	[643-643]	643	3298
COV	[644-644]	644	3326
COV	[645-645]	645	3263
COV	[646-646]	646	3073
COV	[647-647]	647	3236
COV	[648-648]	648	3188
COV	[649-649]	649	3105
COV	[650-650]	650	3109
COV	[651-651]	651	3155
COV	[652-652]	652	3092
COV	[653-653]	653	3077
COV	[654-654]	654	3097
COV	[655-655]	655	3009
COV	[656-656]	656	3059
COV	[657-657]	657	2840
COV	[658-658]	658	2947
COV	[659-659]	659	2968
COV	[660-660]	660	2862
COV	[661-661]	661	2927
COV	[662-662]	662	2844
COV	[663-663]	663	2825
COV	[664-664]	664	2845
COV	[665-665]	665	2880
COV	[666-666]	666	2855
COV	[667-667]	667	2791
COV	[668-668]	668	2800
COV	[669-669]	669	2832
COV	[670-670]	670	2713
COV	[671-671]	671	2588
COV	[672-672]	672	2712
COV	[673-673]	673	2756
COV	[674-674]	674	2685
COV	[675-675]	675	2678
COV	[676-676]	676	2612
COV	[677-677]	677	2648
COV	[678-678]	678	2647
COV	[679-679]	679	2582
COV	[680-680]	680	2624
COV	[681-681]	681	2521
COV	[682-682]	682	2510
COV	[683-683]	683	2448
COV	[684-684]	684	2514
COV	[685-685]	685	2518
COV	[686-686]	686	2497
COV	[687-687]	687	2519
COV	[688-688]	688	2426
COV	[689-689]	689	2430
COV	[690-690]	690	2454
COV	[691-691]	691	2424
COV	[692-692]	692	2414
COV	[693-693]	693	2442
COV	[694-694]	694	2395
COV	[695-695]	695	2385
COV	[696-696]	696	2433
COV	[697-697]	697	2397
COV	[698-698]	698	2218
COV	[699-699]	699	2383
COV	[700-700]	700	2265
COV	[701-701]	701	2299
COV	[702-702]	702	2264
COV	[703-703]	703	2282
COV	[704-704]	704	2192
COV	[705-705]	705	2206
COV	[706-706]	706	2138
COV	[707-707]	707	2241
COV	[708-708]	708	2175
COV	[709-709]	709	2214
COV	[710-710]	710	2057
COV	[711-711]	711	2219
COV	[712-712]	712	2060
COV	[713-713]	713	2088
COV	[714-714]	714	2026
COV	[715-715]	715	2096
COV	[716-716]	716	2014
COV	[717-717]	717	2023
COV	[718-718]	718	1940
COV	[719-719]	719	2014
COV	[720-720]	720	1957
COV	[721-721]	721	2012
COV	[722-722]	722	1938
COV	[723-723]	723	1934
COV	[724-724]	724	1888
COV	[725-725]	725	1956
COV	[726-726]	726	1869
COV	[727-727]	727	1810
COV	[728-728]	728	1881
COV	[729-729]	729	1909
COV	[730-730]	730	1922
COV	[731-731]	731	1865
COV	[732-732]	732	1909
COV	[733-733]	733	1747
COV	[734-734]	734	1794
COV	[735-735]	735	1749
COV	[736-736]	736	1783
COV	[737-737]	737	1772
COV	[738-738]	738	1793
COV	[739-739]	739	1732
COV	[740-740]	740	1751
COV	[741-741]	741	1797
COV	[742-742]	742	1742
COV	[743-743]	743	1696
COV	[744-744]	744	1676
COV	[745-745]	745	1679
COV	[746-746]	746	1675
COV	[747-747]	747	1659
COV	[748-748]	748	1698
COV	[749-749]	749	1676
COV	[750-750]	750	1592
COV	[751-751]	751	1634
COV	[752-752]	752	1602
COV	[753-753]	753	1675
COV	[754-754]	754	1586
COV	[755-755]	755	1614
COV	[756-756]	756	1658
COV	[757-757]	757	1594
COV	[758-758]	758	1573
COV	[759-759]	759	1554
COV	[760-760]	760	1547
COV	[761-761]	761	1586
COV	[762-762]	762	1526
COV	[763-763]	763	1518
COV	[764-764]	764	1564
COV	[765-765]	765	1590
COV	[766-766]	766	1549
COV	[767-767]	767	1549
COV	[768-768]	768	1492
COV	[769-769]	769	1522
COV	[770-770]	770	1467
COV	[771-771]	771	1528
COV	[772-772]	772	1544
COV	[773-773]	773	1427
COV	[774-774]	774	1466
COV	[775-775]	775	1504
COV	[776-776]	776	1426
COV	[777-777]	777	1472
COV	[778-778]	778	1484
COV	[779-779]	779	1416
COV	[780-780]	780	1398
COV	[781-781]	781	1379
COV	[782-782]	782	1444
COV	[783-783]	783	1361
COV	[784-784]	784	1408
COV	[785-785]	785	1383
COV	[786-786]	786	1377
COV	[787-787]	787	1350
COV	[788-788]	788	1391
COV	[789-789]	789	1384
COV	[790-790]	790	1329
COV	[791-791]	791	1362
COV	[792-792]	792	1321
COV	[793-793]	793	1308
COV	[794-794]	794	1334
COV	[795-795]	795	1288
COV	[796-796]	796	1260
COV	[797-797]	797	1266
COV	[798-798]	798	1234
COV	[799-799]	799	1241
COV	[800-800]	800	1242
COV	[801-801]	801	1297
COV	[802-802]	802	1196
COV	[803-803]	803	1287
COV	[804-804]	804	1190
COV	[805-805]	805	1161
COV	[806-806]	806	1212
COV	[807-807]	807	1181
COV	[808-808]	808	1188
COV	[809-809]	809	1183
COV	[810-810]	810	1247
COV	[811-811]	811	1207
COV	[812-812]	812	1161
COV	[813-813]	813	1200
COV	[814-814]	814	1166
COV	[815-815]	815	1128
COV	[816-816]	816	1197
COV	[817-817]	817	1168
COV	[818-818]	818	1062
COV	[819-819]	819	1124
COV	[820-820]	820	1148
COV	[821-821]	821	1193
COV	[822-822]	822	1146
COV	[823-823]	823	1093
COV	[824-824]	824	1099
COV	[825-825]	825	1085
COV	[826-826]	826	1046
COV	[827-827]	827	1164
COV	[828-828]	828	1131
COV	[829-829]	829	1080
COV	[830-830]	830	1059
COV	[831-831]	831	1059
COV	[832-832]	832	993
COV	[833-833]	833	1025
COV	[834-834]	834	1014
COV	[835-835]	835	998
COV	[836-836]	836	988
COV	[837-837]	837	1038
COV	[838-838]	838	968
COV	[839-839]	839	1011
COV	[840-840]	840	981
COV	[841-841]	841	1034
COV	[842-842]	842	961
COV	[843-843]	843	980
COV	[844-844]	844	958
COV	[845-845]	845	1008
COV	[846-846]	846	996
COV	[847-847]	847	956
COV	[848-848]	848	956
COV	[849-849]	849	934
COV	[850-850]	850	937
COV	[851-851]	851	920
COV	[852-852]	852	863
COV	[853-853]	853	870
COV	[854-854]	854	882
COV	[855-855]	855	878
COV	[856-856]	856	949
COV	[857-857]	857	897
COV	[858-858]	858	882
COV	[859-859]	859	868
COV	[860-860]	860	864
COV	[861-861]	861	838
COV	[862-862]	862	842
COV	[863-863]	863	865
COV	[864-864]	864	839
COV	[865-865]	865	841
COV	[866-866]	866	897
COV	[867-867]	867	828
COV	[868-868]	868	829
COV	[869-869]	869	836
COV	[870-870]	870	798
COV	[871-871]	871	826
COV	[872-872]	872	813
COV	[873-873]	873	783
COV	[874-874]	874	827
COV	[875-875]	875	830
COV	[876-876]	876	776
COV	[877-877]	877	811
COV	[878-878]	878	777
COV	[879-879]	879	773
COV	[880-880]	880	811
COV	[881-881]	881	724
COV	[882-882]	882	787
COV	[883-883]	883	781
COV	[884-884]	884	744
COV	[885-885]	885	774
COV	[886-886]	886	751
COV	[887-887]	887	714
COV	[888-888]	888	755
COV	[889-889]	889	682
COV	[890-890]	890	732
COV	[891-891]	891	728
COV	[892-892]	892	663
COV	[893-893]	893	730
COV	[894-894]	894	722
COV	[895-895]	895	777
COV	[896-896]	896	715
COV	[897-897]	897	733
COV	[898-898]	898	720
COV	[899-899]	899	706
COV	[900-900]	900	652
COV	[901-901]	901	702
COV	[902-902]	902	706
COV	[903-903]	903	627
COV	[904-904]	904	664
COV	[905-905]	905	682
COV	[906-906]	906	689
COV	[907-907]	907	650
COV	[908-908]	908	664
COV	[909-909]	909	610
COV	[910-910]	910	621
COV	[911-911]	911	631
COV	[912-912]	912	703
COV	[913-913]	913	578
COV	[914-914]	914	620
COV	[915-915]	915	612
COV	[916-916]	916	593
COV	[917-917]	917	584
COV	[918-918]	918	584
COV	[919-919]	919	609
COV	[920-920]	920	627
COV	[921-921]	921	590
COV	[922-922]	922	565
COV	[923-923]	923	597
COV	[924-924]	924	560
COV	[925-925]	925	598
COV	[926-926]	926	552
COV	[927-927]	927	580
COV	[928-928]	928	565
COV	[929-929]	929	612
COV	[930-930]	930	524
COV	[931-931]	931	572
COV	[932-932]	932	579
COV	[933-933]	933	575
COV	[934-934]	934	572
COV	[935-935]	935	549
COV	[936-936]	936	563
COV	[937-937]	937	556
COV	[938-938]	938	573
COV	[939-939]	939	549
COV	[940-940]	940	523
COV	[941-941]	941	527
COV	[942-942]	942	548
COV	[943-943]	943	515
COV	[944-944]	944	529
COV	[945-945]	945	517
COV	[946-946]	946	510
COV	[947-947]	947	541
COV	[948-948]	948	505
COV	[949-949]	949	520
COV	[950-950]	950	475
COV	[951-951]	951	504
COV	[952-952]	952	469
COV	[953-953]	953	487
COV	[954-954]	954	477
COV	[955-955]	955	502
COV	[956-956]	956	498
COV	[957-957]	957	475
COV	[958-958]	958	498
COV	[959-959]	959	488
COV	[960-960]	960	503
COV	[961-961]	961	459
COV	[962-962]	962	485
COV	[963-963]	963	476
COV	[964-964]	964	496
COV	[965-965]	965	457
COV	[966-966]	966	502
COV	[967-967]	967	498
COV	[968-968]	968	478
COV	[969-969]	969	464
COV	[970-970]	970	476
COV	[971-971]	971	472
COV	[972-972]	972	462
COV	[973-973]	973	453
COV	[974-974]	974	470
COV	[975-975]	975	492
COV	[976-976]	976	456
COV	[977-977]	977	460
COV	[978-978]	978	496
COV	[979-979]	979	446
COV	[980-980]	980	473
COV	[981-981]	981	467
COV	[982-982]	982	463
COV	[983-983]	983	467
COV	[984-984]	984	433
COV	[985-985]	985	465
COV	[986-986]	986	445
COV	[987-987]	987	450
COV	[988-988]	988	478
COV	[989-989]	989	455
COV	[990-990]	990	479
COV	[991-991]	991	428
COV	[992-992]	992	447
COV	[993-993]	993	501
COV	[994-994]	994	469
COV	[995-995]	995	456
COV	[996-996]	996	433
COV	[997-997]	997	440
COV	[998-998]	998	451
COV	[999-999]	999	434
COV	[1000-1000]	1000	441
COV	[1000<]	1000	115943
# GC-depth. Use `grep ^GCD | cut -f 2-` to extract this part. The columns are: GC%, unique sequence percentiles, 10th, 25th, 50th, 75th and 90th depth percentile
GCD	0.0	0.010	0.002	0.004	0.004	0.005	0.009
GCD	7.0	0.012	0.004	0.004	0.084	0.163	0.163
GCD	9.0	0.012	1.223	1.223	1.223	1.223	1.223
GCD	10.0	0.013	0.497	0.497	0.497	0.497	0.497
GCD	12.0	0.014	0.004	0.004	0.004	0.004	0.004
GCD	14.0	0.015	0.004	0.004	0.004	0.004	0.004
GCD	16.0	0.016	0.004	0.004	0.006	0.008	0.008
GCD	23.0	0.018	0.254	0.254	5.077	16.242	16.242
GCD	24.0	0.021	0.008	0.103	0.767	2.121	2.917
GCD	25.0	0.025	0.011	0.017	0.027	0.515	0.741
GCD	26.0	0.028	0.004	0.009	0.097	0.329	0.384
GCD	27.0	0.033	0.023	0.034	0.078	0.178	0.292
GCD	28.0	0.040	0.008	0.013	0.093	0.410	0.984
GCD	29.0	0.067	0.019	0.061	0.251	0.900	1.401
GCD	30.0	0.144	0.048	0.087	0.691	1.394	2.704
GCD	31.0	0.328	0.059	0.091	0.182	1.781	3.381
GCD	32.0	0.720	0.068	0.092	0.169	2.496	5.079
GCD	33.0	1.515	0.076	0.099	0.144	2.083	6.071
GCD	34.0	2.993	0.080	0.106	0.144	2.537	7.348
GCD	35.0	5.688	0.084	0.106	0.144	2.104	7.819
GCD	36.0	9.478	0.084	0.110	0.144	1.536	8.071
GCD	37.0	14.648	0.091	0.114	0.144	0.828	7.768
GCD	38.0	21.254	0.091	0.118	0.152	0.247	7.413
GCD	39.0	28.726	0.095	0.122	0.156	0.258	7.556
GCD	40.0	36.326	0.099	0.129	0.163	0.304	7.629
GCD	41.0	43.558	0.106	0.133	0.171	0.429	8.093
GCD	42.0	50.136	0.110	0.137	0.178	0.839	8.837
GCD	43.0	56.155	0.114	0.148	0.194	1.416	9.579
GCD	44.0	61.587	0.122	0.156	0.205	1.625	9.795
GCD	45.0	66.255	0.129	0.163	0.224	2.406	10.922
GCD	46.0	70.352	0.137	0.175	0.235	2.831	11.936
GCD	47.0	73.894	0.144	0.182	0.251	3.237	12.586
GCD	48.0	76.997	0.153	0.197	0.289	4.037	13.143
GCD	49.0	79.821	0.159	0.209	0.319	5.165	14.965
GCD	50.0	82.206	0.167	0.224	0.395	5.533	15.865
GCD	51.0	84.370	0.178	0.241	0.577	6.463	16.009
GCD	52.0	86.374	0.190	0.262	0.824	6.190	17.269
GCD	53.0	88.214	0.213	0.296	1.715	7.844	17.927
GCD	54.0	89.815	0.235	0.330	1.823	8.848	19.722
GCD	55.0	91.297	0.243	0.355	2.347	9.579	20.416
GCD	56.0	92.722	0.254	0.387	3.076	10.893	22.736
GCD	57.0	93.987	0.266	0.422	3.547	11.180	22.615
GCD	58.0	95.184	0.323	0.631	4.379	12.828	24.967
GCD	59.0	96.263	0.354	0.970	4.688	12.577	23.815
GCD	60.0	97.246	0.391	0.930	4.747	12.019	23.587
GCD	61.0	98.062	0.414	1.206	5.146	12.636	22.986
GCD	62.0	98.716	0.452	1.200	4.411	11.828	22.197
GCD	63.0	99.216	0.471	1.139	3.537	8.865	16.892
GCD	64.0	99.580	0.572	1.287	3.670	9.028	16.803
GCD	65.0	99.797	0.492	1.022	2.953	6.526	14.799
GCD	66.0	99.916	0.575	1.394	2.765	6.764	10.937
GCD	67.0	99.970	0.665	1.034	1.906	4.564	11.448
GCD	68.0	99.991	0.130	0.524	1.333	4.230	4.964
GCD	69.0	99.997	1.018	1.220	1.735	4.315	4.751
GCD	70.0	99.998	0.038	0.038	0.883	1.728	1.728
GCD	71.0	99.999	0.008	0.008	0.008	0.008	0.008
GCD	72.0	100.000	0.042	0.042	0.044	0.046	0.046
