# This file was produced by samtools stats (1.23+htslib-1.23) and can be plotted using plot-bamstats
# This file contains statistics for all reads.
# The command line was:  stats data/EUR/IBS/HG01770/aligned/HG01770.bam
# CHK, Checksum	[2]Read Names	[3]Sequences	[4]Qualities
# CHK, CRC32 of reads which passed filtering followed by addition (32bit overflow)
CHK	f248828e	5cf2532a	184b4350
# Summary Numbers. Use `grep ^SN | cut -f 2-` to extract this part.
SN	raw total sequences:	70135442	# excluding supplementary and secondary reads
SN	filtered sequences:	0
SN	sequences:	70135442
SN	is sorted:	1	# sorted by coordinate
SN	1st fragments:	35067721
SN	last fragments:	35067721
SN	reads mapped:	70056015
SN	reads mapped and paired:	70055564	# paired-end technology bit set + both mates mapped
SN	reads unmapped:	79427
SN	reads properly paired:	69685600	# proper-pair bit set
SN	reads paired:	70135442	# paired-end technology bit set
SN	reads duplicated:	0	# PCR or optical duplicate bit set
SN	reads MQ0:	7096338	# mapped and MQ=0
SN	reads QC failed:	0
SN	non-primary alignments:	0
SN	supplementary alignments:	17898
SN	total length:	7075475858	# ignores clipping
SN	total first fragment length:	3537737929	# ignores clipping
SN	total last fragment length:	3537737929	# ignores clipping
SN	bases mapped:	7067460890	# ignores clipping
SN	bases mapped (cigar):	7061553933	# more accurate
SN	bases trimmed:	0
SN	bases duplicated:	0
SN	mismatches:	18564621	# from NM fields
SN	error rate:	2.628971e-03	# mismatches / bases mapped (cigar)
SN	average length:	101
SN	average first fragment length:	101
SN	average last fragment length:	101
SN	maximum length:	101
SN	maximum first fragment length:	101
SN	maximum last fragment length:	101
SN	average quality:	35.0
SN	insert size average:	189.0
SN	insert size standard deviation:	56.1
SN	inward oriented pairs:	34977265
SN	outward oriented pairs:	7048
SN	pairs with other orientation:	6465
SN	pairs on different chromosomes:	37004
SN	percentage of properly paired reads (%):	99.4
# First Fragment Qualities. Use `grep ^FFQ | cut -f 2-` to extract this part.
# Columns correspond to qualities and rows to cycles. First column is the cycle number.
FFQ	1	0	0	0	0	0	0	0	0	0	0	92599	0	0	0	0	0	159855	0	0	1092	0	0	44344	177276	0	135702	565856	823415	384843	0	2889883	15376734	0	2310318	12105804	0	0	0	0	0	0	0	0
FFQ	2	0	0	0	0	0	0	0	0	0	0	53858	0	0	0	0	0	150086	0	0	1692	0	0	63136	147798	0	148255	500264	910648	365571	0	2386132	13583913	0	959827	15796541	0	0	0	0	0	0	0	0
FFQ	3	0	0	1284	0	0	0	0	0	0	0	48296	0	0	0	0	0	130795	0	0	888	0	0	77497	132103	0	137106	465649	953467	351627	0	2274114	12821420	0	869570	16803905	0	0	0	0	0	0	0	0
FFQ	4	0	0	0	0	0	0	0	0	0	0	47409	0	0	0	0	0	74136	0	0	51396	0	0	67056	0	0	125198	238215	20277	312079	7074	614010	16184	816264	1326713	0	9451442	0	21900268	0	0	0	0	0
FFQ	5	0	0	1403	0	0	0	0	0	0	0	87166	0	0	0	0	0	110358	0	0	78302	0	0	85339	0	0	181926	299385	24323	380731	7353	722307	19022	910837	1446580	0	9416857	0	21295832	0	0	0	0	0
FFQ	6	0	0	100	0	0	0	49	0	9044	0	59900	20728	0	0	25	8926	18303	81255	45602	47306	0	7872	6255	84847	61	205220	273001	39073	217478	179940	690877	85698	1036025	1380598	77	8853561	692246	21023654	0	0	0	0	0
FFQ	7	0	0	0	0	0	30	171	0	10948	0	67835	21830	29	0	98	10099	20403	88211	47647	44847	32	9197	6791	85810	123	213045	274615	47343	224969	176323	700006	93926	1056991	1398239	176	8893272	695494	20879221	0	0	0	0	0
FFQ	8	0	0	47	0	0	83	196	4	11249	1	70314	22114	57	0	90	10796	20224	93464	47405	45129	101	9758	6944	84629	100	215812	274185	60313	217738	173396	699347	92969	1060035	1413397	158	8916975	710613	20810078	0	0	0	0	0
FFQ	9	0	0	0	0	0	85	108	31	10201	0	66409	21771	83	12	84	10853	19498	92594	48865	46116	237	9646	7044	84730	196	216504	96222	267472	188872	176768	702528	67573	936596	978672	596484	3055413	1524	5109306	2347105	19908119	0	0	0
FFQ	10	0	0	834	0	0	114	99	64	11885	6	73404	24237	143	7	81	10606	20479	91855	49880	47731	437	9843	7397	87425	350	221150	96823	317339	144941	179282	713211	68487	943094	988831	596587	3072033	1380	5120729	2366503	19800454	0	0	0
FFQ	11	0	0	0	0	0	115	109	80	9870	47	62279	19096	164	9	62	10691	19750	90081	48660	44696	454	9717	7177	84975	591	216469	96718	369645	87646	176808	709444	68596	941647	985751	596583	3079435	1496	5140653	2394355	19793852	0	0	0
FFQ	12	0	0	6287	0	0	158	113	99	9566	87	61017	18846	242	19	81	9146	19663	79797	48440	44510	490	10136	7514	87268	946	213731	96944	405987	38347	179353	710385	66190	936508	991131	590793	3089368	1573	5156557	2434507	19751922	0	0	0
FFQ	13	0	0	0	0	0	151	135	126	10827	172	65282	20298	270	41	99	10104	20031	86840	50239	45071	596	10331	7772	86671	1540	214603	96967	414191	29623	179553	712860	64682	932202	996205	583791	3095554	1807	5154589	2436795	19737703	0	0	0
FFQ	14	0	0	8	0	0	182	132	162	11068	277	67066	20559	292	52	134	1753	26166	89804	50425	45664	640	10741	7636	23196	68165	216703	98836	422051	29848	179917	313130	453257	671525	1002343	665522	569481	1983999	1561879	4209915	2566561	7010831	12687801	0
FFQ	15	0	0	39	0	0	235	204	220	12196	455	70344	21522	355	68	178	2143	27000	91874	51299	46653	688	10974	8032	24479	70244	220642	101696	427275	30277	181374	319574	457638	679946	1009567	677262	577755	1989723	1569809	4226812	2560856	7018471	12579842	0
FFQ	16	0	0	0	0	0	245	209	283	11725	661	68241	20881	412	90	228	2528	27545	95510	52659	47760	788	11395	8066	25520	72290	222345	101945	435695	30827	183762	326042	463550	687889	1018948	688804	586273	2007881	1586100	4261951	2570214	7063279	12385180	0
FFQ	17	0	0	0	0	0	295	303	393	17764	1372	94543	29758	502	166	315	3200	30981	103214	58721	54196	869	12683	8850	28749	82543	231257	106903	452607	31953	193138	338169	475181	703478	1042428	704470	600708	2029298	1602487	4310185	2583377	7079276	12053389	0
FFQ	18	0	0	0	0	0	303	324	474	14081	1549	75498	23140	516	188	364	3819	30706	99306	57347	52740	1008	13053	9359	30566	85397	229352	107186	463786	32676	196567	346646	480282	719449	1054295	719526	614814	2046061	1621702	4360211	2606961	7128624	11839845	0
FFQ	19	0	0	9358	0	0	298	352	584	15179	2255	75641	23262	631	231	402	4482	28563	8094	147535	54592	1129	13932	9685	33026	91836	229516	109619	454299	34550	199462	356590	488176	707225	649706	1152202	630159	1771719	1660188	3637510	3247871	7436545	11781317	0
FFQ	20	0	0	0	0	0	355	478	678	16168	3192	76661	23144	702	286	435	5351	31117	11206	150665	56733	1250	15002	10207	36659	101876	228423	112648	454506	35219	207337	368471	495300	703305	661676	1161750	649013	1793568	1668528	3699406	3304813	7440369	11541224	0
FFQ	21	0	0	0	0	0	360	548	807	18033	4260	78835	23355	771	390	578	6547	32658	13373	140261	58415	1364	16039	10685	41035	111748	225550	114604	458698	36988	211501	382891	500605	706504	670950	1171101	668234	1810516	1684502	3749604	3371128	7425920	11318363	0
FFQ	22	0	0	0	0	0	424	664	1051	20157	6036	81845	23688	868	504	712	7960	35075	17116	136274	59910	1543	17107	11036	44852	123395	219119	116738	454438	38130	215399	398251	503796	700163	680812	1184161	686634	1818826	1708154	3798868	3455463	7409073	11089479	0
FFQ	23	0	0	0	0	0	446	833	1341	25231	8984	90554	24903	1022	656	866	9468	39834	23278	136499	62963	1790	18976	12041	50283	138856	213665	119262	456399	39459	220201	416706	511126	695751	690483	1192925	714160	1831549	1725513	3854342	3514780	7393498	10829078	0
FFQ	24	0	0	0	0	0	434	1002	1516	24292	10864	79307	20631	1099	747	1042	11418	41749	28784	127759	63029	2043	20203	12614	55118	155372	206540	122107	458427	41232	224187	441671	519258	695562	706261	1209252	740190	1843279	1743755	3933506	3443429	7136169	10943873	0
FFQ	25	0	0	2	0	0	483	1213	1901	28248	14185	80608	19058	1227	910	1232	13359	44954	33436	118431	65444	2334	22131	13389	61330	177752	196949	126290	450000	42781	229733	467224	527300	681610	720403	1218431	772503	1857084	1760346	4003480	3456542	7199514	10655904	0
FFQ	26	0	0	48	0	0	746	1810	3112	43545	26372	112850	24233	1538	1171	1602	17095	52897	43342	118048	69810	2581	24390	14114	66649	201358	186221	128398	443123	44661	233868	493318	534328	662946	736500	1220633	807788	1870188	1767968	4067093	3439392	7288806	10315179	0
FFQ	27	0	0	422	0	0	810	2136	3794	49500	34106	111941	20304	1912	1694	2066	21160	62452	55963	112470	70888	3130	26608	15263	71676	225660	183222	131069	446728	46592	237007	533032	541117	654660	749272	1226582	846630	1876920	1776146	4127340	3402112	7391509	10003828	0
FFQ	28	0	0	952	0	0	717	2053	3990	46174	36467	90112	12910	2105	2068	2121	23582	67548	63097	89535	58182	3728	25216	14797	71024	215782	181027	122108	408716	43667	199195	575725	497019	622222	717660	1183610	858586	1766613	1796798	3926425	3558578	7083672	10693940	0
FFQ	29	0	0	18	0	0	767	2241	4375	48666	42574	78297	8289	2421	2331	2361	26629	72146	61995	77687	57902	4248	26806	15286	72479	232859	176286	123587	385049	45139	201567	604442	499773	577517	727817	1159508	901881	1755102	1774894	3965297	3426273	7159301	10743911	0
FFQ	30	0	0	23	0	0	790	2619	4958	52516	52557	69585	4835	2586	2628	2864	29337	77026	55676	69351	57873	4779	27552	16329	74728	244558	175140	125306	361115	47913	203949	630962	499697	535962	739666	1140615	951390	1730046	1753622	4015280	3292069	7237159	10774660	0
FFQ	31	0	0	31	0	0	800	3029	6030	57449	63547	59895	2404	2757	3052	3306	32732	82418	48789	66469	58706	5101	29916	17736	75643	253247	181375	126983	340913	50172	208226	661828	505559	494493	755988	1124638	1004887	1709205	1741837	4081918	3164647	7297234	10744761	0
FFQ	32	0	0	27	0	0	881	3488	7146	62020	75920	48360	1242	3246	3695	3920	37996	90931	41823	66341	60963	5875	32798	18879	77413	261828	196652	131145	324658	53922	212325	704349	516075	463273	782063	1115787	1068238	1691284	1740357	4158534	3038914	7310909	10653553	0
FFQ	33	0	0	34	0	0	922	4269	8840	68290	92008	38013	1007	3764	4543	4743	43313	97390	33184	67828	63687	6566	35893	20862	80032	271036	211287	136614	314350	58820	218659	743405	527738	434610	811892	1114000	1140160	1667599	1747901	4243664	2939879	7325611	10483516	0
FFQ	34	0	0	34	0	0	980	4637	9619	66831	96081	24230	1086	4382	5194	5581	49176	100881	24523	68132	63404	7531	38581	22959	82033	273557	223751	141008	300000	63647	223337	777826	537841	409260	842298	1105771	1218655	1637465	1770564	4333426	2871602	7336334	10322949	0
FFQ	35	0	0	36	0	0	1026	5315	11394	68781	105867	15064	1157	4753	5840	6636	52542	99220	17382	69128	65130	8473	41151	24734	83477	278796	225628	146148	288008	69366	227528	797605	546701	390801	874070	1092804	1296411	1584639	1800823	4415693	2810740	7363137	10168483	0
FFQ	36	0	0	41	0	0	1143	6370	13521	72758	119026	8710	1306	5429	6984	7961	59473	99525	13384	72793	69186	9931	45687	27772	88100	290222	232430	154324	289677	76960	236481	821781	563270	381598	915040	1085308	1379480	1546702	1815636	4474760	2755266	7341070	9974790	0
FFQ	37	0	0	40	0	0	1290	7193	15444	73038	122202	4262	1452	6080	8096	9099	65623	96045	11350	72562	69425	11440	48157	30647	91861	294496	231442	160331	284699	85301	238979	837051	574260	379252	956851	1076261	1461001	1500237	1839251	4524372	2735659	7343009	9795494	0
FFQ	38	0	0	48	0	0	1386	8220	18171	74407	127311	2241	1800	7045	9591	10918	72576	91025	10961	73793	71637	12920	51197	33721	95787	298613	227125	166850	283714	94245	244203	844604	585923	382161	999062	1060829	1539748	1457019	1863883	4553216	2740212	7325623	9620892	0
FFQ	39	0	0	47	0	0	1460	9345	20957	75590	130243	1521	1982	8039	11332	12631	79552	85248	11885	74444	73112	14434	51271	36758	106087	306017	220450	175281	286932	104686	249741	845246	599518	390229	1046735	1049608	1614735	1416168	1876677	4405299	2912016	7312958	9443950	0
FFQ	40	0	0	50	0	0	1599	10621	24103	76484	130984	1379	2438	8951	13246	14525	86425	76945	13164	77179	75888	16968	54380	40716	113819	313401	213518	185107	291162	116971	255611	850509	613181	403665	1096335	1037531	1679070	1383891	1900689	4424837	2913694	7281699	9260966	0
FFQ	41	0	0	54	0	0	1775	11755	27238	76782	131849	1410	2702	9978	15376	16648	91715	67892	14793	77622	76587	19150	57116	44485	121050	317966	200913	192786	292281	131600	261028	845442	625953	414906	1144539	1029028	1732739	1363480	1925262	4445090	2918826	7266330	9087127	0
FFQ	42	0	0	941	0	0	1949	13243	30233	75756	129788	1496	3020	11168	17457	18800	97859	59416	16686	78162	77868	21720	59378	49608	129823	324563	189006	203692	293620	146224	267230	844182	640022	427631	1192820	1021113	1775374	1360580	1951875	4462397	2923104	7230623	8912454	0
FFQ	43	0	0	61	0	0	2171	14870	34112	77185	129020	1753	3583	12435	19964	21327	101901	50780	18693	79382	79693	24341	61391	54366	140268	329775	175098	215028	297854	163288	274827	832884	656448	442418	1236710	1019542	1809036	1364511	1974782	4472976	2925434	7204796	8737775	0
FFQ	44	0	0	210	0	0	2412	16123	38062	77884	128148	1835	4004	13646	23207	24251	105156	43116	20520	80587	81841	27832	64181	59700	152069	336786	160887	227370	300703	183435	282418	825157	676590	459190	1281334	1025632	1829935	1387875	1999969	4486937	2927931	7160592	8542565	0
FFQ	45	0	0	69	0	0	2749	18420	43628	82522	131638	2024	4513	14502	26375	27599	106577	35788	22998	80791	85609	39463	59733	64784	166146	344049	152083	241114	306393	205461	294334	816045	697721	479616	1322458	1041368	1850794	1417738	2023370	4495058	2864745	7184551	8306936	0
FFQ	46	0	0	309	0	0	2093	16131	40152	72603	115431	2318	5330	15772	30681	28863	110777	29286	22011	73034	73896	44467	58077	70195	176478	330276	144079	246822	278979	231741	264303	832680	677345	465531	1345924	987291	1884730	1326474	2089712	4243484	3111052	6933806	8677300	0
FFQ	47	0	0	835	0	0	2054	15976	40850	69274	105462	2237	5266	15802	31262	30011	102351	22837	22359	69546	70866	44291	56291	70557	177766	315012	121473	247243	267993	240615	265530	774328	675717	472356	1325160	1000865	1887859	1358647	2082417	4169461	3051813	6888054	8958692	0
FFQ	48	0	0	216	0	0	2208	16449	43201	68839	100289	2316	5469	16006	33049	31894	94852	19322	23516	69563	71143	45898	55581	73613	183856	306227	102694	252759	267962	254463	274775	727100	683283	486506	1308601	1029605	1894409	1400017	2073289	4097694	2995838	6834072	9112243	0
FFQ	49	0	0	119	0	0	2165	17337	45785	68334	93001	2449	5694	16908	35874	33310	87829	17159	24412	70105	71060	48458	55789	78734	178186	312748	86019	263103	273697	275809	282130	695428	697161	501630	1303378	1068926	1884986	1460571	2108573	3671781	3342930	6767735	9109245	0
FFQ	50	0	0	131	0	0	2386	18318	49032	70490	89313	2651	6277	17461	39302	35914	79886	16063	26165	71907	71800	52289	56773	85358	189210	309790	74179	276476	272845	301895	292047	672099	715676	520179	1300952	1119988	1919520	1505249	2127438	3629110	3323586	6686003	9030511	0
FFQ	51	0	0	146	0	0	2576	19580	52662	75194	86334	2844	6966	18119	43115	38783	73910	15610	27296	75071	73715	56572	57882	92323	200472	306209	64298	291576	274745	329367	304117	652963	741896	542751	1300779	1184468	1959737	1552787	2163056	3592526	3337253	6595027	8845295	0
FFQ	52	0	0	176	0	0	2844	21383	58477	81021	84052	3075	7769	19646	49441	42408	68972	15594	28409	77778	75229	61959	59077	100241	214587	301343	57810	308432	273011	361793	315659	636322	766856	565980	1302522	1252172	2005150	1602628	2192100	3555763	3355061	6487394	8645628	0
FFQ	53	0	0	206	0	0	3138	22866	63364	87317	81030	3534	8843	21434	55147	45138	64385	16140	30396	81819	77572	68107	61812	110285	227183	297842	52554	329554	275604	396165	331561	622381	794252	590911	1305136	1331626	2055462	1658560	2231189	3519934	3365909	6379516	8389605	0
FFQ	54	0	0	234	0	0	3474	24050	67208	94009	75295	3935	9971	22348	61028	47608	57802	16516	31491	86458	79035	74393	64010	120254	241253	291503	49094	350852	275411	432919	347461	609446	829806	619462	1309679	1415980	2114296	1712475	2269421	3484764	3388366	6244489	8131379	0
FFQ	55	0	0	280	0	0	3710	25233	71468	99204	68878	4242	11111	22141	66225	50237	50997	16222	32470	89633	79306	77827	68128	129997	251181	196927	130506	370990	272026	470614	363046	595068	862606	649689	1299867	1515176	2178323	1775016	2208547	3549545	3415355	6124960	7860119	0
FFQ	56	0	0	337	0	0	4125	25433	73940	105310	61139	4676	12135	22427	71064	51055	44500	16253	34061	93991	79294	83604	71160	139854	259729	183440	132511	392035	269647	504367	378034	578188	894036	678861	1298470	1602003	2252374	1836799	2249701	3505946	3449557	5990997	7605509	0
FFQ	57	0	0	387	0	0	4336	26569	77374	111626	53852	5106	12990	23043	75608	51165	38119	16279	35056	98060	79343	90790	72980	151473	267546	170915	135167	414906	267441	539066	396330	566066	929715	709337	1296898	1698686	2335497	1905371	2286145	3455685	3469936	5839220	7348200	0
FFQ	58	0	0	461	0	0	5058	27826	82578	121763	48148	5763	14531	23651	81346	51652	33708	17128	36778	104347	80090	98381	76736	164557	275290	159244	140375	440021	266116	574071	415721	558675	968219	747130	1296460	1796436	2422477	1977711	2321413	3401002	3493121	5669166	7058834	0
FFQ	59	0	0	565	0	0	5417	28571	86287	127736	41057	6128	15914	24250	87268	48811	29658	16933	37282	111088	79215	97799	76529	188652	263475	142595	140854	488546	262210	605138	433710	552377	1006838	781423	1295867	1895416	2525818	2049446	2362202	3335753	3486383	5505342	6813133	0
FFQ	60	0	0	696	0	0	5747	28893	90640	135454	34123	6753	17222	24632	92470	47942	26682	17114	38314	118154	78504	104621	79011	203031	264741	133902	145036	515531	258853	635946	456347	550155	1046019	817106	1296835	1998993	2641045	2122976	2397892	3267738	3515326	5318113	6522808	0
FFQ	61	0	0	859	0	0	6429	29461	95576	142929	27590	7493	18473	24836	96645	46472	24273	17337	39908	123913	77741	111560	81977	217635	261498	125963	152291	542224	255286	659150	479131	553736	1082287	854422	1297087	2100686	2767490	2203929	2433718	3192139	3546667	5126783	6229432	0
FFQ	62	0	0	4603	0	0	7204	31146	102627	155261	22741	8250	20390	25868	101833	44802	23281	18070	42327	132175	78084	119841	86147	233822	258475	121226	160282	574338	254885	681429	506335	563417	1122474	894783	1304527	2209711	2902581	2288526	2467852	3113689	3559351	4916464	5895885	0
FFQ	63	0	0	11123	0	0	7582	30097	104431	154795	16425	9236	22308	26068	106692	42821	22819	17667	43418	138405	75393	128025	89145	249905	252961	118163	165836	604120	250290	702255	530132	576761	1163882	935794	1311966	2316070	3056598	2369110	2509060	3021089	3590275	4699929	5583719	0
FFQ	64	0	0	20433	0	0	8489	31370	112181	164116	12402	10162	24174	26249	110001	40737	22341	17759	44852	145826	74017	135207	92082	264553	244053	115595	173716	632019	249072	714267	557808	597317	1202196	977079	1321171	2420980	3225769	2452742	2543824	2918831	3615729	4468643	5266247	0
FFQ	65	0	0	32559	0	0	9060	30283	115762	162529	8721	11237	26244	26277	112326	38638	19876	20925	46192	135547	89119	142982	94853	261867	251679	113557	182771	653562	219148	714775	619815	622684	1238025	1016409	1335422	2528851	3412831	2543006	2583708	2809947	3639332	4241428	4941680	0
FFQ	66	0	0	47506	0	0	10128	34043	130609	180342	6299	12209	28110	26737	116804	37543	20206	21572	49244	143448	89616	151302	98197	275842	243295	115665	191872	684542	217504	717047	651985	650327	1268639	1055725	1350295	2629509	3604022	2623766	2624205	2685920	3654670	3988895	4615573	0
FFQ	67	0	0	65214	0	0	10174	29181	124421	159573	3538	13914	31571	27735	121421	36153	20879	21046	49283	145552	85197	159973	100978	286321	233542	115929	197140	708713	213412	709737	679616	684810	1295977	1097602	1375707	2737755	3821812	2717458	2673233	2558037	3685479	3745547	4309074	0
FFQ	68	0	0	85337	0	0	10873	28418	127687	155506	1863	14401	30600	26141	113300	31381	21418	21192	50816	149924	83607	165954	102479	290557	221355	118634	206592	730406	211566	697366	712448	721454	1319822	1139075	1406974	2847001	4055160	2806148	2720119	2418074	3708498	3501066	3998977	0
FFQ	69	0	0	108292	0	0	11598	28516	135002	155388	1072	15313	32125	26015	111954	29236	22694	21944	52664	158712	82936	173653	104961	298922	213367	120475	216849	757719	213771	679194	751325	758999	1344468	1180453	1440774	2962675	4292515	2894056	2768810	2287374	3687396	3234650	3675769	0
FFQ	70	0	0	133902	0	0	12581	28478	144044	155193	547	16712	33475	26098	110778	27790	24328	22459	55524	168222	82005	183181	107482	279083	183380	176293	230668	786120	217536	662339	792284	800862	1369074	1224382	1490968	3088463	4527592	2975371	2812115	2145232	3661127	2974542	3320789	0
FFQ	71	0	0	161345	0	0	13557	28083	151231	152148	267	18374	35419	26804	109945	26192	25884	23022	57204	174676	82124	191586	110250	280499	176623	184464	243197	811532	223544	642915	831242	842359	1390078	1265507	1541133	3213515	4779303	3055681	2856086	1993406	3630662	2708834	2991605	0
FFQ	72	0	0	191778	0	0	14290	27579	157912	148086	134	19744	37036	27245	108393	24558	27728	23258	59031	182686	80349	202667	112429	281376	173318	192787	255513	834685	227275	622093	872532	885442	1412152	1304006	1593885	3344346	5040016	3125759	2902001	1839791	3590529	2434831	2672268	0
FFQ	73	0	0	223993	0	0	15847	28288	171399	147409	79	21730	39012	27913	107283	23927	30077	24154	62419	195180	80259	213014	115371	280416	170847	202878	272787	861257	237037	601248	919594	927510	1430433	1344314	1655662	3485631	5294292	3187308	2941207	1689146	3507793	2168041	2343744	0
FFQ	74	0	0	258353	0	0	16899	27616	179535	141438	58	23762	41190	28856	105826	22320	31967	24409	64180	199960	78877	226240	117515	277769	169829	212746	288136	885150	246623	577989	962274	972434	1452394	1391406	1720983	3630744	5552359	3241080	2977406	1533357	3425048	1903736	2036901	0
FFQ	75	0	0	294735	0	0	18789	27926	194196	140081	49	25784	43541	30101	104147	21320	34265	25153	66965	211510	79125	237308	120310	273660	169831	222282	304285	836145	327968	553797	1010648	1010091	1474536	1429563	1791593	3787901	5813053	3283662	2999899	1382593	3307920	1653348	1738032	0
FFQ	76	0	0	333921	0	0	17044	24779	189978	134372	40	44927	72802	40769	171789	18739	50645	20247	82439	201349	102858	403492	188674	420269	264055	343701	414363	1320094	483897	990744	1484799	1787014	2336766	2284217	2131591	5047513	3847351	3172232	1648562	1070324	2783379	789030	325673	0
FFQ	77	0	0	357831	0	0	18504	23850	190950	118909	22	35813	55323	33993	120199	16814	42825	21745	74486	199149	86538	315757	143506	301958	210151	281416	354093	1046642	422567	660536	1303892	1432337	1945163	2025600	2256017	5160020	4765858	3450158	2025449	993208	3238140	989512	323579	0
FFQ	78	0	0	384910	0	0	18697	21583	185538	102823	29	32561	48438	30496	94117	15626	40799	22502	70469	201222	77020	283502	125255	244931	187008	255345	340173	908195	385764	507501	1192788	1212400	1666979	1727429	2127726	4691499	6099489	3488270	2675496	897770	3040950	1041330	593607	0
FFQ	79	0	0	417896	0	0	19161	20441	187953	94295	22	31791	44917	30089	80640	15309	40325	22988	70666	205467	74321	271343	116145	213273	178844	249171	344104	846645	381158	429195	1158143	1124888	1556086	1604408	2075059	4515227	6986745	3486414	2989137	786218	2809415	829950	729755	0
FFQ	80	0	0	455124	0	0	19633	19238	191977	85299	24	32712	44611	30302	72520	14651	41753	23687	71360	209704	73731	272454	113038	192880	178650	252836	356432	820458	388203	383237	1161795	1097117	1522407	1570529	2085030	4543902	7561915	3484150	3091351	672126	2588987	646723	663939	0
FFQ	81	0	0	496080	0	0	20560	18230	194761	77517	15	34017	43990	30553	66361	13890	42946	23545	72473	213479	74638	276435	109917	174130	182522	256523	372822	800026	401505	347850	1179694	1089486	1523969	1571386	2121455	4647247	8011410	3479586	3099102	562835	2362383	496908	540439	0
FFQ	82	0	0	541561	0	0	21175	17246	200596	71080	16	35942	43726	31238	61405	13335	45019	24068	74331	216440	76606	284873	107323	159116	185904	263562	389340	788128	414719	317257	1205091	1085400	1535622	1583307	2157833	4784406	8407845	3467478	3046354	466398	2115796	371926	414526	0
FFQ	83	0	0	591697	0	0	22455	16536	210490	65793	21	37964	44410	32637	56360	13013	46534	24967	76463	223475	79733	294057	105957	145136	192364	272014	410712	779575	433596	293446	1239847	1090480	1564599	1608463	2205810	4948944	8730584	3428012	2936460	381772	1846715	269461	300114	0
FFQ	84	0	0	646811	0	0	23260	15971	217232	60469	20	40728	46047	33939	53429	12381	48647	25195	79506	228655	85034	307583	105634	131791	200644	283039	436614	774889	453782	272864	1276338	1096278	1593839	1643483	2243202	5115462	9017662	3375419	2785569	306886	1578132	188699	209391	0
FFQ	85	0	0	707834	0	0	24114	15370	224506	55562	24	44536	47397	34930	49190	11779	51867	26412	82406	234081	90924	322551	104476	120236	209018	294966	464470	769921	473305	253540	1318853	1103670	1630082	1681225	2278907	5290149	9266647	3305862	2598526	241921	1311976	127435	138989	0
FFQ	86	0	0	774029	0	0	25086	14238	228508	49506	23	46591	46874	35692	44586	11350	54057	26338	84644	235314	96417	330274	99907	106546	217655	303828	488722	753136	493896	234510	1350563	1104817	1662129	1720334	2313082	5470195	9521259	3229670	2400353	187008	1067745	82457	88515	0
FFQ	87	0	0	846222	0	0	25349	13399	233377	44499	29	48969	47096	36797	39992	10682	56063	26823	87234	238843	101664	339213	96183	94144	223535	312016	511083	729930	512088	216279	1379030	1104583	1687772	1749589	2339094	5621627	9789685	3145995	2188960	141191	846687	50527	54387	0
FFQ	88	0	0	928492	0	0	25829	12503	233851	39483	23	50896	46936	36851	35487	10128	57878	26936	89002	239551	107388	346289	91132	81971	229850	318998	533955	703762	529944	198887	1401498	1104125	1709968	1781545	2364703	5773521	10038780	3049846	1964294	104558	649183	30022	31556	0
FFQ	89	0	0	1018174	0	0	26140	11482	233914	34588	21	51324	45347	36609	29991	9505	58532	26827	89795	240366	111612	347600	84281	71045	233397	325883	555522	667226	548036	182587	1421891	1099982	1727193	1806720	2388679	5917101	10298036	2936254	1738148	76356	482193	17241	17713	0
FFQ	90	0	0	1113977	0	0	26689	11158	243576	30842	20	53950	46551	37075	26499	9029	59834	27953	90678	244916	116587	348565	78116	61387	239151	332479	579173	633884	565035	169485	1435443	1098548	1742568	1832595	2404562	6041010	10516558	2812338	1505243	54438	344672	9327	9452	0
FFQ	91	0	0	1225095	0	0	26083	9469	230832	26103	38	54987	44978	36481	22750	8175	59956	27427	91421	241835	121756	348239	70954	52667	243928	338632	600327	597028	580642	156722	1447107	1095779	1752504	1859558	2417474	6166391	10729082	2686888	1281116	37092	237850	5065	5083	0
FFQ	92	0	0	1353092	0	0	26004	8927	230532	22623	30	54785	41787	35960	17882	7601	61399	28147	91845	246083	127625	346867	63667	45872	248353	344451	624407	558103	597854	144525	1464824	1099787	1768855	1887100	2426561	6276810	10880598	2535953	1064725	24403	156223	2896	2785	0
FFQ	93	0	0	1505108	0	0	25523	7898	226159	19382	19	54303	39526	34705	14670	7002	61975	28851	92532	248956	133164	346097	56487	39945	253820	352084	651516	522987	616690	134797	1481856	1103806	1789688	1916801	2435097	6388144	10955381	2377006	860306	15586	98321	1827	1669	0
FFQ	94	0	0	1685251	0	0	24489	6661	217498	16622	20	53427	36140	33113	11632	6298	62498	28726	93045	247599	138243	342043	49493	34496	258367	356518	674963	486044	631473	123766	1496436	1112116	1805819	1948891	2441845	6484177	11007676	2210027	681189	9570	58839	1175	1105	0
FFQ	95	0	0	1900790	0	0	22839	5613	201631	13787	15	51096	31986	11958	27548	5609	61155	28686	91548	246520	142425	333463	42167	30676	259901	359604	694761	446134	645977	113287	1504099	1120855	1821071	1970408	2445812	6566534	11040903	2043362	529220	5787	34159	835	702	0
FFQ	96	0	0	2163457	0	0	20329	4629	185382	11413	18	47626	28053	9910	24554	4729	59810	28553	90390	243802	145198	319161	34791	27367	260420	360081	714134	409256	658700	104730	1508048	1126194	1837725	1999590	2444548	6632679	11019310	1873514	404211	3319	18871	604	501	0
FFQ	97	0	0	2481943	0	0	15084	2959	147096	8677	20	40938	23310	7748	19470	3634	56578	27684	86673	235854	145932	302275	28518	24562	258776	357668	722868	365848	662652	94610	1505267	1135369	1852823	2019482	2444111	6684549	10992957	1720014	306463	1884	10490	467	351	0
FFQ	98	0	0	2869199	0	0	8489	1775	97955	4877	8	27563	14564	4503	12965	2488	52125	27456	81120	230381	142644	278608	22564	22888	254620	354577	731439	326455	667382	85374	1497206	1139169	1864749	2034925	2436529	6718581	10946118	1567363	228810	1110	5903	331	263	0
FFQ	99	0	0	3315468	0	0	2061	363	30578	1294	6	10097	5024	1558	5363	1084	47649	27329	73708	223110	133339	249874	16676	21565	246141	345587	726305	285441	667705	75130	1485101	1146399	1876792	2050588	2432353	6752807	10864693	1428922	172847	728	3497	248	172	0
FFQ	100	0	0	3824913	0	0	0	0	5	15	0	0	0	0	280	56	45187	27194	66304	215064	121870	217548	12156	20005	227602	322536	681249	233453	641353	64462	1407348	1147525	1880836	2060533	2429337	6770985	10820258	1313013	134493	483	2409	155	145	0
FFQ	101	0	0	4700055	0	0	0	0	0	0	0	0	0	0	0	0	131759	108124	183521	847213	331627	531473	31033	75496	502491	689611	1682812	492457	1272128	131374	2556541	1631450	2754529	2694349	2057233	6668806	4181768	355565	34413	213	625	38	18	0
# Last Fragment Qualities. Use `grep ^LFQ | cut -f 2-` to extract this part.
# Columns correspond to qualities and rows to cycles. First column is the cycle number.
LFQ	1	0	0	4822	0	0	0	0	0	0	0	246132	0	0	0	0	0	304889	0	0	817	0	0	48051	330610	0	283137	789738	888489	623257	0	2852498	13222782	0	4252576	11219923	0	0	0	0	0	0	0	0
LFQ	2	0	0	1484	0	0	0	0	0	0	0	238847	0	0	0	0	0	346501	0	0	820	0	0	82979	287118	0	297453	729318	1047489	564154	0	2354673	12288476	0	2553873	14274536	0	0	0	0	0	0	0	0
LFQ	3	0	0	9	0	0	0	0	0	0	0	245589	0	0	0	0	0	368916	0	0	981	0	0	106936	279082	0	314893	706764	1099994	579370	0	2262744	11761515	0	2309353	15031575	0	0	0	0	0	0	0	0
LFQ	4	0	0	18	0	0	0	0	0	0	0	232398	0	0	0	0	0	155686	0	0	196864	0	0	92793	0	0	273019	353531	21866	531770	0	824880	15194	1103718	1696959	0	8919335	0	20649690	0	0	0	0	0
LFQ	5	0	0	3	0	0	0	0	0	0	0	232346	0	0	0	0	0	154940	0	0	196681	0	0	92052	0	0	272351	351995	22153	536988	0	822513	16066	1121884	1712156	0	8985511	0	20550082	0	0	0	0	0
LFQ	6	0	0	0	0	0	0	102	0	23441	0	146272	44681	0	0	47	19206	26943	163532	63364	60850	0	9809	7394	100021	105	271298	312115	42775	327501	183468	775604	110746	1188163	1555212	1	8132308	914281	20588482	0	0	0	0	0
LFQ	7	0	0	0	0	0	59	346	0	27581	1	162415	48272	36	0	147	19901	30817	162034	68963	61046	38	12097	8639	107866	172	277492	320622	57453	310726	190109	788940	117427	1198959	1540903	30	8136068	891379	20527183	0	0	0	0	0
LFQ	8	0	0	0	0	0	162	366	6	27538	0	162955	47740	96	0	159	20096	31420	169741	70727	62097	119	12941	9066	109218	112	281692	325729	79483	301434	192682	798070	114741	1213556	1556924	41	8178015	902979	20397816	0	0	0	0	0
LFQ	9	0	0	0	0	0	206	254	71	28304	2	170208	51954	133	13	131	20589	30837	169517	72616	65618	339	12777	9154	111968	213	287144	118891	331547	259680	198230	806859	85965	1089609	1042395	699102	3009552	0	5063575	2405162	18925106	0	0	0
LFQ	10	0	0	202902	0	0	265	273	140	26562	12	160196	48901	232	14	130	20792	30830	166053	71807	64814	543	12814	9077	111396	406	286487	117342	399051	193678	197280	806576	85965	1086432	1045061	696812	3011234	7	5045592	2410889	18757156	0	0	0
LFQ	11	0	0	0	0	0	347	278	237	29925	115	183006	51744	333	45	153	20926	32935	330212	95753	72831	586	13615	9630	115883	749	288945	120418	479276	110967	199977	813657	86010	1091848	1048018	693708	3023459	74	5061766	2449378	18640917	0	0	0
LFQ	12	0	0	0	0	0	419	300	307	30830	295	184565	53320	382	49	146	22394	32358	204889	75933	66382	738	13886	9816	114597	1337	291289	120201	611219	46829	203497	815366	84906	1187344	1053897	709769	3040500	254	5089703	2474976	18525028	0	0	0
LFQ	13	0	0	6	0	0	429	296	429	29117	522	178430	51123	446	72	194	22775	33544	181975	76606	67208	740	14010	10218	116539	2207	295911	123851	585751	34971	204582	833376	84862	1143410	1067388	744175	3098352	450	5159522	2503065	18401169	0	0	0
LFQ	14	0	0	0	0	0	478	370	601	29821	887	175724	50696	479	115	196	3218	46586	177112	78999	68020	827	14705	10597	34012	89890	295910	127231	573187	36096	207823	376030	517243	828886	1087680	823996	589955	1942085	1600204	4439889	2765998	6390936	11681239	0
LFQ	15	0	0	0	0	0	603	524	734	34007	1498	192838	56026	645	127	318	3815	49490	181942	82256	70954	939	15080	11301	36018	93027	304106	130659	581484	37401	210169	386208	522337	834816	1099089	823210	597575	1947113	1595441	4461293	2771944	6424347	11508387	0
LFQ	16	0	0	175	0	0	627	586	911	33071	2212	183269	53471	679	260	390	4642	48747	189840	81231	69988	1074	15372	10638	37983	94736	301939	127997	594235	35981	210590	394123	524322	848882	1099522	837814	606375	1960088	1613149	4486184	2793588	6445268	11357762	0
LFQ	17	0	0	383	0	0	696	625	1055	34297	3179	181585	52962	828	311	494	5472	49593	183150	81762	71494	1162	16229	11111	40204	99443	301393	129753	590244	36522	214266	400565	526918	845645	1111819	841023	617333	1969433	1621301	4522287	2791121	6515813	11196250	0
LFQ	18	0	0	2196	0	0	780	761	1301	37369	4519	189952	55789	939	404	621	6558	51436	180272	84161	74517	1293	17450	11656	43427	106919	300669	130897	585263	37937	218255	409192	530947	836125	1123849	836854	627830	1974422	1625123	4542120	2787488	6555695	11072735	0
LFQ	19	0	0	533	0	0	802	924	1593	40081	6363	193581	55928	1061	520	665	8085	47353	16975	257053	76518	1468	18147	12370	46845	116646	299275	132557	588652	38389	222863	419768	534887	834280	703130	1260712	641424	1747250	1569897	3773273	3379390	6808123	11210340	0
LFQ	20	0	0	788	0	0	828	1041	1883	41699	8623	190639	54495	1114	672	855	9348	49891	21865	245787	76511	1766	18895	12793	51142	125250	294804	134440	584184	40063	225510	432641	538104	833662	710370	1268381	655448	1758459	1588463	3809107	3432160	6823246	11022794	0
LFQ	21	0	0	0	0	0	866	1192	2161	44198	11003	185970	51595	1366	780	979	11423	53994	27939	235799	78217	1896	20540	13373	55592	138500	287959	136153	579503	41015	230633	448092	542247	826134	719239	1279863	673370	1769567	1612650	3850519	3501996	6835331	10796067	0
LFQ	22	0	0	1	0	0	927	1438	2731	48163	15325	184599	49726	1480	1094	1191	13407	58040	34902	222972	79583	2109	22511	14113	62018	153340	281424	138255	574804	42534	234974	468488	549924	817293	731499	1292156	697273	1784806	1637360	3914202	3575175	6842432	10515452	0
LFQ	23	0	0	1	0	0	1007	1627	3046	50714	19811	177177	45551	1632	1266	1395	16236	62417	43298	207781	80423	2398	24077	14961	68148	171169	270396	141581	567612	43984	240614	490508	557296	806179	744385	1304979	721473	1798722	1661214	3969378	3656754	6867902	10230609	0
LFQ	24	0	0	106	0	0	1019	1940	3694	57914	26602	180630	44255	1850	1515	1694	19375	67829	52625	193103	83501	2657	25976	15843	76016	196263	260075	144097	559560	46392	245382	517976	565169	790206	759549	1309969	749527	1807329	1678506	4046047	3514675	6430061	10588794	0
LFQ	25	0	0	3	0	0	1098	2366	4400	63348	34113	173979	38432	2112	1804	1964	22724	74826	63300	178646	84445	3094	28331	16817	81903	221613	248858	146577	550836	47906	249411	548135	570405	773882	771173	1320695	779051	1816575	1698513	4107488	3536811	6536861	10265226	0
LFQ	26	0	0	5	0	0	1158	2799	5189	70997	44125	170570	33432	2396	2220	2479	26952	82617	72971	163196	87897	3678	30551	18020	88498	250134	239838	151649	543969	50304	256345	590354	581077	757355	788552	1329539	814140	1827972	1707870	4186207	3513454	6641397	9927815	0
LFQ	27	0	0	53	0	0	1253	3251	6342	79749	56849	165105	27637	2825	2655	2846	31586	90769	79951	148636	90212	4123	33360	19360	94401	279935	232009	155041	531583	53059	259943	634118	589151	732387	809606	1335814	854640	1835044	1719675	4259101	3490798	6765609	9589245	0
LFQ	28	0	0	44	0	0	1444	3806	7740	90851	72876	157741	20313	3120	3055	3430	37546	101320	84430	135543	92754	4723	36972	21254	99188	311430	229259	160310	517631	56494	266271	682741	601267	704230	831350	1346625	899991	1840377	1733374	4348970	3455404	6881078	9222769	0
LFQ	29	0	0	47	0	0	1527	4498	9158	100134	90868	145228	13989	3599	3797	4167	43446	112717	84898	125433	95881	5405	40641	22898	103067	338412	233794	165554	501935	59839	273451	737868	613459	671859	856495	1350472	951752	1841620	1752465	4442645	3409338	6976778	8878587	0
LFQ	30	0	0	52	0	0	1379	4579	9435	95023	97025	111945	7283	4113	4574	4668	48696	122020	82068	102387	82389	6455	37552	22686	103551	322759	249216	157006	448043	57811	233639	802466	572971	613770	828157	1288023	974655	1708499	1764754	4258384	3570433	6711804	9557451	0
LFQ	31	0	0	953	0	0	1476	5194	10778	100519	112001	92367	3556	4614	5104	5355	54286	128499	69117	96316	82642	7268	40903	24074	103799	331553	256876	158931	417818	61234	237019	834081	577047	553740	846733	1260332	1024338	1679795	1748748	4315930	3412976	6746915	9654834	0
LFQ	32	0	0	68	0	0	1514	5985	13112	108494	132823	73430	1974	5148	5795	6368	60742	135683	56190	96948	86667	7973	44269	26221	105148	343706	266926	164815	395724	65221	245818	867843	590621	510944	873810	1241018	1083298	1649265	1733842	4386726	3259344	6773744	9639613	0
LFQ	33	0	0	293	0	0	1586	7054	15156	114049	150912	54994	1440	5755	7081	7524	67924	143014	43601	97050	87037	8912	47933	28432	107108	348258	284328	168301	373373	70632	249017	909345	596878	471401	899575	1222916	1145623	1617047	1736916	4458075	3141070	6789649	9586670	0
LFQ	34	0	0	87	0	0	1628	7728	17247	113918	162402	35576	1493	6693	8194	8729	76372	147885	32962	97454	87741	10479	51734	30998	110678	353596	299900	173576	357853	77290	251514	955395	606792	439863	935327	1209586	1219569	1576207	1752052	4535346	3055695	6771880	9483727	0
LFQ	35	0	0	64	0	0	1730	9030	20015	116684	177880	22219	1734	7502	9876	10369	84489	147297	24518	98721	90019	12137	54881	33791	114454	360344	311401	181286	344345	85040	255365	998568	616784	419059	977100	1198685	1300525	1539957	1780183	4612605	2998229	6759232	9288369	0
LFQ	36	0	0	73	0	0	1826	10156	22814	117010	185273	12324	1901	8446	11305	11984	92156	142253	18673	97795	90649	13675	58584	36848	117651	364971	310622	187102	333989	92346	258239	1010818	625224	401862	1016269	1173194	1376643	1490265	1800728	4667265	2954440	6779783	9168739	0
LFQ	37	0	0	75	0	0	1984	11938	27310	124170	203727	6850	2279	9643	13257	14068	102569	138531	16415	100298	93529	15176	63055	40884	122640	369944	304130	193816	330365	102632	263155	1013089	636183	396235	1059201	1149518	1446542	1444697	1809070	4702906	2908380	6785450	9039541	0
LFQ	38	0	0	95	0	0	2030	13204	30179	117983	196942	3561	2568	10996	15427	15859	111406	129063	15941	100170	94607	17375	66382	44971	128041	376278	298184	203116	330331	114073	271231	1015659	649986	400303	1107011	1132230	1513720	1409920	1824150	4740029	2880665	6792111	8886880	0
LFQ	39	0	0	97	0	0	2446	19463	44918	171346	298084	2923	3164	13080	19162	19906	133342	132693	18377	112337	108842	19854	68704	50472	142735	395043	292389	213492	337184	127251	275882	1022961	659893	406516	1156836	1111065	1580236	1358963	1849140	4541896	3033924	6704526	8613042	0
LFQ	40	0	0	104	0	0	2482	18248	42064	132113	226368	2556	3876	15475	24000	23482	154509	126344	19709	105278	101521	23670	71107	56405	154543	400662	306553	224162	336661	144003	284098	1056642	678116	417560	1215821	1104665	1636727	1334793	1863215	4572476	3025987	6702153	8453553	0
LFQ	41	0	0	108	0	0	2702	20610	47811	132147	224869	2535	4094	16529	25996	26263	153452	99118	21781	105883	102956	25966	74526	61279	163027	407501	268947	235355	341303	160167	291058	1029659	693461	432173	1276210	1087638	1700316	1320606	1899383	4598643	3027105	6703358	8276738	0
LFQ	42	0	0	100	0	0	2982	23301	55355	135646	226289	2650	4805	18080	29447	29857	159530	82809	24192	108194	105882	29144	77591	66729	173866	416216	244528	248091	345951	180035	299324	1007437	712100	446530	1320483	1071212	1728954	1322201	1918518	4630841	3033088	6679989	8098934	0
LFQ	43	0	0	111	0	0	3159	23644	56219	124015	200782	2792	5416	20744	33426	33056	165819	70035	26174	106626	105098	33529	79684	73503	187068	418156	225682	260048	345286	200701	305023	994696	726084	459312	1370178	1063373	1755023	1330148	1938709	4639792	3038115	6688702	7950550	0
LFQ	44	0	0	132	0	0	2707	22127	54817	113219	181767	3012	5999	21588	37210	35016	160233	57181	25910	99479	94536	37897	79605	79825	197830	405384	209315	266365	319194	224773	280952	996523	706557	450910	1395962	999201	1785585	1243187	1982220	4452194	3221135	6505767	8304776	0
LFQ	45	0	0	147	0	0	2802	23813	60372	113300	176991	2954	6313	21032	38922	36616	149697	44698	27917	95787	95867	47747	72025	81190	203677	397430	183745	273764	318440	237420	289817	935461	714791	462233	1397787	999384	1782435	1274289	1966999	4413273	3060600	6550949	8499078	0
LFQ	46	0	0	154	0	0	2902	25790	64770	112235	170158	3167	6568	21652	41935	39320	142947	37281	29861	96759	97017	50703	72104	86005	213021	395448	159712	285948	319952	258059	299177	890954	727868	476341	1403522	1014275	1785470	1309054	1959625	4382514	3006899	6511399	8558867	0
LFQ	47	0	0	577	0	0	2955	26670	69366	112000	162243	3222	7207	22997	46418	43301	138466	30950	31981	97081	96833	55183	72856	93037	225562	391564	141083	296865	319053	282173	306549	860221	742551	491472	1412146	1038246	1797931	1342475	1972535	4349710	2993345	6457371	8524933	0
LFQ	48	0	0	183	0	0	3195	28942	75086	115629	157811	3630	7872	24146	51511	46659	131596	27050	33852	99927	99751	59268	74333	99636	239575	391227	123478	311386	321116	311310	318649	830159	763743	508105	1417343	1075947	1812126	1381278	1986940	4313520	2983916	6393297	8435625	0
LFQ	49	0	0	2089	0	0	3565	31031	82271	121151	155030	3910	8830	25674	57523	50497	123777	24621	36420	102784	102475	65040	76532	109159	237812	405083	104844	330245	328239	343126	329972	807961	785827	529182	1422635	1112911	1779961	1473764	2019365	3871584	3400410	6317126	8276132	0
LFQ	50	0	0	282	0	0	3889	32738	88610	126408	149369	4239	10249	28119	64063	55044	117149	22910	37867	105261	103659	71785	78461	118513	253117	401825	92227	349207	326850	380374	341130	788737	810810	549529	1425818	1169173	1812881	1510180	2051585	3848012	3411337	6231994	8084868	0
LFQ	51	0	0	243	0	0	3561	31803	86294	121454	129306	6787	16113	40630	106756	75027	161444	18032	33916	94366	79281	116443	94410	181839	364775	515841	129623	449801	310982	701784	327358	1384408	1022273	648519	2368141	1488506	2210078	1587552	3722560	4576860	5401348	4417073	2032833	0
LFQ	52	0	0	261	0	0	4073	33315	90844	124360	119757	5857	14018	34101	90605	66735	109920	18773	35948	97947	87622	98034	85506	156422	316062	399789	81638	424351	303295	566665	329862	956057	957676	656809	1800156	1451658	2023979	1601819	2912529	4416503	5747502	6235725	2601589	0
LFQ	53	0	0	266	0	0	4268	34003	92110	125485	107043	5443	14088	32023	85921	62565	86717	18908	37317	100172	88759	94068	81188	149958	296539	353930	63887	411919	293606	522470	344485	768532	902377	639727	1509386	1411909	1957892	1639372	2368690	4049010	4532756	6657837	5112851	0
LFQ	54	0	0	278	0	0	4442	34635	95511	130694	95913	5602	14759	32222	88556	61597	75415	19598	38267	103711	89212	96476	81209	153741	294498	328428	55880	414489	286870	522271	357116	681317	886774	635083	1376902	1418994	1993504	1661421	2200902	3761597	3892081	6112728	6954482	0
LFQ	55	0	0	300	0	0	4680	34183	96149	132157	83007	5839	15754	30459	92432	62504	62809	19332	39776	108003	88843	97811	84352	161103	295632	222463	140403	427572	281816	543327	371344	632840	899916	646448	1312642	1472295	2055174	1703221	2120319	3638431	3651891	5810144	7611499	0
LFQ	56	0	0	330	0	0	5099	34614	98659	137751	72088	6124	16631	29855	94854	61760	52419	19274	40316	111185	87741	103404	85315	168534	298513	201358	141545	442667	276863	568614	385111	598613	918555	665348	1274860	1533623	2135182	1754073	2124805	3527420	3561331	5609682	7812446	0
LFQ	57	0	0	362	0	0	5544	36243	103494	147423	65375	6668	18099	30634	100752	61174	44809	19379	41858	116044	88625	110213	88428	181500	302798	185944	144371	464680	273504	595947	401875	574539	943301	690760	1251842	1608080	2227533	1809403	2144960	3447740	3525743	5440641	7755998	0
LFQ	58	0	0	403	0	0	5985	36608	108024	154625	55191	7254	19903	30833	106061	60906	39156	19626	43208	121779	87601	117711	91008	194673	306851	172694	149235	486537	268749	626061	420099	562379	974591	718257	1234147	1691690	2329372	1873418	2176447	3383087	3526840	5288299	7566676	0
LFQ	59	0	0	436	0	0	6455	37644	113117	163556	46939	7892	21276	31217	112195	57258	34602	19809	44092	130834	87170	117629	90824	219163	293378	154911	150138	538429	265273	654573	441667	552220	1008611	750459	1228124	1781683	2438965	1942993	2209227	3324094	3477325	5143095	7358413	0
LFQ	60	0	0	497	0	0	7028	37687	116281	168242	37591	8523	22971	31161	116656	55196	30512	19836	45370	135634	85573	125204	93799	234193	290551	143848	155948	567008	261780	684276	462855	550860	1044199	784796	1221147	1875998	2562811	2015055	2253998	3255127	3521609	4981668	7049877	0
LFQ	61	0	0	546	0	0	7679	38683	124752	179737	31365	9479	24559	31058	120627	52862	28150	20289	47752	144339	86480	133006	97402	250288	286070	136927	163899	597160	261592	703904	489598	551477	1081748	820392	1215236	1979710	2694318	2095586	2291280	3189328	3537850	4816486	6713412	0
LFQ	62	0	0	3896	0	0	8501	39715	131839	190964	25279	10208	26795	31248	126033	51520	26202	20907	49350	153428	84999	142007	101529	267032	281022	131930	171780	628975	259065	724837	514544	560434	1120909	859642	1215724	2075341	2839301	2176319	2332015	3105983	3569926	4621881	6373622	0
LFQ	63	0	0	10135	0	0	9353	41279	141406	201272	19802	11530	29080	31738	131490	49480	25808	21006	51679	162171	83425	151199	105324	283865	274413	128733	179199	658818	255720	738781	541090	574632	1157895	896302	1215756	2170881	2996997	2252505	2370930	3018593	3591950	4426630	6043498	0
LFQ	64	0	0	19559	0	0	10281	40830	146569	203249	14172	12637	32981	33015	137404	47505	25916	21220	53344	171444	81304	160826	109520	301699	267465	127611	187872	693665	254109	753113	570249	595218	1192053	935073	1220923	2269403	3167823	2339646	2414524	2917638	3618586	4211579	5693984	0
LFQ	65	0	0	32734	0	0	10726	39502	149108	199604	9526	13611	34531	32004	137658	43656	22611	24244	55008	157616	98251	170536	112154	298276	273831	126804	195749	716499	223902	759161	630299	621031	1227022	975513	1229984	2374875	3358024	2423177	2464632	2815907	3652264	4003164	5340433	0
LFQ	66	0	0	49820	0	0	11886	39798	159906	205595	6512	14900	36109	32366	138491	41548	23125	24884	57280	167530	98782	179010	116185	312396	263566	129064	206682	749814	222958	754646	666157	651436	1261985	1017286	1242439	2477155	3551439	2512638	2510028	2701471	3668927	3779483	4969916	0
LFQ	67	0	0	71106	0	0	12720	39603	166566	203235	3941	16497	38522	31996	140679	39052	24554	24934	59242	173946	97001	189749	119764	322748	254659	130734	216643	779554	222491	748013	699189	685504	1290410	1058663	1263076	2582586	3756880	2600765	2559209	2578788	3691055	3548170	4610460	0
LFQ	68	0	0	96920	0	0	13952	39227	174619	200885	2284	18012	40739	31748	139365	36778	25215	26003	61297	182202	95749	198715	122603	332625	244541	133886	227965	807451	221842	735986	733043	720289	1312622	1098026	1284337	2686653	3983837	2685051	2610245	2442381	3708232	3308869	4267995	0
LFQ	69	0	0	127682	0	0	14549	38261	181894	199266	1296	19587	43362	32292	138981	34388	26642	26170	63426	190230	94593	209311	125140	340551	236410	138788	239765	836879	223636	720594	771957	761569	1340662	1139518	1310253	2797743	4213091	2775820	2663013	2304386	3696725	3065575	3907631	0
LFQ	70	0	0	162952	0	0	15436	37780	189669	194498	681	21327	45455	32344	137586	32391	28493	26501	65266	197174	92702	219533	128406	316437	203915	196171	252833	862707	226272	702240	809443	803641	1361812	1178304	1349813	2919480	4446520	2857070	2721355	2158643	3689027	2822692	3544450	0
LFQ	71	0	0	202554	0	0	16486	36296	197390	186748	372	23292	47458	33014	135032	30166	30147	26607	67831	204590	91249	228773	130522	316512	197129	205039	265451	884549	231158	676727	850551	844989	1382122	1219880	1387733	3033976	4698797	2942953	2772968	2012980	3663916	2575538	3198801	0
LFQ	72	0	0	247381	0	0	17363	35230	202646	177898	194	25111	48779	32888	131152	28463	32430	26948	69495	211220	89897	238774	131738	314524	191027	212870	278465	909601	237256	649466	889008	882566	1398096	1257532	1434156	3160112	4961293	3015582	2832927	1856270	3631783	2323375	2865992	0
LFQ	73	0	0	296618	0	0	18340	35443	214694	174600	130	26732	50355	33267	126745	26560	33893	27481	72535	222234	88600	250538	131938	309425	187576	221931	294452	927466	246952	620331	928396	918843	1413983	1293129	1483329	3291587	5228708	3084046	2893273	1704242	3560786	2077299	2532042	0
LFQ	74	0	0	350540	0	0	19990	34726	226348	169957	109	28830	53141	34198	123508	25580	36325	27903	74555	228650	87500	261259	134517	302566	186893	231097	309618	945717	254706	593590	970900	956972	1432434	1327807	1531802	3429680	5495866	3143575	2942458	1549539	3483779	1831402	2209328	0
LFQ	75	0	0	409081	0	0	20859	33277	234801	160880	99	31278	54589	34944	120349	23958	38533	28718	77351	238055	86866	272380	135267	293826	186579	240737	327754	889761	338821	564656	1012654	988735	1452740	1361772	1587315	3573393	5768436	3193202	2991272	1398092	3373854	1598813	1902415	0
LFQ	76	0	0	472483	0	0	22425	32562	246809	154629	117	33763	55961	35513	114739	23044	41203	29300	80437	246704	87143	284700	137121	283448	188875	252097	347818	906081	356876	536576	1059971	1025536	1476161	1400859	1647082	3727103	6025521	3227392	3022549	1251639	3239272	1369157	1601772	0
LFQ	77	0	0	539535	0	0	23655	31692	257655	145912	109	35800	58227	36644	110735	21642	43818	29949	82959	254700	87907	298202	137459	270741	193094	262490	365973	917142	373096	506730	1103414	1054012	1500506	1437632	1700351	3889725	6290547	3262384	3041497	1104719	3085024	1152408	1334425	0
LFQ	78	0	0	611500	0	0	24331	29918	262642	134622	91	38285	59215	37172	104434	20424	46598	29924	85355	261763	88860	311530	136386	256096	197571	271994	384219	921152	390980	475423	1146335	1078799	1523078	1473284	1752479	4052282	6571635	3284647	3050977	965347	2912757	956218	1091914	0
LFQ	79	0	0	689786	0	0	25781	29478	274928	128749	112	40910	60117	38572	99341	19658	48354	30684	87774	267360	89668	321821	137362	239868	201434	281315	406770	924300	409743	443497	1187408	1099836	1551157	1504863	1801184	4217626	6852611	3289908	3043960	830660	2710729	775680	874600	0
LFQ	80	0	0	773045	0	0	26982	28180	285127	119258	120	43920	61998	39968	94064	18874	50839	31393	91155	277550	92074	334158	136762	225355	208585	293621	430925	925416	430125	412622	1230193	1117806	1587591	1538663	1845204	4391734	7114993	3282487	3009274	710872	2479234	613157	681161	0
LFQ	81	0	0	862548	0	0	29238	28905	309895	117323	111	46809	63035	41129	89207	18487	53480	32130	94049	285018	94277	345633	135496	208538	216297	302254	453715	923666	450875	383222	1271746	1128465	1618106	1572399	1890186	4565397	7370540	3255215	2947901	598719	2237377	472825	516472	0
LFQ	82	0	0	959562	0	0	29792	26590	311950	104329	160	51376	66585	43397	86182	17537	56866	32467	97748	293810	98973	362057	135378	194827	224995	313956	479650	925746	472224	358956	1316041	1144448	1656435	1607027	1926396	4736603	7608493	3219394	2855658	494075	1981711	353578	381016	0
LFQ	83	0	0	1062042	0	0	30853	24775	317145	93648	158	52715	64473	43424	76432	16728	59134	32851	99616	297653	103021	373182	132615	175960	232974	326317	506432	917464	493576	330969	1359478	1154029	1699918	1643646	1963134	4920771	7844745	3170355	2739584	403673	1727963	256879	272334	0
LFQ	84	0	0	1173590	0	0	31510	22894	319641	83981	134	55048	63773	44320	68587	15822	60881	32923	101631	300339	107901	383965	129357	158494	241257	336020	532672	900998	514291	304911	1394757	1159486	1734113	1681442	1994865	5099672	8083883	3113710	2599214	323230	1476260	180721	188231	0
LFQ	85	0	0	1295832	0	0	33078	22298	336054	77746	137	58231	64506	45066	62621	15337	63867	34187	104926	308519	113712	393416	125142	142874	247365	345591	561259	883774	534631	280584	1431931	1161641	1770411	1713265	2015269	5273338	8297762	3037520	2427717	254992	1225927	121948	125183	0
LFQ	86	0	0	1430289	0	0	35663	22303	364000	73508	155	63850	66800	48216	59343	15010	67115	36401	110115	325227	121450	410795	123065	129648	257836	358970	599737	874344	561578	261550	1477659	1166504	1814209	1750187	2032419	5438523	8417401	2927657	2219279	196218	986143	78507	78180	0
LFQ	87	0	0	1576267	0	0	34283	19283	346981	61542	165	66882	67188	48571	53549	13758	69223	35122	111286	319391	129817	422820	118513	114483	268673	369831	628593	854722	580680	242716	1515354	1171766	1856688	1798105	2047516	5616953	8571489	2826950	2010042	147187	778722	48297	47228	0
LFQ	88	0	0	1736752	0	0	33698	17475	343948	52916	139	67453	64227	47269	44993	12747	70313	35384	113041	318508	136309	425534	110821	98992	274299	377103	654120	820405	601156	221539	1540895	1169833	1882853	1834364	2056356	5772076	8753029	2727535	1802516	107380	597441	28525	27677	0
LFQ	89	0	0	1917021	0	0	34600	16696	350896	46708	113	68666	61908	47277	38651	12288	71769	36332	114585	324021	143156	428754	103614	85670	280636	385940	683710	784196	620233	204533	1568715	1170430	1911552	1869160	2063943	5912492	8877348	2602384	1579429	78009	440486	16135	15255	0
LFQ	90	0	0	2137156	0	0	42677	17734	403214	48480	228	86892	74675	54519	40486	12459	82370	39441	130925	355921	170915	487160	109267	82079	311096	421259	769785	827647	662468	202080	1683741	1207437	1995730	1959485	2041815	6066574	8435413	2348096	1276437	50613	301315	8404	7370	0
LFQ	91	0	0	2355613	0	0	38414	15286	375469	39663	183	81910	66911	50501	31890	10888	81719	38298	127305	337447	169933	468999	94121	67699	311610	419731	775522	750682	681743	183793	1668463	1195640	1995988	1977370	2050696	6199701	8658100	2258840	1102560	35086	210988	4774	3978	0
LFQ	92	0	0	2585636	0	0	38380	13582	363662	33543	161	79882	61754	48722	26304	10125	80737	38434	124214	335234	173533	454921	82802	56983	310614	420337	793160	690107	692202	165795	1658426	1184727	1994537	1985408	2046694	6280026	8854205	2139180	927566	23620	139777	2715	2236	0
LFQ	93	0	0	2907288	0	0	38984	12384	370023	29310	130	80652	58591	47927	21009	9592	81965	39574	125559	346481	180408	450586	73614	49992	312571	426952	824847	642666	707040	151900	1668160	1180191	2002108	1998007	2034310	6345960	8858492	1970366	746712	15401	86890	1684	1358	0
LFQ	94	0	0	3129875	0	0	39472	11569	378830	28206	236	113111	104113	49469	19241	9124	89788	41337	138214	360201	204535	484500	69839	44705	341546	458182	902295	639762	752709	146941	1759839	1211120	2066125	2074390	1991231	6416265	8435228	1740106	563460	8966	50852	1063	845	0
LFQ	95	0	0	3417172	0	0	31812	8175	304896	19357	105	85929	65303	16996	35095	6963	79586	36805	132538	321273	191701	448354	53113	36599	327258	436374	868485	550009	746671	129745	1706237	1204340	2059892	2093355	2034017	6563303	8701862	1651238	450942	5393	30686	790	554	0
LFQ	96	0	0	3770278	0	0	26382	6197	262257	15076	99	66382	41880	13379	29700	5950	73485	36689	120264	313320	186827	401704	42828	31681	328184	421794	866887	486702	748804	119655	1663655	1197365	2039435	2075599	2035421	6582987	8903971	1537023	352362	3099	17313	592	381	0
LFQ	97	0	0	4193260	0	0	19664	4170	208865	10677	66	53014	30030	9848	23335	4439	67716	35297	109810	299291	181330	361942	33904	28222	311485	409864	861104	426489	741199	105102	1631132	1202207	2033165	2073471	2028831	6585426	9014222	1416582	268203	1910	9616	410	306	0
LFQ	98	0	0	4696183	0	0	10661	2306	134204	6007	43	35995	18838	5998	15887	3077	60987	34403	98264	287947	173819	325260	25766	26571	297752	399432	860162	372354	735250	92041	1610141	1201142	2040789	2081090	2024911	6598298	8995345	1284975	199970	1142	5561	285	220	0
LFQ	99	0	0	5268930	0	0	2643	538	44713	1624	6	12586	6412	1976	6323	1421	53666	33624	86717	278468	159347	282450	19116	24795	280601	387275	847709	321601	728737	79929	1589086	1190136	2047022	2095990	2006427	6630649	8920470	1163019	149147	732	3369	203	145	0
LFQ	100	0	0	5890099	0	0	0	0	12	19	0	5	0	1	421	125	51847	34730	77746	272117	142619	242559	13641	23491	257960	360076	795982	263577	698174	67419	1503744	1186652	2039923	2099952	1996154	6628222	8869235	1055444	113796	502	2290	139	99	0
LFQ	101	0	0	6779798	0	0	0	0	0	0	0	0	0	0	0	0	130297	111774	187121	883101	337573	532805	31038	69536	492552	677400	1681463	492568	1193525	120142	2430224	1508380	2624411	2477731	1656813	6066496	3798711	328816	33534	193	658	47	15	0
# GC Content of first fragments. Use `grep ^GCF | cut -f 2-` to extract this part.
GCF	0.75	0
GCF	2.01	1
GCF	3.02	0
GCF	4.02	1
GCF	5.03	2
GCF	6.03	4
GCF	7.04	3
GCF	8.04	4
GCF	9.05	9
GCF	10.05	19
GCF	10.80	29
GCF	11.31	30
GCF	11.81	51
GCF	12.31	50
GCF	12.81	116
GCF	13.32	119
GCF	13.82	230
GCF	14.32	229
GCF	14.82	478
GCF	15.33	482
GCF	15.83	1009
GCF	16.33	1017
GCF	16.83	2190
GCF	17.34	2209
GCF	17.84	4650
GCF	18.34	4663
GCF	18.84	8556
GCF	19.35	8623
GCF	19.85	14929
GCF	20.35	14991
GCF	20.85	25527
GCF	21.36	25643
GCF	21.86	40505
GCF	22.36	40645
GCF	22.86	61394
GCF	23.37	61541
GCF	23.87	88692
GCF	24.37	88898
GCF	24.87	125632
GCF	25.38	126037
GCF	25.88	171422
GCF	26.38	171865
GCF	26.88	226404
GCF	27.39	226852
GCF	27.89	289773
GCF	28.39	290432
GCF	28.89	359734
GCF	29.40	360321
GCF	29.90	432945
GCF	30.40	433621
GCF	30.90	511694
GCF	31.41	512735
GCF	31.91	596567
GCF	32.41	597342
GCF	32.91	683709
GCF	33.42	766553
GCF	33.92	767255
GCF	34.42	843426
GCF	34.92	844297
GCF	35.43	921214
GCF	35.93	921943
GCF	36.43	994511
GCF	36.93	994943
GCF	37.44	1058746
GCF	37.94	1058902
GCF	38.44	1114741
GCF	38.94	1115235
GCF	39.45	1156381
GCF	39.95	1156372
GCF	40.45	1186578
GCF	40.95	1186695
GCF	41.46	1197194
GCF	41.96	1197029
GCF	42.46	1202103
GCF	42.96	1201947
GCF	43.47	1192071
GCF	43.97	1191589
GCF	44.47	1172713
GCF	44.97	1172209
GCF	45.48	1151439
GCF	45.98	1151177
GCF	46.48	1120057
GCF	46.98	1119582
GCF	47.49	1094008
GCF	47.99	1093501
GCF	48.49	1063536
GCF	48.99	1063351
GCF	49.50	1037836
GCF	50.00	1037317
GCF	50.50	1009163
GCF	51.01	1008842
GCF	51.51	975480
GCF	52.01	975111
GCF	52.51	944084
GCF	53.02	943882
GCF	53.52	924168
GCF	54.02	923934
GCF	54.52	896666
GCF	55.03	896534
GCF	55.53	874776
GCF	56.03	874577
GCF	56.53	847328
GCF	57.04	847338
GCF	57.54	818876
GCF	58.04	818667
GCF	58.54	785504
GCF	59.05	785236
GCF	59.55	748423
GCF	60.05	747975
GCF	60.55	701197
GCF	61.06	700780
GCF	61.56	643962
GCF	62.06	643592
GCF	62.56	585060
GCF	63.07	584617
GCF	63.57	524729
GCF	64.07	524357
GCF	64.57	458588
GCF	65.08	458086
GCF	65.58	388230
GCF	66.08	387816
GCF	66.58	320413
GCF	67.09	253864
GCF	67.59	253418
GCF	68.09	188509
GCF	68.59	188264
GCF	69.10	131095
GCF	69.60	130856
GCF	70.10	83989
GCF	70.60	83767
GCF	71.11	49924
GCF	71.61	49803
GCF	72.11	26853
GCF	72.61	26727
GCF	73.12	13444
GCF	73.62	13368
GCF	74.12	6137
GCF	74.62	6071
GCF	75.13	2937
GCF	75.63	2906
GCF	76.13	1379
GCF	76.63	1361
GCF	77.14	778
GCF	77.64	766
GCF	78.14	444
GCF	78.64	440
GCF	79.15	262
GCF	79.65	263
GCF	80.15	139
GCF	80.65	138
GCF	81.16	92
GCF	81.66	88
GCF	82.41	51
GCF	83.42	20
GCF	84.42	11
GCF	85.43	6
GCF	86.43	4
GCF	88.44	0
GCF	90.45	2
GCF	91.46	1
# GC Content of last fragments. Use `grep ^GCL | cut -f 2-` to extract this part.
GCL	0.25	734
GCL	1.01	365
GCL	2.01	228
GCL	3.02	117
GCL	4.02	77
GCL	5.03	42
GCL	6.03	34
GCL	7.04	29
GCL	8.04	25
GCL	9.05	29
GCL	10.05	27
GCL	10.80	48
GCL	11.31	49
GCL	12.06	76
GCL	12.81	138
GCL	13.32	141
GCL	13.82	272
GCL	14.32	270
GCL	14.82	521
GCL	15.33	524
GCL	15.83	1239
GCL	16.33	1245
GCL	16.83	2464
GCL	17.34	2485
GCL	17.84	5158
GCL	18.34	5176
GCL	18.84	9477
GCL	19.35	9539
GCL	19.85	16576
GCL	20.35	16639
GCL	20.85	27662
GCL	21.36	27781
GCL	21.86	43729
GCL	22.36	43867
GCL	22.86	65153
GCL	23.37	65314
GCL	23.87	93271
GCL	24.37	93481
GCL	24.87	131647
GCL	25.38	132072
GCL	25.88	177079
GCL	26.38	177509
GCL	26.88	233769
GCL	27.39	234240
GCL	27.89	298899
GCL	28.39	299575
GCL	28.89	370692
GCL	29.40	371273
GCL	29.90	442794
GCL	30.40	443461
GCL	30.90	521446
GCL	31.41	522472
GCL	31.91	607109
GCL	32.41	607879
GCL	32.91	693782
GCL	33.42	777340
GCL	33.92	778067
GCL	34.42	853923
GCL	34.92	854800
GCL	35.43	927065
GCL	35.93	927788
GCL	36.43	1001509
GCL	36.93	1001900
GCL	37.44	1061186
GCL	37.94	1061451
GCL	38.44	1117781
GCL	38.94	1118255
GCL	39.45	1155642
GCL	39.95	1155687
GCL	40.45	1184683
GCL	40.95	1184776
GCL	41.46	1194159
GCL	41.96	1194142
GCL	42.46	1195671
GCL	42.96	1195385
GCL	43.47	1187338
GCL	43.97	1186793
GCL	44.47	1167554
GCL	44.97	1167205
GCL	45.48	1145689
GCL	45.98	1145395
GCL	46.48	1111103
GCL	46.98	1110633
GCL	47.49	1088725
GCL	47.99	1088264
GCL	48.49	1058291
GCL	48.99	1058136
GCL	49.50	1030894
GCL	50.00	1030261
GCL	50.50	1003965
GCL	51.01	1003750
GCL	51.51	970981
GCL	52.01	970576
GCL	52.51	941519
GCL	53.02	941345
GCL	53.52	920178
GCL	54.02	919905
GCL	54.52	892700
GCL	55.03	892636
GCL	55.53	870053
GCL	56.03	869901
GCL	56.53	843535
GCL	57.04	843545
GCL	57.54	813200
GCL	58.04	812912
GCL	58.54	780624
GCL	59.05	780437
GCL	59.55	743909
GCL	60.05	743482
GCL	60.55	696229
GCL	61.06	695646
GCL	61.56	637871
GCL	62.06	637479
GCL	62.56	582040
GCL	63.07	581627
GCL	63.57	521020
GCL	64.07	520686
GCL	64.57	453609
GCL	65.08	453099
GCL	65.58	386153
GCL	66.08	385779
GCL	66.58	317386
GCL	67.09	250620
GCL	67.59	250176
GCL	68.09	186018
GCL	68.59	185734
GCL	69.10	128401
GCL	69.60	128190
GCL	70.10	82702
GCL	70.60	82504
GCL	71.11	48520
GCL	71.61	48347
GCL	72.11	26484
GCL	72.61	26373
GCL	73.12	13081
GCL	73.62	12993
GCL	74.12	6178
GCL	74.62	6115
GCL	75.13	2762
GCL	75.63	2738
GCL	76.13	1317
GCL	76.63	1302
GCL	77.14	696
GCL	77.64	683
GCL	78.14	391
GCL	78.64	387
GCL	79.15	218
GCL	79.65	216
GCL	80.40	129
GCL	81.16	87
GCL	81.66	85
GCL	82.41	31
GCL	83.42	23
GCL	84.42	10
GCL	85.43	2
GCL	86.43	1
GCL	90.95	0
GCL	95.48	2
GCL	96.48	1
# ACGT content per cycle. Use `grep ^GCC | cut -f 2-` to extract this part. The columns are: cycle; A,C,G,T base counts as a percentage of all A/C/G/T bases [%]; and N and O counts as a percentage of all A/C/G/T bases [%]
GCC	1	28.81	21.11	20.66	29.42	0.01	0.00
GCC	2	27.49	22.18	22.06	28.28	0.00	0.00
GCC	3	26.38	23.20	23.12	27.30	0.00	0.00
GCC	4	26.08	23.53	23.54	26.85	0.00	0.00
GCC	5	27.46	22.17	22.17	28.20	0.00	0.00
GCC	6	26.05	23.59	23.60	26.76	0.00	0.00
GCC	7	26.39	23.23	23.24	27.14	0.00	0.00
GCC	8	26.84	22.73	22.80	27.64	0.00	0.00
GCC	9	26.63	22.91	23.00	27.46	0.00	0.00
GCC	10	26.29	23.26	23.35	27.10	0.29	0.00
GCC	11	26.36	23.20	23.24	27.20	0.00	0.00
GCC	12	26.33	23.21	23.27	27.19	0.01	0.00
GCC	13	26.56	22.98	23.02	27.44	0.00	0.00
GCC	14	26.55	22.98	23.01	27.46	0.00	0.00
GCC	15	26.43	23.08	23.12	27.37	0.00	0.00
GCC	16	26.48	23.03	23.07	27.41	0.00	0.00
GCC	17	26.45	23.06	23.09	27.41	0.00	0.00
GCC	18	26.33	23.16	23.21	27.30	0.00	0.00
GCC	19	26.35	23.13	23.18	27.35	0.01	0.00
GCC	20	26.35	23.14	23.17	27.35	0.00	0.00
GCC	21	26.26	23.19	23.24	27.30	0.00	0.00
GCC	22	26.30	23.16	23.19	27.35	0.00	0.00
GCC	23	26.30	23.15	23.17	27.38	0.00	0.00
GCC	24	26.18	23.25	23.29	27.28	0.00	0.00
GCC	25	26.24	23.19	23.22	27.35	0.00	0.00
GCC	26	26.26	23.18	23.21	27.36	0.00	0.00
GCC	27	26.14	23.26	23.31	27.30	0.00	0.00
GCC	28	26.20	23.20	23.25	27.36	0.00	0.00
GCC	29	26.19	23.20	23.24	27.37	0.00	0.00
GCC	30	26.12	23.26	23.31	27.32	0.00	0.00
GCC	31	26.13	23.23	23.27	27.36	0.00	0.00
GCC	32	26.15	23.21	23.25	27.38	0.00	0.00
GCC	33	26.04	23.30	23.35	27.32	0.00	0.00
GCC	34	26.10	23.24	23.28	27.37	0.00	0.00
GCC	35	26.09	23.24	23.28	27.39	0.00	0.00
GCC	36	26.00	23.31	23.36	27.33	0.00	0.00
GCC	37	26.05	23.26	23.31	27.38	0.00	0.00
GCC	38	26.06	23.25	23.30	27.39	0.00	0.00
GCC	39	25.97	23.33	23.40	27.30	0.00	0.00
GCC	40	26.03	23.27	23.32	27.39	0.00	0.00
GCC	41	26.01	23.27	23.32	27.40	0.00	0.00
GCC	42	25.94	23.33	23.39	27.34	0.00	0.00
GCC	43	25.98	23.28	23.35	27.39	0.00	0.00
GCC	44	25.99	23.26	23.33	27.42	0.00	0.00
GCC	45	25.92	23.33	23.40	27.36	0.00	0.00
GCC	46	25.97	23.28	23.35	27.40	0.00	0.00
GCC	47	25.97	23.28	23.34	27.41	0.00	0.00
GCC	48	25.91	23.33	23.39	27.37	0.00	0.00
GCC	49	25.94	23.29	23.36	27.41	0.00	0.00
GCC	50	25.96	23.26	23.34	27.43	0.00	0.00
GCC	51	25.89	23.32	23.40	27.39	0.00	0.00
GCC	52	25.91	23.29	23.37	27.42	0.00	0.00
GCC	53	25.93	23.28	23.35	27.44	0.00	0.00
GCC	54	25.87	23.34	23.41	27.39	0.00	0.00
GCC	55	25.91	23.29	23.36	27.44	0.00	0.00
GCC	56	25.93	23.28	23.36	27.44	0.00	0.00
GCC	57	25.87	23.33	23.41	27.39	0.00	0.00
GCC	58	25.89	23.29	23.38	27.44	0.00	0.00
GCC	59	25.92	23.28	23.35	27.45	0.00	0.00
GCC	60	25.85	23.34	23.42	27.39	0.00	0.00
GCC	61	25.89	23.31	23.37	27.43	0.00	0.00
GCC	62	25.90	23.29	23.36	27.44	0.00	0.00
GCC	63	25.85	23.34	23.43	27.39	0.00	0.00
GCC	64	25.89	23.29	23.38	27.44	0.00	0.00
GCC	65	25.89	23.29	23.38	27.44	0.00	0.00
GCC	66	25.83	23.33	23.44	27.39	0.00	0.00
GCC	67	25.86	23.31	23.41	27.42	0.00	0.00
GCC	68	25.89	23.29	23.39	27.43	0.00	0.00
GCC	69	25.83	23.34	23.44	27.39	0.00	0.00
GCC	70	25.87	23.31	23.41	27.40	0.00	0.00
GCC	71	25.89	23.30	23.38	27.42	0.00	0.00
GCC	72	25.81	23.36	23.46	27.37	0.00	0.00
GCC	73	25.87	23.31	23.40	27.41	0.00	0.00
GCC	74	25.89	23.31	23.39	27.41	0.00	0.00
GCC	75	25.82	23.36	23.46	27.36	0.00	0.00
GCC	76	25.86	23.32	23.41	27.40	0.00	0.00
GCC	77	25.89	23.30	23.40	27.42	0.00	0.00
GCC	78	25.82	23.35	23.45	27.38	0.00	0.00
GCC	79	25.86	23.33	23.42	27.39	0.00	0.00
GCC	80	25.88	23.31	23.40	27.41	0.00	0.00
GCC	81	25.83	23.37	23.45	27.34	0.00	0.00
GCC	82	25.87	23.34	23.42	27.37	0.00	0.00
GCC	83	25.89	23.32	23.40	27.39	0.00	0.00
GCC	84	25.82	23.39	23.46	27.33	0.00	0.00
GCC	85	25.87	23.35	23.42	27.36	0.00	0.00
GCC	86	25.88	23.33	23.41	27.37	0.00	0.00
GCC	87	25.84	23.37	23.45	27.34	0.00	0.00
GCC	88	25.87	23.34	23.43	27.36	0.01	0.00
GCC	89	25.88	23.34	23.43	27.35	0.01	0.00
GCC	90	25.83	23.39	23.47	27.30	0.02	0.00
GCC	91	25.87	23.36	23.43	27.34	0.04	0.00
GCC	92	25.89	23.33	23.42	27.35	0.05	0.00
GCC	93	25.84	23.39	23.46	27.30	0.22	0.00
GCC	94	25.88	23.36	23.43	27.33	0.02	0.00
GCC	95	25.88	23.36	23.43	27.33	0.00	0.00
GCC	96	25.84	23.39	23.47	27.30	0.00	0.00
GCC	97	25.88	23.37	23.44	27.30	0.00	0.00
GCC	98	25.89	23.36	23.43	27.31	0.00	0.00
GCC	99	25.85	23.39	23.47	27.28	0.00	0.00
GCC	100	25.88	23.38	23.45	27.29	0.00	0.00
GCC	101	25.74	23.50	23.57	27.19	0.00	0.00
# ACGT content per cycle, read oriented. Use `grep ^GCT | cut -f 2-` to extract this part. The columns are: cycle; A,C,G,T base counts as a percentage of all A/C/G/T bases [%]
GCT	1	29.10	27.28	14.49	29.12
GCT	2	30.94	18.47	25.77	24.82
GCT	3	26.72	23.06	23.25	26.96
GCT	4	26.38	24.74	22.33	26.55
GCT	5	27.01	22.53	21.81	28.65
GCT	6	26.48	24.47	22.72	26.32
GCT	7	25.84	23.51	22.97	27.69
GCT	8	26.24	23.63	21.90	28.24
GCT	9	25.74	23.74	22.16	28.35
GCT	10	26.56	23.83	22.78	26.83
GCT	11	26.48	23.67	22.77	27.09
GCT	12	26.39	23.63	22.85	27.14
GCT	13	26.62	23.43	22.57	27.39
GCT	14	26.68	23.30	22.69	27.33
GCT	15	26.49	23.60	22.59	27.32
GCT	16	26.50	23.57	22.53	27.39
GCT	17	26.45	23.51	22.64	27.41
GCT	18	26.34	23.72	22.65	27.29
GCT	19	26.36	23.70	22.60	27.34
GCT	20	26.41	23.54	22.76	27.29
GCT	21	26.32	23.68	22.76	27.24
GCT	22	26.41	23.66	22.69	27.23
GCT	23	26.46	23.50	22.81	27.22
GCT	24	26.35	23.69	22.85	27.12
GCT	25	26.43	23.67	22.74	27.16
GCT	26	26.49	23.49	22.90	27.13
GCT	27	26.38	23.63	22.93	27.06
GCT	28	26.47	23.62	22.82	27.08
GCT	29	26.49	23.50	22.94	27.07
GCT	30	26.40	23.62	22.95	27.04
GCT	31	26.47	23.61	22.90	27.03
GCT	32	26.53	23.48	22.98	27.00
GCT	33	26.43	23.62	23.02	26.93
GCT	34	26.53	23.58	22.94	26.95
GCT	35	26.54	23.50	23.02	26.94
GCT	36	26.43	23.64	23.03	26.90
GCT	37	26.49	23.59	22.99	26.93
GCT	38	26.53	23.49	23.06	26.92
GCT	39	26.44	23.59	23.13	26.84
GCT	40	26.51	23.59	23.00	26.90
GCT	41	26.51	23.49	23.10	26.90
GCT	42	26.45	23.63	23.09	26.83
GCT	43	26.50	23.59	23.04	26.87
GCT	44	26.52	23.48	23.11	26.89
GCT	45	26.44	23.62	23.11	26.83
GCT	46	26.50	23.58	23.05	26.87
GCT	47	26.53	23.46	23.15	26.85
GCT	48	26.45	23.59	23.13	26.83
GCT	49	26.49	23.59	23.06	26.86
GCT	50	26.54	23.48	23.13	26.86
GCT	51	26.46	23.58	23.14	26.82
GCT	52	26.50	23.55	23.11	26.84
GCT	53	26.53	23.44	23.18	26.85
GCT	54	26.45	23.58	23.17	26.80
GCT	55	26.51	23.55	23.10	26.83
GCT	56	26.53	23.44	23.20	26.83
GCT	57	26.47	23.56	23.18	26.79
GCT	58	26.54	23.53	23.14	26.80
GCT	59	26.55	23.42	23.21	26.82
GCT	60	26.47	23.57	23.20	26.77
GCT	61	26.52	23.54	23.14	26.80
GCT	62	26.55	23.42	23.23	26.79
GCT	63	26.47	23.54	23.22	26.77
GCT	64	26.55	23.50	23.17	26.78
GCT	65	26.56	23.41	23.26	26.77
GCT	66	26.50	23.50	23.28	26.72
GCT	67	26.53	23.52	23.20	26.75
GCT	68	26.56	23.40	23.27	26.76
GCT	69	26.50	23.50	23.28	26.72
GCT	70	26.55	23.48	23.25	26.73
GCT	71	26.58	23.37	23.32	26.73
GCT	72	26.50	23.50	23.32	26.69
GCT	73	26.57	23.47	23.24	26.71
GCT	74	26.59	23.37	23.34	26.70
GCT	75	26.52	23.46	23.36	26.66
GCT	76	26.57	23.45	23.28	26.69
GCT	77	26.62	23.34	23.35	26.69
GCT	78	26.54	23.44	23.37	26.65
GCT	79	26.61	23.42	23.33	26.64
GCT	80	26.64	23.32	23.39	26.65
GCT	81	26.56	23.42	23.41	26.61
GCT	82	26.61	23.41	23.35	26.63
GCT	83	26.62	23.31	23.41	26.66
GCT	84	26.55	23.43	23.42	26.60
GCT	85	26.62	23.42	23.35	26.61
GCT	86	26.67	23.31	23.44	26.59
GCT	87	26.59	23.39	23.43	26.59
GCT	88	26.64	23.37	23.40	26.59
GCT	89	26.67	23.30	23.47	26.56
GCT	90	26.61	23.38	23.48	26.53
GCT	91	26.64	23.37	23.42	26.57
GCT	92	26.68	23.27	23.49	26.56
GCT	93	26.62	23.36	23.49	26.53
GCT	94	26.68	23.35	23.44	26.53
GCT	95	26.69	23.27	23.51	26.52
GCT	96	26.65	23.34	23.51	26.49
GCT	97	26.69	23.33	23.48	26.50
GCT	98	26.71	23.24	23.56	26.49
GCT	99	26.67	23.32	23.54	26.46
GCT	100	26.71	23.30	23.52	26.46
GCT	101	26.74	23.27	23.80	26.19
# ACGT content per cycle for first fragments. Use `grep ^FBC | cut -f 2-` to extract this part. The columns are: cycle; A,C,G,T base counts as a percentage of all A/C/G/T bases [%]; and N and O counts as a percentage of all A/C/G/T bases [%]
FBC	1	28.90	21.26	20.31	29.52	0.00	0.00
FBC	2	27.54	22.13	22.16	28.16	0.00	0.00
FBC	3	26.40	23.16	23.06	27.38	0.00	0.00
FBC	4	26.08	23.58	23.50	26.85	0.00	0.00
FBC	5	27.34	22.29	22.25	28.12	0.00	0.00
FBC	6	25.95	23.72	23.68	26.65	0.00	0.00
FBC	7	26.32	23.30	23.28	27.10	0.00	0.00
FBC	8	26.69	22.88	22.89	27.54	0.00	0.00
FBC	9	26.49	23.04	23.07	27.40	0.00	0.00
FBC	10	26.20	23.38	23.41	27.01	0.00	0.00
FBC	11	26.28	23.30	23.31	27.10	0.00	0.00
FBC	12	26.25	23.29	23.33	27.13	0.02	0.00
FBC	13	26.49	23.06	23.06	27.39	0.00	0.00
FBC	14	26.48	23.06	23.07	27.40	0.00	0.00
FBC	15	26.37	23.16	23.16	27.32	0.00	0.00
FBC	16	26.42	23.11	23.10	27.37	0.00	0.00
FBC	17	26.39	23.13	23.12	27.37	0.00	0.00
FBC	18	26.27	23.23	23.23	27.28	0.00	0.00
FBC	19	26.29	23.18	23.21	27.32	0.03	0.00
FBC	20	26.29	23.19	23.20	27.31	0.00	0.00
FBC	21	26.21	23.25	23.27	27.27	0.00	0.00
FBC	22	26.25	23.22	23.21	27.32	0.00	0.00
FBC	23	26.24	23.21	23.20	27.35	0.00	0.00
FBC	24	26.14	23.30	23.30	27.26	0.00	0.00
FBC	25	26.20	23.23	23.25	27.32	0.00	0.00
FBC	26	26.21	23.24	23.23	27.32	0.00	0.00
FBC	27	26.10	23.30	23.33	27.27	0.00	0.00
FBC	28	26.16	23.25	23.25	27.34	0.00	0.00
FBC	29	26.15	23.24	23.26	27.35	0.00	0.00
FBC	30	26.08	23.30	23.32	27.30	0.00	0.00
FBC	31	26.11	23.26	23.30	27.33	0.00	0.00
FBC	32	26.13	23.25	23.28	27.35	0.00	0.00
FBC	33	26.02	23.33	23.36	27.29	0.00	0.00
FBC	34	26.08	23.28	23.28	27.36	0.00	0.00
FBC	35	26.06	23.27	23.31	27.37	0.00	0.00
FBC	36	25.96	23.35	23.37	27.32	0.00	0.00
FBC	37	26.02	23.29	23.32	27.37	0.00	0.00
FBC	38	26.03	23.28	23.31	27.38	0.00	0.00
FBC	39	25.95	23.35	23.40	27.30	0.00	0.00
FBC	40	26.01	23.29	23.32	27.37	0.00	0.00
FBC	41	25.98	23.29	23.34	27.38	0.00	0.00
FBC	42	25.93	23.35	23.39	27.32	0.00	0.00
FBC	43	25.97	23.31	23.35	27.37	0.00	0.00
FBC	44	25.96	23.29	23.35	27.40	0.00	0.00
FBC	45	25.89	23.34	23.42	27.35	0.00	0.00
FBC	46	25.96	23.31	23.35	27.39	0.00	0.00
FBC	47	25.96	23.30	23.35	27.39	0.00	0.00
FBC	48	25.88	23.36	23.40	27.36	0.00	0.00
FBC	49	25.92	23.31	23.37	27.40	0.00	0.00
FBC	50	25.94	23.29	23.35	27.42	0.00	0.00
FBC	51	25.86	23.35	23.42	27.37	0.00	0.00
FBC	52	25.90	23.31	23.38	27.41	0.00	0.00
FBC	53	25.92	23.30	23.35	27.43	0.00	0.00
FBC	54	25.85	23.36	23.42	27.37	0.00	0.00
FBC	55	25.89	23.31	23.38	27.43	0.00	0.00
FBC	56	25.90	23.31	23.37	27.42	0.00	0.00
FBC	57	25.86	23.35	23.41	27.38	0.00	0.00
FBC	58	25.87	23.32	23.39	27.42	0.00	0.00
FBC	59	25.91	23.29	23.37	27.42	0.00	0.00
FBC	60	25.82	23.37	23.45	27.37	0.00	0.00
FBC	61	25.88	23.32	23.38	27.42	0.00	0.00
FBC	62	25.88	23.32	23.39	27.42	0.00	0.00
FBC	63	25.83	23.37	23.43	27.37	0.00	0.00
FBC	64	25.87	23.31	23.39	27.42	0.00	0.00
FBC	65	25.87	23.31	23.39	27.43	0.00	0.00
FBC	66	25.81	23.37	23.46	27.36	0.00	0.00
FBC	67	25.85	23.33	23.41	27.41	0.00	0.00
FBC	68	25.87	23.31	23.41	27.41	0.00	0.00
FBC	69	25.80	23.36	23.46	27.38	0.00	0.00
FBC	70	25.85	23.34	23.43	27.39	0.00	0.00
FBC	71	25.87	23.33	23.40	27.41	0.00	0.00
FBC	72	25.78	23.38	23.48	27.36	0.00	0.00
FBC	73	25.86	23.33	23.41	27.40	0.00	0.00
FBC	74	25.88	23.33	23.41	27.38	0.00	0.00
FBC	75	25.80	23.38	23.48	27.34	0.00	0.00
FBC	76	25.84	23.33	23.42	27.40	0.00	0.00
FBC	77	25.88	23.31	23.41	27.40	0.00	0.00
FBC	78	25.81	23.36	23.46	27.37	0.00	0.00
FBC	79	25.85	23.34	23.43	27.38	0.00	0.00
FBC	80	25.87	23.32	23.41	27.39	0.00	0.00
FBC	81	25.83	23.37	23.46	27.34	0.00	0.00
FBC	82	25.87	23.35	23.42	27.35	0.00	0.00
FBC	83	25.88	23.34	23.40	27.38	0.00	0.00
FBC	84	25.80	23.41	23.46	27.33	0.00	0.00
FBC	85	25.86	23.36	23.42	27.36	0.00	0.00
FBC	86	25.88	23.34	23.43	27.36	0.00	0.00
FBC	87	25.83	23.38	23.46	27.32	0.00	0.00
FBC	88	25.87	23.35	23.42	27.35	0.01	0.00
FBC	89	25.87	23.34	23.45	27.34	0.02	0.00
FBC	90	25.83	23.40	23.48	27.29	0.01	0.00
FBC	91	25.88	23.36	23.42	27.34	0.01	0.00
FBC	92	25.90	23.34	23.41	27.36	0.00	0.00
FBC	93	25.85	23.40	23.46	27.29	0.00	0.00
FBC	94	25.89	23.36	23.44	27.31	0.00	0.00
FBC	95	25.89	23.36	23.43	27.33	0.00	0.00
FBC	96	25.83	23.38	23.48	27.30	0.00	0.00
FBC	97	25.90	23.35	23.44	27.31	0.00	0.00
FBC	98	25.89	23.34	23.45	27.31	0.00	0.00
FBC	99	25.86	23.38	23.47	27.29	0.00	0.00
FBC	100	25.90	23.36	23.45	27.29	0.00	0.00
FBC	101	25.81	23.43	23.54	27.22	0.00	0.00
# ACGT raw counters for first fragments. Use `grep ^FTC | cut -f 2-` to extract this part. The columns are: A,C,G,T,N base counters
FTC	921824600	823055013	824437126	968379769	41421
# ACGT content per cycle for last fragments. Use `grep ^LBC | cut -f 2-` to extract this part. The columns are: cycle; A,C,G,T base counts as a percentage of all A/C/G/T bases [%]; and N and O counts as a percentage of all A/C/G/T bases [%]
LBC	1	28.71	20.96	21.01	29.31	0.01	0.00
LBC	2	27.43	22.23	21.95	28.39	0.00	0.00
LBC	3	26.36	23.24	23.17	27.23	0.00	0.00
LBC	4	26.09	23.49	23.57	26.85	0.00	0.00
LBC	5	27.58	22.06	22.08	28.28	0.00	0.00
LBC	6	26.14	23.47	23.52	26.87	0.00	0.00
LBC	7	26.46	23.16	23.20	27.17	0.00	0.00
LBC	8	26.99	22.57	22.70	27.74	0.00	0.00
LBC	9	26.78	22.79	22.92	27.51	0.00	0.00
LBC	10	26.38	23.15	23.28	27.19	0.58	0.00
LBC	11	26.45	23.09	23.17	27.29	0.00	0.00
LBC	12	26.42	23.13	23.20	27.25	0.00	0.00
LBC	13	26.63	22.90	22.97	27.50	0.00	0.00
LBC	14	26.62	22.90	22.95	27.53	0.00	0.00
LBC	15	26.50	23.00	23.07	27.43	0.00	0.00
LBC	16	26.54	22.96	23.05	27.45	0.00	0.00
LBC	17	26.51	22.99	23.05	27.45	0.00	0.00
LBC	18	26.39	23.10	23.19	27.33	0.01	0.00
LBC	19	26.41	23.07	23.14	27.38	0.00	0.00
LBC	20	26.40	23.08	23.13	27.39	0.00	0.00
LBC	21	26.31	23.13	23.22	27.34	0.00	0.00
LBC	22	26.35	23.11	23.17	27.37	0.00	0.00
LBC	23	26.36	23.08	23.14	27.42	0.00	0.00
LBC	24	26.23	23.20	23.27	27.31	0.00	0.00
LBC	25	26.28	23.14	23.20	27.38	0.00	0.00
LBC	26	26.30	23.12	23.18	27.40	0.00	0.00
LBC	27	26.18	23.21	23.28	27.32	0.00	0.00
LBC	28	26.23	23.15	23.24	27.38	0.00	0.00
LBC	29	26.23	23.16	23.22	27.39	0.00	0.00
LBC	30	26.15	23.21	23.29	27.34	0.00	0.00
LBC	31	26.16	23.20	23.25	27.39	0.00	0.00
LBC	32	26.18	23.18	23.23	27.41	0.00	0.00
LBC	33	26.06	23.26	23.33	27.35	0.00	0.00
LBC	34	26.13	23.21	23.28	27.38	0.00	0.00
LBC	35	26.12	23.21	23.26	27.41	0.00	0.00
LBC	36	26.04	23.27	23.35	27.34	0.00	0.00
LBC	37	26.07	23.23	23.31	27.39	0.00	0.00
LBC	38	26.09	23.21	23.29	27.41	0.00	0.00
LBC	39	25.99	23.31	23.40	27.31	0.00	0.00
LBC	40	26.04	23.25	23.32	27.40	0.00	0.00
LBC	41	26.04	23.25	23.30	27.42	0.00	0.00
LBC	42	25.95	23.30	23.38	27.37	0.00	0.00
LBC	43	25.99	23.25	23.35	27.41	0.00	0.00
LBC	44	26.02	23.24	23.30	27.45	0.00	0.00
LBC	45	25.94	23.31	23.37	27.37	0.00	0.00
LBC	46	25.98	23.26	23.35	27.41	0.00	0.00
LBC	47	25.99	23.26	23.33	27.43	0.00	0.00
LBC	48	25.95	23.29	23.38	27.38	0.00	0.00
LBC	49	25.96	23.26	23.35	27.42	0.01	0.00
LBC	50	25.99	23.24	23.33	27.44	0.00	0.00
LBC	51	25.92	23.29	23.39	27.41	0.00	0.00
LBC	52	25.93	23.27	23.36	27.44	0.00	0.00
LBC	53	25.95	23.26	23.35	27.45	0.00	0.00
LBC	54	25.89	23.31	23.40	27.40	0.00	0.00
LBC	55	25.93	23.27	23.35	27.45	0.00	0.00
LBC	56	25.95	23.26	23.34	27.46	0.00	0.00
LBC	57	25.88	23.31	23.40	27.40	0.00	0.00
LBC	58	25.91	23.26	23.37	27.46	0.00	0.00
LBC	59	25.93	23.27	23.32	27.47	0.00	0.00
LBC	60	25.87	23.32	23.40	27.41	0.00	0.00
LBC	61	25.90	23.29	23.37	27.45	0.00	0.00
LBC	62	25.93	23.27	23.34	27.47	0.00	0.00
LBC	63	25.87	23.31	23.42	27.41	0.00	0.00
LBC	64	25.90	23.26	23.37	27.46	0.00	0.00
LBC	65	25.92	23.27	23.37	27.44	0.00	0.00
LBC	66	25.86	23.30	23.42	27.42	0.00	0.00
LBC	67	25.88	23.28	23.41	27.43	0.00	0.00
LBC	68	25.91	23.27	23.36	27.46	0.00	0.00
LBC	69	25.85	23.32	23.42	27.41	0.00	0.00
LBC	70	25.89	23.29	23.40	27.42	0.00	0.00
LBC	71	25.91	23.28	23.37	27.44	0.00	0.00
LBC	72	25.84	23.34	23.43	27.38	0.00	0.00
LBC	73	25.89	23.30	23.39	27.42	0.00	0.00
LBC	74	25.89	23.29	23.37	27.44	0.00	0.00
LBC	75	25.83	23.34	23.43	27.39	0.00	0.00
LBC	76	25.89	23.31	23.41	27.39	0.00	0.00
LBC	77	25.90	23.29	23.38	27.43	0.00	0.00
LBC	78	25.82	23.34	23.45	27.39	0.00	0.00
LBC	79	25.87	23.32	23.41	27.40	0.00	0.00
LBC	80	25.89	23.30	23.38	27.42	0.00	0.00
LBC	81	25.84	23.37	23.45	27.34	0.00	0.00
LBC	82	25.86	23.33	23.41	27.39	0.00	0.00
LBC	83	25.89	23.30	23.40	27.41	0.00	0.00
LBC	84	25.83	23.37	23.46	27.33	0.00	0.00
LBC	85	25.87	23.34	23.43	27.37	0.00	0.00
LBC	86	25.88	23.33	23.40	27.38	0.00	0.00
LBC	87	25.85	23.36	23.43	27.35	0.00	0.00
LBC	88	25.87	23.33	23.44	27.36	0.00	0.00
LBC	89	25.88	23.34	23.42	27.36	0.00	0.00
LBC	90	25.84	23.38	23.47	27.31	0.03	0.00
LBC	91	25.86	23.36	23.44	27.34	0.08	0.00
LBC	92	25.88	23.33	23.43	27.35	0.09	0.00
LBC	93	25.84	23.39	23.47	27.31	0.44	0.00
LBC	94	25.88	23.36	23.42	27.34	0.05	0.00
LBC	95	25.88	23.36	23.43	27.33	0.00	0.00
LBC	96	25.85	23.39	23.46	27.30	0.00	0.00
LBC	97	25.87	23.39	23.45	27.30	0.00	0.00
LBC	98	25.89	23.38	23.42	27.32	0.00	0.00
LBC	99	25.84	23.40	23.48	27.28	0.00	0.00
LBC	100	25.87	23.39	23.45	27.30	0.00	0.00
LBC	101	25.68	23.57	23.60	27.15	0.00	0.00
# ACGT raw counters for last fragments. Use `grep ^LTC | cut -f 2-` to extract this part. The columns are: A,C,G,T,N base counters
LTC	923505406	820722247	823342753	969706251	461272
# Insert sizes. Use `grep ^IS | cut -f 2-` to extract this part. The columns are: insert size, pairs total, inward oriented pairs, outward oriented pairs, other pairs
IS	0	1	0	0	1
IS	1	0	0	0	0
IS	2	8	0	8	0
IS	3	15	0	15	0
IS	4	13	0	13	0
IS	5	11	0	11	0
IS	6	16	0	16	0
IS	7	12	0	12	0
IS	8	19	0	19	0
IS	9	8	0	8	0
IS	10	12	0	12	0
IS	11	15	0	15	0
IS	12	14	0	14	0
IS	13	16	0	16	0
IS	14	18	0	18	0
IS	15	21	0	21	0
IS	16	16	0	16	0
IS	17	15	0	15	0
IS	18	9	0	9	0
IS	19	2821	2658	163	0
IS	20	1629	1550	79	0
IS	21	616	562	54	0
IS	22	164	138	26	0
IS	23	74	53	21	0
IS	24	237	213	24	0
IS	25	49	29	20	0
IS	26	50	27	23	0
IS	27	37	18	19	0
IS	28	36	17	19	0
IS	29	43	18	25	0
IS	30	34	9	25	0
IS	31	50	18	32	0
IS	32	54	26	28	0
IS	33	35	17	18	0
IS	34	67	33	34	0
IS	35	58	26	32	0
IS	36	59	32	27	0
IS	37	74	46	28	0
IS	38	58	30	28	0
IS	39	57	32	25	0
IS	40	65	31	34	0
IS	41	69	26	43	0
IS	42	73	46	27	0
IS	43	62	31	31	0
IS	44	71	36	35	0
IS	45	68	35	33	0
IS	46	71	37	34	0
IS	47	71	48	22	1
IS	48	83	49	34	0
IS	49	85	48	37	0
IS	50	91	52	39	0
IS	51	90	58	32	0
IS	52	93	70	23	0
IS	53	75	49	26	0
IS	54	105	77	28	0
IS	55	143	101	42	0
IS	56	140	104	36	0
IS	57	128	94	34	0
IS	58	150	113	37	0
IS	59	164	131	33	0
IS	60	181	140	41	0
IS	61	194	152	42	0
IS	62	202	175	27	0
IS	63	217	167	50	0
IS	64	304	262	42	0
IS	65	307	271	36	0
IS	66	380	343	37	0
IS	67	410	367	42	1
IS	68	418	374	44	0
IS	69	531	470	59	2
IS	70	621	582	38	1
IS	71	685	643	40	2
IS	72	927	880	46	1
IS	73	1066	1031	35	0
IS	74	1222	1182	40	0
IS	75	1623	1576	45	2
IS	76	1795	1756	39	0
IS	77	2188	2149	39	0
IS	78	2533	2495	37	1
IS	79	3031	2985	45	1
IS	80	3676	3639	37	0
IS	81	4628	4591	37	0
IS	82	5236	5199	36	1
IS	83	6040	6002	37	1
IS	84	6785	6753	31	1
IS	85	7727	7691	36	0
IS	86	9207	9168	38	1
IS	87	10890	10864	26	0
IS	88	12200	12146	54	0
IS	89	13882	13841	40	1
IS	90	15763	15713	47	3
IS	91	17491	17452	39	0
IS	92	20103	20067	35	1
IS	93	22302	22269	33	0
IS	94	24247	24199	47	1
IS	95	27250	27191	59	0
IS	96	29920	29868	52	0
IS	97	32482	32428	52	2
IS	98	35431	35371	60	0
IS	99	38785	38709	75	1
IS	100	41953	41752	198	3
IS	101	45880	45872	7	1
IS	102	49546	49540	6	0
IS	103	53360	53358	2	0
IS	104	57947	57942	4	1
IS	105	61312	61306	6	0
IS	106	66094	66094	0	0
IS	107	71497	71494	2	1
IS	108	76659	76657	1	1
IS	109	82286	82280	4	2
IS	110	86985	86982	0	3
IS	111	92676	92674	2	0
IS	112	98136	98136	0	0
IS	113	103787	103784	1	2
IS	114	109417	109414	0	3
IS	115	116035	116033	1	1
IS	116	121888	121886	1	1
IS	117	128742	128740	2	0
IS	118	134901	134901	0	0
IS	119	141616	141616	0	0
IS	120	147947	147944	0	3
IS	121	155590	155588	2	0
IS	122	160591	160586	1	4
IS	123	168636	168633	2	1
IS	124	175221	175220	1	0
IS	125	181289	181287	2	0
IS	126	188186	188184	1	1
IS	127	194395	194394	1	0
IS	128	200589	200589	0	0
IS	129	207732	207732	0	0
IS	130	213290	213287	2	1
IS	131	218670	218670	0	0
IS	132	224701	224697	1	3
IS	133	231033	231031	2	0
IS	134	236158	236154	1	3
IS	135	241154	241154	0	0
IS	136	245574	245572	2	0
IS	137	251106	251104	0	2
IS	138	255651	255651	0	0
IS	139	260222	260220	1	1
IS	140	265058	265057	1	0
IS	141	267603	267601	1	1
IS	142	271177	271177	0	0
IS	143	275845	275844	0	1
IS	144	277060	277058	1	1
IS	145	280764	280763	1	0
IS	146	284526	284524	2	0
IS	147	285819	285816	1	2
IS	148	289103	289103	0	0
IS	149	289902	289901	0	1
IS	150	291834	291832	2	0
IS	151	292997	292995	1	1
IS	152	294406	294404	1	1
IS	153	294799	294797	2	0
IS	154	296308	296306	1	1
IS	155	296611	296609	1	1
IS	156	296993	296992	1	0
IS	157	297028	297024	2	2
IS	158	296719	296719	0	0
IS	159	296907	296905	1	1
IS	160	295907	295907	0	0
IS	161	295381	295381	0	0
IS	162	295386	295385	0	1
IS	163	293384	293383	0	1
IS	164	292205	292204	1	0
IS	165	292301	292301	0	0
IS	166	289336	289334	2	0
IS	167	290640	290640	0	0
IS	168	286335	286334	0	1
IS	169	285835	285835	0	0
IS	170	283694	283692	1	1
IS	171	282684	282682	2	0
IS	172	279668	279667	0	1
IS	173	277998	277995	0	3
IS	174	275392	275389	2	1
IS	175	273934	273932	2	0
IS	176	272593	272590	1	2
IS	177	269179	269179	0	0
IS	178	265606	265606	0	0
IS	179	263656	263655	1	0
IS	180	262214	262212	2	0
IS	181	258967	258967	0	0
IS	182	256345	256343	1	1
IS	183	253619	253616	1	2
IS	184	251492	251490	2	0
IS	185	248907	248907	0	0
IS	186	246459	246458	0	1
IS	187	243964	243964	0	0
IS	188	240020	240018	0	2
IS	189	238017	238017	0	0
IS	190	234265	234263	1	1
IS	191	231748	231746	1	1
IS	192	228720	228718	2	0
IS	193	225111	225111	0	0
IS	194	223050	223049	1	0
IS	195	220802	220800	2	0
IS	196	217597	217597	0	0
IS	197	214993	214991	1	1
IS	198	213210	213208	1	1
IS	199	209918	209917	1	0
IS	200	206439	206438	1	0
IS	201	203154	203154	0	0
IS	202	201610	201610	0	0
IS	203	198703	198702	1	0
IS	204	195413	195412	0	1
IS	205	192821	192821	0	0
IS	206	190090	190090	0	0
IS	207	186957	186957	0	0
IS	208	184711	184710	1	0
IS	209	181343	181343	0	0
IS	210	178701	178698	1	2
IS	211	177062	177059	2	1
IS	212	174770	174769	1	0
IS	213	172041	172040	1	0
IS	214	168540	168540	0	0
IS	215	166293	166292	1	0
IS	216	164090	164087	3	0
IS	217	162292	162292	0	0
IS	218	159171	159171	0	0
IS	219	156280	156278	1	1
IS	220	154419	154417	2	0
IS	221	152359	152359	0	0
IS	222	149835	149832	2	1
IS	223	147209	147209	0	0
IS	224	145145	145145	0	0
IS	225	142580	142579	0	1
IS	226	140548	140546	0	2
IS	227	138223	138222	1	0
IS	228	135941	135939	1	1
IS	229	133913	133911	2	0
IS	230	131875	131873	2	0
IS	231	129163	129162	0	1
IS	232	126531	126529	0	2
IS	233	125182	125180	2	0
IS	234	123115	123114	1	0
IS	235	121431	121430	0	1
IS	236	118974	118973	0	1
IS	237	117098	117098	0	0
IS	238	115631	115631	0	0
IS	239	113375	113374	1	0
IS	240	111509	111508	1	0
IS	241	109977	109976	1	0
IS	242	108146	108146	0	0
IS	243	106379	106377	1	1
IS	244	104517	104516	1	0
IS	245	102213	102212	1	0
IS	246	100408	100408	0	0
IS	247	99035	99035	0	0
IS	248	97143	97141	0	2
IS	249	95553	95552	0	1
IS	250	94468	94467	1	0
IS	251	92503	92502	1	0
IS	252	91242	91241	1	0
IS	253	90044	90043	1	0
IS	254	88341	88340	1	0
IS	255	86992	86992	0	0
IS	256	85163	85162	1	0
IS	257	83370	83369	1	0
IS	258	82023	82022	1	0
IS	259	81125	81125	0	0
IS	260	79329	79328	1	0
IS	261	78076	78075	0	1
IS	262	76707	76705	2	0
IS	263	75294	75294	0	0
IS	264	73619	73619	0	0
IS	265	72431	72431	0	0
IS	266	71622	71622	0	0
IS	267	70251	70251	0	0
IS	268	68652	68650	1	1
IS	269	67809	67808	1	0
IS	270	66862	66861	1	0
IS	271	65798	65796	1	1
IS	272	64041	64041	0	0
IS	273	63078	63076	0	2
IS	274	62007	62006	1	0
IS	275	61231	61231	0	0
IS	276	59873	59873	0	0
IS	277	58634	58634	0	0
IS	278	58006	58006	0	0
IS	279	57251	57248	1	2
IS	280	55827	55827	0	0
IS	281	55127	55126	0	1
IS	282	54128	54126	2	0
IS	283	52794	52793	0	1
IS	284	51788	51788	0	0
IS	285	51039	51039	0	0
IS	286	50180	50180	0	0
IS	287	49097	49097	0	0
IS	288	48003	48002	1	0
IS	289	47584	47584	0	0
IS	290	46640	46639	0	1
IS	291	46076	46076	0	0
IS	292	44814	44814	0	0
IS	293	44163	44162	1	0
IS	294	43557	43557	0	0
IS	295	42904	42904	0	0
IS	296	41976	41976	0	0
IS	297	41094	41092	1	1
IS	298	40443	40441	1	1
IS	299	39581	39581	0	0
IS	300	38738	38738	0	0
IS	301	38243	38243	0	0
IS	302	37679	37678	1	0
IS	303	36836	36836	0	0
IS	304	36259	36258	0	1
IS	305	35803	35803	0	0
IS	306	34750	34750	0	0
IS	307	34199	34199	0	0
IS	308	33508	33506	1	1
IS	309	33022	33020	0	2
IS	310	32147	32146	1	0
IS	311	31607	31607	0	0
IS	312	31392	31392	0	0
IS	313	30751	30750	1	0
IS	314	30388	30387	0	1
IS	315	29254	29254	0	0
IS	316	29005	29005	0	0
IS	317	28648	28648	0	0
IS	318	27820	27818	1	1
IS	319	27450	27450	0	0
IS	320	26629	26628	1	0
IS	321	26224	26224	0	0
IS	322	25721	25719	2	0
IS	323	25532	25532	0	0
IS	324	25055	25055	0	0
IS	325	24812	24811	1	0
IS	326	24114	24112	2	0
IS	327	23730	23730	0	0
IS	328	23188	23188	0	0
IS	329	22782	22782	0	0
IS	330	22478	22478	0	0
IS	331	21898	21897	1	0
IS	332	21465	21465	0	0
IS	333	21143	21143	0	0
IS	334	20910	20910	0	0
IS	335	20716	20715	1	0
IS	336	19922	19920	0	2
IS	337	19644	19644	0	0
IS	338	19395	19395	0	0
IS	339	19314	19314	0	0
IS	340	18766	18766	0	0
IS	341	18384	18383	1	0
IS	342	18094	18094	0	0
IS	343	17557	17557	0	0
IS	344	17133	17132	1	0
IS	345	17193	17191	0	2
IS	346	16799	16799	0	0
IS	347	16325	16325	0	0
IS	348	16134	16134	0	0
IS	349	15655	15655	0	0
IS	350	15614	15613	1	0
IS	351	15409	15409	0	0
IS	352	14865	14865	0	0
IS	353	14555	14555	0	0
IS	354	14432	14432	0	0
IS	355	13991	13991	0	0
IS	356	13932	13932	0	0
IS	357	13521	13521	0	0
IS	358	13347	13347	0	0
IS	359	13011	13010	1	0
IS	360	12739	12739	0	0
IS	361	12688	12688	0	0
IS	362	12255	12255	0	0
IS	363	12201	12200	1	0
IS	364	11955	11955	0	0
IS	365	11773	11773	0	0
IS	366	11363	11362	1	0
IS	367	11392	11392	0	0
IS	368	11051	11051	0	0
IS	369	10830	10828	2	0
IS	370	10715	10715	0	0
IS	371	10568	10568	0	0
IS	372	10265	10265	0	0
IS	373	10132	10131	1	0
IS	374	9909	9909	0	0
IS	375	9532	9532	0	0
IS	376	9589	9589	0	0
IS	377	9471	9471	0	0
IS	378	9065	9063	0	2
IS	379	9097	9096	1	0
IS	380	8675	8675	0	0
IS	381	8849	8848	1	0
IS	382	8467	8466	1	0
IS	383	8180	8179	1	0
IS	384	8229	8228	1	0
IS	385	7943	7942	1	0
IS	386	7746	7746	0	0
IS	387	7627	7627	0	0
IS	388	7636	7635	1	0
IS	389	7305	7305	0	0
IS	390	7252	7250	1	1
IS	391	7150	7150	0	0
IS	392	6896	6896	0	0
IS	393	7065	7065	0	0
IS	394	6766	6766	0	0
# Read lengths. Use `grep ^RL | cut -f 2-` to extract this part. The columns are: read length, count
RL	31	1782
RL	32	1802
RL	33	1526
RL	34	1358
RL	35	1184
RL	36	1286
RL	37	1150
RL	38	986
RL	39	966
RL	40	856
RL	41	784
RL	42	806
RL	43	776
RL	44	656
RL	45	658
RL	46	610
RL	47	622
RL	48	518
RL	49	578
RL	50	498
RL	51	516
RL	52	570
RL	53	604
RL	54	610
RL	55	616
RL	56	558
RL	57	598
RL	58	596
RL	59	642
RL	60	678
RL	61	648
RL	62	674
RL	63	712
RL	64	764
RL	65	828
RL	66	1018
RL	67	1030
RL	68	1106
RL	69	1234
RL	70	1446
RL	71	1576
RL	72	2018
RL	73	2268
RL	74	2506
RL	75	3348
RL	76	3856
RL	77	4546
RL	78	5266
RL	79	6238
RL	80	7600
RL	81	9394
RL	82	10644
RL	83	12284
RL	84	13734
RL	85	15606
RL	86	18436
RL	87	22030
RL	88	24620
RL	89	27896
RL	90	31698
RL	91	35146
RL	92	40514
RL	93	44788
RL	94	48734
RL	95	54632
RL	96	60006
RL	97	65056
RL	98	70948
RL	99	77660
RL	100	84100
RL	101	69293444
# Read lengths - first fragments. Use `grep ^FRL | cut -f 2-` to extract this part. The columns are: read length, count
FRL	31	891
FRL	32	901
FRL	33	763
FRL	34	679
FRL	35	592
FRL	36	643
FRL	37	575
FRL	38	493
FRL	39	483
FRL	40	428
FRL	41	392
FRL	42	403
FRL	43	388
FRL	44	328
FRL	45	329
FRL	46	305
FRL	47	311
FRL	48	259
FRL	49	289
FRL	50	249
FRL	51	258
FRL	52	285
FRL	53	302
FRL	54	305
FRL	55	308
FRL	56	279
FRL	57	299
FRL	58	298
FRL	59	321
FRL	60	339
FRL	61	324
FRL	62	337
FRL	63	356
FRL	64	382
FRL	65	414
FRL	66	509
FRL	67	515
FRL	68	553
FRL	69	617
FRL	70	723
FRL	71	788
FRL	72	1009
FRL	73	1134
FRL	74	1253
FRL	75	1674
FRL	76	1928
FRL	77	2273
FRL	78	2633
FRL	79	3119
FRL	80	3800
FRL	81	4697
FRL	82	5322
FRL	83	6142
FRL	84	6867
FRL	85	7803
FRL	86	9218
FRL	87	11015
FRL	88	12310
FRL	89	13948
FRL	90	15849
FRL	91	17573
FRL	92	20257
FRL	93	22394
FRL	94	24367
FRL	95	27316
FRL	96	30003
FRL	97	32528
FRL	98	35474
FRL	99	38830
FRL	100	42050
FRL	101	34646722
# Read lengths - last fragments. Use `grep ^LRL | cut -f 2-` to extract this part. The columns are: read length, count
LRL	31	891
LRL	32	901
LRL	33	763
LRL	34	679
LRL	35	592
LRL	36	643
LRL	37	575
LRL	38	493
LRL	39	483
LRL	40	428
LRL	41	392
LRL	42	403
LRL	43	388
LRL	44	328
LRL	45	329
LRL	46	305
LRL	47	311
LRL	48	259
LRL	49	289
LRL	50	249
LRL	51	258
LRL	52	285
LRL	53	302
LRL	54	305
LRL	55	308
LRL	56	279
LRL	57	299
LRL	58	298
LRL	59	321
LRL	60	339
LRL	61	324
LRL	62	337
LRL	63	356
LRL	64	382
LRL	65	414
LRL	66	509
LRL	67	515
LRL	68	553
LRL	69	617
LRL	70	723
LRL	71	788
LRL	72	1009
LRL	73	1134
LRL	74	1253
LRL	75	1674
LRL	76	1928
LRL	77	2273
LRL	78	2633
LRL	79	3119
LRL	80	3800
LRL	81	4697
LRL	82	5322
LRL	83	6142
LRL	84	6867
LRL	85	7803
LRL	86	9218
LRL	87	11015
LRL	88	12310
LRL	89	13948
LRL	90	15849
LRL	91	17573
LRL	92	20257
LRL	93	22394
LRL	94	24367
LRL	95	27316
LRL	96	30003
LRL	97	32528
LRL	98	35474
LRL	99	38830
LRL	100	42050
LRL	101	34646722
# Mapping qualities for reads !(UNMAP|SECOND|SUPPL|QCFAIL|DUP). Use `grep ^MAPQ | cut -f 2-` to extract this part. The columns are: mapq, count
MAPQ	0	7096338
MAPQ	1	15183
MAPQ	2	3033
MAPQ	3	34953
MAPQ	4	4840
MAPQ	5	5599
MAPQ	6	9537
MAPQ	7	18758
MAPQ	8	7333
MAPQ	9	38431
MAPQ	10	16675
MAPQ	11	4367
MAPQ	12	8267
MAPQ	13	14842
MAPQ	14	2511
MAPQ	15	32183
MAPQ	16	4420
MAPQ	17	5292
MAPQ	18	8642
MAPQ	19	16551
MAPQ	20	14456
MAPQ	21	45555
MAPQ	22	45174
MAPQ	23	49164
MAPQ	24	123019
MAPQ	25	304679
MAPQ	26	1248
MAPQ	27	758377
MAPQ	28	3124
MAPQ	29	3013
MAPQ	30	6363
MAPQ	31	13395
MAPQ	32	1391
MAPQ	33	38213
MAPQ	34	3166
MAPQ	35	3495
MAPQ	36	6937
MAPQ	37	18211
MAPQ	38	4237
MAPQ	39	50585
MAPQ	40	571232
MAPQ	41	5632
MAPQ	42	25692
MAPQ	43	23535
MAPQ	44	18845
MAPQ	45	75103
MAPQ	46	37559
MAPQ	47	112000
MAPQ	48	156577
MAPQ	49	120885
MAPQ	50	603478
MAPQ	51	23181
MAPQ	52	48089
MAPQ	53	15441
MAPQ	54	20422
MAPQ	55	67872
MAPQ	56	2209
MAPQ	57	98371
MAPQ	58	2458
MAPQ	59	6553
MAPQ	60	59179324
# Indel distribution. Use `grep ^ID | cut -f 2-` to extract this part. The columns are: length, number of insertions, number of deletions
ID	1	89541	132081
ID	2	24236	32820
ID	3	12808	16526
ID	4	11063	15202
ID	5	7895	5502
ID	6	2748	4683
ID	7	773	1447
ID	8	1349	1869
ID	9	884	1247
ID	10	1323	1545
ID	11	414	495
ID	12	656	1116
ID	13	240	441
ID	14	304	589
ID	15	180	815
ID	16	183	406
ID	17	52	288
ID	18	123	380
ID	19	68	76
ID	20	77	222
ID	21	58	189
ID	22	20	109
ID	23	20	73
ID	24	19	147
ID	25	9	31
ID	26	16	43
ID	27	0	36
ID	28	1	21
ID	29	2	7
ID	30	0	34
ID	31	0	2
ID	32	0	4
ID	33	0	2
ID	34	0	20
ID	35	0	25
ID	36	0	8
ID	37	0	6
ID	38	0	7
ID	40	0	11
ID	42	0	2
ID	43	0	1
ID	44	0	1
ID	45	0	1
# Indels per cycle. Use `grep ^IC | cut -f 2-` to extract this part. The columns are: cycle, number of insertions (fwd), .. (rev) , number of deletions (fwd), .. (rev)
IC	2	0	0	1	0
IC	3	0	0	396	434
IC	4	360	373	478	547
IC	5	518	557	586	632
IC	6	573	591	699	686
IC	7	688	658	787	844
IC	8	707	645	787	851
IC	9	688	669	841	999
IC	10	717	759	986	1060
IC	11	762	725	980	1073
IC	12	811	838	1043	1155
IC	13	868	873	1062	1152
IC	14	891	925	1116	1151
IC	15	876	861	1079	1200
IC	16	894	919	1129	1143
IC	17	917	867	1145	1208
IC	18	885	906	1242	1292
IC	19	961	888	1159	1285
IC	20	895	889	1219	1262
IC	21	945	901	1202	1257
IC	22	943	935	1244	1229
IC	23	929	900	1189	1243
IC	24	943	863	1239	1216
IC	25	930	888	1197	1267
IC	26	987	948	1266	1214
IC	27	991	925	1203	1194
IC	28	1005	915	1206	1204
IC	29	947	888	1197	1230
IC	30	944	876	1246	1196
IC	31	896	855	1150	1162
IC	32	933	887	1114	1220
IC	33	861	876	1215	1194
IC	34	925	887	1208	1218
IC	35	926	878	1163	1163
IC	36	911	857	1246	1239
IC	37	868	878	1133	1164
IC	38	875	943	1155	1178
IC	39	847	912	1215	1188
IC	40	924	901	1138	1197
IC	41	905	910	1231	1165
IC	42	865	881	1153	1149
IC	43	967	815	1157	1126
IC	44	869	857	1217	1190
IC	45	909	868	1206	1189
IC	46	938	850	1205	1176
IC	47	891	915	1200	1181
IC	48	896	969	1242	1189
IC	49	900	856	1233	1133
IC	50	910	868	1230	1179
IC	51	926	903	1220	1164
IC	52	912	897	1249	1212
IC	53	875	931	1241	1139
IC	54	901	891	1215	1191
IC	55	863	847	1217	1192
IC	56	864	853	1192	1166
IC	57	841	892	1226	1190
IC	58	881	852	1225	1172
IC	59	905	805	1256	1223
IC	60	809	838	1190	1230
IC	61	911	836	1163	1169
IC	62	896	834	1270	1340
IC	63	861	917	1321	1238
IC	64	812	807	1337	1293
IC	65	895	862	1332	1336
IC	66	967	812	1302	1299
IC	67	849	829	1398	1317
IC	68	867	842	1358	1282
IC	69	859	842	1316	1343
IC	70	885	826	1319	1324
IC	71	830	785	1253	1232
IC	72	789	862	1273	1261
IC	73	847	794	1281	1176
IC	74	751	768	1305	1220
IC	75	816	760	1295	1183
IC	76	826	774	1327	1244
IC	77	861	797	1328	1187
IC	78	843	762	1308	1247
IC	79	780	756	1276	1163
IC	80	808	784	1189	1181
IC	81	768	771	1199	1167
IC	82	765	807	1217	1209
IC	83	763	717	1173	1112
IC	84	751	744	1148	1121
IC	85	703	697	1170	1111
IC	86	705	680	1088	1075
IC	87	694	661	1109	1086
IC	88	688	665	1027	1000
IC	89	653	621	1025	925
IC	90	608	622	1003	984
IC	91	598	591	973	906
IC	92	603	570	939	959
IC	93	612	549	862	934
IC	94	506	529	819	756
IC	95	570	547	792	832
IC	96	654	619	800	954
IC	97	631	715	813	1214
IC	98	749	1012	927	1445
IC	100	0	0	1	0
# Coverage distribution. Use `grep ^COV | cut -f 2-` to extract this part.
COV	[1-1]	1	295633637
COV	[2-2]	2	133770498
COV	[3-3]	3	31170339
COV	[4-4]	4	17742485
COV	[5-5]	5	7975315
COV	[6-6]	6	5672171
COV	[7-7]	7	4187377
COV	[8-8]	8	3509439
COV	[9-9]	9	3010296
COV	[10-10]	10	2687264
COV	[11-11]	11	2416812
COV	[12-12]	12	2208197
COV	[13-13]	13	2040911
COV	[14-14]	14	1901278
COV	[15-15]	15	1781072
COV	[16-16]	16	1673265
COV	[17-17]	17	1579307
COV	[18-18]	18	1502181
COV	[19-19]	19	1425491
COV	[20-20]	20	1363119
COV	[21-21]	21	1309260
COV	[22-22]	22	1259694
COV	[23-23]	23	1213028
COV	[24-24]	24	1172963
COV	[25-25]	25	1132156
COV	[26-26]	26	1101693
COV	[27-27]	27	1069831
COV	[28-28]	28	1048040
COV	[29-29]	29	1018426
COV	[30-30]	30	990902
COV	[31-31]	31	968985
COV	[32-32]	32	948380
COV	[33-33]	33	926179
COV	[34-34]	34	906345
COV	[35-35]	35	886113
COV	[36-36]	36	867452
COV	[37-37]	37	855052
COV	[38-38]	38	838378
COV	[39-39]	39	825536
COV	[40-40]	40	808925
COV	[41-41]	41	794044
COV	[42-42]	42	778312
COV	[43-43]	43	766875
COV	[44-44]	44	753312
COV	[45-45]	45	742674
COV	[46-46]	46	730566
COV	[47-47]	47	719829
COV	[48-48]	48	710808
COV	[49-49]	49	698438
COV	[50-50]	50	688594
COV	[51-51]	51	677424
COV	[52-52]	52	668310
COV	[53-53]	53	659027
COV	[54-54]	54	649059
COV	[55-55]	55	639863
COV	[56-56]	56	629455
COV	[57-57]	57	615342
COV	[58-58]	58	607655
COV	[59-59]	59	598909
COV	[60-60]	60	588865
COV	[61-61]	61	580650
COV	[62-62]	62	570122
COV	[63-63]	63	563517
COV	[64-64]	64	555318
COV	[65-65]	65	544767
COV	[66-66]	66	536536
COV	[67-67]	67	527765
COV	[68-68]	68	520609
COV	[69-69]	69	510876
COV	[70-70]	70	503471
COV	[71-71]	71	495693
COV	[72-72]	72	487373
COV	[73-73]	73	477885
COV	[74-74]	74	469990
COV	[75-75]	75	461130
COV	[76-76]	76	454825
COV	[77-77]	77	447788
COV	[78-78]	78	441301
COV	[79-79]	79	432240
COV	[80-80]	80	426946
COV	[81-81]	81	419909
COV	[82-82]	82	412455
COV	[83-83]	83	404510
COV	[84-84]	84	398495
COV	[85-85]	85	393935
COV	[86-86]	86	386973
COV	[87-87]	87	379796
COV	[88-88]	88	374418
COV	[89-89]	89	366938
COV	[90-90]	90	360746
COV	[91-91]	91	355027
COV	[92-92]	92	348214
COV	[93-93]	93	344449
COV	[94-94]	94	337562
COV	[95-95]	95	331078
COV	[96-96]	96	324501
COV	[97-97]	97	320064
COV	[98-98]	98	314697
COV	[99-99]	99	309125
COV	[100-100]	100	302931
COV	[101-101]	101	298136
COV	[102-102]	102	291259
COV	[103-103]	103	288088
COV	[104-104]	104	284008
COV	[105-105]	105	276985
COV	[106-106]	106	272151
COV	[107-107]	107	267536
COV	[108-108]	108	263550
COV	[109-109]	109	258361
COV	[110-110]	110	254431
COV	[111-111]	111	251346
COV	[112-112]	112	247342
COV	[113-113]	113	242055
COV	[114-114]	114	238880
COV	[115-115]	115	232869
COV	[116-116]	116	229393
COV	[117-117]	117	224504
COV	[118-118]	118	219695
COV	[119-119]	119	215516
COV	[120-120]	120	213302
COV	[121-121]	121	209908
COV	[122-122]	122	206557
COV	[123-123]	123	202398
COV	[124-124]	124	199004
COV	[125-125]	125	195103
COV	[126-126]	126	192041
COV	[127-127]	127	188491
COV	[128-128]	128	186252
COV	[129-129]	129	183290
COV	[130-130]	130	179299
COV	[131-131]	131	176262
COV	[132-132]	132	172653
COV	[133-133]	133	170376
COV	[134-134]	134	167939
COV	[135-135]	135	164949
COV	[136-136]	136	162079
COV	[137-137]	137	158769
COV	[138-138]	138	156225
COV	[139-139]	139	153306
COV	[140-140]	140	150137
COV	[141-141]	141	148070
COV	[142-142]	142	144695
COV	[143-143]	143	141509
COV	[144-144]	144	139065
COV	[145-145]	145	136281
COV	[146-146]	146	134460
COV	[147-147]	147	131690
COV	[148-148]	148	129125
COV	[149-149]	149	126776
COV	[150-150]	150	124620
COV	[151-151]	151	122840
COV	[152-152]	152	120389
COV	[153-153]	153	119476
COV	[154-154]	154	115807
COV	[155-155]	155	114682
COV	[156-156]	156	112444
COV	[157-157]	157	110290
COV	[158-158]	158	108758
COV	[159-159]	159	107015
COV	[160-160]	160	105071
COV	[161-161]	161	102959
COV	[162-162]	162	101390
COV	[163-163]	163	99426
COV	[164-164]	164	98372
COV	[165-165]	165	94829
COV	[166-166]	166	94314
COV	[167-167]	167	92486
COV	[168-168]	168	90653
COV	[169-169]	169	89388
COV	[170-170]	170	88052
COV	[171-171]	171	86690
COV	[172-172]	172	85724
COV	[173-173]	173	83878
COV	[174-174]	174	82797
COV	[175-175]	175	80499
COV	[176-176]	176	79322
COV	[177-177]	177	77238
COV	[178-178]	178	76898
COV	[179-179]	179	75843
COV	[180-180]	180	74185
COV	[181-181]	181	73511
COV	[182-182]	182	72346
COV	[183-183]	183	70804
COV	[184-184]	184	69240
COV	[185-185]	185	67829
COV	[186-186]	186	66910
COV	[187-187]	187	66108
COV	[188-188]	188	64458
COV	[189-189]	189	63645
COV	[190-190]	190	61938
COV	[191-191]	191	61121
COV	[192-192]	192	60136
COV	[193-193]	193	59161
COV	[194-194]	194	57539
COV	[195-195]	195	57083
COV	[196-196]	196	56460
COV	[197-197]	197	55310
COV	[198-198]	198	54241
COV	[199-199]	199	54009
COV	[200-200]	200	52576
COV	[201-201]	201	51748
COV	[202-202]	202	50792
COV	[203-203]	203	50119
COV	[204-204]	204	49084
COV	[205-205]	205	48775
COV	[206-206]	206	47504
COV	[207-207]	207	46534
COV	[208-208]	208	45655
COV	[209-209]	209	45223
COV	[210-210]	210	44331
COV	[211-211]	211	43556
COV	[212-212]	212	42878
COV	[213-213]	213	42358
COV	[214-214]	214	41652
COV	[215-215]	215	40794
COV	[216-216]	216	40138
COV	[217-217]	217	39401
COV	[218-218]	218	38942
COV	[219-219]	219	38512
COV	[220-220]	220	37513
COV	[221-221]	221	36774
COV	[222-222]	222	35947
COV	[223-223]	223	35985
COV	[224-224]	224	35368
COV	[225-225]	225	34895
COV	[226-226]	226	33893
COV	[227-227]	227	33651
COV	[228-228]	228	33321
COV	[229-229]	229	32635
COV	[230-230]	230	32218
COV	[231-231]	231	31474
COV	[232-232]	232	30884
COV	[233-233]	233	30510
COV	[234-234]	234	30106
COV	[235-235]	235	29423
COV	[236-236]	236	29126
COV	[237-237]	237	28674
COV	[238-238]	238	28342
COV	[239-239]	239	27993
COV	[240-240]	240	27449
COV	[241-241]	241	27450
COV	[242-242]	242	27021
COV	[243-243]	243	26525
COV	[244-244]	244	26057
COV	[245-245]	245	25413
COV	[246-246]	246	25214
COV	[247-247]	247	24731
COV	[248-248]	248	24491
COV	[249-249]	249	24183
COV	[250-250]	250	23548
COV	[251-251]	251	23554
COV	[252-252]	252	23028
COV	[253-253]	253	22910
COV	[254-254]	254	22206
COV	[255-255]	255	22003
COV	[256-256]	256	21492
COV	[257-257]	257	21264
COV	[258-258]	258	21003
COV	[259-259]	259	20553
COV	[260-260]	260	20473
COV	[261-261]	261	19995
COV	[262-262]	262	19645
COV	[263-263]	263	19646
COV	[264-264]	264	19258
COV	[265-265]	265	19225
COV	[266-266]	266	18553
COV	[267-267]	267	18458
COV	[268-268]	268	18311
COV	[269-269]	269	17592
COV	[270-270]	270	17599
COV	[271-271]	271	17605
COV	[272-272]	272	17403
COV	[273-273]	273	16920
COV	[274-274]	274	16917
COV	[275-275]	275	16562
COV	[276-276]	276	16320
COV	[277-277]	277	16146
COV	[278-278]	278	15831
COV	[279-279]	279	15221
COV	[280-280]	280	15156
COV	[281-281]	281	15119
COV	[282-282]	282	14869
COV	[283-283]	283	14730
COV	[284-284]	284	14405
COV	[285-285]	285	14341
COV	[286-286]	286	14150
COV	[287-287]	287	13843
COV	[288-288]	288	13980
COV	[289-289]	289	13627
COV	[290-290]	290	13672
COV	[291-291]	291	13284
COV	[292-292]	292	13226
COV	[293-293]	293	12816
COV	[294-294]	294	12732
COV	[295-295]	295	12414
COV	[296-296]	296	12498
COV	[297-297]	297	12163
COV	[298-298]	298	12172
COV	[299-299]	299	11621
COV	[300-300]	300	11701
COV	[301-301]	301	11632
COV	[302-302]	302	11489
COV	[303-303]	303	11397
COV	[304-304]	304	11380
COV	[305-305]	305	10933
COV	[306-306]	306	11024
COV	[307-307]	307	10841
COV	[308-308]	308	10692
COV	[309-309]	309	10450
COV	[310-310]	310	10427
COV	[311-311]	311	10327
COV	[312-312]	312	10092
COV	[313-313]	313	10210
COV	[314-314]	314	10161
COV	[315-315]	315	9878
COV	[316-316]	316	9929
COV	[317-317]	317	9663
COV	[318-318]	318	9645
COV	[319-319]	319	9243
COV	[320-320]	320	9163
COV	[321-321]	321	9225
COV	[322-322]	322	9104
COV	[323-323]	323	8948
COV	[324-324]	324	8775
COV	[325-325]	325	8581
COV	[326-326]	326	8440
COV	[327-327]	327	8469
COV	[328-328]	328	8300
COV	[329-329]	329	8034
COV	[330-330]	330	8127
COV	[331-331]	331	8019
COV	[332-332]	332	7949
COV	[333-333]	333	7918
COV	[334-334]	334	7943
COV	[335-335]	335	7642
COV	[336-336]	336	7502
COV	[337-337]	337	7475
COV	[338-338]	338	7452
COV	[339-339]	339	7196
COV	[340-340]	340	7384
COV	[341-341]	341	7225
COV	[342-342]	342	7191
COV	[343-343]	343	7108
COV	[344-344]	344	7117
COV	[345-345]	345	6801
COV	[346-346]	346	6800
COV	[347-347]	347	6771
COV	[348-348]	348	6704
COV	[349-349]	349	6427
COV	[350-350]	350	6447
COV	[351-351]	351	6456
COV	[352-352]	352	6448
COV	[353-353]	353	6321
COV	[354-354]	354	6254
COV	[355-355]	355	6301
COV	[356-356]	356	6202
COV	[357-357]	357	5928
COV	[358-358]	358	5999
COV	[359-359]	359	5885
COV	[360-360]	360	5853
COV	[361-361]	361	5742
COV	[362-362]	362	5720
COV	[363-363]	363	5733
COV	[364-364]	364	5650
COV	[365-365]	365	5522
COV	[366-366]	366	5534
COV	[367-367]	367	5379
COV	[368-368]	368	5550
COV	[369-369]	369	5309
COV	[370-370]	370	5283
COV	[371-371]	371	5101
COV	[372-372]	372	5150
COV	[373-373]	373	5066
COV	[374-374]	374	4969
COV	[375-375]	375	5094
COV	[376-376]	376	4829
COV	[377-377]	377	4910
COV	[378-378]	378	4807
COV	[379-379]	379	4765
COV	[380-380]	380	4594
COV	[381-381]	381	4726
COV	[382-382]	382	4640
COV	[383-383]	383	4649
COV	[384-384]	384	4614
COV	[385-385]	385	4411
COV	[386-386]	386	4465
COV	[387-387]	387	4430
COV	[388-388]	388	4374
COV	[389-389]	389	4372
COV	[390-390]	390	4293
COV	[391-391]	391	4308
COV	[392-392]	392	4161
COV	[393-393]	393	4225
COV	[394-394]	394	4150
COV	[395-395]	395	4049
COV	[396-396]	396	4033
COV	[397-397]	397	3974
COV	[398-398]	398	3918
COV	[399-399]	399	3916
COV	[400-400]	400	3883
COV	[401-401]	401	3752
COV	[402-402]	402	3753
COV	[403-403]	403	3675
COV	[404-404]	404	3779
COV	[405-405]	405	3708
COV	[406-406]	406	3685
COV	[407-407]	407	3585
COV	[408-408]	408	3590
COV	[409-409]	409	3540
COV	[410-410]	410	3585
COV	[411-411]	411	3562
COV	[412-412]	412	3485
COV	[413-413]	413	3442
COV	[414-414]	414	3356
COV	[415-415]	415	3299
COV	[416-416]	416	3310
COV	[417-417]	417	3281
COV	[418-418]	418	3212
COV	[419-419]	419	3155
COV	[420-420]	420	3246
COV	[421-421]	421	3240
COV	[422-422]	422	3195
COV	[423-423]	423	3092
COV	[424-424]	424	3112
COV	[425-425]	425	3073
COV	[426-426]	426	3090
COV	[427-427]	427	3061
COV	[428-428]	428	3073
COV	[429-429]	429	3031
COV	[430-430]	430	2989
COV	[431-431]	431	3045
COV	[432-432]	432	2981
COV	[433-433]	433	2945
COV	[434-434]	434	2922
COV	[435-435]	435	2909
COV	[436-436]	436	2848
COV	[437-437]	437	2876
COV	[438-438]	438	2917
COV	[439-439]	439	2909
COV	[440-440]	440	2790
COV	[441-441]	441	2807
COV	[442-442]	442	2732
COV	[443-443]	443	2701
COV	[444-444]	444	2758
COV	[445-445]	445	2707
COV	[446-446]	446	2648
COV	[447-447]	447	2660
COV	[448-448]	448	2624
COV	[449-449]	449	2567
COV	[450-450]	450	2588
COV	[451-451]	451	2444
COV	[452-452]	452	2498
COV	[453-453]	453	2445
COV	[454-454]	454	2541
COV	[455-455]	455	2378
COV	[456-456]	456	2353
COV	[457-457]	457	2420
COV	[458-458]	458	2448
COV	[459-459]	459	2426
COV	[460-460]	460	2348
COV	[461-461]	461	2376
COV	[462-462]	462	2339
COV	[463-463]	463	2360
COV	[464-464]	464	2269
COV	[465-465]	465	2283
COV	[466-466]	466	2278
COV	[467-467]	467	2328
COV	[468-468]	468	2253
COV	[469-469]	469	2197
COV	[470-470]	470	2272
COV	[471-471]	471	2170
COV	[472-472]	472	2303
COV	[473-473]	473	2229
COV	[474-474]	474	2116
COV	[475-475]	475	2173
COV	[476-476]	476	2042
COV	[477-477]	477	2117
COV	[478-478]	478	2127
COV	[479-479]	479	2123
COV	[480-480]	480	2050
COV	[481-481]	481	2096
COV	[482-482]	482	2120
COV	[483-483]	483	2054
COV	[484-484]	484	2113
COV	[485-485]	485	1970
COV	[486-486]	486	1941
COV	[487-487]	487	1936
COV	[488-488]	488	1872
COV	[489-489]	489	2012
COV	[490-490]	490	1951
COV	[491-491]	491	2008
COV	[492-492]	492	1971
COV	[493-493]	493	1898
COV	[494-494]	494	1991
COV	[495-495]	495	1936
COV	[496-496]	496	1820
COV	[497-497]	497	1811
COV	[498-498]	498	1832
COV	[499-499]	499	1793
COV	[500-500]	500	1852
COV	[501-501]	501	1886
COV	[502-502]	502	1850
COV	[503-503]	503	1774
COV	[504-504]	504	1719
COV	[505-505]	505	1774
COV	[506-506]	506	1697
COV	[507-507]	507	1695
COV	[508-508]	508	1703
COV	[509-509]	509	1683
COV	[510-510]	510	1755
COV	[511-511]	511	1642
COV	[512-512]	512	1632
COV	[513-513]	513	1764
COV	[514-514]	514	1723
COV	[515-515]	515	1602
COV	[516-516]	516	1680
COV	[517-517]	517	1630
COV	[518-518]	518	1627
COV	[519-519]	519	1574
COV	[520-520]	520	1691
COV	[521-521]	521	1626
COV	[522-522]	522	1641
COV	[523-523]	523	1540
COV	[524-524]	524	1611
COV	[525-525]	525	1559
COV	[526-526]	526	1580
COV	[527-527]	527	1550
COV	[528-528]	528	1537
COV	[529-529]	529	1500
COV	[530-530]	530	1522
COV	[531-531]	531	1504
COV	[532-532]	532	1535
COV	[533-533]	533	1536
COV	[534-534]	534	1508
COV	[535-535]	535	1529
COV	[536-536]	536	1491
COV	[537-537]	537	1509
COV	[538-538]	538	1509
COV	[539-539]	539	1444
COV	[540-540]	540	1473
COV	[541-541]	541	1425
COV	[542-542]	542	1461
COV	[543-543]	543	1405
COV	[544-544]	544	1427
COV	[545-545]	545	1375
COV	[546-546]	546	1422
COV	[547-547]	547	1324
COV	[548-548]	548	1380
COV	[549-549]	549	1378
COV	[550-550]	550	1471
COV	[551-551]	551	1407
COV	[552-552]	552	1362
COV	[553-553]	553	1383
COV	[554-554]	554	1450
COV	[555-555]	555	1332
COV	[556-556]	556	1345
COV	[557-557]	557	1375
COV	[558-558]	558	1331
COV	[559-559]	559	1326
COV	[560-560]	560	1322
COV	[561-561]	561	1301
COV	[562-562]	562	1310
COV	[563-563]	563	1327
COV	[564-564]	564	1371
COV	[565-565]	565	1279
COV	[566-566]	566	1250
COV	[567-567]	567	1278
COV	[568-568]	568	1263
COV	[569-569]	569	1213
COV	[570-570]	570	1202
COV	[571-571]	571	1243
COV	[572-572]	572	1121
COV	[573-573]	573	1204
COV	[574-574]	574	1213
COV	[575-575]	575	1186
COV	[576-576]	576	1200
COV	[577-577]	577	1207
COV	[578-578]	578	1129
COV	[579-579]	579	1187
COV	[580-580]	580	1175
COV	[581-581]	581	1189
COV	[582-582]	582	1155
COV	[583-583]	583	1175
COV	[584-584]	584	1156
COV	[585-585]	585	1159
COV	[586-586]	586	1207
COV	[587-587]	587	1193
COV	[588-588]	588	1160
COV	[589-589]	589	1173
COV	[590-590]	590	1175
COV	[591-591]	591	1117
COV	[592-592]	592	1114
COV	[593-593]	593	1103
COV	[594-594]	594	1135
COV	[595-595]	595	1140
COV	[596-596]	596	1132
COV	[597-597]	597	1169
COV	[598-598]	598	1120
COV	[599-599]	599	1034
COV	[600-600]	600	1138
COV	[601-601]	601	1061
COV	[602-602]	602	1082
COV	[603-603]	603	1045
COV	[604-604]	604	1073
COV	[605-605]	605	1006
COV	[606-606]	606	1017
COV	[607-607]	607	1062
COV	[608-608]	608	1081
COV	[609-609]	609	1006
COV	[610-610]	610	1022
COV	[611-611]	611	1036
COV	[612-612]	612	1095
COV	[613-613]	613	1017
COV	[614-614]	614	966
COV	[615-615]	615	999
COV	[616-616]	616	947
COV	[617-617]	617	947
COV	[618-618]	618	1003
COV	[619-619]	619	973
COV	[620-620]	620	966
COV	[621-621]	621	966
COV	[622-622]	622	969
COV	[623-623]	623	984
COV	[624-624]	624	985
COV	[625-625]	625	936
COV	[626-626]	626	1011
COV	[627-627]	627	987
COV	[628-628]	628	968
COV	[629-629]	629	925
COV	[630-630]	630	913
COV	[631-631]	631	948
COV	[632-632]	632	890
COV	[633-633]	633	868
COV	[634-634]	634	895
COV	[635-635]	635	863
COV	[636-636]	636	922
COV	[637-637]	637	910
COV	[638-638]	638	922
COV	[639-639]	639	845
COV	[640-640]	640	873
COV	[641-641]	641	893
COV	[642-642]	642	870
COV	[643-643]	643	861
COV	[644-644]	644	893
COV	[645-645]	645	860
COV	[646-646]	646	874
COV	[647-647]	647	830
COV	[648-648]	648	895
COV	[649-649]	649	873
COV	[650-650]	650	866
COV	[651-651]	651	828
COV	[652-652]	652	795
COV	[653-653]	653	839
COV	[654-654]	654	882
COV	[655-655]	655	811
COV	[656-656]	656	863
COV	[657-657]	657	811
COV	[658-658]	658	745
COV	[659-659]	659	865
COV	[660-660]	660	746
COV	[661-661]	661	809
COV	[662-662]	662	791
COV	[663-663]	663	782
COV	[664-664]	664	782
COV	[665-665]	665	744
COV	[666-666]	666	778
COV	[667-667]	667	793
COV	[668-668]	668	741
COV	[669-669]	669	762
COV	[670-670]	670	749
COV	[671-671]	671	762
COV	[672-672]	672	708
COV	[673-673]	673	749
COV	[674-674]	674	702
COV	[675-675]	675	783
COV	[676-676]	676	735
COV	[677-677]	677	735
COV	[678-678]	678	768
COV	[679-679]	679	743
COV	[680-680]	680	721
COV	[681-681]	681	804
COV	[682-682]	682	707
COV	[683-683]	683	727
COV	[684-684]	684	715
COV	[685-685]	685	693
COV	[686-686]	686	664
COV	[687-687]	687	756
COV	[688-688]	688	718
COV	[689-689]	689	712
COV	[690-690]	690	721
COV	[691-691]	691	765
COV	[692-692]	692	722
COV	[693-693]	693	716
COV	[694-694]	694	735
COV	[695-695]	695	669
COV	[696-696]	696	739
COV	[697-697]	697	674
COV	[698-698]	698	715
COV	[699-699]	699	708
COV	[700-700]	700	702
COV	[701-701]	701	670
COV	[702-702]	702	650
COV	[703-703]	703	665
COV	[704-704]	704	691
COV	[705-705]	705	721
COV	[706-706]	706	668
COV	[707-707]	707	642
COV	[708-708]	708	652
COV	[709-709]	709	704
COV	[710-710]	710	631
COV	[711-711]	711	671
COV	[712-712]	712	661
COV	[713-713]	713	677
COV	[714-714]	714	644
COV	[715-715]	715	628
COV	[716-716]	716	645
COV	[717-717]	717	674
COV	[718-718]	718	664
COV	[719-719]	719	636
COV	[720-720]	720	662
COV	[721-721]	721	690
COV	[722-722]	722	675
COV	[723-723]	723	619
COV	[724-724]	724	616
COV	[725-725]	725	634
COV	[726-726]	726	679
COV	[727-727]	727	681
COV	[728-728]	728	595
COV	[729-729]	729	621
COV	[730-730]	730	601
COV	[731-731]	731	627
COV	[732-732]	732	649
COV	[733-733]	733	632
COV	[734-734]	734	623
COV	[735-735]	735	595
COV	[736-736]	736	573
COV	[737-737]	737	596
COV	[738-738]	738	541
COV	[739-739]	739	573
COV	[740-740]	740	549
COV	[741-741]	741	603
COV	[742-742]	742	614
COV	[743-743]	743	586
COV	[744-744]	744	554
COV	[745-745]	745	544
COV	[746-746]	746	539
COV	[747-747]	747	501
COV	[748-748]	748	561
COV	[749-749]	749	555
COV	[750-750]	750	588
COV	[751-751]	751	565
COV	[752-752]	752	505
COV	[753-753]	753	515
COV	[754-754]	754	549
COV	[755-755]	755	525
COV	[756-756]	756	558
COV	[757-757]	757	545
COV	[758-758]	758	556
COV	[759-759]	759	511
COV	[760-760]	760	539
COV	[761-761]	761	536
COV	[762-762]	762	573
COV	[763-763]	763	547
COV	[764-764]	764	552
COV	[765-765]	765	512
COV	[766-766]	766	520
COV	[767-767]	767	475
COV	[768-768]	768	479
COV	[769-769]	769	488
COV	[770-770]	770	530
COV	[771-771]	771	519
COV	[772-772]	772	528
COV	[773-773]	773	501
COV	[774-774]	774	503
COV	[775-775]	775	519
COV	[776-776]	776	488
COV	[777-777]	777	488
COV	[778-778]	778	495
COV	[779-779]	779	465
COV	[780-780]	780	459
COV	[781-781]	781	536
COV	[782-782]	782	499
COV	[783-783]	783	468
COV	[784-784]	784	517
COV	[785-785]	785	518
COV	[786-786]	786	471
COV	[787-787]	787	478
COV	[788-788]	788	503
COV	[789-789]	789	483
COV	[790-790]	790	480
COV	[791-791]	791	479
COV	[792-792]	792	479
COV	[793-793]	793	459
COV	[794-794]	794	454
COV	[795-795]	795	422
COV	[796-796]	796	442
COV	[797-797]	797	451
COV	[798-798]	798	431
COV	[799-799]	799	451
COV	[800-800]	800	438
COV	[801-801]	801	429
COV	[802-802]	802	424
COV	[803-803]	803	404
COV	[804-804]	804	416
COV	[805-805]	805	469
COV	[806-806]	806	447
COV	[807-807]	807	425
COV	[808-808]	808	463
COV	[809-809]	809	478
COV	[810-810]	810	455
COV	[811-811]	811	429
COV	[812-812]	812	414
COV	[813-813]	813	443
COV	[814-814]	814	461
COV	[815-815]	815	413
COV	[816-816]	816	442
COV	[817-817]	817	424
COV	[818-818]	818	436
COV	[819-819]	819	384
COV	[820-820]	820	433
COV	[821-821]	821	439
COV	[822-822]	822	428
COV	[823-823]	823	405
COV	[824-824]	824	443
COV	[825-825]	825	395
COV	[826-826]	826	425
COV	[827-827]	827	409
COV	[828-828]	828	444
COV	[829-829]	829	432
COV	[830-830]	830	427
COV	[831-831]	831	385
COV	[832-832]	832	412
COV	[833-833]	833	453
COV	[834-834]	834	435
COV	[835-835]	835	388
COV	[836-836]	836	438
COV	[837-837]	837	383
COV	[838-838]	838	389
COV	[839-839]	839	420
COV	[840-840]	840	354
COV	[841-841]	841	403
COV	[842-842]	842	386
COV	[843-843]	843	421
COV	[844-844]	844	419
COV	[845-845]	845	371
COV	[846-846]	846	378
COV	[847-847]	847	352
COV	[848-848]	848	362
COV	[849-849]	849	401
COV	[850-850]	850	387
COV	[851-851]	851	402
COV	[852-852]	852	382
COV	[853-853]	853	421
COV	[854-854]	854	399
COV	[855-855]	855	359
COV	[856-856]	856	386
COV	[857-857]	857	342
COV	[858-858]	858	399
COV	[859-859]	859	365
COV	[860-860]	860	389
COV	[861-861]	861	368
COV	[862-862]	862	384
COV	[863-863]	863	376
COV	[864-864]	864	323
COV	[865-865]	865	382
COV	[866-866]	866	393
COV	[867-867]	867	344
COV	[868-868]	868	357
COV	[869-869]	869	353
COV	[870-870]	870	324
COV	[871-871]	871	349
COV	[872-872]	872	375
COV	[873-873]	873	343
COV	[874-874]	874	363
COV	[875-875]	875	350
COV	[876-876]	876	361
COV	[877-877]	877	323
COV	[878-878]	878	329
COV	[879-879]	879	325
COV	[880-880]	880	315
COV	[881-881]	881	362
COV	[882-882]	882	312
COV	[883-883]	883	325
COV	[884-884]	884	351
COV	[885-885]	885	308
COV	[886-886]	886	337
COV	[887-887]	887	307
COV	[888-888]	888	302
COV	[889-889]	889	336
COV	[890-890]	890	314
COV	[891-891]	891	357
COV	[892-892]	892	297
COV	[893-893]	893	338
COV	[894-894]	894	300
COV	[895-895]	895	299
COV	[896-896]	896	312
COV	[897-897]	897	336
COV	[898-898]	898	330
COV	[899-899]	899	295
COV	[900-900]	900	296
COV	[901-901]	901	302
COV	[902-902]	902	349
COV	[903-903]	903	303
COV	[904-904]	904	334
COV	[905-905]	905	320
COV	[906-906]	906	314
COV	[907-907]	907	350
COV	[908-908]	908	302
COV	[909-909]	909	287
COV	[910-910]	910	308
COV	[911-911]	911	298
COV	[912-912]	912	305
COV	[913-913]	913	324
COV	[914-914]	914	322
COV	[915-915]	915	335
COV	[916-916]	916	306
COV	[917-917]	917	299
COV	[918-918]	918	322
COV	[919-919]	919	315
COV	[920-920]	920	307
COV	[921-921]	921	305
COV	[922-922]	922	297
COV	[923-923]	923	309
COV	[924-924]	924	308
COV	[925-925]	925	294
COV	[926-926]	926	280
COV	[927-927]	927	314
COV	[928-928]	928	333
COV	[929-929]	929	320
COV	[930-930]	930	308
COV	[931-931]	931	342
COV	[932-932]	932	294
COV	[933-933]	933	317
COV	[934-934]	934	332
COV	[935-935]	935	324
COV	[936-936]	936	318
COV	[937-937]	937	298
COV	[938-938]	938	300
COV	[939-939]	939	304
COV	[940-940]	940	278
COV	[941-941]	941	300
COV	[942-942]	942	295
COV	[943-943]	943	312
COV	[944-944]	944	282
COV	[945-945]	945	311
COV	[946-946]	946	320
COV	[947-947]	947	288
COV	[948-948]	948	285
COV	[949-949]	949	284
COV	[950-950]	950	296
COV	[951-951]	951	301
COV	[952-952]	952	312
COV	[953-953]	953	275
COV	[954-954]	954	326
COV	[955-955]	955	288
COV	[956-956]	956	303
COV	[957-957]	957	296
COV	[958-958]	958	325
COV	[959-959]	959	279
COV	[960-960]	960	290
COV	[961-961]	961	272
COV	[962-962]	962	289
COV	[963-963]	963	277
COV	[964-964]	964	304
COV	[965-965]	965	299
COV	[966-966]	966	262
COV	[967-967]	967	282
COV	[968-968]	968	319
COV	[969-969]	969	292
COV	[970-970]	970	293
COV	[971-971]	971	285
COV	[972-972]	972	286
COV	[973-973]	973	287
COV	[974-974]	974	304
COV	[975-975]	975	274
COV	[976-976]	976	261
COV	[977-977]	977	253
COV	[978-978]	978	286
COV	[979-979]	979	247
COV	[980-980]	980	243
COV	[981-981]	981	269
COV	[982-982]	982	259
COV	[983-983]	983	230
COV	[984-984]	984	263
COV	[985-985]	985	273
COV	[986-986]	986	260
COV	[987-987]	987	277
COV	[988-988]	988	280
COV	[989-989]	989	285
COV	[990-990]	990	257
COV	[991-991]	991	248
COV	[992-992]	992	267
COV	[993-993]	993	253
COV	[994-994]	994	245
COV	[995-995]	995	255
COV	[996-996]	996	277
COV	[997-997]	997	257
COV	[998-998]	998	253
COV	[999-999]	999	262
COV	[1000-1000]	1000	249
COV	[1000<]	1000	80493
# GC-depth. Use `grep ^GCD | cut -f 2-` to extract this part. The columns are: GC%, unique sequence percentiles, 10th, 25th, 50th, 75th and 90th depth percentile
GCD	0.0	0.008	0.001	0.005	0.005	0.005	0.009
GCD	2.0	0.009	7.939	7.939	7.939	7.939	7.939
GCD	6.0	0.010	0.010	0.010	0.010	0.010	0.010
GCD	11.0	0.010	0.050	0.050	0.050	0.050	0.050
GCD	14.0	0.011	0.025	0.025	0.025	0.025	0.025
GCD	16.0	0.012	0.020	0.020	0.020	0.020	0.020
GCD	17.0	0.012	0.005	0.005	0.005	0.005	0.005
GCD	20.0	0.014	0.010	0.010	0.013	0.015	0.015
GCD	21.0	0.015	0.010	0.010	0.043	0.076	0.076
GCD	22.0	0.017	0.182	0.182	1.059	5.589	5.589
GCD	23.0	0.019	0.106	0.106	0.237	0.368	0.368
GCD	24.0	0.022	0.005	0.010	0.050	0.721	1.160
GCD	25.0	0.029	0.011	0.019	0.262	0.718	1.647
GCD	26.0	0.035	0.005	0.023	0.197	1.190	2.063
GCD	27.0	0.042	0.010	1.301	1.765	3.001	5.503
GCD	28.0	0.065	0.017	0.129	0.444	2.139	3.296
GCD	29.0	0.112	0.045	0.139	1.695	3.216	6.436
GCD	30.0	0.224	0.040	0.131	1.675	3.488	5.220
GCD	31.0	0.434	0.088	0.277	2.058	4.308	8.781
GCD	32.0	0.837	0.091	0.158	2.214	5.018	9.386
GCD	33.0	1.566	0.091	0.131	1.665	4.958	9.478
GCD	34.0	2.859	0.101	0.136	0.782	4.393	9.040
GCD	35.0	4.891	0.101	0.136	0.212	3.996	8.929
GCD	36.0	8.105	0.101	0.131	0.192	2.966	8.033
GCD	37.0	12.431	0.101	0.136	0.182	1.654	7.078
GCD	38.0	18.025	0.101	0.141	0.192	1.055	6.595
GCD	39.0	24.661	0.101	0.141	0.192	0.392	5.962
GCD	40.0	31.952	0.111	0.151	0.202	0.338	5.438
GCD	41.0	39.252	0.121	0.166	0.222	0.358	5.345
GCD	42.0	46.200	0.141	0.182	0.242	0.449	5.710
GCD	43.0	52.774	0.146	0.192	0.252	0.513	5.320
GCD	44.0	58.883	0.161	0.212	0.272	0.615	5.551
GCD	45.0	64.272	0.161	0.222	0.303	0.898	5.680
GCD	46.0	69.083	0.177	0.242	0.323	1.160	6.097
GCD	47.0	73.128	0.192	0.262	0.363	1.816	6.904
GCD	48.0	76.638	0.212	0.288	0.398	2.058	7.304
GCD	49.0	79.760	0.222	0.318	0.444	2.472	8.182
GCD	50.0	82.373	0.227	0.333	0.489	2.875	8.433
GCD	51.0	84.816	0.267	0.373	0.565	3.390	8.930
GCD	52.0	86.985	0.277	0.404	0.651	3.715	9.699
GCD	53.0	88.890	0.308	0.448	0.827	4.178	9.791
GCD	54.0	90.537	0.338	0.478	1.132	4.660	10.527
GCD	55.0	92.102	0.383	0.545	1.619	5.589	11.090
GCD	56.0	93.506	0.444	0.636	2.154	6.391	12.443
GCD	57.0	94.837	0.474	0.706	2.335	6.431	12.878
GCD	58.0	96.047	0.580	0.929	2.739	7.235	13.407
GCD	59.0	97.182	0.615	1.059	3.195	7.827	13.494
GCD	60.0	98.125	0.731	1.382	3.733	8.146	14.462
GCD	61.0	98.866	0.716	1.464	3.715	7.879	13.014
GCD	62.0	99.385	0.767	1.649	3.985	8.339	14.008
GCD	63.0	99.722	1.070	1.945	4.086	8.179	13.265
GCD	64.0	99.902	1.323	2.409	4.749	8.776	13.529
GCD	65.0	99.983	0.695	1.811	4.288	8.623	16.424
GCD	66.0	99.996	0.240	1.201	3.496	5.503	7.752
GCD	67.0	99.998	1.049	1.049	1.816	1.846	1.846
GCD	68.0	99.999	0.010	0.010	0.045	0.081	0.081
GCD	70.0	100.000	0.071	0.071	0.071	0.071	0.071
