# This file was produced by samtools stats (1.23+htslib-1.23) and can be plotted using plot-bamstats
# This file contains statistics for all reads.
# The command line was:  stats data/SAS/GIH/NA20900/aligned/NA20900.bam
# CHK, Checksum	[2]Read Names	[3]Sequences	[4]Qualities
# CHK, CRC32 of reads which passed filtering followed by addition (32bit overflow)
CHK	070def63	38014310	be3825a3
# Summary Numbers. Use `grep ^SN | cut -f 2-` to extract this part.
SN	raw total sequences:	54589248	# excluding supplementary and secondary reads
SN	filtered sequences:	0
SN	sequences:	54589248
SN	is sorted:	1	# sorted by coordinate
SN	1st fragments:	27294624
SN	last fragments:	27294624
SN	reads mapped:	54584330
SN	reads mapped and paired:	54583238	# paired-end technology bit set + both mates mapped
SN	reads unmapped:	4918
SN	reads properly paired:	54293556	# proper-pair bit set
SN	reads paired:	54589248	# paired-end technology bit set
SN	reads duplicated:	0	# PCR or optical duplicate bit set
SN	reads MQ0:	4602186	# mapped and MQ=0
SN	reads QC failed:	0
SN	non-primary alignments:	0
SN	supplementary alignments:	45523
SN	total length:	5455676558	# ignores clipping
SN	total first fragment length:	2727838279	# ignores clipping
SN	total last fragment length:	2727838279	# ignores clipping
SN	bases mapped:	5455187104	# ignores clipping
SN	bases mapped (cigar):	5449571473	# more accurate
SN	bases trimmed:	0
SN	bases duplicated:	0
SN	mismatches:	15619467	# from NM fields
SN	error rate:	2.866183e-03	# mismatches / bases mapped (cigar)
SN	average length:	100
SN	average first fragment length:	100
SN	average last fragment length:	100
SN	maximum length:	100
SN	maximum first fragment length:	100
SN	maximum last fragment length:	100
SN	average quality:	35.3
SN	insert size average:	219.9
SN	insert size standard deviation:	68.5
SN	inward oriented pairs:	27173964
SN	outward oriented pairs:	5684
SN	pairs with other orientation:	5281
SN	pairs on different chromosomes:	106690
SN	percentage of properly paired reads (%):	99.5
# First Fragment Qualities. Use `grep ^FFQ | cut -f 2-` to extract this part.
# Columns correspond to qualities and rows to cycles. First column is the cycle number.
FFQ	1	0	0	808	0	0	0	0	0	0	0	52157	0	0	0	0	0	88636	0	0	572	0	0	23793	105681	0	87460	328810	458274	262166	0	1889377	11678154	0	3102582	9216154	0	0	0	0	0	0	0	0
FFQ	2	0	0	12365	0	0	0	0	0	0	0	36025	0	0	0	0	0	88752	0	0	895	0	0	37782	87258	0	93472	282855	506603	247296	0	1554440	10092804	0	1493777	12760300	0	0	0	0	0	0	0	0
FFQ	3	0	0	1623	0	0	0	0	0	0	0	34018	0	0	0	0	0	89658	0	0	881	0	0	43690	79057	0	91500	262997	520018	246452	0	1485230	9355366	0	1249968	13834166	0	0	0	0	0	0	0	0
FFQ	4	0	0	6	0	0	0	0	0	0	0	33489	0	0	0	0	0	46353	0	0	31117	0	0	36520	0	0	73327	131227	10815	184632	3383	337986	9192	498781	827677	0	6890863	0	18179256	0	0	0	0	0
FFQ	5	0	0	0	0	0	0	0	0	0	0	52092	0	0	0	0	0	66478	0	0	40023	0	0	46820	0	0	101948	167929	12880	219358	3367	403678	10281	551815	912469	0	6913030	0	17792456	0	0	0	0	0
FFQ	6	0	0	0	0	0	0	34	0	5468	0	36499	12709	0	0	25	4188	10815	39406	26727	28262	0	4680	3395	47650	53	112639	152984	22464	124487	98867	385238	53042	624361	865754	75	6388586	627440	17618776	0	0	0	0	0
FFQ	7	0	0	0	0	0	13	103	0	5841	0	38442	13271	15	0	46	4297	11615	43490	28047	28411	24	5258	3820	48514	89	118417	157403	26636	129281	99143	395490	55887	637308	881674	127	6408868	632426	17520668	0	0	0	0	0
FFQ	8	0	0	0	0	0	37	85	2	5961	1	37956	12919	23	1	53	4735	11432	44057	27294	27387	62	5307	3771	47465	53	118161	154462	33869	122390	97102	391678	56499	639353	888805	109	6414899	640185	17508511	0	0	0	0	0
FFQ	9	0	0	33	0	0	38	76	20	6025	1	39302	13114	47	6	47	4887	11665	44204	28160	27950	177	5642	4085	48325	129	119971	53607	152730	108268	99232	398093	42023	563950	577395	410175	1981198	1343	3723563	1570411	17258732	0	0	0
FFQ	10	0	0	37	0	0	73	66	26	6208	1	39674	13410	108	8	49	5176	11895	44440	28669	28233	299	5665	4184	49000	266	121303	53775	179544	83617	100139	400649	42593	566727	582466	409761	1988931	1234	3727615	1603381	17195402	0	0	0
FFQ	11	0	0	113	0	0	91	83	51	6442	27	40544	13469	114	11	53	5364	12126	45034	29313	28961	330	5784	4258	50056	442	122593	54758	214608	50154	100505	405942	42189	571411	589499	410017	2004762	1225	3746487	1633758	17104050	0	0	0
FFQ	12	0	0	494	0	0	109	71	62	7143	77	44538	14760	140	13	64	5625	12572	46920	30444	30012	325	6303	4553	51292	675	124572	55564	248030	22242	103520	411890	42177	581246	595729	415895	2022324	1348	3763364	1657409	16993122	0	0	0
FFQ	13	0	0	45	0	0	138	85	108	7202	131	43770	14257	166	25	67	6165	12294	49509	30404	29505	386	6194	4518	51511	1015	124182	55749	254056	16701	104020	417190	42004	586922	602323	418348	2042345	1539	3773610	1695537	16902603	0	0	0
FFQ	14	0	0	172	0	0	138	96	129	6797	211	41408	13428	189	21	107	1294	15435	48712	30642	29505	426	6560	4716	13251	40778	123122	55994	252320	16297	103813	179340	267282	424367	597285	465088	357988	1317228	1142699	3025080	2254477	5761975	10696254	0
FFQ	15	0	0	0	0	0	172	157	170	7668	366	45187	14632	238	36	118	1480	16207	48982	32091	30991	465	6760	5039	13821	43604	126585	57846	256203	16902	106797	184183	273950	428430	610220	471735	367243	1328479	1148389	3062500	2254091	5799446	10533441	0
FFQ	16	0	0	0	0	0	163	192	212	8096	507	45352	14869	239	73	186	1698	16909	50171	33843	32651	607	7272	5232	15451	46395	129558	59977	261455	17626	110324	190705	279420	434246	622379	476799	377213	1343195	1163552	3105981	2286629	5826637	10328810	0
FFQ	17	0	0	0	0	0	174	203	270	8449	779	46459	14817	301	113	220	2035	17367	49762	34310	33137	653	7726	5506	16612	48821	131461	60829	269326	18524	112282	197185	285008	447193	633396	491972	387462	1360408	1177930	3150534	2310506	5874836	10098058	0
FFQ	18	0	0	0	0	0	209	245	324	9058	1079	46822	14815	300	140	252	2427	17928	49483	35061	33574	702	7921	5644	17769	50720	132585	62081	268630	18842	113396	202864	286916	447602	640716	495797	397293	1369317	1190851	3185707	2323266	5890965	9973323	0
FFQ	19	0	0	0	0	0	224	248	427	9611	1524	49028	15243	408	152	280	2757	16967	4288	82547	34316	819	8472	5969	19675	55148	133706	64054	270580	19653	115959	211477	291501	445614	398387	754054	408780	1157748	1204111	2583580	2759619	6128406	10039292	0
FFQ	20	0	0	0	0	0	238	343	489	10446	2073	48629	14890	450	230	354	3304	17877	5569	81244	34738	855	8910	6138	21178	58153	131741	64809	269998	20318	117908	217925	293982	447470	402927	760318	420555	1162170	1218916	2615378	2823867	6150277	9859957	0
FFQ	21	0	0	34	0	0	307	442	620	11721	2893	51367	15584	486	279	451	4009	19686	7566	83131	36659	972	9837	6601	24308	65897	134129	67805	277975	21300	123299	230277	301672	453610	414846	777207	437230	1183039	1234088	2671435	2877455	6116604	9629803	0
FFQ	22	0	0	0	0	0	299	493	753	12939	3976	51827	15228	577	365	512	4856	20837	9910	81495	37405	1153	10589	6922	27189	71663	131793	68859	276769	22405	124218	241867	304939	450778	421607	784322	452905	1193484	1253085	2712602	2959100	6093772	9443131	0
FFQ	23	0	0	2	0	0	313	639	935	14822	5381	51897	14847	644	437	633	5660	22544	12417	78452	38219	1272	11557	7446	30550	80325	129332	70539	277157	23211	126792	255074	310201	448364	429484	792499	471572	1205948	1271838	2757816	3033401	6071243	9241161	0
FFQ	24	0	0	2	0	0	339	743	1094	16397	7192	52583	14111	749	533	741	6903	24948	15726	75118	39018	1521	12591	7926	33804	91193	123632	72664	275330	24447	129662	271375	314959	442906	439914	798672	492303	1217087	1284924	2828640	2954363	5766326	9454188	0
FFQ	25	0	0	6	0	0	375	856	1343	18555	9385	52589	13008	854	723	869	8455	26947	19385	72589	40175	1707	13744	8736	37373	103815	120610	74385	276465	25687	132623	290179	321011	442153	451113	812477	517587	1229618	1304100	2896901	2982796	5845135	9140295	0
FFQ	26	0	0	9	0	0	565	1335	2292	27992	16450	70646	15647	1036	886	1070	10402	30944	24752	71052	42613	1890	14750	9094	40996	116370	113964	76449	268572	26654	135928	307784	324607	428948	462683	813772	543847	1240046	1307803	2948084	2956213	5943502	8894977	0
FFQ	27	0	0	19	0	0	620	1482	2719	31373	21153	69003	12767	1219	1253	1342	12783	36261	31604	66494	42225	2266	16491	9839	43460	129410	112434	77872	268353	28081	136802	331917	328813	422571	470913	817394	574081	1250862	1313516	3009067	2923597	6060826	8633742	0
FFQ	28	0	0	30944	0	0	660	1757	3158	35117	26537	64929	9606	1501	1455	1559	15462	40494	35993	59928	41556	2640	17731	10632	45321	139892	110955	78510	260236	29970	136530	358160	330089	407559	483424	819464	606655	1251484	1316062	3057788	2847354	6151853	8461659	0
FFQ	29	0	0	14407	0	0	768	2329	4397	44468	38526	70801	7695	2135	1979	2043	21825	59176	50624	63489	49698	3403	21203	12249	51535	167117	122810	87696	273707	33132	147364	412417	352955	411431	512330	857433	655253	1283180	1361850	3187695	2909233	6160513	7835758	0
FFQ	30	0	0	4903	0	0	874	2649	5249	48620	47038	62558	4323	2373	2313	2380	24401	62233	44430	57534	48265	4106	21480	13687	55264	176773	133426	89103	265136	35548	148577	459776	359438	402257	532422	875200	703661	1296857	1400422	3307578	2925171	6261128	7407471	0
FFQ	31	0	0	3509	0	0	1000	3152	6250	53848	56746	53624	2382	2565	2694	2856	27071	65619	37812	55331	49222	4685	23809	14934	57066	187786	143349	93648	252712	38653	151315	497017	368166	373957	555478	879478	757756	1299531	1422194	3410420	2874162	6281208	7183619	0
FFQ	32	0	0	2356	0	0	1084	3662	7190	57471	66980	42782	1196	2821	3178	3332	29457	67210	29944	54734	50237	5233	26274	16371	57671	192038	145967	96637	237891	41984	156725	517758	376426	344377	580201	873559	810854	1293811	1423653	3519258	2805958	6369059	6978251	0
FFQ	33	0	0	205	0	0	1230	4232	8547	61577	77682	32149	954	3229	3770	3962	33732	70882	23666	56175	51887	5832	28911	17685	59830	197494	155371	100174	228530	45619	161500	545749	388819	322334	603264	866503	867463	1283269	1425559	3624886	2714087	6392948	6822924	0
FFQ	34	0	0	60	0	0	1334	4832	10091	63793	87064	22483	969	3739	4195	4718	37577	72776	17825	56856	53045	6706	31489	19344	61537	201213	163962	104292	219688	49194	166032	573226	398475	304820	630628	861117	927728	1268673	1437981	3721386	2627796	6389027	6686042	0
FFQ	35	0	0	67	0	0	1245	4517	9712	55201	81194	11994	1146	4048	4918	4930	40392	72411	12927	48259	43772	8131	29517	20188	60350	181788	176057	99200	184197	49692	136584	605618	364967	259713	611188	791467	965675	1093096	1457712	3417560	2769960	6110838	7500700	0
FFQ	36	0	0	54	0	0	1286	5301	11222	56557	87837	6853	1214	4421	5471	5773	43659	69889	9712	49588	45531	8734	31894	21601	62822	186129	173708	102804	180111	54366	142091	603184	370834	249089	634692	770192	1017099	1057027	1438465	3428800	2615833	6062704	7673612	0
FFQ	37	0	0	102	0	0	1444	5867	12763	56245	89868	3423	1330	4917	6100	6576	46979	65325	8032	49962	46139	9579	33945	23047	63886	186069	166278	105490	177414	58660	145641	596918	376322	245705	659475	750372	1069282	1019707	1428113	3439712	2534331	6054613	7739793	0
FFQ	38	0	0	60	0	0	1487	6719	14614	55991	90782	1877	1473	5252	6902	7446	50568	60488	7750	50674	46990	10564	36024	24773	66259	190507	159571	110935	177845	64828	150226	591876	383962	248503	688423	736715	1122285	987415	1430805	3442833	2473769	6049265	7732327	0
FFQ	39	0	0	283	0	0	1601	7361	16440	54638	90520	1247	1603	5916	7758	8566	52869	54609	8287	51040	48270	11810	35287	26670	72775	192789	152047	115533	179389	72668	154752	589544	391567	253835	723135	727485	1176981	959809	1437325	3313426	2594685	6024961	7670672	0
FFQ	40	0	0	79	0	0	1680	8249	18748	55681	91836	1147	1831	6651	9002	9865	57148	49310	9264	52605	49288	13247	37219	29110	77484	198343	144501	122153	182171	80550	159392	585244	401985	263745	758734	717913	1224754	939716	1450367	3329519	2576292	6008121	7564574	0
FFQ	41	0	0	101	0	0	1896	9273	21528	56196	91884	1208	2012	7380	10270	11206	60649	43617	10485	53001	50795	14871	39091	32328	82715	201821	136206	128426	184636	90206	164427	581442	412631	272934	794798	708300	1264606	927055	1467420	3348375	2568060	5988001	7447115	0
FFQ	42	0	0	79	0	0	2047	10591	24126	56849	92531	1368	2382	8193	11980	13077	64447	38340	11828	54459	52019	16728	41446	35609	89890	207710	127757	136270	187214	101089	169101	580187	425102	283877	833124	706575	1304594	923822	1486060	3359185	2568698	5959157	7298914	0
FFQ	43	0	0	90	0	0	2310	11443	27048	56892	91415	1493	2675	9054	13603	14387	67903	33621	12809	55053	52865	19076	42904	38925	96363	211211	119262	143872	189273	113605	174555	576346	436877	295673	870963	706467	1325667	929888	1507805	3377913	2576631	5950278	7129738	0
FFQ	44	0	0	105	0	0	2532	12996	30724	58714	92143	1617	3034	10040	15999	16623	71341	29244	14669	57052	54844	21626	44814	43450	105451	217336	111175	154433	192418	128202	181351	576404	454292	308846	909275	714366	1350893	948395	1529705	3395785	2577326	5911304	6936994	0
FFQ	45	0	0	112	0	0	2877	14575	34283	60109	91301	1947	3383	10803	18261	18196	71435	23333	16051	55609	55791	32513	39517	46626	117112	222701	106007	163987	194999	143753	188161	570746	470789	323251	942500	726157	1365330	969583	1556002	3410868	2529639	5946896	6739884	0
FFQ	46	0	0	123	0	0	3092	16093	38513	62396	91540	2036	4029	12074	21184	20850	73323	20407	17699	57767	57682	36097	40987	51562	127544	227176	96952	175328	197696	163310	194847	567619	486360	338335	975646	745507	1383670	999205	1581609	3418266	2541339	5866689	6570096	0
FFQ	47	0	0	143	0	0	3463	17792	43459	65325	92087	2365	4591	13207	24014	23518	73425	17841	19449	60073	60423	40887	42296	57909	139833	232963	88191	188373	201927	183653	204830	564169	508016	355629	1004791	776319	1395760	1032031	1612183	3425031	2573739	5797077	6337512	0
FFQ	48	0	0	147	0	0	3749	19493	47410	67942	90070	2691	5238	14467	27655	25766	72607	15606	21111	62286	61676	45543	43919	63539	151570	236486	79823	201306	204774	205736	212832	560648	528818	373602	1025744	809379	1411902	1061941	1639719	3420054	2609121	5739578	6119956	0
FFQ	49	0	0	153	0	0	4227	20931	51153	69927	86119	2937	5714	15631	30549	28161	68383	14079	22312	64285	62379	49692	45382	68890	147209	246198	68433	214617	211440	228150	220329	550005	549372	391778	1037801	846521	1393110	1123126	1678097	3089855	2927190	5646808	6002579	0
FFQ	50	0	0	167	0	0	3200	17036	44504	60986	72068	3306	6842	16277	34884	28795	67693	11731	20153	56628	52017	54480	43563	74850	152137	235548	62206	214605	188879	254562	197853	555146	533856	382385	1044262	832876	1429853	1063912	1755085	2889968	3157534	5500249	6163082	0
FFQ	51	0	0	185	0	0	3436	17388	47082	62345	67413	3163	6623	15846	35080	29166	58383	11230	21026	57499	52960	54045	42926	75238	153663	223261	51486	217499	188722	261916	206699	512002	540903	392588	1015616	876023	1456138	1106289	1744466	2845362	3095400	5459755	6274025	0
FFQ	52	0	0	198	0	0	3581	18521	50021	65692	63074	3186	6957	16133	37174	30390	51922	11511	21974	59607	53486	56044	43312	79058	159223	217667	44657	226742	189037	277345	216250	486122	554603	407565	1001940	926428	1489315	1150998	1742801	2799385	3051695	5379794	6289078	0
FFQ	53	0	0	216	0	0	3888	19185	52157	68650	58496	3465	7312	16351	39662	31103	45822	11554	22183	61304	53478	58857	44136	82962	164037	208824	39717	235379	187180	295856	224786	464629	571380	423498	989539	978177	1528037	1191497	1757534	2753004	3027392	5290972	6269909	0
FFQ	54	0	0	237	0	0	3947	19365	54363	71230	52998	3717	7772	17014	42437	32166	40588	11277	23122	63373	53486	62360	44813	87939	169911	202381	36508	245998	185911	315247	234094	446253	588310	439740	980147	1038747	1572666	1232094	1780229	2700106	3017529	5183417	6220297	0
FFQ	55	0	0	257	0	0	4337	20493	58553	77199	49586	3985	8398	16403	45473	35086	36275	11379	24340	67081	54977	63851	48978	94673	175716	137509	94497	260264	186225	338599	246427	431148	612491	461697	968227	1106227	1621947	1281170	1724126	2726899	2994705	5081403	6110852	0
FFQ	56	0	0	279	0	0	5006	22151	63535	85025	45830	4355	9512	17035	50833	35864	33159	11727	25782	72005	55655	69947	51338	103802	185122	131744	97385	278899	188888	367288	261727	427090	641241	488333	977850	1182086	1674556	1338173	1756525	2695715	3007770	4963146	5854745	0
FFQ	57	0	0	298	0	0	5343	23011	66614	90292	41098	4958	10573	18093	55461	36985	30122	11971	26683	75485	55681	76466	54190	113123	193499	125654	99888	296640	187360	399256	273926	426338	673569	513008	984870	1258094	1733247	1393884	1792919	2656288	3048410	4828379	5599072	0
FFQ	58	0	0	327	0	0	5788	23571	70546	96162	35765	5377	11579	18438	58794	36995	27210	12067	27783	78964	55960	81531	55974	121275	197229	117281	102939	312236	186406	421617	288253	420093	701168	539841	984989	1332028	1801415	1448516	1822129	2612510	3064787	4695301	5407569	0
FFQ	59	0	0	360	0	0	6389	24410	75233	104507	31252	6008	12695	19112	63357	35562	25139	12415	28875	86855	56505	81295	55871	142855	188674	105248	103255	358090	186926	446529	306012	418780	734438	569062	990980	1418186	1872814	1510819	1844229	2574214	3030507	4548939	5203672	0
FFQ	60	0	0	403	0	0	6996	25600	79312	110583	26024	6583	13883	19637	67648	35446	23403	12744	30169	91916	55593	87652	58240	155075	192034	100017	107849	381700	188460	474630	324493	423892	770649	600320	995804	1502121	1954434	1573530	1873611	2526265	3050940	4384186	4947878	0
FFQ	61	0	0	4497	0	0	7549	25185	82562	114118	20746	7106	15273	19832	70170	33749	21952	12646	31162	95479	54371	92448	60193	163746	189826	94606	112143	399985	185488	489571	339425	426376	798480	630286	998999	1579859	2048927	1638410	1899232	2460053	3076057	4223102	4755708	0
FFQ	62	0	0	10646	0	0	8083	26057	87877	119952	16908	8009	16482	20393	74638	32727	21369	12702	32425	102316	54597	99427	62978	175907	187707	90412	117594	422413	185424	506923	360133	435626	831401	661542	1005981	1668584	2145789	1708507	1920169	2407072	3088931	4048220	4503107	0
FFQ	63	0	0	19773	0	0	8692	26668	93814	126675	12873	8806	18431	20819	77930	31389	20934	13167	34183	109962	54120	106554	66411	189028	186866	89267	125304	450600	186269	523950	382968	451957	869550	698282	1019404	1761444	2247959	1780580	1944501	2350146	3102227	3868527	4198618	0
FFQ	64	0	0	31217	0	0	9245	26094	95321	125753	8941	9400	19436	20505	79505	29673	20963	12955	34918	113728	51312	112535	68104	199090	179807	87751	129830	468802	184841	531615	399514	467783	897417	726713	1027572	1844449	2374439	1845458	1974610	2263164	3135625	3681067	3989079	0
FFQ	65	0	0	44824	0	0	9918	25386	98788	126126	6183	10146	20106	20550	79245	27820	18505	15444	35931	102029	65417	116091	69248	187825	188358	86614	135048	478478	157901	522166	449889	479494	914779	754717	1031287	1918255	2526286	1917237	2000754	2175701	3136366	3507158	3817839	0
FFQ	66	0	0	61122	0	0	10637	25877	104363	127839	4162	11042	21329	20469	80782	26779	18967	15941	37335	107777	65393	123325	71408	197501	184295	87148	142266	501692	157486	524767	477409	502840	945538	790291	1048437	2005246	2670581	1990939	2029697	2083489	3126905	3299815	3576577	0
FFQ	67	0	0	79572	0	0	11746	26117	111452	130011	2647	12021	23302	21118	81520	24927	19690	16379	39251	113756	65664	130339	74112	205534	179096	89513	151651	526406	157932	523520	505880	533134	973759	827313	1073229	2103251	2819735	2067509	2053921	1996708	3122791	3086838	3295452	0
FFQ	68	0	0	101170	0	0	12529	26705	120023	132320	1548	13446	25310	21562	84790	24188	21095	16948	41329	120968	66048	139825	78022	217498	176842	92343	159498	554748	160494	524403	538938	565639	1007539	867477	1102086	2204964	2962477	2145609	2072180	1897301	3116644	2868205	2993679	0
FFQ	69	0	0	122389	0	0	13605	26434	126161	132016	795	15037	27609	22755	85714	23076	22611	17226	42804	126804	65045	148727	80584	225218	174434	96820	168441	578909	163740	520106	569290	603302	1035136	909553	1133751	2305777	3116746	2216592	2094217	1794716	3112219	2652555	2705047	0
FFQ	70	0	0	146503	0	0	14710	26863	136055	133678	419	16401	29496	22844	87257	22260	24339	17624	45594	134905	66338	158629	83707	209051	148293	148329	180093	606607	166904	512876	603226	638540	1061113	947915	1168276	2408793	3278584	2285054	2118306	1679523	3079879	2427676	2438948	0
FFQ	71	0	0	171925	0	0	15592	25782	139621	126440	195	17812	30668	23137	85703	20820	25829	17789	46834	138247	64360	165654	85201	209755	144424	155400	189031	622923	171233	497866	631575	673166	1080178	984350	1209850	2512738	3455707	2354203	2148378	1562280	3059728	2218803	2192084	0
FFQ	72	0	0	198447	0	0	16397	25954	148083	126146	94	19347	32561	23583	84262	19457	27364	18168	48703	146005	64428	173821	87482	209499	140868	161730	200520	643465	176776	480561	665663	703698	1094124	1015164	1249930	2619172	3646774	2414216	2178632	1444354	3007633	1998490	1963376	0
FFQ	73	0	0	226559	0	0	17565	25490	155641	120999	64	20784	33472	23968	83558	18422	29324	18766	50791	151305	64504	182538	88559	209161	138849	170612	211578	660071	184716	463940	699490	737758	1113426	1052143	1297331	2729535	3835221	2470171	2207848	1322589	2944708	1782349	1730793	0
FFQ	74	0	0	256663	0	0	19111	25644	166432	119408	40	22722	35613	24993	82235	17258	31412	18979	53208	159016	64438	191971	90726	206585	138763	178623	224486	681683	192056	446266	735725	769858	1132973	1084378	1343663	2850326	4019610	2516340	2234069	1200378	2862366	1571172	1505028	0
FFQ	75	0	0	287722	0	0	20734	25121	173947	114208	37	24809	37619	26024	80908	16372	33216	19412	54944	163564	63860	201586	92805	201343	139631	184509	236483	631968	262902	425884	766554	797140	1146303	1118415	1394759	2966186	4226474	2558453	2262439	1075849	2772723	1365166	1303697	0
FFQ	76	0	0	321871	0	0	16922	19791	154833	104606	102	53259	76960	39915	166988	14356	59138	12892	79879	157436	104899	434352	185485	405229	268548	349352	397468	1283569	447133	1031424	1364228	1743670	2145297	1980086	1588020	3790036	2260818	2179737	981019	712460	1760819	422856	157851	0
FFQ	77	0	0	338226	0	0	18962	19124	158882	91503	30	36335	49364	28157	97424	11422	42219	14197	62199	141929	75556	283904	115563	235861	182364	253189	290745	849511	375769	572749	1090700	1297706	1732324	1858374	1852244	4410190	2916798	2674865	1140026	753069	2541791	538752	120846	0
FFQ	78	0	0	356704	0	0	19330	18141	158932	81392	14	31003	40899	25294	72572	11037	38682	15717	57599	145926	65406	238227	94708	180132	154475	214544	262922	691091	318293	400320	929819	995280	1358001	1449500	1771519	3974494	4113249	2760233	1811867	663341	2658057	818002	275772	0
FFQ	79	0	0	381388	0	0	19615	16663	157513	72339	16	29239	36979	24425	60297	10395	37403	16266	56096	147803	61710	222602	85453	152249	144884	202573	259974	624268	303516	325393	870464	887208	1212646	1281514	1657240	3642088	5055641	2762553	2234022	577970	2442097	712576	487026	0
FFQ	80	0	0	409523	0	0	19651	15454	156537	64144	20	29406	35087	23745	53493	9833	37691	16522	55262	148237	59584	218017	79861	132852	140701	198803	264043	585621	301689	280910	851638	838433	1154488	1217961	1634315	3571154	5660951	2782012	2406784	492837	2261658	553632	509156	0
FFQ	81	0	0	441590	0	0	19931	14492	156118	57604	13	29273	33498	23706	46696	9425	37894	16771	55914	150626	60334	216600	75860	118171	141112	200111	272910	565333	308044	250358	857373	818115	1138736	1197377	1645765	3612626	6099748	2791195	2466168	414182	2068684	421961	436943	0
FFQ	82	0	0	478062	0	0	21076	13654	164853	53613	19	30917	33676	24717	43064	9112	39671	17553	58336	155416	62504	222246	75127	108372	145171	206411	287863	556891	319147	230353	880167	817463	1154160	1211725	1669864	3717135	6409093	2783891	2434286	344786	1841605	311363	337462	0
FFQ	83	0	0	518454	0	0	21647	13011	166297	48837	10	33031	33987	24955	39899	8695	41221	17645	58782	156173	64960	229495	73439	97992	150077	212572	302287	552457	333244	211820	903509	820185	1169506	1230495	1701291	3824295	6697976	2771785	2368190	277319	1623545	222835	248519	0
FFQ	84	0	0	561943	0	0	21856	12230	168446	43437	16	33668	33478	25400	35769	8177	42140	17347	59877	156952	66775	231701	70427	86835	152598	214992	315944	532213	341765	191191	917588	808499	1178439	1236439	1720287	3938618	7039854	2755648	2293593	223724	1399416	156319	176403	0
FFQ	85	0	0	612184	0	0	23718	12229	181424	41602	21	35604	33669	26670	32563	8150	44437	18616	62607	167478	72128	242092	70078	79006	159719	224477	337295	530587	360514	178268	952772	816554	1213691	1271392	1759146	4102806	7209112	2692817	2142996	179970	1153876	104841	114219	0
FFQ	86	0	0	667099	0	0	24766	11485	189262	38576	19	39807	35948	27713	31049	7784	47300	19155	66702	170926	77858	256030	69251	72164	169420	237291	362026	532607	381392	169778	995407	836162	1254083	1319376	1793641	4255993	7317073	2620665	1961901	136087	933840	66965	70150	0
FFQ	87	0	0	726054	0	0	25695	11039	195662	35516	26	42265	36171	28693	28472	7560	49133	19774	68696	174668	83317	264403	67474	64411	176390	246381	383109	523250	397517	158056	1025015	835933	1283856	1349902	1816567	4400767	7489286	2547620	1783943	102595	733733	40382	42094	0
FFQ	88	0	0	791715	0	0	26247	10313	197856	32428	27	45135	37072	29538	25668	7073	52008	19770	71687	176917	90613	274963	65402	56754	183745	255738	406211	514808	418598	147530	1057769	844681	1314697	1389653	1837173	4538135	7616366	2455390	1593371	74504	556743	23638	23606	0
FFQ	89	0	0	862382	0	0	25781	9262	190837	27326	16	45202	34902	28773	21880	6419	52035	19731	71900	173927	93594	272527	59185	47840	185730	257971	419129	483676	427492	134183	1068961	837879	1322648	1405114	1849275	4640220	7876647	2389949	1424031	53140	415304	12807	13216	0
FFQ	90	0	0	943326	0	0	26000	8617	195764	24395	28	45609	33774	28744	18614	6224	52813	20268	72833	177201	96744	273379	54798	41167	188945	261941	437421	457949	437668	123761	1081303	830883	1331506	1417207	1855200	4742350	8091133	2293177	1241413	37164	294523	6778	6977	0
FFQ	91	0	0	1036594	0	0	27438	8431	205541	22743	25	48764	34627	29501	16386	5868	55676	21706	76145	185095	105372	282407	51850	36653	197310	273386	465634	445342	457898	116776	1113063	841761	1362500	1458849	1869560	4861136	8116347	2152003	1040795	25374	198343	3474	3418	0
FFQ	92	0	0	1141871	0	0	27666	7525	209417	20821	26	52066	34931	29815	14349	5555	57885	21936	79708	189528	113440	292760	48552	31946	207359	284711	496364	432008	480885	110445	1149203	857067	1396365	1500330	1876548	4978923	8097073	2002806	851776	16217	128142	1781	1602	0
FFQ	93	0	0	1259564	0	0	26184	6730	196723	18349	21	51823	33494	28319	11859	4916	57637	21291	79458	184203	119011	289655	42434	26906	209825	288531	510483	402150	491212	102788	1158548	855350	1403691	1518438	1878231	5050149	8236029	1892092	695990	10100	80246	990	899	0
FFQ	94	0	0	1396240	0	0	23550	5304	173285	14853	38	48841	30006	26111	8962	4236	55039	20313	75566	175931	116887	274036	35454	22169	205700	283299	511388	358835	491132	91641	1142752	844979	1390989	1521007	1883961	5097686	8493716	1795447	563503	6101	48581	616	561	0
FFQ	95	0	0	1564775	0	0	21452	4387	161736	12343	22	44597	25426	8898	21541	3739	53133	19891	73185	174391	117077	259084	29230	19354	202625	282236	519332	322897	493432	82208	1132921	844301	1394370	1527317	1890427	5163202	8621993	1668557	440574	3600	27390	408	356	0
FFQ	96	0	0	1778299	0	0	20097	3827	158333	10931	26	43567	23475	7907	20131	3353	52974	21459	74295	181656	123917	258822	25541	17534	208691	287913	548546	304065	511889	77202	1158644	862941	1428110	1563972	1894809	5251953	8458478	1494428	330346	1997	14581	256	221	0
FFQ	97	0	0	2037169	0	0	16020	2780	133381	8627	19	40042	20143	6468	16513	2699	52156	20960	74506	178715	128354	254123	21663	15662	213201	292706	569161	283176	528014	71944	1181599	879524	1455996	1601920	1893261	5316679	8304840	1340064	246093	1035	7590	186	145	0
FFQ	98	0	0	2342628	0	0	8790	1502	85850	5276	9	27583	13413	4025	10809	1791	47103	19917	68988	169703	123522	231873	16445	13943	208040	287205	568171	249048	527556	64022	1168090	881996	1461333	1615118	1890044	5345622	8330264	1226826	186636	589	4008	131	91	0
FFQ	99	0	0	2705110	0	0	2123	361	29155	1533	2	10468	4699	1409	4548	742	41675	19616	61070	161616	114035	204022	12104	12814	197673	277019	556641	215405	523480	56005	1150848	879947	1462903	1620866	1882084	5354066	8372415	1116091	142461	376	2177	75	65	0
FFQ	100	0	0	3119679	0	0	0	0	5	11	0	3	1	0	293	64	41216	20836	57788	162674	107787	184069	8849	12755	186931	263715	536783	183152	510610	48567	1113258	883367	1472673	1629500	1868927	5350734	8298840	1011352	110345	201	1365	69	37	0
# Last Fragment Qualities. Use `grep ^LFQ | cut -f 2-` to extract this part.
# Columns correspond to qualities and rows to cycles. First column is the cycle number.
LFQ	1	0	0	11102	0	0	0	0	0	0	0	184367	0	0	0	0	0	201787	0	0	220	0	0	30806	206079	0	198113	483468	542909	471500	0	2040988	10636128	0	4944355	7342802	0	0	0	0	0	0	0	0
LFQ	2	0	0	2	0	0	0	0	0	0	0	168512	0	0	0	0	0	243425	0	0	1102	0	0	52211	184932	0	225165	454106	628592	452226	0	1709092	9701070	0	3012401	10461788	0	0	0	0	0	0	0	0
LFQ	3	0	0	5	0	0	0	0	0	0	0	165300	0	0	0	0	0	231408	0	0	220	0	0	62260	173633	0	225199	430311	652601	449825	0	1609040	9141499	0	2569882	11583441	0	0	0	0	0	0	0	0
LFQ	4	0	0	147	0	0	0	0	0	0	0	161887	0	0	0	0	0	101893	0	0	121016	0	0	56566	0	0	167185	215925	13079	344344	0	498725	9359	747557	1164814	0	7060288	0	16631839	0	0	0	0	0
LFQ	5	0	0	190	0	0	0	0	0	0	0	167502	0	0	0	0	0	104166	0	0	120289	0	0	58791	0	0	166174	215963	14390	341140	0	502527	10601	745424	1157241	0	6976661	0	16713565	0	0	0	0	0
LFQ	6	0	0	27	0	0	0	119	0	17233	0	105758	33651	0	0	33	12242	18883	104183	42465	41685	0	6714	4901	63536	109	168713	193885	27651	218934	112715	472148	79314	790928	1044782	7	6163317	796033	16774658	0	0	0	0	0
LFQ	7	0	0	435	0	0	46	228	0	18168	1	110398	35347	31	0	82	11503	19924	101823	44391	41574	33	7372	5191	66462	139	169254	196535	36230	208383	115404	477520	78717	794436	1045626	8	6162542	791569	16755252	0	0	0	0	0
LFQ	8	0	0	0	0	0	117	223	15	18599	0	111335	34773	51	1	90	11933	20302	103394	45031	42206	91	8009	5572	67639	72	171894	198803	50750	195917	116795	482152	78782	801606	1050971	21	6183870	792478	16701132	0	0	0	0	0
LFQ	9	0	0	223	0	0	150	237	71	18149	0	109411	34886	66	16	99	11903	19691	100618	44864	42073	211	8199	5526	67711	148	169815	70692	203085	167960	118506	482478	59639	712460	647673	519077	2055157	0	3872427	1701881	16049522	0	0	0
LFQ	10	0	0	151	0	0	214	222	95	18440	6	109800	34540	174	21	106	12091	19822	99458	45022	42462	411	8271	5963	67742	308	171792	71504	246706	123892	119433	485315	59180	712369	651619	510663	2064344	1	3873479	1719777	16019231	0	0	0
LFQ	11	0	0	116	0	0	295	193	164	19097	102	112590	35207	232	26	87	12397	20411	99231	46271	43484	495	8598	6013	70012	634	172838	72418	300368	71017	120746	491116	59043	714752	657702	509516	2077126	89	3880814	1757624	15933800	0	0	0
LFQ	12	0	0	5	0	0	335	234	231	20314	246	117987	37382	248	31	99	12831	20738	101388	47587	44066	521	9169	6236	71436	1058	174688	72445	348556	28971	123256	497854	58429	722173	665465	511801	2093724	264	3896133	1776887	15831836	0	0	0
LFQ	13	0	0	0	0	0	371	247	357	19506	437	112144	34907	311	52	136	13339	20215	101882	46842	43159	538	9163	6370	71065	1584	173239	72345	356874	20844	123824	500104	57388	724137	669197	511014	2104124	381	3905358	1808288	15784882	0	0	0
LFQ	14	0	0	0	0	0	390	322	498	20684	767	115553	36132	326	77	181	2512	28347	103993	48494	44090	687	9631	6729	20732	55253	174065	73231	354882	20859	125567	224065	317339	538571	679895	573445	387898	1331235	1186256	3286613	2408047	5385423	9731835	0
LFQ	15	0	0	0	0	0	428	443	572	20234	1097	112292	35117	403	90	259	2947	28171	103405	48583	44008	709	9633	6728	21652	56573	173790	74254	355612	21037	126703	227087	316748	538763	684399	574936	392043	1335698	1189972	3304844	2407980	5422918	9654496	0
LFQ	16	0	0	0	0	0	517	512	734	21465	1738	115554	35930	559	168	362	3149	29072	102832	50201	45583	868	10326	7015	23181	59973	176588	75459	357820	21522	129532	233751	322533	542775	693337	579251	401368	1346672	1198815	3333991	2420164	5448125	9503182	0
LFQ	17	0	0	0	0	0	556	593	895	23234	2400	120146	37321	543	276	443	3832	30548	103277	52318	47477	948	10943	7388	24865	64699	179400	76854	363537	22470	132864	241752	327180	547810	705258	587406	411595	1358564	1213199	3361542	2440268	5492068	9300155	0
LFQ	18	0	0	0	0	0	557	671	1141	24893	3291	121779	37380	686	384	524	4752	31245	105197	52394	48207	1115	11328	7645	27000	67032	179430	77745	367086	22872	133464	249921	329427	552965	713193	597143	421241	1368043	1227595	3389231	2448746	5495831	9173470	0
LFQ	19	0	0	0	0	0	605	738	1307	26674	4562	123465	37651	762	438	571	5639	29174	9923	153388	49571	1226	12171	8077	29262	72490	179348	79480	368637	23942	136231	259412	333908	554454	447865	863703	431436	1181514	1194796	2752401	2905206	5703486	9311111	0
LFQ	20	0	0	36	0	0	651	859	1489	27878	6021	120882	36292	849	520	717	6732	30592	13051	148204	49272	1399	12669	8515	31999	76988	178456	80650	367166	24548	137299	269131	334707	552695	453019	868903	443919	1192711	1212758	2783494	2964951	5689723	9164879	0
LFQ	21	0	0	0	0	0	736	1104	1787	30596	8298	123530	36008	948	664	797	7899	33721	16938	144802	51544	1597	13772	8999	35595	86157	176751	82640	367633	25557	140963	282202	342072	551517	463260	880282	460905	1204148	1227625	2824903	3021083	5691302	8946289	0
LFQ	22	0	0	0	0	0	807	1237	2233	33788	11028	124274	34951	1103	845	984	9607	37050	21248	140366	52338	1805	14932	9457	39442	95555	175054	84373	367722	26843	143832	296319	346632	551448	470041	892099	476517	1212681	1247841	2864388	3105272	5685004	8715508	0
LFQ	23	0	0	2	0	0	835	1405	2525	35986	14249	120307	32984	1283	1058	1196	11164	39290	26618	130964	52150	2043	15926	9939	43125	105369	169740	85933	363323	28056	146151	313135	349943	543368	479268	897978	495402	1222637	1272334	2906003	3177944	5669519	8525472	0
LFQ	24	0	0	4	0	0	850	1658	3018	39515	18403	118459	30381	1374	1292	1355	13112	43306	32240	121991	53336	2329	17300	10966	47267	118975	163525	88290	357861	29164	147519	332582	352139	534918	488678	907852	515944	1230542	1293225	2971376	3059760	5228025	8916093	0
LFQ	25	0	0	6	0	0	962	2036	3774	46826	24569	123647	29815	1645	1542	1598	15667	47973	39270	115640	56206	2648	19491	11955	52474	134827	159305	90817	354354	30756	152564	357010	360236	522982	501165	913675	541216	1239656	1307578	3025194	3074819	5302816	8627910	0
LFQ	26	0	0	14	0	0	996	2205	4302	48694	29996	111894	23528	1883	1784	1923	18384	52143	45699	104085	55928	2878	20439	12416	56554	150039	155037	92299	347331	32319	154273	383288	364554	511887	510925	919247	566478	1244843	1319154	3073174	3080411	5408633	8384987	0
LFQ	27	0	0	23	0	0	1096	2579	5072	55088	38676	110054	19494	2152	2130	2308	21468	57688	49897	94874	58085	3419	23062	13820	59740	170481	152647	96360	339345	34724	158786	415133	373465	494945	528148	928329	599762	1251591	1326536	3150621	3056251	5543263	8053512	0
LFQ	28	0	0	30	0	0	1258	3086	6052	60663	47764	102542	14694	2385	2517	2612	24683	63550	53010	85075	58553	3942	24952	14933	62892	185819	150303	98479	326476	36834	160525	448881	378343	472348	544417	927174	634776	1257096	1339643	3212149	3035281	5641886	7809001	0
LFQ	29	0	0	36	0	0	1319	3646	7093	68031	60003	96658	10081	2829	2957	3129	29313	69699	53420	78611	60551	4557	27417	15973	64721	202339	153031	102159	314188	39610	164705	484181	387557	447203	561519	927814	672247	1257905	1345572	3289451	2994000	5745858	7545241	0
LFQ	30	0	0	43	0	0	1418	4326	8517	74294	72937	85497	5882	3248	3454	3639	33320	77346	51912	74986	62398	5276	28432	17611	69371	218342	161436	105858	305916	42190	168794	525742	399191	423537	583586	932945	716931	1257236	1354314	3376141	2941156	5824751	7272651	0
LFQ	31	0	0	69	0	0	1522	4888	9902	78196	85589	70943	2992	3726	4034	4204	37437	82545	45516	71180	62541	6173	30940	18957	71382	225960	171564	108612	288808	45476	170906	563740	406459	394228	605983	931994	764985	1251572	1372033	3462453	2890092	5880268	7066755	0
LFQ	32	0	0	80	0	0	1702	5828	11649	84540	100525	57260	1689	4231	4758	5100	42730	88156	37922	72177	64898	6827	33932	21159	73362	235300	183621	113986	276977	49982	176599	604643	418296	368133	631502	929465	816941	1246625	1385317	3562687	2823927	5901861	6849203	0
LFQ	33	0	0	85	0	0	1745	6741	13668	89271	115827	43248	1247	4689	5595	6091	47740	93711	30390	73300	66444	7899	37143	23267	76358	242794	195467	118879	265468	54529	180948	642243	431157	345033	662303	925605	873403	1236209	1402060	3663790	2762011	5900221	6646051	0
LFQ	34	0	0	101	0	0	1972	7670	16270	95130	131402	30486	1405	5447	6496	7195	53873	97649	23857	75343	69131	9052	40596	25395	80035	250710	207367	124327	258237	59675	185823	675353	443664	325205	693634	925971	935592	1219318	1418251	3752729	2687631	5889225	6460496	0
LFQ	35	0	0	120	0	0	2143	8978	18852	97262	143416	19407	1596	6228	7713	8359	60417	98992	18567	76100	70410	10317	43368	28047	82738	255609	214915	130818	249534	66779	191163	702713	452965	309221	728970	917086	997440	1199832	1440354	3836691	2629160	5863315	6301336	0
LFQ	36	0	0	131	0	0	2443	10101	21476	97878	151182	10831	1844	7169	9175	9606	67295	99499	14814	77451	71189	12116	46514	31272	86483	261109	220282	136695	244548	73407	195318	727285	465356	301969	765887	910764	1062358	1172522	1461416	3918334	2602225	5869239	6072976	0
LFQ	37	0	0	137	0	0	2560	11467	24640	99295	157583	5597	2068	8090	10415	11212	72548	93843	13141	78921	72987	13552	50415	34034	91269	267925	217663	144326	243192	81790	201354	741676	478299	301746	808521	903263	1125459	1148054	1483021	3974048	2566161	5834816	5914336	0
LFQ	38	0	0	159	0	0	2905	13142	28830	101869	165001	3214	2425	9176	12188	12844	79810	89200	13143	81075	75535	15491	54159	37892	97754	276384	213505	152324	246429	90918	207221	751073	491719	305281	854307	895337	1184313	1126350	1501476	4019942	2562250	5817377	5696765	0
LFQ	39	0	0	167	0	0	2665	12625	28430	89683	146298	2342	2877	10360	14114	13977	87373	82837	12574	71372	65829	18410	49115	40654	105363	258544	217228	150816	216832	98944	178198	774780	460492	284034	856994	820096	1227885	966601	1526911	3600756	2914759	5639161	6238057	0
LFQ	40	0	0	177	0	0	3056	14123	31605	90184	146109	2077	3195	11138	15848	15744	90409	72204	13838	72650	67576	20120	51083	43331	109898	261861	199690	156552	219404	107686	184575	746711	469058	291284	886657	797752	1258686	944594	1513689	3577632	2817632	5596148	6383542	0
LFQ	41	0	0	166	0	0	3074	15499	35333	88313	142941	2177	3403	11761	17301	17618	92681	62762	15122	73210	68098	22044	52854	45709	114760	263022	179820	162878	221565	118152	191194	719852	476735	300142	915015	779438	1284524	931391	1504918	3564256	2743599	5570985	6474653	0
LFQ	42	0	0	171	0	0	3173	16687	38991	87288	140366	2324	3735	12777	19838	19572	95830	53369	16732	73650	68788	23886	54431	49798	122026	265489	166666	169691	223128	130818	195496	705860	486093	308185	948574	767144	1307098	925470	1508544	3560030	2714105	5551711	6448891	0
LFQ	43	0	0	190	0	0	3477	18730	44518	91718	143919	2551	4230	14052	22146	22257	99341	46403	18607	75972	72077	26242	56751	54128	130724	272358	151335	180105	227843	146133	204105	692444	499203	321017	983836	766798	1327745	935565	1518585	3569315	2680497	5528128	6332908	0
LFQ	44	0	0	198	0	0	3786	20613	48891	91179	139488	2775	4856	15531	25484	24979	103323	39869	20202	77050	72463	29817	58833	59616	141132	278366	141967	190880	229810	164139	209847	688163	513464	335418	1023915	769266	1346322	949541	1537267	3572893	2678128	5493791	6182256	0
LFQ	45	0	0	225	0	0	4141	22472	53521	92270	136928	2944	5432	16371	28400	27133	101896	32204	22082	75011	73872	43902	51681	63727	153772	281005	132340	201716	231612	181711	216967	676056	530351	347619	1051612	777681	1358019	970973	1553066	3567456	2603455	5506504	6088960	0
LFQ	46	0	0	237	0	0	4430	24156	58375	94638	134852	3307	6241	17660	31986	29910	101722	27109	24046	76329	76115	48217	53267	69087	165507	284784	119693	215140	232940	201981	224504	662635	546344	362633	1076232	792729	1365190	996415	1566174	3568142	2587930	5442591	5991400	0
LFQ	47	0	0	262	0	0	4862	25941	63418	95557	130128	3637	6835	19035	35491	32802	99109	22597	25253	78531	75276	53605	53964	75883	176730	285114	106377	227330	234051	225342	231213	651184	562502	378681	1096863	818664	1376839	1023937	1585663	3559402	2604193	5398867	5839156	0
LFQ	48	0	0	288	0	0	5260	28482	68904	99559	126197	3841	7490	20567	39866	35651	95980	20014	27078	81206	78134	58290	55812	82687	190510	286280	95597	241166	234657	248753	241273	636009	585206	395055	1111141	849960	1387080	1055598	1603703	3542973	2613257	5332506	5697874	0
LFQ	49	0	0	308	0	0	5956	31980	78596	109312	130268	4368	8403	22256	45410	39617	94495	19049	29757	86265	82305	65097	58243	90500	185499	307106	82651	259128	248417	276295	254355	625644	610188	417960	1125687	890305	1344846	1143753	1628487	3194604	2942996	5238625	5504791	0
LFQ	50	0	0	331	0	0	6487	33368	83547	111188	121139	4911	9932	24467	51641	43013	91404	17813	31358	88539	81428	71440	59741	100078	200660	308920	75363	277177	249086	308562	263747	623805	633590	435073	1142860	936698	1365572	1175039	1657737	3181626	2967054	5154611	5294173	0
LFQ	51	0	0	354	0	0	6147	30352	80433	109177	106417	10773	20772	43245	112269	70802	170668	13459	30296	85739	57190	151430	87890	204337	371413	526569	154865	443929	253204	808991	285060	1608551	943155	553875	2625048	1289456	1913436	1317728	3746716	3429509	3226977	1817136	575479	0
LFQ	52	0	0	337	0	0	7273	33037	86677	113499	97757	8154	15942	32581	84737	56164	100110	12857	29750	82084	64564	110958	71464	151486	281244	342589	79808	374857	237755	552572	259605	934501	855922	587348	1726862	1291977	1664807	1251419	3290951	3965548	5129060	2783070	513160	0
LFQ	53	0	0	314	0	0	7544	33267	86760	111699	84758	6959	14479	28487	72530	48790	72322	13582	30600	85130	67451	99681	64902	132361	247389	281379	56657	343063	227192	457948	269098	673821	755071	547736	1327338	1211226	1450707	1293769	2179700	3580432	4780084	5003389	1534513	0
LFQ	54	0	0	307	0	0	8010	33321	87765	111849	74113	6721	14102	26985	69091	46256	57890	13835	31404	87381	67975	97625	62377	129230	232850	255094	48274	334842	221241	429398	280164	566055	719054	530477	1155888	1188695	1437426	1309885	1836482	3267507	3760322	5291074	3390824	0
LFQ	55	0	0	315	0	0	8446	33385	89192	113999	64346	7015	14650	24712	69486	46763	49690	13992	32376	90345	67794	96229	65839	132174	230401	170789	113451	340421	217362	432611	290984	515974	718374	530014	1081856	1215224	1470861	1336383	1709653	3088102	3321860	5004224	4472161	0
LFQ	56	0	0	328	0	0	6513	26595	75807	99111	49159	7500	15684	24532	72569	43363	44236	11533	28965	80616	55254	98967	63540	133735	223776	154975	100006	327945	189334	448850	260104	489303	683915	502633	1024496	1181362	1554908	1267029	1748634	2666449	3395877	4715924	5407596	0
LFQ	57	0	0	338	0	0	6733	26669	78081	103091	43269	7131	15273	23125	70597	41768	36714	11947	29638	82620	55240	96509	62220	133482	216821	136730	101837	328980	186787	438527	271357	447506	682198	511157	974317	1214228	1651324	1315577	1720000	2578280	3225328	4534915	5820434	0
LFQ	58	0	0	365	0	0	7000	26487	79319	103645	35674	7296	15252	22147	71285	39953	31217	12025	29827	84045	53825	97092	62318	135640	212502	123519	103275	334013	181645	444000	282380	424454	690310	521254	944651	1255465	1754105	1360559	1725300	2494500	3153431	4379121	5981517	0
LFQ	59	0	0	380	0	0	7513	27259	83787	110774	31460	7404	15881	21774	72155	36817	27694	12374	30379	91360	54437	93337	59833	153888	196028	106083	102512	374263	180652	449305	297001	411163	704760	538113	925293	1311026	1856913	1414289	1738559	2430675	3044258	4232110	6028560	0
LFQ	60	0	0	389	0	0	8147	27215	86808	115248	25685	8260	16874	22003	75860	36527	25582	12254	31546	96289	53188	97822	61522	162565	194471	99897	106327	389336	180211	465833	312573	406496	729432	561416	921892	1378262	1962650	1472001	1766048	2376379	3049194	4093637	5849881	0
LFQ	61	0	0	2956	0	0	8706	27850	92072	121509	20948	8940	18331	22566	78569	35059	24411	12759	33081	101648	52566	103709	64563	174242	194053	95812	112020	411334	181118	483165	329550	412891	760370	590464	928812	1459887	2062838	1540155	1804073	2329743	3074213	3958098	5546236	0
LFQ	62	0	0	7398	0	0	9142	27311	93455	121826	15994	9646	19702	22275	80756	32918	23317	12528	33535	105562	50500	110132	66349	183174	190480	91335	116550	430131	178190	496422	345012	420396	782618	615785	929578	1532436	2179322	1600687	1838270	2262175	3123460	3790493	5330168	0
LFQ	63	0	0	13882	0	0	9852	27234	97482	123634	11909	10328	20810	22174	81902	31098	23055	12681	34793	110524	49366	114082	67195	190288	182944	88006	121484	446021	177888	497426	362688	424241	802348	638879	923792	1595637	2319859	1668158	1869710	2185473	3132351	3625890	5163564	0
LFQ	64	0	0	22841	0	0	10430	26684	100291	124406	8768	10908	21484	21827	82498	28832	22522	12486	35379	115249	46980	118628	68881	197516	176672	86439	126340	460335	176538	495072	378216	433508	821495	660705	924381	1662863	2472843	1732582	1909438	2100313	3148975	3450628	4984278	0
LFQ	65	0	0	34503	0	0	11225	27267	107362	127442	6241	11706	22963	21666	83511	27562	20773	15449	37287	103737	64008	124456	70817	188462	187516	85962	133082	473725	152007	494924	432576	450134	845100	691110	934580	1740580	2623834	1806544	1950368	2027341	3158758	3281181	4702150	0
LFQ	66	0	0	49309	0	0	11986	27251	114026	130898	4085	13214	24970	22546	85893	26417	21422	16206	39557	110687	64757	133708	74165	200160	186378	88158	142258	502297	152790	501280	458776	476682	875467	727733	953976	1834455	2761784	1884987	1989823	1952137	3182224	3103877	4331127	0
LFQ	67	0	0	66075	0	0	13071	27013	119334	129736	2524	14241	26760	22646	86679	24635	22105	16514	40692	114752	64684	141325	76081	206959	182966	90648	149545	522592	154086	497549	483092	501950	903283	758914	971738	1921534	2925019	1959093	2033557	1864102	3202687	2914601	4024014	0
LFQ	68	0	0	85894	0	0	14141	27949	127861	132754	1556	15756	28369	23191	87685	23697	23800	16771	42594	121222	64697	148394	78283	213209	177779	92952	158808	541868	155193	489787	508826	529736	923641	792198	992225	2002355	3096467	2035058	2077089	1765638	3214411	2716300	3728236	0
LFQ	69	0	0	108884	0	0	15085	27501	136210	132266	883	17238	31001	24006	89672	23003	25209	17453	45410	127746	65319	158021	81224	221161	176940	96702	168840	568034	158775	484077	539059	558968	949794	827475	1017883	2100753	3264315	2113266	2117585	1674598	3205493	2522676	3383436	0
LFQ	70	0	0	134489	0	0	15735	26269	137684	124464	500	18406	31898	23935	87600	20829	26458	17141	46184	130574	63692	166193	82744	200009	148838	149786	176997	584340	161966	476126	565408	589922	971713	857971	1051206	2195166	3449880	2189995	2165074	1561948	3217609	2320376	3086483	0
LFQ	71	0	0	162076	0	0	16485	24962	139223	117657	243	19364	32535	23965	83324	19130	27580	17318	47218	134834	62800	170426	82495	195370	141838	154224	184382	592302	165213	452574	588203	613476	977316	886337	1076555	2278189	3676071	2263115	2226208	1449725	3209601	2118712	2844235	0
LFQ	72	0	0	192795	0	0	17532	25030	147704	115803	142	20551	33127	23741	81424	18153	29322	17889	49290	140169	62743	177095	83464	195493	138973	161324	195147	607832	170554	432807	617802	638769	993181	912239	1109321	2374293	3890318	2332032	2281879	1341955	3169958	1920846	2554250	0
LFQ	73	0	0	226472	0	0	18225	24230	153902	111281	113	21952	34443	24205	78626	17211	30794	17978	50593	145475	62814	183409	84407	192185	137847	168145	205840	622371	177943	415156	646043	668774	1009617	940583	1148307	2476099	4107760	2395504	2336948	1228472	3122565	1716383	2271926	0
LFQ	74	0	0	262699	0	0	19333	23629	161035	107314	86	23828	35971	24681	76825	15823	32581	18197	52939	150710	63174	191960	85545	188009	137118	174759	216726	634396	184732	396700	675197	691310	1019982	968868	1184172	2581043	4332550	2461878	2389190	1116435	3060993	1511723	2002106	0
LFQ	75	0	0	301873	0	0	20401	22563	165966	102277	71	24878	36399	25100	74139	15196	33959	18336	54667	155300	63457	199251	85157	180563	137060	180537	228971	579502	254845	374695	703752	711338	1031187	992186	1219196	2688764	4578035	2514490	2442699	1004222	2987185	1319435	1746114	0
LFQ	76	0	0	344095	0	0	21734	22977	178766	101621	77	27645	38372	26319	72755	14658	36546	19173	57444	163720	64349	210442	87533	178997	140467	188940	243471	594053	268850	359041	738912	737280	1055181	1027114	1264703	2808772	4779755	2560284	2468484	900196	2868625	1131650	1470303	0
LFQ	77	0	0	388992	0	0	23848	23324	194136	100577	79	30448	40495	27833	71787	14186	39415	20240	60734	173089	66770	223973	89618	174666	146669	199183	260938	611106	285436	345880	779816	769302	1085503	1066895	1315378	2951318	4945074	2593677	2473402	798226	2723756	957887	1199213	0
LFQ	78	0	0	436015	0	0	24856	21766	199038	92900	83	33251	42675	28557	70188	13154	41545	20228	63331	175886	68937	235314	90392	167542	151490	208872	276650	620762	300945	329562	814981	794354	1110959	1099354	1356124	3082623	5154237	2625702	2480072	694085	2576735	791380	977949	0
LFQ	79	0	0	485281	0	0	26169	21646	209709	90131	90	35717	43371	29709	65960	12616	44451	20684	65858	182278	71470	245300	91307	159000	156891	217314	295088	627145	315605	309066	849579	812604	1138359	1132575	1398488	3225530	5351514	2647040	2474659	601536	2398934	644491	774939	0
LFQ	80	0	0	537024	0	0	26998	20465	212921	81851	98	37869	44700	30563	62781	12210	46863	20966	68705	185530	74193	256339	91355	148281	162697	226476	309876	630264	330630	289812	881261	827252	1162559	1162364	1433949	3360016	5571439	2662869	2456899	506950	2217794	508624	610262	0
LFQ	81	0	0	591301	0	0	27729	19161	215412	74373	87	39453	44063	30724	57671	11130	47857	20718	69666	187164	75382	260185	88100	135011	166008	231625	323559	620711	344132	265057	904782	832364	1180535	1182257	1466782	3487939	5841207	2673950	2441040	425908	2022519	393885	471810	0
LFQ	82	0	0	648555	0	0	28408	18083	218094	67677	99	40892	43785	31165	52369	10683	49546	21160	70713	189504	77265	266176	86112	122342	170379	236808	338841	610476	356616	244037	930283	833323	1198009	1200674	1491923	3609780	6117289	2671388	2402599	352656	1813954	294969	354192	0
LFQ	83	0	0	710757	0	0	29332	17045	223457	62043	95	42730	43628	31609	47701	10464	51219	21534	72869	194125	81335	271216	83185	111033	175481	244713	356482	601247	370480	223872	956453	833743	1222545	1222427	1516507	3743865	6360760	2658849	2330682	287143	1590630	214089	255092	0
LFQ	84	0	0	777156	0	0	30367	16426	233180	57680	95	45673	44184	32696	44761	9878	53473	22476	75572	200492	86338	281555	82361	101474	182914	252926	378305	598057	386150	207910	989025	840602	1252787	1252543	1544147	3882481	6552754	2625184	2216756	229830	1357448	149146	175202	0
LFQ	85	0	0	848054	0	0	30973	15286	234824	51508	125	47965	44255	33025	40457	9340	54913	22760	77374	200737	90704	288484	79678	90178	187825	259903	395596	585139	402171	191430	1015163	843527	1279301	1278763	1566387	4019701	6769433	2587522	2091556	180493	1138018	100243	116517	0
LFQ	86	0	0	925153	0	0	32780	14597	246940	48464	120	50889	44994	34241	36883	9026	57695	23593	80618	206812	97095	298997	78359	81177	195915	269166	420428	578337	419143	177727	1047821	845312	1310933	1309688	1583235	4160208	6930942	2519016	1933322	139012	921148	64000	72965	0
LFQ	87	0	0	1007980	0	0	32599	13612	242823	42250	111	53118	44206	34727	32739	8252	59429	23240	82337	206042	102145	304538	74513	71402	201790	276399	438554	560870	434519	163529	1071973	848829	1332636	1336053	1597251	4282669	7121910	2468912	1773495	103308	733126	39205	44334	0
LFQ	88	0	0	1097505	0	0	32860	12345	245208	37899	106	53125	43125	33958	28471	7821	59973	23558	83683	209692	105599	305450	69889	61755	204682	280430	457253	533664	446680	148634	1086797	839870	1348293	1347801	1603231	4394880	7362555	2400866	1609533	77079	560774	22772	25726	0
LFQ	89	0	0	1196211	0	0	33811	11441	248635	34184	122	55996	42312	34961	25183	7479	62343	24390	86012	211747	112062	311703	66149	54231	212119	288902	480556	517189	464358	137809	1113235	844412	1372749	1380947	1616654	4513513	7483131	2302715	1418971	55152	412986	12659	13862	0
LFQ	90	0	0	1302210	0	0	34544	11694	262082	31843	112	57894	42455	35428	22620	7078	63528	24701	87326	214487	117695	314361	60867	47093	217419	294889	501285	492972	476743	126839	1124831	839530	1385461	1398725	1610627	4599260	7655284	2214002	1234558	38020	295297	6565	7272	0
LFQ	91	0	0	1419820	0	0	32110	9151	234044	25434	142	57860	41249	34012	19434	6156	63223	23781	85610	208102	120845	310749	54653	39438	217637	296753	511988	458839	484797	115732	1125599	832212	1389127	1411484	1610513	4675701	7903686	2132481	1063825	25729	204748	3483	3644	0
LFQ	92	0	0	1558061	0	0	32965	8506	239625	23008	130	57845	38168	33112	15510	5773	64116	24871	87295	214072	127525	309667	49803	34111	222291	301830	537607	434283	499652	107129	1148326	835165	1408924	1435370	1613971	4777679	7972215	1997439	879796	17221	132762	1777	1802	0
LFQ	93	0	0	1713625	0	0	31841	7659	233791	20481	111	58422	36641	32428	12636	5339	64875	25082	89855	214046	134568	311020	45099	29496	229684	308676	560347	412112	517545	100601	1171426	848619	1434171	1473652	1619470	4871348	7963863	1862506	707954	10694	82754	961	921	0
LFQ	94	0	0	1888772	0	0	29351	6349	213664	17403	109	56715	33611	29908	9628	4649	63244	23997	87317	206213	137097	300858	38391	24621	227962	308094	569241	376740	521516	91760	1168383	843176	1437452	1485235	1616553	4929644	8115044	1751464	567278	6285	49829	637	525	0
LFQ	95	0	0	2097199	0	0	27581	5345	204727	14818	111	54022	29952	10183	25235	4229	62064	24294	85876	206908	139251	290357	32431	21508	228010	307435	583521	344265	527985	83029	1174431	845694	1449191	1503780	1615319	4996638	8152976	1610640	440636	3782	28235	401	348	0
LFQ	96	0	0	2350514	0	0	25278	4505	193647	12885	75	51902	27319	9050	22898	3662	61655	24605	86533	211452	145301	287202	28148	19519	232707	314287	610576	321936	543434	77474	1193349	860091	1474244	1539078	1614766	5068979	8007444	1451214	331886	2046	15055	259	211	0
LFQ	97	0	0	2646367	0	0	19315	3212	158244	9976	82	44902	22654	6973	18599	2865	57480	24030	82197	203861	145143	271781	22568	17274	229758	311532	618619	290045	547036	69368	1193091	864036	1488947	1560512	1616640	5134215	7965510	1311339	249570	1132	7959	170	132	0
LFQ	98	0	0	2994375	0	0	11264	1711	104819	6246	54	32119	14918	4562	12775	1935	52987	23185	76709	193229	139970	247782	17246	15328	224746	303724	619169	257433	547366	62225	1185979	867785	1496833	1575851	1613779	5169989	7948220	1190320	188280	622	4210	127	88	0
LFQ	99	0	0	3391875	0	0	3200	502	42244	2100	17	13668	6156	1845	5924	995	48465	23433	69954	190846	132450	223452	13077	14655	217498	297924	617412	225876	546624	55071	1177139	871273	1509890	1588366	1606515	5193430	7893068	1068050	141941	377	2247	89	51	0
LFQ	100	0	0	3814927	0	0	1	1	28	9	0	11	2	0	438	108	47720	25558	66933	198128	126168	204819	9999	14480	210912	291348	610457	198121	545717	48745	1166912	881352	1521599	1605974	1594987	5208099	7730543	952398	108311	227	1326	66	32	0
# GC Content of first fragments. Use `grep ^GCF | cut -f 2-` to extract this part.
GCF	1.26	1
GCF	3.52	3
GCF	5.03	2
GCF	5.78	14
GCF	6.28	15
GCF	7.04	18
GCF	8.04	40
GCF	8.79	42
GCF	9.30	44
GCF	10.05	75
GCF	10.80	144
GCF	11.31	145
GCF	11.81	234
GCF	12.31	233
GCF	12.81	366
GCF	13.32	368
GCF	14.07	611
GCF	14.82	1121
GCF	15.33	1122
GCF	16.08	1990
GCF	16.83	3693
GCF	17.34	3696
GCF	17.84	6446
GCF	18.34	6448
GCF	18.84	10835
GCF	19.35	10847
GCF	19.85	17241
GCF	20.35	17251
GCF	20.85	27519
GCF	21.36	27515
GCF	21.86	42714
GCF	22.36	42732
GCF	22.86	64530
GCF	23.37	64567
GCF	23.87	93188
GCF	24.37	93234
GCF	24.87	129754
GCF	25.38	129798
GCF	25.88	175047
GCF	26.38	175076
GCF	26.88	229447
GCF	27.39	229550
GCF	27.89	289833
GCF	28.39	289964
GCF	28.89	355283
GCF	29.40	355392
GCF	29.90	422307
GCF	30.40	422554
GCF	30.90	492208
GCF	31.41	492413
GCF	31.91	561006
GCF	32.41	561300
GCF	32.91	631161
GCF	33.42	631328
GCF	33.92	692739
GCF	34.42	692980
GCF	34.92	751633
GCF	35.43	751857
GCF	35.93	803171
GCF	36.43	803311
GCF	36.93	851162
GCF	37.44	851417
GCF	37.94	885491
GCF	38.44	885562
GCF	38.94	910892
GCF	39.45	910992
GCF	39.95	923688
GCF	40.45	923727
GCF	40.95	926409
GCF	41.46	926414
GCF	41.96	920012
GCF	42.46	920006
GCF	42.96	906243
GCF	43.47	906192
GCF	43.97	887988
GCF	44.47	887937
GCF	44.97	865530
GCF	45.48	865583
GCF	45.98	841607
GCF	46.48	841576
GCF	46.98	819028
GCF	47.49	818990
GCF	47.99	795676
GCF	48.49	795520
GCF	48.99	774433
GCF	49.50	774484
GCF	50.00	757962
GCF	50.50	757928
GCF	51.01	739562
GCF	51.51	739623
GCF	52.01	719290
GCF	52.51	719091
GCF	53.02	704193
GCF	53.52	704151
GCF	54.02	683427
GCF	54.52	683473
GCF	55.03	663703
GCF	55.53	663745
GCF	56.03	644662
GCF	56.53	644601
GCF	57.04	623388
GCF	57.54	623460
GCF	58.04	597109
GCF	58.54	597088
GCF	59.05	567505
GCF	59.55	567299
GCF	60.05	531681
GCF	60.55	531573
GCF	61.06	486180
GCF	61.56	486096
GCF	62.06	436516
GCF	62.56	436373
GCF	63.07	386780
GCF	63.57	386630
GCF	64.07	335998
GCF	64.57	335864
GCF	65.08	285239
GCF	65.58	285121
GCF	66.08	238924
GCF	66.58	238721
GCF	67.09	195538
GCF	67.59	195245
GCF	68.09	155658
GCF	68.59	155482
GCF	69.10	120514
GCF	69.60	120368
GCF	70.10	90869
GCF	70.60	90789
GCF	71.11	67999
GCF	71.61	67912
GCF	72.11	49940
GCF	72.61	49893
GCF	73.12	36080
GCF	73.62	36040
GCF	74.12	26382
GCF	74.62	26338
GCF	75.13	19251
GCF	75.63	19229
GCF	76.13	13868
GCF	76.63	13865
GCF	77.14	10020
GCF	77.64	9994
GCF	78.14	7513
GCF	78.64	7502
GCF	79.15	5516
GCF	79.65	5503
GCF	80.15	3973
GCF	80.65	3972
GCF	81.16	2785
GCF	81.66	2783
GCF	82.41	1842
GCF	83.17	1151
GCF	83.67	1146
GCF	84.17	704
GCF	84.67	703
GCF	85.18	408
GCF	85.68	406
GCF	86.18	179
GCF	86.68	178
GCF	87.19	110
GCF	87.69	108
GCF	88.44	44
GCF	89.20	17
GCF	89.70	16
GCF	90.45	13
GCF	91.46	12
GCF	92.96	5
GCF	94.47	3
GCF	95.48	2
GCF	96.48	4
GCF	97.49	2
# GC Content of last fragments. Use `grep ^GCL | cut -f 2-` to extract this part.
GCL	0.25	4
GCL	1.01	9
GCL	2.01	5
GCL	2.76	10
GCL	3.27	9
GCL	4.02	7
GCL	5.03	15
GCL	6.03	8
GCL	7.04	22
GCL	8.04	21
GCL	8.79	38
GCL	9.30	40
GCL	10.05	99
GCL	10.80	161
GCL	11.31	162
GCL	12.06	296
GCL	13.07	396
GCL	14.07	668
GCL	14.82	1299
GCL	15.33	1300
GCL	16.08	2226
GCL	16.83	4013
GCL	17.34	4018
GCL	17.84	6934
GCL	18.34	6936
GCL	18.84	11863
GCL	19.35	11869
GCL	19.85	19456
GCL	20.35	19469
GCL	21.11	29853
GCL	21.86	45792
GCL	22.36	45805
GCL	22.86	68515
GCL	23.37	68550
GCL	23.87	97630
GCL	24.37	97679
GCL	24.87	134596
GCL	25.38	134628
GCL	25.88	180191
GCL	26.38	180241
GCL	26.88	231772
GCL	27.39	231853
GCL	27.89	290102
GCL	28.39	290239
GCL	28.89	355620
GCL	29.40	355713
GCL	29.90	421025
GCL	30.40	421258
GCL	30.90	487988
GCL	31.41	488200
GCL	31.91	556637
GCL	32.41	556897
GCL	32.91	627090
GCL	33.42	627281
GCL	33.92	684923
GCL	34.42	685168
GCL	34.92	744432
GCL	35.43	744656
GCL	35.93	797438
GCL	36.43	797645
GCL	36.93	845102
GCL	37.44	845332
GCL	37.94	876909
GCL	38.44	877036
GCL	38.94	904598
GCL	39.45	904636
GCL	39.95	916001
GCL	40.45	916109
GCL	40.95	918685
GCL	41.46	918655
GCL	41.96	912338
GCL	42.46	912361
GCL	42.96	900544
GCL	43.47	900414
GCL	43.97	882281
GCL	44.47	882230
GCL	44.97	862373
GCL	45.48	862342
GCL	45.98	836692
GCL	46.48	836656
GCL	46.98	813975
GCL	47.49	813955
GCL	47.99	794286
GCL	48.49	794191
GCL	48.99	773137
GCL	49.50	773159
GCL	50.00	755675
GCL	50.50	755730
GCL	51.01	737375
GCL	51.51	737388
GCL	52.01	719717
GCL	52.51	719570
GCL	53.02	702877
GCL	53.52	702840
GCL	54.02	685566
GCL	54.52	685651
GCL	55.03	665429
GCL	55.53	665398
GCL	56.03	646426
GCL	56.53	646352
GCL	57.04	625088
GCL	57.54	625119
GCL	58.04	599947
GCL	58.54	599958
GCL	59.05	570427
GCL	59.55	570313
GCL	60.05	536102
GCL	60.55	535972
GCL	61.06	490877
GCL	61.56	490858
GCL	62.06	441841
GCL	62.56	441609
GCL	63.07	392336
GCL	63.57	392233
GCL	64.07	341343
GCL	64.57	341123
GCL	65.08	290644
GCL	65.58	290466
GCL	66.08	243893
GCL	66.58	243722
GCL	67.09	200435
GCL	67.59	200244
GCL	68.09	159568
GCL	68.59	159417
GCL	69.10	124023
GCL	69.60	123866
GCL	70.10	94680
GCL	70.60	94564
GCL	71.11	70762
GCL	71.61	70700
GCL	72.11	52897
GCL	72.61	52805
GCL	73.12	38443
GCL	73.62	38433
GCL	74.12	28051
GCL	74.62	28017
GCL	75.13	20392
GCL	75.63	20362
GCL	76.13	14670
GCL	76.63	14651
GCL	77.14	10953
GCL	77.64	10931
GCL	78.14	8013
GCL	78.64	8001
GCL	79.15	5898
GCL	79.65	5886
GCL	80.15	4371
GCL	80.65	4367
GCL	81.16	3023
GCL	81.66	3022
GCL	82.16	1984
GCL	82.66	1983
GCL	83.17	1370
GCL	83.67	1366
GCL	84.42	795
GCL	85.18	468
GCL	85.68	467
GCL	86.43	243
GCL	87.19	138
GCL	87.69	137
GCL	88.44	79
GCL	89.20	50
GCL	89.70	49
GCL	90.45	18
GCL	91.46	13
GCL	92.46	9
GCL	93.47	15
GCL	94.47	4
GCL	95.48	7
GCL	96.48	8
GCL	97.49	6
GCL	98.49	3
GCL	99.50	5
# ACGT content per cycle. Use `grep ^GCC | cut -f 2-` to extract this part. The columns are: cycle; A,C,G,T base counts as a percentage of all A/C/G/T bases [%]; and N and O counts as a percentage of all A/C/G/T bases [%]
GCC	1	27.56	22.07	22.13	28.24	0.02	0.00
GCC	2	27.94	21.65	21.78	28.63	0.02	0.00
GCC	3	27.30	22.28	22.42	28.00	0.00	0.00
GCC	4	27.20	22.35	22.49	27.96	0.00	0.00
GCC	5	27.33	22.20	22.36	28.11	0.00	0.00
GCC	6	26.81	22.72	22.88	27.59	0.00	0.00
GCC	7	27.00	22.51	22.68	27.82	0.00	0.00
GCC	8	27.25	22.23	22.42	28.10	0.00	0.00
GCC	9	27.09	22.38	22.57	27.96	0.00	0.00
GCC	10	27.06	22.42	22.60	27.93	0.00	0.00
GCC	11	27.08	22.38	22.58	27.96	0.00	0.00
GCC	12	26.98	22.48	22.67	27.86	0.00	0.00
GCC	13	27.02	22.42	22.60	27.96	0.00	0.00
GCC	14	27.05	22.38	22.58	27.99	0.00	0.00
GCC	15	26.96	22.46	22.66	27.92	0.00	0.00
GCC	16	26.94	22.46	22.66	27.93	0.00	0.00
GCC	17	26.94	22.47	22.66	27.93	0.00	0.00
GCC	18	26.81	22.58	22.81	27.80	0.00	0.00
GCC	19	26.81	22.57	22.80	27.83	0.00	0.00
GCC	20	26.80	22.56	22.79	27.84	0.00	0.00
GCC	21	26.68	22.68	22.89	27.75	0.00	0.00
GCC	22	26.69	22.66	22.87	27.78	0.00	0.00
GCC	23	26.68	22.66	22.88	27.78	0.00	0.00
GCC	24	26.60	22.75	22.96	27.69	0.00	0.00
GCC	25	26.59	22.73	22.95	27.72	0.00	0.00
GCC	26	26.62	22.70	22.94	27.74	0.00	0.00
GCC	27	26.52	22.79	23.03	27.66	0.00	0.00
GCC	28	26.53	22.77	23.01	27.69	0.06	0.00
GCC	29	26.53	22.76	22.99	27.72	0.03	0.00
GCC	30	26.44	22.84	23.07	27.65	0.01	0.00
GCC	31	26.46	22.81	23.06	27.68	0.01	0.00
GCC	32	26.47	22.80	23.05	27.68	0.00	0.00
GCC	33	26.38	22.89	23.12	27.61	0.00	0.00
GCC	34	26.39	22.86	23.11	27.64	0.00	0.00
GCC	35	26.40	22.84	23.10	27.66	0.00	0.00
GCC	36	26.33	22.91	23.16	27.61	0.00	0.00
GCC	37	26.34	22.88	23.15	27.63	0.00	0.00
GCC	38	26.35	22.87	23.13	27.65	0.00	0.00
GCC	39	26.28	22.94	23.20	27.58	0.00	0.00
GCC	40	26.29	22.92	23.18	27.61	0.00	0.00
GCC	41	26.30	22.90	23.17	27.62	0.00	0.00
GCC	42	26.23	22.97	23.25	27.55	0.00	0.00
GCC	43	26.25	22.94	23.22	27.59	0.00	0.00
GCC	44	26.27	22.94	23.18	27.61	0.00	0.00
GCC	45	26.18	22.99	23.27	27.56	0.00	0.00
GCC	46	26.20	22.97	23.24	27.58	0.00	0.00
GCC	47	26.23	22.95	23.22	27.60	0.00	0.00
GCC	48	26.15	23.02	23.29	27.54	0.00	0.00
GCC	49	26.16	23.00	23.27	27.57	0.00	0.00
GCC	50	26.19	22.97	23.24	27.60	0.00	0.00
GCC	51	26.13	23.03	23.31	27.53	0.00	0.00
GCC	52	26.15	23.00	23.29	27.56	0.00	0.00
GCC	53	26.17	22.98	23.25	27.60	0.00	0.00
GCC	54	26.09	23.04	23.33	27.53	0.00	0.00
GCC	55	26.11	23.03	23.31	27.55	0.00	0.00
GCC	56	26.14	22.98	23.29	27.59	0.00	0.00
GCC	57	26.08	23.05	23.34	27.53	0.00	0.00
GCC	58	26.09	23.03	23.32	27.56	0.00	0.00
GCC	59	26.14	23.00	23.29	27.57	0.00	0.00
GCC	60	26.07	23.07	23.34	27.52	0.00	0.00
GCC	61	26.08	23.04	23.34	27.54	0.00	0.00
GCC	62	26.09	23.04	23.32	27.55	0.00	0.00
GCC	63	26.04	23.08	23.38	27.51	0.00	0.00
GCC	64	26.05	23.07	23.35	27.53	0.00	0.00
GCC	65	26.08	23.04	23.33	27.55	0.00	0.00
GCC	66	26.01	23.11	23.39	27.49	0.00	0.00
GCC	67	26.02	23.08	23.38	27.51	0.00	0.00
GCC	68	26.05	23.06	23.36	27.53	0.00	0.00
GCC	69	26.00	23.11	23.41	27.48	0.00	0.00
GCC	70	26.01	23.10	23.39	27.49	0.00	0.00
GCC	71	26.02	23.08	23.38	27.52	0.00	0.00
GCC	72	25.97	23.13	23.44	27.46	0.00	0.00
GCC	73	26.00	23.11	23.41	27.48	0.00	0.00
GCC	74	26.03	23.10	23.38	27.49	0.00	0.00
GCC	75	25.95	23.15	23.45	27.45	0.00	0.00
GCC	76	25.99	23.11	23.42	27.48	0.00	0.00
GCC	77	26.01	23.10	23.40	27.49	0.00	0.00
GCC	78	25.96	23.15	23.45	27.44	0.00	0.00
GCC	79	25.98	23.14	23.43	27.46	0.00	0.00
GCC	80	26.00	23.11	23.41	27.48	0.00	0.00
GCC	81	25.95	23.16	23.46	27.42	0.00	0.00
GCC	82	25.97	23.14	23.43	27.46	0.00	0.00
GCC	83	25.99	23.13	23.42	27.47	0.00	0.00
GCC	84	25.92	23.19	23.48	27.41	0.00	0.00
GCC	85	25.96	23.17	23.45	27.42	0.00	0.00
GCC	86	25.99	23.15	23.42	27.44	0.00	0.00
GCC	87	25.93	23.19	23.48	27.40	0.00	0.00
GCC	88	25.96	23.17	23.45	27.43	0.00	0.00
GCC	89	25.96	23.15	23.45	27.44	0.00	0.00
GCC	90	25.93	23.21	23.48	27.38	0.00	0.00
GCC	91	25.96	23.18	23.46	27.41	0.00	0.00
GCC	92	25.97	23.16	23.46	27.41	0.00	0.00
GCC	93	25.93	23.21	23.48	27.38	0.00	0.00
GCC	94	25.94	23.20	23.46	27.40	0.00	0.00
GCC	95	25.96	23.17	23.45	27.42	0.00	0.00
GCC	96	25.91	23.21	23.50	27.38	0.00	0.00
GCC	97	25.94	23.19	23.47	27.40	0.00	0.00
GCC	98	25.97	23.17	23.45	27.41	0.00	0.00
GCC	99	25.92	23.22	23.50	27.36	0.00	0.00
GCC	100	25.94	23.21	23.49	27.36	0.00	0.00
# ACGT content per cycle, read oriented. Use `grep ^GCT | cut -f 2-` to extract this part. The columns are: cycle; A,C,G,T base counts as a percentage of all A/C/G/T bases [%]
GCT	1	29.32	23.14	21.07	26.48
GCT	2	29.02	20.57	22.86	27.55
GCT	3	27.11	22.76	21.95	28.18
GCT	4	27.19	22.83	22.02	27.96
GCT	5	27.49	22.38	22.18	27.96
GCT	6	27.22	23.12	22.48	27.18
GCT	7	27.34	22.62	22.56	27.48
GCT	8	27.30	22.83	21.82	28.06
GCT	9	26.85	22.94	22.01	28.20
GCT	10	27.24	22.77	22.25	27.74
GCT	11	27.22	22.80	22.16	27.82
GCT	12	27.10	22.96	22.20	27.75
GCT	13	27.25	22.84	22.18	27.73
GCT	14	27.27	22.80	22.17	27.76
GCT	15	27.14	22.91	22.21	27.75
GCT	16	27.15	22.92	22.21	27.72
GCT	17	27.12	22.90	22.23	27.75
GCT	18	26.94	23.11	22.28	27.67
GCT	19	26.97	23.07	22.30	27.66
GCT	20	26.97	23.03	22.33	27.67
GCT	21	26.84	23.20	22.37	27.59
GCT	22	26.93	23.11	22.42	27.54
GCT	23	26.94	23.08	22.46	27.52
GCT	24	26.84	23.23	22.48	27.46
GCT	25	26.91	23.15	22.54	27.40
GCT	26	26.93	23.11	22.53	27.43
GCT	27	26.82	23.25	22.58	27.36
GCT	28	26.90	23.18	22.60	27.32
GCT	29	26.91	23.14	22.61	27.34
GCT	30	26.80	23.26	22.66	27.29
GCT	31	26.87	23.18	22.68	27.27
GCT	32	26.87	23.16	22.69	27.27
GCT	33	26.77	23.29	22.72	27.22
GCT	34	26.86	23.22	22.74	27.17
GCT	35	26.84	23.21	22.73	27.21
GCT	36	26.76	23.31	22.75	27.17
GCT	37	26.82	23.25	22.78	27.15
GCT	38	26.82	23.22	22.78	27.18
GCT	39	26.73	23.33	22.81	27.14
GCT	40	26.79	23.27	22.83	27.11
GCT	41	26.79	23.24	22.83	27.14
GCT	42	26.69	23.36	22.86	27.09
GCT	43	26.77	23.29	22.86	27.07
GCT	44	26.76	23.25	22.87	27.12
GCT	45	26.68	23.37	22.89	27.06
GCT	46	26.74	23.30	22.91	27.04
GCT	47	26.75	23.26	22.91	27.08
GCT	48	26.65	23.38	22.94	27.03
GCT	49	26.74	23.33	22.94	26.99
GCT	50	26.73	23.28	22.93	27.05
GCT	51	26.65	23.39	22.95	27.01
GCT	52	26.71	23.33	22.95	27.00
GCT	53	26.72	23.29	22.94	27.05
GCT	54	26.64	23.40	22.98	26.99
GCT	55	26.70	23.34	23.00	26.96
GCT	56	26.71	23.30	22.97	27.02
GCT	57	26.64	23.39	23.00	26.97
GCT	58	26.69	23.35	23.00	26.95
GCT	59	26.72	23.30	23.00	26.99
GCT	60	26.63	23.39	23.03	26.96
GCT	61	26.69	23.34	23.05	26.92
GCT	62	26.69	23.32	23.04	26.95
GCT	63	26.61	23.40	23.06	26.94
GCT	64	26.68	23.34	23.08	26.89
GCT	65	26.69	23.29	23.07	26.94
GCT	66	26.62	23.39	23.10	26.89
GCT	67	26.66	23.36	23.11	26.87
GCT	68	26.68	23.32	23.10	26.90
GCT	69	26.61	23.39	23.14	26.87
GCT	70	26.66	23.33	23.16	26.84
GCT	71	26.67	23.30	23.16	26.87
GCT	72	26.61	23.39	23.17	26.82
GCT	73	26.67	23.33	23.19	26.81
GCT	74	26.68	23.30	23.18	26.84
GCT	75	26.62	23.38	23.22	26.78
GCT	76	26.68	23.33	23.20	26.79
GCT	77	26.68	23.29	23.20	26.82
GCT	78	26.63	23.35	23.24	26.78
GCT	79	26.68	23.30	23.26	26.76
GCT	80	26.71	23.28	23.24	26.77
GCT	81	26.64	23.36	23.27	26.74
GCT	82	26.70	23.31	23.26	26.73
GCT	83	26.70	23.26	23.28	26.76
GCT	84	26.61	23.36	23.31	26.73
GCT	85	26.71	23.30	23.31	26.68
GCT	86	26.71	23.26	23.31	26.72
GCT	87	26.64	23.33	23.34	26.69
GCT	88	26.72	23.26	23.35	26.67
GCT	89	26.71	23.25	23.35	26.68
GCT	90	26.67	23.31	23.38	26.64
GCT	91	26.72	23.26	23.37	26.65
GCT	92	26.73	23.24	23.38	26.65
GCT	93	26.68	23.31	23.38	26.63
GCT	94	26.74	23.26	23.40	26.60
GCT	95	26.75	23.21	23.40	26.64
GCT	96	26.69	23.29	23.42	26.60
GCT	97	26.76	23.24	23.43	26.58
GCT	98	26.75	23.20	23.42	26.62
GCT	99	26.71	23.27	23.45	26.57
GCT	100	26.75	23.23	23.47	26.54
# ACGT content per cycle for first fragments. Use `grep ^FBC | cut -f 2-` to extract this part. The columns are: cycle; A,C,G,T base counts as a percentage of all A/C/G/T bases [%]; and N and O counts as a percentage of all A/C/G/T bases [%]
FBC	1	27.58	21.89	22.11	28.42	0.00	0.00
FBC	2	27.91	21.73	21.67	28.69	0.05	0.00
FBC	3	27.52	22.07	22.29	28.12	0.01	0.00
FBC	4	27.37	22.18	22.39	28.06	0.00	0.00
FBC	5	27.42	22.12	22.31	28.15	0.00	0.00
FBC	6	26.92	22.58	22.81	27.70	0.00	0.00
FBC	7	27.10	22.40	22.59	27.90	0.00	0.00
FBC	8	27.32	22.12	22.43	28.12	0.00	0.00
FBC	9	27.20	22.28	22.56	27.96	0.00	0.00
FBC	10	27.13	22.34	22.57	27.96	0.00	0.00
FBC	11	27.14	22.31	22.56	27.99	0.00	0.00
FBC	12	27.03	22.43	22.67	27.87	0.00	0.00
FBC	13	27.08	22.36	22.58	27.98	0.00	0.00
FBC	14	27.09	22.33	22.59	27.99	0.00	0.00
FBC	15	27.01	22.40	22.67	27.91	0.00	0.00
FBC	16	26.99	22.41	22.66	27.93	0.00	0.00
FBC	17	26.98	22.43	22.68	27.91	0.00	0.00
FBC	18	26.86	22.54	22.82	27.78	0.00	0.00
FBC	19	26.86	22.52	22.81	27.81	0.00	0.00
FBC	20	26.85	22.51	22.81	27.83	0.00	0.00
FBC	21	26.73	22.63	22.91	27.73	0.00	0.00
FBC	22	26.74	22.61	22.88	27.77	0.00	0.00
FBC	23	26.71	22.62	22.88	27.78	0.00	0.00
FBC	24	26.65	22.69	22.97	27.69	0.00	0.00
FBC	25	26.63	22.69	22.95	27.72	0.00	0.00
FBC	26	26.65	22.67	22.94	27.73	0.00	0.00
FBC	27	26.55	22.75	23.06	27.64	0.00	0.00
FBC	28	26.57	22.73	23.02	27.68	0.11	0.00
FBC	29	26.55	22.73	23.00	27.71	0.05	0.00
FBC	30	26.47	22.81	23.08	27.64	0.02	0.00
FBC	31	26.48	22.78	23.06	27.68	0.01	0.00
FBC	32	26.50	22.77	23.06	27.66	0.01	0.00
FBC	33	26.42	22.85	23.13	27.60	0.00	0.00
FBC	34	26.42	22.82	23.11	27.65	0.00	0.00
FBC	35	26.41	22.81	23.11	27.67	0.00	0.00
FBC	36	26.36	22.86	23.17	27.61	0.00	0.00
FBC	37	26.36	22.84	23.16	27.64	0.00	0.00
FBC	38	26.37	22.83	23.14	27.66	0.00	0.00
FBC	39	26.30	22.90	23.20	27.60	0.00	0.00
FBC	40	26.32	22.89	23.17	27.62	0.00	0.00
FBC	41	26.32	22.89	23.18	27.61	0.00	0.00
FBC	42	26.26	22.94	23.26	27.55	0.00	0.00
FBC	43	26.28	22.90	23.22	27.60	0.00	0.00
FBC	44	26.28	22.92	23.19	27.61	0.00	0.00
FBC	45	26.21	22.97	23.28	27.55	0.00	0.00
FBC	46	26.22	22.95	23.25	27.58	0.00	0.00
FBC	47	26.25	22.92	23.23	27.60	0.00	0.00
FBC	48	26.17	22.99	23.31	27.53	0.00	0.00
FBC	49	26.18	22.98	23.26	27.58	0.00	0.00
FBC	50	26.21	22.95	23.24	27.61	0.00	0.00
FBC	51	26.15	23.00	23.32	27.53	0.00	0.00
FBC	52	26.17	22.98	23.29	27.56	0.00	0.00
FBC	53	26.18	22.96	23.27	27.60	0.00	0.00
FBC	54	26.12	23.01	23.34	27.53	0.00	0.00
FBC	55	26.12	23.01	23.31	27.56	0.00	0.00
FBC	56	26.14	22.98	23.30	27.58	0.00	0.00
FBC	57	26.09	23.04	23.36	27.52	0.00	0.00
FBC	58	26.10	23.02	23.34	27.54	0.00	0.00
FBC	59	26.14	23.01	23.30	27.56	0.00	0.00
FBC	60	26.07	23.06	23.35	27.52	0.00	0.00
FBC	61	26.08	23.04	23.36	27.53	0.00	0.00
FBC	62	26.10	23.03	23.33	27.54	0.00	0.00
FBC	63	26.04	23.06	23.40	27.50	0.00	0.00
FBC	64	26.06	23.06	23.37	27.51	0.00	0.00
FBC	65	26.07	23.03	23.34	27.55	0.00	0.00
FBC	66	26.01	23.10	23.41	27.48	0.00	0.00
FBC	67	26.03	23.07	23.40	27.50	0.00	0.00
FBC	68	26.05	23.06	23.37	27.52	0.00	0.00
FBC	69	25.99	23.12	23.43	27.46	0.00	0.00
FBC	70	26.00	23.11	23.40	27.49	0.00	0.00
FBC	71	26.02	23.09	23.40	27.50	0.00	0.00
FBC	72	25.97	23.14	23.45	27.44	0.00	0.00
FBC	73	26.00	23.11	23.41	27.48	0.00	0.00
FBC	74	26.01	23.10	23.41	27.48	0.00	0.00
FBC	75	25.94	23.16	23.47	27.43	0.00	0.00
FBC	76	25.99	23.11	23.42	27.48	0.00	0.00
FBC	77	26.01	23.10	23.40	27.49	0.00	0.00
FBC	78	25.96	23.15	23.45	27.44	0.00	0.00
FBC	79	25.98	23.13	23.42	27.46	0.00	0.00
FBC	80	25.99	23.12	23.42	27.47	0.00	0.00
FBC	81	25.95	23.16	23.46	27.42	0.00	0.00
FBC	82	25.97	23.14	23.43	27.46	0.00	0.00
FBC	83	25.98	23.14	23.41	27.47	0.00	0.00
FBC	84	25.91	23.20	23.48	27.42	0.00	0.00
FBC	85	25.95	23.18	23.45	27.42	0.00	0.00
FBC	86	25.99	23.15	23.41	27.44	0.00	0.00
FBC	87	25.93	23.20	23.48	27.40	0.00	0.00
FBC	88	25.95	23.18	23.44	27.43	0.00	0.00
FBC	89	25.95	23.16	23.45	27.44	0.00	0.00
FBC	90	25.92	23.21	23.48	27.40	0.00	0.00
FBC	91	25.96	23.19	23.43	27.42	0.00	0.00
FBC	92	25.96	23.18	23.44	27.42	0.00	0.00
FBC	93	25.92	23.22	23.48	27.39	0.00	0.00
FBC	94	25.93	23.22	23.44	27.41	0.00	0.00
FBC	95	25.95	23.19	23.44	27.42	0.00	0.00
FBC	96	25.91	23.22	23.48	27.39	0.00	0.00
FBC	97	25.94	23.20	23.46	27.40	0.00	0.00
FBC	98	25.95	23.19	23.46	27.40	0.00	0.00
FBC	99	25.90	23.23	23.49	27.37	0.00	0.00
FBC	100	25.92	23.22	23.48	27.38	0.00	0.00
# ACGT raw counters for first fragments. Use `grep ^FTC | cut -f 2-` to extract this part. The columns are: A,C,G,T,N base counters
FTC	719143741	623658954	631291451	753664932	79201
# ACGT content per cycle for last fragments. Use `grep ^LBC | cut -f 2-` to extract this part. The columns are: cycle; A,C,G,T base counts as a percentage of all A/C/G/T bases [%]; and N and O counts as a percentage of all A/C/G/T bases [%]
LBC	1	27.54	22.25	22.16	28.05	0.04	0.00
LBC	2	27.96	21.58	21.88	28.58	0.00	0.00
LBC	3	27.08	22.49	22.56	27.87	0.00	0.00
LBC	4	27.02	22.52	22.60	27.86	0.00	0.00
LBC	5	27.24	22.28	22.41	28.07	0.00	0.00
LBC	6	26.70	22.85	22.95	27.49	0.00	0.00
LBC	7	26.90	22.61	22.76	27.73	0.00	0.00
LBC	8	27.18	22.33	22.41	28.08	0.00	0.00
LBC	9	26.98	22.48	22.58	27.96	0.00	0.00
LBC	10	26.98	22.50	22.63	27.89	0.00	0.00
LBC	11	27.01	22.46	22.59	27.93	0.00	0.00
LBC	12	26.92	22.54	22.68	27.86	0.00	0.00
LBC	13	26.97	22.48	22.62	27.93	0.00	0.00
LBC	14	27.00	22.44	22.58	27.98	0.00	0.00
LBC	15	26.90	22.51	22.65	27.94	0.00	0.00
LBC	16	26.89	22.51	22.67	27.93	0.00	0.00
LBC	17	26.90	22.51	22.64	27.95	0.00	0.00
LBC	18	26.76	22.63	22.79	27.82	0.00	0.00
LBC	19	26.76	22.62	22.78	27.84	0.00	0.00
LBC	20	26.76	22.62	22.77	27.85	0.00	0.00
LBC	21	26.63	22.72	22.88	27.77	0.00	0.00
LBC	22	26.65	22.71	22.86	27.78	0.00	0.00
LBC	23	26.65	22.70	22.88	27.77	0.00	0.00
LBC	24	26.55	22.80	22.96	27.69	0.00	0.00
LBC	25	26.55	22.78	22.95	27.72	0.00	0.00
LBC	26	26.58	22.73	22.94	27.75	0.00	0.00
LBC	27	26.48	22.84	22.99	27.68	0.00	0.00
LBC	28	26.49	22.82	23.00	27.69	0.00	0.00
LBC	29	26.51	22.79	22.97	27.73	0.00	0.00
LBC	30	26.41	22.87	23.06	27.66	0.00	0.00
LBC	31	26.44	22.83	23.05	27.68	0.00	0.00
LBC	32	26.43	22.83	23.04	27.69	0.00	0.00
LBC	33	26.35	22.92	23.12	27.62	0.00	0.00
LBC	34	26.37	22.89	23.11	27.63	0.00	0.00
LBC	35	26.39	22.88	23.09	27.64	0.00	0.00
LBC	36	26.29	22.96	23.15	27.60	0.00	0.00
LBC	37	26.31	22.92	23.15	27.63	0.00	0.00
LBC	38	26.34	22.90	23.12	27.65	0.00	0.00
LBC	39	26.27	22.97	23.20	27.57	0.00	0.00
LBC	40	26.26	22.95	23.18	27.61	0.00	0.00
LBC	41	26.28	22.92	23.16	27.63	0.00	0.00
LBC	42	26.21	23.00	23.24	27.56	0.00	0.00
LBC	43	26.22	22.97	23.22	27.59	0.00	0.00
LBC	44	26.25	22.95	23.18	27.62	0.00	0.00
LBC	45	26.15	23.02	23.26	27.56	0.00	0.00
LBC	46	26.18	23.00	23.23	27.59	0.00	0.00
LBC	47	26.21	22.97	23.21	27.60	0.00	0.00
LBC	48	26.13	23.05	23.28	27.55	0.00	0.00
LBC	49	26.14	23.03	23.27	27.56	0.00	0.00
LBC	50	26.16	23.00	23.25	27.59	0.00	0.00
LBC	51	26.11	23.06	23.30	27.54	0.00	0.00
LBC	52	26.13	23.02	23.28	27.56	0.00	0.00
LBC	53	26.17	22.99	23.24	27.60	0.00	0.00
LBC	54	26.07	23.07	23.32	27.54	0.00	0.00
LBC	55	26.09	23.05	23.31	27.55	0.00	0.00
LBC	56	26.15	22.99	23.27	27.59	0.00	0.00
LBC	57	26.07	23.07	23.32	27.54	0.00	0.00
LBC	58	26.07	23.04	23.31	27.57	0.00	0.00
LBC	59	26.14	23.00	23.29	27.57	0.00	0.00
LBC	60	26.08	23.08	23.34	27.51	0.00	0.00
LBC	61	26.07	23.05	23.33	27.55	0.00	0.00
LBC	62	26.09	23.04	23.31	27.56	0.00	0.00
LBC	63	26.03	23.09	23.36	27.52	0.00	0.00
LBC	64	26.05	23.07	23.34	27.54	0.00	0.00
LBC	65	26.09	23.05	23.31	27.56	0.00	0.00
LBC	66	26.01	23.11	23.37	27.51	0.00	0.00
LBC	67	26.02	23.09	23.37	27.52	0.00	0.00
LBC	68	26.06	23.06	23.35	27.53	0.00	0.00
LBC	69	26.00	23.11	23.39	27.50	0.00	0.00
LBC	70	26.03	23.10	23.38	27.50	0.00	0.00
LBC	71	26.03	23.08	23.35	27.54	0.00	0.00
LBC	72	25.98	23.12	23.42	27.47	0.00	0.00
LBC	73	26.00	23.11	23.40	27.48	0.00	0.00
LBC	74	26.05	23.09	23.36	27.51	0.00	0.00
LBC	75	25.97	23.15	23.42	27.46	0.00	0.00
LBC	76	26.00	23.12	23.41	27.47	0.00	0.00
LBC	77	26.02	23.09	23.40	27.50	0.00	0.00
LBC	78	25.96	23.15	23.45	27.45	0.00	0.00
LBC	79	25.97	23.14	23.43	27.45	0.00	0.00
LBC	80	26.01	23.10	23.40	27.49	0.00	0.00
LBC	81	25.95	23.16	23.46	27.42	0.00	0.00
LBC	82	25.97	23.13	23.44	27.46	0.00	0.00
LBC	83	26.00	23.12	23.42	27.46	0.00	0.00
LBC	84	25.94	23.17	23.49	27.40	0.00	0.00
LBC	85	25.97	23.16	23.45	27.42	0.00	0.00
LBC	86	25.99	23.14	23.43	27.44	0.00	0.00
LBC	87	25.93	23.19	23.47	27.41	0.00	0.00
LBC	88	25.97	23.16	23.46	27.42	0.00	0.00
LBC	89	25.97	23.14	23.46	27.44	0.00	0.00
LBC	90	25.94	23.21	23.49	27.37	0.00	0.00
LBC	91	25.95	23.17	23.48	27.40	0.00	0.00
LBC	92	25.99	23.14	23.47	27.40	0.00	0.00
LBC	93	25.95	23.19	23.48	27.37	0.00	0.00
LBC	94	25.95	23.18	23.48	27.39	0.00	0.00
LBC	95	25.98	23.14	23.46	27.42	0.00	0.00
LBC	96	25.92	23.20	23.51	27.37	0.00	0.00
LBC	97	25.95	23.18	23.48	27.39	0.00	0.00
LBC	98	25.98	23.16	23.45	27.41	0.00	0.00
LBC	99	25.94	23.21	23.50	27.35	0.00	0.00
LBC	100	25.96	23.20	23.50	27.34	0.00	0.00
# ACGT raw counters for last fragments. Use `grep ^LTC | cut -f 2-` to extract this part. The columns are: A,C,G,T,N base counters
LTC	717967655	625094560	631381848	753381575	12641
# Insert sizes. Use `grep ^IS | cut -f 2-` to extract this part. The columns are: insert size, pairs total, inward oriented pairs, outward oriented pairs, other pairs
IS	0	76	0	5	71
IS	1	0	0	0	0
IS	2	16	0	11	5
IS	3	10	0	9	1
IS	4	12	0	12	0
IS	5	20	0	18	2
IS	6	16	0	16	0
IS	7	11	0	11	0
IS	8	6	0	5	1
IS	9	24	0	24	0
IS	10	14	0	14	0
IS	11	13	0	13	0
IS	12	15	0	15	0
IS	13	17	0	17	0
IS	14	21	0	21	0
IS	15	13	0	13	0
IS	16	14	0	14	0
IS	17	15	0	15	0
IS	18	19	0	19	0
IS	19	220	192	28	0
IS	20	143	115	28	0
IS	21	85	66	18	1
IS	22	45	23	21	1
IS	23	31	15	16	0
IS	24	45	27	18	0
IS	25	36	15	21	0
IS	26	38	11	27	0
IS	27	40	10	30	0
IS	28	30	12	18	0
IS	29	34	14	19	1
IS	30	27	10	17	0
IS	31	46	26	19	1
IS	32	41	21	20	0
IS	33	47	24	23	0
IS	34	40	19	21	0
IS	35	39	21	17	1
IS	36	47	26	21	0
IS	37	47	27	20	0
IS	38	57	34	23	0
IS	39	57	39	18	0
IS	40	50	30	19	1
IS	41	50	35	15	0
IS	42	53	38	15	0
IS	43	51	25	24	2
IS	44	59	34	23	2
IS	45	59	38	20	1
IS	46	60	37	22	1
IS	47	54	33	19	2
IS	48	75	48	27	0
IS	49	61	38	21	2
IS	50	61	40	19	2
IS	51	72	51	20	1
IS	52	71	46	24	1
IS	53	67	48	18	1
IS	54	81	59	22	0
IS	55	92	59	33	0
IS	56	100	78	21	1
IS	57	134	101	32	1
IS	58	118	96	20	2
IS	59	103	85	18	0
IS	60	107	80	26	1
IS	61	85	58	24	3
IS	62	97	69	27	1
IS	63	86	67	17	2
IS	64	92	66	25	1
IS	65	128	102	26	0
IS	66	206	166	38	2
IS	67	132	97	32	3
IS	68	119	90	26	3
IS	69	98	74	21	3
IS	70	116	92	21	3
IS	71	120	81	36	3
IS	72	107	81	26	0
IS	73	141	113	26	2
IS	74	144	118	23	3
IS	75	188	163	22	3
IS	76	154	133	18	3
IS	77	189	165	23	1
IS	78	178	152	21	5
IS	79	203	176	24	3
IS	80	257	230	24	3
IS	81	242	221	18	3
IS	82	294	258	31	5
IS	83	270	250	19	1
IS	84	534	509	22	3
IS	85	2252	2227	22	3
IS	86	1055	1028	24	3
IS	87	1568	1547	18	3
IS	88	2331	2308	21	2
IS	89	2973	2946	24	3
IS	90	3516	3496	19	1
IS	91	4046	4027	17	2
IS	92	4775	4748	26	1
IS	93	5328	5298	30	0
IS	94	6066	6035	28	3
IS	95	6939	6915	20	4
IS	96	7808	7765	39	4
IS	97	8937	8889	42	6
IS	98	9911	9858	52	1
IS	99	10984	10843	137	4
IS	100	12466	12455	6	5
IS	101	13723	13717	4	2
IS	102	15431	15423	4	4
IS	103	16893	16887	3	3
IS	104	18420	18409	4	7
IS	105	19945	19943	1	1
IS	106	22332	22322	4	6
IS	107	24388	24380	3	5
IS	108	26312	26309	0	3
IS	109	28191	28184	2	5
IS	110	30761	30758	0	3
IS	111	33285	33283	1	1
IS	112	35372	35365	2	5
IS	113	38019	38012	1	6
IS	114	40784	40782	0	2
IS	115	43439	43435	0	4
IS	116	46497	46489	4	4
IS	117	49199	49197	1	1
IS	118	51976	51972	1	3
IS	119	55314	55311	0	3
IS	120	58617	58615	0	2
IS	121	61273	61269	0	4
IS	122	64262	64260	1	1
IS	123	67186	67177	5	4
IS	124	70252	70249	0	3
IS	125	73991	73987	1	3
IS	126	77046	77042	0	4
IS	127	80037	80033	1	3
IS	128	83318	83312	5	1
IS	129	86250	86242	6	2
IS	130	89574	89569	1	4
IS	131	92332	92329	0	3
IS	132	95018	95015	0	3
IS	133	98568	98563	1	4
IS	134	101442	101439	0	3
IS	135	104432	104430	0	2
IS	136	107608	107605	2	1
IS	137	110238	110234	1	3
IS	138	113200	113200	0	0
IS	139	116711	116709	0	2
IS	140	119445	119440	2	3
IS	141	121798	121790	1	7
IS	142	124577	124574	0	3
IS	143	127395	127392	1	2
IS	144	129063	129060	1	2
IS	145	131783	131771	4	8
IS	146	134152	134146	1	5
IS	147	136095	136093	1	1
IS	148	139572	139570	0	2
IS	149	140935	140933	1	1
IS	150	143920	143914	2	4
IS	151	146714	146710	2	2
IS	152	147448	147444	3	1
IS	153	150137	150131	4	2
IS	154	151431	151427	2	2
IS	155	153146	153143	2	1
IS	156	154753	154746	1	6
IS	157	156336	156334	1	1
IS	158	158547	158542	4	1
IS	159	159576	159571	2	3
IS	160	161598	161596	1	1
IS	161	162099	162091	3	5
IS	162	163114	163113	0	1
IS	163	164685	164685	0	0
IS	164	165824	165821	2	1
IS	165	166542	166537	1	4
IS	166	168083	168079	0	4
IS	167	169675	169671	1	3
IS	168	169720	169713	3	4
IS	169	170760	170752	2	6
IS	170	171426	171423	0	3
IS	171	171544	171544	0	0
IS	172	172105	172101	3	1
IS	173	172878	172874	1	3
IS	174	173110	173105	3	2
IS	175	173914	173906	2	6
IS	176	173648	173645	0	3
IS	177	173427	173426	0	1
IS	178	174142	174141	1	0
IS	179	173613	173610	1	2
IS	180	173791	173789	0	2
IS	181	173211	173205	2	4
IS	182	172628	172624	2	2
IS	183	173197	173194	2	1
IS	184	173253	173248	1	4
IS	185	173137	173136	0	1
IS	186	172268	172266	1	1
IS	187	172814	172810	1	3
IS	188	172226	172225	0	1
IS	189	171958	171955	2	1
IS	190	170727	170726	0	1
IS	191	169564	169559	1	4
IS	192	168782	168778	2	2
IS	193	168913	168912	1	0
IS	194	168438	168435	1	2
IS	195	167678	167677	1	0
IS	196	166659	166653	1	5
IS	197	165941	165934	2	5
IS	198	165836	165836	0	0
IS	199	164641	164636	3	2
IS	200	163578	163577	1	0
IS	201	162979	162974	3	2
IS	202	161730	161729	0	1
IS	203	160977	160976	1	0
IS	204	158561	158558	2	1
IS	205	159713	159710	2	1
IS	206	157697	157692	5	0
IS	207	157647	157646	1	0
IS	208	156263	156262	1	0
IS	209	154951	154948	2	1
IS	210	154703	154702	0	1
IS	211	153037	153034	2	1
IS	212	151322	151321	0	1
IS	213	151361	151360	0	1
IS	214	148926	148925	1	0
IS	215	148571	148569	0	2
IS	216	148014	148014	0	0
IS	217	146729	146727	0	2
IS	218	145468	145465	0	3
IS	219	144804	144802	0	2
IS	220	143493	143491	1	1
IS	221	143159	143157	0	2
IS	222	141142	141140	0	2
IS	223	140565	140563	0	2
IS	224	138372	138371	0	1
IS	225	138435	138434	0	1
IS	226	136808	136806	2	0
IS	227	136107	136106	0	1
IS	228	134601	134600	0	1
IS	229	133763	133760	3	0
IS	230	133211	133210	1	0
IS	231	131141	131141	0	0
IS	232	130444	130444	0	0
IS	233	129494	129492	0	2
IS	234	127910	127910	0	0
IS	235	126713	126713	0	0
IS	236	125287	125285	2	0
IS	237	124166	124164	1	1
IS	238	123792	123791	0	1
IS	239	122538	122538	0	0
IS	240	121699	121699	0	0
IS	241	120796	120795	1	0
IS	242	118748	118744	1	3
IS	243	118348	118348	0	0
IS	244	116479	116475	3	1
IS	245	115782	115782	0	0
IS	246	114271	114270	0	1
IS	247	113197	113197	0	0
IS	248	112009	112008	1	0
IS	249	111572	111570	0	2
IS	250	110060	110060	0	0
IS	251	108900	108899	0	1
IS	252	107584	107584	0	0
IS	253	107322	107321	0	1
IS	254	105961	105959	2	0
IS	255	104399	104395	2	2
IS	256	103453	103449	0	4
IS	257	101858	101858	0	0
IS	258	101754	101752	1	1
IS	259	100304	100303	1	0
IS	260	99129	99129	0	0
IS	261	98308	98308	0	0
IS	262	96882	96881	0	1
IS	263	96082	96082	0	0
IS	264	95070	95070	0	0
IS	265	93866	93865	1	0
IS	266	92643	92643	0	0
IS	267	92074	92074	0	0
IS	268	91218	91217	1	0
IS	269	90405	90403	1	1
IS	270	89236	89236	0	0
IS	271	87651	87651	0	0
IS	272	86812	86810	1	1
IS	273	85762	85761	1	0
IS	274	84751	84750	1	0
IS	275	83835	83835	0	0
IS	276	82726	82725	0	1
IS	277	81364	81364	0	0
IS	278	80627	80627	0	0
IS	279	79961	79960	0	1
IS	280	79016	79016	0	0
IS	281	78074	78073	0	1
IS	282	77357	77357	0	0
IS	283	75971	75970	1	0
IS	284	75012	75010	1	1
IS	285	74366	74365	0	1
IS	286	73246	73244	1	1
IS	287	71866	71866	0	0
IS	288	71502	71501	1	0
IS	289	70448	70448	0	0
IS	290	69578	69577	0	1
IS	291	69058	69058	0	0
IS	292	68444	68443	1	0
IS	293	67588	67587	1	0
IS	294	66517	66517	0	0
IS	295	65299	65296	3	0
IS	296	64679	64678	1	0
IS	297	63575	63575	0	0
IS	298	62684	62683	0	1
IS	299	61790	61790	0	0
IS	300	61403	61403	0	0
IS	301	60722	60722	0	0
IS	302	59695	59695	0	0
IS	303	59440	59440	0	0
IS	304	58138	58138	0	0
IS	305	57566	57566	0	0
IS	306	56397	56396	1	0
IS	307	56063	56062	0	1
IS	308	55280	55280	0	0
IS	309	53890	53890	0	0
IS	310	53454	53453	1	0
IS	311	53024	53023	1	0
IS	312	52229	52228	1	0
IS	313	51508	51507	1	0
IS	314	50812	50812	0	0
IS	315	49986	49983	2	1
IS	316	49335	49335	0	0
IS	317	48657	48657	0	0
IS	318	48153	48152	1	0
IS	319	47265	47263	2	0
IS	320	46386	46384	1	1
IS	321	45503	45503	0	0
IS	322	45556	45556	0	0
IS	323	45018	45018	0	0
IS	324	44448	44448	0	0
IS	325	43560	43560	0	0
IS	326	42966	42966	0	0
IS	327	42679	42679	0	0
IS	328	42044	42044	0	0
IS	329	40892	40892	0	0
IS	330	40406	40404	2	0
IS	331	39811	39811	0	0
IS	332	39260	39259	1	0
IS	333	38774	38772	2	0
IS	334	38145	38144	1	0
IS	335	37414	37414	0	0
IS	336	37386	37384	2	0
IS	337	36704	36704	0	0
IS	338	35897	35896	1	0
IS	339	35642	35642	0	0
IS	340	34715	34714	1	0
IS	341	34278	34278	0	0
IS	342	33596	33595	1	0
IS	343	33314	33314	0	0
IS	344	32950	32950	0	0
IS	345	32180	32179	1	0
IS	346	31817	31815	1	1
IS	347	31268	31268	0	0
IS	348	30882	30882	0	0
IS	349	30483	30483	0	0
IS	350	30107	30106	1	0
IS	351	29339	29339	0	0
IS	352	28887	28887	0	0
IS	353	28365	28364	0	1
IS	354	28158	28158	0	0
IS	355	27723	27721	2	0
IS	356	27209	27208	1	0
IS	357	26931	26930	1	0
IS	358	26243	26242	1	0
IS	359	25956	25955	1	0
IS	360	25483	25483	0	0
IS	361	25070	25069	0	1
IS	362	24721	24721	0	0
IS	363	24297	24297	0	0
IS	364	23940	23939	1	0
IS	365	23568	23567	1	0
IS	366	23344	23343	1	0
IS	367	22977	22977	0	0
IS	368	22402	22400	1	1
IS	369	21989	21988	1	0
IS	370	21758	21756	2	0
IS	371	21605	21604	0	1
IS	372	21045	21044	1	0
IS	373	20713	20713	0	0
IS	374	20281	20281	0	0
IS	375	20049	20049	0	0
IS	376	19620	19620	0	0
IS	377	19395	19394	0	1
IS	378	18712	18712	0	0
IS	379	19043	19043	0	0
IS	380	18161	18161	0	0
IS	381	17851	17848	3	0
IS	382	17917	17917	0	0
IS	383	17690	17688	2	0
IS	384	17373	17373	0	0
IS	385	16805	16805	0	0
IS	386	16635	16635	0	0
IS	387	16232	16232	0	0
IS	388	16179	16178	0	1
IS	389	15803	15803	0	0
IS	390	15517	15516	1	0
IS	391	15103	15101	2	0
IS	392	15009	15009	0	0
IS	393	14661	14661	0	0
IS	394	14392	14392	0	0
IS	395	14040	14040	0	0
IS	396	14002	14002	0	0
IS	397	13897	13897	0	0
IS	398	13280	13280	0	0
IS	399	13117	13117	0	0
IS	400	13072	13072	0	0
IS	401	12910	12909	0	1
IS	402	12424	12424	0	0
IS	403	12352	12352	0	0
IS	404	12144	12144	0	0
IS	405	12070	12068	2	0
IS	406	11615	11615	0	0
IS	407	11504	11504	0	0
IS	408	11206	11206	0	0
IS	409	11060	11060	0	0
IS	410	10913	10912	1	0
IS	411	10863	10862	1	0
IS	412	10321	10321	0	0
IS	413	10351	10350	1	0
IS	414	9991	9990	1	0
IS	415	9950	9948	2	0
IS	416	9798	9796	2	0
IS	417	9612	9610	2	0
IS	418	9350	9346	4	0
IS	419	9305	9304	1	0
IS	420	9051	9051	0	0
IS	421	8991	8991	0	0
IS	422	8618	8618	0	0
IS	423	8437	8437	0	0
IS	424	8481	8480	1	0
IS	425	8210	8210	0	0
IS	426	8121	8120	0	1
IS	427	7822	7822	0	0
IS	428	7849	7848	1	0
IS	429	7539	7539	0	0
IS	430	7606	7606	0	0
IS	431	7324	7323	1	0
IS	432	7245	7243	2	0
IS	433	7193	7193	0	0
IS	434	6995	6995	0	0
IS	435	6859	6859	0	0
IS	436	6711	6710	1	0
IS	437	6509	6508	1	0
IS	438	6384	6384	0	0
IS	439	6403	6402	0	1
IS	440	6172	6169	3	0
IS	441	6059	6059	0	0
IS	442	6011	6008	3	0
IS	443	5871	5870	1	0
IS	444	5635	5635	0	0
IS	445	5768	5765	3	0
IS	446	5548	5548	0	0
# Read lengths. Use `grep ^RL | cut -f 2-` to extract this part. The columns are: read length, count
RL	31	2068
RL	32	1920
RL	33	1834
RL	34	1564
RL	35	1544
RL	36	1470
RL	37	1282
RL	38	1260
RL	39	1270
RL	40	1106
RL	41	1080
RL	42	944
RL	43	870
RL	44	862
RL	45	878
RL	46	708
RL	47	780
RL	48	764
RL	49	688
RL	50	662
RL	51	722
RL	52	716
RL	53	678
RL	54	672
RL	55	660
RL	56	750
RL	57	670
RL	58	688
RL	59	698
RL	60	806
RL	61	578
RL	62	760
RL	63	834
RL	64	644
RL	65	886
RL	66	1340
RL	67	812
RL	68	858
RL	69	706
RL	70	654
RL	71	668
RL	72	698
RL	73	762
RL	74	902
RL	75	924
RL	76	870
RL	77	750
RL	78	780
RL	79	798
RL	80	896
RL	81	866
RL	82	774
RL	83	866
RL	84	1352
RL	85	5154
RL	86	2652
RL	87	3766
RL	88	5302
RL	89	6588
RL	90	7612
RL	91	8778
RL	92	10166
RL	93	11208
RL	94	12616
RL	95	14442
RL	96	16104
RL	97	18348
RL	98	20522
RL	99	22486
RL	100	54372912
# Read lengths - first fragments. Use `grep ^FRL | cut -f 2-` to extract this part. The columns are: read length, count
FRL	31	1034
FRL	32	960
FRL	33	917
FRL	34	782
FRL	35	772
FRL	36	735
FRL	37	641
FRL	38	630
FRL	39	635
FRL	40	553
FRL	41	540
FRL	42	472
FRL	43	435
FRL	44	431
FRL	45	439
FRL	46	354
FRL	47	390
FRL	48	382
FRL	49	344
FRL	50	331
FRL	51	361
FRL	52	358
FRL	53	339
FRL	54	336
FRL	55	330
FRL	56	375
FRL	57	335
FRL	58	344
FRL	59	349
FRL	60	403
FRL	61	289
FRL	62	380
FRL	63	417
FRL	64	322
FRL	65	443
FRL	66	670
FRL	67	406
FRL	68	429
FRL	69	353
FRL	70	327
FRL	71	334
FRL	72	349
FRL	73	381
FRL	74	451
FRL	75	462
FRL	76	435
FRL	77	375
FRL	78	390
FRL	79	399
FRL	80	448
FRL	81	433
FRL	82	387
FRL	83	433
FRL	84	676
FRL	85	2577
FRL	86	1326
FRL	87	1883
FRL	88	2651
FRL	89	3294
FRL	90	3806
FRL	91	4389
FRL	92	5083
FRL	93	5604
FRL	94	6308
FRL	95	7221
FRL	96	8052
FRL	97	9174
FRL	98	10261
FRL	99	11243
FRL	100	27186456
# Read lengths - last fragments. Use `grep ^LRL | cut -f 2-` to extract this part. The columns are: read length, count
LRL	31	1034
LRL	32	960
LRL	33	917
LRL	34	782
LRL	35	772
LRL	36	735
LRL	37	641
LRL	38	630
LRL	39	635
LRL	40	553
LRL	41	540
LRL	42	472
LRL	43	435
LRL	44	431
LRL	45	439
LRL	46	354
LRL	47	390
LRL	48	382
LRL	49	344
LRL	50	331
LRL	51	361
LRL	52	358
LRL	53	339
LRL	54	336
LRL	55	330
LRL	56	375
LRL	57	335
LRL	58	344
LRL	59	349
LRL	60	403
LRL	61	289
LRL	62	380
LRL	63	417
LRL	64	322
LRL	65	443
LRL	66	670
LRL	67	406
LRL	68	429
LRL	69	353
LRL	70	327
LRL	71	334
LRL	72	349
LRL	73	381
LRL	74	451
LRL	75	462
LRL	76	435
LRL	77	375
LRL	78	390
LRL	79	399
LRL	80	448
LRL	81	433
LRL	82	387
LRL	83	433
LRL	84	676
LRL	85	2577
LRL	86	1326
LRL	87	1883
LRL	88	2651
LRL	89	3294
LRL	90	3806
LRL	91	4389
LRL	92	5083
LRL	93	5604
LRL	94	6308
LRL	95	7221
LRL	96	8052
LRL	97	9174
LRL	98	10261
LRL	99	11243
LRL	100	27186456
# Mapping qualities for reads !(UNMAP|SECOND|SUPPL|QCFAIL|DUP). Use `grep ^MAPQ | cut -f 2-` to extract this part. The columns are: mapq, count
MAPQ	0	4602186
MAPQ	1	10649
MAPQ	2	2644
MAPQ	3	21169
MAPQ	4	4835
MAPQ	5	5124
MAPQ	6	7517
MAPQ	7	13444
MAPQ	8	6237
MAPQ	9	24308
MAPQ	10	13006
MAPQ	11	3692
MAPQ	12	6838
MAPQ	13	10896
MAPQ	14	2845
MAPQ	15	21187
MAPQ	16	5160
MAPQ	17	6270
MAPQ	18	7601
MAPQ	19	18238
MAPQ	20	26470
MAPQ	21	31509
MAPQ	22	47211
MAPQ	23	49622
MAPQ	24	89453
MAPQ	25	178533
MAPQ	26	5801
MAPQ	27	437518
MAPQ	28	2971
MAPQ	29	2933
MAPQ	30	5613
MAPQ	31	9488
MAPQ	32	1858
MAPQ	33	23299
MAPQ	34	3601
MAPQ	35	3965
MAPQ	36	6005
MAPQ	37	12847
MAPQ	38	4164
MAPQ	39	31054
MAPQ	40	448580
MAPQ	41	5769
MAPQ	42	21125
MAPQ	43	18714
MAPQ	44	15821
MAPQ	45	53046
MAPQ	46	30560
MAPQ	47	75356
MAPQ	48	96783
MAPQ	49	90245
MAPQ	50	369705
MAPQ	51	15842
MAPQ	52	37500
MAPQ	53	11716
MAPQ	54	16525
MAPQ	55	46558
MAPQ	56	1847
MAPQ	57	60591
MAPQ	58	2422
MAPQ	59	5647
MAPQ	60	47392217
# Indel distribution. Use `grep ^ID | cut -f 2-` to extract this part. The columns are: length, number of insertions, number of deletions
ID	1	116935	158051
ID	2	24728	33886
ID	3	11157	18559
ID	4	9722	13469
ID	5	4760	4799
ID	6	2480	4798
ID	7	992	1204
ID	8	1488	2088
ID	9	1091	1048
ID	10	791	1201
ID	11	392	617
ID	12	518	1041
ID	13	199	403
ID	14	678	508
ID	15	205	594
ID	16	154	345
ID	17	115	240
ID	18	86	259
ID	19	57	127
ID	20	43	112
ID	21	26	146
ID	22	9	142
ID	23	24	107
ID	24	12	169
ID	25	7	58
ID	26	15	79
ID	27	1	71
ID	28	5	32
ID	29	0	8
ID	30	0	64
ID	31	0	3
ID	32	0	10
ID	33	0	4
ID	34	0	31
ID	35	0	9
ID	36	0	14
ID	37	0	14
ID	38	0	5
ID	39	0	1
ID	40	0	6
ID	41	0	1
ID	42	0	4
ID	44	0	1
# Indels per cycle. Use `grep ^IC | cut -f 2-` to extract this part. The columns are: cycle, number of insertions (fwd), .. (rev) , number of deletions (fwd), .. (rev)
IC	1	1	0	0	1
IC	2	0	0	1	0
IC	3	0	0	515	509
IC	4	438	481	548	644
IC	5	593	675	640	680
IC	6	654	580	738	821
IC	7	689	715	818	998
IC	8	741	757	885	1022
IC	9	768	824	1026	1181
IC	10	855	798	1084	1187
IC	11	841	863	1056	1232
IC	12	906	933	1207	1339
IC	13	951	953	1193	1319
IC	14	1004	1016	1201	1312
IC	15	1077	1032	1384	1310
IC	16	1152	1076	1340	1390
IC	17	1075	1104	1383	1376
IC	18	1087	1053	1381	1358
IC	19	1092	1057	1409	1438
IC	20	1047	1067	1363	1484
IC	21	1118	1130	1407	1416
IC	22	1106	1078	1384	1416
IC	23	1149	1018	1414	1441
IC	24	1104	1005	1366	1412
IC	25	1092	1039	1455	1381
IC	26	1097	1071	1406	1390
IC	27	1079	1008	1326	1435
IC	28	1025	1073	1361	1336
IC	29	1054	986	1444	1348
IC	30	1031	1044	1411	1354
IC	31	1096	1058	1368	1357
IC	32	1077	1014	1356	1431
IC	33	1003	1003	1353	1344
IC	34	1055	1020	1369	1316
IC	35	1137	1042	1284	1369
IC	36	992	994	1364	1303
IC	37	996	968	1351	1367
IC	38	1023	1038	1333	1310
IC	39	1018	967	1371	1304
IC	40	1038	1010	1386	1291
IC	41	954	1002	1347	1351
IC	42	983	1046	1353	1310
IC	43	1095	1019	1345	1346
IC	44	1064	958	1370	1342
IC	45	994	1018	1398	1312
IC	46	1066	1026	1337	1341
IC	47	1045	977	1398	1317
IC	48	1052	956	1441	1299
IC	49	1009	1026	1382	1394
IC	50	1027	1054	1435	1286
IC	51	1088	1008	1413	1408
IC	52	1014	987	1409	1352
IC	53	1061	1043	1321	1413
IC	54	1039	950	1378	1414
IC	55	1092	1014	1299	1395
IC	56	1024	1022	1426	1361
IC	57	992	970	1329	1397
IC	58	1080	928	1416	1344
IC	59	1032	955	1454	1393
IC	60	1057	1025	1460	1448
IC	61	1024	1035	1380	1474
IC	62	1040	1055	1526	1459
IC	63	1029	1029	1497	1411
IC	64	1096	962	1502	1493
IC	65	999	990	1432	1447
IC	66	1094	1001	1461	1449
IC	67	1021	999	1485	1476
IC	68	1013	1039	1471	1484
IC	69	1001	928	1432	1432
IC	70	1013	961	1447	1496
IC	71	961	942	1469	1423
IC	72	940	926	1479	1326
IC	73	930	955	1415	1419
IC	74	992	1000	1410	1442
IC	75	930	1015	1489	1410
IC	76	940	941	1417	1378
IC	77	905	903	1447	1327
IC	78	939	937	1379	1321
IC	79	931	912	1382	1348
IC	80	931	872	1363	1314
IC	81	920	888	1326	1285
IC	82	907	853	1398	1368
IC	83	940	792	1312	1232
IC	84	820	796	1286	1239
IC	85	836	772	1212	1260
IC	86	810	766	1211	1197
IC	87	776	803	1299	1164
IC	88	723	707	1082	1068
IC	89	703	618	1094	1062
IC	90	702	585	1106	1071
IC	91	648	599	1104	975
IC	92	612	634	1070	975
IC	93	637	615	882	863
IC	94	645	620	955	916
IC	95	655	724	995	915
IC	96	686	728	983	933
IC	97	702	774	908	833
# Coverage distribution. Use `grep ^COV | cut -f 2-` to extract this part.
COV	[1-1]	1	128463587
COV	[2-2]	2	39007394
COV	[3-3]	3	10847680
COV	[4-4]	4	8438578
COV	[5-5]	5	5528056
COV	[6-6]	6	4726246
COV	[7-7]	7	4010252
COV	[8-8]	8	3572094
COV	[9-9]	9	3228666
COV	[10-10]	10	2961055
COV	[11-11]	11	2727081
COV	[12-12]	12	2540557
COV	[13-13]	13	2380179
COV	[14-14]	14	2238631
COV	[15-15]	15	2118030
COV	[16-16]	16	2013835
COV	[17-17]	17	1922913
COV	[18-18]	18	1840620
COV	[19-19]	19	1759341
COV	[20-20]	20	1697901
COV	[21-21]	21	1629396
COV	[22-22]	22	1572641
COV	[23-23]	23	1526513
COV	[24-24]	24	1477704
COV	[25-25]	25	1433514
COV	[26-26]	26	1389513
COV	[27-27]	27	1349746
COV	[28-28]	28	1309607
COV	[29-29]	29	1274663
COV	[30-30]	30	1240953
COV	[31-31]	31	1214535
COV	[32-32]	32	1186459
COV	[33-33]	33	1159549
COV	[34-34]	34	1129934
COV	[35-35]	35	1101761
COV	[36-36]	36	1081538
COV	[37-37]	37	1056752
COV	[38-38]	38	1034047
COV	[39-39]	39	1011247
COV	[40-40]	40	990288
COV	[41-41]	41	973490
COV	[42-42]	42	953107
COV	[43-43]	43	934313
COV	[44-44]	44	915110
COV	[45-45]	45	898628
COV	[46-46]	46	881241
COV	[47-47]	47	863014
COV	[48-48]	48	846236
COV	[49-49]	49	833123
COV	[50-50]	50	818632
COV	[51-51]	51	804886
COV	[52-52]	52	791470
COV	[53-53]	53	774517
COV	[54-54]	54	759249
COV	[55-55]	55	748064
COV	[56-56]	56	734810
COV	[57-57]	57	716901
COV	[58-58]	58	707006
COV	[59-59]	59	693787
COV	[60-60]	60	682235
COV	[61-61]	61	670597
COV	[62-62]	62	657720
COV	[63-63]	63	644289
COV	[64-64]	64	632957
COV	[65-65]	65	619839
COV	[66-66]	66	605752
COV	[67-67]	67	593925
COV	[68-68]	68	583537
COV	[69-69]	69	572328
COV	[70-70]	70	561372
COV	[71-71]	71	552096
COV	[72-72]	72	542326
COV	[73-73]	73	528840
COV	[74-74]	74	517937
COV	[75-75]	75	506177
COV	[76-76]	76	498463
COV	[77-77]	77	488867
COV	[78-78]	78	478532
COV	[79-79]	79	468753
COV	[80-80]	80	456803
COV	[81-81]	81	446215
COV	[82-82]	82	437591
COV	[83-83]	83	428719
COV	[84-84]	84	419603
COV	[85-85]	85	411327
COV	[86-86]	86	401772
COV	[87-87]	87	393769
COV	[88-88]	88	384526
COV	[89-89]	89	375622
COV	[90-90]	90	366590
COV	[91-91]	91	357898
COV	[92-92]	92	350019
COV	[93-93]	93	342031
COV	[94-94]	94	334236
COV	[95-95]	95	327281
COV	[96-96]	96	319222
COV	[97-97]	97	311777
COV	[98-98]	98	304513
COV	[99-99]	99	297096
COV	[100-100]	100	290799
COV	[101-101]	101	284332
COV	[102-102]	102	277826
COV	[103-103]	103	271628
COV	[104-104]	104	265265
COV	[105-105]	105	259384
COV	[106-106]	106	252550
COV	[107-107]	107	246171
COV	[108-108]	108	239718
COV	[109-109]	109	233493
COV	[110-110]	110	228669
COV	[111-111]	111	221483
COV	[112-112]	112	215982
COV	[113-113]	113	211085
COV	[114-114]	114	205084
COV	[115-115]	115	200971
COV	[116-116]	116	195362
COV	[117-117]	117	190781
COV	[118-118]	118	186168
COV	[119-119]	119	180917
COV	[120-120]	120	177083
COV	[121-121]	121	172517
COV	[122-122]	122	166984
COV	[123-123]	123	163531
COV	[124-124]	124	159342
COV	[125-125]	125	155876
COV	[126-126]	126	152005
COV	[127-127]	127	147663
COV	[128-128]	128	143774
COV	[129-129]	129	140344
COV	[130-130]	130	135754
COV	[131-131]	131	131866
COV	[132-132]	132	128146
COV	[133-133]	133	125777
COV	[134-134]	134	122474
COV	[135-135]	135	119879
COV	[136-136]	136	115796
COV	[137-137]	137	113784
COV	[138-138]	138	111664
COV	[139-139]	139	108096
COV	[140-140]	140	105233
COV	[141-141]	141	103044
COV	[142-142]	142	99707
COV	[143-143]	143	97404
COV	[144-144]	144	94664
COV	[145-145]	145	91615
COV	[146-146]	146	89661
COV	[147-147]	147	87532
COV	[148-148]	148	85223
COV	[149-149]	149	82651
COV	[150-150]	150	81038
COV	[151-151]	151	78629
COV	[152-152]	152	76900
COV	[153-153]	153	74871
COV	[154-154]	154	72323
COV	[155-155]	155	71034
COV	[156-156]	156	69069
COV	[157-157]	157	67739
COV	[158-158]	158	65289
COV	[159-159]	159	64068
COV	[160-160]	160	62132
COV	[161-161]	161	60167
COV	[162-162]	162	58791
COV	[163-163]	163	57420
COV	[164-164]	164	55987
COV	[165-165]	165	54933
COV	[166-166]	166	52888
COV	[167-167]	167	51746
COV	[168-168]	168	50451
COV	[169-169]	169	49446
COV	[170-170]	170	48293
COV	[171-171]	171	46749
COV	[172-172]	172	45619
COV	[173-173]	173	44541
COV	[174-174]	174	43585
COV	[175-175]	175	42221
COV	[176-176]	176	41345
COV	[177-177]	177	40257
COV	[178-178]	178	39019
COV	[179-179]	179	37098
COV	[180-180]	180	36711
COV	[181-181]	181	36015
COV	[182-182]	182	35535
COV	[183-183]	183	34147
COV	[184-184]	184	33310
COV	[185-185]	185	32406
COV	[186-186]	186	31759
COV	[187-187]	187	30985
COV	[188-188]	188	30199
COV	[189-189]	189	29942
COV	[190-190]	190	28531
COV	[191-191]	191	28095
COV	[192-192]	192	27149
COV	[193-193]	193	26698
COV	[194-194]	194	25902
COV	[195-195]	195	25563
COV	[196-196]	196	25045
COV	[197-197]	197	24030
COV	[198-198]	198	23390
COV	[199-199]	199	23058
COV	[200-200]	200	22438
COV	[201-201]	201	21739
COV	[202-202]	202	21479
COV	[203-203]	203	20894
COV	[204-204]	204	20477
COV	[205-205]	205	19954
COV	[206-206]	206	19395
COV	[207-207]	207	18885
COV	[208-208]	208	18437
COV	[209-209]	209	18152
COV	[210-210]	210	17628
COV	[211-211]	211	17340
COV	[212-212]	212	16783
COV	[213-213]	213	16618
COV	[214-214]	214	15859
COV	[215-215]	215	15571
COV	[216-216]	216	15411
COV	[217-217]	217	14935
COV	[218-218]	218	14533
COV	[219-219]	219	14408
COV	[220-220]	220	14198
COV	[221-221]	221	13211
COV	[222-222]	222	13239
COV	[223-223]	223	13015
COV	[224-224]	224	12532
COV	[225-225]	225	12264
COV	[226-226]	226	12146
COV	[227-227]	227	11707
COV	[228-228]	228	11488
COV	[229-229]	229	11204
COV	[230-230]	230	11053
COV	[231-231]	231	10911
COV	[232-232]	232	10685
COV	[233-233]	233	10482
COV	[234-234]	234	10295
COV	[235-235]	235	10108
COV	[236-236]	236	9747
COV	[237-237]	237	9523
COV	[238-238]	238	9141
COV	[239-239]	239	9066
COV	[240-240]	240	8891
COV	[241-241]	241	8805
COV	[242-242]	242	8600
COV	[243-243]	243	8618
COV	[244-244]	244	8207
COV	[245-245]	245	8103
COV	[246-246]	246	7938
COV	[247-247]	247	7773
COV	[248-248]	248	7720
COV	[249-249]	249	7485
COV	[250-250]	250	7245
COV	[251-251]	251	7036
COV	[252-252]	252	6905
COV	[253-253]	253	6866
COV	[254-254]	254	6749
COV	[255-255]	255	6569
COV	[256-256]	256	6472
COV	[257-257]	257	6371
COV	[258-258]	258	6241
COV	[259-259]	259	6296
COV	[260-260]	260	5917
COV	[261-261]	261	5957
COV	[262-262]	262	5832
COV	[263-263]	263	5714
COV	[264-264]	264	5470
COV	[265-265]	265	5595
COV	[266-266]	266	5294
COV	[267-267]	267	5299
COV	[268-268]	268	5142
COV	[269-269]	269	5077
COV	[270-270]	270	5041
COV	[271-271]	271	4922
COV	[272-272]	272	4803
COV	[273-273]	273	4682
COV	[274-274]	274	4659
COV	[275-275]	275	4581
COV	[276-276]	276	4570
COV	[277-277]	277	4585
COV	[278-278]	278	4460
COV	[279-279]	279	4258
COV	[280-280]	280	4305
COV	[281-281]	281	4291
COV	[282-282]	282	4072
COV	[283-283]	283	3866
COV	[284-284]	284	3947
COV	[285-285]	285	3817
COV	[286-286]	286	3759
COV	[287-287]	287	3662
COV	[288-288]	288	3706
COV	[289-289]	289	3513
COV	[290-290]	290	3554
COV	[291-291]	291	3622
COV	[292-292]	292	3548
COV	[293-293]	293	3376
COV	[294-294]	294	3434
COV	[295-295]	295	3325
COV	[296-296]	296	3202
COV	[297-297]	297	3128
COV	[298-298]	298	3105
COV	[299-299]	299	3045
COV	[300-300]	300	2986
COV	[301-301]	301	2985
COV	[302-302]	302	2945
COV	[303-303]	303	2927
COV	[304-304]	304	2780
COV	[305-305]	305	2800
COV	[306-306]	306	2735
COV	[307-307]	307	2733
COV	[308-308]	308	2778
COV	[309-309]	309	2789
COV	[310-310]	310	2661
COV	[311-311]	311	2597
COV	[312-312]	312	2546
COV	[313-313]	313	2499
COV	[314-314]	314	2505
COV	[315-315]	315	2421
COV	[316-316]	316	2334
COV	[317-317]	317	2409
COV	[318-318]	318	2289
COV	[319-319]	319	2293
COV	[320-320]	320	2323
COV	[321-321]	321	2247
COV	[322-322]	322	2251
COV	[323-323]	323	2160
COV	[324-324]	324	2171
COV	[325-325]	325	2169
COV	[326-326]	326	1999
COV	[327-327]	327	2050
COV	[328-328]	328	2073
COV	[329-329]	329	2019
COV	[330-330]	330	2025
COV	[331-331]	331	1979
COV	[332-332]	332	1971
COV	[333-333]	333	2008
COV	[334-334]	334	1850
COV	[335-335]	335	1847
COV	[336-336]	336	1894
COV	[337-337]	337	1927
COV	[338-338]	338	1957
COV	[339-339]	339	1875
COV	[340-340]	340	1862
COV	[341-341]	341	1876
COV	[342-342]	342	1843
COV	[343-343]	343	1780
COV	[344-344]	344	1771
COV	[345-345]	345	1773
COV	[346-346]	346	1701
COV	[347-347]	347	1715
COV	[348-348]	348	1692
COV	[349-349]	349	1576
COV	[350-350]	350	1666
COV	[351-351]	351	1547
COV	[352-352]	352	1589
COV	[353-353]	353	1590
COV	[354-354]	354	1655
COV	[355-355]	355	1582
COV	[356-356]	356	1526
COV	[357-357]	357	1602
COV	[358-358]	358	1582
COV	[359-359]	359	1495
COV	[360-360]	360	1508
COV	[361-361]	361	1429
COV	[362-362]	362	1350
COV	[363-363]	363	1350
COV	[364-364]	364	1369
COV	[365-365]	365	1298
COV	[366-366]	366	1313
COV	[367-367]	367	1330
COV	[368-368]	368	1304
COV	[369-369]	369	1298
COV	[370-370]	370	1209
COV	[371-371]	371	1254
COV	[372-372]	372	1232
COV	[373-373]	373	1320
COV	[374-374]	374	1176
COV	[375-375]	375	1285
COV	[376-376]	376	1173
COV	[377-377]	377	1210
COV	[378-378]	378	1185
COV	[379-379]	379	1136
COV	[380-380]	380	1211
COV	[381-381]	381	1159
COV	[382-382]	382	1105
COV	[383-383]	383	1060
COV	[384-384]	384	1045
COV	[385-385]	385	1071
COV	[386-386]	386	1056
COV	[387-387]	387	1036
COV	[388-388]	388	961
COV	[389-389]	389	1047
COV	[390-390]	390	957
COV	[391-391]	391	988
COV	[392-392]	392	942
COV	[393-393]	393	958
COV	[394-394]	394	893
COV	[395-395]	395	948
COV	[396-396]	396	928
COV	[397-397]	397	901
COV	[398-398]	398	861
COV	[399-399]	399	884
COV	[400-400]	400	915
COV	[401-401]	401	881
COV	[402-402]	402	854
COV	[403-403]	403	848
COV	[404-404]	404	814
COV	[405-405]	405	827
COV	[406-406]	406	822
COV	[407-407]	407	789
COV	[408-408]	408	783
COV	[409-409]	409	792
COV	[410-410]	410	814
COV	[411-411]	411	745
COV	[412-412]	412	778
COV	[413-413]	413	735
COV	[414-414]	414	716
COV	[415-415]	415	724
COV	[416-416]	416	787
COV	[417-417]	417	746
COV	[418-418]	418	737
COV	[419-419]	419	739
COV	[420-420]	420	729
COV	[421-421]	421	679
COV	[422-422]	422	706
COV	[423-423]	423	689
COV	[424-424]	424	671
COV	[425-425]	425	664
COV	[426-426]	426	720
COV	[427-427]	427	673
COV	[428-428]	428	651
COV	[429-429]	429	657
COV	[430-430]	430	642
COV	[431-431]	431	606
COV	[432-432]	432	643
COV	[433-433]	433	589
COV	[434-434]	434	651
COV	[435-435]	435	606
COV	[436-436]	436	590
COV	[437-437]	437	592
COV	[438-438]	438	563
COV	[439-439]	439	600
COV	[440-440]	440	563
COV	[441-441]	441	573
COV	[442-442]	442	579
COV	[443-443]	443	595
COV	[444-444]	444	592
COV	[445-445]	445	515
COV	[446-446]	446	527
COV	[447-447]	447	540
COV	[448-448]	448	522
COV	[449-449]	449	521
COV	[450-450]	450	486
COV	[451-451]	451	506
COV	[452-452]	452	534
COV	[453-453]	453	500
COV	[454-454]	454	522
COV	[455-455]	455	499
COV	[456-456]	456	504
COV	[457-457]	457	547
COV	[458-458]	458	473
COV	[459-459]	459	498
COV	[460-460]	460	498
COV	[461-461]	461	514
COV	[462-462]	462	512
COV	[463-463]	463	480
COV	[464-464]	464	489
COV	[465-465]	465	462
COV	[466-466]	466	440
COV	[467-467]	467	458
COV	[468-468]	468	424
COV	[469-469]	469	405
COV	[470-470]	470	413
COV	[471-471]	471	415
COV	[472-472]	472	396
COV	[473-473]	473	406
COV	[474-474]	474	403
COV	[475-475]	475	424
COV	[476-476]	476	402
COV	[477-477]	477	419
COV	[478-478]	478	427
COV	[479-479]	479	387
COV	[480-480]	480	365
COV	[481-481]	481	348
COV	[482-482]	482	352
COV	[483-483]	483	354
COV	[484-484]	484	387
COV	[485-485]	485	366
COV	[486-486]	486	351
COV	[487-487]	487	369
COV	[488-488]	488	342
COV	[489-489]	489	350
COV	[490-490]	490	330
COV	[491-491]	491	352
COV	[492-492]	492	309
COV	[493-493]	493	297
COV	[494-494]	494	357
COV	[495-495]	495	315
COV	[496-496]	496	322
COV	[497-497]	497	350
COV	[498-498]	498	351
COV	[499-499]	499	338
COV	[500-500]	500	353
COV	[501-501]	501	310
COV	[502-502]	502	330
COV	[503-503]	503	334
COV	[504-504]	504	345
COV	[505-505]	505	338
COV	[506-506]	506	334
COV	[507-507]	507	322
COV	[508-508]	508	347
COV	[509-509]	509	320
COV	[510-510]	510	322
COV	[511-511]	511	294
COV	[512-512]	512	297
COV	[513-513]	513	310
COV	[514-514]	514	299
COV	[515-515]	515	313
COV	[516-516]	516	313
COV	[517-517]	517	305
COV	[518-518]	518	269
COV	[519-519]	519	278
COV	[520-520]	520	296
COV	[521-521]	521	318
COV	[522-522]	522	302
COV	[523-523]	523	309
COV	[524-524]	524	291
COV	[525-525]	525	256
COV	[526-526]	526	296
COV	[527-527]	527	285
COV	[528-528]	528	266
COV	[529-529]	529	297
COV	[530-530]	530	276
COV	[531-531]	531	307
COV	[532-532]	532	295
COV	[533-533]	533	297
COV	[534-534]	534	284
COV	[535-535]	535	271
COV	[536-536]	536	279
COV	[537-537]	537	260
COV	[538-538]	538	266
COV	[539-539]	539	235
COV	[540-540]	540	250
COV	[541-541]	541	246
COV	[542-542]	542	254
COV	[543-543]	543	273
COV	[544-544]	544	238
COV	[545-545]	545	251
COV	[546-546]	546	231
COV	[547-547]	547	239
COV	[548-548]	548	260
COV	[549-549]	549	275
COV	[550-550]	550	251
COV	[551-551]	551	241
COV	[552-552]	552	271
COV	[553-553]	553	232
COV	[554-554]	554	238
COV	[555-555]	555	270
COV	[556-556]	556	209
COV	[557-557]	557	222
COV	[558-558]	558	236
COV	[559-559]	559	221
COV	[560-560]	560	227
COV	[561-561]	561	218
COV	[562-562]	562	230
COV	[563-563]	563	201
COV	[564-564]	564	195
COV	[565-565]	565	195
COV	[566-566]	566	191
COV	[567-567]	567	209
COV	[568-568]	568	191
COV	[569-569]	569	212
COV	[570-570]	570	230
COV	[571-571]	571	211
COV	[572-572]	572	195
COV	[573-573]	573	211
COV	[574-574]	574	190
COV	[575-575]	575	219
COV	[576-576]	576	199
COV	[577-577]	577	234
COV	[578-578]	578	184
COV	[579-579]	579	167
COV	[580-580]	580	180
COV	[581-581]	581	182
COV	[582-582]	582	181
COV	[583-583]	583	183
COV	[584-584]	584	170
COV	[585-585]	585	184
COV	[586-586]	586	190
COV	[587-587]	587	165
COV	[588-588]	588	165
COV	[589-589]	589	166
COV	[590-590]	590	187
COV	[591-591]	591	175
COV	[592-592]	592	148
COV	[593-593]	593	160
COV	[594-594]	594	157
COV	[595-595]	595	167
COV	[596-596]	596	167
COV	[597-597]	597	164
COV	[598-598]	598	152
COV	[599-599]	599	197
COV	[600-600]	600	173
COV	[601-601]	601	165
COV	[602-602]	602	162
COV	[603-603]	603	168
COV	[604-604]	604	174
COV	[605-605]	605	173
COV	[606-606]	606	175
COV	[607-607]	607	156
COV	[608-608]	608	180
COV	[609-609]	609	147
COV	[610-610]	610	179
COV	[611-611]	611	180
COV	[612-612]	612	141
COV	[613-613]	613	154
COV	[614-614]	614	161
COV	[615-615]	615	164
COV	[616-616]	616	160
COV	[617-617]	617	148
COV	[618-618]	618	170
COV	[619-619]	619	156
COV	[620-620]	620	162
COV	[621-621]	621	168
COV	[622-622]	622	158
COV	[623-623]	623	137
COV	[624-624]	624	150
COV	[625-625]	625	122
COV	[626-626]	626	150
COV	[627-627]	627	128
COV	[628-628]	628	144
COV	[629-629]	629	144
COV	[630-630]	630	146
COV	[631-631]	631	140
COV	[632-632]	632	126
COV	[633-633]	633	127
COV	[634-634]	634	141
COV	[635-635]	635	106
COV	[636-636]	636	117
COV	[637-637]	637	115
COV	[638-638]	638	129
COV	[639-639]	639	111
COV	[640-640]	640	113
COV	[641-641]	641	117
COV	[642-642]	642	134
COV	[643-643]	643	125
COV	[644-644]	644	114
COV	[645-645]	645	117
COV	[646-646]	646	122
COV	[647-647]	647	119
COV	[648-648]	648	113
COV	[649-649]	649	102
COV	[650-650]	650	111
COV	[651-651]	651	97
COV	[652-652]	652	97
COV	[653-653]	653	85
COV	[654-654]	654	120
COV	[655-655]	655	95
COV	[656-656]	656	108
COV	[657-657]	657	108
COV	[658-658]	658	95
COV	[659-659]	659	92
COV	[660-660]	660	101
COV	[661-661]	661	88
COV	[662-662]	662	74
COV	[663-663]	663	109
COV	[664-664]	664	88
COV	[665-665]	665	78
COV	[666-666]	666	89
COV	[667-667]	667	95
COV	[668-668]	668	89
COV	[669-669]	669	89
COV	[670-670]	670	77
COV	[671-671]	671	96
COV	[672-672]	672	92
COV	[673-673]	673	86
COV	[674-674]	674	83
COV	[675-675]	675	86
COV	[676-676]	676	80
COV	[677-677]	677	83
COV	[678-678]	678	87
COV	[679-679]	679	82
COV	[680-680]	680	85
COV	[681-681]	681	100
COV	[682-682]	682	100
COV	[683-683]	683	87
COV	[684-684]	684	71
COV	[685-685]	685	82
COV	[686-686]	686	83
COV	[687-687]	687	83
COV	[688-688]	688	70
COV	[689-689]	689	68
COV	[690-690]	690	74
COV	[691-691]	691	75
COV	[692-692]	692	65
COV	[693-693]	693	66
COV	[694-694]	694	77
COV	[695-695]	695	71
COV	[696-696]	696	72
COV	[697-697]	697	76
COV	[698-698]	698	82
COV	[699-699]	699	63
COV	[700-700]	700	70
COV	[701-701]	701	58
COV	[702-702]	702	86
COV	[703-703]	703	79
COV	[704-704]	704	99
COV	[705-705]	705	53
COV	[706-706]	706	65
COV	[707-707]	707	71
COV	[708-708]	708	74
COV	[709-709]	709	71
COV	[710-710]	710	73
COV	[711-711]	711	74
COV	[712-712]	712	69
COV	[713-713]	713	68
COV	[714-714]	714	60
COV	[715-715]	715	49
COV	[716-716]	716	60
COV	[717-717]	717	63
COV	[718-718]	718	58
COV	[719-719]	719	54
COV	[720-720]	720	69
COV	[721-721]	721	72
COV	[722-722]	722	75
COV	[723-723]	723	48
COV	[724-724]	724	49
COV	[725-725]	725	50
COV	[726-726]	726	70
COV	[727-727]	727	49
COV	[728-728]	728	59
COV	[729-729]	729	60
COV	[730-730]	730	69
COV	[731-731]	731	61
COV	[732-732]	732	59
COV	[733-733]	733	43
COV	[734-734]	734	68
COV	[735-735]	735	52
COV	[736-736]	736	57
COV	[737-737]	737	64
COV	[738-738]	738	45
COV	[739-739]	739	55
COV	[740-740]	740	42
COV	[741-741]	741	62
COV	[742-742]	742	66
COV	[743-743]	743	40
COV	[744-744]	744	62
COV	[745-745]	745	50
COV	[746-746]	746	40
COV	[747-747]	747	36
COV	[748-748]	748	37
COV	[749-749]	749	46
COV	[750-750]	750	50
COV	[751-751]	751	39
COV	[752-752]	752	48
COV	[753-753]	753	39
COV	[754-754]	754	39
COV	[755-755]	755	56
COV	[756-756]	756	38
COV	[757-757]	757	55
COV	[758-758]	758	39
COV	[759-759]	759	49
COV	[760-760]	760	47
COV	[761-761]	761	47
COV	[762-762]	762	48
COV	[763-763]	763	51
COV	[764-764]	764	51
COV	[765-765]	765	55
COV	[766-766]	766	50
COV	[767-767]	767	39
COV	[768-768]	768	46
COV	[769-769]	769	50
COV	[770-770]	770	50
COV	[771-771]	771	58
COV	[772-772]	772	42
COV	[773-773]	773	59
COV	[774-774]	774	66
COV	[775-775]	775	57
COV	[776-776]	776	47
COV	[777-777]	777	56
COV	[778-778]	778	56
COV	[779-779]	779	59
COV	[780-780]	780	57
COV	[781-781]	781	53
COV	[782-782]	782	42
COV	[783-783]	783	43
COV	[784-784]	784	49
COV	[785-785]	785	46
COV	[786-786]	786	42
COV	[787-787]	787	47
COV	[788-788]	788	40
COV	[789-789]	789	59
COV	[790-790]	790	45
COV	[791-791]	791	46
COV	[792-792]	792	49
COV	[793-793]	793	34
COV	[794-794]	794	40
COV	[795-795]	795	54
COV	[796-796]	796	43
COV	[797-797]	797	41
COV	[798-798]	798	41
COV	[799-799]	799	40
COV	[800-800]	800	38
COV	[801-801]	801	39
COV	[802-802]	802	46
COV	[803-803]	803	52
COV	[804-804]	804	48
COV	[805-805]	805	41
COV	[806-806]	806	39
COV	[807-807]	807	41
COV	[808-808]	808	46
COV	[809-809]	809	32
COV	[810-810]	810	41
COV	[811-811]	811	35
COV	[812-812]	812	31
COV	[813-813]	813	39
COV	[814-814]	814	39
COV	[815-815]	815	36
COV	[816-816]	816	39
COV	[817-817]	817	25
COV	[818-818]	818	48
COV	[819-819]	819	27
COV	[820-820]	820	30
COV	[821-821]	821	27
COV	[822-822]	822	38
COV	[823-823]	823	26
COV	[824-824]	824	40
COV	[825-825]	825	30
COV	[826-826]	826	24
COV	[827-827]	827	29
COV	[828-828]	828	27
COV	[829-829]	829	35
COV	[830-830]	830	30
COV	[831-831]	831	23
COV	[832-832]	832	23
COV	[833-833]	833	22
COV	[834-834]	834	32
COV	[835-835]	835	29
COV	[836-836]	836	39
COV	[837-837]	837	35
COV	[838-838]	838	24
COV	[839-839]	839	38
COV	[840-840]	840	33
COV	[841-841]	841	46
COV	[842-842]	842	31
COV	[843-843]	843	36
COV	[844-844]	844	30
COV	[845-845]	845	33
COV	[846-846]	846	32
COV	[847-847]	847	37
COV	[848-848]	848	36
COV	[849-849]	849	30
COV	[850-850]	850	35
COV	[851-851]	851	31
COV	[852-852]	852	27
COV	[853-853]	853	27
COV	[854-854]	854	43
COV	[855-855]	855	32
COV	[856-856]	856	27
COV	[857-857]	857	35
COV	[858-858]	858	41
COV	[859-859]	859	29
COV	[860-860]	860	39
COV	[861-861]	861	28
COV	[862-862]	862	37
COV	[863-863]	863	28
COV	[864-864]	864	34
COV	[865-865]	865	31
COV	[866-866]	866	38
COV	[867-867]	867	41
COV	[868-868]	868	39
COV	[869-869]	869	34
COV	[870-870]	870	28
COV	[871-871]	871	32
COV	[872-872]	872	35
COV	[873-873]	873	29
COV	[874-874]	874	39
COV	[875-875]	875	34
COV	[876-876]	876	27
COV	[877-877]	877	25
COV	[878-878]	878	28
COV	[879-879]	879	37
COV	[880-880]	880	26
COV	[881-881]	881	23
COV	[882-882]	882	32
COV	[883-883]	883	28
COV	[884-884]	884	37
COV	[885-885]	885	25
COV	[886-886]	886	29
COV	[887-887]	887	34
COV	[888-888]	888	39
COV	[889-889]	889	43
COV	[890-890]	890	48
COV	[891-891]	891	36
COV	[892-892]	892	35
COV	[893-893]	893	42
COV	[894-894]	894	41
COV	[895-895]	895	29
COV	[896-896]	896	32
COV	[897-897]	897	33
COV	[898-898]	898	31
COV	[899-899]	899	32
COV	[900-900]	900	35
COV	[901-901]	901	23
COV	[902-902]	902	26
COV	[903-903]	903	30
COV	[904-904]	904	17
COV	[905-905]	905	19
COV	[906-906]	906	33
COV	[907-907]	907	24
COV	[908-908]	908	32
COV	[909-909]	909	24
COV	[910-910]	910	17
COV	[911-911]	911	30
COV	[912-912]	912	26
COV	[913-913]	913	28
COV	[914-914]	914	33
COV	[915-915]	915	26
COV	[916-916]	916	22
COV	[917-917]	917	26
COV	[918-918]	918	20
COV	[919-919]	919	25
COV	[920-920]	920	32
COV	[921-921]	921	30
COV	[922-922]	922	30
COV	[923-923]	923	28
COV	[924-924]	924	28
COV	[925-925]	925	23
COV	[926-926]	926	33
COV	[927-927]	927	24
COV	[928-928]	928	22
COV	[929-929]	929	14
COV	[930-930]	930	31
COV	[931-931]	931	31
COV	[932-932]	932	21
COV	[933-933]	933	25
COV	[934-934]	934	26
COV	[935-935]	935	27
COV	[936-936]	936	39
COV	[937-937]	937	27
COV	[938-938]	938	30
COV	[939-939]	939	27
COV	[940-940]	940	26
COV	[941-941]	941	27
COV	[942-942]	942	26
COV	[943-943]	943	20
COV	[944-944]	944	26
COV	[945-945]	945	27
COV	[946-946]	946	25
COV	[947-947]	947	17
COV	[948-948]	948	11
COV	[949-949]	949	12
COV	[950-950]	950	31
COV	[951-951]	951	21
COV	[952-952]	952	20
COV	[953-953]	953	25
COV	[954-954]	954	27
COV	[955-955]	955	12
COV	[956-956]	956	34
COV	[957-957]	957	23
COV	[958-958]	958	25
COV	[959-959]	959	24
COV	[960-960]	960	23
COV	[961-961]	961	22
COV	[962-962]	962	22
COV	[963-963]	963	14
COV	[964-964]	964	22
COV	[965-965]	965	22
COV	[966-966]	966	18
COV	[967-967]	967	20
COV	[968-968]	968	28
COV	[969-969]	969	21
COV	[970-970]	970	27
COV	[971-971]	971	23
COV	[972-972]	972	24
COV	[973-973]	973	27
COV	[974-974]	974	27
COV	[975-975]	975	19
COV	[976-976]	976	25
COV	[977-977]	977	15
COV	[978-978]	978	20
COV	[979-979]	979	18
COV	[980-980]	980	27
COV	[981-981]	981	23
COV	[982-982]	982	23
COV	[983-983]	983	24
COV	[984-984]	984	18
COV	[985-985]	985	26
COV	[986-986]	986	22
COV	[987-987]	987	18
COV	[988-988]	988	19
COV	[989-989]	989	23
COV	[990-990]	990	18
COV	[991-991]	991	22
COV	[992-992]	992	19
COV	[993-993]	993	16
COV	[994-994]	994	23
COV	[995-995]	995	11
COV	[996-996]	996	15
COV	[997-997]	997	10
COV	[998-998]	998	15
COV	[999-999]	999	24
COV	[1000-1000]	1000	26
COV	[1000<]	1000	2884
# GC-depth. Use `grep ^GCD | cut -f 2-` to extract this part. The columns are: GC%, unique sequence percentiles, 10th, 25th, 50th, 75th and 90th depth percentile
GCD	0.0	0.031	0.005	0.005	0.005	0.005	0.010
GCD	2.0	0.032	0.245	0.245	0.245	0.245	0.245
GCD	3.0	0.033	0.285	0.285	0.285	0.285	0.285
GCD	5.0	0.033	0.220	0.220	0.220	0.220	0.220
GCD	7.0	0.034	0.020	0.020	0.020	0.020	0.020
GCD	10.0	0.035	0.015	0.015	0.015	0.015	0.015
GCD	11.0	0.036	0.040	0.040	0.040	0.040	0.040
GCD	12.0	0.037	0.010	0.010	0.017	0.025	0.025
GCD	13.0	0.039	0.010	0.010	0.020	0.030	0.030
GCD	14.0	0.040	0.010	0.010	0.017	0.025	0.025
GCD	15.0	0.041	0.005	0.005	0.005	0.005	0.005
GCD	16.0	0.047	0.010	0.011	0.022	0.089	0.260
GCD	17.0	0.051	0.010	0.012	0.015	0.020	0.020
GCD	18.0	0.055	0.010	0.010	0.017	0.021	0.025
GCD	19.0	0.064	0.010	0.010	0.020	0.029	0.030
GCD	20.0	0.074	0.010	0.010	0.015	0.027	0.121
GCD	21.0	0.085	0.013	0.015	0.025	0.060	0.093
GCD	22.0	0.104	0.010	0.015	0.020	0.042	0.572
GCD	23.0	0.118	0.005	0.015	0.025	0.057	0.112
GCD	24.0	0.145	0.010	0.015	0.025	0.034	0.060
GCD	25.0	0.184	0.010	0.020	0.030	0.045	0.099
GCD	26.0	0.236	0.015	0.020	0.030	0.045	0.065
GCD	27.0	0.325	0.015	0.025	0.035	0.051	0.365
GCD	28.0	0.492	0.015	0.020	0.040	0.065	0.695
GCD	29.0	0.724	0.020	0.030	0.045	0.085	1.229
GCD	30.0	1.111	0.020	0.030	0.055	0.918	1.992
GCD	31.0	1.730	0.020	0.035	0.055	0.740	2.703
GCD	32.0	2.753	0.025	0.040	0.065	1.514	4.734
GCD	33.0	4.340	0.030	0.045	0.075	1.979	5.321
GCD	34.0	6.649	0.030	0.045	0.080	2.691	6.581
GCD	35.0	9.778	0.035	0.050	0.090	3.092	7.501
GCD	36.0	13.704	0.035	0.050	0.085	2.658	7.308
GCD	37.0	18.399	0.035	0.050	0.080	2.199	6.891
GCD	38.0	24.071	0.035	0.050	0.080	1.534	6.361
GCD	39.0	30.156	0.040	0.055	0.085	1.579	6.365
GCD	40.0	36.454	0.040	0.055	0.085	1.324	6.170
GCD	41.0	42.789	0.040	0.060	0.090	1.349	5.837
GCD	42.0	48.715	0.040	0.060	0.090	1.239	5.732
GCD	43.0	54.411	0.045	0.065	0.100	1.354	5.569
GCD	44.0	59.776	0.040	0.065	0.100	1.174	5.652
GCD	45.0	64.606	0.045	0.070	0.105	1.375	5.695
GCD	46.0	68.960	0.045	0.070	0.110	1.418	5.481
GCD	47.0	72.783	0.050	0.075	0.115	1.639	5.678
GCD	48.0	76.083	0.050	0.080	0.130	1.999	6.674
GCD	49.0	79.017	0.055	0.085	0.150	2.189	6.549
GCD	50.0	81.571	0.055	0.090	0.170	2.823	7.565
GCD	51.0	83.816	0.060	0.100	0.525	3.468	7.355
GCD	52.0	85.892	0.070	0.110	0.879	3.931	8.124
GCD	53.0	87.671	0.075	0.125	0.999	3.994	8.328
GCD	54.0	89.246	0.080	0.140	1.237	4.267	9.145
GCD	55.0	90.748	0.085	0.155	1.429	4.942	10.209
GCD	56.0	92.094	0.100	0.205	1.869	5.539	10.571
GCD	57.0	93.320	0.120	0.400	2.046	6.289	11.463
GCD	58.0	94.528	0.135	0.552	2.316	6.244	11.334
GCD	59.0	95.641	0.150	0.676	2.386	6.539	11.092
GCD	60.0	96.651	0.180	0.610	2.129	5.517	10.430
GCD	61.0	97.466	0.225	0.655	2.206	5.528	9.830
GCD	62.0	98.187	0.220	0.515	1.854	5.297	9.781
GCD	63.0	98.772	0.215	0.455	1.329	4.118	8.105
GCD	64.0	99.237	0.220	0.450	0.979	3.408	7.605
GCD	65.0	99.558	0.243	0.420	0.864	2.788	6.233
GCD	66.0	99.773	0.215	0.370	0.785	2.528	5.631
GCD	67.0	99.885	0.123	0.312	0.660	1.464	3.425
GCD	68.0	99.953	0.270	0.370	0.622	1.006	1.957
GCD	69.0	99.980	0.194	0.280	0.482	0.735	1.411
GCD	70.0	99.995	0.011	0.107	0.310	0.507	0.663
GCD	71.0	99.998	0.125	0.199	0.427	0.566	0.610
GCD	73.0	99.999	0.430	0.430	0.430	0.430	0.430
GCD	74.0	100.000	0.010	0.010	0.010	0.010	0.010
