# This file was produced by samtools stats (1.23+htslib-1.23) and can be plotted using plot-bamstats
# This file contains statistics for all reads.
# The command line was:  stats data/AFR/ASW/NA20342/aligned/NA20342.bam
# CHK, Checksum	[2]Read Names	[3]Sequences	[4]Qualities
# CHK, CRC32 of reads which passed filtering followed by addition (32bit overflow)
CHK	61317b33	f5709634	de311158
# Summary Numbers. Use `grep ^SN | cut -f 2-` to extract this part.
SN	raw total sequences:	50725770	# excluding supplementary and secondary reads
SN	filtered sequences:	0
SN	sequences:	50725770
SN	is sorted:	1	# sorted by coordinate
SN	1st fragments:	25362885
SN	last fragments:	25362885
SN	reads mapped:	50713024
SN	reads mapped and paired:	50711170	# paired-end technology bit set + both mates mapped
SN	reads unmapped:	12746
SN	reads properly paired:	50245622	# proper-pair bit set
SN	reads paired:	50725770	# paired-end technology bit set
SN	reads duplicated:	0	# PCR or optical duplicate bit set
SN	reads MQ0:	4354007	# mapped and MQ=0
SN	reads QC failed:	0
SN	non-primary alignments:	0
SN	supplementary alignments:	32772
SN	total length:	5068749490	# ignores clipping
SN	total first fragment length:	2534374745	# ignores clipping
SN	total last fragment length:	2534374745	# ignores clipping
SN	bases mapped:	5067487694	# ignores clipping
SN	bases mapped (cigar):	5059125208	# more accurate
SN	bases trimmed:	0
SN	bases duplicated:	0
SN	mismatches:	14891066	# from NM fields
SN	error rate:	2.943407e-03	# mismatches / bases mapped (cigar)
SN	average length:	100
SN	average first fragment length:	100
SN	average last fragment length:	100
SN	maximum length:	100
SN	maximum first fragment length:	100
SN	maximum last fragment length:	100
SN	average quality:	37.4
SN	insert size average:	246.5
SN	insert size standard deviation:	88.5
SN	inward oriented pairs:	25155339
SN	outward oriented pairs:	13593
SN	pairs with other orientation:	11267
SN	pairs on different chromosomes:	175386
SN	percentage of properly paired reads (%):	99.1
# First Fragment Qualities. Use `grep ^FFQ | cut -f 2-` to extract this part.
# Columns correspond to qualities and rows to cycles. First column is the cycle number.
FFQ	1	12866	0	0	0	0	0	0	0	0	119	308	3675	2905	0	303	0	337	412	448	10735	0	2090	8888	3281	1578	20638	12495	2802	46805	17966	64429	62065	11217	236537	24174	299904	234474	191707	1580969	3364592	19144166	0
FFQ	2	2963	0	0	0	99	132	211	2567	836	1953	1105	7209	3724	2580	2329	2111	3744	5735	7368	10433	4124	5056	10319	12967	7375	19674	22874	20842	42673	34083	56945	70393	21079	228569	30910	320647	275570	186853	1550945	3414488	18971400	0
FFQ	3	169	0	0	0	121	363	777	2153	1117	1823	2255	7249	3422	2641	2625	2436	3936	7153	8161	11301	5764	4895	10147	15477	7456	22264	20344	25361	41605	34763	54118	72630	22964	227479	31161	324144	282361	188337	1519327	3429353	18965233	0
FFQ	4	75	0	0	0	149	585	1287	2030	1785	1849	3796	6282	3185	2862	3036	2475	3757	7379	7773	11073	6806	4562	10543	15676	7127	23636	17850	25858	41698	32189	51937	71760	23171	224901	30543	328342	284585	190256	1501919	3474606	18935542	0
FFQ	5	0	0	0	3	151	844	1684	1948	2409	2008	4294	5781	3196	2930	3760	2556	4062	7551	7738	11068	7269	5129	11203	15803	6983	22515	17807	23659	42177	30594	50696	68257	22909	222850	29267	338171	296903	191591	1472830	3539531	18884758	0
FFQ	6	2	0	0	9	134	678	1004	1271	837	1137	2158	2043	1406	1425	2398	2153	3425	5545	5528	8731	7568	7493	12145	17019	6834	18690	17829	20523	42314	27333	47220	63282	24930	206488	24776	353121	305353	164952	1424556	3589931	18940644	0
FFQ	7	0	0	0	6	107	551	826	1054	760	916	1898	2517	1638	1448	1834	2425	3130	5394	5952	10184	7637	7327	12237	17576	7580	20276	18171	26543	42283	32853	48801	76873	32999	216339	27631	373951	296780	191447	1461911	3535384	18867646	0
FFQ	8	0	0	0	5	61	415	662	818	751	855	1664	2358	1635	1428	1746	2557	3188	5153	6191	10244	7500	7295	12356	18419	7980	20454	18672	29006	41312	36676	48896	81579	34720	221875	30278	376847	300415	205349	1485199	3516966	18821360	0
FFQ	9	0	0	0	5	59	284	538	727	681	904	1897	2877	1817	1403	1688	2497	3223	5381	6713	10891	7601	7186	12522	19255	8443	21210	18699	32490	40946	39888	49362	86227	35721	230632	31720	382778	304449	212285	1489331	3490038	18800517	0
FFQ	10	0	0	0	2	40	193	479	626	723	888	1839	2884	1779	1400	1688	2509	3252	5459	6969	11271	7490	7182	12476	20305	8399	21831	18786	34106	40590	42116	50024	88779	36172	237493	32063	391364	311741	222097	1516790	3506515	18714565	0
FFQ	11	0	0	0	8	106	543	877	1087	810	1184	2027	2251	1325	1257	2046	2042	3803	6208	5271	9143	5235	6755	10037	16835	7703	19498	20526	25454	44205	34863	48889	80689	35457	225480	36103	409855	339250	200646	1567314	3561917	18626186	0
FFQ	12	0	0	0	7	68	448	685	904	599	786	1689	2512	1324	1031	1492	2008	3118	5497	5642	10021	5384	5905	10005	17545	8274	21045	20272	30414	42985	41131	49718	91251	38192	241341	39390	413216	336946	227259	1625754	3508432	18550595	0
FFQ	13	0	0	0	10	86	280	578	643	554	700	1625	2763	1433	987	1373	1934	2856	5562	6048	10280	5327	5589	10022	18447	8523	21609	19788	33973	42337	45283	51020	97052	39786	250671	41216	419477	341525	241943	1667965	3493356	18470264	0
FFQ	14	0	0	0	8	47	223	428	518	556	719	1615	2832	1508	969	1202	1914	2807	5449	6344	10363	5237	5539	10155	19320	8629	22322	20084	36046	41574	47909	51273	101169	40529	259129	42378	428094	345621	253970	1701959	3494782	18389664	0
FFQ	15	0	0	0	6	38	175	373	536	508	721	1612	2709	1480	928	1264	1978	2922	5646	6637	10422	5276	5596	10080	20274	8953	22444	20465	38359	41350	50816	51044	104526	41868	266593	43519	436488	351961	264041	1726848	3511812	18302617	0
FFQ	16	0	0	0	3	55	513	883	1185	777	1250	1991	2316	1520	1445	2282	2414	4181	7207	5986	9737	5814	7275	11562	20068	8635	20650	23779	30510	46478	44013	53169	92490	45565	261715	46594	461472	398963	269438	1849332	3531720	18089898	0
FFQ	17	0	0	0	13	103	464	740	974	728	1007	1995	2858	1474	1134	1653	2262	3738	6453	6808	10871	5831	6312	11393	21464	9045	22584	22836	37069	45547	51892	54650	105693	48133	281842	50822	470281	399795	302228	1928322	3483061	17960810	0
FFQ	18	0	0	0	6	43	318	578	792	605	895	1857	2859	1545	1104	1371	2236	3556	6310	7409	11243	5777	6099	11346	22884	9333	23161	23040	41262	44444	57069	55944	113008	49734	293908	52770	479734	407556	317675	1973510	3470536	17861368	0
FFQ	19	26	0	0	6	93	260	493	613	576	965	1901	3039	1556	1023	1325	2231	3492	6316	7807	11089	5663	5944	11476	24427	9554	23851	22655	44188	44053	60349	56465	117973	50979	304858	54311	487932	413387	333227	2012319	3478220	17758243	0
FFQ	20	0	0	0	4	45	180	436	556	556	906	1918	3001	1670	981	1305	2245	3581	6346	8334	11519	5807	6208	11286	25687	9825	24080	23018	46451	44012	64498	56988	122638	51646	317154	55387	503803	423459	347986	2048921	3501141	17629307	0
FFQ	21	52847	0	0	266	5207	7068	19874	9718	21527	3879	7818	6779	7399	8919	6775	8522	9522	12936	13838	16361	10536	14300	17303	26602	10052	22588	26395	37490	47885	56562	56727	103408	50161	303052	52605	525214	453696	297908	2027602	3528677	17474867	0
FFQ	22	0	0	2	6	77	393	792	1030	815	1354	2397	3245	1786	1520	2038	2970	4664	7677	8722	12508	6405	7377	13123	28438	10899	25244	26982	46635	48976	67718	63138	123953	60078	341568	64650	549633	491175	400248	2140155	3469208	17325286	0
FFQ	23	0	0	2	6	67	364	729	905	795	1360	2513	3639	1866	1255	1778	2769	4372	7485	9703	12957	6491	6829	12883	30546	10862	26404	26281	51836	50230	73798	65601	137286	61651	365788	64115	577135	499846	421925	2238103	3488095	17094615	0
FFQ	24	0	0	5	6	52	257	637	817	765	1365	2667	3896	2099	1192	1744	2805	4426	7723	10680	13827	6440	6732	13105	33132	11162	27711	25956	56276	50016	79526	67476	145365	62883	385235	65371	596320	513882	437841	2287472	3502933	16933088	0
FFQ	25	0	0	7	2	50	204	571	733	785	1464	2717	4077	2138	1259	1665	2883	4499	7887	11313	13795	6380	6944	12792	34964	11410	28248	26207	59461	49457	84731	67332	150415	64327	398514	67814	612386	524154	453528	2322464	3529688	16795620	0
FFQ	26	0	0	29	8	73	494	1884	2189	2160	2722	4124	3790	3212	3552	4763	4483	7517	11680	9644	14398	9002	10825	17051	32786	12485	27739	33669	47969	56597	73557	69972	129128	69600	381336	69386	644671	567524	401699	2490811	3656768	16483588	0
FFQ	27	0	0	36	11	82	395	1358	1585	1597	2346	3901	4479	2929	2666	3517	4322	6721	11527	11882	15657	9142	9791	17210	37631	13080	30260	32546	58561	55950	85819	72424	147362	73514	409746	74627	658636	573171	444356	2585610	3614242	16284196	0
FFQ	28	0	0	43	8	80	336	1170	1415	1413	2328	4035	4873	3174	2477	3183	4478	6618	11547	13613	16492	8931	9540	16751	41219	13961	30958	32528	66367	54855	95660	74267	159743	76343	431788	78950	680202	587542	472788	2644130	3625310	16083769	0
FFQ	29	0	0	58	7	71	299	1095	1331	1483	2400	4349	5245	3191	2342	3044	4516	6567	11811	14696	16827	8888	9371	17279	44287	14087	31825	32351	71164	54609	102271	74959	168063	78171	450324	82049	701847	601292	496005	2689492	3656977	15898242	0
FFQ	30	0	0	71	4	47	250	1003	1235	1481	2510	4671	5730	3401	2433	3051	4712	6633	12707	16181	17360	9114	9362	17379	47637	14468	32483	33047	76258	54525	108638	76330	175625	80196	471389	84767	727560	618414	515768	2732857	3694010	15699578	0
FFQ	31	0	0	112	7	76	551	2610	2914	3149	3527	5577	5145	4187	4760	6467	6225	9668	15536	12824	17196	11411	13850	20143	42521	15007	32184	39786	61969	61762	95779	81285	151120	85673	455674	84272	772365	664012	456425	2851527	3758666	15506923	0
FFQ	32	0	0	107	5	66	453	1930	2232	2315	3348	5517	5852	3920	3881	4706	6053	8840	15475	16013	18740	11200	12253	20584	50352	16536	34539	38783	76439	59894	112397	82373	174180	89325	493932	94015	789775	675069	510088	2944966	3713767	15261557	0
FFQ	33	0	0	102	6	68	381	1679	1968	2188	3271	5875	6638	4411	3587	4363	6303	8787	15939	18632	19576	11331	12044	20907	55762	17475	35531	38621	85499	59810	123487	85210	187039	95280	515265	103636	813342	694733	545473	2979336	3713927	15062635	0
FFQ	34	0	0	103	5	56	375	1586	1808	2167	3481	6503	7399	4550	3594	4344	6532	9202	17022	20926	20133	11578	12439	20913	61798	18340	36106	39099	93764	58900	134906	87012	199230	98872	544198	109508	845208	716449	577582	3006607	3740199	14836435	0
FFQ	35	0	0	106	4	69	354	1489	1887	2225	3551	6817	7774	4766	3632	4466	6576	9166	17938	22412	20544	11773	12656	21276	65517	18517	36519	39518	99681	58649	142699	87539	207583	101011	566637	113589	870356	734574	601109	3044589	3778694	14631562	0
FFQ	36	0	0	123	8	124	533	1824	2170	2266	2576	4006	4048	3672	4190	5321	6403	8381	12813	11752	14863	12042	13142	19090	33384	15767	27553	39335	47260	47918	74145	84500	103049	97853	327137	121032	591713	614233	400925	2112230	3579758	16909638	0
FFQ	37	0	0	114	14	116	434	1582	1710	1731	2377	3953	4325	3483	3556	4332	6224	7762	12760	13988	15144	12061	12185	19147	38037	17235	27872	38304	57743	48588	85442	86168	120364	101899	353117	131280	608081	628184	441517	2136622	3556320	16752018	0
FFQ	38	0	0	107	11	134	375	1410	1626	1622	2327	4148	5031	3477	3196	3998	5910	7381	13035	15268	15392	11927	11937	18470	41425	18371	28075	37812	64075	48109	92635	86385	129623	103724	369834	136248	617663	640298	466206	2178275	3558675	16610685	0
FFQ	39	0	0	101	14	126	315	1215	1385	1466	2244	4171	5086	3626	3094	3928	6127	7536	13008	15723	15157	12208	11863	18519	43443	18676	28280	37617	67777	47723	97029	87880	134672	106683	380283	143428	626925	656911	487132	2196529	3585464	16480722	0
FFQ	40	0	0	105	11	118	318	1189	1306	1484	2232	4232	4896	3436	3188	3753	6061	7553	13415	16550	15071	12117	12134	18435	45398	19339	28432	37764	70780	47805	100856	88574	139382	108663	391868	147231	637491	674414	506741	2216457	3617127	16347377	0
FFQ	41	0	0	135	8	128	549	2023	2463	2612	3010	4533	4584	3943	4361	5743	6809	8930	14089	13500	14664	12219	13201	18131	39105	15937	26957	37085	55745	42438	89171	80708	115369	96811	367559	124928	622396	649742	464702	1942692	4001941	16443732	0
FFQ	42	0	0	123	13	154	440	1694	1900	2080	2781	4715	5048	3744	3754	4336	6653	8015	14197	15916	14705	12157	12032	17770	45362	17773	27067	35751	67180	42921	100121	81441	134961	99906	396090	135903	637439	667783	507138	1991317	3973752	16257821	0
FFQ	43	0	0	115	10	153	443	1456	1757	1695	2589	4689	5109	3619	3414	4043	6481	7810	14239	17385	14596	11695	12063	17438	48161	18607	27122	35426	72747	43245	107278	83003	143240	102603	410066	145681	648632	684770	534880	2015711	3971522	16127813	0
FFQ	44	0	0	117	16	150	421	1362	1537	1757	2699	4978	5377	3574	3401	4036	6750	8079	14809	18623	14637	12101	12160	17894	51268	19405	27788	35549	78566	43682	113880	84055	151963	106302	429536	154275	668516	711439	562549	2040379	4009878	15927208	0
FFQ	45	0	0	129	18	134	377	1418	1477	1725	2593	5225	5685	3826	3351	3946	6734	8094	15291	19524	14539	12223	12263	17928	54198	20022	27662	36002	82678	43659	119028	84663	158424	108528	443691	157934	687216	726850	580457	2079731	4049445	15753412	0
FFQ	46	0	0	199	24	241	698	2661	3108	3625	3981	5841	5827	5177	6060	7590	8688	10785	17706	16691	17077	14803	16046	21151	48476	19108	32192	43690	67786	48851	108419	97027	137669	121534	433718	157915	711466	764430	552197	2101417	4095194	15640498	0
FFQ	47	0	0	187	21	235	558	2171	2563	2887	3810	6281	6634	4747	5055	5899	8863	10328	18667	20226	17224	14692	15061	20589	57699	21728	32179	41618	83477	51044	124166	98112	162436	125063	471343	173094	735967	786317	603693	2146534	4067964	15399878	0
FFQ	48	0	0	193	22	232	577	2050	2245	2561	3613	6491	6903	4717	4567	5627	8766	9755	18669	22621	16944	14714	14937	20674	61754	22726	32542	41888	90653	51977	132145	100138	173540	130178	490029	184749	753074	813129	635509	2167403	4076136	15224059	0
FFQ	49	0	0	213	24	281	536	1888	2145	2442	3525	6594	7153	4739	4598	5229	8707	10015	18968	23174	16644	14874	15055	21155	64285	24102	32985	42475	94544	52609	136052	102294	179692	134040	504194	195763	763987	839606	659776	2181166	4100583	15071877	0
FFQ	50	0	0	263	26	269	516	1794	2088	2378	3489	6955	7248	4746	4384	5471	8951	10153	19883	24631	16930	15374	15503	21382	66980	24632	33361	43048	98445	53716	141364	103380	186478	137998	520354	205355	781739	865160	683768	2200237	4144674	14884408	0
FFQ	51	0	0	374	32	345	963	3338	4043	4487	4928	7214	6738	6436	7218	9137	10812	12915	20790	20503	19662	18296	19715	24415	57498	23692	38763	50335	79191	56147	127171	117583	163263	153009	508878	209345	793558	924803	660969	2168978	4259186	14752351	0
FFQ	52	0	0	359	24	399	793	2592	3044	3491	4649	7491	7520	5721	6402	7315	10866	12063	21841	23956	19270	18198	18671	24188	67484	26825	38049	49011	95432	60379	143422	119413	189584	158139	547043	228957	816868	953245	715559	2207865	4236697	14493765	0
FFQ	53	0	0	373	22	379	766	2411	2942	3236	4576	7903	8267	5716	5857	6757	10864	12049	22545	26744	19058	18186	18579	24495	74214	28314	38635	49177	105316	62206	155108	121258	204792	163021	575933	243191	841613	987940	750181	2241768	4250160	14251585	0
FFQ	54	0	0	391	40	456	752	2380	2840	3324	4471	8441	8418	5831	5931	6692	11018	12264	23661	28357	19045	18581	18768	24888	78112	29785	39121	49856	110851	63418	160963	122224	214373	167462	597441	255842	860587	1015751	774931	2264276	4279923	14054223	0
FFQ	55	0	0	480	43	412	762	2271	2759	3164	4540	8852	8838	5944	5896	6794	11076	12470	24265	29452	19198	19165	19163	25135	80402	30655	39451	50659	115169	65501	166822	124970	222867	171636	617671	268294	876749	1055475	799736	2281522	4328175	13838825	0
FFQ	56	0	0	643	64	543	1347	3936	4543	5379	5953	8647	7991	8025	9101	10695	13256	15169	24275	24938	22214	22805	23899	27732	70555	29412	46621	59233	91738	71077	153158	143996	204060	195956	623467	284357	889956	1168562	794833	2254066	4469542	13553072	0
FFQ	57	0	0	654	32	574	1012	3176	3849	4629	5934	9471	9067	7156	8059	9157	13718	14837	27095	30062	22239	22541	22825	28217	83926	33200	45870	58398	114097	76139	175284	145442	239333	201141	679801	309853	928440	1199986	852789	2304016	4454531	13197785	0
FFQ	58	0	0	685	39	512	977	2987	3678	4416	5912	10299	9800	7173	7604	8716	14035	14715	27942	33723	21817	22787	23460	28933	91716	35966	47146	59053	125417	79219	188520	148298	258543	206569	715908	326971	956491	1239152	890723	2332704	4466785	12924443	0
FFQ	59	0	0	738	48	606	996	2869	3582	4100	5723	10625	10074	7203	7306	8731	14070	15079	28882	35554	21726	23257	23337	29501	96302	37424	47553	60243	131265	81317	196999	148825	271363	211734	741822	340810	978114	1274642	911833	2372067	4477756	12709228	0
FFQ	60	0	0	827	55	616	977	2703	3528	4085	5745	10952	10289	7309	7444	8602	13604	15275	29306	36424	22115	23757	23709	30073	98573	37908	48097	61360	134950	82617	201876	153598	283936	218970	764942	354650	1001646	1314394	934741	2397854	4508326	12487012	0
FFQ	61	0	0	28275	78	701	1683	4532	5494	6838	7240	10287	9633	9403	11009	12947	15975	17906	28548	29763	25744	26789	28470	31663	85580	36607	55628	70871	109123	90563	186501	182056	264040	244181	765227	361659	1003381	1403799	905925	2388202	4584204	12291874	0
FFQ	62	0	0	35603	61	708	1301	3761	4905	5788	7215	11314	10549	8648	9442	11013	16241	17333	31261	35569	25218	26731	27675	32229	99143	40870	54976	69740	131556	96792	206831	182108	297912	248706	815258	388692	1034912	1430622	954810	2423635	4554921	11987836	0
FFQ	63	0	0	46996	60	792	1155	3452	4441	5272	7057	12278	11135	8437	9025	10400	16473	17153	32187	38311	24369	26951	27267	33403	105811	42766	55021	70302	141393	99780	218495	184329	316730	254763	851772	404259	1059545	1467094	986239	2451326	4551235	11743916	0
FFQ	64	0	0	65730	60	793	1242	3429	4378	5187	7071	12615	11651	8415	8957	10180	16131	17665	33327	40243	24632	27376	27400	34307	109891	44463	55502	71275	146535	100647	225872	186693	333927	260713	888010	424452	1085931	1517642	1011922	2486082	4574469	11456106	0
FFQ	65	0	0	99270	73	787	1240	3230	4233	5063	6763	12444	11481	8386	8671	10224	15996	17959	33433	40527	24747	27575	27035	34527	111509	44926	55619	71633	151180	101930	233062	187515	350930	265639	923555	441024	1116894	1566946	1035242	2525159	4595372	11168624	0
FFQ	66	0	0	159168	149	1261	2312	6230	6686	8658	8222	11836	10636	10818	12657	14944	17921	20436	32035	34523	28876	30861	32334	35145	97854	42348	64325	80568	123150	111876	216541	214778	331002	291880	927526	443166	1113749	1663418	1007016	2517036	4641852	10966099	0
FFQ	67	0	0	172193	86	1002	1504	4451	5450	6804	8238	12944	11788	10089	11048	12703	18567	19798	35538	40495	27801	30940	31455	36497	113442	47389	63835	81194	148061	120009	240855	215962	370833	297207	989059	475138	1149121	1697891	1056843	2546090	4610575	10616455	0
FFQ	68	0	0	190220	82	1065	1562	4244	5336	6282	8388	14610	12928	9936	10557	12017	18944	19957	37588	44600	27144	31047	31478	38478	123253	49970	63924	81921	163033	123031	256835	217838	396234	302483	1035874	498597	1187368	1738749	1091707	2578087	4593141	10310319	0
FFQ	69	0	0	218289	111	999	1459	3971	5268	6055	7954	14772	13102	9704	10314	11758	18726	20303	37833	45806	27110	31543	31337	39210	125452	51030	64236	82845	166714	124456	264099	219435	413476	308667	1073953	515169	1212830	1785093	1109205	2614855	4588497	10062690	0
FFQ	70	0	0	266017	101	1070	1439	3921	5043	5828	7726	14006	12771	9431	10104	11676	17949	20280	38645	46165	27590	32048	31675	40471	126927	52260	64897	84012	170781	127007	271031	221495	438173	316829	1126350	538521	1251643	1861337	1128921	2671364	4604581	9677710	0
FFQ	71	0	0	347524	124	1345	2455	6348	7567	8952	9263	13133	11897	12296	14081	16507	20539	23285	36420	39741	32271	35422	37562	40262	113468	50523	73813	95824	144214	142018	258097	255649	423262	345536	1141711	542804	1248023	1970933	1101767	2654670	4611500	9446405	0
FFQ	72	0	0	365185	114	1320	1857	5191	6568	7774	9562	14802	13236	11334	12492	14453	21215	22718	40365	46224	31169	35693	36480	42218	130580	55982	73918	96128	169974	150678	283451	256900	465802	349635	1205441	575800	1284086	1992681	1148146	2674264	4550268	9132919	0
FFQ	73	0	0	389619	127	1367	1896	5088	6147	7337	9443	16654	14579	11772	12117	13754	21585	23379	42623	50589	30899	36059	36397	44555	140662	59009	74328	97259	184193	154698	300209	258663	496421	357129	1261570	598758	1323805	2035668	1176060	2699926	4518373	8823297	0
FFQ	74	0	0	426568	98	1359	1876	4783	6217	7541	9637	17685	15452	11725	11948	13718	21429	23818	44622	53243	30740	36682	36609	46237	145860	59736	74828	98553	193254	156617	312728	260293	520598	364156	1310649	619484	1359709	2076286	1198440	2735454	4483257	8543537	0
FFQ	75	0	0	489606	104	1341	1668	4467	5653	6561	8740	16319	14357	10840	11413	12971	20484	23533	43886	52698	30819	35937	35808	46272	144053	59787	74428	98045	194939	155685	315462	261447	537791	369558	1348007	635848	1389794	2114687	1212157	2759698	4471202	8318742	0
FFQ	76	0	0	599030	194	1655	2959	7224	8658	10234	10498	14846	12888	13967	16264	18930	23202	26439	40799	45183	36070	40823	43180	46230	128209	58879	85669	111959	162754	176909	297435	303181	524317	401158	1366004	641561	1375271	2249975	1170155	2753098	4445633	8062735	0
FFQ	77	0	0	624904	130	1707	2421	6162	7374	8993	10495	16556	14521	13282	14575	16925	24265	26539	46175	52397	36180	42040	43975	50285	148493	67007	87214	116226	192386	193976	330933	305730	587187	412353	1468670	687800	1422604	2317051	1211556	2779168	4364335	7580918	0
FFQ	78	0	0	656399	143	1729	2390	5929	7390	8841	10631	18287	15675	13531	14537	16156	25299	27748	48482	55895	36912	43362	44014	53489	155562	70341	89663	118669	204984	201006	347978	310799	625542	422211	1538436	718412	1459225	2384246	1226935	2804592	4307964	7239412	0
FFQ	79	0	0	703521	132	1716	2273	5653	7317	8666	10902	19133	16235	13180	14063	16048	24691	28674	50169	58396	36823	43622	44559	56183	160582	72174	91332	120608	212125	204766	359087	312742	654764	431194	1594912	741788	1498419	2439169	1235179	2831162	4254021	6956086	0
FFQ	80	0	0	781566	149	1706	2177	5522	6821	8060	10008	17836	15289	12720	13629	15783	24420	28542	49506	57737	36759	43472	44421	57966	160714	73447	91382	122112	214485	205685	366366	313953	684401	439473	1658896	762300	1539252	2502349	1241730	2865631	4208247	6646781	0
FFQ	81	0	0	912833	240	2052	3212	8017	8918	10606	10714	15496	13370	14870	17122	19801	24937	29373	42911	48850	40690	45888	48978	53291	138324	68829	98090	128775	175072	223684	340307	346863	669815	455703	1664275	754426	1496423	2607552	1183559	2870719	4198837	6536947	0
FFQ	82	0	0	944290	152	1991	2701	6736	8064	9962	11132	17765	15158	14246	15903	18220	26879	29753	49063	55689	40028	46690	48112	57194	157396	74626	99948	131020	206732	235469	374986	349466	720859	466405	1742050	792418	1546656	2626102	1218224	2870081	4100390	6196873	0
FFQ	83	0	0	986615	158	2001	2726	6677	8131	10193	11940	19762	16298	14705	15948	17824	27532	31044	52704	60493	40225	47566	49162	63104	167057	80231	103495	136479	222829	245728	397422	354620	770615	477515	1830115	821985	1590846	2692713	1227913	2885682	4012944	5825477	0
FFQ	84	0	0	1047879	121	1876	2547	6432	7884	9797	12025	20056	16553	14487	15690	17532	27437	31703	54149	61536	40464	47862	49840	65460	171802	81056	104261	136765	229598	246751	406372	357473	803259	487555	1884417	840198	1629980	2729590	1229990	2900448	3937255	5599260	0
FFQ	85	0	0	1151588	133	1871	2397	5784	7481	8735	10795	18566	15583	13667	14575	16546	26469	31635	53774	60329	40207	47455	48351	66916	169415	82665	104268	137418	230344	245958	411746	358339	832842	497381	1944815	860823	1670093	2776581	1226038	2915611	3877630	5341248	0
FFQ	86	0	0	1326995	281	2546	3801	9072	10025	12179	12316	17383	15216	16705	19691	22206	28764	33539	48952	55423	46645	51740	56379	61775	159428	80001	113989	150281	200777	276968	401535	403449	832443	513480	1980547	859795	1634332	2873080	1184494	2887803	3797982	5122661	0
FFQ	87	0	0	1365970	142	2237	2914	7935	9112	11479	12682	19581	16569	16270	18272	20215	30426	34184	55621	62783	45479	52331	56836	67797	178724	87469	116539	153862	234183	291192	436419	406064	887203	527145	2053929	892263	1675785	2878632	1207736	2857029	3686562	4843525	0
FFQ	88	0	0	1418239	161	2210	2826	7438	9173	11514	12749	20455	16999	16087	17373	19040	30724	35085	57911	64885	45196	53275	56736	72369	181866	90955	119287	157019	244701	298423	449714	411937	926122	537044	2116146	915772	1703909	2907797	1210453	2840692	3601409	4637505	0
FFQ	89	0	0	1497124	125	1991	2785	6915	8777	11157	12715	21573	17443	16140	17065	18963	30744	35963	60043	67207	45819	53896	57085	76304	186170	93780	121505	159293	252951	301244	463223	415145	964082	549064	2184879	933478	1749453	2941870	1205583	2840725	3509222	4387710	0
FFQ	90	0	0	1629250	116	1651	2500	5938	7569	9614	11407	19299	15875	15120	15717	17605	29123	36067	59040	65303	45517	53620	55699	77887	184031	94736	121459	157935	253851	298508	465545	416224	998014	559234	2242721	947759	1787725	2970777	1195895	2841499	3427255	4179888	0
FFQ	91	0	0	1867650	168	1817	3137	7157	8213	10631	10596	15632	13273	15658	18594	20693	29842	34909	48954	56158	49819	55223	61979	69352	164193	88874	127723	169495	212286	335733	442091	466990	992994	572031	2258646	938596	1722359	3077410	1146340	2800821	3344248	4054203	0
FFQ	92	0	0	1917377	58	1490	2447	6184	7945	11437	12157	19539	16238	16222	18117	19866	33125	37282	59803	66756	50168	57801	64195	78159	192087	98306	134825	175097	256611	352836	495188	466411	1064827	584751	2364057	976008	1778154	3060456	1163128	2750741	3194491	3707344	0
FFQ	93	0	0	1983378	52	1339	2416	5657	8062	11313	12337	20970	16815	16319	17657	19089	33536	38747	63347	69655	49904	57991	64456	84172	197404	102669	137491	178581	269643	356832	510321	473147	1104387	595197	2417844	993976	1804329	3062777	1160450	2708976	3107135	3550268	0
FFQ	94	0	0	2084621	35	1170	2244	5182	7758	11015	12726	21504	16999	15896	16709	18046	33361	39369	65792	71290	49821	59041	63569	88771	203477	105393	138519	178514	280628	356872	526116	474853	1141854	605434	2477441	1010161	1841526	3064951	1156504	2680203	3018058	3359717	0
FFQ	95	0	0	2258599	25	895	1627	3892	5753	7910	9607	16395	13147	13137	14240	15222	30470	37238	61074	66328	48236	56497	60607	88316	192629	103341	135721	175145	273419	345769	515228	475349	1160048	612493	2501962	1015119	1866675	3067580	1148590	2660313	2967014	3275661	0
FFQ	96	0	0	2582605	58	846	1472	3758	4900	6899	7316	11592	9335	11294	13786	14979	30479	36871	50596	58647	54448	58325	70162	77951	178099	99667	143376	193447	232851	407249	498853	548600	1175243	627019	2553566	1012395	1763905	3170210	1105841	2539707	2836173	3104427	0
FFQ	97	0	0	2635187	17	935	1410	4130	5802	8600	8919	15913	12398	12465	13816	14633	33993	39436	61357	68136	54169	60445	71260	86492	203563	107730	150285	197468	277209	420160	549557	545893	1235832	639225	2625511	1046594	1800744	3121983	1119632	2472382	2709299	2859372	0
FFQ	98	0	0	2703937	11	703	1337	3696	6008	8882	9628	17104	13130	12382	13303	13275	35194	40241	65810	71210	53507	62178	72192	94146	209107	113515	154392	201094	291274	430600	567785	552440	1275122	648111	2678347	1058405	1818076	3110447	1111931	2420127	2625928	2721939	0
FFQ	99	0	0	2802447	9	460	1055	3062	5435	8162	9560	16793	12769	11475	11630	11702	36391	42903	70984	75856	55262	64119	72344	101555	219510	117612	158736	203345	308662	430609	589525	554453	1315952	656465	2742728	1074467	1851865	3092552	1104380	2370765	2530570	2544248	0
FFQ	100	0	0	2970292	4	123	338	870	1532	2283	3510	6257	5242	5443	6180	6692	35909	43951	70570	73873	55883	64920	73252	105619	213441	121098	159948	202645	301308	426596	578593	555925	1339672	661275	2767669	1071544	1853413	3100311	1078789	2352064	2477896	2478902	0
# Last Fragment Qualities. Use `grep ^LFQ | cut -f 2-` to extract this part.
# Columns correspond to qualities and rows to cycles. First column is the cycle number.
LFQ	1	20853	0	0	0	0	0	0	0	0	1031	1288	577	5222	0	1736	0	1646	1690	1677	17421	0	3668	8297	5955	2236	32813	12522	3864	64048	23696	83461	80576	11133	283572	22212	339509	248442	270135	1524580	1282742	21006283	0
LFQ	2	7985	0	0	0	432	81	936	2509	625	1563	2553	2200	10175	1380	4307	1211	6472	4806	9444	16568	4239	7297	10461	16870	6965	29982	22998	25145	57794	41311	70784	90128	23094	278648	32569	367888	306243	253608	1511480	1421520	20710614	0
LFQ	3	5396	0	0	0	717	291	1553	2532	1042	1824	3850	4600	9327	1786	4574	1904	7126	6361	10251	17834	6718	6522	9879	19702	7064	32620	20014	31862	57313	41406	67779	93402	24493	280249	32323	373892	313265	257152	1483256	1431793	20691213	0
LFQ	4	417	0	0	0	725	559	2914	2446	3146	1909	6145	5332	8236	1973	4048	2982	7435	6968	9191	16846	7618	5890	9929	20470	7303	32597	17172	33679	55346	38361	64893	90173	24835	274585	32312	374058	316887	256528	1446122	1430632	20742223	0
LFQ	5	623	0	0	35	862	771	2843	3258	2582	2982	5944	6526	6736	2555	3919	4649	8109	7446	8646	15744	7914	6110	10502	20334	7489	30390	17129	30896	54381	36081	62853	85493	25202	270309	31757	379692	328387	254858	1404103	1461894	20752881	0
LFQ	6	176	0	0	112	1010	763	2868	2516	2225	2684	5658	3618	5340	2049	4072	2425	8518	7423	8585	14350	8742	10175	13356	24641	8444	25500	18314	34331	52205	39497	58877	81956	30167	250405	29489	386231	315775	224214	1354975	1436574	20884625	0
LFQ	7	320	0	0	110	848	660	2545	2078	1962	2024	5557	4668	6901	1962	3310	3132	7708	7082	9253	17585	9093	9929	14174	26115	9361	29296	19482	41670	53044	47466	58528	97042	39018	259873	31848	401051	307414	254699	1406143	1475658	20694276	0
LFQ	8	66	0	0	95	762	549	2053	1770	1884	1972	5313	5266	8006	2090	3038	3303	7326	7130	10057	18663	9379	9700	14722	27741	9702	30194	20059	45652	52469	51715	59414	102700	41574	267109	34439	407875	309292	270665	1432634	1499062	20587445	0
LFQ	9	200	0	0	54	408	435	1648	1452	1698	1745	4857	4981	7847	2003	2914	3166	7183	7060	10186	18358	9402	9716	14685	28315	10005	30588	20095	47015	51634	53347	58796	104725	41579	271679	34904	407021	310957	274966	1455752	1505038	20546471	0
LFQ	10	11	0	0	49	279	369	1517	1381	1807	1752	5052	5120	8125	2038	2777	3110	7032	7223	10482	18691	9565	9696	14711	29114	10142	30678	19965	48716	51414	55111	59374	106953	41830	277758	35008	412077	312991	280540	1478681	1537963	20463783	0
LFQ	11	1	0	0	91	929	745	2881	2468	2108	2949	5452	3925	4372	1975	2617	1740	8062	7802	8091	16023	8460	7819	12892	26665	9868	27270	21473	41680	53671	48171	58120	103135	41091	265399	41925	427842	338529	255749	1497240	1536136	20467519	0
LFQ	12	27	0	0	109	898	642	2478	2018	1665	2127	5096	4954	5757	1572	2065	1778	6637	7616	8996	19093	8684	7266	13450	28391	10576	30632	22430	48437	53431	55915	59997	115302	44041	283306	44806	435473	337759	284402	1557153	1575849	20272057	0
LFQ	13	178	0	0	73	585	436	1729	1544	1388	1776	4074	4827	6202	1524	1822	1897	6140	7470	9443	19169	8922	7133	13686	29745	10883	31180	22549	51984	52819	60221	60165	119548	45939	290248	47097	439159	341227	299285	1592272	1598395	20170151	0
LFQ	14	302	0	0	66	489	334	1495	1418	1309	1712	4007	4576	6254	1402	1571	1833	6102	7589	10045	19406	9109	7034	14156	30857	11592	31879	22659	54123	51932	62765	60484	123111	46939	296550	48396	445895	346514	309788	1618749	1629768	20070675	0
LFQ	15	563	0	0	43	304	290	1265	1105	1220	1667	4046	4650	6500	1395	1517	1895	6195	7671	10146	19278	9008	7149	14167	31750	11842	31958	22846	55620	51912	64490	59735	125610	48021	300868	48969	449436	348782	316803	1644142	1658558	19991469	0
LFQ	16	286	0	0	61	462	559	2433	2203	1969	2958	5245	3893	4666	2119	2644	1928	9073	8868	8869	15924	8963	8370	14124	30265	11107	27290	24220	46948	53538	56272	59340	110599	47434	288140	47393	465986	374943	286699	1624216	1659503	20043375	0
LFQ	17	52	0	0	72	586	559	2103	1974	1678	2390	4942	4661	5911	1716	1994	1854	7691	8850	10066	18695	8980	7823	14467	32250	11601	30709	24006	53795	53489	64034	60858	122963	49852	305700	50953	471760	376501	316136	1688764	1696522	19845928	0
LFQ	18	12	0	0	84	604	426	1672	1573	1323	2221	4880	5513	7209	1586	1748	1967	7057	8681	11047	20138	9208	7525	14604	34581	11999	32609	24284	57508	53596	69079	62685	130066	51158	321947	52188	484896	382134	336071	1747284	1750168	19651554	0
LFQ	19	35	0	0	55	470	346	1454	1417	1322	2119	4408	5147	7239	1502	1598	1937	6836	8900	11762	20279	9128	7632	14613	35908	12342	32872	24452	59877	53810	72039	62887	135728	52064	331361	53052	495549	389852	349828	1791174	1798825	19503066	0
LFQ	20	0	0	0	51	317	250	1300	1279	1219	1982	4554	5162	7468	1462	1541	1982	6950	9231	12191	20747	9230	7607	14630	36953	12477	33337	24414	62387	53622	75261	62775	138151	52365	338260	53742	502693	393341	356909	1806185	1817296	19433564	0
LFQ	21	0	0	2	81	645	648	2731	2826	2372	3887	6673	5043	5806	2661	2996	2261	11257	11288	10830	18193	10561	9664	16078	36937	12655	31085	27591	54863	59369	68056	65921	125775	53694	336670	53160	536837	431992	333182	1854991	1835165	19318439	0
LFQ	22	595	0	2	86	728	534	2352	2287	1914	2928	6329	5988	7669	2132	2183	2203	9171	11521	12749	21736	10459	8853	16434	40818	13441	34877	27646	64583	58980	78991	68352	142613	57203	361122	57570	549150	435881	368499	1928690	1882344	19063272	0
LFQ	23	609	0	5	56	543	357	1936	1831	1519	2552	5475	5760	7907	1851	1906	2204	8746	10995	13251	21458	10584	8932	16571	41894	13825	35149	28003	67970	57282	82122	68998	146391	59742	366385	61139	552263	439585	385252	1975786	1911288	18944763	0
LFQ	24	0	0	5	74	578	387	1709	1723	1583	2568	5638	6198	9132	1763	1816	2390	8541	11557	14592	22107	10637	9175	16570	44092	14253	35217	28217	71216	56642	87201	68662	151034	60856	376449	62895	559343	447734	397253	1999832	1944233	18829013	0
LFQ	25	27	0	12	54	412	315	1469	1454	1483	2427	5721	5893	9190	1775	1874	2418	8400	12057	15362	22012	10785	9258	17149	46180	14596	35777	28485	74399	56694	90953	67875	155102	61893	385211	64885	570194	455296	410157	2030485	1986638	18698518	0
LFQ	26	0	0	19	75	568	593	2882	3032	2613	4259	7358	5460	6741	3090	3265	2491	13210	13599	12703	19032	12314	10876	18261	43245	14587	31836	31445	63431	59727	81573	70114	137472	64232	374976	65178	595801	493763	380315	2037430	1994806	18680513	0
LFQ	27	211	0	23	68	662	536	2489	2433	2038	3356	7063	6235	8485	2425	2325	2617	11023	13929	15411	21951	12207	10285	18659	48423	15290	35577	31347	74123	59368	93074	71652	155013	67723	401770	70934	607698	498869	418620	2118652	2045278	18405043	0
LFQ	28	74	0	27	53	446	388	1997	2027	1780	3074	6870	6489	9635	2206	2103	2784	10364	14167	17255	22831	12182	10281	18818	52114	15887	36583	31631	81811	58965	100767	73112	164812	70403	419924	73759	624796	511821	442988	2169323	2097160	18191178	0
LFQ	29	54	0	35	46	454	356	1722	1748	1757	2951	6723	6605	10393	2179	2118	2810	10133	14771	18186	23033	12431	10267	18786	54108	16515	36852	31723	85246	58613	105772	73350	169835	72131	430768	77526	635967	522127	459944	2204979	2141661	18038210	0
LFQ	30	296	0	53	54	412	328	1600	1640	1646	3023	7269	6842	11120	2107	2105	3081	10360	15904	19591	23133	12465	10595	19630	57337	17362	35984	32534	89139	56620	110307	73104	172470	75408	437405	84722	643663	536799	475619	2200731	2175050	17935377	0
LFQ	31	287	0	82	57	539	593	2989	3334	2959	4963	8355	6266	8339	3502	3527	2924	15210	17506	15756	20068	14343	12065	21074	53494	17043	33430	36173	76214	60626	100457	75807	154343	79505	428623	86029	673890	580621	446024	2207508	2175569	17912791	0
LFQ	32	431	0	78	50	520	543	2512	2677	2465	4091	8552	7283	10267	2806	2691	3296	12717	17533	18975	22506	14070	11557	21060	58828	17819	36013	35469	88224	59585	111705	77489	172180	83399	453798	93228	683924	589013	487604	2292490	2218299	17635730	0
LFQ	33	2	0	73	66	435	422	2057	2218	2017	3618	8349	7676	11551	2496	2530	3354	11931	18413	21123	23105	13748	11550	21075	63592	18859	37019	35733	95775	59476	120012	79475	182664	86117	473651	98118	702577	600037	512584	2346392	2268709	17411518	0
LFQ	34	28	0	69	53	385	374	1832	2044	2004	3611	8536	7567	12107	2562	2423	3439	11938	19060	22569	23518	14136	11877	21053	67120	18795	37235	35377	100911	59551	126906	79959	191933	88087	492142	100243	721888	613657	531464	2385652	2322613	17214211	0
LFQ	35	77	0	81	30	327	345	1680	1852	1913	3487	8501	7208	12102	2573	2378	3561	11805	19708	23656	23676	14172	12025	21240	69590	19594	37317	35823	104502	59083	131423	80332	196467	90356	503476	104007	735626	624858	547926	2415150	2365527	17064370	0
LFQ	36	11	0	103	33	404	552	3161	3624	3433	5733	9673	7319	9593	4257	3981	3603	18486	21684	18482	21629	17291	14027	24350	64173	19912	36389	41327	91036	64195	120078	86332	173954	99791	491319	104501	771858	671651	519161	2456556	2367327	16985788	0
LFQ	37	12	0	99	49	499	558	2742	3055	2736	4810	10246	8280	11857	3425	3148	4098	15502	22747	23422	23657	16739	13578	23738	72431	20919	39016	40362	105599	64463	136009	88920	197523	102532	526782	116149	786401	689759	561169	2534115	2398049	16680594	0
LFQ	38	51	0	99	59	469	516	2314	2704	2424	4664	10562	8701	14231	3228	2952	4198	14650	23739	26425	24596	16535	13694	24173	79509	21828	40422	40308	115790	64983	146737	90845	212303	107143	555521	123439	813917	705865	596948	2583204	2448197	16406957	0
LFQ	39	0	0	106	59	637	508	2264	2682	2477	4615	10835	9291	15494	3213	2850	4332	14370	24667	28658	25324	16487	13976	24238	82948	22006	40745	40723	121425	64754	154310	92305	221189	109052	573853	127459	831652	718252	616845	2620545	2497767	16211173	0
LFQ	40	0	0	124	34	322	393	2002	2380	2537	4530	11391	8760	15606	3052	2923	4616	14690	25773	30392	24766	16608	14607	24356	87466	22847	40631	41217	126407	64563	160735	93480	227318	111799	588300	132264	850106	733206	635112	2639003	2545304	16043683	0
LFQ	41	13	0	167	64	685	714	4074	4851	4575	7599	13057	9330	12657	5200	4880	4785	21328	27869	23744	23420	20684	16691	27930	80615	23324	39670	46988	111642	68331	148422	97885	206813	117804	580496	130080	877552	774762	601891	2574153	2559915	16077993	0
LFQ	42	13	0	165	46	490	600	2889	3017	3093	4702	9707	8083	11872	4506	3899	5263	16823	23634	23996	23217	20095	17275	27729	70798	25868	39022	46905	104380	68058	128543	104671	183899	132095	492845	160582	754657	755934	581035	2435250	2322251	16734046	0
LFQ	43	0	0	162	46	446	521	2603	2766	2727	4343	9763	7954	13400	4032	3536	5180	15744	23529	26185	23622	19609	17011	27549	74790	26503	39642	46955	111952	68418	136331	106610	194054	134781	508601	164589	768894	760259	597413	2464053	2341644	16595089	0
LFQ	44	0	0	163	67	593	559	2653	2690	2965	4646	11730	9533	16788	4003	3571	5467	15878	26637	31317	24910	20349	17152	27401	85319	27312	40800	47162	125155	69256	150308	107643	211769	136086	547724	167912	810388	783397	633541	2517217	2449205	16211450	0
LFQ	45	0	0	173	61	562	569	2447	2663	2818	4412	11179	8710	16225	4033	3642	5684	15718	27112	31339	24379	20286	17901	27506	85608	28056	40620	47237	125377	69105	151331	109530	213662	140436	552011	177392	813974	802703	649086	2512306	2487421	16116826	0
LFQ	46	0	0	221	82	816	815	3989	4740	4532	6961	11679	8713	12345	5560	5067	5581	20916	26737	23181	22105	21921	18735	28397	72663	25281	37818	47836	103975	64494	132912	104341	183260	133840	519947	164092	789885	806955	618535	2251864	2606846	16451929	0
LFQ	47	0	0	200	60	604	607	3060	3514	3407	5444	11673	8882	14158	4665	4185	5880	17766	27503	28310	22777	21617	18154	27648	82028	27072	38013	46918	118581	65000	146243	105918	204145	138101	549867	179100	802192	822033	665340	2314917	2649437	16163991	0
LFQ	48	0	0	200	52	543	614	2755	3061	3113	4896	11744	8998	15512	4409	3714	5721	16172	28327	31509	23190	20711	17883	27569	87456	28090	38323	46374	126928	65928	155215	107742	214513	140203	565713	182709	820986	829087	686409	2361511	2670888	15989739	0
LFQ	49	0	0	214	57	587	657	2701	3021	3104	5060	13132	9474	18109	4190	3775	6257	16344	31224	35530	23854	20775	18338	27683	96017	28867	39019	47022	138182	66341	167784	108044	229693	142772	597762	187685	853021	847878	713898	2408281	2743521	15688116	0
LFQ	50	0	0	251	55	521	582	2575	2881	3200	5252	14148	9593	19643	4398	3968	6612	16690	32950	38513	23635	21452	19017	28165	102870	29669	39310	47726	145830	67125	177411	110541	240207	146626	622080	196988	878466	877027	746163	2415568	2815279	15434544	0
LFQ	51	0	0	344	58	597	926	4302	5655	5520	8220	14413	10405	14604	6762	6023	6801	25124	32907	27900	23888	26414	22273	32775	88070	29301	42637	54892	121998	71620	155799	123868	210913	160938	599241	202815	880319	927531	707455	2400523	2805064	15488186	0
LFQ	52	0	0	321	57	572	803	3345	3991	4366	6645	14367	10331	17119	5689	4943	7444	20886	34729	34181	24283	25437	22175	31633	98699	31797	42641	54338	140994	74480	172608	126340	236607	166385	635534	220547	905123	950430	761726	2470541	2859778	15124705	0
LFQ	53	0	0	324	89	972	891	3321	3577	3710	5240	12678	9301	16334	5890	5089	8073	18707	31329	33734	23705	26871	24310	32009	90895	35808	42964	56038	135900	82423	155887	143146	231030	192662	608298	268856	855445	1041870	788143	2248917	2867852	15233849	0
LFQ	54	18	0	340	113	1152	1192	4156	4365	5820	5311	13117	8967	17431	6213	5383	8589	18920	32724	35845	23377	27169	25237	32779	94430	36905	43445	56848	141359	83593	161633	145849	240169	196121	625862	280294	867775	1068081	810723	2253009	2920098	15041276	0
LFQ	55	37	0	387	81	796	798	2850	3217	3671	5180	13935	8889	18141	5788	5271	8628	18675	34382	38409	23317	27403	25273	32838	100565	37756	44008	57498	148989	84658	170361	147401	250023	199394	650606	289368	898146	1096932	839130	2289531	2990954	14771972	0
LFQ	56	96	0	473	89	964	1170	4580	5600	5595	7918	14671	10405	14770	7246	6682	8438	23666	34683	29357	22792	28905	26009	33076	88641	31850	43885	56461	126574	76249	152884	143942	224646	193234	638109	274673	863271	1118392	793978	2134782	3139699	14956361	0
LFQ	57	444	0	435	98	979	1085	3898	4506	4996	7004	16804	10612	19150	6650	6013	9187	20641	38243	37505	22567	28085	25658	31978	104009	34346	43076	56422	147713	81248	174250	146341	255171	196357	686117	295321	895109	1145176	843195	2189242	3191438	14563266	0
LFQ	58	2281	0	425	104	1139	1132	3808	4171	4634	6412	17249	10701	21291	6038	5603	9382	19495	39273	41626	22243	27386	25177	32021	111606	36111	43200	57072	160843	83891	185578	148489	272520	200527	717326	309050	929491	1175912	883061	2237166	3263192	14227208	0
LFQ	59	1547	0	460	91	988	1018	3553	3934	4546	6029	17323	10298	21477	5875	5589	9440	18806	40309	43226	21960	27684	25755	32059	115220	37202	43651	58013	164707	86130	190131	151648	281478	204815	734945	321789	943639	1205454	900191	2260292	3298060	14043972	0
LFQ	60	2223	0	543	101	1046	1031	3410	3908	4616	6331	18570	10434	23334	6305	5650	9986	19239	41996	45654	22271	27872	26509	32665	122437	38113	44477	59394	173483	87751	199373	155430	299062	210425	771131	337987	973625	1252405	931876	2289358	3385014	13697810	0
LFQ	61	1804	0	12528	139	1254	1648	5413	6590	7144	8868	17302	11482	17236	9092	8006	10961	26988	39921	33888	24915	33697	31014	37075	102504	36662	50112	65455	145597	91086	174185	177390	271284	226406	750632	338943	948937	1310516	882332	2250368	3433397	13739628	0
LFQ	62	3864	0	16451	128	1306	1576	4885	5568	6435	8277	18955	12306	21799	8010	7346	11479	23439	43834	43321	24416	32541	30403	36104	120253	39377	48994	64838	170520	97032	197514	178238	305946	230280	805496	361599	989941	1338665	940939	2300168	3493576	13296066	0
LFQ	63	3346	0	23406	120	1416	1580	4568	5287	5986	7674	20125	11968	23717	7728	7117	11745	22274	44824	47047	23764	32034	30486	36305	125602	41192	49475	66242	179336	100569	204102	182368	320932	235351	831204	378574	1006288	1371048	960439	2320766	3513479	13081906	0
LFQ	64	1737	0	35009	147	1260	1315	4254	4813	5564	7367	20155	11271	24110	7369	6946	11870	21750	45616	48843	23678	31773	30705	36408	130672	42295	49293	67249	187316	102377	213298	185113	335025	239977	860546	392935	1035958	1410680	990549	2359403	3578998	12777277	0
LFQ	65	5373	0	54528	118	1329	1341	4132	4788	5515	6900	19886	11063	24279	7442	7017	11708	21417	45072	50137	23651	31700	30841	36474	132176	43080	49381	67343	190710	104443	216549	187728	347331	244552	890933	407954	1053787	1456667	1009069	2390418	3632853	12510738	0
LFQ	66	1589	0	87888	130	1502	1758	5735	7025	7539	9555	19370	12728	19115	9873	9565	12928	29150	45055	39191	27042	38138	36129	40862	117189	41649	56462	75458	167777	111108	198171	216738	329332	268827	894277	416652	1055486	1552832	984088	2382982	3640848	12368149	0
LFQ	67	0	0	96506	140	1678	1611	5074	5937	7193	9240	22699	14208	25992	8921	8245	13377	25713	51511	51393	25859	36474	34484	39695	141691	43921	54462	74791	199784	115283	228807	212981	368393	268846	951192	435857	1102591	1555459	1038770	2438415	3661626	11960531	0
LFQ	68	0	0	108702	148	1748	1584	5121	5573	6549	8473	23068	13484	27795	8290	7768	13347	24242	51732	55165	25452	35479	34215	39653	146913	46157	54754	76112	208672	119558	238278	216144	386426	274145	980077	450824	1127304	1578291	1064347	2457563	3676210	11739464	0
LFQ	69	0	0	126756	177	1859	1559	4986	5445	6523	8165	24037	12884	28628	8270	7972	13492	23519	52727	57382	25676	35515	33986	39512	150933	47417	54947	77296	216004	122587	243164	219039	401825	279364	1012461	469347	1148980	1623901	1084477	2488329	3714242	11464943	0
LFQ	70	0	0	155066	146	1686	1590	4735	5100	6133	7532	22228	11572	26343	7782	7604	13429	23355	51001	56455	25077	35472	34532	40561	150208	48483	54989	77865	217981	124917	246680	223801	413401	283301	1041110	484966	1173192	1671233	1102614	2508964	3753855	11222836	0
LFQ	71	17	0	199989	198	1935	2062	6373	7665	8505	10202	20243	12894	19814	10886	10790	14313	29785	48061	43070	27891	40598	40101	43068	128424	45687	60612	84061	187477	131384	220350	253004	393878	308111	1046319	493167	1156449	1780867	1068246	2494351	3777915	11108449	0
LFQ	72	0	0	211628	163	1849	1822	5970	6613	7888	9162	22252	13692	24825	9629	9466	14912	26395	52680	52875	26901	38648	38529	42776	147496	48914	59436	84653	214867	137708	245530	252559	431186	310112	1096285	515825	1196143	1789626	1112680	2518319	3771844	10784765	0
LFQ	73	0	0	227928	164	2009	1915	5682	6378	8078	9209	26353	14156	30300	9518	8966	15925	26382	57364	62106	26771	38644	38419	43064	163779	51187	60164	86311	235319	141719	267151	254145	463404	314229	1159620	538966	1240761	1838123	1151782	2547322	3807146	10355555	0
LFQ	74	14	0	252431	170	2018	1892	5499	6054	7726	8963	25393	13503	29773	9346	9005	15789	25924	56912	62716	26951	38531	38756	44106	165584	52817	60700	88249	239222	145165	269383	258516	479699	319642	1196853	559679	1260734	1886735	1159841	2587099	3817062	10106974	0
LFQ	75	21	0	291107	178	1967	1737	5113	5886	7178	8186	23982	12460	28438	9284	8977	15881	25439	55330	62283	26847	38807	38803	44642	164114	53791	61146	88968	242459	149643	274795	264177	498421	325942	1243381	582749	1292736	1950292	1183750	2617139	3861628	9767130	0
LFQ	76	0	0	352284	185	2266	2489	6941	8319	9777	10570	22315	13807	21875	11952	11991	16901	31389	52293	48542	29138	43599	44570	45882	144625	50044	66909	95696	212210	157093	251160	296709	486243	345534	1264242	592053	1273527	2081101	1142330	2629226	3874402	9583986	0
LFQ	77	0	0	368629	176	2062	2123	6381	6896	9131	9419	23798	14077	26253	10855	10644	17548	28642	56378	58172	28126	41557	42806	46320	163510	54169	66103	97402	239546	167851	276041	298796	529427	354413	1329895	624926	1313779	2117723	1180794	2647470	3856735	9204935	0
LFQ	78	0	0	391220	182	2152	2087	6057	6881	8999	9592	26043	14002	29741	10622	10380	17710	28367	58785	64144	28002	41438	42819	47105	174537	56273	66283	99068	256003	173277	291934	302151	559658	359693	1382994	646221	1350934	2154880	1205345	2665684	3853927	8887626	0
LFQ	79	0	0	425789	187	2048	2170	6266	6906	9264	10081	28281	14609	31819	10794	10623	18575	28669	61407	69466	28461	41770	42983	48675	182660	58126	68013	102767	267531	179744	305571	307310	591877	363856	1453857	674391	1384390	2216298	1214186	2690177	3842558	8529911	0
LFQ	80	0	0	478462	161	2090	2176	6087	6846	8816	9555	26759	13295	30311	10745	10655	18479	28464	60559	68128	28546	41687	42604	49856	180903	59281	68747	103095	268647	182262	308733	311549	610462	369087	1501519	692513	1414059	2269807	1217167	2724371	3833439	8271371	0
LFQ	81	23	0	562125	233	2849	3129	8625	9871	12320	11984	25808	15142	24476	14478	14457	20403	34929	57854	55051	32190	47955	51239	51244	162289	55866	76095	110926	239165	193453	287556	351169	599063	389729	1508632	688254	1386600	2360398	1169138	2731158	3820708	8143785	0
LFQ	82	137	0	584057	203	2604	2703	7832	8173	11454	11030	26857	15455	28955	13040	12955	21123	32321	62204	65273	31777	46108	48809	51900	181954	60587	75807	113913	270771	205907	312768	354190	645395	399068	1575825	723888	1428831	2383758	1207028	2738839	3787335	7778595	0
LFQ	83	432	0	614525	222	2592	2766	7602	8566	11724	11317	29214	15701	32612	13202	12798	21917	32622	65442	71461	31948	45774	49442	54448	193798	63653	77195	116872	286097	214091	331173	359594	686546	404789	1650880	749104	1466661	2439412	1219973	2760540	3752521	7419248	0
LFQ	84	426	0	659174	182	2583	2737	7438	8181	11474	11233	30434	15611	33749	12834	12577	21974	32659	66973	74673	32158	46420	48793	55741	199029	65330	77915	118887	296316	215941	342928	363300	709789	410283	1705354	769754	1505928	2477704	1228400	2780047	3724289	7148142	0
LFQ	85	407	0	731089	214	2625	2683	7082	7799	10482	10666	28081	14742	32057	12538	12339	21380	31879	64703	72802	32276	45909	48603	56650	196897	65924	78162	118464	296735	218333	345662	367889	730989	413535	1756090	783337	1533719	2520657	1226800	2802550	3702749	6920574	0
LFQ	86	528	0	850097	288	2949	3598	9154	9911	13539	12508	27250	15731	25712	16142	16395	23545	38292	62440	60792	36252	52151	58061	57344	181856	62848	86291	129312	269578	237799	326453	417304	729043	439195	1778887	789407	1505690	2636159	1186287	2791026	3642145	6722719	0
LFQ	87	3	0	879278	223	2821	2929	8648	8987	13257	11902	29159	16875	31279	14866	14478	24380	36191	68395	71889	35134	50516	55324	58751	203365	67870	85998	131700	303827	249775	357472	417523	777923	448392	1846916	821783	1548776	2638005	1220013	2776883	3588319	6403271	0
LFQ	88	296	0	920173	203	2775	3034	8538	8901	13586	12049	31094	16603	34552	14941	14500	24908	36804	71494	78377	35270	50218	54848	61457	213227	71270	88031	135263	320887	258497	377204	423951	819300	454654	1920293	849970	1585864	2678801	1225724	2782754	3532267	6088618	0
LFQ	89	0	0	982163	171	2715	2851	7933	9058	13051	12160	31784	16902	35550	14520	14356	24965	36571	72366	80898	35824	50293	54554	62865	219840	73230	88420	137223	329708	260092	388800	427069	847245	460276	1981453	866332	1625906	2710300	1229373	2797919	3490463	5824012	0
LFQ	90	0	0	1084225	143	2173	2621	6501	7721	11601	11628	31366	15584	35484	13344	13384	24603	36488	74497	83771	35511	49748	53416	64094	227015	74042	87894	136269	339733	256895	402870	426348	871076	462551	2031398	877548	1667053	2720066	1237398	2806311	3433993	5600610	0
LFQ	91	0	0	1263950	147	2142	2893	7184	8141	12699	11657	26668	14654	25656	15860	16708	25319	40416	65440	62510	38061	54256	63244	63197	197319	68837	96555	147115	299072	283786	365002	489709	861675	491585	2026697	873400	1606612	2831487	1190006	2761844	3368549	5534436	0
LFQ	92	0	0	1303299	89	1787	2459	6479	7566	13933	11574	29403	16540	31760	15206	15413	26834	40149	72764	76364	38139	53356	60996	66253	220683	75119	97967	150497	335419	300528	401095	491448	922243	499316	2107785	903903	1650272	2824901	1208335	2723141	3289425	5219244	0
LFQ	93	0	0	1356835	46	1523	2233	5631	7239	12950	11196	30872	16328	34943	14305	14453	26982	39019	75954	82867	37999	52869	59992	68068	233477	78192	97760	153920	353953	306612	418860	497322	960067	508780	2178916	930680	1683117	2858945	1220769	2711966	3241421	4921578	0
LFQ	94	0	0	1438773	61	1256	1950	4822	6620	11454	10269	27378	14071	31249	13695	13444	25855	38091	70624	79458	37805	52399	58306	70303	224037	80955	100174	154196	350985	309360	414040	504927	986228	514895	2219548	939665	1698384	2892145	1209320	2701148	3192528	4804722	0
LFQ	95	4	0	1586804	41	1111	1777	4318	5634	9984	9411	24701	12605	28590	12334	12521	25000	37233	71326	79791	37308	51811	57262	70759	228402	81887	99751	152928	357148	304806	426876	505229	1012825	517632	2283707	960250	1742815	2907477	1210445	2698242	3133085	4537441	0
LFQ	96	52	0	1901910	39	981	1561	4410	4333	9184	7206	18587	10394	18529	11946	12082	23908	38842	59463	59382	37686	49636	64312	63936	196171	70706	102877	158689	314333	348431	401711	607009	1044590	589703	2293132	980937	1679013	2985076	1129415	2641510	2988385	4366880	0
LFQ	97	0	0	1954538	5	1073	1551	4737	5216	10578	7914	22745	12543	25079	11897	11225	25800	39226	68270	72543	37980	49070	62315	67636	221263	77091	104943	162871	354137	363036	444107	608111	1108514	599481	2388083	1011983	1725097	2970343	1141921	2600853	2887768	4030409	0
LFQ	98	0	0	2035306	14	963	1633	4704	5965	11589	8746	25026	13322	28522	11782	10748	27115	40636	73464	80260	38912	50418	62172	71839	235079	81008	106915	164806	370010	364439	461428	609962	1139141	597677	2452391	1024982	1749366	2987294	1132467	2572816	2804677	3828920	0
LFQ	99	245158	0	2059642	19	2677	5522	20778	25222	51706	19329	31409	16987	37176	24231	16869	34521	53825	87167	91616	51365	64544	71659	87089	239790	86745	118872	164718	367865	360988	458270	562146	1138155	540782	2476014	983777	1734571	2969768	1106141	2526068	2725344	3621892	0
LFQ	100	0	0	2330027	2	255	539	1655	2342	4409	4508	12482	6161	15028	6850	6384	28638	44960	83548	91295	42058	53296	62633	81109	255488	88073	112479	168885	389851	361304	485274	611493	1199860	598202	2576718	1044059	1796852	2998497	1101187	2518076	2659280	3430075	0
# GC Content of first fragments. Use `grep ^GCF | cut -f 2-` to extract this part.
GCF	0.25	310
GCF	1.01	31
GCF	2.01	20
GCF	3.52	13
GCF	5.03	10
GCF	5.78	18
GCF	6.28	21
GCF	7.04	30
GCF	8.04	42
GCF	9.05	87
GCF	9.80	137
GCF	10.30	135
GCF	10.80	242
GCF	11.31	245
GCF	11.81	464
GCF	12.31	471
GCF	12.81	868
GCF	13.32	872
GCF	13.82	1670
GCF	14.32	1672
GCF	14.82	3061
GCF	15.33	3081
GCF	15.83	5317
GCF	16.33	5330
GCF	16.83	9674
GCF	17.34	9697
GCF	17.84	16484
GCF	18.34	16482
GCF	18.84	26312
GCF	19.35	26350
GCF	19.85	40476
GCF	20.35	40478
GCF	20.85	59279
GCF	21.36	59302
GCF	21.86	83148
GCF	22.36	83170
GCF	22.86	114242
GCF	23.37	114297
GCF	23.87	151644
GCF	24.37	151670
GCF	24.87	193270
GCF	25.38	193322
GCF	25.88	239742
GCF	26.38	239833
GCF	26.88	289193
GCF	27.39	289238
GCF	27.89	341493
GCF	28.39	341600
GCF	28.89	396026
GCF	29.40	396095
GCF	29.90	449290
GCF	30.40	449425
GCF	30.90	505883
GCF	31.41	506026
GCF	31.91	562996
GCF	32.41	563304
GCF	32.91	617490
GCF	33.42	617627
GCF	33.92	670599
GCF	34.42	670913
GCF	34.92	719835
GCF	35.43	720123
GCF	35.93	767178
GCF	36.43	767462
GCF	36.93	809924
GCF	37.44	810112
GCF	37.94	847488
GCF	38.44	847611
GCF	38.94	875534
GCF	39.45	875687
GCF	39.95	890454
GCF	40.45	890512
GCF	40.95	892520
GCF	41.46	892392
GCF	41.96	885802
GCF	42.46	885753
GCF	42.96	870448
GCF	43.47	870418
GCF	43.97	853255
GCF	44.47	853245
GCF	44.97	832179
GCF	45.48	832066
GCF	45.98	809428
GCF	46.48	809321
GCF	46.98	785479
GCF	47.49	785378
GCF	47.99	763257
GCF	48.49	763243
GCF	48.99	738025
GCF	49.50	738083
GCF	50.00	713030
GCF	50.50	713052
GCF	51.01	683725
GCF	51.51	683694
GCF	52.01	651862
GCF	52.51	651901
GCF	53.02	621052
GCF	53.52	621005
GCF	54.02	594843
GCF	54.52	594830
GCF	55.03	566241
GCF	55.53	566219
GCF	56.03	536413
GCF	56.53	536411
GCF	57.04	507421
GCF	57.54	507351
GCF	58.04	475003
GCF	58.54	474883
GCF	59.05	438955
GCF	59.55	438829
GCF	60.05	400715
GCF	60.55	400710
GCF	61.06	361045
GCF	61.56	361004
GCF	62.06	317588
GCF	62.56	317454
GCF	63.07	275521
GCF	63.57	275349
GCF	64.07	235623
GCF	64.57	235469
GCF	65.08	197033
GCF	65.58	196926
GCF	66.08	162741
GCF	66.58	162594
GCF	67.09	131816
GCF	67.59	131682
GCF	68.09	104695
GCF	68.59	104632
GCF	69.10	80799
GCF	69.60	80738
GCF	70.10	61084
GCF	70.60	61029
GCF	71.11	45261
GCF	71.61	45175
GCF	72.11	33308
GCF	72.61	33274
GCF	73.12	24313
GCF	73.62	24266
GCF	74.12	17487
GCF	74.62	17472
GCF	75.13	12524
GCF	75.63	12487
GCF	76.13	9059
GCF	76.63	9047
GCF	77.14	6511
GCF	77.64	6477
GCF	78.14	4520
GCF	78.64	4493
GCF	79.40	3355
GCF	80.15	2437
GCF	80.65	2423
GCF	81.16	1747
GCF	81.66	1745
GCF	82.16	1179
GCF	82.66	1181
GCF	83.17	726
GCF	83.67	721
GCF	84.42	482
GCF	85.18	290
GCF	85.68	287
GCF	86.18	182
GCF	86.68	176
GCF	87.19	64
GCF	87.69	63
GCF	88.19	34
GCF	88.69	31
GCF	89.45	25
GCF	90.70	7
GCF	91.71	6
GCF	92.21	1
GCF	92.96	2
GCF	93.72	0
GCF	94.47	1
GCF	95.48	2
GCF	96.98	1
GCF	98.49	2
GCF	99.50	1
# GC Content of last fragments. Use `grep ^GCL | cut -f 2-` to extract this part.
GCL	0.25	364
GCL	1.01	50
GCL	2.01	23
GCL	2.76	20
GCL	3.27	21
GCL	4.02	24
GCL	4.77	22
GCL	5.28	21
GCL	5.78	26
GCL	6.28	28
GCL	7.04	52
GCL	8.04	50
GCL	9.05	68
GCL	9.80	142
GCL	10.30	141
GCL	10.80	264
GCL	11.31	265
GCL	11.81	496
GCL	12.31	499
GCL	12.81	948
GCL	13.32	954
GCL	13.82	1640
GCL	14.32	1648
GCL	14.82	3093
GCL	15.33	3109
GCL	15.83	5472
GCL	16.33	5473
GCL	16.83	9677
GCL	17.34	9690
GCL	17.84	16278
GCL	18.34	16287
GCL	18.84	26118
GCL	19.35	26150
GCL	19.85	40939
GCL	20.35	40954
GCL	20.85	59513
GCL	21.36	59532
GCL	21.86	83805
GCL	22.36	83832
GCL	22.86	114630
GCL	23.37	114664
GCL	23.87	150672
GCL	24.37	150699
GCL	24.87	192016
GCL	25.38	192070
GCL	25.88	239091
GCL	26.38	239163
GCL	26.88	289091
GCL	27.39	289160
GCL	27.89	340639
GCL	28.39	340744
GCL	28.89	396008
GCL	29.40	396080
GCL	29.90	450841
GCL	30.40	450955
GCL	30.90	503785
GCL	31.41	503928
GCL	31.91	560592
GCL	32.41	560838
GCL	32.91	616389
GCL	33.42	616547
GCL	33.92	669471
GCL	34.42	669749
GCL	34.92	717906
GCL	35.43	718142
GCL	35.93	763861
GCL	36.43	764158
GCL	36.93	808160
GCL	37.44	808422
GCL	37.94	842689
GCL	38.44	842837
GCL	38.94	870962
GCL	39.45	871017
GCL	39.95	885020
GCL	40.45	885119
GCL	40.95	889239
GCL	41.46	889116
GCL	41.96	882495
GCL	42.46	882455
GCL	42.96	869872
GCL	43.47	869712
GCL	43.97	852778
GCL	44.47	852672
GCL	44.97	832110
GCL	45.48	832039
GCL	45.98	810065
GCL	46.48	810017
GCL	46.98	784513
GCL	47.49	784439
GCL	47.99	763257
GCL	48.49	763146
GCL	48.99	737566
GCL	49.50	737582
GCL	50.00	714046
GCL	50.50	714089
GCL	51.01	685876
GCL	51.51	685868
GCL	52.01	653599
GCL	52.51	653611
GCL	53.02	625633
GCL	53.52	625638
GCL	54.02	596633
GCL	54.52	596551
GCL	55.03	571233
GCL	55.53	571266
GCL	56.03	540609
GCL	56.53	540532
GCL	57.04	511900
GCL	57.54	511867
GCL	58.04	476889
GCL	58.54	476791
GCL	59.05	440894
GCL	59.55	440807
GCL	60.05	403365
GCL	60.55	403368
GCL	61.06	362512
GCL	61.56	362555
GCL	62.06	320103
GCL	62.56	320001
GCL	63.07	277516
GCL	63.57	277302
GCL	64.07	236738
GCL	64.57	236632
GCL	65.08	198597
GCL	65.58	198448
GCL	66.08	163630
GCL	66.58	163485
GCL	67.09	132582
GCL	67.59	132466
GCL	68.09	105105
GCL	68.59	105032
GCL	69.10	80708
GCL	69.60	80638
GCL	70.10	60667
GCL	70.60	60622
GCL	71.11	44929
GCL	71.61	44833
GCL	72.11	32326
GCL	72.61	32263
GCL	73.12	23760
GCL	73.62	23699
GCL	74.12	16841
GCL	74.62	16829
GCL	75.13	12122
GCL	75.63	12084
GCL	76.13	8661
GCL	76.63	8629
GCL	77.14	6220
GCL	77.64	6205
GCL	78.14	4577
GCL	78.64	4564
GCL	79.15	3342
GCL	79.65	3330
GCL	80.15	2370
GCL	80.65	2350
GCL	81.16	1613
GCL	81.66	1609
GCL	82.16	1056
GCL	82.66	1057
GCL	83.17	685
GCL	83.67	681
GCL	84.17	451
GCL	84.67	454
GCL	85.18	276
GCL	85.68	282
GCL	86.18	150
GCL	86.68	145
GCL	87.19	87
GCL	87.69	79
GCL	88.19	43
GCL	88.69	41
GCL	89.20	23
GCL	89.70	22
GCL	90.20	18
GCL	90.70	17
GCL	91.21	12
GCL	91.71	11
GCL	92.46	7
GCL	93.47	5
GCL	94.47	6
GCL	95.48	10
GCL	96.48	7
GCL	97.49	5
GCL	98.49	14
GCL	99.50	16
# ACGT content per cycle. Use `grep ^GCC | cut -f 2-` to extract this part. The columns are: cycle; A,C,G,T base counts as a percentage of all A/C/G/T bases [%]; and N and O counts as a percentage of all A/C/G/T bases [%]
GCC	1	29.07	20.74	20.83	29.37	0.07	0.00
GCC	2	29.14	20.77	20.61	29.48	0.02	0.00
GCC	3	28.18	21.73	21.59	28.50	0.01	0.00
GCC	4	28.24	21.61	21.57	28.57	0.00	0.00
GCC	5	28.96	20.92	20.87	29.26	0.00	0.00
GCC	6	28.19	21.70	21.65	28.46	0.00	0.00
GCC	7	28.05	21.86	21.82	28.27	0.00	0.00
GCC	8	28.74	21.16	21.11	29.00	0.00	0.00
GCC	9	28.54	21.36	21.29	28.81	0.00	0.00
GCC	10	28.25	21.66	21.59	28.51	0.00	0.00
GCC	11	28.38	21.52	21.45	28.66	0.00	0.00
GCC	12	28.27	21.64	21.57	28.53	0.00	0.00
GCC	13	28.38	21.52	21.45	28.65	0.00	0.00
GCC	14	28.28	21.64	21.54	28.54	0.00	0.00
GCC	15	28.14	21.78	21.66	28.42	0.00	0.00
GCC	16	28.11	21.80	21.70	28.40	0.00	0.00
GCC	17	28.05	21.88	21.77	28.30	0.00	0.00
GCC	18	27.94	21.98	21.86	28.22	0.00	0.00
GCC	19	27.93	22.01	21.87	28.19	0.00	0.00
GCC	20	27.93	22.01	21.87	28.20	0.00	0.00
GCC	21	27.86	22.07	21.93	28.14	0.10	0.00
GCC	22	27.86	22.07	21.92	28.15	0.00	0.00
GCC	23	27.90	22.03	21.88	28.19	0.00	0.00
GCC	24	27.76	22.16	22.02	28.06	0.00	0.00
GCC	25	27.80	22.12	21.97	28.11	0.00	0.00
GCC	26	27.80	22.12	21.97	28.11	0.00	0.00
GCC	27	27.71	22.22	22.05	28.03	0.00	0.00
GCC	28	27.72	22.22	22.03	28.03	0.00	0.00
GCC	29	27.71	22.22	22.02	28.04	0.00	0.00
GCC	30	27.64	22.30	22.10	27.97	0.00	0.00
GCC	31	27.59	22.33	22.14	27.94	0.00	0.00
GCC	32	27.62	22.32	22.11	27.95	0.00	0.00
GCC	33	27.55	22.40	22.17	27.87	0.00	0.00
GCC	34	27.55	22.38	22.15	27.92	0.00	0.00
GCC	35	27.54	22.39	22.17	27.90	0.00	0.00
GCC	36	27.49	22.45	22.22	27.84	0.00	0.00
GCC	37	27.51	22.41	22.18	27.89	0.00	0.00
GCC	38	27.51	22.42	22.18	27.89	0.00	0.00
GCC	39	27.46	22.48	22.23	27.83	0.00	0.00
GCC	40	27.47	22.45	22.21	27.87	0.00	0.00
GCC	41	27.46	22.46	22.20	27.88	0.00	0.00
GCC	42	27.39	22.51	22.26	27.83	0.00	0.00
GCC	43	27.42	22.50	22.24	27.84	0.00	0.00
GCC	44	27.44	22.49	22.22	27.85	0.00	0.00
GCC	45	27.36	22.57	22.27	27.80	0.00	0.00
GCC	46	27.38	22.55	22.26	27.82	0.00	0.00
GCC	47	27.39	22.53	22.24	27.84	0.00	0.00
GCC	48	27.35	22.59	22.27	27.79	0.00	0.00
GCC	49	27.34	22.59	22.29	27.78	0.00	0.00
GCC	50	27.36	22.56	22.27	27.81	0.00	0.00
GCC	51	27.30	22.61	22.31	27.78	0.00	0.00
GCC	52	27.31	22.62	22.31	27.76	0.00	0.00
GCC	53	27.35	22.60	22.26	27.79	0.00	0.00
GCC	54	27.28	22.65	22.32	27.75	0.00	0.00
GCC	55	27.30	22.62	22.30	27.78	0.00	0.00
GCC	56	27.30	22.62	22.29	27.79	0.00	0.00
GCC	57	27.26	22.66	22.33	27.74	0.00	0.00
GCC	58	27.28	22.63	22.31	27.77	0.00	0.00
GCC	59	27.28	22.65	22.29	27.78	0.00	0.00
GCC	60	27.21	22.71	22.35	27.73	0.00	0.00
GCC	61	27.24	22.69	22.34	27.74	0.00	0.00
GCC	62	27.26	22.68	22.32	27.74	0.01	0.00
GCC	63	27.22	22.73	22.36	27.69	0.01	0.00
GCC	64	27.24	22.70	22.34	27.72	0.00	0.00
GCC	65	27.23	22.70	22.33	27.74	0.01	0.00
GCC	66	27.19	22.73	22.38	27.70	0.00	0.00
GCC	67	27.18	22.74	22.38	27.71	0.00	0.00
GCC	68	27.19	22.73	22.37	27.71	0.00	0.00
GCC	69	27.16	22.77	22.39	27.68	0.00	0.00
GCC	70	27.17	22.75	22.40	27.68	0.00	0.00
GCC	71	27.17	22.76	22.39	27.68	0.00	0.00
GCC	72	27.12	22.81	22.43	27.64	0.00	0.00
GCC	73	27.15	22.76	22.39	27.70	0.00	0.00
GCC	74	27.17	22.76	22.40	27.68	0.00	0.00
GCC	75	27.10	22.82	22.45	27.63	0.00	0.00
GCC	76	27.12	22.80	22.43	27.65	0.00	0.00
GCC	77	27.16	22.76	22.41	27.66	0.00	0.00
GCC	78	27.11	22.82	22.44	27.63	0.00	0.00
GCC	79	27.11	22.81	22.44	27.64	0.00	0.00
GCC	80	27.12	22.82	22.43	27.64	0.00	0.00
GCC	81	27.07	22.85	22.46	27.61	0.00	0.00
GCC	82	27.10	22.84	22.44	27.62	0.00	0.00
GCC	83	27.10	22.83	22.43	27.63	0.00	0.00
GCC	84	27.04	22.89	22.51	27.57	0.00	0.00
GCC	85	27.06	22.87	22.48	27.59	0.00	0.00
GCC	86	27.07	22.84	22.47	27.62	0.00	0.00
GCC	87	27.06	22.89	22.50	27.55	0.00	0.00
GCC	88	27.05	22.88	22.49	27.57	0.00	0.00
GCC	89	27.05	22.88	22.49	27.58	0.00	0.00
GCC	90	27.00	22.93	22.55	27.53	0.00	0.00
GCC	91	27.01	22.92	22.53	27.54	0.00	0.00
GCC	92	27.03	22.91	22.51	27.54	0.00	0.00
GCC	93	26.99	22.95	22.55	27.51	0.00	0.00
GCC	94	26.99	22.95	22.55	27.51	0.00	0.00
GCC	95	26.99	22.95	22.56	27.51	0.00	0.00
GCC	96	26.94	22.98	22.60	27.48	0.00	0.00
GCC	97	26.97	22.96	22.58	27.49	0.00	0.00
GCC	98	26.97	22.97	22.57	27.49	0.00	0.00
GCC	99	26.91	23.03	22.64	27.42	0.49	0.00
GCC	100	26.91	23.02	22.64	27.43	0.00	0.00
# ACGT content per cycle, read oriented. Use `grep ^GCT | cut -f 2-` to extract this part. The columns are: cycle; A,C,G,T base counts as a percentage of all A/C/G/T bases [%]
GCT	1	30.85	27.59	13.97	27.59
GCT	2	31.71	16.28	25.10	26.91
GCT	3	27.68	21.30	22.02	29.00
GCT	4	28.51	23.03	20.15	28.31
GCT	5	28.68	21.47	20.32	29.54
GCT	6	27.81	22.48	20.88	28.84
GCT	7	27.92	22.00	21.68	28.40
GCT	8	27.74	22.13	20.14	30.00
GCT	9	27.23	21.92	20.73	30.13
GCT	10	27.83	21.99	21.25	28.92
GCT	11	28.09	21.87	21.09	28.94
GCT	12	28.04	22.02	21.18	28.76
GCT	13	28.18	21.88	21.09	28.85
GCT	14	28.10	21.87	21.31	28.72
GCT	15	28.00	22.17	21.27	28.56
GCT	16	27.94	22.09	21.40	28.57
GCT	17	27.83	22.14	21.51	28.51
GCT	18	27.74	22.36	21.48	28.42
GCT	19	27.68	22.33	21.55	28.44
GCT	20	27.74	22.17	21.71	28.39
GCT	21	27.66	22.32	21.67	28.34
GCT	22	27.62	22.36	21.63	28.39
GCT	23	27.63	22.23	21.69	28.46
GCT	24	27.54	22.42	21.76	28.28
GCT	25	27.57	22.46	21.62	28.34
GCT	26	27.61	22.30	21.79	28.30
GCT	27	27.49	22.42	21.84	28.25
GCT	28	27.57	22.49	21.76	28.18
GCT	29	27.58	22.34	21.90	28.17
GCT	30	27.46	22.46	21.93	28.15
GCT	31	27.47	22.53	21.94	28.06
GCT	32	27.53	22.45	21.99	28.03
GCT	33	27.47	22.55	22.02	27.96
GCT	34	27.52	22.52	22.01	27.94
GCT	35	27.52	22.49	22.07	27.92
GCT	36	27.39	22.61	22.06	27.94
GCT	37	27.47	22.55	22.04	27.94
GCT	38	27.48	22.49	22.11	27.92
GCT	39	27.40	22.60	22.10	27.89
GCT	40	27.44	22.58	22.08	27.90
GCT	41	27.46	22.50	22.16	27.88
GCT	42	27.37	22.62	22.15	27.86
GCT	43	27.37	22.61	22.13	27.90
GCT	44	27.39	22.54	22.17	27.90
GCT	45	27.33	22.67	22.16	27.83
GCT	46	27.39	22.65	22.16	27.81
GCT	47	27.45	22.53	22.24	27.78
GCT	48	27.34	22.65	22.21	27.80
GCT	49	27.35	22.69	22.19	27.78
GCT	50	27.40	22.58	22.25	27.76
GCT	51	27.33	22.67	22.25	27.75
GCT	52	27.35	22.65	22.28	27.72
GCT	53	27.38	22.55	22.31	27.76
GCT	54	27.30	22.68	22.29	27.73
GCT	55	27.37	22.65	22.27	27.71
GCT	56	27.38	22.55	22.36	27.72
GCT	57	27.33	22.68	22.32	27.67
GCT	58	27.39	22.66	22.29	27.67
GCT	59	27.38	22.58	22.36	27.68
GCT	60	27.29	22.72	22.35	27.65
GCT	61	27.34	22.73	22.29	27.64
GCT	62	27.35	22.60	22.40	27.65
GCT	63	27.27	22.72	22.38	27.64
GCT	64	27.34	22.70	22.34	27.62
GCT	65	27.37	22.61	22.42	27.60
GCT	66	27.29	22.68	22.43	27.60
GCT	67	27.31	22.74	22.38	27.57
GCT	68	27.34	22.64	22.46	27.56
GCT	69	27.29	22.74	22.42	27.56
GCT	70	27.32	22.72	22.44	27.52
GCT	71	27.36	22.60	22.55	27.49
GCT	72	27.28	22.73	22.50	27.48
GCT	73	27.34	22.72	22.43	27.50
GCT	74	27.34	22.63	22.53	27.50
GCT	75	27.25	22.74	22.54	27.48
GCT	76	27.31	22.74	22.49	27.46
GCT	77	27.36	22.62	22.56	27.46
GCT	78	27.29	22.68	22.58	27.45
GCT	79	27.33	22.71	22.54	27.43
GCT	80	27.35	22.65	22.60	27.41
GCT	81	27.29	22.73	22.59	27.39
GCT	82	27.32	22.72	22.56	27.40
GCT	83	27.32	22.65	22.62	27.41
GCT	84	27.24	22.75	22.65	27.36
GCT	85	27.31	22.80	22.55	27.34
GCT	86	27.34	22.67	22.64	27.36
GCT	87	27.26	22.74	22.65	27.35
GCT	88	27.30	22.74	22.63	27.32
GCT	89	27.32	22.67	22.71	27.31
GCT	90	27.26	22.78	22.70	27.27
GCT	91	27.27	22.79	22.66	27.28
GCT	92	27.29	22.73	22.70	27.28
GCT	93	27.23	22.81	22.70	27.27
GCT	94	27.27	22.81	22.69	27.23
GCT	95	27.28	22.76	22.75	27.22
GCT	96	27.24	22.82	22.76	27.18
GCT	97	27.28	22.81	22.73	27.18
GCT	98	27.29	22.73	22.81	27.17
GCT	99	27.17	22.86	22.81	27.16
GCT	100	27.25	22.85	22.81	27.09
# ACGT content per cycle for first fragments. Use `grep ^FBC | cut -f 2-` to extract this part. The columns are: cycle; A,C,G,T base counts as a percentage of all A/C/G/T bases [%]; and N and O counts as a percentage of all A/C/G/T bases [%]
FBC	1	28.79	21.07	21.07	29.07	0.05	0.00
FBC	2	29.18	20.71	20.57	29.54	0.01	0.00
FBC	3	28.26	21.64	21.50	28.60	0.00	0.00
FBC	4	28.35	21.52	21.44	28.68	0.00	0.00
FBC	5	28.96	20.94	20.86	29.24	0.00	0.00
FBC	6	28.21	21.70	21.60	28.49	0.00	0.00
FBC	7	28.07	21.85	21.79	28.29	0.00	0.00
FBC	8	28.71	21.19	21.11	28.99	0.00	0.00
FBC	9	28.54	21.37	21.26	28.83	0.00	0.00
FBC	10	28.24	21.68	21.58	28.49	0.00	0.00
FBC	11	28.37	21.52	21.45	28.65	0.00	0.00
FBC	12	28.26	21.64	21.57	28.52	0.00	0.00
FBC	13	28.36	21.55	21.46	28.63	0.00	0.00
FBC	14	28.28	21.64	21.53	28.55	0.00	0.00
FBC	15	28.14	21.80	21.65	28.41	0.00	0.00
FBC	16	28.10	21.80	21.69	28.41	0.00	0.00
FBC	17	28.05	21.87	21.77	28.30	0.00	0.00
FBC	18	27.94	21.98	21.85	28.22	0.00	0.00
FBC	19	27.94	21.99	21.88	28.19	0.00	0.00
FBC	20	27.93	22.01	21.85	28.21	0.00	0.00
FBC	21	27.87	22.07	21.91	28.15	0.21	0.00
FBC	22	27.86	22.07	21.91	28.16	0.00	0.00
FBC	23	27.92	22.02	21.86	28.20	0.00	0.00
FBC	24	27.78	22.14	22.00	28.08	0.00	0.00
FBC	25	27.82	22.11	21.95	28.11	0.00	0.00
FBC	26	27.83	22.09	21.94	28.13	0.00	0.00
FBC	27	27.71	22.21	22.02	28.05	0.00	0.00
FBC	28	27.72	22.22	22.01	28.06	0.00	0.00
FBC	29	27.74	22.19	22.01	28.07	0.00	0.00
FBC	30	27.66	22.27	22.08	27.99	0.00	0.00
FBC	31	27.60	22.31	22.13	27.96	0.00	0.00
FBC	32	27.63	22.30	22.10	27.97	0.00	0.00
FBC	33	27.57	22.38	22.14	27.90	0.00	0.00
FBC	34	27.59	22.36	22.13	27.92	0.00	0.00
FBC	35	27.57	22.36	22.14	27.93	0.00	0.00
FBC	36	27.51	22.43	22.19	27.87	0.00	0.00
FBC	37	27.54	22.40	22.15	27.92	0.00	0.00
FBC	38	27.52	22.41	22.15	27.92	0.00	0.00
FBC	39	27.49	22.45	22.20	27.86	0.00	0.00
FBC	40	27.48	22.43	22.19	27.90	0.00	0.00
FBC	41	27.49	22.44	22.17	27.90	0.00	0.00
FBC	42	27.42	22.50	22.23	27.85	0.00	0.00
FBC	43	27.42	22.48	22.22	27.87	0.00	0.00
FBC	44	27.46	22.46	22.21	27.87	0.00	0.00
FBC	45	27.39	22.54	22.23	27.84	0.00	0.00
FBC	46	27.40	22.53	22.24	27.84	0.00	0.00
FBC	47	27.42	22.51	22.22	27.86	0.00	0.00
FBC	48	27.37	22.57	22.25	27.81	0.00	0.00
FBC	49	27.36	22.57	22.26	27.80	0.00	0.00
FBC	50	27.38	22.55	22.24	27.83	0.00	0.00
FBC	51	27.33	22.58	22.28	27.81	0.00	0.00
FBC	52	27.33	22.60	22.29	27.78	0.00	0.00
FBC	53	27.37	22.59	22.24	27.81	0.00	0.00
FBC	54	27.29	22.64	22.29	27.78	0.00	0.00
FBC	55	27.32	22.60	22.29	27.79	0.00	0.00
FBC	56	27.33	22.60	22.26	27.81	0.00	0.00
FBC	57	27.28	22.65	22.30	27.77	0.00	0.00
FBC	58	27.29	22.62	22.29	27.80	0.00	0.00
FBC	59	27.30	22.63	22.26	27.80	0.00	0.00
FBC	60	27.22	22.70	22.34	27.75	0.00	0.00
FBC	61	27.24	22.68	22.32	27.76	0.00	0.00
FBC	62	27.27	22.65	22.30	27.77	0.00	0.00
FBC	63	27.23	22.71	22.34	27.71	0.00	0.00
FBC	64	27.25	22.69	22.32	27.73	0.00	0.00
FBC	65	27.25	22.68	22.31	27.76	0.00	0.00
FBC	66	27.20	22.72	22.37	27.72	0.00	0.00
FBC	67	27.18	22.74	22.36	27.72	0.00	0.00
FBC	68	27.20	22.72	22.34	27.74	0.00	0.00
FBC	69	27.18	22.76	22.37	27.69	0.00	0.00
FBC	70	27.18	22.75	22.39	27.68	0.00	0.00
FBC	71	27.18	22.74	22.38	27.69	0.00	0.00
FBC	72	27.12	22.80	22.43	27.66	0.00	0.00
FBC	73	27.15	22.75	22.40	27.70	0.00	0.00
FBC	74	27.17	22.76	22.38	27.69	0.00	0.00
FBC	75	27.11	22.81	22.44	27.64	0.00	0.00
FBC	76	27.12	22.80	22.43	27.64	0.00	0.00
FBC	77	27.17	22.76	22.40	27.67	0.00	0.00
FBC	78	27.10	22.82	22.44	27.64	0.00	0.00
FBC	79	27.09	22.81	22.46	27.64	0.00	0.00
FBC	80	27.11	22.82	22.43	27.64	0.00	0.00
FBC	81	27.07	22.85	22.47	27.60	0.00	0.00
FBC	82	27.10	22.85	22.45	27.61	0.00	0.00
FBC	83	27.10	22.82	22.45	27.63	0.00	0.00
FBC	84	27.03	22.90	22.51	27.56	0.00	0.00
FBC	85	27.06	22.88	22.48	27.58	0.00	0.00
FBC	86	27.07	22.84	22.47	27.62	0.00	0.00
FBC	87	27.05	22.90	22.50	27.55	0.00	0.00
FBC	88	27.04	22.89	22.50	27.57	0.00	0.00
FBC	89	27.04	22.87	22.50	27.58	0.00	0.00
FBC	90	26.99	22.93	22.55	27.53	0.00	0.00
FBC	91	27.01	22.92	22.53	27.54	0.00	0.00
FBC	92	27.02	22.94	22.52	27.53	0.00	0.00
FBC	93	26.98	22.97	22.56	27.49	0.00	0.00
FBC	94	26.96	22.97	22.57	27.50	0.00	0.00
FBC	95	26.97	22.97	22.57	27.49	0.00	0.00
FBC	96	26.92	23.02	22.61	27.46	0.00	0.00
FBC	97	26.95	23.00	22.60	27.45	0.00	0.00
FBC	98	26.96	22.99	22.59	27.46	0.00	0.00
FBC	99	26.88	23.05	22.65	27.43	0.00	0.00
FBC	100	26.89	23.05	22.66	27.41	0.00	0.00
# ACGT raw counters for first fragments. Use `grep ^FTC | cut -f 2-` to extract this part. The columns are: A,C,G,T,N base counters
FTC	697162233	568083990	561131627	707927947	68948
# ACGT content per cycle for last fragments. Use `grep ^LBC | cut -f 2-` to extract this part. The columns are: cycle; A,C,G,T base counts as a percentage of all A/C/G/T bases [%]; and N and O counts as a percentage of all A/C/G/T bases [%]
LBC	1	29.35	20.40	20.58	29.67	0.08	0.00
LBC	2	29.11	20.84	20.64	29.42	0.03	0.00
LBC	3	28.09	21.82	21.68	28.40	0.02	0.00
LBC	4	28.13	21.70	21.71	28.46	0.00	0.00
LBC	5	28.96	20.89	20.88	29.27	0.00	0.00
LBC	6	28.17	21.71	21.70	28.42	0.00	0.00
LBC	7	28.03	21.87	21.85	28.25	0.00	0.00
LBC	8	28.76	21.13	21.11	29.00	0.00	0.00
LBC	9	28.54	21.35	21.32	28.79	0.00	0.00
LBC	10	28.25	21.64	21.59	28.53	0.00	0.00
LBC	11	28.38	21.51	21.44	28.66	0.00	0.00
LBC	12	28.27	21.63	21.56	28.53	0.00	0.00
LBC	13	28.39	21.50	21.44	28.68	0.00	0.00
LBC	14	28.29	21.64	21.55	28.53	0.00	0.00
LBC	15	28.15	21.76	21.66	28.43	0.00	0.00
LBC	16	28.12	21.79	21.71	28.38	0.00	0.00
LBC	17	28.05	21.88	21.77	28.30	0.00	0.00
LBC	18	27.94	21.98	21.87	28.22	0.00	0.00
LBC	19	27.93	22.02	21.87	28.18	0.00	0.00
LBC	20	27.92	22.00	21.89	28.18	0.00	0.00
LBC	21	27.84	22.07	21.95	28.14	0.00	0.00
LBC	22	27.86	22.06	21.94	28.14	0.00	0.00
LBC	23	27.88	22.05	21.89	28.18	0.00	0.00
LBC	24	27.74	22.18	22.04	28.04	0.00	0.00
LBC	25	27.79	22.13	21.98	28.10	0.00	0.00
LBC	26	27.78	22.16	21.99	28.08	0.00	0.00
LBC	27	27.70	22.23	22.07	28.00	0.00	0.00
LBC	28	27.72	22.23	22.05	28.00	0.00	0.00
LBC	29	27.69	22.25	22.04	28.02	0.00	0.00
LBC	30	27.62	22.33	22.11	27.94	0.00	0.00
LBC	31	27.59	22.35	22.15	27.91	0.00	0.00
LBC	32	27.61	22.35	22.12	27.92	0.00	0.00
LBC	33	27.53	22.42	22.20	27.84	0.00	0.00
LBC	34	27.51	22.40	22.18	27.91	0.00	0.00
LBC	35	27.51	22.42	22.20	27.87	0.00	0.00
LBC	36	27.47	22.47	22.25	27.81	0.00	0.00
LBC	37	27.49	22.43	22.21	27.87	0.00	0.00
LBC	38	27.49	22.43	22.21	27.86	0.00	0.00
LBC	39	27.44	22.50	22.25	27.81	0.00	0.00
LBC	40	27.46	22.47	22.23	27.83	0.00	0.00
LBC	41	27.44	22.49	22.22	27.85	0.00	0.00
LBC	42	27.37	22.53	22.29	27.81	0.00	0.00
LBC	43	27.42	22.51	22.26	27.81	0.00	0.00
LBC	44	27.42	22.53	22.23	27.83	0.00	0.00
LBC	45	27.34	22.59	22.31	27.76	0.00	0.00
LBC	46	27.36	22.56	22.28	27.80	0.00	0.00
LBC	47	27.36	22.56	22.26	27.82	0.00	0.00
LBC	48	27.33	22.62	22.29	27.76	0.00	0.00
LBC	49	27.32	22.61	22.31	27.76	0.00	0.00
LBC	50	27.35	22.57	22.30	27.78	0.00	0.00
LBC	51	27.28	22.63	22.33	27.75	0.00	0.00
LBC	52	27.28	22.65	22.33	27.74	0.00	0.00
LBC	53	27.33	22.61	22.29	27.77	0.00	0.00
LBC	54	27.27	22.67	22.35	27.72	0.00	0.00
LBC	55	27.28	22.64	22.31	27.76	0.00	0.00
LBC	56	27.28	22.63	22.32	27.77	0.00	0.00
LBC	57	27.24	22.68	22.36	27.72	0.00	0.00
LBC	58	27.27	22.65	22.33	27.75	0.01	0.00
LBC	59	27.27	22.67	22.32	27.75	0.01	0.00
LBC	60	27.21	22.72	22.37	27.70	0.01	0.00
LBC	61	27.24	22.69	22.35	27.72	0.01	0.00
LBC	62	27.25	22.70	22.34	27.71	0.02	0.00
LBC	63	27.20	22.75	22.38	27.67	0.01	0.00
LBC	64	27.22	22.70	22.36	27.72	0.01	0.00
LBC	65	27.21	22.71	22.36	27.71	0.02	0.00
LBC	66	27.17	22.75	22.40	27.69	0.01	0.00
LBC	67	27.17	22.74	22.39	27.69	0.00	0.00
LBC	68	27.17	22.75	22.39	27.69	0.00	0.00
LBC	69	27.15	22.77	22.40	27.68	0.00	0.00
LBC	70	27.15	22.76	22.41	27.68	0.00	0.00
LBC	71	27.17	22.79	22.39	27.66	0.00	0.00
LBC	72	27.13	22.81	22.43	27.63	0.00	0.00
LBC	73	27.14	22.78	22.39	27.70	0.00	0.00
LBC	74	27.16	22.76	22.42	27.66	0.00	0.00
LBC	75	27.10	22.83	22.46	27.61	0.00	0.00
LBC	76	27.12	22.80	22.42	27.66	0.00	0.00
LBC	77	27.15	22.77	22.42	27.66	0.00	0.00
LBC	78	27.12	22.82	22.44	27.63	0.00	0.00
LBC	79	27.13	22.81	22.42	27.64	0.00	0.00
LBC	80	27.12	22.81	22.42	27.64	0.00	0.00
LBC	81	27.07	22.85	22.46	27.62	0.00	0.00
LBC	82	27.09	22.84	22.43	27.64	0.00	0.00
LBC	83	27.11	22.84	22.42	27.63	0.00	0.00
LBC	84	27.04	22.88	22.51	27.57	0.00	0.00
LBC	85	27.06	22.86	22.49	27.59	0.00	0.00
LBC	86	27.07	22.84	22.46	27.62	0.00	0.00
LBC	87	27.07	22.88	22.50	27.55	0.00	0.00
LBC	88	27.07	22.86	22.49	27.58	0.00	0.00
LBC	89	27.06	22.88	22.49	27.57	0.00	0.00
LBC	90	27.00	22.93	22.55	27.53	0.00	0.00
LBC	91	27.02	22.92	22.53	27.54	0.00	0.00
LBC	92	27.05	22.88	22.51	27.56	0.00	0.00
LBC	93	27.00	22.94	22.53	27.53	0.00	0.00
LBC	94	27.01	22.93	22.54	27.52	0.00	0.00
LBC	95	27.00	22.93	22.54	27.52	0.00	0.00
LBC	96	26.97	22.95	22.59	27.50	0.00	0.00
LBC	97	27.00	22.93	22.55	27.52	0.00	0.00
LBC	98	26.98	22.95	22.55	27.51	0.00	0.00
LBC	99	26.93	23.01	22.64	27.42	0.98	0.00
LBC	100	26.93	22.99	22.62	27.46	0.00	0.00
# ACGT raw counters for last fragments. Use `grep ^LTC | cut -f 2-` to extract this part. The columns are: A,C,G,T,N base counters
LTC	696809448	568254280	561624466	707374380	312171
# Insert sizes. Use `grep ^IS | cut -f 2-` to extract this part. The columns are: insert size, pairs total, inward oriented pairs, outward oriented pairs, other pairs
IS	0	404	0	6	398
IS	1	0	0	0	0
IS	2	62	0	52	10
IS	3	38	0	36	2
IS	4	53	0	49	4
IS	5	49	0	47	2
IS	6	40	0	39	1
IS	7	41	0	40	1
IS	8	48	0	46	2
IS	9	52	0	52	0
IS	10	46	0	46	0
IS	11	48	0	48	0
IS	12	40	0	40	0
IS	13	74	0	73	1
IS	14	58	0	56	2
IS	15	66	0	66	0
IS	16	66	0	66	0
IS	17	65	0	65	0
IS	18	67	0	67	0
IS	19	635	537	98	0
IS	20	432	362	70	0
IS	21	260	196	64	0
IS	22	148	83	65	0
IS	23	173	88	85	0
IS	24	123	47	75	1
IS	25	104	40	64	0
IS	26	147	58	89	0
IS	27	105	25	80	0
IS	28	118	56	62	0
IS	29	102	41	61	0
IS	30	98	42	56	0
IS	31	93	32	61	0
IS	32	106	52	54	0
IS	33	112	51	61	0
IS	34	149	73	76	0
IS	35	144	67	77	0
IS	36	160	78	82	0
IS	37	150	65	85	0
IS	38	128	52	76	0
IS	39	152	67	84	1
IS	40	130	57	73	0
IS	41	128	63	65	0
IS	42	140	65	75	0
IS	43	185	66	119	0
IS	44	177	94	83	0
IS	45	156	73	82	1
IS	46	173	76	97	0
IS	47	160	83	77	0
IS	48	166	80	86	0
IS	49	178	84	92	2
IS	50	160	86	74	0
IS	51	179	108	70	1
IS	52	158	87	71	0
IS	53	142	72	70	0
IS	54	176	93	82	1
IS	55	152	75	77	0
IS	56	199	103	95	1
IS	57	162	71	91	0
IS	58	195	98	97	0
IS	59	181	108	73	0
IS	60	212	108	104	0
IS	61	214	123	91	0
IS	62	222	111	107	4
IS	63	195	109	86	0
IS	64	226	141	84	1
IS	65	230	139	90	1
IS	66	229	151	77	1
IS	67	240	149	91	0
IS	68	266	163	102	1
IS	69	258	174	84	0
IS	70	282	195	87	0
IS	71	315	234	81	0
IS	72	290	215	74	1
IS	73	353	260	91	2
IS	74	369	264	105	0
IS	75	409	310	98	1
IS	76	431	350	81	0
IS	77	468	381	86	1
IS	78	476	406	70	0
IS	79	575	490	82	3
IS	80	675	598	76	1
IS	81	787	709	78	0
IS	82	786	699	87	0
IS	83	960	868	91	1
IS	84	1160	1058	99	3
IS	85	1308	1218	90	0
IS	86	1399	1300	98	1
IS	87	1625	1550	74	1
IS	88	1855	1769	86	0
IS	89	2010	1938	70	2
IS	90	2385	2308	76	1
IS	91	2634	2554	79	1
IS	92	2829	2765	64	0
IS	93	3327	3251	74	2
IS	94	3701	3604	96	1
IS	95	4118	4060	57	1
IS	96	4808	4748	59	1
IS	97	5332	5242	89	1
IS	98	5958	5881	76	1
IS	99	6452	6336	115	1
IS	100	7383	7375	7	1
IS	101	8105	8093	12	0
IS	102	9140	9135	5	0
IS	103	10214	10211	3	0
IS	104	11260	11253	6	1
IS	105	12332	12326	6	0
IS	106	13543	13534	8	1
IS	107	14807	14803	3	1
IS	108	16296	16286	10	0
IS	109	18007	17998	8	1
IS	110	19277	19266	11	0
IS	111	21021	21015	5	1
IS	112	22641	22630	10	1
IS	113	24326	24314	8	4
IS	114	25997	25989	7	1
IS	115	28346	28340	5	1
IS	116	30096	30088	5	3
IS	117	32307	32299	8	0
IS	118	34489	34480	7	2
IS	119	36450	36443	6	1
IS	120	38955	38951	4	0
IS	121	41242	41235	6	1
IS	122	44116	44107	8	1
IS	123	46673	46667	5	1
IS	124	48876	48868	8	0
IS	125	51258	51251	5	2
IS	126	54080	54077	3	0
IS	127	56339	56330	9	0
IS	128	58877	58873	3	1
IS	129	61869	61866	3	0
IS	130	64221	64217	4	0
IS	131	67142	67137	5	0
IS	132	69469	69464	3	2
IS	133	72202	72198	4	0
IS	134	74988	74980	7	1
IS	135	77217	77210	7	0
IS	136	79940	79933	4	3
IS	137	82632	82622	9	1
IS	138	85634	85624	10	0
IS	139	87411	87401	7	3
IS	140	89322	89315	4	3
IS	141	91854	91847	5	2
IS	142	93784	93776	8	0
IS	143	96183	96176	6	1
IS	144	98106	98097	8	1
IS	145	101307	101298	9	0
IS	146	103403	103396	4	3
IS	147	105192	105186	6	0
IS	148	107120	107119	1	0
IS	149	108485	108470	13	2
IS	150	110896	110891	5	0
IS	151	111520	111510	8	2
IS	152	113418	113410	8	0
IS	153	115611	115606	5	0
IS	154	116702	116694	8	0
IS	155	117291	117282	8	1
IS	156	119251	119235	14	2
IS	157	119907	119902	5	0
IS	158	120808	120803	3	2
IS	159	122249	122245	4	0
IS	160	123593	123590	3	0
IS	161	123967	123964	3	0
IS	162	124722	124720	2	0
IS	163	125958	125953	4	1
IS	164	126045	126041	3	1
IS	165	126778	126774	4	0
IS	166	127476	127466	10	0
IS	167	127723	127718	5	0
IS	168	128569	128560	5	4
IS	169	128959	128952	7	0
IS	170	129130	129123	7	0
IS	171	129093	129085	7	1
IS	172	129050	129040	7	3
IS	173	129336	129331	5	0
IS	174	129353	129348	4	1
IS	175	129197	129186	10	1
IS	176	129223	129221	1	1
IS	177	129427	129421	3	3
IS	178	129320	129317	3	0
IS	179	129095	129088	6	1
IS	180	129053	129044	9	0
IS	181	129471	129461	6	4
IS	182	128359	128354	5	0
IS	183	128146	128140	6	0
IS	184	128062	128054	6	2
IS	185	127130	127127	2	1
IS	186	126981	126972	6	3
IS	187	127248	127241	6	1
IS	188	127340	127329	11	0
IS	189	126412	126409	3	0
IS	190	125846	125841	5	0
IS	191	126265	126256	8	1
IS	192	125912	125909	3	0
IS	193	124829	124819	8	2
IS	194	125497	125490	6	1
IS	195	123801	123793	7	1
IS	196	124111	124105	3	3
IS	197	123889	123883	6	0
IS	198	123047	123041	5	1
IS	199	122274	122271	1	2
IS	200	122304	122300	3	1
IS	201	121696	121689	7	0
IS	202	121768	121766	2	0
IS	203	120931	120928	1	2
IS	204	120637	120629	8	0
IS	205	119916	119907	8	1
IS	206	119754	119748	4	2
IS	207	119496	119489	5	2
IS	208	119179	119175	3	1
IS	209	118676	118672	3	1
IS	210	117962	117959	2	1
IS	211	117728	117721	5	2
IS	212	116724	116719	4	1
IS	213	116646	116638	7	1
IS	214	115849	115843	5	1
IS	215	115058	115054	4	0
IS	216	115245	115239	6	0
IS	217	114380	114375	4	1
IS	218	114327	114320	7	0
IS	219	113683	113677	2	4
IS	220	113542	113538	2	2
IS	221	112520	112514	3	3
IS	222	112594	112591	2	1
IS	223	111688	111685	2	1
IS	224	111550	111545	5	0
IS	225	109988	109973	2	13
IS	226	110765	110758	6	1
IS	227	110389	110384	5	0
IS	228	109460	109454	3	3
IS	229	108937	108928	8	1
IS	230	108585	108577	5	3
IS	231	108400	108397	2	1
IS	232	107638	107634	2	2
IS	233	107157	107152	5	0
IS	234	106508	106507	1	0
IS	235	106358	106352	5	1
IS	236	105661	105658	3	0
IS	237	104859	104852	6	1
IS	238	104572	104570	1	1
IS	239	103394	103391	2	1
IS	240	103159	103158	0	1
IS	241	103186	103182	2	2
IS	242	102651	102649	2	0
IS	243	102299	102296	3	0
IS	244	101039	101037	2	0
IS	245	100314	100311	2	1
IS	246	100161	100160	1	0
IS	247	98988	98982	3	3
IS	248	98771	98766	3	2
IS	249	98624	98620	1	3
IS	250	98289	98288	0	1
IS	251	97698	97696	0	2
IS	252	96457	96456	1	0
IS	253	96399	96397	1	1
IS	254	95765	95764	0	1
IS	255	95596	95596	0	0
IS	256	94634	94632	2	0
IS	257	94211	94209	0	2
IS	258	93394	93393	0	1
IS	259	92767	92763	2	2
IS	260	92457	92453	3	1
IS	261	92064	92063	0	1
IS	262	91304	91303	0	1
IS	263	90343	90343	0	0
IS	264	90290	90289	0	1
IS	265	89470	89468	1	1
IS	266	88257	88257	0	0
IS	267	88750	88749	0	1
IS	268	87729	87728	0	1
IS	269	87020	87019	0	1
IS	270	86837	86836	0	1
IS	271	85797	85794	1	2
IS	272	85756	85750	4	2
IS	273	85313	85313	0	0
IS	274	84454	84452	2	0
IS	275	84008	84006	0	2
IS	276	83090	83088	0	2
IS	277	82541	82539	0	2
IS	278	82266	82265	0	1
IS	279	81201	81199	0	2
IS	280	81005	81004	1	0
IS	281	80149	80146	3	0
IS	282	80214	80214	0	0
IS	283	79022	79018	1	3
IS	284	78498	78496	0	2
IS	285	78469	78468	1	0
IS	286	77378	77376	1	1
IS	287	76571	76569	1	1
IS	288	75487	75486	0	1
IS	289	75475	75474	1	0
IS	290	75326	75324	0	2
IS	291	73992	73990	1	1
IS	292	74177	74177	0	0
IS	293	73407	73405	0	2
IS	294	72919	72916	1	2
IS	295	72377	72375	0	2
IS	296	71558	71554	1	3
IS	297	70827	70824	2	1
IS	298	70012	70009	1	2
IS	299	69518	69517	0	1
IS	300	69763	69761	2	0
IS	301	68571	68569	0	2
IS	302	68020	68018	0	2
IS	303	67411	67411	0	0
IS	304	66956	66952	2	2
IS	305	66856	66856	0	0
IS	306	65757	65753	1	3
IS	307	65595	65594	0	1
IS	308	64798	64797	0	1
IS	309	64263	64262	1	0
IS	310	63247	63246	1	0
IS	311	63209	63207	0	2
IS	312	62894	62892	0	2
IS	313	62125	62124	0	1
IS	314	61503	61502	0	1
IS	315	60989	60988	0	1
IS	316	60158	60158	0	0
IS	317	60028	60025	2	1
IS	318	59805	59803	0	2
IS	319	58459	58459	0	0
IS	320	58546	58543	0	3
IS	321	57915	57912	2	1
IS	322	56984	56981	3	0
IS	323	56947	56945	1	1
IS	324	55966	55965	0	1
IS	325	55983	55980	2	1
IS	326	55476	55472	2	2
IS	327	55195	55193	1	1
IS	328	54193	54192	0	1
IS	329	54107	54105	0	2
IS	330	53573	53573	0	0
IS	331	53009	53008	0	1
IS	332	52204	52200	1	3
IS	333	51734	51728	2	4
IS	334	51321	51320	0	1
IS	335	50796	50794	1	1
IS	336	50497	50493	1	3
IS	337	50184	50181	0	3
IS	338	49695	49695	0	0
IS	339	48578	48577	0	1
IS	340	48235	48233	1	1
IS	341	48382	48380	0	2
IS	342	46958	46954	0	4
IS	343	47047	47045	0	2
IS	344	46705	46704	0	1
IS	345	45763	45761	0	2
IS	346	45621	45620	1	0
IS	347	45530	45530	0	0
IS	348	45084	45080	0	4
IS	349	44302	44296	2	4
IS	350	44036	44036	0	0
IS	351	43421	43415	2	4
IS	352	43095	43094	0	1
IS	353	42560	42554	1	5
IS	354	41873	41871	1	1
IS	355	41729	41728	1	0
IS	356	40975	40972	0	3
IS	357	41021	41017	1	3
IS	358	40288	40287	1	0
IS	359	40325	40324	0	1
IS	360	39315	39310	1	4
IS	361	39075	39073	0	2
IS	362	38787	38783	1	3
IS	363	38241	38238	1	2
IS	364	38188	38186	0	2
IS	365	37517	37515	1	1
IS	366	37205	37205	0	0
IS	367	36399	36399	0	0
IS	368	36281	36279	0	2
IS	369	36057	36054	0	3
IS	370	35535	35534	0	1
IS	371	35358	35355	0	3
IS	372	34617	34616	0	1
IS	373	34303	34301	1	1
IS	374	33912	33910	0	2
IS	375	33497	33494	2	1
IS	376	33318	33314	1	3
IS	377	32808	32808	0	0
IS	378	32514	32511	2	1
IS	379	32559	32558	0	1
IS	380	31720	31719	1	0
IS	381	31619	31617	1	1
IS	382	31144	31139	2	3
IS	383	30897	30892	1	4
IS	384	30311	30310	0	1
IS	385	30329	30325	2	2
IS	386	29875	29874	0	1
IS	387	29040	29037	1	2
IS	388	28714	28709	1	4
IS	389	28804	28799	2	3
IS	390	28382	28379	2	1
IS	391	28012	28011	0	1
IS	392	27494	27492	1	1
IS	393	27441	27439	0	2
IS	394	26713	26712	0	1
IS	395	26589	26583	0	6
IS	396	26372	26366	0	6
IS	397	26394	26394	0	0
IS	398	25671	25671	0	0
IS	399	25400	25399	0	1
IS	400	25228	25228	0	0
IS	401	24861	24859	1	1
IS	402	24570	24569	0	1
IS	403	24277	24276	0	1
IS	404	23755	23754	1	0
IS	405	23498	23498	0	0
IS	406	23309	23309	0	0
IS	407	23291	23287	1	3
IS	408	23018	23018	0	0
IS	409	22616	22611	2	3
IS	410	22158	22157	0	1
IS	411	21882	21879	0	3
IS	412	21997	21992	2	3
IS	413	21411	21409	1	1
IS	414	21408	21408	0	0
IS	415	20879	20874	1	4
IS	416	20706	20701	1	4
IS	417	20437	20434	0	3
IS	418	20301	20299	0	2
IS	419	19851	19851	0	0
IS	420	19635	19632	0	3
IS	421	19565	19560	2	3
IS	422	19325	19323	0	2
IS	423	18885	18884	1	0
IS	424	18800	18793	3	4
IS	425	18421	18421	0	0
IS	426	18425	18424	1	0
IS	427	17907	17904	0	3
IS	428	17718	17715	0	3
IS	429	17682	17679	1	2
IS	430	17419	17417	0	2
IS	431	17044	17042	0	2
IS	432	16884	16881	0	3
IS	433	16868	16868	0	0
IS	434	16445	16443	0	2
IS	435	16198	16197	0	1
IS	436	15947	15943	0	4
IS	437	15660	15659	0	1
IS	438	15622	15618	1	3
IS	439	15415	15412	0	3
IS	440	15231	15230	0	1
IS	441	15242	15237	0	5
IS	442	14953	14950	1	2
IS	443	14657	14653	2	2
IS	444	14244	14241	0	3
IS	445	14295	14292	1	2
IS	446	14159	14156	0	3
IS	447	13933	13932	0	1
IS	448	13718	13716	0	2
IS	449	13527	13523	0	4
IS	450	13444	13441	0	3
IS	451	13381	13381	0	0
IS	452	13040	13035	0	5
IS	453	12960	12959	0	1
IS	454	12926	12920	1	5
IS	455	12677	12675	0	2
IS	456	12557	12554	0	3
IS	457	12187	12182	0	5
IS	458	11970	11968	0	2
IS	459	11939	11936	0	3
IS	460	11684	11682	1	1
IS	461	11407	11403	0	4
IS	462	11574	11572	0	2
IS	463	11305	11303	1	1
IS	464	11325	11323	0	2
IS	465	11148	11142	1	5
IS	466	10777	10774	0	3
IS	467	10794	10793	0	1
IS	468	10714	10712	1	1
IS	469	10455	10455	0	0
IS	470	10081	10080	0	1
IS	471	10194	10192	0	2
IS	472	10113	10111	0	2
IS	473	9760	9757	1	2
IS	474	9691	9688	0	3
IS	475	9644	9642	0	2
IS	476	9737	9737	0	0
IS	477	9426	9422	0	4
IS	478	9188	9186	0	2
IS	479	9200	9196	0	4
IS	480	8855	8852	0	3
IS	481	8947	8942	0	5
IS	482	8819	8816	1	2
IS	483	8798	8797	1	0
IS	484	8475	8468	0	7
IS	485	8312	8308	1	3
IS	486	8277	8277	0	0
IS	487	8197	8192	0	5
IS	488	7939	7937	2	0
IS	489	8198	8197	0	1
IS	490	7779	7774	0	5
IS	491	7845	7841	0	4
IS	492	7921	7920	0	1
IS	493	7357	7355	1	1
IS	494	7630	7628	0	2
IS	495	7362	7361	0	1
IS	496	7507	7505	0	2
IS	497	7407	7405	0	2
IS	498	7229	7228	1	0
IS	499	6902	6901	0	1
IS	500	6959	6956	0	3
IS	501	6840	6838	1	1
IS	502	6832	6829	0	3
IS	503	6788	6788	0	0
IS	504	6395	6393	0	2
IS	505	6405	6404	0	1
IS	506	6512	6505	1	6
IS	507	6273	6270	1	2
IS	508	6152	6151	0	1
IS	509	5986	5982	1	3
IS	510	5991	5990	1	0
IS	511	6054	6052	0	2
IS	512	5905	5901	0	4
IS	513	5726	5721	1	4
IS	514	5551	5547	0	4
IS	515	5683	5683	0	0
IS	516	5660	5655	0	5
IS	517	5563	5562	0	1
IS	518	5495	5489	0	6
IS	519	5222	5221	0	1
IS	520	5220	5218	0	2
IS	521	5161	5160	0	1
IS	522	5004	5002	1	1
IS	523	5087	5087	0	0
IS	524	4954	4951	1	2
IS	525	4935	4932	1	2
IS	526	4842	4836	1	5
IS	527	4718	4717	0	1
IS	528	4599	4596	0	3
IS	529	4596	4594	0	2
IS	530	4575	4574	0	1
IS	531	4529	4528	0	1
IS	532	4477	4475	0	2
IS	533	4298	4295	0	3
IS	534	4344	4342	0	2
IS	535	4506	4503	0	3
IS	536	4116	4114	0	2
IS	537	4170	4167	1	2
IS	538	3875	3874	0	1
IS	539	4148	4145	0	3
IS	540	4074	4067	2	5
IS	541	3861	3858	0	3
IS	542	3852	3849	0	3
IS	543	3670	3667	1	2
IS	544	3875	3869	3	3
IS	545	3793	3793	0	0
IS	546	3672	3670	0	2
IS	547	3562	3560	0	2
IS	548	3689	3683	1	5
IS	549	3481	3480	0	1
# Read lengths. Use `grep ^RL | cut -f 2-` to extract this part. The columns are: read length, count
RL	31	2816
RL	32	2720
RL	33	2376
RL	34	2210
RL	35	2094
RL	36	1976
RL	37	1778
RL	38	1628
RL	39	1566
RL	40	1300
RL	41	1400
RL	42	1294
RL	43	1180
RL	44	1232
RL	45	1068
RL	46	1112
RL	47	1006
RL	48	1036
RL	49	916
RL	50	900
RL	51	982
RL	52	906
RL	53	898
RL	54	860
RL	55	884
RL	56	962
RL	57	1002
RL	58	1060
RL	59	918
RL	60	892
RL	61	1028
RL	62	990
RL	63	938
RL	64	996
RL	65	1062
RL	66	1084
RL	67	1046
RL	68	1002
RL	69	1062
RL	70	1168
RL	71	1176
RL	72	1218
RL	73	1176
RL	74	1238
RL	75	1264
RL	76	1334
RL	77	1384
RL	78	1500
RL	79	1546
RL	80	1848
RL	81	1880
RL	82	1910
RL	83	2228
RL	84	2576
RL	85	2788
RL	86	3164
RL	87	3800
RL	88	3970
RL	89	4476
RL	90	4970
RL	91	5608
RL	92	6090
RL	93	6998
RL	94	7738
RL	95	8648
RL	96	9990
RL	97	10876
RL	98	12194
RL	99	13170
RL	100	50547664
# Read lengths - first fragments. Use `grep ^FRL | cut -f 2-` to extract this part. The columns are: read length, count
FRL	31	1408
FRL	32	1360
FRL	33	1188
FRL	34	1105
FRL	35	1047
FRL	36	988
FRL	37	889
FRL	38	814
FRL	39	783
FRL	40	650
FRL	41	700
FRL	42	647
FRL	43	590
FRL	44	616
FRL	45	534
FRL	46	556
FRL	47	503
FRL	48	518
FRL	49	458
FRL	50	450
FRL	51	491
FRL	52	453
FRL	53	449
FRL	54	430
FRL	55	442
FRL	56	481
FRL	57	501
FRL	58	530
FRL	59	459
FRL	60	446
FRL	61	514
FRL	62	495
FRL	63	469
FRL	64	498
FRL	65	531
FRL	66	542
FRL	67	523
FRL	68	501
FRL	69	531
FRL	70	584
FRL	71	588
FRL	72	609
FRL	73	588
FRL	74	619
FRL	75	632
FRL	76	667
FRL	77	692
FRL	78	750
FRL	79	773
FRL	80	924
FRL	81	940
FRL	82	955
FRL	83	1114
FRL	84	1288
FRL	85	1394
FRL	86	1582
FRL	87	1900
FRL	88	1985
FRL	89	2238
FRL	90	2485
FRL	91	2804
FRL	92	3045
FRL	93	3499
FRL	94	3869
FRL	95	4324
FRL	96	4995
FRL	97	5438
FRL	98	6097
FRL	99	6585
FRL	100	25273832
# Read lengths - last fragments. Use `grep ^LRL | cut -f 2-` to extract this part. The columns are: read length, count
LRL	31	1408
LRL	32	1360
LRL	33	1188
LRL	34	1105
LRL	35	1047
LRL	36	988
LRL	37	889
LRL	38	814
LRL	39	783
LRL	40	650
LRL	41	700
LRL	42	647
LRL	43	590
LRL	44	616
LRL	45	534
LRL	46	556
LRL	47	503
LRL	48	518
LRL	49	458
LRL	50	450
LRL	51	491
LRL	52	453
LRL	53	449
LRL	54	430
LRL	55	442
LRL	56	481
LRL	57	501
LRL	58	530
LRL	59	459
LRL	60	446
LRL	61	514
LRL	62	495
LRL	63	469
LRL	64	498
LRL	65	531
LRL	66	542
LRL	67	523
LRL	68	501
LRL	69	531
LRL	70	584
LRL	71	588
LRL	72	609
LRL	73	588
LRL	74	619
LRL	75	632
LRL	76	667
LRL	77	692
LRL	78	750
LRL	79	773
LRL	80	924
LRL	81	940
LRL	82	955
LRL	83	1114
LRL	84	1288
LRL	85	1394
LRL	86	1582
LRL	87	1900
LRL	88	1985
LRL	89	2238
LRL	90	2485
LRL	91	2804
LRL	92	3045
LRL	93	3499
LRL	94	3869
LRL	95	4324
LRL	96	4995
LRL	97	5438
LRL	98	6097
LRL	99	6585
LRL	100	25273832
# Mapping qualities for reads !(UNMAP|SECOND|SUPPL|QCFAIL|DUP). Use `grep ^MAPQ | cut -f 2-` to extract this part. The columns are: mapq, count
MAPQ	0	4354007
MAPQ	1	13452
MAPQ	2	6487
MAPQ	3	20974
MAPQ	4	10120
MAPQ	5	9137
MAPQ	6	11766
MAPQ	7	16209
MAPQ	8	9440
MAPQ	9	23347
MAPQ	10	17537
MAPQ	11	6812
MAPQ	12	11229
MAPQ	13	16353
MAPQ	14	7989
MAPQ	15	20300
MAPQ	16	15252
MAPQ	17	12857
MAPQ	18	11248
MAPQ	19	19449
MAPQ	20	34994
MAPQ	21	33609
MAPQ	22	59279
MAPQ	23	55803
MAPQ	24	76664
MAPQ	25	126700
MAPQ	26	8531
MAPQ	27	313923
MAPQ	28	5824
MAPQ	29	4330
MAPQ	30	8384
MAPQ	31	9573
MAPQ	32	2873
MAPQ	33	19199
MAPQ	34	5807
MAPQ	35	4676
MAPQ	36	7101
MAPQ	37	12538
MAPQ	38	5862
MAPQ	39	24109
MAPQ	40	415069
MAPQ	41	7734
MAPQ	42	19894
MAPQ	43	20047
MAPQ	44	16613
MAPQ	45	47872
MAPQ	46	31671
MAPQ	47	62302
MAPQ	48	76850
MAPQ	49	61353
MAPQ	50	278590
MAPQ	51	15247
MAPQ	52	32535
MAPQ	53	11215
MAPQ	54	15940
MAPQ	55	38055
MAPQ	56	2567
MAPQ	57	44499
MAPQ	58	3073
MAPQ	59	6106
MAPQ	60	44072048
# Indel distribution. Use `grep ^ID | cut -f 2-` to extract this part. The columns are: length, number of insertions, number of deletions
ID	1	128238	182871
ID	2	32504	48419
ID	3	15250	20940
ID	4	15830	21105
ID	5	14328	8431
ID	6	3735	5690
ID	7	1193	1956
ID	8	2202	3370
ID	9	1006	1511
ID	10	2051	2230
ID	11	409	749
ID	12	685	1608
ID	13	224	561
ID	14	321	659
ID	15	313	899
ID	16	260	671
ID	17	94	183
ID	18	134	393
ID	19	64	101
ID	20	87	292
ID	21	30	140
ID	22	19	133
ID	23	24	114
ID	24	25	182
ID	25	12	88
ID	26	16	78
ID	27	3	40
ID	28	2	44
ID	29	1	26
ID	30	0	32
ID	31	0	4
ID	32	0	17
ID	33	0	9
ID	34	0	12
ID	35	0	10
ID	36	0	4
ID	38	0	2
ID	40	0	1
ID	42	0	1
ID	43	0	1
ID	44	0	1
# Indels per cycle. Use `grep ^IC | cut -f 2-` to extract this part. The columns are: cycle, number of insertions (fwd), .. (rev) , number of deletions (fwd), .. (rev)
IC	1	1	0	1	0
IC	3	0	0	836	834
IC	4	669	706	876	839
IC	5	806	857	911	971
IC	6	855	850	1083	1043
IC	7	936	950	1123	1109
IC	8	901	902	1274	1256
IC	9	973	963	1394	1328
IC	10	1028	1080	1356	1472
IC	11	1056	1026	1330	1396
IC	12	1147	1092	1466	1581
IC	13	1173	1219	1542	1575
IC	14	1197	1133	1569	1595
IC	15	1206	1327	1628	1668
IC	16	1278	1308	1650	1719
IC	17	1368	1346	1665	1718
IC	18	1325	1334	1762	1808
IC	19	1355	1406	1778	1732
IC	20	1406	1408	1816	1878
IC	21	1403	1389	1925	1900
IC	22	1438	1368	1932	1900
IC	23	1396	1358	1832	1909
IC	24	1365	1238	1845	1792
IC	25	1436	1383	1858	1819
IC	26	1445	1332	1932	1896
IC	27	1478	1385	1865	1834
IC	28	1371	1338	1876	1769
IC	29	1354	1351	1861	1759
IC	30	1323	1307	1896	1872
IC	31	1421	1351	1767	1786
IC	32	1337	1300	1756	1762
IC	33	1298	1289	1821	1728
IC	34	1359	1271	1777	1760
IC	35	1281	1344	1777	1744
IC	36	1391	1311	1616	1702
IC	37	1336	1294	1715	1764
IC	38	1342	1303	1717	1809
IC	39	1338	1228	1663	1719
IC	40	1347	1267	1724	1672
IC	41	1268	1271	1729	1745
IC	42	1284	1327	1663	1691
IC	43	1296	1279	1755	1719
IC	44	1250	1223	1795	1634
IC	45	1290	1278	1657	1692
IC	46	1365	1306	1679	1717
IC	47	1323	1276	1710	1733
IC	48	1253	1255	1757	1669
IC	49	1321	1312	1782	1745
IC	50	1329	1223	1772	1753
IC	51	1364	1293	1790	1741
IC	52	1354	1276	1709	1738
IC	53	1356	1281	1798	1662
IC	54	1311	1289	1674	1668
IC	55	1281	1238	1746	1685
IC	56	1312	1239	1745	1708
IC	57	1283	1250	1840	1730
IC	58	1289	1216	1758	1656
IC	59	1282	1262	1654	1749
IC	60	1281	1264	1772	1786
IC	61	1305	1291	1721	1826
IC	62	1245	1232	1778	1737
IC	63	1298	1205	1853	1818
IC	64	1233	1227	1778	1835
IC	65	1259	1214	1856	1830
IC	66	1325	1244	1894	1836
IC	67	1301	1223	1850	1845
IC	68	1211	1246	1756	1679
IC	69	1262	1198	1852	1807
IC	70	1137	1153	1770	1720
IC	71	1262	1137	1811	1792
IC	72	1195	1140	1736	1717
IC	73	1139	1173	1691	1653
IC	74	1128	1163	1742	1721
IC	75	1118	1108	1789	1628
IC	76	1159	1066	1733	1746
IC	77	1118	1073	1667	1644
IC	78	1111	1101	1564	1612
IC	79	1087	1039	1634	1572
IC	80	1045	950	1547	1551
IC	81	1032	1025	1578	1529
IC	82	1079	1017	1514	1590
IC	83	1008	991	1458	1456
IC	84	904	943	1460	1520
IC	85	952	894	1353	1398
IC	86	890	824	1411	1343
IC	87	840	876	1386	1327
IC	88	804	818	1249	1229
IC	89	802	756	1230	1219
IC	90	784	678	1181	1197
IC	91	738	705	1199	1124
IC	92	763	707	1113	1107
IC	93	730	603	1040	984
IC	94	780	579	1017	1019
IC	95	893	705	1069	1085
IC	96	994	776	966	1137
IC	97	1134	1012	777	1081
IC	98	0	0	2	0
# Coverage distribution. Use `grep ^COV | cut -f 2-` to extract this part.
COV	[1-1]	1	491257194
COV	[2-2]	2	155578959
COV	[3-3]	3	38727933
COV	[4-4]	4	16327315
COV	[5-5]	5	8597743
COV	[6-6]	6	6307199
COV	[7-7]	7	5161760
COV	[8-8]	8	4456563
COV	[9-9]	9	3957529
COV	[10-10]	10	3585478
COV	[11-11]	11	3265419
COV	[12-12]	12	3012684
COV	[13-13]	13	2784133
COV	[14-14]	14	2598700
COV	[15-15]	15	2428891
COV	[16-16]	16	2284784
COV	[17-17]	17	2155743
COV	[18-18]	18	2046619
COV	[19-19]	19	1939660
COV	[20-20]	20	1845313
COV	[21-21]	21	1755922
COV	[22-22]	22	1685827
COV	[23-23]	23	1616768
COV	[24-24]	24	1555239
COV	[25-25]	25	1496151
COV	[26-26]	26	1438809
COV	[27-27]	27	1384911
COV	[28-28]	28	1336410
COV	[29-29]	29	1283709
COV	[30-30]	30	1241716
COV	[31-31]	31	1203518
COV	[32-32]	32	1166440
COV	[33-33]	33	1132339
COV	[34-34]	34	1096202
COV	[35-35]	35	1066439
COV	[36-36]	36	1037027
COV	[37-37]	37	1006023
COV	[38-38]	38	979816
COV	[39-39]	39	953203
COV	[40-40]	40	926681
COV	[41-41]	41	900143
COV	[42-42]	42	876471
COV	[43-43]	43	852572
COV	[44-44]	44	834474
COV	[45-45]	45	808920
COV	[46-46]	46	787974
COV	[47-47]	47	766785
COV	[48-48]	48	749940
COV	[49-49]	49	729484
COV	[50-50]	50	712934
COV	[51-51]	51	697234
COV	[52-52]	52	679400
COV	[53-53]	53	663870
COV	[54-54]	54	647992
COV	[55-55]	55	631702
COV	[56-56]	56	619005
COV	[57-57]	57	601915
COV	[58-58]	58	587733
COV	[59-59]	59	571439
COV	[60-60]	60	557535
COV	[61-61]	61	545214
COV	[62-62]	62	533695
COV	[63-63]	63	519531
COV	[64-64]	64	506922
COV	[65-65]	65	494888
COV	[66-66]	66	481737
COV	[67-67]	67	470832
COV	[68-68]	68	457165
COV	[69-69]	69	446886
COV	[70-70]	70	435138
COV	[71-71]	71	424472
COV	[72-72]	72	414611
COV	[73-73]	73	403645
COV	[74-74]	74	394450
COV	[75-75]	75	383410
COV	[76-76]	76	373124
COV	[77-77]	77	363413
COV	[78-78]	78	354349
COV	[79-79]	79	344127
COV	[80-80]	80	336590
COV	[81-81]	81	325606
COV	[82-82]	82	318449
COV	[83-83]	83	309814
COV	[84-84]	84	301109
COV	[85-85]	85	293083
COV	[86-86]	86	284395
COV	[87-87]	87	276677
COV	[88-88]	88	269006
COV	[89-89]	89	260945
COV	[90-90]	90	253363
COV	[91-91]	91	248301
COV	[92-92]	92	239999
COV	[93-93]	93	232974
COV	[94-94]	94	225395
COV	[95-95]	95	217775
COV	[96-96]	96	211024
COV	[97-97]	97	205689
COV	[98-98]	98	200361
COV	[99-99]	99	195349
COV	[100-100]	100	190015
COV	[101-101]	101	184612
COV	[102-102]	102	180144
COV	[103-103]	103	174549
COV	[104-104]	104	170016
COV	[105-105]	105	166058
COV	[106-106]	106	161012
COV	[107-107]	107	155364
COV	[108-108]	108	150957
COV	[109-109]	109	146573
COV	[110-110]	110	141672
COV	[111-111]	111	138408
COV	[112-112]	112	134564
COV	[113-113]	113	130593
COV	[114-114]	114	127587
COV	[115-115]	115	123928
COV	[116-116]	116	120007
COV	[117-117]	117	115862
COV	[118-118]	118	112612
COV	[119-119]	119	109176
COV	[120-120]	120	105518
COV	[121-121]	121	102694
COV	[122-122]	122	99173
COV	[123-123]	123	97338
COV	[124-124]	124	94509
COV	[125-125]	125	91417
COV	[126-126]	126	88502
COV	[127-127]	127	85334
COV	[128-128]	128	83614
COV	[129-129]	129	81546
COV	[130-130]	130	78521
COV	[131-131]	131	76262
COV	[132-132]	132	73593
COV	[133-133]	133	71578
COV	[134-134]	134	70349
COV	[135-135]	135	68140
COV	[136-136]	136	65507
COV	[137-137]	137	63983
COV	[138-138]	138	62109
COV	[139-139]	139	60483
COV	[140-140]	140	58383
COV	[141-141]	141	57175
COV	[142-142]	142	55287
COV	[143-143]	143	53977
COV	[144-144]	144	52692
COV	[145-145]	145	50967
COV	[146-146]	146	49298
COV	[147-147]	147	48341
COV	[148-148]	148	46796
COV	[149-149]	149	45085
COV	[150-150]	150	43589
COV	[151-151]	151	42475
COV	[152-152]	152	41139
COV	[153-153]	153	39785
COV	[154-154]	154	38647
COV	[155-155]	155	37871
COV	[156-156]	156	36844
COV	[157-157]	157	35646
COV	[158-158]	158	34841
COV	[159-159]	159	33727
COV	[160-160]	160	33175
COV	[161-161]	161	32409
COV	[162-162]	162	31503
COV	[163-163]	163	30661
COV	[164-164]	164	29879
COV	[165-165]	165	29047
COV	[166-166]	166	28382
COV	[167-167]	167	27565
COV	[168-168]	168	26794
COV	[169-169]	169	26258
COV	[170-170]	170	25381
COV	[171-171]	171	24647
COV	[172-172]	172	24566
COV	[173-173]	173	23830
COV	[174-174]	174	22731
COV	[175-175]	175	22446
COV	[176-176]	176	21607
COV	[177-177]	177	21323
COV	[178-178]	178	20964
COV	[179-179]	179	20337
COV	[180-180]	180	20086
COV	[181-181]	181	19305
COV	[182-182]	182	18906
COV	[183-183]	183	18418
COV	[184-184]	184	17835
COV	[185-185]	185	17462
COV	[186-186]	186	17131
COV	[187-187]	187	16795
COV	[188-188]	188	16245
COV	[189-189]	189	15990
COV	[190-190]	190	15767
COV	[191-191]	191	15354
COV	[192-192]	192	15072
COV	[193-193]	193	14975
COV	[194-194]	194	14074
COV	[195-195]	195	13878
COV	[196-196]	196	13549
COV	[197-197]	197	13404
COV	[198-198]	198	13029
COV	[199-199]	199	12557
COV	[200-200]	200	12403
COV	[201-201]	201	11958
COV	[202-202]	202	11774
COV	[203-203]	203	11455
COV	[204-204]	204	11248
COV	[205-205]	205	10745
COV	[206-206]	206	10692
COV	[207-207]	207	10431
COV	[208-208]	208	10194
COV	[209-209]	209	9930
COV	[210-210]	210	9785
COV	[211-211]	211	9529
COV	[212-212]	212	9478
COV	[213-213]	213	9189
COV	[214-214]	214	9205
COV	[215-215]	215	8886
COV	[216-216]	216	8765
COV	[217-217]	217	8564
COV	[218-218]	218	8064
COV	[219-219]	219	8208
COV	[220-220]	220	7961
COV	[221-221]	221	7681
COV	[222-222]	222	7848
COV	[223-223]	223	7709
COV	[224-224]	224	7308
COV	[225-225]	225	7111
COV	[226-226]	226	6876
COV	[227-227]	227	6654
COV	[228-228]	228	6532
COV	[229-229]	229	6542
COV	[230-230]	230	6600
COV	[231-231]	231	6353
COV	[232-232]	232	6200
COV	[233-233]	233	6192
COV	[234-234]	234	5985
COV	[235-235]	235	5805
COV	[236-236]	236	5599
COV	[237-237]	237	5690
COV	[238-238]	238	5371
COV	[239-239]	239	5185
COV	[240-240]	240	5088
COV	[241-241]	241	5104
COV	[242-242]	242	4988
COV	[243-243]	243	4989
COV	[244-244]	244	4863
COV	[245-245]	245	4723
COV	[246-246]	246	4517
COV	[247-247]	247	4468
COV	[248-248]	248	4511
COV	[249-249]	249	4399
COV	[250-250]	250	4369
COV	[251-251]	251	4196
COV	[252-252]	252	4157
COV	[253-253]	253	4125
COV	[254-254]	254	3986
COV	[255-255]	255	3982
COV	[256-256]	256	3782
COV	[257-257]	257	3720
COV	[258-258]	258	3667
COV	[259-259]	259	3467
COV	[260-260]	260	3538
COV	[261-261]	261	3363
COV	[262-262]	262	3283
COV	[263-263]	263	3379
COV	[264-264]	264	3213
COV	[265-265]	265	3247
COV	[266-266]	266	3185
COV	[267-267]	267	3106
COV	[268-268]	268	3048
COV	[269-269]	269	2978
COV	[270-270]	270	2894
COV	[271-271]	271	2742
COV	[272-272]	272	2724
COV	[273-273]	273	2633
COV	[274-274]	274	2691
COV	[275-275]	275	2575
COV	[276-276]	276	2546
COV	[277-277]	277	2566
COV	[278-278]	278	2411
COV	[279-279]	279	2428
COV	[280-280]	280	2385
COV	[281-281]	281	2367
COV	[282-282]	282	2296
COV	[283-283]	283	2328
COV	[284-284]	284	2233
COV	[285-285]	285	2160
COV	[286-286]	286	2135
COV	[287-287]	287	2139
COV	[288-288]	288	2070
COV	[289-289]	289	2041
COV	[290-290]	290	2101
COV	[291-291]	291	1960
COV	[292-292]	292	1902
COV	[293-293]	293	1844
COV	[294-294]	294	1888
COV	[295-295]	295	1850
COV	[296-296]	296	1792
COV	[297-297]	297	1764
COV	[298-298]	298	1716
COV	[299-299]	299	1661
COV	[300-300]	300	1713
COV	[301-301]	301	1676
COV	[302-302]	302	1584
COV	[303-303]	303	1629
COV	[304-304]	304	1561
COV	[305-305]	305	1595
COV	[306-306]	306	1603
COV	[307-307]	307	1419
COV	[308-308]	308	1457
COV	[309-309]	309	1369
COV	[310-310]	310	1372
COV	[311-311]	311	1283
COV	[312-312]	312	1314
COV	[313-313]	313	1241
COV	[314-314]	314	1284
COV	[315-315]	315	1233
COV	[316-316]	316	1227
COV	[317-317]	317	1252
COV	[318-318]	318	1235
COV	[319-319]	319	1262
COV	[320-320]	320	1209
COV	[321-321]	321	1212
COV	[322-322]	322	1197
COV	[323-323]	323	1176
COV	[324-324]	324	1120
COV	[325-325]	325	1067
COV	[326-326]	326	1106
COV	[327-327]	327	1035
COV	[328-328]	328	1042
COV	[329-329]	329	1046
COV	[330-330]	330	1009
COV	[331-331]	331	1033
COV	[332-332]	332	960
COV	[333-333]	333	940
COV	[334-334]	334	930
COV	[335-335]	335	888
COV	[336-336]	336	958
COV	[337-337]	337	884
COV	[338-338]	338	847
COV	[339-339]	339	871
COV	[340-340]	340	830
COV	[341-341]	341	735
COV	[342-342]	342	773
COV	[343-343]	343	708
COV	[344-344]	344	682
COV	[345-345]	345	750
COV	[346-346]	346	716
COV	[347-347]	347	740
COV	[348-348]	348	673
COV	[349-349]	349	670
COV	[350-350]	350	655
COV	[351-351]	351	682
COV	[352-352]	352	660
COV	[353-353]	353	597
COV	[354-354]	354	599
COV	[355-355]	355	659
COV	[356-356]	356	599
COV	[357-357]	357	567
COV	[358-358]	358	531
COV	[359-359]	359	544
COV	[360-360]	360	594
COV	[361-361]	361	552
COV	[362-362]	362	586
COV	[363-363]	363	534
COV	[364-364]	364	553
COV	[365-365]	365	541
COV	[366-366]	366	539
COV	[367-367]	367	533
COV	[368-368]	368	488
COV	[369-369]	369	554
COV	[370-370]	370	517
COV	[371-371]	371	512
COV	[372-372]	372	454
COV	[373-373]	373	479
COV	[374-374]	374	476
COV	[375-375]	375	496
COV	[376-376]	376	521
COV	[377-377]	377	469
COV	[378-378]	378	464
COV	[379-379]	379	454
COV	[380-380]	380	424
COV	[381-381]	381	470
COV	[382-382]	382	436
COV	[383-383]	383	415
COV	[384-384]	384	429
COV	[385-385]	385	430
COV	[386-386]	386	409
COV	[387-387]	387	362
COV	[388-388]	388	427
COV	[389-389]	389	405
COV	[390-390]	390	378
COV	[391-391]	391	346
COV	[392-392]	392	358
COV	[393-393]	393	347
COV	[394-394]	394	370
COV	[395-395]	395	398
COV	[396-396]	396	354
COV	[397-397]	397	398
COV	[398-398]	398	374
COV	[399-399]	399	379
COV	[400-400]	400	370
COV	[401-401]	401	397
COV	[402-402]	402	379
COV	[403-403]	403	355
COV	[404-404]	404	367
COV	[405-405]	405	353
COV	[406-406]	406	344
COV	[407-407]	407	341
COV	[408-408]	408	344
COV	[409-409]	409	370
COV	[410-410]	410	355
COV	[411-411]	411	384
COV	[412-412]	412	376
COV	[413-413]	413	376
COV	[414-414]	414	339
COV	[415-415]	415	346
COV	[416-416]	416	325
COV	[417-417]	417	345
COV	[418-418]	418	320
COV	[419-419]	419	317
COV	[420-420]	420	357
COV	[421-421]	421	351
COV	[422-422]	422	334
COV	[423-423]	423	326
COV	[424-424]	424	335
COV	[425-425]	425	360
COV	[426-426]	426	334
COV	[427-427]	427	337
COV	[428-428]	428	307
COV	[429-429]	429	333
COV	[430-430]	430	324
COV	[431-431]	431	305
COV	[432-432]	432	330
COV	[433-433]	433	310
COV	[434-434]	434	324
COV	[435-435]	435	286
COV	[436-436]	436	349
COV	[437-437]	437	312
COV	[438-438]	438	309
COV	[439-439]	439	289
COV	[440-440]	440	330
COV	[441-441]	441	289
COV	[442-442]	442	259
COV	[443-443]	443	274
COV	[444-444]	444	255
COV	[445-445]	445	268
COV	[446-446]	446	261
COV	[447-447]	447	242
COV	[448-448]	448	275
COV	[449-449]	449	244
COV	[450-450]	450	277
COV	[451-451]	451	284
COV	[452-452]	452	288
COV	[453-453]	453	264
COV	[454-454]	454	286
COV	[455-455]	455	271
COV	[456-456]	456	269
COV	[457-457]	457	235
COV	[458-458]	458	260
COV	[459-459]	459	266
COV	[460-460]	460	250
COV	[461-461]	461	257
COV	[462-462]	462	254
COV	[463-463]	463	267
COV	[464-464]	464	255
COV	[465-465]	465	281
COV	[466-466]	466	271
COV	[467-467]	467	272
COV	[468-468]	468	250
COV	[469-469]	469	244
COV	[470-470]	470	259
COV	[471-471]	471	243
COV	[472-472]	472	227
COV	[473-473]	473	223
COV	[474-474]	474	242
COV	[475-475]	475	234
COV	[476-476]	476	225
COV	[477-477]	477	240
COV	[478-478]	478	226
COV	[479-479]	479	255
COV	[480-480]	480	225
COV	[481-481]	481	221
COV	[482-482]	482	236
COV	[483-483]	483	207
COV	[484-484]	484	210
COV	[485-485]	485	213
COV	[486-486]	486	193
COV	[487-487]	487	237
COV	[488-488]	488	244
COV	[489-489]	489	263
COV	[490-490]	490	239
COV	[491-491]	491	233
COV	[492-492]	492	209
COV	[493-493]	493	231
COV	[494-494]	494	207
COV	[495-495]	495	218
COV	[496-496]	496	214
COV	[497-497]	497	227
COV	[498-498]	498	194
COV	[499-499]	499	206
COV	[500-500]	500	230
COV	[501-501]	501	223
COV	[502-502]	502	215
COV	[503-503]	503	192
COV	[504-504]	504	170
COV	[505-505]	505	197
COV	[506-506]	506	167
COV	[507-507]	507	172
COV	[508-508]	508	184
COV	[509-509]	509	162
COV	[510-510]	510	162
COV	[511-511]	511	170
COV	[512-512]	512	179
COV	[513-513]	513	200
COV	[514-514]	514	195
COV	[515-515]	515	172
COV	[516-516]	516	174
COV	[517-517]	517	177
COV	[518-518]	518	179
COV	[519-519]	519	167
COV	[520-520]	520	159
COV	[521-521]	521	167
COV	[522-522]	522	141
COV	[523-523]	523	163
COV	[524-524]	524	145
COV	[525-525]	525	144
COV	[526-526]	526	164
COV	[527-527]	527	142
COV	[528-528]	528	163
COV	[529-529]	529	116
COV	[530-530]	530	130
COV	[531-531]	531	121
COV	[532-532]	532	107
COV	[533-533]	533	115
COV	[534-534]	534	147
COV	[535-535]	535	140
COV	[536-536]	536	117
COV	[537-537]	537	142
COV	[538-538]	538	143
COV	[539-539]	539	139
COV	[540-540]	540	115
COV	[541-541]	541	136
COV	[542-542]	542	134
COV	[543-543]	543	141
COV	[544-544]	544	130
COV	[545-545]	545	159
COV	[546-546]	546	112
COV	[547-547]	547	125
COV	[548-548]	548	135
COV	[549-549]	549	123
COV	[550-550]	550	109
COV	[551-551]	551	99
COV	[552-552]	552	129
COV	[553-553]	553	113
COV	[554-554]	554	90
COV	[555-555]	555	97
COV	[556-556]	556	108
COV	[557-557]	557	91
COV	[558-558]	558	102
COV	[559-559]	559	105
COV	[560-560]	560	97
COV	[561-561]	561	107
COV	[562-562]	562	107
COV	[563-563]	563	123
COV	[564-564]	564	96
COV	[565-565]	565	118
COV	[566-566]	566	107
COV	[567-567]	567	90
COV	[568-568]	568	121
COV	[569-569]	569	119
COV	[570-570]	570	88
COV	[571-571]	571	95
COV	[572-572]	572	102
COV	[573-573]	573	101
COV	[574-574]	574	97
COV	[575-575]	575	94
COV	[576-576]	576	100
COV	[577-577]	577	107
COV	[578-578]	578	102
COV	[579-579]	579	90
COV	[580-580]	580	79
COV	[581-581]	581	79
COV	[582-582]	582	86
COV	[583-583]	583	92
COV	[584-584]	584	70
COV	[585-585]	585	85
COV	[586-586]	586	85
COV	[587-587]	587	76
COV	[588-588]	588	80
COV	[589-589]	589	81
COV	[590-590]	590	76
COV	[591-591]	591	72
COV	[592-592]	592	84
COV	[593-593]	593	75
COV	[594-594]	594	78
COV	[595-595]	595	87
COV	[596-596]	596	63
COV	[597-597]	597	80
COV	[598-598]	598	76
COV	[599-599]	599	61
COV	[600-600]	600	68
COV	[601-601]	601	69
COV	[602-602]	602	51
COV	[603-603]	603	55
COV	[604-604]	604	61
COV	[605-605]	605	69
COV	[606-606]	606	59
COV	[607-607]	607	61
COV	[608-608]	608	54
COV	[609-609]	609	70
COV	[610-610]	610	51
COV	[611-611]	611	56
COV	[612-612]	612	48
COV	[613-613]	613	57
COV	[614-614]	614	55
COV	[615-615]	615	40
COV	[616-616]	616	69
COV	[617-617]	617	72
COV	[618-618]	618	57
COV	[619-619]	619	54
COV	[620-620]	620	49
COV	[621-621]	621	53
COV	[622-622]	622	40
COV	[623-623]	623	65
COV	[624-624]	624	51
COV	[625-625]	625	44
COV	[626-626]	626	57
COV	[627-627]	627	41
COV	[628-628]	628	46
COV	[629-629]	629	57
COV	[630-630]	630	40
COV	[631-631]	631	39
COV	[632-632]	632	40
COV	[633-633]	633	43
COV	[634-634]	634	44
COV	[635-635]	635	51
COV	[636-636]	636	28
COV	[637-637]	637	39
COV	[638-638]	638	33
COV	[639-639]	639	44
COV	[640-640]	640	41
COV	[641-641]	641	51
COV	[642-642]	642	53
COV	[643-643]	643	35
COV	[644-644]	644	31
COV	[645-645]	645	30
COV	[646-646]	646	36
COV	[647-647]	647	49
COV	[648-648]	648	35
COV	[649-649]	649	47
COV	[650-650]	650	43
COV	[651-651]	651	46
COV	[652-652]	652	40
COV	[653-653]	653	36
COV	[654-654]	654	29
COV	[655-655]	655	40
COV	[656-656]	656	37
COV	[657-657]	657	40
COV	[658-658]	658	23
COV	[659-659]	659	26
COV	[660-660]	660	32
COV	[661-661]	661	37
COV	[662-662]	662	36
COV	[663-663]	663	43
COV	[664-664]	664	33
COV	[665-665]	665	41
COV	[666-666]	666	35
COV	[667-667]	667	34
COV	[668-668]	668	30
COV	[669-669]	669	42
COV	[670-670]	670	31
COV	[671-671]	671	40
COV	[672-672]	672	46
COV	[673-673]	673	40
COV	[674-674]	674	32
COV	[675-675]	675	41
COV	[676-676]	676	36
COV	[677-677]	677	36
COV	[678-678]	678	42
COV	[679-679]	679	31
COV	[680-680]	680	37
COV	[681-681]	681	38
COV	[682-682]	682	43
COV	[683-683]	683	41
COV	[684-684]	684	40
COV	[685-685]	685	35
COV	[686-686]	686	34
COV	[687-687]	687	31
COV	[688-688]	688	42
COV	[689-689]	689	37
COV	[690-690]	690	43
COV	[691-691]	691	36
COV	[692-692]	692	32
COV	[693-693]	693	39
COV	[694-694]	694	37
COV	[695-695]	695	27
COV	[696-696]	696	42
COV	[697-697]	697	45
COV	[698-698]	698	41
COV	[699-699]	699	35
COV	[700-700]	700	46
COV	[701-701]	701	27
COV	[702-702]	702	46
COV	[703-703]	703	30
COV	[704-704]	704	40
COV	[705-705]	705	31
COV	[706-706]	706	34
COV	[707-707]	707	25
COV	[708-708]	708	41
COV	[709-709]	709	41
COV	[710-710]	710	34
COV	[711-711]	711	29
COV	[712-712]	712	32
COV	[713-713]	713	21
COV	[714-714]	714	34
COV	[715-715]	715	20
COV	[716-716]	716	19
COV	[717-717]	717	27
COV	[718-718]	718	21
COV	[719-719]	719	21
COV	[720-720]	720	22
COV	[721-721]	721	35
COV	[722-722]	722	23
COV	[723-723]	723	23
COV	[724-724]	724	24
COV	[725-725]	725	22
COV	[726-726]	726	23
COV	[727-727]	727	18
COV	[728-728]	728	23
COV	[729-729]	729	19
COV	[730-730]	730	22
COV	[731-731]	731	34
COV	[732-732]	732	29
COV	[733-733]	733	23
COV	[734-734]	734	24
COV	[735-735]	735	38
COV	[736-736]	736	28
COV	[737-737]	737	22
COV	[738-738]	738	35
COV	[739-739]	739	28
COV	[740-740]	740	26
COV	[741-741]	741	34
COV	[742-742]	742	25
COV	[743-743]	743	29
COV	[744-744]	744	26
COV	[745-745]	745	36
COV	[746-746]	746	37
COV	[747-747]	747	23
COV	[748-748]	748	25
COV	[749-749]	749	28
COV	[750-750]	750	26
COV	[751-751]	751	38
COV	[752-752]	752	46
COV	[753-753]	753	27
COV	[754-754]	754	18
COV	[755-755]	755	30
COV	[756-756]	756	28
COV	[757-757]	757	34
COV	[758-758]	758	20
COV	[759-759]	759	19
COV	[760-760]	760	20
COV	[761-761]	761	21
COV	[762-762]	762	27
COV	[763-763]	763	24
COV	[764-764]	764	15
COV	[765-765]	765	27
COV	[766-766]	766	24
COV	[767-767]	767	19
COV	[768-768]	768	20
COV	[769-769]	769	15
COV	[770-770]	770	17
COV	[771-771]	771	16
COV	[772-772]	772	17
COV	[773-773]	773	19
COV	[774-774]	774	16
COV	[775-775]	775	23
COV	[776-776]	776	18
COV	[777-777]	777	25
COV	[778-778]	778	24
COV	[779-779]	779	18
COV	[780-780]	780	13
COV	[781-781]	781	18
COV	[782-782]	782	23
COV	[783-783]	783	25
COV	[784-784]	784	30
COV	[785-785]	785	19
COV	[786-786]	786	14
COV	[787-787]	787	18
COV	[788-788]	788	21
COV	[789-789]	789	20
COV	[790-790]	790	20
COV	[791-791]	791	23
COV	[792-792]	792	15
COV	[793-793]	793	14
COV	[794-794]	794	18
COV	[795-795]	795	22
COV	[796-796]	796	15
COV	[797-797]	797	20
COV	[798-798]	798	31
COV	[799-799]	799	19
COV	[800-800]	800	26
COV	[801-801]	801	24
COV	[802-802]	802	18
COV	[803-803]	803	15
COV	[804-804]	804	21
COV	[805-805]	805	14
COV	[806-806]	806	13
COV	[807-807]	807	11
COV	[808-808]	808	15
COV	[809-809]	809	21
COV	[810-810]	810	13
COV	[811-811]	811	11
COV	[812-812]	812	18
COV	[813-813]	813	10
COV	[814-814]	814	17
COV	[815-815]	815	19
COV	[816-816]	816	15
COV	[817-817]	817	17
COV	[818-818]	818	14
COV	[819-819]	819	9
COV	[820-820]	820	14
COV	[821-821]	821	18
COV	[822-822]	822	17
COV	[823-823]	823	14
COV	[824-824]	824	15
COV	[825-825]	825	27
COV	[826-826]	826	20
COV	[827-827]	827	18
COV	[828-828]	828	15
COV	[829-829]	829	16
COV	[830-830]	830	13
COV	[831-831]	831	12
COV	[832-832]	832	18
COV	[833-833]	833	18
COV	[834-834]	834	20
COV	[835-835]	835	17
COV	[836-836]	836	46
COV	[837-837]	837	11
COV	[838-838]	838	21
COV	[839-839]	839	14
COV	[840-840]	840	17
COV	[841-841]	841	22
COV	[842-842]	842	23
COV	[843-843]	843	8
COV	[844-844]	844	17
COV	[845-845]	845	20
COV	[846-846]	846	21
COV	[847-847]	847	17
COV	[848-848]	848	28
COV	[849-849]	849	15
COV	[850-850]	850	18
COV	[851-851]	851	15
COV	[852-852]	852	14
COV	[853-853]	853	19
COV	[854-854]	854	24
COV	[855-855]	855	18
COV	[856-856]	856	25
COV	[857-857]	857	18
COV	[858-858]	858	8
COV	[859-859]	859	16
COV	[860-860]	860	18
COV	[861-861]	861	19
COV	[862-862]	862	20
COV	[863-863]	863	23
COV	[864-864]	864	12
COV	[865-865]	865	21
COV	[866-866]	866	9
COV	[867-867]	867	13
COV	[868-868]	868	18
COV	[869-869]	869	15
COV	[870-870]	870	11
COV	[871-871]	871	18
COV	[872-872]	872	19
COV	[873-873]	873	9
COV	[874-874]	874	18
COV	[875-875]	875	16
COV	[876-876]	876	16
COV	[877-877]	877	20
COV	[878-878]	878	12
COV	[879-879]	879	4
COV	[880-880]	880	15
COV	[881-881]	881	14
COV	[882-882]	882	10
COV	[883-883]	883	12
COV	[884-884]	884	12
COV	[885-885]	885	17
COV	[886-886]	886	13
COV	[887-887]	887	18
COV	[888-888]	888	14
COV	[889-889]	889	12
COV	[890-890]	890	13
COV	[891-891]	891	9
COV	[892-892]	892	14
COV	[893-893]	893	16
COV	[894-894]	894	14
COV	[895-895]	895	15
COV	[896-896]	896	15
COV	[897-897]	897	14
COV	[898-898]	898	19
COV	[899-899]	899	17
COV	[900-900]	900	8
COV	[901-901]	901	20
COV	[902-902]	902	16
COV	[903-903]	903	16
COV	[904-904]	904	13
COV	[905-905]	905	24
COV	[906-906]	906	15
COV	[907-907]	907	12
COV	[908-908]	908	14
COV	[909-909]	909	15
COV	[910-910]	910	20
COV	[911-911]	911	13
COV	[912-912]	912	13
COV	[913-913]	913	17
COV	[914-914]	914	15
COV	[915-915]	915	11
COV	[916-916]	916	10
COV	[917-917]	917	15
COV	[918-918]	918	17
COV	[919-919]	919	15
COV	[920-920]	920	16
COV	[921-921]	921	12
COV	[922-922]	922	16
COV	[923-923]	923	14
COV	[924-924]	924	13
COV	[925-925]	925	15
COV	[926-926]	926	11
COV	[927-927]	927	12
COV	[928-928]	928	18
COV	[929-929]	929	17
COV	[930-930]	930	13
COV	[931-931]	931	21
COV	[932-932]	932	6
COV	[933-933]	933	18
COV	[934-934]	934	13
COV	[935-935]	935	15
COV	[936-936]	936	16
COV	[937-937]	937	12
COV	[938-938]	938	7
COV	[939-939]	939	16
COV	[940-940]	940	9
COV	[941-941]	941	15
COV	[942-942]	942	13
COV	[943-943]	943	17
COV	[944-944]	944	23
COV	[945-945]	945	13
COV	[946-946]	946	9
COV	[947-947]	947	15
COV	[948-948]	948	19
COV	[949-949]	949	11
COV	[950-950]	950	8
COV	[951-951]	951	17
COV	[952-952]	952	18
COV	[953-953]	953	16
COV	[954-954]	954	12
COV	[955-955]	955	9
COV	[956-956]	956	18
COV	[957-957]	957	23
COV	[958-958]	958	11
COV	[959-959]	959	18
COV	[960-960]	960	15
COV	[961-961]	961	20
COV	[962-962]	962	23
COV	[963-963]	963	14
COV	[964-964]	964	15
COV	[965-965]	965	16
COV	[966-966]	966	19
COV	[967-967]	967	15
COV	[968-968]	968	14
COV	[969-969]	969	22
COV	[970-970]	970	14
COV	[971-971]	971	18
COV	[972-972]	972	11
COV	[973-973]	973	13
COV	[974-974]	974	12
COV	[975-975]	975	17
COV	[976-976]	976	17
COV	[977-977]	977	13
COV	[978-978]	978	15
COV	[979-979]	979	9
COV	[980-980]	980	16
COV	[981-981]	981	10
COV	[982-982]	982	14
COV	[983-983]	983	14
COV	[984-984]	984	14
COV	[985-985]	985	14
COV	[986-986]	986	14
COV	[987-987]	987	23
COV	[988-988]	988	19
COV	[989-989]	989	13
COV	[990-990]	990	16
COV	[991-991]	991	15
COV	[992-992]	992	13
COV	[993-993]	993	11
COV	[994-994]	994	15
COV	[995-995]	995	5
COV	[996-996]	996	8
COV	[997-997]	997	9
COV	[998-998]	998	5
COV	[999-999]	999	12
COV	[1000-1000]	1000	5
COV	[1000<]	1000	4208
# GC-depth. Use `grep ^GCD | cut -f 2-` to extract this part. The columns are: GC%, unique sequence percentiles, 10th, 25th, 50th, 75th and 90th depth percentile
GCD	0.0	0.003	0.000	0.001	0.005	0.005	0.005
GCD	4.0	0.004	4.547	4.547	4.547	4.547	4.547
GCD	7.4	0.005	0.085	0.085	0.085	0.085	0.085
GCD	19.0	0.005	0.345	0.345	0.345	0.345	0.345
GCD	21.0	0.007	0.015	0.015	0.090	7.150	7.150
GCD	22.0	0.009	1.993	1.993	25.383	48.773	48.773
GCD	23.0	0.011	0.005	0.005	0.490	1.844	1.844
GCD	24.0	0.014	0.315	0.340	0.869	4.796	7.624
GCD	25.0	0.015	0.010	0.010	0.010	0.010	0.010
GCD	26.0	0.018	0.180	0.201	0.407	0.767	0.839
GCD	27.0	0.023	0.005	0.210	0.702	0.909	1.649
GCD	28.0	0.032	0.010	0.020	0.180	0.440	2.088
GCD	29.0	0.068	0.165	0.252	1.202	2.719	4.587
GCD	30.0	0.206	0.158	0.230	0.874	2.468	4.042
GCD	31.0	0.619	0.165	0.230	0.330	2.242	4.628
GCD	32.0	1.558	0.185	0.235	0.305	1.979	4.774
GCD	33.0	3.442	0.185	0.245	0.310	1.837	5.017
GCD	34.0	6.621	0.195	0.245	0.300	1.274	4.765
GCD	35.0	11.304	0.195	0.245	0.305	0.849	4.651
GCD	36.0	17.414	0.195	0.250	0.305	0.465	4.074
GCD	37.0	24.639	0.190	0.250	0.305	0.415	3.809
GCD	38.0	32.336	0.190	0.250	0.310	0.410	3.637
GCD	39.0	40.295	0.190	0.255	0.320	0.430	3.474
GCD	40.0	47.718	0.200	0.270	0.335	0.485	3.827
GCD	41.0	54.257	0.215	0.285	0.355	0.741	4.226
GCD	42.0	60.117	0.230	0.295	0.365	0.949	4.222
GCD	43.0	65.272	0.240	0.310	0.385	1.154	4.607
GCD	44.0	69.761	0.265	0.325	0.405	1.424	4.709
GCD	45.0	73.679	0.270	0.340	0.425	1.644	5.201
GCD	46.0	77.123	0.290	0.355	0.445	1.717	5.191
GCD	47.0	80.107	0.285	0.370	0.465	1.886	5.126
GCD	48.0	82.641	0.300	0.380	0.495	2.108	5.636
GCD	49.0	84.897	0.320	0.405	0.560	2.663	6.587
GCD	50.0	86.962	0.320	0.420	0.660	2.795	6.355
GCD	51.0	88.809	0.350	0.445	0.747	2.898	6.412
GCD	52.0	90.469	0.350	0.465	0.837	3.045	6.687
GCD	53.0	91.960	0.380	0.490	0.974	3.482	6.965
GCD	54.0	93.338	0.380	0.510	1.202	3.728	7.045
GCD	55.0	94.512	0.415	0.565	1.704	4.142	7.654
GCD	56.0	95.582	0.445	0.674	1.976	4.557	8.295
GCD	57.0	96.595	0.470	0.784	2.063	4.851	8.306
GCD	58.0	97.456	0.505	1.019	2.498	4.980	8.509
GCD	59.0	98.198	0.525	1.025	2.438	4.975	8.368
GCD	60.0	98.773	0.577	1.154	2.468	4.751	7.710
GCD	61.0	99.228	0.544	1.164	2.653	4.966	8.109
GCD	62.0	99.523	0.553	1.059	2.223	4.169	7.052
GCD	63.0	99.741	0.580	1.069	2.168	4.072	6.559
GCD	64.0	99.878	0.656	1.264	2.143	3.957	6.769
GCD	65.0	99.952	0.545	1.277	2.501	3.865	5.929
GCD	66.0	99.984	0.779	1.419	2.678	3.947	6.545
GCD	67.0	99.996	0.739	1.370	2.138	10.014	46.761
GCD	68.0	99.999	0.040	0.547	1.084	2.241	2.598
GCD	69.0	100.000	0.005	0.005	0.005	0.005	0.005
