# This file was produced by samtools stats (1.23+htslib-1.23) and can be plotted using plot-bamstats
# This file contains statistics for all reads.
# The command line was:  stats data/AFR/ACB/HG02013/aligned/HG02013.bam
# CHK, Checksum	[2]Read Names	[3]Sequences	[4]Qualities
# CHK, CRC32 of reads which passed filtering followed by addition (32bit overflow)
CHK	811ca6c9	5f81f953	67e6f2ef
# Summary Numbers. Use `grep ^SN | cut -f 2-` to extract this part.
SN	raw total sequences:	98335232	# excluding supplementary and secondary reads
SN	filtered sequences:	0
SN	sequences:	98335232
SN	is sorted:	1	# sorted by coordinate
SN	1st fragments:	49167616
SN	last fragments:	49167616
SN	reads mapped:	98276619
SN	reads mapped and paired:	98260446	# paired-end technology bit set + both mates mapped
SN	reads unmapped:	58613
SN	reads properly paired:	96525550	# proper-pair bit set
SN	reads paired:	98335232	# paired-end technology bit set
SN	reads duplicated:	0	# PCR or optical duplicate bit set
SN	reads MQ0:	6165178	# mapped and MQ=0
SN	reads QC failed:	0
SN	non-primary alignments:	0
SN	supplementary alignments:	90676
SN	total length:	8846683498	# ignores clipping
SN	total first fragment length:	4423341749	# ignores clipping
SN	total last fragment length:	4423341749	# ignores clipping
SN	bases mapped:	8841433636	# ignores clipping
SN	bases mapped (cigar):	8814766556	# more accurate
SN	bases trimmed:	0
SN	bases duplicated:	0
SN	mismatches:	40168288	# from NM fields
SN	error rate:	4.556932e-03	# mismatches / bases mapped (cigar)
SN	average length:	90
SN	average first fragment length:	90
SN	average last fragment length:	90
SN	maximum length:	90
SN	maximum first fragment length:	90
SN	maximum last fragment length:	90
SN	average quality:	35.8
SN	insert size average:	229.0
SN	insert size standard deviation:	84.8
SN	inward oriented pairs:	48858714
SN	outward oriented pairs:	18742
SN	pairs with other orientation:	29151
SN	pairs on different chromosomes:	223616
SN	percentage of properly paired reads (%):	98.2
# First Fragment Qualities. Use `grep ^FFQ | cut -f 2-` to extract this part.
# Columns correspond to qualities and rows to cycles. First column is the cycle number.
FFQ	1	0	0	146424	0	0	0	0	0	0	0	43974	0	0	0	0	0	84810	0	0	1463	0	0	24581	112317	0	98480	365174	560026	286349	0	2415074	17923097	0	4330804	22775043	0	0	0	0	0	0	0	0
FFQ	2	0	0	0	0	0	0	0	0	0	0	27842	0	0	0	0	0	205414	0	0	10917	0	0	36145	82522	0	91255	294563	599536	251822	0	1964125	14775006	0	1833614	28994855	0	0	0	0	0	0	0	0
FFQ	3	0	0	0	0	0	0	0	0	0	0	27732	0	0	0	0	0	80817	0	0	230	0	0	44980	78785	0	126575	282175	631589	332388	0	1866729	13549798	0	1610422	30535396	0	0	0	0	0	0	0	0
FFQ	4	0	0	0	0	0	0	0	0	0	0	45818	0	0	0	0	0	63220	0	0	40845	0	0	48542	0	0	99476	177996	13796	255033	4685	458067	12184	704135	1177120	0	10639671	0	35427028	0	0	0	0	0
FFQ	5	0	0	0	0	0	0	0	0	0	0	89321	0	0	0	0	0	92831	0	0	57941	0	0	66535	0	0	137318	228522	20803	297377	5848	561723	18899	769651	1242200	0	10665321	0	34913326	0	0	0	0	0
FFQ	6	0	0	0	0	0	0	77	0	8604	0	52116	16778	0	0	48	6639	15657	57171	36752	36334	0	6501	5151	64688	88	154305	206566	32591	175391	135543	535536	78472	888164	1191015	198	9846044	903840	34713347	0	0	0	0	0
FFQ	7	0	0	0	0	0	44	201	0	14427	0	86737	27802	27	0	108	7941	20032	71213	47472	44667	25	7761	5484	71655	141	180043	224750	39994	185958	138457	561293	82772	905343	1224145	268	9840105	910019	34468732	0	0	0	0	0
FFQ	8	0	0	0	0	0	80	175	16	13057	0	81570	26994	47	0	94	8947	20080	76697	48180	47639	120	8593	6223	77131	116	183104	237154	57007	192864	146249	586798	89362	976553	1299954	279	9951736	940687	34090110	0	0	0	0	0
FFQ	9	0	0	0	0	0	110	153	47	9198	1	53867	17343	76	11	90	8606	14757	71078	34871	33211	301	6947	5319	59587	222	158377	71267	204164	159574	126564	537417	67117	804611	811955	597840	2962198	7400	5727298	2923274	33692765	0	0	0
FFQ	10	0	0	0	0	0	113	117	36	7368	8	40164	12562	123	9	76	7347	13021	54363	31309	28996	449	6701	5183	55334	393	142706	67263	223421	103151	122982	515732	61495	762299	800626	556450	2940582	7028	5687936	3019908	33892365	0	0	0
FFQ	11	0	0	0	0	0	163	118	66	7665	37	41644	12897	171	18	81	7056	13966	51349	33386	30657	568	7429	5753	59347	733	146639	69764	266023	58298	130669	532109	58847	754982	827146	516308	2977378	7359	5662441	3169556	33716993	0	0	0
FFQ	12	0	0	1	0	0	207	167	124	11483	126	66376	20652	298	25	100	8198	19999	59356	48737	45849	626	10052	7768	83456	1184	180571	87960	355067	33468	163122	621602	63016	847021	921618	540198	3126640	5223	5769684	3310585	32757057	0	0	0
FFQ	13	0	0	0	0	0	214	154	137	9196	197	47877	14419	294	25	116	8139	15482	58305	37200	33894	701	8443	6461	65154	1710	158432	74868	328741	23456	139282	567528	62859	813464	867891	567379	3092676	5865	5854551	3300891	33001615	0	0	0
FFQ	14	0	0	0	0	0	253	181	202	9461	324	47446	14026	304	42	133	2034	20407	58714	37735	34230	784	8938	6630	18192	51693	159612	76028	325943	23577	140507	243382	373615	566627	864191	622459	530257	1951951	1639257	4661841	3324220	10364480	22987940	0
FFQ	15	0	0	12	0	0	272	246	254	10088	521	49877	14677	398	61	192	2468	21429	59031	40068	35483	843	9660	7155	19657	55496	164055	80132	334053	24611	146897	251774	387963	575756	892317	627164	547705	1970692	1636561	4717669	3263126	10442346	22776907	0
FFQ	16	0	0	7	0	0	420	412	507	18822	1129	101759	32129	554	129	426	3341	33053	88167	65534	61770	1072	13228	9758	26612	84208	213101	103762	426824	30086	182321	299663	450077	656825	996364	687155	590029	2058776	1686770	4902976	3310787	10221337	21807726	0
FFQ	17	0	0	0	0	0	483	492	677	21319	1821	107847	33195	619	229	508	4073	33996	115536	59773	54779	1222	12978	9530	29482	77680	219488	100386	443914	29950	174165	312969	447407	698606	997742	748418	604591	2111158	1764875	5016939	3427129	10228793	21274847	0
FFQ	18	0	0	0	0	0	538	582	737	22399	2482	106216	33065	698	351	569	4805	32645	113084	54831	49368	1421	12590	9195	29942	75425	205384	94591	425676	29714	167043	308778	433775	696734	974632	764602	608733	2118537	1809258	5057865	3552937	10332681	21035733	0
FFQ	19	0	0	80	0	0	439	607	791	15633	2364	63879	17900	736	360	604	5160	26107	8037	121954	43697	1538	13179	9423	30605	76270	185518	92647	407059	31478	167699	306711	435248	701249	585720	1175370	622443	1780077	1884935	4203299	4215488	10788214	21145098	0
FFQ	20	0	0	0	0	0	511	721	916	16974	3029	62394	17101	828	475	735	5872	27274	9253	110737	44393	1702	14400	10096	33405	83761	182307	94947	375485	31924	172162	317617	439328	637862	600008	1138600	646263	1815947	1891121	4295148	4301132	10879803	20903385	0
FFQ	21	0	0	6001	0	0	641	956	1408	24870	5836	93595	26475	1065	626	952	7706	34371	12816	127377	58952	1945	17543	11978	40872	107740	202075	108511	407129	35604	191048	347970	470627	653503	638116	1161848	682306	1861698	1876832	4401776	4354559	10862128	20328161	0
FFQ	22	0	0	984	0	0	629	1107	1539	22444	6157	69755	17978	1161	766	1078	9161	33881	17087	116911	49720	2284	17429	11981	43650	106935	185951	104010	396855	36178	184784	362289	462573	668841	638560	1196151	706176	1883037	1934439	4484784	4499311	10942116	19948924	0
FFQ	23	0	0	272	0	0	760	1524	2254	31870	11404	98982	25756	1489	999	1403	11701	42306	21953	127958	66398	2746	21530	14467	52963	141872	199582	120119	431266	40598	211142	403981	504505	681186	686592	1236697	755533	1949405	1956715	4640200	4599414	10839952	19230122	0
FFQ	24	0	0	579	0	0	880	1705	2482	31232	12341	79134	18223	1580	1205	1596	13461	42390	26187	112324	57880	3147	22263	14649	57377	147170	187029	117840	413849	41773	205079	430467	501537	683698	693759	1270710	787371	1966808	2023972	4769405	4561578	10371412	19493524	0
FFQ	25	0	0	14	0	0	943	2043	3004	35236	16427	77386	16439	1863	1431	1869	16040	46287	31138	105031	58382	3542	24492	15673	62678	164501	178722	121449	405011	43710	208742	458170	508786	660116	713870	1268240	829483	1989993	2033522	4897710	4608856	10516171	19040646	0
FFQ	26	0	0	16	0	0	1618	3347	5686	62968	35583	129119	25893	2350	2010	2474	20758	56989	41583	112385	67581	4153	27010	17367	69681	192395	176861	126436	400252	46626	217266	488964	519968	637928	732207	1265643	871566	2009074	2022736	5002521	4555104	10729712	18483786	0
FFQ	27	0	0	29	0	0	1784	3723	6428	62396	38148	101113	16228	2794	2640	2954	25164	62215	46895	100756	64091	5011	30050	19067	73130	208795	179042	127725	407544	50209	220696	540021	532414	657335	750605	1316449	923526	2041604	2082933	5132508	4547750	10951028	17832816	0
FFQ	28	0	0	1689	0	0	2006	4805	8424	79997	57101	114622	15351	3426	3248	3573	31322	74688	53503	101459	71292	5861	34338	21242	81126	240449	183356	137810	402374	54082	231362	594147	552668	623352	789167	1317282	990941	2080848	2084653	5283803	4475703	11145928	17210618	0
FFQ	29	0	0	174	0	0	2365	5515	10117	88864	70254	103033	10253	4003	4040	4278	37180	85159	58232	94321	69403	6731	37954	22730	84558	257038	189141	141442	388992	57694	235065	643587	563511	597393	816811	1325232	1056313	2095351	2105773	5430024	4426206	11371735	16667144	0
FFQ	30	0	0	9325	0	0	2233	5629	10874	91803	82942	88940	6327	4504	4822	4759	44780	97329	55658	93890	74958	8834	38260	25912	92880	275313	226508	149663	387340	60320	223605	750646	565761	585347	825438	1333352	1108686	1984070	2157741	5239686	4647101	10721716	17080664	0
FFQ	31	0	0	7707	0	0	1902	5505	11896	110189	118040	104131	5124	5222	5970	4849	53021	119321	59850	80141	66186	9751	36499	25952	91256	258288	249155	135791	331533	58034	181416	805235	507953	504299	786096	1255775	1145135	1788068	2209599	4905726	4947209	10565906	17609886	0
FFQ	32	0	0	7845	0	0	1988	6383	13855	121165	146162	93021	2979	5627	6334	5760	59895	132786	53512	80993	69446	9996	38675	26807	90864	264245	257077	138411	317394	61360	192561	810989	520353	466395	803344	1216601	1194765	1744292	2103585	4939137	4528476	10454114	18178412	0
FFQ	33	0	0	71	0	0	1912	6594	14089	102105	128483	48705	1861	5785	6407	6316	62570	124825	35836	80031	69188	10766	41269	28165	91310	264435	278609	140395	299905	65040	197803	846837	527369	434664	825149	1199098	1261493	1704857	2070699	4955372	4227036	10420623	18578071	0
FFQ	34	0	0	193	0	0	1691	5373	12000	67049	83592	18175	1478	5269	6115	6068	53413	93984	20243	60929	49037	10531	39136	26945	81916	224229	235752	131054	244347	66124	184450	806266	500780	377925	829044	1145053	1337159	1649848	2082300	5008012	4080318	10600260	19015987	0
FFQ	35	0	0	1545	0	0	1714	6452	14328	74514	100892	12999	1560	5384	6404	6800	54156	83317	14627	68443	56952	10867	41816	28329	83191	239116	209336	140589	245943	71343	200991	760597	514497	363053	865019	1082059	1401775	1594133	2050234	5093774	3916817	10637407	19099501	0
FFQ	36	0	0	104	0	0	2172	10635	24710	131952	210703	16401	1828	7088	8920	9557	75854	106025	15476	92889	84131	12741	50780	33039	97253	291684	229465	159615	274447	81986	223870	802646	549705	369939	920068	1079113	1469550	1557241	2002733	5094018	3689728	10517534	18853403	0
FFQ	37	0	0	122	0	0	2024	9388	21390	91553	139396	5770	2134	7747	10136	10136	77559	99491	11988	67891	57298	14403	47730	34746	94234	250096	239948	149202	234561	87897	203851	841383	532048	349166	941990	1069238	1562205	1488106	2067021	5117847	3716151	10628997	18872857	0
FFQ	38	0	0	148	0	0	2048	10041	22379	77541	114648	2779	2286	8386	10737	11544	76950	79787	11969	73330	61938	16333	52730	38391	100475	264093	226171	163254	249201	99866	221407	827648	560402	366969	1004379	1062213	1647792	1479878	2085392	5192989	3655606	10659882	18614882	0
FFQ	39	0	0	162	0	0	2257	11328	26383	80893	120122	2030	2546	9019	12175	13060	79706	70318	13025	73358	61798	18063	52211	40330	108629	265464	195555	171216	247167	109552	225538	792404	568917	377773	1046200	1034471	1710371	1447604	2100954	5022297	3870371	10713156	18458879	0
FFQ	40	0	0	183	0	0	2414	12122	28075	75733	111949	2044	2757	9786	13454	14413	81358	59049	14090	72756	62261	20029	54114	44292	113706	264370	182048	176817	246888	121747	228252	776753	576092	385524	1081333	1016003	1763121	1415303	2124936	5034629	3884944	10784906	18295982	0
FFQ	41	0	0	206	0	0	2852	15965	37740	91877	140120	2165	3291	11788	16435	18549	90661	57007	18326	87179	77783	23051	60963	50900	129523	299672	175162	200368	276456	140873	255144	793598	622046	415958	1159271	1039996	1828349	1440821	2153787	5111500	3867760	10693670	17742428	0
FFQ	42	0	0	224	0	0	3443	19679	47662	111602	177514	2591	4068	13964	21371	22523	106633	56918	21192	91677	83006	27200	65360	57851	145005	317989	175517	214666	278354	161588	256974	817300	636898	426038	1214771	1035996	1867738	1423880	2185742	5085316	3866869	10633550	17473685	0
FFQ	43	0	0	292	0	0	3538	21632	52017	106655	160772	2844	4610	15933	25629	26208	116062	51806	22305	88711	78590	30942	68042	64448	157273	319658	170641	225256	277696	183030	264633	829406	657509	445520	1273669	1054177	1921998	1440226	2250825	5127537	3917440	10586083	17107829	0
FFQ	44	0	0	316	0	0	3978	25667	60385	115938	172797	3226	5382	18640	31438	31020	127551	47401	25499	91824	82511	35089	71645	71583	173895	332837	158628	241786	284059	206098	273115	821975	680492	464733	1315104	1063535	1940212	1470358	2264572	5129909	3887348	10534904	16885179	0
FFQ	45	0	0	328	0	0	4217	25665	61186	104461	148231	3389	6333	20120	34768	32788	125280	37403	26219	85516	78451	51293	62387	77577	186007	328095	151289	252300	278272	230331	277390	817132	693605	478324	1353173	1084875	1969061	1492626	2326388	5139415	3841568	10636437	16627987	0
FFQ	46	0	0	363	0	0	4913	30972	72685	114799	157990	3707	6775	21191	38108	36198	117898	31774	30126	93536	86755	56466	66766	85850	203632	339091	134438	277294	293092	259603	298179	796313	731690	511434	1391863	1133895	1985250	1559382	2358043	5179709	3846283	10584018	16209020	0
FFQ	47	0	0	426	0	0	5339	32833	79525	118505	152993	4154	7897	23825	44601	41048	119543	28336	32445	96669	88349	63686	69310	94731	221394	346746	123032	297416	296473	292939	310206	793441	765241	538796	1432363	1183984	2013871	1607630	2412570	5179717	3905943	10462578	15859843	0
FFQ	48	0	0	541	0	0	5391	30820	73301	100565	115104	4384	8452	24578	47080	41371	106037	23300	31836	90159	78684	68995	66853	100788	229313	324653	107028	304627	279541	323401	308726	769933	774430	553745	1438146	1222629	2036931	1639917	2483362	5162965	4024394	10490588	15655150	0
FFQ	49	0	0	1502	0	0	6554	39693	96909	131568	146604	5020	9804	26681	54109	47552	102096	24808	39161	109810	100209	77667	75205	115469	230858	371170	94412	344164	319581	365260	346042	761876	839068	599884	1476169	1312059	2020646	1764760	2529603	4683546	4521277	10308864	15047439	0
FFQ	50	0	0	1004	0	0	6607	35350	85637	108440	104577	5312	10897	27935	58494	47480	91982	21280	36284	100725	85019	85392	73526	122730	238333	349599	83655	353972	299387	405706	341650	756341	851121	616772	1488807	1371982	2058861	1807537	2610925	4666442	4635601	10297325	14803753	0
FFQ	51	0	0	837	0	0	7330	38651	94192	117473	102686	5769	11480	28520	61494	49552	80966	21573	39859	106472	89079	91352	75603	130202	248293	341968	73304	376833	305088	433895	365768	713053	890221	657446	1478159	1465796	2093224	1884373	2647204	4683032	4685951	10211138	14437960	0
FFQ	52	0	0	2637	0	0	8540	48859	122344	156489	127014	6547	13518	32307	74053	57936	81247	25055	46520	126353	106207	101565	84377	148525	276574	363505	70601	421004	330067	482159	403611	710675	952856	702058	1495032	1577367	2126663	1979065	2654281	4676729	4645870	10007555	13899372	0
FFQ	53	0	0	1734	0	0	9404	49390	123887	156279	107462	7494	15834	35735	82991	60188	76767	24542	47342	129166	101752	114280	87385	165253	293689	358613	68302	448367	321929	540861	414783	720913	995198	735594	1523492	1669124	2178711	2034797	2751355	4643567	4759000	9835265	13454052	0
FFQ	54	0	0	4590	0	0	9722	50097	125838	159298	93831	8146	17524	37122	92060	62817	69599	23424	47663	129930	97347	123266	89543	177190	302781	343244	64727	473490	317009	577384	428739	703054	1031455	772934	1511649	1774442	2236951	2116573	2789335	4613674	4788233	9710512	13168635	0
FFQ	55	0	0	23048	0	0	10164	50013	128982	162076	80129	8847	18729	36654	93892	63290	60262	23705	49613	136613	97844	128415	96040	188977	310020	223198	176838	498334	313083	622410	453244	692516	1077918	812160	1501530	1899692	2299985	2201161	2707407	4731349	4856364	9569942	12738728	0
FFQ	56	0	0	60707	0	0	12381	66450	176232	244872	117889	10410	23406	40775	118455	75955	65030	28463	60327	168879	126447	144858	108017	218521	342086	231877	201171	554315	336918	684948	494909	707034	1149531	866633	1522726	2015663	2352656	2277369	2729348	4645383	4836549	9181467	12143824	0
FFQ	57	0	0	107451	0	0	12008	52630	140879	181729	62730	10791	23780	37921	114688	67479	52770	24170	53800	153680	97844	157045	108142	230385	343782	217077	191070	577708	314078	754715	504219	729355	1195105	903630	1550766	2141989	2448064	2367306	2842221	4611062	4950110	9037169	11772384	0
FFQ	58	0	0	165557	0	0	12936	55375	151478	196229	55985	11015	24128	35631	111593	63979	44560	24750	56563	162866	99748	159357	109029	234895	328346	193533	198649	600595	313183	750626	536939	703645	1242622	960270	1529435	2276376	2543640	2491795	2907774	4604047	5018044	8871928	11293939	0
FFQ	59	0	0	234288	0	0	14582	62046	173970	231076	54351	12896	28630	39470	128167	65725	44855	26966	61449	186158	109612	163052	113399	278274	326666	183895	207431	687533	323923	797200	577463	712578	1301134	1013034	1534032	2396088	2633686	2596175	2912138	4529982	4943249	8562189	10873034	0
FFQ	60	0	0	309609	0	0	15010	54886	159657	202727	35823	13409	29333	37643	126814	59465	39745	25084	58901	182711	94887	171588	113746	288434	314526	173000	206053	707000	308110	822770	595276	726903	1340256	1057362	1538879	2525291	2754652	2703485	3000209	4467856	5057367	8384720	10436486	0
FFQ	61	0	0	392703	0	0	16465	61609	187159	244465	35615	14698	32642	39284	135455	60718	38965	27429	65588	205039	104426	180566	120991	312010	315128	170431	224773	757027	320115	838146	643915	737773	1396923	1115431	1541903	2657808	2884091	2829258	3023963	4404875	5050671	8079459	9871414	0
FFQ	62	0	0	481205	0	0	17487	59556	189165	239193	26029	16158	35037	39344	139695	57878	37779	26633	65792	211303	98011	193231	125760	329365	311785	167963	230825	793396	312380	873061	670911	768370	1442805	1162934	1557267	2782060	3027346	2931071	3101798	4282893	5141451	7763233	9428046	0
FFQ	63	0	0	573896	0	0	18075	56546	186602	225664	17634	16898	35893	37967	136862	52529	36552	25673	65960	215415	89888	198750	126025	335106	294701	161229	237052	817275	309227	862733	701893	788614	1478367	1214028	1567123	2918586	3206169	3060431	3171088	4185611	5208260	7501452	9001708	0
FFQ	64	0	0	673565	0	0	18133	50206	174346	196787	10201	17209	35509	35035	126298	46390	35660	24009	64599	214107	79467	202006	123122	332248	271524	156866	239174	826060	299360	841136	723365	816454	1498217	1260936	1580954	3049087	3418614	3185931	3269942	4057642	5311752	7226029	8644820	0
FFQ	65	0	0	787440	0	0	21214	60858	221638	258597	10467	19486	40345	36839	135379	49400	32680	33534	74029	219594	126245	214599	134070	337351	297190	165641	271182	885685	282556	843325	838864	848955	1556223	1321000	1608444	3186019	3604026	3309960	3306259	3927187	5227301	6797042	8045387	0
FFQ	66	0	0	912816	0	0	25373	74948	289593	349083	11011	23597	49190	42685	161349	56635	36073	39072	86264	263546	147229	245887	152591	383799	316802	182347	308414	978678	296958	908945	911162	917174	1648945	1393051	1643687	3338440	3738012	3399270	3345618	3762634	5194285	6256680	7243435	0
FFQ	67	0	0	1031148	0	0	24156	59969	242731	256008	4532	25383	52183	42049	162436	47488	37221	32639	78187	232256	119427	261015	152400	383432	309923	180237	297661	993719	281422	921066	933979	983629	1688817	1453506	1690847	3513069	3984332	3536784	3473864	3607009	5338855	5944678	6756501	0
FFQ	68	0	0	1158769	0	0	26558	64918	276278	294813	3767	26810	53481	41852	156917	47634	39174	36391	84619	257890	128656	268305	153273	387390	297240	185202	320008	1026412	290050	877679	986805	1025592	1718959	1513320	1732134	3659978	4226029	3661872	3547898	3438254	5339931	5563482	6215327	0
FFQ	69	0	0	1291231	0	0	26849	55224	252162	224254	1385	28516	53594	39961	142928	41752	40951	34781	83541	255905	116980	281318	156630	388426	291515	191786	333080	1066786	294675	875403	1044290	1088945	1768744	1576021	1791987	3836240	4492051	3798493	3646008	3279756	5357732	5183594	5699322	0
FFQ	70	0	0	1428623	0	0	27172	50237	242714	197006	652	28781	52054	37376	127558	36415	41446	33037	83090	252809	110826	280381	148857	333166	236836	261562	338704	1061452	294717	803890	1077402	1128917	1772064	1629704	1856115	4008687	4812002	3940614	3775926	3094266	5409899	4845636	5271402	0
FFQ	71	0	0	1580499	0	0	29876	53981	279231	216827	455	30969	54035	38478	126080	36671	44079	36191	88868	276487	114242	290814	151157	331314	233010	274207	365823	1091827	308275	766257	1138707	1172296	1802641	1683332	1921770	4179646	5086987	4049745	3864119	2908573	5329919	4427256	4746515	0
FFQ	72	0	0	1745318	0	0	34083	59269	331597	250544	329	36018	61488	42420	135238	38589	48734	40098	99344	315740	125461	321093	165009	352229	241726	295764	409515	1171774	329955	775199	1228852	1233133	1864409	1751654	1979780	4359251	5299411	4114440	3900483	2692715	5181891	3934921	4162850	0
FFQ	73	0	0	1910764	0	0	36779	60879	355812	251301	263	40469	68042	45210	144007	36168	51681	38913	100367	316141	121174	341370	167682	350673	242982	307879	423668	1199927	337666	759297	1274818	1298110	1901442	1806931	2044344	4550616	5571542	4201314	3981655	2478337	5116614	3528768	3665847	0
FFQ	74	0	0	2092239	0	0	37909	56409	353914	224322	172	43742	71876	46114	138586	34468	55858	39283	104628	330371	122586	363751	174200	351399	247565	324210	448900	1241814	352663	741487	1342840	1353262	1948259	1872722	2116850	4746919	5857177	4280003	4050112	2265093	4986416	3112937	3197506	0
FFQ	75	0	0	2277452	0	0	44701	67996	436298	275845	172	48636	80336	51698	156118	35312	59370	41855	109966	351136	125468	377278	174736	344455	248192	332630	472966	1162189	456193	700158	1395267	1391000	1979712	1922531	2195710	4947659	6131391	4314322	4107714	2067872	4789290	2725011	2729066	0
FFQ	76	0	0	2479059	0	0	38275	61536	434406	285626	193	95784	149615	77848	297071	30656	92761	30472	145734	337145	196494	749352	331571	661271	428347	547180	708629	2241006	666159	1604621	2305730	2806750	3554716	3325844	2552075	6462786	3697607	4058794	1846182	1515453	3227545	810404	272108	0
FFQ	77	0	0	2583343	0	0	36653	41818	331308	169090	218	74763	117358	61576	201514	25963	75716	31329	123240	306169	149558	559987	233984	434447	333736	441539	572132	1598656	604757	960081	1926259	2130549	2833992	3026879	2783778	7111528	4581545	4786036	2133274	1569501	4829171	1130511	213904	0
FFQ	78	0	0	2705558	0	0	35904	37136	314451	139076	66	53604	73360	44032	109568	22242	67009	33146	111560	300790	124384	442991	172324	290867	281660	382442	525426	1277268	541492	669584	1684240	1712994	2323739	2460605	2678149	6507293	6226323	4807851	3445631	1394369	4754905	1779631	593289	0
FFQ	79	0	0	2868833	0	0	38923	41034	364724	153272	57	52436	70634	44762	99822	24036	65898	37520	113161	334023	121341	417849	160714	256547	267464	367003	535147	1162299	527093	546158	1596540	1524559	2113053	2194904	2546385	6084634	7486754	4727349	4145672	1234481	4247062	1504273	1047594	0
FFQ	80	0	0	3047946	0	0	34994	30823	299260	105258	56	49658	62158	41042	78957	19700	64631	33897	106791	302242	114764	401849	144342	215263	260983	359733	535863	1073926	527659	479987	1549853	1477298	2044695	2120151	2548391	6076793	8390375	4756167	4450303	1062691	3981829	1177203	1095473	0
FFQ	81	0	0	3257829	0	0	35099	28435	296294	94027	36	47521	56350	39574	64832	18812	63768	34502	104721	305746	112777	385484	131271	182734	258261	357470	549997	1006159	540586	420603	1554622	1445648	2026949	2109454	2591064	6211340	9037195	4773008	4543870	907904	3670010	914540	943476	0
FFQ	82	0	0	3504697	0	0	38902	31622	362123	107476	55	53684	62161	43761	68476	20592	67467	38900	113315	345239	120704	404411	132863	176862	268318	372435	594301	1009813	565393	393052	1605459	1442246	2058358	2127504	2613704	6368159	9406564	4712299	4443946	768540	3257079	689628	730698	0
FFQ	83	0	0	3773469	0	0	35044	23853	296925	74873	40	53267	57160	40600	54990	16817	68731	35648	110576	318587	123369	411496	126234	155191	275053	381049	613044	985491	582937	368249	1632595	1461889	2095955	2175980	2668751	6613374	9841431	4708660	4326965	639866	2909481	514297	547676	0
FFQ	84	0	0	4083953	0	0	33683	21219	284951	63699	37	49046	49519	38059	43847	15585	67084	35813	108471	314299	122254	395218	113759	130897	274088	379044	628368	922762	597687	329998	1643620	1457395	2128776	2220306	2720156	6850915	10293616	4683186	4181266	530611	2533739	373622	397840	0
FFQ	85	0	0	4473257	0	0	32630	21163	311299	67760	34	49156	49179	38501	42692	15345	66398	37174	110728	333028	127238	397474	110567	120710	277012	385862	661500	899520	616584	306525	1671691	1452779	2159461	2245332	2740452	7047783	10611838	4596840	3938969	427014	2140624	258372	274588	0
FFQ	86	0	0	4923964	0	0	29163	16608	274512	50078	29	46008	42415	35201	31879	13661	66921	37636	110343	335031	132814	402190	106013	109206	284400	397188	701990	893564	641683	291115	1728352	1475203	2220847	2305586	2753289	7261584	10833605	4475230	3639781	338722	1757759	171409	180680	0
FFQ	87	0	0	5417278	0	0	22713	11812	221334	36192	21	39867	34396	29233	23357	10857	62980	35369	104315	311193	130166	378224	91126	88970	281942	393361	703226	824038	650719	264068	1737742	1487684	2268760	2374339	2793790	7522394	11124890	4374708	3349025	263308	1424573	111184	115006	0
FFQ	88	0	0	6010732	0	0	14213	7131	155166	23597	18	28719	24007	21245	15729	7757	58838	35295	98906	302224	126366	356085	79434	74457	275209	387195	708549	756481	654423	237155	1717997	1485723	2296556	2414614	2832043	7761603	11397411	4244906	3044009	202158	1116239	69698	70593	0
FFQ	89	0	0	6851820	0	0	4604	3160	85998	17779	5	13908	12055	11597	9832	5044	60339	40740	106255	357322	132440	371123	83913	75629	286306	406063	774231	771992	692419	229113	1797568	1482335	2334006	2430707	2773518	7818904	11373343	3991329	2648059	148321	826425	41470	40983	0
FFQ	90	0	0	7457516	0	0	3	10	115	806	0	10	25	554	602	396	57575	39764	94293	318211	118675	326827	64807	58479	272764	390336	741021	684735	692820	208728	1774514	1488846	2353019	2475241	2794060	7994108	11685101	3891088	2348050	106195	620277	24493	24580	0
# Last Fragment Qualities. Use `grep ^LFQ | cut -f 2-` to extract this part.
# Columns correspond to qualities and rows to cycles. First column is the cycle number.
LFQ	1	0	0	2752	0	0	0	0	0	0	0	216669	0	0	0	0	0	224323	0	0	350	0	0	34683	242221	0	228551	583535	719837	526843	0	2425151	15637452	0	6970896	21354353	0	0	0	0	0	0	0	0
LFQ	2	0	0	0	0	0	0	0	0	0	0	249497	0	0	0	0	0	283674	0	0	381	0	0	65064	232733	0	238600	576458	877509	460674	0	2027635	13970666	0	3854346	26330379	0	0	0	0	0	0	0	0
LFQ	3	0	0	0	0	0	0	0	0	0	0	191306	0	0	0	0	0	267854	0	0	166	0	0	73350	197733	0	256972	513223	869100	492014	0	1914514	13100180	0	3468258	27822946	0	0	0	0	0	0	0	0
LFQ	4	0	0	28	0	0	0	0	0	0	0	256439	0	0	0	0	0	144772	0	0	152758	0	0	79990	0	0	222394	294932	20405	436581	0	691056	16991	969820	1508437	0	9471487	0	34901526	0	0	0	0	0
LFQ	5	0	0	20	0	0	0	0	0	0	0	204399	0	0	0	0	0	121585	0	0	153497	0	0	70403	0	0	206200	271213	18783	439272	0	659725	16670	992747	1528635	0	9705037	0	34779430	0	0	0	0	0
LFQ	6	0	0	0	0	0	0	179	0	24159	0	134686	39566	0	0	64	15783	23172	126255	51935	47424	0	8302	6205	79105	169	213236	245255	37562	268618	147047	629732	105706	1045319	1370772	13	8582876	1126359	34838117	0	0	0	0	0
LFQ	7	0	0	0	0	0	98	384	0	36175	0	208304	65237	49	0	130	17643	29844	141638	66212	60518	48	10120	7317	89863	196	232186	263314	49865	261238	153230	646200	105229	1043654	1363768	21	8524315	1114461	34676359	0	0	0	0	0
LFQ	8	0	0	0	0	0	188	358	23	32494	0	174090	53503	81	5	119	20435	24324	163594	53671	47668	144	9750	6849	80785	105	220702	248534	67771	264989	147490	636472	108803	1071394	1386053	21	8555209	1116582	34675410	0	0	0	0	0
LFQ	9	0	0	0	0	0	261	439	116	36060	1	197498	61780	150	19	173	21787	29067	168076	66386	59150	379	11467	8209	93692	258	243103	102107	284770	228953	166255	681714	84136	975350	941678	651726	2947301	0	5503816	3286047	32315692	0	0	0
LFQ	10	0	0	0	0	0	451	403	179	37601	23	200613	62710	323	37	148	23625	27420	175676	61713	55279	666	11153	8134	90287	459	245080	100248	343710	171500	162551	680213	83332	982127	941862	662673	2966321	13	5557964	3314135	32198987	0	0	0
LFQ	11	0	0	0	0	0	517	377	282	32825	198	171100	51778	392	39	144	24418	26188	172725	58895	51830	831	11285	8382	87707	966	236984	98146	420671	99766	161223	676809	85872	996202	941448	676571	2997736	152	5625155	3374786	32075216	0	0	0
LFQ	12	0	0	0	0	0	690	431	464	38381	457	200821	61708	484	58	183	22930	28506	167673	63183	56148	854	12069	8630	93594	1648	249684	102116	476468	40008	167562	701384	82411	991510	968472	661251	3028559	442	5646156	3451299	31841382	0	0	0
LFQ	13	0	0	0	0	0	731	506	600	35671	754	180994	53905	580	100	194	24697	27852	178159	61146	53048	993	12323	8805	91705	2498	247008	100657	492533	29551	166767	706234	83187	1005046	971194	665127	3053562	687	5670236	3504201	31736365	0	0	0
LFQ	14	0	0	0	0	0	668	487	823	33029	1165	171122	52391	662	144	283	4160	41779	162408	67987	60213	1096	13387	9305	28721	72717	238400	101809	499540	29101	169538	306491	440908	749674	964097	794950	562009	1907728	1664994	4976340	3575896	9187326	22276268	0
LFQ	15	0	0	0	0	0	920	966	1160	39743	2104	201822	60030	778	166	443	4958	44629	163354	71371	62233	1206	14499	10400	33212	79399	259807	109527	504140	31419	182444	330829	466936	748349	1018999	783266	588571	1938099	1654462	5066883	3521021	9283788	21885683	0
LFQ	16	0	0	0	0	0	1084	1192	1650	50930	3584	253999	76675	935	339	739	5863	51508	175048	83242	73103	1461	16509	11219	37387	90876	277254	117948	531365	33790	192718	346572	484190	773139	1050537	807493	605247	1976492	1688302	5139997	3566240	9324797	21314192	0
LFQ	17	0	0	0	0	0	1221	1459	2179	59950	5606	291941	90067	1122	625	989	7297	58965	211815	91302	82840	1699	17416	12181	41649	100151	289855	121677	562998	34861	198360	366694	495314	801789	1066021	830121	622713	2000881	1718429	5175491	3585495	9345791	20870652	0
LFQ	18	0	0	0	0	0	1599	1874	3404	84381	10876	408902	128951	1474	932	1216	9974	72170	254819	112294	102861	1997	19969	13931	49912	120574	330007	133934	623804	38166	215793	401459	523987	843935	1109182	861544	645440	2037863	1732502	5194412	3543614	9268147	20261717	0
LFQ	19	0	0	0	0	0	1489	1822	3156	67090	11129	281857	84869	1606	1103	1258	11164	53719	25796	328424	68861	2252	18117	12591	49008	100475	289219	118538	628830	35436	190925	399562	491151	909401	661547	1327621	645114	1762154	1786435	4287184	4299234	9638709	20570770	0
LFQ	20	0	0	0	0	0	1476	1906	3096	58717	11673	222853	64665	1775	1343	1310	12801	55216	28781	272854	68072	2662	19485	13509	53311	109910	280731	120544	599146	36982	195895	411106	500244	873674	676002	1334715	670195	1794046	1835556	4400312	4449605	9742914	20240534	0
LFQ	21	0	0	0	0	0	1738	2551	4454	75022	19410	270529	77442	1972	1585	1688	15239	62883	34322	260573	80272	2802	22159	15012	62066	133206	292224	131798	573353	40746	212019	440131	525304	829931	705332	1325123	705198	1829987	1822420	4503463	4522587	9790568	19772507	0
LFQ	22	0	0	2	0	0	1860	2872	5116	77918	24394	260185	73277	2201	2020	1948	17979	67335	45295	246330	74897	3234	23049	15291	64976	139135	270047	126110	555813	40900	202335	450624	510298	814953	696612	1317872	720173	1824737	1849791	4545940	4693271	9870629	19528197	0
LFQ	23	0	0	5	0	0	2029	3339	6055	82671	31521	244049	63845	2605	2415	2208	21532	74516	56771	230764	75883	3669	25125	16550	70794	157097	261880	129987	547444	43145	208285	474271	516730	797145	710511	1316769	746917	1841362	1849555	4630214	4746420	9927281	19246257	0
LFQ	24	0	0	8	0	0	1818	3211	5950	70204	31260	180536	43000	2811	2646	2449	23695	75106	61731	188772	70189	4244	26809	17674	76134	171558	249070	130318	536699	44961	211061	503940	522449	796223	724666	1346894	781615	1859991	1895956	4762699	4544300	9243211	19953758	0
LFQ	25	0	0	12	0	0	2091	3986	7463	86047	44896	204235	45965	3026	2985	2837	27194	78991	64455	166756	75528	4713	28884	18557	81917	196605	233156	134899	494196	47552	215315	530680	529533	739023	738600	1332327	820964	1874951	1906598	4865373	4587575	9479918	19489813	0
LFQ	26	0	0	338	0	0	2197	4210	8142	81588	48069	157595	29860	3407	3561	3285	31217	85063	74293	145642	70709	5338	31118	20220	85581	215171	224239	136069	481470	50470	218986	568809	537006	718293	759207	1333887	863661	1889261	1904180	4991246	4560168	9772876	19051184	0
LFQ	27	0	0	177	0	0	2321	5107	9907	94701	64496	161306	26236	3776	4094	3864	36648	93651	76326	135384	79308	6045	35518	22139	92939	251066	220169	145647	468195	54914	233139	614102	557839	685766	791503	1341868	915801	1914374	1907094	5119856	4508710	10029384	18454246	0
LFQ	28	0	0	526	0	0	2880	6727	13567	127500	99271	186111	24494	4697	5152	5078	45668	112214	85874	138074	91680	7183	41898	25050	105248	300434	232356	160846	479881	60498	252808	684130	596117	673749	839730	1369550	981580	1956255	1916394	5274586	4415589	10168837	17675384	0
LFQ	29	0	0	269	0	0	3046	7311	15203	127971	110892	150820	14819	5503	6091	5772	54205	125338	85590	129319	95043	8576	46633	28947	109549	327167	256922	167769	485491	66691	263528	772832	622648	674994	882899	1438369	1059035	1989487	2021158	5440142	4489158	10309564	16768865	0
LFQ	30	0	0	579	0	0	3358	9140	19270	152635	146022	147006	10024	6284	7428	6952	62735	138710	82219	122153	96014	9593	48378	30827	117720	348631	261972	174839	456040	70460	264684	836174	632391	627639	918211	1429606	1132623	1994597	2054369	5599746	4466383	10473993	16208211	0
LFQ	31	0	0	167	0	0	3674	10658	22227	162176	166315	119034	5598	7506	8865	8857	74247	154578	75514	117743	95960	11327	53697	34315	122121	362199	288367	181980	439755	76787	270070	904424	650807	593937	956193	1434019	1209055	1991799	2076038	5764477	4387478	10605767	15719885	0
LFQ	32	0	0	977	0	0	3376	9469	20123	133214	147052	71465	3266	7932	9521	8625	76198	148732	56501	96607	78300	13638	51583	35457	116446	320887	311147	169824	368492	77522	228760	964213	601884	521857	924460	1373933	1250132	1818690	2132150	5559758	4651084	10174606	16627723	0
LFQ	33	0	0	192	0	0	3905	12186	26837	161739	199416	63560	2775	9009	10623	10488	87273	156317	44952	111731	93223	14594	58780	38291	122502	353177	309118	184441	366793	84779	249186	981579	632290	486263	976975	1340011	1329094	1798558	2098802	5682091	4424317	10190896	16446980	0
LFQ	34	0	0	185	0	0	3838	12309	26315	137796	175529	34076	2711	9589	11618	11506	91042	147049	31906	100607	83475	16418	60588	41015	121399	335241	317843	182959	335519	91261	246346	1015261	629974	451607	1006282	1321482	1407760	1749380	2121647	5779752	4342801	10291861	16416098	0
LFQ	35	0	0	158	0	0	4055	14696	31891	149217	202909	23296	2999	10529	13402	13350	99367	144213	25282	105642	88512	17625	64835	43860	126654	350847	303904	194694	330388	99342	257780	1006689	646672	435317	1052299	1276735	1482980	1712489	2097218	5881842	4150256	10334924	16363606	0
LFQ	36	0	0	190	0	0	4159	15467	34956	139860	197111	12470	3183	11495	14703	15139	104121	134072	20908	106439	88808	20176	68343	47914	131624	352999	305070	201084	324024	110492	263277	1027214	659488	426447	1102129	1264318	1563233	1668986	2122236	5952433	4091281	10363272	16189882	0
LFQ	37	0	0	202	0	0	4981	21248	48806	180346	270732	9375	3763	13756	18360	19723	123947	138557	22269	131094	115606	22796	79690	55462	148377	408327	305054	230192	361756	127513	299497	1061967	717513	451996	1195782	1284039	1669084	1682146	2146590	6064240	3987204	10239147	15496563	0
LFQ	38	0	0	233	0	0	3563	15874	37280	122888	184796	5312	4453	14639	20594	18821	127237	122710	16903	92688	75670	26972	70549	56880	144033	336150	315057	204638	276669	134051	229330	1101470	627588	383705	1182483	1164183	1729500	1408492	2248179	5662918	4460289	10013948	16515719	0
LFQ	39	0	0	226	0	0	3996	19424	46154	139293	214578	4103	4467	15083	21316	21020	126774	106081	19007	103445	88490	26833	71393	58198	153267	355559	270665	218123	297783	142268	253994	1010197	651623	405622	1201792	1122396	1742572	1408845	2145623	5409110	4373820	9953954	16948208	0
LFQ	40	0	0	234	0	0	4272	21872	52368	138297	211546	3948	4707	16491	24681	24432	136765	96785	20633	100477	85095	28555	73182	61214	159375	353965	249765	223137	295585	153087	258505	969317	652966	412861	1222995	1087839	1758626	1381490	2096285	5337202	4192456	9940307	17302916	0
LFQ	41	0	0	273	0	0	4380	23496	56891	136120	204353	4073	5309	18411	28923	27524	143998	86218	22430	98674	84339	31124	74691	65070	165743	352443	228923	229019	292179	166141	261764	933410	656395	420000	1249100	1062532	1781556	1365353	2083445	5292395	4082066	9937457	17477022	0
LFQ	42	0	0	299	0	0	4960	28036	68919	150959	230640	4199	5858	20347	32743	31830	151289	76317	26219	109771	96255	34706	79305	73342	181299	375345	213817	247472	312227	188655	282535	926060	690363	443766	1307742	1073892	1822042	1389111	2098262	5304056	4006451	9853608	17209657	0
LFQ	43	0	0	350	0	0	4976	29450	72446	143896	216569	4566	6500	22238	37427	35578	155773	64726	27175	104540	91515	38445	80310	78335	191509	369279	196892	255732	302839	208673	280826	916871	694361	451192	1342594	1065732	1853606	1385409	2134101	5284796	4019794	9851231	17131190	0
LFQ	44	0	0	375	0	0	5420	34672	87176	161071	239707	4946	7699	24754	41468	40582	159494	57745	34048	123047	112253	44452	87158	90855	214674	404040	187155	282086	327384	239897	303780	924254	732263	477936	1409461	1094244	1892315	1419301	2187905	5301605	4020060	9730950	16644397	0
LFQ	45	0	0	405	0	0	5216	30299	75055	120903	164896	4858	7673	23750	43288	38892	141047	41111	31768	101610	90966	62846	73508	94087	223377	374863	172159	289090	304043	272358	297953	930058	740850	489381	1469109	1112879	1945921	1437787	2277605	5327160	4011780	9873498	16447838	0
LFQ	46	0	0	446	0	0	5825	36466	91039	143199	197046	4958	8194	24827	45817	42287	132342	36017	35964	110246	101279	65770	75250	98531	233300	373645	143091	304725	312578	289726	312743	850017	763905	513245	1450797	1134487	1937188	1483423	2292763	5326280	4041652	9868737	16261296	0
LFQ	47	0	0	497	0	0	6552	40863	102076	151146	197465	5695	9928	28703	56072	49337	142059	33402	38798	113914	104690	73193	78542	109819	256058	385096	135106	327231	318254	322922	325404	847351	790682	537479	1471560	1179337	1950537	1539082	2288449	5302181	4017088	9779841	16031989	0
LFQ	48	0	0	566	0	0	8366	58797	149551	223623	294556	6828	12390	34749	72303	62510	158490	34457	46116	132589	126004	81730	87902	125163	285920	416803	124345	359182	341839	360083	355078	831614	835439	569467	1489697	1242054	1962562	1599923	2286487	5256138	3952399	9606180	15555818	0
LFQ	49	0	0	633	0	0	8232	55423	136656	195125	230945	7906	14666	39628	85710	68051	165342	28776	43749	121251	107071	96123	86828	141353	279648	434125	118946	376054	328421	412719	350320	862802	849602	583209	1526345	1280397	1941635	1693431	2381516	4692332	4572499	9512644	15316986	0
LFQ	50	0	0	697	0	0	8729	54967	134397	180694	188742	8083	15572	41410	89025	68741	147122	26564	45552	124534	107330	104736	88584	153161	294870	431110	106803	398129	328154	454592	364601	842167	884789	612379	1542581	1355346	1992661	1760335	2446832	4690639	4589178	9481965	14980669	0
LFQ	51	0	0	760	0	0	7341	40728	109884	143910	126629	17877	34243	73851	188651	109071	260031	20540	44416	121368	67954	237414	137281	328516	577798	760511	227822	676374	343091	1278476	406918	2363971	1438132	839127	4166636	2134559	3168340	2311279	7362353	6800122	7213620	3681764	1324438	0
LFQ	52	0	0	739	0	0	9442	52040	139814	180286	142656	12209	22529	48094	127401	80077	129990	22055	46936	126176	92924	157859	108423	223437	400600	457195	105835	565357	330172	822017	385294	1240019	1265783	873171	2437410	2008153	2472537	2039290	5116442	6923837	11419309	7327103	1232526	0
LFQ	53	0	0	749	0	0	10075	54642	145797	187271	132686	10560	21032	42968	113570	71919	95292	22216	46875	127814	96217	140376	99083	198186	352233	376920	77543	509873	310846	665867	388981	879562	1082024	795707	1772152	1793925	2164936	2017074	3168010	5586529	8305286	11989592	5290109	0
LFQ	54	0	0	770	0	0	11333	63230	172271	234885	154377	10815	21847	43892	117291	75320	86783	26597	54966	152045	119293	142292	101382	205139	350706	375293	70278	516170	319612	642646	418074	757874	1043958	767213	1548057	1730677	2178546	2019309	2703693	4844471	5961240	10140239	10961244	0
LFQ	55	0	0	14573	0	0	12818	73345	201635	280714	161742	12100	24997	45099	135436	83104	81206	26779	57360	159462	119754	146532	110485	220565	364239	256722	180824	537173	316744	673987	437145	729496	1050196	769034	1473466	1755289	2260839	2043862	2549096	4490309	5154677	8891849	13240519	0
LFQ	56	0	0	36933	0	0	10806	50022	136249	176128	74203	12001	24438	40845	122248	70075	65708	22080	49843	141762	90255	156857	106178	226227	351669	233264	171460	541405	287728	714446	438323	715216	1058742	780655	1456073	1830954	2378385	2098401	2645894	4312408	5062293	8484675	13967632	0
LFQ	57	0	0	67579	0	0	12427	55632	154246	201307	71141	12049	24789	38371	119861	67475	51977	22790	52992	149065	94984	152056	105151	221772	328177	196166	174664	551796	290736	681803	462365	646227	1088744	823958	1386480	1923959	2502800	2196313	2659365	4245703	4983654	8246617	14076541	0
LFQ	58	0	0	107249	0	0	13671	62386	174807	241506	75575	12822	26970	39809	128019	68613	48414	25030	57283	165532	103629	162671	110559	238510	335506	188603	187611	584200	294241	704574	492468	634940	1118366	855766	1365351	2005222	2621524	2283012	2676823	4147693	4963602	7986880	13831623	0
LFQ	59	0	0	155705	0	0	14439	63030	182814	251676	64484	14009	29476	40235	134649	65619	45343	25473	59543	180381	103637	164925	111537	276592	323135	177073	190518	657592	294842	752793	524114	651227	1166539	898714	1374881	2117004	2757607	2388294	2753507	4062117	4906788	7743588	13416496	0
LFQ	60	0	0	210015	0	0	13852	49990	151603	192233	34985	14412	29860	38253	130923	57365	40378	22477	55824	169507	83682	170413	109531	279442	305289	161388	184968	669475	277971	767578	532929	659542	1192425	930881	1374455	2228013	2936704	2493354	2874664	3979366	5053045	7561381	13101500	0
LFQ	61	0	0	272902	0	0	15240	52641	167255	215425	31440	14863	30318	36008	125327	53170	36938	23579	58354	182923	87813	172943	110414	288637	289502	151519	195212	693046	279735	749170	564835	654260	1224759	977498	1362156	2335175	3118673	2610723	2949433	3905580	5125116	7333576	12642773	0
LFQ	62	0	0	345788	0	0	17033	56493	188614	241414	27928	16347	33466	36918	131393	53162	37258	25299	63647	202758	92282	185908	117529	309474	289537	152189	211859	740144	286601	776306	606307	681371	1275941	1027869	1379577	2466543	3298830	2737815	3030247	3843196	5182669	7056252	11912252	0
LFQ	63	0	0	425860	0	0	19154	61891	214050	271628	23926	19082	38218	39888	149695	54360	37788	26023	66270	214805	90098	196462	123380	327456	285795	152642	222971	777448	289224	785277	645027	706466	1321194	1081162	1393502	2597968	3491485	2872472	3116970	3761480	5238592	6793800	11203973	0
LFQ	64	0	0	515483	0	0	21640	70354	255933	331985	22776	21414	43311	41363	155069	58021	40577	29994	76960	256719	107895	223319	137988	369885	300084	166415	255104	851605	303369	836940	701343	751739	1387223	1135835	1427216	2725722	3665107	2973240	3203393	3614489	5279129	6385434	10392687	0
LFQ	65	0	0	606693	0	0	20536	53508	207655	230868	9577	21726	43665	39108	147124	47806	34804	30296	71507	200841	115172	232632	136614	342540	310860	163029	252604	872407	256961	864139	772017	808978	1440244	1194782	1473265	2894396	3905869	3121871	3353031	3510497	5439241	6135331	9773817	0
LFQ	66	0	0	705677	0	0	25888	74546	292007	344344	11008	24779	49859	42490	163316	50115	36280	35313	80397	235418	132187	241091	143612	364604	303332	165335	274023	918041	267272	818049	826308	829468	1472177	1250726	1477868	3013204	4137277	3247357	3417742	3391715	5416308	5782540	9073605	0
LFQ	67	0	0	807636	0	0	23084	54439	224849	233811	4396	26556	52589	42340	162760	44460	37903	30058	74096	211490	111215	257110	143283	362067	297589	166211	270816	923356	255591	822190	846100	879334	1488846	1285636	1518781	3152982	4446426	3386469	3579459	3224688	5593583	5496716	8595643	0
LFQ	68	0	0	917604	0	0	22620	46596	209016	194635	2077	25405	47601	36825	134933	38009	37666	30151	74511	214460	106102	252703	137614	343447	274835	164642	282008	927458	259429	764891	884857	914365	1509987	1337171	1561297	3310512	4787378	3543445	3736061	3092703	5662341	5202928	8045384	0
LFQ	69	0	0	1035374	0	0	23659	45415	214627	186584	1218	25530	45607	34195	120001	34242	38292	30687	75330	219075	102097	250938	132275	328846	258704	166093	291627	931255	262530	713284	919436	945374	1521057	1377558	1606319	3455719	5142858	3691080	3891318	2940885	5720289	4886627	7466811	0
LFQ	70	0	0	1164124	0	0	25667	46240	230378	186799	786	27041	47537	35157	116818	33710	39921	31969	79249	233727	103359	260036	134009	294731	219395	242505	311536	955208	273172	680149	968630	979398	1547348	1420818	1657831	3614984	5481130	3827598	4030011	2785193	5699700	4530688	6815443	0
LFQ	71	0	0	1306922	0	0	33219	68930	364450	333164	1042	32990	58398	41565	139929	42814	45026	40903	97485	310393	133761	291815	152882	336602	231625	265917	361696	1046953	293142	697544	1047722	1032659	1602917	1476183	1693178	3745473	5689666	3886732	4073332	2560038	5556827	4026341	6010924	0
LFQ	72	0	0	1451192	0	0	34152	63246	355696	285560	496	39394	68310	46112	160375	37105	49646	37408	95814	292430	121129	326671	162550	352222	242781	283888	377056	1108147	301788	737383	1109358	1119238	1673070	1548682	1761873	3945418	5960411	4006012	4167143	2378949	5516103	3620920	5292596	0
LFQ	73	0	0	1602658	0	0	30761	43847	267440	171593	287	39111	64188	41940	132473	30344	50998	33443	92285	269587	110159	335386	157533	327175	239445	292115	384860	1107089	310329	697997	1155931	1177306	1712752	1623259	1846814	4194406	6353940	4167932	4321327	2219131	5532901	3291629	4699081	0
LFQ	74	0	0	1767265	0	0	32265	43659	286844	169828	207	37142	57628	38663	108201	28986	52434	35431	95508	284770	108680	326964	147232	289233	230607	298709	405933	1095539	326039	625949	1206649	1202761	1738489	1679919	1918580	4411092	6736650	4299743	4450082	2055314	5463342	2948241	4123984	0
LFQ	75	0	0	1940264	0	0	40769	60447	407092	246732	204	43987	66681	45307	121901	33427	57088	41195	107867	339301	122078	355871	158734	306054	239613	314097	448434	1063924	433902	604040	1273582	1221238	1762828	1706674	1956862	4548488	7029754	4347689	4505247	1857630	5225552	2555145	3538003	0
LFQ	76	0	0	2117037	0	0	34377	38996	295876	145821	177	45313	65455	42449	109345	25590	59605	35448	101265	295318	113578	374071	155396	285361	245015	325333	457462	1065088	447858	595768	1307869	1286665	1803622	1763035	2036313	4785975	7470724	4468744	4625639	1668781	5149439	2230942	3052055	0
LFQ	77	0	0	2309633	0	0	34860	36985	295072	131975	147	42825	58303	40016	89602	23881	58874	35754	101531	298723	109051	359027	141799	245903	240744	326724	468724	1017789	468666	528776	1345249	1300844	1834541	1813216	2114963	5030794	7923184	4576639	4741283	1507954	4960368	1921034	2590409	0
LFQ	78	0	0	2524038	0	0	38903	39339	344001	141067	133	45968	60349	42021	85062	25077	62817	39660	109298	333352	115139	375346	143510	237667	250593	345082	510690	1037850	495064	496973	1411588	1323464	1881400	1860587	2180183	5261420	8244851	4613259	4747329	1344526	4642505	1602628	2112220	0
LFQ	79	0	0	2751450	0	0	38805	35739	335202	125256	122	48992	61299	42644	80396	22929	65320	38712	110519	328225	116736	391068	141706	221496	258570	355477	531008	1034097	514600	471382	1452117	1353248	1918315	1905836	2235976	5482169	8641934	4667131	4762321	1175503	4370035	1318975	1718700	0
LFQ	80	0	0	3011536	0	0	44957	42430	424851	153856	155	56145	69145	47826	85974	24620	69770	42534	120513	372219	127750	417890	148721	222431	271413	374483	580042	1063161	544404	453760	1524044	1379335	1970335	1953089	2270084	5671534	8896499	4642332	4662142	1011471	3983060	1046001	1342492	0
LFQ	81	0	0	3276629	0	0	41553	33789	362949	113047	146	58135	68558	46878	78662	20628	72310	39261	117717	343110	128738	430661	143665	201937	279840	381508	596927	1053505	565180	429589	1561821	1409665	2018063	2009196	2325618	5928703	9303807	4676181	4609228	867709	3659590	825995	1041470	0
LFQ	82	0	0	3567016	0	0	38946	27753	324091	86879	127	54150	59660	43456	61287	18840	71995	38500	115860	335377	126761	420798	131213	172434	283084	385009	612010	1000722	583224	388017	1589399	1422839	2066501	2061777	2386476	6205204	9731537	4699465	4532341	735520	3313967	638452	790119	0
LFQ	83	0	0	3917138	0	0	46268	34179	432068	111433	141	59227	63481	47677	61105	21365	76196	45058	127906	394054	137082	443792	136093	169052	296207	406038	677957	1025372	616384	367278	1671597	1433496	2128259	2106140	2403790	6400093	9883850	4590106	4291546	615261	2852632	464926	565366	0
LFQ	84	0	0	4277914	0	0	40044	25307	350475	77960	122	58817	59785	45143	53548	17142	76888	40794	124091	358986	142364	451904	128344	149448	303739	414377	697690	998970	635472	346042	1702984	1454991	2180335	2171215	2449367	6665507	10224107	4565124	4101160	503068	2489100	337597	398467	0
LFQ	85	0	0	4690774	0	0	35631	20503	308926	60133	115	53713	51039	40317	40806	15164	73450	39480	118816	345132	140223	428551	113540	124389	300384	411330	706180	932900	650117	312911	1716777	1462302	2228766	2226197	2489268	6935516	10591883	4523333	3888434	406376	2124109	236409	273185	0
LFQ	86	0	0	5197750	0	0	34003	20471	342161	64483	99	51761	47281	39084	35522	15388	72740	42556	122414	374509	144714	427911	110008	114207	303928	417419	745523	908234	666188	289296	1753451	1460545	2264812	2255118	2495854	7111450	10801028	4399525	3591656	319736	1739933	157941	176960	0
LFQ	87	0	0	5739605	0	0	25159	12669	240125	38119	64	42806	36986	31576	24606	11237	68604	38566	113131	336472	143615	410240	96433	95917	303446	416552	756600	866237	677303	266561	1769163	1469213	2305305	2309189	2512700	7334562	11130236	4307161	3314108	248518	1405574	101565	114237	0
LFQ	88	0	0	6365886	0	0	15133	7540	165815	24833	49	29794	24529	22834	15595	8072	61885	37551	104106	318615	134741	370853	80717	77206	291305	403068	748620	772285	678920	235320	1743439	1466049	2340626	2357003	2536124	7557671	11467325	4199843	3020303	189562	1105503	63775	69986	0
LFQ	89	0	0	7155473	0	0	4705	2746	76769	12852	14	13495	10929	11323	7796	4577	59628	40835	102564	338117	130935	353479	74002	68356	289186	405799	774333	731176	693653	217387	1758006	1463083	2366646	2383661	2526963	7706037	11601743	4010295	2667256	140027	827820	38342	40647	0
LFQ	90	0	0	8051485	0	0	0	11	148	1255	0	8	24	640	660	500	64866	48813	107913	391432	134119	357375	71964	65274	294801	417572	819172	719448	721846	207604	1813626	1470087	2406593	2414215	2485526	7764241	11496210	3762022	2278732	98471	597199	22129	22663	0
# GC Content of first fragments. Use `grep ^GCF | cut -f 2-` to extract this part.
GCF	0.50	34
GCF	1.51	43
GCF	2.26	68
GCF	2.76	69
GCF	3.52	87
GCF	4.77	118
GCF	5.78	167
GCF	6.28	169
GCF	6.78	230
GCF	7.29	229
GCF	8.04	287
GCF	8.79	449
GCF	9.30	450
GCF	9.80	670
GCF	10.30	672
GCF	10.80	674
GCF	11.56	1165
GCF	12.31	1900
GCF	12.81	1903
GCF	13.32	3300
GCF	13.82	3312
GCF	14.32	5728
GCF	14.82	5739
GCF	15.33	10855
GCF	15.83	10874
GCF	16.33	10892
GCF	16.83	19409
GCF	17.34	19426
GCF	17.84	34418
GCF	18.34	34439
GCF	18.84	56914
GCF	19.35	56920
GCF	19.85	87427
GCF	20.35	87468
GCF	20.85	87494
GCF	21.36	130302
GCF	21.86	130313
GCF	22.36	187211
GCF	22.86	187195
GCF	23.37	256668
GCF	23.87	256695
GCF	24.37	338533
GCF	24.87	338556
GCF	25.38	433924
GCF	25.88	433936
GCF	26.38	433955
GCF	26.88	540070
GCF	27.39	540094
GCF	27.89	651295
GCF	28.39	651309
GCF	28.89	767191
GCF	29.40	767206
GCF	29.90	889885
GCF	30.40	890034
GCF	30.90	1011003
GCF	31.41	1011118
GCF	31.91	1011121
GCF	32.41	1131425
GCF	32.91	1131454
GCF	33.42	1250717
GCF	33.92	1250836
GCF	34.42	1362621
GCF	34.92	1362768
GCF	35.43	1459430
GCF	35.93	1459690
GCF	36.43	1554605
GCF	36.93	1554826
GCF	37.44	1555035
GCF	37.94	1641875
GCF	38.44	1642024
GCF	38.94	1704440
GCF	39.45	1704592
GCF	39.95	1750646
GCF	40.45	1750762
GCF	40.95	1779778
GCF	41.46	1779783
GCF	41.96	1779901
GCF	42.46	1792100
GCF	42.96	1792044
GCF	43.47	1797689
GCF	43.97	1797630
GCF	44.47	1786541
GCF	44.97	1786435
GCF	45.48	1769347
GCF	45.98	1769282
GCF	46.48	1739894
GCF	46.98	1739740
GCF	47.49	1739696
GCF	47.99	1705569
GCF	48.49	1705493
GCF	48.99	1670240
GCF	49.50	1670222
GCF	50.00	1623032
GCF	50.50	1623080
GCF	51.01	1571591
GCF	51.51	1571458
GCF	52.01	1520030
GCF	52.51	1520025
GCF	53.02	1519988
GCF	53.52	1461675
GCF	54.02	1461670
GCF	54.52	1407291
GCF	55.03	1407272
GCF	55.53	1339954
GCF	56.03	1339944
GCF	56.53	1270909
GCF	57.04	1270895
GCF	57.54	1185744
GCF	58.04	1185727
GCF	58.54	1185647
GCF	59.05	1089467
GCF	59.55	1089365
GCF	60.05	981994
GCF	60.55	981956
GCF	61.06	865096
GCF	61.56	865050
GCF	62.06	748143
GCF	62.56	748073
GCF	63.07	748044
GCF	63.57	631767
GCF	64.07	631737
GCF	64.57	522445
GCF	65.08	522397
GCF	65.58	423496
GCF	66.08	423477
GCF	66.58	333469
GCF	67.09	333470
GCF	67.59	255985
GCF	68.09	255866
GCF	68.59	255774
GCF	69.10	191842
GCF	69.60	191725
GCF	70.10	139644
GCF	70.60	139530
GCF	71.11	100060
GCF	71.61	99974
GCF	72.11	69669
GCF	72.61	69580
GCF	73.12	48556
GCF	73.62	48501
GCF	74.12	48438
GCF	74.62	33490
GCF	75.13	33416
GCF	75.63	22429
GCF	76.13	22401
GCF	76.63	15257
GCF	77.14	15230
GCF	77.64	10283
GCF	78.14	10276
GCF	78.64	6959
GCF	79.15	6941
GCF	79.65	6913
GCF	80.15	4412
GCF	80.65	4393
GCF	81.16	2844
GCF	81.66	2841
GCF	82.16	1758
GCF	82.66	1755
GCF	83.17	999
GCF	83.67	992
GCF	84.17	990
GCF	84.67	526
GCF	85.18	530
GCF	85.68	278
GCF	86.18	277
GCF	86.93	113
GCF	87.69	52
GCF	88.19	51
GCF	88.69	18
GCF	89.45	17
GCF	90.45	7
GCF	91.46	2
GCF	92.46	3
GCF	94.22	0
GCF	95.98	2
GCF	96.98	0
GCF	97.99	1
# GC Content of last fragments. Use `grep ^GCL | cut -f 2-` to extract this part.
GCL	0.50	71
GCL	1.51	92
GCL	2.26	127
GCL	2.76	130
GCL	3.27	136
GCL	3.77	135
GCL	4.52	149
GCL	5.28	148
GCL	5.78	175
GCL	6.28	177
GCL	6.78	246
GCL	7.29	245
GCL	8.04	323
GCL	8.79	459
GCL	9.30	460
GCL	9.80	659
GCL	10.30	660
GCL	10.80	661
GCL	11.31	1169
GCL	11.81	1170
GCL	12.31	1859
GCL	12.81	1861
GCL	13.32	3216
GCL	13.82	3226
GCL	14.32	5544
GCL	14.82	5570
GCL	15.33	10356
GCL	15.83	10385
GCL	16.33	10403
GCL	16.83	18956
GCL	17.34	18955
GCL	17.84	32888
GCL	18.34	32921
GCL	18.84	55499
GCL	19.35	55512
GCL	19.85	84870
GCL	20.35	84864
GCL	20.85	84872
GCL	21.36	125802
GCL	21.86	125809
GCL	22.36	180185
GCL	22.86	180199
GCL	23.37	247621
GCL	23.87	247629
GCL	24.37	328324
GCL	24.87	328328
GCL	25.38	421243
GCL	25.88	421249
GCL	26.38	421274
GCL	26.88	523750
GCL	27.39	523760
GCL	27.89	633761
GCL	28.39	633789
GCL	28.89	749890
GCL	29.40	749930
GCL	29.90	871084
GCL	30.40	871235
GCL	30.90	991508
GCL	31.41	991618
GCL	31.91	991635
GCL	32.41	1113358
GCL	32.91	1113399
GCL	33.42	1232964
GCL	33.92	1233070
GCL	34.42	1346506
GCL	34.92	1346656
GCL	35.43	1449742
GCL	35.93	1449985
GCL	36.43	1547375
GCL	36.93	1547562
GCL	37.44	1547707
GCL	37.94	1632543
GCL	38.44	1632749
GCL	38.94	1700376
GCL	39.45	1700533
GCL	39.95	1751094
GCL	40.45	1751117
GCL	40.95	1784205
GCL	41.46	1784261
GCL	41.96	1784246
GCL	42.46	1798910
GCL	42.96	1798887
GCL	43.47	1804370
GCL	43.97	1804288
GCL	44.47	1798482
GCL	44.97	1798323
GCL	45.48	1780058
GCL	45.98	1780013
GCL	46.48	1751103
GCL	46.98	1750874
GCL	47.49	1750834
GCL	47.99	1719557
GCL	48.49	1719386
GCL	48.99	1681876
GCL	49.50	1681888
GCL	50.00	1635793
GCL	50.50	1635852
GCL	51.01	1585125
GCL	51.51	1585028
GCL	52.01	1535327
GCL	52.51	1535268
GCL	53.02	1535235
GCL	53.52	1476019
GCL	54.02	1475994
GCL	54.52	1418985
GCL	55.03	1419021
GCL	55.53	1354064
GCL	56.03	1354050
GCL	56.53	1277238
GCL	57.04	1277229
GCL	57.54	1194690
GCL	58.04	1194680
GCL	58.54	1194645
GCL	59.05	1099257
GCL	59.55	1099159
GCL	60.05	990169
GCL	60.55	990114
GCL	61.06	873411
GCL	61.56	873405
GCL	62.06	755753
GCL	62.56	755711
GCL	63.07	755724
GCL	63.57	638435
GCL	64.07	638307
GCL	64.57	526364
GCL	65.08	526268
GCL	65.58	424990
GCL	66.08	424921
GCL	66.58	335311
GCL	67.09	335231
GCL	67.59	256635
GCL	68.09	256528
GCL	68.59	256459
GCL	69.10	191943
GCL	69.60	191765
GCL	70.10	139960
GCL	70.60	139865
GCL	71.11	99968
GCL	71.61	99897
GCL	72.11	69875
GCL	72.61	69821
GCL	73.12	48018
GCL	73.62	47929
GCL	74.12	47814
GCL	74.62	33287
GCL	75.13	33238
GCL	75.63	21902
GCL	76.13	21872
GCL	76.63	14917
GCL	77.14	14896
GCL	77.64	10053
GCL	78.14	10030
GCL	78.64	6962
GCL	79.15	6949
GCL	79.65	6936
GCL	80.15	4468
GCL	80.65	4444
GCL	81.16	2788
GCL	81.66	2781
GCL	82.16	1704
GCL	82.66	1703
GCL	83.17	940
GCL	83.67	933
GCL	84.17	931
GCL	84.67	476
GCL	85.18	475
GCL	85.93	237
GCL	86.93	111
GCL	87.69	46
GCL	88.19	47
GCL	89.20	14
GCL	90.20	7
GCL	90.70	6
GCL	91.46	5
GCL	92.21	1
GCL	92.71	0
GCL	93.47	4
GCL	95.73	3
GCL	97.99	1
GCL	99.25	5
# ACGT content per cycle. Use `grep ^GCC | cut -f 2-` to extract this part. The columns are: cycle; A,C,G,T base counts as a percentage of all A/C/G/T bases [%]; and N and O counts as a percentage of all A/C/G/T bases [%]
GCC	1	27.95	21.84	21.80	28.41	0.15	0.00
GCC	2	27.11	22.69	22.65	27.55	0.00	0.00
GCC	3	27.85	21.92	21.89	28.34	0.00	0.00
GCC	4	27.45	22.32	22.29	27.94	0.00	0.00
GCC	5	27.74	22.02	21.98	28.26	0.00	0.00
GCC	6	27.23	22.53	22.50	27.75	0.00	0.00
GCC	7	27.62	22.12	22.09	28.17	0.00	0.00
GCC	8	27.74	21.98	21.95	28.32	0.00	0.00
GCC	9	27.60	22.12	22.10	28.18	0.00	0.00
GCC	10	27.45	22.26	22.23	28.05	0.00	0.00
GCC	11	27.38	22.34	22.31	27.97	0.00	0.00
GCC	12	27.39	22.31	22.29	28.01	0.00	0.00
GCC	13	27.45	22.25	22.21	28.09	0.00	0.00
GCC	14	27.47	22.21	22.18	28.13	0.00	0.00
GCC	15	27.45	22.23	22.20	28.12	0.00	0.00
GCC	16	27.38	22.30	22.26	28.06	0.00	0.00
GCC	17	27.35	22.32	22.29	28.04	0.00	0.00
GCC	18	27.27	22.39	22.36	27.97	0.00	0.00
GCC	19	27.26	22.41	22.37	27.96	0.00	0.00
GCC	20	27.22	22.45	22.40	27.93	0.00	0.00
GCC	21	27.15	22.50	22.46	27.88	0.01	0.00
GCC	22	27.14	22.52	22.47	27.87	0.00	0.00
GCC	23	27.13	22.53	22.48	27.86	0.00	0.00
GCC	24	27.12	22.52	22.48	27.88	0.00	0.00
GCC	25	27.11	22.52	22.48	27.89	0.00	0.00
GCC	26	27.08	22.55	22.50	27.87	0.00	0.00
GCC	27	27.03	22.58	22.54	27.84	0.00	0.00
GCC	28	27.00	22.62	22.58	27.80	0.00	0.00
GCC	29	26.95	22.66	22.61	27.77	0.00	0.00
GCC	30	26.94	22.66	22.62	27.77	0.01	0.00
GCC	31	26.95	22.65	22.60	27.79	0.01	0.00
GCC	32	26.93	22.67	22.62	27.78	0.01	0.00
GCC	33	26.94	22.66	22.61	27.79	0.00	0.00
GCC	34	26.94	22.66	22.60	27.80	0.00	0.00
GCC	35	26.89	22.70	22.64	27.77	0.00	0.00
GCC	36	26.88	22.70	22.64	27.77	0.00	0.00
GCC	37	26.88	22.70	22.64	27.78	0.00	0.00
GCC	38	26.87	22.71	22.65	27.78	0.00	0.00
GCC	39	26.83	22.75	22.68	27.74	0.00	0.00
GCC	40	26.81	22.76	22.71	27.72	0.00	0.00
GCC	41	26.78	22.78	22.73	27.72	0.00	0.00
GCC	42	26.78	22.78	22.73	27.71	0.00	0.00
GCC	43	26.77	22.78	22.72	27.72	0.00	0.00
GCC	44	26.76	22.79	22.73	27.71	0.00	0.00
GCC	45	26.77	22.78	22.73	27.73	0.00	0.00
GCC	46	26.77	22.78	22.72	27.73	0.00	0.00
GCC	47	26.74	22.80	22.75	27.71	0.00	0.00
GCC	48	26.74	22.81	22.75	27.71	0.00	0.00
GCC	49	26.71	22.83	22.76	27.69	0.00	0.00
GCC	50	26.67	22.86	22.80	27.66	0.00	0.00
GCC	51	26.68	22.85	22.80	27.67	0.00	0.00
GCC	52	26.68	22.85	22.79	27.67	0.00	0.00
GCC	53	26.68	22.85	22.79	27.68	0.00	0.00
GCC	54	26.67	22.86	22.81	27.67	0.00	0.00
GCC	55	26.65	22.87	22.81	27.67	0.00	0.00
GCC	56	26.61	22.90	22.85	27.64	0.00	0.00
GCC	57	26.63	22.90	22.83	27.64	0.00	0.00
GCC	58	26.61	22.90	22.84	27.65	0.00	0.00
GCC	59	26.60	22.92	22.85	27.63	0.00	0.00
GCC	60	26.58	22.94	22.87	27.61	0.00	0.00
GCC	61	26.56	22.96	22.89	27.59	0.00	0.00
GCC	62	26.54	22.97	22.91	27.58	0.00	0.00
GCC	63	26.55	22.96	22.91	27.59	0.00	0.00
GCC	64	26.55	22.95	22.90	27.60	0.00	0.00
GCC	65	26.54	22.97	22.91	27.58	0.00	0.00
GCC	66	26.53	22.98	22.93	27.57	0.00	0.00
GCC	67	26.51	22.99	22.94	27.56	0.00	0.00
GCC	68	26.50	23.01	22.95	27.53	0.00	0.00
GCC	69	26.48	23.02	22.96	27.54	0.00	0.00
GCC	70	26.50	23.01	22.96	27.53	0.00	0.00
GCC	71	26.49	23.02	22.97	27.52	0.00	0.00
GCC	72	26.46	23.04	22.98	27.52	0.00	0.00
GCC	73	26.46	23.05	22.99	27.50	0.00	0.00
GCC	74	26.45	23.06	23.00	27.50	0.00	0.00
GCC	75	26.42	23.07	23.02	27.48	0.00	0.00
GCC	76	26.48	23.02	22.97	27.52	0.00	0.00
GCC	77	26.43	23.06	23.00	27.50	0.00	0.00
GCC	78	26.42	23.07	23.02	27.49	0.00	0.00
GCC	79	26.41	23.09	23.04	27.46	0.00	0.00
GCC	80	26.40	23.10	23.05	27.44	0.00	0.00
GCC	81	26.39	23.10	23.05	27.45	0.00	0.00
GCC	82	26.40	23.11	23.05	27.44	0.00	0.00
GCC	83	26.38	23.12	23.06	27.44	0.00	0.00
GCC	84	26.36	23.14	23.08	27.42	0.00	0.00
GCC	85	26.38	23.12	23.08	27.42	0.00	0.00
GCC	86	26.36	23.12	23.07	27.44	0.00	0.00
GCC	87	26.36	23.14	23.08	27.42	0.00	0.00
GCC	88	26.36	23.14	23.09	27.40	0.00	0.00
GCC	89	26.34	23.16	23.10	27.40	0.00	0.00
GCC	90	26.32	23.18	23.12	27.38	0.00	0.00
# ACGT content per cycle, read oriented. Use `grep ^GCT | cut -f 2-` to extract this part. The columns are: cycle; A,C,G,T base counts as a percentage of all A/C/G/T bases [%]
GCT	1	28.00	23.55	20.09	28.36
GCT	2	28.71	23.34	21.99	25.96
GCT	3	28.07	22.49	21.32	28.12
GCT	4	27.28	22.46	22.15	28.11
GCT	5	28.02	21.61	22.39	27.99
GCT	6	27.95	22.36	22.66	27.03
GCT	7	27.75	21.95	22.25	28.04
GCT	8	27.71	22.24	21.70	28.35
GCT	9	27.27	22.52	21.71	28.51
GCT	10	27.43	22.57	21.93	28.07
GCT	11	27.41	22.67	21.99	27.94
GCT	12	27.51	22.65	21.95	27.89
GCT	13	27.59	22.56	21.90	27.95
GCT	14	27.64	22.50	21.90	27.97
GCT	15	27.60	22.57	21.86	27.97
GCT	16	27.49	22.63	21.93	27.95
GCT	17	27.50	22.61	22.00	27.89
GCT	18	27.39	22.73	22.03	27.86
GCT	19	27.35	22.72	22.07	27.87
GCT	20	27.36	22.74	22.11	27.78
GCT	21	27.29	22.83	22.13	27.75
GCT	22	27.28	22.83	22.16	27.73
GCT	23	27.27	22.87	22.13	27.73
GCT	24	27.26	22.88	22.12	27.74
GCT	25	27.29	22.85	22.15	27.71
GCT	26	27.28	22.82	22.23	27.67
GCT	27	27.27	22.86	22.26	27.61
GCT	28	27.28	22.88	22.32	27.52
GCT	29	27.24	22.91	22.36	27.49
GCT	30	27.21	22.91	22.38	27.50
GCT	31	27.24	22.92	22.34	27.51
GCT	32	27.18	22.94	22.35	27.53
GCT	33	27.21	22.95	22.31	27.53
GCT	34	27.22	22.93	22.33	27.52
GCT	35	27.20	22.95	22.39	27.45
GCT	36	27.21	22.92	22.42	27.45
GCT	37	27.21	22.92	22.42	27.45
GCT	38	27.21	22.91	22.45	27.43
GCT	39	27.15	22.95	22.47	27.42
GCT	40	27.13	22.97	22.50	27.40
GCT	41	27.13	23.00	22.51	27.36
GCT	42	27.11	23.04	22.47	27.38
GCT	43	27.09	23.03	22.48	27.40
GCT	44	27.09	23.02	22.51	27.39
GCT	45	27.10	23.01	22.49	27.39
GCT	46	27.12	22.97	22.53	27.38
GCT	47	27.13	22.96	22.59	27.32
GCT	48	27.12	22.96	22.60	27.32
GCT	49	27.10	22.96	22.63	27.31
GCT	50	27.08	22.98	22.68	27.26
GCT	51	27.06	23.01	22.65	27.29
GCT	52	27.04	23.02	22.63	27.31
GCT	53	27.04	23.01	22.63	27.32
GCT	54	26.99	23.02	22.65	27.34
GCT	55	27.00	23.00	22.68	27.32
GCT	56	27.00	23.01	22.73	27.25
GCT	57	27.02	23.00	22.72	27.26
GCT	58	27.02	22.99	22.75	27.24
GCT	59	27.00	22.97	22.79	27.23
GCT	60	26.97	23.02	22.79	27.22
GCT	61	26.94	23.02	22.83	27.21
GCT	62	26.92	23.04	22.84	27.20
GCT	63	26.91	23.06	22.81	27.23
GCT	64	26.91	23.04	22.81	27.24
GCT	65	26.93	23.01	22.87	27.19
GCT	66	26.93	23.01	22.89	27.17
GCT	67	26.93	23.03	22.90	27.14
GCT	68	26.91	23.01	22.96	27.13
GCT	69	26.90	23.01	22.97	27.12
GCT	70	26.92	22.98	22.99	27.10
GCT	71	26.88	22.97	23.02	27.13
GCT	72	26.86	23.04	22.98	27.12
GCT	73	26.87	23.06	22.98	27.09
GCT	74	26.87	23.04	23.02	27.07
GCT	75	26.85	23.03	23.06	27.06
GCT	76	26.87	22.98	23.01	27.14
GCT	77	26.88	22.97	23.10	27.06
GCT	78	26.87	22.98	23.12	27.03
GCT	79	26.87	22.96	23.16	27.01
GCT	80	26.85	22.97	23.18	26.99
GCT	81	26.85	22.99	23.16	26.99
GCT	82	26.83	23.00	23.15	27.01
GCT	83	26.80	23.01	23.17	27.02
GCT	84	26.78	23.03	23.18	27.01
GCT	85	26.79	23.01	23.19	27.01
GCT	86	26.82	22.97	23.23	26.99
GCT	87	26.82	22.97	23.25	26.96
GCT	88	26.82	22.95	23.28	26.95
GCT	89	26.80	22.92	23.34	26.94
GCT	90	26.77	22.94	23.36	26.93
# ACGT content per cycle for first fragments. Use `grep ^FBC | cut -f 2-` to extract this part. The columns are: cycle; A,C,G,T base counts as a percentage of all A/C/G/T bases [%]; and N and O counts as a percentage of all A/C/G/T bases [%]
FBC	1	27.94	21.82	21.83	28.41	0.30	0.00
FBC	2	27.11	22.67	22.63	27.58	0.00	0.00
FBC	3	28.04	21.72	21.72	28.52	0.00	0.00
FBC	4	27.66	22.12	22.08	28.13	0.00	0.00
FBC	5	27.82	21.94	21.90	28.34	0.00	0.00
FBC	6	27.34	22.41	22.38	27.87	0.00	0.00
FBC	7	27.74	22.00	21.96	28.30	0.00	0.00
FBC	8	27.81	21.93	21.89	28.37	0.00	0.00
FBC	9	27.68	22.06	22.03	28.24	0.00	0.00
FBC	10	27.53	22.19	22.16	28.11	0.00	0.00
FBC	11	27.46	22.26	22.23	28.05	0.00	0.00
FBC	12	27.47	22.23	22.22	28.08	0.00	0.00
FBC	13	27.50	22.19	22.16	28.15	0.00	0.00
FBC	14	27.52	22.17	22.15	28.16	0.00	0.00
FBC	15	27.50	22.18	22.16	28.16	0.00	0.00
FBC	16	27.45	22.23	22.20	28.12	0.00	0.00
FBC	17	27.40	22.27	22.24	28.08	0.00	0.00
FBC	18	27.34	22.33	22.30	28.04	0.00	0.00
FBC	19	27.32	22.35	22.31	28.01	0.00	0.00
FBC	20	27.26	22.41	22.36	27.97	0.00	0.00
FBC	21	27.22	22.44	22.39	27.94	0.01	0.00
FBC	22	27.20	22.46	22.41	27.92	0.00	0.00
FBC	23	27.18	22.47	22.43	27.92	0.00	0.00
FBC	24	27.16	22.48	22.44	27.92	0.00	0.00
FBC	25	27.16	22.48	22.44	27.92	0.00	0.00
FBC	26	27.12	22.51	22.48	27.90	0.00	0.00
FBC	27	27.08	22.55	22.51	27.86	0.00	0.00
FBC	28	27.05	22.57	22.54	27.85	0.00	0.00
FBC	29	27.01	22.61	22.57	27.81	0.00	0.00
FBC	30	27.01	22.61	22.58	27.81	0.02	0.00
FBC	31	27.00	22.62	22.57	27.82	0.02	0.00
FBC	32	26.97	22.64	22.60	27.79	0.02	0.00
FBC	33	26.99	22.62	22.57	27.82	0.00	0.00
FBC	34	26.97	22.63	22.57	27.82	0.00	0.00
FBC	35	26.93	22.66	22.61	27.80	0.00	0.00
FBC	36	26.92	22.66	22.60	27.81	0.00	0.00
FBC	37	26.92	22.67	22.59	27.82	0.00	0.00
FBC	38	26.90	22.68	22.62	27.80	0.00	0.00
FBC	39	26.86	22.72	22.64	27.78	0.00	0.00
FBC	40	26.85	22.73	22.67	27.75	0.00	0.00
FBC	41	26.80	22.76	22.70	27.74	0.00	0.00
FBC	42	26.81	22.75	22.70	27.74	0.00	0.00
FBC	43	26.80	22.75	22.70	27.74	0.00	0.00
FBC	44	26.79	22.77	22.71	27.74	0.00	0.00
FBC	45	26.79	22.76	22.70	27.75	0.00	0.00
FBC	46	26.79	22.76	22.70	27.75	0.00	0.00
FBC	47	26.77	22.78	22.72	27.74	0.00	0.00
FBC	48	26.77	22.77	22.72	27.74	0.00	0.00
FBC	49	26.73	22.81	22.75	27.72	0.00	0.00
FBC	50	26.70	22.84	22.78	27.69	0.00	0.00
FBC	51	26.70	22.83	22.79	27.68	0.00	0.00
FBC	52	26.69	22.84	22.79	27.67	0.00	0.00
FBC	53	26.70	22.84	22.77	27.68	0.00	0.00
FBC	54	26.67	22.85	22.81	27.67	0.01	0.00
FBC	55	26.66	22.87	22.81	27.66	0.00	0.00
FBC	56	26.62	22.90	22.85	27.63	0.00	0.00
FBC	57	26.63	22.88	22.83	27.65	0.00	0.00
FBC	58	26.61	22.90	22.84	27.65	0.00	0.00
FBC	59	26.60	22.93	22.84	27.63	0.00	0.00
FBC	60	26.58	22.94	22.87	27.61	0.00	0.00
FBC	61	26.56	22.96	22.89	27.58	0.00	0.00
FBC	62	26.53	22.98	22.92	27.57	0.00	0.00
FBC	63	26.55	22.96	22.91	27.57	0.00	0.00
FBC	64	26.54	22.95	22.91	27.59	0.00	0.00
FBC	65	26.53	22.99	22.92	27.56	0.00	0.00
FBC	66	26.52	22.99	22.94	27.55	0.00	0.00
FBC	67	26.50	23.00	22.95	27.55	0.00	0.00
FBC	68	26.49	23.03	22.96	27.52	0.00	0.00
FBC	69	26.47	23.03	22.97	27.53	0.00	0.00
FBC	70	26.49	23.02	22.97	27.52	0.00	0.00
FBC	71	26.47	23.04	22.99	27.49	0.00	0.00
FBC	72	26.45	23.06	23.00	27.49	0.00	0.00
FBC	73	26.44	23.07	23.01	27.48	0.00	0.00
FBC	74	26.42	23.09	23.03	27.46	0.00	0.00
FBC	75	26.39	23.11	23.06	27.43	0.00	0.00
FBC	76	26.50	23.00	22.97	27.53	0.00	0.00
FBC	77	26.43	23.07	23.01	27.49	0.00	0.00
FBC	78	26.41	23.08	23.02	27.48	0.00	0.00
FBC	79	26.41	23.09	23.04	27.46	0.00	0.00
FBC	80	26.40	23.11	23.06	27.44	0.00	0.00
FBC	81	26.39	23.11	23.06	27.44	0.00	0.00
FBC	82	26.40	23.11	23.05	27.44	0.00	0.00
FBC	83	26.37	23.14	23.06	27.42	0.00	0.00
FBC	84	26.36	23.14	23.08	27.41	0.00	0.00
FBC	85	26.37	23.13	23.08	27.42	0.00	0.00
FBC	86	26.35	23.14	23.08	27.43	0.00	0.00
FBC	87	26.36	23.14	23.07	27.42	0.00	0.00
FBC	88	26.36	23.16	23.09	27.39	0.00	0.00
FBC	89	26.33	23.18	23.11	27.38	0.00	0.00
FBC	90	26.31	23.19	23.14	27.36	0.00	0.00
# ACGT raw counters for first fragments. Use `grep ^FTC | cut -f 2-` to extract this part. The columns are: A,C,G,T,N base counters
FTC	1188723681	1004515504	1002332794	1227578729	191041
# ACGT content per cycle for last fragments. Use `grep ^LBC | cut -f 2-` to extract this part. The columns are: cycle; A,C,G,T base counts as a percentage of all A/C/G/T bases [%]; and N and O counts as a percentage of all A/C/G/T bases [%]
LBC	1	27.96	21.85	21.78	28.41	0.01	0.00
LBC	2	27.11	22.71	22.66	27.52	0.00	0.00
LBC	3	27.66	22.12	22.06	28.15	0.00	0.00
LBC	4	27.23	22.52	22.49	27.75	0.00	0.00
LBC	5	27.66	22.09	22.06	28.19	0.00	0.00
LBC	6	27.12	22.65	22.62	27.62	0.00	0.00
LBC	7	27.50	22.24	22.21	28.04	0.00	0.00
LBC	8	27.68	22.04	22.01	28.27	0.00	0.00
LBC	9	27.52	22.19	22.17	28.12	0.00	0.00
LBC	10	27.37	22.33	22.31	27.98	0.00	0.00
LBC	11	27.29	22.43	22.39	27.89	0.00	0.00
LBC	12	27.32	22.39	22.36	27.93	0.00	0.00
LBC	13	27.39	22.31	22.27	28.03	0.00	0.00
LBC	14	27.43	22.25	22.22	28.10	0.00	0.00
LBC	15	27.40	22.28	22.24	28.08	0.00	0.00
LBC	16	27.32	22.36	22.32	28.00	0.00	0.00
LBC	17	27.30	22.36	22.34	28.00	0.00	0.00
LBC	18	27.21	22.46	22.42	27.91	0.00	0.00
LBC	19	27.20	22.47	22.43	27.90	0.00	0.00
LBC	20	27.17	22.49	22.45	27.89	0.00	0.00
LBC	21	27.08	22.56	22.54	27.82	0.00	0.00
LBC	22	27.08	22.57	22.52	27.82	0.00	0.00
LBC	23	27.08	22.58	22.53	27.81	0.00	0.00
LBC	24	27.08	22.56	22.52	27.85	0.00	0.00
LBC	25	27.06	22.57	22.52	27.86	0.00	0.00
LBC	26	27.05	22.58	22.53	27.84	0.00	0.00
LBC	27	26.99	22.61	22.58	27.82	0.00	0.00
LBC	28	26.95	22.68	22.63	27.75	0.00	0.00
LBC	29	26.89	22.71	22.65	27.74	0.00	0.00
LBC	30	26.88	22.72	22.67	27.74	0.00	0.00
LBC	31	26.91	22.69	22.64	27.76	0.00	0.00
LBC	32	26.90	22.69	22.64	27.78	0.00	0.00
LBC	33	26.90	22.70	22.64	27.76	0.00	0.00
LBC	34	26.90	22.69	22.63	27.77	0.00	0.00
LBC	35	26.85	22.74	22.67	27.74	0.00	0.00
LBC	36	26.85	22.74	22.68	27.74	0.00	0.00
LBC	37	26.84	22.72	22.69	27.74	0.00	0.00
LBC	38	26.84	22.74	22.67	27.75	0.00	0.00
LBC	39	26.80	22.77	22.72	27.71	0.00	0.00
LBC	40	26.76	22.79	22.75	27.70	0.00	0.00
LBC	41	26.75	22.79	22.76	27.69	0.00	0.00
LBC	42	26.75	22.81	22.76	27.68	0.00	0.00
LBC	43	26.74	22.82	22.75	27.70	0.00	0.00
LBC	44	26.74	22.82	22.75	27.69	0.00	0.00
LBC	45	26.74	22.80	22.75	27.71	0.00	0.00
LBC	46	26.74	22.81	22.74	27.71	0.00	0.00
LBC	47	26.72	22.83	22.78	27.68	0.00	0.00
LBC	48	26.70	22.85	22.78	27.67	0.00	0.00
LBC	49	26.70	22.85	22.78	27.67	0.00	0.00
LBC	50	26.65	22.88	22.83	27.64	0.00	0.00
LBC	51	26.66	22.87	22.81	27.65	0.00	0.00
LBC	52	26.67	22.86	22.79	27.67	0.00	0.00
LBC	53	26.66	22.86	22.81	27.68	0.00	0.00
LBC	54	26.66	22.87	22.81	27.67	0.00	0.00
LBC	55	26.64	22.87	22.82	27.67	0.00	0.00
LBC	56	26.61	22.90	22.84	27.65	0.00	0.00
LBC	57	26.63	22.91	22.82	27.64	0.00	0.00
LBC	58	26.61	22.90	22.84	27.65	0.00	0.00
LBC	59	26.61	22.91	22.85	27.63	0.00	0.00
LBC	60	26.58	22.94	22.87	27.61	0.00	0.00
LBC	61	26.56	22.95	22.89	27.59	0.00	0.00
LBC	62	26.55	22.96	22.91	27.58	0.00	0.00
LBC	63	26.55	22.96	22.90	27.60	0.00	0.00
LBC	64	26.56	22.95	22.89	27.60	0.00	0.00
LBC	65	26.56	22.96	22.89	27.60	0.00	0.00
LBC	66	26.53	22.97	22.92	27.58	0.00	0.00
LBC	67	26.52	22.98	22.93	27.57	0.00	0.00
LBC	68	26.51	23.00	22.94	27.55	0.00	0.00
LBC	69	26.49	23.00	22.96	27.55	0.00	0.00
LBC	70	26.51	23.00	22.95	27.54	0.00	0.00
LBC	71	26.50	22.99	22.95	27.55	0.00	0.00
LBC	72	26.48	23.01	22.95	27.55	0.00	0.00
LBC	73	26.47	23.03	22.97	27.53	0.00	0.00
LBC	74	26.47	23.03	22.97	27.53	0.00	0.00
LBC	75	26.45	23.03	22.98	27.53	0.00	0.00
LBC	76	26.46	23.04	22.97	27.52	0.00	0.00
LBC	77	26.44	23.06	23.00	27.51	0.00	0.00
LBC	78	26.42	23.07	23.02	27.49	0.00	0.00
LBC	79	26.41	23.08	23.04	27.47	0.00	0.00
LBC	80	26.41	23.10	23.04	27.45	0.00	0.00
LBC	81	26.40	23.10	23.04	27.46	0.00	0.00
LBC	82	26.41	23.10	23.05	27.45	0.00	0.00
LBC	83	26.39	23.10	23.06	27.45	0.00	0.00
LBC	84	26.37	23.13	23.07	27.43	0.00	0.00
LBC	85	26.38	23.12	23.07	27.43	0.00	0.00
LBC	86	26.37	23.11	23.07	27.45	0.00	0.00
LBC	87	26.36	23.13	23.09	27.41	0.00	0.00
LBC	88	26.37	23.13	23.08	27.42	0.00	0.00
LBC	89	26.35	23.14	23.10	27.41	0.00	0.00
LBC	90	26.33	23.16	23.10	27.40	0.00	0.00
# ACGT raw counters for last fragments. Use `grep ^LTC | cut -f 2-` to extract this part. The columns are: A,C,G,T,N base counters
LTC	1186273658	1006806448	1004548180	1225706190	7273
# Insert sizes. Use `grep ^IS | cut -f 2-` to extract this part. The columns are: insert size, pairs total, inward oriented pairs, outward oriented pairs, other pairs
IS	0	2833	0	4	2829
IS	1	0	0	0	0
IS	2	131	0	56	75
IS	3	76	0	49	27
IS	4	59	0	46	13
IS	5	64	0	56	8
IS	6	50	0	49	1
IS	7	48	0	48	0
IS	8	43	0	41	2
IS	9	57	0	56	1
IS	10	70	0	70	0
IS	11	50	0	48	2
IS	12	53	0	52	1
IS	13	71	0	70	1
IS	14	80	0	79	1
IS	15	58	0	57	1
IS	16	65	0	62	3
IS	17	78	0	76	2
IS	18	76	0	75	1
IS	19	646	489	154	3
IS	20	542	432	106	4
IS	21	278	166	98	14
IS	22	250	133	111	6
IS	23	202	88	105	9
IS	24	196	85	103	8
IS	25	197	86	106	5
IS	26	184	85	95	4
IS	27	211	95	111	5
IS	28	229	103	121	5
IS	29	211	95	112	4
IS	30	269	125	131	13
IS	31	255	158	86	11
IS	32	299	206	78	15
IS	33	247	160	80	7
IS	34	296	194	93	9
IS	35	324	201	106	17
IS	36	289	184	89	16
IS	37	317	197	108	12
IS	38	319	201	107	11
IS	39	344	212	113	19
IS	40	292	183	99	10
IS	41	346	229	96	21
IS	42	364	238	106	20
IS	43	352	236	91	25
IS	44	341	227	96	18
IS	45	414	291	94	29
IS	46	433	308	103	22
IS	47	437	290	116	31
IS	48	427	276	127	24
IS	49	432	297	106	29
IS	50	467	310	136	21
IS	51	526	381	126	19
IS	52	495	354	111	30
IS	53	485	354	111	20
IS	54	499	356	110	33
IS	55	447	318	106	23
IS	56	522	366	125	31
IS	57	511	369	110	32
IS	58	503	363	120	20
IS	59	549	398	127	24
IS	60	586	396	150	40
IS	61	561	408	119	34
IS	62	568	419	114	35
IS	63	545	397	122	26
IS	64	596	430	132	34
IS	65	552	396	110	46
IS	66	586	422	119	45
IS	67	623	463	115	45
IS	68	635	475	121	39
IS	69	649	486	128	35
IS	70	707	516	139	52
IS	71	657	495	121	41
IS	72	680	529	111	40
IS	73	692	556	90	46
IS	74	698	550	102	46
IS	75	773	622	104	47
IS	76	789	641	101	47
IS	77	804	652	102	50
IS	78	830	694	93	43
IS	79	873	745	91	37
IS	80	976	838	93	45
IS	81	1004	857	93	54
IS	82	1004	852	101	51
IS	83	1123	996	72	55
IS	84	1266	1129	89	48
IS	85	1308	1161	91	56
IS	86	1467	1330	87	50
IS	87	1609	1476	85	48
IS	88	1820	1634	130	56
IS	89	2076	1730	292	54
IS	90	2479	2427	12	40
IS	91	2673	2616	6	51
IS	92	2978	2911	8	59
IS	93	3303	3246	10	47
IS	94	3845	3775	4	66
IS	95	4210	4141	5	64
IS	96	5069	5002	3	64
IS	97	5597	5533	6	58
IS	98	6488	6436	6	46
IS	99	7292	7232	5	55
IS	100	8397	8343	5	49
IS	101	9543	9473	7	63
IS	102	10882	10833	6	43
IS	103	12274	12212	0	62
IS	104	13770	13721	5	44
IS	105	15860	15790	5	65
IS	106	17618	17567	4	47
IS	107	19916	19840	4	72
IS	108	22362	22298	3	61
IS	109	25184	25118	8	58
IS	110	28238	28182	3	53
IS	111	31237	31187	3	47
IS	112	35127	35062	5	60
IS	113	38210	38143	6	61
IS	114	42236	42168	6	62
IS	115	46116	46047	4	65
IS	116	50603	50527	5	71
IS	117	54978	54917	3	58
IS	118	59997	59936	6	55
IS	119	65703	65648	3	52
IS	120	71229	71173	2	54
IS	121	77103	77046	9	48
IS	122	82822	82773	4	45
IS	123	88611	88532	1	78
IS	124	94530	94469	5	56
IS	125	99816	99752	1	63
IS	126	106932	106849	11	72
IS	127	113363	113303	4	56
IS	128	120649	120585	3	61
IS	129	127531	127474	7	50
IS	130	134238	134189	7	42
IS	131	142618	142555	4	59
IS	132	149731	149683	3	45
IS	133	157816	157753	4	59
IS	134	164065	164011	6	48
IS	135	171543	171472	4	67
IS	136	178670	178613	5	52
IS	137	184184	184132	5	47
IS	138	192251	192186	6	59
IS	139	199274	199224	3	47
IS	140	208554	208496	5	53
IS	141	216398	216347	4	47
IS	142	224283	224218	2	63
IS	143	230352	230300	0	52
IS	144	236931	236870	4	57
IS	145	242799	242757	2	40
IS	146	248560	248505	7	48
IS	147	255643	255599	8	36
IS	148	262464	262412	6	46
IS	149	268284	268228	6	50
IS	150	273383	273319	3	61
IS	151	280845	280778	7	60
IS	152	285499	285447	5	47
IS	153	290967	290904	5	58
IS	154	294660	294613	7	40
IS	155	298733	298669	5	59
IS	156	303690	303639	8	43
IS	157	307818	307765	10	43
IS	158	312641	312574	5	62
IS	159	318051	317980	13	58
IS	160	322445	322406	5	34
IS	161	327255	327204	8	43
IS	162	329714	329661	7	46
IS	163	333611	333558	8	45
IS	164	336710	336644	7	59
IS	165	338076	338013	9	54
IS	166	339607	339554	3	50
IS	167	342227	342166	5	56
IS	168	345195	345139	7	49
IS	169	348027	347981	9	37
IS	170	349057	349001	8	48
IS	171	351281	351227	5	49
IS	172	351456	351394	13	49
IS	173	351908	351857	13	38
IS	174	352913	352867	6	40
IS	175	352990	352955	5	30
IS	176	352911	352866	6	39
IS	177	352676	352634	8	34
IS	178	352942	352890	6	46
IS	179	353306	353256	3	47
IS	180	351061	351016	5	40
IS	181	350694	350638	7	49
IS	182	350080	350031	6	43
IS	183	348791	348753	8	30
IS	184	346925	346878	9	38
IS	185	345606	345559	6	41
IS	186	344354	344315	4	35
IS	187	341664	341614	5	45
IS	188	340151	340119	7	25
IS	189	336989	336942	9	38
IS	190	335099	335062	7	30
IS	191	333041	332990	3	48
IS	192	329725	329692	8	25
IS	193	326044	326010	3	31
IS	194	324111	324076	10	25
IS	195	320799	320765	5	29
IS	196	317988	317943	6	39
IS	197	315101	315068	5	28
IS	198	311516	311471	12	33
IS	199	308634	308592	7	35
IS	200	307070	307021	11	38
IS	201	302945	302906	9	30
IS	202	299585	299555	3	27
IS	203	296064	296022	10	32
IS	204	292380	292349	4	27
IS	205	290554	290518	12	24
IS	206	286122	286095	5	22
IS	207	283396	283366	3	27
IS	208	279667	279629	7	31
IS	209	276442	276412	7	23
IS	210	273737	273700	8	29
IS	211	269677	269631	10	36
IS	212	265741	265718	3	20
IS	213	261944	261911	4	29
IS	214	259775	259755	5	15
IS	215	256663	256631	5	27
IS	216	253944	253912	5	27
IS	217	249770	249731	8	31
IS	218	248392	248370	2	20
IS	219	244852	244825	5	22
IS	220	241967	241936	4	27
IS	221	237945	237917	5	23
IS	222	235765	235739	4	22
IS	223	231153	231123	7	23
IS	224	229458	229423	4	31
IS	225	225775	225760	1	14
IS	226	222715	222692	5	18
IS	227	220057	220033	2	22
IS	228	217846	217822	5	19
IS	229	214967	214950	4	13
IS	230	212204	212182	4	18
IS	231	209376	209357	4	15
IS	232	207067	207039	4	24
IS	233	203910	203892	1	17
IS	234	201940	201923	1	16
IS	235	198284	198261	3	20
IS	236	195682	195659	1	22
IS	237	193523	193501	1	21
IS	238	190307	190291	1	15
IS	239	189723	189704	3	16
IS	240	186623	186597	3	23
IS	241	185015	185002	1	12
IS	242	181243	181228	3	12
IS	243	178692	178672	0	20
IS	244	176945	176934	1	10
IS	245	175031	175022	2	7
IS	246	173089	173078	0	11
IS	247	171156	171137	1	18
IS	248	168963	168944	3	16
IS	249	166323	166307	1	15
IS	250	164860	164849	0	11
IS	251	162605	162591	0	14
IS	252	160282	160260	4	18
IS	253	158971	158956	1	14
IS	254	156370	156358	0	12
IS	255	154612	154584	2	26
IS	256	153010	153004	2	4
IS	257	150828	150812	0	16
IS	258	149080	149070	0	10
IS	259	147756	147742	1	13
IS	260	145967	145958	1	8
IS	261	144911	144896	1	14
IS	262	142763	142753	0	10
IS	263	140959	140944	1	14
IS	264	139086	139074	0	12
IS	265	136975	136966	0	9
IS	266	134956	134933	2	21
IS	267	133785	133774	1	10
IS	268	132862	132849	0	13
IS	269	130947	130937	0	10
IS	270	129592	129584	1	7
IS	271	128129	128114	2	13
IS	272	127284	127269	2	13
IS	273	125848	125831	0	17
IS	274	123763	123747	1	15
IS	275	122023	122007	0	16
IS	276	121214	121205	0	9
IS	277	119595	119584	2	9
IS	278	119003	118994	0	9
IS	279	116551	116540	1	10
IS	280	115507	115495	0	12
IS	281	114146	114139	0	7
IS	282	113217	113209	0	8
IS	283	112027	112021	0	6
IS	284	110696	110685	0	11
IS	285	109270	109262	0	8
IS	286	107704	107681	2	21
IS	287	106605	106590	0	15
IS	288	105694	105685	1	8
IS	289	104294	104285	1	8
IS	290	103431	103421	0	10
IS	291	102489	102471	2	16
IS	292	102078	102069	0	9
IS	293	100724	100711	0	13
IS	294	99556	99550	0	6
IS	295	98662	98649	0	13
IS	296	97136	97130	1	5
IS	297	95855	95843	0	12
IS	298	94995	94987	0	8
IS	299	94486	94476	0	10
IS	300	92499	92489	0	10
IS	301	92337	92323	2	12
IS	302	91435	91425	0	10
IS	303	90407	90400	0	7
IS	304	89908	89901	0	7
IS	305	88814	88806	0	8
IS	306	88099	88089	0	10
IS	307	86777	86771	0	6
IS	308	85606	85599	0	7
IS	309	84706	84700	1	5
IS	310	83663	83651	0	12
IS	311	83249	83244	0	5
IS	312	82582	82567	0	15
IS	313	81839	81833	0	6
IS	314	80245	80236	0	9
IS	315	79819	79813	0	6
IS	316	79018	79006	0	12
IS	317	78310	78301	0	9
IS	318	77658	77650	0	8
IS	319	77024	77017	0	7
IS	320	75913	75910	0	3
IS	321	75470	75464	0	6
IS	322	74865	74851	0	14
IS	323	74089	74072	0	17
IS	324	73115	73107	0	8
IS	325	72426	72417	1	8
IS	326	71408	71396	0	12
IS	327	70648	70639	0	9
IS	328	70272	70264	0	8
IS	329	69729	69717	0	12
IS	330	68577	68569	1	7
IS	331	68362	68352	1	9
IS	332	66996	66991	3	2
IS	333	66807	66801	1	5
IS	334	65889	65884	0	5
IS	335	65260	65251	0	9
IS	336	65245	65242	0	3
IS	337	63814	63800	1	13
IS	338	63736	63728	0	8
IS	339	62705	62699	0	6
IS	340	62200	62193	2	5
IS	341	61309	61298	1	10
IS	342	60774	60764	3	7
IS	343	60154	60142	0	12
IS	344	59276	59274	0	2
IS	345	59114	59111	0	3
IS	346	58586	58582	0	4
IS	347	58279	58272	0	7
IS	348	57586	57579	1	6
IS	349	56606	56603	0	3
IS	350	56362	56355	0	7
IS	351	55451	55446	0	5
IS	352	54713	54706	0	7
IS	353	53907	53902	0	5
IS	354	53990	53985	0	5
IS	355	53629	53622	0	7
IS	356	52799	52794	0	5
IS	357	52595	52586	0	9
IS	358	51279	51274	1	4
IS	359	51277	51274	1	2
IS	360	50463	50456	0	7
IS	361	49497	49491	0	6
IS	362	48885	48873	2	10
IS	363	48865	48862	0	3
IS	364	48279	48273	0	6
IS	365	47144	47139	0	5
IS	366	46848	46842	0	6
IS	367	46376	46367	0	9
IS	368	45704	45697	1	6
IS	369	44972	44966	0	6
IS	370	44334	44332	0	2
IS	371	44134	44126	0	8
IS	372	43927	43922	0	5
IS	373	43211	43202	0	9
IS	374	42550	42546	0	4
IS	375	42212	42211	0	1
IS	376	41907	41902	1	4
IS	377	40993	40991	0	2
IS	378	40824	40820	0	4
IS	379	40175	40164	0	11
IS	380	39693	39691	1	1
IS	381	39211	39208	1	2
IS	382	38763	38755	2	6
IS	383	38066	38055	0	11
IS	384	38187	38184	0	3
IS	385	37328	37323	0	5
IS	386	36677	36672	0	5
IS	387	36563	36560	0	3
IS	388	35878	35875	1	2
IS	389	35364	35361	0	3
IS	390	34986	34978	0	8
IS	391	34837	34829	0	8
IS	392	33884	33880	0	4
IS	393	34077	34072	0	5
IS	394	33201	33196	1	4
IS	395	32890	32883	0	7
IS	396	32623	32623	0	0
IS	397	31813	31805	0	8
IS	398	31521	31512	0	9
IS	399	31457	31455	0	2
IS	400	30837	30832	1	4
IS	401	30409	30409	0	0
IS	402	29991	29987	0	4
IS	403	29352	29351	1	0
IS	404	29085	29082	0	3
IS	405	28993	28986	0	7
IS	406	28618	28616	1	1
IS	407	28059	28055	0	4
IS	408	27903	27901	0	2
IS	409	27264	27261	0	3
IS	410	27201	27199	0	2
IS	411	26697	26693	1	3
IS	412	26425	26422	0	3
IS	413	25918	25916	0	2
IS	414	25510	25506	1	3
IS	415	25372	25369	0	3
IS	416	25174	25171	0	3
IS	417	24770	24765	2	3
IS	418	24533	24529	0	4
IS	419	24267	24264	1	2
IS	420	24140	24138	0	2
IS	421	23800	23796	2	2
IS	422	23447	23446	0	1
IS	423	23194	23192	1	1
IS	424	22601	22599	0	2
IS	425	22577	22575	0	2
IS	426	22332	22330	0	2
IS	427	22097	22094	0	3
IS	428	21650	21646	0	4
IS	429	21484	21482	1	1
IS	430	21420	21417	0	3
IS	431	20906	20904	1	1
IS	432	21059	21055	1	3
IS	433	20563	20559	0	4
IS	434	20288	20285	0	3
IS	435	20048	20046	1	1
IS	436	19842	19840	0	2
IS	437	19437	19430	2	5
IS	438	19506	19503	1	2
IS	439	19168	19162	1	5
IS	440	18740	18738	0	2
IS	441	18842	18835	1	6
IS	442	18403	18402	0	1
IS	443	18264	18263	0	1
IS	444	18264	18263	0	1
IS	445	17753	17751	0	2
IS	446	17703	17703	0	0
IS	447	17410	17408	1	1
IS	448	17461	17458	1	2
IS	449	16933	16930	0	3
IS	450	16917	16914	1	2
IS	451	16634	16629	2	3
IS	452	16683	16682	0	1
IS	453	16434	16433	0	1
IS	454	16515	16512	1	2
IS	455	16120	16117	2	1
IS	456	16026	16022	1	3
IS	457	15868	15866	1	1
IS	458	15826	15822	1	3
IS	459	15632	15630	1	1
IS	460	15393	15390	1	2
IS	461	15187	15185	1	1
IS	462	15249	15246	3	0
IS	463	14604	14604	0	0
IS	464	14765	14762	1	2
IS	465	14639	14635	1	3
IS	466	14543	14543	0	0
IS	467	14200	14197	0	3
IS	468	14196	14194	0	2
IS	469	13949	13947	0	2
IS	470	14106	14105	0	1
IS	471	13903	13902	0	1
IS	472	13557	13555	0	2
IS	473	13485	13483	2	0
IS	474	13420	13417	0	3
IS	475	13262	13258	1	3
IS	476	13238	13237	0	1
IS	477	12865	12861	0	4
IS	478	12796	12795	1	0
IS	479	12886	12883	1	2
IS	480	13000	12998	0	2
IS	481	12536	12531	1	4
IS	482	12356	12355	0	1
IS	483	12229	12227	0	2
IS	484	12410	12407	1	2
IS	485	12100	12100	0	0
IS	486	11994	11992	0	2
IS	487	12036	12036	0	0
IS	488	11747	11745	0	2
IS	489	11695	11695	0	0
IS	490	11618	11618	0	0
IS	491	11464	11464	0	0
IS	492	11298	11298	0	0
IS	493	11464	11462	0	2
IS	494	11431	11430	0	1
IS	495	11282	11282	0	0
IS	496	10943	10939	1	3
IS	497	10966	10966	0	0
IS	498	10858	10855	0	3
IS	499	10780	10778	0	2
IS	500	10893	10890	1	2
IS	501	10578	10577	1	0
IS	502	10267	10265	0	2
IS	503	10574	10571	1	2
IS	504	10202	10201	0	1
IS	505	10066	10065	1	0
IS	506	10132	10131	0	1
IS	507	10006	10005	0	1
IS	508	9736	9735	0	1
IS	509	9863	9862	0	1
IS	510	9745	9743	1	1
IS	511	9505	9504	1	0
IS	512	9625	9623	1	1
IS	513	9534	9531	3	0
IS	514	9318	9314	1	3
IS	515	9394	9394	0	0
IS	516	9534	9531	1	2
IS	517	9137	9135	1	1
IS	518	9242	9240	1	1
IS	519	9207	9204	2	1
IS	520	8849	8847	0	2
IS	521	8899	8897	2	0
IS	522	8793	8791	0	2
IS	523	8768	8767	0	1
IS	524	8544	8541	2	1
IS	525	8489	8489	0	0
IS	526	8526	8522	0	4
IS	527	8604	8603	0	1
IS	528	8329	8328	0	1
IS	529	8336	8335	0	1
IS	530	8277	8277	0	0
IS	531	8282	8282	0	0
IS	532	8067	8067	0	0
IS	533	8129	8129	0	0
IS	534	7958	7956	0	2
IS	535	7821	7817	3	1
IS	536	7985	7983	1	1
IS	537	7778	7778	0	0
IS	538	7797	7797	0	0
IS	539	7522	7522	0	0
IS	540	7574	7572	0	2
IS	541	7416	7416	0	0
IS	542	7328	7326	1	1
IS	543	7220	7217	1	2
IS	544	7330	7329	0	1
IS	545	7087	7086	1	0
IS	546	7301	7298	0	3
IS	547	7002	7001	0	1
IS	548	6887	6885	0	2
IS	549	7099	7098	0	1
IS	550	6931	6930	1	0
IS	551	6889	6889	0	0
IS	552	6552	6550	0	2
IS	553	6645	6642	1	2
IS	554	6651	6651	0	0
IS	555	6613	6611	0	2
IS	556	6550	6549	1	0
IS	557	6424	6423	0	1
IS	558	6253	6253	0	0
IS	559	6398	6398	0	0
IS	560	6379	6376	0	3
IS	561	6269	6269	0	0
IS	562	6079	6079	0	0
IS	563	5884	5883	1	0
IS	564	5842	5841	1	0
IS	565	5951	5951	0	0
IS	566	5792	5792	0	0
IS	567	5646	5645	0	1
IS	568	5449	5446	1	2
IS	569	5471	5467	2	2
IS	570	5417	5415	2	0
IS	571	5291	5289	1	1
IS	572	5269	5269	0	0
IS	573	5232	5230	1	1
IS	574	5126	5124	2	0
IS	575	5126	5125	0	1
IS	576	5134	5132	0	2
IS	577	4936	4936	0	0
IS	578	5007	5006	0	1
IS	579	4774	4774	0	0
IS	580	4715	4715	0	0
IS	581	4777	4777	0	0
IS	582	4842	4842	0	0
IS	583	4703	4702	0	1
IS	584	4583	4581	0	2
IS	585	4615	4614	1	0
IS	586	4475	4473	0	2
IS	587	4520	4519	1	0
IS	588	4502	4500	0	2
IS	589	4520	4520	0	0
IS	590	4332	4332	0	0
IS	591	4385	4385	0	0
IS	592	4198	4198	0	0
IS	593	4171	4170	0	1
IS	594	4208	4207	0	1
IS	595	4232	4231	0	1
IS	596	4108	4106	0	2
# Read lengths. Use `grep ^RL | cut -f 2-` to extract this part. The columns are: read length, count
RL	31	4024
RL	32	3722
RL	33	3396
RL	34	3142
RL	35	2942
RL	36	2606
RL	37	2472
RL	38	2324
RL	39	2138
RL	40	1986
RL	41	1772
RL	42	1824
RL	43	1626
RL	44	1484
RL	45	1572
RL	46	1406
RL	47	1360
RL	48	1238
RL	49	1318
RL	50	1288
RL	51	1318
RL	52	1280
RL	53	1338
RL	54	1312
RL	55	1382
RL	56	1498
RL	57	1344
RL	58	1328
RL	59	1446
RL	60	1484
RL	61	1430
RL	62	1468
RL	63	1444
RL	64	1498
RL	65	1466
RL	66	1440
RL	67	1782
RL	68	1702
RL	69	1642
RL	70	1672
RL	71	1670
RL	72	1744
RL	73	1780
RL	74	1722
RL	75	1792
RL	76	1886
RL	77	1806
RL	78	1898
RL	79	2012
RL	80	2072
RL	81	2324
RL	82	2386
RL	83	2450
RL	84	2618
RL	85	2840
RL	86	2998
RL	87	3358
RL	88	3652
RL	89	4022
RL	90	98217288
# Read lengths - first fragments. Use `grep ^FRL | cut -f 2-` to extract this part. The columns are: read length, count
FRL	31	2012
FRL	32	1861
FRL	33	1698
FRL	34	1571
FRL	35	1471
FRL	36	1303
FRL	37	1236
FRL	38	1162
FRL	39	1069
FRL	40	993
FRL	41	886
FRL	42	912
FRL	43	813
FRL	44	742
FRL	45	786
FRL	46	703
FRL	47	680
FRL	48	619
FRL	49	659
FRL	50	644
FRL	51	659
FRL	52	640
FRL	53	669
FRL	54	656
FRL	55	691
FRL	56	749
FRL	57	672
FRL	58	664
FRL	59	723
FRL	60	742
FRL	61	715
FRL	62	734
FRL	63	722
FRL	64	749
FRL	65	733
FRL	66	720
FRL	67	891
FRL	68	851
FRL	69	821
FRL	70	836
FRL	71	835
FRL	72	872
FRL	73	890
FRL	74	861
FRL	75	896
FRL	76	943
FRL	77	903
FRL	78	949
FRL	79	1006
FRL	80	1036
FRL	81	1162
FRL	82	1193
FRL	83	1225
FRL	84	1309
FRL	85	1420
FRL	86	1499
FRL	87	1679
FRL	88	1826
FRL	89	2011
FRL	90	49108644
# Read lengths - last fragments. Use `grep ^LRL | cut -f 2-` to extract this part. The columns are: read length, count
LRL	31	2012
LRL	32	1861
LRL	33	1698
LRL	34	1571
LRL	35	1471
LRL	36	1303
LRL	37	1236
LRL	38	1162
LRL	39	1069
LRL	40	993
LRL	41	886
LRL	42	912
LRL	43	813
LRL	44	742
LRL	45	786
LRL	46	703
LRL	47	680
LRL	48	619
LRL	49	659
LRL	50	644
LRL	51	659
LRL	52	640
LRL	53	669
LRL	54	656
LRL	55	691
LRL	56	749
LRL	57	672
LRL	58	664
LRL	59	723
LRL	60	742
LRL	61	715
LRL	62	734
LRL	63	722
LRL	64	749
LRL	65	733
LRL	66	720
LRL	67	891
LRL	68	851
LRL	69	821
LRL	70	836
LRL	71	835
LRL	72	872
LRL	73	890
LRL	74	861
LRL	75	896
LRL	76	943
LRL	77	903
LRL	78	949
LRL	79	1006
LRL	80	1036
LRL	81	1162
LRL	82	1193
LRL	83	1225
LRL	84	1309
LRL	85	1420
LRL	86	1499
LRL	87	1679
LRL	88	1826
LRL	89	2011
LRL	90	49108644
# Mapping qualities for reads !(UNMAP|SECOND|SUPPL|QCFAIL|DUP). Use `grep ^MAPQ | cut -f 2-` to extract this part. The columns are: mapq, count
MAPQ	0	6165178
MAPQ	1	19403
MAPQ	2	8458
MAPQ	3	35870
MAPQ	4	11004
MAPQ	5	12475
MAPQ	6	16992
MAPQ	7	24065
MAPQ	8	16776
MAPQ	9	37172
MAPQ	10	36655
MAPQ	11	8915
MAPQ	12	14209
MAPQ	13	20219
MAPQ	14	7750
MAPQ	15	33092
MAPQ	16	13256
MAPQ	17	11797
MAPQ	18	14779
MAPQ	19	24604
MAPQ	20	40589
MAPQ	21	52145
MAPQ	22	73551
MAPQ	23	61339
MAPQ	24	103894
MAPQ	25	192874
MAPQ	26	7987
MAPQ	27	566378
MAPQ	28	6317
MAPQ	29	7507
MAPQ	30	13397
MAPQ	31	14342
MAPQ	32	7047
MAPQ	33	37157
MAPQ	34	6378
MAPQ	35	9288
MAPQ	36	12644
MAPQ	37	21974
MAPQ	38	6430
MAPQ	39	45596
MAPQ	40	793619
MAPQ	41	12300
MAPQ	42	38520
MAPQ	43	36977
MAPQ	44	20538
MAPQ	45	87968
MAPQ	46	46892
MAPQ	47	79310
MAPQ	48	176010
MAPQ	49	54159
MAPQ	50	626809
MAPQ	51	39954
MAPQ	52	29309
MAPQ	53	59874
MAPQ	54	43569
MAPQ	55	39432
MAPQ	56	59826
MAPQ	57	90394
MAPQ	58	7302
MAPQ	59	14018
MAPQ	60	88100336
# Indel distribution. Use `grep ^ID | cut -f 2-` to extract this part. The columns are: length, number of insertions, number of deletions
ID	1	297767	401833
ID	2	64886	91829
ID	3	26070	36142
ID	4	25858	36356
ID	5	15605	12073
ID	6	5993	9476
ID	7	2582	3157
ID	8	3236	5189
ID	9	1885	2031
ID	10	2242	3289
ID	11	794	1290
ID	12	1009	2622
ID	13	497	843
ID	14	579	1202
ID	15	436	1023
ID	16	449	967
ID	17	105	369
ID	18	151	659
ID	19	99	234
ID	20	120	329
ID	21	93	217
ID	22	16	232
ID	23	28	115
ID	24	25	204
ID	25	3	125
ID	26	3	108
ID	27	2	61
ID	28	0	64
ID	29	0	16
ID	30	0	29
ID	31	0	18
ID	32	0	7
ID	33	0	8
ID	34	0	3
ID	35	0	6
ID	36	0	7
ID	37	0	3
ID	38	0	2
ID	39	0	1
ID	40	0	1
# Indels per cycle. Use `grep ^IC | cut -f 2-` to extract this part. The columns are: cycle, number of insertions (fwd), .. (rev) , number of deletions (fwd), .. (rev)
IC	1	1	0	0	0
IC	3	0	0	1454	1462
IC	4	1212	1171	1655	1766
IC	5	1636	1725	1789	1917
IC	6	1521	1604	2055	2276
IC	7	1861	1765	2348	2608
IC	8	1876	1887	2691	2926
IC	9	2067	2044	2784	3014
IC	10	2061	2065	2953	3279
IC	11	2156	2229	3040	3310
IC	12	2254	2278	3263	3433
IC	13	2493	2350	3245	3627
IC	14	2640	2574	3417	3539
IC	15	2797	2603	3493	3715
IC	16	2712	2859	3686	3738
IC	17	2864	2717	3676	3765
IC	18	2757	2841	3803	3894
IC	19	2960	2831	3870	3959
IC	20	2909	2911	3897	3872
IC	21	2986	2800	3956	3927
IC	22	2927	2906	3978	4053
IC	23	2968	2770	3999	3932
IC	24	3050	2774	3910	3819
IC	25	2965	2866	4083	3974
IC	26	2991	2857	4039	4033
IC	27	3031	2759	4167	3921
IC	28	3036	2845	3999	3863
IC	29	2948	2850	3958	4024
IC	30	2937	2795	3940	3942
IC	31	2990	2796	3991	3950
IC	32	2920	2722	4009	3983
IC	33	2930	2816	3964	3870
IC	34	2912	2786	4019	3841
IC	35	3001	2718	3854	3779
IC	36	2990	2709	4001	3831
IC	37	2846	2727	3986	3963
IC	38	2856	2894	3887	3945
IC	39	2910	2807	3898	3772
IC	40	2999	2772	4129	3880
IC	41	2897	2761	4117	3846
IC	42	2915	2802	3907	4031
IC	43	3015	2752	4090	4064
IC	44	2938	2842	4065	4071
IC	45	2826	2800	4055	3942
IC	46	2893	2825	4095	3997
IC	47	2823	2846	3981	3887
IC	48	2826	2801	4083	3808
IC	49	2874	2838	4085	3958
IC	50	2867	2661	4106	3900
IC	51	3009	2854	4063	4003
IC	52	2903	2718	3992	3790
IC	53	2823	2700	3980	3897
IC	54	2732	2693	4115	4018
IC	55	2860	2779	4105	4082
IC	56	2868	2651	4146	3973
IC	57	2878	2761	4315	4139
IC	58	2866	2673	4132	4041
IC	59	2749	2727	4237	3995
IC	60	2765	2685	4179	4139
IC	61	2735	2593	3980	4010
IC	62	2767	2705	4090	4011
IC	63	2754	2667	4109	3913
IC	64	2748	2675	4073	3988
IC	65	2715	2514	4072	3829
IC	66	2720	2656	4019	3946
IC	67	2714	2557	3919	3804
IC	68	2773	2506	4052	3741
IC	69	2677	2494	3926	3799
IC	70	2625	2428	3965	3735
IC	71	2629	2486	3902	3812
IC	72	2627	2460	3775	3609
IC	73	2654	2334	3742	3516
IC	74	2551	2334	3606	3437
IC	75	2496	2326	3526	3405
IC	76	2435	2323	3409	3390
IC	77	2327	2242	3375	3158
IC	78	2277	2155	3108	3030
IC	79	2321	2110	3099	2989
IC	80	2207	2303	3063	2997
IC	81	2367	2154	2974	2909
IC	82	2446	2260	2922	2788
IC	83	2463	2325	2597	2521
IC	84	3120	3015	2670	2526
IC	85	4053	3753	2605	2555
IC	86	4235	4197	2573	2646
IC	87	4473	4163	2176	2030
IC	88	0	0	2	0
# Coverage distribution. Use `grep ^COV | cut -f 2-` to extract this part.
COV	[1-1]	1	645655281
COV	[2-2]	2	249147060
COV	[3-3]	3	92349560
COV	[4-4]	4	41264297
COV	[5-5]	5	20217674
COV	[6-6]	6	11719413
COV	[7-7]	7	7639933
COV	[8-8]	8	5571899
COV	[9-9]	9	4361659
COV	[10-10]	10	3607442
COV	[11-11]	11	3098534
COV	[12-12]	12	2728480
COV	[13-13]	13	2459440
COV	[14-14]	14	2248154
COV	[15-15]	15	2075720
COV	[16-16]	16	1927349
COV	[17-17]	17	1798119
COV	[18-18]	18	1685218
COV	[19-19]	19	1587175
COV	[20-20]	20	1504307
COV	[21-21]	21	1429677
COV	[22-22]	22	1358401
COV	[23-23]	23	1298479
COV	[24-24]	24	1238737
COV	[25-25]	25	1191634
COV	[26-26]	26	1145451
COV	[27-27]	27	1102160
COV	[28-28]	28	1062994
COV	[29-29]	29	1028431
COV	[30-30]	30	995563
COV	[31-31]	31	961115
COV	[32-32]	32	930590
COV	[33-33]	33	904516
COV	[34-34]	34	877967
COV	[35-35]	35	855204
COV	[36-36]	36	831997
COV	[37-37]	37	810500
COV	[38-38]	38	792135
COV	[39-39]	39	773454
COV	[40-40]	40	757032
COV	[41-41]	41	741936
COV	[42-42]	42	723714
COV	[43-43]	43	710897
COV	[44-44]	44	695775
COV	[45-45]	45	684998
COV	[46-46]	46	670253
COV	[47-47]	47	656127
COV	[48-48]	48	641900
COV	[49-49]	49	632304
COV	[50-50]	50	619746
COV	[51-51]	51	608899
COV	[52-52]	52	600433
COV	[53-53]	53	589005
COV	[54-54]	54	579872
COV	[55-55]	55	569683
COV	[56-56]	56	558879
COV	[57-57]	57	549980
COV	[58-58]	58	543359
COV	[59-59]	59	534007
COV	[60-60]	60	528029
COV	[61-61]	61	520617
COV	[62-62]	62	510458
COV	[63-63]	63	504170
COV	[64-64]	64	499502
COV	[65-65]	65	492155
COV	[66-66]	66	484954
COV	[67-67]	67	477579
COV	[68-68]	68	472280
COV	[69-69]	69	465571
COV	[70-70]	70	459802
COV	[71-71]	71	453950
COV	[72-72]	72	448205
COV	[73-73]	73	442278
COV	[74-74]	74	436129
COV	[75-75]	75	430275
COV	[76-76]	76	425458
COV	[77-77]	77	420765
COV	[78-78]	78	415304
COV	[79-79]	79	409887
COV	[80-80]	80	403239
COV	[81-81]	81	398413
COV	[82-82]	82	393608
COV	[83-83]	83	389706
COV	[84-84]	84	383535
COV	[85-85]	85	378394
COV	[86-86]	86	375039
COV	[87-87]	87	370031
COV	[88-88]	88	366926
COV	[89-89]	89	361912
COV	[90-90]	90	357423
COV	[91-91]	91	352196
COV	[92-92]	92	350049
COV	[93-93]	93	346109
COV	[94-94]	94	341078
COV	[95-95]	95	336792
COV	[96-96]	96	332796
COV	[97-97]	97	329621
COV	[98-98]	98	324441
COV	[99-99]	99	319503
COV	[100-100]	100	314330
COV	[101-101]	101	312771
COV	[102-102]	102	308374
COV	[103-103]	103	304961
COV	[104-104]	104	300964
COV	[105-105]	105	298123
COV	[106-106]	106	295363
COV	[107-107]	107	290592
COV	[108-108]	108	288705
COV	[109-109]	109	284010
COV	[110-110]	110	281408
COV	[111-111]	111	277261
COV	[112-112]	112	274597
COV	[113-113]	113	270155
COV	[114-114]	114	265814
COV	[115-115]	115	263516
COV	[116-116]	116	260499
COV	[117-117]	117	256696
COV	[118-118]	118	253715
COV	[119-119]	119	251564
COV	[120-120]	120	249027
COV	[121-121]	121	245309
COV	[122-122]	122	241125
COV	[123-123]	123	237844
COV	[124-124]	124	235012
COV	[125-125]	125	232488
COV	[126-126]	126	230455
COV	[127-127]	127	226859
COV	[128-128]	128	224537
COV	[129-129]	129	221396
COV	[130-130]	130	218805
COV	[131-131]	131	214605
COV	[132-132]	132	211834
COV	[133-133]	133	209244
COV	[134-134]	134	206721
COV	[135-135]	135	204429
COV	[136-136]	136	201589
COV	[137-137]	137	198322
COV	[138-138]	138	197092
COV	[139-139]	139	192967
COV	[140-140]	140	191219
COV	[141-141]	141	188617
COV	[142-142]	142	185356
COV	[143-143]	143	183212
COV	[144-144]	144	180443
COV	[145-145]	145	178420
COV	[146-146]	146	175737
COV	[147-147]	147	174388
COV	[148-148]	148	171016
COV	[149-149]	149	168892
COV	[150-150]	150	166415
COV	[151-151]	151	164550
COV	[152-152]	152	161985
COV	[153-153]	153	160581
COV	[154-154]	154	158071
COV	[155-155]	155	156424
COV	[156-156]	156	153997
COV	[157-157]	157	151842
COV	[158-158]	158	149075
COV	[159-159]	159	147254
COV	[160-160]	160	145499
COV	[161-161]	161	143635
COV	[162-162]	162	141616
COV	[163-163]	163	139461
COV	[164-164]	164	137296
COV	[165-165]	165	135848
COV	[166-166]	166	133358
COV	[167-167]	167	130934
COV	[168-168]	168	129696
COV	[169-169]	169	127781
COV	[170-170]	170	125983
COV	[171-171]	171	124542
COV	[172-172]	172	122807
COV	[173-173]	173	121433
COV	[174-174]	174	119395
COV	[175-175]	175	117613
COV	[176-176]	176	116357
COV	[177-177]	177	113874
COV	[178-178]	178	112276
COV	[179-179]	179	110321
COV	[180-180]	180	108418
COV	[181-181]	181	107184
COV	[182-182]	182	105720
COV	[183-183]	183	103800
COV	[184-184]	184	102169
COV	[185-185]	185	101411
COV	[186-186]	186	99277
COV	[187-187]	187	97997
COV	[188-188]	188	96875
COV	[189-189]	189	95704
COV	[190-190]	190	94601
COV	[191-191]	191	93662
COV	[192-192]	192	91650
COV	[193-193]	193	89956
COV	[194-194]	194	88994
COV	[195-195]	195	87431
COV	[196-196]	196	85921
COV	[197-197]	197	85094
COV	[198-198]	198	83704
COV	[199-199]	199	82360
COV	[200-200]	200	80759
COV	[201-201]	201	79100
COV	[202-202]	202	78465
COV	[203-203]	203	77520
COV	[204-204]	204	75978
COV	[205-205]	205	74352
COV	[206-206]	206	73569
COV	[207-207]	207	72702
COV	[208-208]	208	71883
COV	[209-209]	209	70216
COV	[210-210]	210	69206
COV	[211-211]	211	68401
COV	[212-212]	212	66940
COV	[213-213]	213	66950
COV	[214-214]	214	65267
COV	[215-215]	215	64928
COV	[216-216]	216	64061
COV	[217-217]	217	62872
COV	[218-218]	218	61639
COV	[219-219]	219	60886
COV	[220-220]	220	59814
COV	[221-221]	221	58812
COV	[222-222]	222	57889
COV	[223-223]	223	57444
COV	[224-224]	224	56355
COV	[225-225]	225	56309
COV	[226-226]	226	55063
COV	[227-227]	227	54425
COV	[228-228]	228	53558
COV	[229-229]	229	52155
COV	[230-230]	230	51484
COV	[231-231]	231	51125
COV	[232-232]	232	50269
COV	[233-233]	233	49604
COV	[234-234]	234	48775
COV	[235-235]	235	48059
COV	[236-236]	236	47095
COV	[237-237]	237	47039
COV	[238-238]	238	46463
COV	[239-239]	239	45192
COV	[240-240]	240	45144
COV	[241-241]	241	44361
COV	[242-242]	242	43806
COV	[243-243]	243	43135
COV	[244-244]	244	41984
COV	[245-245]	245	41818
COV	[246-246]	246	41100
COV	[247-247]	247	40329
COV	[248-248]	248	39804
COV	[249-249]	249	39264
COV	[250-250]	250	38540
COV	[251-251]	251	38313
COV	[252-252]	252	37868
COV	[253-253]	253	36790
COV	[254-254]	254	36914
COV	[255-255]	255	35858
COV	[256-256]	256	35389
COV	[257-257]	257	35301
COV	[258-258]	258	34852
COV	[259-259]	259	34238
COV	[260-260]	260	33326
COV	[261-261]	261	32883
COV	[262-262]	262	32289
COV	[263-263]	263	31993
COV	[264-264]	264	31337
COV	[265-265]	265	31015
COV	[266-266]	266	30352
COV	[267-267]	267	29885
COV	[268-268]	268	29644
COV	[269-269]	269	28981
COV	[270-270]	270	28727
COV	[271-271]	271	28110
COV	[272-272]	272	27948
COV	[273-273]	273	27410
COV	[274-274]	274	27142
COV	[275-275]	275	27303
COV	[276-276]	276	26166
COV	[277-277]	277	25984
COV	[278-278]	278	25506
COV	[279-279]	279	25125
COV	[280-280]	280	24897
COV	[281-281]	281	24330
COV	[282-282]	282	23979
COV	[283-283]	283	23616
COV	[284-284]	284	23233
COV	[285-285]	285	23283
COV	[286-286]	286	22979
COV	[287-287]	287	22484
COV	[288-288]	288	21987
COV	[289-289]	289	21823
COV	[290-290]	290	21638
COV	[291-291]	291	21171
COV	[292-292]	292	21069
COV	[293-293]	293	20767
COV	[294-294]	294	20448
COV	[295-295]	295	20175
COV	[296-296]	296	19979
COV	[297-297]	297	19349
COV	[298-298]	298	19224
COV	[299-299]	299	19087
COV	[300-300]	300	18597
COV	[301-301]	301	18318
COV	[302-302]	302	18058
COV	[303-303]	303	17835
COV	[304-304]	304	17553
COV	[305-305]	305	17600
COV	[306-306]	306	17267
COV	[307-307]	307	16881
COV	[308-308]	308	16744
COV	[309-309]	309	16721
COV	[310-310]	310	16304
COV	[311-311]	311	16098
COV	[312-312]	312	16104
COV	[313-313]	313	15656
COV	[314-314]	314	15497
COV	[315-315]	315	15427
COV	[316-316]	316	15081
COV	[317-317]	317	14997
COV	[318-318]	318	14575
COV	[319-319]	319	14583
COV	[320-320]	320	14204
COV	[321-321]	321	14158
COV	[322-322]	322	13630
COV	[323-323]	323	13405
COV	[324-324]	324	13549
COV	[325-325]	325	13468
COV	[326-326]	326	13236
COV	[327-327]	327	12827
COV	[328-328]	328	12878
COV	[329-329]	329	12607
COV	[330-330]	330	12442
COV	[331-331]	331	12263
COV	[332-332]	332	12028
COV	[333-333]	333	11920
COV	[334-334]	334	11744
COV	[335-335]	335	11741
COV	[336-336]	336	11377
COV	[337-337]	337	11513
COV	[338-338]	338	11086
COV	[339-339]	339	10997
COV	[340-340]	340	10867
COV	[341-341]	341	10635
COV	[342-342]	342	10698
COV	[343-343]	343	10409
COV	[344-344]	344	10338
COV	[345-345]	345	10080
COV	[346-346]	346	9719
COV	[347-347]	347	9706
COV	[348-348]	348	9629
COV	[349-349]	349	9412
COV	[350-350]	350	9479
COV	[351-351]	351	9177
COV	[352-352]	352	9139
COV	[353-353]	353	8921
COV	[354-354]	354	9115
COV	[355-355]	355	8940
COV	[356-356]	356	8821
COV	[357-357]	357	8658
COV	[358-358]	358	8422
COV	[359-359]	359	8453
COV	[360-360]	360	8179
COV	[361-361]	361	8115
COV	[362-362]	362	7943
COV	[363-363]	363	7789
COV	[364-364]	364	7763
COV	[365-365]	365	7793
COV	[366-366]	366	7563
COV	[367-367]	367	7404
COV	[368-368]	368	7681
COV	[369-369]	369	7360
COV	[370-370]	370	7594
COV	[371-371]	371	7224
COV	[372-372]	372	7215
COV	[373-373]	373	7093
COV	[374-374]	374	6949
COV	[375-375]	375	7000
COV	[376-376]	376	6853
COV	[377-377]	377	6566
COV	[378-378]	378	6715
COV	[379-379]	379	6535
COV	[380-380]	380	6642
COV	[381-381]	381	6473
COV	[382-382]	382	6292
COV	[383-383]	383	6290
COV	[384-384]	384	6339
COV	[385-385]	385	6163
COV	[386-386]	386	6049
COV	[387-387]	387	5995
COV	[388-388]	388	5938
COV	[389-389]	389	5779
COV	[390-390]	390	5757
COV	[391-391]	391	5825
COV	[392-392]	392	5731
COV	[393-393]	393	5733
COV	[394-394]	394	5429
COV	[395-395]	395	5488
COV	[396-396]	396	5444
COV	[397-397]	397	5344
COV	[398-398]	398	5379
COV	[399-399]	399	5417
COV	[400-400]	400	5152
COV	[401-401]	401	5091
COV	[402-402]	402	4961
COV	[403-403]	403	5184
COV	[404-404]	404	4977
COV	[405-405]	405	4983
COV	[406-406]	406	4951
COV	[407-407]	407	4915
COV	[408-408]	408	4815
COV	[409-409]	409	4689
COV	[410-410]	410	4813
COV	[411-411]	411	4629
COV	[412-412]	412	4523
COV	[413-413]	413	4496
COV	[414-414]	414	4510
COV	[415-415]	415	4323
COV	[416-416]	416	4395
COV	[417-417]	417	4303
COV	[418-418]	418	4159
COV	[419-419]	419	4292
COV	[420-420]	420	4120
COV	[421-421]	421	4101
COV	[422-422]	422	4144
COV	[423-423]	423	4184
COV	[424-424]	424	4003
COV	[425-425]	425	3887
COV	[426-426]	426	3933
COV	[427-427]	427	3907
COV	[428-428]	428	3841
COV	[429-429]	429	3774
COV	[430-430]	430	3749
COV	[431-431]	431	3673
COV	[432-432]	432	3615
COV	[433-433]	433	3594
COV	[434-434]	434	3581
COV	[435-435]	435	3590
COV	[436-436]	436	3525
COV	[437-437]	437	3528
COV	[438-438]	438	3483
COV	[439-439]	439	3447
COV	[440-440]	440	3263
COV	[441-441]	441	3305
COV	[442-442]	442	3111
COV	[443-443]	443	3235
COV	[444-444]	444	3167
COV	[445-445]	445	3167
COV	[446-446]	446	3152
COV	[447-447]	447	2948
COV	[448-448]	448	3020
COV	[449-449]	449	2954
COV	[450-450]	450	3097
COV	[451-451]	451	2921
COV	[452-452]	452	2887
COV	[453-453]	453	2799
COV	[454-454]	454	2824
COV	[455-455]	455	2732
COV	[456-456]	456	2746
COV	[457-457]	457	2718
COV	[458-458]	458	2678
COV	[459-459]	459	2675
COV	[460-460]	460	2459
COV	[461-461]	461	2558
COV	[462-462]	462	2605
COV	[463-463]	463	2557
COV	[464-464]	464	2470
COV	[465-465]	465	2508
COV	[466-466]	466	2403
COV	[467-467]	467	2453
COV	[468-468]	468	2379
COV	[469-469]	469	2346
COV	[470-470]	470	2458
COV	[471-471]	471	2446
COV	[472-472]	472	2320
COV	[473-473]	473	2412
COV	[474-474]	474	2213
COV	[475-475]	475	2124
COV	[476-476]	476	2126
COV	[477-477]	477	2224
COV	[478-478]	478	2231
COV	[479-479]	479	2082
COV	[480-480]	480	2191
COV	[481-481]	481	2008
COV	[482-482]	482	2023
COV	[483-483]	483	2043
COV	[484-484]	484	1980
COV	[485-485]	485	1900
COV	[486-486]	486	1842
COV	[487-487]	487	1930
COV	[488-488]	488	1874
COV	[489-489]	489	1912
COV	[490-490]	490	1928
COV	[491-491]	491	1906
COV	[492-492]	492	1935
COV	[493-493]	493	1777
COV	[494-494]	494	1765
COV	[495-495]	495	1803
COV	[496-496]	496	1764
COV	[497-497]	497	1685
COV	[498-498]	498	1714
COV	[499-499]	499	1655
COV	[500-500]	500	1653
COV	[501-501]	501	1683
COV	[502-502]	502	1540
COV	[503-503]	503	1575
COV	[504-504]	504	1520
COV	[505-505]	505	1664
COV	[506-506]	506	1601
COV	[507-507]	507	1536
COV	[508-508]	508	1508
COV	[509-509]	509	1536
COV	[510-510]	510	1489
COV	[511-511]	511	1475
COV	[512-512]	512	1511
COV	[513-513]	513	1396
COV	[514-514]	514	1479
COV	[515-515]	515	1468
COV	[516-516]	516	1464
COV	[517-517]	517	1369
COV	[518-518]	518	1390
COV	[519-519]	519	1357
COV	[520-520]	520	1371
COV	[521-521]	521	1397
COV	[522-522]	522	1371
COV	[523-523]	523	1294
COV	[524-524]	524	1355
COV	[525-525]	525	1294
COV	[526-526]	526	1360
COV	[527-527]	527	1344
COV	[528-528]	528	1302
COV	[529-529]	529	1269
COV	[530-530]	530	1251
COV	[531-531]	531	1238
COV	[532-532]	532	1217
COV	[533-533]	533	1240
COV	[534-534]	534	1171
COV	[535-535]	535	1192
COV	[536-536]	536	1190
COV	[537-537]	537	1090
COV	[538-538]	538	1147
COV	[539-539]	539	1087
COV	[540-540]	540	1122
COV	[541-541]	541	1024
COV	[542-542]	542	1125
COV	[543-543]	543	1032
COV	[544-544]	544	1047
COV	[545-545]	545	1021
COV	[546-546]	546	1035
COV	[547-547]	547	1051
COV	[548-548]	548	1080
COV	[549-549]	549	1034
COV	[550-550]	550	991
COV	[551-551]	551	997
COV	[552-552]	552	1005
COV	[553-553]	553	940
COV	[554-554]	554	943
COV	[555-555]	555	949
COV	[556-556]	556	1004
COV	[557-557]	557	951
COV	[558-558]	558	893
COV	[559-559]	559	921
COV	[560-560]	560	953
COV	[561-561]	561	902
COV	[562-562]	562	930
COV	[563-563]	563	921
COV	[564-564]	564	809
COV	[565-565]	565	874
COV	[566-566]	566	810
COV	[567-567]	567	826
COV	[568-568]	568	898
COV	[569-569]	569	853
COV	[570-570]	570	885
COV	[571-571]	571	827
COV	[572-572]	572	880
COV	[573-573]	573	873
COV	[574-574]	574	866
COV	[575-575]	575	799
COV	[576-576]	576	801
COV	[577-577]	577	798
COV	[578-578]	578	868
COV	[579-579]	579	814
COV	[580-580]	580	806
COV	[581-581]	581	751
COV	[582-582]	582	818
COV	[583-583]	583	812
COV	[584-584]	584	724
COV	[585-585]	585	778
COV	[586-586]	586	693
COV	[587-587]	587	727
COV	[588-588]	588	695
COV	[589-589]	589	735
COV	[590-590]	590	681
COV	[591-591]	591	692
COV	[592-592]	592	649
COV	[593-593]	593	702
COV	[594-594]	594	634
COV	[595-595]	595	655
COV	[596-596]	596	656
COV	[597-597]	597	698
COV	[598-598]	598	659
COV	[599-599]	599	666
COV	[600-600]	600	653
COV	[601-601]	601	666
COV	[602-602]	602	667
COV	[603-603]	603	651
COV	[604-604]	604	617
COV	[605-605]	605	631
COV	[606-606]	606	636
COV	[607-607]	607	619
COV	[608-608]	608	600
COV	[609-609]	609	612
COV	[610-610]	610	583
COV	[611-611]	611	563
COV	[612-612]	612	591
COV	[613-613]	613	560
COV	[614-614]	614	583
COV	[615-615]	615	551
COV	[616-616]	616	526
COV	[617-617]	617	549
COV	[618-618]	618	553
COV	[619-619]	619	497
COV	[620-620]	620	524
COV	[621-621]	621	544
COV	[622-622]	622	549
COV	[623-623]	623	533
COV	[624-624]	624	540
COV	[625-625]	625	499
COV	[626-626]	626	457
COV	[627-627]	627	497
COV	[628-628]	628	493
COV	[629-629]	629	476
COV	[630-630]	630	476
COV	[631-631]	631	498
COV	[632-632]	632	430
COV	[633-633]	633	469
COV	[634-634]	634	488
COV	[635-635]	635	471
COV	[636-636]	636	464
COV	[637-637]	637	454
COV	[638-638]	638	473
COV	[639-639]	639	440
COV	[640-640]	640	458
COV	[641-641]	641	410
COV	[642-642]	642	459
COV	[643-643]	643	439
COV	[644-644]	644	426
COV	[645-645]	645	429
COV	[646-646]	646	407
COV	[647-647]	647	418
COV	[648-648]	648	415
COV	[649-649]	649	421
COV	[650-650]	650	409
COV	[651-651]	651	389
COV	[652-652]	652	424
COV	[653-653]	653	396
COV	[654-654]	654	374
COV	[655-655]	655	370
COV	[656-656]	656	401
COV	[657-657]	657	372
COV	[658-658]	658	373
COV	[659-659]	659	405
COV	[660-660]	660	333
COV	[661-661]	661	351
COV	[662-662]	662	330
COV	[663-663]	663	359
COV	[664-664]	664	354
COV	[665-665]	665	332
COV	[666-666]	666	325
COV	[667-667]	667	315
COV	[668-668]	668	321
COV	[669-669]	669	303
COV	[670-670]	670	271
COV	[671-671]	671	325
COV	[672-672]	672	317
COV	[673-673]	673	318
COV	[674-674]	674	307
COV	[675-675]	675	286
COV	[676-676]	676	279
COV	[677-677]	677	309
COV	[678-678]	678	291
COV	[679-679]	679	299
COV	[680-680]	680	269
COV	[681-681]	681	305
COV	[682-682]	682	298
COV	[683-683]	683	254
COV	[684-684]	684	242
COV	[685-685]	685	260
COV	[686-686]	686	272
COV	[687-687]	687	282
COV	[688-688]	688	251
COV	[689-689]	689	276
COV	[690-690]	690	306
COV	[691-691]	691	254
COV	[692-692]	692	263
COV	[693-693]	693	269
COV	[694-694]	694	279
COV	[695-695]	695	232
COV	[696-696]	696	245
COV	[697-697]	697	241
COV	[698-698]	698	246
COV	[699-699]	699	239
COV	[700-700]	700	217
COV	[701-701]	701	229
COV	[702-702]	702	256
COV	[703-703]	703	246
COV	[704-704]	704	254
COV	[705-705]	705	240
COV	[706-706]	706	233
COV	[707-707]	707	252
COV	[708-708]	708	222
COV	[709-709]	709	213
COV	[710-710]	710	219
COV	[711-711]	711	237
COV	[712-712]	712	193
COV	[713-713]	713	211
COV	[714-714]	714	225
COV	[715-715]	715	209
COV	[716-716]	716	200
COV	[717-717]	717	189
COV	[718-718]	718	215
COV	[719-719]	719	207
COV	[720-720]	720	212
COV	[721-721]	721	232
COV	[722-722]	722	200
COV	[723-723]	723	193
COV	[724-724]	724	206
COV	[725-725]	725	214
COV	[726-726]	726	176
COV	[727-727]	727	185
COV	[728-728]	728	175
COV	[729-729]	729	210
COV	[730-730]	730	208
COV	[731-731]	731	173
COV	[732-732]	732	192
COV	[733-733]	733	163
COV	[734-734]	734	171
COV	[735-735]	735	191
COV	[736-736]	736	175
COV	[737-737]	737	186
COV	[738-738]	738	182
COV	[739-739]	739	164
COV	[740-740]	740	154
COV	[741-741]	741	192
COV	[742-742]	742	170
COV	[743-743]	743	165
COV	[744-744]	744	166
COV	[745-745]	745	155
COV	[746-746]	746	152
COV	[747-747]	747	123
COV	[748-748]	748	141
COV	[749-749]	749	145
COV	[750-750]	750	131
COV	[751-751]	751	125
COV	[752-752]	752	132
COV	[753-753]	753	122
COV	[754-754]	754	122
COV	[755-755]	755	134
COV	[756-756]	756	136
COV	[757-757]	757	140
COV	[758-758]	758	136
COV	[759-759]	759	140
COV	[760-760]	760	125
COV	[761-761]	761	121
COV	[762-762]	762	106
COV	[763-763]	763	102
COV	[764-764]	764	134
COV	[765-765]	765	122
COV	[766-766]	766	121
COV	[767-767]	767	125
COV	[768-768]	768	143
COV	[769-769]	769	121
COV	[770-770]	770	136
COV	[771-771]	771	125
COV	[772-772]	772	120
COV	[773-773]	773	126
COV	[774-774]	774	129
COV	[775-775]	775	136
COV	[776-776]	776	110
COV	[777-777]	777	107
COV	[778-778]	778	111
COV	[779-779]	779	108
COV	[780-780]	780	88
COV	[781-781]	781	84
COV	[782-782]	782	108
COV	[783-783]	783	81
COV	[784-784]	784	102
COV	[785-785]	785	107
COV	[786-786]	786	90
COV	[787-787]	787	107
COV	[788-788]	788	80
COV	[789-789]	789	104
COV	[790-790]	790	83
COV	[791-791]	791	98
COV	[792-792]	792	108
COV	[793-793]	793	91
COV	[794-794]	794	97
COV	[795-795]	795	104
COV	[796-796]	796	132
COV	[797-797]	797	94
COV	[798-798]	798	96
COV	[799-799]	799	103
COV	[800-800]	800	95
COV	[801-801]	801	85
COV	[802-802]	802	101
COV	[803-803]	803	101
COV	[804-804]	804	107
COV	[805-805]	805	92
COV	[806-806]	806	93
COV	[807-807]	807	97
COV	[808-808]	808	86
COV	[809-809]	809	72
COV	[810-810]	810	90
COV	[811-811]	811	98
COV	[812-812]	812	90
COV	[813-813]	813	74
COV	[814-814]	814	78
COV	[815-815]	815	82
COV	[816-816]	816	66
COV	[817-817]	817	83
COV	[818-818]	818	88
COV	[819-819]	819	78
COV	[820-820]	820	73
COV	[821-821]	821	85
COV	[822-822]	822	79
COV	[823-823]	823	80
COV	[824-824]	824	80
COV	[825-825]	825	77
COV	[826-826]	826	84
COV	[827-827]	827	102
COV	[828-828]	828	85
COV	[829-829]	829	75
COV	[830-830]	830	84
COV	[831-831]	831	78
COV	[832-832]	832	82
COV	[833-833]	833	78
COV	[834-834]	834	67
COV	[835-835]	835	78
COV	[836-836]	836	96
COV	[837-837]	837	89
COV	[838-838]	838	90
COV	[839-839]	839	80
COV	[840-840]	840	84
COV	[841-841]	841	86
COV	[842-842]	842	77
COV	[843-843]	843	95
COV	[844-844]	844	88
COV	[845-845]	845	90
COV	[846-846]	846	90
COV	[847-847]	847	71
COV	[848-848]	848	79
COV	[849-849]	849	80
COV	[850-850]	850	78
COV	[851-851]	851	66
COV	[852-852]	852	76
COV	[853-853]	853	69
COV	[854-854]	854	61
COV	[855-855]	855	84
COV	[856-856]	856	67
COV	[857-857]	857	64
COV	[858-858]	858	62
COV	[859-859]	859	50
COV	[860-860]	860	49
COV	[861-861]	861	44
COV	[862-862]	862	59
COV	[863-863]	863	63
COV	[864-864]	864	62
COV	[865-865]	865	68
COV	[866-866]	866	51
COV	[867-867]	867	53
COV	[868-868]	868	73
COV	[869-869]	869	44
COV	[870-870]	870	52
COV	[871-871]	871	51
COV	[872-872]	872	51
COV	[873-873]	873	49
COV	[874-874]	874	46
COV	[875-875]	875	45
COV	[876-876]	876	62
COV	[877-877]	877	63
COV	[878-878]	878	57
COV	[879-879]	879	70
COV	[880-880]	880	62
COV	[881-881]	881	53
COV	[882-882]	882	59
COV	[883-883]	883	78
COV	[884-884]	884	48
COV	[885-885]	885	71
COV	[886-886]	886	61
COV	[887-887]	887	54
COV	[888-888]	888	50
COV	[889-889]	889	45
COV	[890-890]	890	40
COV	[891-891]	891	57
COV	[892-892]	892	50
COV	[893-893]	893	50
COV	[894-894]	894	49
COV	[895-895]	895	59
COV	[896-896]	896	52
COV	[897-897]	897	43
COV	[898-898]	898	33
COV	[899-899]	899	49
COV	[900-900]	900	53
COV	[901-901]	901	57
COV	[902-902]	902	52
COV	[903-903]	903	44
COV	[904-904]	904	45
COV	[905-905]	905	53
COV	[906-906]	906	42
COV	[907-907]	907	50
COV	[908-908]	908	31
COV	[909-909]	909	46
COV	[910-910]	910	45
COV	[911-911]	911	43
COV	[912-912]	912	45
COV	[913-913]	913	59
COV	[914-914]	914	29
COV	[915-915]	915	49
COV	[916-916]	916	43
COV	[917-917]	917	38
COV	[918-918]	918	43
COV	[919-919]	919	35
COV	[920-920]	920	39
COV	[921-921]	921	53
COV	[922-922]	922	50
COV	[923-923]	923	54
COV	[924-924]	924	55
COV	[925-925]	925	41
COV	[926-926]	926	44
COV	[927-927]	927	43
COV	[928-928]	928	57
COV	[929-929]	929	24
COV	[930-930]	930	38
COV	[931-931]	931	33
COV	[932-932]	932	35
COV	[933-933]	933	42
COV	[934-934]	934	31
COV	[935-935]	935	31
COV	[936-936]	936	36
COV	[937-937]	937	31
COV	[938-938]	938	28
COV	[939-939]	939	32
COV	[940-940]	940	33
COV	[941-941]	941	25
COV	[942-942]	942	25
COV	[943-943]	943	47
COV	[944-944]	944	40
COV	[945-945]	945	26
COV	[946-946]	946	26
COV	[947-947]	947	38
COV	[948-948]	948	31
COV	[949-949]	949	34
COV	[950-950]	950	29
COV	[951-951]	951	19
COV	[952-952]	952	22
COV	[953-953]	953	32
COV	[954-954]	954	26
COV	[955-955]	955	38
COV	[956-956]	956	35
COV	[957-957]	957	27
COV	[958-958]	958	22
COV	[959-959]	959	27
COV	[960-960]	960	33
COV	[961-961]	961	35
COV	[962-962]	962	29
COV	[963-963]	963	20
COV	[964-964]	964	30
COV	[965-965]	965	23
COV	[966-966]	966	21
COV	[967-967]	967	24
COV	[968-968]	968	21
COV	[969-969]	969	25
COV	[970-970]	970	23
COV	[971-971]	971	17
COV	[972-972]	972	21
COV	[973-973]	973	25
COV	[974-974]	974	23
COV	[975-975]	975	14
COV	[976-976]	976	23
COV	[977-977]	977	27
COV	[978-978]	978	29
COV	[979-979]	979	16
COV	[980-980]	980	32
COV	[981-981]	981	26
COV	[982-982]	982	27
COV	[983-983]	983	22
COV	[984-984]	984	26
COV	[985-985]	985	26
COV	[986-986]	986	28
COV	[987-987]	987	21
COV	[988-988]	988	17
COV	[989-989]	989	20
COV	[990-990]	990	24
COV	[991-991]	991	20
COV	[992-992]	992	28
COV	[993-993]	993	17
COV	[994-994]	994	29
COV	[995-995]	995	19
COV	[996-996]	996	21
COV	[997-997]	997	23
COV	[998-998]	998	18
COV	[999-999]	999	17
COV	[1000-1000]	1000	18
COV	[1000<]	1000	11168
# GC-depth. Use `grep ^GCD | cut -f 2-` to extract this part. The columns are: GC%, unique sequence percentiles, 10th, 25th, 50th, 75th and 90th depth percentile
GCD	0.0	0.003	0.000	0.000	0.004	0.004	0.004
GCD	8.6	0.003	0.090	0.090	0.090	0.090	0.090
GCD	15.0	0.004	1.957	1.957	1.957	1.957	1.957
GCD	19.0	0.005	0.009	0.009	0.009	0.009	0.009
GCD	20.0	0.005	0.391	0.391	0.391	0.391	0.391
GCD	22.0	0.007	2.744	2.744	12.343	48.410	48.410
GCD	23.0	0.008	1.705	1.705	1.705	1.705	1.705
GCD	24.0	0.011	0.018	0.090	0.774	4.052	4.989
GCD	25.0	0.012	0.270	0.270	0.344	0.418	0.418
GCD	26.0	0.014	0.009	0.009	0.243	2.609	2.609
GCD	27.0	0.016	0.009	0.009	0.256	0.918	0.918
GCD	28.0	0.025	0.043	2.593	3.850	4.975	8.384
GCD	29.0	0.058	0.575	1.567	3.151	5.131	6.184
GCD	30.0	0.147	1.185	2.344	3.940	6.230	11.372
GCD	31.0	0.317	0.291	1.906	3.646	7.524	11.770
GCD	32.0	0.725	0.288	0.508	3.468	7.849	13.223
GCD	33.0	1.578	0.270	0.346	2.537	7.512	14.138
GCD	34.0	3.219	0.270	0.337	0.450	5.475	12.405
GCD	35.0	6.113	0.265	0.333	0.414	3.504	10.746
GCD	36.0	10.387	0.270	0.342	0.418	1.696	9.193
GCD	37.0	16.272	0.243	0.342	0.423	0.549	7.239
GCD	38.0	23.400	0.243	0.355	0.441	0.553	5.821
GCD	39.0	31.434	0.243	0.369	0.468	0.585	5.132
GCD	40.0	39.265	0.279	0.405	0.508	0.643	5.296
GCD	41.0	46.656	0.328	0.450	0.562	0.729	6.272
GCD	42.0	53.457	0.369	0.490	0.607	0.792	5.663
GCD	43.0	59.588	0.409	0.540	0.666	0.931	7.395
GCD	44.0	65.078	0.432	0.576	0.724	1.030	7.685
GCD	45.0	69.839	0.477	0.625	0.787	1.282	7.714
GCD	46.0	74.009	0.513	0.688	0.864	2.123	8.589
GCD	47.0	77.631	0.558	0.738	0.927	2.177	8.614
GCD	48.0	80.702	0.585	0.795	1.003	2.870	9.515
GCD	49.0	83.465	0.612	0.850	1.098	3.502	10.923
GCD	50.0	85.837	0.674	0.922	1.210	3.891	11.224
GCD	51.0	87.973	0.675	0.958	1.277	4.208	11.891
GCD	52.0	89.861	0.751	1.053	1.430	5.208	12.733
GCD	53.0	91.512	0.813	1.116	1.552	5.911	13.577
GCD	54.0	93.064	0.796	1.138	1.750	6.127	14.054
GCD	55.0	94.465	0.918	1.255	2.613	8.065	15.626
GCD	56.0	95.682	1.000	1.356	2.685	8.677	17.182
GCD	57.0	96.757	1.054	1.480	3.457	9.098	16.710
GCD	58.0	97.745	1.134	1.727	4.471	10.176	16.942
GCD	59.0	98.471	1.211	1.979	4.357	9.739	16.042
GCD	60.0	99.026	1.195	2.233	5.283	10.165	16.162
GCD	61.0	99.402	1.224	2.444	5.245	10.163	16.954
GCD	62.0	99.653	1.062	2.296	5.261	9.267	14.881
GCD	63.0	99.822	1.001	2.167	4.442	7.379	11.693
GCD	64.0	99.923	1.223	2.348	4.854	8.443	12.445
GCD	65.0	99.973	0.761	1.840	3.713	6.904	9.473
GCD	66.0	99.993	0.661	1.410	2.879	5.353	8.677
GCD	67.0	100.000	0.062	0.081	1.502	2.290	3.583
