# This file was produced by samtools stats (1.23+htslib-1.23) and can be plotted using plot-bamstats
# This file contains statistics for all reads.
# The command line was:  stats data/EAS/JPT/NA18993/aligned/NA18993.bam
# CHK, Checksum	[2]Read Names	[3]Sequences	[4]Qualities
# CHK, CRC32 of reads which passed filtering followed by addition (32bit overflow)
CHK	c30211a1	d9d5111d	93e184e8
# Summary Numbers. Use `grep ^SN | cut -f 2-` to extract this part.
SN	raw total sequences:	64136124	# excluding supplementary and secondary reads
SN	filtered sequences:	0
SN	sequences:	64136124
SN	is sorted:	1	# sorted by coordinate
SN	1st fragments:	32068062
SN	last fragments:	32068062
SN	reads mapped:	64010697
SN	reads mapped and paired:	64010308	# paired-end technology bit set + both mates mapped
SN	reads unmapped:	125427
SN	reads properly paired:	63709278	# proper-pair bit set
SN	reads paired:	64136124	# paired-end technology bit set
SN	reads duplicated:	0	# PCR or optical duplicate bit set
SN	reads MQ0:	6556208	# mapped and MQ=0
SN	reads QC failed:	0
SN	non-primary alignments:	0
SN	supplementary alignments:	11539
SN	total length:	6467360410	# ignores clipping
SN	total first fragment length:	3233680205	# ignores clipping
SN	total last fragment length:	3233680205	# ignores clipping
SN	bases mapped:	6454706614	# ignores clipping
SN	bases mapped (cigar):	6449135200	# more accurate
SN	bases trimmed:	0
SN	bases duplicated:	0
SN	mismatches:	13912631	# from NM fields
SN	error rate:	2.157286e-03	# mismatches / bases mapped (cigar)
SN	average length:	101
SN	average first fragment length:	101
SN	average last fragment length:	101
SN	maximum length:	101
SN	maximum first fragment length:	101
SN	maximum last fragment length:	101
SN	average quality:	36.9
SN	insert size average:	199.2
SN	insert size standard deviation:	71.0
SN	inward oriented pairs:	31969845
SN	outward oriented pairs:	5185
SN	pairs with other orientation:	5339
SN	pairs on different chromosomes:	24785
SN	percentage of properly paired reads (%):	99.3
# First Fragment Qualities. Use `grep ^FFQ | cut -f 2-` to extract this part.
# Columns correspond to qualities and rows to cycles. First column is the cycle number.
FFQ	1	0	0	52857	0	0	0	0	0	0	0	31112	0	0	0	0	0	58826	0	0	2600	0	0	7326	42560	0	46779	139666	203968	125619	0	892591	7908879	0	2763742	19791537	0	0	0	0	0	0	0	0
FFQ	2	0	0	0	0	0	0	0	0	0	0	12633	0	0	0	0	0	99549	0	0	10345	0	0	10445	33898	0	51365	119783	225471	111695	0	729463	6121517	0	1123484	23418414	0	0	0	0	0	0	0	0
FFQ	3	0	0	0	0	0	0	0	0	0	0	26862	0	0	0	0	0	63028	0	0	2075	0	0	14565	33698	0	63675	117394	243249	156506	0	715862	5660117	0	1122258	23848773	0	0	0	0	0	0	0	0
FFQ	4	0	0	5453	0	0	0	0	0	0	0	11464	0	0	0	0	0	13807	0	0	37375	0	0	11420	0	0	31907	55918	3505	99739	1707	162863	4136	263851	445580	0	4165318	0	26754019	0	0	0	0	0
FFQ	5	0	0	0	0	0	0	0	0	0	0	23947	0	0	0	0	0	22255	0	0	39466	0	0	15669	0	0	46422	74305	4607	110243	1714	200565	4996	299215	512390	0	4395613	0	26316655	0	0	0	0	0
FFQ	6	0	0	0	0	0	0	16	0	3033	0	17308	5780	0	0	5	4164	3932	32535	9234	10696	0	1625	1226	17493	15	54065	69277	9229	75023	43405	198970	33384	335652	481192	65	4041196	449300	26170242	0	0	0	0	0
FFQ	7	0	0	0	0	0	3	52	0	2507	1	15020	4647	2	0	15	3887	4510	31139	10302	10346	9	2025	1390	18909	45	59088	73385	12792	75484	44037	207027	36059	346426	491952	129	4067856	451952	26097066	0	0	0	0	0
FFQ	8	0	0	0	0	0	14	41	0	2997	0	16682	5205	11	0	19	3580	4698	29863	10351	9524	46	2135	1605	18692	39	60118	73413	17677	70426	43646	209353	35472	348950	503858	132	4104246	461753	26033516	0	0	0	0	0
FFQ	9	0	0	0	0	0	30	40	10	3194	0	17947	5825	24	8	23	3917	4475	30034	11732	10416	97	2316	1714	18815	107	60827	26005	75211	61013	44695	212355	26485	308631	327808	232669	1187760	1494	2436908	1989333	24966144	0	0	0
FFQ	10	0	0	0	0	0	48	36	23	3070	0	18131	5869	41	9	15	4062	4557	29846	11635	10343	169	2333	1798	19169	165	60814	26040	90568	45572	45774	214497	26033	309467	333741	227822	1195418	1314	2428875	2072073	24878735	0	0	0
FFQ	11	0	0	0	0	0	43	56	29	4022	21	21926	6763	56	11	26	4614	4872	32449	12190	10567	232	2618	1907	19883	290	62061	26659	111630	27163	46988	218443	25999	311780	338202	226968	1209299	1230	2441610	2151538	24745917	0	0	0
FFQ	12	0	0	0	0	0	59	51	24	3335	35	18601	5784	79	6	27	5237	4873	33730	13004	10928	210	2641	1959	20290	412	62294	26755	129632	11315	48788	220621	26146	319012	342365	231776	1233603	1467	2484415	2270451	24538137	0	0	0
FFQ	13	0	0	0	0	0	69	34	49	3430	82	18848	5794	92	12	39	4613	5355	31747	13734	11800	259	3029	2217	21962	620	65536	28470	136631	8587	51265	231374	26392	330363	356224	235037	1268436	1647	2528545	2370290	24305480	0	0	0
FFQ	14	0	0	73	0	0	84	63	86	3620	151	19988	6151	104	14	30	849	7470	31708	13421	11621	312	3104	2212	7107	16067	65902	29050	135805	8448	51136	103690	149446	241816	351220	270550	233096	793735	707414	2143335	1653136	5865178	19140870	0
FFQ	15	0	0	627	0	0	81	84	106	3770	183	20220	6074	134	23	63	1013	7758	33897	13877	11994	321	3372	2435	7712	17235	67442	29653	138647	8666	52330	106627	151862	242580	360011	269795	240782	803193	717067	2184511	1662282	5971653	18929982	0
FFQ	16	0	0	0	0	0	91	103	141	3584	269	19242	5835	143	45	135	1048	7970	31894	14579	12762	395	3651	2491	8492	18598	70351	31488	142677	9354	55411	110830	157373	248125	371892	277894	251454	819595	729537	2240299	1674928	6120371	18625015	0
FFQ	17	0	0	0	0	0	84	175	185	4461	442	21928	6806	165	91	188	1244	8446	31148	14267	12627	446	3912	2628	9062	19722	70633	31884	142623	9637	55741	113715	158776	249303	376553	281221	260646	829739	741335	2282494	1696179	6242056	18387500	0
FFQ	18	0	0	0	0	0	98	185	231	4194	517	20023	5865	205	135	212	1493	8678	31224	14950	13503	500	4112	2834	9879	21997	72308	33112	146038	10315	58283	119570	163154	254147	388467	286035	271810	847117	757185	2350544	1709213	6386216	18073713	0
FFQ	19	0	0	0	0	0	108	213	250	4515	666	20388	6274	200	140	225	1783	7931	2639	43178	13732	570	4315	3049	10957	24212	72057	34009	146045	11054	60584	123219	167123	255465	240742	449252	283306	733969	772173	1971627	2008759	6626771	17966562	0
FFQ	20	0	0	0	0	0	127	274	336	4998	993	21257	6067	307	212	243	2091	8791	3456	42510	14604	649	4753	3299	12426	26864	73531	35327	147822	11443	62987	129809	171186	256360	248202	458552	296032	753895	786115	2043347	2072518	6771070	17595609	0
FFQ	21	0	0	0	0	0	97	236	327	5771	1272	22922	6631	265	265	274	2266	8968	4936	42535	12244	720	4487	3193	12445	23809	69090	31958	143451	10182	51014	132736	155983	255173	230746	442322	284890	678570	784456	1804787	2236631	5919498	18682912	0
FFQ	22	0	0	0	0	0	102	260	325	5388	1503	20394	5694	312	328	290	2661	9856	6580	41298	12841	811	4706	3342	13556	26769	68370	32451	144179	10720	52024	137838	156775	252907	232949	441608	295962	679617	784027	1805628	2250352	5827148	18738491	0
FFQ	23	0	0	0	0	0	112	325	403	5696	1939	19740	5355	361	353	313	3008	10552	7785	38424	13142	871	5142	3572	15316	31836	67417	34057	139743	11179	54306	144514	160295	243340	238153	436797	310598	679725	779327	1818495	2255698	5816403	18713770	0
FFQ	24	0	0	0	0	0	127	352	502	6261	2452	19280	4972	384	393	413	3425	11305	9342	34932	13390	968	5429	3722	16927	35997	64529	34213	136942	11638	54539	151416	160226	238149	240559	434873	323996	683682	780777	1851975	2151335	5461539	19117101	0
FFQ	25	0	0	1	0	0	140	417	660	7169	3325	19680	4770	455	438	459	4047	12851	11841	32288	13625	1071	6116	4058	18992	42051	62585	35624	134708	12153	56021	159991	162545	231084	246607	434406	341266	688718	780242	1878923	2133921	5551871	18972943	0
FFQ	26	0	0	1	0	0	223	622	1068	12488	6930	31197	6787	548	639	600	5285	16037	15706	33065	15019	1299	6893	4472	20703	49848	61813	36947	134096	13034	57830	172525	167090	228096	253106	439203	362002	698342	788949	1917127	2126602	5684960	18696910	0
FFQ	27	0	0	1	0	0	219	725	1254	13283	8629	28961	5600	722	874	708	6677	19626	20282	31204	15509	1427	7599	4904	22634	57352	62119	38202	135478	14082	58895	186742	169407	226380	261805	445796	384407	705645	801407	1962644	2127967	5837654	18401242	0
FFQ	28	0	0	5	0	0	242	810	1438	15056	11031	28204	4242	775	1037	881	7864	22139	22030	26426	15323	1704	8375	5317	23369	64370	61467	39250	130542	14840	59132	203650	171286	218165	268092	449747	409561	710835	814081	2001552	2122324	5968944	18163956	0
FFQ	29	0	0	6	0	0	268	917	1858	16960	13855	27035	3005	895	1219	992	8980	25001	22936	22834	15224	1956	9068	5688	24509	70462	61878	40036	124478	15794	60481	217792	174753	206377	274736	447074	436484	714011	817384	2050127	2087320	6113439	17952230	0
FFQ	30	0	0	6	0	0	271	1085	2070	18229	17122	23954	1865	1041	1366	1128	10548	27750	22268	19873	14913	2265	9254	6183	24869	72333	62709	40073	115315	16631	60510	227160	172472	191341	278019	440457	461616	708191	822216	2094876	2067822	6267242	17763019	0
FFQ	31	0	0	50321	0	0	291	1319	2558	19873	20935	20376	1064	1199	1599	1386	12395	31279	19993	19616	16403	2534	10247	6767	26154	79590	67446	43139	112347	18373	63722	246394	180208	182457	293224	448307	496454	714837	836591	2172745	2052820	6385550	17407549	0
FFQ	32	0	0	41667	0	0	428	2306	4873	41007	50569	35053	1129	2159	2464	2217	22321	56942	27016	29906	28763	3239	13496	8790	31987	101479	87344	50580	125696	21952	71966	293279	199949	185587	321700	478999	548128	738101	881056	2290097	2082528	6418502	16764157	0
FFQ	33	0	0	340	0	0	391	1665	3705	25306	31604	14546	850	2874	2700	2221	27587	73003	20438	19791	19646	3836	13011	9514	30440	88307	101395	48390	108721	22982	67520	318079	201216	172223	331034	488718	589818	724971	912824	2350364	2090623	6529762	16616444	0
FFQ	34	0	0	16	0	0	412	1797	4047	23646	31423	8827	776	2684	2650	2269	25152	57540	10994	19468	17588	4237	13675	9905	30985	86430	103399	48427	96545	23823	67637	312764	197117	152926	339631	463117	630133	711310	922095	2407479	2049919	6596461	16589016	0
FFQ	35	0	0	18	0	0	479	2328	5109	28373	41162	6746	711	2307	2929	2721	22245	43783	7359	21215	19456	4665	15024	10598	31947	93103	94517	53202	96245	26541	72468	324854	205466	147350	359912	458855	669745	697743	914360	2453072	1983173	6677366	16468708	0
FFQ	36	0	0	19	0	0	519	2458	5481	26286	40624	3516	773	2470	3412	3078	24353	42374	5274	20537	18890	5043	16345	11271	32578	92337	93582	54545	90851	29142	72332	325194	206312	142202	371482	447976	720562	678553	932452	2481593	1953471	6696529	16411025	0
FFQ	37	0	0	21	0	0	541	2752	6174	26429	42654	1862	906	2872	3830	3626	26311	40158	3984	21027	19190	5731	17317	12325	33753	94840	91773	56805	89875	32264	74227	327695	209807	141939	391080	442013	767352	665208	948954	2514183	1930766	6724785	16290036	0
FFQ	38	0	0	23	0	0	664	3497	7836	30060	49877	1057	1044	3237	4489	4352	29662	38826	3846	23360	21194	6687	19088	13526	36660	102160	90496	61684	93829	36592	79624	334439	220833	146744	415580	445832	819206	664471	968377	2557479	1923117	6750337	16054927	0
FFQ	39	0	0	29	0	0	729	3970	9390	32461	54812	836	1255	3793	5557	5148	34427	38296	3980	23402	21099	7400	19003	15021	40593	103129	90148	64441	93056	41194	80906	339667	224942	150103	438268	444326	868121	655611	991478	2487909	2047543	6789221	15833082	0
FFQ	40	0	0	29	0	0	757	4273	10036	29704	50981	741	1339	4371	6538	5930	38926	36056	4356	23205	21765	8410	20051	16691	43616	105533	88864	67835	94441	45806	83553	340507	232353	157138	461800	442816	918750	653818	1023097	2523399	2070383	6843843	15582322	0
FFQ	41	0	0	31	0	0	847	4935	11375	30544	51630	781	1600	4700	7091	6870	39917	29968	4817	23624	22307	9342	21400	18286	46833	107831	82119	71627	95851	51678	86734	340258	238150	163146	487017	444339	963114	656099	1050306	2558489	2097307	6898973	15333801	0
FFQ	42	0	0	34	0	0	936	5757	13423	32442	54517	858	1794	5341	8134	7779	43129	25864	5448	25164	23275	10492	22166	19922	49720	112633	78133	76611	98686	57527	90463	338107	246828	170470	511218	448199	1009511	667139	1082274	2597080	2120251	6930465	15071674	0
FFQ	43	0	0	36	0	0	1068	6211	14479	31972	53242	963	2042	5864	9619	8738	46642	22876	5987	25427	23213	11802	22988	22144	54298	114127	72534	80481	98806	64925	92517	336896	253789	176512	534579	451995	1049884	680210	1114185	2614990	2151999	6970353	14834863	0
FFQ	44	0	0	35	0	0	1054	6559	15313	29675	48666	1021	2213	6330	10641	10102	47903	18608	6315	25381	23084	13264	23698	23942	57923	114625	67327	84766	98912	72190	95284	333633	260809	183481	557656	460609	1090648	697525	1150936	2641344	2177015	6981162	14623388	0
FFQ	45	0	0	32	0	0	806	5592	13952	26815	43517	1149	2393	6400	11631	9983	47004	13951	6046	21539	19967	18054	18767	24700	60280	109596	63065	84043	88712	78530	84863	330458	247649	177136	560148	429206	1138317	652662	1179169	2432375	2296139	6649844	15108303	0
FFQ	46	0	0	34	0	0	1011	6788	17119	30912	49340	1165	2409	6725	12650	11215	46304	11120	6584	22399	21667	18467	19527	25445	62826	110414	54769	86486	91494	82810	89403	309722	253359	182182	557104	439038	1179188	683906	1192600	2403826	2252655	6553259	15166673	0
FFQ	47	0	0	84	0	0	1055	7655	19542	32506	50932	1185	2770	7434	14684	12819	48063	9457	7516	23339	22651	19101	20214	26900	67817	112252	49220	90962	93313	89900	93911	298309	259753	189952	561835	454011	1225806	715292	1213622	2372076	2221652	6485601	15139174	0
FFQ	48	0	0	37	0	0	1136	7882	20643	32360	48730	1401	3105	8134	17056	14643	49063	7681	8187	24189	23128	20614	20889	29957	74382	114643	44116	96813	94824	99112	98177	295033	268770	197144	571861	472981	1285708	747248	1253155	2344855	2241065	6407071	15016360	0
FFQ	49	0	0	45	0	0	1129	8004	20737	30772	43243	1413	3251	8246	18364	15438	44388	5966	8007	23689	22545	22461	20464	32089	70717	116029	37016	99444	95765	108778	99967	284846	273859	202257	575874	491830	1328163	792863	1311028	2081495	2525356	6363892	14872536	0
FFQ	50	0	0	50	0	0	1305	8880	23944	33995	44713	1509	3614	8571	20158	16659	40918	5300	8971	25453	23950	23799	21264	34896	75866	116664	32021	105487	98696	118329	106500	275338	285505	213696	579582	524305	1401767	834112	1355004	2072995	2562011	6302409	14653551	0
FFQ	51	0	0	58	0	0	1387	9400	24814	34252	41797	1768	3868	9390	22089	17793	38656	5085	9162	25572	23618	25631	21751	37126	79722	115418	27847	110011	98332	129804	110246	268603	293975	222416	585502	555485	1484234	872179	1408248	2060959	2616819	6250099	14418499	0
FFQ	52	0	0	66	0	0	1411	8956	24779	33206	36248	1850	4472	10025	24144	18691	34751	4812	9679	26714	23929	27978	22139	40083	85271	113496	25073	117653	98790	143297	114789	265042	306109	234480	594148	593701	1576585	917403	1474831	2058546	2680274	6191647	14116363	0
FFQ	53	0	0	77	0	0	1581	10228	27490	37280	36308	1909	4552	10064	26069	19322	30019	4822	10105	27856	24125	30558	22743	43361	89727	110671	22247	123972	98881	155725	120364	257725	319202	245902	602258	637251	1677396	967725	1537602	2058899	2744509	6132864	13789855	0
FFQ	54	0	0	90	0	0	1591	9834	27089	36016	30789	2180	5035	10494	28598	20311	27673	4888	10467	28861	24337	32845	23380	46530	93821	107332	20486	130916	99000	168915	126031	251155	332613	259726	609281	682369	1787081	1022441	1615125	2058744	2821094	6086408	13417510	0
FFQ	55	0	0	111	0	0	1812	10789	29935	41114	30651	2382	5346	10115	30224	20972	23857	4955	11122	30735	24497	34011	25358	50684	97824	76468	45583	138946	98793	182418	131900	245486	346988	271996	611752	735362	1906694	1076763	1621908	2111314	2890988	6000788	13080211	0
FFQ	56	0	0	131	0	0	1983	10877	30768	42346	26617	2578	6018	10867	33330	21972	21751	5099	11456	31961	25182	36592	25853	54211	101963	72634	46647	146949	98677	196853	139719	241617	364504	287654	619647	788451	2035039	1141016	1703179	2107467	2970924	5917228	12680900	0
FFQ	57	0	0	166	0	0	2208	11898	34198	47933	24966	2785	6470	10952	36132	22464	18590	5290	12620	35226	26347	39429	27715	59452	107292	68917	49091	158757	102090	213628	151802	239649	385694	305886	632727	849775	2174294	1215115	1777479	2117322	3040030	5828749	12217324	0
FFQ	58	0	0	194	0	0	2259	11279	32627	46321	19940	3093	7051	11241	38186	21928	16333	5111	12345	35492	24718	42801	28208	63556	109035	63440	49404	164592	98776	226878	154903	237885	398670	320063	642353	906190	2327134	1279327	1867791	2094661	3149831	5712916	11833759	0
FFQ	59	0	0	245	0	0	2520	12033	35709	52059	18077	3362	7572	11167	39869	20524	14108	5325	13197	39268	25704	41804	27929	74395	104062	56161	50211	189220	100830	240275	167472	236083	418832	339986	653559	972393	2493942	1361353	1951504	2101774	3187997	5609756	11379825	0
FFQ	60	0	0	319	0	0	2797	12684	38918	57588	15826	3731	8275	11586	43043	20669	12880	5539	14010	42900	26256	45469	29783	81714	106661	53368	52794	202260	101624	255145	178128	240015	442898	360494	669888	1043757	2666515	1447281	2038300	2095572	3294347	5469785	10867079	0
FFQ	61	0	0	400	0	0	3065	12746	40500	60517	12931	4025	9055	11955	45347	19583	11474	5434	14417	44467	25615	48249	30738	87376	106696	49977	54958	212037	100809	266873	186711	241462	461508	378249	682606	1108349	2861991	1526515	2133385	2069607	3398637	5316365	10415051	0
FFQ	62	0	0	2785	0	0	3163	12607	40792	60099	9787	4415	9477	11484	46796	18485	10745	5410	14730	45808	24786	51093	31767	92148	103607	47631	57299	222082	100098	275474	196107	247788	480421	397623	698543	1174953	3066208	1615553	2235582	2043618	3505919	5163111	9931453	0
FFQ	63	0	0	6553	0	0	3511	12876	43853	64641	8011	4902	10485	11802	48792	17523	10307	5771	15747	50319	25537	54836	33614	100241	103586	46502	61786	239039	102323	285981	211076	257586	506262	423357	721392	1262030	3282267	1718600	2339237	2035297	3582594	4984848	9366081	0
FFQ	64	0	0	11233	0	0	3692	12643	44724	64230	5588	5332	11241	11831	50263	16452	10025	5431	16097	52339	24202	58156	34819	106217	100772	45346	64473	249824	102434	291511	222802	267643	526237	445038	743100	1340298	3518357	1821741	2448838	2004098	3688720	4803701	8829435	0
FFQ	65	0	0	16854	0	0	4121	13241	47898	67913	4123	5569	11611	11557	49562	15177	8998	6645	16907	46205	32132	59797	35404	100996	104278	44848	67786	256666	86412	288887	252626	277916	543214	465447	766344	1419977	3775688	1925285	2563791	1965305	3791366	4618520	8289515	0
FFQ	66	0	0	23450	0	0	4301	12859	48535	67035	2709	6112	12513	12118	51948	14959	9085	7029	17265	48122	31513	62377	36632	104697	99431	44526	70731	264713	86345	285242	265211	288585	555976	484090	786796	1489523	4053375	2033270	2679331	1904596	3891358	4394538	7807318	0
FFQ	67	0	0	31189	0	0	4442	11887	48896	63737	1649	6594	13269	12022	51420	13600	9193	7001	18001	50679	31709	65937	37182	109369	96669	44851	74372	276408	86161	283401	280700	304016	570194	506518	813249	1568837	4348568	2144674	2799417	1845485	3970110	4162415	7294028	0
FFQ	68	0	0	40113	0	0	4918	12147	53205	65570	990	7081	13667	11730	50209	12269	9678	7336	19303	54568	32000	69932	39012	115307	94187	46599	80352	290835	88483	282268	300298	323642	593608	534303	847705	1670686	4640339	2266196	2917959	1799099	4030363	3913146	6718328	0
FFQ	69	0	0	49966	0	0	4938	11614	53752	62145	536	7743	14558	11440	50755	11425	10394	7372	19843	56118	31791	73297	40318	118739	91668	47936	84848	303735	89263	279379	317055	344083	611896	559498	886361	1767060	4950391	2392860	3041940	1730044	4103718	3659732	6158697	0
FFQ	70	0	0	60661	0	0	5518	11942	57697	62756	254	8295	15144	11239	49347	10418	10968	7731	21192	60073	31859	77340	41577	109827	77108	75450	90830	317096	92511	275365	338714	367912	634815	587864	932023	1882114	5264803	2518569	3164281	1669227	4148625	3404462	5560674	0
FFQ	71	0	0	72385	0	0	5850	11839	60463	62275	139	8842	16011	11665	49192	9892	11565	7805	21562	63195	32184	80930	42505	110366	74943	79212	95636	328683	94713	267591	355841	388642	647970	613823	976013	1983239	5607754	2644908	3286223	1584183	4199587	3130789	5017082	0
FFQ	72	0	0	84934	0	0	6039	10873	60356	56927	69	9941	16821	11913	49230	9178	12526	7759	22451	65112	31610	85508	43326	111433	73984	83221	100414	340715	98243	262778	376024	411243	664600	639733	1022844	2100217	5962589	2766434	3407540	1494952	4219027	2847153	4486875	0
FFQ	73	0	0	98625	0	0	6399	10660	62309	54644	24	9954	17055	11562	46313	8296	13056	8122	23767	67719	31396	89240	44330	109664	71948	86987	107644	350790	102247	252718	397834	432407	682761	665716	1076928	2226022	6331146	2890153	3528359	1415168	4195351	2568594	3957581	0
FFQ	74	0	0	112733	0	0	6792	10095	65834	52913	23	10704	17684	11581	44323	7833	14014	8271	24304	70779	31734	92704	45135	107613	71398	91348	113764	359339	106888	242730	418697	452037	697663	691202	1132120	2355326	6708368	3009710	3642690	1319755	4161486	2287624	3454910	0
FFQ	75	0	0	127531	0	0	7366	10063	69937	50695	11	11466	18085	12230	43261	7368	14891	8377	25494	74817	31738	98124	45878	106300	71601	95538	121088	331739	149851	233556	439959	473819	717490	717782	1195727	2504802	7090792	3123957	3745119	1244106	4065139	2024547	2940225	0
FFQ	76	0	0	143393	0	0	6843	9340	69567	49300	12	17538	26582	15290	63517	6446	20151	7089	31380	71889	40395	153080	66896	149254	109561	151966	170073	522068	250542	414802	731484	962273	1372485	1529254	1983167	4597442	5122636	3574021	2350542	1262156	4032487	1314353	649109	0
FFQ	77	0	0	153848	0	0	7836	9775	74709	48389	19	15808	22978	13869	49650	6038	17971	7680	29230	72755	35117	125757	54135	115201	86561	120765	142737	407176	197724	270167	579138	674670	991093	1099370	1859433	4086869	6360505	3642998	2997831	1103215	4241432	1638350	685033	0
FFQ	78	0	0	165871	0	0	8001	8745	73826	42746	36	15439	21971	13376	43006	5914	18220	8090	28494	76040	32615	118489	49386	97862	78957	112331	140555	364704	180555	213907	531256	569070	829574	888612	1540995	3340558	7821785	3572545	3691923	973220	3755248	1486449	1122378	0
FFQ	79	0	0	179901	0	0	8080	8445	74644	38842	26	15146	20511	12732	36514	5466	18435	8235	28685	77787	32111	116341	46779	87985	77362	111522	143622	348170	179778	185734	519426	536030	782569	827456	1440307	3130776	8706686	3610588	3943196	836861	3499783	1090727	1251761	0
FFQ	80	0	0	195510	0	0	8834	8646	81694	38718	35	15969	20904	13471	35124	5270	19234	8781	29559	80804	32619	118794	46199	80598	78679	113778	151778	342257	184287	169492	526187	529414	772897	815755	1430186	3144184	9335306	3673580	4020665	715847	3265669	825696	1098168	0
FFQ	81	0	0	212490	0	0	9108	7330	76338	31361	42	16341	20714	13534	31846	4900	19403	8336	29092	78154	32450	117640	43221	70495	78688	114044	152000	321212	189284	148982	517912	516689	754587	803608	1427555	3126941	9946951	3815565	4066641	564032	3121164	617554	923087	0
FFQ	82	0	0	231077	0	0	9378	6579	76029	28061	22	16865	18987	13155	26868	4695	20627	8627	30131	80475	33750	121491	41995	63633	81225	118755	161370	317159	197309	136338	532413	514588	760132	804132	1444709	3198984	10505985	3892674	4043542	481996	2819626	459171	720338	0
FFQ	83	0	0	251472	0	0	9807	6358	78800	25723	12	17091	18519	13445	23907	4463	21104	8874	30819	82078	34887	124232	40810	57052	84431	121551	169219	310935	204790	125175	546377	515970	772491	816973	1475182	3306793	11028778	3959994	3952837	405543	2502485	333170	533279	0
FFQ	84	0	0	273553	0	0	10302	6521	84007	24530	15	17979	18818	13812	22086	4367	22158	9053	32213	84150	36845	127384	39663	51225	86061	125269	177687	303586	213929	114567	558650	517322	785803	829988	1507636	3431126	11537666	4010285	3809037	338084	2169286	235982	375792	0
FFQ	85	0	0	298127	0	0	11073	6340	89590	23826	55	20150	20488	14864	21777	4130	23226	9378	33353	86509	38690	133051	38935	47107	90153	129939	188588	300543	223375	106808	576000	522302	802639	847528	1537869	3560018	12012057	4039702	3612793	277127	1834199	160017	253762	0
FFQ	86	0	0	324700	0	0	10981	5393	85297	20028	55	21412	20695	15395	19825	3842	24523	9631	34668	88597	41403	138755	38361	42288	94139	136505	201094	297161	234669	99958	595259	529885	828304	874803	1578993	3723651	12440319	4040624	3368331	224436	1503995	104238	161740	0
FFQ	87	0	0	354030	0	0	11722	5430	91236	18942	33	21561	19548	15347	16596	3820	25637	9850	35880	90581	43727	141960	36449	37127	97935	141745	213411	289584	247264	93222	617607	537042	852456	903861	1620592	3887580	12844632	4012263	3094955	176820	1196050	65337	98293	0
FFQ	88	0	0	386691	0	0	11478	4700	87722	16007	40	22488	19832	15462	14996	3620	26701	10217	36554	91229	45923	144758	34969	33027	101104	146352	224850	279824	258164	86932	631455	544225	875511	932584	1660956	4052402	13237748	3960910	2799594	135686	923937	38840	56879	0
FFQ	89	0	0	423679	0	0	12442	4887	93761	15286	25	22901	19077	15422	12695	3514	27214	10554	37430	94157	48643	147482	32700	28725	104663	150643	236060	269326	269736	80879	648080	547839	893959	954408	1696546	4193071	13616857	3885627	2493581	101183	690599	21520	31285	0
FFQ	90	0	0	466032	0	0	11824	3860	88176	12876	47	24141	19230	15691	11255	3225	28122	10593	38588	93923	51390	149622	30293	25131	107701	155106	246297	257043	279281	75595	661584	555037	912259	978557	1729436	4332031	13973905	3790497	2179607	72931	497612	11360	16091	0
FFQ	91	0	0	516985	0	0	11838	3581	89017	11305	30	23856	17254	15370	8858	3032	28946	11015	39403	96344	54105	149941	27354	21563	111572	159326	260262	244744	289913	70557	674673	561795	929074	1004143	1761553	4472385	14286296	3663912	1863774	51045	344257	5885	7957	0
FFQ	92	0	0	578113	0	0	11885	3174	87298	10056	16	24239	16628	15022	7350	2813	29411	11148	40768	97560	57245	152818	25205	18784	115037	165488	274564	234319	302960	66574	696302	572211	954365	1035505	1792256	4615611	14514958	3510928	1558416	34166	227124	2963	3945	0
FFQ	93	0	0	651538	0	0	12026	2982	88528	8739	16	24000	15368	14944	5880	2727	29694	11629	40669	100521	59358	151896	22325	17009	117120	168898	286473	219035	315029	62449	705136	580978	973282	1061107	1825833	4746485	14736171	3335650	1276181	22188	143031	1650	1989	0
FFQ	94	0	0	738413	0	0	11752	2648	88342	7876	23	24009	14205	14460	4611	2486	30130	11903	41831	103071	62902	151577	20036	15363	120899	173882	301285	206151	326998	58329	720233	591635	995214	1088410	1849359	4863776	14893567	3147434	1022672	13595	85706	923	1171	0
FFQ	95	0	0	842142	0	0	11662	2538	88830	7046	10	24137	13631	4923	13170	2297	30546	12237	42307	104884	65056	152355	17727	14210	123767	179011	316532	192990	338070	54235	736455	603035	1014501	1115611	1869323	4973442	14994682	2950903	801180	7946	48919	563	670	0
FFQ	96	0	0	967675	0	0	9899	1828	76006	6063	37	23228	12895	4404	11533	1906	29945	11970	41199	102083	67985	148114	15066	12510	125055	181015	326226	176938	344758	50351	744077	610690	1029733	1137333	1887908	5054471	15106542	2761792	619529	4273	26748	395	397	0
FFQ	97	0	0	1121687	0	0	7823	1490	64326	4607	13	19436	9729	3268	9020	1469	28301	11680	39856	97583	67074	139471	11889	11308	124571	177851	328069	158984	347635	45293	740804	618310	1041144	1152236	1907942	5130747	15198438	2575722	475861	2273	13961	268	266	0
FFQ	98	0	0	1324536	0	0	3858	683	37472	2676	18	13734	7028	2192	6231	945	26006	11332	37293	95076	65235	128684	9385	10518	121834	177428	332364	141068	352769	41092	743282	629138	1060904	1175689	1922772	5220721	15191616	2382092	359470	1228	7223	209	168	0
FFQ	99	0	0	1586728	0	0	569	131	8933	460	0	3191	1443	448	1965	357	22908	10783	32653	88582	58871	111473	6822	9700	114679	170133	320399	120595	346588	36046	726250	638018	1075383	1194080	1944178	5294821	15182902	2205148	273333	716	3814	128	112	0
FFQ	100	0	0	1991072	0	0	0	0	1	3	0	0	0	0	53	12	24970	11230	34123	92238	60591	112701	5748	9108	115133	170021	326354	112611	349105	34142	738409	695774	1185172	1314833	2049825	5763110	14271205	1881495	186872	414	2221	82	89	0
FFQ	101	0	0	3156358	0	0	0	0	0	0	0	0	0	0	0	0	138468	112966	193438	909124	351085	562689	35697	79687	499744	684056	1751811	546274	1255372	154251	2503212	1514036	2625762	2516177	1766884	6191824	3576276	315921	37579	93	385	14	2	0
# Last Fragment Qualities. Use `grep ^LFQ | cut -f 2-` to extract this part.
# Columns correspond to qualities and rows to cycles. First column is the cycle number.
LFQ	1	0	0	0	0	0	0	0	0	0	0	75108	0	0	0	0	0	111694	0	0	1186	0	0	9339	111056	0	122063	250465	271455	248780	0	1064624	7896774	0	4084496	17821022	0	0	0	0	0	0	0	0
LFQ	2	0	0	0	0	0	0	0	0	0	0	72829	0	0	0	0	0	120125	0	0	831	0	0	16172	98241	0	118801	238451	316027	219946	0	901528	6549351	0	2082354	21333406	0	0	0	0	0	0	0	0
LFQ	3	0	0	0	0	0	0	0	0	0	0	78975	0	0	0	0	0	126010	0	0	683	0	0	22846	96287	0	120797	235872	346654	220619	0	869834	6168896	0	1870438	21910151	0	0	0	0	0	0	0	0
LFQ	4	0	0	0	0	0	0	0	0	0	0	82422	0	0	0	0	0	40930	0	0	88825	0	0	20830	0	0	95936	109848	4753	186078	0	283960	4732	405679	669273	0	4381355	0	25693441	0	0	0	0	0
LFQ	5	0	0	0	0	0	0	0	0	0	0	76893	0	0	0	0	0	40379	0	0	88583	0	0	20998	0	0	95080	110317	4874	193868	0	282528	5016	425741	693921	0	4559502	0	25470362	0	0	0	0	0
LFQ	6	0	0	559	0	0	0	54	0	9732	0	56136	17976	0	0	20	8732	8196	73778	18347	18547	0	2702	1845	28555	45	99057	102818	12906	130190	55267	277656	47228	447312	621856	14	3985448	573500	25469586	0	0	0	0	0
LFQ	7	0	0	0	0	0	39	116	0	10439	0	57757	17287	15	0	41	9417	8880	75940	19549	16957	15	3231	2144	29645	62	102550	105123	18333	128437	55796	282573	49845	455255	622165	53	4007857	561142	25427399	0	0	0	0	0
LFQ	8	0	0	4949	0	0	66	151	5	13072	0	70720	21321	30	1	47	11038	9888	86111	21036	18882	60	3737	2443	31739	42	107393	109207	28084	122847	57731	291192	49128	463130	632794	52	4035303	568970	25306893	0	0	0	0	0
LFQ	9	0	0	5731	0	0	133	134	30	12931	2	73217	22677	37	8	33	11962	9601	93091	23293	19815	131	3781	2567	31491	102	108409	39292	116691	111800	60265	291792	38944	421802	400397	306956	1306504	0	2593835	2114440	23846168	0	0	0
LFQ	10	0	0	5108	0	0	171	131	70	12591	12	68565	21449	90	10	34	11777	9219	93367	23297	20150	230	3777	2721	31869	189	108886	39003	147635	83140	60632	295683	38288	425723	405910	306826	1319237	11	2589694	2163018	23779549	0	0	0
LFQ	11	0	0	11441	0	0	224	144	136	14646	63	77087	23329	119	20	48	12670	10058	94405	24400	20403	288	4058	2825	33356	401	111866	40780	185974	46601	61311	299184	38670	430202	408858	309674	1335366	90	2619521	2204228	23645616	0	0	0
LFQ	12	0	0	10202	0	0	214	155	155	13446	178	72699	22288	168	34	59	12790	9686	97344	24741	20595	332	4229	2787	32437	640	111641	40494	218917	16550	62017	300026	37963	432823	411122	314644	1346319	293	2641716	2244089	23564269	0	0	0
LFQ	13	0	0	7552	0	0	268	163	233	13590	300	71867	21684	197	48	76	12265	9985	95613	24157	20281	384	4371	2911	32943	1046	111407	40411	223615	10796	61785	302308	37665	435816	412576	317898	1355632	547	2661635	2261754	23514283	0	0	0
LFQ	14	0	0	446	0	0	261	221	398	14093	486	73701	22704	249	75	80	1783	17171	103421	26089	20714	418	4613	3094	12806	22278	108855	39632	222517	10470	61941	143518	183080	331423	406550	350847	254780	833862	755707	2307033	1804209	5400295	18528242	0
LFQ	15	0	0	0	0	0	265	337	406	11629	679	61023	18146	267	97	170	2080	15832	95255	24752	19556	459	4582	3096	12694	22446	104700	39328	221191	10316	61493	141193	179605	332850	402018	355002	256633	831974	763045	2311204	1828110	5457860	18477769	0
LFQ	16	0	0	0	0	0	275	359	475	11547	919	59507	17683	319	189	264	2142	15852	81594	23199	18842	562	4617	3222	13436	23202	102418	40000	208449	10711	61770	141823	180000	320759	405482	347960	262709	827402	758165	2328498	1824982	5582961	18385768	0
LFQ	17	0	0	0	0	0	307	382	572	11620	1211	57905	17604	349	263	373	2437	15873	77978	23141	18971	580	4973	3375	14320	24500	103046	40310	204116	11057	62448	145426	180787	313614	408563	342013	271055	826608	760086	2346245	1819651	5636688	18319615	0
LFQ	18	0	0	0	0	0	301	403	679	12545	1657	58202	17674	387	344	398	2824	16917	77498	23462	19949	723	5334	3622	15428	27594	104482	41376	205759	12021	64550	151727	185363	315637	420151	342947	281799	835790	761623	2375120	1817505	5696780	18169491	0
LFQ	19	0	0	0	0	0	341	476	772	13254	2161	58024	16881	428	454	403	3353	14681	7268	94557	19230	760	5635	3809	16098	28718	100401	40648	200379	12197	63219	151988	182470	313585	261176	495365	286136	715141	748650	1928135	2097322	5866501	18317446	0
LFQ	20	0	0	0	0	0	352	540	914	14693	3118	62014	18215	512	515	507	3949	16428	9569	92831	20344	856	5897	4100	17767	32688	101537	42083	200502	12796	66073	158393	186639	309612	267931	494618	297510	721149	750667	1958990	2120888	5917001	18155864	0
LFQ	21	0	0	1	0	0	379	644	1051	14284	3723	54398	15460	604	646	544	4484	17097	11405	84768	19559	1013	6320	4517	19451	35713	98472	42511	198821	13301	66854	163703	186478	305990	268638	498296	307830	725987	763486	1988320	2177088	5979501	17986725	0
LFQ	22	0	0	3	0	0	327	740	1226	15692	4774	54632	15218	627	756	640	5284	18854	14223	77778	19946	1109	6871	4737	21253	40652	95896	43363	191879	14038	67103	170702	188086	301201	272807	502366	320130	734988	775808	2025215	2238436	6057394	17763308	0
LFQ	23	0	0	4	0	0	408	779	1423	16990	6050	53451	14260	728	859	737	6292	20676	17773	72884	20605	1260	7475	5183	23438	46515	93403	44541	190463	14919	69133	179460	190829	295273	278515	504256	333656	742723	788333	2071415	2297341	6144542	17511470	0
LFQ	24	0	0	4	0	0	494	947	1686	20141	8660	58033	14655	862	1039	841	7467	23891	21917	69557	22222	1370	8601	5713	26129	55792	93367	46846	190242	15957	73425	192727	198342	295396	288471	513963	353433	758266	801862	2145106	2171990	5771102	17807546	0
LFQ	25	0	0	5	0	0	476	1045	1970	20631	10247	52991	12417	983	1267	991	8709	26711	26811	62207	22157	1541	9411	6187	28836	62442	90057	47754	190588	16965	73296	206562	199318	292480	295427	524838	372158	769011	826638	2204468	2217918	5951819	17430730	0
LFQ	26	0	0	5	0	0	516	1251	2324	23076	13659	51438	10925	1119	1480	1107	10101	29469	28774	54170	23622	1834	10407	6937	31360	74411	87384	49970	186123	18220	77158	221540	206214	286065	306911	531861	394819	782817	841046	2272851	2229413	6155104	17042581	0
LFQ	27	0	0	6	0	0	506	1368	2796	25551	16844	49068	8749	1288	1671	1329	11804	32354	31420	47312	23736	2187	11480	7468	33320	84225	86447	52070	181441	19355	79228	242948	212695	280643	318252	542935	420928	799749	863128	2364205	2243214	6390100	16576242	0
LFQ	28	0	0	13	0	0	575	1677	3439	29920	22492	49405	6996	1409	2035	1513	13918	36304	33570	42644	25734	2495	13041	8258	35879	96563	86444	54492	177439	21408	83176	261871	218961	269812	331832	547980	450195	813137	878547	2448661	2239490	6595895	16160842	0
LFQ	29	0	0	15	0	0	595	1683	3476	32466	27159	47652	5199	1742	2279	1627	16689	43243	38315	34644	21340	2910	12653	8569	35187	94383	90100	50726	159211	20422	67432	284986	199491	247435	313131	521723	454594	732182	874319	2240391	2394841	5939982	17045270	0
LFQ	30	0	0	17	0	0	598	1862	3954	32744	30843	38917	2993	1863	2607	1899	19573	49368	37335	30359	22692	3250	13008	9095	37178	101529	95373	53042	152930	21548	70622	301198	205631	230339	322226	515779	481885	727476	861071	2262670	2293857	5961182	17069549	0
LFQ	31	0	0	20	0	0	618	2256	4570	37031	38405	34841	1741	2179	2828	2247	22137	53131	32273	27908	23079	3612	14670	9946	38104	106951	99580	54362	142590	23095	71637	324115	209336	212867	334503	514147	515920	725377	871954	2312421	2242891	6027608	16927112	0
LFQ	32	0	0	18	0	0	628	2403	5298	38167	43830	27310	1064	2457	3233	2653	24983	58118	27438	27627	23931	4081	16013	10528	38953	110915	104413	56809	134395	25149	74434	333911	214845	194542	345883	503392	548592	716525	864492	2356494	2159545	6077833	16886530	0
LFQ	33	0	0	18	0	0	700	2752	6079	39497	49253	20047	896	2672	3691	2983	27875	60517	20837	27117	23834	4416	16990	11685	39461	112421	111445	58344	124200	26939	75748	352926	218522	179714	359581	499092	586372	704669	875307	2403996	2108007	6096962	16811294	0
LFQ	34	0	0	22	0	0	664	2845	6385	36425	49191	12426	860	2962	4029	3501	29912	60208	14827	25979	22756	5231	18186	12342	39622	110207	116810	59524	114117	29356	76055	366264	218726	164678	373170	489448	627195	692055	890365	2448476	2061990	6125428	16754083	0
LFQ	35	0	0	26	0	0	686	3182	7321	37939	54751	8289	971	3276	4613	3887	31855	58351	10024	26907	23839	5727	19325	13237	40585	112961	115344	62154	108725	32002	78741	373482	222982	155454	388714	482111	670716	678652	902181	2501092	2032102	6181290	16612361	0
LFQ	36	0	0	25	0	0	739	3783	8596	40175	61084	5039	1072	3535	5225	4503	35084	57402	7414	28086	25062	6166	20662	14505	41778	115284	112960	65147	107228	35190	81588	371647	228451	152144	404086	471120	710497	663308	909853	2544570	2013788	6286837	16421808	0
LFQ	37	0	0	22	0	0	692	3701	8666	33953	52575	2300	1240	3917	5582	4900	36843	51916	5583	26924	23334	7245	21466	15838	43247	112665	114091	67028	101080	38464	80105	381223	230015	148353	421140	466654	757258	645946	931539	2566134	2009822	6292804	16350800	0
LFQ	38	0	0	48	0	0	814	4405	10160	36580	58725	1480	1337	4250	6366	5704	39568	47284	5013	27885	24545	7947	23155	17043	44769	115888	106619	70365	101216	42677	83123	374975	235332	150012	441078	456702	802324	633632	943096	2583980	1998228	6304216	16254171	0
LFQ	39	0	0	58	0	0	845	4766	11120	34382	54480	1038	1516	4779	7188	6477	42443	43098	4971	27516	24460	8821	22585	18538	49677	117456	103882	74517	100477	47439	85452	377503	240046	153685	463897	451413	847873	624682	963502	2501962	2102520	6309728	16129554	0
LFQ	40	0	0	58	0	0	931	5112	12385	34182	54695	996	1645	5184	8009	7282	44262	37581	5460	27855	24848	9984	23429	19945	52002	119330	96156	77374	102761	52738	87959	370677	244726	158490	485731	448298	889164	621365	982538	2522197	2111430	6360852	15956402	0
LFQ	41	0	0	30	0	0	1007	5703	13719	34377	54997	992	1842	5873	9137	8406	47072	32812	6165	29094	26198	11281	24983	21932	55121	122469	90202	82280	104744	58896	91227	368481	252332	165487	509088	446149	933090	624608	1007284	2548755	2120619	6386624	15760661	0
LFQ	42	0	0	32	0	0	1138	7239	17587	40488	65062	1055	2116	6771	10893	9783	52505	30637	7058	31247	28016	12585	27199	24355	60836	128401	85774	88129	107917	66029	96521	367927	261701	173824	535981	450741	973789	636159	1032112	2569393	2132510	6398247	15521707	0
LFQ	43	0	0	40	0	0	1223	7257	17591	35163	55692	1268	2541	7273	12440	11150	56199	25895	7738	30519	27237	14320	27530	27080	65578	129997	82851	93142	107985	75176	98409	369362	269269	179597	560385	453269	1014833	646937	1066333	2588769	2163198	6417175	15312835	0
LFQ	44	0	0	48	0	0	1278	7929	19448	35567	55342	1302	2703	7720	13198	12197	54033	20553	8374	31581	28558	15896	28643	29261	70330	132737	73187	98932	110756	83450	103990	363444	279073	188935	585111	461873	1053496	668592	1101492	2611461	2183970	6439912	15078665	0
LFQ	45	0	0	56	0	0	1487	9107	22186	37761	58031	1471	2899	8500	15373	13830	55733	16777	9162	30916	29136	22120	25611	31776	77219	134720	69149	105072	111861	94105	107029	359490	288139	197904	606766	472470	1096124	690931	1139937	2632019	2158152	6484343	14845431	0
LFQ	46	0	0	66	0	0	1634	9928	24444	38416	56347	1639	3440	9367	17562	15185	56799	13845	10138	32218	30698	25083	26733	35117	84563	139634	64378	113648	115351	105547	113321	359517	302702	209238	629802	493453	1141129	725206	1179724	2663507	2195800	6486222	14531194	0
LFQ	47	0	0	73	0	0	1808	11288	28110	41295	57325	1805	3835	10467	19898	16892	55968	11341	11233	33773	32292	28019	27571	38710	92449	143369	58022	122591	117442	119468	119517	358593	315424	221451	654226	519375	1190818	759689	1225931	2687230	2245635	6469672	14209760	0
LFQ	48	0	0	75	0	0	2048	12538	31032	43858	58461	1963	4578	11231	22465	19088	56069	9861	12038	35758	33293	30903	28881	42718	100060	145158	52224	129735	118865	133067	124962	353319	328497	232503	670270	546865	1240070	793416	1270184	2699173	2296187	6454898	13915842	0
LFQ	49	0	0	72	0	0	2240	13408	33980	45750	56749	2212	5023	12252	25687	21070	55600	8618	13079	37605	34424	34615	30091	47636	99113	154915	46848	139061	125120	149874	130148	352884	344928	245804	687728	577174	1263835	863273	1326639	2424303	2641955	6405416	13602837	0
LFQ	50	0	0	80	0	0	2548	14180	35751	46633	52676	2495	5655	13030	28261	22472	51736	7946	13868	38631	34550	37987	30539	51652	106339	154493	41134	148001	126692	165944	137072	348753	360779	259232	700453	615621	1328168	902424	1375543	2437986	2682835	6371481	13308147	0
LFQ	51	0	0	87	0	0	2458	14330	37429	48892	49934	4004	8654	18338	46819	32010	70513	6602	13343	38113	28493	57287	37723	78563	150743	207300	59849	200871	135888	312183	160285	636924	529544	400197	1345723	1033950	1509480	1241048	3059733	4488423	6963425	6135351	2897106	0
LFQ	52	0	0	97	0	0	2950	16279	42419	53808	50141	3689	8430	17263	43556	29812	53339	6336	14315	39539	31330	52144	35858	71099	138935	166346	39381	187565	128183	252291	148538	441751	462852	355556	982589	913983	1410309	1137634	1963297	3630043	6364535	8935672	3829567	0
LFQ	53	0	0	103	0	0	3295	16618	42988	53404	43648	3701	8609	16870	42769	29136	44695	6866	15211	41703	33306	53172	34967	69972	134605	150551	31366	185394	124296	237261	153748	363135	429963	328025	810963	824603	1497714	1095305	1618252	2918909	3985420	8286316	8324385	0
LFQ	54	0	0	106	0	0	2570	13193	35932	46403	34499	3748	8767	15661	42551	26651	36406	5658	13478	37183	27375	52158	32607	68754	126772	132975	27285	173022	107970	234939	135366	320381	388254	291039	708329	733373	1642013	1008751	1594136	2233485	3394308	6300672	12004286	0
LFQ	55	0	0	117	0	0	2578	13261	36522	46681	30440	3503	8151	14113	40476	25826	28948	5704	13660	37622	27380	48139	32804	66917	122011	91720	50667	170418	105509	225429	139989	281063	379350	288126	646408	734254	1785326	1040707	1575248	2083905	3102563	5556947	13198370	0
LFQ	56	0	0	134	0	0	2654	12516	35642	46371	25174	3437	8065	13376	40567	24319	23805	5614	13561	37610	26476	48212	32034	66445	118491	80614	50353	171709	102090	226677	144353	259160	378770	290403	618245	752023	1933303	1078879	1616938	1979796	3018888	5243372	13530584	0
LFQ	57	0	0	1653	0	0	2715	12497	36616	48329	22167	3707	8529	13173	41052	23560	20051	5708	13942	39695	26886	49987	32713	70131	119271	73456	51646	177825	101953	234539	151027	247289	388194	299844	608123	787240	2085676	1134282	1683892	1924176	3036263	5018564	13464091	0
LFQ	58	0	0	3325	0	0	2963	13197	39047	50852	19335	3914	9184	13450	43158	23148	17721	5704	14449	41580	26667	52934	33645	74157	119874	67757	53081	184631	101003	244411	158102	241650	401343	312256	605608	828789	2241988	1196256	1760795	1884643	3091649	4850288	13227737	0
LFQ	59	0	0	3543	0	0	3285	13341	40662	53596	16450	4273	10167	14002	45990	21780	15886	5720	14908	44644	26336	51663	32590	85368	113357	59614	52473	207757	100079	254819	165625	237738	412424	325817	607818	876963	2412411	1266303	1842484	1849011	3131169	4700589	12939447	0
LFQ	60	0	0	355	0	0	3497	13628	42500	57121	13912	4843	11352	15266	48498	21372	14413	5717	15720	47938	26478	55004	34055	90599	112886	56323	55261	218685	100136	263410	175501	236827	427964	341350	611638	927401	2596284	1341841	1930095	1815021	3221844	4558003	12547160	0
LFQ	61	0	0	286	0	0	3716	13427	43233	57771	11066	5028	11409	13747	49427	20196	13213	5891	16258	49886	25608	58088	35322	96109	111108	52377	57931	227500	100172	271259	185404	238572	442555	356641	619008	982910	2796127	1421910	2026206	1784089	3325316	4431245	12099669	0
LFQ	62	0	0	2951	0	0	4065	14449	47968	64114	9587	5650	12219	13791	52277	19449	12491	6128	17413	53941	25966	61105	36284	102810	110588	50574	61818	241143	101900	280160	196961	244885	462705	375459	631148	1043332	3001470	1509532	2129468	1750904	3431493	4273777	11599472	0
LFQ	63	0	0	7351	0	0	4279	13940	48735	64143	6931	6237	13302	13978	54673	18954	12435	6313	17865	56547	25094	64919	38017	110391	108991	49282	64407	252687	101372	285787	207318	251413	480437	392810	644139	1101768	3227114	1599691	2238803	1715112	3545724	4111373	11096833	0
LFQ	64	0	0	13254	0	0	5155	16721	57982	76023	6184	6904	14443	14545	58698	18683	12572	6762	19453	62242	25720	69808	40433	118435	108038	49876	69861	270131	103479	295099	223007	263282	502383	416614	661513	1172751	3455904	1698957	2351976	1680466	3652436	3934541	10504552	0
LFQ	65	0	0	20655	0	0	5487	15683	59225	74659	4190	7894	16893	15317	63125	19187	11940	8027	20412	54569	35565	75464	42446	116935	116497	50338	74117	281107	88838	300900	256204	276210	522029	436428	680026	1242720	3701886	1804512	2473196	1641869	3774699	3763640	9905692	0
LFQ	66	0	0	29553	0	0	5893	15398	61639	74322	2764	8321	17202	14913	63088	16988	11933	8272	21208	57739	36473	79163	43861	122248	113645	50917	78496	294930	89189	301761	271387	292387	541607	460062	702515	1313056	3968800	1912418	2597759	1591341	3887801	3586341	9312824	0
LFQ	67	0	0	40131	0	0	6331	15462	65542	75436	1775	9037	18295	14347	62730	15454	12376	8382	22319	60811	36197	84265	45606	127826	111323	51665	83245	308804	90126	300947	286735	307902	561275	482197	724631	1388229	4249754	2028410	2727026	1539800	4000840	3388488	8704130	0
LFQ	68	0	0	51848	0	0	6848	15195	67319	73367	1023	9695	18999	14444	62133	13963	12868	8405	23319	62305	36115	87458	46201	130153	107268	52364	87280	317379	90186	295645	301289	324060	572780	500535	745783	1458858	4556137	2144281	2860922	1471104	4117270	3185934	8126698	0
LFQ	69	0	0	65198	0	0	7281	15231	71394	73890	578	10641	20095	14701	61814	12683	13584	8699	23990	65820	36074	91617	47560	134359	104440	53836	92525	330207	92694	289767	317602	341202	587051	521892	773724	1537360	4872591	2270929	2999618	1403864	4207790	2970305	7514302	0
LFQ	70	0	0	79808	0	0	7967	15323	75453	73449	316	11560	21189	14792	61775	12078	14542	8948	25498	69125	36421	96846	48605	123333	88595	85496	98196	341884	94927	282300	336147	358815	601062	544630	805918	1618205	5201580	2395752	3141675	1337742	4284740	2758153	6883436	0
LFQ	71	0	0	96160	0	0	8303	13996	75194	67445	161	12653	22052	14598	59892	11085	15380	9014	26164	71773	35971	102666	49807	123522	86260	90260	104458	353976	98461	277607	354285	383773	620570	568647	842045	1717521	5535713	2528929	3275237	1264268	4370967	2538452	6228232	0
LFQ	72	0	0	113928	0	0	8580	13671	76898	64509	89	13083	22360	14479	57266	9965	16255	8844	27017	73238	35587	105661	49530	120080	83263	93640	109794	360198	101305	264212	373005	400057	628845	589975	880712	1806236	5908263	2660006	3422659	1192323	4416614	2318718	5613727	0
LFQ	73	0	0	133294	0	0	9089	12781	78026	60084	59	13344	22155	14240	52934	9009	17106	8920	28089	75561	35637	108505	49505	116802	81043	96947	115419	365601	105108	250128	389520	415497	639766	609498	919866	1903496	6294327	2794404	3570184	1114660	4438507	2099694	5004684	0
LFQ	74	0	0	153829	0	0	9153	12039	78592	55183	41	13905	21374	13906	48101	8319	17770	9293	28039	77369	34837	109625	48713	111392	79895	100482	120937	368298	109194	233664	403466	429370	648043	625907	963294	2003696	6705427	2929551	3718461	1039285	4427785	1880236	4413653	0
LFQ	75	0	0	179027	0	0	10114	12295	86278	57080	44	15087	22450	14299	47764	8124	19148	9581	30344	82865	36509	116070	50294	109823	81348	105632	129711	341117	155576	224106	429720	446771	664869	647560	1002478	2112072	7096760	3062144	3837275	959592	4372163	1649286	3825093	0
LFQ	76	0	0	203040	0	0	10348	11453	86710	51799	46	16294	23482	14796	46196	7301	20298	9479	31111	82894	36263	121243	49487	105217	82059	109570	135689	342668	164269	213473	444606	462698	675762	667763	1046258	2222735	7519022	3194312	3953333	872654	4306552	1428826	3278677	0
LFQ	77	0	0	226282	0	0	10820	11180	88838	48856	32	17562	24928	15548	43653	6941	21311	9719	32150	85117	37056	124980	49493	100456	82987	113769	142551	343161	171655	199400	461295	474897	687165	686171	1084928	2327731	7966562	3324707	4052940	787052	4193940	1214075	2775924	0
LFQ	78	0	0	249396	0	0	11631	10444	91605	45822	46	18522	25937	15915	40923	6627	22066	9692	33065	87578	37694	128849	49521	94113	85126	118173	150756	343286	179375	186160	478047	482888	697380	699241	1122861	2432371	8440051	3448061	4140442	705545	4031529	1014070	2307941	0
LFQ	79	0	0	276867	0	0	11721	10145	93986	42565	39	19622	25352	15744	38469	6202	23425	10114	34418	89918	38025	133496	48818	87827	87445	122658	158466	344453	189516	174437	496215	494651	714488	718215	1163214	2552332	8897491	3572794	4195020	625055	3819946	829775	1876095	0
LFQ	80	0	0	306802	0	0	12693	10073	101045	41383	46	20400	24419	16329	36192	6021	24748	10745	36111	94979	39723	138959	49038	83061	91511	128337	170227	347263	199900	164033	518337	505002	737517	741752	1206686	2684621	9343815	3678447	4205419	551700	3561322	664509	1481423	0
LFQ	81	0	0	338623	0	0	13676	9804	105528	39343	37	22275	25341	17013	34665	5915	26464	11116	37897	98853	42399	146930	49456	78378	95409	135166	181701	349624	210836	154047	543944	519581	760185	765443	1246045	2820050	9789070	3771529	4171574	480027	3274045	518724	1138578	0
LFQ	82	0	0	371636	0	0	14115	9235	107194	36108	42	23461	25830	17484	32436	5545	27903	10827	39341	99963	44184	152077	49069	71912	99171	140023	193131	348362	220783	144405	560833	525306	779151	786976	1284608	2950574	10254706	3866575	4108166	410219	2965375	392505	853660	0
LFQ	83	0	0	406036	0	0	14785	9009	111975	33725	40	24547	25882	17661	30476	5311	29182	11437	40534	102556	46520	157748	48545	66036	102153	145719	204468	346059	231623	133569	583689	532149	800569	808069	1320534	3089366	10713781	3936088	4003726	347894	2625022	289572	619371	0
LFQ	84	0	0	442605	0	0	15335	8738	117239	32083	78	26332	26833	18360	28633	5065	30386	11567	41834	104229	49116	163210	47801	59976	107210	151568	215732	341568	244902	124353	602908	539681	825819	834075	1358687	3237750	11157501	3986411	3847533	290664	2272942	206428	431285	0
LFQ	85	0	0	481838	0	0	15637	8075	117075	28335	81	28156	27416	19085	26282	4826	31625	11798	43597	107124	52322	167976	46444	54368	110973	156131	227574	337259	254115	114509	621449	545605	845062	854171	1389136	3370076	11622493	4023259	3656944	237843	1925588	140576	291265	0
LFQ	86	0	0	523861	0	0	16508	7863	124120	26612	76	29449	26696	19612	23054	4896	32877	12635	44994	111452	55745	173294	44663	48508	115344	162526	242667	331020	266758	107226	641557	549915	869034	872501	1420131	3501693	12060000	4035405	3425108	192110	1584282	91747	188014	0
LFQ	87	0	0	568817	0	0	16700	7167	123512	23664	56	30841	26910	20107	20846	4440	34306	12541	46797	112249	58977	178974	43249	43216	119719	167954	256049	322636	279111	98818	660313	557239	892138	901767	1451276	3648969	12467616	4024215	3157727	150455	1269322	56842	114590	0
LFQ	88	0	0	617626	0	0	17623	6637	127736	21200	59	31700	25962	20296	18171	4284	35604	12903	47931	115180	61401	181009	40703	38188	123287	173557	269627	309892	290264	91477	676064	561370	911552	922651	1485643	3792654	12865975	3984336	2871997	115862	983547	33995	66404	0
LFQ	89	0	0	670137	0	0	17766	6266	127066	19393	68	33157	25529	20585	15971	4028	36831	13273	49119	116432	65560	185408	38108	32809	128448	178134	282907	299249	302755	85226	691968	565952	931471	946202	1511774	3913691	13249363	3927153	2564574	85667	739139	18864	36413	0
LFQ	90	0	0	728151	0	0	17989	5748	127134	17335	63	34360	25115	20249	13857	3796	37654	13362	50025	117291	68921	186851	35568	28521	131499	183360	297035	284673	314218	78791	707700	569246	949514	968332	1532732	4033577	13620351	3838380	2250039	61761	533498	10154	19099	0
LFQ	91	0	0	793333	0	0	17816	4984	123238	15248	57	34749	23904	19768	11628	3316	38390	13721	50478	117085	72345	186478	32060	24881	134363	187595	308172	268955	324194	73004	719031	574944	968851	992221	1559034	4162615	13951192	3724601	1931938	43594	370382	5115	9640	0
LFQ	92	0	0	868855	0	0	17187	4343	118255	13171	53	33491	21605	18851	8861	3132	38281	13817	50113	117516	74395	182854	28174	21417	136602	191615	320088	249754	337445	67629	730644	583136	985954	1015731	1588546	4300669	14238884	3576791	1626633	29396	245872	2764	4701	0
LFQ	93	0	0	954714	0	0	16826	3790	112952	11401	62	32675	19622	18483	6999	2901	38550	13818	50847	117382	76617	180655	24769	18741	139192	194414	330409	230902	345788	62184	740470	591115	1003693	1041626	1614755	4429587	14480326	3414284	1339204	18777	155918	1505	2581	0
LFQ	94	0	0	1055125	0	0	16624	3311	112185	10360	58	32663	18417	18001	5562	2661	39186	14489	51418	120807	80390	179695	21570	16683	142768	200695	346856	216679	358088	57718	755140	599096	1019657	1063356	1631834	4530300	14666024	3235054	1076743	11521	93786	883	1474	0
LFQ	95	0	0	1166299	0	0	14483	2594	96842	8752	53	31097	16756	5412	14772	2234	38240	13723	50158	114038	80841	174273	18246	14419	142322	199409	351706	196044	363448	52406	755612	602905	1027793	1081255	1649670	4609835	14896791	3063702	853120	6851	53997	587	858	0
LFQ	96	0	0	1301145	0	0	13016	2071	88703	7241	37	28161	13813	4451	13133	1840	36677	13687	48479	114549	81352	164761	14816	13009	142228	200446	358961	177745	370710	48049	759904	610786	1041724	1095884	1671587	4697583	15030965	2867909	662975	3815	29473	355	537	0
LFQ	97	0	0	1466332	0	0	9771	1454	71915	5626	25	23951	11108	3388	10755	1456	35084	13373	47198	110449	81229	156389	12320	11794	140720	199042	364724	159997	374134	43438	760238	617382	1054445	1114742	1681584	4765520	15138617	2674588	509627	2112	15254	232	392	0
LFQ	98	0	0	1668013	0	0	5315	760	45456	3345	21	16177	7006	2100	7190	1000	31811	13175	43203	105177	77315	141217	8965	10974	136769	193812	360693	139052	374213	38827	754449	622277	1064938	1128767	1702348	4833143	15223432	2484884	388466	1126	8121	172	260	0
LFQ	99	0	0	1923235	0	0	1105	169	14181	820	7	5136	2212	607	2872	426	28730	13172	39440	104834	71837	127095	6991	10811	133589	191333	361261	123036	377746	34894	754135	631798	1083314	1148721	1719280	4910841	15177890	2290880	295722	640	4293	112	175	0
LFQ	100	0	0	2217555	0	0	0	0	2	4	0	1	0	0	127	23	27338	13193	35134	100162	63878	109002	4855	10255	119778	174792	330592	98351	355394	29585	706047	637854	1089716	1155690	1731673	4949056	15213432	2129953	232189	399	2485	80	122	0
LFQ	101	0	0	2887198	0	0	0	0	0	0	0	0	0	0	0	0	101294	77385	127934	578488	243492	362880	19267	57320	370793	512384	1239236	344527	1001704	110042	1982456	1345961	2366808	2323122	2022220	6965014	5820763	558882	59241	187	545	34	8	0
# GC Content of first fragments. Use `grep ^GCF | cut -f 2-` to extract this part.
GCF	1.26	0
GCF	3.52	1
GCF	5.03	3
GCF	6.03	1
GCF	7.54	4
GCF	9.05	12
GCF	10.05	19
GCF	11.06	38
GCF	12.06	99
GCF	12.81	226
GCF	13.32	228
GCF	13.82	432
GCF	14.32	431
GCF	14.82	910
GCF	15.33	924
GCF	15.83	1962
GCF	16.33	1972
GCF	16.83	3791
GCF	17.34	3825
GCF	17.84	7554
GCF	18.34	7599
GCF	18.84	13462
GCF	19.35	13564
GCF	19.85	23203
GCF	20.35	23292
GCF	20.85	37393
GCF	21.36	37566
GCF	21.86	56455
GCF	22.36	56638
GCF	22.86	83433
GCF	23.37	83737
GCF	23.87	116591
GCF	24.37	117038
GCF	24.87	159071
GCF	25.38	159571
GCF	25.88	211006
GCF	26.38	211745
GCF	26.88	272616
GCF	27.39	273358
GCF	27.89	341517
GCF	28.39	342245
GCF	28.89	412652
GCF	29.40	413764
GCF	29.90	485686
GCF	30.40	486533
GCF	30.90	565202
GCF	31.41	566575
GCF	31.91	643409
GCF	32.41	644777
GCF	32.91	727095
GCF	33.42	797233
GCF	33.92	798516
GCF	34.42	861901
GCF	34.92	863051
GCF	35.43	925337
GCF	35.93	925825
GCF	36.43	984170
GCF	36.93	984833
GCF	37.44	1031329
GCF	37.94	1031960
GCF	38.44	1072689
GCF	38.94	1072758
GCF	39.45	1095308
GCF	39.95	1095564
GCF	40.45	1110873
GCF	40.95	1110756
GCF	41.46	1103376
GCF	41.96	1103041
GCF	42.46	1098717
GCF	42.96	1098408
GCF	43.47	1079410
GCF	43.97	1078744
GCF	44.47	1050310
GCF	44.97	1049704
GCF	45.48	1018980
GCF	45.98	1018472
GCF	46.48	983444
GCF	46.98	983048
GCF	47.49	952570
GCF	47.99	951939
GCF	48.49	918341
GCF	48.99	917935
GCF	49.50	890609
GCF	50.00	890058
GCF	50.50	857663
GCF	51.01	857079
GCF	51.51	825799
GCF	52.01	825761
GCF	52.51	796052
GCF	53.02	795601
GCF	53.52	772298
GCF	54.02	771927
GCF	54.52	745275
GCF	55.03	745193
GCF	55.53	722409
GCF	56.03	722076
GCF	56.53	697507
GCF	57.04	697188
GCF	57.54	668216
GCF	58.04	668057
GCF	58.54	640771
GCF	59.05	640349
GCF	59.55	609925
GCF	60.05	609723
GCF	60.55	568380
GCF	61.06	567717
GCF	61.56	523080
GCF	62.06	522718
GCF	62.56	475522
GCF	63.07	475066
GCF	63.57	427447
GCF	64.07	427025
GCF	64.57	375969
GCF	65.08	375463
GCF	65.58	323161
GCF	66.08	322638
GCF	66.58	270388
GCF	67.09	217264
GCF	67.59	216883
GCF	68.09	167129
GCF	68.59	166706
GCF	69.10	120242
GCF	69.60	119913
GCF	70.10	82397
GCF	70.60	82060
GCF	71.11	51451
GCF	71.61	51255
GCF	72.11	29471
GCF	72.61	29296
GCF	73.12	15536
GCF	73.62	15389
GCF	74.12	7419
GCF	74.62	7344
GCF	75.13	3268
GCF	75.63	3180
GCF	76.13	1422
GCF	76.63	1394
GCF	77.14	682
GCF	77.64	659
GCF	78.14	335
GCF	78.64	329
GCF	79.15	212
GCF	79.65	208
GCF	80.15	73
GCF	80.65	69
GCF	81.41	49
GCF	82.41	36
GCF	83.17	12
GCF	83.67	13
GCF	84.42	5
GCF	85.43	3
GCF	86.18	2
GCF	86.68	1
GCF	88.94	0
GCF	91.46	1
GCF	93.47	0
GCF	95.48	1
# GC Content of last fragments. Use `grep ^GCL | cut -f 2-` to extract this part.
GCL	0.25	4
GCL	1.01	8
GCL	2.01	11
GCL	3.02	6
GCL	4.02	8
GCL	5.03	7
GCL	6.03	18
GCL	7.54	15
GCL	9.05	26
GCL	10.05	32
GCL	10.80	57
GCL	11.31	58
GCL	12.06	154
GCL	12.81	260
GCL	13.32	263
GCL	14.07	513
GCL	14.82	992
GCL	15.33	1004
GCL	15.83	2016
GCL	16.33	2022
GCL	16.83	4000
GCL	17.34	4036
GCL	17.84	8049
GCL	18.34	8095
GCL	18.84	14120
GCL	19.35	14223
GCL	19.85	24045
GCL	20.35	24138
GCL	20.85	38515
GCL	21.36	38681
GCL	21.86	58583
GCL	22.36	58781
GCL	22.86	85357
GCL	23.37	85649
GCL	23.87	118856
GCL	24.37	119303
GCL	24.87	163379
GCL	25.38	163905
GCL	25.88	216168
GCL	26.38	216904
GCL	26.88	277476
GCL	27.39	278223
GCL	27.89	346989
GCL	28.39	347748
GCL	28.89	420412
GCL	29.40	421519
GCL	29.90	493788
GCL	30.40	494538
GCL	30.90	572263
GCL	31.41	573699
GCL	31.91	655175
GCL	32.41	656529
GCL	32.91	734633
GCL	33.42	805782
GCL	33.92	807071
GCL	34.42	870978
GCL	34.92	872059
GCL	35.43	933316
GCL	35.93	933856
GCL	36.43	989521
GCL	36.93	990108
GCL	37.44	1037096
GCL	37.94	1037795
GCL	38.44	1076302
GCL	38.94	1076399
GCL	39.45	1096003
GCL	39.95	1096218
GCL	40.45	1108944
GCL	40.95	1108881
GCL	41.46	1104053
GCL	41.96	1103665
GCL	42.46	1096999
GCL	42.96	1096679
GCL	43.47	1075065
GCL	43.97	1074532
GCL	44.47	1048245
GCL	44.97	1047641
GCL	45.48	1017569
GCL	45.98	1017090
GCL	46.48	980281
GCL	46.98	979866
GCL	47.49	948723
GCL	47.99	948039
GCL	48.49	912991
GCL	48.99	912513
GCL	49.50	885534
GCL	50.00	884952
GCL	50.50	851587
GCL	51.01	851076
GCL	51.51	820060
GCL	52.01	819966
GCL	52.51	793350
GCL	53.02	792896
GCL	53.52	767501
GCL	54.02	767142
GCL	54.52	741370
GCL	55.03	741272
GCL	55.53	716800
GCL	56.03	716377
GCL	56.53	693104
GCL	57.04	692882
GCL	57.54	664311
GCL	58.04	664072
GCL	58.54	635201
GCL	59.05	634846
GCL	59.55	603375
GCL	60.05	603204
GCL	60.55	564877
GCL	61.06	564295
GCL	61.56	518493
GCL	62.06	518057
GCL	62.56	471387
GCL	63.07	470859
GCL	63.57	423160
GCL	64.07	422795
GCL	64.57	371985
GCL	65.08	371521
GCL	65.58	319460
GCL	66.08	318914
GCL	66.58	266756
GCL	67.09	214807
GCL	67.59	214399
GCL	68.09	165009
GCL	68.59	164541
GCL	69.10	118960
GCL	69.60	118660
GCL	70.10	80878
GCL	70.60	80557
GCL	71.11	50637
GCL	71.61	50432
GCL	72.11	29558
GCL	72.61	29363
GCL	73.12	15520
GCL	73.62	15366
GCL	74.12	7531
GCL	74.62	7446
GCL	75.13	3401
GCL	75.63	3317
GCL	76.13	1493
GCL	76.63	1459
GCL	77.14	711
GCL	77.64	695
GCL	78.14	369
GCL	78.64	360
GCL	79.15	212
GCL	79.65	210
GCL	80.15	121
GCL	80.65	118
GCL	81.16	59
GCL	81.66	58
GCL	82.41	37
GCL	83.17	11
GCL	83.67	12
GCL	84.42	9
GCL	85.43	5
GCL	86.93	3
GCL	88.44	0
GCL	89.95	1
GCL	92.96	0
GCL	95.48	2
GCL	96.98	1
# ACGT content per cycle. Use `grep ^GCC | cut -f 2-` to extract this part. The columns are: cycle; A,C,G,T base counts as a percentage of all A/C/G/T bases [%]; and N and O counts as a percentage of all A/C/G/T bases [%]
GCC	1	29.36	20.58	20.04	30.02	0.08	0.00
GCC	2	27.83	21.85	21.72	28.60	0.00	0.00
GCC	3	26.90	22.67	22.58	27.86	0.00	0.00
GCC	4	26.58	23.05	23.01	27.36	0.01	0.00
GCC	5	27.79	21.86	21.79	28.55	0.00	0.00
GCC	6	26.42	23.24	23.18	27.16	0.00	0.00
GCC	7	27.15	22.49	22.44	27.92	0.00	0.00
GCC	8	27.33	22.26	22.27	28.13	0.01	0.00
GCC	9	27.27	22.30	22.32	28.11	0.01	0.00
GCC	10	26.89	22.69	22.70	27.72	0.01	0.00
GCC	11	26.94	22.61	22.61	27.84	0.02	0.00
GCC	12	26.92	22.64	22.62	27.82	0.02	0.00
GCC	13	27.07	22.48	22.45	28.00	0.01	0.00
GCC	14	27.06	22.48	22.46	28.01	0.00	0.00
GCC	15	26.95	22.57	22.54	27.94	0.00	0.00
GCC	16	26.99	22.52	22.51	27.98	0.00	0.00
GCC	17	26.96	22.55	22.52	27.97	0.00	0.00
GCC	18	26.85	22.64	22.64	27.87	0.00	0.00
GCC	19	26.86	22.64	22.59	27.90	0.00	0.00
GCC	20	26.86	22.62	22.60	27.93	0.00	0.00
GCC	21	26.77	22.69	22.67	27.87	0.00	0.00
GCC	22	26.79	22.67	22.65	27.89	0.00	0.00
GCC	23	26.80	22.66	22.61	27.93	0.00	0.00
GCC	24	26.70	22.75	22.71	27.84	0.00	0.00
GCC	25	26.74	22.69	22.66	27.91	0.00	0.00
GCC	26	26.74	22.68	22.64	27.94	0.00	0.00
GCC	27	26.66	22.75	22.72	27.87	0.00	0.00
GCC	28	26.68	22.70	22.68	27.94	0.00	0.00
GCC	29	26.69	22.69	22.67	27.95	0.00	0.00
GCC	30	26.61	22.77	22.74	27.88	0.00	0.00
GCC	31	26.63	22.74	22.71	27.92	0.08	0.00
GCC	32	26.63	22.73	22.71	27.93	0.06	0.00
GCC	33	26.54	22.82	22.78	27.87	0.00	0.00
GCC	34	26.57	22.76	22.75	27.92	0.00	0.00
GCC	35	26.58	22.75	22.73	27.94	0.00	0.00
GCC	36	26.48	22.84	22.80	27.87	0.00	0.00
GCC	37	26.52	22.79	22.76	27.94	0.00	0.00
GCC	38	26.53	22.77	22.74	27.95	0.00	0.00
GCC	39	26.45	22.83	22.82	27.91	0.00	0.00
GCC	40	26.50	22.79	22.77	27.94	0.00	0.00
GCC	41	26.49	22.79	22.75	27.96	0.00	0.00
GCC	42	26.41	22.86	22.84	27.90	0.00	0.00
GCC	43	26.44	22.83	22.79	27.94	0.00	0.00
GCC	44	26.46	22.81	22.77	27.96	0.00	0.00
GCC	45	26.39	22.87	22.84	27.90	0.00	0.00
GCC	46	26.41	22.83	22.80	27.96	0.00	0.00
GCC	47	26.43	22.81	22.79	27.98	0.00	0.00
GCC	48	26.36	22.86	22.85	27.92	0.00	0.00
GCC	49	26.39	22.84	22.81	27.96	0.00	0.00
GCC	50	26.41	22.81	22.80	27.97	0.00	0.00
GCC	51	26.35	22.86	22.85	27.94	0.00	0.00
GCC	52	26.37	22.85	22.84	27.94	0.00	0.00
GCC	53	26.39	22.82	22.81	27.99	0.00	0.00
GCC	54	26.32	22.88	22.88	27.92	0.00	0.00
GCC	55	26.35	22.84	22.84	27.96	0.00	0.00
GCC	56	26.36	22.84	22.81	27.98	0.00	0.00
GCC	57	26.31	22.88	22.86	27.95	0.00	0.00
GCC	58	26.34	22.85	22.83	27.97	0.00	0.00
GCC	59	26.35	22.82	22.82	28.00	0.01	0.00
GCC	60	26.30	22.89	22.88	27.93	0.00	0.00
GCC	61	26.33	22.86	22.84	27.96	0.00	0.00
GCC	62	26.34	22.85	22.84	27.98	0.00	0.00
GCC	63	26.29	22.88	22.89	27.94	0.00	0.00
GCC	64	26.33	22.86	22.86	27.96	0.00	0.00
GCC	65	26.34	22.85	22.85	27.97	0.00	0.00
GCC	66	26.28	22.90	22.89	27.93	0.00	0.00
GCC	67	26.31	22.87	22.87	27.95	0.00	0.00
GCC	68	26.33	22.84	22.86	27.96	0.00	0.00
GCC	69	26.26	22.92	22.91	27.91	0.00	0.00
GCC	70	26.31	22.87	22.87	27.95	0.00	0.00
GCC	71	26.32	22.86	22.88	27.95	0.00	0.00
GCC	72	26.28	22.90	22.91	27.92	0.00	0.00
GCC	73	26.31	22.87	22.88	27.94	0.00	0.00
GCC	74	26.33	22.87	22.86	27.94	0.00	0.00
GCC	75	26.28	22.92	22.92	27.88	0.00	0.00
GCC	76	26.30	22.89	22.89	27.91	0.01	0.00
GCC	77	26.34	22.87	22.87	27.93	0.00	0.00
GCC	78	26.27	22.92	22.93	27.88	0.00	0.00
GCC	79	26.31	22.89	22.89	27.91	0.00	0.00
GCC	80	26.32	22.88	22.87	27.92	0.00	0.00
GCC	81	26.29	22.92	22.92	27.86	0.00	0.00
GCC	82	26.32	22.90	22.90	27.89	0.00	0.00
GCC	83	26.32	22.88	22.88	27.91	0.00	0.00
GCC	84	26.28	22.93	22.93	27.85	0.00	0.00
GCC	85	26.32	22.91	22.89	27.89	0.00	0.00
GCC	86	26.33	22.89	22.90	27.89	0.00	0.00
GCC	87	26.30	22.93	22.92	27.85	0.00	0.00
GCC	88	26.32	22.91	22.90	27.87	0.00	0.00
GCC	89	26.34	22.91	22.89	27.86	0.00	0.00
GCC	90	26.31	22.93	22.94	27.82	0.00	0.00
GCC	91	26.33	22.91	22.90	27.86	0.00	0.00
GCC	92	26.35	22.90	22.89	27.86	0.00	0.00
GCC	93	26.31	22.94	22.93	27.82	0.00	0.00
GCC	94	26.34	22.92	22.91	27.84	0.00	0.00
GCC	95	26.35	22.91	22.90	27.84	0.00	0.00
GCC	96	26.31	22.96	22.93	27.80	0.00	0.00
GCC	97	26.35	22.93	22.90	27.82	0.00	0.00
GCC	98	26.37	22.90	22.89	27.84	0.00	0.00
GCC	99	26.31	22.95	22.96	27.79	0.00	0.00
GCC	100	26.36	22.93	22.91	27.80	0.00	0.00
GCC	101	26.12	23.15	23.14	27.59	0.00	0.00
# ACGT content per cycle, read oriented. Use `grep ^GCT | cut -f 2-` to extract this part. The columns are: cycle; A,C,G,T base counts as a percentage of all A/C/G/T bases [%]
GCT	1	27.91	24.84	15.78	31.47
GCT	2	30.50	19.49	24.08	25.92
GCT	3	27.08	22.48	22.76	27.68
GCT	4	26.38	24.08	21.98	27.56
GCT	5	27.34	21.78	21.88	29.00
GCT	6	27.15	23.80	22.62	26.43
GCT	7	26.67	22.34	22.59	28.40
GCT	8	27.03	22.92	21.61	28.44
GCT	9	26.38	23.06	21.56	29.01
GCT	10	27.06	23.17	22.21	27.56
GCT	11	26.94	23.04	22.18	27.84
GCT	12	27.00	22.98	22.29	27.74
GCT	13	27.19	22.81	22.13	27.88
GCT	14	27.23	22.74	22.19	27.84
GCT	15	27.04	23.00	22.10	27.85
GCT	16	27.06	22.95	22.08	27.91
GCT	17	27.02	22.90	22.17	27.91
GCT	18	26.89	23.11	22.17	27.83
GCT	19	26.92	23.07	22.16	27.85
GCT	20	26.97	22.95	22.26	27.82
GCT	21	26.87	23.07	22.29	27.77
GCT	22	26.93	23.07	22.25	27.75
GCT	23	26.97	22.95	22.32	27.76
GCT	24	26.87	23.12	22.35	27.67
GCT	25	26.94	23.08	22.27	27.71
GCT	26	27.00	22.95	22.37	27.68
GCT	27	26.91	23.08	22.39	27.62
GCT	28	26.99	23.05	22.34	27.63
GCT	29	27.02	22.93	22.42	27.63
GCT	30	26.91	23.07	22.45	27.57
GCT	31	26.98	23.04	22.41	27.57
GCT	32	27.02	22.94	22.50	27.54
GCT	33	26.93	23.08	22.52	27.47
GCT	34	27.01	23.04	22.47	27.48
GCT	35	27.06	22.96	22.53	27.46
GCT	36	26.94	23.09	22.55	27.42
GCT	37	27.00	23.05	22.49	27.45
GCT	38	27.03	22.95	22.56	27.45
GCT	39	26.93	23.07	22.58	27.42
GCT	40	27.00	23.03	22.53	27.44
GCT	41	27.02	22.95	22.59	27.44
GCT	42	26.94	23.08	22.61	27.37
GCT	43	26.98	23.05	22.57	27.40
GCT	44	27.02	22.96	22.61	27.41
GCT	45	26.93	23.08	22.63	27.36
GCT	46	26.99	23.04	22.59	27.38
GCT	47	27.04	22.94	22.66	27.37
GCT	48	26.95	23.06	22.66	27.34
GCT	49	26.99	23.05	22.61	27.35
GCT	50	27.04	22.96	22.65	27.35
GCT	51	26.97	23.03	22.67	27.32
GCT	52	26.97	23.03	22.65	27.35
GCT	53	27.01	22.94	22.69	27.36
GCT	54	26.93	23.07	22.68	27.31
GCT	55	27.00	23.02	22.66	27.32
GCT	56	27.02	22.94	22.71	27.33
GCT	57	26.96	23.04	22.70	27.29
GCT	58	27.01	23.02	22.67	27.30
GCT	59	27.04	22.93	22.71	27.31
GCT	60	26.95	23.05	22.72	27.28
GCT	61	27.00	23.01	22.69	27.29
GCT	62	27.02	22.93	22.75	27.30
GCT	63	26.95	23.03	22.74	27.28
GCT	64	27.01	22.98	22.73	27.28
GCT	65	27.05	22.90	22.79	27.26
GCT	66	26.98	22.99	22.79	27.24
GCT	67	27.01	23.00	22.74	27.25
GCT	68	27.04	22.91	22.79	27.25
GCT	69	26.96	23.03	22.80	27.21
GCT	70	27.03	22.97	22.77	27.23
GCT	71	27.05	22.89	22.84	27.22
GCT	72	26.98	22.99	22.82	27.21
GCT	73	27.03	22.97	22.79	27.22
GCT	74	27.06	22.88	22.84	27.21
GCT	75	26.99	22.97	22.87	27.17
GCT	76	27.04	22.96	22.82	27.18
GCT	77	27.08	22.86	22.88	27.18
GCT	78	27.01	22.95	22.90	27.14
GCT	79	27.06	22.92	22.86	27.15
GCT	80	27.09	22.86	22.90	27.15
GCT	81	27.03	22.94	22.90	27.12
GCT	82	27.08	22.93	22.87	27.13
GCT	83	27.09	22.85	22.91	27.14
GCT	84	27.04	22.94	22.93	27.10
GCT	85	27.09	22.93	22.87	27.11
GCT	86	27.12	22.84	22.95	27.10
GCT	87	27.07	22.91	22.94	27.08
GCT	88	27.12	22.89	22.93	27.07
GCT	89	27.13	22.82	22.98	27.07
GCT	90	27.09	22.90	22.97	27.04
GCT	91	27.12	22.89	22.92	27.07
GCT	92	27.14	22.83	22.97	27.07
GCT	93	27.09	22.89	22.98	27.04
GCT	94	27.14	22.87	22.96	27.03
GCT	95	27.16	22.81	23.00	27.03
GCT	96	27.11	22.88	23.01	27.01
GCT	97	27.16	22.86	22.98	27.00
GCT	98	27.20	22.77	23.02	27.01
GCT	99	27.12	22.86	23.04	26.98
GCT	100	27.18	22.84	23.00	26.98
GCT	101	27.14	22.94	23.35	26.57
# ACGT content per cycle for first fragments. Use `grep ^FBC | cut -f 2-` to extract this part. The columns are: cycle; A,C,G,T base counts as a percentage of all A/C/G/T bases [%]; and N and O counts as a percentage of all A/C/G/T bases [%]
FBC	1	29.32	20.73	19.94	30.01	0.17	0.00
FBC	2	27.74	21.95	21.84	28.47	0.00	0.00
FBC	3	26.85	22.69	22.60	27.85	0.00	0.00
FBC	4	26.56	23.07	23.01	27.36	0.02	0.00
FBC	5	27.69	21.96	21.89	28.46	0.00	0.00
FBC	6	26.34	23.34	23.26	27.06	0.00	0.00
FBC	7	27.10	22.54	22.49	27.88	0.00	0.00
FBC	8	27.22	22.39	22.37	28.03	0.00	0.00
FBC	9	27.17	22.41	22.40	28.03	0.00	0.00
FBC	10	26.81	22.78	22.77	27.64	0.00	0.00
FBC	11	26.86	22.70	22.68	27.75	0.00	0.00
FBC	12	26.83	22.72	22.70	27.75	0.00	0.00
FBC	13	26.99	22.56	22.51	27.94	0.00	0.00
FBC	14	27.00	22.53	22.52	27.95	0.00	0.00
FBC	15	26.89	22.64	22.58	27.89	0.00	0.00
FBC	16	26.94	22.58	22.55	27.93	0.00	0.00
FBC	17	26.90	22.61	22.57	27.91	0.00	0.00
FBC	18	26.80	22.71	22.67	27.82	0.00	0.00
FBC	19	26.82	22.68	22.62	27.87	0.00	0.00
FBC	20	26.81	22.67	22.63	27.89	0.00	0.00
FBC	21	26.72	22.74	22.71	27.83	0.00	0.00
FBC	22	26.75	22.72	22.68	27.85	0.00	0.00
FBC	23	26.77	22.71	22.63	27.89	0.00	0.00
FBC	24	26.66	22.80	22.73	27.81	0.00	0.00
FBC	25	26.71	22.74	22.67	27.88	0.00	0.00
FBC	26	26.71	22.72	22.67	27.90	0.00	0.00
FBC	27	26.63	22.78	22.74	27.84	0.00	0.00
FBC	28	26.66	22.74	22.70	27.91	0.00	0.00
FBC	29	26.67	22.72	22.67	27.94	0.00	0.00
FBC	30	26.57	22.81	22.76	27.86	0.00	0.00
FBC	31	26.61	22.77	22.73	27.89	0.16	0.00
FBC	32	26.61	22.76	22.72	27.91	0.13	0.00
FBC	33	26.51	22.84	22.80	27.85	0.00	0.00
FBC	34	26.56	22.79	22.75	27.90	0.00	0.00
FBC	35	26.55	22.78	22.75	27.92	0.00	0.00
FBC	36	26.47	22.86	22.81	27.86	0.00	0.00
FBC	37	26.49	22.81	22.76	27.93	0.00	0.00
FBC	38	26.52	22.79	22.76	27.93	0.00	0.00
FBC	39	26.42	22.85	22.84	27.88	0.00	0.00
FBC	40	26.48	22.82	22.78	27.92	0.00	0.00
FBC	41	26.48	22.81	22.77	27.95	0.00	0.00
FBC	42	26.38	22.87	22.85	27.89	0.00	0.00
FBC	43	26.42	22.84	22.81	27.93	0.00	0.00
FBC	44	26.45	22.83	22.78	27.95	0.00	0.00
FBC	45	26.38	22.88	22.85	27.89	0.00	0.00
FBC	46	26.40	22.85	22.81	27.94	0.00	0.00
FBC	47	26.41	22.83	22.81	27.95	0.00	0.00
FBC	48	26.36	22.88	22.85	27.91	0.00	0.00
FBC	49	26.38	22.86	22.81	27.95	0.00	0.00
FBC	50	26.40	22.83	22.80	27.96	0.00	0.00
FBC	51	26.34	22.88	22.86	27.92	0.00	0.00
FBC	52	26.38	22.86	22.84	27.93	0.00	0.00
FBC	53	26.37	22.84	22.82	27.97	0.00	0.00
FBC	54	26.30	22.90	22.89	27.91	0.00	0.00
FBC	55	26.34	22.86	22.85	27.95	0.00	0.00
FBC	56	26.35	22.85	22.84	27.96	0.00	0.00
FBC	57	26.29	22.90	22.87	27.93	0.00	0.00
FBC	58	26.34	22.86	22.84	27.96	0.00	0.00
FBC	59	26.34	22.84	22.84	27.98	0.00	0.00
FBC	60	26.28	22.91	22.90	27.91	0.00	0.00
FBC	61	26.32	22.88	22.86	27.94	0.00	0.00
FBC	62	26.32	22.86	22.85	27.97	0.00	0.00
FBC	63	26.27	22.90	22.90	27.93	0.00	0.00
FBC	64	26.32	22.86	22.86	27.95	0.00	0.00
FBC	65	26.32	22.87	22.85	27.96	0.00	0.00
FBC	66	26.26	22.92	22.89	27.93	0.00	0.00
FBC	67	26.29	22.89	22.88	27.95	0.00	0.00
FBC	68	26.32	22.86	22.87	27.96	0.00	0.00
FBC	69	26.24	22.94	22.93	27.89	0.00	0.00
FBC	70	26.31	22.87	22.87	27.94	0.00	0.00
FBC	71	26.30	22.88	22.89	27.94	0.00	0.00
FBC	72	26.26	22.91	22.92	27.91	0.00	0.00
FBC	73	26.30	22.89	22.89	27.92	0.00	0.00
FBC	74	26.33	22.88	22.86	27.92	0.00	0.00
FBC	75	26.26	22.94	22.94	27.87	0.00	0.00
FBC	76	26.30	22.91	22.88	27.91	0.00	0.00
FBC	77	26.34	22.87	22.86	27.93	0.00	0.00
FBC	78	26.26	22.93	22.93	27.88	0.00	0.00
FBC	79	26.31	22.91	22.89	27.90	0.00	0.00
FBC	80	26.31	22.89	22.87	27.92	0.00	0.00
FBC	81	26.28	22.93	22.93	27.86	0.00	0.00
FBC	82	26.32	22.90	22.90	27.88	0.00	0.00
FBC	83	26.33	22.88	22.89	27.90	0.00	0.00
FBC	84	26.28	22.94	22.94	27.83	0.00	0.00
FBC	85	26.32	22.90	22.89	27.89	0.00	0.00
FBC	86	26.34	22.89	22.90	27.87	0.00	0.00
FBC	87	26.30	22.93	22.92	27.84	0.00	0.00
FBC	88	26.33	22.91	22.91	27.85	0.00	0.00
FBC	89	26.33	22.91	22.89	27.87	0.00	0.00
FBC	90	26.31	22.93	22.94	27.82	0.00	0.00
FBC	91	26.34	22.91	22.89	27.86	0.00	0.00
FBC	92	26.35	22.91	22.88	27.85	0.00	0.00
FBC	93	26.31	22.94	22.93	27.83	0.00	0.00
FBC	94	26.34	22.90	22.91	27.85	0.00	0.00
FBC	95	26.35	22.91	22.90	27.84	0.00	0.00
FBC	96	26.32	22.95	22.93	27.80	0.00	0.00
FBC	97	26.36	22.92	22.90	27.81	0.00	0.00
FBC	98	26.38	22.90	22.89	27.83	0.00	0.00
FBC	99	26.32	22.92	22.96	27.81	0.00	0.00
FBC	100	26.37	22.92	22.91	27.80	0.00	0.00
FBC	101	26.11	23.14	23.15	27.60	0.00	0.00
# ACGT raw counters for first fragments. Use `grep ^FTC | cut -f 2-` to extract this part. The columns are: A,C,G,T,N base counters
FTC	857933257	737072132	736026709	902496750	151357
# ACGT content per cycle for last fragments. Use `grep ^LBC | cut -f 2-` to extract this part. The columns are: cycle; A,C,G,T base counts as a percentage of all A/C/G/T bases [%]; and N and O counts as a percentage of all A/C/G/T bases [%]
LBC	1	29.41	20.43	20.14	30.02	0.00	0.00
LBC	2	27.91	21.76	21.60	28.74	0.00	0.00
LBC	3	26.95	22.64	22.55	27.86	0.00	0.00
LBC	4	26.60	23.03	23.01	27.36	0.00	0.00
LBC	5	27.90	21.77	21.70	28.64	0.00	0.00
LBC	6	26.51	23.14	23.10	27.25	0.00	0.00
LBC	7	27.20	22.44	22.39	27.97	0.00	0.00
LBC	8	27.44	22.14	22.18	28.24	0.02	0.00
LBC	9	27.38	22.19	22.24	28.19	0.02	0.00
LBC	10	26.97	22.59	22.63	27.81	0.02	0.00
LBC	11	27.02	22.52	22.54	27.93	0.04	0.00
LBC	12	27.00	22.56	22.55	27.89	0.03	0.00
LBC	13	27.14	22.40	22.40	28.06	0.02	0.00
LBC	14	27.11	22.42	22.39	28.07	0.00	0.00
LBC	15	27.01	22.50	22.49	28.00	0.00	0.00
LBC	16	27.05	22.47	22.46	28.02	0.00	0.00
LBC	17	27.02	22.49	22.47	28.03	0.00	0.00
LBC	18	26.90	22.58	22.60	27.92	0.00	0.00
LBC	19	26.90	22.59	22.56	27.94	0.00	0.00
LBC	20	26.92	22.57	22.56	27.96	0.00	0.00
LBC	21	26.83	22.63	22.63	27.91	0.00	0.00
LBC	22	26.84	22.63	22.61	27.93	0.00	0.00
LBC	23	26.83	22.61	22.58	27.97	0.00	0.00
LBC	24	26.73	22.70	22.69	27.88	0.00	0.00
LBC	25	26.77	22.65	22.64	27.94	0.00	0.00
LBC	26	26.78	22.63	22.61	27.97	0.00	0.00
LBC	27	26.69	22.72	22.69	27.90	0.00	0.00
LBC	28	26.70	22.66	22.67	27.97	0.00	0.00
LBC	29	26.71	22.66	22.66	27.97	0.00	0.00
LBC	30	26.64	22.74	22.72	27.90	0.00	0.00
LBC	31	26.65	22.72	22.69	27.94	0.00	0.00
LBC	32	26.65	22.70	22.69	27.96	0.00	0.00
LBC	33	26.57	22.79	22.76	27.88	0.00	0.00
LBC	34	26.58	22.74	22.75	27.93	0.00	0.00
LBC	35	26.60	22.73	22.71	27.96	0.00	0.00
LBC	36	26.50	22.81	22.79	27.89	0.00	0.00
LBC	37	26.55	22.76	22.75	27.94	0.00	0.00
LBC	38	26.55	22.76	22.73	27.96	0.00	0.00
LBC	39	26.47	22.81	22.79	27.93	0.00	0.00
LBC	40	26.52	22.76	22.75	27.97	0.00	0.00
LBC	41	26.51	22.76	22.74	27.98	0.00	0.00
LBC	42	26.43	22.84	22.83	27.90	0.00	0.00
LBC	43	26.46	22.82	22.77	27.95	0.00	0.00
LBC	44	26.48	22.79	22.75	27.98	0.00	0.00
LBC	45	26.40	22.86	22.83	27.91	0.00	0.00
LBC	46	26.43	22.81	22.79	27.98	0.00	0.00
LBC	47	26.44	22.79	22.77	28.00	0.00	0.00
LBC	48	26.37	22.85	22.85	27.93	0.00	0.00
LBC	49	26.40	22.83	22.81	27.97	0.00	0.00
LBC	50	26.42	22.79	22.80	27.99	0.00	0.00
LBC	51	26.37	22.83	22.84	27.95	0.00	0.00
LBC	52	26.37	22.84	22.84	27.96	0.00	0.00
LBC	53	26.40	22.79	22.79	28.01	0.00	0.00
LBC	54	26.33	22.86	22.87	27.94	0.00	0.00
LBC	55	26.37	22.83	22.83	27.98	0.00	0.00
LBC	56	26.38	22.82	22.79	28.00	0.00	0.00
LBC	57	26.32	22.87	22.85	27.96	0.00	0.00
LBC	58	26.35	22.85	22.83	27.98	0.01	0.00
LBC	59	26.36	22.81	22.81	28.02	0.01	0.00
LBC	60	26.32	22.88	22.86	27.95	0.00	0.00
LBC	61	26.34	22.84	22.83	27.98	0.00	0.00
LBC	62	26.36	22.83	22.82	27.99	0.00	0.00
LBC	63	26.30	22.87	22.88	27.95	0.00	0.00
LBC	64	26.33	22.85	22.85	27.98	0.00	0.00
LBC	65	26.36	22.82	22.84	27.98	0.00	0.00
LBC	66	26.30	22.88	22.89	27.93	0.00	0.00
LBC	67	26.32	22.85	22.87	27.96	0.00	0.00
LBC	68	26.35	22.83	22.85	27.97	0.00	0.00
LBC	69	26.28	22.89	22.89	27.93	0.00	0.00
LBC	70	26.31	22.87	22.87	27.96	0.00	0.00
LBC	71	26.33	22.84	22.86	27.96	0.00	0.00
LBC	72	26.29	22.89	22.90	27.92	0.00	0.00
LBC	73	26.32	22.86	22.88	27.95	0.00	0.00
LBC	74	26.33	22.86	22.85	27.96	0.00	0.00
LBC	75	26.29	22.90	22.91	27.90	0.01	0.00
LBC	76	26.31	22.88	22.89	27.92	0.01	0.00
LBC	77	26.33	22.87	22.87	27.93	0.01	0.00
LBC	78	26.28	22.92	22.92	27.88	0.00	0.00
LBC	79	26.31	22.87	22.90	27.92	0.00	0.00
LBC	80	26.33	22.88	22.87	27.92	0.00	0.00
LBC	81	26.30	22.92	22.92	27.87	0.00	0.00
LBC	82	26.31	22.89	22.89	27.90	0.00	0.00
LBC	83	26.32	22.88	22.88	27.91	0.00	0.00
LBC	84	26.29	22.92	22.93	27.86	0.00	0.00
LBC	85	26.31	22.91	22.89	27.89	0.00	0.00
LBC	86	26.32	22.88	22.90	27.90	0.00	0.00
LBC	87	26.30	22.93	22.92	27.85	0.00	0.00
LBC	88	26.31	22.91	22.90	27.88	0.00	0.00
LBC	89	26.34	22.91	22.89	27.86	0.00	0.00
LBC	90	26.30	22.93	22.95	27.82	0.00	0.00
LBC	91	26.31	22.91	22.91	27.87	0.00	0.00
LBC	92	26.35	22.89	22.90	27.86	0.00	0.00
LBC	93	26.31	22.94	22.93	27.81	0.00	0.00
LBC	94	26.34	22.93	22.91	27.82	0.00	0.00
LBC	95	26.34	22.92	22.90	27.84	0.00	0.00
LBC	96	26.30	22.97	22.93	27.80	0.00	0.00
LBC	97	26.34	22.93	22.91	27.82	0.00	0.00
LBC	98	26.36	22.91	22.89	27.84	0.00	0.00
LBC	99	26.29	22.97	22.95	27.78	0.00	0.00
LBC	100	26.34	22.94	22.91	27.80	0.00	0.00
LBC	101	26.13	23.15	23.14	27.59	0.00	0.00
# ACGT raw counters for last fragments. Use `grep ^LTC | cut -f 2-` to extract this part. The columns are: A,C,G,T,N base counters
LTC	859420540	735329052	734926474	903939379	64760
# Insert sizes. Use `grep ^IS | cut -f 2-` to extract this part. The columns are: insert size, pairs total, inward oriented pairs, outward oriented pairs, other pairs
IS	0	3	0	1	2
IS	1	0	0	0	0
IS	2	2	0	2	0
IS	3	9	0	9	0
IS	4	8	0	8	0
IS	5	12	0	12	0
IS	6	9	0	9	0
IS	7	14	0	14	0
IS	8	8	0	8	0
IS	9	10	0	10	0
IS	10	8	0	8	0
IS	11	14	0	14	0
IS	12	11	0	11	0
IS	13	12	0	12	0
IS	14	14	0	14	0
IS	15	14	0	14	0
IS	16	11	0	11	0
IS	17	8	0	8	0
IS	18	21	0	21	0
IS	19	6441	6143	298	0
IS	20	5090	4914	176	0
IS	21	1665	1581	84	0
IS	22	284	260	24	0
IS	23	135	120	15	0
IS	24	681	662	19	0
IS	25	54	42	12	0
IS	26	32	21	11	0
IS	27	30	14	16	0
IS	28	27	13	14	0
IS	29	28	13	15	0
IS	30	22	9	13	0
IS	31	31	20	11	0
IS	32	33	20	13	0
IS	33	41	25	16	0
IS	34	48	28	20	0
IS	35	30	17	13	0
IS	36	36	22	14	0
IS	37	31	16	15	0
IS	38	37	28	9	0
IS	39	42	29	13	0
IS	40	36	15	21	0
IS	41	37	22	15	0
IS	42	45	24	21	0
IS	43	33	25	8	0
IS	44	57	36	21	0
IS	45	27	20	7	0
IS	46	36	22	14	0
IS	47	45	28	17	0
IS	48	58	43	15	0
IS	49	43	30	13	0
IS	50	50	36	13	1
IS	51	60	48	12	0
IS	52	49	31	18	0
IS	53	49	41	8	0
IS	54	67	53	14	0
IS	55	65	46	19	0
IS	56	92	74	18	0
IS	57	83	74	9	0
IS	58	108	81	27	0
IS	59	108	87	18	3
IS	60	100	85	15	0
IS	61	134	121	13	0
IS	62	134	121	13	0
IS	63	201	173	27	1
IS	64	221	208	13	0
IS	65	247	229	17	1
IS	66	294	270	24	0
IS	67	302	284	16	2
IS	68	421	403	18	0
IS	69	532	500	32	0
IS	70	695	675	20	0
IS	71	860	840	20	0
IS	72	1021	993	26	2
IS	73	1315	1301	14	0
IS	74	1544	1519	21	4
IS	75	2007	1990	16	1
IS	76	2487	2454	32	1
IS	77	3030	3005	23	2
IS	78	3660	3635	22	3
IS	79	4372	4345	26	1
IS	80	5221	5197	21	3
IS	81	6329	6305	22	2
IS	82	7386	7365	18	3
IS	83	8917	8894	23	0
IS	84	10306	10283	21	2
IS	85	12022	11986	34	2
IS	86	13745	13725	18	2
IS	87	15665	15636	28	1
IS	88	17753	17721	29	3
IS	89	20351	20324	25	2
IS	90	22897	22867	29	1
IS	91	25530	25500	29	1
IS	92	28561	28535	26	0
IS	93	31540	31505	35	0
IS	94	35222	35183	37	2
IS	95	38749	38722	25	2
IS	96	41971	41939	28	4
IS	97	46288	46244	43	1
IS	98	50407	50357	49	1
IS	99	54432	54353	79	0
IS	100	59367	59173	191	3
IS	101	63821	63818	2	1
IS	102	68993	68991	1	1
IS	103	73117	73114	1	2
IS	104	78806	78801	3	2
IS	105	83834	83831	1	2
IS	106	89142	89140	1	1
IS	107	94189	94183	0	6
IS	108	99471	99467	2	2
IS	109	105833	105830	1	2
IS	110	109654	109650	3	1
IS	111	116045	116043	1	1
IS	112	121154	121154	0	0
IS	113	125371	125369	1	1
IS	114	130321	130317	1	3
IS	115	135423	135417	0	6
IS	116	140808	140807	0	1
IS	117	145753	145751	0	2
IS	118	150825	150823	2	0
IS	119	155625	155621	2	2
IS	120	159086	159084	1	1
IS	121	164297	164296	0	1
IS	122	168100	168100	0	0
IS	123	171945	171937	1	7
IS	124	175622	175618	2	2
IS	125	178188	178186	0	2
IS	126	182924	182920	1	3
IS	127	185600	185598	1	1
IS	128	189339	189338	0	1
IS	129	191787	191786	0	1
IS	130	195210	195207	0	3
IS	131	197735	197732	1	2
IS	132	199380	199377	0	3
IS	133	202111	202108	0	3
IS	134	203271	203267	0	4
IS	135	204937	204936	0	1
IS	136	207073	207072	0	1
IS	137	209215	209210	0	5
IS	138	209394	209394	0	0
IS	139	211779	211776	2	1
IS	140	212545	212543	1	1
IS	141	213660	213657	2	1
IS	142	214166	214165	0	1
IS	143	215743	215741	1	1
IS	144	215308	215307	0	1
IS	145	216549	216546	2	1
IS	146	217767	217764	1	2
IS	147	216934	216933	0	1
IS	148	218383	218383	0	0
IS	149	218416	218415	0	1
IS	150	217476	217476	0	0
IS	151	218036	218036	0	0
IS	152	218481	218479	1	1
IS	153	216947	216945	0	2
IS	154	217655	217654	1	0
IS	155	217149	217143	2	4
IS	156	216707	216705	0	2
IS	157	216170	216167	2	1
IS	158	215787	215786	0	1
IS	159	216670	216669	0	1
IS	160	214596	214595	0	1
IS	161	214928	214926	1	1
IS	162	212730	212728	1	1
IS	163	213275	213273	0	2
IS	164	211915	211915	0	0
IS	165	210668	210664	1	3
IS	166	210907	210906	0	1
IS	167	208997	208995	0	2
IS	168	208573	208572	0	1
IS	169	207692	207688	1	3
IS	170	207309	207306	2	1
IS	171	205390	205387	0	3
IS	172	204743	204740	2	1
IS	173	203055	203054	0	1
IS	174	201620	201618	0	2
IS	175	200253	200248	1	4
IS	176	198952	198952	0	0
IS	177	198540	198537	1	2
IS	178	196377	196376	1	0
IS	179	195868	195866	1	1
IS	180	194890	194887	0	3
IS	181	193006	193006	0	0
IS	182	191837	191836	1	0
IS	183	189678	189675	1	2
IS	184	188918	188917	0	1
IS	185	187623	187623	0	0
IS	186	185753	185752	0	1
IS	187	185154	185152	1	1
IS	188	183401	183399	1	1
IS	189	181963	181962	0	1
IS	190	179986	179986	0	0
IS	191	178791	178791	0	0
IS	192	176912	176908	1	3
IS	193	175551	175548	2	1
IS	194	173122	173122	0	0
IS	195	172294	172293	0	1
IS	196	171304	171304	0	0
IS	197	170228	170226	0	2
IS	198	168757	168755	1	1
IS	199	166861	166856	2	3
IS	200	164684	164679	1	4
IS	201	163046	163046	0	0
IS	202	162304	162304	0	0
IS	203	160062	160062	0	0
IS	204	158813	158812	0	1
IS	205	158169	158167	0	2
IS	206	155837	155837	0	0
IS	207	153887	153885	2	0
IS	208	152671	152671	0	0
IS	209	151463	151459	1	3
IS	210	149962	149960	2	0
IS	211	148365	148363	1	1
IS	212	146140	146140	0	0
IS	213	144765	144765	0	0
IS	214	143537	143536	1	0
IS	215	141722	141720	1	1
IS	216	140146	140144	1	1
IS	217	139419	139418	1	0
IS	218	137393	137392	1	0
IS	219	136535	136534	1	0
IS	220	134914	134911	2	1
IS	221	131965	131964	0	1
IS	222	130908	130907	0	1
IS	223	129591	129591	0	0
IS	224	128925	128923	1	1
IS	225	127346	127345	0	1
IS	226	125896	125894	2	0
IS	227	124403	124403	0	0
IS	228	122973	122972	1	0
IS	229	122028	122028	0	0
IS	230	120692	120689	1	2
IS	231	119688	119688	0	0
IS	232	116750	116748	1	1
IS	233	115969	115968	0	1
IS	234	114726	114724	1	1
IS	235	112746	112744	1	1
IS	236	111763	111763	0	0
IS	237	110927	110925	0	2
IS	238	109443	109442	0	1
IS	239	107709	107709	0	0
IS	240	106725	106725	0	0
IS	241	105366	105363	1	2
IS	242	103317	103317	0	0
IS	243	102471	102469	2	0
IS	244	101591	101591	0	0
IS	245	100195	100195	0	0
IS	246	98706	98706	0	0
IS	247	97408	97408	0	0
IS	248	96562	96560	0	2
IS	249	95246	95246	0	0
IS	250	94834	94833	0	1
IS	251	93777	93776	0	1
IS	252	92122	92121	1	0
IS	253	90966	90964	1	1
IS	254	89625	89625	0	0
IS	255	88181	88180	0	1
IS	256	87665	87665	0	0
IS	257	86241	86240	1	0
IS	258	85611	85611	0	0
IS	259	84221	84220	0	1
IS	260	83494	83494	0	0
IS	261	82237	82237	0	0
IS	262	80281	80280	0	1
IS	263	79869	79869	0	0
IS	264	78864	78863	1	0
IS	265	77768	77767	1	0
IS	266	77482	77480	2	0
IS	267	75821	75821	0	0
IS	268	75365	75365	0	0
IS	269	73933	73933	0	0
IS	270	72634	72634	0	0
IS	271	72310	72309	0	1
IS	272	71066	71066	0	0
IS	273	70241	70241	0	0
IS	274	69249	69249	0	0
IS	275	68924	68924	0	0
IS	276	67797	67797	0	0
IS	277	66274	66274	0	0
IS	278	65314	65313	0	1
IS	279	64890	64890	0	0
IS	280	63655	63654	1	0
IS	281	63093	63092	1	0
IS	282	62135	62135	0	0
IS	283	61491	61491	0	0
IS	284	60961	60961	0	0
IS	285	60140	60139	1	0
IS	286	58861	58860	1	0
IS	287	58164	58164	0	0
IS	288	57435	57434	0	1
IS	289	56330	56329	1	0
IS	290	56204	56204	0	0
IS	291	55026	55025	1	0
IS	292	54623	54622	1	0
IS	293	53778	53777	1	0
IS	294	52831	52830	0	1
IS	295	52389	52389	0	0
IS	296	51404	51404	0	0
IS	297	50765	50764	0	1
IS	298	50551	50551	0	0
IS	299	50046	50046	0	0
IS	300	48624	48624	0	0
IS	301	48095	48095	0	0
IS	302	47613	47613	0	0
IS	303	47327	47327	0	0
IS	304	46627	46627	0	0
IS	305	45727	45727	0	0
IS	306	45156	45154	2	0
IS	307	44302	44302	0	0
IS	308	43792	43792	0	0
IS	309	43091	43091	0	0
IS	310	43206	43206	0	0
IS	311	41963	41962	1	0
IS	312	41556	41556	0	0
IS	313	41035	41034	1	0
IS	314	40702	40701	1	0
IS	315	40047	40046	1	0
IS	316	39295	39295	0	0
IS	317	38956	38956	0	0
IS	318	38605	38604	1	0
IS	319	37824	37824	0	0
IS	320	37118	37118	0	0
IS	321	36606	36605	1	0
IS	322	36304	36303	1	0
IS	323	35544	35544	0	0
IS	324	35282	35282	0	0
IS	325	35161	35161	0	0
IS	326	34209	34208	1	0
IS	327	33886	33886	0	0
IS	328	33257	33257	0	0
IS	329	32667	32667	0	0
IS	330	32514	32514	0	0
IS	331	31863	31863	0	0
IS	332	31711	31711	0	0
IS	333	31177	31174	2	1
IS	334	30472	30472	0	0
IS	335	30267	30267	0	0
IS	336	29670	29670	0	0
IS	337	29920	29920	0	0
IS	338	28751	28751	0	0
IS	339	29174	29173	0	1
IS	340	28148	28148	0	0
IS	341	27813	27812	1	0
IS	342	27786	27786	0	0
IS	343	27280	27278	2	0
IS	344	26612	26612	0	0
IS	345	26468	26467	1	0
IS	346	26352	26352	0	0
IS	347	25445	25444	1	0
IS	348	25455	25455	0	0
IS	349	24895	24895	0	0
IS	350	24440	24439	0	1
IS	351	24101	24101	0	0
IS	352	24089	24089	0	0
IS	353	23944	23944	0	0
IS	354	23326	23326	0	0
IS	355	23123	23123	0	0
IS	356	22839	22839	0	0
IS	357	22327	22327	0	0
IS	358	21866	21865	0	1
IS	359	21549	21549	0	0
IS	360	21535	21535	0	0
IS	361	21106	21105	1	0
IS	362	20875	20875	0	0
IS	363	20484	20484	0	0
IS	364	20230	20228	2	0
IS	365	19891	19890	0	1
IS	366	19585	19585	0	0
IS	367	19563	19563	0	0
IS	368	19180	19180	0	0
IS	369	18644	18643	1	0
IS	370	18496	18496	0	0
IS	371	18391	18391	0	0
IS	372	17933	17933	0	0
IS	373	17839	17839	0	0
IS	374	17657	17657	0	0
IS	375	17509	17509	0	0
IS	376	17085	17085	0	0
IS	377	16798	16798	0	0
IS	378	16463	16463	0	0
IS	379	16482	16481	1	0
IS	380	16043	16042	1	0
IS	381	16062	16062	0	0
IS	382	15593	15593	0	0
IS	383	15476	15476	0	0
IS	384	14993	14993	0	0
IS	385	14941	14941	0	0
IS	386	14942	14942	0	0
IS	387	14608	14608	0	0
IS	388	14395	14395	0	0
IS	389	14365	14363	2	0
IS	390	14109	14109	0	0
IS	391	13916	13916	0	0
IS	392	13758	13758	0	0
IS	393	13493	13493	0	0
IS	394	13209	13209	0	0
IS	395	13154	13154	0	0
IS	396	12953	12952	1	0
IS	397	12647	12646	1	0
IS	398	12366	12366	0	0
IS	399	12158	12158	0	0
IS	400	12176	12176	0	0
IS	401	11789	11789	0	0
IS	402	11685	11685	0	0
IS	403	11693	11692	1	0
IS	404	11401	11401	0	0
IS	405	11466	11465	1	0
IS	406	11048	11048	0	0
IS	407	10922	10922	0	0
IS	408	10671	10671	0	0
IS	409	10703	10703	0	0
IS	410	10454	10453	1	0
IS	411	10118	10118	0	0
IS	412	10245	10244	1	0
IS	413	9892	9892	0	0
IS	414	9878	9878	0	0
IS	415	9827	9826	1	0
IS	416	9804	9804	0	0
IS	417	9655	9654	1	0
IS	418	9208	9207	1	0
IS	419	9148	9146	1	1
IS	420	9203	9203	0	0
IS	421	8772	8771	1	0
IS	422	8820	8820	0	0
IS	423	8457	8457	0	0
IS	424	8630	8630	0	0
IS	425	8414	8414	0	0
IS	426	8309	8309	0	0
IS	427	8224	8224	0	0
IS	428	8098	8098	0	0
IS	429	8008	8008	0	0
IS	430	7938	7938	0	0
IS	431	7577	7577	0	0
IS	432	7649	7648	1	0
IS	433	7683	7683	0	0
IS	434	7345	7344	1	0
IS	435	7268	7268	0	0
IS	436	7137	7137	0	0
IS	437	7097	7097	0	0
IS	438	7207	7206	1	0
IS	439	6759	6759	0	0
IS	440	6807	6807	0	0
IS	441	6720	6719	1	0
IS	442	6508	6508	0	0
IS	443	6468	6467	0	1
IS	444	6382	6381	1	0
IS	445	6311	6310	1	0
IS	446	6125	6125	0	0
IS	447	6113	6113	0	0
IS	448	6002	6002	0	0
IS	449	5741	5741	0	0
IS	450	5772	5772	0	0
IS	451	5886	5886	0	0
IS	452	5646	5646	0	0
IS	453	5645	5645	0	0
IS	454	5433	5433	0	0
IS	455	5369	5369	0	0
IS	456	5367	5366	1	0
IS	457	5291	5291	0	0
IS	458	5311	5311	0	0
IS	459	5176	5176	0	0
IS	460	5110	5110	0	0
# Read lengths. Use `grep ^RL | cut -f 2-` to extract this part. The columns are: read length, count
RL	31	1260
RL	32	1146
RL	33	1078
RL	34	930
RL	35	828
RL	36	752
RL	37	706
RL	38	732
RL	39	626
RL	40	592
RL	41	546
RL	42	416
RL	43	438
RL	44	488
RL	45	396
RL	46	460
RL	47	424
RL	48	374
RL	49	358
RL	50	344
RL	51	368
RL	52	374
RL	53	376
RL	54	408
RL	55	384
RL	56	396
RL	57	342
RL	58	378
RL	59	408
RL	60	436
RL	61	466
RL	62	564
RL	63	564
RL	64	604
RL	65	734
RL	66	730
RL	67	836
RL	68	1046
RL	69	1254
RL	70	1568
RL	71	1810
RL	72	2206
RL	73	2730
RL	74	3310
RL	75	4172
RL	76	5102
RL	77	6166
RL	78	7460
RL	79	8862
RL	80	10594
RL	81	12800
RL	82	14930
RL	83	17978
RL	84	20698
RL	85	24270
RL	86	27656
RL	87	31516
RL	88	35822
RL	89	41014
RL	90	46058
RL	91	51390
RL	92	57382
RL	93	63314
RL	94	70668
RL	95	77932
RL	96	84344
RL	97	92872
RL	98	101258
RL	99	109246
RL	100	119064
RL	101	62958370
# Read lengths - first fragments. Use `grep ^FRL | cut -f 2-` to extract this part. The columns are: read length, count
FRL	31	630
FRL	32	573
FRL	33	539
FRL	34	465
FRL	35	414
FRL	36	376
FRL	37	353
FRL	38	366
FRL	39	313
FRL	40	296
FRL	41	273
FRL	42	208
FRL	43	219
FRL	44	244
FRL	45	198
FRL	46	230
FRL	47	212
FRL	48	187
FRL	49	179
FRL	50	172
FRL	51	184
FRL	52	187
FRL	53	188
FRL	54	204
FRL	55	192
FRL	56	198
FRL	57	171
FRL	58	189
FRL	59	204
FRL	60	218
FRL	61	233
FRL	62	282
FRL	63	282
FRL	64	302
FRL	65	367
FRL	66	365
FRL	67	418
FRL	68	523
FRL	69	627
FRL	70	784
FRL	71	905
FRL	72	1103
FRL	73	1365
FRL	74	1655
FRL	75	2086
FRL	76	2551
FRL	77	3083
FRL	78	3730
FRL	79	4431
FRL	80	5297
FRL	81	6400
FRL	82	7465
FRL	83	8989
FRL	84	10349
FRL	85	12135
FRL	86	13828
FRL	87	15758
FRL	88	17911
FRL	89	20507
FRL	90	23029
FRL	91	25695
FRL	92	28691
FRL	93	31657
FRL	94	35334
FRL	95	38966
FRL	96	42172
FRL	97	46436
FRL	98	50629
FRL	99	54623
FRL	100	59532
FRL	101	31479185
# Read lengths - last fragments. Use `grep ^LRL | cut -f 2-` to extract this part. The columns are: read length, count
LRL	31	630
LRL	32	573
LRL	33	539
LRL	34	465
LRL	35	414
LRL	36	376
LRL	37	353
LRL	38	366
LRL	39	313
LRL	40	296
LRL	41	273
LRL	42	208
LRL	43	219
LRL	44	244
LRL	45	198
LRL	46	230
LRL	47	212
LRL	48	187
LRL	49	179
LRL	50	172
LRL	51	184
LRL	52	187
LRL	53	188
LRL	54	204
LRL	55	192
LRL	56	198
LRL	57	171
LRL	58	189
LRL	59	204
LRL	60	218
LRL	61	233
LRL	62	282
LRL	63	282
LRL	64	302
LRL	65	367
LRL	66	365
LRL	67	418
LRL	68	523
LRL	69	627
LRL	70	784
LRL	71	905
LRL	72	1103
LRL	73	1365
LRL	74	1655
LRL	75	2086
LRL	76	2551
LRL	77	3083
LRL	78	3730
LRL	79	4431
LRL	80	5297
LRL	81	6400
LRL	82	7465
LRL	83	8989
LRL	84	10349
LRL	85	12135
LRL	86	13828
LRL	87	15758
LRL	88	17911
LRL	89	20507
LRL	90	23029
LRL	91	25695
LRL	92	28691
LRL	93	31657
LRL	94	35334
LRL	95	38966
LRL	96	42172
LRL	97	46436
LRL	98	50629
LRL	99	54623
LRL	100	59532
LRL	101	31479185
# Mapping qualities for reads !(UNMAP|SECOND|SUPPL|QCFAIL|DUP). Use `grep ^MAPQ | cut -f 2-` to extract this part. The columns are: mapq, count
MAPQ	0	6556208
MAPQ	1	13814
MAPQ	2	1782
MAPQ	3	33297
MAPQ	4	3734
MAPQ	5	4794
MAPQ	6	9104
MAPQ	7	16789
MAPQ	8	6176
MAPQ	9	37799
MAPQ	10	15819
MAPQ	11	3398
MAPQ	12	7411
MAPQ	13	13311
MAPQ	14	1746
MAPQ	15	30752
MAPQ	16	3447
MAPQ	17	4334
MAPQ	18	7306
MAPQ	19	14465
MAPQ	20	12006
MAPQ	21	41938
MAPQ	22	41013
MAPQ	23	49102
MAPQ	24	119178
MAPQ	25	267975
MAPQ	26	937
MAPQ	27	692761
MAPQ	28	2541
MAPQ	29	2668
MAPQ	30	5997
MAPQ	31	11935
MAPQ	32	995
MAPQ	33	35237
MAPQ	34	2997
MAPQ	35	3363
MAPQ	36	6874
MAPQ	37	16729
MAPQ	38	3552
MAPQ	39	48437
MAPQ	40	539377
MAPQ	41	4869
MAPQ	42	22832
MAPQ	43	21465
MAPQ	44	15169
MAPQ	45	70142
MAPQ	46	34697
MAPQ	47	101738
MAPQ	48	147567
MAPQ	49	88912
MAPQ	50	586364
MAPQ	51	21899
MAPQ	52	44348
MAPQ	53	14415
MAPQ	54	18613
MAPQ	55	63827
MAPQ	56	1948
MAPQ	57	89345
MAPQ	58	1861
MAPQ	59	4863
MAPQ	60	53964725
# Indel distribution. Use `grep ^ID | cut -f 2-` to extract this part. The columns are: length, number of insertions, number of deletions
ID	1	94186	143246
ID	2	26728	38357
ID	3	13859	18419
ID	4	11647	16770
ID	5	5879	5279
ID	6	2621	4329
ID	7	921	1610
ID	8	1555	2065
ID	9	976	1065
ID	10	807	1389
ID	11	348	441
ID	12	645	922
ID	13	225	406
ID	14	251	716
ID	15	121	624
ID	16	165	412
ID	17	50	235
ID	18	182	277
ID	19	81	170
ID	20	57	231
ID	21	51	99
ID	22	22	133
ID	23	7	65
ID	24	23	160
ID	25	2	41
ID	26	8	55
ID	27	5	37
ID	28	3	28
ID	29	5	3
ID	30	0	13
ID	31	0	6
ID	32	0	8
ID	33	0	5
ID	34	0	29
ID	36	0	18
ID	38	0	5
ID	39	0	7
ID	42	0	1
# Indels per cycle. Use `grep ^IC | cut -f 2-` to extract this part. The columns are: cycle, number of insertions (fwd), .. (rev) , number of deletions (fwd), .. (rev)
IC	3	0	0	540	513
IC	4	387	389	559	651
IC	5	536	588	621	630
IC	6	589	557	723	763
IC	7	670	672	834	881
IC	8	715	699	936	1066
IC	9	743	735	1015	1126
IC	10	781	802	1047	1194
IC	11	811	812	1060	1201
IC	12	848	806	1132	1237
IC	13	863	881	1153	1265
IC	14	893	934	1145	1294
IC	15	969	909	1177	1308
IC	16	964	944	1260	1289
IC	17	994	950	1253	1323
IC	18	907	944	1286	1355
IC	19	1006	1052	1396	1312
IC	20	991	1028	1334	1332
IC	21	1038	996	1329	1411
IC	22	940	972	1348	1361
IC	23	973	915	1374	1430
IC	24	1114	911	1349	1307
IC	25	952	948	1388	1271
IC	26	1018	914	1342	1281
IC	27	1031	971	1288	1321
IC	28	983	970	1366	1277
IC	29	972	967	1318	1228
IC	30	896	883	1328	1285
IC	31	972	854	1381	1233
IC	32	955	952	1230	1239
IC	33	982	892	1243	1278
IC	34	881	879	1305	1221
IC	35	956	925	1354	1292
IC	36	940	898	1268	1315
IC	37	1006	816	1301	1234
IC	38	1024	870	1339	1273
IC	39	1000	887	1339	1222
IC	40	937	856	1370	1261
IC	41	1010	864	1372	1223
IC	42	1026	845	1451	1208
IC	43	987	830	1483	1299
IC	44	1097	876	1378	1274
IC	45	1086	872	1432	1288
IC	46	1091	839	1398	1235
IC	47	1081	816	1444	1235
IC	48	1133	857	1403	1310
IC	49	1085	888	1472	1262
IC	50	1141	841	1464	1218
IC	51	1112	928	1473	1281
IC	52	1099	875	1510	1281
IC	53	1085	931	1476	1252
IC	54	1012	899	1445	1233
IC	55	1033	825	1460	1199
IC	56	1130	850	1339	1212
IC	57	1078	827	1505	1288
IC	58	1034	851	1435	1253
IC	59	1080	782	1483	1289
IC	60	1071	874	1462	1326
IC	61	1069	892	1492	1376
IC	62	1039	884	1541	1432
IC	63	1094	886	1503	1448
IC	64	1080	798	1515	1416
IC	65	1027	872	1599	1393
IC	66	994	904	1537	1377
IC	67	1026	839	1514	1409
IC	68	953	862	1485	1426
IC	69	916	865	1458	1416
IC	70	886	878	1447	1308
IC	71	838	783	1432	1325
IC	72	902	851	1368	1287
IC	73	880	835	1386	1305
IC	74	849	822	1375	1373
IC	75	852	863	1346	1257
IC	76	872	826	1353	1324
IC	77	859	801	1297	1267
IC	78	755	754	1265	1259
IC	79	826	704	1268	1286
IC	80	822	745	1333	1237
IC	81	768	729	1278	1205
IC	82	734	750	1246	1229
IC	83	799	757	1192	1307
IC	84	719	785	1161	1193
IC	85	724	739	1228	1196
IC	86	694	709	1093	1134
IC	87	685	702	1123	1139
IC	88	662	685	1100	1052
IC	89	621	624	1066	1048
IC	90	646	588	1054	1090
IC	91	589	604	973	966
IC	92	562	520	992	921
IC	93	481	520	961	928
IC	94	459	523	812	826
IC	95	434	504	859	825
IC	96	458	522	925	834
IC	97	431	538	938	890
IC	98	546	560	896	999
# Coverage distribution. Use `grep ^COV | cut -f 2-` to extract this part.
COV	[1-1]	1	205003218
COV	[2-2]	2	89061325
COV	[3-3]	3	17918677
COV	[4-4]	4	12162846
COV	[5-5]	5	6403568
COV	[6-6]	6	5106730
COV	[7-7]	7	4105535
COV	[8-8]	8	3577432
COV	[9-9]	9	3163319
COV	[10-10]	10	2837378
COV	[11-11]	11	2582237
COV	[12-12]	12	2370930
COV	[13-13]	13	2191226
COV	[14-14]	14	2050050
COV	[15-15]	15	1913158
COV	[16-16]	16	1809466
COV	[17-17]	17	1707871
COV	[18-18]	18	1625079
COV	[19-19]	19	1547794
COV	[20-20]	20	1481331
COV	[21-21]	21	1415716
COV	[22-22]	22	1360034
COV	[23-23]	23	1309526
COV	[24-24]	24	1267266
COV	[25-25]	25	1227843
COV	[26-26]	26	1188531
COV	[27-27]	27	1151874
COV	[28-28]	28	1115847
COV	[29-29]	29	1085976
COV	[30-30]	30	1059586
COV	[31-31]	31	1032876
COV	[32-32]	32	1008415
COV	[33-33]	33	984197
COV	[34-34]	34	963288
COV	[35-35]	35	943325
COV	[36-36]	36	922829
COV	[37-37]	37	900932
COV	[38-38]	38	885297
COV	[39-39]	39	866959
COV	[40-40]	40	849780
COV	[41-41]	41	831939
COV	[42-42]	42	814068
COV	[43-43]	43	801446
COV	[44-44]	44	786531
COV	[45-45]	45	773054
COV	[46-46]	46	760731
COV	[47-47]	47	748096
COV	[48-48]	48	730346
COV	[49-49]	49	716189
COV	[50-50]	50	703326
COV	[51-51]	51	691472
COV	[52-52]	52	677342
COV	[53-53]	53	665820
COV	[54-54]	54	653087
COV	[55-55]	55	642952
COV	[56-56]	56	632381
COV	[57-57]	57	623295
COV	[58-58]	58	610370
COV	[59-59]	59	598050
COV	[60-60]	60	589449
COV	[61-61]	61	576879
COV	[62-62]	62	568211
COV	[63-63]	63	559087
COV	[64-64]	64	548904
COV	[65-65]	65	538513
COV	[66-66]	66	527876
COV	[67-67]	67	516341
COV	[68-68]	68	508095
COV	[69-69]	69	498095
COV	[70-70]	70	489986
COV	[71-71]	71	480164
COV	[72-72]	72	472691
COV	[73-73]	73	463818
COV	[74-74]	74	456032
COV	[75-75]	75	447431
COV	[76-76]	76	438168
COV	[77-77]	77	430385
COV	[78-78]	78	421319
COV	[79-79]	79	414941
COV	[80-80]	80	404338
COV	[81-81]	81	397764
COV	[82-82]	82	391105
COV	[83-83]	83	384384
COV	[84-84]	84	376312
COV	[85-85]	85	369260
COV	[86-86]	86	362942
COV	[87-87]	87	359242
COV	[88-88]	88	351653
COV	[89-89]	89	345545
COV	[90-90]	90	340405
COV	[91-91]	91	332873
COV	[92-92]	92	326829
COV	[93-93]	93	319985
COV	[94-94]	94	313655
COV	[95-95]	95	307608
COV	[96-96]	96	301872
COV	[97-97]	97	298676
COV	[98-98]	98	291724
COV	[99-99]	99	286502
COV	[100-100]	100	280355
COV	[101-101]	101	274124
COV	[102-102]	102	270928
COV	[103-103]	103	264904
COV	[104-104]	104	260608
COV	[105-105]	105	256175
COV	[106-106]	106	250470
COV	[107-107]	107	247097
COV	[108-108]	108	242209
COV	[109-109]	109	237129
COV	[110-110]	110	231593
COV	[111-111]	111	229083
COV	[112-112]	112	223962
COV	[113-113]	113	220891
COV	[114-114]	114	216523
COV	[115-115]	115	212983
COV	[116-116]	116	208527
COV	[117-117]	117	204706
COV	[118-118]	118	200330
COV	[119-119]	119	196880
COV	[120-120]	120	192636
COV	[121-121]	121	189841
COV	[122-122]	122	187840
COV	[123-123]	123	182623
COV	[124-124]	124	179973
COV	[125-125]	125	176552
COV	[126-126]	126	173174
COV	[127-127]	127	170300
COV	[128-128]	128	167299
COV	[129-129]	129	163522
COV	[130-130]	130	160868
COV	[131-131]	131	157432
COV	[132-132]	132	154973
COV	[133-133]	133	152214
COV	[134-134]	134	149070
COV	[135-135]	135	146653
COV	[136-136]	136	144247
COV	[137-137]	137	140665
COV	[138-138]	138	138089
COV	[139-139]	139	135099
COV	[140-140]	140	133198
COV	[141-141]	141	131209
COV	[142-142]	142	128742
COV	[143-143]	143	127210
COV	[144-144]	144	123837
COV	[145-145]	145	121888
COV	[146-146]	146	119277
COV	[147-147]	147	117390
COV	[148-148]	148	115531
COV	[149-149]	149	113813
COV	[150-150]	150	111813
COV	[151-151]	151	108859
COV	[152-152]	152	107534
COV	[153-153]	153	105429
COV	[154-154]	154	103768
COV	[155-155]	155	101917
COV	[156-156]	156	100469
COV	[157-157]	157	98213
COV	[158-158]	158	97005
COV	[159-159]	159	95733
COV	[160-160]	160	93447
COV	[161-161]	161	91651
COV	[162-162]	162	90205
COV	[163-163]	163	88643
COV	[164-164]	164	86896
COV	[165-165]	165	85934
COV	[166-166]	166	84086
COV	[167-167]	167	82784
COV	[168-168]	168	81099
COV	[169-169]	169	79441
COV	[170-170]	170	77884
COV	[171-171]	171	76815
COV	[172-172]	172	75693
COV	[173-173]	173	74857
COV	[174-174]	174	72808
COV	[175-175]	175	71644
COV	[176-176]	176	70433
COV	[177-177]	177	69054
COV	[178-178]	178	67712
COV	[179-179]	179	66740
COV	[180-180]	180	65552
COV	[181-181]	181	64463
COV	[182-182]	182	63155
COV	[183-183]	183	61955
COV	[184-184]	184	61044
COV	[185-185]	185	59991
COV	[186-186]	186	59075
COV	[187-187]	187	57975
COV	[188-188]	188	56844
COV	[189-189]	189	56206
COV	[190-190]	190	54889
COV	[191-191]	191	53848
COV	[192-192]	192	53477
COV	[193-193]	193	52197
COV	[194-194]	194	51433
COV	[195-195]	195	50667
COV	[196-196]	196	49798
COV	[197-197]	197	49061
COV	[198-198]	198	48065
COV	[199-199]	199	47760
COV	[200-200]	200	46720
COV	[201-201]	201	45941
COV	[202-202]	202	44908
COV	[203-203]	203	44315
COV	[204-204]	204	43303
COV	[205-205]	205	43094
COV	[206-206]	206	41902
COV	[207-207]	207	41404
COV	[208-208]	208	40406
COV	[209-209]	209	39709
COV	[210-210]	210	39372
COV	[211-211]	211	38221
COV	[212-212]	212	38265
COV	[213-213]	213	37292
COV	[214-214]	214	37011
COV	[215-215]	215	36186
COV	[216-216]	216	35242
COV	[217-217]	217	34736
COV	[218-218]	218	33955
COV	[219-219]	219	33287
COV	[220-220]	220	33167
COV	[221-221]	221	32381
COV	[222-222]	222	32102
COV	[223-223]	223	31567
COV	[224-224]	224	30919
COV	[225-225]	225	30778
COV	[226-226]	226	29831
COV	[227-227]	227	29690
COV	[228-228]	228	29006
COV	[229-229]	229	28749
COV	[230-230]	230	28388
COV	[231-231]	231	27823
COV	[232-232]	232	27466
COV	[233-233]	233	26976
COV	[234-234]	234	26600
COV	[235-235]	235	26059
COV	[236-236]	236	25527
COV	[237-237]	237	25493
COV	[238-238]	238	24608
COV	[239-239]	239	23982
COV	[240-240]	240	23630
COV	[241-241]	241	23232
COV	[242-242]	242	23080
COV	[243-243]	243	22341
COV	[244-244]	244	22241
COV	[245-245]	245	21897
COV	[246-246]	246	21743
COV	[247-247]	247	21434
COV	[248-248]	248	21280
COV	[249-249]	249	20949
COV	[250-250]	250	20738
COV	[251-251]	251	20471
COV	[252-252]	252	20012
COV	[253-253]	253	19936
COV	[254-254]	254	19244
COV	[255-255]	255	19508
COV	[256-256]	256	19150
COV	[257-257]	257	18842
COV	[258-258]	258	18830
COV	[259-259]	259	18332
COV	[260-260]	260	18278
COV	[261-261]	261	17622
COV	[262-262]	262	17524
COV	[263-263]	263	17435
COV	[264-264]	264	16845
COV	[265-265]	265	16660
COV	[266-266]	266	16417
COV	[267-267]	267	16193
COV	[268-268]	268	16042
COV	[269-269]	269	15621
COV	[270-270]	270	15696
COV	[271-271]	271	15254
COV	[272-272]	272	14946
COV	[273-273]	273	14835
COV	[274-274]	274	14610
COV	[275-275]	275	14455
COV	[276-276]	276	14219
COV	[277-277]	277	13996
COV	[278-278]	278	13759
COV	[279-279]	279	13851
COV	[280-280]	280	13281
COV	[281-281]	281	13257
COV	[282-282]	282	13443
COV	[283-283]	283	12916
COV	[284-284]	284	12801
COV	[285-285]	285	12565
COV	[286-286]	286	12298
COV	[287-287]	287	12383
COV	[288-288]	288	12029
COV	[289-289]	289	11637
COV	[290-290]	290	11754
COV	[291-291]	291	11748
COV	[292-292]	292	11468
COV	[293-293]	293	11346
COV	[294-294]	294	11450
COV	[295-295]	295	10905
COV	[296-296]	296	10720
COV	[297-297]	297	10687
COV	[298-298]	298	10148
COV	[299-299]	299	10223
COV	[300-300]	300	10376
COV	[301-301]	301	10200
COV	[302-302]	302	9749
COV	[303-303]	303	9764
COV	[304-304]	304	9659
COV	[305-305]	305	9566
COV	[306-306]	306	9420
COV	[307-307]	307	9355
COV	[308-308]	308	9107
COV	[309-309]	309	8996
COV	[310-310]	310	8877
COV	[311-311]	311	8927
COV	[312-312]	312	8649
COV	[313-313]	313	8506
COV	[314-314]	314	8442
COV	[315-315]	315	8233
COV	[316-316]	316	8156
COV	[317-317]	317	8277
COV	[318-318]	318	8125
COV	[319-319]	319	7988
COV	[320-320]	320	7765
COV	[321-321]	321	7854
COV	[322-322]	322	7801
COV	[323-323]	323	7553
COV	[324-324]	324	7457
COV	[325-325]	325	7374
COV	[326-326]	326	7343
COV	[327-327]	327	7155
COV	[328-328]	328	7087
COV	[329-329]	329	7063
COV	[330-330]	330	7041
COV	[331-331]	331	6954
COV	[332-332]	332	6661
COV	[333-333]	333	6805
COV	[334-334]	334	6534
COV	[335-335]	335	6594
COV	[336-336]	336	6563
COV	[337-337]	337	6457
COV	[338-338]	338	6367
COV	[339-339]	339	6332
COV	[340-340]	340	6243
COV	[341-341]	341	6128
COV	[342-342]	342	6178
COV	[343-343]	343	5980
COV	[344-344]	344	5939
COV	[345-345]	345	6011
COV	[346-346]	346	5895
COV	[347-347]	347	5701
COV	[348-348]	348	5685
COV	[349-349]	349	5595
COV	[350-350]	350	5611
COV	[351-351]	351	5372
COV	[352-352]	352	5548
COV	[353-353]	353	5330
COV	[354-354]	354	5306
COV	[355-355]	355	5377
COV	[356-356]	356	5400
COV	[357-357]	357	5231
COV	[358-358]	358	5255
COV	[359-359]	359	5252
COV	[360-360]	360	5219
COV	[361-361]	361	5101
COV	[362-362]	362	5083
COV	[363-363]	363	4876
COV	[364-364]	364	4886
COV	[365-365]	365	4815
COV	[366-366]	366	4719
COV	[367-367]	367	4639
COV	[368-368]	368	4620
COV	[369-369]	369	4577
COV	[370-370]	370	4476
COV	[371-371]	371	4486
COV	[372-372]	372	4411
COV	[373-373]	373	4526
COV	[374-374]	374	4394
COV	[375-375]	375	4284
COV	[376-376]	376	4240
COV	[377-377]	377	4141
COV	[378-378]	378	4168
COV	[379-379]	379	4163
COV	[380-380]	380	4014
COV	[381-381]	381	3987
COV	[382-382]	382	3931
COV	[383-383]	383	3922
COV	[384-384]	384	4068
COV	[385-385]	385	3901
COV	[386-386]	386	3826
COV	[387-387]	387	3758
COV	[388-388]	388	3809
COV	[389-389]	389	3693
COV	[390-390]	390	3592
COV	[391-391]	391	3598
COV	[392-392]	392	3542
COV	[393-393]	393	3506
COV	[394-394]	394	3618
COV	[395-395]	395	3495
COV	[396-396]	396	3649
COV	[397-397]	397	3304
COV	[398-398]	398	3354
COV	[399-399]	399	3347
COV	[400-400]	400	3268
COV	[401-401]	401	3199
COV	[402-402]	402	3087
COV	[403-403]	403	3165
COV	[404-404]	404	3140
COV	[405-405]	405	3094
COV	[406-406]	406	3063
COV	[407-407]	407	3090
COV	[408-408]	408	3013
COV	[409-409]	409	3039
COV	[410-410]	410	3002
COV	[411-411]	411	3000
COV	[412-412]	412	2913
COV	[413-413]	413	2918
COV	[414-414]	414	2904
COV	[415-415]	415	2914
COV	[416-416]	416	2905
COV	[417-417]	417	2772
COV	[418-418]	418	2806
COV	[419-419]	419	2892
COV	[420-420]	420	2794
COV	[421-421]	421	2847
COV	[422-422]	422	2839
COV	[423-423]	423	2821
COV	[424-424]	424	2801
COV	[425-425]	425	2817
COV	[426-426]	426	2796
COV	[427-427]	427	2813
COV	[428-428]	428	2797
COV	[429-429]	429	2771
COV	[430-430]	430	2655
COV	[431-431]	431	2642
COV	[432-432]	432	2602
COV	[433-433]	433	2655
COV	[434-434]	434	2672
COV	[435-435]	435	2678
COV	[436-436]	436	2589
COV	[437-437]	437	2456
COV	[438-438]	438	2493
COV	[439-439]	439	2426
COV	[440-440]	440	2515
COV	[441-441]	441	2438
COV	[442-442]	442	2443
COV	[443-443]	443	2400
COV	[444-444]	444	2390
COV	[445-445]	445	2361
COV	[446-446]	446	2366
COV	[447-447]	447	2332
COV	[448-448]	448	2371
COV	[449-449]	449	2330
COV	[450-450]	450	2320
COV	[451-451]	451	2309
COV	[452-452]	452	2178
COV	[453-453]	453	2262
COV	[454-454]	454	2229
COV	[455-455]	455	2207
COV	[456-456]	456	2171
COV	[457-457]	457	2126
COV	[458-458]	458	2070
COV	[459-459]	459	2171
COV	[460-460]	460	2092
COV	[461-461]	461	2124
COV	[462-462]	462	2148
COV	[463-463]	463	2124
COV	[464-464]	464	2161
COV	[465-465]	465	2095
COV	[466-466]	466	2055
COV	[467-467]	467	2049
COV	[468-468]	468	2064
COV	[469-469]	469	2019
COV	[470-470]	470	1989
COV	[471-471]	471	1930
COV	[472-472]	472	2042
COV	[473-473]	473	1954
COV	[474-474]	474	2001
COV	[475-475]	475	1925
COV	[476-476]	476	1926
COV	[477-477]	477	1830
COV	[478-478]	478	1955
COV	[479-479]	479	1899
COV	[480-480]	480	1942
COV	[481-481]	481	1857
COV	[482-482]	482	1851
COV	[483-483]	483	1853
COV	[484-484]	484	1752
COV	[485-485]	485	1842
COV	[486-486]	486	1833
COV	[487-487]	487	1812
COV	[488-488]	488	1738
COV	[489-489]	489	1800
COV	[490-490]	490	1655
COV	[491-491]	491	1768
COV	[492-492]	492	1759
COV	[493-493]	493	1659
COV	[494-494]	494	1613
COV	[495-495]	495	1632
COV	[496-496]	496	1654
COV	[497-497]	497	1596
COV	[498-498]	498	1598
COV	[499-499]	499	1632
COV	[500-500]	500	1581
COV	[501-501]	501	1562
COV	[502-502]	502	1542
COV	[503-503]	503	1537
COV	[504-504]	504	1546
COV	[505-505]	505	1529
COV	[506-506]	506	1576
COV	[507-507]	507	1475
COV	[508-508]	508	1528
COV	[509-509]	509	1405
COV	[510-510]	510	1447
COV	[511-511]	511	1418
COV	[512-512]	512	1503
COV	[513-513]	513	1497
COV	[514-514]	514	1434
COV	[515-515]	515	1386
COV	[516-516]	516	1440
COV	[517-517]	517	1340
COV	[518-518]	518	1434
COV	[519-519]	519	1397
COV	[520-520]	520	1404
COV	[521-521]	521	1334
COV	[522-522]	522	1426
COV	[523-523]	523	1339
COV	[524-524]	524	1311
COV	[525-525]	525	1270
COV	[526-526]	526	1294
COV	[527-527]	527	1307
COV	[528-528]	528	1316
COV	[529-529]	529	1273
COV	[530-530]	530	1375
COV	[531-531]	531	1280
COV	[532-532]	532	1256
COV	[533-533]	533	1283
COV	[534-534]	534	1311
COV	[535-535]	535	1297
COV	[536-536]	536	1342
COV	[537-537]	537	1285
COV	[538-538]	538	1304
COV	[539-539]	539	1297
COV	[540-540]	540	1255
COV	[541-541]	541	1321
COV	[542-542]	542	1268
COV	[543-543]	543	1249
COV	[544-544]	544	1230
COV	[545-545]	545	1228
COV	[546-546]	546	1192
COV	[547-547]	547	1123
COV	[548-548]	548	1139
COV	[549-549]	549	1232
COV	[550-550]	550	1181
COV	[551-551]	551	1160
COV	[552-552]	552	1184
COV	[553-553]	553	1138
COV	[554-554]	554	1183
COV	[555-555]	555	1170
COV	[556-556]	556	1110
COV	[557-557]	557	1151
COV	[558-558]	558	1149
COV	[559-559]	559	1123
COV	[560-560]	560	1115
COV	[561-561]	561	1154
COV	[562-562]	562	1129
COV	[563-563]	563	1099
COV	[564-564]	564	1108
COV	[565-565]	565	1108
COV	[566-566]	566	1072
COV	[567-567]	567	1125
COV	[568-568]	568	1107
COV	[569-569]	569	1147
COV	[570-570]	570	1118
COV	[571-571]	571	1061
COV	[572-572]	572	1105
COV	[573-573]	573	1104
COV	[574-574]	574	1097
COV	[575-575]	575	1020
COV	[576-576]	576	1097
COV	[577-577]	577	1084
COV	[578-578]	578	1054
COV	[579-579]	579	1001
COV	[580-580]	580	977
COV	[581-581]	581	1065
COV	[582-582]	582	987
COV	[583-583]	583	985
COV	[584-584]	584	1052
COV	[585-585]	585	981
COV	[586-586]	586	973
COV	[587-587]	587	1051
COV	[588-588]	588	1009
COV	[589-589]	589	963
COV	[590-590]	590	1007
COV	[591-591]	591	916
COV	[592-592]	592	979
COV	[593-593]	593	985
COV	[594-594]	594	905
COV	[595-595]	595	893
COV	[596-596]	596	917
COV	[597-597]	597	972
COV	[598-598]	598	970
COV	[599-599]	599	915
COV	[600-600]	600	942
COV	[601-601]	601	927
COV	[602-602]	602	889
COV	[603-603]	603	938
COV	[604-604]	604	931
COV	[605-605]	605	909
COV	[606-606]	606	943
COV	[607-607]	607	944
COV	[608-608]	608	886
COV	[609-609]	609	885
COV	[610-610]	610	887
COV	[611-611]	611	895
COV	[612-612]	612	840
COV	[613-613]	613	892
COV	[614-614]	614	882
COV	[615-615]	615	858
COV	[616-616]	616	874
COV	[617-617]	617	848
COV	[618-618]	618	832
COV	[619-619]	619	836
COV	[620-620]	620	868
COV	[621-621]	621	867
COV	[622-622]	622	863
COV	[623-623]	623	798
COV	[624-624]	624	861
COV	[625-625]	625	817
COV	[626-626]	626	864
COV	[627-627]	627	828
COV	[628-628]	628	820
COV	[629-629]	629	836
COV	[630-630]	630	859
COV	[631-631]	631	868
COV	[632-632]	632	801
COV	[633-633]	633	821
COV	[634-634]	634	796
COV	[635-635]	635	808
COV	[636-636]	636	794
COV	[637-637]	637	810
COV	[638-638]	638	831
COV	[639-639]	639	754
COV	[640-640]	640	752
COV	[641-641]	641	764
COV	[642-642]	642	796
COV	[643-643]	643	794
COV	[644-644]	644	749
COV	[645-645]	645	749
COV	[646-646]	646	741
COV	[647-647]	647	719
COV	[648-648]	648	727
COV	[649-649]	649	757
COV	[650-650]	650	732
COV	[651-651]	651	774
COV	[652-652]	652	753
COV	[653-653]	653	726
COV	[654-654]	654	725
COV	[655-655]	655	692
COV	[656-656]	656	669
COV	[657-657]	657	717
COV	[658-658]	658	694
COV	[659-659]	659	662
COV	[660-660]	660	719
COV	[661-661]	661	673
COV	[662-662]	662	708
COV	[663-663]	663	694
COV	[664-664]	664	651
COV	[665-665]	665	715
COV	[666-666]	666	656
COV	[667-667]	667	628
COV	[668-668]	668	703
COV	[669-669]	669	656
COV	[670-670]	670	658
COV	[671-671]	671	623
COV	[672-672]	672	639
COV	[673-673]	673	682
COV	[674-674]	674	719
COV	[675-675]	675	653
COV	[676-676]	676	636
COV	[677-677]	677	668
COV	[678-678]	678	612
COV	[679-679]	679	668
COV	[680-680]	680	623
COV	[681-681]	681	581
COV	[682-682]	682	622
COV	[683-683]	683	633
COV	[684-684]	684	587
COV	[685-685]	685	586
COV	[686-686]	686	625
COV	[687-687]	687	690
COV	[688-688]	688	572
COV	[689-689]	689	633
COV	[690-690]	690	609
COV	[691-691]	691	613
COV	[692-692]	692	572
COV	[693-693]	693	587
COV	[694-694]	694	605
COV	[695-695]	695	600
COV	[696-696]	696	567
COV	[697-697]	697	633
COV	[698-698]	698	591
COV	[699-699]	699	594
COV	[700-700]	700	557
COV	[701-701]	701	594
COV	[702-702]	702	603
COV	[703-703]	703	578
COV	[704-704]	704	608
COV	[705-705]	705	599
COV	[706-706]	706	621
COV	[707-707]	707	617
COV	[708-708]	708	596
COV	[709-709]	709	600
COV	[710-710]	710	622
COV	[711-711]	711	578
COV	[712-712]	712	595
COV	[713-713]	713	577
COV	[714-714]	714	554
COV	[715-715]	715	575
COV	[716-716]	716	612
COV	[717-717]	717	568
COV	[718-718]	718	531
COV	[719-719]	719	566
COV	[720-720]	720	561
COV	[721-721]	721	587
COV	[722-722]	722	544
COV	[723-723]	723	544
COV	[724-724]	724	560
COV	[725-725]	725	519
COV	[726-726]	726	567
COV	[727-727]	727	571
COV	[728-728]	728	531
COV	[729-729]	729	517
COV	[730-730]	730	554
COV	[731-731]	731	556
COV	[732-732]	732	533
COV	[733-733]	733	569
COV	[734-734]	734	518
COV	[735-735]	735	539
COV	[736-736]	736	519
COV	[737-737]	737	529
COV	[738-738]	738	521
COV	[739-739]	739	499
COV	[740-740]	740	548
COV	[741-741]	741	568
COV	[742-742]	742	526
COV	[743-743]	743	504
COV	[744-744]	744	575
COV	[745-745]	745	539
COV	[746-746]	746	528
COV	[747-747]	747	519
COV	[748-748]	748	523
COV	[749-749]	749	537
COV	[750-750]	750	543
COV	[751-751]	751	520
COV	[752-752]	752	519
COV	[753-753]	753	523
COV	[754-754]	754	488
COV	[755-755]	755	510
COV	[756-756]	756	503
COV	[757-757]	757	557
COV	[758-758]	758	526
COV	[759-759]	759	484
COV	[760-760]	760	509
COV	[761-761]	761	506
COV	[762-762]	762	464
COV	[763-763]	763	479
COV	[764-764]	764	450
COV	[765-765]	765	432
COV	[766-766]	766	461
COV	[767-767]	767	454
COV	[768-768]	768	464
COV	[769-769]	769	432
COV	[770-770]	770	426
COV	[771-771]	771	490
COV	[772-772]	772	442
COV	[773-773]	773	425
COV	[774-774]	774	424
COV	[775-775]	775	460
COV	[776-776]	776	436
COV	[777-777]	777	414
COV	[778-778]	778	428
COV	[779-779]	779	479
COV	[780-780]	780	449
COV	[781-781]	781	447
COV	[782-782]	782	377
COV	[783-783]	783	441
COV	[784-784]	784	415
COV	[785-785]	785	384
COV	[786-786]	786	424
COV	[787-787]	787	434
COV	[788-788]	788	427
COV	[789-789]	789	437
COV	[790-790]	790	431
COV	[791-791]	791	432
COV	[792-792]	792	367
COV	[793-793]	793	429
COV	[794-794]	794	428
COV	[795-795]	795	432
COV	[796-796]	796	432
COV	[797-797]	797	429
COV	[798-798]	798	378
COV	[799-799]	799	411
COV	[800-800]	800	422
COV	[801-801]	801	411
COV	[802-802]	802	421
COV	[803-803]	803	419
COV	[804-804]	804	390
COV	[805-805]	805	399
COV	[806-806]	806	427
COV	[807-807]	807	384
COV	[808-808]	808	363
COV	[809-809]	809	411
COV	[810-810]	810	405
COV	[811-811]	811	383
COV	[812-812]	812	420
COV	[813-813]	813	378
COV	[814-814]	814	369
COV	[815-815]	815	378
COV	[816-816]	816	368
COV	[817-817]	817	378
COV	[818-818]	818	394
COV	[819-819]	819	367
COV	[820-820]	820	380
COV	[821-821]	821	376
COV	[822-822]	822	348
COV	[823-823]	823	358
COV	[824-824]	824	326
COV	[825-825]	825	373
COV	[826-826]	826	355
COV	[827-827]	827	366
COV	[828-828]	828	357
COV	[829-829]	829	343
COV	[830-830]	830	389
COV	[831-831]	831	352
COV	[832-832]	832	352
COV	[833-833]	833	351
COV	[834-834]	834	363
COV	[835-835]	835	340
COV	[836-836]	836	378
COV	[837-837]	837	390
COV	[838-838]	838	342
COV	[839-839]	839	310
COV	[840-840]	840	354
COV	[841-841]	841	336
COV	[842-842]	842	340
COV	[843-843]	843	315
COV	[844-844]	844	350
COV	[845-845]	845	338
COV	[846-846]	846	368
COV	[847-847]	847	326
COV	[848-848]	848	344
COV	[849-849]	849	346
COV	[850-850]	850	343
COV	[851-851]	851	339
COV	[852-852]	852	374
COV	[853-853]	853	340
COV	[854-854]	854	360
COV	[855-855]	855	315
COV	[856-856]	856	337
COV	[857-857]	857	358
COV	[858-858]	858	333
COV	[859-859]	859	347
COV	[860-860]	860	305
COV	[861-861]	861	337
COV	[862-862]	862	315
COV	[863-863]	863	333
COV	[864-864]	864	312
COV	[865-865]	865	326
COV	[866-866]	866	324
COV	[867-867]	867	329
COV	[868-868]	868	340
COV	[869-869]	869	308
COV	[870-870]	870	328
COV	[871-871]	871	319
COV	[872-872]	872	312
COV	[873-873]	873	337
COV	[874-874]	874	292
COV	[875-875]	875	298
COV	[876-876]	876	313
COV	[877-877]	877	299
COV	[878-878]	878	274
COV	[879-879]	879	308
COV	[880-880]	880	285
COV	[881-881]	881	344
COV	[882-882]	882	279
COV	[883-883]	883	316
COV	[884-884]	884	327
COV	[885-885]	885	306
COV	[886-886]	886	309
COV	[887-887]	887	330
COV	[888-888]	888	305
COV	[889-889]	889	274
COV	[890-890]	890	311
COV	[891-891]	891	305
COV	[892-892]	892	314
COV	[893-893]	893	317
COV	[894-894]	894	282
COV	[895-895]	895	334
COV	[896-896]	896	287
COV	[897-897]	897	257
COV	[898-898]	898	297
COV	[899-899]	899	303
COV	[900-900]	900	272
COV	[901-901]	901	305
COV	[902-902]	902	281
COV	[903-903]	903	293
COV	[904-904]	904	262
COV	[905-905]	905	298
COV	[906-906]	906	321
COV	[907-907]	907	292
COV	[908-908]	908	306
COV	[909-909]	909	275
COV	[910-910]	910	307
COV	[911-911]	911	310
COV	[912-912]	912	301
COV	[913-913]	913	320
COV	[914-914]	914	280
COV	[915-915]	915	283
COV	[916-916]	916	278
COV	[917-917]	917	314
COV	[918-918]	918	299
COV	[919-919]	919	279
COV	[920-920]	920	283
COV	[921-921]	921	272
COV	[922-922]	922	261
COV	[923-923]	923	284
COV	[924-924]	924	262
COV	[925-925]	925	250
COV	[926-926]	926	245
COV	[927-927]	927	272
COV	[928-928]	928	242
COV	[929-929]	929	256
COV	[930-930]	930	272
COV	[931-931]	931	259
COV	[932-932]	932	248
COV	[933-933]	933	264
COV	[934-934]	934	259
COV	[935-935]	935	243
COV	[936-936]	936	252
COV	[937-937]	937	226
COV	[938-938]	938	231
COV	[939-939]	939	242
COV	[940-940]	940	252
COV	[941-941]	941	260
COV	[942-942]	942	236
COV	[943-943]	943	225
COV	[944-944]	944	246
COV	[945-945]	945	239
COV	[946-946]	946	221
COV	[947-947]	947	253
COV	[948-948]	948	224
COV	[949-949]	949	233
COV	[950-950]	950	239
COV	[951-951]	951	212
COV	[952-952]	952	225
COV	[953-953]	953	237
COV	[954-954]	954	225
COV	[955-955]	955	241
COV	[956-956]	956	227
COV	[957-957]	957	213
COV	[958-958]	958	237
COV	[959-959]	959	250
COV	[960-960]	960	237
COV	[961-961]	961	236
COV	[962-962]	962	238
COV	[963-963]	963	236
COV	[964-964]	964	220
COV	[965-965]	965	253
COV	[966-966]	966	206
COV	[967-967]	967	249
COV	[968-968]	968	224
COV	[969-969]	969	221
COV	[970-970]	970	239
COV	[971-971]	971	230
COV	[972-972]	972	219
COV	[973-973]	973	224
COV	[974-974]	974	223
COV	[975-975]	975	229
COV	[976-976]	976	201
COV	[977-977]	977	210
COV	[978-978]	978	200
COV	[979-979]	979	168
COV	[980-980]	980	213
COV	[981-981]	981	198
COV	[982-982]	982	194
COV	[983-983]	983	208
COV	[984-984]	984	195
COV	[985-985]	985	196
COV	[986-986]	986	191
COV	[987-987]	987	170
COV	[988-988]	988	217
COV	[989-989]	989	200
COV	[990-990]	990	176
COV	[991-991]	991	197
COV	[992-992]	992	196
COV	[993-993]	993	206
COV	[994-994]	994	194
COV	[995-995]	995	190
COV	[996-996]	996	215
COV	[997-997]	997	208
COV	[998-998]	998	189
COV	[999-999]	999	199
COV	[1000-1000]	1000	192
COV	[1000<]	1000	61733
# GC-depth. Use `grep ^GCD | cut -f 2-` to extract this part. The columns are: GC%, unique sequence percentiles, 10th, 25th, 50th, 75th and 90th depth percentile
GCD	0.0	0.014	0.005	0.005	0.005	0.005	0.010
GCD	2.0	0.015	0.005	0.005	0.005	0.005	0.005
GCD	7.0	0.016	0.035	0.035	0.035	0.035	0.035
GCD	14.0	0.016	0.015	0.015	0.015	0.015	0.015
GCD	16.0	0.018	0.005	0.005	0.005	0.005	0.005
GCD	18.0	0.019	0.010	0.010	0.071	0.131	0.131
GCD	20.0	0.023	0.030	0.045	0.081	0.411	0.444
GCD	21.0	0.025	0.055	0.055	0.176	0.197	0.197
GCD	22.0	0.029	0.020	0.055	0.151	3.852	5.682
GCD	22.1	0.029	0.222	0.222	0.222	0.222	0.222
GCD	23.0	0.035	0.010	0.023	0.108	0.258	0.635
GCD	24.0	0.038	0.025	0.032	0.174	0.857	1.044
GCD	25.0	0.043	0.005	0.021	0.055	0.130	0.161
GCD	26.0	0.051	0.011	0.028	0.061	0.411	2.085
GCD	27.0	0.083	0.030	0.040	1.109	2.244	3.712
GCD	28.0	0.128	0.022	0.050	0.832	2.198	4.382
GCD	29.0	0.234	0.040	0.061	1.318	3.097	5.259
GCD	30.0	0.435	0.050	0.081	1.525	4.220	7.612
GCD	31.0	0.852	0.050	0.081	0.792	3.895	8.017
GCD	32.0	1.553	0.061	0.091	0.794	4.854	9.912
GCD	33.0	2.784	0.061	0.086	0.141	4.175	9.033
GCD	34.0	4.734	0.061	0.091	0.141	3.913	9.440
GCD	35.0	7.558	0.066	0.091	0.131	3.413	9.344
GCD	36.0	11.448	0.066	0.091	0.131	2.182	7.951
GCD	37.0	16.467	0.066	0.091	0.131	1.513	7.527
GCD	38.0	22.299	0.071	0.091	0.131	0.900	6.523
GCD	39.0	28.942	0.071	0.091	0.131	0.442	6.224
GCD	40.0	35.919	0.071	0.101	0.141	0.303	5.762
GCD	41.0	42.619	0.081	0.111	0.151	0.521	5.825
GCD	42.0	49.028	0.081	0.116	0.156	0.534	5.714
GCD	43.0	55.012	0.091	0.121	0.166	0.676	5.561
GCD	44.0	60.517	0.091	0.131	0.176	0.955	5.817
GCD	45.0	65.452	0.101	0.136	0.192	0.958	5.759
GCD	46.0	69.754	0.106	0.141	0.202	1.292	6.102
GCD	47.0	73.587	0.111	0.151	0.222	1.592	6.151
GCD	48.0	76.862	0.119	0.161	0.242	2.037	6.835
GCD	49.0	79.780	0.131	0.182	0.282	2.541	7.262
GCD	50.0	82.374	0.131	0.197	0.308	2.652	7.706
GCD	51.0	84.718	0.151	0.222	0.353	2.987	8.259
GCD	52.0	86.706	0.161	0.237	0.504	3.318	7.845
GCD	53.0	88.475	0.182	0.262	0.630	3.763	8.722
GCD	54.0	90.116	0.182	0.282	0.948	4.215	9.936
GCD	55.0	91.665	0.227	0.333	1.286	4.781	9.912
GCD	56.0	93.046	0.242	0.383	1.623	5.062	9.796
GCD	57.0	94.359	0.277	0.453	2.047	5.778	11.207
GCD	58.0	95.550	0.313	0.585	2.203	6.060	10.756
GCD	59.0	96.645	0.333	0.721	2.279	6.312	11.614
GCD	60.0	97.659	0.413	0.852	2.471	6.146	10.734
GCD	61.0	98.521	0.434	0.887	2.597	6.299	10.714
GCD	62.0	99.129	0.494	0.926	2.617	5.811	10.099
GCD	63.0	99.571	0.514	1.010	2.486	5.934	10.304
GCD	64.0	99.817	0.543	1.180	2.728	5.468	11.019
GCD	65.0	99.950	0.534	1.044	2.642	6.141	10.119
GCD	66.0	99.989	0.456	1.006	1.876	4.340	8.354
GCD	67.0	99.997	0.033	0.358	1.558	3.891	7.560
GCD	68.0	99.999	0.116	0.116	0.872	1.629	1.629
GCD	69.0	100.000	0.010	0.010	0.010	0.010	0.010
