# This file was produced by samtools stats (1.23+htslib-1.23) and can be plotted using plot-bamstats
# This file contains statistics for all reads.
# The command line was:  stats data/AFR/ESN/HG03303/aligned/HG03303.bam
# CHK, Checksum	[2]Read Names	[3]Sequences	[4]Qualities
# CHK, CRC32 of reads which passed filtering followed by addition (32bit overflow)
CHK	66b84639	bca936e2	95dd5a6c
# Summary Numbers. Use `grep ^SN | cut -f 2-` to extract this part.
SN	raw total sequences:	63790844	# excluding supplementary and secondary reads
SN	filtered sequences:	0
SN	sequences:	63790844
SN	is sorted:	1	# sorted by coordinate
SN	1st fragments:	31895422
SN	last fragments:	31895422
SN	reads mapped:	63770129
SN	reads mapped and paired:	63767904	# paired-end technology bit set + both mates mapped
SN	reads unmapped:	20715
SN	reads properly paired:	63230316	# proper-pair bit set
SN	reads paired:	63790844	# paired-end technology bit set
SN	reads duplicated:	0	# PCR or optical duplicate bit set
SN	reads MQ0:	5203072	# mapped and MQ=0
SN	reads QC failed:	0
SN	non-primary alignments:	0
SN	supplementary alignments:	82571
SN	total length:	6374097336	# ignores clipping
SN	total first fragment length:	3187048668	# ignores clipping
SN	total last fragment length:	3187048668	# ignores clipping
SN	bases mapped:	6372034412	# ignores clipping
SN	bases mapped (cigar):	6364309348	# more accurate
SN	bases trimmed:	0
SN	bases duplicated:	0
SN	mismatches:	24092966	# from NM fields
SN	error rate:	3.785637e-03	# mismatches / bases mapped (cigar)
SN	average length:	100
SN	average first fragment length:	100
SN	average last fragment length:	100
SN	maximum length:	100
SN	maximum first fragment length:	100
SN	maximum last fragment length:	100
SN	average quality:	35.1
SN	insert size average:	223.3
SN	insert size standard deviation:	69.4
SN	inward oriented pairs:	31640494
SN	outward oriented pairs:	9878
SN	pairs with other orientation:	10438
SN	pairs on different chromosomes:	223142
SN	percentage of properly paired reads (%):	99.1
# First Fragment Qualities. Use `grep ^FFQ | cut -f 2-` to extract this part.
# Columns correspond to qualities and rows to cycles. First column is the cycle number.
FFQ	1	0	0	17426	0	0	0	0	0	0	0	121784	0	0	0	0	0	172243	0	0	598	0	0	48014	192862	0	140978	584751	823872	382616	0	2752073	13926271	0	1712942	11018992	0	0	0	0	0	0	0	0
FFQ	2	0	0	2353	0	0	0	0	0	0	0	72889	0	0	0	0	0	172013	0	0	2229	0	0	74936	149275	0	157783	481458	907663	365805	0	2308000	12443588	0	796075	13961355	0	0	0	0	0	0	0	0
FFQ	3	0	0	0	0	0	0	0	0	0	0	52335	0	0	0	0	0	132054	0	0	439	0	0	80354	130770	0	147681	440785	915776	365033	0	2220906	11823389	0	737296	14848604	0	0	0	0	0	0	0	0
FFQ	4	0	0	87547	0	0	0	0	0	0	0	50007	0	0	0	0	0	75163	0	0	48392	0	0	66984	0	0	124658	230567	20687	314299	7529	592714	16628	803295	1281816	0	9024202	0	19150934	0	0	0	0	0
FFQ	5	0	0	0	0	0	0	0	0	0	0	87861	0	0	0	0	0	105394	0	0	157535	0	0	81176	0	0	175508	284977	22282	364179	7351	685248	16654	861852	1382237	0	8980942	0	18682226	0	0	0	0	0
FFQ	6	0	0	0	0	0	0	50	0	7820	0	55647	20069	0	0	41	7279	16302	83707	42078	46481	0	6873	5677	79427	80	197705	262642	36077	245106	169222	656334	75870	1021388	1335200	84	8437647	649638	18436978	0	0	0	0	0
FFQ	7	0	0	0	0	0	22	188	0	10185	0	67467	23961	29	0	100	7852	18118	82319	43935	46356	30	7819	5832	80506	103	205694	264819	41996	216201	168629	665138	78058	999772	1360180	128	8463127	660500	18376358	0	0	0	0	0
FFQ	8	0	0	0	0	0	67	148	7	11639	0	74207	26371	42	2	74	9785	19190	93425	46045	48161	76	8516	6571	82172	87	210047	269938	55069	214522	169429	672907	79634	1009894	1368780	131	8479917	664556	18274013	0	0	0	0	0
FFQ	9	0	0	0	0	0	68	129	30	10302	1	68409	23361	66	11	95	9494	18717	91010	47356	48339	239	8593	6728	82750	148	211201	90049	261866	195822	169475	675187	61867	901852	930462	593164	2899290	2141	4800750	1966387	17720063	0	0	0
FFQ	10	0	0	0	0	0	117	142	42	11643	7	73968	25543	139	15	92	9174	19071	87793	48592	49835	408	8850	6668	84995	305	216516	89889	307848	147683	172874	682932	61871	904307	936572	593196	2916378	1952	4810716	1991824	17633465	0	0	0
FFQ	11	0	0	0	0	0	144	92	58	9105	43	59899	20842	194	7	75	9130	17850	84827	45514	46148	496	8954	6630	82495	645	210536	88169	359972	89638	170271	677328	61420	902072	936920	591994	2923953	1986	4835086	2021891	17631038	0	0	0
FFQ	12	0	0	0	0	0	151	133	115	11533	152	71799	24731	241	14	89	9364	19703	85251	50011	50616	528	9474	7092	88227	1048	219019	92636	419429	38022	177158	696636	59670	907252	953244	585037	2939789	2160	4828140	2050307	17496651	0	0	0
FFQ	13	0	0	0	0	0	194	145	139	9628	199	61588	21103	231	31	85	9531	18169	84736	46813	47239	545	9483	6918	84299	1563	215503	90233	428756	26319	173808	690982	60418	913064	948836	596200	2945965	2334	4852997	2038309	17509059	0	0	0
FFQ	14	0	0	0	0	0	194	170	211	12400	377	74122	24779	286	50	130	1868	25429	87312	50356	51073	598	10130	7324	21448	71287	219932	92941	426244	26817	176103	307241	435041	660805	953605	664307	536196	1901135	1505191	3890115	2405735	6216553	11037917	0
FFQ	15	0	0	0	0	0	210	195	249	10221	460	64004	21784	356	51	180	2057	24609	87315	48618	49100	666	10170	7370	22272	71026	216515	93344	430982	27125	176583	309406	436630	669632	957362	671052	542917	1908968	1511800	3905740	2405203	6230836	10980414	0
FFQ	16	0	0	0	0	0	246	237	331	11821	785	68891	23019	402	109	266	2386	25726	85720	51154	51502	805	10742	8019	23711	75032	219490	95150	430333	28050	179196	315349	440151	666837	965810	671635	551024	1914476	1512328	3918543	2399702	6248631	10897813	0
FFQ	17	0	0	0	0	0	245	259	343	11356	1034	65434	21693	429	143	329	2876	25659	85224	50562	50484	903	11052	7968	24942	76444	217693	95194	428866	28094	179533	319734	440477	668993	966336	674468	558853	1920557	1522074	3933047	2406655	6264251	10833218	0
FFQ	18	0	0	0	0	0	314	323	510	15296	1653	79341	26238	518	203	378	3491	28344	88572	54405	54357	969	12074	8397	27627	83058	221735	98213	434583	29305	184560	329150	447382	670248	983093	678181	568922	1921383	1522757	3949524	2403920	6266747	10699651	0
FFQ	19	0	0	0	0	0	292	372	554	13086	2050	68997	22557	602	257	422	4009	24697	6975	136516	52896	1066	12462	8417	29255	84973	217496	97615	436652	29972	184367	335185	448783	668630	601597	1072897	576987	1636518	1548444	3209073	3000631	6563904	10796216	0
FFQ	20	0	0	0	0	0	299	476	648	16558	3089	79260	25544	606	310	519	5013	27934	9173	137568	56592	1207	13437	9042	32667	94750	219278	100855	438676	31372	189163	347273	454718	670272	612215	1083368	593878	1646046	1562100	3240815	3044963	6521567	10624171	0
FFQ	21	0	0	0	0	0	339	537	856	15515	3676	70718	22421	722	415	658	5656	28367	12156	133292	55103	1326	14025	9485	35439	101123	216118	103199	441604	31824	190972	360701	459232	673629	620800	1093660	607741	1656937	1582219	3276977	3116756	6493657	10457567	0
FFQ	22	0	0	0	0	0	321	655	943	16693	5027	69433	21491	840	504	749	6757	29842	14900	125745	55275	1461	15019	9896	38926	108605	206209	102797	431737	32675	191003	369234	457242	659825	623174	1092404	623271	1660027	1597228	3297956	3193801	6480065	10353692	0
FFQ	23	0	0	2	0	0	418	776	1244	19805	7117	74246	22214	965	650	861	8327	33457	19594	123597	57754	1775	16204	10691	44273	122970	204830	106777	433355	34256	196814	388812	464340	656786	636945	1095339	646063	1667550	1600535	3337327	3238505	6427574	10192674	0
FFQ	24	0	0	2	0	0	465	935	1527	22931	9748	78305	22148	1101	820	1037	9772	36498	25315	119665	58391	1967	17645	11182	48750	138013	194684	108062	428352	35704	198798	405854	467079	646889	642238	1103690	664526	1672021	1618976	3390760	3173349	6193659	10344564	0
FFQ	25	0	0	4	0	0	504	1155	1919	26380	13056	80344	20238	1190	1007	1250	11764	40220	31628	113970	61201	2183	19273	12103	53973	156781	186401	110463	427505	37493	202467	427503	472173	639805	652586	1109940	691449	1673557	1629425	3425859	3196472	6213297	10148884	0
FFQ	26	0	0	11	0	0	731	1759	3036	39902	22936	108079	25208	1478	1318	1551	14834	46812	40898	110680	63351	2514	20931	12703	58520	176281	177135	111852	418418	38216	202193	451730	473399	623932	659708	1113203	718962	1678706	1634758	3456934	3174336	6267823	9940584	0
FFQ	27	0	0	16	0	0	754	1925	3499	40734	27855	97058	19280	1795	1724	1889	17853	53873	51271	100723	61781	3102	22273	13237	62753	193839	171497	112813	415947	39930	202670	481673	477284	614754	666747	1112729	751363	1683061	1641273	3499979	3137667	6346984	9761817	0
FFQ	28	0	0	19	0	0	829	2174	4077	44913	34167	91446	14579	1943	2140	2169	20539	59263	56048	88880	61390	3452	24201	14453	65755	212804	164245	113788	397326	41712	203398	514495	477076	586653	679734	1112574	788937	1683267	1648748	3552072	3092068	6460749	9573339	0
FFQ	29	0	0	24	0	0	900	2630	4964	51032	44880	87810	10136	2262	2420	2624	24219	65528	57806	81818	63363	4094	26652	15621	68948	235741	161008	117501	386892	44086	207983	549748	487249	557658	696855	1110983	832402	1681574	1646122	3620388	3026194	6543907	9371400	0
FFQ	30	0	0	33	0	0	1016	2936	5836	55843	54990	79118	6065	2551	3030	3082	27874	72688	56728	74616	64553	4665	27466	16901	72559	252416	164323	120763	371913	46410	211793	589220	491011	531520	715048	1110642	883114	1676278	1648646	3691123	2957606	6617770	9183276	0
FFQ	31	0	0	41	0	0	1104	3623	7343	65147	70935	72972	3197	2934	3523	3685	32445	81538	52011	72674	66963	5229	30297	18474	74097	267006	174618	123628	357911	49434	214248	633223	497794	499827	733708	1110079	932693	1664621	1654715	3771697	2885591	6643869	9012528	0
FFQ	32	0	0	34	0	0	1104	4017	8152	64238	77771	55022	1569	3448	4063	4229	36301	86802	44046	69351	66193	5929	33042	19891	76210	271804	187569	127834	340406	53542	218325	676360	508044	468723	757753	1106777	995571	1653758	1663423	3868437	2804424	6686530	8843612	0
FFQ	33	0	0	43	0	0	1287	4591	9470	67976	89278	41487	1098	3749	4667	4892	40654	91423	34122	69774	67231	6752	35689	21663	76672	276462	199057	130782	321257	57282	220940	708825	514050	434683	783072	1097810	1062988	1632866	1673088	3958166	2726802	6708362	8714176	0
FFQ	34	0	0	50	0	0	1414	5326	11029	70650	101722	29275	1158	4346	5351	5882	44978	96410	26032	71291	69206	7810	38748	23379	79277	283240	211419	135773	310218	62058	226866	745392	525639	407878	809333	1088436	1134288	1609391	1680001	4056476	2629927	6721909	8560603	0
FFQ	35	0	0	55	0	0	1557	6156	13001	74906	115012	19075	1229	4961	6240	6823	51527	99186	19170	73584	71534	9003	41416	25659	82338	289746	222101	142596	301214	67932	232449	778020	538277	388392	844206	1081191	1209485	1561895	1709154	4139669	2555688	6717883	8388871	0
FFQ	36	0	0	64	0	0	1637	6993	14884	76681	124260	10842	1482	5621	7297	8117	57675	99676	14805	74293	72848	10192	44788	28130	85892	295990	229993	148420	293403	74574	237154	804077	548110	373404	879848	1072771	1289100	1523974	1729543	4209199	2495344	6716471	8222673	0
FFQ	37	0	0	70	0	0	1935	7910	17633	79239	132799	5774	1788	6466	8367	9417	64226	98461	12010	76378	75237	11685	48398	31399	89845	304188	231142	155069	292885	82209	242813	826158	561929	371642	922601	1064142	1367490	1476688	1741591	4269201	2457386	6704351	8038876	0
FFQ	38	0	0	71	0	0	2085	9056	19982	79346	135368	2915	1953	7184	9858	10928	70569	93249	11455	77329	76469	13320	52110	34344	94284	308191	228724	162103	291029	90425	247183	835550	573405	371479	963028	1053580	1445554	1430088	1764397	4306078	2444032	6703414	7868489	0
FFQ	39	0	0	78	0	0	2348	10545	23114	81516	140387	1781	2160	8197	11347	12559	77237	86714	12069	79499	79375	15153	51893	37229	104168	316862	221069	170111	296433	100337	255073	837131	587944	379539	1008980	1039566	1517651	1392049	1775335	4166104	2615171	6692401	7678771	0
FFQ	40	0	0	80	0	0	2412	11816	26680	81892	142878	1640	2548	9269	13158	14586	84152	80019	13646	81356	81379	17132	55239	41149	111712	323897	213545	178581	299927	110636	261236	839051	600822	389147	1056738	1031125	1580287	1358245	1793406	4192383	2608433	6677317	7499633	0
FFQ	41	0	0	95	0	0	2678	13081	30325	82168	142540	1714	2933	10455	15227	16744	90106	71310	15252	81686	82144	19728	57607	45280	119428	329890	204056	188348	301120	124887	266878	841906	613638	400915	1105762	1018526	1639823	1330743	1812072	4219688	2609561	6654501	7323691	0
FFQ	42	0	0	102	0	0	2987	14971	34650	85880	147040	1820	3313	11616	17530	19222	97361	63735	17241	84326	85155	22026	61022	50274	128677	338792	193596	198410	307703	139115	274847	840158	631055	414446	1156107	1010636	1684396	1317780	1833359	4244860	2604422	6618669	7128566	0
FFQ	43	0	0	109	0	0	2694	13353	31153	70347	118912	2145	3918	12468	19941	20336	102666	53318	16504	71510	70793	25662	58219	53061	134065	311896	189093	195080	268973	151793	237846	850404	595146	393242	1168293	921377	1716373	1182041	1857077	4009929	2785568	6332597	7837351	0
FFQ	44	0	0	122	0	0	2989	14529	34780	71596	118422	2268	4199	13502	21949	22120	104047	44289	17829	72792	72310	27492	59585	56400	141274	313705	168270	202750	270621	164721	244583	818496	604389	404178	1191861	911812	1716759	1188747	1851379	3968266	2721391	6290162	7950076	0
FFQ	45	0	0	144	0	0	3104	15598	37720	70163	113336	2361	4403	13492	23950	23662	99588	34252	19210	69300	72713	39219	51065	58351	150526	310546	151592	209433	270047	178407	252049	780329	613102	415244	1209186	911717	1714615	1209628	1847980	3941732	2603294	6357843	8005136	0
FFQ	46	0	0	158	0	0	3243	16877	41177	71906	112338	2535	4662	14307	26215	26220	99390	28427	21158	70822	74733	42227	52688	62955	161471	312007	135025	218340	272949	196689	260563	755245	628097	429427	1229702	921260	1714280	1239910	1849193	3917328	2572751	6322413	7974770	0
FFQ	47	0	0	165	0	0	3611	18119	44794	72069	107997	2900	5525	15741	29836	29231	98687	22899	22688	70980	74992	46333	53120	68631	174496	313202	121606	231064	271017	218273	266440	740812	643944	445093	1252048	939344	1721240	1266018	1866899	3893169	2565222	6258064	7906624	0
FFQ	48	0	0	181	0	0	3830	19571	49908	75464	108426	2959	5809	16796	33202	32365	94708	19983	24574	74783	77071	49756	54229	74608	186348	315252	107429	242784	275103	240001	278426	719376	663836	462864	1266866	974048	1721200	1305631	1884940	3875901	2571990	6220706	7751452	0
FFQ	49	0	0	197	0	0	4176	21345	54047	77409	103703	3283	6589	17985	37594	35165	93154	17360	26017	75755	78547	55237	55408	82065	183587	330179	92404	258274	282850	267023	286319	709190	685279	479801	1281891	1009991	1702678	1353124	1924326	3490178	2943083	6146708	7609927	0
FFQ	50	0	0	207	0	0	4684	23032	59093	81576	100496	3637	7321	19197	41496	37878	86813	16287	27852	78495	79668	59927	57008	89366	195618	328425	80675	272298	283271	293532	296725	689553	706807	501215	1289250	1059195	1712557	1388517	1949825	3476511	2956093	6083452	7443796	0
FFQ	51	0	0	227	0	0	4989	24399	62972	85149	95662	4172	8096	20555	46239	41139	80596	15405	29130	81056	80064	65338	57949	96066	208534	325098	69846	287716	283181	322351	305570	672328	729159	519819	1289380	1113177	1731959	1426679	1969030	3451347	2972142	6012723	7291627	0
FFQ	52	0	0	242	0	0	5591	26393	69191	91718	93338	4525	9158	21791	51297	44159	74512	15784	30633	85653	82562	71606	60111	106111	221885	322840	62152	306698	286416	356098	319562	655817	756342	544820	1294436	1178610	1747322	1465360	1988979	3423788	2976261	5915119	7113470	0
FFQ	53	0	0	250	0	0	4140	20883	58457	79169	74683	5122	10349	22524	57717	44614	70475	13492	27911	76120	68162	78289	58627	113066	231061	299680	55775	311568	255085	395019	289313	652428	745655	537387	1277236	1175038	1798624	1417176	2055999	3199348	3193730	5662524	7443126	0
FFQ	54	0	0	272	0	0	4530	21085	60313	80808	66886	4821	10031	21433	57326	43300	57969	13145	27655	76226	67913	75963	57230	113394	228622	276761	47336	312214	251111	402296	299483	598780	750915	553373	1232880	1232163	1844572	1466197	2055626	3132095	3136396	5590295	7607833	0
FFQ	55	0	0	295	0	0	4496	21238	61869	83238	59896	4918	10119	20145	59171	44908	49516	13114	28501	77543	67660	76004	60091	117387	231770	188740	115356	323034	244567	420956	310552	563669	765940	569125	1198366	1297565	1889867	1519037	1973673	3159998	3097482	5500132	7648764	0
FFQ	56	0	0	318	0	0	4791	22028	65310	88907	54510	5179	10863	20360	63062	45227	42983	13049	29617	81374	67440	78880	61272	125942	236870	173447	115517	336037	242212	444053	323259	538288	786938	590703	1179848	1366815	1943789	1566925	1990861	3097998	3085372	5389889	7588199	0
FFQ	57	0	0	345	0	0	4985	21997	66476	92593	47560	5530	11464	20532	66658	45106	37225	13170	29700	83400	66670	84081	63393	132543	241857	158531	117031	350955	237894	469797	335704	516764	810033	613081	1165560	1440233	2005151	1623552	2019837	3040479	3096891	5283564	7457191	0
FFQ	58	0	0	373	0	0	5479	23139	70290	99185	42102	5897	12271	20757	70635	45013	32505	13288	31041	87788	66633	88479	64840	142612	246828	145599	120902	367688	236228	496932	350809	502714	839529	639700	1155327	1518673	2072957	1681338	2048277	2984878	3109164	5155667	7281452	0
FFQ	59	0	0	407	0	0	5824	23527	73062	104387	35884	6453	13439	21724	75246	42911	28998	13172	31807	94899	66460	87185	64099	165903	235271	129010	119736	416002	233106	527558	367122	493706	869768	670030	1150775	1601067	2148047	1743080	2085358	2927123	3100432	5002384	7101440	0
FFQ	60	0	0	442	0	0	6281	23457	75274	108978	29760	6927	14395	21494	78044	40862	25541	13265	31894	98045	65030	91978	65669	175769	233811	119315	123811	433893	228040	548676	382963	484712	899956	696608	1143065	1686704	2239897	1811062	2118298	2871737	3143355	4870271	6866536	0
FFQ	61	0	0	3295	0	0	6592	22821	76298	110287	23411	7513	15520	21709	81768	38932	23533	13177	32692	101207	63151	96793	66814	187647	231013	109403	126419	452404	222660	568423	396741	480551	926777	725831	1138024	1764603	2339533	1877307	2156806	2799634	3185916	4715043	6664934	0
FFQ	62	0	0	7839	0	0	7065	23685	81014	117487	18843	8110	16461	21898	84182	37174	22211	13412	34212	107160	62841	102426	69654	199385	226847	103023	132511	478091	221596	587093	418985	481653	961411	759350	1132130	1852265	2448327	1954203	2192522	2734753	3213415	4548368	6392921	0
FFQ	63	0	0	14164	0	0	7608	23808	84005	120670	14610	8887	17938	21889	88086	34828	21152	13208	34974	112135	60786	108857	71516	211790	221054	97889	136862	499740	216878	602314	437537	488559	991558	791276	1132294	1937605	2574273	2028508	2232260	2653954	3261432	4372028	6126950	0
FFQ	64	0	0	22189	0	0	8189	23383	87800	122944	10699	9530	18993	21680	90010	32948	21045	13257	36292	117852	59329	115080	73417	222833	213607	95147	142961	523525	214314	612313	459651	498822	1020502	826232	1135658	2027233	2713519	2106344	2272868	2573115	3303487	4182390	5844064	0
FFQ	65	0	0	32108	0	0	8716	23438	89969	123710	7350	10354	20010	21846	90662	31019	18374	15909	37195	106032	74682	120170	76361	219160	218933	93143	148575	539126	185269	611771	514642	513677	1050019	861427	1139135	2114974	2871414	2191633	2315224	2484742	3347856	3993832	5550091	0
FFQ	66	0	0	44002	0	0	9203	23057	94108	125105	4852	11057	21648	22039	92696	28969	18564	16091	38202	110851	73754	126454	78521	230760	211908	92286	154877	563012	181067	615481	541292	535867	1078068	893973	1147810	2202924	3039686	2276916	2362569	2386724	3389799	3784942	5242735	0
FFQ	67	0	0	57665	0	0	9863	22668	96667	123290	3014	11790	22384	21667	92551	26874	18792	16084	39156	114132	72025	131918	80805	238622	202153	92935	162090	583028	178647	607592	565426	560534	1102501	928971	1165377	2287843	3224980	2364254	2416979	2280226	3438646	3576207	4932766	0
FFQ	68	0	0	73253	0	0	10726	23009	104342	126311	1843	12982	23991	22326	93906	25183	19824	17082	41283	122140	72514	139611	83309	248927	194876	95751	171747	609517	178336	602834	598313	589855	1129830	966561	1184843	2380636	3413373	2453171	2464686	2176069	3458866	3351876	4586676	0
FFQ	69	0	0	90423	0	0	11245	22632	109319	125022	1005	14151	25706	22353	94446	23858	20958	17259	42906	127415	72170	147322	86576	256515	187727	98215	180037	634559	179218	592335	629432	625230	1154319	1002842	1211455	2481146	3613403	2546332	2520249	2059195	3491747	3119547	4231364	0
FFQ	70	0	0	109030	0	0	11696	22808	114632	123188	512	15205	27127	22846	94533	22252	22180	17198	43678	130805	70464	153719	87651	237151	159632	146743	187041	653343	178162	578125	658933	658585	1169745	1036305	1241988	2572463	3838960	2635636	2582448	1927680	3520777	2886110	3909569	0
FFQ	71	0	0	129108	0	0	12343	21568	116445	117088	265	16087	28547	22705	92759	20944	23063	17328	44792	136376	69182	159579	89111	236942	150344	152085	196331	670113	181302	557163	689454	688952	1179424	1070345	1280284	2669076	4082922	2723463	2648811	1798458	3538249	2652978	3584107	0
FFQ	72	0	0	150764	0	0	12945	20625	120753	112206	123	17202	28790	22670	88611	18698	24233	17501	46003	139693	67228	166488	90258	235821	144803	157879	205705	684108	183020	536193	717724	723244	1191670	1102519	1321352	2773423	4333694	2813116	2717326	1665051	3543431	2414048	3258318	0
FFQ	73	0	0	173727	0	0	13882	20621	126446	108666	77	18500	30137	22842	87302	17789	26121	17743	47670	145233	66538	174621	92249	235294	140449	164007	215453	704392	187961	516777	753522	754695	1204631	1132778	1368190	2881940	4589421	2895952	2784541	1535213	3520078	2168655	2922235	0
FFQ	74	0	0	198391	0	0	14655	20218	132701	105486	46	19926	31768	23924	85551	16493	27536	18121	49472	152125	65430	182686	93416	232931	138385	170503	226228	722774	194780	495668	789279	788076	1216804	1166642	1423318	3000036	4848621	2971088	2845981	1400138	3484786	1929842	2581577	0
FFQ	75	0	0	224537	0	0	15748	19903	140059	101653	34	21668	32979	24192	82553	15828	29056	18472	51137	157622	65227	189996	94520	227188	136967	178342	238841	677270	261489	470067	823288	819927	1229217	1198696	1481212	3122692	5120416	3044239	2907935	1272761	3422136	1697176	2249370	0
FFQ	76	0	0	251307	0	0	14778	18065	136418	96081	29	32214	48185	29929	121331	13962	38449	15460	59601	150277	78045	282082	132467	307487	191655	251256	305839	953738	363416	738049	1123131	1325791	1811695	1776197	1811343	4209380	3913127	3117352	1950265	1103837	3321430	1154789	614907	0
FFQ	77	0	0	269812	0	0	15953	17674	140816	88383	19	28611	40717	26883	92742	12947	34911	16445	56682	151756	69599	239635	109231	241030	159136	215856	273578	803327	324435	528560	1019321	1095459	1530894	1581026	1824790	4065101	4720890	3266764	2350571	979668	3462962	1299698	706391	0
FFQ	78	0	0	290821	0	0	16227	16153	138227	78236	16	26838	37117	25185	76574	11893	34152	16842	54567	152509	64878	223518	99059	204931	145386	202567	269455	729191	304857	424061	965931	969200	1355147	1407582	1737961	3761770	5661004	3298323	2820283	864259	3231295	1120307	1024750	0
FFQ	79	0	0	315755	0	0	16750	15238	140403	71489	11	26628	35668	24549	67510	11297	34190	17125	54046	156611	62895	220080	93796	182963	141844	200208	274109	690608	304389	367788	953487	920568	1284004	1337520	1724933	3691947	6305834	3333325	3050828	748265	3041676	872142	1069278	0
FFQ	80	0	0	343556	0	0	17315	14744	144946	66233	18	27809	35647	24864	61985	10973	35608	17602	55899	160977	63028	222942	91986	166919	142589	202383	285182	679472	311476	330799	962851	906789	1265195	1321700	1752177	3748673	6774545	3361896	3147621	636038	2846811	687754	931357	0
FFQ	81	0	0	374115	0	0	17898	14274	150575	61861	22	29174	35725	25697	58032	10457	36699	17993	57234	164069	64735	229788	91328	154781	145255	208109	299821	671271	320873	302435	987832	901956	1269345	1329088	1786898	3850933	7173301	3394796	3171438	536900	2629357	533595	749082	0
FFQ	82	0	0	407381	0	0	18606	13339	153472	56829	10	31049	36617	26386	53400	9945	38091	18327	58811	167637	66097	236071	90184	141395	149063	213841	314940	666241	333441	276879	1010263	905080	1283140	1347104	1833589	3982883	7541338	3413531	3145169	446715	2389284	404950	573803	0
FFQ	83	0	0	443489	0	0	18958	12883	156917	51979	20	32816	36829	27057	49882	9560	40035	18521	60419	171288	68944	244620	89059	128533	154069	220536	330011	661089	346838	256311	1039923	911726	1299399	1369601	1875532	4126242	7888618	3422492	3072724	365425	2130872	297288	422333	0
FFQ	84	0	0	482243	0	0	19688	12224	162037	47360	19	34212	36742	27979	45806	9078	41307	18851	62033	173230	72047	251695	87126	116555	158549	227022	346718	652539	359920	235308	1067407	909832	1321587	1394135	1913830	4266625	8241775	3420949	2970081	294947	1858377	211286	299498	0
FFQ	85	0	0	524463	0	0	20427	11377	163500	42870	10	35641	37056	28306	41900	8567	42731	18737	63308	174208	75492	258622	85858	103543	163886	233368	363504	639586	372315	216614	1092188	910412	1341647	1419569	1952291	4410119	8589586	3407070	2834526	235475	1581463	144108	203702	0
FFQ	86	0	0	570191	0	0	21033	10768	168874	38780	8	37772	37040	29061	38020	8301	44051	18935	65030	178146	79156	265497	83215	92222	168555	238798	382840	627367	387988	196933	1119069	909869	1365895	1441340	1983582	4552282	8921547	3376736	2666152	184764	1309301	94074	132068	0
FFQ	87	0	0	620525	0	0	21121	10082	170327	35351	19	39238	36902	28907	34190	7768	45471	19433	66672	179093	83285	272686	80470	81277	173558	246094	401513	609426	401572	181922	1144347	905728	1387555	1467470	2011587	4692026	9245397	3335728	2470348	141028	1053253	58566	82023	0
FFQ	88	0	0	675801	0	0	21471	9331	172098	31193	22	40895	36462	29670	29971	7402	46933	19637	67446	180552	87841	278086	75725	70907	179295	252467	420197	590594	414993	167758	1163332	902781	1405296	1496019	2040732	4825222	9559758	3273727	2254622	105939	820497	35288	48260	0
FFQ	89	0	0	736457	0	0	22065	8945	174883	27671	18	42389	36352	29970	26774	7064	48576	20144	69929	181828	92744	284195	71894	61947	183391	258916	441155	569235	430656	155055	1185756	899965	1423365	1518126	2060451	4954087	9849430	3197257	2021400	77158	617809	19847	26962	0
FFQ	90	0	0	805144	0	0	22202	8034	174753	24440	23	43826	35695	30116	23025	6369	49281	20342	70323	183108	97719	287000	66997	52874	187675	264541	459984	544551	443766	143421	1204308	897985	1438649	1549998	2080372	5076385	10128258	3102443	1777692	54572	447782	10629	14595	0
FFQ	91	0	0	882519	0	0	22307	7298	173406	21746	19	45060	35067	29800	19827	6118	50633	20581	71941	185973	103164	290672	62548	45923	192149	270418	481051	520077	457605	133270	1222629	895840	1449723	1569090	2095027	5186614	10383444	2995216	1532434	37817	313105	5658	7535	0
FFQ	92	0	0	970347	0	0	21741	6614	168013	19205	20	45346	33746	29078	16492	5470	50907	20263	72622	183896	107909	289955	56220	38907	196150	274257	499528	490554	471766	123175	1234268	897380	1460616	1595368	2109897	5294332	10620936	2876122	1294921	25098	208972	3051	3938	0
FFQ	93	0	0	1070992	0	0	21056	5990	165617	16345	14	45100	31840	27983	13500	5148	50828	20678	72663	183547	111913	288466	50438	33034	198758	278097	515954	457084	482055	114029	1241972	895762	1467794	1615069	2122375	5383755	10854087	2742730	1072202	16120	133173	1809	2217	0
FFQ	94	0	0	1189538	0	0	20439	5118	158521	14207	16	45296	30389	27256	10795	4632	51193	21005	72957	183566	116328	286178	44373	28502	202292	282502	535016	426619	494057	105674	1252433	898420	1475061	1638802	2131819	5465816	11028836	2596286	864490	10010	81393	1115	1460	0
FFQ	95	0	0	1329099	0	0	18816	4364	147991	12006	14	43042	27475	10388	23325	4104	50199	20312	72026	180808	119080	278005	37793	23971	202519	283021	549173	389913	503692	97599	1255473	897999	1479817	1652744	2142146	5538789	11208902	2448380	685718	6042	47229	740	927	0
FFQ	96	0	0	1496529	0	0	16611	3407	131120	10312	23	40837	24236	8859	19642	3409	49482	19957	70620	176066	121663	268119	31704	21028	201967	283872	560774	357004	508366	89292	1255163	899698	1483055	1669534	2148766	5598552	11356561	2292123	534854	3410	26356	504	590	0
FFQ	97	0	0	1698517	0	0	13459	2503	109886	7930	15	34890	19726	6802	16250	2691	46749	19728	67503	173572	121667	254655	25851	18502	200886	283349	572105	322687	515095	81184	1250731	902970	1492030	1684119	2155968	5648510	11464742	2129375	411604	1913	14176	369	430	0
FFQ	98	0	0	1938337	0	0	8311	1434	76712	4978	13	25898	13723	4498	11220	1919	43823	19256	64196	166893	120261	237537	20174	16757	197615	278657	576816	288389	519060	73337	1246103	905473	1495855	1691849	2160968	5694068	11552958	1979517	315117	1148	7650	264	283	0
FFQ	99	0	0	2214435	0	0	2458	451	31880	1872	4	11609	5787	1869	5313	942	40175	19459	59346	162560	115066	215999	15384	15614	192871	274533	577335	253807	520840	65438	1233903	905617	1499035	1696873	2163218	5717018	11645963	1832422	243089	682	4390	192	186	0
FFQ	100	0	0	2510605	0	0	2	1	26	19	0	7	5	0	456	103	39069	20389	55114	164501	109183	195174	11565	15614	185028	265733	564309	218690	516444	57749	1206350	910003	1499363	1703304	2170416	5740963	11682216	1696959	190073	404	2747	142	132	0
# Last Fragment Qualities. Use `grep ^LFQ | cut -f 2-` to extract this part.
# Columns correspond to qualities and rows to cycles. First column is the cycle number.
LFQ	1	0	0	54372	0	0	0	0	0	0	0	381667	0	0	0	0	0	402996	0	0	435	0	0	49825	379843	0	390959	822986	858665	795472	0	2943982	11855227	0	3723496	9235497	0	0	0	0	0	0	0	0
LFQ	2	0	0	1	0	0	0	0	0	0	0	491604	0	0	0	0	0	527415	0	0	2205	0	0	102279	331706	0	379740	762172	1026382	661787	0	2378180	11101781	0	2500467	11629703	0	0	0	0	0	0	0	0
LFQ	3	0	0	282341	0	0	0	0	0	0	0	463740	0	0	0	0	0	526485	0	0	752	0	0	120854	319261	0	443438	721530	1046838	717881	0	2224309	10478614	0	2254973	12294406	0	0	0	0	0	0	0	0
LFQ	4	0	0	1	0	0	0	0	0	0	0	512069	0	0	0	0	0	198328	0	0	514767	0	0	105654	0	0	311167	366165	24761	642173	0	815036	15323	1209528	1724251	0	8390102	0	17066097	0	0	0	0	0
LFQ	5	0	0	15	0	0	0	0	0	0	0	483971	0	0	0	0	0	203136	0	0	409594	0	0	106026	0	0	312480	368278	25438	724526	0	813526	16042	1271032	1721252	0	8448477	0	16991629	0	0	0	0	0
LFQ	6	0	0	0	0	0	0	326	0	45557	0	263661	85009	0	0	78	32340	33314	286182	75443	79406	0	10569	8136	110774	222	308932	323283	44666	484590	178390	766537	121502	1320555	1636878	6	7765813	849212	17064041	0	0	0	0	0
LFQ	7	0	0	0	0	0	129	484	0	45529	0	261189	85217	50	0	148	29783	35759	253463	76341	74421	76	11233	8820	110635	217	310705	329487	57901	418910	179917	776616	119814	1263317	1600083	14	7828854	853293	17163017	0	0	0	0	0
LFQ	8	0	0	0	0	0	177	408	18	35421	0	217620	72947	91	4	134	27899	33463	234190	72456	71430	151	11951	9233	108943	105	299517	324470	82691	376956	178715	772488	116769	1245626	1584156	21	7847631	861604	17308137	0	0	0	0	0
LFQ	9	0	0	9313	0	0	376	567	155	68909	3	362148	119684	152	17	176	29086	40292	245436	95002	94191	365	13832	9988	128975	214	324605	120236	362272	315113	196165	796683	87465	1105637	973305	745155	2799334	0	4677402	1893157	16280012	0	0	0
LFQ	10	0	0	1	0	0	482	513	279	56316	35	299446	98318	298	26	166	35836	34977	279150	84743	82134	613	12720	9348	118349	410	310114	114196	456782	263261	193281	780890	94503	1156278	961986	782135	2809306	1	4696002	1912209	16250318	0	0	0
LFQ	11	0	0	0	0	0	507	352	266	39415	198	227900	76362	381	61	168	33508	33042	249130	78972	76945	760	12950	9473	116558	964	306924	113096	563686	145010	190838	784594	95643	1163560	971588	799933	2845973	100	4758677	1922041	16275847	0	0	0
LFQ	12	0	0	0	0	0	682	472	518	53330	484	289231	97532	459	56	183	30687	35323	242607	84281	82223	829	13467	9609	120926	1701	315527	116004	627631	49107	192485	796704	89863	1133736	978810	777047	2850544	241	4764014	1936559	16202550	0	0	0
LFQ	13	0	0	3642	0	0	843	606	893	65313	1061	336836	113061	599	105	255	35665	39098	268346	91821	90278	934	14872	10312	129635	2576	322460	118317	672948	31563	201282	806621	88554	1139480	984966	762316	2836883	365	4724281	1955910	16042725	0	0	0
LFQ	14	0	0	1	0	0	819	633	967	57419	1499	295288	96347	691	166	283	4443	55976	285521	90578	85297	941	14571	10293	34739	93592	315635	115695	693158	30440	197845	372519	486124	914039	991332	883010	532799	1819633	1521087	3938689	2552134	5347312	10053907	0
LFQ	15	0	0	0	0	0	898	824	1228	51777	2269	271075	89739	787	216	361	5111	53267	265906	85923	81697	1102	14487	10114	35923	92776	313673	116515	671984	30498	195614	379225	488541	903222	993926	886593	542547	1833483	1538368	3975117	2567676	5367574	10025386	0
LFQ	16	0	0	0	0	0	878	781	1434	49656	3206	254789	84323	909	311	488	5722	53220	248083	87173	82099	1296	15213	10740	37653	98010	310111	116624	650428	31257	198496	382570	491942	879020	1005311	870501	550230	1831842	1544683	4006381	2589412	5427504	9973126	0
LFQ	17	0	0	0	0	0	1000	929	1701	54903	4843	270819	88646	997	402	651	6831	56643	237726	89647	86382	1430	16216	11262	41038	106385	315481	120181	645682	32722	203062	393413	497279	867780	1018140	857354	561913	1826812	1536685	4016156	2576612	5452780	9894919	0
LFQ	18	0	0	0	0	0	1006	1008	1918	50267	6286	245899	80367	1141	570	733	7900	55283	233721	85317	81500	1455	16631	11441	42529	106100	306633	117994	636933	32649	200402	398609	491540	866828	1015172	860575	567171	1826540	1544743	4028444	2592628	5484498	9892991	0
LFQ	19	0	0	0	0	0	1192	1249	2394	59131	9227	261016	82695	1305	681	835	9450	50413	20571	299555	84735	1708	17342	11943	46201	114089	307456	120771	627367	33853	203466	408599	495461	853072	648053	1215962	579134	1576721	1490097	3249635	3139556	5745840	10124647	0
LFQ	20	0	0	0	0	0	992	1262	2244	48476	10511	221581	72550	1365	872	968	10978	52349	26569	283673	82824	1985	18258	12343	49231	121876	299884	121068	624723	34678	206953	421790	497943	850179	655391	1226627	592242	1584395	1504677	3284524	3194919	5740534	10033988	0
LFQ	21	0	0	2	0	0	1227	1780	3521	67532	17109	272443	84622	1594	1084	1233	13058	59284	32735	276424	90613	2092	20122	13311	54962	138835	301292	125010	611889	36306	210245	437958	502506	830024	661781	1217946	605195	1583793	1507610	3292495	3243214	5691783	9882792	0
LFQ	22	0	0	6	0	0	1165	1792	3434	58511	18968	223940	69488	1790	1349	1438	15476	62161	43757	259907	81857	2526	20405	13384	59236	142785	287868	123360	613050	37036	207778	453752	498669	836658	664398	1232370	621804	1584265	1532181	3324552	3331085	5686644	9776577	0
LFQ	23	0	0	5	0	0	1362	2344	4633	75430	28430	255817	74254	1989	1578	1764	18600	69775	52117	246111	90702	2655	22672	14571	67007	167763	282602	127817	596927	38712	213272	477089	506018	809473	674087	1231827	642025	1591715	1545857	3353176	3381567	5633562	9590117	0
LFQ	24	0	0	10	0	0	1279	2488	4875	70110	32073	219500	60310	2283	1976	2083	21730	74939	65309	223390	85915	3166	23980	15095	72133	182543	272911	128028	591497	39987	212637	503308	506521	801997	681153	1240262	664829	1592060	1566303	3407129	3248298	5217232	10056083	0
LFQ	25	0	0	314179	0	0	1319	2954	5806	81094	43971	239784	61702	2438	2216	2399	24586	80255	73384	198884	87443	3506	25278	15713	77330	203516	258424	129318	556919	41476	214152	523281	503967	753544	682775	1217901	679596	1571015	1553964	3410607	3223154	5244776	9782796	0
LFQ	26	0	0	33003	0	0	1647	3939	8180	109589	65082	278237	62704	4648	3139	2967	42488	163931	244733	235151	100438	3927	28667	17361	84624	235204	249979	134066	550994	43893	218505	555443	510003	728830	694966	1206421	704071	1563415	1537537	3435312	3174541	5316496	9541291	0
LFQ	27	0	0	31	0	0	1756	4438	9270	116712	74661	240417	44039	4522	3852	3613	44079	145701	166863	185536	91034	5162	30483	19693	92457	256865	285291	134610	602953	45202	218340	633279	520141	787921	702608	1227385	733265	1555158	1549889	3469725	3150971	5418618	9318882	0
LFQ	28	0	0	42	0	0	1820	4965	10345	121916	86756	211231	31193	4567	4294	4129	46230	141975	137588	144714	88438	5730	33741	20445	101101	279281	263501	140169	538044	48179	217575	679349	519816	707485	726131	1270790	781718	1582835	1611064	3547560	3129196	5540030	9111479	0
LFQ	29	0	0	47	0	0	1775	5366	11188	118819	98281	173862	19192	4755	4848	4709	50130	141172	116347	121041	88845	6219	36281	22740	103102	303445	258541	146678	496966	53395	221992	721502	532010	655391	751686	1250694	833155	1581245	1616927	3654480	3129816	5652323	8906457	0
LFQ	30	0	0	66	0	0	2040	6459	13463	133401	124345	161801	11918	5227	5508	5307	55943	148165	103697	110620	92996	7039	38435	25375	106521	328251	257728	152936	464827	58192	226808	769008	541776	601553	776647	1235530	882601	1573099	1612445	3742085	3072476	5754809	8686325	0
LFQ	31	0	0	87	0	0	2164	7787	15578	139446	150368	137689	5946	5823	6708	6283	63866	155069	90458	106394	96810	8227	41466	26256	105061	349006	272699	151710	443324	59544	234010	816738	554316	556056	797624	1220975	932872	1553402	1613900	3818373	3007192	5830945	8511250	0
LFQ	32	0	0	91	0	0	1992	7464	15710	127934	158029	98015	2925	6491	7456	7223	68434	156365	71453	98908	92747	9151	44184	28193	105717	351837	288659	154276	411629	64299	235096	869740	561555	512293	823581	1214664	992611	1535804	1624754	3913529	2925579	5894885	8411031	0
LFQ	33	0	0	102	0	0	2414	9275	19871	146275	195198	82004	1984	6872	8623	8560	75017	161671	55291	101263	97210	9961	48515	30264	108208	360704	298084	159023	387681	69206	240130	907004	570338	465001	852601	1191719	1055368	1509669	1627169	4001024	2835834	5911182	8282871	0
LFQ	34	0	0	109	0	0	2162	9055	19284	124509	183992	47505	1940	7515	9768	9618	81076	162986	41355	96798	93051	11262	51534	32958	109696	357289	316661	163585	363330	75014	242260	943568	578368	429463	886723	1176575	1120460	1478576	1644700	4103151	2769619	5963468	8183198	0
LFQ	35	0	0	121	0	0	2857	13425	28756	173520	263649	41329	2135	8683	11360	11611	93328	170455	31384	108377	106607	12528	56334	36109	115070	381743	313985	174491	356763	83118	252969	965073	592376	402694	920936	1151471	1186456	1437334	1634584	4153066	2655801	5922662	8018041	0
LFQ	36	0	0	133	0	0	2929	13620	30500	159367	256027	21701	2741	10683	14241	13780	110571	181421	24029	105274	102947	15220	59386	40266	120756	382542	345015	177952	341646	90388	253008	1016418	601083	383867	958697	1139844	1256788	1393500	1654508	4208896	2598251	5918401	7883829	0
LFQ	37	0	0	146	0	0	3818	19679	42117	202456	326099	13477	3075	12422	16705	16716	125570	178014	19833	115118	113114	17374	65688	45143	128804	402166	340552	188715	343019	101275	261964	1032694	613666	375485	1002241	1119369	1321544	1347702	1661958	4229707	2531670	5878338	7671965	0
LFQ	38	0	0	167	0	0	3971	21022	45640	186099	308584	6470	4020	15357	20752	19856	144844	177272	17715	112150	110736	20672	70195	50790	137256	407422	356611	196851	336678	112797	264526	1069506	625078	371113	1053745	1105139	1395245	1302947	1681324	4247649	2515923	5856549	7515953	0
LFQ	39	0	0	176	0	0	4479	24461	53042	192105	316942	4246	4520	17319	24114	22826	158940	162107	18613	112875	111872	23488	69341	55501	150160	414906	340215	205752	338323	125871	268814	1075478	637217	378880	1109215	1086580	1471168	1266151	1710293	4111775	2676762	5829383	7313986	0
LFQ	40	0	0	188	0	0	4642	26202	57113	179761	299753	3695	5255	19770	27888	26216	171109	143648	20140	112448	111345	26761	72897	61077	159654	421139	326992	214677	338461	140930	274623	1073400	648468	386527	1162206	1062596	1526614	1229200	1737516	4140910	2685018	5837659	7150654	0
LFQ	41	0	0	199	0	0	4305	23677	54760	150680	256807	3673	5766	20594	29673	28313	170541	118186	21962	110553	110012	30341	76670	67369	169306	423896	304966	225758	339702	157059	280481	1069397	663468	400391	1222550	1048513	1584873	1213284	1763259	4181138	2687549	5845659	7021176	0
LFQ	42	0	0	222	0	0	5423	31492	70587	178131	295489	3635	5939	20752	32404	31923	169862	98765	25027	116026	117558	31859	79969	71239	178568	434637	266825	239103	347283	173874	290126	1031424	677450	414216	1264900	1022936	1615435	1202250	1766663	4197355	2673642	5838206	6864670	0
LFQ	43	0	0	237	0	0	5480	32735	73788	166735	274731	4109	6941	24131	38086	36214	185213	87399	27360	115798	116549	36387	83071	78649	192364	439550	253947	250289	349679	195499	296479	1026039	692575	427281	1312868	1012518	1637292	1202328	1780255	4215898	2661954	5827539	6717286	0
LFQ	44	0	0	255	0	0	5688	32531	75943	153164	247038	4263	7882	25770	42324	39965	185946	71799	29710	114970	114148	40435	84623	85516	204096	441918	231102	264249	347327	217948	302447	1008877	709171	441643	1361469	1010273	1657838	1216604	1805067	4240364	2663287	5825156	6573854	0
LFQ	45	0	0	263	0	0	6044	35465	84738	156300	250215	4343	8165	25759	45894	43306	178382	55706	33294	114044	119932	58536	76082	91260	221211	448257	210668	278766	353234	241678	314334	983420	731080	459500	1400821	1013002	1665571	1238037	1817950	4249099	2596315	5857097	6416269	0
LFQ	46	0	0	293	0	0	6843	42468	102321	175410	278144	4891	8876	27370	50731	48384	175100	45571	36490	119529	126926	64130	78366	99555	237630	456606	185530	296062	358414	267206	325791	955413	751152	476671	1426870	1023873	1664579	1265135	1828120	4251699	2582264	5807801	6231244	0
LFQ	47	0	0	309	0	0	6208	37464	89933	145572	211833	5574	11134	32048	61880	52821	188666	35142	33659	103005	104252	73278	75351	107355	254332	434787	170790	298059	314648	300617	288620	968374	721157	460444	1435794	960607	1673652	1164276	1864722	4020046	2787002	5545140	6844342	0
LFQ	48	0	0	325	0	0	6806	41286	99623	154419	213974	5839	11773	32777	65018	55518	172238	29260	35965	105836	109347	76477	76574	113097	266256	425425	145038	311895	318398	323244	301034	906441	737771	477339	1422506	989419	1657426	1199941	1854752	3969832	2730243	5491162	6948102	0
LFQ	49	0	0	345	0	0	6348	35742	89481	129486	165778	5974	12034	32506	67690	56377	152693	23746	35602	101917	102300	80441	74623	119649	252620	427150	122583	322056	318363	350076	309617	867679	752427	493183	1417622	1018383	1599539	1299212	1871973	3579527	3096653	5487298	7003155	0
LFQ	50	0	0	365	0	0	7478	43538	109909	155591	186486	6287	12230	31780	71099	60384	136443	22666	38737	110245	109587	83872	76805	125347	262416	420926	100985	339158	324525	375802	324232	816940	776174	513685	1395535	1068668	1601354	1333928	1864183	3536312	3058796	5419655	6959225	0
LFQ	51	0	0	397	0	0	7116	42961	112146	160029	176130	9238	17845	42647	109756	80596	174159	19125	36610	105400	91068	121667	90185	179936	354792	519778	131853	420167	319195	627343	326745	1280942	942821	590244	2126697	1309457	1914085	1407090	3196853	4162513	4674773	4164580	1833930	0
LFQ	52	0	0	396	0	0	8213	47002	121465	171234	169785	8642	17720	40212	106465	78224	141132	19124	39276	109632	100164	110745	85412	165755	331437	436833	89688	411795	315185	546979	333034	960141	913803	612998	1703063	1304596	1758056	1415507	2568616	4018666	4787072	5428105	2404178	0
LFQ	53	0	0	416	0	0	8122	41376	110336	151135	128050	8627	17884	39679	102538	73109	113511	18998	39876	111139	97452	111761	83120	164949	321952	397282	72649	406777	304629	528617	346158	812628	879863	602973	1487744	1304454	1678617	1457065	2137516	3746444	3911348	5715907	4345121	0
LFQ	54	0	0	432	0	0	8703	41388	112239	152184	112541	8223	17515	36532	98013	68740	87819	18869	40474	113496	97667	112562	81559	165729	314059	361678	60872	412416	297629	532227	359690	722328	878892	610092	1380197	1336331	1677893	1489837	1994508	3543616	3439968	5383418	5708912	0
LFQ	55	0	0	1264	0	0	9879	47993	128855	179818	115369	8881	19047	35076	104398	73595	78550	19481	44263	123438	104032	113832	87956	176239	320691	249192	156331	430211	298858	549798	378298	668399	892569	624804	1306912	1391572	1691835	1523174	1896958	3437732	3220011	5142446	6226945	0
LFQ	56	0	0	531	0	0	10302	46445	128017	175661	94313	9818	21092	36982	112408	73776	69658	18887	44242	125893	98734	123325	89611	187711	329450	231497	154948	447616	291861	586279	390501	641700	915115	644264	1281240	1456305	1730267	1563934	1890160	3355853	3137395	4994456	6367885	0
LFQ	57	0	0	519	0	0	12917	61003	164580	232840	107267	10929	23532	39250	124626	77763	64283	21459	49841	142386	109957	132570	95857	205694	342554	217787	165859	479553	297260	617649	413369	617016	948356	669504	1250983	1523100	1755983	1601760	1880714	3267615	3075370	4815826	6260002	0
LFQ	58	0	0	1358	0	0	13555	59681	164912	237947	88066	12866	28168	43685	142692	81269	60772	21027	50791	146978	106192	147296	101077	225523	358359	208934	170439	508053	291323	665562	431347	609388	982350	696689	1239088	1601790	1802520	1647539	1894430	3199233	3060898	4685961	6089231	0
LFQ	59	0	0	579	0	0	14508	57562	163057	228727	69147	13620	30374	44097	148846	76245	53513	20533	50410	154184	100465	146495	99044	257353	342269	185342	167242	566814	283694	709878	448218	598877	1020214	729136	1232359	1687518	1856298	1699211	1933637	3142381	3028938	4556478	5959139	0
LFQ	60	0	0	863	0	0	14325	49562	149232	209767	48460	14479	31150	41664	144804	68321	45558	19481	50658	155308	94970	154566	99556	268121	331955	166567	169721	592153	276970	732451	467579	586698	1054618	764331	1218545	1784374	1930569	1766884	1958863	3102246	3069073	4449245	5792128	0
LFQ	61	0	0	6364	0	0	11757	44205	135770	196781	38247	15212	32505	39031	147355	61590	40380	17209	47565	144248	81041	159796	99440	273655	320962	147990	153531	589812	249447	754334	441896	571807	1042845	764594	1166750	1783533	2078914	1767384	2026265	2799532	3358758	4150907	6113770	0
LFQ	62	0	0	7822	0	0	12653	44192	144064	208906	31064	15244	33133	39586	146435	57792	35931	17538	47890	149294	79909	157893	98382	278477	300747	134121	159613	598123	243172	735626	459204	550653	1052234	780307	1127329	1834727	2235102	1835410	2046274	2718011	3320896	3985715	6151054	0
LFQ	63	0	0	14069	0	0	12440	40574	140024	197853	22475	15506	33266	36305	144263	52183	32382	17246	47655	151034	74427	159245	98475	284015	283723	124630	163634	608182	236189	725043	475506	541863	1059518	796614	1099957	1893885	2406005	1908830	2077564	2628899	3322935	3832217	6115251	0
LFQ	64	0	0	22220	0	0	12930	38572	142264	198363	15763	16133	33335	34748	143478	48648	30820	16868	48943	157882	72745	161403	99759	293684	269781	119379	171317	627470	233099	719041	498710	544398	1079834	824849	1084928	1963349	2571266	1983804	2118907	2543703	3329110	3663488	5938231	0
LFQ	65	0	0	32781	0	0	15314	48281	172135	238198	13984	17601	36760	36102	151636	47822	27107	21436	51425	145052	99301	167081	102937	288756	276882	116022	179904	645641	202968	712684	556100	554364	1097262	848034	1066512	2026263	2724374	2051155	2154053	2435608	3350658	3473207	5687148	0
LFQ	66	0	0	45329	0	0	15317	43850	167027	219134	8282	19655	40214	37335	157641	44480	27041	20677	51416	146698	94342	178604	107019	301196	268884	114495	185764	666415	196293	715767	577536	574127	1118507	876013	1069176	2096946	2902007	2130266	2212384	2328719	3391332	3292183	5429798	0
LFQ	67	0	0	60840	0	0	16037	41118	168811	206515	4823	20532	41327	36290	152084	39575	27394	21345	53374	152943	93015	185005	108874	306582	254759	115383	194612	689819	194623	702679	606615	596803	1141737	910032	1072411	2182393	3092054	2214481	2270861	2224522	3428017	3112475	5130362	0
LFQ	68	0	0	79505	0	0	17313	41590	176065	207598	2882	21512	42993	34843	147867	35739	28231	21315	54966	157339	91034	191812	109899	313058	239765	116519	202561	710340	192855	683260	632901	619980	1159724	940337	1079957	2261922	3292565	2301398	2326868	2113533	3471709	2921357	4827266	0
LFQ	69	0	0	100833	0	0	18000	38776	177106	196176	1591	23010	45289	34938	147002	33014	29327	21386	55921	163906	90025	201661	113005	320760	231117	118359	212229	734641	193014	667036	665299	651754	1178646	974461	1092930	2348838	3499501	2390250	2387819	1994029	3501797	2721167	4495020	0
LFQ	70	0	0	124690	0	0	17848	35454	177001	182207	754	24214	44680	33621	140044	30048	30701	21488	57241	167690	87399	206031	112908	293345	193871	175859	222832	753495	195515	642982	697872	685749	1192268	1007125	1119073	2439219	3729384	2480235	2460095	1876114	3528639	2523120	4158109	0
LFQ	71	0	0	151425	0	0	20059	38912	199085	193801	482	25723	45737	33664	137369	27918	32022	22628	60361	179006	87959	214822	115162	294367	184275	182515	236031	772682	199911	618165	731614	714614	1206777	1038140	1144729	2528883	3949532	2563833	2525101	1749427	3530478	2314353	3796531	0
LFQ	72	0	0	182147	0	0	20609	36000	197427	176583	236	27950	49259	34315	136267	25866	34144	22253	61526	182345	85793	225265	117687	295298	178472	190016	245541	791482	201844	597972	761678	749206	1218989	1070246	1173641	2626647	4195004	2649425	2598964	1616911	3541010	2102708	3446510	0
LFQ	73	0	0	214874	0	0	20870	33305	196625	163092	166	29335	49368	33788	129390	23073	35455	22254	62581	184725	84196	231882	117385	285845	171252	195800	255586	806840	207191	567430	793659	780524	1228365	1100523	1209847	2730155	4456904	2738177	2684261	1488317	3533507	1898898	3100903	0
LFQ	74	0	0	251352	0	0	24482	38264	233308	178769	167	31691	52625	35243	128573	22796	37538	23651	65884	199945	86344	242251	119461	284198	168502	203877	272276	826313	214517	538452	831887	804716	1235086	1124590	1241529	2826095	4700258	2809734	2748103	1351515	3485323	1680954	2745133	0
LFQ	75	0	0	289963	0	0	23414	31134	214791	148503	181	34880	55044	35388	124551	19853	40024	22732	66957	198248	83950	254930	121341	276818	167893	212038	283879	772826	289266	515773	864991	838027	1247244	1156965	1285884	2945519	4975910	2887386	2826514	1224637	3439947	1479179	2407833	0
LFQ	76	0	0	331766	0	0	27113	35570	247696	157751	157	36477	55969	36426	119311	19455	41921	23775	70430	211875	85278	263009	121688	266282	167991	219564	300978	783469	302316	483933	902935	861478	1262116	1183073	1325770	3053677	5236939	2948450	2890393	1095109	3341724	1278405	2073095	0
LFQ	77	0	0	375889	0	0	25562	29087	229376	133364	173	39971	58291	36493	112802	17423	44469	23554	72128	211825	85450	276474	123360	256232	170340	228661	315765	796488	317263	459323	940066	887609	1278852	1215866	1369202	3184226	5520697	3016592	2949873	969455	3243108	1087564	1759400	0
LFQ	78	0	0	423064	0	0	24864	25099	221036	115342	105	39661	54110	35226	99966	15687	45506	23043	72213	211030	83899	280157	119845	234555	171837	234200	327918	791026	329328	425033	974068	910136	1296600	1245993	1418131	3324203	5838532	3082086	3008826	851370	3119369	912985	1475023	0
LFQ	79	0	0	476835	0	0	27978	28127	253254	123092	100	41558	54942	36842	95657	15779	47061	24706	75417	224301	86989	288099	119362	220679	175161	242317	346941	795348	344171	391856	1006958	918374	1313671	1265713	1450594	3446993	6131340	3123096	3036442	735472	2943399	747397	1203736	0
LFQ	80	0	0	532639	0	0	29383	27530	263654	113739	112	45069	58227	38115	93651	14851	49650	24766	78030	226406	88653	302115	120291	209204	179674	248681	362922	795851	356073	365257	1041004	929159	1326282	1285921	1485138	3572911	6435448	3163293	3051358	627934	2752684	597155	965529	0
LFQ	81	0	0	591512	0	0	31305	26957	279253	108972	143	48542	61424	39615	90727	14208	51821	25153	79493	233977	92101	313952	119857	195347	184417	256773	384007	796394	371538	336845	1071697	935792	1348972	1306711	1516335	3702823	6740751	3181656	3040853	530121	2530494	466452	749752	0
LFQ	82	0	0	652767	0	0	32358	26180	287088	100470	156	52044	63301	41201	86130	13143	53588	25430	82274	234916	94593	324172	119001	179843	189671	264656	401154	792310	385611	309645	1102358	938631	1367948	1327268	1544931	3835915	7062624	3201938	3005026	440087	2294423	352736	569314	0
LFQ	83	0	0	717598	0	0	34254	25804	295171	94758	203	56313	66250	42735	82029	12938	56639	25188	84554	239357	99107	335337	118779	164805	195988	272981	421961	787202	400235	285808	1133380	940309	1392560	1347251	1568781	3968918	7370932	3205298	2937133	360502	2037357	259063	415360	0
LFQ	84	0	0	786720	0	0	34373	23156	295030	82449	211	58306	65075	42864	73288	12019	59101	25594	86776	242169	103767	345893	115788	148340	201250	280605	443202	777547	416342	262041	1161000	942909	1415385	1373292	1593026	4107953	7688173	3204462	2840248	291769	1772729	184481	293284	0
LFQ	85	0	0	862681	0	0	35787	22973	310446	77631	182	60971	65106	43932	66633	11767	60786	26166	89177	248033	109069	353667	112187	132364	208779	287918	465615	763580	431766	239197	1192376	940773	1445232	1395194	1614612	4240805	7987081	3181921	2702863	229156	1507023	125565	199031	0
LFQ	86	0	0	941560	0	0	35659	21020	306415	69062	210	64445	65335	44722	61219	10829	62436	26627	91508	247955	114504	362720	108304	117749	213552	295620	488741	745845	445494	218394	1219269	937209	1469639	1420593	1629928	4378430	8297578	3152980	2542782	178570	1247933	81393	129031	0
LFQ	87	0	0	1025454	0	0	35054	17758	294075	57918	212	65115	63764	44261	53724	9997	64129	26353	92259	246584	120440	369336	103994	103430	220401	302349	511150	724754	461923	200346	1244402	931417	1494359	1440873	1645049	4514630	8606599	3119135	2357804	135771	1006178	50762	80199	0
LFQ	88	0	0	1113535	0	0	32255	14060	266564	45767	187	63269	57189	41343	42941	9060	64143	25782	91714	238160	123449	366131	95118	86248	222820	306452	528207	689470	475501	180960	1263898	929953	1519751	1472510	1664125	4658746	8940763	3076829	2164646	101109	787688	30066	47811	0
LFQ	89	0	0	1213545	0	0	33195	13370	273522	40218	100	62312	51752	40635	35578	8736	63962	26272	92538	242501	126869	360949	87726	73405	227136	310240	546446	652121	491047	164909	1277205	919604	1533609	1491785	1675135	4788489	9245860	3005719	1945410	73723	594176	17307	26760	0
LFQ	90	0	0	1326479	0	0	36710	15225	304475	40143	129	66572	55026	42006	33059	8317	65528	26849	93561	246074	133213	363872	81963	63536	229949	313865	567617	620180	500857	149501	1286375	907753	1541819	1503286	1669394	4880728	9516988	2918290	1712980	52290	430598	9250	14420	0
LFQ	91	0	0	1449653	0	0	33858	11594	278171	31898	188	68515	54110	41592	28380	7560	66884	27282	95121	244993	140719	369731	76136	55169	235385	321475	591328	590622	513941	138383	1301939	904952	1555056	1527493	1675851	4991386	9747845	2816291	1480715	36014	300583	4975	7516	0
LFQ	92	0	0	1606699	0	0	34109	11192	282915	28586	150	68136	50774	40492	23042	7064	67931	27576	96538	249644	147983	369415	67983	46527	240507	326749	618148	558634	532488	128158	1323128	906342	1575394	1557363	1678600	5099514	9892375	2682259	1240564	24147	199474	2633	3847	0
LFQ	93	0	0	1761757	0	0	35423	10867	289387	25906	148	72329	56986	39947	19622	6705	68270	27709	97672	248206	153703	368810	61726	39568	244696	331277	638920	525323	542461	118347	1331854	904449	1583160	1578890	1677450	5178565	10053801	2546226	1023936	15136	127324	1533	2105	0
LFQ	94	0	0	1937284	0	0	33262	9034	268201	22446	163	70985	50239	38399	16177	5576	68275	27236	97766	242847	158943	365637	53894	33444	246844	332672	655724	485942	549538	107746	1332677	899357	1584895	1588866	1675368	5239243	10267829	2415361	830574	9335	78376	977	1278	0
LFQ	95	0	0	2139937	0	0	28073	6409	223350	17827	151	65381	42626	15175	30360	4828	66159	26444	94750	231900	161608	349272	45583	28150	248273	332927	668336	444657	558689	99213	1331092	900708	1592713	1605526	1675161	5306646	10459749	2278599	660904	5542	45420	667	836	0
LFQ	96	0	0	2373024	0	0	23172	4656	185814	13511	83	55662	33302	11209	24549	3898	61918	25204	88742	219116	156534	322224	36009	23324	240616	325143	665900	393009	560623	88643	1313837	901588	1597577	1623413	1689490	5379497	10658221	2138089	516600	3152	25691	458	567	0
LFQ	97	0	0	2666453	0	0	18163	3420	154129	10090	65	46435	25499	8638	19750	3090	57258	24434	83114	213767	153709	296952	28685	20868	234190	318108	665873	345653	557546	79193	1291881	902430	1599418	1631301	1692632	5434747	10785796	1985769	397499	1880	14003	327	374	0
LFQ	98	0	0	3068743	0	0	13171	3004	135628	7031	46	36296	19782	6432	15027	2500	54308	25828	80181	219174	152537	279353	23188	19294	230666	315504	678926	312809	560162	71108	1280691	892951	1589914	1623594	1673732	5422599	10809378	1826928	301508	1028	7563	216	267	0
LFQ	99	0	0	3462804	0	0	3796	865	54689	2711	37	18632	10283	3111	7264	1206	48991	24838	74342	208290	147132	257708	18304	17465	224944	308972	675783	277003	560246	62836	1271191	893412	1590477	1626640	1667657	5436887	10869819	1682619	231591	593	4181	149	167	0
LFQ	100	0	0	3844470	0	0	1	0	70	26	0	19	10	7	646	160	46644	25589	66633	204278	134038	224496	12940	16988	213656	298895	654053	236457	555324	55244	1244931	895236	1594518	1636154	1670173	5467657	10897348	1553085	179968	387	2548	104	105	0
# GC Content of first fragments. Use `grep ^GCF | cut -f 2-` to extract this part.
GCF	0.25	2
GCF	1.51	1
GCF	3.02	8
GCF	4.02	13
GCF	5.03	18
GCF	5.78	13
GCF	6.28	14
GCF	7.04	35
GCF	8.04	39
GCF	8.79	74
GCF	9.30	75
GCF	9.80	140
GCF	10.30	139
GCF	11.06	249
GCF	11.81	417
GCF	12.31	420
GCF	13.07	633
GCF	14.07	1121
GCF	14.82	1966
GCF	15.33	1971
GCF	15.83	3559
GCF	16.33	3563
GCF	16.83	6567
GCF	17.34	6572
GCF	17.84	11562
GCF	18.34	11567
GCF	18.84	19162
GCF	19.35	19176
GCF	19.85	30988
GCF	20.35	31013
GCF	20.85	48956
GCF	21.36	48983
GCF	21.86	74731
GCF	22.36	74774
GCF	22.86	110022
GCF	23.37	110082
GCF	23.87	154162
GCF	24.37	154246
GCF	24.87	209137
GCF	25.38	209253
GCF	25.88	274761
GCF	26.38	274934
GCF	26.88	349374
GCF	27.39	349491
GCF	27.89	429292
GCF	28.39	429447
GCF	28.89	512846
GCF	29.40	513199
GCF	29.90	596131
GCF	30.40	596370
GCF	30.90	681540
GCF	31.41	682032
GCF	31.91	763960
GCF	32.41	764387
GCF	32.91	843619
GCF	33.42	843974
GCF	33.92	912760
GCF	34.42	913039
GCF	34.92	972908
GCF	35.43	973264
GCF	35.93	1026531
GCF	36.43	1026740
GCF	36.93	1072414
GCF	37.44	1072689
GCF	37.94	1101905
GCF	38.44	1102151
GCF	38.94	1119382
GCF	39.45	1119482
GCF	39.95	1120369
GCF	40.45	1120426
GCF	40.95	1111194
GCF	41.46	1111083
GCF	41.96	1087618
GCF	42.46	1087641
GCF	42.96	1059038
GCF	43.47	1058756
GCF	43.97	1026497
GCF	44.47	1026397
GCF	44.97	990263
GCF	45.48	990165
GCF	45.98	950404
GCF	46.48	950334
GCF	46.98	917315
GCF	47.49	917205
GCF	47.99	884621
GCF	48.49	884501
GCF	48.99	855177
GCF	49.50	855162
GCF	50.00	825814
GCF	50.50	825646
GCF	51.01	798950
GCF	51.51	798842
GCF	52.01	769937
GCF	52.51	769822
GCF	53.02	743396
GCF	53.52	743362
GCF	54.02	720003
GCF	54.52	719919
GCF	55.03	693329
GCF	55.53	693294
GCF	56.03	672592
GCF	56.53	672576
GCF	57.04	645367
GCF	57.54	645242
GCF	58.04	615217
GCF	58.54	615018
GCF	59.05	581769
GCF	59.55	581563
GCF	60.05	539557
GCF	60.55	539547
GCF	61.06	492004
GCF	61.56	491876
GCF	62.06	440284
GCF	62.56	440012
GCF	63.07	390394
GCF	63.57	390224
GCF	64.07	336902
GCF	64.57	336729
GCF	65.08	287384
GCF	65.58	287177
GCF	66.08	239051
GCF	66.58	238870
GCF	67.09	196458
GCF	67.59	196234
GCF	68.09	154718
GCF	68.59	154537
GCF	69.10	120164
GCF	69.60	120024
GCF	70.10	91359
GCF	70.60	91257
GCF	71.11	68995
GCF	71.61	68920
GCF	72.11	50280
GCF	72.61	50217
GCF	73.12	37108
GCF	73.62	37076
GCF	74.12	27131
GCF	74.62	27106
GCF	75.13	19718
GCF	75.63	19705
GCF	76.13	14237
GCF	76.63	14218
GCF	77.14	10413
GCF	77.64	10386
GCF	78.14	7660
GCF	78.64	7648
GCF	79.40	5430
GCF	80.15	3642
GCF	80.65	3641
GCF	81.16	2657
GCF	81.66	2655
GCF	82.16	1679
GCF	82.66	1676
GCF	83.42	953
GCF	84.42	499
GCF	85.18	257
GCF	85.68	255
GCF	86.18	116
GCF	86.68	117
GCF	87.19	65
GCF	87.69	64
GCF	88.19	40
GCF	88.69	39
GCF	89.20	21
GCF	89.70	23
GCF	90.45	16
GCF	91.46	15
GCF	92.46	6
GCF	93.47	8
GCF	94.47	9
GCF	95.48	4
GCF	96.48	3
GCF	97.49	1
GCF	98.49	2
GCF	99.50	1
# GC Content of last fragments. Use `grep ^GCL | cut -f 2-` to extract this part.
GCL	0.25	5
GCL	1.01	8
GCL	2.01	11
GCL	2.76	7
GCL	3.27	8
GCL	4.02	23
GCL	5.03	26
GCL	5.78	38
GCL	6.28	39
GCL	7.04	43
GCL	7.79	32
GCL	8.29	33
GCL	8.79	80
GCL	9.30	82
GCL	10.05	133
GCL	11.06	240
GCL	11.81	409
GCL	12.31	410
GCL	12.81	719
GCL	13.32	720
GCL	13.82	1178
GCL	14.32	1177
GCL	14.82	2134
GCL	15.33	2137
GCL	16.08	3577
GCL	16.83	6786
GCL	17.34	6785
GCL	17.84	11849
GCL	18.34	11861
GCL	18.84	19935
GCL	19.35	19948
GCL	19.85	32796
GCL	20.35	32818
GCL	20.85	50242
GCL	21.36	50269
GCL	21.86	75753
GCL	22.36	75785
GCL	22.86	111270
GCL	23.37	111331
GCL	23.87	155147
GCL	24.37	155221
GCL	24.87	209377
GCL	25.38	209492
GCL	25.88	273047
GCL	26.38	273209
GCL	26.88	346011
GCL	27.39	346134
GCL	27.89	423340
GCL	28.39	423496
GCL	28.89	506174
GCL	29.40	506541
GCL	29.90	589668
GCL	30.40	589915
GCL	30.90	675284
GCL	31.41	675728
GCL	31.91	755117
GCL	32.41	755578
GCL	32.91	833412
GCL	33.42	833756
GCL	33.92	903141
GCL	34.42	903432
GCL	34.92	962373
GCL	35.43	962736
GCL	35.93	1018607
GCL	36.43	1018843
GCL	36.93	1063971
GCL	37.44	1064308
GCL	37.94	1095939
GCL	38.44	1096116
GCL	38.94	1114221
GCL	39.45	1114314
GCL	39.95	1116519
GCL	40.45	1116512
GCL	40.95	1107093
GCL	41.46	1107066
GCL	41.96	1087974
GCL	42.46	1087860
GCL	42.96	1057180
GCL	43.47	1056960
GCL	43.97	1025779
GCL	44.47	1025706
GCL	44.97	991679
GCL	45.48	991564
GCL	45.98	953734
GCL	46.48	953650
GCL	46.98	920406
GCL	47.49	920334
GCL	47.99	888100
GCL	48.49	888013
GCL	48.99	859159
GCL	49.50	859145
GCL	50.00	827944
GCL	50.50	827798
GCL	51.01	800824
GCL	51.51	800726
GCL	52.01	772511
GCL	52.51	772404
GCL	53.02	748076
GCL	53.52	748000
GCL	54.02	724734
GCL	54.52	724700
GCL	55.03	697830
GCL	55.53	697738
GCL	56.03	672814
GCL	56.53	672758
GCL	57.04	647538
GCL	57.54	647459
GCL	58.04	616880
GCL	58.54	616626
GCL	59.05	585400
GCL	59.55	585209
GCL	60.05	543201
GCL	60.55	543168
GCL	61.06	496410
GCL	61.56	496231
GCL	62.06	445316
GCL	62.56	445141
GCL	63.07	393563
GCL	63.57	393342
GCL	64.07	342851
GCL	64.57	342626
GCL	65.08	292156
GCL	65.58	291985
GCL	66.08	244764
GCL	66.58	244605
GCL	67.09	200064
GCL	67.59	199889
GCL	68.09	159161
GCL	68.59	159000
GCL	69.10	124296
GCL	69.60	124170
GCL	70.10	94512
GCL	70.60	94413
GCL	71.11	71012
GCL	71.61	70905
GCL	72.11	51951
GCL	72.61	51882
GCL	73.12	38204
GCL	73.62	38155
GCL	74.12	27737
GCL	74.62	27729
GCL	75.13	20309
GCL	75.63	20290
GCL	76.13	14730
GCL	76.63	14710
GCL	77.14	10766
GCL	77.64	10736
GCL	78.14	8001
GCL	78.64	7987
GCL	79.15	5493
GCL	79.65	5491
GCL	80.15	3835
GCL	80.65	3827
GCL	81.16	2607
GCL	81.66	2602
GCL	82.16	1684
GCL	82.66	1678
GCL	83.17	987
GCL	83.67	989
GCL	84.17	546
GCL	84.67	543
GCL	85.18	278
GCL	85.68	276
GCL	86.18	135
GCL	86.68	136
GCL	87.19	65
GCL	87.69	63
GCL	88.19	47
GCL	88.69	48
GCL	89.20	30
GCL	89.70	28
GCL	90.45	14
GCL	91.21	10
GCL	91.71	9
GCL	92.46	11
GCL	93.22	7
GCL	93.72	6
GCL	94.47	8
GCL	95.48	11
GCL	96.48	7
GCL	97.49	3
GCL	98.49	5
GCL	99.50	4
# ACGT content per cycle. Use `grep ^GCC | cut -f 2-` to extract this part. The columns are: cycle; A,C,G,T base counts as a percentage of all A/C/G/T bases [%]; and N and O counts as a percentage of all A/C/G/T bases [%]
GCC	1	28.23	21.37	21.45	28.94	0.11	0.00
GCC	2	28.63	20.97	21.03	29.37	0.00	0.00
GCC	3	27.86	21.72	21.82	28.60	0.44	0.00
GCC	4	27.78	21.78	21.88	28.56	0.14	0.00
GCC	5	27.90	21.62	21.77	28.71	0.00	0.00
GCC	6	27.35	22.19	22.33	28.14	0.00	0.00
GCC	7	27.60	21.92	22.05	28.43	0.00	0.00
GCC	8	27.82	21.67	21.82	28.69	0.00	0.00
GCC	9	27.67	21.81	21.97	28.55	0.01	0.00
GCC	10	27.65	21.82	21.96	28.56	0.00	0.00
GCC	11	27.70	21.78	21.92	28.60	0.00	0.00
GCC	12	27.60	21.87	22.01	28.52	0.00	0.00
GCC	13	27.65	21.79	21.95	28.61	0.01	0.00
GCC	14	27.65	21.78	21.96	28.62	0.00	0.00
GCC	15	27.56	21.87	22.04	28.53	0.00	0.00
GCC	16	27.55	21.88	22.03	28.55	0.00	0.00
GCC	17	27.55	21.87	22.03	28.55	0.00	0.00
GCC	18	27.41	22.00	22.15	28.44	0.00	0.00
GCC	19	27.40	21.98	22.17	28.45	0.00	0.00
GCC	20	27.40	21.97	22.15	28.48	0.00	0.00
GCC	21	27.28	22.08	22.27	28.36	0.00	0.00
GCC	22	27.29	22.07	22.24	28.39	0.00	0.00
GCC	23	27.29	22.07	22.24	28.40	0.00	0.00
GCC	24	27.18	22.16	22.35	28.31	0.00	0.00
GCC	25	27.19	22.15	22.32	28.34	0.49	0.00
GCC	26	27.20	22.14	22.31	28.36	0.05	0.00
GCC	27	27.09	22.22	22.41	28.27	0.00	0.00
GCC	28	27.11	22.19	22.38	28.31	0.00	0.00
GCC	29	27.14	22.16	22.36	28.34	0.00	0.00
GCC	30	27.02	22.26	22.46	28.25	0.00	0.00
GCC	31	27.03	22.25	22.45	28.27	0.00	0.00
GCC	32	27.06	22.23	22.42	28.30	0.00	0.00
GCC	33	26.98	22.29	22.50	28.23	0.00	0.00
GCC	34	27.00	22.27	22.46	28.27	0.00	0.00
GCC	35	26.97	22.27	22.49	28.27	0.00	0.00
GCC	36	26.91	22.35	22.54	28.20	0.00	0.00
GCC	37	26.91	22.32	22.54	28.23	0.00	0.00
GCC	38	26.93	22.29	22.52	28.26	0.00	0.00
GCC	39	26.85	22.37	22.61	28.17	0.00	0.00
GCC	40	26.87	22.34	22.57	28.22	0.00	0.00
GCC	41	26.90	22.31	22.54	28.25	0.00	0.00
GCC	42	26.80	22.42	22.64	28.15	0.00	0.00
GCC	43	26.82	22.38	22.61	28.19	0.00	0.00
GCC	44	26.85	22.34	22.58	28.23	0.00	0.00
GCC	45	26.77	22.42	22.65	28.16	0.00	0.00
GCC	46	26.77	22.41	22.64	28.17	0.00	0.00
GCC	47	26.82	22.36	22.61	28.21	0.00	0.00
GCC	48	26.73	22.44	22.67	28.16	0.00	0.00
GCC	49	26.77	22.42	22.63	28.19	0.00	0.00
GCC	50	26.79	22.37	22.61	28.23	0.00	0.00
GCC	51	26.74	22.43	22.68	28.16	0.00	0.00
GCC	52	26.75	22.41	22.64	28.20	0.00	0.00
GCC	53	26.76	22.38	22.63	28.23	0.00	0.00
GCC	54	26.69	22.44	22.69	28.18	0.00	0.00
GCC	55	26.72	22.43	22.68	28.18	0.00	0.00
GCC	56	26.73	22.41	22.65	28.21	0.00	0.00
GCC	57	26.67	22.47	22.73	28.13	0.00	0.00
GCC	58	26.68	22.45	22.69	28.17	0.00	0.00
GCC	59	26.70	22.43	22.68	28.19	0.00	0.00
GCC	60	26.65	22.49	22.73	28.14	0.00	0.00
GCC	61	26.66	22.47	22.70	28.16	0.00	0.00
GCC	62	26.70	22.44	22.69	28.17	0.00	0.00
GCC	63	26.64	22.48	22.75	28.13	0.00	0.00
GCC	64	26.65	22.47	22.73	28.15	0.00	0.00
GCC	65	26.69	22.43	22.70	28.17	0.00	0.00
GCC	66	26.61	22.52	22.76	28.11	0.00	0.00
GCC	67	26.62	22.50	22.75	28.13	0.00	0.00
GCC	68	26.66	22.46	22.72	28.16	0.00	0.00
GCC	69	26.60	22.52	22.79	28.09	0.00	0.00
GCC	70	26.62	22.50	22.75	28.13	0.00	0.00
GCC	71	26.63	22.47	22.75	28.15	0.00	0.00
GCC	72	26.57	22.53	22.80	28.09	0.00	0.00
GCC	73	26.61	22.51	22.77	28.12	0.00	0.00
GCC	74	26.63	22.50	22.74	28.13	0.00	0.00
GCC	75	26.57	22.56	22.81	28.07	0.00	0.00
GCC	76	26.59	22.53	22.77	28.10	0.00	0.00
GCC	77	26.62	22.50	22.75	28.13	0.00	0.00
GCC	78	26.56	22.55	22.81	28.08	0.00	0.00
GCC	79	26.58	22.53	22.79	28.09	0.00	0.00
GCC	80	26.60	22.52	22.76	28.11	0.00	0.00
GCC	81	26.56	22.56	22.81	28.06	0.00	0.00
GCC	82	26.56	22.55	22.80	28.09	0.00	0.00
GCC	83	26.60	22.52	22.77	28.12	0.00	0.00
GCC	84	26.53	22.59	22.84	28.04	0.00	0.00
GCC	85	26.56	22.56	22.81	28.07	0.00	0.00
GCC	86	26.59	22.55	22.78	28.08	0.00	0.00
GCC	87	26.55	22.58	22.83	28.04	0.00	0.00
GCC	88	26.58	22.55	22.82	28.05	0.00	0.00
GCC	89	26.58	22.55	22.79	28.07	0.00	0.00
GCC	90	26.54	22.59	22.84	28.02	0.00	0.00
GCC	91	26.56	22.57	22.81	28.06	0.00	0.00
GCC	92	26.57	22.55	22.80	28.08	0.03	0.00
GCC	93	26.53	22.60	22.85	28.01	0.01	0.00
GCC	94	26.55	22.59	22.83	28.03	0.01	0.00
GCC	95	26.59	22.56	22.79	28.06	0.01	0.00
GCC	96	26.53	22.60	22.85	28.01	0.00	0.00
GCC	97	26.57	22.58	22.82	28.03	0.02	0.00
GCC	98	26.57	22.58	22.80	28.04	0.03	0.00
GCC	99	26.53	22.61	22.86	28.00	0.02	0.00
GCC	100	26.55	22.61	22.84	28.01	0.04	0.00
# ACGT content per cycle, read oriented. Use `grep ^GCT | cut -f 2-` to extract this part. The columns are: cycle; A,C,G,T base counts as a percentage of all A/C/G/T bases [%]
GCT	1	30.67	22.13	20.69	26.50
GCT	2	29.92	19.47	22.53	28.07
GCT	3	27.83	21.69	21.84	28.64
GCT	4	28.00	21.83	21.83	28.34
GCT	5	28.28	21.50	21.90	28.32
GCT	6	27.81	22.46	22.06	27.68
GCT	7	27.97	21.95	22.02	28.06
GCT	8	27.90	22.31	21.18	28.61
GCT	9	27.49	22.29	21.49	28.73
GCT	10	27.88	22.10	21.68	28.34
GCT	11	27.86	22.14	21.56	28.44
GCT	12	27.70	22.28	21.61	28.42
GCT	13	27.85	22.16	21.58	28.41
GCT	14	27.86	22.13	21.61	28.40
GCT	15	27.73	22.28	21.64	28.36
GCT	16	27.76	22.27	21.64	28.34
GCT	17	27.74	22.25	21.65	28.36
GCT	18	27.56	22.44	21.72	28.28
GCT	19	27.59	22.40	21.75	28.26
GCT	20	27.60	22.39	21.73	28.28
GCT	21	27.45	22.52	21.83	28.19
GCT	22	27.54	22.47	21.85	28.14
GCT	23	27.56	22.42	21.89	28.13
GCT	24	27.45	22.57	21.93	28.04
GCT	25	27.56	22.52	21.95	27.97
GCT	26	27.55	22.47	21.98	28.00
GCT	27	27.41	22.57	22.07	27.96
GCT	28	27.50	22.52	22.06	27.93
GCT	29	27.51	22.49	22.04	27.96
GCT	30	27.39	22.61	22.11	27.89
GCT	31	27.46	22.54	22.16	27.84
GCT	32	27.47	22.53	22.11	27.88
GCT	33	27.37	22.64	22.15	27.84
GCT	34	27.46	22.58	22.15	27.81
GCT	35	27.42	22.55	22.21	27.82
GCT	36	27.33	22.67	22.22	27.78
GCT	37	27.39	22.61	22.26	27.74
GCT	38	27.40	22.59	22.23	27.79
GCT	39	27.30	22.66	22.32	27.72
GCT	40	27.36	22.63	22.28	27.73
GCT	41	27.39	22.59	22.26	27.76
GCT	42	27.27	22.72	22.33	27.67
GCT	43	27.35	22.65	22.34	27.67
GCT	44	27.36	22.61	22.32	27.71
GCT	45	27.26	22.74	22.34	27.67
GCT	46	27.32	22.72	22.34	27.63
GCT	47	27.35	22.64	22.33	27.68
GCT	48	27.25	22.75	22.36	27.64
GCT	49	27.33	22.70	22.35	27.62
GCT	50	27.33	22.65	22.33	27.69
GCT	51	27.25	22.75	22.35	27.65
GCT	52	27.31	22.68	22.37	27.64
GCT	53	27.33	22.66	22.34	27.67
GCT	54	27.25	22.76	22.37	27.62
GCT	55	27.31	22.70	22.41	27.58
GCT	56	27.31	22.68	22.38	27.62
GCT	57	27.22	22.76	22.44	27.58
GCT	58	27.29	22.70	22.44	27.56
GCT	59	27.29	22.67	22.44	27.60
GCT	60	27.23	22.78	22.43	27.56
GCT	61	27.28	22.71	22.46	27.54
GCT	62	27.28	22.70	22.43	27.59
GCT	63	27.21	22.78	22.45	27.56
GCT	64	27.29	22.73	22.47	27.51
GCT	65	27.28	22.67	22.47	27.58
GCT	66	27.20	22.77	22.51	27.52
GCT	67	27.26	22.74	22.52	27.49
GCT	68	27.28	22.70	22.48	27.54
GCT	69	27.21	22.78	22.54	27.48
GCT	70	27.28	22.72	22.54	27.46
GCT	71	27.28	22.68	22.54	27.50
GCT	72	27.21	22.77	22.57	27.45
GCT	73	27.28	22.71	22.56	27.44
GCT	74	27.29	22.67	22.57	27.48
GCT	75	27.21	22.77	22.60	27.43
GCT	76	27.29	22.71	22.60	27.41
GCT	77	27.28	22.67	22.58	27.46
GCT	78	27.23	22.75	22.60	27.41
GCT	79	27.29	22.70	22.62	27.39
GCT	80	27.30	22.67	22.62	27.41
GCT	81	27.24	22.74	22.64	27.38
GCT	82	27.30	22.69	22.66	27.35
GCT	83	27.31	22.65	22.64	27.40
GCT	84	27.23	22.75	22.68	27.34
GCT	85	27.32	22.69	22.68	27.31
GCT	86	27.33	22.65	22.68	27.34
GCT	87	27.26	22.72	22.70	27.32
GCT	88	27.33	22.67	22.70	27.30
GCT	89	27.34	22.64	22.70	27.32
GCT	90	27.27	22.71	22.73	27.29
GCT	91	27.34	22.66	22.72	27.28
GCT	92	27.34	22.63	22.72	27.31
GCT	93	27.27	22.70	22.75	27.28
GCT	94	27.34	22.66	22.75	27.25
GCT	95	27.35	22.62	22.74	27.29
GCT	96	27.30	22.70	22.76	27.24
GCT	97	27.36	22.65	22.75	27.25
GCT	98	27.35	22.61	22.78	27.27
GCT	99	27.30	22.67	22.80	27.24
GCT	100	27.36	22.63	22.81	27.20
# ACGT content per cycle for first fragments. Use `grep ^FBC | cut -f 2-` to extract this part. The columns are: cycle; A,C,G,T base counts as a percentage of all A/C/G/T bases [%]; and N and O counts as a percentage of all A/C/G/T bases [%]
FBC	1	28.22	21.28	21.43	29.06	0.05	0.00
FBC	2	28.70	20.94	20.87	29.49	0.01	0.00
FBC	3	28.14	21.45	21.56	28.85	0.00	0.00
FBC	4	28.01	21.56	21.67	28.76	0.28	0.00
FBC	5	28.00	21.54	21.67	28.79	0.00	0.00
FBC	6	27.49	22.04	22.21	28.26	0.00	0.00
FBC	7	27.70	21.81	21.96	28.53	0.00	0.00
FBC	8	27.89	21.60	21.81	28.71	0.00	0.00
FBC	9	27.76	21.72	21.93	28.59	0.00	0.00
FBC	10	27.72	21.75	21.93	28.60	0.00	0.00
FBC	11	27.77	21.71	21.88	28.64	0.00	0.00
FBC	12	27.65	21.81	21.99	28.55	0.00	0.00
FBC	13	27.70	21.73	21.93	28.64	0.00	0.00
FBC	14	27.71	21.73	21.93	28.63	0.00	0.00
FBC	15	27.60	21.84	22.03	28.54	0.00	0.00
FBC	16	27.59	21.83	22.02	28.57	0.00	0.00
FBC	17	27.58	21.82	22.02	28.58	0.00	0.00
FBC	18	27.44	21.98	22.14	28.45	0.00	0.00
FBC	19	27.45	21.93	22.15	28.47	0.00	0.00
FBC	20	27.42	21.96	22.15	28.47	0.00	0.00
FBC	21	27.33	22.03	22.26	28.38	0.00	0.00
FBC	22	27.32	22.05	22.24	28.39	0.00	0.00
FBC	23	27.34	22.02	22.23	28.41	0.00	0.00
FBC	24	27.22	22.10	22.35	28.33	0.00	0.00
FBC	25	27.22	22.10	22.32	28.35	0.00	0.00
FBC	26	27.22	22.10	22.32	28.36	0.00	0.00
FBC	27	27.12	22.19	22.40	28.29	0.00	0.00
FBC	28	27.14	22.16	22.38	28.31	0.00	0.00
FBC	29	27.16	22.14	22.37	28.33	0.00	0.00
FBC	30	27.06	22.23	22.46	28.25	0.00	0.00
FBC	31	27.06	22.22	22.44	28.28	0.00	0.00
FBC	32	27.08	22.21	22.42	28.29	0.00	0.00
FBC	33	26.99	22.28	22.50	28.23	0.00	0.00
FBC	34	27.01	22.25	22.47	28.27	0.00	0.00
FBC	35	27.01	22.24	22.47	28.28	0.00	0.00
FBC	36	26.94	22.32	22.53	28.20	0.00	0.00
FBC	37	26.94	22.28	22.52	28.26	0.00	0.00
FBC	38	26.95	22.26	22.51	28.28	0.00	0.00
FBC	39	26.90	22.33	22.59	28.19	0.00	0.00
FBC	40	26.91	22.30	22.56	28.23	0.00	0.00
FBC	41	26.93	22.30	22.54	28.24	0.00	0.00
FBC	42	26.84	22.40	22.62	28.15	0.00	0.00
FBC	43	26.85	22.35	22.59	28.21	0.00	0.00
FBC	44	26.87	22.32	22.58	28.24	0.00	0.00
FBC	45	26.80	22.40	22.65	28.16	0.00	0.00
FBC	46	26.80	22.37	22.62	28.21	0.00	0.00
FBC	47	26.82	22.35	22.60	28.23	0.00	0.00
FBC	48	26.75	22.41	22.66	28.18	0.00	0.00
FBC	49	26.77	22.40	22.63	28.20	0.00	0.00
FBC	50	26.79	22.37	22.62	28.22	0.00	0.00
FBC	51	26.72	22.44	22.69	28.15	0.00	0.00
FBC	52	26.76	22.40	22.66	28.17	0.00	0.00
FBC	53	26.77	22.36	22.63	28.23	0.00	0.00
FBC	54	26.71	22.43	22.70	28.17	0.00	0.00
FBC	55	26.74	22.41	22.67	28.18	0.00	0.00
FBC	56	26.75	22.39	22.65	28.21	0.00	0.00
FBC	57	26.70	22.45	22.72	28.13	0.00	0.00
FBC	58	26.71	22.43	22.68	28.19	0.00	0.00
FBC	59	26.72	22.42	22.67	28.19	0.00	0.00
FBC	60	26.67	22.47	22.72	28.15	0.00	0.00
FBC	61	26.67	22.45	22.70	28.18	0.00	0.00
FBC	62	26.70	22.43	22.70	28.17	0.00	0.00
FBC	63	26.64	22.47	22.76	28.12	0.00	0.00
FBC	64	26.66	22.47	22.73	28.14	0.00	0.00
FBC	65	26.69	22.44	22.70	28.17	0.00	0.00
FBC	66	26.62	22.51	22.76	28.11	0.00	0.00
FBC	67	26.62	22.49	22.76	28.13	0.00	0.00
FBC	68	26.66	22.47	22.72	28.15	0.00	0.00
FBC	69	26.59	22.53	22.79	28.09	0.00	0.00
FBC	70	26.62	22.50	22.76	28.13	0.00	0.00
FBC	71	26.64	22.47	22.75	28.14	0.00	0.00
FBC	72	26.59	22.52	22.81	28.08	0.00	0.00
FBC	73	26.61	22.51	22.76	28.12	0.00	0.00
FBC	74	26.63	22.49	22.75	28.14	0.00	0.00
FBC	75	26.57	22.55	22.81	28.06	0.00	0.00
FBC	76	26.61	22.52	22.77	28.10	0.00	0.00
FBC	77	26.62	22.51	22.75	28.12	0.00	0.00
FBC	78	26.55	22.54	22.82	28.08	0.00	0.00
FBC	79	26.58	22.53	22.79	28.10	0.00	0.00
FBC	80	26.61	22.52	22.76	28.11	0.00	0.00
FBC	81	26.57	22.56	22.81	28.07	0.00	0.00
FBC	82	26.56	22.54	22.79	28.11	0.00	0.00
FBC	83	26.59	22.53	22.77	28.11	0.00	0.00
FBC	84	26.54	22.58	22.84	28.04	0.00	0.00
FBC	85	26.57	22.56	22.81	28.07	0.00	0.00
FBC	86	26.58	22.55	22.78	28.08	0.00	0.00
FBC	87	26.55	22.57	22.83	28.05	0.00	0.00
FBC	88	26.57	22.55	22.82	28.05	0.00	0.00
FBC	89	26.58	22.56	22.79	28.07	0.00	0.00
FBC	90	26.54	22.59	22.83	28.03	0.00	0.00
FBC	91	26.56	22.57	22.80	28.06	0.00	0.00
FBC	92	26.56	22.57	22.79	28.08	0.00	0.00
FBC	93	26.55	22.59	22.84	28.02	0.00	0.00
FBC	94	26.55	22.58	22.81	28.05	0.00	0.00
FBC	95	26.58	22.56	22.79	28.07	0.00	0.00
FBC	96	26.54	22.58	22.85	28.02	0.00	0.00
FBC	97	26.58	22.57	22.80	28.05	0.00	0.00
FBC	98	26.58	22.58	22.80	28.05	0.00	0.00
FBC	99	26.54	22.60	22.84	28.02	0.00	0.00
FBC	100	26.56	22.59	22.83	28.02	0.00	0.00
# ACGT raw counters for first fragments. Use `grep ^FTC | cut -f 2-` to extract this part. The columns are: A,C,G,T,N base counters
FTC	859419607	709723955	717024017	900773743	107346
# ACGT content per cycle for last fragments. Use `grep ^LBC | cut -f 2-` to extract this part. The columns are: cycle; A,C,G,T base counts as a percentage of all A/C/G/T bases [%]; and N and O counts as a percentage of all A/C/G/T bases [%]
LBC	1	28.25	21.46	21.47	28.82	0.17	0.00
LBC	2	28.56	21.01	21.19	29.25	0.00	0.00
LBC	3	27.58	21.99	22.08	28.36	0.89	0.00
LBC	4	27.55	22.00	22.08	28.37	0.00	0.00
LBC	5	27.80	21.71	21.87	28.62	0.00	0.00
LBC	6	27.21	22.33	22.44	28.01	0.00	0.00
LBC	7	27.49	22.04	22.13	28.33	0.00	0.00
LBC	8	27.76	21.74	21.83	28.67	0.00	0.00
LBC	9	27.57	21.91	22.01	28.51	0.03	0.00
LBC	10	27.59	21.90	21.99	28.52	0.00	0.00
LBC	11	27.62	21.84	21.96	28.57	0.00	0.00
LBC	12	27.55	21.93	22.03	28.49	0.00	0.00
LBC	13	27.60	21.85	21.97	28.58	0.01	0.00
LBC	14	27.59	21.83	21.98	28.60	0.00	0.00
LBC	15	27.52	21.91	22.05	28.52	0.00	0.00
LBC	16	27.51	21.93	22.03	28.53	0.00	0.00
LBC	17	27.51	21.92	22.05	28.53	0.00	0.00
LBC	18	27.38	22.03	22.17	28.42	0.00	0.00
LBC	19	27.35	22.03	22.18	28.43	0.00	0.00
LBC	20	27.38	21.99	22.14	28.49	0.00	0.00
LBC	21	27.23	22.14	22.28	28.35	0.00	0.00
LBC	22	27.26	22.10	22.25	28.40	0.00	0.00
LBC	23	27.24	22.11	22.26	28.39	0.00	0.00
LBC	24	27.14	22.21	22.35	28.30	0.00	0.00
LBC	25	27.16	22.19	22.32	28.32	0.99	0.00
LBC	26	27.17	22.18	22.31	28.35	0.10	0.00
LBC	27	27.07	22.26	22.43	28.25	0.00	0.00
LBC	28	27.08	22.22	22.39	28.31	0.00	0.00
LBC	29	27.12	22.19	22.35	28.34	0.00	0.00
LBC	30	26.99	22.30	22.47	28.25	0.00	0.00
LBC	31	27.01	22.28	22.46	28.26	0.00	0.00
LBC	32	27.04	22.25	22.41	28.30	0.00	0.00
LBC	33	26.96	22.31	22.49	28.24	0.00	0.00
LBC	34	26.98	22.29	22.45	28.27	0.00	0.00
LBC	35	26.93	22.31	22.51	28.25	0.00	0.00
LBC	36	26.88	22.37	22.55	28.20	0.00	0.00
LBC	37	26.88	22.37	22.57	28.19	0.00	0.00
LBC	38	26.90	22.32	22.53	28.24	0.00	0.00
LBC	39	26.81	22.41	22.63	28.15	0.00	0.00
LBC	40	26.84	22.37	22.59	28.20	0.00	0.00
LBC	41	26.87	22.32	22.55	28.26	0.00	0.00
LBC	42	26.76	22.44	22.66	28.15	0.00	0.00
LBC	43	26.79	22.40	22.63	28.18	0.00	0.00
LBC	44	26.82	22.37	22.59	28.22	0.00	0.00
LBC	45	26.73	22.45	22.66	28.15	0.00	0.00
LBC	46	26.74	22.46	22.67	28.14	0.00	0.00
LBC	47	26.81	22.38	22.62	28.19	0.00	0.00
LBC	48	26.70	22.48	22.67	28.15	0.00	0.00
LBC	49	26.76	22.43	22.63	28.18	0.00	0.00
LBC	50	26.80	22.37	22.60	28.23	0.00	0.00
LBC	51	26.75	22.41	22.66	28.17	0.00	0.00
LBC	52	26.74	22.42	22.62	28.22	0.00	0.00
LBC	53	26.76	22.39	22.62	28.23	0.00	0.00
LBC	54	26.67	22.46	22.68	28.19	0.00	0.00
LBC	55	26.70	22.45	22.69	28.17	0.00	0.00
LBC	56	26.71	22.42	22.66	28.21	0.00	0.00
LBC	57	26.64	22.49	22.74	28.13	0.00	0.00
LBC	58	26.66	22.48	22.71	28.15	0.00	0.00
LBC	59	26.69	22.44	22.70	28.18	0.00	0.00
LBC	60	26.63	22.51	22.73	28.13	0.00	0.00
LBC	61	26.66	22.49	22.70	28.15	0.01	0.00
LBC	62	26.69	22.45	22.69	28.17	0.00	0.00
LBC	63	26.63	22.49	22.74	28.14	0.00	0.00
LBC	64	26.64	22.48	22.72	28.16	0.00	0.00
LBC	65	26.69	22.43	22.70	28.18	0.00	0.00
LBC	66	26.60	22.53	22.76	28.11	0.00	0.00
LBC	67	26.62	22.51	22.75	28.13	0.00	0.00
LBC	68	26.66	22.45	22.72	28.17	0.00	0.00
LBC	69	26.60	22.51	22.79	28.09	0.00	0.00
LBC	70	26.61	22.51	22.74	28.14	0.00	0.00
LBC	71	26.62	22.48	22.75	28.15	0.00	0.00
LBC	72	26.56	22.55	22.80	28.09	0.00	0.00
LBC	73	26.61	22.51	22.77	28.11	0.00	0.00
LBC	74	26.63	22.50	22.74	28.13	0.00	0.00
LBC	75	26.56	22.56	22.80	28.07	0.00	0.00
LBC	76	26.58	22.54	22.78	28.11	0.00	0.00
LBC	77	26.62	22.49	22.76	28.13	0.00	0.00
LBC	78	26.57	22.55	22.80	28.08	0.00	0.00
LBC	79	26.59	22.53	22.79	28.09	0.00	0.00
LBC	80	26.60	22.53	22.77	28.11	0.00	0.00
LBC	81	26.56	22.57	22.82	28.05	0.00	0.00
LBC	82	26.56	22.56	22.81	28.07	0.00	0.00
LBC	83	26.60	22.52	22.77	28.12	0.00	0.00
LBC	84	26.52	22.60	22.85	28.04	0.00	0.00
LBC	85	26.56	22.56	22.80	28.07	0.00	0.00
LBC	86	26.60	22.54	22.78	28.08	0.00	0.00
LBC	87	26.55	22.59	22.84	28.03	0.00	0.00
LBC	88	26.58	22.55	22.81	28.06	0.00	0.00
LBC	89	26.59	22.54	22.79	28.07	0.00	0.00
LBC	90	26.54	22.59	22.85	28.02	0.00	0.00
LBC	91	26.56	22.57	22.82	28.05	0.00	0.00
LBC	92	26.58	22.54	22.81	28.08	0.07	0.00
LBC	93	26.52	22.61	22.87	28.01	0.02	0.00
LBC	94	26.55	22.60	22.84	28.01	0.02	0.00
LBC	95	26.59	22.57	22.79	28.05	0.02	0.00
LBC	96	26.52	22.63	22.85	28.00	0.01	0.00
LBC	97	26.56	22.59	22.83	28.02	0.03	0.00
LBC	98	26.57	22.58	22.81	28.04	0.06	0.00
LBC	99	26.52	22.62	22.87	27.99	0.04	0.00
LBC	100	26.54	22.62	22.85	28.00	0.07	0.00
# ACGT raw counters for last fragments. Use `grep ^LTC | cut -f 2-` to extract this part. The columns are: A,C,G,T,N base counters
LTC	857513227	711388970	717816460	899521206	808805
# Insert sizes. Use `grep ^IS | cut -f 2-` to extract this part. The columns are: insert size, pairs total, inward oriented pairs, outward oriented pairs, other pairs
IS	0	267	0	1	266
IS	1	0	0	0	0
IS	2	35	0	23	12
IS	3	27	0	26	1
IS	4	23	0	22	1
IS	5	13	0	13	0
IS	6	28	0	28	0
IS	7	14	0	14	0
IS	8	16	0	16	0
IS	9	22	0	22	0
IS	10	13	0	13	0
IS	11	20	0	19	1
IS	12	30	0	30	0
IS	13	21	0	21	0
IS	14	27	0	27	0
IS	15	18	0	18	0
IS	16	25	0	25	0
IS	17	17	0	16	1
IS	18	28	0	28	0
IS	19	1037	942	95	0
IS	20	588	546	41	1
IS	21	300	257	43	0
IS	22	117	87	30	0
IS	23	81	47	34	0
IS	24	128	100	28	0
IS	25	72	44	26	2
IS	26	91	39	51	1
IS	27	82	41	40	1
IS	28	105	58	47	0
IS	29	114	58	53	3
IS	30	113	73	38	2
IS	31	119	94	25	0
IS	32	147	117	28	2
IS	33	137	109	27	1
IS	34	182	132	50	0
IS	35	164	133	30	1
IS	36	185	137	46	2
IS	37	216	173	43	0
IS	38	178	137	40	1
IS	39	205	154	49	2
IS	40	198	160	34	4
IS	41	219	179	39	1
IS	42	226	188	35	3
IS	43	240	195	44	1
IS	44	258	212	45	1
IS	45	230	193	34	3
IS	46	281	232	47	2
IS	47	261	224	36	1
IS	48	265	230	30	5
IS	49	269	236	33	0
IS	50	318	264	52	2
IS	51	332	280	49	3
IS	52	314	268	42	4
IS	53	316	275	37	4
IS	54	351	310	39	2
IS	55	320	283	30	7
IS	56	383	334	41	8
IS	57	327	288	37	2
IS	58	384	347	36	1
IS	59	352	303	46	3
IS	60	406	354	46	6
IS	61	416	377	38	1
IS	62	376	336	39	1
IS	63	409	355	49	5
IS	64	382	332	43	7
IS	65	417	364	47	6
IS	66	454	395	51	8
IS	67	457	415	34	8
IS	68	469	420	41	8
IS	69	499	443	48	8
IS	70	508	461	45	2
IS	71	608	564	36	8
IS	72	628	579	42	7
IS	73	694	646	41	7
IS	74	756	710	38	8
IS	75	820	768	46	6
IS	76	839	799	33	7
IS	77	993	933	53	7
IS	78	1081	1031	46	4
IS	79	1153	1095	50	8
IS	80	1384	1332	45	7
IS	81	1571	1518	46	7
IS	82	1850	1803	40	7
IS	83	2040	1985	51	4
IS	84	2376	2321	48	7
IS	85	2609	2551	49	9
IS	86	3008	2952	43	13
IS	87	3489	3430	50	9
IS	88	4083	4026	48	9
IS	89	4825	4763	51	11
IS	90	5355	5292	54	9
IS	91	5994	5921	63	10
IS	92	6659	6591	59	9
IS	93	7622	7552	57	13
IS	94	8589	8503	79	7
IS	95	9346	9304	39	3
IS	96	10802	10717	80	5
IS	97	11918	11836	74	8
IS	98	13264	13149	110	5
IS	99	14579	14349	220	10
IS	100	16097	16081	6	10
IS	101	17856	17846	2	8
IS	102	19439	19430	3	6
IS	103	21334	21317	6	11
IS	104	23439	23429	3	7
IS	105	25538	25532	3	3
IS	106	27334	27325	2	7
IS	107	30136	30127	3	6
IS	108	32048	32037	3	8
IS	109	34675	34662	7	6
IS	110	36953	36943	2	8
IS	111	40407	40390	5	12
IS	112	42297	42281	2	14
IS	113	45037	45026	2	9
IS	114	48064	48055	1	8
IS	115	50626	50617	1	8
IS	116	53776	53766	4	6
IS	117	56704	56693	2	9
IS	118	59651	59643	0	8
IS	119	62534	62521	5	8
IS	120	65499	65490	1	8
IS	121	69736	69724	0	12
IS	122	72494	72480	6	8
IS	123	75103	75093	3	7
IS	124	78334	78324	5	5
IS	125	80884	80873	3	8
IS	126	84663	84654	1	8
IS	127	87814	87810	3	1
IS	128	90920	90914	0	6
IS	129	94097	94090	2	5
IS	130	97345	97336	6	3
IS	131	99968	99962	0	6
IS	132	103069	103058	1	10
IS	133	106662	106653	0	9
IS	134	108561	108557	0	4
IS	135	112783	112774	1	8
IS	136	115671	115660	1	10
IS	137	118019	118010	2	7
IS	138	120484	120475	3	6
IS	139	123242	123230	0	12
IS	140	126243	126233	1	9
IS	141	129545	129536	1	8
IS	142	131472	131467	1	4
IS	143	134374	134361	3	10
IS	144	137346	137335	4	7
IS	145	139856	139845	2	9
IS	146	142346	142335	5	6
IS	147	144533	144525	1	7
IS	148	146738	146731	3	4
IS	149	149365	149355	2	8
IS	150	151863	151852	2	9
IS	151	153485	153474	5	6
IS	152	156170	156162	0	8
IS	153	158125	158115	2	8
IS	154	159695	159688	2	5
IS	155	161672	161659	2	11
IS	156	163675	163669	2	4
IS	157	165176	165167	2	7
IS	158	167151	167142	1	8
IS	159	170109	170107	1	1
IS	160	170377	170372	1	4
IS	161	171888	171878	3	7
IS	162	173662	173649	2	11
IS	163	174836	174829	1	6
IS	164	176324	176320	1	3
IS	165	177421	177415	3	3
IS	166	179647	179639	0	8
IS	167	179413	179405	2	6
IS	168	180703	180694	3	6
IS	169	182186	182175	6	5
IS	170	183694	183692	1	1
IS	171	183695	183682	3	10
IS	172	185769	185764	1	4
IS	173	185958	185951	2	5
IS	174	187132	187124	1	7
IS	175	187966	187964	0	2
IS	176	187525	187520	1	4
IS	177	188493	188486	2	5
IS	178	188785	188775	1	9
IS	179	188962	188957	0	5
IS	180	189462	189453	3	6
IS	181	190161	190157	1	3
IS	182	189695	189688	2	5
IS	183	189859	189846	6	7
IS	184	191257	191252	1	4
IS	185	191391	191381	2	8
IS	186	190225	190215	0	10
IS	187	190922	190916	4	2
IS	188	191223	191215	5	3
IS	189	190820	190816	0	4
IS	190	190396	190390	3	3
IS	191	190853	190846	2	5
IS	192	190498	190489	2	7
IS	193	189559	189553	0	6
IS	194	190009	190000	2	7
IS	195	188728	188721	3	4
IS	196	189714	189710	1	3
IS	197	188814	188811	0	3
IS	198	188838	188832	4	2
IS	199	188527	188521	6	0
IS	200	187261	187259	1	1
IS	201	186292	186286	2	4
IS	202	186791	186789	0	2
IS	203	185412	185404	1	7
IS	204	185943	185939	1	3
IS	205	184621	184615	1	5
IS	206	184556	184553	0	3
IS	207	183689	183686	2	1
IS	208	182148	182142	3	3
IS	209	181620	181612	0	8
IS	210	180895	180892	0	3
IS	211	180473	180468	2	3
IS	212	179519	179507	2	10
IS	213	178609	178602	4	3
IS	214	177876	177872	2	2
IS	215	176578	176574	1	3
IS	216	175331	175328	2	1
IS	217	174681	174675	1	5
IS	218	174001	173997	0	4
IS	219	173239	173232	1	6
IS	220	172266	172259	4	3
IS	221	170748	170741	3	4
IS	222	170155	170151	0	4
IS	223	168815	168811	1	3
IS	224	167231	167228	1	2
IS	225	166588	166585	0	3
IS	226	165266	165264	1	1
IS	227	163992	163986	3	3
IS	228	163665	163662	1	2
IS	229	161780	161775	2	3
IS	230	161740	161735	1	4
IS	231	159915	159912	2	1
IS	232	158294	158289	1	4
IS	233	156410	156410	0	0
IS	234	155773	155771	0	2
IS	235	154549	154545	2	2
IS	236	153243	153242	1	0
IS	237	152848	152848	0	0
IS	238	152103	152093	5	5
IS	239	149993	149991	0	2
IS	240	148977	148973	3	1
IS	241	147243	147241	0	2
IS	242	146106	146101	4	1
IS	243	145085	145082	1	2
IS	244	143401	143396	0	5
IS	245	142045	142037	2	6
IS	246	140956	140956	0	0
IS	247	139954	139952	1	1
IS	248	138055	138052	1	2
IS	249	137183	137177	3	3
IS	250	136382	136376	4	2
IS	251	134339	134337	2	0
IS	252	133204	133203	1	0
IS	253	131887	131884	1	2
IS	254	130984	130981	2	1
IS	255	129457	129456	1	0
IS	256	128328	128326	0	2
IS	257	126912	126908	2	2
IS	258	125506	125506	0	0
IS	259	124884	124880	1	3
IS	260	122568	122568	0	0
IS	261	121776	121769	1	6
IS	262	120330	120328	0	2
IS	263	118943	118940	2	1
IS	264	117566	117564	0	2
IS	265	117489	117488	1	0
IS	266	115991	115989	1	1
IS	267	113715	113715	0	0
IS	268	112765	112763	2	0
IS	269	111540	111537	0	3
IS	270	110827	110824	2	1
IS	271	109508	109505	1	2
IS	272	108282	108279	2	1
IS	273	106790	106789	1	0
IS	274	105490	105488	0	2
IS	275	104618	104618	0	0
IS	276	103657	103655	2	0
IS	277	102416	102413	1	2
IS	278	100266	100263	1	2
IS	279	98804	98801	3	0
IS	280	98003	97996	4	3
IS	281	96847	96847	0	0
IS	282	96545	96543	1	1
IS	283	95015	95011	3	1
IS	284	94069	94069	0	0
IS	285	92890	92887	2	1
IS	286	91558	91555	1	2
IS	287	90741	90737	4	0
IS	288	89023	89023	0	0
IS	289	88152	88148	2	2
IS	290	86605	86600	2	3
IS	291	85485	85482	1	2
IS	292	84977	84974	2	1
IS	293	83902	83899	1	2
IS	294	82943	82941	2	0
IS	295	81435	81433	0	2
IS	296	81134	81132	2	0
IS	297	79049	79048	1	0
IS	298	78195	78192	0	3
IS	299	77650	77650	0	0
IS	300	76544	76543	1	0
IS	301	76162	76160	1	1
IS	302	74083	74080	1	2
IS	303	73504	73504	0	0
IS	304	73012	73012	0	0
IS	305	71518	71515	1	2
IS	306	70861	70861	0	0
IS	307	69541	69539	1	1
IS	308	68968	68967	0	1
IS	309	67763	67763	0	0
IS	310	66765	66760	2	3
IS	311	65524	65524	0	0
IS	312	65388	65387	0	1
IS	313	64657	64657	0	0
IS	314	63391	63391	0	0
IS	315	62790	62788	2	0
IS	316	61199	61196	3	0
IS	317	61187	61184	2	1
IS	318	59628	59627	1	0
IS	319	58882	58880	1	1
IS	320	58224	58223	0	1
IS	321	56873	56873	0	0
IS	322	56507	56507	0	0
IS	323	55698	55698	0	0
IS	324	54853	54853	0	0
IS	325	53749	53749	0	0
IS	326	53452	53451	1	0
IS	327	52309	52309	0	0
IS	328	52206	52203	1	2
IS	329	50900	50897	1	2
IS	330	50486	50486	0	0
IS	331	49400	49399	0	1
IS	332	48869	48868	1	0
IS	333	48571	48569	1	1
IS	334	47460	47458	0	2
IS	335	46511	46510	1	0
IS	336	45769	45769	0	0
IS	337	45127	45126	0	1
IS	338	44505	44502	3	0
IS	339	44175	44174	0	1
IS	340	43312	43310	1	1
IS	341	43339	43339	0	0
IS	342	41839	41839	0	0
IS	343	41574	41572	2	0
IS	344	40313	40313	0	0
IS	345	40133	40132	1	0
IS	346	39442	39442	0	0
IS	347	39070	39069	1	0
IS	348	38237	38236	1	0
IS	349	37711	37711	0	0
IS	350	37003	37002	0	1
IS	351	36397	36397	0	0
IS	352	35924	35924	0	0
IS	353	35339	35338	1	0
IS	354	34796	34795	0	1
IS	355	34475	34475	0	0
IS	356	33798	33797	1	0
IS	357	32966	32966	0	0
IS	358	32653	32653	0	0
IS	359	32369	32369	0	0
IS	360	31505	31505	0	0
IS	361	31112	31112	0	0
IS	362	30580	30580	0	0
IS	363	30201	30201	0	0
IS	364	29773	29773	0	0
IS	365	29238	29237	0	1
IS	366	29056	29056	0	0
IS	367	28246	28246	0	0
IS	368	27592	27591	1	0
IS	369	27209	27208	1	0
IS	370	26771	26771	0	0
IS	371	26459	26459	0	0
IS	372	25802	25800	2	0
IS	373	25704	25704	0	0
IS	374	24918	24918	0	0
IS	375	24543	24543	0	0
IS	376	24090	24090	0	0
IS	377	23797	23795	1	1
IS	378	23300	23300	0	0
IS	379	23265	23264	0	1
IS	380	22730	22730	0	0
IS	381	22087	22085	0	2
IS	382	21848	21847	1	0
IS	383	21449	21449	0	0
IS	384	21238	21238	0	0
IS	385	20789	20789	0	0
IS	386	20325	20325	0	0
IS	387	20166	20166	0	0
IS	388	19933	19932	0	1
IS	389	19605	19605	0	0
IS	390	19071	19071	0	0
IS	391	18622	18622	0	0
IS	392	18256	18256	0	0
IS	393	17923	17921	2	0
IS	394	17977	17977	0	0
IS	395	17415	17414	0	1
IS	396	17146	17146	0	0
IS	397	16958	16957	1	0
IS	398	16419	16419	0	0
IS	399	16319	16319	0	0
IS	400	16041	16041	0	0
IS	401	15807	15807	0	0
IS	402	15362	15362	0	0
IS	403	15154	15154	0	0
IS	404	14928	14928	0	0
IS	405	14442	14442	0	0
IS	406	14591	14590	1	0
IS	407	13933	13932	1	0
IS	408	13579	13578	0	1
IS	409	13816	13816	0	0
IS	410	13394	13394	0	0
IS	411	13312	13312	0	0
IS	412	12992	12992	0	0
IS	413	12596	12595	1	0
IS	414	12372	12371	1	0
IS	415	12151	12151	0	0
IS	416	12139	12139	0	0
IS	417	11684	11682	2	0
IS	418	11426	11426	0	0
IS	419	11365	11365	0	0
IS	420	11007	11007	0	0
IS	421	10958	10958	0	0
IS	422	10887	10887	0	0
IS	423	10589	10589	0	0
IS	424	10165	10165	0	0
IS	425	10087	10087	0	0
IS	426	9878	9878	0	0
IS	427	9709	9709	0	0
IS	428	9474	9472	2	0
IS	429	9336	9335	0	1
IS	430	9117	9116	1	0
IS	431	9112	9112	0	0
IS	432	8908	8906	2	0
IS	433	8693	8692	1	0
IS	434	8430	8428	2	0
IS	435	8273	8272	0	1
IS	436	8186	8186	0	0
IS	437	8065	8065	0	0
IS	438	7749	7748	1	0
IS	439	7827	7827	0	0
IS	440	7576	7575	1	0
IS	441	7309	7309	0	0
IS	442	7369	7369	0	0
IS	443	7302	7301	0	1
IS	444	7045	7045	0	0
IS	445	6810	6810	0	0
IS	446	6699	6697	0	2
IS	447	6632	6631	1	0
IS	448	6371	6371	0	0
IS	449	6396	6395	1	0
# Read lengths. Use `grep ^RL | cut -f 2-` to extract this part. The columns are: read length, count
RL	31	2236
RL	32	2236
RL	33	2010
RL	34	1960
RL	35	1952
RL	36	1654
RL	37	1548
RL	38	1456
RL	39	1488
RL	40	1292
RL	41	1282
RL	42	1224
RL	43	1186
RL	44	1246
RL	45	1158
RL	46	1130
RL	47	1034
RL	48	1056
RL	49	1000
RL	50	958
RL	51	1038
RL	52	1056
RL	53	1148
RL	54	1092
RL	55	1140
RL	56	1198
RL	57	1088
RL	58	1174
RL	59	1174
RL	60	1266
RL	61	1318
RL	62	1282
RL	63	1320
RL	64	1348
RL	65	1358
RL	66	1494
RL	67	1488
RL	68	1490
RL	69	1426
RL	70	1654
RL	71	1714
RL	72	1776
RL	73	1892
RL	74	1978
RL	75	2098
RL	76	2182
RL	77	2402
RL	78	2630
RL	79	2796
RL	80	3234
RL	81	3682
RL	82	4126
RL	83	4442
RL	84	5144
RL	85	5570
RL	86	6604
RL	87	7476
RL	88	8708
RL	89	9978
RL	90	11146
RL	91	12448
RL	92	13772
RL	93	15568
RL	94	17538
RL	95	19152
RL	96	21852
RL	97	24144
RL	98	26864
RL	99	29554
RL	100	63465716
# Read lengths - first fragments. Use `grep ^FRL | cut -f 2-` to extract this part. The columns are: read length, count
FRL	31	1118
FRL	32	1118
FRL	33	1005
FRL	34	980
FRL	35	976
FRL	36	827
FRL	37	774
FRL	38	728
FRL	39	744
FRL	40	646
FRL	41	641
FRL	42	612
FRL	43	593
FRL	44	623
FRL	45	579
FRL	46	565
FRL	47	517
FRL	48	528
FRL	49	500
FRL	50	479
FRL	51	519
FRL	52	528
FRL	53	574
FRL	54	546
FRL	55	570
FRL	56	599
FRL	57	544
FRL	58	587
FRL	59	587
FRL	60	633
FRL	61	659
FRL	62	641
FRL	63	660
FRL	64	674
FRL	65	679
FRL	66	747
FRL	67	744
FRL	68	745
FRL	69	713
FRL	70	827
FRL	71	857
FRL	72	888
FRL	73	946
FRL	74	989
FRL	75	1049
FRL	76	1091
FRL	77	1201
FRL	78	1315
FRL	79	1398
FRL	80	1617
FRL	81	1841
FRL	82	2063
FRL	83	2221
FRL	84	2572
FRL	85	2785
FRL	86	3302
FRL	87	3738
FRL	88	4354
FRL	89	4989
FRL	90	5573
FRL	91	6224
FRL	92	6886
FRL	93	7784
FRL	94	8769
FRL	95	9576
FRL	96	10926
FRL	97	12072
FRL	98	13432
FRL	99	14777
FRL	100	31732858
# Read lengths - last fragments. Use `grep ^LRL | cut -f 2-` to extract this part. The columns are: read length, count
LRL	31	1118
LRL	32	1118
LRL	33	1005
LRL	34	980
LRL	35	976
LRL	36	827
LRL	37	774
LRL	38	728
LRL	39	744
LRL	40	646
LRL	41	641
LRL	42	612
LRL	43	593
LRL	44	623
LRL	45	579
LRL	46	565
LRL	47	517
LRL	48	528
LRL	49	500
LRL	50	479
LRL	51	519
LRL	52	528
LRL	53	574
LRL	54	546
LRL	55	570
LRL	56	599
LRL	57	544
LRL	58	587
LRL	59	587
LRL	60	633
LRL	61	659
LRL	62	641
LRL	63	660
LRL	64	674
LRL	65	679
LRL	66	747
LRL	67	744
LRL	68	745
LRL	69	713
LRL	70	827
LRL	71	857
LRL	72	888
LRL	73	946
LRL	74	989
LRL	75	1049
LRL	76	1091
LRL	77	1201
LRL	78	1315
LRL	79	1398
LRL	80	1617
LRL	81	1841
LRL	82	2063
LRL	83	2221
LRL	84	2572
LRL	85	2785
LRL	86	3302
LRL	87	3738
LRL	88	4354
LRL	89	4989
LRL	90	5573
LRL	91	6224
LRL	92	6886
LRL	93	7784
LRL	94	8769
LRL	95	9576
LRL	96	10926
LRL	97	12072
LRL	98	13432
LRL	99	14777
LRL	100	31732858
# Mapping qualities for reads !(UNMAP|SECOND|SUPPL|QCFAIL|DUP). Use `grep ^MAPQ | cut -f 2-` to extract this part. The columns are: mapq, count
MAPQ	0	5203072
MAPQ	1	13671
MAPQ	2	4400
MAPQ	3	26650
MAPQ	4	6507
MAPQ	5	6987
MAPQ	6	10423
MAPQ	7	17807
MAPQ	8	8477
MAPQ	9	31406
MAPQ	10	17864
MAPQ	11	5553
MAPQ	12	8930
MAPQ	13	13948
MAPQ	14	4044
MAPQ	15	25591
MAPQ	16	6649
MAPQ	17	8071
MAPQ	18	10354
MAPQ	19	20284
MAPQ	20	30048
MAPQ	21	38873
MAPQ	22	54728
MAPQ	23	56991
MAPQ	24	100965
MAPQ	25	195991
MAPQ	26	8990
MAPQ	27	497498
MAPQ	28	3997
MAPQ	29	3836
MAPQ	30	7404
MAPQ	31	11894
MAPQ	32	2675
MAPQ	33	28075
MAPQ	34	4513
MAPQ	35	5436
MAPQ	36	8460
MAPQ	37	15952
MAPQ	38	6631
MAPQ	39	36930
MAPQ	40	521837
MAPQ	41	8075
MAPQ	42	25034
MAPQ	43	21933
MAPQ	44	20407
MAPQ	45	60673
MAPQ	46	37876
MAPQ	47	88897
MAPQ	48	107522
MAPQ	49	118374
MAPQ	50	396689
MAPQ	51	21176
MAPQ	52	42910
MAPQ	53	14674
MAPQ	54	22945
MAPQ	55	51901
MAPQ	56	3192
MAPQ	57	68604
MAPQ	58	3802
MAPQ	59	8788
MAPQ	60	55554245
# Indel distribution. Use `grep ^ID | cut -f 2-` to extract this part. The columns are: length, number of insertions, number of deletions
ID	1	169439	221394
ID	2	37600	48062
ID	3	16513	24355
ID	4	14737	20086
ID	5	7904	6910
ID	6	3233	5977
ID	7	1164	1758
ID	8	2014	3081
ID	9	1274	1692
ID	10	1074	2109
ID	11	475	902
ID	12	687	1392
ID	13	333	406
ID	14	345	773
ID	15	169	842
ID	16	311	575
ID	17	139	260
ID	18	154	506
ID	19	68	138
ID	20	59	312
ID	21	88	194
ID	22	20	215
ID	23	36	88
ID	24	15	136
ID	25	20	58
ID	26	15	103
ID	27	4	95
ID	28	3	64
ID	29	2	12
ID	30	1	66
ID	31	0	3
ID	32	0	8
ID	33	0	4
ID	34	0	32
ID	35	0	10
ID	36	0	11
ID	37	0	7
ID	38	0	6
ID	39	0	3
ID	40	0	1
ID	42	0	3
# Indels per cycle. Use `grep ^IC | cut -f 2-` to extract this part. The columns are: cycle, number of insertions (fwd), .. (rev) , number of deletions (fwd), .. (rev)
IC	3	0	0	704	779
IC	4	657	842	764	975
IC	5	851	994	925	1095
IC	6	895	968	1136	1133
IC	7	974	1066	1140	1275
IC	8	1032	1083	1297	1493
IC	9	1129	1156	1419	1567
IC	10	1219	1189	1499	1582
IC	11	1246	1214	1498	1694
IC	12	1247	1278	1571	1824
IC	13	1329	1367	1736	1810
IC	14	1471	1475	1818	1811
IC	15	1513	1444	1794	1850
IC	16	1477	1541	1878	1892
IC	17	1590	1483	1896	1973
IC	18	1488	1607	2038	2018
IC	19	1626	1526	1961	1973
IC	20	1683	1517	2007	1949
IC	21	1662	1567	2000	1980
IC	22	1668	1583	2006	2019
IC	23	1616	1557	1969	1992
IC	24	1620	1481	2040	1931
IC	25	1506	1585	2027	2055
IC	26	1554	1506	1998	1987
IC	27	1649	1576	1985	1931
IC	28	1583	1537	2030	1998
IC	29	1613	1518	1928	1860
IC	30	1545	1485	1974	1969
IC	31	1588	1496	1997	1932
IC	32	1520	1462	1949	2001
IC	33	1495	1511	2029	1914
IC	34	1558	1507	1850	1858
IC	35	1552	1550	1896	1838
IC	36	1522	1428	1960	1876
IC	37	1505	1470	1956	1866
IC	38	1477	1479	1956	1842
IC	39	1495	1467	1958	1866
IC	40	1453	1474	1870	1925
IC	41	1495	1507	1919	1804
IC	42	1498	1508	1953	1841
IC	43	1517	1506	1912	1877
IC	44	1534	1427	1937	1880
IC	45	1561	1490	1894	1896
IC	46	1614	1483	1999	1807
IC	47	1548	1422	1949	1864
IC	48	1490	1504	1960	1887
IC	49	1588	1463	1973	1883
IC	50	1572	1500	1904	1976
IC	51	1607	1508	1952	1913
IC	52	1557	1472	1935	1934
IC	53	1556	1482	1979	1830
IC	54	1512	1489	1917	1803
IC	55	1411	1469	2026	1969
IC	56	1551	1483	1958	1882
IC	57	1499	1447	1985	2012
IC	58	1517	1469	1928	1955
IC	59	1506	1472	2009	1976
IC	60	1567	1473	2049	2011
IC	61	1628	1535	2034	2015
IC	62	1641	1510	2059	2028
IC	63	1548	1463	2060	1981
IC	64	1522	1520	2127	2062
IC	65	1511	1591	2038	2003
IC	66	1616	1508	2056	1956
IC	67	1499	1555	2085	2001
IC	68	1452	1435	2124	2033
IC	69	1524	1482	2056	2028
IC	70	1493	1443	2029	2063
IC	71	1380	1455	2048	2074
IC	72	1491	1430	2021	2003
IC	73	1432	1424	2055	1999
IC	74	1474	1408	2130	1939
IC	75	1488	1400	2024	1992
IC	76	1470	1467	1911	2013
IC	77	1409	1344	2000	1997
IC	78	1428	1308	1896	1890
IC	79	1425	1438	1982	1952
IC	80	1391	1333	1919	1886
IC	81	1326	1336	1935	1832
IC	82	1323	1280	1924	1829
IC	83	1305	1210	1880	1752
IC	84	1280	1219	1875	1754
IC	85	1210	1143	1806	1721
IC	86	1119	1096	1667	1718
IC	87	1115	1119	1585	1563
IC	88	1011	1001	1561	1543
IC	89	1004	948	1513	1498
IC	90	984	915	1483	1369
IC	91	855	916	1526	1392
IC	92	897	848	1399	1387
IC	93	814	814	1253	1135
IC	94	750	750	1151	1228
IC	95	757	831	1160	1214
IC	96	685	757	1130	1240
IC	97	665	871	925	1199
IC	98	0	0	0	1
IC	99	0	0	0	2
# Coverage distribution. Use `grep ^COV | cut -f 2-` to extract this part.
COV	[1-1]	1	205136506
COV	[2-2]	2	52832141
COV	[3-3]	3	12648936
COV	[4-4]	4	8691703
COV	[5-5]	5	5727601
COV	[6-6]	6	4792093
COV	[7-7]	7	4090565
COV	[8-8]	8	3635953
COV	[9-9]	9	3281813
COV	[10-10]	10	3008536
COV	[11-11]	11	2778362
COV	[12-12]	12	2580711
COV	[13-13]	13	2419062
COV	[14-14]	14	2275068
COV	[15-15]	15	2151389
COV	[16-16]	16	2047744
COV	[17-17]	17	1953508
COV	[18-18]	18	1865733
COV	[19-19]	19	1788882
COV	[20-20]	20	1718497
COV	[21-21]	21	1653332
COV	[22-22]	22	1597465
COV	[23-23]	23	1542144
COV	[24-24]	24	1489971
COV	[25-25]	25	1443539
COV	[26-26]	26	1401027
COV	[27-27]	27	1361040
COV	[28-28]	28	1324848
COV	[29-29]	29	1286224
COV	[30-30]	30	1252487
COV	[31-31]	31	1220394
COV	[32-32]	32	1189640
COV	[33-33]	33	1157385
COV	[34-34]	34	1132791
COV	[35-35]	35	1102762
COV	[36-36]	36	1080560
COV	[37-37]	37	1055161
COV	[38-38]	38	1035720
COV	[39-39]	39	1011613
COV	[40-40]	40	991388
COV	[41-41]	41	972980
COV	[42-42]	42	952568
COV	[43-43]	43	935526
COV	[44-44]	44	915101
COV	[45-45]	45	897149
COV	[46-46]	46	878775
COV	[47-47]	47	863605
COV	[48-48]	48	847381
COV	[49-49]	49	829432
COV	[50-50]	50	811908
COV	[51-51]	51	800168
COV	[52-52]	52	785503
COV	[53-53]	53	771304
COV	[54-54]	54	755885
COV	[55-55]	55	740462
COV	[56-56]	56	727729
COV	[57-57]	57	715146
COV	[58-58]	58	699736
COV	[59-59]	59	688631
COV	[60-60]	60	678455
COV	[61-61]	61	665081
COV	[62-62]	62	655393
COV	[63-63]	63	642227
COV	[64-64]	64	630088
COV	[65-65]	65	619890
COV	[66-66]	66	611263
COV	[67-67]	67	598350
COV	[68-68]	68	587076
COV	[69-69]	69	577702
COV	[70-70]	70	569897
COV	[71-71]	71	557555
COV	[72-72]	72	548232
COV	[73-73]	73	538539
COV	[74-74]	74	530804
COV	[75-75]	75	520892
COV	[76-76]	76	511683
COV	[77-77]	77	503256
COV	[78-78]	78	494820
COV	[79-79]	79	488322
COV	[80-80]	80	479086
COV	[81-81]	81	469701
COV	[82-82]	82	462142
COV	[83-83]	83	453832
COV	[84-84]	84	445229
COV	[85-85]	85	437474
COV	[86-86]	86	428432
COV	[87-87]	87	421517
COV	[88-88]	88	411276
COV	[89-89]	89	404941
COV	[90-90]	90	397944
COV	[91-91]	91	391346
COV	[92-92]	92	384093
COV	[93-93]	93	377837
COV	[94-94]	94	371367
COV	[95-95]	95	365423
COV	[96-96]	96	357927
COV	[97-97]	97	349990
COV	[98-98]	98	342930
COV	[99-99]	99	336672
COV	[100-100]	100	330091
COV	[101-101]	101	324374
COV	[102-102]	102	319630
COV	[103-103]	103	312032
COV	[104-104]	104	306298
COV	[105-105]	105	301227
COV	[106-106]	106	294622
COV	[107-107]	107	289975
COV	[108-108]	108	282840
COV	[109-109]	109	277011
COV	[110-110]	110	272511
COV	[111-111]	111	266294
COV	[112-112]	112	260985
COV	[113-113]	113	256455
COV	[114-114]	114	250370
COV	[115-115]	115	245418
COV	[116-116]	116	240940
COV	[117-117]	117	237077
COV	[118-118]	118	231360
COV	[119-119]	119	226614
COV	[120-120]	120	222311
COV	[121-121]	121	217479
COV	[122-122]	122	212838
COV	[123-123]	123	208011
COV	[124-124]	124	203912
COV	[125-125]	125	199893
COV	[126-126]	126	195621
COV	[127-127]	127	192046
COV	[128-128]	128	187069
COV	[129-129]	129	183100
COV	[130-130]	130	179969
COV	[131-131]	131	175819
COV	[132-132]	132	171898
COV	[133-133]	133	168276
COV	[134-134]	134	164688
COV	[135-135]	135	162078
COV	[136-136]	136	158783
COV	[137-137]	137	154838
COV	[138-138]	138	151374
COV	[139-139]	139	147938
COV	[140-140]	140	145481
COV	[141-141]	141	142000
COV	[142-142]	142	139701
COV	[143-143]	143	136401
COV	[144-144]	144	132606
COV	[145-145]	145	129849
COV	[146-146]	146	127394
COV	[147-147]	147	125711
COV	[148-148]	148	122549
COV	[149-149]	149	119191
COV	[150-150]	150	117034
COV	[151-151]	151	114475
COV	[152-152]	152	112269
COV	[153-153]	153	109501
COV	[154-154]	154	107767
COV	[155-155]	155	105411
COV	[156-156]	156	103300
COV	[157-157]	157	101039
COV	[158-158]	158	98370
COV	[159-159]	159	96858
COV	[160-160]	160	94804
COV	[161-161]	161	92484
COV	[162-162]	162	90748
COV	[163-163]	163	88687
COV	[164-164]	164	87119
COV	[165-165]	165	85037
COV	[166-166]	166	83075
COV	[167-167]	167	80924
COV	[168-168]	168	79784
COV	[169-169]	169	78186
COV	[170-170]	170	77058
COV	[171-171]	171	75597
COV	[172-172]	172	74249
COV	[173-173]	173	72578
COV	[174-174]	174	70778
COV	[175-175]	175	69102
COV	[176-176]	176	68165
COV	[177-177]	177	66081
COV	[178-178]	178	64686
COV	[179-179]	179	62574
COV	[180-180]	180	62052
COV	[181-181]	181	60444
COV	[182-182]	182	59271
COV	[183-183]	183	57616
COV	[184-184]	184	56243
COV	[185-185]	185	55039
COV	[186-186]	186	53528
COV	[187-187]	187	52758
COV	[188-188]	188	51690
COV	[189-189]	189	50467
COV	[190-190]	190	48823
COV	[191-191]	191	48401
COV	[192-192]	192	47193
COV	[193-193]	193	46357
COV	[194-194]	194	45297
COV	[195-195]	195	44277
COV	[196-196]	196	43865
COV	[197-197]	197	42363
COV	[198-198]	198	42061
COV	[199-199]	199	40993
COV	[200-200]	200	39502
COV	[201-201]	201	38868
COV	[202-202]	202	38130
COV	[203-203]	203	37757
COV	[204-204]	204	36832
COV	[205-205]	205	36115
COV	[206-206]	206	35663
COV	[207-207]	207	34204
COV	[208-208]	208	33256
COV	[209-209]	209	32375
COV	[210-210]	210	31847
COV	[211-211]	211	31232
COV	[212-212]	212	30382
COV	[213-213]	213	29534
COV	[214-214]	214	28994
COV	[215-215]	215	28197
COV	[216-216]	216	27502
COV	[217-217]	217	26775
COV	[218-218]	218	26357
COV	[219-219]	219	25784
COV	[220-220]	220	25099
COV	[221-221]	221	24814
COV	[222-222]	222	24280
COV	[223-223]	223	23546
COV	[224-224]	224	23214
COV	[225-225]	225	22811
COV	[226-226]	226	22139
COV	[227-227]	227	21163
COV	[228-228]	228	21164
COV	[229-229]	229	20674
COV	[230-230]	230	20323
COV	[231-231]	231	19701
COV	[232-232]	232	19401
COV	[233-233]	233	18839
COV	[234-234]	234	18379
COV	[235-235]	235	18046
COV	[236-236]	236	17794
COV	[237-237]	237	17249
COV	[238-238]	238	17148
COV	[239-239]	239	16849
COV	[240-240]	240	16513
COV	[241-241]	241	16164
COV	[242-242]	242	15770
COV	[243-243]	243	15492
COV	[244-244]	244	15113
COV	[245-245]	245	14534
COV	[246-246]	246	14719
COV	[247-247]	247	14107
COV	[248-248]	248	13930
COV	[249-249]	249	13648
COV	[250-250]	250	13387
COV	[251-251]	251	13080
COV	[252-252]	252	12971
COV	[253-253]	253	12562
COV	[254-254]	254	12514
COV	[255-255]	255	12256
COV	[256-256]	256	12281
COV	[257-257]	257	11841
COV	[258-258]	258	11734
COV	[259-259]	259	11525
COV	[260-260]	260	11242
COV	[261-261]	261	10884
COV	[262-262]	262	10748
COV	[263-263]	263	10523
COV	[264-264]	264	10285
COV	[265-265]	265	10191
COV	[266-266]	266	9983
COV	[267-267]	267	9900
COV	[268-268]	268	9525
COV	[269-269]	269	9496
COV	[270-270]	270	9482
COV	[271-271]	271	9050
COV	[272-272]	272	9210
COV	[273-273]	273	8776
COV	[274-274]	274	8681
COV	[275-275]	275	8501
COV	[276-276]	276	8098
COV	[277-277]	277	8224
COV	[278-278]	278	8033
COV	[279-279]	279	7884
COV	[280-280]	280	7879
COV	[281-281]	281	7732
COV	[282-282]	282	7682
COV	[283-283]	283	7436
COV	[284-284]	284	7205
COV	[285-285]	285	7154
COV	[286-286]	286	6995
COV	[287-287]	287	6899
COV	[288-288]	288	6632
COV	[289-289]	289	6551
COV	[290-290]	290	6433
COV	[291-291]	291	6237
COV	[292-292]	292	6241
COV	[293-293]	293	6184
COV	[294-294]	294	6001
COV	[295-295]	295	6017
COV	[296-296]	296	5900
COV	[297-297]	297	5680
COV	[298-298]	298	5598
COV	[299-299]	299	5560
COV	[300-300]	300	5500
COV	[301-301]	301	5176
COV	[302-302]	302	5097
COV	[303-303]	303	5098
COV	[304-304]	304	4924
COV	[305-305]	305	4912
COV	[306-306]	306	4775
COV	[307-307]	307	4657
COV	[308-308]	308	4675
COV	[309-309]	309	4540
COV	[310-310]	310	4461
COV	[311-311]	311	4345
COV	[312-312]	312	4224
COV	[313-313]	313	4205
COV	[314-314]	314	4095
COV	[315-315]	315	4019
COV	[316-316]	316	3978
COV	[317-317]	317	3961
COV	[318-318]	318	4075
COV	[319-319]	319	3751
COV	[320-320]	320	3801
COV	[321-321]	321	3636
COV	[322-322]	322	3584
COV	[323-323]	323	3525
COV	[324-324]	324	3382
COV	[325-325]	325	3513
COV	[326-326]	326	3323
COV	[327-327]	327	3277
COV	[328-328]	328	3182
COV	[329-329]	329	3309
COV	[330-330]	330	3191
COV	[331-331]	331	3253
COV	[332-332]	332	3143
COV	[333-333]	333	3092
COV	[334-334]	334	3143
COV	[335-335]	335	2893
COV	[336-336]	336	2849
COV	[337-337]	337	2973
COV	[338-338]	338	2920
COV	[339-339]	339	2860
COV	[340-340]	340	2867
COV	[341-341]	341	2778
COV	[342-342]	342	2856
COV	[343-343]	343	2667
COV	[344-344]	344	2579
COV	[345-345]	345	2592
COV	[346-346]	346	2600
COV	[347-347]	347	2508
COV	[348-348]	348	2522
COV	[349-349]	349	2503
COV	[350-350]	350	2420
COV	[351-351]	351	2402
COV	[352-352]	352	2429
COV	[353-353]	353	2394
COV	[354-354]	354	2341
COV	[355-355]	355	2371
COV	[356-356]	356	2334
COV	[357-357]	357	2173
COV	[358-358]	358	2303
COV	[359-359]	359	2247
COV	[360-360]	360	2161
COV	[361-361]	361	2201
COV	[362-362]	362	2093
COV	[363-363]	363	2064
COV	[364-364]	364	2110
COV	[365-365]	365	1990
COV	[366-366]	366	1951
COV	[367-367]	367	2047
COV	[368-368]	368	1892
COV	[369-369]	369	1974
COV	[370-370]	370	1830
COV	[371-371]	371	1934
COV	[372-372]	372	1912
COV	[373-373]	373	1863
COV	[374-374]	374	1849
COV	[375-375]	375	1759
COV	[376-376]	376	1694
COV	[377-377]	377	1725
COV	[378-378]	378	1733
COV	[379-379]	379	1666
COV	[380-380]	380	1689
COV	[381-381]	381	1704
COV	[382-382]	382	1592
COV	[383-383]	383	1557
COV	[384-384]	384	1510
COV	[385-385]	385	1557
COV	[386-386]	386	1601
COV	[387-387]	387	1515
COV	[388-388]	388	1563
COV	[389-389]	389	1443
COV	[390-390]	390	1449
COV	[391-391]	391	1475
COV	[392-392]	392	1465
COV	[393-393]	393	1485
COV	[394-394]	394	1407
COV	[395-395]	395	1344
COV	[396-396]	396	1367
COV	[397-397]	397	1340
COV	[398-398]	398	1316
COV	[399-399]	399	1251
COV	[400-400]	400	1314
COV	[401-401]	401	1174
COV	[402-402]	402	1241
COV	[403-403]	403	1201
COV	[404-404]	404	1220
COV	[405-405]	405	1204
COV	[406-406]	406	1246
COV	[407-407]	407	1127
COV	[408-408]	408	1165
COV	[409-409]	409	1099
COV	[410-410]	410	1116
COV	[411-411]	411	1152
COV	[412-412]	412	1089
COV	[413-413]	413	1074
COV	[414-414]	414	1065
COV	[415-415]	415	1097
COV	[416-416]	416	1020
COV	[417-417]	417	1029
COV	[418-418]	418	983
COV	[419-419]	419	1018
COV	[420-420]	420	1018
COV	[421-421]	421	996
COV	[422-422]	422	955
COV	[423-423]	423	1008
COV	[424-424]	424	978
COV	[425-425]	425	976
COV	[426-426]	426	978
COV	[427-427]	427	947
COV	[428-428]	428	882
COV	[429-429]	429	902
COV	[430-430]	430	904
COV	[431-431]	431	917
COV	[432-432]	432	926
COV	[433-433]	433	880
COV	[434-434]	434	848
COV	[435-435]	435	880
COV	[436-436]	436	864
COV	[437-437]	437	830
COV	[438-438]	438	878
COV	[439-439]	439	850
COV	[440-440]	440	824
COV	[441-441]	441	833
COV	[442-442]	442	842
COV	[443-443]	443	793
COV	[444-444]	444	805
COV	[445-445]	445	803
COV	[446-446]	446	748
COV	[447-447]	447	770
COV	[448-448]	448	773
COV	[449-449]	449	750
COV	[450-450]	450	813
COV	[451-451]	451	775
COV	[452-452]	452	755
COV	[453-453]	453	737
COV	[454-454]	454	707
COV	[455-455]	455	716
COV	[456-456]	456	747
COV	[457-457]	457	716
COV	[458-458]	458	716
COV	[459-459]	459	671
COV	[460-460]	460	626
COV	[461-461]	461	655
COV	[462-462]	462	663
COV	[463-463]	463	637
COV	[464-464]	464	633
COV	[465-465]	465	620
COV	[466-466]	466	616
COV	[467-467]	467	598
COV	[468-468]	468	577
COV	[469-469]	469	586
COV	[470-470]	470	590
COV	[471-471]	471	619
COV	[472-472]	472	622
COV	[473-473]	473	583
COV	[474-474]	474	638
COV	[475-475]	475	600
COV	[476-476]	476	548
COV	[477-477]	477	546
COV	[478-478]	478	555
COV	[479-479]	479	570
COV	[480-480]	480	554
COV	[481-481]	481	585
COV	[482-482]	482	578
COV	[483-483]	483	538
COV	[484-484]	484	527
COV	[485-485]	485	564
COV	[486-486]	486	539
COV	[487-487]	487	526
COV	[488-488]	488	517
COV	[489-489]	489	506
COV	[490-490]	490	503
COV	[491-491]	491	492
COV	[492-492]	492	517
COV	[493-493]	493	512
COV	[494-494]	494	473
COV	[495-495]	495	494
COV	[496-496]	496	523
COV	[497-497]	497	499
COV	[498-498]	498	435
COV	[499-499]	499	527
COV	[500-500]	500	474
COV	[501-501]	501	469
COV	[502-502]	502	469
COV	[503-503]	503	456
COV	[504-504]	504	479
COV	[505-505]	505	465
COV	[506-506]	506	476
COV	[507-507]	507	479
COV	[508-508]	508	491
COV	[509-509]	509	445
COV	[510-510]	510	466
COV	[511-511]	511	444
COV	[512-512]	512	422
COV	[513-513]	513	444
COV	[514-514]	514	479
COV	[515-515]	515	419
COV	[516-516]	516	462
COV	[517-517]	517	436
COV	[518-518]	518	485
COV	[519-519]	519	432
COV	[520-520]	520	441
COV	[521-521]	521	443
COV	[522-522]	522	452
COV	[523-523]	523	440
COV	[524-524]	524	408
COV	[525-525]	525	393
COV	[526-526]	526	411
COV	[527-527]	527	392
COV	[528-528]	528	408
COV	[529-529]	529	445
COV	[530-530]	530	371
COV	[531-531]	531	416
COV	[532-532]	532	383
COV	[533-533]	533	386
COV	[534-534]	534	384
COV	[535-535]	535	339
COV	[536-536]	536	362
COV	[537-537]	537	345
COV	[538-538]	538	413
COV	[539-539]	539	370
COV	[540-540]	540	325
COV	[541-541]	541	351
COV	[542-542]	542	324
COV	[543-543]	543	350
COV	[544-544]	544	359
COV	[545-545]	545	338
COV	[546-546]	546	311
COV	[547-547]	547	348
COV	[548-548]	548	347
COV	[549-549]	549	331
COV	[550-550]	550	294
COV	[551-551]	551	335
COV	[552-552]	552	326
COV	[553-553]	553	306
COV	[554-554]	554	357
COV	[555-555]	555	324
COV	[556-556]	556	310
COV	[557-557]	557	321
COV	[558-558]	558	310
COV	[559-559]	559	301
COV	[560-560]	560	329
COV	[561-561]	561	298
COV	[562-562]	562	300
COV	[563-563]	563	261
COV	[564-564]	564	286
COV	[565-565]	565	269
COV	[566-566]	566	276
COV	[567-567]	567	280
COV	[568-568]	568	302
COV	[569-569]	569	278
COV	[570-570]	570	265
COV	[571-571]	571	280
COV	[572-572]	572	259
COV	[573-573]	573	290
COV	[574-574]	574	259
COV	[575-575]	575	254
COV	[576-576]	576	282
COV	[577-577]	577	261
COV	[578-578]	578	280
COV	[579-579]	579	269
COV	[580-580]	580	290
COV	[581-581]	581	302
COV	[582-582]	582	296
COV	[583-583]	583	289
COV	[584-584]	584	257
COV	[585-585]	585	299
COV	[586-586]	586	283
COV	[587-587]	587	278
COV	[588-588]	588	265
COV	[589-589]	589	295
COV	[590-590]	590	259
COV	[591-591]	591	250
COV	[592-592]	592	239
COV	[593-593]	593	249
COV	[594-594]	594	269
COV	[595-595]	595	268
COV	[596-596]	596	270
COV	[597-597]	597	235
COV	[598-598]	598	239
COV	[599-599]	599	248
COV	[600-600]	600	223
COV	[601-601]	601	234
COV	[602-602]	602	242
COV	[603-603]	603	245
COV	[604-604]	604	249
COV	[605-605]	605	245
COV	[606-606]	606	222
COV	[607-607]	607	211
COV	[608-608]	608	233
COV	[609-609]	609	220
COV	[610-610]	610	222
COV	[611-611]	611	231
COV	[612-612]	612	245
COV	[613-613]	613	216
COV	[614-614]	614	250
COV	[615-615]	615	234
COV	[616-616]	616	210
COV	[617-617]	617	197
COV	[618-618]	618	198
COV	[619-619]	619	196
COV	[620-620]	620	206
COV	[621-621]	621	196
COV	[622-622]	622	193
COV	[623-623]	623	183
COV	[624-624]	624	184
COV	[625-625]	625	187
COV	[626-626]	626	192
COV	[627-627]	627	177
COV	[628-628]	628	188
COV	[629-629]	629	194
COV	[630-630]	630	186
COV	[631-631]	631	167
COV	[632-632]	632	167
COV	[633-633]	633	181
COV	[634-634]	634	183
COV	[635-635]	635	180
COV	[636-636]	636	186
COV	[637-637]	637	187
COV	[638-638]	638	198
COV	[639-639]	639	167
COV	[640-640]	640	185
COV	[641-641]	641	171
COV	[642-642]	642	156
COV	[643-643]	643	176
COV	[644-644]	644	166
COV	[645-645]	645	163
COV	[646-646]	646	168
COV	[647-647]	647	158
COV	[648-648]	648	144
COV	[649-649]	649	164
COV	[650-650]	650	144
COV	[651-651]	651	156
COV	[652-652]	652	143
COV	[653-653]	653	156
COV	[654-654]	654	162
COV	[655-655]	655	132
COV	[656-656]	656	146
COV	[657-657]	657	172
COV	[658-658]	658	153
COV	[659-659]	659	154
COV	[660-660]	660	138
COV	[661-661]	661	143
COV	[662-662]	662	174
COV	[663-663]	663	153
COV	[664-664]	664	150
COV	[665-665]	665	160
COV	[666-666]	666	156
COV	[667-667]	667	140
COV	[668-668]	668	152
COV	[669-669]	669	154
COV	[670-670]	670	161
COV	[671-671]	671	138
COV	[672-672]	672	132
COV	[673-673]	673	152
COV	[674-674]	674	155
COV	[675-675]	675	158
COV	[676-676]	676	145
COV	[677-677]	677	147
COV	[678-678]	678	154
COV	[679-679]	679	123
COV	[680-680]	680	152
COV	[681-681]	681	147
COV	[682-682]	682	136
COV	[683-683]	683	121
COV	[684-684]	684	111
COV	[685-685]	685	134
COV	[686-686]	686	116
COV	[687-687]	687	146
COV	[688-688]	688	108
COV	[689-689]	689	139
COV	[690-690]	690	134
COV	[691-691]	691	123
COV	[692-692]	692	111
COV	[693-693]	693	133
COV	[694-694]	694	106
COV	[695-695]	695	107
COV	[696-696]	696	146
COV	[697-697]	697	120
COV	[698-698]	698	146
COV	[699-699]	699	125
COV	[700-700]	700	122
COV	[701-701]	701	137
COV	[702-702]	702	120
COV	[703-703]	703	141
COV	[704-704]	704	124
COV	[705-705]	705	127
COV	[706-706]	706	113
COV	[707-707]	707	132
COV	[708-708]	708	129
COV	[709-709]	709	124
COV	[710-710]	710	123
COV	[711-711]	711	111
COV	[712-712]	712	117
COV	[713-713]	713	122
COV	[714-714]	714	127
COV	[715-715]	715	115
COV	[716-716]	716	89
COV	[717-717]	717	103
COV	[718-718]	718	114
COV	[719-719]	719	131
COV	[720-720]	720	113
COV	[721-721]	721	130
COV	[722-722]	722	122
COV	[723-723]	723	137
COV	[724-724]	724	79
COV	[725-725]	725	98
COV	[726-726]	726	121
COV	[727-727]	727	102
COV	[728-728]	728	121
COV	[729-729]	729	112
COV	[730-730]	730	117
COV	[731-731]	731	94
COV	[732-732]	732	91
COV	[733-733]	733	108
COV	[734-734]	734	107
COV	[735-735]	735	101
COV	[736-736]	736	115
COV	[737-737]	737	96
COV	[738-738]	738	104
COV	[739-739]	739	119
COV	[740-740]	740	111
COV	[741-741]	741	101
COV	[742-742]	742	98
COV	[743-743]	743	102
COV	[744-744]	744	99
COV	[745-745]	745	93
COV	[746-746]	746	99
COV	[747-747]	747	85
COV	[748-748]	748	105
COV	[749-749]	749	90
COV	[750-750]	750	91
COV	[751-751]	751	102
COV	[752-752]	752	97
COV	[753-753]	753	86
COV	[754-754]	754	68
COV	[755-755]	755	73
COV	[756-756]	756	69
COV	[757-757]	757	73
COV	[758-758]	758	77
COV	[759-759]	759	88
COV	[760-760]	760	61
COV	[761-761]	761	70
COV	[762-762]	762	77
COV	[763-763]	763	80
COV	[764-764]	764	70
COV	[765-765]	765	76
COV	[766-766]	766	67
COV	[767-767]	767	63
COV	[768-768]	768	60
COV	[769-769]	769	70
COV	[770-770]	770	74
COV	[771-771]	771	75
COV	[772-772]	772	72
COV	[773-773]	773	67
COV	[774-774]	774	61
COV	[775-775]	775	67
COV	[776-776]	776	64
COV	[777-777]	777	63
COV	[778-778]	778	77
COV	[779-779]	779	57
COV	[780-780]	780	61
COV	[781-781]	781	53
COV	[782-782]	782	61
COV	[783-783]	783	49
COV	[784-784]	784	67
COV	[785-785]	785	70
COV	[786-786]	786	63
COV	[787-787]	787	66
COV	[788-788]	788	70
COV	[789-789]	789	76
COV	[790-790]	790	67
COV	[791-791]	791	68
COV	[792-792]	792	51
COV	[793-793]	793	48
COV	[794-794]	794	65
COV	[795-795]	795	66
COV	[796-796]	796	50
COV	[797-797]	797	64
COV	[798-798]	798	61
COV	[799-799]	799	55
COV	[800-800]	800	58
COV	[801-801]	801	54
COV	[802-802]	802	43
COV	[803-803]	803	58
COV	[804-804]	804	64
COV	[805-805]	805	52
COV	[806-806]	806	43
COV	[807-807]	807	52
COV	[808-808]	808	50
COV	[809-809]	809	54
COV	[810-810]	810	51
COV	[811-811]	811	53
COV	[812-812]	812	56
COV	[813-813]	813	43
COV	[814-814]	814	47
COV	[815-815]	815	41
COV	[816-816]	816	39
COV	[817-817]	817	41
COV	[818-818]	818	58
COV	[819-819]	819	50
COV	[820-820]	820	32
COV	[821-821]	821	52
COV	[822-822]	822	60
COV	[823-823]	823	44
COV	[824-824]	824	59
COV	[825-825]	825	49
COV	[826-826]	826	50
COV	[827-827]	827	43
COV	[828-828]	828	52
COV	[829-829]	829	55
COV	[830-830]	830	60
COV	[831-831]	831	44
COV	[832-832]	832	55
COV	[833-833]	833	41
COV	[834-834]	834	47
COV	[835-835]	835	57
COV	[836-836]	836	45
COV	[837-837]	837	52
COV	[838-838]	838	44
COV	[839-839]	839	38
COV	[840-840]	840	36
COV	[841-841]	841	62
COV	[842-842]	842	55
COV	[843-843]	843	43
COV	[844-844]	844	42
COV	[845-845]	845	37
COV	[846-846]	846	42
COV	[847-847]	847	40
COV	[848-848]	848	46
COV	[849-849]	849	39
COV	[850-850]	850	41
COV	[851-851]	851	36
COV	[852-852]	852	35
COV	[853-853]	853	40
COV	[854-854]	854	51
COV	[855-855]	855	40
COV	[856-856]	856	39
COV	[857-857]	857	49
COV	[858-858]	858	51
COV	[859-859]	859	33
COV	[860-860]	860	43
COV	[861-861]	861	52
COV	[862-862]	862	44
COV	[863-863]	863	46
COV	[864-864]	864	43
COV	[865-865]	865	35
COV	[866-866]	866	43
COV	[867-867]	867	48
COV	[868-868]	868	43
COV	[869-869]	869	24
COV	[870-870]	870	49
COV	[871-871]	871	47
COV	[872-872]	872	50
COV	[873-873]	873	53
COV	[874-874]	874	53
COV	[875-875]	875	52
COV	[876-876]	876	38
COV	[877-877]	877	40
COV	[878-878]	878	37
COV	[879-879]	879	39
COV	[880-880]	880	48
COV	[881-881]	881	45
COV	[882-882]	882	42
COV	[883-883]	883	56
COV	[884-884]	884	40
COV	[885-885]	885	38
COV	[886-886]	886	33
COV	[887-887]	887	40
COV	[888-888]	888	51
COV	[889-889]	889	41
COV	[890-890]	890	46
COV	[891-891]	891	45
COV	[892-892]	892	38
COV	[893-893]	893	48
COV	[894-894]	894	54
COV	[895-895]	895	60
COV	[896-896]	896	47
COV	[897-897]	897	43
COV	[898-898]	898	50
COV	[899-899]	899	51
COV	[900-900]	900	52
COV	[901-901]	901	45
COV	[902-902]	902	50
COV	[903-903]	903	55
COV	[904-904]	904	44
COV	[905-905]	905	59
COV	[906-906]	906	40
COV	[907-907]	907	39
COV	[908-908]	908	48
COV	[909-909]	909	38
COV	[910-910]	910	33
COV	[911-911]	911	33
COV	[912-912]	912	47
COV	[913-913]	913	46
COV	[914-914]	914	35
COV	[915-915]	915	33
COV	[916-916]	916	37
COV	[917-917]	917	41
COV	[918-918]	918	38
COV	[919-919]	919	30
COV	[920-920]	920	41
COV	[921-921]	921	42
COV	[922-922]	922	25
COV	[923-923]	923	39
COV	[924-924]	924	33
COV	[925-925]	925	28
COV	[926-926]	926	38
COV	[927-927]	927	37
COV	[928-928]	928	40
COV	[929-929]	929	35
COV	[930-930]	930	42
COV	[931-931]	931	31
COV	[932-932]	932	41
COV	[933-933]	933	41
COV	[934-934]	934	49
COV	[935-935]	935	44
COV	[936-936]	936	47
COV	[937-937]	937	49
COV	[938-938]	938	30
COV	[939-939]	939	35
COV	[940-940]	940	42
COV	[941-941]	941	38
COV	[942-942]	942	50
COV	[943-943]	943	58
COV	[944-944]	944	42
COV	[945-945]	945	35
COV	[946-946]	946	38
COV	[947-947]	947	44
COV	[948-948]	948	49
COV	[949-949]	949	34
COV	[950-950]	950	49
COV	[951-951]	951	39
COV	[952-952]	952	40
COV	[953-953]	953	33
COV	[954-954]	954	43
COV	[955-955]	955	29
COV	[956-956]	956	37
COV	[957-957]	957	39
COV	[958-958]	958	37
COV	[959-959]	959	28
COV	[960-960]	960	33
COV	[961-961]	961	33
COV	[962-962]	962	30
COV	[963-963]	963	28
COV	[964-964]	964	34
COV	[965-965]	965	36
COV	[966-966]	966	29
COV	[967-967]	967	36
COV	[968-968]	968	27
COV	[969-969]	969	22
COV	[970-970]	970	35
COV	[971-971]	971	39
COV	[972-972]	972	33
COV	[973-973]	973	38
COV	[974-974]	974	40
COV	[975-975]	975	34
COV	[976-976]	976	31
COV	[977-977]	977	39
COV	[978-978]	978	34
COV	[979-979]	979	37
COV	[980-980]	980	30
COV	[981-981]	981	41
COV	[982-982]	982	24
COV	[983-983]	983	28
COV	[984-984]	984	16
COV	[985-985]	985	29
COV	[986-986]	986	28
COV	[987-987]	987	23
COV	[988-988]	988	31
COV	[989-989]	989	22
COV	[990-990]	990	30
COV	[991-991]	991	22
COV	[992-992]	992	24
COV	[993-993]	993	20
COV	[994-994]	994	27
COV	[995-995]	995	22
COV	[996-996]	996	24
COV	[997-997]	997	26
COV	[998-998]	998	24
COV	[999-999]	999	28
COV	[1000-1000]	1000	28
COV	[1000<]	1000	4685
# GC-depth. Use `grep ^GCD | cut -f 2-` to extract this part. The columns are: GC%, unique sequence percentiles, 10th, 25th, 50th, 75th and 90th depth percentile
GCD	0.0	0.031	0.005	0.005	0.005	0.005	0.010
GCD	4.0	0.031	0.040	0.040	0.040	0.040	0.040
GCD	9.0	0.032	0.015	0.015	0.015	0.015	0.015
GCD	12.0	0.033	0.015	0.015	0.015	0.015	0.015
GCD	14.0	0.034	0.015	0.015	0.020	0.025	0.025
GCD	15.0	0.036	0.210	0.210	0.325	0.440	0.440
GCD	16.0	0.037	0.015	0.015	0.017	0.020	0.020
GCD	17.0	0.040	0.005	0.006	0.010	0.145	0.190
GCD	18.0	0.042	0.035	0.035	0.070	0.105	0.105
GCD	19.0	0.047	0.005	0.010	0.015	0.055	0.090
GCD	20.0	0.048	0.015	0.015	0.015	0.015	0.015
GCD	21.0	0.052	0.010	0.012	0.055	0.087	0.095
GCD	22.0	0.062	0.020	0.034	0.075	0.596	6.500
GCD	23.0	0.070	0.010	0.011	0.032	0.047	0.139
GCD	24.0	0.084	0.010	0.015	0.030	0.059	0.439
GCD	25.0	0.109	0.020	0.030	0.045	0.080	0.260
GCD	26.0	0.136	0.019	0.027	0.045	0.180	0.470
GCD	27.0	0.176	0.023	0.045	0.077	1.057	1.695
GCD	28.0	0.271	0.021	0.045	0.070	0.351	1.881
GCD	29.0	0.437	0.031	0.055	0.080	1.178	2.824
GCD	30.0	0.784	0.040	0.060	0.090	1.661	3.841
GCD	31.0	1.421	0.045	0.065	0.100	1.904	5.174
GCD	32.0	2.496	0.050	0.070	0.115	2.823	7.903
GCD	33.0	4.268	0.055	0.075	0.120	3.767	8.908
GCD	34.0	6.976	0.055	0.080	0.120	3.796	9.145
GCD	35.0	10.737	0.060	0.080	0.115	3.357	9.476
GCD	36.0	15.647	0.060	0.080	0.115	2.341	8.330
GCD	37.0	21.513	0.060	0.085	0.115	1.722	7.773
GCD	38.0	28.224	0.060	0.085	0.115	0.784	6.866
GCD	39.0	35.417	0.065	0.085	0.120	0.365	6.180
GCD	40.0	42.507	0.065	0.090	0.125	0.704	6.471
GCD	41.0	49.283	0.070	0.090	0.130	0.575	5.788
GCD	42.0	55.419	0.070	0.095	0.135	0.819	5.883
GCD	43.0	61.188	0.075	0.100	0.140	1.250	5.979
GCD	44.0	66.171	0.080	0.110	0.150	1.374	6.295
GCD	45.0	70.556	0.080	0.110	0.155	1.489	6.022
GCD	46.0	74.283	0.080	0.115	0.170	1.983	6.895
GCD	47.0	77.482	0.085	0.120	0.180	2.185	7.093
GCD	48.0	80.189	0.092	0.130	0.210	2.663	7.420
GCD	49.0	82.591	0.095	0.135	0.265	3.128	8.052
GCD	50.0	84.648	0.100	0.145	0.590	3.772	9.017
GCD	51.0	86.500	0.105	0.160	1.027	4.014	8.514
GCD	52.0	88.129	0.120	0.185	1.354	4.541	9.406
GCD	53.0	89.609	0.120	0.190	1.394	4.389	9.553
GCD	54.0	90.937	0.123	0.220	1.554	4.826	9.689
GCD	55.0	92.169	0.145	0.515	2.343	5.827	10.967
GCD	56.0	93.315	0.160	0.577	2.473	6.437	11.207
GCD	57.0	94.441	0.185	0.699	2.331	6.534	11.881
GCD	58.0	95.495	0.216	0.669	2.436	6.692	12.093
GCD	59.0	96.483	0.300	0.807	2.433	6.023	10.618
GCD	60.0	97.372	0.295	0.769	2.283	5.723	10.620
GCD	61.0	98.157	0.315	0.689	2.098	5.721	10.026
GCD	62.0	98.780	0.315	0.625	1.851	5.148	9.411
GCD	63.0	99.218	0.366	0.616	1.479	4.564	8.354
GCD	64.0	99.558	0.378	0.630	1.369	4.044	8.364
GCD	65.0	99.786	0.389	0.613	1.521	4.424	8.271
GCD	66.0	99.909	0.346	0.669	1.561	4.087	7.733
GCD	67.0	99.963	0.192	0.395	0.819	1.978	4.611
GCD	68.0	99.987	0.180	0.508	0.882	1.684	4.182
GCD	69.0	99.996	0.154	0.388	0.607	1.228	3.290
GCD	70.0	99.997	0.445	0.445	0.615	0.784	0.784
GCD	71.0	99.999	0.010	0.010	0.052	0.095	0.095
GCD	72.0	99.999	0.070	0.070	0.070	0.070	0.070
GCD	80.0	100.000	0.010	0.010	0.010	0.010	0.010
