# This file was produced by samtools stats (1.23+htslib-1.23) and can be plotted using plot-bamstats
# This file contains statistics for all reads.
# The command line was:  stats data/SAS/PJL/HG02651/aligned/HG02651.bam
# CHK, Checksum	[2]Read Names	[3]Sequences	[4]Qualities
# CHK, CRC32 of reads which passed filtering followed by addition (32bit overflow)
CHK	fea5214b	0084450e	166213e7
# Summary Numbers. Use `grep ^SN | cut -f 2-` to extract this part.
SN	raw total sequences:	69260630	# excluding supplementary and secondary reads
SN	filtered sequences:	0
SN	sequences:	69260630
SN	is sorted:	1	# sorted by coordinate
SN	1st fragments:	34630315
SN	last fragments:	34630315
SN	reads mapped:	69258575
SN	reads mapped and paired:	69257318	# paired-end technology bit set + both mates mapped
SN	reads unmapped:	2055
SN	reads properly paired:	68956364	# proper-pair bit set
SN	reads paired:	69260630	# paired-end technology bit set
SN	reads duplicated:	0	# PCR or optical duplicate bit set
SN	reads MQ0:	5987888	# mapped and MQ=0
SN	reads QC failed:	0
SN	non-primary alignments:	0
SN	supplementary alignments:	66116
SN	total length:	6922222232	# ignores clipping
SN	total first fragment length:	3461111116	# ignores clipping
SN	total last fragment length:	3461111116	# ignores clipping
SN	bases mapped:	6922018799	# ignores clipping
SN	bases mapped (cigar):	6915326210	# more accurate
SN	bases trimmed:	0
SN	bases duplicated:	0
SN	mismatches:	20732325	# from NM fields
SN	error rate:	2.998025e-03	# mismatches / bases mapped (cigar)
SN	average length:	100
SN	average first fragment length:	100
SN	average last fragment length:	100
SN	maximum length:	100
SN	maximum first fragment length:	100
SN	maximum last fragment length:	100
SN	average quality:	35.2
SN	insert size average:	230.9
SN	insert size standard deviation:	74.1
SN	inward oriented pairs:	34501345
SN	outward oriented pairs:	6598
SN	pairs with other orientation:	7122
SN	pairs on different chromosomes:	113594
SN	percentage of properly paired reads (%):	99.6
# First Fragment Qualities. Use `grep ^FFQ | cut -f 2-` to extract this part.
# Columns correspond to qualities and rows to cycles. First column is the cycle number.
FFQ	1	0	0	19856	0	0	0	0	0	0	0	71450	0	0	0	0	0	131340	0	0	440	0	0	44835	162672	0	112067	530043	811561	340125	0	2698931	15717642	0	2402717	11586636	0	0	0	0	0	0	0	0
FFQ	2	0	0	1774	0	0	0	0	0	0	0	57115	0	0	0	0	0	147799	0	0	2028	0	0	70373	138662	0	126008	459523	882996	332950	0	2256235	13751961	0	1103124	15299767	0	0	0	0	0	0	0	0
FFQ	3	0	0	0	0	0	0	0	0	0	0	52746	0	0	0	0	0	124333	0	0	217	0	0	78922	125280	0	130917	425744	888966	348664	0	2178295	12911764	0	1001037	16363430	0	0	0	0	0	0	0	0
FFQ	4	0	0	8665	0	0	0	0	0	0	0	48300	0	0	0	0	0	74964	0	0	37381	0	0	64065	0	0	114611	214764	19232	286549	6303	554130	16956	771837	1249862	0	9544277	0	21618419	0	0	0	0	0
FFQ	5	0	0	0	0	0	0	0	0	0	0	85701	0	0	0	0	0	112313	0	0	65106	0	0	84022	0	0	164459	279912	24166	348255	6200	663375	19377	859709	1367331	0	9523988	0	21026401	0	0	0	0	0
FFQ	6	0	0	0	0	0	0	55	0	8763	0	60920	21779	0	0	50	6379	18077	61837	45270	49866	0	7706	6017	83405	69	185725	256735	38339	192713	173096	633452	75755	989324	1315241	97	8909593	746642	20743410	0	0	0	0	0
FFQ	7	0	0	0	0	0	30	165	0	9892	0	64737	23508	31	0	90	6939	18922	69528	45853	48865	29	8244	6036	82316	110	190493	257836	43330	193703	169318	636815	79710	995377	1335306	125	8944436	765353	20633218	0	0	0	0	0
FFQ	8	0	0	0	0	0	54	151	2	10514	0	69983	24563	43	1	80	8148	19451	76003	46476	48875	87	8830	6379	82239	86	193510	260546	54756	188916	168757	641050	80735	1001557	1348251	123	8957529	772497	20560123	0	0	0	0	0
FFQ	9	0	0	0	0	0	104	113	22	9723	0	64202	22587	61	9	70	8109	18714	74453	46488	48339	257	8909	6389	81412	175	193300	85465	250399	169833	169462	642351	60900	877954	919816	582544	2964837	1951	5171648	2278901	19870818	0	0	0
FFQ	10	0	0	0	0	0	115	129	59	10806	3	68869	24247	124	9	74	8319	19320	73400	48026	50146	394	9239	6899	85392	354	196605	86765	292292	130600	172237	650971	60692	885881	932839	578592	2982850	1854	5176061	2322867	19753285	0	0	0
FFQ	11	0	0	0	0	0	142	130	64	10527	60	68331	23475	198	14	78	8639	19595	74288	49020	49936	461	9537	7094	85936	629	200390	86900	346824	80774	173896	660129	60884	892395	937965	582789	2999283	1905	5193180	2335066	19669781	0	0	0
FFQ	12	0	0	0	0	0	181	127	98	10829	130	69654	24110	230	12	85	8500	19526	73822	49065	50121	522	9577	7121	86194	1012	198975	88039	388861	35672	173922	659897	59989	894616	940630	584527	3008142	1937	5207686	2358374	19618132	0	0	0
FFQ	13	0	0	0	0	0	229	146	147	11312	229	70841	24466	263	31	102	9176	19867	74877	49757	50774	573	9792	7203	86994	1606	198594	88513	399749	26447	175424	662950	58991	898488	944817	582369	3017197	2059	5212526	2377276	19566530	0	0	0
FFQ	14	0	0	0	0	0	190	168	213	10998	330	67900	22964	302	44	125	1894	24780	76513	50335	50827	577	10286	7466	20719	70336	199207	89056	402201	26384	175573	282134	426679	642276	949149	671425	542292	1944836	1596642	4211421	2736098	7161763	12156212	0
FFQ	15	0	0	0	0	0	246	204	274	11657	584	70913	24049	338	54	178	2076	25606	74690	52340	52936	651	10572	7876	21770	74423	203523	91597	407921	27113	180112	290937	434592	651419	964262	679819	551789	1959512	1605073	4244478	2738221	7164030	12004480	0
FFQ	16	0	0	0	0	0	292	255	327	13415	861	78572	26652	430	119	261	2399	27876	77157	56244	56521	823	11571	8059	24019	80582	208817	95304	417735	28478	186829	299518	446128	658317	982649	685589	565573	1974969	1613323	4280132	2735849	7154662	11830008	0
FFQ	17	0	0	0	0	0	286	307	450	13305	1160	75866	25185	486	133	337	3050	27487	79318	55305	55560	856	11754	8180	25524	81285	209584	95752	421484	28658	186393	305425	446286	668781	989347	699806	574195	1986011	1628497	4307154	2758473	7153887	11704748	0
FFQ	18	0	0	0	0	0	300	361	468	14240	1741	77383	25554	500	177	377	3601	28776	78107	56318	56951	965	12528	8731	27076	85382	210512	97902	423890	29464	187842	314177	449123	669960	996255	703413	583989	1990379	1635840	4334482	2767270	7161734	11594547	0
FFQ	19	0	0	0	0	0	328	415	624	15435	2331	80246	26610	550	239	423	4067	26954	6465	133445	58047	1114	13291	9121	29978	90423	210387	99066	425495	30241	191759	322962	454485	664472	608024	1108119	596302	1704555	1642687	3526372	3398649	7461108	11685526	0
FFQ	20	0	0	1706	0	0	312	500	717	16400	3306	80068	25696	671	314	517	5035	28550	8706	133584	59555	1158	14052	9467	32912	97204	210465	101022	431029	31558	194398	335990	460664	669839	616418	1118627	612165	1713495	1654921	3564331	3449540	7429448	11515975	0
FFQ	21	0	0	0	0	0	372	624	880	18801	4691	85040	26867	740	438	598	6003	30662	11911	135044	61407	1354	14864	9680	36432	106035	210127	102832	433340	32540	197856	349914	466935	670902	624855	1130241	628882	1723060	1675467	3594307	3519598	7386982	11330034	0
FFQ	22	0	0	100	0	0	418	713	1140	19941	6106	82626	25309	820	551	759	7244	32869	15314	131037	61965	1535	15656	10384	40642	115117	205300	104896	436058	33471	199796	366028	469496	670428	635071	1139963	647767	1731182	1695434	3627031	3601024	7333854	11163270	0
FFQ	23	0	0	3	0	0	462	875	1425	22465	8531	84929	25136	958	659	936	8697	34987	19476	126649	64705	1756	17348	11269	45475	129920	202063	109077	435460	34809	205374	384130	477694	669741	646971	1152166	670829	1743387	1712945	3674776	3668475	7287588	10948169	0
FFQ	24	0	0	139	0	0	487	1022	1699	24606	10903	83513	23028	1082	826	1101	10311	37727	24018	120190	64275	2029	18312	11693	49710	142525	193048	109511	430940	35961	206295	403420	478290	660672	654156	1156750	692795	1747070	1731357	3726550	3599253	6958545	11216506	0
FFQ	25	0	0	4	0	0	483	1166	1934	27087	14171	81852	21201	1206	968	1325	12174	40179	29434	112916	65364	2272	19828	12222	54651	159102	183263	112297	425849	37497	208237	426447	482221	648925	665816	1160001	719827	1752120	1737924	3773893	3607263	7002786	11026410	0
FFQ	26	0	0	234	0	0	740	1748	3183	40374	24101	108409	25171	1437	1289	1587	14711	45693	36821	109374	67511	2491	21408	12879	59286	177558	172158	113577	412715	38442	210914	447202	483482	627326	673725	1156494	750334	1756017	1747645	3814574	3585568	7100636	10783501	0
FFQ	27	0	0	746	0	0	840	2059	3848	46412	32399	109105	21278	1716	1681	1959	18332	53357	47762	104749	68083	3059	23501	13845	63628	199569	168022	115743	414996	40663	212213	479808	490642	617050	686678	1162265	787486	1762459	1747427	3863579	3532021	7194064	10537271	0
FFQ	28	0	0	4126	0	0	826	2400	4485	50560	39987	102150	16332	1953	2092	2230	21150	58753	52484	92831	67894	3504	25380	14606	65647	217175	161626	115038	401931	42443	211160	511672	489375	595506	693904	1167536	825728	1756415	1789767	3921013	3573836	7313891	10212909	0
FFQ	29	0	0	493	0	0	982	2827	5222	56813	49873	95292	10786	2441	2447	2658	25178	68117	57431	85725	68774	4111	27392	16283	70178	236581	165715	120026	392463	44798	212723	563430	497934	578511	712795	1173986	874307	1766473	1790957	3993054	3498905	7362841	9991793	0
FFQ	30	0	0	750	0	0	1079	3300	6494	63337	62291	87984	6658	2688	3025	3165	29569	76668	57123	80135	70219	4917	28650	17790	74902	255417	175338	124895	383579	48520	215946	620266	507063	557880	738232	1186070	931758	1768142	1806915	4090579	3434754	7408781	9695436	0
FFQ	31	0	0	36	0	0	1116	3785	7388	67783	73602	73807	3268	2944	3395	3628	32903	79735	48950	76106	70259	5440	31119	19141	74898	263259	175344	126303	357310	50885	220734	640705	510445	512254	755650	1169737	985799	1751283	1808360	4176937	3344748	7522751	9578508	0
FFQ	32	0	0	38	0	0	1322	4504	9037	74060	87671	61366	1622	3390	3974	4330	37116	86082	41392	75928	72889	6238	34093	20696	76730	273315	188061	130372	343533	54592	225601	679870	522116	477487	780515	1155023	1048063	1737921	1793823	4275769	3217388	7558350	9464803	0
FFQ	33	0	0	34	0	0	1312	5162	10591	77795	101887	46031	1169	3851	4545	5153	41868	91902	33535	76060	73998	7026	36775	22599	79060	278906	201837	135093	328242	59145	229846	719736	532371	446566	808257	1151967	1119186	1712576	1804903	4372205	3110410	7580416	9315937	0
FFQ	34	0	0	41	0	0	1507	5968	12323	81574	114899	32770	1174	4465	5400	5992	46838	95923	25323	77131	75523	8207	40315	24777	81055	285895	215609	140553	316774	63774	235129	760297	544586	421854	839783	1148339	1194459	1693079	1820321	4476408	3010452	7581514	9136867	0
FFQ	35	0	0	46	0	0	1675	6926	14668	84939	127911	20742	1240	5133	6335	7109	53145	98027	19233	79688	77738	9186	43221	27151	83955	293040	224701	146773	307831	69950	241210	793115	558340	401453	877378	1142565	1274832	1645065	1854673	4567845	2930334	7570217	8958470	0
FFQ	36	0	0	47	0	0	1842	7789	17390	87846	140035	12042	1517	5841	7469	8287	59124	98929	14754	81922	79848	10575	46630	29847	88490	300324	231127	154021	303183	77358	247474	821291	571501	389176	916513	1132761	1358694	1606375	1871209	4654899	2863529	7555029	8770185	0
FFQ	37	0	0	51	0	0	1961	9191	19755	89827	147666	6075	1775	6704	8621	9720	65718	97563	12577	83433	82131	12272	50863	33158	92969	307855	233725	161826	301696	85675	253197	841961	585356	384705	963330	1125307	1445291	1565076	1894702	4720437	2827427	7544716	8549691	0
FFQ	38	0	0	64	0	0	2300	10340	22576	89761	150654	3000	1881	7598	9990	11304	72227	91964	12134	83813	83453	14059	54401	36494	97755	312277	230999	168133	300982	94043	257132	853733	597452	386497	1007228	1111079	1525538	1519276	1919614	4764643	2813500	7536352	8368958	0
FFQ	39	0	0	85	0	0	2514	11905	26629	92431	157610	1881	2295	8571	11655	13152	79224	86000	13021	87277	86363	16136	54400	39812	108160	322258	223562	177838	306578	105268	267140	860824	615816	395671	1061234	1106688	1604850	1483481	1929151	4614591	3002990	7506672	8138798	0
FFQ	40	0	0	81	0	0	2807	13999	30790	95449	162587	1666	2692	9774	13781	15318	87014	80355	14808	90330	90223	18264	58543	43664	117059	335180	218411	188904	314355	118165	276623	869196	634404	411840	1116539	1098294	1674411	1453460	1948780	4653855	2991286	7457945	7910988	0
FFQ	41	0	0	92	0	0	2573	13129	30094	82971	141306	1856	3274	10922	16068	16684	95152	71770	14725	79277	77961	22230	56878	47397	122832	313813	220603	187602	279810	129602	242934	897701	603539	392248	1136605	1019430	1736149	1292994	1988361	4428474	3186366	7187070	8470665	0
FFQ	42	0	0	263	0	0	2805	14087	33492	82924	140042	1869	3376	11736	17466	18377	96735	60987	16573	79759	79330	23917	58293	50373	128520	317062	198852	195227	282597	141328	249005	866413	612516	403074	1172601	1000218	1764907	1277959	1990994	4411531	3130860	7163276	8521241	0
FFQ	43	0	0	108	0	0	3050	15536	37130	82861	138258	1944	3687	12386	19372	20252	98735	51276	18389	80711	81030	25661	60580	53876	134895	317213	179438	202922	284840	155342	258799	834496	625174	415125	1207291	988094	1784803	1282887	1994179	4403534	3082171	7156076	8507907	0
FFQ	44	0	0	120	0	0	3183	17056	41452	82733	134313	2184	4021	13440	21662	22656	100874	43929	19863	81779	82510	28321	62584	58209	144280	322393	162287	212955	286930	171763	264954	813356	640285	431079	1244308	987041	1796531	1295989	1998369	4397070	3049751	7132841	8446347	0
FFQ	45	0	0	131	0	0	3438	18318	45231	82719	130954	2381	4483	13939	24247	24635	99550	34781	21824	79501	83496	41356	54821	62009	156943	323337	151356	223602	287495	190472	272965	797593	654716	443786	1279143	994322	1811181	1318995	2013362	4391437	2960286	7175114	8344938	0
FFQ	46	0	0	150	0	0	3773	20546	50449	86723	132659	2573	5052	15405	27667	27557	100997	29691	23965	81791	86275	45855	56762	68313	170403	330046	137509	236828	291351	210953	283474	784378	675420	461869	1310926	1006520	1815694	1348188	2030876	4378404	2948667	7103120	8227487	0
FFQ	47	0	0	161	0	0	4192	22472	55913	88801	130862	2987	5694	16815	31369	30915	100908	25455	26036	83397	88301	50336	57956	74012	184567	333843	124925	251168	293833	236163	292737	774816	695933	481452	1343269	1034351	1827199	1380790	2058363	4366782	2964539	7047552	8028959	0
FFQ	48	0	0	173	0	0	4486	24106	60645	90977	127151	3202	6438	18310	35432	34075	98967	22043	28156	85750	89128	55862	59669	81205	199209	334800	112180	266756	295531	264110	302166	764033	719022	501297	1367994	1070802	1836159	1416998	2082211	4354550	2982105	6972959	7848665	0
FFQ	49	0	0	200	0	0	4923	26061	66513	95054	123635	3646	7278	19600	39906	37313	95268	19967	29872	88383	90762	61541	60830	89340	194563	351114	96181	284239	306933	291749	313573	747384	744004	523527	1382687	1111182	1807492	1479942	2126707	3927697	3404702	6884184	7678903	0
FFQ	50	0	0	221	0	0	5424	28287	71974	98793	119352	4027	8153	21147	44469	40703	90393	18899	31689	91476	92731	67942	62571	97453	209742	351431	85179	301548	307158	323731	323945	733643	767990	544613	1393204	1167195	1822839	1519527	2151891	3911799	3415847	6799080	7490380	0
FFQ	51	0	0	228	0	0	5887	30000	78395	104358	113512	4455	9092	22625	49729	43869	84305	18242	33368	94714	93956	73486	64436	105980	222878	348525	74632	320020	308667	355543	337341	715176	795300	571668	1400681	1232408	1839143	1562004	2169851	3883333	3426270	6710020	7311913	0
FFQ	52	0	0	431	0	0	6583	32124	83898	110575	108925	4927	10206	23827	55138	46625	78551	18354	35067	98996	95097	80954	66688	116446	238134	346064	66718	340292	310151	391967	351110	701050	828506	596275	1404259	1304508	1858032	1608837	2195739	3855498	3436168	6603508	7105366	0
FFQ	53	0	0	262	0	0	7300	34254	91491	120126	104065	5357	11378	25820	61247	50148	73056	18519	37468	104520	97795	88954	68731	127350	254510	344058	60084	364150	311108	430285	369411	687855	864436	626046	1403345	1385346	1880483	1662734	2214785	3827535	3440952	6481536	6878684	0
FFQ	54	0	0	400	0	0	5672	27708	77595	104530	83117	6039	12979	26041	68091	50042	67823	16233	33859	92429	80403	95340	67157	135312	260538	316065	55400	362865	277434	472806	336393	681244	846528	617211	1385371	1389783	1932725	1604541	2294596	3565616	3686782	6264538	7213473	0
FFQ	55	0	0	308	0	0	6041	28071	80221	108337	74717	5801	12472	23448	67240	50623	56159	15695	33875	94017	80854	90473	69215	134988	257516	208602	133636	368319	270842	479841	347670	628516	856570	630837	1332246	1461427	1989447	1662677	2198791	3580783	3610229	6174262	7389430	0
FFQ	56	0	0	468	0	0	6191	28743	82938	112663	66135	6076	12664	23215	68754	50564	48020	16218	35019	96895	80044	92500	69722	140330	260161	190116	135284	379230	268008	497179	361226	590966	874869	653590	1303819	1534312	2048232	1720120	2198117	3516487	3565466	6068863	7410627	0
FFQ	57	0	0	358	0	0	6553	29099	86600	118466	59067	6184	13365	23647	72944	50164	41793	15980	35614	101220	80803	97006	71645	148205	262126	174486	136839	393951	265287	519952	376180	568978	898199	675368	1283680	1611852	2114971	1781318	2216272	3443653	3544475	5945416	7341673	0
FFQ	58	0	0	358	0	0	6865	30168	90803	125154	51240	6786	14383	24075	76818	50749	37372	16271	36772	105979	80687	103088	73686	158856	266878	161952	141476	414646	262411	549010	394686	553247	931513	706435	1274364	1699500	2189399	1844888	2240518	3380446	3537885	5794648	7178943	0
FFQ	59	0	0	379	0	0	7670	30642	95203	132843	44380	7354	15803	24231	82050	47515	32962	16488	37665	114531	79613	100683	71960	184026	254310	143740	140009	465937	258656	579423	412487	544487	964296	736293	1269416	1791531	2267636	1912365	2272723	3313781	3502349	5636045	7021030	0
FFQ	60	0	0	607	0	0	8119	31161	99489	141588	37573	8008	17034	24496	86265	46542	30063	16728	38991	120547	79219	107428	75008	197671	256160	134875	145730	490034	256260	609064	433195	540485	1002204	769778	1267401	1888848	2356549	1984884	2300719	3250598	3525042	5461404	6772344	0
FFQ	61	0	0	4850	0	0	8696	31571	103190	147833	30624	8777	18157	25315	90381	45316	28010	16833	40598	126265	78238	113274	77475	210141	253611	125263	150976	516741	252008	632015	453552	539111	1037924	805115	1260683	1982359	2460126	2057379	2331015	3174490	3555501	5279253	6539043	0
FFQ	62	0	0	12147	0	0	9679	32346	109341	155414	24799	9475	19614	25370	94267	43679	26472	16680	41526	133069	76728	119637	80662	224007	249196	118498	157344	541809	249282	650881	474938	543734	1076424	840347	1259366	2077125	2574632	2132328	2364095	3098947	3583588	5088014	6275834	0
FFQ	63	0	0	22086	0	0	10043	32203	112839	159289	18629	10272	21576	25584	98784	41789	25978	17147	42844	138950	74829	127355	82830	238696	244847	114782	163724	569071	247409	666112	497410	552721	1109350	879538	1259970	2175418	2700874	2213838	2398256	3009182	3613369	4884844	6008378	0
FFQ	64	0	0	34762	0	0	10811	31733	116432	161176	13419	11334	22492	25286	100184	39036	25112	16697	43729	144542	72078	133931	85086	250527	235839	110398	169648	591170	242138	675809	519286	566564	1142364	915066	1263209	2271176	2848489	2297625	2436245	2916752	3653097	4680741	5736321	0
FFQ	65	0	0	50283	0	0	11439	31853	123447	164856	9568	12146	23910	25623	102923	36964	22243	20168	45599	133387	91044	141870	88805	245151	247036	110622	179878	615815	210887	683551	586893	588543	1176680	956261	1271755	2372901	2998425	2388977	2470137	2820912	3678770	4453336	5417182	0
FFQ	66	0	0	68156	0	0	12368	31694	128648	166020	6233	13056	25421	25874	104174	34752	22490	20576	47127	139113	89633	148628	90799	256969	237970	110579	185519	642682	208571	681887	614874	613287	1209924	993982	1282752	2477869	3170083	2478732	2514377	2709561	3716697	4225810	5102500	0
FFQ	67	0	0	88731	0	0	13410	31938	137324	170408	4097	14372	27190	25851	105764	33603	23518	21356	49502	148511	90128	157877	94144	269450	230968	111690	197864	673248	208220	683197	652975	644546	1243229	1038448	1301856	2581319	3343667	2569968	2552111	2595282	3732924	3978957	4760960	0
FFQ	68	0	0	111201	0	0	14175	31311	142687	167314	2343	15803	29698	26779	106424	31103	24444	21452	50935	152382	87839	166571	96643	278908	222967	113957	204652	698823	205930	673418	681192	677592	1270730	1079533	1324256	2683895	3539928	2661521	2599808	2464569	3770082	3722278	4454998	0
FFQ	69	0	0	136091	0	0	14710	30848	148938	164249	1317	16948	30901	26479	106931	29227	25714	21513	52068	158059	86202	174555	98617	285707	215123	116564	214362	722512	205660	659003	713928	712713	1295086	1117362	1353276	2787130	3753962	2754017	2654529	2327531	3786563	3470630	4138646	0
FFQ	70	0	0	162404	0	0	16111	30750	157797	163349	673	18210	32861	27508	107190	27983	26925	21881	54399	165928	85696	183288	101876	265429	183215	174918	225959	748111	208517	643472	749718	749735	1316559	1158846	1388115	2893690	3974362	2841765	2708343	2193054	3786349	3208495	3803738	0
FFQ	71	0	0	191311	0	0	17419	30773	166642	161794	340	20121	34796	27958	106898	26273	29397	22453	56207	176014	85032	193073	104807	269556	177283	182646	237841	774405	211817	627713	789297	792141	1340109	1198787	1427711	3010848	4198320	2926896	2763893	2047168	3778029	2941340	3459639	0
FFQ	72	0	0	221413	0	0	18215	29888	173108	154490	147	21511	36594	28103	105072	24568	30653	22542	58232	180490	83208	202094	107056	269363	171300	190963	249927	796174	216875	609767	825983	832490	1356243	1239966	1477370	3136803	4435621	3017496	2824259	1897906	3770570	2677516	3112325	0
FFQ	73	0	0	252978	0	0	19717	29895	182568	152270	49	23252	38159	28571	102657	23358	32668	23490	60823	189769	82294	211632	107905	269072	167560	199624	263806	819211	223446	585542	867903	873216	1377092	1282048	1532935	3266112	4677597	3096498	2880713	1753740	3729378	2407993	2770293	0
FFQ	74	0	0	286410	0	0	20754	29180	191783	146340	44	25517	40102	28951	101368	21900	35088	23166	62512	196704	81382	222855	111062	266232	167042	208462	277152	840036	230705	563178	908858	909801	1393208	1317402	1589555	3398726	4929913	3171179	2939011	1599145	3679501	2138053	2453087	0
FFQ	75	0	0	321420	0	0	22465	28478	200128	139888	25	27524	41328	30396	98916	20524	36755	23635	64486	201871	80188	233025	111923	258473	164162	214574	289232	785439	307416	536347	945385	941199	1404104	1354935	1645784	3534146	5212225	3243236	3002875	1444408	3613108	1876392	2148476	0
FFQ	76	0	0	360829	0	0	20155	24712	192562	135799	69	60559	89280	48670	213902	18535	65316	16656	92785	194552	124951	498816	224703	517386	315727	399086	463840	1551929	516922	1299734	1626681	2092463	2681599	2464547	1949733	4863660	2851585	2952374	1314789	1029210	2523325	592432	214564	0
FFQ	77	0	0	378620	0	0	21915	24176	194883	119189	23	42467	59172	35159	127877	15274	48695	18734	75470	183248	94215	341295	146695	318156	220335	297411	354253	1081001	434938	742556	1332165	1543506	2096528	2194997	2197248	5287787	3727571	3495371	1601222	1041575	3650464	879619	180128	0
FFQ	78	0	0	399886	0	0	21762	21529	186543	101314	21	35326	47298	29981	92411	14168	43974	19767	69112	184388	80242	282779	118491	239316	182846	252113	321605	879174	372211	516888	1152951	1193946	1648813	1740286	2050549	4627137	5238109	3568506	2544678	927135	3597737	1265795	534683	0
FFQ	79	0	0	426561	0	0	21436	19736	184726	89879	22	32651	42687	29167	76324	13437	42675	20592	66362	186356	74926	262815	106927	200730	168988	238281	317401	788509	354054	416115	1082641	1063322	1478681	1548631	1948785	4288028	6318546	3584775	3067683	821730	3305517	1022290	891026	0
FFQ	80	0	0	457649	0	0	21795	17973	181575	79304	23	32689	40597	28459	66770	12407	42168	20132	65319	184921	71709	254440	100282	175529	165625	232841	322990	742784	353690	359710	1061684	1010835	1411278	1478616	1934133	4230973	7031072	3624243	3296952	699959	3101568	784857	904997	0
FFQ	81	0	0	493399	0	0	22323	17224	185686	72576	14	32983	39429	28515	59757	12077	42609	20815	65705	189588	71755	255214	96196	158374	165343	235236	334617	719310	359941	322089	1070410	989547	1391912	1456359	1958594	4300395	7561413	3653767	3383407	592010	2871315	603640	768533	0
FFQ	82	0	0	533039	0	0	23196	16493	191137	66932	18	34917	39550	29197	55307	11494	44625	20999	67429	194042	74033	261155	94774	144201	169453	240985	351321	708998	374661	295491	1093506	986859	1400661	1469300	1995128	4424989	7985305	3671636	3375367	494339	2606025	457234	597820	0
FFQ	83	0	0	575635	0	0	24410	16165	200618	62638	14	36874	39911	29865	51047	11004	46074	21825	69641	198892	77212	269849	93930	131863	174800	247785	369789	701098	388478	270902	1122848	987026	1420989	1490197	2039874	4571085	8367516	3675827	3308964	408739	2320389	334432	442838	0
FFQ	84	0	0	622679	0	0	24694	14837	200626	55729	13	38699	40557	30695	46539	10667	48160	21645	71310	200106	80693	277886	91588	118445	179507	255194	387195	690789	403049	250407	1151868	990567	1443923	1517188	2081992	4733821	8734960	3676908	3200422	330009	2026243	237366	313202	0
FFQ	85	0	0	674627	0	0	25939	14559	209615	51082	15	40625	40011	31547	42621	10310	49947	22687	73972	206575	84397	285827	89475	106717	186300	263996	408419	679557	420380	231355	1183304	994577	1472393	1547964	2124031	4895853	9073999	3653004	3047759	264325	1718715	161218	212001	0
FFQ	86	0	0	731567	0	0	26465	13270	210764	45799	14	42840	40320	32140	38853	9578	52002	22535	76307	206680	89224	295724	87280	94981	193403	272174	428805	665730	437086	212072	1212396	991190	1498201	1578279	2154541	5058199	9420594	3618997	2867189	205028	1426846	105058	137023	0
FFQ	87	0	0	793205	0	0	27008	12525	218781	41843	26	44792	40345	32768	34791	9454	53394	23395	78044	211078	93511	300910	83284	84185	199228	278996	450362	647559	453909	195282	1241770	991171	1523078	1605100	2183355	5220482	9748960	3566573	2655973	157822	1146019	65296	83878	0
FFQ	88	0	0	861905	0	0	28106	12339	226416	37543	23	47112	40894	33662	31544	8969	55569	24226	80995	217325	100338	310335	80736	74553	206489	288015	478608	635425	469791	181760	1273190	994028	1551752	1637824	2208287	5376877	10029241	3482992	2415779	118760	887088	38592	49115	0
FFQ	89	0	0	936720	0	0	28627	11199	225988	33599	22	49323	40356	34079	27554	8356	57204	24033	82850	217972	105874	317070	76539	64656	211728	297538	500117	613819	490830	168817	1300816	994684	1576527	1676294	2232781	5532786	10298823	3390367	2162472	86382	668124	21419	27115	0
FFQ	90	0	0	1018772	0	0	28162	10107	223292	29168	15	49720	38788	33685	23906	8008	58568	24229	83730	216449	111164	321047	70833	56069	217049	301770	520880	583822	503386	155504	1318450	991043	1589873	1700350	2248698	5662747	10613079	3295894	1909701	61574	484157	11377	14291	0
FFQ	91	0	0	1112195	0	0	27704	9077	217637	25336	23	50774	38193	33293	20094	7145	59436	24605	83647	216149	116001	321274	64859	47519	220579	306987	540043	551820	518250	143078	1330736	983808	1599817	1718780	2262429	5761595	10927099	3196117	1654658	41843	338857	5776	7316	0
FFQ	92	0	0	1217246	0	0	27784	8128	215085	22056	20	50442	35653	32692	16441	6500	59672	24148	84359	215838	119721	316883	58202	40535	223372	310301	556220	515169	528828	132126	1336119	979258	1603597	1742875	2273710	5876676	11214835	3070987	1403339	27850	225913	2925	3612	0
FFQ	93	0	0	1339574	0	0	27300	7342	212808	19130	21	51260	34237	32118	13690	6214	60372	24835	85265	219528	125231	316879	52212	35099	226974	316209	580257	484168	543257	122626	1353611	985246	1619574	1765961	2284896	5982093	11409339	2914995	1156482	17840	142967	1557	1910	0
FFQ	94	0	0	1483668	0	0	26329	6511	204063	16750	22	50941	32179	30700	10909	5563	60318	24583	85619	217475	130227	314808	45819	30143	231385	321064	599884	451271	557175	113877	1365821	985991	1632443	1793097	2294707	6089069	11573397	2749336	931069	11128	86679	964	1048	0
FFQ	95	0	0	1653095	0	0	24877	5521	195165	14316	22	49950	30036	11031	27073	4969	60241	24864	85381	218310	135458	309863	39981	26439	234137	325510	623591	419304	572456	105560	1378028	996460	1649842	1819657	2303328	6184770	11669468	2569164	732737	6402	49906	575	635	0
FFQ	96	0	0	1850885	0	0	21485	4586	171954	12087	13	45793	26331	9352	22969	4187	58038	23968	83164	210702	138760	298817	33261	22653	233478	325448	634423	382962	577604	96097	1376168	995466	1651897	1837946	2308351	6237214	11838020	2411338	572252	3467	27343	400	403	0
FFQ	97	0	0	2090671	0	0	16943	3072	140198	8860	15	39402	21017	7087	18732	3348	54918	23655	78643	202927	135567	278163	26862	19935	229552	319627	636637	342127	579577	86779	1362474	994493	1652606	1842363	2314033	6281483	12021039	2248222	441339	1959	14306	295	313	0
FFQ	98	0	0	2382868	0	0	10458	1884	97399	5666	5	28505	14383	4618	13342	2375	50705	23539	73976	198262	132325	257330	21396	18295	225307	314798	642327	303521	582397	77810	1355284	994717	1659007	1851751	2319958	6328469	12110744	2079848	336068	1023	7504	191	222	0
FFQ	99	0	0	2714833	0	0	3095	583	40945	1987	3	12964	6105	1851	6337	1184	47218	23243	68625	194408	126527	234504	16189	17067	219692	310211	641986	268243	585941	69884	1343850	1001603	1664066	1866401	2327918	6377232	12146582	1913589	256086	558	3973	152	141	0
FFQ	100	0	0	3070853	0	0	1	0	24	17	0	6	7	0	514	125	46450	24930	65091	200445	120900	216255	12385	17041	214298	304426	636785	234235	586176	62241	1329777	1005711	1677770	1878258	2323422	6414773	12104215	1753658	198293	354	2286	95	90	0
# Last Fragment Qualities. Use `grep ^LFQ | cut -f 2-` to extract this part.
# Columns correspond to qualities and rows to cycles. First column is the cycle number.
LFQ	1	0	0	2633	0	0	0	0	0	0	0	340863	0	0	0	0	0	346548	0	0	219	0	0	57414	349295	0	311303	800126	928825	676686	0	2892020	13705662	0	4341634	9877087	0	0	0	0	0	0	0	0
LFQ	2	0	0	95	0	0	0	0	0	0	0	284844	0	0	0	0	0	378400	0	0	301	0	0	93394	290795	0	330196	710996	1038603	622801	0	2384775	12642302	0	2894965	12957848	0	0	0	0	0	0	0	0
LFQ	3	0	0	673	0	0	0	0	0	0	0	377520	0	0	0	0	0	409143	0	0	191	0	0	119294	288252	0	329692	696175	1090045	612976	0	2262009	11981205	0	2548664	13914476	0	0	0	0	0	0	0	0
LFQ	4	0	0	702	0	0	0	0	0	0	0	318716	0	0	0	0	0	180399	0	0	223680	0	0	101485	0	0	274613	351503	24802	575728	0	792978	17498	1154861	1700381	0	9204907	0	19708062	0	0	0	0	0
LFQ	5	0	0	200	0	0	0	0	0	0	0	349743	0	0	0	0	0	181957	0	0	221261	0	0	101804	0	0	274803	349673	25612	564633	0	792286	18255	1153654	1706154	0	9206827	0	19683453	0	0	0	0	0
LFQ	6	0	0	0	0	0	0	220	0	33664	0	204495	67170	0	0	78	22616	31985	187926	73872	76640	0	11024	7893	112041	184	278073	318631	47676	367263	188692	753002	116765	1236837	1566206	4	8317752	962715	19646891	0	0	0	0	0
LFQ	7	0	0	0	0	0	91	380	0	31652	0	191574	63615	51	0	122	21213	31365	178610	71698	70974	51	11464	8239	109515	210	274109	315253	57349	337682	186076	750006	117242	1221552	1553216	19	8340887	971051	19715049	0	0	0	0	0
LFQ	8	0	0	53	0	0	199	394	15	32412	0	193213	64499	85	2	141	20450	32296	173757	74095	73273	130	12571	8849	113018	107	277751	322623	79686	308361	190906	760849	114625	1219273	1553773	23	8350731	968237	19683918	0	0	0	0	0
LFQ	9	0	0	12	0	0	276	432	96	42844	2	242507	80514	154	26	150	21040	34479	179424	80170	79590	343	13255	9251	118426	213	283176	111891	334581	268584	195205	761953	85976	1082362	989305	730122	2954876	0	5154787	2302210	18472083	0	0	0
LFQ	10	0	0	74	0	0	374	397	190	37882	25	218442	71415	308	24	119	24052	32604	190489	75843	74909	589	12758	9149	113478	422	279294	109679	405551	212547	193008	759131	87423	1098468	992707	737759	2961986	1	5165951	2317562	18445705	0	0	0
LFQ	11	0	0	271	0	0	511	353	288	33932	174	200642	65812	372	38	151	23915	32613	183725	77470	74993	733	13452	9621	116448	867	281518	110959	494797	121020	197063	770723	87612	1104770	1000528	742781	2991083	86	5185003	2350075	18355916	0	0	0
LFQ	12	0	0	1504	0	0	567	394	403	38097	453	218356	71630	433	49	228	22632	33719	177788	80157	78515	816	13728	9693	119250	1522	285091	112764	565369	45891	198067	777810	85071	1101941	1007588	741170	2998854	268	5204119	2360708	18275670	0	0	0
LFQ	13	0	0	138	0	0	604	417	567	35090	746	204488	67423	509	90	202	22698	33574	178256	78910	77657	907	14346	10036	120572	2425	283731	113089	584422	31814	200381	784870	84690	1109387	1015026	739817	3019198	389	5223051	2388446	18202349	0	0	0
LFQ	14	0	0	1	0	0	661	555	786	34700	1214	198502	65071	598	100	236	3615	45220	178003	78291	75690	917	14338	9932	31898	90224	280641	112425	574095	31115	197956	348600	484448	820405	1023288	835839	559671	1905275	1625342	4412871	2920693	6444664	11222435	0
LFQ	15	0	0	20	0	0	706	665	948	34126	1842	193817	63330	686	138	321	4280	45228	172682	78624	76029	1077	14694	10375	32625	93533	278581	113841	568253	31082	201145	350503	488705	813035	1030325	833717	567086	1906757	1627544	4433484	2926116	6476353	11158042	0
LFQ	16	0	0	0	0	0	755	747	1161	36779	2737	203752	66463	778	235	524	4894	46549	169792	81176	78306	1205	15719	10888	35182	99190	280578	114481	565579	32501	206065	358174	492637	808436	1040898	829661	577115	1909927	1629545	4452368	2922921	6508261	11044336	0
LFQ	17	0	0	1448	0	0	911	914	1611	47388	4685	247809	81732	873	414	677	6036	51685	182161	88306	87213	1357	16613	11564	38978	108886	289768	118517	583951	33558	212312	370741	501812	815722	1054116	833576	586244	1913051	1624667	4453588	2904511	6486566	10866354	0
LFQ	18	0	0	184	0	0	938	1088	1901	49153	6243	243423	78354	1067	531	750	7385	53035	200766	87089	83607	1412	17300	11429	41493	110364	289754	119485	599161	33807	211539	381909	500821	835801	1054663	850962	596924	1920210	1639465	4463962	2912968	6483309	10738063	0
LFQ	19	0	0	0	0	0	1082	1203	2196	52158	8423	243668	77356	1266	697	872	8951	48490	18220	277661	86300	1738	17978	12262	44922	118453	290042	120037	602875	34656	215248	394217	506046	838565	663654	1253137	608777	1677197	1591299	3619026	3521869	6733975	10935799	0
LFQ	20	0	0	136	0	0	1022	1367	2619	53337	10851	232805	73062	1314	831	1077	10592	52227	23659	267657	85067	2007	18802	12468	48313	124738	285225	119831	603596	35349	214354	405802	506239	843638	667914	1265286	622156	1681375	1622422	3642311	3602952	6714267	10773647	0
LFQ	21	0	0	39	0	0	1034	1568	2833	49941	13229	207012	64355	1487	1053	1218	12176	53351	28860	246838	84179	2140	19997	13244	52626	134312	280520	122313	595270	36879	216886	423835	512691	834629	677615	1277417	639519	1693839	1647046	3687508	3684465	6708928	10599463	0
LFQ	22	0	0	1	0	0	1120	1870	3459	56334	18413	218181	65425	1687	1269	1417	14582	58546	34925	233116	88946	2373	22030	14010	59037	150671	278248	126735	583641	38663	223278	447915	521419	818407	691420	1278096	663229	1707670	1660926	3732513	3756436	6664249	10390058	0
LFQ	23	0	0	1	0	0	1348	2553	4511	74035	27457	252385	72108	1898	1609	1748	17622	66229	45720	228656	92168	2771	23309	14712	65421	167959	269862	127972	575176	39970	223066	464946	519553	804504	692485	1278520	679662	1700009	1677474	3745431	3842315	6629452	10195698	0
LFQ	24	0	0	3	0	0	1299	2484	4791	64387	30262	202197	55590	2181	1928	1988	20681	70751	58824	212104	87734	3245	24927	15705	70946	183440	262378	129983	583081	41714	225317	497169	524145	809144	707140	1300894	704312	1714000	1705277	3817164	3676088	6124654	10692388	0
LFQ	25	0	0	22	0	0	1642	3441	6519	91544	46986	250579	62049	2474	2324	2387	24868	80037	67951	199690	97237	3685	27728	17026	79061	213371	255301	134774	561866	43917	232131	528276	531765	778986	717683	1295726	731668	1709405	1712166	3847075	3675312	6173887	10419756	0
LFQ	26	0	0	8	0	0	1850	4206	7926	104753	61102	250606	55648	3076	2886	2828	30766	93647	86474	188759	97829	4271	30020	18143	84980	239850	250506	137507	563008	45673	233953	564727	538140	762300	733095	1301803	762528	1711509	1716788	3893308	3652757	6275192	10117893	0
LFQ	27	0	0	23	0	0	1800	4473	8523	102049	69321	214244	40504	3690	3527	3372	36452	104896	100356	165125	94141	4923	32302	19611	89823	261988	247045	139586	551135	48068	234008	610584	541977	745036	746657	1314078	798139	1713147	1734112	3951912	3644155	6393958	9855575	0
LFQ	28	0	0	147	0	0	1794	4864	9558	103937	80641	186954	28542	3952	4030	3947	40747	109894	100284	139989	93109	5561	34749	21007	93304	283507	238228	141414	519803	50503	234827	655188	546401	703435	761344	1309768	839307	1711248	1747415	4028943	3625085	6538981	9627908	0
LFQ	29	0	0	44	0	0	2053	5950	12003	122498	108364	187601	21080	4395	4776	4600	47368	119797	98693	127221	99215	6398	38426	22854	97637	314408	237050	146733	495928	53982	241537	703455	558238	661562	783542	1300010	885126	1707703	1742440	4101397	3550384	6646578	9369269	0
LFQ	30	0	0	52	0	0	2190	6710	13336	126469	122667	157950	11651	4970	5539	5515	53208	131033	94055	115221	98997	7397	39881	24737	102492	334080	249762	149464	475692	58045	244354	758984	565995	622242	806563	1298577	939095	1697142	1752158	4191721	3486789	6739476	9136106	0
LFQ	31	0	0	65	0	0	2163	7112	14700	124475	136585	124707	5629	5571	6209	6223	58064	136527	80778	106187	98622	8130	42644	26914	103753	344729	258822	153303	445524	61867	247633	811751	575555	576579	834760	1294870	998342	1690336	1771257	4295117	3424171	6821283	8929358	0
LFQ	32	0	0	74	0	0	2067	7842	16361	124181	151299	95232	2711	5956	6957	6895	62670	138649	64038	103123	96844	9046	45617	28806	104855	348919	269089	157064	415144	66023	250596	853832	584456	527544	861484	1279452	1063456	1670128	1786201	4408069	3357691	6884407	8772302	0
LFQ	33	0	0	83	0	0	2529	9402	19991	141243	185689	78481	1975	6618	8027	8343	69458	145486	50537	107269	103215	10217	50600	31351	108370	363138	281547	165594	398883	72363	259945	896946	599475	487882	897361	1264345	1130277	1649794	1785664	4513824	3248534	6898981	8574515	0
LFQ	34	0	0	97	0	0	2547	10370	22281	138986	198886	52209	1888	7699	9486	9537	77874	152033	38823	106671	103371	11608	53977	34005	111555	366467	301285	171005	379112	79131	263676	942413	611131	453114	932506	1253635	1201244	1618230	1800823	4614325	3157546	6903666	8433686	0
LFQ	35	0	0	1596	0	0	2705	11801	25723	140502	215290	32302	2120	8439	10866	11156	85403	151714	28449	107381	104226	13293	56723	37263	114066	372474	309664	177180	363439	86084	269076	977583	620304	426061	973291	1241585	1278059	1583069	1826536	4708386	3079043	6916214	8256794	0
LFQ	36	0	0	121	0	0	3414	15431	34215	172021	273015	22307	2508	10018	13001	13528	99528	158935	22692	116104	113693	15171	62663	41351	120777	389999	315983	187838	361400	95213	276976	1006362	636714	409116	1015753	1218285	1350317	1540895	1828397	4761569	2987446	6863528	8068589	0
LFQ	37	0	0	126	0	0	3523	17069	37541	166659	272499	11202	2971	11604	15759	16152	114159	161084	18981	115903	112821	17814	66923	46435	128234	398584	332819	194170	353912	106283	280995	1042127	650345	401004	1066393	1210876	1430672	1496243	1851754	4806101	2936654	6848044	7879568	0
LFQ	38	0	0	148	0	0	3991	19882	43959	170726	285009	5884	3542	13654	18579	18649	125972	152898	18059	117102	115495	20637	71704	51131	136081	407532	328290	203809	353819	117574	286669	1062987	663785	403053	1120790	1193580	1511330	1455069	1872011	4848527	2912336	6811861	7677080	0
LFQ	39	0	0	277	0	0	3815	19316	44393	149279	254151	3593	3969	15146	20847	21000	133814	137221	18334	114247	112292	23680	70944	55464	148619	410516	320574	213167	351388	131155	291328	1072691	677006	410016	1180512	1176845	1591678	1416241	1907722	4702582	3111921	6811209	7495579	0
LFQ	40	0	0	171	0	0	3879	21131	48341	149842	255331	3169	4722	16344	24194	23230	142005	123478	19235	106961	105230	27266	71455	59366	155385	395844	307233	215366	324663	143604	263436	1086466	650122	393698	1200493	1098784	1650610	1266662	1935345	4500586	3280579	6559149	7988465	0
LFQ	41	0	0	187	0	0	4042	22407	52007	142513	238417	3244	4924	17714	26528	25692	148936	107820	21034	105617	104225	29514	72568	63715	161948	394035	284962	222993	322748	157315	269275	1047660	657039	402781	1235433	1064571	1686102	1232800	1928696	4487077	3222159	6544499	8107960	0
LFQ	42	0	0	591	0	0	4489	25028	58829	144738	239912	3337	5545	18845	29428	28431	151250	90609	23100	108077	107069	31480	75663	67893	169748	401168	255764	232566	327547	172143	278111	1013816	669765	414597	1277706	1044980	1710000	1227726	1922153	4479387	3164162	6538605	8106327	0
LFQ	43	0	0	261	0	0	4545	25287	60855	133122	220722	3496	5928	19948	31963	30725	153776	75096	24942	106548	106844	35010	76776	73183	180043	401231	234313	241822	329189	190228	285423	989005	683468	428457	1321987	1030701	1735017	1226304	1928590	4485519	3136074	6540521	8063109	0
LFQ	44	0	0	233	0	0	4579	26368	65593	130348	210994	3716	6235	20885	35042	33986	150039	61984	27070	108098	107761	37827	79113	78101	191140	403873	208754	253673	330053	210293	293452	965637	700093	441808	1361627	1024857	1751925	1239401	1940306	4487089	3109853	6522356	7995256	0
LFQ	45	0	0	242	0	0	5261	31449	76894	143014	226028	4026	7030	21820	39514	37460	150852	50697	30098	106714	113082	54921	71017	83676	205776	410117	193058	268328	333656	232366	302590	939676	715235	458336	1392785	1023261	1759315	1256894	1950454	4473175	3015416	6555302	7879322	0
LFQ	46	0	0	281	0	0	5325	32376	80568	136823	208815	4359	7985	24264	45225	41536	154904	42478	32721	108264	113330	60631	72768	91992	222378	415498	178324	284267	335818	259953	311988	929268	737562	476160	1432417	1039505	1766445	1286897	1965285	4465960	3004493	6495452	7746001	0
LFQ	47	0	0	309	0	0	5984	34705	86924	138167	202286	4713	8950	25252	49865	45363	149574	35014	34648	109723	113858	66370	73795	99261	240032	417673	157536	299854	336899	288700	321065	909508	758034	494536	1463206	1060249	1781235	1316671	1989534	4456103	3016621	6437656	7587950	0
LFQ	48	0	0	280	0	0	6702	40087	101314	153252	211731	5174	10038	27738	56020	50217	147330	30439	37998	115615	119464	73294	77378	108990	257262	422478	139904	319026	341180	320360	334078	888145	782630	513670	1479781	1093551	1781248	1350842	2006856	4435874	3018808	6359327	7399241	0
LFQ	49	0	0	302	0	0	7533	44323	111580	163078	209501	5904	11774	30719	64392	55362	146372	27087	40371	118679	120927	80610	78222	119897	251998	446324	122865	338333	349430	355918	344452	873186	806350	533301	1495535	1126477	1726655	1444126	2043564	3976635	3456580	6278285	7210208	0
LFQ	50	0	0	338	0	0	7714	44114	112978	158703	187773	6474	13285	33195	72459	59699	141060	24567	41611	120153	119040	89884	80203	131359	271443	442263	108813	356974	346823	393705	354657	860741	832332	554150	1505765	1178952	1745279	1479208	2068418	3959724	3462108	6200437	7050045	0
LFQ	51	0	0	362	0	0	7400	41049	110877	155391	166465	13743	26685	59197	153672	100758	257421	18285	39105	113504	82741	185052	115129	261134	492752	726188	215845	552252	337756	989597	350877	2126089	1177162	672933	3321995	1557275	2503532	1578117	4800853	4421049	4117638	2113549	652581	0
LFQ	52	0	0	367	0	0	8402	43622	115983	157578	152038	10057	20143	43330	114694	79102	149982	17588	38921	108995	93186	136657	94241	194199	378011	481578	110116	477789	324253	699163	332227	1257794	1083689	712769	2237854	1551642	2157123	1514969	3970728	4869408	6513009	3773550	590837	0
LFQ	53	0	0	361	0	0	9266	47329	125536	167509	144601	8860	18266	38088	99870	70277	109261	19002	41056	115124	100133	122307	86195	171894	332820	401190	76514	440932	316164	579590	355210	903085	969393	682747	1705716	1478037	1866515	1597679	2671961	4443074	5528931	6475232	2295459	0
LFQ	54	0	0	893	0	0	9241	44459	120534	160892	119998	8850	18528	37524	97371	66675	90366	19017	41193	117583	99158	120975	83567	169798	319766	367692	63972	431589	305635	554223	368840	765783	931200	661387	1496723	1465093	1824173	1627735	2270238	4072775	4351844	6422013	4887376	0
LFQ	55	0	0	545	0	0	9602	43160	119316	158607	100931	8898	18781	34054	96457	66432	74104	18903	42699	120753	98243	119020	86425	173617	313990	246078	154268	438816	299999	559803	385013	692498	930942	665906	1397968	1505171	1849296	1664781	2116714	3870397	3855921	6038040	6238048	0
LFQ	56	0	0	387	0	0	10337	44812	127152	170693	92145	9362	20032	33434	100084	66281	63541	19315	44933	127938	100723	122985	88506	181084	317556	223977	157566	456366	298506	580304	402898	649718	949536	682588	1343293	1562390	1894274	1705763	2073301	3733506	3648476	5783470	6726599	0
LFQ	57	0	0	835	0	0	11234	45365	129987	176703	80319	10054	21149	33888	105009	66698	56881	19693	46143	132705	99004	130751	91176	192256	322943	206951	161359	476994	293468	608651	419453	623985	974359	708673	1317502	1634054	1949202	1752117	2076791	3635542	3576626	5610479	6814390	0
LFQ	58	0	0	429	0	0	12219	47585	140045	190827	71767	11034	22891	34747	111655	67163	50882	20068	48141	142109	100586	140301	94952	205674	328072	193427	167947	504037	293417	639263	442214	607776	1011180	739111	1298172	1723604	2014356	1811604	2085161	3566616	3535464	5441177	6697282	0
LFQ	59	0	0	439	0	0	9764	39666	121442	170177	53917	12293	25855	35282	120694	61766	46913	17529	43404	130542	82938	139121	89841	231162	308860	169118	144573	535331	261521	679983	411551	597417	994101	729644	1262715	1726008	2141997	1788179	2171759	3234673	3728719	5150323	7143295	0
LFQ	60	0	0	448	0	0	10512	38860	123355	172005	44189	11609	25277	33046	117407	56107	39318	17445	43615	133304	81759	135866	88042	233720	293769	149308	147990	541870	255836	672180	427892	563279	1003798	748242	1219860	1784753	2286482	1858122	2184682	3160303	3681023	4995496	7231342	0
LFQ	61	0	0	3279	0	0	10763	37712	126251	174875	35093	11805	25500	31954	116442	52512	34098	17203	44483	137616	79217	137457	89099	240604	283626	135713	152288	556678	248971	673692	445323	547228	1019644	766613	1191647	1852251	2434263	1927906	2212634	3076488	3662646	4835554	7182581	0
LFQ	62	0	0	8043	0	0	11266	38885	130963	182327	28323	12426	26501	31399	118671	49596	31521	17667	45411	143423	77741	141001	90383	248535	271588	125866	158451	571967	245720	676629	461654	538777	1040038	791413	1168253	1923082	2583968	2002570	2245275	2981130	3673377	4658060	7059394	0
LFQ	63	0	0	14919	0	0	12050	38535	136041	187191	21947	13553	27874	31260	122378	47739	30201	17655	46871	149779	75889	147265	92380	261692	263952	120555	166529	593432	241878	683151	485009	542418	1064868	819548	1158970	2004745	2741834	2081322	2286895	2896076	3692387	4477797	6814231	0
LFQ	64	0	0	24301	0	0	12897	37922	140938	189116	15922	14300	29516	31202	123980	44575	29706	17920	48739	158557	73485	154741	95137	274264	255473	117891	173612	619367	240845	692659	509147	551616	1097240	853631	1154356	2093965	2902698	2164088	2336091	2804240	3727130	4276711	6522326	0
LFQ	65	0	0	36771	0	0	13946	38571	150301	195877	11463	15278	31843	31286	126152	41931	26245	21576	50639	143466	95864	162713	98186	267713	266457	115563	182014	641000	209026	693714	571442	568601	1126395	889160	1155608	2181433	3074700	2250899	2384948	2708491	3756381	4072588	6201599	0
LFQ	66	0	0	50686	0	0	14219	36599	152392	192003	7370	16981	33500	31390	127241	39044	26645	21616	51796	148629	93354	170883	100877	278747	258204	116643	189693	665182	206260	692728	599522	591517	1154694	924396	1162925	2272409	3264679	2339810	2442767	2599020	3802932	3864016	5868018	0
LFQ	67	0	0	67760	0	0	15225	36614	159254	191537	4603	17760	34454	31014	127251	36278	27069	21808	53401	154080	93166	178426	102463	287781	247074	116690	198181	688428	203436	683965	627357	616405	1178875	958877	1169625	2363405	3471657	2431867	2505636	2481154	3846600	3642809	5536618	0
LFQ	68	0	0	87823	0	0	16082	35238	163715	185901	2614	19287	36495	30430	125322	33633	27817	22058	54679	159113	90358	185208	104294	294068	237060	117753	206462	710422	201679	672246	655555	644928	1201734	991960	1181293	2455966	3691219	2529140	2569170	2358208	3892854	3422750	5193607	0
LFQ	69	0	0	110957	0	0	16937	34413	171120	183206	1419	20281	37853	30514	123647	31413	29125	22298	56521	165601	89594	193714	106736	301516	228124	120536	216864	734870	202667	655951	687627	677212	1223126	1030694	1205816	2558087	3917336	2624062	2639268	2233450	3913968	3203239	4807909	0
LFQ	70	0	0	137479	0	0	18247	34967	181372	182705	817	22359	40121	30782	123557	29756	30672	22601	58484	173416	89203	203152	109908	278577	194479	181828	228112	761539	205188	640899	723158	713110	1245165	1068926	1231077	2661804	4151128	2721780	2708538	2099831	3929818	2960021	4412643	0
LFQ	71	0	0	166510	0	0	20168	37913	200279	190823	450	24698	43332	32164	125348	28061	32416	22904	61078	179777	88073	211154	111716	280937	186465	187371	238712	779248	206906	619369	752891	746159	1257290	1100607	1259721	2757688	4402847	2813807	2779610	1952531	3948751	2713986	4044987	0
LFQ	72	0	0	198479	0	0	19600	32294	189155	164379	241	26610	45518	31931	123390	25272	33995	22391	62181	182247	86064	224186	113957	280813	180786	196433	248165	797008	210270	598063	785121	782441	1275311	1133179	1293397	2872192	4680573	2915607	2863557	1813070	3950071	2473828	3674526	0
LFQ	73	0	0	234441	0	0	21067	32816	204242	165345	151	27754	45372	31672	115340	23547	35971	23944	64655	191925	85868	230138	114354	276066	176016	203733	264058	818710	219424	569703	827992	816119	1292489	1173622	1339332	2993823	4943516	3002956	2943513	1674555	3909517	2230503	3281585	0
LFQ	74	0	0	273167	0	0	22009	31316	209298	156565	142	29697	47302	32620	113357	22221	38157	23869	66525	200028	84560	239592	115944	270808	174203	213012	277823	837365	226877	546496	865720	849103	1305870	1206073	1383231	3118052	5220557	3091886	3022406	1529695	3868747	1984126	2906945	0
LFQ	75	0	0	314669	0	0	24623	33550	233131	162012	113	31986	49398	33333	112051	21355	39981	24407	69492	211071	85257	250959	117659	265750	172734	219585	293209	779616	308336	517654	898142	873649	1316588	1236482	1424310	3236125	5515322	3169380	3097491	1382514	3795195	1740167	2547595	0
LFQ	76	0	0	358854	0	0	24927	30583	232846	148293	127	35567	52469	34666	111525	20007	42748	24930	72243	215642	85870	264535	120106	261521	175153	229608	309301	794243	321963	494954	938580	906700	1335619	1267445	1468687	3369200	5808356	3241167	3167704	1242151	3696048	1509389	2190710	0
LFQ	77	0	0	406253	0	0	25885	28265	234394	136064	91	37029	52110	34686	103361	18349	44237	24678	74155	218947	85418	272951	119508	247450	176468	238687	324636	801519	336984	467740	976954	933977	1355923	1302270	1522250	3515701	6113770	3314104	3228261	1101464	3582736	1287013	1859650	0
LFQ	78	0	0	456705	0	0	27084	27745	244764	128837	98	38914	52594	35260	98812	17335	46995	24720	75966	223431	85979	281737	118675	234044	179040	244278	339334	805302	350769	435883	1013193	955906	1374339	1331084	1569809	3659726	6438221	3372494	3284579	968164	3429244	1080378	1552032	0
LFQ	79	0	0	510685	0	0	28256	26547	254974	122469	107	41146	53732	36509	94391	16810	49253	25650	79052	232754	86862	293263	119778	221287	182672	253995	358435	812153	366393	408637	1052491	972672	1395524	1361821	1613457	3812551	6752832	3419558	3317345	843264	3236546	886882	1262259	0
LFQ	80	0	0	566925	0	0	29380	25219	262379	113375	112	43632	54404	37260	88152	15907	51271	26157	81006	237375	89709	305490	119160	208422	189093	264047	378356	814605	383233	380244	1089511	989863	1422654	1389929	1655655	3969046	7075403	3458087	3325139	725604	3019855	711899	1004990	0
LFQ	81	0	0	624798	0	0	29767	23673	263605	102174	87	45546	54312	37744	81094	14760	53141	25999	81990	238449	90788	312691	116408	191793	194186	270483	395168	808416	398925	351652	1121766	998305	1443298	1417571	1699374	4123119	7425221	3495719	3323383	613709	2790174	557113	785676	0
LFQ	82	0	0	687167	0	0	31228	23595	275421	96422	101	47496	55061	38101	75508	14072	54968	26610	84448	243275	93367	320310	114490	174882	198272	276747	414327	796973	413566	322001	1150791	1000299	1463617	1439095	1730043	4276570	7791104	3515107	3291166	511530	2532151	423226	598509	0
LFQ	83	0	0	753654	0	0	32334	21959	281555	87879	119	50648	56621	39848	70555	13751	57356	26957	87445	250156	96980	330635	113189	160558	205129	285986	435512	790821	430668	295896	1189738	1004595	1494617	1471024	1763222	4433265	8121610	3513863	3213940	422610	2248308	311905	436135	0
LFQ	84	0	0	824187	0	0	32473	20043	278705	76416	129	52631	55235	39521	63431	12618	59219	26846	88962	249334	100885	339970	110711	144670	212398	294075	457319	783601	446705	272385	1220961	1009436	1527655	1494593	1796411	4607991	8454877	3512996	3101175	341709	1960625	222754	306526	0
LFQ	85	0	0	900859	0	0	33798	19552	290729	71377	91	54710	54307	40497	56907	12286	61086	27713	91466	255665	105474	346475	108078	129813	217784	303154	480065	768726	466107	249933	1252527	1011468	1556062	1524084	1819365	4765493	8778422	3490255	2956426	271587	1668351	151417	207589	0
LFQ	86	0	0	983637	0	0	35463	18360	300532	65002	119	57927	54783	41487	52207	11741	63758	28530	94038	260630	111544	357209	105109	115192	225045	312006	505350	754780	482809	229367	1283109	1007991	1586870	1555281	1840689	4925968	9086244	3445183	2777791	213761	1377387	98573	133682	0
LFQ	87	0	0	1071627	0	0	35110	16829	296161	57010	102	59727	54503	41701	46273	11095	65714	28199	95061	259755	117030	363346	99767	101855	231950	319008	527231	733390	499742	210690	1312916	1005662	1611984	1579665	1863110	5083189	9403310	3398659	2580842	161798	1110424	60901	82816	0
LFQ	88	0	0	1167148	0	0	34845	15463	293603	49179	101	60661	52562	41213	40575	10099	66436	28536	96738	259724	122897	367685	94213	88338	235968	325958	548952	704921	513845	191492	1330745	998911	1633821	1605771	1870736	5229027	9741933	3338636	2363208	121074	866405	36048	48736	0
LFQ	89	0	0	1271527	0	0	36209	14715	303415	44825	109	62549	51439	41455	35934	9625	67864	28993	98608	263151	128501	370035	88040	76877	241998	331928	573725	676453	530594	175302	1353534	995435	1659370	1635472	1882145	5372849	10016296	3247079	2119176	88655	652499	20054	27025	0
LFQ	90	0	0	1387999	0	0	35280	12933	295891	38592	135	65124	51976	41754	31987	8899	69264	29099	100215	264318	135243	374777	83481	66754	247806	338758	598124	646047	547449	162289	1374761	990144	1680205	1662541	1888634	5504979	10280389	3146182	1866934	62389	473243	10685	14077	0
LFQ	91	0	0	1517053	0	0	34262	11439	285743	32869	111	64653	48699	40456	25884	8113	69245	28951	99827	260672	140134	373650	75587	56537	251734	343850	617314	611679	558468	148943	1386356	985166	1687643	1680936	1894066	5621146	10577043	3040086	1618760	43001	331907	5438	7128	0
LFQ	92	0	0	1662361	0	0	34246	10606	281801	28197	108	64343	46268	39546	21775	7747	69945	29271	100715	260525	145109	371040	67865	47761	253097	347595	636889	571906	571962	136961	1396338	981229	1702117	1701243	1893681	5722776	10828437	2917358	1371825	28350	221814	2869	3441	0
LFQ	93	0	0	1827817	0	0	34538	9713	289025	25522	110	65223	44409	39325	18051	7143	70757	30134	101041	267684	152155	371401	61614	41751	259229	353595	668009	543466	586636	126183	1414649	981293	1714840	1724739	1892019	5819037	10983249	2761094	1126052	18360	139991	1452	1771	0
LFQ	94	0	0	2013882	0	0	31734	8081	264342	21424	95	64584	41973	37064	14457	6298	70410	29291	101124	257960	157659	366526	54347	35174	262192	356899	683259	503584	596872	116524	1421479	983663	1730414	1753159	1899295	5919504	11150924	2606356	907576	11157	84915	824	1011	0
LFQ	95	0	0	2230276	0	0	29656	7057	249418	17875	97	61386	38017	13873	31681	5598	68553	28859	98946	252960	159296	352309	45736	30008	261734	354891	696562	459995	607833	106111	1417621	982277	1734990	1774210	1900666	6002415	11312231	2449363	719046	6409	49041	520	606	0
LFQ	96	0	0	2489030	0	0	26133	5434	222316	14763	125	57528	34385	12146	27904	4860	66488	28215	96808	252422	161402	339307	39128	26153	259769	354444	712333	420688	614491	97121	1418321	983700	1744611	1789282	1899049	6066337	11423030	2274178	556134	3650	26862	361	374	0
LFQ	97	0	0	2791322	0	0	20217	4119	185197	10973	63	48521	26760	9128	22214	3742	62605	27752	91633	240568	160321	319016	31672	22740	255972	350118	720252	377272	616993	88171	1411482	987914	1751793	1806053	1901046	6125289	11521000	2105257	425516	1933	14095	231	289	0
LFQ	98	0	0	3147911	0	0	12525	2463	127726	7077	69	35692	18806	6073	15849	2691	57004	27197	84883	232292	155856	291790	24391	20673	250890	344884	720290	334189	617572	78723	1400356	991338	1758801	1821234	1901242	6178057	11588812	1939934	322242	1061	7320	175	189	0
LFQ	99	0	0	3548190	0	0	3629	655	51337	2405	15	15824	8044	2544	7544	1387	51890	27420	77320	227533	145885	262254	18908	19408	242771	336577	716736	292682	619041	69801	1382478	992804	1761769	1823954	1904580	6207747	11655171	1787830	245029	588	3788	107	131	0
LFQ	100	0	0	3957838	0	0	0	0	40	28	0	11	2	4	665	159	49827	28503	70765	231189	135193	232906	13876	18719	230909	325435	698572	249951	615263	61459	1352078	994599	1764533	1830422	1907401	6235874	11665346	1638908	188763	382	2124	81	82	0
# GC Content of first fragments. Use `grep ^GCF | cut -f 2-` to extract this part.
GCF	0.25	2
GCF	1.76	5
GCF	3.27	4
GCF	4.02	9
GCF	5.03	21
GCF	6.03	19
GCF	7.04	38
GCF	7.79	39
GCF	8.29	38
GCF	8.79	90
GCF	9.30	92
GCF	9.80	167
GCF	10.30	168
GCF	11.06	281
GCF	11.81	464
GCF	12.31	465
GCF	12.81	741
GCF	13.32	742
GCF	13.82	1247
GCF	14.32	1246
GCF	14.82	2303
GCF	15.33	2302
GCF	15.83	3927
GCF	16.33	3932
GCF	16.83	7116
GCF	17.34	7115
GCF	17.84	12506
GCF	18.34	12511
GCF	18.84	21171
GCF	19.35	21173
GCF	19.85	34736
GCF	20.35	34743
GCF	20.85	53808
GCF	21.36	53828
GCF	21.86	82073
GCF	22.36	82117
GCF	22.86	119774
GCF	23.37	119818
GCF	23.87	168142
GCF	24.37	168205
GCF	24.87	227767
GCF	25.38	227814
GCF	25.88	298356
GCF	26.38	298454
GCF	26.88	377772
GCF	27.39	377930
GCF	27.89	463774
GCF	28.39	463875
GCF	28.89	554897
GCF	29.40	555165
GCF	29.90	642567
GCF	30.40	642751
GCF	30.90	732887
GCF	31.41	733138
GCF	31.91	818954
GCF	32.41	819251
GCF	32.91	902605
GCF	33.42	902859
GCF	33.92	974650
GCF	34.42	974925
GCF	34.92	1039120
GCF	35.43	1039306
GCF	35.93	1095279
GCF	36.43	1095543
GCF	36.93	1143743
GCF	37.44	1143895
GCF	37.94	1176650
GCF	38.44	1176917
GCF	38.94	1197041
GCF	39.45	1197142
GCF	39.95	1201194
GCF	40.45	1201279
GCF	40.95	1190337
GCF	41.46	1190311
GCF	41.96	1166802
GCF	42.46	1166662
GCF	42.96	1142038
GCF	43.47	1142021
GCF	43.97	1106241
GCF	44.47	1106073
GCF	44.97	1067951
GCF	45.48	1067913
GCF	45.98	1029389
GCF	46.48	1029356
GCF	46.98	990674
GCF	47.49	990587
GCF	47.99	955598
GCF	48.49	955559
GCF	48.99	926196
GCF	49.50	926234
GCF	50.00	895244
GCF	50.50	895213
GCF	51.01	869229
GCF	51.51	869176
GCF	52.01	838986
GCF	52.51	838849
GCF	53.02	816623
GCF	53.52	816586
GCF	54.02	792754
GCF	54.52	792693
GCF	55.03	765337
GCF	55.53	765368
GCF	56.03	739843
GCF	56.53	739890
GCF	57.04	712663
GCF	57.54	712756
GCF	58.04	681014
GCF	58.54	680935
GCF	59.05	646463
GCF	59.55	646338
GCF	60.05	600280
GCF	60.55	600175
GCF	61.06	551220
GCF	61.56	550903
GCF	62.06	493652
GCF	62.56	493409
GCF	63.07	437043
GCF	63.57	436764
GCF	64.07	377976
GCF	64.57	377825
GCF	65.08	323202
GCF	65.58	322993
GCF	66.08	269895
GCF	66.58	269719
GCF	67.09	221510
GCF	67.59	221333
GCF	68.09	176531
GCF	68.59	176319
GCF	69.10	137193
GCF	69.60	137070
GCF	70.10	104286
GCF	70.60	104166
GCF	71.11	77936
GCF	71.61	77874
GCF	72.11	57005
GCF	72.61	56938
GCF	73.12	42150
GCF	73.62	42102
GCF	74.12	30645
GCF	74.62	30604
GCF	75.13	22401
GCF	75.63	22381
GCF	76.13	15967
GCF	76.63	15940
GCF	77.14	11828
GCF	77.64	11804
GCF	78.14	8566
GCF	78.64	8553
GCF	79.15	6192
GCF	79.65	6195
GCF	80.15	4379
GCF	80.65	4367
GCF	81.16	3024
GCF	81.66	3020
GCF	82.16	1990
GCF	82.66	1991
GCF	83.17	1215
GCF	83.67	1214
GCF	84.17	653
GCF	84.67	654
GCF	85.43	336
GCF	86.43	194
GCF	87.19	72
GCF	87.69	71
GCF	88.44	52
GCF	89.45	23
GCF	90.45	11
GCF	91.46	7
GCF	92.46	4
GCF	93.47	7
GCF	94.47	3
GCF	95.98	2
GCF	97.49	0
GCF	98.49	1
# GC Content of last fragments. Use `grep ^GCL | cut -f 2-` to extract this part.
GCL	0.25	10
GCL	1.01	8
GCL	2.01	11
GCL	2.76	15
GCL	3.27	14
GCL	4.02	10
GCL	5.03	14
GCL	6.03	18
GCL	7.04	59
GCL	8.04	40
GCL	8.79	95
GCL	9.30	96
GCL	9.80	174
GCL	10.30	175
GCL	11.06	263
GCL	11.81	526
GCL	12.31	528
GCL	13.07	831
GCL	13.82	1356
GCL	14.32	1359
GCL	14.82	2377
GCL	15.33	2376
GCL	15.83	4187
GCL	16.33	4192
GCL	16.83	7611
GCL	17.34	7612
GCL	17.84	13590
GCL	18.34	13602
GCL	18.84	22498
GCL	19.35	22510
GCL	19.85	36653
GCL	20.35	36661
GCL	20.85	56460
GCL	21.36	56477
GCL	21.86	85283
GCL	22.36	85316
GCL	22.86	125114
GCL	23.37	125155
GCL	23.87	172337
GCL	24.37	172392
GCL	24.87	232637
GCL	25.38	232681
GCL	25.88	302075
GCL	26.38	302182
GCL	26.88	380885
GCL	27.39	381025
GCL	27.89	463441
GCL	28.39	463558
GCL	28.89	554028
GCL	29.40	554292
GCL	29.90	639825
GCL	30.40	640021
GCL	30.90	729221
GCL	31.41	729432
GCL	31.91	814585
GCL	32.41	814898
GCL	32.91	897274
GCL	33.42	897471
GCL	33.92	969086
GCL	34.42	969387
GCL	34.92	1029307
GCL	35.43	1029502
GCL	35.93	1087700
GCL	36.43	1087956
GCL	36.93	1135281
GCL	37.44	1135501
GCL	37.94	1168375
GCL	38.44	1168609
GCL	38.94	1189441
GCL	39.45	1189543
GCL	39.95	1189561
GCL	40.45	1189610
GCL	40.95	1180444
GCL	41.46	1180368
GCL	41.96	1163427
GCL	42.46	1163285
GCL	42.96	1135733
GCL	43.47	1135738
GCL	43.97	1101830
GCL	44.47	1101720
GCL	44.97	1066466
GCL	45.48	1066477
GCL	45.98	1028976
GCL	46.48	1028908
GCL	46.98	989092
GCL	47.49	989003
GCL	47.99	955448
GCL	48.49	955502
GCL	48.99	924264
GCL	49.50	924291
GCL	50.00	897811
GCL	50.50	897688
GCL	51.01	869267
GCL	51.51	869193
GCL	52.01	840866
GCL	52.51	840740
GCL	53.02	816690
GCL	53.52	816734
GCL	54.02	794272
GCL	54.52	794238
GCL	55.03	766085
GCL	55.53	766080
GCL	56.03	742545
GCL	56.53	742552
GCL	57.04	717051
GCL	57.54	717090
GCL	58.04	684609
GCL	58.54	684586
GCL	59.05	649399
GCL	59.55	649334
GCL	60.05	607366
GCL	60.55	607329
GCL	61.06	555003
GCL	61.56	554755
GCL	62.06	498052
GCL	62.56	497761
GCL	63.07	442097
GCL	63.57	441866
GCL	64.07	383169
GCL	64.57	383018
GCL	65.08	326101
GCL	65.58	325926
GCL	66.08	273576
GCL	66.58	273364
GCL	67.09	225354
GCL	67.59	225123
GCL	68.09	179779
GCL	68.59	179566
GCL	69.10	139949
GCL	69.60	139825
GCL	70.10	106236
GCL	70.60	106126
GCL	71.11	79761
GCL	71.61	79687
GCL	72.11	59181
GCL	72.61	59118
GCL	73.12	43296
GCL	73.62	43241
GCL	74.12	31320
GCL	74.62	31308
GCL	75.13	23247
GCL	75.63	23214
GCL	76.13	16959
GCL	76.63	16941
GCL	77.14	12087
GCL	77.64	12063
GCL	78.14	8902
GCL	78.64	8892
GCL	79.15	6406
GCL	79.65	6398
GCL	80.15	4660
GCL	80.65	4653
GCL	81.16	3095
GCL	81.66	3096
GCL	82.16	2066
GCL	82.66	2064
GCL	83.17	1189
GCL	83.67	1192
GCL	84.42	643
GCL	85.18	291
GCL	85.68	290
GCL	86.18	178
GCL	86.68	176
GCL	87.44	67
GCL	88.44	36
GCL	89.45	19
GCL	90.45	15
GCL	91.46	6
GCL	92.46	8
GCL	93.47	9
GCL	94.47	3
GCL	95.48	6
GCL	96.48	9
GCL	97.49	2
GCL	98.49	4
# ACGT content per cycle. Use `grep ^GCC | cut -f 2-` to extract this part. The columns are: cycle; A,C,G,T base counts as a percentage of all A/C/G/T bases [%]; and N and O counts as a percentage of all A/C/G/T bases [%]
GCC	1	28.01	21.62	21.71	28.67	0.03	0.00
GCC	2	28.44	21.15	21.28	29.13	0.00	0.00
GCC	3	27.91	21.67	21.81	28.61	0.00	0.00
GCC	4	27.73	21.82	21.96	28.49	0.01	0.00
GCC	5	27.87	21.66	21.81	28.65	0.00	0.00
GCC	6	27.34	22.19	22.36	28.11	0.00	0.00
GCC	7	27.52	22.00	22.17	28.31	0.00	0.00
GCC	8	27.84	21.66	21.84	28.66	0.00	0.00
GCC	9	27.62	21.85	22.03	28.49	0.00	0.00
GCC	10	27.59	21.87	22.06	28.48	0.00	0.00
GCC	11	27.59	21.88	22.05	28.48	0.00	0.00
GCC	12	27.49	21.96	22.15	28.40	0.00	0.00
GCC	13	27.55	21.89	22.07	28.48	0.00	0.00
GCC	14	27.59	21.85	22.04	28.53	0.00	0.00
GCC	15	27.51	21.91	22.12	28.47	0.00	0.00
GCC	16	27.49	21.93	22.11	28.48	0.00	0.00
GCC	17	27.49	21.90	22.12	28.49	0.00	0.00
GCC	18	27.35	22.04	22.24	28.37	0.00	0.00
GCC	19	27.37	22.02	22.23	28.38	0.00	0.00
GCC	20	27.34	22.03	22.23	28.40	0.00	0.00
GCC	21	27.24	22.13	22.33	28.30	0.00	0.00
GCC	22	27.23	22.13	22.33	28.31	0.00	0.00
GCC	23	27.23	22.12	22.33	28.32	0.00	0.00
GCC	24	27.13	22.22	22.43	28.22	0.00	0.00
GCC	25	27.15	22.19	22.42	28.25	0.00	0.00
GCC	26	27.15	22.18	22.39	28.28	0.00	0.00
GCC	27	27.07	22.26	22.48	28.20	0.00	0.00
GCC	28	27.07	22.25	22.46	28.22	0.01	0.00
GCC	29	27.08	22.21	22.44	28.27	0.00	0.00
GCC	30	26.98	22.29	22.53	28.19	0.00	0.00
GCC	31	27.01	22.27	22.51	28.21	0.00	0.00
GCC	32	27.01	22.26	22.50	28.22	0.00	0.00
GCC	33	26.91	22.35	22.59	28.14	0.00	0.00
GCC	34	26.95	22.32	22.55	28.18	0.00	0.00
GCC	35	26.94	22.30	22.56	28.21	0.00	0.00
GCC	36	26.86	22.38	22.64	28.12	0.00	0.00
GCC	37	26.88	22.35	22.62	28.15	0.00	0.00
GCC	38	26.90	22.34	22.58	28.18	0.00	0.00
GCC	39	26.82	22.40	22.66	28.12	0.00	0.00
GCC	40	26.83	22.38	22.64	28.15	0.00	0.00
GCC	41	26.85	22.35	22.62	28.18	0.00	0.00
GCC	42	26.77	22.43	22.70	28.10	0.00	0.00
GCC	43	26.79	22.41	22.67	28.14	0.00	0.00
GCC	44	26.80	22.39	22.64	28.18	0.00	0.00
GCC	45	26.73	22.46	22.72	28.09	0.00	0.00
GCC	46	26.75	22.44	22.70	28.12	0.00	0.00
GCC	47	26.77	22.40	22.67	28.16	0.00	0.00
GCC	48	26.70	22.48	22.74	28.08	0.00	0.00
GCC	49	26.72	22.46	22.72	28.10	0.00	0.00
GCC	50	26.73	22.43	22.70	28.14	0.00	0.00
GCC	51	26.69	22.48	22.76	28.07	0.00	0.00
GCC	52	26.68	22.47	22.74	28.11	0.00	0.00
GCC	53	26.72	22.44	22.71	28.13	0.00	0.00
GCC	54	26.67	22.50	22.77	28.07	0.00	0.00
GCC	55	26.67	22.47	22.75	28.11	0.00	0.00
GCC	56	26.68	22.46	22.73	28.12	0.00	0.00
GCC	57	26.62	22.51	22.79	28.08	0.00	0.00
GCC	58	26.64	22.51	22.77	28.09	0.00	0.00
GCC	59	26.68	22.45	22.73	28.14	0.00	0.00
GCC	60	26.61	22.52	22.80	28.07	0.00	0.00
GCC	61	26.63	22.50	22.77	28.10	0.00	0.00
GCC	62	26.65	22.47	22.77	28.11	0.00	0.00
GCC	63	26.59	22.53	22.82	28.06	0.00	0.00
GCC	64	26.60	22.51	22.80	28.09	0.00	0.00
GCC	65	26.62	22.50	22.78	28.09	0.00	0.00
GCC	66	26.57	22.55	22.82	28.05	0.00	0.00
GCC	67	26.58	22.53	22.82	28.06	0.00	0.00
GCC	68	26.61	22.50	22.80	28.10	0.00	0.00
GCC	69	26.55	22.57	22.84	28.04	0.00	0.00
GCC	70	26.58	22.53	22.84	28.05	0.00	0.00
GCC	71	26.58	22.52	22.81	28.09	0.00	0.00
GCC	72	26.54	22.58	22.85	28.02	0.00	0.00
GCC	73	26.55	22.56	22.84	28.05	0.00	0.00
GCC	74	26.59	22.54	22.81	28.07	0.00	0.00
GCC	75	26.52	22.60	22.89	28.00	0.00	0.00
GCC	76	26.54	22.57	22.85	28.03	0.00	0.00
GCC	77	26.57	22.54	22.84	28.05	0.00	0.00
GCC	78	26.52	22.59	22.88	28.01	0.00	0.00
GCC	79	26.53	22.60	22.86	28.01	0.00	0.00
GCC	80	26.57	22.55	22.85	28.04	0.00	0.00
GCC	81	26.51	22.60	22.89	28.00	0.00	0.00
GCC	82	26.53	22.58	22.87	28.01	0.00	0.00
GCC	83	26.56	22.57	22.83	28.04	0.00	0.00
GCC	84	26.49	22.64	22.90	27.97	0.00	0.00
GCC	85	26.52	22.60	22.88	28.00	0.00	0.00
GCC	86	26.55	22.59	22.86	28.01	0.00	0.00
GCC	87	26.50	22.62	22.90	27.98	0.00	0.00
GCC	88	26.51	22.61	22.88	27.99	0.00	0.00
GCC	89	26.54	22.59	22.86	28.01	0.00	0.00
GCC	90	26.49	22.64	22.91	27.96	0.00	0.00
GCC	91	26.51	22.62	22.89	27.98	0.00	0.00
GCC	92	26.53	22.60	22.87	28.00	0.00	0.00
GCC	93	26.50	22.64	22.91	27.96	0.00	0.00
GCC	94	26.51	22.63	22.90	27.96	0.00	0.00
GCC	95	26.54	22.59	22.86	28.01	0.00	0.00
GCC	96	26.49	22.65	22.92	27.94	0.00	0.00
GCC	97	26.52	22.63	22.89	27.96	0.00	0.00
GCC	98	26.53	22.61	22.89	27.97	0.00	0.00
GCC	99	26.48	22.66	22.92	27.93	0.00	0.00
GCC	100	26.49	22.65	22.92	27.93	0.00	0.00
# ACGT content per cycle, read oriented. Use `grep ^GCT | cut -f 2-` to extract this part. The columns are: cycle; A,C,G,T base counts as a percentage of all A/C/G/T bases [%]
GCT	1	30.03	22.76	20.57	26.65
GCT	2	29.76	20.14	22.29	27.81
GCT	3	27.57	22.04	21.44	28.96
GCT	4	27.43	22.17	21.61	28.78
GCT	5	27.69	22.01	21.46	28.83
GCT	6	27.83	22.66	21.89	27.63
GCT	7	27.79	22.23	21.94	28.03
GCT	8	27.87	22.22	21.28	28.63
GCT	9	27.33	22.37	21.52	28.78
GCT	10	27.71	22.24	21.69	28.36
GCT	11	27.67	22.31	21.62	28.40
GCT	12	27.59	22.43	21.69	28.30
GCT	13	27.77	22.31	21.65	28.27
GCT	14	27.80	22.26	21.62	28.31
GCT	15	27.66	22.37	21.65	28.32
GCT	16	27.66	22.38	21.65	28.30
GCT	17	27.63	22.34	21.68	28.35
GCT	18	27.47	22.54	21.74	28.25
GCT	19	27.51	22.50	21.75	28.24
GCT	20	27.48	22.47	21.79	28.26
GCT	21	27.36	22.62	21.84	28.18
GCT	22	27.43	22.59	21.88	28.10
GCT	23	27.47	22.53	21.92	28.09
GCT	24	27.35	22.69	21.96	28.01
GCT	25	27.42	22.61	22.00	27.97
GCT	26	27.45	22.53	22.03	27.98
GCT	27	27.34	22.68	22.06	27.93
GCT	28	27.42	22.64	22.07	27.87
GCT	29	27.43	22.58	22.07	27.92
GCT	30	27.32	22.70	22.13	27.85
GCT	31	27.40	22.65	22.13	27.82
GCT	32	27.40	22.61	22.16	27.83
GCT	33	27.30	22.73	22.21	27.76
GCT	34	27.39	22.67	22.20	27.74
GCT	35	27.37	22.66	22.20	27.77
GCT	36	27.27	22.75	22.27	27.71
GCT	37	27.34	22.71	22.26	27.69
GCT	38	27.34	22.67	22.25	27.74
GCT	39	27.26	22.77	22.29	27.68
GCT	40	27.32	22.72	22.30	27.66
GCT	41	27.34	22.68	22.29	27.69
GCT	42	27.23	22.79	22.34	27.64
GCT	43	27.29	22.75	22.33	27.63
GCT	44	27.30	22.70	22.32	27.67
GCT	45	27.21	22.81	22.37	27.61
GCT	46	27.27	22.77	22.36	27.60
GCT	47	27.30	22.71	22.36	27.64
GCT	48	27.19	22.82	22.41	27.59
GCT	49	27.25	22.77	22.41	27.56
GCT	50	27.28	22.73	22.41	27.59
GCT	51	27.20	22.82	22.43	27.56
GCT	52	27.26	22.77	22.44	27.53
GCT	53	27.26	22.73	22.42	27.58
GCT	54	27.18	22.83	22.44	27.55
GCT	55	27.25	22.78	22.44	27.53
GCT	56	27.25	22.75	22.44	27.56
GCT	57	27.18	22.84	22.46	27.52
GCT	58	27.23	22.80	22.47	27.49
GCT	59	27.26	22.75	22.44	27.55
GCT	60	27.16	22.84	22.48	27.52
GCT	61	27.24	22.80	22.48	27.49
GCT	62	27.24	22.74	22.50	27.52
GCT	63	27.15	22.85	22.50	27.49
GCT	64	27.23	22.80	22.51	27.46
GCT	65	27.23	22.75	22.53	27.48
GCT	66	27.16	22.84	22.54	27.47
GCT	67	27.21	22.81	22.54	27.44
GCT	68	27.23	22.76	22.54	27.47
GCT	69	27.17	22.84	22.57	27.42
GCT	70	27.23	22.78	22.59	27.40
GCT	71	27.24	22.73	22.60	27.43
GCT	72	27.17	22.81	22.62	27.40
GCT	73	27.23	22.77	22.63	27.37
GCT	74	27.24	22.74	22.61	27.41
GCT	75	27.16	22.81	22.67	27.36
GCT	76	27.22	22.77	22.65	27.35
GCT	77	27.23	22.74	22.64	27.39
GCT	78	27.18	22.80	22.67	27.35
GCT	79	27.22	22.77	22.69	27.32
GCT	80	27.25	22.72	22.67	27.35
GCT	81	27.19	22.79	22.70	27.32
GCT	82	27.25	22.74	22.71	27.29
GCT	83	27.27	22.70	22.70	27.33
GCT	84	27.18	22.79	22.74	27.28
GCT	85	27.27	22.74	22.74	27.25
GCT	86	27.27	22.71	22.74	27.28
GCT	87	27.20	22.77	22.75	27.27
GCT	88	27.25	22.73	22.76	27.25
GCT	89	27.28	22.69	22.77	27.27
GCT	90	27.21	22.76	22.80	27.24
GCT	91	27.26	22.71	22.80	27.22
GCT	92	27.29	22.69	22.78	27.24
GCT	93	27.23	22.74	22.80	27.22
GCT	94	27.29	22.72	22.80	27.19
GCT	95	27.31	22.66	22.79	27.24
GCT	96	27.23	22.73	22.84	27.19
GCT	97	27.28	22.70	22.83	27.19
GCT	98	27.30	22.67	22.83	27.20
GCT	99	27.24	22.72	22.86	27.18
GCT	100	27.27	22.68	22.89	27.15
# ACGT content per cycle for first fragments. Use `grep ^FBC | cut -f 2-` to extract this part. The columns are: cycle; A,C,G,T base counts as a percentage of all A/C/G/T bases [%]; and N and O counts as a percentage of all A/C/G/T bases [%]
FBC	1	27.95	21.50	21.77	28.78	0.06	0.00
FBC	2	28.46	21.15	21.14	29.25	0.01	0.00
FBC	3	28.18	21.42	21.62	28.77	0.00	0.00
FBC	4	27.96	21.60	21.80	28.64	0.03	0.00
FBC	5	27.98	21.56	21.78	28.68	0.00	0.00
FBC	6	27.46	22.04	22.28	28.22	0.00	0.00
FBC	7	27.61	21.92	22.10	28.37	0.00	0.00
FBC	8	27.90	21.59	21.84	28.67	0.00	0.00
FBC	9	27.74	21.76	22.02	28.48	0.00	0.00
FBC	10	27.67	21.79	22.03	28.51	0.00	0.00
FBC	11	27.65	21.80	22.04	28.51	0.00	0.00
FBC	12	27.55	21.89	22.15	28.41	0.00	0.00
FBC	13	27.60	21.83	22.07	28.51	0.00	0.00
FBC	14	27.63	21.80	22.05	28.52	0.00	0.00
FBC	15	27.53	21.88	22.13	28.46	0.00	0.00
FBC	16	27.51	21.90	22.12	28.47	0.00	0.00
FBC	17	27.50	21.87	22.14	28.48	0.00	0.00
FBC	18	27.39	22.01	22.25	28.35	0.00	0.00
FBC	19	27.40	21.98	22.25	28.37	0.00	0.00
FBC	20	27.39	22.00	22.24	28.38	0.00	0.00
FBC	21	27.28	22.10	22.35	28.27	0.00	0.00
FBC	22	27.28	22.09	22.34	28.29	0.00	0.00
FBC	23	27.28	22.07	22.33	28.32	0.00	0.00
FBC	24	27.17	22.16	22.45	28.22	0.00	0.00
FBC	25	27.17	22.15	22.43	28.25	0.00	0.00
FBC	26	27.20	22.14	22.39	28.27	0.00	0.00
FBC	27	27.09	22.22	22.50	28.19	0.00	0.00
FBC	28	27.09	22.20	22.47	28.24	0.01	0.00
FBC	29	27.11	22.18	22.44	28.26	0.00	0.00
FBC	30	27.02	22.25	22.54	28.20	0.00	0.00
FBC	31	27.03	22.24	22.53	28.20	0.00	0.00
FBC	32	27.03	22.24	22.52	28.22	0.00	0.00
FBC	33	26.94	22.31	22.60	28.15	0.00	0.00
FBC	34	26.97	22.29	22.56	28.18	0.00	0.00
FBC	35	26.96	22.28	22.57	28.20	0.00	0.00
FBC	36	26.88	22.33	22.64	28.14	0.00	0.00
FBC	37	26.91	22.32	22.62	28.16	0.00	0.00
FBC	38	26.92	22.31	22.59	28.18	0.00	0.00
FBC	39	26.83	22.38	22.67	28.12	0.00	0.00
FBC	40	26.86	22.36	22.64	28.15	0.00	0.00
FBC	41	26.88	22.32	22.61	28.19	0.00	0.00
FBC	42	26.80	22.41	22.70	28.10	0.00	0.00
FBC	43	26.81	22.37	22.68	28.14	0.00	0.00
FBC	44	26.82	22.36	22.65	28.17	0.00	0.00
FBC	45	26.75	22.44	22.72	28.09	0.00	0.00
FBC	46	26.77	22.42	22.71	28.10	0.00	0.00
FBC	47	26.78	22.37	22.67	28.17	0.00	0.00
FBC	48	26.72	22.46	22.75	28.07	0.00	0.00
FBC	49	26.74	22.45	22.71	28.11	0.00	0.00
FBC	50	26.74	22.41	22.70	28.15	0.00	0.00
FBC	51	26.69	22.46	22.78	28.07	0.00	0.00
FBC	52	26.70	22.44	22.76	28.10	0.00	0.00
FBC	53	26.73	22.43	22.73	28.12	0.00	0.00
FBC	54	26.68	22.48	22.77	28.07	0.00	0.00
FBC	55	26.68	22.46	22.76	28.10	0.00	0.00
FBC	56	26.68	22.45	22.73	28.13	0.00	0.00
FBC	57	26.64	22.50	22.79	28.08	0.00	0.00
FBC	58	26.65	22.49	22.77	28.09	0.00	0.00
FBC	59	26.69	22.45	22.74	28.12	0.00	0.00
FBC	60	26.63	22.51	22.81	28.05	0.00	0.00
FBC	61	26.64	22.50	22.78	28.08	0.00	0.00
FBC	62	26.66	22.47	22.77	28.10	0.00	0.00
FBC	63	26.61	22.51	22.85	28.04	0.00	0.00
FBC	64	26.60	22.51	22.81	28.07	0.00	0.00
FBC	65	26.62	22.51	22.80	28.07	0.00	0.00
FBC	66	26.57	22.55	22.85	28.04	0.00	0.00
FBC	67	26.59	22.53	22.83	28.05	0.00	0.00
FBC	68	26.60	22.51	22.82	28.08	0.00	0.00
FBC	69	26.54	22.57	22.87	28.02	0.00	0.00
FBC	70	26.57	22.54	22.87	28.03	0.00	0.00
FBC	71	26.57	22.53	22.83	28.07	0.00	0.00
FBC	72	26.53	22.59	22.87	28.01	0.00	0.00
FBC	73	26.53	22.57	22.86	28.05	0.00	0.00
FBC	74	26.57	22.55	22.83	28.05	0.00	0.00
FBC	75	26.52	22.61	22.90	27.98	0.00	0.00
FBC	76	26.54	22.59	22.86	28.02	0.00	0.00
FBC	77	26.56	22.55	22.85	28.04	0.00	0.00
FBC	78	26.51	22.61	22.89	27.99	0.00	0.00
FBC	79	26.51	22.61	22.88	28.00	0.00	0.00
FBC	80	26.56	22.56	22.86	28.03	0.00	0.00
FBC	81	26.50	22.61	22.90	27.99	0.00	0.00
FBC	82	26.52	22.60	22.88	28.00	0.00	0.00
FBC	83	26.55	22.59	22.83	28.02	0.00	0.00
FBC	84	26.47	22.66	22.90	27.97	0.00	0.00
FBC	85	26.51	22.62	22.89	27.99	0.00	0.00
FBC	86	26.53	22.60	22.86	28.01	0.00	0.00
FBC	87	26.48	22.64	22.90	27.98	0.00	0.00
FBC	88	26.49	22.64	22.89	27.97	0.00	0.00
FBC	89	26.52	22.62	22.87	28.00	0.00	0.00
FBC	90	26.47	22.66	22.93	27.95	0.00	0.00
FBC	91	26.48	22.64	22.91	27.97	0.00	0.00
FBC	92	26.52	22.62	22.88	27.99	0.00	0.00
FBC	93	26.48	22.66	22.92	27.94	0.00	0.00
FBC	94	26.48	22.65	22.91	27.96	0.00	0.00
FBC	95	26.51	22.62	22.87	28.00	0.00	0.00
FBC	96	26.46	22.68	22.92	27.93	0.00	0.00
FBC	97	26.49	22.67	22.90	27.94	0.00	0.00
FBC	98	26.50	22.63	22.90	27.97	0.00	0.00
FBC	99	26.46	22.68	22.94	27.92	0.00	0.00
FBC	100	26.45	22.68	22.94	27.92	0.00	0.00
# ACGT raw counters for first fragments. Use `grep ^FTC | cut -f 2-` to extract this part. The columns are: A,C,G,T,N base counters
FTC	931337519	772622417	781959557	975147635	43988
# ACGT content per cycle for last fragments. Use `grep ^LBC | cut -f 2-` to extract this part. The columns are: cycle; A,C,G,T base counts as a percentage of all A/C/G/T bases [%]; and N and O counts as a percentage of all A/C/G/T bases [%]
LBC	1	28.06	21.73	21.65	28.55	0.01	0.00
LBC	2	28.42	21.15	21.42	29.01	0.00	0.00
LBC	3	27.64	21.91	21.99	28.45	0.00	0.00
LBC	4	27.50	22.04	22.13	28.34	0.00	0.00
LBC	5	27.77	21.75	21.85	28.63	0.00	0.00
LBC	6	27.23	22.34	22.43	28.00	0.00	0.00
LBC	7	27.43	22.09	22.24	28.24	0.00	0.00
LBC	8	27.78	21.73	21.84	28.66	0.00	0.00
LBC	9	27.50	21.94	22.05	28.50	0.00	0.00
LBC	10	27.52	21.94	22.09	28.44	0.00	0.00
LBC	11	27.53	21.95	22.06	28.46	0.00	0.00
LBC	12	27.43	22.04	22.15	28.39	0.00	0.00
LBC	13	27.51	21.95	22.07	28.46	0.00	0.00
LBC	14	27.54	21.89	22.03	28.54	0.00	0.00
LBC	15	27.48	21.93	22.10	28.49	0.00	0.00
LBC	16	27.46	21.95	22.09	28.49	0.00	0.00
LBC	17	27.47	21.93	22.09	28.51	0.00	0.00
LBC	18	27.31	22.08	22.22	28.39	0.00	0.00
LBC	19	27.33	22.07	22.21	28.39	0.00	0.00
LBC	20	27.30	22.07	22.22	28.41	0.00	0.00
LBC	21	27.20	22.17	22.31	28.32	0.00	0.00
LBC	22	27.18	22.17	22.32	28.32	0.00	0.00
LBC	23	27.18	22.17	22.33	28.32	0.00	0.00
LBC	24	27.09	22.27	22.42	28.22	0.00	0.00
LBC	25	27.12	22.23	22.40	28.25	0.00	0.00
LBC	26	27.11	22.22	22.39	28.28	0.00	0.00
LBC	27	27.05	22.29	22.46	28.20	0.00	0.00
LBC	28	27.05	22.29	22.45	28.21	0.00	0.00
LBC	29	27.06	22.24	22.44	28.27	0.00	0.00
LBC	30	26.95	22.34	22.53	28.18	0.00	0.00
LBC	31	26.98	22.31	22.49	28.22	0.00	0.00
LBC	32	26.99	22.29	22.48	28.23	0.00	0.00
LBC	33	26.89	22.39	22.59	28.14	0.00	0.00
LBC	34	26.92	22.34	22.55	28.19	0.00	0.00
LBC	35	26.92	22.31	22.55	28.21	0.00	0.00
LBC	36	26.83	22.42	22.64	28.11	0.00	0.00
LBC	37	26.85	22.38	22.62	28.15	0.00	0.00
LBC	38	26.89	22.37	22.56	28.18	0.00	0.00
LBC	39	26.81	22.43	22.65	28.11	0.00	0.00
LBC	40	26.81	22.40	22.64	28.15	0.00	0.00
LBC	41	26.83	22.39	22.62	28.17	0.00	0.00
LBC	42	26.74	22.46	22.69	28.10	0.00	0.00
LBC	43	26.76	22.44	22.67	28.13	0.00	0.00
LBC	44	26.79	22.41	22.62	28.18	0.00	0.00
LBC	45	26.70	22.49	22.71	28.10	0.00	0.00
LBC	46	26.73	22.45	22.69	28.13	0.00	0.00
LBC	47	26.76	22.43	22.67	28.15	0.00	0.00
LBC	48	26.68	22.50	22.74	28.08	0.00	0.00
LBC	49	26.70	22.48	22.72	28.10	0.00	0.00
LBC	50	26.72	22.45	22.71	28.12	0.00	0.00
LBC	51	26.69	22.50	22.74	28.07	0.00	0.00
LBC	52	26.67	22.49	22.72	28.12	0.00	0.00
LBC	53	26.70	22.46	22.69	28.14	0.00	0.00
LBC	54	26.66	22.52	22.76	28.06	0.00	0.00
LBC	55	26.67	22.48	22.73	28.11	0.00	0.00
LBC	56	26.68	22.47	22.73	28.12	0.00	0.00
LBC	57	26.60	22.52	22.79	28.09	0.00	0.00
LBC	58	26.63	22.52	22.77	28.08	0.00	0.00
LBC	59	26.67	22.45	22.73	28.15	0.00	0.00
LBC	60	26.60	22.53	22.79	28.09	0.00	0.00
LBC	61	26.63	22.50	22.76	28.11	0.00	0.00
LBC	62	26.65	22.47	22.76	28.12	0.00	0.00
LBC	63	26.57	22.56	22.80	28.08	0.00	0.00
LBC	64	26.60	22.51	22.79	28.10	0.00	0.00
LBC	65	26.63	22.49	22.76	28.12	0.00	0.00
LBC	66	26.58	22.56	22.80	28.06	0.00	0.00
LBC	67	26.58	22.53	22.81	28.07	0.00	0.00
LBC	68	26.62	22.49	22.78	28.11	0.00	0.00
LBC	69	26.55	22.56	22.82	28.07	0.00	0.00
LBC	70	26.59	22.52	22.82	28.07	0.00	0.00
LBC	71	26.59	22.51	22.79	28.11	0.00	0.00
LBC	72	26.55	22.56	22.84	28.04	0.00	0.00
LBC	73	26.57	22.55	22.83	28.06	0.00	0.00
LBC	74	26.60	22.53	22.79	28.08	0.00	0.00
LBC	75	26.52	22.58	22.88	28.02	0.00	0.00
LBC	76	26.55	22.56	22.84	28.05	0.00	0.00
LBC	77	26.58	22.53	22.82	28.07	0.00	0.00
LBC	78	26.53	22.58	22.88	28.02	0.00	0.00
LBC	79	26.54	22.58	22.85	28.02	0.00	0.00
LBC	80	26.58	22.53	22.84	28.05	0.00	0.00
LBC	81	26.52	22.60	22.88	28.00	0.00	0.00
LBC	82	26.55	22.57	22.87	28.02	0.00	0.00
LBC	83	26.58	22.54	22.83	28.05	0.00	0.00
LBC	84	26.50	22.62	22.90	27.98	0.00	0.00
LBC	85	26.53	22.59	22.87	28.01	0.00	0.00
LBC	86	26.57	22.57	22.86	28.01	0.00	0.00
LBC	87	26.52	22.61	22.90	27.98	0.00	0.00
LBC	88	26.53	22.58	22.88	28.01	0.00	0.00
LBC	89	26.56	22.56	22.86	28.02	0.00	0.00
LBC	90	26.51	22.63	22.90	27.97	0.00	0.00
LBC	91	26.54	22.60	22.88	27.98	0.00	0.00
LBC	92	26.55	22.57	22.87	28.00	0.00	0.00
LBC	93	26.52	22.61	22.90	27.97	0.00	0.00
LBC	94	26.55	22.60	22.88	27.97	0.00	0.00
LBC	95	26.56	22.57	22.86	28.01	0.00	0.00
LBC	96	26.52	22.62	22.92	27.94	0.00	0.00
LBC	97	26.55	22.60	22.89	27.97	0.00	0.00
LBC	98	26.56	22.59	22.88	27.97	0.00	0.00
LBC	99	26.51	22.64	22.90	27.95	0.00	0.00
LBC	100	26.53	22.62	22.91	27.95	0.00	0.00
# ACGT raw counters for last fragments. Use `grep ^LTC | cut -f 2-` to extract this part. The columns are: A,C,G,T,N base counters
LTC	930145444	774086313	781837451	975027159	14749
# Insert sizes. Use `grep ^IS | cut -f 2-` to extract this part. The columns are: insert size, pairs total, inward oriented pairs, outward oriented pairs, other pairs
IS	0	112	0	2	110
IS	1	0	0	0	0
IS	2	15	0	12	3
IS	3	15	0	12	3
IS	4	14	0	14	0
IS	5	19	0	19	0
IS	6	15	0	15	0
IS	7	12	0	12	0
IS	8	21	0	21	0
IS	9	14	0	14	0
IS	10	24	0	24	0
IS	11	14	0	14	0
IS	12	23	0	23	0
IS	13	19	0	18	1
IS	14	25	0	24	1
IS	15	11	0	11	0
IS	16	21	0	21	0
IS	17	23	0	22	1
IS	18	23	0	22	1
IS	19	49	25	23	1
IS	20	40	22	18	0
IS	21	48	19	28	1
IS	22	39	19	20	0
IS	23	43	12	30	1
IS	24	23	5	18	0
IS	25	37	15	21	1
IS	26	40	16	21	3
IS	27	37	7	29	1
IS	28	37	9	25	3
IS	29	39	10	29	0
IS	30	42	11	31	0
IS	31	46	29	17	0
IS	32	44	31	11	2
IS	33	44	20	24	0
IS	34	50	32	17	1
IS	35	42	25	17	0
IS	36	46	23	22	1
IS	37	48	32	14	2
IS	38	58	39	16	3
IS	39	52	19	33	0
IS	40	60	35	23	2
IS	41	36	22	13	1
IS	42	53	31	21	1
IS	43	84	58	24	2
IS	44	62	44	16	2
IS	45	58	40	17	1
IS	46	62	43	17	2
IS	47	58	32	19	7
IS	48	71	45	24	2
IS	49	80	47	30	3
IS	50	82	56	21	5
IS	51	66	39	19	8
IS	52	78	42	31	5
IS	53	98	73	23	2
IS	54	110	80	29	1
IS	55	89	58	28	3
IS	56	110	79	27	4
IS	57	107	79	25	3
IS	58	126	92	30	4
IS	59	135	89	37	9
IS	60	109	79	28	2
IS	61	118	84	28	6
IS	62	114	87	26	1
IS	63	110	80	25	5
IS	64	84	60	21	3
IS	65	127	93	28	6
IS	66	204	180	21	3
IS	67	101	75	22	4
IS	68	119	92	20	7
IS	69	125	82	33	10
IS	70	118	92	23	3
IS	71	117	86	27	4
IS	72	138	97	38	3
IS	73	149	109	35	5
IS	74	130	89	36	5
IS	75	134	117	15	2
IS	76	185	159	23	3
IS	77	150	123	23	4
IS	78	173	149	22	2
IS	79	242	208	27	7
IS	80	271	241	24	6
IS	81	303	264	34	5
IS	82	394	360	28	6
IS	83	646	614	25	7
IS	84	377	350	24	3
IS	85	465	429	30	6
IS	86	758	726	23	9
IS	87	1607	1582	21	4
IS	88	2408	2380	25	3
IS	89	3755	3721	27	7
IS	90	4302	4273	21	8
IS	91	5019	4983	31	5
IS	92	5675	5631	36	8
IS	93	6652	6615	32	5
IS	94	7476	7439	33	4
IS	95	8459	8425	30	4
IS	96	9669	9623	41	5
IS	97	10633	10583	42	8
IS	98	12158	12065	84	9
IS	99	13503	13325	176	2
IS	100	14848	14840	5	3
IS	101	16288	16279	4	5
IS	102	18145	18131	4	10
IS	103	20069	20063	2	4
IS	104	22170	22165	1	4
IS	105	24140	24136	1	3
IS	106	26568	26563	1	4
IS	107	28570	28563	2	5
IS	108	30687	30678	4	5
IS	109	33831	33824	1	6
IS	110	36291	36282	1	8
IS	111	39305	39302	0	3
IS	112	42277	42270	2	5
IS	113	44683	44674	0	9
IS	114	48211	48205	2	4
IS	115	51508	51498	5	5
IS	116	54946	54938	1	7
IS	117	58018	58008	2	8
IS	118	61337	61325	2	10
IS	119	64501	64490	2	9
IS	120	67857	67844	0	13
IS	121	71097	71083	1	13
IS	122	74786	74777	1	8
IS	123	77835	77825	4	6
IS	124	81536	81526	3	7
IS	125	85106	85097	2	7
IS	126	88498	88494	0	4
IS	127	92160	92152	1	7
IS	128	94954	94941	0	13
IS	129	98738	98728	3	7
IS	130	102719	102711	2	6
IS	131	105399	105389	4	6
IS	132	109465	109456	0	9
IS	133	111878	111873	0	5
IS	134	114931	114927	0	4
IS	135	118037	118033	1	3
IS	136	121131	121124	2	5
IS	137	124096	124086	3	7
IS	138	126472	126460	2	10
IS	139	129856	129851	0	5
IS	140	133215	133207	2	6
IS	141	135106	135100	1	5
IS	142	137734	137727	1	6
IS	143	139734	139724	3	7
IS	144	142141	142129	2	10
IS	145	144912	144907	0	5
IS	146	147249	147241	3	5
IS	147	149988	149984	0	4
IS	148	151571	151560	3	8
IS	149	154552	154543	2	7
IS	150	155413	155403	1	9
IS	151	157768	157760	1	7
IS	152	159676	159673	2	1
IS	153	161318	161304	3	11
IS	154	163077	163069	5	3
IS	155	166075	166069	0	6
IS	156	166148	166135	0	13
IS	157	167806	167798	2	6
IS	158	170537	170530	0	7
IS	159	171351	171337	3	11
IS	160	172647	172642	2	3
IS	161	174449	174443	2	4
IS	162	175234	175227	1	6
IS	163	177679	177668	1	10
IS	164	178084	178074	1	9
IS	165	178770	178767	0	3
IS	166	179345	179337	1	7
IS	167	181029	181020	0	9
IS	168	183099	183095	0	4
IS	169	183933	183923	5	5
IS	170	184650	184641	3	6
IS	171	185080	185075	0	5
IS	172	185581	185577	1	3
IS	173	186941	186935	2	4
IS	174	186447	186441	3	3
IS	175	187854	187845	1	8
IS	176	188524	188516	0	8
IS	177	189952	189944	0	8
IS	178	189682	189675	2	5
IS	179	190326	190314	3	9
IS	180	190302	190296	2	4
IS	181	190961	190951	2	8
IS	182	191277	191266	2	9
IS	183	191541	191534	3	4
IS	184	191447	191445	1	1
IS	185	192448	192445	1	2
IS	186	191109	191104	0	5
IS	187	190906	190898	0	8
IS	188	191281	191274	2	5
IS	189	191165	191157	0	8
IS	190	191840	191833	2	5
IS	191	190344	190340	0	4
IS	192	191843	191832	3	8
IS	193	191800	191794	2	4
IS	194	190934	190930	0	4
IS	195	190693	190687	1	5
IS	196	190049	190041	2	6
IS	197	190346	190342	0	4
IS	198	188891	188886	1	4
IS	199	189031	189028	0	3
IS	200	188676	188672	3	1
IS	201	188071	188065	1	5
IS	202	187889	187887	0	2
IS	203	188007	187998	1	8
IS	204	186563	186559	0	4
IS	205	186070	186063	3	4
IS	206	186372	186369	0	3
IS	207	185104	185101	0	3
IS	208	185536	185529	0	7
IS	209	182732	182730	0	2
IS	210	183837	183833	0	4
IS	211	182476	182473	1	2
IS	212	182125	182122	2	1
IS	213	180895	180892	0	3
IS	214	180285	180278	0	7
IS	215	180055	180052	0	3
IS	216	180529	180519	0	10
IS	217	178383	178375	1	7
IS	218	178048	178045	0	3
IS	219	177144	177140	3	1
IS	220	175313	175307	3	3
IS	221	174294	174291	0	3
IS	222	174938	174933	1	4
IS	223	174195	174190	0	5
IS	224	173422	173415	1	6
IS	225	172119	172115	0	4
IS	226	171088	171081	3	4
IS	227	169884	169878	0	6
IS	228	169794	169789	1	4
IS	229	168679	168677	0	2
IS	230	167852	167843	1	8
IS	231	167796	167792	1	3
IS	232	166309	166306	0	3
IS	233	165357	165355	0	2
IS	234	163841	163837	0	4
IS	235	163237	163234	2	1
IS	236	162966	162962	1	3
IS	237	161076	161070	2	4
IS	238	161048	161044	1	3
IS	239	159747	159743	0	4
IS	240	158846	158846	0	0
IS	241	157954	157949	0	5
IS	242	157247	157241	1	5
IS	243	155918	155911	1	6
IS	244	154472	154469	1	2
IS	245	152986	152983	1	2
IS	246	152328	152327	0	1
IS	247	151087	151086	0	1
IS	248	151368	151366	0	2
IS	249	149079	149075	0	4
IS	250	148243	148239	0	4
IS	251	146850	146848	0	2
IS	252	146511	146507	0	4
IS	253	145321	145315	0	6
IS	254	143352	143350	0	2
IS	255	142505	142504	0	1
IS	256	141732	141728	1	3
IS	257	140999	140994	1	4
IS	258	140600	140597	0	3
IS	259	138565	138564	0	1
IS	260	137581	137579	0	2
IS	261	136521	136517	0	4
IS	262	135666	135663	1	2
IS	263	134739	134732	0	7
IS	264	133666	133658	2	6
IS	265	132149	132148	0	1
IS	266	131571	131570	0	1
IS	267	129396	129393	2	1
IS	268	128890	128886	2	2
IS	269	128015	128015	0	0
IS	270	126565	126563	2	0
IS	271	124900	124896	3	1
IS	272	124063	124062	1	0
IS	273	123033	123028	0	5
IS	274	121873	121870	1	2
IS	275	121268	121267	0	1
IS	276	119717	119715	0	2
IS	277	118406	118404	0	2
IS	278	117259	117255	2	2
IS	279	116090	116089	0	1
IS	280	115759	115755	2	2
IS	281	114167	114163	1	3
IS	282	113155	113151	2	2
IS	283	112873	112870	2	1
IS	284	110693	110692	0	1
IS	285	109144	109142	1	1
IS	286	108244	108242	1	1
IS	287	107438	107436	1	1
IS	288	105859	105859	0	0
IS	289	104792	104787	3	2
IS	290	104183	104181	0	2
IS	291	102653	102649	2	2
IS	292	102156	102155	1	0
IS	293	100776	100775	0	1
IS	294	99715	99713	0	2
IS	295	97894	97894	0	0
IS	296	97268	97267	1	0
IS	297	95170	95169	1	0
IS	298	95393	95392	0	1
IS	299	94180	94177	1	2
IS	300	92885	92882	1	2
IS	301	92034	92031	0	3
IS	302	90759	90757	1	1
IS	303	89794	89793	1	0
IS	304	88726	88722	2	2
IS	305	87729	87727	0	2
IS	306	86776	86772	0	4
IS	307	85885	85881	1	3
IS	308	84723	84722	0	1
IS	309	83560	83557	1	2
IS	310	82421	82418	1	2
IS	311	81888	81886	0	2
IS	312	80793	80793	0	0
IS	313	79332	79331	1	0
IS	314	79086	79084	0	2
IS	315	77700	77698	2	0
IS	316	76473	76472	1	0
IS	317	75202	75200	1	1
IS	318	75038	75038	0	0
IS	319	73789	73787	0	2
IS	320	73385	73379	1	5
IS	321	72203	72201	0	2
IS	322	71116	71114	1	1
IS	323	69804	69799	3	2
IS	324	69861	69861	0	0
IS	325	68036	68035	1	0
IS	326	67209	67208	1	0
IS	327	67065	67064	0	1
IS	328	66022	66017	1	4
IS	329	64661	64658	2	1
IS	330	64014	64014	0	0
IS	331	63257	63252	2	3
IS	332	62057	62055	2	0
IS	333	61781	61780	1	0
IS	334	60767	60766	0	1
IS	335	59292	59289	1	2
IS	336	59289	59288	1	0
IS	337	58400	58400	0	0
IS	338	58017	58015	1	1
IS	339	55993	55991	1	1
IS	340	56255	56252	2	1
IS	341	55496	55495	0	1
IS	342	54561	54557	3	1
IS	343	53360	53358	1	1
IS	344	53184	53183	0	1
IS	345	52751	52748	3	0
IS	346	51986	51982	4	0
IS	347	50957	50954	0	3
IS	348	49996	49995	0	1
IS	349	49480	49480	0	0
IS	350	48730	48727	2	1
IS	351	48260	48260	0	0
IS	352	47189	47188	1	0
IS	353	46696	46695	1	0
IS	354	46049	46048	0	1
IS	355	45879	45877	2	0
IS	356	45126	45125	0	1
IS	357	43540	43539	0	1
IS	358	43444	43444	0	0
IS	359	42958	42958	0	0
IS	360	42485	42484	1	0
IS	361	42132	42132	0	0
IS	362	41470	41469	0	1
IS	363	40399	40399	0	0
IS	364	39978	39975	1	2
IS	365	39882	39880	0	2
IS	366	39144	39142	2	0
IS	367	38521	38521	0	0
IS	368	37770	37768	1	1
IS	369	36941	36941	0	0
IS	370	37057	37055	0	2
IS	371	35997	35995	2	0
IS	372	35341	35341	0	0
IS	373	34973	34972	1	0
IS	374	34449	34449	0	0
IS	375	33910	33910	0	0
IS	376	33371	33371	0	0
IS	377	33090	33088	1	1
IS	378	32766	32766	0	0
IS	379	31710	31710	0	0
IS	380	31081	31077	3	1
IS	381	30550	30548	1	1
IS	382	30458	30457	1	0
IS	383	29782	29782	0	0
IS	384	29046	29044	2	0
IS	385	28883	28881	2	0
IS	386	28626	28626	0	0
IS	387	28064	28062	0	2
IS	388	27654	27652	2	0
IS	389	27194	27194	0	0
IS	390	27093	27092	1	0
IS	391	26243	26241	2	0
IS	392	25547	25546	1	0
IS	393	25267	25264	3	0
IS	394	25125	25124	1	0
IS	395	24528	24527	1	0
IS	396	24359	24358	0	1
IS	397	23888	23886	2	0
IS	398	23514	23513	1	0
IS	399	23029	23028	0	1
IS	400	22623	22622	1	0
IS	401	22548	22546	2	0
IS	402	21853	21852	1	0
IS	403	21715	21714	0	1
IS	404	21203	21203	0	0
IS	405	20716	20716	0	0
IS	406	20440	20439	1	0
IS	407	20097	20095	1	1
IS	408	19745	19745	0	0
IS	409	19556	19553	3	0
IS	410	19504	19502	2	0
IS	411	18728	18726	2	0
IS	412	18376	18374	2	0
IS	413	18318	18317	0	1
IS	414	17698	17696	2	0
IS	415	17457	17455	1	1
IS	416	17374	17373	1	0
IS	417	17092	17090	1	1
IS	418	16658	16657	1	0
IS	419	16068	16068	0	0
IS	420	16031	16027	4	0
IS	421	15868	15867	1	0
IS	422	15578	15578	0	0
IS	423	15412	15412	0	0
IS	424	15126	15125	1	0
IS	425	14694	14693	1	0
IS	426	14324	14321	3	0
IS	427	14523	14522	1	0
IS	428	13913	13911	2	0
IS	429	13752	13752	0	0
IS	430	13623	13623	0	0
IS	431	13293	13293	0	0
IS	432	13014	13014	0	0
IS	433	12487	12484	3	0
IS	434	12439	12437	2	0
IS	435	12226	12224	2	0
IS	436	12122	12118	4	0
IS	437	11859	11859	0	0
IS	438	11719	11717	2	0
IS	439	11449	11447	2	0
IS	440	11060	11057	2	1
IS	441	10818	10816	2	0
IS	442	10900	10898	2	0
IS	443	10668	10665	3	0
IS	444	10566	10564	2	0
IS	445	10211	10210	1	0
IS	446	10097	10096	0	1
IS	447	9975	9973	2	0
IS	448	9831	9826	5	0
IS	449	9580	9580	0	0
IS	450	9455	9452	3	0
IS	451	9180	9178	2	0
IS	452	9038	9037	0	1
IS	453	9083	9081	2	0
IS	454	8787	8787	0	0
IS	455	8473	8471	2	0
IS	456	8436	8430	6	0
IS	457	8281	8279	2	0
IS	458	8229	8229	0	0
IS	459	8087	8087	0	0
IS	460	7768	7767	1	0
IS	461	7672	7668	4	0
IS	462	7755	7754	1	0
IS	463	7521	7518	3	0
IS	464	7236	7234	2	0
IS	465	6986	6985	1	0
IS	466	6968	6964	3	1
IS	467	6731	6728	3	0
IS	468	6646	6646	0	0
IS	469	6545	6541	4	0
# Read lengths. Use `grep ^RL | cut -f 2-` to extract this part. The columns are: read length, count
RL	31	2470
RL	32	2256
RL	33	2108
RL	34	2076
RL	35	1974
RL	36	1740
RL	37	1598
RL	38	1346
RL	39	1382
RL	40	1366
RL	41	1144
RL	42	1114
RL	43	1220
RL	44	1122
RL	45	1082
RL	46	986
RL	47	1002
RL	48	934
RL	49	818
RL	50	872
RL	51	832
RL	52	820
RL	53	1010
RL	54	966
RL	55	730
RL	56	884
RL	57	868
RL	58	886
RL	59	802
RL	60	804
RL	61	830
RL	62	956
RL	63	1024
RL	64	928
RL	65	906
RL	66	1568
RL	67	924
RL	68	940
RL	69	904
RL	70	944
RL	71	892
RL	72	934
RL	73	940
RL	74	946
RL	75	908
RL	76	998
RL	77	936
RL	78	916
RL	79	928
RL	80	942
RL	81	922
RL	82	1146
RL	83	1730
RL	84	960
RL	85	1088
RL	86	2004
RL	87	3898
RL	88	5486
RL	89	8206
RL	90	9616
RL	91	10864
RL	92	12080
RL	93	14090
RL	94	15820
RL	95	17680
RL	96	20086
RL	97	21924
RL	98	25002
RL	99	27738
RL	100	69003814
# Read lengths - first fragments. Use `grep ^FRL | cut -f 2-` to extract this part. The columns are: read length, count
FRL	31	1235
FRL	32	1128
FRL	33	1054
FRL	34	1038
FRL	35	987
FRL	36	870
FRL	37	799
FRL	38	673
FRL	39	691
FRL	40	683
FRL	41	572
FRL	42	557
FRL	43	610
FRL	44	561
FRL	45	541
FRL	46	493
FRL	47	501
FRL	48	467
FRL	49	409
FRL	50	436
FRL	51	416
FRL	52	410
FRL	53	505
FRL	54	483
FRL	55	365
FRL	56	442
FRL	57	434
FRL	58	443
FRL	59	401
FRL	60	402
FRL	61	415
FRL	62	478
FRL	63	512
FRL	64	464
FRL	65	453
FRL	66	784
FRL	67	462
FRL	68	470
FRL	69	452
FRL	70	472
FRL	71	446
FRL	72	467
FRL	73	470
FRL	74	473
FRL	75	454
FRL	76	499
FRL	77	468
FRL	78	458
FRL	79	464
FRL	80	471
FRL	81	461
FRL	82	573
FRL	83	865
FRL	84	480
FRL	85	544
FRL	86	1002
FRL	87	1949
FRL	88	2743
FRL	89	4103
FRL	90	4808
FRL	91	5432
FRL	92	6040
FRL	93	7045
FRL	94	7910
FRL	95	8840
FRL	96	10043
FRL	97	10962
FRL	98	12501
FRL	99	13869
FRL	100	34501907
# Read lengths - last fragments. Use `grep ^LRL | cut -f 2-` to extract this part. The columns are: read length, count
LRL	31	1235
LRL	32	1128
LRL	33	1054
LRL	34	1038
LRL	35	987
LRL	36	870
LRL	37	799
LRL	38	673
LRL	39	691
LRL	40	683
LRL	41	572
LRL	42	557
LRL	43	610
LRL	44	561
LRL	45	541
LRL	46	493
LRL	47	501
LRL	48	467
LRL	49	409
LRL	50	436
LRL	51	416
LRL	52	410
LRL	53	505
LRL	54	483
LRL	55	365
LRL	56	442
LRL	57	434
LRL	58	443
LRL	59	401
LRL	60	402
LRL	61	415
LRL	62	478
LRL	63	512
LRL	64	464
LRL	65	453
LRL	66	784
LRL	67	462
LRL	68	470
LRL	69	452
LRL	70	472
LRL	71	446
LRL	72	467
LRL	73	470
LRL	74	473
LRL	75	454
LRL	76	499
LRL	77	468
LRL	78	458
LRL	79	464
LRL	80	471
LRL	81	461
LRL	82	573
LRL	83	865
LRL	84	480
LRL	85	544
LRL	86	1002
LRL	87	1949
LRL	88	2743
LRL	89	4103
LRL	90	4808
LRL	91	5432
LRL	92	6040
LRL	93	7045
LRL	94	7910
LRL	95	8840
LRL	96	10043
LRL	97	10962
LRL	98	12501
LRL	99	13869
LRL	100	34501907
# Mapping qualities for reads !(UNMAP|SECOND|SUPPL|QCFAIL|DUP). Use `grep ^MAPQ | cut -f 2-` to extract this part. The columns are: mapq, count
MAPQ	0	5987888
MAPQ	1	14857
MAPQ	2	3431
MAPQ	3	28026
MAPQ	4	5776
MAPQ	5	6700
MAPQ	6	10293
MAPQ	7	18348
MAPQ	8	8256
MAPQ	9	32563
MAPQ	10	16295
MAPQ	11	5424
MAPQ	12	9107
MAPQ	13	14577
MAPQ	14	3838
MAPQ	15	26853
MAPQ	16	6500
MAPQ	17	7655
MAPQ	18	10108
MAPQ	19	23536
MAPQ	20	34854
MAPQ	21	44334
MAPQ	22	66559
MAPQ	23	63495
MAPQ	24	120375
MAPQ	25	241382
MAPQ	26	7032
MAPQ	27	573156
MAPQ	28	3764
MAPQ	29	3733
MAPQ	30	7207
MAPQ	31	12396
MAPQ	32	2319
MAPQ	33	30040
MAPQ	34	4692
MAPQ	35	5148
MAPQ	36	8313
MAPQ	37	18818
MAPQ	38	4913
MAPQ	39	41003
MAPQ	40	584242
MAPQ	41	7697
MAPQ	42	26478
MAPQ	43	23346
MAPQ	44	20893
MAPQ	45	68776
MAPQ	46	40093
MAPQ	47	99294
MAPQ	48	126298
MAPQ	49	118266
MAPQ	50	466995
MAPQ	51	19526
MAPQ	52	46952
MAPQ	53	15276
MAPQ	54	21677
MAPQ	55	60248
MAPQ	56	2284
MAPQ	57	78385
MAPQ	58	3248
MAPQ	59	7388
MAPQ	60	59887649
# Indel distribution. Use `grep ^ID | cut -f 2-` to extract this part. The columns are: length, number of insertions, number of deletions
ID	1	168338	215129
ID	2	35513	45853
ID	3	14805	24080
ID	4	13577	18459
ID	5	5876	6710
ID	6	3022	5909
ID	7	1239	1819
ID	8	1842	2724
ID	9	1201	1470
ID	10	950	1744
ID	11	499	803
ID	12	518	1541
ID	13	335	478
ID	14	319	614
ID	15	155	790
ID	16	340	586
ID	17	101	265
ID	18	122	470
ID	19	107	101
ID	20	66	205
ID	21	48	237
ID	22	17	192
ID	23	31	61
ID	24	9	237
ID	25	25	107
ID	26	20	87
ID	27	2	27
ID	28	3	35
ID	29	2	9
ID	30	1	16
ID	31	0	9
ID	32	0	8
ID	33	0	5
ID	34	0	20
ID	35	0	28
ID	36	0	42
ID	37	0	32
ID	38	0	7
ID	40	0	6
ID	42	0	3
# Indels per cycle. Use `grep ^IC | cut -f 2-` to extract this part. The columns are: cycle, number of insertions (fwd), .. (rev) , number of deletions (fwd), .. (rev)
IC	3	0	0	613	738
IC	4	614	703	765	920
IC	5	813	923	830	1023
IC	6	883	915	992	1065
IC	7	983	1003	1060	1248
IC	8	976	1036	1233	1416
IC	9	1050	1085	1386	1482
IC	10	1128	1173	1422	1606
IC	11	1174	1200	1484	1626
IC	12	1232	1212	1611	1619
IC	13	1341	1294	1555	1696
IC	14	1331	1360	1750	1762
IC	15	1476	1457	1695	1803
IC	16	1501	1371	1743	1874
IC	17	1496	1488	1790	1837
IC	18	1527	1515	1822	1975
IC	19	1552	1454	1946	1927
IC	20	1499	1500	1904	1948
IC	21	1531	1558	1905	1995
IC	22	1514	1480	1915	1958
IC	23	1599	1420	1959	1924
IC	24	1565	1488	1825	1883
IC	25	1467	1422	1964	1831
IC	26	1520	1431	1973	1752
IC	27	1587	1478	1959	1810
IC	28	1545	1413	1964	1828
IC	29	1440	1475	1872	1821
IC	30	1525	1396	1906	1883
IC	31	1451	1557	1839	1806
IC	32	1406	1371	1868	1855
IC	33	1518	1433	1868	1799
IC	34	1466	1410	1874	1833
IC	35	1483	1410	1883	1851
IC	36	1540	1364	1890	1706
IC	37	1392	1424	1849	1779
IC	38	1397	1407	1864	1758
IC	39	1442	1372	1898	1829
IC	40	1445	1435	1938	1857
IC	41	1502	1357	1894	1737
IC	42	1439	1423	1859	1780
IC	43	1506	1402	1837	1778
IC	44	1509	1420	1866	1880
IC	45	1465	1432	1928	1828
IC	46	1485	1424	1909	1786
IC	47	1443	1430	1845	1841
IC	48	1502	1496	1906	1820
IC	49	1514	1388	1865	1869
IC	50	1419	1393	1901	1812
IC	51	1521	1446	1983	1814
IC	52	1525	1474	1982	1881
IC	53	1568	1403	1965	1767
IC	54	1452	1434	1933	1865
IC	55	1385	1441	1840	1807
IC	56	1544	1462	1925	1838
IC	57	1428	1376	1984	1820
IC	58	1429	1337	1948	1842
IC	59	1481	1433	1982	1895
IC	60	1589	1525	1841	1932
IC	61	1502	1491	1975	1938
IC	62	1473	1469	2003	2011
IC	63	1511	1441	2037	1884
IC	64	1472	1387	2117	2061
IC	65	1470	1479	2051	2035
IC	66	1430	1378	2042	2007
IC	67	1523	1440	1952	2019
IC	68	1502	1376	2005	1978
IC	69	1461	1435	2045	1979
IC	70	1404	1388	1967	1996
IC	71	1435	1476	2044	1949
IC	72	1464	1320	1939	1925
IC	73	1454	1397	1948	1902
IC	74	1424	1394	1905	1964
IC	75	1421	1344	1918	1964
IC	76	1354	1328	1979	1859
IC	77	1349	1308	1918	1956
IC	78	1314	1272	1898	1837
IC	79	1361	1368	1917	1857
IC	80	1325	1287	1758	1818
IC	81	1306	1265	1815	1821
IC	82	1212	1268	1831	1727
IC	83	1310	1177	1790	1780
IC	84	1239	1186	1709	1721
IC	85	1179	1172	1720	1672
IC	86	1237	1054	1702	1578
IC	87	1137	1054	1718	1577
IC	88	1095	1001	1565	1525
IC	89	1000	941	1434	1443
IC	90	963	923	1497	1376
IC	91	909	837	1419	1425
IC	92	871	825	1419	1378
IC	93	879	792	1258	1131
IC	94	822	809	1150	1175
IC	95	884	896	1164	1085
IC	96	870	836	1185	1122
IC	97	823	840	1011	916
# Coverage distribution. Use `grep ^COV | cut -f 2-` to extract this part.
COV	[1-1]	1	110060215
COV	[2-2]	2	32788468
COV	[3-3]	3	10591277
COV	[4-4]	4	8139133
COV	[5-5]	5	5637915
COV	[6-6]	6	4825760
COV	[7-7]	7	4114145
COV	[8-8]	8	3654184
COV	[9-9]	9	3315824
COV	[10-10]	10	3030272
COV	[11-11]	11	2806082
COV	[12-12]	12	2617437
COV	[13-13]	13	2449383
COV	[14-14]	14	2306188
COV	[15-15]	15	2178383
COV	[16-16]	16	2081697
COV	[17-17]	17	1977560
COV	[18-18]	18	1887476
COV	[19-19]	19	1814329
COV	[20-20]	20	1742939
COV	[21-21]	21	1681307
COV	[22-22]	22	1620122
COV	[23-23]	23	1564297
COV	[24-24]	24	1511886
COV	[25-25]	25	1468963
COV	[26-26]	26	1422751
COV	[27-27]	27	1380193
COV	[28-28]	28	1340437
COV	[29-29]	29	1304633
COV	[30-30]	30	1270533
COV	[31-31]	31	1234469
COV	[32-32]	32	1208839
COV	[33-33]	33	1178770
COV	[34-34]	34	1150131
COV	[35-35]	35	1121819
COV	[36-36]	36	1094824
COV	[37-37]	37	1072155
COV	[38-38]	38	1048369
COV	[39-39]	39	1027417
COV	[40-40]	40	1007178
COV	[41-41]	41	987098
COV	[42-42]	42	964889
COV	[43-43]	43	945138
COV	[44-44]	44	928177
COV	[45-45]	45	910182
COV	[46-46]	46	890856
COV	[47-47]	47	875419
COV	[48-48]	48	858134
COV	[49-49]	49	845591
COV	[50-50]	50	830210
COV	[51-51]	51	815675
COV	[52-52]	52	802986
COV	[53-53]	53	787037
COV	[54-54]	54	771514
COV	[55-55]	55	758800
COV	[56-56]	56	746388
COV	[57-57]	57	733192
COV	[58-58]	58	720667
COV	[59-59]	59	709191
COV	[60-60]	60	696687
COV	[61-61]	61	684945
COV	[62-62]	62	672340
COV	[63-63]	63	659402
COV	[64-64]	64	648810
COV	[65-65]	65	639871
COV	[66-66]	66	628418
COV	[67-67]	67	616959
COV	[68-68]	68	607095
COV	[69-69]	69	595983
COV	[70-70]	70	587839
COV	[71-71]	71	577701
COV	[72-72]	72	568199
COV	[73-73]	73	558750
COV	[74-74]	74	550362
COV	[75-75]	75	541527
COV	[76-76]	76	535538
COV	[77-77]	77	526279
COV	[78-78]	78	517780
COV	[79-79]	79	508795
COV	[80-80]	80	500249
COV	[81-81]	81	491934
COV	[82-82]	82	485195
COV	[83-83]	83	477213
COV	[84-84]	84	470500
COV	[85-85]	85	461608
COV	[86-86]	86	454168
COV	[87-87]	87	447975
COV	[88-88]	88	439898
COV	[89-89]	89	434702
COV	[90-90]	90	425806
COV	[91-91]	91	417580
COV	[92-92]	92	412737
COV	[93-93]	93	405228
COV	[94-94]	94	398805
COV	[95-95]	95	390597
COV	[96-96]	96	384853
COV	[97-97]	97	379028
COV	[98-98]	98	372692
COV	[99-99]	99	365999
COV	[100-100]	100	361314
COV	[101-101]	101	353302
COV	[102-102]	102	348053
COV	[103-103]	103	341532
COV	[104-104]	104	336252
COV	[105-105]	105	329709
COV	[106-106]	106	323976
COV	[107-107]	107	318781
COV	[108-108]	108	312431
COV	[109-109]	109	306659
COV	[110-110]	110	301256
COV	[111-111]	111	295328
COV	[112-112]	112	290634
COV	[113-113]	113	285078
COV	[114-114]	114	281304
COV	[115-115]	115	276934
COV	[116-116]	116	270899
COV	[117-117]	117	267175
COV	[118-118]	118	263035
COV	[119-119]	119	257376
COV	[120-120]	120	253189
COV	[121-121]	121	247327
COV	[122-122]	122	243641
COV	[123-123]	123	239668
COV	[124-124]	124	234552
COV	[125-125]	125	230922
COV	[126-126]	126	226938
COV	[127-127]	127	221947
COV	[128-128]	128	217454
COV	[129-129]	129	214291
COV	[130-130]	130	208883
COV	[131-131]	131	205529
COV	[132-132]	132	202188
COV	[133-133]	133	197863
COV	[134-134]	134	194522
COV	[135-135]	135	191071
COV	[136-136]	136	188093
COV	[137-137]	137	183545
COV	[138-138]	138	180383
COV	[139-139]	139	176154
COV	[140-140]	140	172937
COV	[141-141]	141	169822
COV	[142-142]	142	166228
COV	[143-143]	143	163062
COV	[144-144]	144	159275
COV	[145-145]	145	156885
COV	[146-146]	146	153157
COV	[147-147]	147	151248
COV	[148-148]	148	148351
COV	[149-149]	149	144635
COV	[150-150]	150	142099
COV	[151-151]	151	139016
COV	[152-152]	152	136648
COV	[153-153]	153	133761
COV	[154-154]	154	131400
COV	[155-155]	155	128733
COV	[156-156]	156	126435
COV	[157-157]	157	123995
COV	[158-158]	158	121037
COV	[159-159]	159	119079
COV	[160-160]	160	116553
COV	[161-161]	161	115058
COV	[162-162]	162	111470
COV	[163-163]	163	110762
COV	[164-164]	164	108109
COV	[165-165]	165	105889
COV	[166-166]	166	103950
COV	[167-167]	167	101560
COV	[168-168]	168	100254
COV	[169-169]	169	97426
COV	[170-170]	170	95774
COV	[171-171]	171	94514
COV	[172-172]	172	92022
COV	[173-173]	173	89982
COV	[174-174]	174	89096
COV	[175-175]	175	86754
COV	[176-176]	176	84753
COV	[177-177]	177	83494
COV	[178-178]	178	82631
COV	[179-179]	179	80792
COV	[180-180]	180	79089
COV	[181-181]	181	77410
COV	[182-182]	182	76279
COV	[183-183]	183	74935
COV	[184-184]	184	73406
COV	[185-185]	185	71542
COV	[186-186]	186	69971
COV	[187-187]	187	68388
COV	[188-188]	188	67244
COV	[189-189]	189	66185
COV	[190-190]	190	64760
COV	[191-191]	191	63528
COV	[192-192]	192	61416
COV	[193-193]	193	60714
COV	[194-194]	194	59606
COV	[195-195]	195	57855
COV	[196-196]	196	57220
COV	[197-197]	197	55822
COV	[198-198]	198	55169
COV	[199-199]	199	53507
COV	[200-200]	200	53124
COV	[201-201]	201	51873
COV	[202-202]	202	50341
COV	[203-203]	203	49361
COV	[204-204]	204	48877
COV	[205-205]	205	47927
COV	[206-206]	206	46688
COV	[207-207]	207	45587
COV	[208-208]	208	45013
COV	[209-209]	209	44509
COV	[210-210]	210	42955
COV	[211-211]	211	42469
COV	[212-212]	212	41407
COV	[213-213]	213	40401
COV	[214-214]	214	39205
COV	[215-215]	215	38545
COV	[216-216]	216	38166
COV	[217-217]	217	37527
COV	[218-218]	218	36439
COV	[219-219]	219	36058
COV	[220-220]	220	35508
COV	[221-221]	221	34707
COV	[222-222]	222	33797
COV	[223-223]	223	33048
COV	[224-224]	224	32573
COV	[225-225]	225	31714
COV	[226-226]	226	31584
COV	[227-227]	227	30629
COV	[228-228]	228	30325
COV	[229-229]	229	29548
COV	[230-230]	230	28901
COV	[231-231]	231	28490
COV	[232-232]	232	27816
COV	[233-233]	233	27329
COV	[234-234]	234	26497
COV	[235-235]	235	26056
COV	[236-236]	236	25582
COV	[237-237]	237	25004
COV	[238-238]	238	24690
COV	[239-239]	239	23968
COV	[240-240]	240	23335
COV	[241-241]	241	23381
COV	[242-242]	242	22685
COV	[243-243]	243	22231
COV	[244-244]	244	21861
COV	[245-245]	245	21299
COV	[246-246]	246	20678
COV	[247-247]	247	20376
COV	[248-248]	248	20127
COV	[249-249]	249	19561
COV	[250-250]	250	19310
COV	[251-251]	251	18969
COV	[252-252]	252	18588
COV	[253-253]	253	18491
COV	[254-254]	254	18033
COV	[255-255]	255	17726
COV	[256-256]	256	17537
COV	[257-257]	257	16727
COV	[258-258]	258	16525
COV	[259-259]	259	16170
COV	[260-260]	260	15940
COV	[261-261]	261	15868
COV	[262-262]	262	15578
COV	[263-263]	263	15102
COV	[264-264]	264	14846
COV	[265-265]	265	14508
COV	[266-266]	266	14486
COV	[267-267]	267	13957
COV	[268-268]	268	13526
COV	[269-269]	269	13583
COV	[270-270]	270	13157
COV	[271-271]	271	12985
COV	[272-272]	272	12703
COV	[273-273]	273	12418
COV	[274-274]	274	12003
COV	[275-275]	275	11952
COV	[276-276]	276	11836
COV	[277-277]	277	11709
COV	[278-278]	278	11554
COV	[279-279]	279	11253
COV	[280-280]	280	10885
COV	[281-281]	281	10845
COV	[282-282]	282	10871
COV	[283-283]	283	10651
COV	[284-284]	284	10507
COV	[285-285]	285	10378
COV	[286-286]	286	10239
COV	[287-287]	287	10106
COV	[288-288]	288	9927
COV	[289-289]	289	9537
COV	[290-290]	290	9503
COV	[291-291]	291	9148
COV	[292-292]	292	9114
COV	[293-293]	293	8886
COV	[294-294]	294	8552
COV	[295-295]	295	8471
COV	[296-296]	296	8445
COV	[297-297]	297	8190
COV	[298-298]	298	8190
COV	[299-299]	299	7881
COV	[300-300]	300	7835
COV	[301-301]	301	7678
COV	[302-302]	302	7644
COV	[303-303]	303	7596
COV	[304-304]	304	7367
COV	[305-305]	305	7146
COV	[306-306]	306	7064
COV	[307-307]	307	6995
COV	[308-308]	308	6795
COV	[309-309]	309	6606
COV	[310-310]	310	6478
COV	[311-311]	311	6321
COV	[312-312]	312	6298
COV	[313-313]	313	6413
COV	[314-314]	314	6236
COV	[315-315]	315	6061
COV	[316-316]	316	5973
COV	[317-317]	317	5952
COV	[318-318]	318	5752
COV	[319-319]	319	5738
COV	[320-320]	320	5670
COV	[321-321]	321	5481
COV	[322-322]	322	5379
COV	[323-323]	323	5283
COV	[324-324]	324	5101
COV	[325-325]	325	5036
COV	[326-326]	326	4901
COV	[327-327]	327	4844
COV	[328-328]	328	4847
COV	[329-329]	329	4787
COV	[330-330]	330	4516
COV	[331-331]	331	4636
COV	[332-332]	332	4386
COV	[333-333]	333	4387
COV	[334-334]	334	4231
COV	[335-335]	335	4300
COV	[336-336]	336	4237
COV	[337-337]	337	4246
COV	[338-338]	338	4084
COV	[339-339]	339	4086
COV	[340-340]	340	3997
COV	[341-341]	341	4114
COV	[342-342]	342	3986
COV	[343-343]	343	3997
COV	[344-344]	344	3931
COV	[345-345]	345	3890
COV	[346-346]	346	3793
COV	[347-347]	347	3662
COV	[348-348]	348	3613
COV	[349-349]	349	3549
COV	[350-350]	350	3711
COV	[351-351]	351	3514
COV	[352-352]	352	3546
COV	[353-353]	353	3365
COV	[354-354]	354	3391
COV	[355-355]	355	3238
COV	[356-356]	356	3300
COV	[357-357]	357	3328
COV	[358-358]	358	3237
COV	[359-359]	359	3177
COV	[360-360]	360	3271
COV	[361-361]	361	3068
COV	[362-362]	362	3031
COV	[363-363]	363	3087
COV	[364-364]	364	2867
COV	[365-365]	365	2982
COV	[366-366]	366	2796
COV	[367-367]	367	2799
COV	[368-368]	368	2826
COV	[369-369]	369	2810
COV	[370-370]	370	2774
COV	[371-371]	371	2738
COV	[372-372]	372	2677
COV	[373-373]	373	2647
COV	[374-374]	374	2612
COV	[375-375]	375	2511
COV	[376-376]	376	2511
COV	[377-377]	377	2393
COV	[378-378]	378	2479
COV	[379-379]	379	2432
COV	[380-380]	380	2334
COV	[381-381]	381	2412
COV	[382-382]	382	2342
COV	[383-383]	383	2283
COV	[384-384]	384	2215
COV	[385-385]	385	2276
COV	[386-386]	386	2232
COV	[387-387]	387	2153
COV	[388-388]	388	2178
COV	[389-389]	389	2140
COV	[390-390]	390	2119
COV	[391-391]	391	2087
COV	[392-392]	392	2019
COV	[393-393]	393	1930
COV	[394-394]	394	1967
COV	[395-395]	395	1981
COV	[396-396]	396	1911
COV	[397-397]	397	1942
COV	[398-398]	398	1988
COV	[399-399]	399	1874
COV	[400-400]	400	1861
COV	[401-401]	401	1827
COV	[402-402]	402	1876
COV	[403-403]	403	1832
COV	[404-404]	404	1763
COV	[405-405]	405	1832
COV	[406-406]	406	1761
COV	[407-407]	407	1734
COV	[408-408]	408	1694
COV	[409-409]	409	1604
COV	[410-410]	410	1684
COV	[411-411]	411	1620
COV	[412-412]	412	1666
COV	[413-413]	413	1590
COV	[414-414]	414	1559
COV	[415-415]	415	1597
COV	[416-416]	416	1579
COV	[417-417]	417	1590
COV	[418-418]	418	1531
COV	[419-419]	419	1541
COV	[420-420]	420	1446
COV	[421-421]	421	1484
COV	[422-422]	422	1508
COV	[423-423]	423	1475
COV	[424-424]	424	1466
COV	[425-425]	425	1421
COV	[426-426]	426	1378
COV	[427-427]	427	1404
COV	[428-428]	428	1398
COV	[429-429]	429	1381
COV	[430-430]	430	1340
COV	[431-431]	431	1384
COV	[432-432]	432	1390
COV	[433-433]	433	1356
COV	[434-434]	434	1271
COV	[435-435]	435	1316
COV	[436-436]	436	1283
COV	[437-437]	437	1243
COV	[438-438]	438	1220
COV	[439-439]	439	1176
COV	[440-440]	440	1227
COV	[441-441]	441	1257
COV	[442-442]	442	1226
COV	[443-443]	443	1279
COV	[444-444]	444	1167
COV	[445-445]	445	1180
COV	[446-446]	446	1158
COV	[447-447]	447	1163
COV	[448-448]	448	1156
COV	[449-449]	449	1143
COV	[450-450]	450	1161
COV	[451-451]	451	1064
COV	[452-452]	452	1036
COV	[453-453]	453	1045
COV	[454-454]	454	1009
COV	[455-455]	455	1022
COV	[456-456]	456	1054
COV	[457-457]	457	1057
COV	[458-458]	458	1030
COV	[459-459]	459	1009
COV	[460-460]	460	980
COV	[461-461]	461	985
COV	[462-462]	462	1029
COV	[463-463]	463	999
COV	[464-464]	464	981
COV	[465-465]	465	918
COV	[466-466]	466	926
COV	[467-467]	467	946
COV	[468-468]	468	924
COV	[469-469]	469	927
COV	[470-470]	470	816
COV	[471-471]	471	867
COV	[472-472]	472	819
COV	[473-473]	473	855
COV	[474-474]	474	930
COV	[475-475]	475	819
COV	[476-476]	476	824
COV	[477-477]	477	841
COV	[478-478]	478	803
COV	[479-479]	479	811
COV	[480-480]	480	779
COV	[481-481]	481	807
COV	[482-482]	482	764
COV	[483-483]	483	758
COV	[484-484]	484	744
COV	[485-485]	485	767
COV	[486-486]	486	788
COV	[487-487]	487	762
COV	[488-488]	488	795
COV	[489-489]	489	768
COV	[490-490]	490	737
COV	[491-491]	491	707
COV	[492-492]	492	735
COV	[493-493]	493	754
COV	[494-494]	494	715
COV	[495-495]	495	706
COV	[496-496]	496	694
COV	[497-497]	497	703
COV	[498-498]	498	673
COV	[499-499]	499	662
COV	[500-500]	500	641
COV	[501-501]	501	652
COV	[502-502]	502	679
COV	[503-503]	503	658
COV	[504-504]	504	617
COV	[505-505]	505	678
COV	[506-506]	506	663
COV	[507-507]	507	691
COV	[508-508]	508	592
COV	[509-509]	509	644
COV	[510-510]	510	643
COV	[511-511]	511	576
COV	[512-512]	512	624
COV	[513-513]	513	653
COV	[514-514]	514	621
COV	[515-515]	515	645
COV	[516-516]	516	602
COV	[517-517]	517	596
COV	[518-518]	518	651
COV	[519-519]	519	599
COV	[520-520]	520	568
COV	[521-521]	521	560
COV	[522-522]	522	532
COV	[523-523]	523	564
COV	[524-524]	524	572
COV	[525-525]	525	544
COV	[526-526]	526	547
COV	[527-527]	527	543
COV	[528-528]	528	538
COV	[529-529]	529	549
COV	[530-530]	530	573
COV	[531-531]	531	548
COV	[532-532]	532	536
COV	[533-533]	533	555
COV	[534-534]	534	538
COV	[535-535]	535	549
COV	[536-536]	536	492
COV	[537-537]	537	519
COV	[538-538]	538	512
COV	[539-539]	539	527
COV	[540-540]	540	525
COV	[541-541]	541	531
COV	[542-542]	542	518
COV	[543-543]	543	534
COV	[544-544]	544	483
COV	[545-545]	545	502
COV	[546-546]	546	482
COV	[547-547]	547	500
COV	[548-548]	548	481
COV	[549-549]	549	526
COV	[550-550]	550	490
COV	[551-551]	551	467
COV	[552-552]	552	495
COV	[553-553]	553	463
COV	[554-554]	554	480
COV	[555-555]	555	448
COV	[556-556]	556	458
COV	[557-557]	557	412
COV	[558-558]	558	443
COV	[559-559]	559	458
COV	[560-560]	560	437
COV	[561-561]	561	422
COV	[562-562]	562	451
COV	[563-563]	563	441
COV	[564-564]	564	423
COV	[565-565]	565	451
COV	[566-566]	566	395
COV	[567-567]	567	452
COV	[568-568]	568	408
COV	[569-569]	569	411
COV	[570-570]	570	394
COV	[571-571]	571	365
COV	[572-572]	572	407
COV	[573-573]	573	373
COV	[574-574]	574	331
COV	[575-575]	575	362
COV	[576-576]	576	341
COV	[577-577]	577	363
COV	[578-578]	578	354
COV	[579-579]	579	368
COV	[580-580]	580	344
COV	[581-581]	581	394
COV	[582-582]	582	354
COV	[583-583]	583	352
COV	[584-584]	584	368
COV	[585-585]	585	370
COV	[586-586]	586	367
COV	[587-587]	587	353
COV	[588-588]	588	335
COV	[589-589]	589	302
COV	[590-590]	590	335
COV	[591-591]	591	322
COV	[592-592]	592	350
COV	[593-593]	593	306
COV	[594-594]	594	358
COV	[595-595]	595	329
COV	[596-596]	596	318
COV	[597-597]	597	309
COV	[598-598]	598	327
COV	[599-599]	599	311
COV	[600-600]	600	302
COV	[601-601]	601	310
COV	[602-602]	602	310
COV	[603-603]	603	302
COV	[604-604]	604	312
COV	[605-605]	605	306
COV	[606-606]	606	312
COV	[607-607]	607	322
COV	[608-608]	608	303
COV	[609-609]	609	325
COV	[610-610]	610	273
COV	[611-611]	611	261
COV	[612-612]	612	315
COV	[613-613]	613	280
COV	[614-614]	614	265
COV	[615-615]	615	299
COV	[616-616]	616	292
COV	[617-617]	617	297
COV	[618-618]	618	291
COV	[619-619]	619	275
COV	[620-620]	620	289
COV	[621-621]	621	284
COV	[622-622]	622	269
COV	[623-623]	623	267
COV	[624-624]	624	255
COV	[625-625]	625	280
COV	[626-626]	626	285
COV	[627-627]	627	275
COV	[628-628]	628	284
COV	[629-629]	629	262
COV	[630-630]	630	269
COV	[631-631]	631	314
COV	[632-632]	632	264
COV	[633-633]	633	253
COV	[634-634]	634	275
COV	[635-635]	635	290
COV	[636-636]	636	276
COV	[637-637]	637	271
COV	[638-638]	638	274
COV	[639-639]	639	246
COV	[640-640]	640	268
COV	[641-641]	641	262
COV	[642-642]	642	270
COV	[643-643]	643	259
COV	[644-644]	644	272
COV	[645-645]	645	226
COV	[646-646]	646	219
COV	[647-647]	647	251
COV	[648-648]	648	267
COV	[649-649]	649	234
COV	[650-650]	650	254
COV	[651-651]	651	254
COV	[652-652]	652	254
COV	[653-653]	653	258
COV	[654-654]	654	230
COV	[655-655]	655	255
COV	[656-656]	656	259
COV	[657-657]	657	224
COV	[658-658]	658	258
COV	[659-659]	659	238
COV	[660-660]	660	232
COV	[661-661]	661	236
COV	[662-662]	662	261
COV	[663-663]	663	222
COV	[664-664]	664	196
COV	[665-665]	665	259
COV	[666-666]	666	262
COV	[667-667]	667	219
COV	[668-668]	668	234
COV	[669-669]	669	226
COV	[670-670]	670	235
COV	[671-671]	671	242
COV	[672-672]	672	237
COV	[673-673]	673	214
COV	[674-674]	674	220
COV	[675-675]	675	203
COV	[676-676]	676	216
COV	[677-677]	677	201
COV	[678-678]	678	212
COV	[679-679]	679	236
COV	[680-680]	680	232
COV	[681-681]	681	222
COV	[682-682]	682	206
COV	[683-683]	683	202
COV	[684-684]	684	188
COV	[685-685]	685	193
COV	[686-686]	686	203
COV	[687-687]	687	183
COV	[688-688]	688	189
COV	[689-689]	689	199
COV	[690-690]	690	212
COV	[691-691]	691	209
COV	[692-692]	692	201
COV	[693-693]	693	182
COV	[694-694]	694	197
COV	[695-695]	695	208
COV	[696-696]	696	176
COV	[697-697]	697	159
COV	[698-698]	698	185
COV	[699-699]	699	198
COV	[700-700]	700	173
COV	[701-701]	701	174
COV	[702-702]	702	172
COV	[703-703]	703	185
COV	[704-704]	704	197
COV	[705-705]	705	181
COV	[706-706]	706	164
COV	[707-707]	707	194
COV	[708-708]	708	177
COV	[709-709]	709	157
COV	[710-710]	710	209
COV	[711-711]	711	152
COV	[712-712]	712	170
COV	[713-713]	713	169
COV	[714-714]	714	176
COV	[715-715]	715	162
COV	[716-716]	716	175
COV	[717-717]	717	159
COV	[718-718]	718	167
COV	[719-719]	719	157
COV	[720-720]	720	181
COV	[721-721]	721	162
COV	[722-722]	722	185
COV	[723-723]	723	164
COV	[724-724]	724	140
COV	[725-725]	725	172
COV	[726-726]	726	171
COV	[727-727]	727	151
COV	[728-728]	728	152
COV	[729-729]	729	168
COV	[730-730]	730	191
COV	[731-731]	731	189
COV	[732-732]	732	168
COV	[733-733]	733	181
COV	[734-734]	734	170
COV	[735-735]	735	191
COV	[736-736]	736	167
COV	[737-737]	737	195
COV	[738-738]	738	157
COV	[739-739]	739	171
COV	[740-740]	740	160
COV	[741-741]	741	154
COV	[742-742]	742	165
COV	[743-743]	743	151
COV	[744-744]	744	180
COV	[745-745]	745	157
COV	[746-746]	746	180
COV	[747-747]	747	153
COV	[748-748]	748	170
COV	[749-749]	749	137
COV	[750-750]	750	167
COV	[751-751]	751	142
COV	[752-752]	752	153
COV	[753-753]	753	149
COV	[754-754]	754	150
COV	[755-755]	755	163
COV	[756-756]	756	131
COV	[757-757]	757	161
COV	[758-758]	758	161
COV	[759-759]	759	153
COV	[760-760]	760	160
COV	[761-761]	761	144
COV	[762-762]	762	153
COV	[763-763]	763	146
COV	[764-764]	764	133
COV	[765-765]	765	141
COV	[766-766]	766	159
COV	[767-767]	767	150
COV	[768-768]	768	125
COV	[769-769]	769	148
COV	[770-770]	770	157
COV	[771-771]	771	135
COV	[772-772]	772	128
COV	[773-773]	773	121
COV	[774-774]	774	139
COV	[775-775]	775	138
COV	[776-776]	776	125
COV	[777-777]	777	118
COV	[778-778]	778	129
COV	[779-779]	779	126
COV	[780-780]	780	114
COV	[781-781]	781	120
COV	[782-782]	782	132
COV	[783-783]	783	129
COV	[784-784]	784	120
COV	[785-785]	785	126
COV	[786-786]	786	116
COV	[787-787]	787	137
COV	[788-788]	788	142
COV	[789-789]	789	129
COV	[790-790]	790	139
COV	[791-791]	791	131
COV	[792-792]	792	140
COV	[793-793]	793	144
COV	[794-794]	794	130
COV	[795-795]	795	138
COV	[796-796]	796	137
COV	[797-797]	797	136
COV	[798-798]	798	144
COV	[799-799]	799	123
COV	[800-800]	800	124
COV	[801-801]	801	136
COV	[802-802]	802	129
COV	[803-803]	803	126
COV	[804-804]	804	114
COV	[805-805]	805	127
COV	[806-806]	806	122
COV	[807-807]	807	125
COV	[808-808]	808	135
COV	[809-809]	809	118
COV	[810-810]	810	139
COV	[811-811]	811	145
COV	[812-812]	812	153
COV	[813-813]	813	116
COV	[814-814]	814	112
COV	[815-815]	815	105
COV	[816-816]	816	134
COV	[817-817]	817	117
COV	[818-818]	818	118
COV	[819-819]	819	113
COV	[820-820]	820	116
COV	[821-821]	821	111
COV	[822-822]	822	122
COV	[823-823]	823	103
COV	[824-824]	824	94
COV	[825-825]	825	100
COV	[826-826]	826	90
COV	[827-827]	827	82
COV	[828-828]	828	97
COV	[829-829]	829	108
COV	[830-830]	830	98
COV	[831-831]	831	93
COV	[832-832]	832	99
COV	[833-833]	833	94
COV	[834-834]	834	94
COV	[835-835]	835	106
COV	[836-836]	836	97
COV	[837-837]	837	89
COV	[838-838]	838	89
COV	[839-839]	839	103
COV	[840-840]	840	105
COV	[841-841]	841	84
COV	[842-842]	842	107
COV	[843-843]	843	105
COV	[844-844]	844	88
COV	[845-845]	845	102
COV	[846-846]	846	95
COV	[847-847]	847	118
COV	[848-848]	848	84
COV	[849-849]	849	99
COV	[850-850]	850	85
COV	[851-851]	851	96
COV	[852-852]	852	94
COV	[853-853]	853	95
COV	[854-854]	854	108
COV	[855-855]	855	90
COV	[856-856]	856	96
COV	[857-857]	857	98
COV	[858-858]	858	94
COV	[859-859]	859	98
COV	[860-860]	860	79
COV	[861-861]	861	75
COV	[862-862]	862	94
COV	[863-863]	863	96
COV	[864-864]	864	76
COV	[865-865]	865	70
COV	[866-866]	866	91
COV	[867-867]	867	66
COV	[868-868]	868	86
COV	[869-869]	869	73
COV	[870-870]	870	88
COV	[871-871]	871	92
COV	[872-872]	872	66
COV	[873-873]	873	80
COV	[874-874]	874	81
COV	[875-875]	875	67
COV	[876-876]	876	84
COV	[877-877]	877	70
COV	[878-878]	878	70
COV	[879-879]	879	65
COV	[880-880]	880	60
COV	[881-881]	881	71
COV	[882-882]	882	83
COV	[883-883]	883	63
COV	[884-884]	884	82
COV	[885-885]	885	76
COV	[886-886]	886	83
COV	[887-887]	887	86
COV	[888-888]	888	67
COV	[889-889]	889	78
COV	[890-890]	890	63
COV	[891-891]	891	89
COV	[892-892]	892	75
COV	[893-893]	893	84
COV	[894-894]	894	72
COV	[895-895]	895	60
COV	[896-896]	896	67
COV	[897-897]	897	71
COV	[898-898]	898	81
COV	[899-899]	899	74
COV	[900-900]	900	73
COV	[901-901]	901	71
COV	[902-902]	902	72
COV	[903-903]	903	87
COV	[904-904]	904	78
COV	[905-905]	905	83
COV	[906-906]	906	60
COV	[907-907]	907	61
COV	[908-908]	908	69
COV	[909-909]	909	60
COV	[910-910]	910	76
COV	[911-911]	911	71
COV	[912-912]	912	68
COV	[913-913]	913	68
COV	[914-914]	914	81
COV	[915-915]	915	74
COV	[916-916]	916	65
COV	[917-917]	917	86
COV	[918-918]	918	73
COV	[919-919]	919	68
COV	[920-920]	920	56
COV	[921-921]	921	71
COV	[922-922]	922	54
COV	[923-923]	923	65
COV	[924-924]	924	62
COV	[925-925]	925	73
COV	[926-926]	926	70
COV	[927-927]	927	57
COV	[928-928]	928	64
COV	[929-929]	929	66
COV	[930-930]	930	67
COV	[931-931]	931	67
COV	[932-932]	932	59
COV	[933-933]	933	75
COV	[934-934]	934	43
COV	[935-935]	935	65
COV	[936-936]	936	61
COV	[937-937]	937	58
COV	[938-938]	938	64
COV	[939-939]	939	69
COV	[940-940]	940	73
COV	[941-941]	941	65
COV	[942-942]	942	66
COV	[943-943]	943	66
COV	[944-944]	944	51
COV	[945-945]	945	67
COV	[946-946]	946	56
COV	[947-947]	947	76
COV	[948-948]	948	62
COV	[949-949]	949	65
COV	[950-950]	950	63
COV	[951-951]	951	66
COV	[952-952]	952	54
COV	[953-953]	953	67
COV	[954-954]	954	52
COV	[955-955]	955	69
COV	[956-956]	956	41
COV	[957-957]	957	51
COV	[958-958]	958	60
COV	[959-959]	959	60
COV	[960-960]	960	52
COV	[961-961]	961	69
COV	[962-962]	962	60
COV	[963-963]	963	55
COV	[964-964]	964	70
COV	[965-965]	965	51
COV	[966-966]	966	62
COV	[967-967]	967	51
COV	[968-968]	968	57
COV	[969-969]	969	45
COV	[970-970]	970	54
COV	[971-971]	971	53
COV	[972-972]	972	55
COV	[973-973]	973	46
COV	[974-974]	974	55
COV	[975-975]	975	52
COV	[976-976]	976	55
COV	[977-977]	977	52
COV	[978-978]	978	58
COV	[979-979]	979	63
COV	[980-980]	980	62
COV	[981-981]	981	55
COV	[982-982]	982	57
COV	[983-983]	983	58
COV	[984-984]	984	55
COV	[985-985]	985	47
COV	[986-986]	986	51
COV	[987-987]	987	48
COV	[988-988]	988	63
COV	[989-989]	989	52
COV	[990-990]	990	45
COV	[991-991]	991	46
COV	[992-992]	992	39
COV	[993-993]	993	54
COV	[994-994]	994	54
COV	[995-995]	995	45
COV	[996-996]	996	56
COV	[997-997]	997	28
COV	[998-998]	998	56
COV	[999-999]	999	39
COV	[1000-1000]	1000	54
COV	[1000<]	1000	12486
# GC-depth. Use `grep ^GCD | cut -f 2-` to extract this part. The columns are: GC%, unique sequence percentiles, 10th, 25th, 50th, 75th and 90th depth percentile
GCD	0.0	0.038	0.005	0.005	0.005	0.005	0.010
GCD	2.2	0.039	0.025	0.025	0.025	0.025	0.025
GCD	5.0	0.039	0.010	0.010	0.010	0.010	0.010
GCD	8.0	0.040	0.015	0.015	0.015	0.015	0.015
GCD	9.0	0.042	0.015	0.015	0.050	0.085	0.085
GCD	10.0	0.042	0.130	0.130	0.130	0.130	0.130
GCD	11.0	0.045	0.010	0.010	0.020	0.035	0.035
GCD	12.0	0.049	0.010	0.012	0.015	0.037	0.040
GCD	14.0	0.053	0.010	0.010	0.022	0.032	0.055
GCD	15.0	0.057	0.010	0.025	0.070	0.202	0.330
GCD	16.0	0.065	0.010	0.010	0.017	0.021	0.025
GCD	17.0	0.079	0.010	0.010	0.015	0.030	0.110
GCD	18.0	0.089	0.009	0.015	0.020	0.025	0.043
GCD	19.0	0.113	0.010	0.010	0.015	0.021	0.048
GCD	20.0	0.133	0.010	0.015	0.025	0.035	0.078
GCD	21.0	0.159	0.015	0.015	0.030	0.035	0.102
GCD	22.0	0.194	0.010	0.015	0.020	0.027	0.040
GCD	23.0	0.238	0.010	0.015	0.020	0.037	0.067
GCD	24.0	0.302	0.015	0.015	0.025	0.039	0.062
GCD	25.0	0.400	0.015	0.020	0.025	0.040	0.050
GCD	26.0	0.529	0.014	0.020	0.030	0.040	0.071
GCD	27.0	0.719	0.015	0.020	0.030	0.050	0.556
GCD	28.0	0.962	0.015	0.025	0.035	0.055	1.082
GCD	29.0	1.372	0.020	0.030	0.040	0.065	1.731
GCD	30.0	1.939	0.020	0.030	0.050	0.713	2.949
GCD	31.0	2.858	0.020	0.035	0.055	1.409	5.083
GCD	32.0	4.295	0.020	0.035	0.060	2.472	7.528
GCD	33.0	6.258	0.030	0.040	0.070	3.828	9.648
GCD	34.0	9.104	0.030	0.045	0.075	4.396	10.418
GCD	35.0	12.665	0.030	0.045	0.080	3.958	10.874
GCD	36.0	17.031	0.030	0.045	0.080	3.843	10.067
GCD	37.0	22.017	0.030	0.045	0.080	3.256	9.941
GCD	38.0	27.828	0.030	0.045	0.075	2.491	9.083
GCD	39.0	33.684	0.030	0.050	0.075	2.059	8.555
GCD	40.0	39.752	0.035	0.050	0.080	2.224	8.445
GCD	41.0	45.558	0.035	0.050	0.080	1.874	7.886
GCD	42.0	51.297	0.035	0.050	0.085	1.869	7.579
GCD	43.0	56.734	0.035	0.055	0.085	1.629	7.104
GCD	44.0	61.851	0.035	0.055	0.090	1.829	7.083
GCD	45.0	66.406	0.040	0.055	0.095	1.594	7.162
GCD	46.0	70.487	0.040	0.060	0.100	2.144	7.384
GCD	47.0	74.112	0.040	0.060	0.110	2.191	7.428
GCD	48.0	77.170	0.040	0.065	0.120	2.726	7.826
GCD	49.0	79.999	0.040	0.065	0.140	2.918	8.275
GCD	50.0	82.382	0.040	0.070	0.190	3.559	9.438
GCD	51.0	84.442	0.045	0.080	0.710	4.276	9.531
GCD	52.0	86.351	0.050	0.090	1.089	4.622	9.809
GCD	53.0	88.027	0.055	0.105	1.449	5.083	10.764
GCD	54.0	89.528	0.060	0.110	1.474	5.192	11.219
GCD	55.0	90.864	0.070	0.170	2.234	6.528	12.290
GCD	56.0	92.179	0.075	0.329	2.454	6.591	11.979
GCD	57.0	93.339	0.090	0.600	2.768	7.731	13.503
GCD	58.0	94.444	0.100	0.755	2.783	7.316	12.970
GCD	59.0	95.502	0.145	0.825	2.821	7.116	12.412
GCD	60.0	96.490	0.195	0.787	2.634	6.541	11.495
GCD	61.0	97.340	0.205	0.703	2.738	6.645	11.837
GCD	62.0	98.024	0.195	0.595	1.844	5.332	10.450
GCD	63.0	98.582	0.237	0.556	1.469	4.897	9.387
GCD	64.0	99.042	0.210	0.406	0.999	3.117	7.097
GCD	65.0	99.419	0.210	0.442	0.969	3.006	7.526
GCD	66.0	99.668	0.204	0.350	0.695	2.004	5.816
GCD	67.0	99.809	0.189	0.320	0.575	1.214	3.014
GCD	68.0	99.902	0.161	0.297	0.460	0.954	2.053
GCD	69.0	99.952	0.118	0.205	0.450	0.675	1.053
GCD	70.0	99.983	0.108	0.190	0.315	0.553	1.197
GCD	71.0	99.992	0.045	0.192	0.257	0.677	1.074
GCD	72.0	99.998	0.050	0.070	0.300	0.400	0.470
GCD	74.0	100.000	0.060	0.060	0.075	0.100	0.100
