# This file was produced by samtools stats (1.23+htslib-1.23) and can be plotted using plot-bamstats
# This file contains statistics for all reads.
# The command line was:  stats data/EUR/CEU/NA12347/aligned/NA12347.bam
# CHK, Checksum	[2]Read Names	[3]Sequences	[4]Qualities
# CHK, CRC32 of reads which passed filtering followed by addition (32bit overflow)
CHK	15b4c9b6	1e6ccea4	16607826
# Summary Numbers. Use `grep ^SN | cut -f 2-` to extract this part.
SN	raw total sequences:	112745510	# excluding supplementary and secondary reads
SN	filtered sequences:	0
SN	sequences:	112745510
SN	is sorted:	1	# sorted by coordinate
SN	1st fragments:	56372755
SN	last fragments:	56372755
SN	reads mapped:	112724298
SN	reads mapped and paired:	112722352	# paired-end technology bit set + both mates mapped
SN	reads unmapped:	21212
SN	reads properly paired:	111906446	# proper-pair bit set
SN	reads paired:	112745510	# paired-end technology bit set
SN	reads duplicated:	0	# PCR or optical duplicate bit set
SN	reads MQ0:	6766369	# mapped and MQ=0
SN	reads QC failed:	0
SN	non-primary alignments:	0
SN	supplementary alignments:	28261
SN	total length:	10144565172	# ignores clipping
SN	total first fragment length:	5072282586	# ignores clipping
SN	total last fragment length:	5072282586	# ignores clipping
SN	bases mapped:	10142661286	# ignores clipping
SN	bases mapped (cigar):	10126310266	# more accurate
SN	bases trimmed:	0
SN	bases duplicated:	0
SN	mismatches:	30878945	# from NM fields
SN	error rate:	3.049378e-03	# mismatches / bases mapped (cigar)
SN	average length:	90
SN	average first fragment length:	90
SN	average last fragment length:	90
SN	maximum length:	90
SN	maximum first fragment length:	90
SN	maximum last fragment length:	90
SN	average quality:	35.5
SN	insert size average:	258.9
SN	insert size standard deviation:	96.4
SN	inward oriented pairs:	56126970
SN	outward oriented pairs:	7166
SN	pairs with other orientation:	11379
SN	pairs on different chromosomes:	215661
SN	percentage of properly paired reads (%):	99.3
# First Fragment Qualities. Use `grep ^FFQ | cut -f 2-` to extract this part.
# Columns correspond to qualities and rows to cycles. First column is the cycle number.
FFQ	1	0	0	101107	0	0	0	0	0	479	0	1038	0	1613	3203	22004	0	3568	2502	3020	2390	25288	8784	29895	83339	80118	38058	0	157353	230861	190405	70285	545376	116258	801948	471780	1863415	2544455	3630172	9168181	36158362	17498	0
FFQ	2	0	0	0	0	0	22	305	240	1014	2867	4779	7344	5418	12901	22612	8050	23759	17709	28192	30823	33747	67371	48988	109547	83224	86729	96561	131858	256963	196189	170748	552586	236996	823509	628912	1703592	2796676	4316333	8073810	35781663	10718	0
FFQ	3	0	0	0	0	6	51	522	626	1590	3581	5887	8996	7315	14209	24354	10558	24832	21529	31773	35805	34182	76702	51367	107498	81122	93414	99213	141728	250700	192689	184454	543351	242536	836964	639473	1667504	2813362	4386863	8023810	35703432	10757	0
FFQ	4	0	0	0	0	25	120	872	1131	3354	5099	6808	11517	9157	15040	27349	14437	23477	24874	39319	36458	36907	81236	52249	101724	81465	93370	94945	156422	239677	187787	188079	533378	244493	838198	655031	1649691	2848354	4494998	7993664	35573507	8543	0
FFQ	5	0	0	0	0	117	419	2291	3037	7469	9368	11375	17945	15821	22282	32929	20912	26367	33274	50377	40884	49649	87869	59922	111306	92788	100112	99012	176020	260687	173505	197911	572249	234868	920313	667004	1650039	2959636	4619089	8128518	34910575	6816	0
FFQ	6	0	0	380	0	146	380	1818	3028	5707	6660	9780	13061	12849	14955	20947	18084	18815	27054	40301	43476	49724	79669	64600	105116	102101	102369	101425	203324	230527	151248	218628	551433	224107	955720	686055	1569186	2972006	4506660	7996560	35262546	2310	0
FFQ	7	0	0	354	0	218	313	1288	2089	3872	5537	7955	12201	12256	14591	26381	14640	16205	25987	36651	41816	47053	81880	71038	121180	98365	104603	109657	192602	275687	179003	248548	589288	246607	1041040	699640	1702875	3129692	4452218	7899989	34856661	2775	0
FFQ	8	0	0	0	0	215	243	1000	1591	3029	4562	6837	10795	11127	14043	28461	12683	14917	25117	33371	41251	44062	80823	71901	127062	97066	103285	112798	189846	289345	190486	260160	600480	259683	1066335	715792	1755401	3188651	4458859	7847246	34701309	2923	0
FFQ	9	0	0	42	0	299	255	961	1584	2843	4574	6963	10712	11322	14720	30124	12372	14156	25002	33152	43355	44162	84192	73860	131780	99403	106104	120052	189378	304512	200807	281189	615516	277215	1118448	743585	1794795	3260599	4554832	7744177	34412721	2992	0
FFQ	10	0	0	0	0	277	226	942	1532	2553	4401	6855	10810	11130	14631	31500	11900	13820	24793	32993	43399	44079	85899	74200	135472	99980	106969	122956	190461	313296	204642	287108	627000	283088	1145384	752177	1817209	3297361	4575529	7760205	34235188	2790	0
FFQ	11	0	0	0	0	438	734	2773	4166	7487	7927	11965	14659	14931	17312	21009	23769	20278	31570	48134	46349	52372	87877	67989	98974	109096	124441	131841	213900	254001	191735	286985	619296	263147	1088925	780973	1745154	3279052	4672944	7911116	34115489	3947	0
FFQ	12	0	0	0	0	410	512	1946	2611	5228	6231	10225	13995	13748	16343	25957	18534	16611	28212	42993	44652	49881	89262	71933	116348	106610	123840	141194	209716	301365	223180	312591	665039	296691	1182962	805640	1891642	3417322	4704988	7815570	33594428	4345	0
FFQ	13	0	0	0	0	1863	990	2694	11057	5434	8680	14424	21216	14364	23499	32690	17190	17532	27636	41509	46533	50409	92962	76072	126016	108019	125620	146953	211336	323770	238222	329562	686294	313032	1222425	824961	1948983	3482328	4736257	7736046	33302313	3864	0
FFQ	14	0	0	522	0	989	599	2039	4663	4305	6412	10851	15459	13453	18738	33088	16074	15257	26890	40331	46558	48605	94610	76649	131347	109453	127605	154406	213163	340122	248983	349721	701838	332894	1278455	855795	1995936	3566293	4864698	7654974	32966839	4141	0
FFQ	15	0	0	0	0	493	420	1482	2286	3843	5854	9480	13318	13019	17292	32702	15881	14507	26897	39194	47451	48611	96561	77263	134040	111145	130890	158977	216135	349137	257456	363591	711132	343809	1312841	873651	2026270	3622412	4927722	7626789	32735973	4231	0
FFQ	16	0	0	0	0	832	1269	4123	5802	10088	9924	15965	18477	17561	21135	24259	27814	24761	38223	56507	55820	61918	98348	78351	109275	125057	143750	162532	234780	283774	226063	350107	673943	316161	1236524	882226	1877604	3582943	5049908	7786202	32757401	3328	0
FFQ	17	0	0	0	0	743	844	2652	3828	7057	8551	13834	17437	16865	20122	29730	22224	20434	34931	51730	54714	60610	103206	83804	126426	124665	146157	173423	235395	334347	263808	384193	722539	359017	1348349	919812	2035445	3730662	5141912	7662025	32107555	3709	0
FFQ	18	0	0	0	0	701	688	2175	3310	5754	7627	12439	16952	16156	19876	32708	20160	18503	32774	47758	55060	58645	104903	85358	134897	126143	146817	180466	238106	356128	284012	409091	743094	383080	1402935	951619	2106526	3824217	5219497	7582844	31737999	3737	0
FFQ	19	0	0	0	0	814	651	2167	3311	5508	7858	12937	17240	16826	21317	36184	19689	17955	33042	47546	57117	59575	109785	88408	142577	129732	151218	188400	242954	375075	294391	428216	761330	400259	1454902	975831	2153040	3893467	5326650	7524227	31368759	3797	0
FFQ	20	0	0	0	0	877	649	2207	3466	5523	8143	13143	17655	17025	22224	37892	19961	18044	33557	48062	58834	60562	112750	90766	146365	132771	154325	195492	248853	386572	305676	448665	772152	416446	1502318	1002171	2193001	3957004	5440934	7458860	31036144	3666	0
FFQ	21	0	0	3	0	1289	2114	6331	7781	14694	13398	21469	23411	22465	28201	30061	35288	32221	47544	68835	69730	77951	113839	93588	123381	147361	171567	200388	263881	321811	273476	429994	736299	385054	1422534	1008393	2050559	3921938	5577538	7665459	30959742	3167	0
FFQ	22	0	0	8	0	1160	1314	3968	5406	9915	11311	18113	22288	20971	25379	34246	27729	25576	42633	61231	66768	74602	117217	98792	138768	148105	172455	208197	270179	367342	314971	461631	779521	429222	1519927	1043460	2207100	4062918	5654658	7612504	30309509	3661	0
FFQ	23	0	0	10	0	1315	1068	3538	5136	8656	11349	17560	22677	21492	26754	39520	25881	23827	41644	59437	68159	74216	123352	101263	151859	150757	176999	218667	277349	399418	336424	493855	809692	458406	1595277	1079778	2287607	4165112	5748908	7553579	29788363	3851	0
FFQ	24	0	0	15	0	1518	1127	3599	5287	8508	11502	18302	23179	22626	28788	43123	26050	22943	42721	59951	72486	76988	129731	105423	158194	157782	183226	230183	285612	417982	355801	527542	826630	487147	1665338	1123102	2350934	4247148	5945536	7395332	29307573	3826	0
FFQ	25	0	0	27	0	1992	1260	3753	7404	8133	11778	19084	24842	22756	30030	45396	25525	23153	42072	58714	72396	77176	133358	107068	163743	157851	185603	233464	289486	428850	360567	534309	840941	492348	1693814	1128463	2373920	4288721	5946594	7495544	29038611	4009	0
FFQ	26	0	0	73	0	2948	5773	16716	17814	25054	24687	35405	35848	33658	44286	41488	48631	47912	61101	82586	90937	107740	135083	117037	139278	177668	214441	248791	309549	364456	340663	524594	810730	476871	1632993	1159414	2293929	4298438	6292626	7655515	28451725	6297	0
FFQ	27	0	0	83	0	4391	4584	12958	20351	20745	24420	35885	44772	34426	50486	49764	41993	42352	59547	80873	91587	110755	147639	128140	160279	184319	221208	264794	324213	417518	387981	568440	856128	525493	1747310	1203082	2443574	4435769	6396045	7587017	27636393	7441	0
FFQ	28	0	0	89	0	2906	3183	9208	11475	16778	19891	30352	35237	33565	44819	52898	38718	37089	57250	76703	90160	107517	153632	129618	172169	186984	224872	274452	332837	443656	413791	598699	880875	557830	1814577	1246949	2535945	4541725	6512750	7547779	27128175	7602	0
FFQ	29	0	0	106	0	3174	3351	9128	11469	16593	20403	31826	36575	34820	48644	58587	38381	36671	58528	77278	94438	112107	161222	135061	182738	193860	232087	288182	343689	468311	431893	630418	904026	581434	1888970	1278083	2588297	4616150	6622247	7511003	26615175	7830	0
FFQ	30	0	0	149	0	3237	3219	9163	11550	16250	20685	32091	36664	35933	50513	61656	38705	36212	58355	78147	95910	115215	166876	137738	188051	197871	236707	294079	349528	481146	441128	647009	920542	595275	1935163	1298500	2624301	4670994	6678961	7528723	26269139	7370	0
FFQ	31	0	0	250	0	2955	5617	15919	16009	23195	23512	33867	34052	33422	43877	41377	49576	52194	63312	87094	95049	108004	134658	123877	135985	187078	230963	255231	316436	351636	373197	568335	764360	552447	1594783	1227056	2446468	4346565	7024601	6601118	28400655	8025	0
FFQ	32	0	0	227	0	2899	4078	11248	12531	18941	20813	31497	34473	33445	43021	44397	44373	45668	61819	84729	95194	111998	143036	132455	149690	194807	239377	270375	337964	394023	423237	622721	800783	610658	1723342	1294195	2599470	4482654	7192564	6415651	27634273	8644	0
FFQ	33	0	0	206	0	2700	3388	8984	9872	15174	17651	27139	30725	30426	40406	42080	43222	45428	60796	84789	96982	108333	138601	138715	146414	205875	247375	270736	358239	381887	462036	671475	761234	705235	1661531	1390422	2762014	4556875	7628115	5306204	27900842	7810	0
FFQ	34	0	0	204	0	2796	3151	8472	9889	14604	17825	27348	31348	30747	41607	43662	42681	45013	61187	84934	99670	110740	143452	141873	149881	212071	254070	276727	369259	392930	476810	698283	771978	727529	1707964	1423775	2811554	4609359	7749921	5188502	27579543	7332	0
FFQ	35	0	0	222	0	5378	4358	10946	24438	16637	22368	34446	46086	33277	53268	50479	43982	48694	64171	87069	105708	116154	150237	148453	154886	220726	260009	284342	382044	404815	487487	721002	781694	747644	1750220	1450085	2841338	4646990	7850551	5064629	27246066	6690	0
FFQ	36	0	0	259	0	3611	6365	16703	15829	24731	23927	35350	35296	33277	46035	41748	52300	55306	67608	90163	101305	115984	129261	133635	132087	202822	241657	267567	332757	346192	395685	662919	701235	657309	1649601	1364891	2611580	4430409	7803659	5137711	28394019	5697	0
FFQ	37	0	0	250	0	3592	4383	11783	13177	19876	21924	32925	36575	33574	45090	43010	48365	48861	67169	88846	102361	118983	137173	141445	140486	214607	249767	276247	364075	380069	441811	718293	736168	719984	1765607	1439600	2754334	4563395	7967372	4926982	27681854	5478	0
FFQ	38	0	0	253	0	14344	9033	22145	78112	27794	44278	64584	104875	43997	103197	69430	52284	63587	73277	97901	119723	134295	157559	155692	154693	234094	261298	291122	390542	408786	462873	766125	755474	754034	1833777	1494585	2797511	4607009	8055991	4616448	27040111	3737	0
FFQ	39	0	0	259	0	6601	4794	12377	30450	19055	27354	40621	55155	37382	63734	54038	48168	51034	69298	90244	111935	127463	153028	152350	152297	233530	264583	293261	399294	415235	481252	788304	768215	786516	1881972	1538516	2883200	4716022	8205226	4586876	26809182	4890	0
FFQ	40	0	0	296	0	3723	3509	8950	12577	15677	21250	32219	36270	34509	49402	45593	46691	46713	68787	90504	111816	127766	156209	155548	155051	242315	269934	302959	413710	421591	498470	820016	776277	821166	1929339	1593632	2955570	4810919	8401325	4440037	26437740	4874	0
FFQ	41	0	0	377	0	5338	8680	21209	19753	29802	29051	41597	42472	38060	55115	47506	62757	65464	80435	104405	118861	139608	144477	156800	146860	238483	278960	305384	386879	381566	461515	783032	741549	793803	1821711	1573284	2869716	4768574	8484743	4495843	26614306	4138	0
FFQ	42	0	0	359	0	4739	5943	14651	16643	23830	26493	38670	42005	37217	53339	46641	56790	57535	78522	101827	119697	142324	153799	163713	155344	250825	287299	314375	419719	413660	504364	826434	777207	837372	1918462	1620214	2968799	4847781	8505286	4457493	26067359	4637	0
FFQ	43	0	0	356	0	7613	6758	15939	28351	23242	30707	44621	54863	39853	64396	52997	55199	57361	78300	101849	123928	144427	162592	169235	163020	258774	291191	320896	436623	431414	523990	854249	796760	864281	1968431	1658092	3015000	4899748	8541060	4375378	25694597	4612	0
FFQ	44	0	0	383	0	4983	4821	11957	15718	19484	25960	39018	42963	39142	57209	50156	55370	55082	79808	101933	126962	147346	167832	174152	166321	270591	300502	331800	456976	447447	546606	897476	813414	903589	2033228	1718635	3091414	4995615	8688606	4222701	25250422	4450	0
FFQ	45	0	0	450	0	5161	4634	11423	16137	18953	25607	38467	42967	38997	57767	50074	55784	55321	80773	103621	129150	150345	170888	178516	170005	278666	306638	335958	471494	455521	561974	918380	823776	933287	2067722	1766775	3135595	5070067	8803290	4108325	24912884	4068	0
FFQ	46	0	0	837	0	10961	15050	32548	34806	39841	39015	52991	63828	43838	72093	53132	73622	77040	90651	116348	134476	162903	156649	176980	157399	268773	308464	331719	432892	413250	513417	879977	778721	896608	1943563	1748577	3031533	5019683	8906638	4063195	25214617	2222	0
FFQ	47	0	0	560	0	6685	7916	18790	21356	29276	32237	46862	50620	42296	63759	51879	68613	68534	92168	116581	137447	169634	167523	191126	170030	291018	325144	350040	485164	450935	575578	949507	825436	971412	2077662	1839297	3164807	5151557	9024340	3890020	24429849	2615	0
FFQ	48	0	0	564	0	6704	6655	15746	20604	25354	31575	46113	51136	43379	65466	52593	67271	66689	93675	117591	142817	174013	178603	199016	178122	308972	337606	363372	513848	475245	605348	999908	851580	1022237	2156339	1913976	3251322	5247236	9156840	3717535	23850132	2556	0
FFQ	49	0	0	599	0	7073	6485	15129	21443	24030	32375	47768	52118	44772	68585	54070	67944	67031	95914	119950	148664	179560	187190	206854	184290	323657	347464	375217	538978	493052	632615	1043221	868010	1064293	2220187	1986870	3316289	5349617	9303436	3535259	23324932	2296	0
FFQ	50	0	0	688	0	7346	6356	14574	22471	23163	32258	47742	52749	44389	69617	53962	68859	67704	96848	121252	152515	183115	189789	212229	186563	331537	352211	382401	553118	500050	644857	1065589	879029	1089501	2246146	2027607	3355393	5406050	9380187	3433867	23052739	2284	0
FFQ	51	0	0	893	0	9700	14276	29571	27953	40769	39355	55026	55981	46827	73114	58417	85906	85742	104091	129733	153341	189797	173449	207203	178331	314224	352109	378228	503167	457640	602483	1015914	845656	1064903	2117665	2026999	3325594	5438201	9437861	3514341	23199798	2038	0
FFQ	52	0	0	897	0	9054	10169	22095	26515	34527	38298	54195	59265	47288	75004	56529	84055	81841	108422	134320	162383	203687	187466	226803	190569	346748	373308	397193	565819	497397	668400	1100730	895196	1150228	2255757	2140498	3453653	5578931	9597877	3276311	22242278	2142	0
FFQ	53	0	0	907	0	9776	9224	20317	29158	30843	39545	56741	63235	49840	79770	57902	82365	81628	110464	136683	169191	210820	198646	234441	199383	365287	385089	411726	599018	524331	700302	1149432	922190	1200203	2333289	2208149	3518247	5654832	9679055	3138817	21692425	2096	0
FFQ	54	0	0	1395	0	11061	9360	20784	37692	30354	42578	61839	72045	51942	89703	61905	84319	84688	115261	140795	177005	217742	208844	244471	206188	383122	396057	425491	625758	543995	721801	1197316	952191	1241471	2398090	2284742	3570261	5759069	9755626	2985225	21142727	1981	0
FFQ	55	0	0	45797	0	12552	9851	21279	45537	29820	44913	65783	80186	52886	95914	65784	84530	86971	115850	142197	181336	220312	214150	249645	210437	391028	400354	430297	639409	552855	734095	1227948	969126	1267646	2435220	2328244	3595397	5804675	9800672	2889740	20810187	1825	0
FFQ	56	0	0	153329	0	13323	18760	36666	34490	48460	46809	64311	67938	52893	87690	67251	104085	101682	123126	148539	179863	228537	197532	244173	204767	369612	405639	434474	591179	518671	712057	1193470	951646	1276218	2328107	2367036	3620022	5891526	9843184	2896794	20728633	1467	0
FFQ	57	0	0	183492	0	12488	13310	28346	35179	41308	47736	66439	72384	54072	91748	64116	102576	99884	130205	156148	191912	244871	213467	268683	219799	410120	426754	457952	664995	563240	781654	1281298	1008259	1357016	2470029	2480552	3724815	6017558	9939283	2693742	19736325	1711	0
FFQ	58	0	0	228633	0	14195	12864	27581	46216	37814	51457	71592	84768	57766	102439	67367	102937	104242	133934	161516	203502	253324	228524	281969	229579	437064	441838	473939	701097	589977	816024	1336929	1044936	1413272	2542467	2581266	3783046	6135347	10017033	2498265	19036738	1570	0
FFQ	59	0	0	298979	0	12566	10764	23751	37763	33916	48774	69565	74314	57617	98395	64628	101655	101946	134661	162555	206824	256306	234028	287799	234330	451224	448493	484453	727339	605054	837480	1374145	1071372	1451211	2600421	2646430	3832035	6214986	10070544	2403068	18581600	1530	0
FFQ	60	0	0	418944	0	11840	10122	22057	36558	31848	47469	68692	72440	57260	98080	64969	101033	100448	135600	163940	209037	258276	238967	293202	237348	458985	452511	489522	739139	614387	847648	1407604	1094692	1472884	2657757	2688120	3852650	6263735	10071985	2356560	18204198	1515	0
FFQ	61	0	0	601438	0	16747	22504	41564	38982	53324	53447	70953	76318	56792	98751	72602	118456	115562	138692	162395	202001	260748	218953	277921	227592	423823	446204	485747	664156	576623	808364	1341679	1055248	1450354	2508382	2703193	3856985	6338982	10040520	2393067	18331281	1188	0
FFQ	62	0	0	647328	0	14951	15940	33092	41862	45263	54194	74403	81484	57668	104384	68184	117127	115555	146870	171179	218538	279966	235323	304193	242521	467650	471910	509116	744346	621002	877622	1429135	1113538	1529531	2645733	2805089	3931628	6422709	10099175	2224415	17387052	1366	0
FFQ	63	0	0	711568	0	15341	13947	29434	44953	40660	55982	78095	84407	60324	109937	69169	117418	117193	151246	177082	227915	288256	250394	318054	252533	493798	485229	527056	784892	649161	911910	1481619	1152783	1581574	2731801	2893837	3978627	6515279	10113537	2100696	16733460	1335	0
FFQ	64	0	0	806930	0	15803	13190	28447	52184	38355	57959	82479	90515	62158	117004	70848	116951	118571	151510	179253	234569	292281	257515	324258	256509	508444	490878	532412	802364	662646	927351	1512182	1178794	1604357	2768613	2938069	4000826	6563189	10111500	2025345	16354380	1387	0
FFQ	65	0	0	960249	0	14705	12288	26260	46025	35655	55191	78927	82269	60699	113841	68391	116708	118857	153057	181891	237521	295118	262770	333457	261223	521302	497506	545159	826715	678714	945241	1558420	1210549	1646067	2840165	3021426	4037217	6656966	10150999	1887398	15809375	1186	0
FFQ	66	0	0	1188622	0	22384	29469	49868	48079	61621	64143	81724	91132	63040	116989	81880	140193	135821	161912	182091	238346	307417	252132	326516	258417	493011	497619	551685	763473	655228	928801	1516395	1200608	1646812	2750482	3100722	4086171	6823425	10046608	1816300	15569080	796	0
FFQ	67	0	0	1244820	0	19878	20577	39786	52511	51352	63186	85040	94794	62496	122101	75185	137832	138933	169024	192485	253595	322592	269219	353827	275543	541092	522230	577484	846031	695777	999055	1588635	1262462	1724867	2860838	3216014	4146026	6904359	10062262	1679148	14676392	995	0
FFQ	68	0	0	1322930	0	19365	17104	35072	56484	45438	65154	90039	97693	65303	128894	75395	138151	141721	173294	199990	266561	331846	285323	369283	285619	569514	535358	594075	886027	723777	1031666	1641608	1303731	1767355	2937038	3281526	4174092	6939380	10031632	1598672	14120753	970	0
FFQ	69	0	0	1438275	0	18601	15607	32829	58763	42696	66366	94104	99234	66805	132793	76600	137916	143245	176586	204148	272851	339346	296749	378037	289625	586869	547320	607046	911283	745040	1048757	1681441	1335017	1786919	3002646	3307467	4175831	6954934	9961382	1582705	13730405	1030	0
FFQ	70	0	0	1619829	0	18647	15445	31959	58779	40223	64763	92253	95841	65558	133125	75685	137747	142957	175649	204538	275248	340404	299812	382938	293918	597914	549336	614245	928329	755158	1056830	1717499	1360995	1815379	3055343	3363692	4196591	7004328	9964500	1496249	13303947	979	0
FFQ	71	0	0	1901726	0	34608	43127	68416	63680	76546	81901	98148	120268	77812	142701	103704	169418	173105	196239	216593	288341	363367	314720	393016	312841	571032	585569	633382	874505	735603	1117554	1667588	1385860	1921915	2909873	3652561	4477350	7499941	9776194	1478425	11817318	1094	0
FFQ	72	0	0	1965364	0	25648	27193	50566	61644	61658	76894	99034	113578	74517	145670	94757	167735	173674	202572	229562	301877	381619	325492	424184	329806	618519	612076	661134	963665	775951	1187316	1740526	1440045	1995373	3010114	3712890	4507476	7469934	9759698	1426538	11129668	1469	0
FFQ	73	0	0	2052851	0	24955	23532	44748	68253	55031	78338	104094	116951	75732	152332	94489	168739	182564	208461	238916	320528	394469	345575	447649	342785	654942	631078	685094	1013942	811182	1232878	1797270	1500892	2050778	3097869	3827007	4524596	7524583	9666842	1296648	10486968	1314	0
FFQ	74	0	0	2180548	0	25584	22722	44105	73836	52613	81697	111181	121569	78885	161690	97550	174460	192473	216578	250224	338105	410467	364893	468408	356306	693499	651070	713926	1057896	847158	1262537	1859399	1559157	2081312	3208267	3911449	4534983	7582848	9531817	1185579	9838170	1297	0
FFQ	75	0	0	2372917	0	25840	22076	42869	73430	50105	79755	108880	119417	77670	161036	97140	171863	191503	216471	249385	338065	410586	368839	470447	356582	694417	649024	711959	1061690	847799	1264207	1876351	1567820	2089050	3233030	3927100	4497361	7523369	9447438	1178614	9768468	1099	0
FFQ	76	0	0	2670265	0	10087	17961	43864	44321	49607	55967	77692	70937	64919	107383	82932	112772	116896	139706	174499	199384	267538	262163	266866	263678	389992	510787	491267	685499	598030	910415	1097970	1301906	1300572	2285145	2096960	3875660	5991716	7967072	6460625	15256569	23493	0
FFQ	77	0	0	2733515	0	10671	13669	31884	36002	42663	50858	76112	78045	63790	116540	81206	106465	106673	139960	178138	206576	289481	273171	298051	290530	412975	533396	534787	737204	650025	1001445	1172111	1347145	1377883	2430894	2152442	3978254	6028291	7999628	6264230	14470136	27677	0
FFQ	78	0	0	2830598	0	11511	12673	29177	35319	39679	53064	78842	85016	68662	128489	89433	106703	106851	145634	183053	220210	308882	292111	321260	313528	441332	559087	566439	783874	691894	1059080	1259544	1373583	1473268	2548741	2246139	4089576	6084138	8148729	5826231	13703874	25711	0
FFQ	79	0	0	2963863	0	11526	12213	27137	34088	36454	51877	77168	83791	68208	131876	92471	104848	106172	146087	181569	223774	311499	297454	326379	321721	450826	564355	572434	794805	703112	1070632	1289817	1384093	1507474	2590206	2282122	4125007	6097866	8158091	5701010	13414835	24434	0
FFQ	80	0	0	3197059	0	11650	12321	25903	32469	34655	49568	73107	79556	66224	128762	92084	106455	108657	147063	183781	228163	312690	302188	334204	325915	457301	572128	574699	806682	702611	1085648	1335623	1378314	1565453	2626054	2358640	4170784	6121887	8252290	5370173	13088500	21423	0
FFQ	81	0	0	3592812	0	10763	15994	33562	35177	43161	47381	70148	70110	52640	105476	63277	100739	96177	127385	149531	185859	283980	222587	249648	234652	370509	469606	492170	649265	604592	827894	1233526	1191864	1361034	2504668	2201608	3675275	5645639	8134605	4798866	16382801	5054	0
FFQ	82	0	0	3691176	0	12058	13102	30206	38817	37663	51667	77731	89918	58595	128601	70859	99531	91826	134525	153263	202487	305128	245490	276923	258838	408048	492299	522014	712418	657059	898459	1320763	1236596	1428459	2658241	2250986	3759939	5681362	8144913	4661658	15431055	6736	0
FFQ	83	0	0	3834437	0	10702	9249	23234	35530	30348	50239	75555	82717	60043	131891	74204	96847	87525	135192	152572	210312	308860	258927	287006	270428	428699	502247	533287	744032	684169	933706	1380642	1269297	1488786	2726797	2328823	3825602	5724531	8197205	4487669	14850156	7212	0
FFQ	84	0	0	4075015	0	10052	7959	20313	35191	26127	49017	72602	79709	58837	133215	74935	95229	86684	135851	150136	214709	309277	266045	291131	276779	438777	507793	537789	762267	695492	944232	1433337	1286433	1537855	2797099	2382974	3869401	5755333	8253011	4292497	14367861	6977	0
FFQ	85	0	0	4513390	0	8942	6880	16803	29935	21283	42031	62390	67674	51057	122871	70153	90329	83228	131165	145545	211815	300801	266943	291147	277455	442381	504580	537107	770356	694701	939301	1487334	1305976	1569027	2874886	2429927	3887387	5778710	8263507	4151973	13881235	6956	0
FFQ	86	0	0	5269204	0	7319	9893	21219	23768	28717	33313	56120	58677	39018	91249	45696	103315	93359	129889	143837	191824	305001	220923	260690	239937	399539	496762	530917	705523	645057	920878	1398439	1271893	1592377	2648042	2496019	3913154	5860619	8199999	4074482	13804801	4917	0
FFQ	87	0	0	5410009	0	8947	7597	20531	30583	25009	41302	65076	72370	45716	114828	50863	103764	89035	139713	148560	211068	328526	241638	287309	259086	443452	518166	557490	782175	694770	995043	1501576	1322739	1682393	2803746	2575910	4002787	5881001	8224675	3844166	12797816	6166	0
FFQ	88	0	0	5610295	0	9846	6666	19703	36380	21354	46226	71100	81565	51305	132144	59085	105950	91768	146184	150700	228732	343641	264561	302101	273144	473181	532792	573953	820319	731073	1020776	1574278	1359543	1735602	2898157	2648196	4035395	5891720	8185288	3660480	12135065	6463	0
FFQ	89	0	0	5917542	0	7826	4406	14426	33536	16165	41188	62215	68244	44921	121410	53504	104348	90823	145783	148790	231834	341171	265788	305468	273345	484368	535105	572377	839218	735015	1031403	1628862	1374839	1792654	2946366	2726172	4077976	5918998	8252047	3440522	11678875	6214	0
FFQ	90	0	0	6456428	0	2938	2328	6320	13383	7814	18901	28480	31433	22681	63913	31298	100869	89330	141182	143318	226523	328959	258904	299446	266851	477373	524164	556954	826326	710467	1010101	1650141	1369946	1815794	2948882	2755489	4078557	5904536	8258195	3339388	11558578	6544	0
# Last Fragment Qualities. Use `grep ^LFQ | cut -f 2-` to extract this part.
# Columns correspond to qualities and rows to cycles. First column is the cycle number.
LFQ	1	0	0	34023	0	0	0	0	0	10142	0	0	0	8343	29730	65827	0	0	28407	0	21018	77787	25252	73923	162797	170556	74682	0	277085	372659	288039	101797	781810	162266	1018264	519558	2093430	2635959	2725314	4842176	39468082	303829	0
LFQ	2	0	0	0	0	0	0	0	0	10679	0	6179	28096	16321	58634	57914	12773	36630	25074	43231	41700	80744	111234	106535	202740	119620	144611	164373	224493	380446	295743	208176	783454	307428	1079102	744682	1886700	3055538	3395830	3772861	38816187	155027	0
LFQ	3	0	0	2413	0	34	55	1176	2457	9718	3570	9437	13219	22171	48395	56766	17003	33892	31939	48014	48881	76592	123801	101657	196471	113048	151702	162710	232401	373429	282980	228203	772602	307209	1098525	754716	1844744	3070614	3441328	4579765	37960967	150151	0
LFQ	4	0	0	0	0	144	278	3260	5330	9974	8793	13855	18353	28152	47583	58252	23916	34773	39829	55452	57530	75938	135215	98051	189655	118359	148995	156833	246221	363701	265715	239768	762417	305341	1108319	762849	1823035	3101738	3536417	5060472	37332842	135400	0
LFQ	5	0	0	0	0	337	1004	4972	8442	13435	12680	18089	22724	33873	49683	47977	29332	38388	46198	64181	59714	82295	134181	97462	161996	125484	147449	153434	254972	329162	251219	243888	729385	304228	1102204	767843	1735238	3102267	3585345	5039361	37459644	114669	0
LFQ	6	0	0	0	0	372	1281	4764	9965	14180	13451	16804	20184	33916	48112	30581	28476	34245	41210	65052	57638	86700	130006	95057	132165	133166	149525	148578	277397	282290	233360	260301	698497	292715	1131885	787455	1620813	3150781	3637441	5328453	37272018	103921	0
LFQ	7	0	0	85	0	470	1233	3648	6847	9784	11018	14095	18429	28337	50916	43450	25899	28829	38294	57503	56260	81410	133211	104067	164329	127024	153167	164589	265452	336772	264508	294136	738016	308706	1211451	789886	1761205	3258909	3666709	5371231	36650917	131963	0
LFQ	8	0	0	964	0	582	1196	3222	6225	8340	9801	13354	16629	25423	51268	51190	24025	27069	37142	53534	55638	78978	133338	106682	180441	126966	155133	175368	262289	360185	281903	315524	751323	327418	1247968	812363	1815869	3324898	3763895	5350648	36274315	141649	0
LFQ	9	0	0	543	0	588	1113	3086	5012	7386	9295	12791	16006	23747	51992	56808	23192	25955	36706	52070	55430	78454	134065	108008	190990	127351	157091	182986	262808	374363	290199	325993	764753	338042	1273716	826300	1851596	3351445	3823087	5375661	36008234	145893	0
LFQ	10	0	0	518	0	759	1142	2922	5558	6687	9063	12627	16401	22702	51912	58928	22614	25751	36153	50582	55317	78036	135460	108773	194856	128319	157265	185675	263915	381417	296047	332573	771634	344558	1291968	833167	1871024	3381219	3868110	5408608	35814029	146466	0
LFQ	11	0	0	224	0	918	2248	6618	11621	16692	16094	20042	22733	37236	56436	32545	33415	38844	45919	71877	63575	99681	137530	102205	132924	142886	171180	176237	291280	299603	268195	316454	736933	324384	1250769	850465	1725032	3384697	3935943	5652624	35768474	128222	0
LFQ	12	0	0	0	0	925	1877	5197	8045	11671	13287	17521	20215	30754	59744	43307	28680	33113	42878	63156	62217	95169	137872	110820	160030	139783	174097	198682	283449	351381	307515	354915	775323	361476	1334591	888289	1869037	3485663	4109279	5588786	35051754	152257	0
LFQ	13	0	0	0	0	2635	2212	5995	13800	10797	14435	18951	29914	28876	70275	58102	28033	32888	42638	60426	64095	94924	143105	115387	182337	142725	176518	209354	285630	384064	324537	376842	802027	380245	1381862	907889	1936966	3538785	4201733	5569883	34576820	157050	0
LFQ	14	0	0	0	0	1119	1614	4464	6167	9007	11739	16782	18783	26573	63269	59541	25979	29813	41987	58176	62560	93016	142945	116395	190446	141878	177966	216117	286826	396942	335328	389663	814622	394139	1412865	928649	1976989	3594510	4288932	5603331	34272585	161038	0
LFQ	15	0	0	0	0	1141	1515	4335	6215	8619	11904	16624	18518	26139	64707	62736	26150	29385	42091	58000	63793	93962	145367	118349	195441	146226	181792	223499	290769	407231	345475	408424	825493	409071	1452704	948686	2003308	3645896	4411231	5573317	33945230	159412	0
LFQ	16	0	0	87	0	1643	3643	9701	13068	19277	20222	24474	26238	41222	70943	35976	36736	45935	52636	80892	74038	117267	149758	115704	140489	158058	194242	213418	311505	329967	311733	383439	784267	390426	1405624	954157	1852248	3651983	4473249	5730965	34013372	134153	0
LFQ	17	0	0	0	0	1627	2488	6823	8950	13377	16293	21364	23325	34307	74198	48106	31515	37624	49054	70271	71597	111203	152790	124635	169922	156929	197102	230120	309796	380399	349237	417606	824476	422757	1478079	986734	1998104	3735047	4595916	5755800	33307908	157276	0
LFQ	18	0	0	0	0	1794	2319	6208	8120	11738	15103	20869	22799	31030	76881	58690	30154	35428	48154	66955	72729	110695	156046	129251	188484	160328	201622	245915	315974	410283	371930	450137	847239	451765	1542515	1022405	2073711	3819183	4766606	5688712	32750399	160584	0
LFQ	19	0	0	0	0	1818	2207	6078	7764	10980	14941	21023	22519	31020	81068	65951	29822	33953	48261	66449	74173	112703	161391	132829	201528	163492	205458	255211	320683	433478	383703	468789	867821	466266	1593163	1042887	2120296	3873994	4862909	5701895	32325501	160731	0
LFQ	20	0	0	1	0	2849	2437	6596	12350	11254	16348	22770	28967	30543	86808	71981	29917	34741	48826	65929	76148	114807	163586	134275	206477	167573	207951	261054	327208	438740	393990	487101	875336	480956	1625018	1065022	2144679	3910376	4991405	5673711	31996987	158038	0
LFQ	21	0	0	13	0	2826	5311	13509	15888	24325	25047	30360	31177	49174	88867	40189	42288	55453	61644	92938	87428	141870	166635	134617	151857	181568	225744	252719	347307	363590	364575	463744	839562	469420	1578589	1078869	2026147	3951097	5077199	5858197	31897750	135262	0
LFQ	22	0	0	14	0	2615	3811	10208	11845	17685	21115	28345	29358	41187	96464	54042	37464	45797	58726	82328	87737	138071	174979	145286	184066	184428	232518	276380	355176	422075	410802	513561	888640	512922	1682750	1126995	2183367	4062358	5264043	5828978	31003992	152627	0
LFQ	23	0	0	21	0	2816	3520	8880	10867	14872	19805	27103	28264	37917	98728	66884	35469	41647	57236	77314	87208	135349	179244	150673	205579	187336	235463	288011	360707	457170	430308	534436	920145	533332	1736133	1152460	2254833	4134796	5311762	5895398	30490966	160103	0
LFQ	24	0	0	31	0	3036	3444	8805	10859	14828	19386	27837	28762	37026	103323	73071	35120	41268	58297	76917	90725	139834	184684	154164	214607	193846	243206	301118	369809	475051	451132	567783	932601	560842	1798427	1190894	2308158	4195154	5529582	5789880	29981686	157562	0
LFQ	25	0	0	62	0	3354	3519	8727	11139	14222	19747	28341	28899	36240	106526	76922	35217	40800	59032	76662	91672	142153	189738	156944	220979	197791	247968	310378	378393	485737	462471	589149	941399	579007	1840406	1213929	2342238	4240816	5653694	5782517	29601611	154356	0
LFQ	26	0	0	116	0	5494	8902	21308	24457	33253	32289	40029	45874	61285	116854	46723	51086	70920	75218	111076	107700	175745	192042	161263	167416	216615	270647	302742	406735	408818	441795	567111	921882	574456	1792115	1245986	2262436	4324505	5755045	6039131	29154992	138694	0
LFQ	27	0	0	126	0	4268	6005	14275	15771	23285	27185	36823	37736	50445	124248	62290	45776	57429	72046	99489	107907	173039	204697	175601	203262	223310	281630	331759	420948	472500	493712	623535	974546	625251	1908920	1299733	2422044	4436271	5912325	6040643	28208317	155608	0
LFQ	28	0	0	152	0	4487	5384	12829	14898	20009	25760	35551	36886	45724	126864	73732	44190	52603	71178	94119	108907	170729	210657	179990	223653	227556	286533	345639	429574	504933	519912	654306	1004747	651817	1972749	1334513	2497725	4511139	6001046	6055315	27655055	161894	0
LFQ	29	0	0	184	0	4871	5327	13211	15209	19710	26457	37495	38313	46916	138317	84978	44298	52315	73352	94547	114391	178212	221310	187088	239727	237085	297803	363660	444652	535118	541607	693845	1028769	679381	2056913	1373179	2557535	4579893	6179187	5976026	27032499	159375	0
LFQ	30	0	0	301	0	4864	5618	12516	14337	18667	24289	35808	36795	42537	125225	72105	45498	54673	75402	95084	113814	179158	207705	186564	215564	245168	306802	356145	462227	491507	565948	725268	959026	752115	1970654	1434259	2591930	4460504	6631978	5203905	27488207	160588	0
LFQ	31	0	0	607	0	4728	7809	16978	15948	26593	25880	35165	34931	50831	100813	39226	47977	69361	73926	104422	104533	174060	166223	160898	143652	217139	276041	297282	404779	375268	473885	628896	792394	721576	1675651	1355961	2396729	4230540	6831054	4101663	30075145	114191	0
LFQ	32	0	0	330	0	4415	5857	12992	13312	19790	22321	32700	34019	42208	107193	46392	45103	58898	72143	94790	105723	173357	173219	172118	163431	224840	288195	316298	428787	411179	523417	692147	824840	777096	1775439	1428538	2519590	4307944	7095483	4008956	29225051	123159	0
LFQ	33	0	0	351	0	4561	5325	11959	12751	17583	22113	32747	34741	39148	112655	54879	44802	55394	71958	91635	109175	176215	180499	177429	177173	234791	297966	330711	449846	438900	550472	738115	847342	816915	1846957	1488679	2594046	4372832	7302136	3910057	28592989	124089	0
LFQ	34	0	0	298	0	4484	5009	10989	12750	15963	21264	31885	34745	36959	113905	57668	44356	52911	71745	89528	111411	176945	182945	179822	182940	239472	302653	338927	458911	449295	564657	757312	859998	835948	1881290	1514503	2624501	4407018	7418980	3888345	28263833	124526	0
LFQ	35	0	0	337	0	5024	5046	11163	14378	15847	21987	32912	37408	36908	119162	59968	45998	54451	73569	90972	115257	183741	188857	185302	187054	250915	310935	348404	476944	460014	582849	792747	869210	873511	1935398	1563417	2667922	4463075	7646655	3741821	27779327	119104	0
LFQ	36	0	0	388	0	6372	9848	19957	17706	28811	27972	38758	40735	53079	114666	40524	53270	74788	79324	109459	116429	197019	170394	174747	144723	240631	298625	319473	441350	398020	506497	727098	798387	805867	1838004	1483154	2476775	4325415	7473641	3518337	29106744	89503	0
LFQ	37	0	0	370	0	7312	8125	17948	23235	23324	27828	39016	53573	45486	133973	50708	52096	66615	78695	103077	122548	200338	183785	188926	167077	255187	312745	342870	474061	439900	556316	795410	834738	862299	1941916	1553871	2572550	4386147	7722921	3432671	28192366	95468	0
LFQ	38	0	0	352	0	6047	6321	14034	15968	19360	25198	36786	42082	40720	129319	55501	50580	60615	79040	97156	124829	200685	188699	193209	178417	263634	322423	355329	497368	462532	588099	837456	858902	907758	2003221	1618037	2652745	4465427	7923309	3354669	27592249	96494	0
LFQ	39	0	0	369	0	6345	6276	13718	17020	18550	25954	37486	43511	39880	136286	59802	52251	60777	81351	98490	130736	209573	196773	201870	186084	278897	334724	372199	519195	481528	612065	882418	874952	950738	2067966	1684357	2712104	4538344	8164965	3212094	26961905	92158	0
LFQ	40	0	0	418	0	6511	6080	13110	17197	17504	25628	36971	43671	38100	135724	59531	52476	60903	82079	98068	131680	209677	196916	202601	187217	283754	337824	374103	530324	483965	624887	898062	877067	974063	2084574	1717873	2743156	4581345	8316949	3142271	26680260	90395	0
LFQ	41	0	0	536	0	9117	13556	25714	22131	34908	32583	44866	50720	60651	135174	45118	63792	89840	92367	125677	139073	232910	186253	200521	157498	281675	343824	358976	510134	443655	584130	845291	844234	959837	1997390	1718281	2720326	4654376	8225044	3122375	26911785	77775	0
LFQ	42	0	0	515	0	9714	10634	21648	26123	28075	32000	45167	61237	51299	153203	53637	63634	80551	93117	117657	147480	237285	199855	219282	181027	301784	363205	384563	556421	481879	647001	926052	886077	1037605	2108541	1820348	2832886	4745288	8561450	2974763	25820727	79637	0
LFQ	43	0	0	933	0	8902	9017	18922	22042	24762	31041	44817	55818	46569	155329	59338	63413	75541	94895	114358	151899	241721	208951	227627	192807	315298	375191	400705	582405	511360	678118	975798	912985	1082142	2181233	1879292	2898226	4806881	8737356	2905303	25190394	79314	0
LFQ	44	0	0	515	0	10456	9234	19735	30972	23796	33514	46298	69602	45278	166950	65446	66012	78611	97477	115345	159287	248358	215722	233781	200288	327115	383697	413659	603385	526625	696161	1009614	926147	1111554	2220786	1928638	2931719	4853069	8878074	2809050	24726657	77445	0
LFQ	45	0	0	599	0	10461	9037	19153	30140	22690	33441	46588	68320	44375	169049	67028	66398	77979	98506	115549	162710	251659	218971	238785	205291	337535	390753	421079	618031	535623	711399	1035529	938901	1141709	2260256	1968478	2962718	4906553	8998563	2749030	24351411	75163	0
LFQ	46	0	0	762	0	14813	20029	36162	28354	46510	39901	56725	69730	77081	158374	55075	82927	120378	117828	156296	173696	279272	221776	252349	190900	342482	420711	413574	618680	507951	736570	980371	946497	1237364	2118778	2149826	3304200	5511256	9202463	3033115	22556694	79387	0
LFQ	47	0	0	744	0	13481	15141	29244	27616	37093	37878	55442	72078	63475	173481	59916	83476	109047	118194	148139	183245	286374	232886	272900	213439	361463	440724	441711	670463	546012	794605	1058968	993360	1297610	2239770	2230936	3396139	5554478	9409090	2982405	21622931	84319	0
LFQ	48	0	0	746	0	15245	14565	29111	36984	34358	40731	57590	89007	59605	190567	69210	85391	109067	120632	146597	193680	294882	246181	285726	227677	381356	455071	462281	702450	574986	831570	1113536	1021576	1347812	2315621	2312462	3448359	5614256	9580241	2843124	20924769	80716	0
LFQ	49	0	0	781	0	13677	13500	26338	30308	32055	39933	56553	77792	57009	188839	69855	86222	105719	123307	145727	197964	300660	250073	292249	234437	392674	466901	476777	725333	593127	852920	1151075	1039131	1379249	2372663	2356019	3491607	5664925	9708790	2789157	20473359	80532	0
LFQ	50	0	0	864	0	14332	13483	26060	31863	30259	41071	56774	79926	55840	192650	70482	88002	107640	125096	146206	205315	307369	256505	301367	240737	405865	476957	485696	742916	605108	872937	1176933	1052918	1415822	2404439	2425639	3518427	5710263	9761295	2656002	20180711	72986	0
LFQ	51	0	0	1058	0	4656	9913	26657	31488	50869	42785	51345	53757	92634	132816	63654	81970	108696	119326	170937	143294	223826	280456	218483	236045	312355	381680	357416	591162	460080	627988	605598	1177977	677577	1751370	1436185	2728589	4803513	5458843	8143868	24435103	262327	0
LFQ	52	0	0	1029	0	6370	9109	22488	25065	37373	38334	49116	56985	77888	154915	78762	72562	93728	112175	158315	145722	223843	288700	243072	279563	313995	394211	404052	594936	531157	691128	645179	1231604	726797	1854447	1468000	2869780	4856435	5507264	8030004	23773854	287891	0
LFQ	53	0	0	1749	0	7366	8532	20289	23429	32137	35651	48974	59235	72659	165738	96305	69080	89590	110162	152960	147842	225085	296546	256315	308772	320040	404706	428200	604252	575663	726903	679966	1261166	766193	1911596	1496497	2949960	4907308	5603028	7915059	23284071	292343	0
LFQ	54	0	0	977	0	5505	7358	17518	19143	29400	33750	47093	49712	69417	165875	102153	67627	85974	110679	151089	149020	227663	300057	262618	325070	326409	413397	443586	610500	598953	749040	708887	1279703	798108	1954122	1521850	3011886	4961681	5698122	7791941	22973803	285208	0
LFQ	55	0	0	29529	0	6105	8237	18670	19212	30026	34855	49875	51244	70552	172436	108361	69769	88300	113352	153345	154765	235472	304332	269904	330811	332580	421946	456167	619464	611618	761283	741833	1285441	832678	1993145	1553089	3046675	5008084	5833503	7563387	22704299	270104	0
LFQ	56	0	0	102774	0	6431	11343	26666	26913	43248	40868	50992	49525	80993	153036	60103	64861	91271	98094	145517	134236	226734	242358	207057	215002	268808	342825	362429	504127	495499	555360	652349	1099436	702361	1886405	1349382	2575639	4526784	5539528	6080603	27214798	119604	0
LFQ	57	0	0	124925	0	6419	8608	20738	21932	32934	37245	51075	51799	70021	176590	84009	60952	78094	97337	134623	139668	230090	257884	229577	263182	278371	360932	399074	523362	569738	615823	715269	1150850	755647	1997023	1393937	2720180	4603256	5684443	5977839	26294642	135378	0
LFQ	58	0	0	160324	0	7519	8210	19611	21747	30164	36139	51195	54972	64994	186602	103021	59797	73627	96221	127598	142499	231552	266239	237056	288702	285789	368967	416235	536668	602779	645989	756224	1173993	794392	2057216	1433247	2785889	4649548	5811278	5884213	25741545	141266	0
LFQ	59	0	0	221645	0	10173	9216	21160	30367	28666	37536	52935	72444	62421	198560	119257	59448	74625	97227	125862	147348	234237	271762	242218	300377	293102	374837	425950	546492	615847	661735	788076	1178415	819360	2091760	1456127	2814043	4664063	5911497	5777663	25375133	140937	0
LFQ	60	0	0	335816	0	7296	7297	16707	19558	25478	32694	47874	50165	57306	177406	107484	58278	69119	95633	122404	144742	231265	267683	240688	297061	296929	379000	429671	553431	613890	675879	817544	1183627	850829	2133413	1495707	2851210	4703068	6061114	5680631	25073407	140718	0
LFQ	61	0	0	533835	0	8776	14741	31959	29469	47722	44100	56320	56531	85008	171953	62372	72053	100965	107257	155926	151257	257919	251087	227375	219687	297539	383092	405087	554680	529133	634865	774835	1141963	851465	2042977	1516212	2774794	4742659	6087827	5706579	25109996	111523	0
LFQ	62	0	0	577431	0	13726	14341	31767	34839	42600	45403	62609	84873	76556	216865	90524	69823	91648	108354	145607	163061	269125	273141	254210	267923	312077	406062	444346	582870	600514	697523	852727	1186570	910945	2170901	1570878	2898341	4804263	6263012	5545789	24046785	123013	0
LFQ	63	0	0	639847	0	9509	10057	23267	25698	33548	40988	60298	63450	68286	215069	104706	68433	82659	109030	139158	165149	271288	282323	264219	292320	326359	419072	466491	604366	635502	735699	903634	1213880	963283	2243010	1626432	2984261	4866904	6419791	5420158	23425933	126425	0
LFQ	64	0	0	738067	0	9028	9078	21166	24424	28978	39252	57190	61999	62863	211661	109983	67222	79615	108720	135105	167196	269231	286033	267575	302001	333844	425561	474768	618392	648002	752776	941195	1220253	994412	2282605	1663995	3028144	4890596	6545273	5317431	23029794	126598	0
LFQ	65	0	0	906301	0	9045	9038	19732	23282	26474	36608	53885	58468	58423	198629	105585	66232	77708	107905	132286	166201	265084	281620	266541	302048	339284	426641	475040	623829	645542	760640	967818	1223518	1021994	2321015	1695897	3053116	4917105	6649791	5229067	22702462	125653	0
LFQ	66	0	0	1182363	0	11158	17635	35728	31553	49464	45857	60904	62946	86213	189952	62913	77778	108917	114804	162964	167345	290572	256734	247586	222692	327592	426135	443908	611485	567751	718001	915440	1179688	1031204	2217113	1724916	3013832	4991057	6708741	5234152	22651280	100639	0
LFQ	67	0	0	1245583	0	11268	13489	29154	30218	39447	44933	64718	70767	73843	223124	83100	77116	95823	118030	152809	180372	303960	279180	277210	267379	351782	453645	486120	657414	633129	791006	1004410	1221399	1103493	2353264	1797961	3137495	5053346	6908276	5040076	21564520	109584	0
LFQ	68	0	0	1332376	0	11407	11565	26153	29862	34537	45096	65923	73948	67572	235379	100524	76281	90122	119307	147337	186734	308294	291784	287170	290556	366346	464588	505094	678203	666951	820201	1055422	1248140	1143907	2420070	1843327	3200129	5085712	7006452	4940756	20957474	113134	0
LFQ	69	0	0	1466408	0	11418	11008	24316	29544	31132	44249	63884	73456	63606	235044	106992	75846	87813	120043	142978	190329	308197	295089	290912	300748	375169	471617	512683	692087	679273	836381	1095889	1261168	1180550	2468979	1887293	3241416	5121332	7130883	4817987	20489987	111562	0
LFQ	70	0	0	1690498	0	11425	10785	23189	28854	29128	42031	60352	70653	59525	223780	103862	75625	86807	119739	140722	190118	306031	294868	292342	301419	382716	475478	517160	706148	680156	846672	1139446	1265107	1217499	2525794	1937658	3277159	5152631	7268665	4660520	20023814	108256	0
LFQ	71	0	0	2050815	0	14144	21194	40577	33905	51957	47662	65800	73268	86714	207501	63685	88107	120027	125548	172136	190272	328670	267812	273113	229450	369690	475718	486598	684626	615214	819333	1072134	1224321	1243297	2386296	1977608	3269522	5231976	7242569	4634695	19971445	88642	0
LFQ	72	0	0	2134832	0	13671	15528	33440	34182	41676	48037	69077	81355	71989	238388	79924	88187	107162	130483	162371	204703	339623	287791	303724	270925	396515	503048	527195	740418	670241	889886	1160303	1267081	1312885	2513842	2047982	3375937	5262288	7389286	4483869	18950974	96618	0
LFQ	73	0	0	2251996	0	14747	14069	31192	36682	37620	50561	72643	89861	68218	259701	98357	88494	102786	133903	157726	216803	350672	304922	318047	295448	416431	518224	549695	768674	710858	921072	1229309	1297604	1359504	2608033	2108599	3430219	5301191	7496530	4332420	18206316	95748	0
LFQ	74	0	0	2430557	0	16717	14500	31843	46118	35240	53017	73835	108917	65993	271090	110818	90095	105435	136226	155940	223546	355578	312997	324103	306378	431482	526560	558388	787372	725031	934884	1272806	1308300	1400761	2660555	2160984	3456644	5315168	7603539	4167278	17673020	92543	0
LFQ	75	0	0	2723835	0	14294	12593	26993	35934	31848	47494	66851	85358	59534	243070	98369	88136	99833	133849	151395	220676	346654	308250	323289	306222	435337	529311	561130	801261	725780	941762	1318775	1321546	1439740	2719846	2217535	3496513	5361435	7715265	4033520	17210867	89572	0
LFQ	76	0	0	3187624	0	20061	27313	50301	40738	59286	50814	71004	98213	88503	228773	65807	99865	135154	137080	182372	218155	366719	281612	303656	240308	415604	527322	533639	766678	672385	926050	1236288	1290596	1469680	2556439	2267205	3515009	5445414	7595334	4007493	17090259	74362	0
LFQ	77	0	0	3297208	0	16547	17985	38074	39901	44410	51379	75151	96745	70514	255617	79328	101239	120654	143603	172165	234975	380940	301523	334213	279749	449203	556767	571402	830819	721270	999162	1329998	1337712	1537842	2679970	2337097	3605116	5464196	7705592	3879796	16103739	80922	0
LFQ	78	0	0	3451739	0	18004	16598	36513	46660	37871	54611	76332	113710	65250	271671	93561	101862	118272	146235	166344	246897	385368	316670	348198	302270	469690	569442	590626	861646	752034	1027872	1388563	1363597	1590262	2748885	2395903	3647969	5477831	7769195	3758649	15434490	80645	0
LFQ	79	0	0	3689896	0	15897	14331	31692	44030	34216	54624	75068	104620	61835	271511	98184	102759	115503	149520	164547	253746	391212	324987	356668	312966	485664	578450	603206	883643	771309	1040829	1448150	1383420	1630616	2822843	2456446	3681470	5503170	7834984	3598850	14873030	77402	0
LFQ	80	0	0	4081578	0	15071	13282	28718	41117	29939	50130	68807	97025	55693	248365	91005	100854	114033	147182	160912	251749	381385	320615	356916	311744	490918	577731	602827	894348	766883	1045886	1495826	1392322	1675858	2876286	2524512	3701234	5524221	7940187	3405482	14386824	73219	0
LFQ	81	0	0	4691330	0	16879	23858	44061	36009	47897	45738	67777	91552	74024	222203	60877	107558	138152	140281	180300	239522	391945	284817	321429	243584	456063	565763	567526	836540	728538	1023733	1399331	1362060	1713403	2711481	2586364	3740057	5648135	7789374	3353005	14328418	60451	0
LFQ	82	0	0	4837607	0	16393	17359	37952	42970	38700	50495	73109	105711	59198	256222	71086	110730	127883	149236	170221	258863	408588	305165	354380	279093	492700	592443	603485	906496	775330	1084026	1495377	1407467	1769620	2831693	2640294	3795657	5620988	7830525	3272142	13384657	65548	0
LFQ	83	0	0	5049779	0	16052	14493	33923	48598	33488	55482	75480	113802	55371	274804	81547	112749	126525	155113	166784	273350	420281	321705	369332	299370	519947	608537	624515	943006	805441	1113968	1570305	1437484	1822769	2911776	2710828	3825940	5622536	7859141	3112815	12687753	63889	0
LFQ	84	0	0	5377894	0	14960	12594	29944	49591	27954	54611	71813	112202	49824	265831	83650	112727	124904	156254	163319	278656	418698	325403	374555	305206	531462	611303	628896	962410	814787	1117129	1620403	1460275	1869196	2966792	2783114	3850869	5637061	7910777	2942551	12159761	60565	0
LFQ	85	0	0	5928354	0	12531	10570	24272	42527	22521	46987	60513	95864	43075	225736	74753	107849	119998	149844	156760	269979	398257	319984	369850	302758	529477	601168	621152	960510	801308	1111398	1663619	1470765	1903167	3013313	2836602	3851750	5645581	7930561	2816815	11739035	57978	0
LFQ	86	0	0	6810741	0	10634	14129	30095	26100	28452	31381	53210	75452	42108	180884	45712	109127	132251	135634	162774	250723	396761	281147	322366	236365	476768	577716	584157	875132	777484	1097803	1544729	1450758	1949978	2812537	2911327	3938452	5818733	7678695	2850805	11564230	51036	0
LFQ	87	0	0	7003136	0	12209	11029	29099	40480	24268	42153	60593	96196	35894	221899	53657	114620	127702	145652	153738	274835	418420	299872	353288	264637	519397	601115	615767	948959	821309	1154199	1646633	1502123	2014310	2935974	2983642	3982980	5769229	7677639	2720044	10605584	53320	0
LFQ	88	0	0	7275397	0	12696	8633	26694	51297	20697	49148	63494	110869	34415	242060	62874	118663	130628	154190	152526	293188	434295	317331	370224	281066	550373	616571	634101	990044	855557	1180368	1722736	1531672	2071679	3012475	3061678	3991228	5736229	7658233	2533315	9928327	49760	0
LFQ	89	0	0	7679886	0	10431	6401	20245	46963	15719	45182	54607	97009	29691	215721	58270	120233	132041	155018	150679	299305	432873	322163	374180	284624	562247	617983	637002	1003219	864000	1178878	1774628	1557878	2114659	3058651	3131066	4003271	5736526	7647414	2387189	9460678	47214	0
LFQ	90	0	0	8349209	0	4155	3571	9258	19540	8059	21793	27406	45864	17531	109584	34319	116842	128872	151116	144563	294089	420229	315057	365410	280807	551668	603298	621322	986909	838624	1150019	1790388	1557050	2126241	3058046	3147116	3985813	5705064	7628819	2331010	9336904	47169	0
# GC Content of first fragments. Use `grep ^GCF | cut -f 2-` to extract this part.
GCF	0.50	36
GCF	1.51	37
GCF	2.26	69
GCF	2.76	73
GCF	3.52	105
GCF	4.52	143
GCF	5.28	141
GCF	6.03	212
GCF	6.78	308
GCF	7.29	309
GCF	7.79	387
GCF	8.29	389
GCF	8.79	663
GCF	9.30	658
GCF	10.30	1033
GCF	11.56	1689
GCF	12.31	2939
GCF	12.81	2941
GCF	13.32	5085
GCF	13.82	5088
GCF	14.32	8806
GCF	14.82	8807
GCF	15.33	16597
GCF	15.83	16601
GCF	16.33	16597
GCF	16.83	29406
GCF	17.34	29413
GCF	17.84	50899
GCF	18.34	50897
GCF	18.84	83757
GCF	19.35	83764
GCF	19.85	127357
GCF	20.35	127353
GCF	20.85	127359
GCF	21.36	188717
GCF	21.86	188722
GCF	22.36	270314
GCF	22.86	270321
GCF	23.37	369234
GCF	23.87	369238
GCF	24.37	485719
GCF	24.87	485740
GCF	25.38	612110
GCF	25.88	612106
GCF	26.38	612116
GCF	26.88	757198
GCF	27.39	757209
GCF	27.89	904736
GCF	28.39	904768
GCF	28.89	1054868
GCF	29.40	1054888
GCF	29.90	1208127
GCF	30.40	1208177
GCF	30.90	1350482
GCF	31.41	1350545
GCF	31.91	1350592
GCF	32.41	1492086
GCF	32.91	1492107
GCF	33.42	1624617
GCF	33.92	1624668
GCF	34.42	1746847
GCF	34.92	1746923
GCF	35.43	1850227
GCF	35.93	1850343
GCF	36.43	1939935
GCF	36.93	1939993
GCF	37.44	1940092
GCF	37.94	2018030
GCF	38.44	2018147
GCF	38.94	2074786
GCF	39.45	2074887
GCF	39.95	2110502
GCF	40.45	2110567
GCF	40.95	2122440
GCF	41.46	2122458
GCF	41.96	2122496
GCF	42.46	2116490
GCF	42.96	2116479
GCF	43.47	2099986
GCF	43.97	2099981
GCF	44.47	2064545
GCF	44.97	2064514
GCF	45.48	2020825
GCF	45.98	2020849
GCF	46.48	1961228
GCF	46.98	1961291
GCF	47.49	1961318
GCF	47.99	1898517
GCF	48.49	1898594
GCF	48.99	1833567
GCF	49.50	1833597
GCF	50.00	1758883
GCF	50.50	1758905
GCF	51.01	1684382
GCF	51.51	1684320
GCF	52.01	1609723
GCF	52.51	1609808
GCF	53.02	1609787
GCF	53.52	1528246
GCF	54.02	1528242
GCF	54.52	1449811
GCF	55.03	1449789
GCF	55.53	1363169
GCF	56.03	1363185
GCF	56.53	1269412
GCF	57.04	1269405
GCF	57.54	1173163
GCF	58.04	1173117
GCF	58.54	1173113
GCF	59.05	1064521
GCF	59.55	1064452
GCF	60.05	947190
GCF	60.55	947165
GCF	61.06	825567
GCF	61.56	825563
GCF	62.06	704494
GCF	62.56	704504
GCF	63.07	704471
GCF	63.57	585548
GCF	64.07	585476
GCF	64.57	478871
GCF	65.08	478784
GCF	65.58	379853
GCF	66.08	379763
GCF	66.58	297117
GCF	67.09	297047
GCF	67.59	225585
GCF	68.09	225465
GCF	68.59	225340
GCF	69.10	165115
GCF	69.60	164957
GCF	70.10	119658
GCF	70.60	119580
GCF	71.11	84864
GCF	71.61	84777
GCF	72.11	58386
GCF	72.61	58359
GCF	73.12	40269
GCF	73.62	40214
GCF	74.12	40156
GCF	74.62	27651
GCF	75.13	27597
GCF	75.63	18739
GCF	76.13	18733
GCF	76.63	12508
GCF	77.14	12494
GCF	77.64	8455
GCF	78.14	8429
GCF	78.64	5759
GCF	79.15	5758
GCF	79.65	5744
GCF	80.15	3756
GCF	80.65	3749
GCF	81.16	2453
GCF	81.66	2452
GCF	82.16	1493
GCF	82.66	1491
GCF	83.17	892
GCF	83.67	893
GCF	84.17	894
GCF	84.67	467
GCF	85.18	466
GCF	85.93	255
GCF	86.68	115
GCF	87.19	114
GCF	87.69	40
GCF	88.19	39
GCF	89.20	24
GCF	90.45	7
GCF	91.46	5
GCF	92.46	3
GCF	95.23	0
GCF	97.99	1
# GC Content of last fragments. Use `grep ^GCL | cut -f 2-` to extract this part.
GCL	0.50	40
GCL	1.51	41
GCL	2.26	64
GCL	2.76	65
GCL	3.52	110
GCL	4.52	145
GCL	5.28	147
GCL	5.78	181
GCL	6.28	180
GCL	6.78	269
GCL	7.29	270
GCL	7.79	390
GCL	8.29	391
GCL	8.79	621
GCL	9.30	623
GCL	9.80	982
GCL	10.55	981
GCL	11.31	1622
GCL	11.81	1621
GCL	12.31	2866
GCL	12.81	2864
GCL	13.32	4828
GCL	13.82	4830
GCL	14.32	8739
GCL	14.82	8742
GCL	15.33	16003
GCL	16.08	16005
GCL	16.83	28516
GCL	17.34	28520
GCL	17.84	50460
GCL	18.34	50464
GCL	18.84	82151
GCL	19.35	82152
GCL	19.85	125395
GCL	20.35	125402
GCL	20.85	125410
GCL	21.36	185066
GCL	21.86	185068
GCL	22.36	265267
GCL	22.86	265274
GCL	23.37	363759
GCL	23.87	363761
GCL	24.62	476968
GCL	25.38	604890
GCL	25.88	604893
GCL	26.38	604901
GCL	26.88	744948
GCL	27.39	744968
GCL	27.89	891568
GCL	28.39	891594
GCL	28.89	1041753
GCL	29.40	1041779
GCL	29.90	1192259
GCL	30.40	1192288
GCL	30.90	1342364
GCL	31.41	1342409
GCL	31.91	1342430
GCL	32.41	1481630
GCL	32.91	1481645
GCL	33.42	1614454
GCL	33.92	1614521
GCL	34.42	1737967
GCL	34.92	1738042
GCL	35.43	1842431
GCL	35.93	1842521
GCL	36.43	1933643
GCL	36.93	1933729
GCL	37.44	1933845
GCL	37.94	2013236
GCL	38.44	2013333
GCL	38.94	2070512
GCL	39.45	2070610
GCL	39.95	2109280
GCL	40.45	2109325
GCL	40.95	2124394
GCL	41.46	2124382
GCL	41.96	2124433
GCL	42.46	2121641
GCL	42.96	2121615
GCL	43.47	2104857
GCL	43.97	2104821
GCL	44.47	2071476
GCL	44.97	2071444
GCL	45.48	2027465
GCL	45.98	2027462
GCL	46.48	1964668
GCL	46.98	1964707
GCL	47.49	1964748
GCL	47.99	1904333
GCL	48.49	1904422
GCL	48.99	1840259
GCL	49.50	1840273
GCL	50.00	1764782
GCL	50.50	1764833
GCL	51.01	1688396
GCL	51.51	1688356
GCL	52.01	1616037
GCL	52.51	1616056
GCL	53.02	1616011
GCL	53.52	1532782
GCL	54.02	1532845
GCL	54.52	1453087
GCL	55.03	1453071
GCL	55.53	1366410
GCL	56.03	1366459
GCL	56.53	1275771
GCL	57.04	1275767
GCL	57.54	1174293
GCL	58.04	1174273
GCL	58.54	1174225
GCL	59.05	1068803
GCL	59.55	1068825
GCL	60.05	952252
GCL	60.55	952239
GCL	61.06	830501
GCL	61.56	830470
GCL	62.06	707793
GCL	62.56	707799
GCL	63.07	707804
GCL	63.57	591105
GCL	64.07	591077
GCL	64.57	483802
GCL	65.08	483777
GCL	65.58	388099
GCL	66.08	388005
GCL	66.58	303937
GCL	67.09	303849
GCL	67.59	230902
GCL	68.09	230819
GCL	68.59	230662
GCL	69.10	171163
GCL	69.60	171015
GCL	70.10	124043
GCL	70.60	123994
GCL	71.11	89067
GCL	71.61	88988
GCL	72.11	61548
GCL	72.61	61512
GCL	73.12	42945
GCL	73.62	42893
GCL	74.12	42831
GCL	74.62	29386
GCL	75.13	29319
GCL	75.63	20232
GCL	76.13	20222
GCL	76.63	13818
GCL	77.14	13795
GCL	77.64	9369
GCL	78.14	9342
GCL	78.64	6265
GCL	79.15	6249
GCL	79.65	6229
GCL	80.15	4208
GCL	80.65	4200
GCL	81.16	2703
GCL	81.66	2700
GCL	82.41	1799
GCL	83.17	1052
GCL	83.67	1049
GCL	84.17	1047
GCL	84.67	603
GCL	85.18	604
GCL	85.68	306
GCL	86.18	305
GCL	86.93	178
GCL	87.69	74
GCL	88.19	73
GCL	88.94	26
GCL	89.70	27
GCL	90.20	16
GCL	90.70	15
GCL	91.46	10
GCL	92.46	5
GCL	93.47	0
GCL	95.23	1
GCL	96.98	0
GCL	97.99	2
GCL	99.25	1
# ACGT content per cycle. Use `grep ^GCC | cut -f 2-` to extract this part. The columns are: cycle; A,C,G,T base counts as a percentage of all A/C/G/T bases [%]; and N and O counts as a percentage of all A/C/G/T bases [%]
GCC	1	29.90	19.89	19.85	30.36	0.12	0.00
GCC	2	29.31	20.48	20.41	29.80	0.00	0.00
GCC	3	28.39	21.40	21.33	28.89	0.00	0.00
GCC	4	28.31	21.45	21.41	28.82	0.00	0.00
GCC	5	28.63	21.14	21.07	29.16	0.00	0.00
GCC	6	28.13	21.64	21.57	28.66	0.00	0.00
GCC	7	28.23	21.52	21.46	28.79	0.00	0.00
GCC	8	28.55	21.19	21.14	29.12	0.00	0.00
GCC	9	28.46	21.27	21.23	29.05	0.00	0.00
GCC	10	28.23	21.49	21.45	28.83	0.00	0.00
GCC	11	28.28	21.43	21.39	28.89	0.00	0.00
GCC	12	28.23	21.48	21.42	28.87	0.00	0.00
GCC	13	28.32	21.39	21.33	28.96	0.00	0.00
GCC	14	28.30	21.41	21.35	28.95	0.00	0.00
GCC	15	28.21	21.49	21.43	28.88	0.00	0.00
GCC	16	28.20	21.50	21.43	28.87	0.00	0.00
GCC	17	28.14	21.55	21.49	28.83	0.00	0.00
GCC	18	28.04	21.64	21.60	28.73	0.00	0.00
GCC	19	28.02	21.64	21.60	28.73	0.00	0.00
GCC	20	27.98	21.70	21.63	28.70	0.00	0.00
GCC	21	27.90	21.77	21.70	28.64	0.00	0.00
GCC	22	27.89	21.76	21.71	28.63	0.00	0.00
GCC	23	27.86	21.79	21.72	28.63	0.00	0.00
GCC	24	27.76	21.87	21.82	28.55	0.00	0.00
GCC	25	27.78	21.85	21.80	28.56	0.00	0.00
GCC	26	27.75	21.88	21.82	28.55	0.00	0.00
GCC	27	27.67	21.96	21.90	28.47	0.00	0.00
GCC	28	27.69	21.93	21.87	28.51	0.00	0.00
GCC	29	27.66	21.95	21.88	28.50	0.00	0.00
GCC	30	27.61	21.99	21.94	28.46	0.00	0.00
GCC	31	27.62	21.98	21.93	28.47	0.00	0.00
GCC	32	27.60	22.01	21.93	28.46	0.00	0.00
GCC	33	27.54	22.06	22.00	28.41	0.00	0.00
GCC	34	27.56	22.03	21.97	28.44	0.00	0.00
GCC	35	27.52	22.06	22.00	28.42	0.00	0.00
GCC	36	27.48	22.10	22.04	28.38	0.00	0.00
GCC	37	27.50	22.09	22.02	28.40	0.00	0.00
GCC	38	27.42	22.16	22.09	28.33	0.00	0.00
GCC	39	27.41	22.16	22.10	28.34	0.00	0.00
GCC	40	27.44	22.12	22.06	28.38	0.00	0.00
GCC	41	27.43	22.13	22.06	28.38	0.00	0.00
GCC	42	27.37	22.19	22.13	28.31	0.00	0.00
GCC	43	27.38	22.18	22.11	28.34	0.00	0.00
GCC	44	27.36	22.18	22.11	28.35	0.00	0.00
GCC	45	27.32	22.23	22.15	28.29	0.00	0.00
GCC	46	27.33	22.21	22.14	28.32	0.00	0.00
GCC	47	27.34	22.21	22.14	28.31	0.00	0.00
GCC	48	27.28	22.26	22.19	28.28	0.00	0.00
GCC	49	27.30	22.24	22.17	28.30	0.00	0.00
GCC	50	27.30	22.24	22.16	28.30	0.00	0.00
GCC	51	27.26	22.27	22.21	28.26	0.00	0.00
GCC	52	27.25	22.27	22.21	28.27	0.00	0.00
GCC	53	27.25	22.28	22.20	28.27	0.00	0.00
GCC	54	27.20	22.32	22.25	28.22	0.00	0.00
GCC	55	27.22	22.30	22.25	28.23	0.00	0.00
GCC	56	27.20	22.31	22.24	28.24	0.00	0.00
GCC	57	27.17	22.35	22.28	28.20	0.00	0.00
GCC	58	27.18	22.34	22.27	28.21	0.00	0.00
GCC	59	27.17	22.35	22.28	28.20	0.00	0.00
GCC	60	27.13	22.38	22.32	28.17	0.00	0.00
GCC	61	27.15	22.37	22.30	28.18	0.00	0.00
GCC	62	27.12	22.40	22.32	28.16	0.00	0.00
GCC	63	27.09	22.41	22.35	28.15	0.00	0.00
GCC	64	27.11	22.40	22.33	28.17	0.00	0.00
GCC	65	27.10	22.41	22.34	28.15	0.00	0.00
GCC	66	27.05	22.44	22.38	28.13	0.00	0.00
GCC	67	27.06	22.43	22.38	28.13	0.00	0.00
GCC	68	27.06	22.44	22.37	28.12	0.00	0.00
GCC	69	27.02	22.49	22.41	28.08	0.00	0.00
GCC	70	27.04	22.46	22.40	28.10	0.00	0.00
GCC	71	27.02	22.48	22.42	28.09	0.00	0.00
GCC	72	26.98	22.51	22.44	28.06	0.00	0.00
GCC	73	27.00	22.50	22.43	28.07	0.00	0.00
GCC	74	27.00	22.50	22.43	28.07	0.00	0.00
GCC	75	26.96	22.54	22.48	28.02	0.00	0.00
GCC	76	26.98	22.51	22.45	28.06	0.00	0.00
GCC	77	26.98	22.52	22.45	28.05	0.00	0.00
GCC	78	26.93	22.56	22.50	28.02	0.00	0.00
GCC	79	26.94	22.54	22.48	28.03	0.00	0.00
GCC	80	26.95	22.55	22.49	28.02	0.00	0.00
GCC	81	26.90	22.59	22.52	27.99	0.00	0.00
GCC	82	26.90	22.59	22.52	27.99	0.00	0.00
GCC	83	26.92	22.58	22.51	27.99	0.00	0.00
GCC	84	26.86	22.64	22.56	27.94	0.00	0.00
GCC	85	26.89	22.60	22.54	27.97	0.00	0.00
GCC	86	26.88	22.61	22.55	27.96	0.00	0.00
GCC	87	26.84	22.65	22.58	27.92	0.00	0.00
GCC	88	26.85	22.65	22.57	27.92	0.00	0.00
GCC	89	26.84	22.66	22.58	27.92	0.00	0.00
GCC	90	26.81	22.68	22.62	27.89	0.00	0.00
# ACGT content per cycle, read oriented. Use `grep ^GCT | cut -f 2-` to extract this part. The columns are: cycle; A,C,G,T base counts as a percentage of all A/C/G/T bases [%]
GCT	1	31.08	22.64	17.11	29.18
GCT	2	31.41	18.48	22.41	27.70
GCT	3	29.29	21.32	21.40	27.99
GCT	4	28.79	22.17	20.70	28.34
GCT	5	28.65	21.41	20.80	29.14
GCT	6	28.51	22.11	21.10	28.28
GCT	7	28.55	21.45	21.53	28.47
GCT	8	28.65	21.60	20.73	29.02
GCT	9	28.21	21.67	20.83	29.30
GCT	10	28.38	21.83	21.11	28.68
GCT	11	28.37	21.82	21.01	28.80
GCT	12	28.42	21.83	21.06	28.68
GCT	13	28.54	21.68	21.04	28.74
GCT	14	28.49	21.68	21.08	28.76
GCT	15	28.34	21.85	21.07	28.74
GCT	16	28.32	21.83	21.10	28.75
GCT	17	28.24	21.87	21.16	28.72
GCT	18	28.12	22.05	21.19	28.65
GCT	19	28.13	22.03	21.21	28.63
GCT	20	28.10	22.00	21.32	28.57
GCT	21	28.04	22.11	21.36	28.49
GCT	22	28.08	22.10	21.37	28.45
GCT	23	28.06	22.07	21.44	28.43
GCT	24	27.98	22.20	21.49	28.33
GCT	25	28.02	22.19	21.47	28.33
GCT	26	28.01	22.12	21.58	28.30
GCT	27	27.92	22.22	21.64	28.22
GCT	28	28.00	22.20	21.59	28.20
GCT	29	27.97	22.19	21.65	28.20
GCT	30	27.89	22.27	21.66	28.18
GCT	31	27.93	22.24	21.67	28.16
GCT	32	27.93	22.23	21.71	28.13
GCT	33	27.86	22.32	21.74	28.09
GCT	34	27.92	22.27	21.73	28.08
GCT	35	27.87	22.27	21.79	28.06
GCT	36	27.81	22.36	21.77	28.06
GCT	37	27.84	22.33	21.78	28.06
GCT	38	27.80	22.26	21.99	27.95
GCT	39	27.75	22.39	21.86	28.00
GCT	40	27.79	22.36	21.82	28.02
GCT	41	27.79	22.34	21.85	28.01
GCT	42	27.73	22.42	21.89	27.95
GCT	43	27.74	22.38	21.90	27.97
GCT	44	27.74	22.37	21.92	27.98
GCT	45	27.67	22.46	21.93	27.94
GCT	46	27.72	22.41	21.94	27.93
GCT	47	27.72	22.40	21.95	27.93
GCT	48	27.65	22.46	21.98	27.90
GCT	49	27.68	22.46	21.95	27.92
GCT	50	27.68	22.41	21.99	27.91
GCT	51	27.62	22.47	22.02	27.89
GCT	52	27.65	22.44	22.04	27.87
GCT	53	27.64	22.42	22.07	27.88
GCT	54	27.58	22.49	22.09	27.84
GCT	55	27.61	22.45	22.10	27.84
GCT	56	27.59	22.44	22.11	27.85
GCT	57	27.55	22.50	22.12	27.82
GCT	58	27.59	22.46	22.15	27.80
GCT	59	27.57	22.44	22.20	27.79
GCT	60	27.52	22.53	22.17	27.78
GCT	61	27.54	22.49	22.18	27.79
GCT	62	27.53	22.45	22.26	27.76
GCT	63	27.49	22.53	22.23	27.75
GCT	64	27.53	22.49	22.23	27.75
GCT	65	27.52	22.46	22.29	27.73
GCT	66	27.47	22.52	22.31	27.71
GCT	67	27.49	22.52	22.29	27.70
GCT	68	27.49	22.49	22.32	27.70
GCT	69	27.44	22.55	22.35	27.67
GCT	70	27.48	22.51	22.35	27.66
GCT	71	27.47	22.47	22.43	27.64
GCT	72	27.42	22.56	22.40	27.62
GCT	73	27.46	22.53	22.40	27.61
GCT	74	27.46	22.48	22.45	27.61
GCT	75	27.39	22.54	22.48	27.59
GCT	76	27.46	22.51	22.44	27.59
GCT	77	27.44	22.49	22.48	27.59
GCT	78	27.40	22.55	22.51	27.55
GCT	79	27.44	22.53	22.50	27.54
GCT	80	27.42	22.50	22.53	27.54
GCT	81	27.39	22.55	22.55	27.51
GCT	82	27.41	22.54	22.57	27.48
GCT	83	27.41	22.50	22.59	27.50
GCT	84	27.34	22.58	22.61	27.47
GCT	85	27.41	22.55	22.58	27.46
GCT	86	27.40	22.52	22.64	27.44
GCT	87	27.34	22.57	22.66	27.42
GCT	88	27.38	22.54	22.68	27.40
GCT	89	27.36	22.53	22.71	27.40
GCT	90	27.33	22.58	22.72	27.37
# ACGT content per cycle for first fragments. Use `grep ^FBC | cut -f 2-` to extract this part. The columns are: cycle; A,C,G,T base counts as a percentage of all A/C/G/T bases [%]; and N and O counts as a percentage of all A/C/G/T bases [%]
FBC	1	29.81	20.01	19.93	30.25	0.18	0.00
FBC	2	29.37	20.41	20.37	29.85	0.00	0.00
FBC	3	28.57	21.21	21.16	29.06	0.00	0.00
FBC	4	28.54	21.23	21.18	29.05	0.00	0.00
FBC	5	28.66	21.11	21.03	29.19	0.00	0.00
FBC	6	28.27	21.50	21.44	28.79	0.00	0.00
FBC	7	28.31	21.44	21.37	28.87	0.00	0.00
FBC	8	28.59	21.16	21.09	29.16	0.00	0.00
FBC	9	28.50	21.23	21.17	29.10	0.00	0.00
FBC	10	28.27	21.45	21.41	28.87	0.00	0.00
FBC	11	28.32	21.42	21.35	28.91	0.00	0.00
FBC	12	28.26	21.46	21.40	28.88	0.00	0.00
FBC	13	28.33	21.38	21.32	28.96	0.00	0.00
FBC	14	28.31	21.41	21.33	28.95	0.00	0.00
FBC	15	28.22	21.48	21.41	28.89	0.00	0.00
FBC	16	28.22	21.48	21.41	28.88	0.00	0.00
FBC	17	28.15	21.55	21.47	28.83	0.00	0.00
FBC	18	28.05	21.63	21.58	28.74	0.00	0.00
FBC	19	28.04	21.63	21.58	28.75	0.00	0.00
FBC	20	27.99	21.69	21.60	28.72	0.00	0.00
FBC	21	27.91	21.76	21.66	28.66	0.00	0.00
FBC	22	27.91	21.75	21.68	28.66	0.00	0.00
FBC	23	27.87	21.79	21.70	28.64	0.00	0.00
FBC	24	27.79	21.86	21.78	28.57	0.00	0.00
FBC	25	27.80	21.85	21.78	28.57	0.00	0.00
FBC	26	27.77	21.86	21.79	28.57	0.00	0.00
FBC	27	27.69	21.95	21.88	28.49	0.00	0.00
FBC	28	27.72	21.91	21.84	28.53	0.00	0.00
FBC	29	27.69	21.94	21.86	28.51	0.00	0.00
FBC	30	27.63	21.99	21.91	28.47	0.00	0.00
FBC	31	27.64	21.97	21.91	28.48	0.00	0.00
FBC	32	27.62	22.00	21.92	28.47	0.00	0.00
FBC	33	27.55	22.04	21.98	28.43	0.00	0.00
FBC	34	27.58	22.01	21.95	28.46	0.00	0.00
FBC	35	27.53	22.06	22.00	28.41	0.00	0.00
FBC	36	27.50	22.08	22.02	28.40	0.00	0.00
FBC	37	27.52	22.07	21.99	28.43	0.00	0.00
FBC	38	27.38	22.21	22.12	28.28	0.00	0.00
FBC	39	27.42	22.16	22.08	28.35	0.00	0.00
FBC	40	27.45	22.11	22.04	28.39	0.00	0.00
FBC	41	27.44	22.12	22.05	28.39	0.00	0.00
FBC	42	27.39	22.17	22.10	28.33	0.00	0.00
FBC	43	27.38	22.17	22.10	28.34	0.00	0.00
FBC	44	27.39	22.16	22.08	28.36	0.00	0.00
FBC	45	27.35	22.21	22.12	28.32	0.00	0.00
FBC	46	27.34	22.20	22.13	28.32	0.00	0.00
FBC	47	27.35	22.20	22.12	28.33	0.00	0.00
FBC	48	27.30	22.24	22.16	28.30	0.00	0.00
FBC	49	27.32	22.24	22.15	28.30	0.00	0.00
FBC	50	27.32	22.23	22.14	28.31	0.00	0.00
FBC	51	27.26	22.27	22.20	28.27	0.00	0.00
FBC	52	27.26	22.27	22.19	28.28	0.00	0.00
FBC	53	27.27	22.26	22.18	28.29	0.00	0.00
FBC	54	27.20	22.33	22.25	28.22	0.00	0.00
FBC	55	27.21	22.31	22.25	28.24	0.00	0.00
FBC	56	27.21	22.30	22.24	28.25	0.00	0.00
FBC	57	27.17	22.35	22.27	28.21	0.00	0.00
FBC	58	27.19	22.33	22.26	28.21	0.00	0.00
FBC	59	27.18	22.33	22.27	28.22	0.00	0.00
FBC	60	27.14	22.38	22.31	28.18	0.01	0.00
FBC	61	27.15	22.37	22.29	28.18	0.00	0.00
FBC	62	27.14	22.38	22.30	28.19	0.00	0.00
FBC	63	27.10	22.40	22.34	28.16	0.00	0.00
FBC	64	27.12	22.40	22.32	28.17	0.00	0.00
FBC	65	27.11	22.40	22.33	28.16	0.00	0.00
FBC	66	27.06	22.44	22.37	28.13	0.00	0.00
FBC	67	27.07	22.42	22.37	28.14	0.00	0.00
FBC	68	27.07	22.44	22.37	28.13	0.00	0.00
FBC	69	27.04	22.48	22.40	28.08	0.00	0.00
FBC	70	27.04	22.45	22.40	28.11	0.00	0.00
FBC	71	27.02	22.48	22.42	28.08	0.00	0.00
FBC	72	26.99	22.51	22.44	28.06	0.00	0.00
FBC	73	27.01	22.49	22.42	28.08	0.00	0.00
FBC	74	27.02	22.49	22.42	28.07	0.00	0.00
FBC	75	26.95	22.54	22.48	28.02	0.00	0.00
FBC	76	27.01	22.48	22.42	28.09	0.00	0.00
FBC	77	26.99	22.51	22.45	28.06	0.00	0.00
FBC	78	26.95	22.55	22.48	28.03	0.01	0.00
FBC	79	26.95	22.53	22.48	28.05	0.00	0.00
FBC	80	26.97	22.53	22.46	28.03	0.00	0.00
FBC	81	26.92	22.58	22.50	28.00	0.00	0.00
FBC	82	26.91	22.58	22.51	28.00	0.00	0.00
FBC	83	26.94	22.58	22.48	28.01	0.00	0.00
FBC	84	26.88	22.62	22.54	27.96	0.00	0.00
FBC	85	26.90	22.58	22.52	28.00	0.00	0.00
FBC	86	26.90	22.59	22.54	27.97	0.00	0.00
FBC	87	26.86	22.62	22.57	27.94	0.00	0.00
FBC	88	26.87	22.63	22.56	27.94	0.00	0.00
FBC	89	26.86	22.64	22.57	27.93	0.00	0.00
FBC	90	26.83	22.66	22.60	27.91	0.00	0.00
# ACGT raw counters for first fragments. Use `grep ^FTC | cut -f 2-` to extract this part. The columns are: A,C,G,T,N base counters
FTC	1395998903	1119108312	1115537083	1441524150	114138
# ACGT content per cycle for last fragments. Use `grep ^LBC | cut -f 2-` to extract this part. The columns are: cycle; A,C,G,T base counts as a percentage of all A/C/G/T bases [%]; and N and O counts as a percentage of all A/C/G/T bases [%]
LBC	1	29.98	19.76	19.78	30.48	0.06	0.00
LBC	2	29.24	20.55	20.45	29.75	0.00	0.00
LBC	3	28.20	21.58	21.50	28.72	0.00	0.00
LBC	4	28.07	21.68	21.65	28.60	0.00	0.00
LBC	5	28.59	21.16	21.11	29.13	0.00	0.00
LBC	6	27.99	21.77	21.71	28.53	0.00	0.00
LBC	7	28.14	21.59	21.55	28.71	0.00	0.00
LBC	8	28.51	21.21	21.19	29.09	0.00	0.00
LBC	9	28.42	21.30	21.28	29.00	0.00	0.00
LBC	10	28.19	21.52	21.50	28.79	0.00	0.00
LBC	11	28.25	21.45	21.43	28.87	0.00	0.00
LBC	12	28.21	21.49	21.44	28.85	0.00	0.00
LBC	13	28.31	21.39	21.35	28.95	0.00	0.00
LBC	14	28.28	21.41	21.37	28.94	0.00	0.00
LBC	15	28.19	21.50	21.45	28.87	0.00	0.00
LBC	16	28.18	21.51	21.46	28.85	0.00	0.00
LBC	17	28.12	21.55	21.50	28.82	0.00	0.00
LBC	18	28.02	21.65	21.62	28.71	0.00	0.00
LBC	19	28.00	21.65	21.63	28.72	0.00	0.00
LBC	20	27.97	21.70	21.66	28.67	0.00	0.00
LBC	21	27.88	21.78	21.73	28.62	0.00	0.00
LBC	22	27.88	21.78	21.74	28.61	0.00	0.00
LBC	23	27.85	21.80	21.74	28.61	0.00	0.00
LBC	24	27.74	21.89	21.85	28.53	0.00	0.00
LBC	25	27.77	21.86	21.82	28.56	0.00	0.00
LBC	26	27.73	21.89	21.85	28.53	0.00	0.00
LBC	27	27.66	21.96	21.92	28.46	0.00	0.00
LBC	28	27.66	21.95	21.90	28.49	0.00	0.00
LBC	29	27.64	21.96	21.90	28.50	0.00	0.00
LBC	30	27.59	22.00	21.96	28.44	0.00	0.00
LBC	31	27.61	22.00	21.94	28.46	0.00	0.00
LBC	32	27.59	22.01	21.95	28.45	0.00	0.00
LBC	33	27.52	22.07	22.02	28.39	0.00	0.00
LBC	34	27.53	22.04	21.99	28.43	0.00	0.00
LBC	35	27.51	22.07	22.01	28.42	0.00	0.00
LBC	36	27.46	22.11	22.06	28.37	0.00	0.00
LBC	37	27.47	22.11	22.05	28.38	0.00	0.00
LBC	38	27.46	22.11	22.05	28.38	0.00	0.00
LBC	39	27.40	22.15	22.11	28.34	0.00	0.00
LBC	40	27.42	22.14	22.08	28.37	0.00	0.00
LBC	41	27.42	22.14	22.07	28.37	0.00	0.00
LBC	42	27.35	22.20	22.15	28.30	0.00	0.00
LBC	43	27.37	22.18	22.11	28.33	0.00	0.00
LBC	44	27.34	22.20	22.13	28.33	0.00	0.00
LBC	45	27.29	22.26	22.19	28.26	0.00	0.00
LBC	46	27.33	22.21	22.15	28.31	0.00	0.00
LBC	47	27.32	22.23	22.16	28.30	0.00	0.00
LBC	48	27.26	22.28	22.21	28.26	0.00	0.00
LBC	49	27.28	22.24	22.18	28.29	0.00	0.00
LBC	50	27.27	22.25	22.19	28.29	0.00	0.00
LBC	51	27.25	22.28	22.22	28.25	0.00	0.00
LBC	52	27.24	22.28	22.23	28.26	0.00	0.00
LBC	53	27.23	22.29	22.22	28.25	0.00	0.00
LBC	54	27.21	22.32	22.26	28.22	0.00	0.00
LBC	55	27.23	22.29	22.25	28.23	0.00	0.00
LBC	56	27.20	22.32	22.25	28.23	0.00	0.00
LBC	57	27.17	22.35	22.29	28.19	0.00	0.00
LBC	58	27.17	22.34	22.28	28.21	0.00	0.00
LBC	59	27.15	22.37	22.30	28.18	0.00	0.00
LBC	60	27.12	22.38	22.33	28.16	0.00	0.00
LBC	61	27.15	22.36	22.31	28.18	0.00	0.00
LBC	62	27.10	22.41	22.34	28.14	0.00	0.00
LBC	63	27.08	22.42	22.36	28.13	0.00	0.00
LBC	64	27.10	22.40	22.33	28.17	0.00	0.00
LBC	65	27.10	22.41	22.35	28.15	0.00	0.00
LBC	66	27.04	22.44	22.39	28.12	0.00	0.00
LBC	67	27.06	22.44	22.38	28.12	0.00	0.00
LBC	68	27.05	22.45	22.38	28.12	0.00	0.00
LBC	69	27.01	22.49	22.42	28.08	0.00	0.00
LBC	70	27.03	22.46	22.40	28.10	0.00	0.00
LBC	71	27.02	22.48	22.41	28.09	0.00	0.00
LBC	72	26.98	22.52	22.45	28.05	0.00	0.00
LBC	73	27.00	22.51	22.44	28.06	0.00	0.00
LBC	74	26.98	22.52	22.44	28.06	0.00	0.00
LBC	75	26.96	22.54	22.47	28.03	0.00	0.00
LBC	76	26.96	22.53	22.47	28.04	0.00	0.00
LBC	77	26.97	22.53	22.46	28.05	0.00	0.00
LBC	78	26.91	22.58	22.51	28.00	0.00	0.00
LBC	79	26.94	22.55	22.49	28.02	0.00	0.00
LBC	80	26.92	22.57	22.51	28.00	0.00	0.00
LBC	81	26.89	22.60	22.54	27.98	0.00	0.00
LBC	82	26.89	22.60	22.53	27.99	0.00	0.00
LBC	83	26.90	22.59	22.53	27.98	0.00	0.00
LBC	84	26.84	22.65	22.57	27.93	0.00	0.00
LBC	85	26.88	22.61	22.55	27.95	0.00	0.00
LBC	86	26.87	22.63	22.56	27.94	0.00	0.00
LBC	87	26.82	22.68	22.59	27.90	0.00	0.00
LBC	88	26.84	22.67	22.59	27.91	0.00	0.00
LBC	89	26.82	22.68	22.59	27.90	0.00	0.00
LBC	90	26.79	22.71	22.63	27.86	0.00	0.00
# ACGT raw counters for last fragments. Use `grep ^LTC | cut -f 2-` to extract this part. The columns are: A,C,G,T,N base counters
LTC	1393925941	1120705628	1117848236	1439759749	43032
# Insert sizes. Use `grep ^IS | cut -f 2-` to extract this part. The columns are: insert size, pairs total, inward oriented pairs, outward oriented pairs, other pairs
IS	0	104	0	1	103
IS	1	0	0	0	0
IS	2	24	0	19	5
IS	3	19	0	17	2
IS	4	22	0	21	1
IS	5	26	0	26	0
IS	6	17	0	16	1
IS	7	16	0	15	1
IS	8	12	0	12	0
IS	9	23	0	23	0
IS	10	20	0	19	1
IS	11	23	0	23	0
IS	12	17	0	17	0
IS	13	26	0	26	0
IS	14	20	0	20	0
IS	15	14	0	14	0
IS	16	12	0	12	0
IS	17	18	0	18	0
IS	18	35	0	34	1
IS	19	352	289	63	0
IS	20	186	147	39	0
IS	21	121	90	31	0
IS	22	82	53	29	0
IS	23	80	44	35	1
IS	24	61	32	28	1
IS	25	62	26	36	0
IS	26	48	21	27	0
IS	27	47	21	26	0
IS	28	44	21	21	2
IS	29	66	38	26	2
IS	30	47	25	20	2
IS	31	66	46	20	0
IS	32	76	49	26	1
IS	33	78	48	27	3
IS	34	76	45	30	1
IS	35	70	44	21	5
IS	36	78	45	30	3
IS	37	76	53	22	1
IS	38	76	51	21	4
IS	39	85	60	20	5
IS	40	94	56	32	6
IS	41	78	50	22	6
IS	42	72	47	18	7
IS	43	74	54	16	4
IS	44	71	42	21	8
IS	45	98	60	31	7
IS	46	76	52	15	9
IS	47	69	43	21	5
IS	48	79	59	13	7
IS	49	75	49	19	7
IS	50	91	60	23	8
IS	51	81	52	22	7
IS	52	90	64	21	5
IS	53	69	40	25	4
IS	54	104	70	26	8
IS	55	96	63	21	12
IS	56	131	85	36	10
IS	57	116	77	27	12
IS	58	111	71	28	12
IS	59	117	87	23	7
IS	60	119	75	30	14
IS	61	116	82	18	16
IS	62	127	89	31	7
IS	63	118	84	21	13
IS	64	129	91	26	12
IS	65	136	97	29	10
IS	66	119	102	11	6
IS	67	133	96	32	5
IS	68	129	97	23	9
IS	69	148	115	18	15
IS	70	160	121	23	16
IS	71	176	139	24	13
IS	72	164	131	23	10
IS	73	167	127	28	12
IS	74	173	141	20	12
IS	75	168	143	15	10
IS	76	197	160	23	14
IS	77	201	172	15	14
IS	78	245	218	17	10
IS	79	239	202	28	9
IS	80	259	230	18	11
IS	81	253	215	21	17
IS	82	337	304	18	15
IS	83	339	300	27	12
IS	84	368	328	33	7
IS	85	398	364	25	9
IS	86	431	395	25	11
IS	87	485	445	26	14
IS	88	597	557	31	9
IS	89	644	584	48	12
IS	90	747	734	5	8
IS	91	860	847	2	11
IS	92	1031	1020	3	8
IS	93	1085	1071	1	13
IS	94	1316	1297	3	16
IS	95	1566	1555	0	11
IS	96	1833	1828	2	3
IS	97	2163	2148	3	12
IS	98	2512	2500	4	8
IS	99	2955	2944	2	9
IS	100	3547	3536	0	11
IS	101	4076	4062	1	13
IS	102	4838	4830	1	7
IS	103	5586	5568	3	15
IS	104	6571	6558	1	12
IS	105	7658	7642	3	13
IS	106	8868	8859	1	8
IS	107	10492	10481	2	9
IS	108	12092	12079	1	12
IS	109	13654	13639	1	14
IS	110	15638	15625	0	13
IS	111	18104	18092	1	11
IS	112	20226	20215	1	10
IS	113	22979	22963	1	15
IS	114	26217	26202	1	14
IS	115	29188	29173	4	11
IS	116	32791	32780	0	11
IS	117	36566	36555	2	9
IS	118	40931	40912	2	17
IS	119	45190	45177	2	11
IS	120	50216	50205	1	10
IS	121	54825	54819	0	6
IS	122	59973	59963	0	10
IS	123	65283	65270	3	10
IS	124	70500	70489	3	8
IS	125	77169	77155	1	13
IS	126	83570	83559	1	10
IS	127	90068	90050	2	16
IS	128	96044	96037	0	7
IS	129	102204	102191	1	12
IS	130	108745	108736	0	9
IS	131	116517	116507	1	9
IS	132	121704	121690	0	14
IS	133	129677	129664	1	12
IS	134	135869	135856	2	11
IS	135	142612	142602	0	10
IS	136	149003	148989	1	13
IS	137	155506	155496	1	9
IS	138	161593	161580	1	12
IS	139	168109	168098	0	11
IS	140	174488	174475	1	12
IS	141	180039	180025	3	11
IS	142	186013	186006	1	6
IS	143	192104	192093	0	11
IS	144	197043	197033	4	6
IS	145	202388	202378	2	8
IS	146	206759	206749	2	8
IS	147	212889	212879	1	9
IS	148	217299	217288	1	10
IS	149	221660	221643	0	17
IS	150	225825	225816	1	8
IS	151	230674	230659	3	12
IS	152	234946	234936	0	10
IS	153	238215	238202	0	13
IS	154	241262	241248	1	13
IS	155	244504	244491	4	9
IS	156	248356	248348	0	8
IS	157	250751	250739	1	11
IS	158	253641	253626	1	14
IS	159	255536	255522	4	10
IS	160	258368	258363	2	3
IS	161	260420	260410	1	9
IS	162	262946	262936	0	10
IS	163	264817	264808	0	9
IS	164	267778	267768	1	9
IS	165	268389	268381	0	8
IS	166	269822	269811	1	10
IS	167	271325	271315	2	8
IS	168	272851	272842	1	8
IS	169	275200	275187	2	11
IS	170	275462	275453	0	9
IS	171	276537	276529	3	5
IS	172	277202	277190	0	12
IS	173	277976	277966	2	8
IS	174	279424	279411	1	12
IS	175	279274	279265	2	7
IS	176	279314	279301	2	11
IS	177	280639	280633	2	4
IS	178	281069	281060	3	6
IS	179	280333	280325	3	5
IS	180	282180	282176	1	3
IS	181	280833	280826	1	6
IS	182	280178	280169	0	9
IS	183	281016	281006	1	9
IS	184	280816	280815	0	1
IS	185	280918	280912	2	4
IS	186	281203	281188	5	10
IS	187	280254	280247	3	4
IS	188	280509	280495	1	13
IS	189	279880	279874	2	4
IS	190	278604	278596	2	6
IS	191	278891	278880	3	8
IS	192	278897	278886	1	10
IS	193	276582	276574	1	7
IS	194	277155	277144	2	9
IS	195	276224	276214	1	9
IS	196	275517	275510	0	7
IS	197	274926	274914	2	10
IS	198	274483	274480	0	3
IS	199	273215	273211	1	3
IS	200	273333	273320	3	10
IS	201	272805	272795	1	9
IS	202	271068	271055	3	10
IS	203	269196	269191	1	4
IS	204	269393	269383	0	10
IS	205	268551	268546	1	4
IS	206	267812	267804	1	7
IS	207	266508	266498	1	9
IS	208	266113	266105	0	8
IS	209	265025	265018	0	7
IS	210	264192	264182	1	9
IS	211	261904	261896	1	7
IS	212	262495	262483	1	11
IS	213	262214	262210	0	4
IS	214	261059	261051	1	7
IS	215	259072	259065	0	7
IS	216	256786	256780	2	4
IS	217	257773	257765	1	7
IS	218	255462	255455	1	6
IS	219	254403	254398	1	4
IS	220	254164	254156	2	6
IS	221	252422	252422	0	0
IS	222	251178	251165	1	12
IS	223	249851	249839	2	10
IS	224	248660	248653	1	6
IS	225	248082	248077	1	4
IS	226	247291	247279	2	10
IS	227	246215	246211	0	4
IS	228	244438	244428	4	6
IS	229	243944	243939	0	5
IS	230	242847	242841	0	6
IS	231	241039	241033	0	6
IS	232	240230	240223	1	6
IS	233	238755	238750	1	4
IS	234	237490	237484	2	4
IS	235	236425	236416	2	7
IS	236	234761	234753	1	7
IS	237	234747	234739	1	7
IS	238	232429	232426	1	2
IS	239	232198	232196	1	1
IS	240	231238	231228	3	7
IS	241	229954	229947	1	6
IS	242	228618	228616	0	2
IS	243	227149	227145	0	4
IS	244	226482	226474	0	8
IS	245	223618	223614	1	3
IS	246	223008	223001	2	5
IS	247	221707	221702	1	4
IS	248	220730	220726	0	4
IS	249	219524	219519	0	5
IS	250	217765	217755	0	10
IS	251	217375	217369	1	5
IS	252	215421	215417	0	4
IS	253	214568	214565	0	3
IS	254	212963	212962	0	1
IS	255	210530	210526	0	4
IS	256	210151	210146	0	5
IS	257	208643	208640	0	3
IS	258	208675	208670	0	5
IS	259	207159	207159	0	0
IS	260	205753	205751	0	2
IS	261	205256	205253	0	3
IS	262	203346	203344	0	2
IS	263	202036	202030	0	6
IS	264	200395	200391	0	4
IS	265	198183	198179	0	4
IS	266	197703	197696	0	7
IS	267	196495	196489	0	6
IS	268	195304	195300	0	4
IS	269	193968	193963	1	4
IS	270	192289	192282	0	7
IS	271	191007	191006	0	1
IS	272	190192	190187	0	5
IS	273	188770	188766	1	3
IS	274	187188	187184	0	4
IS	275	185955	185951	0	4
IS	276	184724	184718	0	6
IS	277	183897	183894	0	3
IS	278	182640	182637	0	3
IS	279	180865	180857	2	6
IS	280	179555	179554	0	1
IS	281	178917	178913	0	4
IS	282	177983	177975	0	8
IS	283	176194	176187	2	5
IS	284	175292	175288	1	3
IS	285	173900	173898	0	2
IS	286	172406	172400	1	5
IS	287	170378	170374	1	3
IS	288	169933	169929	1	3
IS	289	168800	168796	0	4
IS	290	167390	167388	1	1
IS	291	166580	166574	0	6
IS	292	165132	165129	0	3
IS	293	163947	163944	2	1
IS	294	162775	162772	0	3
IS	295	161218	161215	1	2
IS	296	159993	159989	0	4
IS	297	158729	158722	0	7
IS	298	158215	158208	0	7
IS	299	156847	156844	0	3
IS	300	155979	155977	0	2
IS	301	155007	155005	2	0
IS	302	153515	153511	0	4
IS	303	151806	151805	0	1
IS	304	150953	150950	0	3
IS	305	150106	150103	0	3
IS	306	148648	148643	0	5
IS	307	147560	147556	0	4
IS	308	145319	145313	1	5
IS	309	144698	144697	1	0
IS	310	143646	143642	0	4
IS	311	142778	142775	0	3
IS	312	141925	141923	1	1
IS	313	140589	140586	0	3
IS	314	139616	139615	0	1
IS	315	138433	138431	1	1
IS	316	136631	136630	0	1
IS	317	136032	136029	0	3
IS	318	134685	134683	1	1
IS	319	133727	133723	0	4
IS	320	132962	132959	0	3
IS	321	132068	132060	1	7
IS	322	130153	130148	0	5
IS	323	129586	129582	0	4
IS	324	128839	128834	1	4
IS	325	127413	127412	0	1
IS	326	126516	126512	0	4
IS	327	124488	124487	0	1
IS	328	123722	123721	0	1
IS	329	123539	123537	0	2
IS	330	121392	121389	1	2
IS	331	120876	120873	0	3
IS	332	119801	119796	0	5
IS	333	118916	118913	0	3
IS	334	118320	118318	1	1
IS	335	117590	117588	0	2
IS	336	115620	115618	0	2
IS	337	114443	114442	0	1
IS	338	113768	113767	0	1
IS	339	113194	113190	0	4
IS	340	111125	111123	0	2
IS	341	110459	110455	2	2
IS	342	109895	109892	0	3
IS	343	108637	108635	0	2
IS	344	108157	108157	0	0
IS	345	107268	107265	1	2
IS	346	106429	106426	0	3
IS	347	104519	104514	1	4
IS	348	104463	104460	0	3
IS	349	103259	103251	0	8
IS	350	102088	102086	1	1
IS	351	101313	101312	0	1
IS	352	100318	100314	0	4
IS	353	99690	99689	0	1
IS	354	98522	98520	1	1
IS	355	98030	98029	0	1
IS	356	97171	97169	0	2
IS	357	96102	96101	0	1
IS	358	94797	94792	1	4
IS	359	94194	94194	0	0
IS	360	93912	93910	0	2
IS	361	92124	92123	0	1
IS	362	92225	92223	1	1
IS	363	90929	90927	0	2
IS	364	90424	90422	0	2
IS	365	90098	90097	0	1
IS	366	88419	88414	1	4
IS	367	87576	87574	0	2
IS	368	86113	86113	0	0
IS	369	85859	85853	1	5
IS	370	84616	84615	0	1
IS	371	83626	83624	0	2
IS	372	83706	83705	0	1
IS	373	82804	82803	0	1
IS	374	81678	81677	0	1
IS	375	81142	81141	0	1
IS	376	80167	80167	0	0
IS	377	80102	80101	1	0
IS	378	77979	77975	0	4
IS	379	77627	77623	1	3
IS	380	76981	76978	0	3
IS	381	76484	76481	1	2
IS	382	75862	75858	0	4
IS	383	75195	75193	1	1
IS	384	74614	74612	0	2
IS	385	73043	73041	0	2
IS	386	73106	73104	1	1
IS	387	72820	72820	0	0
IS	388	71660	71659	1	0
IS	389	70923	70919	2	2
IS	390	70216	70215	0	1
IS	391	69316	69316	0	0
IS	392	68892	68891	1	0
IS	393	67993	67991	0	2
IS	394	67517	67515	0	2
IS	395	66752	66752	0	0
IS	396	66081	66077	1	3
IS	397	65093	65092	0	1
IS	398	65071	65069	0	2
IS	399	64176	64173	0	3
IS	400	63592	63590	0	2
IS	401	63302	63299	0	3
IS	402	62356	62354	1	1
IS	403	61003	61002	1	0
IS	404	61138	61138	0	0
IS	405	60166	60163	1	2
IS	406	59946	59944	0	2
IS	407	59098	59095	0	3
IS	408	58860	58858	0	2
IS	409	57777	57776	0	1
IS	410	57519	57517	0	2
IS	411	56480	56478	2	0
IS	412	55822	55822	0	0
IS	413	55772	55772	0	0
IS	414	55015	55013	1	1
IS	415	54415	54415	0	0
IS	416	53749	53748	0	1
IS	417	53639	53637	1	1
IS	418	52862	52862	0	0
IS	419	52320	52320	0	0
IS	420	51662	51660	2	0
IS	421	51418	51418	0	0
IS	422	50445	50445	0	0
IS	423	50057	50056	1	0
IS	424	50130	50127	2	1
IS	425	49443	49442	1	0
IS	426	48959	48959	0	0
IS	427	48280	48278	0	2
IS	428	47824	47821	1	2
IS	429	47272	47270	2	0
IS	430	46535	46534	0	1
IS	431	46432	46431	1	0
IS	432	45591	45590	1	0
IS	433	45016	45015	0	1
IS	434	44444	44443	0	1
IS	435	43905	43905	0	0
IS	436	43880	43879	0	1
IS	437	43233	43232	1	0
IS	438	42927	42926	0	1
IS	439	42396	42393	1	2
IS	440	42161	42159	0	2
IS	441	41111	41109	2	0
IS	442	40936	40936	0	0
IS	443	40627	40626	1	0
IS	444	39984	39984	0	0
IS	445	39867	39865	1	1
IS	446	39212	39211	0	1
IS	447	38782	38781	1	0
IS	448	38875	38875	0	0
IS	449	38089	38089	0	0
IS	450	37766	37766	0	0
IS	451	37332	37331	1	0
IS	452	37076	37076	0	0
IS	453	36511	36510	1	0
IS	454	36320	36317	3	0
IS	455	35546	35544	1	1
IS	456	35132	35131	1	0
IS	457	34948	34947	1	0
IS	458	34670	34669	1	0
IS	459	34468	34468	0	0
IS	460	34186	34185	1	0
IS	461	33762	33762	0	0
IS	462	33178	33178	0	0
IS	463	32982	32981	1	0
IS	464	32300	32297	1	2
IS	465	32267	32266	0	1
IS	466	32017	32014	2	1
IS	467	31413	31411	1	1
IS	468	30895	30893	0	2
IS	469	30788	30788	0	0
IS	470	30407	30402	3	2
IS	471	30103	30103	0	0
IS	472	29941	29939	2	0
IS	473	29368	29368	0	0
IS	474	29386	29384	1	1
IS	475	28891	28888	2	1
IS	476	28339	28338	0	1
IS	477	28179	28178	1	0
IS	478	27995	27992	3	0
IS	479	27473	27472	1	0
IS	480	27491	27490	1	0
IS	481	26809	26808	0	1
IS	482	26831	26829	1	1
IS	483	26435	26435	0	0
IS	484	26051	26050	1	0
IS	485	25904	25903	0	1
IS	486	25610	25608	2	0
IS	487	25348	25346	2	0
IS	488	25079	25078	1	0
IS	489	24517	24515	0	2
IS	490	24345	24344	0	1
IS	491	24308	24305	1	2
IS	492	23999	23998	1	0
IS	493	23778	23777	1	0
IS	494	23446	23446	0	0
IS	495	22856	22855	0	1
IS	496	22701	22701	0	0
IS	497	22579	22577	2	0
IS	498	22340	22339	1	0
IS	499	22077	22077	0	0
IS	500	21858	21858	0	0
IS	501	21715	21714	1	0
IS	502	21268	21264	2	2
IS	503	21088	21086	1	1
IS	504	21358	21355	2	1
IS	505	20803	20802	1	0
IS	506	20295	20293	2	0
IS	507	20011	20011	0	0
IS	508	19818	19817	1	0
IS	509	19620	19619	1	0
IS	510	19701	19697	3	1
IS	511	19301	19301	0	0
IS	512	19306	19302	4	0
IS	513	18963	18963	0	0
IS	514	18787	18786	0	1
IS	515	18600	18597	2	1
IS	516	18443	18442	1	0
IS	517	17987	17986	0	1
IS	518	17787	17787	0	0
IS	519	17538	17537	1	0
IS	520	17637	17636	0	1
IS	521	17105	17104	1	0
IS	522	16969	16968	0	1
IS	523	16745	16745	0	0
IS	524	16755	16755	0	0
IS	525	16482	16482	0	0
IS	526	16239	16238	0	1
IS	527	16205	16203	1	1
IS	528	15745	15744	1	0
IS	529	16060	16059	1	0
IS	530	15622	15621	0	1
IS	531	15268	15268	0	0
IS	532	15070	15070	0	0
IS	533	15058	15057	0	1
IS	534	14821	14820	1	0
IS	535	14745	14745	0	0
IS	536	14633	14633	0	0
IS	537	14449	14448	0	1
IS	538	14162	14162	0	0
IS	539	13999	13999	0	0
IS	540	13925	13924	1	0
IS	541	13864	13863	0	1
IS	542	13448	13446	1	1
IS	543	13621	13620	0	1
IS	544	13354	13351	0	3
IS	545	13143	13143	0	0
IS	546	13043	13042	0	1
IS	547	12781	12781	0	0
IS	548	12706	12706	0	0
IS	549	12695	12695	0	0
IS	550	12510	12509	0	1
IS	551	12365	12365	0	0
IS	552	12182	12182	0	0
IS	553	12165	12165	0	0
IS	554	11764	11763	1	0
IS	555	11753	11752	0	1
IS	556	11583	11583	0	0
IS	557	11511	11510	0	1
IS	558	11250	11250	0	0
IS	559	11089	11088	0	1
IS	560	11047	11047	0	0
IS	561	11064	11064	0	0
IS	562	10924	10924	0	0
IS	563	10583	10583	0	0
IS	564	10493	10493	0	0
IS	565	10194	10192	1	1
IS	566	10422	10422	0	0
IS	567	10256	10256	0	0
IS	568	10043	10041	1	1
IS	569	9856	9855	0	1
IS	570	9788	9788	0	0
IS	571	9541	9541	0	0
IS	572	9632	9631	1	0
IS	573	9441	9439	1	1
IS	574	9389	9389	0	0
IS	575	9218	9218	0	0
IS	576	9254	9253	1	0
IS	577	9183	9183	0	0
IS	578	9096	9096	0	0
IS	579	8857	8857	0	0
IS	580	8732	8732	0	0
IS	581	8621	8621	0	0
IS	582	8615	8615	0	0
IS	583	8511	8511	0	0
IS	584	8349	8349	0	0
IS	585	8438	8437	1	0
IS	586	8293	8293	0	0
IS	587	8126	8126	0	0
IS	588	8134	8134	0	0
IS	589	7819	7819	0	0
IS	590	7903	7903	0	0
IS	591	7755	7754	0	1
IS	592	7551	7551	0	0
IS	593	7524	7524	0	0
IS	594	7309	7309	0	0
IS	595	7351	7351	0	0
IS	596	7219	7219	0	0
IS	597	7389	7389	0	0
IS	598	7083	7083	0	0
IS	599	7016	7015	0	1
IS	600	6891	6890	1	0
IS	601	6947	6946	1	0
IS	602	6985	6984	1	0
IS	603	6741	6741	0	0
IS	604	6557	6557	0	0
IS	605	6778	6778	0	0
IS	606	6348	6346	1	1
IS	607	6289	6288	0	1
IS	608	6461	6461	0	0
# Read lengths. Use `grep ^RL | cut -f 2-` to extract this part. The columns are: read length, count
RL	31	2970
RL	32	2668
RL	33	2490
RL	34	2204
RL	35	2198
RL	36	1998
RL	37	1842
RL	38	1718
RL	39	1554
RL	40	1642
RL	41	1492
RL	42	1328
RL	43	1262
RL	44	1224
RL	45	1206
RL	46	1168
RL	47	1070
RL	48	1002
RL	49	964
RL	50	918
RL	51	896
RL	52	962
RL	53	946
RL	54	892
RL	55	978
RL	56	986
RL	57	878
RL	58	1012
RL	59	998
RL	60	968
RL	61	992
RL	62	1080
RL	63	952
RL	64	1038
RL	65	990
RL	66	1138
RL	67	1220
RL	68	1130
RL	69	1272
RL	70	1182
RL	71	1210
RL	72	1122
RL	73	1234
RL	74	1172
RL	75	1114
RL	76	1184
RL	77	1176
RL	78	1282
RL	79	1220
RL	80	1298
RL	81	1252
RL	82	1462
RL	83	1474
RL	84	1520
RL	85	1590
RL	86	1570
RL	87	1740
RL	88	1974
RL	89	2020
RL	90	112665468
# Read lengths - first fragments. Use `grep ^FRL | cut -f 2-` to extract this part. The columns are: read length, count
FRL	31	1485
FRL	32	1334
FRL	33	1245
FRL	34	1102
FRL	35	1099
FRL	36	999
FRL	37	921
FRL	38	859
FRL	39	777
FRL	40	821
FRL	41	746
FRL	42	664
FRL	43	631
FRL	44	612
FRL	45	603
FRL	46	584
FRL	47	535
FRL	48	501
FRL	49	482
FRL	50	459
FRL	51	448
FRL	52	481
FRL	53	473
FRL	54	446
FRL	55	489
FRL	56	493
FRL	57	439
FRL	58	506
FRL	59	499
FRL	60	484
FRL	61	496
FRL	62	540
FRL	63	476
FRL	64	519
FRL	65	495
FRL	66	569
FRL	67	610
FRL	68	565
FRL	69	636
FRL	70	591
FRL	71	605
FRL	72	561
FRL	73	617
FRL	74	586
FRL	75	557
FRL	76	592
FRL	77	588
FRL	78	641
FRL	79	610
FRL	80	649
FRL	81	626
FRL	82	731
FRL	83	737
FRL	84	760
FRL	85	795
FRL	86	785
FRL	87	870
FRL	88	987
FRL	89	1010
FRL	90	56332734
# Read lengths - last fragments. Use `grep ^LRL | cut -f 2-` to extract this part. The columns are: read length, count
LRL	31	1485
LRL	32	1334
LRL	33	1245
LRL	34	1102
LRL	35	1099
LRL	36	999
LRL	37	921
LRL	38	859
LRL	39	777
LRL	40	821
LRL	41	746
LRL	42	664
LRL	43	631
LRL	44	612
LRL	45	603
LRL	46	584
LRL	47	535
LRL	48	501
LRL	49	482
LRL	50	459
LRL	51	448
LRL	52	481
LRL	53	473
LRL	54	446
LRL	55	489
LRL	56	493
LRL	57	439
LRL	58	506
LRL	59	499
LRL	60	484
LRL	61	496
LRL	62	540
LRL	63	476
LRL	64	519
LRL	65	495
LRL	66	569
LRL	67	610
LRL	68	565
LRL	69	636
LRL	70	591
LRL	71	605
LRL	72	561
LRL	73	617
LRL	74	586
LRL	75	557
LRL	76	592
LRL	77	588
LRL	78	641
LRL	79	610
LRL	80	649
LRL	81	626
LRL	82	731
LRL	83	737
LRL	84	760
LRL	85	795
LRL	86	785
LRL	87	870
LRL	88	987
LRL	89	1010
LRL	90	56332734
# Mapping qualities for reads !(UNMAP|SECOND|SUPPL|QCFAIL|DUP). Use `grep ^MAPQ | cut -f 2-` to extract this part. The columns are: mapq, count
MAPQ	0	6766369
MAPQ	1	17017
MAPQ	2	4736
MAPQ	3	35498
MAPQ	4	7669
MAPQ	5	8641
MAPQ	6	11026
MAPQ	7	19586
MAPQ	8	11388
MAPQ	9	35225
MAPQ	10	26025
MAPQ	11	6298
MAPQ	12	10419
MAPQ	13	17088
MAPQ	14	5142
MAPQ	15	32258
MAPQ	16	10174
MAPQ	17	8585
MAPQ	18	11291
MAPQ	19	25849
MAPQ	20	45454
MAPQ	21	55283
MAPQ	22	87684
MAPQ	23	72640
MAPQ	24	118699
MAPQ	25	235700
MAPQ	26	4896
MAPQ	27	648356
MAPQ	28	4497
MAPQ	29	5129
MAPQ	30	10386
MAPQ	31	14163
MAPQ	32	4657
MAPQ	33	38531
MAPQ	34	5464
MAPQ	35	7119
MAPQ	36	10335
MAPQ	37	22418
MAPQ	38	4290
MAPQ	39	49572
MAPQ	40	915230
MAPQ	41	9231
MAPQ	42	39534
MAPQ	43	36778
MAPQ	44	18136
MAPQ	45	96842
MAPQ	46	48496
MAPQ	47	86796
MAPQ	48	211595
MAPQ	49	46002
MAPQ	50	784313
MAPQ	51	36152
MAPQ	52	28006
MAPQ	53	71386
MAPQ	54	36402
MAPQ	55	41245
MAPQ	56	71283
MAPQ	57	99724
MAPQ	58	3607
MAPQ	59	8045
MAPQ	60	101519938
# Indel distribution. Use `grep ^ID | cut -f 2-` to extract this part. The columns are: length, number of insertions, number of deletions
ID	1	311897	360388
ID	2	64372	85711
ID	3	24835	36400
ID	4	23187	34692
ID	5	7855	10802
ID	6	5460	8911
ID	7	1913	2624
ID	8	2803	5037
ID	9	1883	1995
ID	10	1483	2387
ID	11	990	998
ID	12	963	2484
ID	13	323	864
ID	14	525	1289
ID	15	152	801
ID	16	381	874
ID	17	69	258
ID	18	162	586
ID	19	90	255
ID	20	102	301
ID	21	78	196
ID	22	15	232
ID	23	29	64
ID	24	7	163
ID	25	7	45
ID	26	3	106
ID	27	1	91
ID	28	0	48
ID	29	0	12
ID	30	0	31
ID	31	0	9
ID	32	0	10
ID	33	0	6
ID	34	0	12
ID	35	0	2
ID	37	0	8
ID	38	0	13
ID	40	0	1
# Indels per cycle. Use `grep ^IC | cut -f 2-` to extract this part. The columns are: cycle, number of insertions (fwd), .. (rev) , number of deletions (fwd), .. (rev)
IC	1	1	0	0	0
IC	2	0	0	0	2
IC	3	0	0	1519	1543
IC	4	1376	1390	1563	1712
IC	5	1766	1799	1821	1873
IC	6	1755	1832	2009	2122
IC	7	1943	1905	2342	2425
IC	8	2067	2017	2645	2697
IC	9	2166	2220	2776	2867
IC	10	2255	2188	3003	3006
IC	11	2271	2283	3000	3226
IC	12	2475	2391	3198	3245
IC	13	2543	2566	3415	3448
IC	14	2696	2754	3483	3488
IC	15	2987	2801	3339	3574
IC	16	3027	2943	3550	3772
IC	17	2885	2992	3609	3644
IC	18	2980	3015	3702	3962
IC	19	3043	3156	3850	3968
IC	20	3150	3095	3775	3775
IC	21	2988	2972	3772	3818
IC	22	3090	3091	3884	3848
IC	23	2941	3017	3844	3906
IC	24	3032	3048	3769	3876
IC	25	3089	3010	3768	3822
IC	26	2915	3007	3705	3899
IC	27	2963	2839	3711	3763
IC	28	2980	2869	3724	3651
IC	29	2849	2896	3662	3605
IC	30	2856	2829	3676	3597
IC	31	2749	2879	3605	3679
IC	32	2780	2785	3566	3396
IC	33	2668	2753	3660	3607
IC	34	2753	2696	3526	3545
IC	35	2728	2734	3675	3434
IC	36	2756	2684	3566	3559
IC	37	2808	2756	3528	3594
IC	38	2985	2747	3544	3492
IC	39	2831	2748	3487	3485
IC	40	2803	2730	3441	3559
IC	41	2776	2675	3450	3561
IC	42	2836	2732	3427	3450
IC	43	2726	2649	3572	3480
IC	44	2728	2710	3492	3369
IC	45	2722	2687	3411	3346
IC	46	2873	2607	3535	3450
IC	47	2693	2727	3520	3438
IC	48	2770	2734	3508	3349
IC	49	2659	2697	3566	3397
IC	50	2764	2654	3598	3537
IC	51	2766	2598	3594	3623
IC	52	2836	2729	3671	3527
IC	53	2761	2784	3574	3594
IC	54	2863	2553	3729	3647
IC	55	2931	2687	3648	3561
IC	56	2851	2664	3858	3645
IC	57	2848	2658	3790	3626
IC	58	2889	2584	3663	3616
IC	59	2770	2686	3668	3673
IC	60	2740	2696	3779	3541
IC	61	2712	2690	3672	3543
IC	62	2796	2665	3741	3630
IC	63	2711	2610	3709	3554
IC	64	2786	2538	3644	3517
IC	65	2682	2574	3648	3577
IC	66	2630	2573	3591	3484
IC	67	2592	2522	3630	3405
IC	68	2760	2443	3445	3413
IC	69	2541	2532	3584	3395
IC	70	2545	2414	3372	3309
IC	71	2616	2490	3489	3326
IC	72	2521	2329	3379	3303
IC	73	2490	2380	3254	3138
IC	74	2419	2423	3229	3109
IC	75	2310	2327	3062	3035
IC	76	2252	2247	3115	2996
IC	77	2280	2252	2900	2878
IC	78	2190	2208	2819	2725
IC	79	2137	2194	2685	2682
IC	80	2203	2222	2640	2763
IC	81	2221	2281	2519	2625
IC	82	2250	2432	2494	2422
IC	83	2226	2467	2248	2247
IC	84	2789	3098	2181	2256
IC	85	3449	4182	2224	2396
IC	86	3480	4500	2129	2354
IC	87	3717	4987	1606	1933
IC	88	0	0	1	1
IC	89	0	0	1	0
# Coverage distribution. Use `grep ^COV | cut -f 2-` to extract this part.
COV	[1-1]	1	504282630
COV	[2-2]	2	152348996
COV	[3-3]	3	49837699
COV	[4-4]	4	21684941
COV	[5-5]	5	11454686
COV	[6-6]	6	7421617
COV	[7-7]	7	5485441
COV	[8-8]	8	4408647
COV	[9-9]	9	3723929
COV	[10-10]	10	3269041
COV	[11-11]	11	2917020
COV	[12-12]	12	2651144
COV	[13-13]	13	2435846
COV	[14-14]	14	2255954
COV	[15-15]	15	2096545
COV	[16-16]	16	1970699
COV	[17-17]	17	1861322
COV	[18-18]	18	1759445
COV	[19-19]	19	1666223
COV	[20-20]	20	1584250
COV	[21-21]	21	1515970
COV	[22-22]	22	1448436
COV	[23-23]	23	1388078
COV	[24-24]	24	1332303
COV	[25-25]	25	1278182
COV	[26-26]	26	1236557
COV	[27-27]	27	1194355
COV	[28-28]	28	1152537
COV	[29-29]	29	1116216
COV	[30-30]	30	1083145
COV	[31-31]	31	1048625
COV	[32-32]	32	1021010
COV	[33-33]	33	990837
COV	[34-34]	34	966285
COV	[35-35]	35	939176
COV	[36-36]	36	918430
COV	[37-37]	37	893408
COV	[38-38]	38	870866
COV	[39-39]	39	846820
COV	[40-40]	40	824710
COV	[41-41]	41	808141
COV	[42-42]	42	789565
COV	[43-43]	43	772996
COV	[44-44]	44	757299
COV	[45-45]	45	739418
COV	[46-46]	46	723603
COV	[47-47]	47	711284
COV	[48-48]	48	698350
COV	[49-49]	49	684473
COV	[50-50]	50	673870
COV	[51-51]	51	659054
COV	[52-52]	52	646737
COV	[53-53]	53	636355
COV	[54-54]	54	623564
COV	[55-55]	55	612319
COV	[56-56]	56	601628
COV	[57-57]	57	592727
COV	[58-58]	58	583654
COV	[59-59]	59	573767
COV	[60-60]	60	564669
COV	[61-61]	61	557924
COV	[62-62]	62	549340
COV	[63-63]	63	539298
COV	[64-64]	64	529537
COV	[65-65]	65	522607
COV	[66-66]	66	515656
COV	[67-67]	67	506103
COV	[68-68]	68	500263
COV	[69-69]	69	491963
COV	[70-70]	70	485882
COV	[71-71]	71	480301
COV	[72-72]	72	473255
COV	[73-73]	73	467238
COV	[74-74]	74	461002
COV	[75-75]	75	455299
COV	[76-76]	76	450333
COV	[77-77]	77	445601
COV	[78-78]	78	440450
COV	[79-79]	79	435986
COV	[80-80]	80	431048
COV	[81-81]	81	426241
COV	[82-82]	82	420908
COV	[83-83]	83	414662
COV	[84-84]	84	409331
COV	[85-85]	85	406148
COV	[86-86]	86	399928
COV	[87-87]	87	394255
COV	[88-88]	88	389487
COV	[89-89]	89	385086
COV	[90-90]	90	380573
COV	[91-91]	91	375857
COV	[92-92]	92	372293
COV	[93-93]	93	368242
COV	[94-94]	94	362347
COV	[95-95]	95	360825
COV	[96-96]	96	355574
COV	[97-97]	97	351230
COV	[98-98]	98	347751
COV	[99-99]	99	344567
COV	[100-100]	100	338475
COV	[101-101]	101	334640
COV	[102-102]	102	332392
COV	[103-103]	103	329264
COV	[104-104]	104	325893
COV	[105-105]	105	322614
COV	[106-106]	106	317859
COV	[107-107]	107	316028
COV	[108-108]	108	312351
COV	[109-109]	109	308565
COV	[110-110]	110	306656
COV	[111-111]	111	302640
COV	[112-112]	112	299993
COV	[113-113]	113	296728
COV	[114-114]	114	293555
COV	[115-115]	115	290486
COV	[116-116]	116	288296
COV	[117-117]	117	284732
COV	[118-118]	118	281940
COV	[119-119]	119	279593
COV	[120-120]	120	276561
COV	[121-121]	121	273240
COV	[122-122]	122	269777
COV	[123-123]	123	266594
COV	[124-124]	124	264446
COV	[125-125]	125	260516
COV	[126-126]	126	258633
COV	[127-127]	127	256565
COV	[128-128]	128	255319
COV	[129-129]	129	251564
COV	[130-130]	130	249011
COV	[131-131]	131	247420
COV	[132-132]	132	244273
COV	[133-133]	133	241705
COV	[134-134]	134	239294
COV	[135-135]	135	236952
COV	[136-136]	136	234403
COV	[137-137]	137	232671
COV	[138-138]	138	229584
COV	[139-139]	139	227999
COV	[140-140]	140	225359
COV	[141-141]	141	222527
COV	[142-142]	142	220352
COV	[143-143]	143	217420
COV	[144-144]	144	215433
COV	[145-145]	145	213440
COV	[146-146]	146	211016
COV	[147-147]	147	208292
COV	[148-148]	148	205645
COV	[149-149]	149	203893
COV	[150-150]	150	201707
COV	[151-151]	151	199608
COV	[152-152]	152	197490
COV	[153-153]	153	195807
COV	[154-154]	154	193861
COV	[155-155]	155	191898
COV	[156-156]	156	189405
COV	[157-157]	157	186869
COV	[158-158]	158	183987
COV	[159-159]	159	183265
COV	[160-160]	160	180699
COV	[161-161]	161	179028
COV	[162-162]	162	176646
COV	[163-163]	163	175402
COV	[164-164]	164	173651
COV	[165-165]	165	171302
COV	[166-166]	166	169640
COV	[167-167]	167	168050
COV	[168-168]	168	166019
COV	[169-169]	169	164057
COV	[170-170]	170	162425
COV	[171-171]	171	161408
COV	[172-172]	172	159840
COV	[173-173]	173	157781
COV	[174-174]	174	155599
COV	[175-175]	175	154582
COV	[176-176]	176	152249
COV	[177-177]	177	149360
COV	[178-178]	178	147921
COV	[179-179]	179	146037
COV	[180-180]	180	144906
COV	[181-181]	181	144108
COV	[182-182]	182	141908
COV	[183-183]	183	140573
COV	[184-184]	184	138987
COV	[185-185]	185	136901
COV	[186-186]	186	136173
COV	[187-187]	187	133743
COV	[188-188]	188	133102
COV	[189-189]	189	130914
COV	[190-190]	190	129281
COV	[191-191]	191	128375
COV	[192-192]	192	126780
COV	[193-193]	193	126532
COV	[194-194]	194	124255
COV	[195-195]	195	123488
COV	[196-196]	196	121738
COV	[197-197]	197	120599
COV	[198-198]	198	119216
COV	[199-199]	199	117492
COV	[200-200]	200	116012
COV	[201-201]	201	114771
COV	[202-202]	202	113230
COV	[203-203]	203	112568
COV	[204-204]	204	111355
COV	[205-205]	205	110335
COV	[206-206]	206	108485
COV	[207-207]	207	107301
COV	[208-208]	208	105803
COV	[209-209]	209	104552
COV	[210-210]	210	103388
COV	[211-211]	211	102332
COV	[212-212]	212	100906
COV	[213-213]	213	99581
COV	[214-214]	214	98242
COV	[215-215]	215	96947
COV	[216-216]	216	96124
COV	[217-217]	217	94312
COV	[218-218]	218	93382
COV	[219-219]	219	92290
COV	[220-220]	220	90723
COV	[221-221]	221	90068
COV	[222-222]	222	88713
COV	[223-223]	223	88069
COV	[224-224]	224	87109
COV	[225-225]	225	86314
COV	[226-226]	226	84958
COV	[227-227]	227	83716
COV	[228-228]	228	83011
COV	[229-229]	229	81864
COV	[230-230]	230	81077
COV	[231-231]	231	79412
COV	[232-232]	232	78720
COV	[233-233]	233	78010
COV	[234-234]	234	76663
COV	[235-235]	235	76035
COV	[236-236]	236	74986
COV	[237-237]	237	74279
COV	[238-238]	238	73181
COV	[239-239]	239	72182
COV	[240-240]	240	71181
COV	[241-241]	241	70574
COV	[242-242]	242	69967
COV	[243-243]	243	67843
COV	[244-244]	244	67482
COV	[245-245]	245	67109
COV	[246-246]	246	65858
COV	[247-247]	247	65175
COV	[248-248]	248	64832
COV	[249-249]	249	64133
COV	[250-250]	250	62946
COV	[251-251]	251	62709
COV	[252-252]	252	62016
COV	[253-253]	253	61236
COV	[254-254]	254	60532
COV	[255-255]	255	59169
COV	[256-256]	256	59163
COV	[257-257]	257	57831
COV	[258-258]	258	57237
COV	[259-259]	259	56525
COV	[260-260]	260	55446
COV	[261-261]	261	54724
COV	[262-262]	262	54177
COV	[263-263]	263	53485
COV	[264-264]	264	53039
COV	[265-265]	265	52119
COV	[266-266]	266	51612
COV	[267-267]	267	50864
COV	[268-268]	268	50143
COV	[269-269]	269	49171
COV	[270-270]	270	49219
COV	[271-271]	271	48548
COV	[272-272]	272	47706
COV	[273-273]	273	46601
COV	[274-274]	274	45951
COV	[275-275]	275	45620
COV	[276-276]	276	44788
COV	[277-277]	277	45054
COV	[278-278]	278	44043
COV	[279-279]	279	43796
COV	[280-280]	280	43192
COV	[281-281]	281	42697
COV	[282-282]	282	42046
COV	[283-283]	283	41317
COV	[284-284]	284	41073
COV	[285-285]	285	40769
COV	[286-286]	286	40074
COV	[287-287]	287	39741
COV	[288-288]	288	39072
COV	[289-289]	289	38763
COV	[290-290]	290	38104
COV	[291-291]	291	37584
COV	[292-292]	292	37298
COV	[293-293]	293	36802
COV	[294-294]	294	36528
COV	[295-295]	295	35788
COV	[296-296]	296	35476
COV	[297-297]	297	35169
COV	[298-298]	298	34569
COV	[299-299]	299	34313
COV	[300-300]	300	33933
COV	[301-301]	301	33435
COV	[302-302]	302	32876
COV	[303-303]	303	32287
COV	[304-304]	304	32395
COV	[305-305]	305	31817
COV	[306-306]	306	31374
COV	[307-307]	307	30827
COV	[308-308]	308	30720
COV	[309-309]	309	30500
COV	[310-310]	310	30115
COV	[311-311]	311	29830
COV	[312-312]	312	29243
COV	[313-313]	313	28755
COV	[314-314]	314	28271
COV	[315-315]	315	27865
COV	[316-316]	316	27943
COV	[317-317]	317	27224
COV	[318-318]	318	27481
COV	[319-319]	319	27099
COV	[320-320]	320	26629
COV	[321-321]	321	26457
COV	[322-322]	322	26052
COV	[323-323]	323	26137
COV	[324-324]	324	25682
COV	[325-325]	325	25677
COV	[326-326]	326	24740
COV	[327-327]	327	24928
COV	[328-328]	328	24521
COV	[329-329]	329	23996
COV	[330-330]	330	23905
COV	[331-331]	331	23502
COV	[332-332]	332	23158
COV	[333-333]	333	23117
COV	[334-334]	334	22702
COV	[335-335]	335	22662
COV	[336-336]	336	22381
COV	[337-337]	337	22157
COV	[338-338]	338	21867
COV	[339-339]	339	21333
COV	[340-340]	340	21130
COV	[341-341]	341	20963
COV	[342-342]	342	20839
COV	[343-343]	343	20659
COV	[344-344]	344	20328
COV	[345-345]	345	19859
COV	[346-346]	346	19999
COV	[347-347]	347	19669
COV	[348-348]	348	19408
COV	[349-349]	349	19364
COV	[350-350]	350	19142
COV	[351-351]	351	18654
COV	[352-352]	352	18543
COV	[353-353]	353	18098
COV	[354-354]	354	18102
COV	[355-355]	355	17985
COV	[356-356]	356	17835
COV	[357-357]	357	17447
COV	[358-358]	358	17555
COV	[359-359]	359	17170
COV	[360-360]	360	16717
COV	[361-361]	361	16625
COV	[362-362]	362	16344
COV	[363-363]	363	16196
COV	[364-364]	364	16006
COV	[365-365]	365	15900
COV	[366-366]	366	15640
COV	[367-367]	367	15339
COV	[368-368]	368	15442
COV	[369-369]	369	15243
COV	[370-370]	370	15089
COV	[371-371]	371	14812
COV	[372-372]	372	14723
COV	[373-373]	373	14456
COV	[374-374]	374	14281
COV	[375-375]	375	14322
COV	[376-376]	376	13877
COV	[377-377]	377	13711
COV	[378-378]	378	13712
COV	[379-379]	379	13381
COV	[380-380]	380	13449
COV	[381-381]	381	13189
COV	[382-382]	382	12989
COV	[383-383]	383	12984
COV	[384-384]	384	12734
COV	[385-385]	385	13027
COV	[386-386]	386	12452
COV	[387-387]	387	12478
COV	[388-388]	388	12178
COV	[389-389]	389	12062
COV	[390-390]	390	11858
COV	[391-391]	391	11682
COV	[392-392]	392	11697
COV	[393-393]	393	11557
COV	[394-394]	394	11351
COV	[395-395]	395	11281
COV	[396-396]	396	11287
COV	[397-397]	397	10991
COV	[398-398]	398	10804
COV	[399-399]	399	10898
COV	[400-400]	400	10628
COV	[401-401]	401	10674
COV	[402-402]	402	10479
COV	[403-403]	403	10370
COV	[404-404]	404	10337
COV	[405-405]	405	10260
COV	[406-406]	406	10194
COV	[407-407]	407	9976
COV	[408-408]	408	9884
COV	[409-409]	409	9711
COV	[410-410]	410	9578
COV	[411-411]	411	9388
COV	[412-412]	412	9503
COV	[413-413]	413	9348
COV	[414-414]	414	9245
COV	[415-415]	415	9073
COV	[416-416]	416	9137
COV	[417-417]	417	8798
COV	[418-418]	418	8882
COV	[419-419]	419	8836
COV	[420-420]	420	8570
COV	[421-421]	421	8713
COV	[422-422]	422	8436
COV	[423-423]	423	8432
COV	[424-424]	424	8357
COV	[425-425]	425	8127
COV	[426-426]	426	8018
COV	[427-427]	427	7935
COV	[428-428]	428	7742
COV	[429-429]	429	7817
COV	[430-430]	430	7736
COV	[431-431]	431	7831
COV	[432-432]	432	7736
COV	[433-433]	433	7474
COV	[434-434]	434	7540
COV	[435-435]	435	7569
COV	[436-436]	436	7370
COV	[437-437]	437	7231
COV	[438-438]	438	7136
COV	[439-439]	439	7056
COV	[440-440]	440	7079
COV	[441-441]	441	6966
COV	[442-442]	442	6841
COV	[443-443]	443	6777
COV	[444-444]	444	6644
COV	[445-445]	445	6612
COV	[446-446]	446	6539
COV	[447-447]	447	6447
COV	[448-448]	448	6516
COV	[449-449]	449	6317
COV	[450-450]	450	6204
COV	[451-451]	451	6206
COV	[452-452]	452	6314
COV	[453-453]	453	6329
COV	[454-454]	454	6173
COV	[455-455]	455	6173
COV	[456-456]	456	6051
COV	[457-457]	457	6043
COV	[458-458]	458	5890
COV	[459-459]	459	5932
COV	[460-460]	460	6050
COV	[461-461]	461	5741
COV	[462-462]	462	5774
COV	[463-463]	463	5637
COV	[464-464]	464	5576
COV	[465-465]	465	5467
COV	[466-466]	466	5461
COV	[467-467]	467	5424
COV	[468-468]	468	5377
COV	[469-469]	469	5151
COV	[470-470]	470	5296
COV	[471-471]	471	5179
COV	[472-472]	472	5124
COV	[473-473]	473	5014
COV	[474-474]	474	5056
COV	[475-475]	475	5001
COV	[476-476]	476	5063
COV	[477-477]	477	5074
COV	[478-478]	478	4881
COV	[479-479]	479	4891
COV	[480-480]	480	4803
COV	[481-481]	481	4698
COV	[482-482]	482	4623
COV	[483-483]	483	4617
COV	[484-484]	484	4567
COV	[485-485]	485	4568
COV	[486-486]	486	4477
COV	[487-487]	487	4437
COV	[488-488]	488	4420
COV	[489-489]	489	4333
COV	[490-490]	490	4225
COV	[491-491]	491	4198
COV	[492-492]	492	4287
COV	[493-493]	493	4107
COV	[494-494]	494	4149
COV	[495-495]	495	4146
COV	[496-496]	496	4126
COV	[497-497]	497	3931
COV	[498-498]	498	3931
COV	[499-499]	499	3892
COV	[500-500]	500	3766
COV	[501-501]	501	3841
COV	[502-502]	502	3726
COV	[503-503]	503	3678
COV	[504-504]	504	3724
COV	[505-505]	505	3627
COV	[506-506]	506	3680
COV	[507-507]	507	3585
COV	[508-508]	508	3652
COV	[509-509]	509	3533
COV	[510-510]	510	3448
COV	[511-511]	511	3480
COV	[512-512]	512	3442
COV	[513-513]	513	3421
COV	[514-514]	514	3330
COV	[515-515]	515	3283
COV	[516-516]	516	3204
COV	[517-517]	517	3346
COV	[518-518]	518	3177
COV	[519-519]	519	3221
COV	[520-520]	520	3220
COV	[521-521]	521	3042
COV	[522-522]	522	3099
COV	[523-523]	523	3030
COV	[524-524]	524	3033
COV	[525-525]	525	3076
COV	[526-526]	526	3045
COV	[527-527]	527	3027
COV	[528-528]	528	3028
COV	[529-529]	529	2975
COV	[530-530]	530	2828
COV	[531-531]	531	2916
COV	[532-532]	532	2841
COV	[533-533]	533	2783
COV	[534-534]	534	2777
COV	[535-535]	535	2818
COV	[536-536]	536	2777
COV	[537-537]	537	2657
COV	[538-538]	538	2741
COV	[539-539]	539	2687
COV	[540-540]	540	2599
COV	[541-541]	541	2528
COV	[542-542]	542	2553
COV	[543-543]	543	2466
COV	[544-544]	544	2643
COV	[545-545]	545	2430
COV	[546-546]	546	2588
COV	[547-547]	547	2462
COV	[548-548]	548	2457
COV	[549-549]	549	2456
COV	[550-550]	550	2470
COV	[551-551]	551	2591
COV	[552-552]	552	2434
COV	[553-553]	553	2385
COV	[554-554]	554	2458
COV	[555-555]	555	2367
COV	[556-556]	556	2351
COV	[557-557]	557	2322
COV	[558-558]	558	2330
COV	[559-559]	559	2287
COV	[560-560]	560	2270
COV	[561-561]	561	2277
COV	[562-562]	562	2336
COV	[563-563]	563	2172
COV	[564-564]	564	2198
COV	[565-565]	565	2172
COV	[566-566]	566	2197
COV	[567-567]	567	2267
COV	[568-568]	568	2139
COV	[569-569]	569	2160
COV	[570-570]	570	2006
COV	[571-571]	571	2131
COV	[572-572]	572	2098
COV	[573-573]	573	2099
COV	[574-574]	574	1978
COV	[575-575]	575	2037
COV	[576-576]	576	1971
COV	[577-577]	577	1982
COV	[578-578]	578	1993
COV	[579-579]	579	1985
COV	[580-580]	580	1934
COV	[581-581]	581	1843
COV	[582-582]	582	1869
COV	[583-583]	583	1908
COV	[584-584]	584	1787
COV	[585-585]	585	1807
COV	[586-586]	586	1865
COV	[587-587]	587	1820
COV	[588-588]	588	1703
COV	[589-589]	589	1743
COV	[590-590]	590	1775
COV	[591-591]	591	1761
COV	[592-592]	592	1798
COV	[593-593]	593	1676
COV	[594-594]	594	1711
COV	[595-595]	595	1680
COV	[596-596]	596	1691
COV	[597-597]	597	1622
COV	[598-598]	598	1624
COV	[599-599]	599	1608
COV	[600-600]	600	1621
COV	[601-601]	601	1641
COV	[602-602]	602	1650
COV	[603-603]	603	1599
COV	[604-604]	604	1647
COV	[605-605]	605	1562
COV	[606-606]	606	1581
COV	[607-607]	607	1524
COV	[608-608]	608	1494
COV	[609-609]	609	1498
COV	[610-610]	610	1486
COV	[611-611]	611	1454
COV	[612-612]	612	1432
COV	[613-613]	613	1406
COV	[614-614]	614	1417
COV	[615-615]	615	1404
COV	[616-616]	616	1310
COV	[617-617]	617	1341
COV	[618-618]	618	1477
COV	[619-619]	619	1328
COV	[620-620]	620	1355
COV	[621-621]	621	1401
COV	[622-622]	622	1372
COV	[623-623]	623	1373
COV	[624-624]	624	1314
COV	[625-625]	625	1285
COV	[626-626]	626	1302
COV	[627-627]	627	1281
COV	[628-628]	628	1321
COV	[629-629]	629	1286
COV	[630-630]	630	1238
COV	[631-631]	631	1282
COV	[632-632]	632	1180
COV	[633-633]	633	1190
COV	[634-634]	634	1136
COV	[635-635]	635	1167
COV	[636-636]	636	1184
COV	[637-637]	637	1171
COV	[638-638]	638	1134
COV	[639-639]	639	1153
COV	[640-640]	640	1121
COV	[641-641]	641	1100
COV	[642-642]	642	1029
COV	[643-643]	643	1103
COV	[644-644]	644	1084
COV	[645-645]	645	1072
COV	[646-646]	646	1044
COV	[647-647]	647	1091
COV	[648-648]	648	1073
COV	[649-649]	649	1022
COV	[650-650]	650	1094
COV	[651-651]	651	1062
COV	[652-652]	652	1082
COV	[653-653]	653	989
COV	[654-654]	654	985
COV	[655-655]	655	982
COV	[656-656]	656	916
COV	[657-657]	657	954
COV	[658-658]	658	972
COV	[659-659]	659	941
COV	[660-660]	660	878
COV	[661-661]	661	948
COV	[662-662]	662	939
COV	[663-663]	663	952
COV	[664-664]	664	903
COV	[665-665]	665	909
COV	[666-666]	666	909
COV	[667-667]	667	810
COV	[668-668]	668	913
COV	[669-669]	669	917
COV	[670-670]	670	884
COV	[671-671]	671	902
COV	[672-672]	672	869
COV	[673-673]	673	931
COV	[674-674]	674	826
COV	[675-675]	675	852
COV	[676-676]	676	801
COV	[677-677]	677	837
COV	[678-678]	678	832
COV	[679-679]	679	793
COV	[680-680]	680	792
COV	[681-681]	681	819
COV	[682-682]	682	793
COV	[683-683]	683	844
COV	[684-684]	684	719
COV	[685-685]	685	789
COV	[686-686]	686	742
COV	[687-687]	687	771
COV	[688-688]	688	747
COV	[689-689]	689	748
COV	[690-690]	690	688
COV	[691-691]	691	772
COV	[692-692]	692	741
COV	[693-693]	693	661
COV	[694-694]	694	661
COV	[695-695]	695	682
COV	[696-696]	696	734
COV	[697-697]	697	667
COV	[698-698]	698	697
COV	[699-699]	699	679
COV	[700-700]	700	672
COV	[701-701]	701	677
COV	[702-702]	702	695
COV	[703-703]	703	676
COV	[704-704]	704	710
COV	[705-705]	705	655
COV	[706-706]	706	654
COV	[707-707]	707	674
COV	[708-708]	708	640
COV	[709-709]	709	645
COV	[710-710]	710	648
COV	[711-711]	711	637
COV	[712-712]	712	615
COV	[713-713]	713	666
COV	[714-714]	714	579
COV	[715-715]	715	608
COV	[716-716]	716	592
COV	[717-717]	717	647
COV	[718-718]	718	603
COV	[719-719]	719	639
COV	[720-720]	720	595
COV	[721-721]	721	605
COV	[722-722]	722	606
COV	[723-723]	723	597
COV	[724-724]	724	617
COV	[725-725]	725	549
COV	[726-726]	726	577
COV	[727-727]	727	565
COV	[728-728]	728	596
COV	[729-729]	729	541
COV	[730-730]	730	591
COV	[731-731]	731	582
COV	[732-732]	732	490
COV	[733-733]	733	520
COV	[734-734]	734	539
COV	[735-735]	735	508
COV	[736-736]	736	529
COV	[737-737]	737	505
COV	[738-738]	738	503
COV	[739-739]	739	500
COV	[740-740]	740	478
COV	[741-741]	741	510
COV	[742-742]	742	475
COV	[743-743]	743	480
COV	[744-744]	744	499
COV	[745-745]	745	492
COV	[746-746]	746	437
COV	[747-747]	747	471
COV	[748-748]	748	458
COV	[749-749]	749	452
COV	[750-750]	750	427
COV	[751-751]	751	427
COV	[752-752]	752	426
COV	[753-753]	753	443
COV	[754-754]	754	466
COV	[755-755]	755	399
COV	[756-756]	756	386
COV	[757-757]	757	439
COV	[758-758]	758	418
COV	[759-759]	759	452
COV	[760-760]	760	430
COV	[761-761]	761	423
COV	[762-762]	762	420
COV	[763-763]	763	390
COV	[764-764]	764	427
COV	[765-765]	765	410
COV	[766-766]	766	404
COV	[767-767]	767	406
COV	[768-768]	768	391
COV	[769-769]	769	404
COV	[770-770]	770	379
COV	[771-771]	771	397
COV	[772-772]	772	390
COV	[773-773]	773	377
COV	[774-774]	774	387
COV	[775-775]	775	356
COV	[776-776]	776	387
COV	[777-777]	777	378
COV	[778-778]	778	394
COV	[779-779]	779	355
COV	[780-780]	780	389
COV	[781-781]	781	390
COV	[782-782]	782	394
COV	[783-783]	783	397
COV	[784-784]	784	357
COV	[785-785]	785	361
COV	[786-786]	786	405
COV	[787-787]	787	390
COV	[788-788]	788	328
COV	[789-789]	789	357
COV	[790-790]	790	374
COV	[791-791]	791	356
COV	[792-792]	792	395
COV	[793-793]	793	359
COV	[794-794]	794	353
COV	[795-795]	795	327
COV	[796-796]	796	349
COV	[797-797]	797	370
COV	[798-798]	798	364
COV	[799-799]	799	331
COV	[800-800]	800	351
COV	[801-801]	801	388
COV	[802-802]	802	350
COV	[803-803]	803	332
COV	[804-804]	804	381
COV	[805-805]	805	368
COV	[806-806]	806	323
COV	[807-807]	807	344
COV	[808-808]	808	368
COV	[809-809]	809	341
COV	[810-810]	810	340
COV	[811-811]	811	327
COV	[812-812]	812	305
COV	[813-813]	813	314
COV	[814-814]	814	317
COV	[815-815]	815	329
COV	[816-816]	816	316
COV	[817-817]	817	278
COV	[818-818]	818	294
COV	[819-819]	819	304
COV	[820-820]	820	275
COV	[821-821]	821	296
COV	[822-822]	822	266
COV	[823-823]	823	309
COV	[824-824]	824	298
COV	[825-825]	825	270
COV	[826-826]	826	271
COV	[827-827]	827	295
COV	[828-828]	828	305
COV	[829-829]	829	269
COV	[830-830]	830	295
COV	[831-831]	831	252
COV	[832-832]	832	246
COV	[833-833]	833	247
COV	[834-834]	834	249
COV	[835-835]	835	275
COV	[836-836]	836	235
COV	[837-837]	837	248
COV	[838-838]	838	241
COV	[839-839]	839	240
COV	[840-840]	840	212
COV	[841-841]	841	222
COV	[842-842]	842	241
COV	[843-843]	843	218
COV	[844-844]	844	222
COV	[845-845]	845	229
COV	[846-846]	846	244
COV	[847-847]	847	231
COV	[848-848]	848	200
COV	[849-849]	849	218
COV	[850-850]	850	186
COV	[851-851]	851	214
COV	[852-852]	852	202
COV	[853-853]	853	211
COV	[854-854]	854	222
COV	[855-855]	855	195
COV	[856-856]	856	197
COV	[857-857]	857	198
COV	[858-858]	858	212
COV	[859-859]	859	212
COV	[860-860]	860	173
COV	[861-861]	861	210
COV	[862-862]	862	188
COV	[863-863]	863	200
COV	[864-864]	864	208
COV	[865-865]	865	192
COV	[866-866]	866	184
COV	[867-867]	867	175
COV	[868-868]	868	172
COV	[869-869]	869	175
COV	[870-870]	870	178
COV	[871-871]	871	177
COV	[872-872]	872	171
COV	[873-873]	873	165
COV	[874-874]	874	193
COV	[875-875]	875	176
COV	[876-876]	876	169
COV	[877-877]	877	178
COV	[878-878]	878	191
COV	[879-879]	879	188
COV	[880-880]	880	189
COV	[881-881]	881	162
COV	[882-882]	882	176
COV	[883-883]	883	173
COV	[884-884]	884	175
COV	[885-885]	885	147
COV	[886-886]	886	144
COV	[887-887]	887	181
COV	[888-888]	888	182
COV	[889-889]	889	158
COV	[890-890]	890	164
COV	[891-891]	891	149
COV	[892-892]	892	146
COV	[893-893]	893	144
COV	[894-894]	894	124
COV	[895-895]	895	148
COV	[896-896]	896	135
COV	[897-897]	897	127
COV	[898-898]	898	136
COV	[899-899]	899	152
COV	[900-900]	900	130
COV	[901-901]	901	123
COV	[902-902]	902	112
COV	[903-903]	903	129
COV	[904-904]	904	116
COV	[905-905]	905	149
COV	[906-906]	906	156
COV	[907-907]	907	139
COV	[908-908]	908	147
COV	[909-909]	909	120
COV	[910-910]	910	136
COV	[911-911]	911	130
COV	[912-912]	912	135
COV	[913-913]	913	122
COV	[914-914]	914	126
COV	[915-915]	915	129
COV	[916-916]	916	123
COV	[917-917]	917	125
COV	[918-918]	918	140
COV	[919-919]	919	120
COV	[920-920]	920	113
COV	[921-921]	921	131
COV	[922-922]	922	129
COV	[923-923]	923	122
COV	[924-924]	924	125
COV	[925-925]	925	108
COV	[926-926]	926	116
COV	[927-927]	927	115
COV	[928-928]	928	129
COV	[929-929]	929	124
COV	[930-930]	930	94
COV	[931-931]	931	122
COV	[932-932]	932	113
COV	[933-933]	933	99
COV	[934-934]	934	93
COV	[935-935]	935	113
COV	[936-936]	936	97
COV	[937-937]	937	99
COV	[938-938]	938	107
COV	[939-939]	939	93
COV	[940-940]	940	92
COV	[941-941]	941	97
COV	[942-942]	942	101
COV	[943-943]	943	118
COV	[944-944]	944	84
COV	[945-945]	945	85
COV	[946-946]	946	69
COV	[947-947]	947	92
COV	[948-948]	948	93
COV	[949-949]	949	94
COV	[950-950]	950	90
COV	[951-951]	951	94
COV	[952-952]	952	86
COV	[953-953]	953	83
COV	[954-954]	954	69
COV	[955-955]	955	98
COV	[956-956]	956	84
COV	[957-957]	957	68
COV	[958-958]	958	74
COV	[959-959]	959	103
COV	[960-960]	960	95
COV	[961-961]	961	74
COV	[962-962]	962	87
COV	[963-963]	963	80
COV	[964-964]	964	65
COV	[965-965]	965	78
COV	[966-966]	966	98
COV	[967-967]	967	95
COV	[968-968]	968	77
COV	[969-969]	969	91
COV	[970-970]	970	82
COV	[971-971]	971	76
COV	[972-972]	972	72
COV	[973-973]	973	49
COV	[974-974]	974	76
COV	[975-975]	975	75
COV	[976-976]	976	75
COV	[977-977]	977	63
COV	[978-978]	978	78
COV	[979-979]	979	71
COV	[980-980]	980	79
COV	[981-981]	981	57
COV	[982-982]	982	51
COV	[983-983]	983	67
COV	[984-984]	984	91
COV	[985-985]	985	62
COV	[986-986]	986	77
COV	[987-987]	987	55
COV	[988-988]	988	64
COV	[989-989]	989	58
COV	[990-990]	990	68
COV	[991-991]	991	61
COV	[992-992]	992	63
COV	[993-993]	993	53
COV	[994-994]	994	66
COV	[995-995]	995	65
COV	[996-996]	996	52
COV	[997-997]	997	61
COV	[998-998]	998	57
COV	[999-999]	999	55
COV	[1000-1000]	1000	61
COV	[1000<]	1000	18855
# GC-depth. Use `grep ^GCD | cut -f 2-` to extract this part. The columns are: GC%, unique sequence percentiles, 10th, 25th, 50th, 75th and 90th depth percentile
GCD	0.0	0.001	0.000	0.000	0.000	0.000	0.000
GCD	2.9	0.002	0.031	0.031	0.031	0.031	0.031
GCD	17.0	0.003	0.004	0.004	0.004	0.004	0.004
GCD	18.0	0.003	0.009	0.009	0.009	0.009	0.009
GCD	19.0	0.004	0.976	0.976	0.976	0.976	0.976
GCD	22.0	0.007	0.090	0.250	0.864	6.667	10.581
GCD	23.0	0.010	0.054	0.057	0.214	0.522	0.576
GCD	24.0	0.013	0.009	0.092	0.378	0.977	1.165
GCD	25.0	0.016	0.072	0.142	0.409	1.521	1.764
GCD	26.0	0.020	0.013	0.051	0.961	5.663	12.799
GCD	27.0	0.031	0.013	0.028	0.576	2.357	3.643
GCD	28.0	0.061	0.061	0.344	2.416	7.302	10.815
GCD	29.0	0.127	0.138	1.793	3.410	6.330	9.548
GCD	30.0	0.269	0.228	2.586	4.776	8.000	13.157
GCD	31.0	0.575	0.130	1.677	4.551	11.016	17.401
GCD	32.0	1.219	0.130	0.233	4.904	11.696	19.416
GCD	33.0	2.348	0.134	0.189	3.012	10.473	19.401
GCD	34.0	4.333	0.130	0.180	0.297	9.166	19.048
GCD	35.0	7.395	0.130	0.180	0.247	5.844	16.902
GCD	36.0	11.770	0.130	0.184	0.247	2.787	13.727
GCD	37.0	17.407	0.126	0.189	0.256	0.450	11.531
GCD	38.0	24.224	0.117	0.198	0.265	0.369	8.534
GCD	39.0	31.954	0.121	0.207	0.283	0.387	7.500
GCD	40.0	39.723	0.148	0.234	0.315	0.441	7.868
GCD	41.0	47.174	0.184	0.261	0.351	0.490	7.627
GCD	42.0	53.972	0.207	0.292	0.382	0.544	7.963
GCD	43.0	60.208	0.229	0.324	0.427	0.625	8.168
GCD	44.0	65.803	0.252	0.355	0.472	0.760	8.821
GCD	45.0	70.620	0.288	0.400	0.517	1.012	9.042
GCD	46.0	74.715	0.297	0.427	0.562	1.597	9.651
GCD	47.0	78.192	0.337	0.472	0.616	2.326	10.379
GCD	48.0	81.302	0.355	0.513	0.675	2.920	11.266
GCD	49.0	83.926	0.396	0.549	0.733	3.647	12.922
GCD	50.0	86.257	0.414	0.594	0.801	4.170	13.054
GCD	51.0	88.326	0.454	0.634	0.895	4.893	14.467
GCD	52.0	90.180	0.450	0.661	0.954	5.243	13.426
GCD	53.0	91.788	0.495	0.702	1.156	6.058	15.664
GCD	54.0	93.233	0.544	0.760	1.534	6.961	15.737
GCD	55.0	94.556	0.582	0.841	2.398	8.291	16.903
GCD	56.0	95.720	0.620	0.882	2.641	8.939	18.670
GCD	57.0	96.788	0.670	1.022	3.293	9.234	17.282
GCD	58.0	97.727	0.652	1.080	3.725	9.569	15.432
GCD	59.0	98.476	0.763	1.496	3.865	8.486	14.353
GCD	60.0	99.012	0.784	1.557	4.089	8.728	14.539
GCD	61.0	99.396	0.691	1.453	3.761	8.120	15.497
GCD	62.0	99.658	0.642	1.597	3.527	7.189	11.468
GCD	63.0	99.823	0.606	1.705	3.640	7.464	11.337
GCD	64.0	99.920	0.693	1.728	3.208	6.861	9.696
GCD	65.0	99.974	0.661	1.732	3.325	5.525	8.935
GCD	66.0	99.991	0.605	1.077	2.654	6.042	8.426
GCD	67.0	99.997	0.132	0.840	1.296	5.020	5.539
GCD	68.0	100.000	0.004	0.008	0.616	2.078	2.366
