# This file was produced by samtools stats (1.23+htslib-1.23) and can be plotted using plot-bamstats
# This file contains statistics for all reads.
# The command line was:  stats data/SAS/ITU/HG03723/aligned/HG03723.bam
# CHK, Checksum	[2]Read Names	[3]Sequences	[4]Qualities
# CHK, CRC32 of reads which passed filtering followed by addition (32bit overflow)
CHK	05bc82bd	50070ee2	b8ee4fe1
# Summary Numbers. Use `grep ^SN | cut -f 2-` to extract this part.
SN	raw total sequences:	62165860	# excluding supplementary and secondary reads
SN	filtered sequences:	0
SN	sequences:	62165860
SN	is sorted:	1	# sorted by coordinate
SN	1st fragments:	31082930
SN	last fragments:	31082930
SN	reads mapped:	62162948
SN	reads mapped and paired:	62161856	# paired-end technology bit set + both mates mapped
SN	reads unmapped:	2912
SN	reads properly paired:	61953578	# proper-pair bit set
SN	reads paired:	62165860	# paired-end technology bit set
SN	reads duplicated:	0	# PCR or optical duplicate bit set
SN	reads MQ0:	5139025	# mapped and MQ=0
SN	reads QC failed:	0
SN	non-primary alignments:	0
SN	supplementary alignments:	44751
SN	total length:	6212665528	# ignores clipping
SN	total first fragment length:	3106332764	# ignores clipping
SN	total last fragment length:	3106332764	# ignores clipping
SN	bases mapped:	6212382514	# ignores clipping
SN	bases mapped (cigar):	6202837130	# more accurate
SN	bases trimmed:	0
SN	bases duplicated:	0
SN	mismatches:	22445236	# from NM fields
SN	error rate:	3.618544e-03	# mismatches / bases mapped (cigar)
SN	average length:	100
SN	average first fragment length:	100
SN	average last fragment length:	100
SN	maximum length:	100
SN	maximum first fragment length:	100
SN	maximum last fragment length:	100
SN	average quality:	34.8
SN	insert size average:	226.9
SN	insert size standard deviation:	74.0
SN	inward oriented pairs:	31003080
SN	outward oriented pairs:	5281
SN	pairs with other orientation:	4590
SN	pairs on different chromosomes:	67977
SN	percentage of properly paired reads (%):	99.7
# First Fragment Qualities. Use `grep ^FFQ | cut -f 2-` to extract this part.
# Columns correspond to qualities and rows to cycles. First column is the cycle number.
FFQ	1	0	0	64197	0	0	0	0	0	0	0	40211	0	0	0	0	0	80325	0	0	533	0	0	27454	100279	0	77215	347133	575658	227534	0	1863497	12746906	0	2306932	12625056	0	0	0	0	0	0	0	0
FFQ	2	0	0	693	0	0	0	0	0	0	0	27636	0	0	0	0	0	136613	0	0	5483	0	0	41231	86171	0	83300	302619	614080	217803	0	1543068	10853185	0	955646	16215402	0	0	0	0	0	0	0	0
FFQ	3	0	0	81	0	0	0	0	0	0	0	28726	0	0	0	0	0	79921	0	0	192	0	0	48619	81645	0	102258	290059	638546	263989	0	1494290	10100374	0	869516	17084714	0	0	0	0	0	0	0	0
FFQ	4	0	0	8965	0	0	0	0	0	0	0	27923	0	0	0	0	0	44245	0	0	26942	0	0	39654	0	0	77549	145516	12350	200852	4132	396226	12058	565237	920224	0	7192746	0	21408311	0	0	0	0	0
FFQ	5	0	0	0	0	0	0	0	0	0	0	45571	0	0	0	0	0	63170	0	0	47727	0	0	50341	0	0	108287	185135	14413	238777	4156	469094	13509	619111	1001052	0	7252060	0	20970527	0	0	0	0	0
FFQ	6	0	0	0	0	0	0	34	0	4903	0	33809	12912	0	0	16	4018	10510	42484	26431	30445	0	4440	3767	51980	39	125355	175120	24687	133525	119899	452677	53232	715990	965709	102	6758321	603083	20729442	0	0	0	0	0
FFQ	7	0	0	0	0	0	15	88	0	5166	0	35053	13069	11	0	52	4283	10606	46062	26863	29719	26	5038	3775	52136	61	128404	175126	28697	134588	117643	456057	55501	720608	978478	112	6790141	620387	20645165	0	0	0	0	0
FFQ	8	0	0	0	0	0	35	88	3	5408	0	35644	12758	27	0	35	4503	10513	47650	27266	29237	66	5289	3956	51416	39	129942	175975	35974	130680	116859	459112	56002	724096	987360	113	6813489	626998	20592397	0	0	0	0	0
FFQ	9	0	0	0	0	0	52	83	21	5425	0	35996	13139	44	8	46	4681	10894	48243	27850	29589	162	5362	4061	51872	147	131298	57350	171272	117376	118182	461802	42373	633269	700281	408042	2249511	1247	4028613	2196985	19527654	0	0	0
FFQ	10	0	0	0	0	0	96	76	24	6082	1	40190	14501	79	6	48	5911	11042	51524	28381	30401	293	5496	4282	52939	268	133439	57443	197542	91572	119704	467297	41517	636866	705729	403826	2263011	1182	4036168	2243039	19432955	0	0	0
FFQ	11	0	0	0	0	0	89	68	35	5738	30	37991	13362	121	10	45	5628	11272	51579	29383	30660	332	5912	4397	54099	473	134120	58434	237120	57526	121909	473083	42538	644601	712397	407692	2278073	1234	4052149	2277834	19332996	0	0	0
FFQ	12	0	0	0	0	0	132	97	44	6400	74	40787	14230	149	13	48	5840	11561	51269	30282	31572	391	6078	4623	55773	700	136379	59117	272504	25232	123305	480999	42266	652872	721684	411474	2299357	1383	4074462	2312838	19208995	0	0	0
FFQ	13	0	0	0	0	0	119	78	77	6020	159	39241	13634	151	19	81	6177	11705	50990	30538	31734	439	6165	4811	56386	1122	137207	59851	281086	18603	125041	484187	41980	658690	726607	413655	2317158	1532	4099382	2338277	19120028	0	0	0
FFQ	14	0	0	0	0	0	173	122	131	7260	231	44084	15411	194	33	78	1258	15751	53030	31422	32542	456	6597	4884	13213	46550	137100	61176	280906	18393	124471	205055	310197	463254	718285	485217	419456	1460011	1191865	3436033	2178163	6351869	12968059	0
FFQ	15	0	0	0	0	0	156	177	174	6877	341	41276	14354	218	33	105	1558	15519	53224	32802	33227	520	6985	5234	14322	48635	139950	62193	287354	18868	129356	209816	316863	469687	731266	492056	428912	1472893	1199890	3474618	2179451	6387255	12806765	0
FFQ	16	0	0	0	0	0	183	205	192	7147	498	42807	14730	242	70	201	1630	16255	52247	32972	34318	652	7267	5192	15414	50665	141725	63764	289173	19649	130459	213780	320783	472541	742229	497283	437129	1488583	1211021	3508584	2190552	6425146	12647642	0
FFQ	17	0	0	14	0	0	190	203	248	8123	716	45911	15524	330	125	244	1980	17069	54494	34547	35018	687	7745	5481	16305	53683	142722	65098	291500	20615	133790	218954	326030	475490	751040	502345	447208	1496256	1223283	3542077	2208839	6458589	12480457	0
FFQ	18	0	0	396	0	0	199	215	307	8330	981	45041	15163	336	124	258	2355	17118	54894	34960	35886	748	8058	5881	17739	56361	143712	66320	294980	20677	136462	225722	327908	480057	759565	507159	459245	1505481	1233256	3571719	2215306	6508696	12321315	0
FFQ	19	0	0	0	0	0	227	293	368	9009	1364	45603	15415	369	170	276	2787	16389	4072	87131	36744	781	8777	6113	19495	60346	143240	67850	296497	21445	139581	231977	332652	479661	460943	825622	471016	1319755	1228978	2955497	2711035	6756378	12325074	0
FFQ	20	0	0	0	0	0	249	397	513	10275	2018	49624	16551	433	207	331	3276	17882	5676	87133	38157	889	9531	6574	21742	66029	143999	69593	299755	22828	142931	240499	339914	482567	470024	836492	484422	1335053	1241311	2999316	2761780	6769425	12105534	0
FFQ	21	0	0	0	0	0	303	409	590	11454	2716	50115	15965	473	311	453	4035	18850	7577	87682	39066	1042	10081	6805	23949	71062	142408	70908	302705	23617	145441	250939	343286	485048	477777	848172	498107	1347461	1264359	3042264	2828800	6768116	11890584	0
FFQ	22	0	0	0	0	0	306	515	641	11508	3422	47124	14606	583	363	557	4660	19977	9750	83163	38982	1169	10929	7231	26511	77303	139133	72671	301678	24237	147069	258344	346322	484099	483953	855934	514354	1358809	1283785	3086708	2902686	6769349	11694499	0
FFQ	23	0	0	45	0	0	329	613	880	13352	4725	49156	14599	630	484	615	5521	21735	12172	81424	40826	1354	11890	7734	29706	87890	136632	74754	303163	26097	152631	273648	354372	484342	495866	870007	533237	1376396	1298478	3144032	2961929	6772825	11438841	0
FFQ	24	0	0	2	0	0	361	789	1075	15041	6198	48895	14033	795	563	780	6585	23821	15569	78161	41631	1537	12603	8218	32722	98167	131711	75729	302098	27340	155165	288090	358807	479312	504674	876816	554693	1385934	1319317	3214131	2895229	6525528	11580810	0
FFQ	25	0	0	5	0	0	427	856	1271	16943	8034	48637	12754	900	708	885	7793	25549	18982	74075	43082	1827	13821	9105	36582	110636	126144	79270	300780	28603	159536	304947	365196	475274	515466	887463	578645	1399716	1335609	3276253	2921013	6593564	11302579	0
FFQ	26	0	0	863	0	0	597	1298	2091	24667	14376	65337	15237	1025	925	1077	9758	29542	24363	72868	45754	1921	15380	9520	39732	126443	119550	81373	295519	29885	161744	322079	370426	465783	528743	895562	606033	1415358	1350493	3337711	2914863	6710101	10974933	0
FFQ	27	0	0	207	0	0	680	1577	2648	30763	20415	71235	14170	1233	1168	1432	12292	35928	32002	71569	47619	2365	17293	10506	44385	143474	117433	84187	301062	31597	167521	348687	378471	464746	541794	908922	636880	1430810	1363739	3405805	2896262	6804936	10637117	0
FFQ	28	0	0	16	0	0	686	1653	3020	32043	24512	63607	10293	1486	1481	1644	14473	40375	36327	64704	47375	2725	18476	11357	46386	157367	115020	85301	297381	33476	169849	377160	384367	453245	557690	919467	670996	1444350	1384704	3480452	2875630	6928108	10325728	0
FFQ	29	0	0	97	0	0	847	2108	3777	38041	32392	63451	7614	1750	1850	1982	17293	45241	38416	60472	49576	3174	20942	12581	48783	175905	114614	89318	292411	35396	174473	409771	395567	439029	575823	930211	710918	1458838	1401367	3570714	2840169	7017002	10001017	0
FFQ	30	0	0	1087	0	0	928	2504	4410	41786	39961	57594	4475	1985	2191	2308	20303	50851	38070	57339	51380	3598	22082	13800	52614	191048	119458	92607	287487	38236	180198	445235	405531	425068	597248	941071	757156	1467501	1418832	3673087	2806361	7096910	9670630	0
FFQ	31	0	0	38	0	0	1004	2779	5386	46314	49111	50485	2380	2315	2493	2787	23343	56527	35134	56090	53060	4191	23870	15050	54715	202785	126000	97047	279490	41186	184122	481893	416221	407005	622820	953122	812753	1478183	1443713	3788157	2768200	7164488	9328673	0
FFQ	32	0	0	51	0	0	1190	3424	6444	50832	60759	43106	1248	2734	2957	3339	26594	61010	29929	57898	56316	4946	27085	16567	57317	214575	136844	102713	274110	45406	193671	521267	431888	388348	651660	963286	870024	1485425	1466608	3919127	2712284	7200600	8990254	0
FFQ	33	0	0	59	0	0	1288	4062	7983	56272	73476	34255	852	3080	3382	3954	31041	66938	24704	60471	59143	5639	29885	18178	59967	224516	149833	107522	268545	48879	200705	557439	448691	370342	682971	972606	932222	1488590	1491028	4038691	2650070	7210407	8693116	0
FFQ	34	0	0	67	0	0	1385	4728	9490	58942	83179	24158	873	3538	4069	4632	35151	71073	19300	61294	60659	6596	33123	20125	62954	229062	162789	112510	261174	53698	204752	594506	460321	354617	711677	975654	997968	1475892	1514560	4153479	2592999	7209371	8449416	0
FFQ	35	0	0	84	0	0	1634	5604	11177	63173	94725	15647	1069	4073	4767	5596	40104	73779	14713	63507	62836	7496	35150	22546	65678	238226	170734	118907	258046	58483	212645	624545	475885	342791	748347	981461	1067827	1456897	1548078	4269928	2535879	7200473	8176379	0
FFQ	36	0	0	93	0	0	1725	6460	13329	65828	104377	9149	1172	4808	5462	6533	44570	75146	11684	66367	65473	8850	38527	24866	69491	245451	177497	125168	256287	65011	219111	652209	490451	336585	786054	984577	1143556	1436898	1577796	4367718	2497733	7192669	7899346	0
FFQ	37	0	0	102	0	0	1955	7567	15606	67893	111796	4792	1439	5480	6529	7810	50547	74893	10029	68646	67971	10270	41992	27615	74186	255745	182867	132513	258447	72305	227450	680815	508566	338024	832046	991575	1219821	1420815	1606692	4461214	2476634	7157572	7596922	0
FFQ	38	0	0	97	0	0	1831	7009	14459	57724	97990	2208	1760	6032	7658	8070	54426	70794	8500	57768	56768	12265	40480	29078	74725	230047	189194	128026	220960	75419	191163	705803	468982	305621	819015	905358	1267632	1230836	1623392	4174781	2692869	6825248	8412386	0
FFQ	39	0	0	112	0	0	1938	7741	16848	57529	97547	1372	1704	6575	8360	9221	57529	63100	8924	58658	57324	13082	39584	30070	80472	231986	176403	132166	221465	81287	197008	680736	473362	308272	844068	884366	1313035	1193308	1601067	3962388	2762365	6786278	8608393	0
FFQ	40	0	0	118	0	0	2148	8880	19043	59906	102228	1201	1951	7175	9267	10168	61678	57570	10108	60121	59330	14262	41372	32244	84121	235333	162454	136956	224889	88609	202931	660445	481933	315128	874161	866840	1355868	1163455	1591315	3946862	2683823	6778051	8663032	0
FFQ	41	0	0	132	0	0	2335	10045	22035	61590	104445	1265	2272	7979	10758	12294	67838	52992	11689	62718	62648	15995	44143	35402	90802	245419	155045	145055	231695	98691	213032	656790	496739	329014	912747	859449	1397354	1155532	1593625	3953316	2620456	6747401	8583594	0
FFQ	42	0	0	512	0	0	2445	10839	24454	60031	100509	1440	2361	8568	12122	13515	70321	45766	12892	63155	62889	17417	45786	38385	96894	248031	144301	152209	234057	109488	217576	647581	507588	338223	949693	855072	1436017	1146541	1612675	3960970	2605719	6739929	8477756	0
FFQ	43	0	0	144	0	0	2695	12103	27283	60986	100253	1593	2758	9560	14080	15664	73740	39958	14372	64703	65048	19537	47823	42155	105196	252870	134510	161296	236946	122843	224538	646429	522508	351409	991167	856388	1468064	1154238	1634030	3977561	2593569	6706722	8318429	0
FFQ	44	0	0	158	0	0	2965	14160	32590	64905	106260	1723	3139	10626	16172	17927	78221	34913	16168	68298	68251	22181	51057	46851	114882	263218	125095	171760	243184	136929	233801	640085	541021	366803	1031759	863756	1491768	1174296	1651901	3999940	2586103	6668055	8111689	0
FFQ	45	0	0	171	0	0	3258	15038	34654	62807	99173	1976	3490	11268	18319	19456	78668	28211	17724	64319	67431	34367	43591	50169	126130	263676	120691	180844	242732	153218	237471	635204	552695	378616	1068456	870602	1511263	1190209	1682925	4006532	2544091	6707013	7945601	0
FFQ	46	0	0	187	0	0	3705	17100	39343	66211	100971	2127	3973	12257	20358	22129	78828	23870	19918	67936	70832	38474	44966	54433	137181	271332	109147	193998	250241	171470	250305	625440	575856	398173	1100082	892396	1523470	1223139	1699302	4023118	2540116	6646452	7752689	0
FFQ	47	0	0	254	0	0	4119	18929	44034	68143	100573	2465	4608	13738	23810	24663	79394	20619	21382	69469	72963	43199	46745	60435	149787	274951	100116	206968	250788	192121	258573	623604	596589	414429	1129528	921457	1541868	1256884	1729155	4030408	2558892	6579181	7536171	0
FFQ	48	0	0	211	0	0	2919	13988	35880	55785	81036	2718	5115	13929	26371	24163	79300	15949	19159	60052	59133	46677	43435	64486	152991	255404	92680	205109	219900	213810	227150	628469	570291	398635	1137219	878757	1574842	1169696	1801562	3803384	2843782	6405418	7841077	0
FFQ	49	0	0	225	0	0	3085	14836	37861	56940	77636	2605	4894	13434	26546	24885	70016	13843	20166	60417	60158	45452	42404	64323	139022	258443	74012	206700	225967	219290	236408	579161	576467	409556	1113387	902231	1551078	1235426	1798077	3385922	3125456	6360949	8032738	0
FFQ	50	0	0	249	0	0	3138	15515	41213	58050	74083	2479	4995	13532	27466	26627	62985	12954	21398	61260	61516	45953	42494	66541	143384	252616	61828	212872	227687	229861	245315	543101	586440	420501	1093529	941248	1571139	1276213	1787004	3330370	3043964	6314625	8145424	0
FFQ	51	0	0	270	0	0	3469	16540	44482	61314	71236	2658	5170	13962	30161	27946	57504	12678	22229	63337	62302	48849	43147	71088	151105	250032	53754	221689	228020	248300	254301	520696	600104	435202	1088039	989983	1604437	1313927	1800232	3284264	3005400	6235975	8125279	0
FFQ	52	0	0	304	0	0	3662	17213	47402	63866	67162	2918	5754	14743	32722	30023	52930	12792	23311	65583	62751	51973	44415	75964	160297	246554	47456	233203	228774	269006	263778	505325	620369	451320	1086616	1043166	1641112	1356342	1825765	3248967	2997685	6155628	8011777	0
FFQ	53	0	0	338	0	0	3964	18763	51376	68656	64718	3226	6240	15692	35944	31924	48121	13016	24729	69501	64567	56735	45976	82779	169852	244173	43527	247289	231545	294751	276884	492422	644069	472464	1086667	1109450	1680831	1400395	1856808	3227494	3002788	6061102	7819395	0
FFQ	54	0	0	379	0	0	4411	20211	55946	74835	61247	3561	7081	16725	39798	34041	43883	13197	25704	73454	66274	61326	47224	90578	179310	241067	40245	264139	232691	321966	289557	481970	672341	496977	1092096	1179701	1725816	1448460	1891011	3201461	3015880	5956709	7596453	0
FFQ	55	0	0	428	0	0	5072	21863	61586	82905	58368	3880	8087	16529	45803	38277	41178	13346	28162	78189	68550	65602	52766	100872	194659	161931	119154	285865	232921	359018	306229	479996	707410	524432	1091701	1266189	1774751	1505376	1829407	3276688	3027434	5819526	7313088	0
FFQ	56	0	0	2908	0	0	5408	23074	65759	89217	53614	4392	8889	17396	50119	40171	37603	13604	29432	82704	69455	71219	55053	109456	203094	153071	121195	305461	233050	389208	320154	471198	738619	550237	1097304	1342913	1825214	1559788	1870732	3248714	3055958	5695947	7055406	0
FFQ	57	0	0	759	0	0	6124	24062	69272	95421	48371	4834	10283	19524	54964	41104	34408	14005	30500	86936	69105	77309	57194	119115	211149	144462	123678	322677	232237	419877	334959	463707	771118	580202	1099929	1427810	1881566	1612266	1905307	3215412	3079171	5565798	6811594	0
FFQ	58	0	0	619	0	0	6494	24830	72726	102256	41938	5359	10980	19029	58516	41274	30482	14182	31799	91375	69396	83471	59501	128638	217663	134718	128232	342791	230645	444619	351438	457055	801029	606597	1098201	1509194	1947124	1671178	1940609	3172895	3098001	5432981	6587876	0
FFQ	59	0	0	3185	0	0	7182	25992	77969	110697	37209	5986	11932	19272	63430	39194	27732	14577	32507	100347	70302	81595	59003	152738	207573	121634	129566	392299	231803	474614	370735	454505	838332	638181	1103547	1598961	2019106	1738103	1972628	3138191	3066796	5277883	6349867	0
FFQ	60	0	0	4196	0	0	7755	27474	84575	121482	32422	6682	13379	21129	68582	39479	26222	15207	34719	107868	71838	88228	61856	165567	211579	116231	137323	419616	233509	503159	394467	453844	878648	673817	1110837	1692486	2094457	1806300	2001129	3090798	3083910	5110489	6053380	0
FFQ	61	0	0	9265	0	0	8377	27370	87789	125060	25784	7382	14959	22931	72353	38347	24607	14993	35442	112179	69553	94609	64279	177557	212333	109774	140754	442336	228545	527361	410613	459721	913526	705119	1110838	1782138	2184161	1871137	2044571	3032554	3123590	4945290	5786930	0
FFQ	62	0	0	16359	0	0	9286	28339	94361	133804	21365	8120	16515	23308	76812	37557	23564	15502	37043	120813	70289	102741	67408	192474	211802	105773	149071	471623	229320	549757	433515	466645	953998	742081	1119412	1880818	2277178	1941771	2075846	2971293	3141114	4749457	5497501	0
FFQ	63	0	0	33964	0	0	9945	29081	99453	140288	16604	8676	17311	21999	80548	36685	23337	15799	38875	128647	69228	109043	70863	205225	208129	103379	156650	498753	228398	570126	459437	480804	994831	781591	1125593	1976495	2382961	2017063	2109821	2905094	3161685	4558430	5188259	0
FFQ	64	0	0	53558	0	0	11027	29884	106925	146401	12568	9478	18972	23554	83935	35303	23180	16282	40861	137475	69288	116566	74102	220404	205084	103216	165646	527643	229520	583899	485356	498561	1033703	819564	1136257	2077014	2494213	2093784	2144643	2833410	3178314	4353515	4869455	0
FFQ	65	0	0	55589	0	0	12105	30145	114224	151936	8927	11060	24141	32293	87390	33646	20776	19455	42524	127412	84504	124912	77457	217146	217740	102864	173884	550667	201834	595360	545904	522842	1072489	860398	1148171	2177272	2615368	2169777	2180696	2749907	3206202	4138981	4556035	0
FFQ	66	0	0	74750	0	0	12828	30188	117542	151525	5954	11705	24113	27876	87689	32122	20913	19719	43989	132881	84160	134748	79717	225822	208932	103625	181307	575038	198376	595910	571255	545532	1104565	897535	1160777	2274465	2758124	2249567	2219277	2646146	3240787	3930149	4281866	0
FFQ	67	0	0	96711	0	0	13643	29630	123873	150861	3590	12268	23779	23805	88932	30380	21834	20154	45523	140594	82658	141395	82326	235195	203744	105275	189935	604375	198192	594255	602633	575608	1136127	935799	1178991	2370548	2910813	2328550	2259628	2540808	3256695	3697563	4003930	0
FFQ	68	0	0	120950	0	0	14817	30671	132853	155653	2143	13226	24804	23949	88990	29114	22976	20817	47591	147719	83164	146746	84736	244304	197435	108743	200012	627869	198237	589489	634808	605920	1164205	978122	1201263	2471010	3070758	2408940	2300614	2423475	3264715	3465892	3713360	0
FFQ	69	0	0	147215	0	0	16066	31050	142703	157813	1216	14969	27140	24731	92538	28457	24675	21614	50260	157657	83473	156189	89039	257294	194330	112322	212416	659911	201333	586665	673542	642875	1198951	1019078	1228679	2580888	3230830	2491693	2337031	2301726	3254064	3214721	3394384	0
FFQ	70	0	0	175103	0	0	16869	30654	150000	155220	616	16335	28711	25295	92776	27073	26137	22439	51574	165492	81964	164915	91386	237136	164884	167945	223958	686034	204236	575934	709202	681053	1224723	1061570	1264515	2690071	3405217	2568162	2383125	2169048	3255754	2967302	3096589	0
FFQ	71	0	0	205164	0	0	18627	31224	160844	155679	308	17886	30248	26069	93116	25711	28055	22622	54701	174223	81248	173736	94507	241408	160471	176053	236410	709786	206863	563831	744877	720619	1247573	1099799	1299820	2801961	3585873	2641988	2430228	2032569	3244291	2717289	2802804	0
FFQ	72	0	0	236661	0	0	19811	30142	167569	149729	145	19837	32653	27135	93809	24554	29632	23085	56413	183290	79756	184451	97760	244586	157993	184699	250552	736436	213538	548399	785094	759445	1274794	1141621	1344262	2923104	3770489	2711321	2474449	1892001	3213736	2465708	2509345	0
FFQ	73	0	0	270371	0	0	21546	30972	182535	152574	85	21910	34594	28357	93102	23724	32101	24331	59103	195240	80925	196174	100699	246226	156801	195634	267873	765461	222310	535904	831309	801885	1300873	1184882	1391984	3049305	3948473	2770207	2513344	1745296	3166000	2203450	2211925	0
FFQ	74	0	0	305018	0	0	23250	30568	192992	146430	49	23486	36573	29049	93019	22761	34746	24686	61845	205436	80332	207009	103308	245867	156433	204439	282512	790156	232013	517264	875073	842876	1324835	1226162	1441449	3183224	4135894	2825145	2555618	1599202	3104718	1956534	1936913	0
FFQ	75	0	0	340918	0	0	25852	31753	214474	150331	44	26117	38929	30538	91724	21742	37199	25524	64944	217376	80920	219048	107199	244040	156336	215003	299648	745678	310566	499297	918683	878765	1347214	1265720	1494315	3313198	4330602	2868338	2589797	1445040	3021924	1711244	1676375	0
FFQ	76	0	0	378574	0	0	20362	23241	178141	123489	37	44621	64077	39265	157041	17202	54649	17740	77506	184623	103560	388198	172827	399733	251263	327573	395481	1238691	443816	989209	1380976	1688238	2253332	2123868	1760938	4424527	2755087	2825526	1314079	1078519	2478331	654930	226568	0
FFQ	77	0	0	399952	0	0	21784	21481	172075	103351	24	32328	43740	29846	94989	14654	42214	19140	65451	176877	79734	275681	118229	255318	184356	255223	315760	898379	380640	591169	1160432	1275660	1782509	1861069	1916812	4648299	3507265	3183896	1652259	1055428	3252158	942852	224146	0
FFQ	78	0	0	426554	0	0	21958	19732	167657	90130	14	27333	36192	26576	71231	14079	39434	20402	61000	180238	69572	235322	98403	198861	158736	225552	297956	750582	338864	429524	1028305	1029139	1467009	1519976	1808922	4179737	4684610	3197448	2404200	959834	3069353	1160429	539636	0
FFQ	79	0	0	460059	0	0	22450	18773	168847	81394	10	26295	33347	25951	60025	13281	39238	20848	59965	183838	65982	224621	90761	172136	151002	217535	301347	689838	330442	359542	985338	938111	1352112	1381334	1736853	3963595	5516672	3181337	2794955	849990	2824080	942116	769627	0
FFQ	80	0	0	499543	0	0	23221	17969	175122	75162	8	27162	32988	26947	54243	12849	39651	21291	60992	189478	65625	224730	87808	155913	151091	220425	312066	666028	337381	320179	982825	915179	1319856	1340380	1732558	3959481	6040278	3180599	2948389	730140	2630880	736155	738488	0
FFQ	81	0	0	544494	0	0	24649	17481	184390	71230	15	29069	33672	27939	50709	12823	41762	22237	63082	198252	67325	232200	87541	145183	155190	226433	331688	661338	350953	293883	1007566	912593	1323350	1344427	1755525	4050847	6410694	3181941	2980692	620207	2414176	566707	610108	0
FFQ	82	0	0	594764	0	0	26541	17661	197479	68171	14	30626	34714	29205	47936	12370	43460	23298	65446	207446	69416	241894	87648	135265	160963	236012	353324	661480	367350	272940	1038547	920212	1347810	1363799	1793826	4193197	6703641	3167607	2946984	520546	2175520	427330	467246	0
FFQ	83	0	0	649582	0	0	27606	17009	207903	63914	16	33790	35526	30723	45482	12020	46387	23845	67919	214679	73339	253221	87846	125785	168328	245618	374736	662905	384855	255095	1078846	930601	1378682	1397138	1828645	4349475	6961184	3144434	2865095	429544	1925437	312894	340956	0
FFQ	84	0	0	710016	0	0	29529	16522	220084	59675	17	36570	37177	31683	43474	11814	48514	24606	71928	222683	77640	265768	88084	115815	176146	254695	398193	664638	403533	239658	1114984	943670	1414832	1431895	1861801	4508724	7192767	3116053	2745192	349039	1664537	220311	238050	0
FFQ	85	0	0	776161	0	0	29727	15620	222930	54012	15	38290	37549	32910	39306	11192	50894	25118	73546	224723	81778	275678	85974	104617	183189	264033	419834	656762	422337	221421	1151148	952436	1449252	1467024	1895872	4683191	7432798	3072964	2598938	278466	1410399	149706	159590	0
FFQ	86	0	0	849505	0	0	31219	15213	232896	49747	35	40644	38070	33867	36743	10735	53471	26039	75673	232289	86557	284721	83869	94665	189702	272158	443943	646369	438281	204907	1181711	956905	1481225	1500539	1920811	4838960	7663687	3021874	2431777	216190	1163189	96894	102561	0
FFQ	87	0	0	930801	0	0	32511	14523	241676	45460	35	44266	39467	35466	34617	10440	55834	26483	78323	235932	92666	294724	82162	84991	197799	282529	468763	636313	457088	191002	1219121	962698	1512842	1536886	1938805	4994305	7866419	2948281	2234495	166129	929334	60360	61798	0
FFQ	88	0	0	1020329	0	0	33402	13991	248509	41031	24	46234	40390	36593	31931	9987	57294	27130	80471	240074	97933	301589	78624	75930	204242	291193	493144	617965	475493	176689	1243122	963444	1545039	1568239	1959665	5144356	8074928	2862740	2028287	123940	717990	34951	36042	0
FFQ	89	0	0	1122026	0	0	34366	12881	256541	37137	42	49358	41100	37412	28706	9813	59916	28445	83503	249707	104635	311794	75851	67875	212320	301275	521321	603598	495334	166084	1279592	969879	1575042	1606462	1971887	5296995	8216465	2751736	1797623	89842	534279	19677	19285	0
FFQ	90	0	0	1234681	0	0	35471	12681	267158	33918	56	51775	41511	38386	25856	8977	62065	28965	86304	253479	112044	320775	71982	59982	220297	310861	553826	586099	514115	155860	1310940	975505	1604837	1643631	1981173	5429179	8342813	2631957	1562570	63596	383192	10069	9780	0
FFQ	91	0	0	1361700	0	0	35200	10923	261076	29066	42	53752	41312	38775	22685	8496	63827	29508	88229	257316	118999	328243	67279	52798	227286	319612	581591	562734	534813	145571	1337289	980965	1631778	1681430	1986072	5565631	8456941	2500762	1332422	43503	264744	5046	4850	0
FFQ	92	0	0	1503799	0	0	35555	10342	263892	25410	36	53152	37837	37858	18004	7930	64364	29765	89153	260758	124375	328011	60971	45873	231949	326410	607654	532247	551041	134900	1357989	987928	1655937	1715038	1991960	5679325	8566326	2368285	1115867	28216	174843	2425	2261	0
FFQ	93	0	0	1668584	0	0	33911	8778	254123	21927	36	53760	36863	36767	14844	7171	65247	30048	89617	260426	129733	326818	54240	39581	236072	331752	630494	501278	565274	126278	1377270	993455	1672190	1748349	1993440	5785807	8655411	2229917	911981	18040	110537	1314	1114	0
FFQ	94	0	0	1862483	0	0	32868	7799	247079	18501	34	52187	33733	34884	11622	6685	65258	30277	89391	261894	134649	324001	48367	35150	239626	335806	653980	467946	577970	117230	1392218	998621	1690456	1776022	1991408	5873485	8718006	2081363	727288	10900	66048	739	622	0
FFQ	95	0	0	2095722	0	0	30814	6688	234116	15627	35	50456	30803	11183	30781	6124	64248	31023	88942	262480	139576	316831	42095	31379	243763	340218	678654	434463	591729	108603	1407057	1006633	1706081	1805908	1986684	5958177	8721693	1923036	563426	6294	37894	448	381	0
FFQ	96	0	0	2372727	0	0	26759	5290	208889	12658	26	46780	26808	9581	26985	5141	62133	30319	86575	256425	142986	304365	34834	27637	242586	337550	690207	397632	599205	99647	1405401	1013338	1722145	1831095	1985811	6023636	8743644	1769086	430499	3468	20323	307	221	0
FFQ	97	0	0	2714223	0	0	20762	3967	173161	9094	16	39579	21261	7355	21719	4199	58053	29816	82952	251337	140831	286585	28487	24764	240243	335002	703684	357685	603069	90697	1402041	1017884	1732858	1849041	1981705	6070735	8738895	1617132	322774	1819	10539	195	157	0
FFQ	98	0	0	3129810	0	0	12427	2166	119520	5761	12	28745	14323	4726	15316	2944	53697	29578	78601	247588	138966	264311	22731	22817	237176	332553	714245	323112	609599	82073	1402157	1025804	1752409	1870718	1970323	6106741	8658050	1461216	238238	980	5245	134	108	0
FFQ	99	0	0	3614359	0	0	3061	628	42727	1815	3	11704	5375	1653	6724	1287	48402	29417	70628	236690	129041	235956	17234	21284	228390	323412	705392	282832	607764	73682	1386756	1033633	1760959	1886563	1960569	6133408	8606498	1325546	177633	483	2721	88	64	0
FFQ	100	0	0	4169251	0	0	1	0	19	21	0	4	1	0	487	105	47365	31460	64707	243704	118483	208909	12866	21418	216825	308843	682624	239154	596476	64762	1341358	1043356	1783481	1905055	1951436	6157272	8441135	1179218	131025	269	1451	69	45	0
# Last Fragment Qualities. Use `grep ^LFQ | cut -f 2-` to extract this part.
# Columns correspond to qualities and rows to cycles. First column is the cycle number.
LFQ	1	0	0	0	0	0	0	0	0	0	0	157189	0	0	0	0	0	205463	0	0	526	0	0	42569	220149	0	182738	572040	758196	435682	0	2196611	12293047	0	3999320	10019400	0	0	0	0	0	0	0	0
LFQ	2	0	0	0	0	0	0	0	0	0	0	156932	0	0	0	0	0	231823	0	0	345	0	0	71275	194343	0	200261	522302	850998	404274	0	1792477	11052315	0	2378992	13226593	0	0	0	0	0	0	0	0
LFQ	3	0	0	0	0	0	0	0	0	0	0	168505	0	0	0	0	0	244971	0	0	474	0	0	87039	188260	0	209357	502146	879498	413766	0	1713722	10434060	0	2082975	14158157	0	0	0	0	0	0	0	0
LFQ	4	0	0	0	0	0	0	0	0	0	0	165982	0	0	0	0	0	119014	0	0	126807	0	0	75210	0	0	184714	259720	19932	389492	0	619158	16392	865688	1305236	0	7571021	0	19364564	0	0	0	0	0
LFQ	5	0	0	0	0	0	0	0	0	0	0	160420	0	0	0	0	0	119265	0	0	123824	0	0	75647	0	0	183223	259190	20566	392497	0	618725	17449	872842	1313583	0	7605965	0	19319734	0	0	0	0	0
LFQ	6	0	0	0	0	0	0	108	0	16683	0	111526	39879	0	0	46	11186	20063	107144	48895	53257	0	7805	5870	80961	118	190097	236267	36940	225712	152782	582739	79045	945129	1201165	16	6839256	808289	19281952	0	0	0	0	0
LFQ	7	0	0	0	0	0	45	222	0	17042	0	113044	39682	22	0	92	11112	21520	110224	51815	53532	31	8854	6491	84735	123	195089	245207	45380	223969	156595	595724	80594	960508	1211225	23	6872427	803840	19173763	0	0	0	0	0
LFQ	8	0	0	0	0	0	97	230	8	18740	1	121759	42858	53	4	102	11974	21542	113966	51746	53205	114	9393	6855	84642	82	195017	243467	58204	212497	156193	594167	80936	965774	1222041	29	6918329	809752	19089153	0	0	0	0	0
LFQ	9	0	0	0	0	0	158	235	65	19054	0	123154	43328	92	14	94	13157	22154	120021	55919	56240	242	9748	7117	88175	180	200350	83687	253502	191978	163378	604804	61642	860277	837132	540519	2494861	0	4380318	2425365	17425970	0	0	0
LFQ	10	0	0	0	0	0	207	225	92	19111	10	123788	43806	184	17	104	13031	22697	118340	55822	56670	420	10255	7451	89946	355	201640	84752	300407	146700	164663	609772	61734	867857	840827	547441	2516842	6	4406323	2454682	17316753	0	0	0
LFQ	11	0	0	0	0	0	295	218	142	19226	104	122699	42862	255	21	90	13440	22921	117981	56899	56476	481	10131	7537	89558	657	202667	84838	360934	88546	165670	615730	62004	874184	846472	552106	2539317	98	4440656	2476126	17211589	0	0	0
LFQ	12	0	0	0	0	0	342	227	179	20703	231	130960	46458	291	20	111	13858	23154	118664	58198	58862	518	10712	7766	93385	1050	205220	85999	416674	36751	169668	624923	61694	882404	859794	550529	2556486	262	4459806	2511574	17075457	0	0	0
LFQ	13	0	0	0	0	0	374	252	311	20979	445	132157	46502	333	28	139	14246	23804	123770	59944	60241	683	11038	8146	95032	1688	208318	87361	437382	26705	172403	637296	61696	895690	869553	556446	2585872	349	4493638	2531257	16918852	0	0	0
LFQ	14	0	0	0	0	0	453	283	485	21549	727	132193	45853	436	70	152	2500	32047	125565	62760	61458	626	11648	8395	22655	79404	212121	89740	442393	27001	177696	272528	406416	641683	887744	659081	486919	1617560	1348964	3916153	2447544	6147979	10692149	0
LFQ	15	0	0	0	0	0	494	402	566	22023	1179	133415	46811	439	79	264	3017	32226	123340	62866	61966	733	12098	8420	23857	81471	211552	90520	443534	27204	179037	276039	408523	647833	893431	669815	493190	1634406	1368409	3948468	2475500	6176550	10523253	0
LFQ	16	0	0	0	0	0	514	493	758	22756	1720	135106	46376	573	153	405	3434	33401	123243	64478	64199	832	12505	8780	25043	85703	215064	93037	449447	27887	183008	284186	416002	649382	910533	672305	505136	1647780	1376092	3985221	2479733	6215209	10342436	0
LFQ	17	0	0	0	0	0	564	557	813	24742	2513	138706	47537	674	229	477	4066	34648	123592	66178	65887	946	13210	9215	27706	89563	217254	94173	453042	28971	186699	292210	420915	657175	923943	677831	515639	1660834	1389126	4018036	2485446	6246060	10163753	0
LFQ	18	0	0	0	0	0	612	679	1045	28131	3547	151113	52121	676	344	507	4946	36417	129408	67954	67345	1040	13942	9867	29760	94829	216051	95003	456048	29689	188960	299664	423901	659323	930990	686740	525145	1671676	1402395	4043420	2500049	6277965	9981628	0
LFQ	19	0	0	1	0	0	666	731	1300	29383	4935	148648	50852	792	417	588	5765	34572	11487	197350	70451	1225	14794	10225	32372	101919	218415	98022	468625	30687	194408	310063	431491	669480	576200	1057700	539271	1492904	1354594	3353011	3031419	6478317	10059850	0
LFQ	20	0	0	0	0	0	700	894	1484	30220	6642	145192	48777	928	538	737	6941	35968	14091	187500	71539	1364	15531	10698	35696	109160	217499	99970	467759	31679	198268	323192	438635	670730	584584	1075946	554367	1505826	1381199	3395378	3090166	6482457	9840675	0
LFQ	21	0	0	0	0	0	762	1064	1830	32755	8899	146760	48694	1072	695	853	8314	38780	18131	181102	72605	1575	16816	11081	39372	118687	216868	102102	466398	33036	201429	338875	444929	671123	595202	1085832	570088	1523274	1401279	3439722	3162239	6460723	9619964	0
LFQ	22	0	0	3	0	0	837	1297	2224	37866	12389	155441	50349	1209	875	1073	10194	42609	23889	180242	75502	1803	17971	12059	43625	131938	212810	104815	469772	34066	205943	353876	453080	668078	605814	1097393	588844	1537818	1424286	3485493	3232791	6449382	9355274	0
LFQ	23	0	0	6	0	0	881	1443	2495	39122	15785	146654	44947	1323	1004	1223	11953	45989	30631	172542	75809	2052	19379	12457	48699	143666	208964	107053	472697	35895	208585	374345	458203	670866	617699	1114363	610145	1552419	1453118	3534886	3303515	6435713	9106404	0
LFQ	24	0	0	12	0	0	1013	1737	3182	45151	21054	152511	44037	1512	1235	1562	14190	50472	37051	161700	79710	2317	21391	13645	54465	163673	204270	111129	469116	37895	216360	399878	469076	663465	634331	1130258	634927	1572415	1474685	3612314	3161600	5997188	9422403	0
LFQ	25	0	0	20	0	0	1079	2085	3713	49803	27622	150236	39538	1746	1498	1737	17266	55406	45437	152026	81286	2701	23268	14687	60200	184865	198918	114472	468127	39918	220663	427642	477291	656597	647046	1147906	664220	1588806	1503774	3678484	3199804	6063902	9069141	0
LFQ	26	0	0	31	0	0	1294	2453	4636	57059	36285	150218	35501	2030	1744	2177	20025	61138	52657	141138	84100	3044	25624	15824	66040	208521	190899	118130	463026	42323	225857	458803	486796	644613	667261	1158489	693385	1604508	1518544	3743967	3197372	6158179	8739239	0
LFQ	27	0	0	49	0	0	1276	2881	5591	65503	47137	149015	29632	2437	2180	2536	23926	68536	61135	130655	86469	3542	28445	17040	70722	233565	185014	122373	457384	44660	232382	497694	497974	628438	685371	1169954	728661	1612432	1532312	3816604	3177334	6253186	8408885	0
LFQ	28	0	0	73	0	0	1484	3547	6952	76475	62784	150191	24105	2714	2573	3010	28858	77672	68888	120790	90392	4118	30858	18420	75176	260087	183435	125672	449930	47204	237984	538771	509062	607785	705723	1179119	766459	1621530	1545828	3892193	3150283	6339109	8073676	0
LFQ	29	0	0	88	0	0	1530	4080	8094	81960	74482	134034	15653	3095	3154	3564	33912	87492	73322	110875	90141	4790	33747	20105	78612	281392	187945	130051	441887	50409	240825	588663	519360	589100	725243	1194731	811317	1628445	1565808	3979141	3119185	6418246	7748452	0
LFQ	30	0	0	109	0	0	1730	4782	9565	91695	93151	123165	9286	3542	3797	4249	38717	96109	70178	104720	93978	5559	35330	22175	83881	304829	194634	135063	427471	54197	247824	639052	534744	559219	753746	1203916	862364	1636756	1588243	4083148	3078956	6473421	7409629	0
LFQ	31	0	0	146	0	0	1942	5843	11569	103546	116809	110806	4904	4276	4401	5206	45063	107906	65150	102566	98027	6482	38473	24321	87126	322132	208638	140866	413683	58778	255030	693835	548013	529271	783641	1214318	918606	1640118	1612739	4197669	3027901	6501127	7072003	0
LFQ	32	0	0	219	0	0	2171	6919	13911	111087	137604	90081	2273	4893	5260	6057	52525	118648	57058	103460	100142	7398	42527	26603	91215	336009	226672	147052	401016	63936	264050	746107	567024	497662	817893	1218356	979797	1637648	1630797	4309688	2955233	6503914	6798931	0
LFQ	33	0	0	287	0	0	2434	8160	16737	122106	165173	71620	1565	5690	6284	7332	60492	128823	46299	106198	104558	8740	46799	29184	95243	347250	246737	154288	387187	69104	270735	799420	581425	468366	855150	1220536	1045283	1627055	1650635	4420295	2878069	6477314	6548229	0
LFQ	34	0	0	169	0	0	2558	9747	19426	125221	181412	48603	1461	6576	7335	8572	67992	134464	35777	107837	106540	9981	51097	31889	99417	356872	264277	161643	376200	75680	277848	848006	599511	443085	894607	1223080	1116068	1609755	1677376	4528293	2805614	6440319	6325473	0
LFQ	35	0	0	201	0	0	2907	11108	23553	131530	203921	31622	1751	7564	8752	10031	75856	136655	27058	111774	111223	11578	55402	35636	104189	370075	277106	170679	369321	83529	287578	892587	618364	423170	939265	1221882	1191875	1590461	1703665	4627527	2734080	6392556	6082858	0
LFQ	36	0	0	668	0	0	2713	10961	23020	119512	197491	16478	2161	8368	10355	11135	84647	139047	20367	100170	97914	14362	54703	37841	106315	345739	299818	168262	322187	88905	252541	951454	583731	376705	931667	1149559	1240949	1429128	1730554	4463850	2892283	6215273	6577194	0
LFQ	37	0	0	947	0	0	2867	12107	25964	117295	198931	8128	2302	8964	11353	12358	88929	127812	16237	99686	98772	15514	57307	39911	108382	345850	287463	171973	314291	95355	257848	932527	589504	367414	964040	1112255	1297217	1379436	1720784	4466845	2776813	6220524	6723236	0
LFQ	38	0	0	226	0	0	3162	13873	29730	118549	205234	4133	2465	9830	12639	14300	94356	117254	15637	102509	101788	16885	61314	42891	112941	354364	271196	179034	318182	104765	267085	918575	601510	369320	1007770	1091064	1352827	1341954	1710450	4473818	2691303	6218941	6724500	0
LFQ	39	0	0	246	0	0	3423	15838	34579	122217	214721	2597	2802	10989	14216	16582	102025	108650	16660	105133	106245	18686	61172	46640	124285	364255	258703	188344	323908	116213	277124	909800	614562	376684	1050824	1072603	1404264	1308605	1711851	4305181	2811666	6197531	6655819	0
LFQ	40	0	0	271	0	0	3626	18179	40600	126960	223321	2314	3084	12263	16680	19079	112175	100673	19039	108820	110684	21323	64618	51460	133079	376289	249664	198252	330479	128440	286459	909490	629977	388558	1100060	1057840	1458539	1280162	1719574	4314524	2773133	6159687	6525601	0
LFQ	41	0	0	288	0	0	3990	20280	45689	126126	219358	2447	3628	13806	19737	22121	121729	91240	21219	110214	111209	24106	67687	56457	143103	384348	239797	208957	332239	144726	291217	916922	644774	398739	1155422	1045819	1507479	1260821	1738166	4326733	2759266	6108709	6385763	0
LFQ	42	0	0	332	0	0	4358	23425	52508	129495	223368	2639	4087	15580	22975	25442	129495	81433	24394	113328	116381	27234	71799	62416	155518	396484	226061	222117	340295	162712	302798	914270	664977	415093	1208456	1038601	1541517	1253874	1753411	4344945	2733085	6053332	6215492	0
LFQ	43	0	0	375	0	0	4963	26568	60668	135507	230652	2874	4749	17620	26666	29115	138225	71858	27109	116824	119553	31256	75448	69717	169292	408781	212638	236656	346727	182086	311967	914412	686380	430454	1261548	1033824	1570481	1257168	1774158	4357219	2718595	5989094	6021941	0
LFQ	44	0	0	383	0	0	5399	29921	68136	138281	229045	3208	5535	19693	31028	33222	145641	62993	30077	119351	121774	35159	78689	76936	183992	418596	198518	252588	352333	205520	321946	909004	706156	445468	1312381	1033206	1591887	1267798	1796268	4368358	2714060	5934415	5825645	0
LFQ	45	0	0	424	0	0	6000	32238	74533	138342	222775	3496	6293	20336	35210	36490	146472	51424	32843	116376	123135	53965	71221	83044	200095	424503	189211	268296	352467	229939	329172	901651	726639	461748	1356001	1037280	1599177	1287029	1815848	4374870	2647723	5941783	5674010	0
LFQ	46	0	0	441	0	0	6696	37187	86879	149663	233203	3938	7184	23154	40757	41329	150628	44326	36652	122580	130301	60400	74513	91988	218511	436877	172048	286673	361935	257351	345298	892144	754782	484141	1393769	1056781	1600800	1316624	1824028	4375614	2626319	5849887	5476124	0
LFQ	47	0	0	569	0	0	5529	31917	79668	132272	202667	4585	8883	25116	48040	43662	157236	36083	34690	111120	114633	67570	72724	100671	232853	424088	163075	291907	326949	290841	315838	904756	733793	470384	1416013	1020022	1613417	1234690	1899260	4209866	2860063	5752544	5633018	0
LFQ	48	0	0	493	0	0	5994	34661	86335	136958	198666	4486	8758	25240	49073	46448	145413	30262	36570	112978	116816	68572	71776	102648	239528	416183	137429	300411	328889	305133	328668	847286	745831	486072	1400324	1043080	1598471	1279220	1871051	4171095	2784920	5744997	5759747	0
LFQ	49	0	0	521	0	0	6508	37662	95389	144348	196588	4659	9342	26872	54472	49966	140187	27620	39448	117043	119856	72661	73358	110468	229232	432563	117237	313249	338336	328044	340831	809270	764312	501701	1388697	1072490	1533657	1364990	1867258	3710747	3131512	5698427	5800495	0
LFQ	50	0	0	964	0	0	6805	39393	101610	148151	186032	4993	10212	28125	59711	53774	131874	25366	41407	118755	120541	77644	74439	117569	241951	430150	101264	327649	339118	357456	351481	781056	781005	517862	1382656	1116079	1542594	1396942	1866989	3671274	3088153	5643235	5785290	0
LFQ	51	0	0	587	0	0	5247	30234	83680	121572	141339	8161	15660	38067	97791	71692	181524	17193	33254	96033	77983	127155	86111	184810	360601	538447	149861	424450	298286	700011	306789	1475280	967267	585165	2419191	1335827	2079787	1381685	3841180	4265248	4498581	2987307	1036025	0
LFQ	52	0	0	687	0	0	5733	31292	86076	120302	125673	6022	11938	29440	74911	58329	112082	17062	34357	96077	85855	97790	72997	144188	288075	391722	84635	379442	289982	517680	310485	934674	893905	611675	1722310	1328022	1764098	1409793	2917099	4328651	5639229	4821839	1224501	0
LFQ	53	0	0	741	0	0	6076	31215	85602	117733	108920	5398	11144	25995	66333	52291	83391	17347	35453	98560	88381	89302	68067	131073	259135	337947	61725	357993	279399	451025	326197	709389	816069	583848	1382411	1283445	1597968	1455253	2125829	3913280	4401632	6234786	3367818	0
LFQ	54	0	0	726	0	0	6405	32174	89413	122513	98927	5315	11050	25678	65208	51032	68840	18075	36371	102938	90266	89088	67720	131320	252110	315766	52321	355343	274150	439529	338883	613515	797936	570910	1247263	1286257	1586500	1475697	1898487	3579052	3573210	5867175	5430562	0
LFQ	55	0	0	1235	0	0	6935	34302	96652	134348	93892	5739	12340	24444	70038	54912	61619	18366	38844	108001	92105	90047	71458	138486	256214	207812	145671	367859	271285	456387	352267	568997	805216	576210	1179516	1327585	1616317	1498365	1788318	3430041	3237968	5540210	6287237	0
LFQ	56	0	0	1222	0	0	7555	35243	99635	140141	83112	6080	13566	25528	76304	56666	55788	18698	40093	114236	92117	96341	73902	148951	265142	196574	148791	386293	269509	485078	367429	549408	830467	593477	1157339	1388496	1657540	1535066	1785433	3321424	3118174	5340743	6485175	0
LFQ	57	0	0	764	0	0	8344	37007	106898	151346	74574	6865	14785	26499	81108	57255	48834	19254	41814	120683	93896	103648	77482	160674	272378	182637	154757	408117	269763	514606	386392	533454	855767	619052	1142784	1455833	1707195	1578630	1796381	3251248	3064867	5188016	6452602	0
LFQ	58	0	0	812	0	0	9219	38356	112553	161743	66085	7369	16160	27301	86670	57928	43850	19300	43463	126998	93337	112943	80801	172372	278637	171423	158968	431582	267177	545478	402828	521751	887226	645993	1128485	1531170	1759776	1626585	1818259	3190363	3055604	5044881	6322265	0
LFQ	59	0	0	827	0	0	10134	39978	119200	172647	57433	8220	17917	28049	93050	55432	40186	19881	44903	137891	93836	111597	80438	202787	267070	155269	160774	487914	266110	577332	424865	517589	923240	675797	1123907	1612541	1819269	1684068	1837966	3140420	2993814	4893928	6168894	0
LFQ	60	0	0	893	0	0	10953	41070	127101	185226	49941	8964	19376	28358	98184	54296	36597	20089	46363	145935	93214	118965	83048	215217	268524	145225	166921	514837	263906	604093	445099	512896	960452	707568	1117402	1695059	1884516	1740318	1865276	3084751	3014768	4749703	5939535	0
LFQ	61	0	0	7563	0	0	11735	42203	134603	196183	40995	10259	21644	29829	106321	54354	35092	20716	48815	155364	93465	128977	87554	234179	271188	140143	174969	548388	262602	633092	471334	517924	1002040	743832	1115115	1785768	1956163	1803483	1889054	3030027	3019479	4580763	5658912	0
LFQ	62	0	0	20910	0	0	12900	42217	141357	204599	32645	10825	23358	29965	109892	52104	32749	20820	50746	164098	91153	136834	91482	249867	268651	133935	182817	578042	261392	656647	494911	526697	1038739	778366	1112623	1875646	2037827	1867571	1920157	2963897	3045212	4415723	5386261	0
LFQ	63	0	0	41714	0	0	14359	48012	165491	244309	30782	12183	25786	31724	118741	52679	32621	21735	53616	177572	94152	145393	95491	268422	265517	131604	193111	609420	260219	673594	519392	537385	1075179	814160	1108469	1955545	2120777	1924095	1939039	2881178	3058233	4223667	5097704	0
LFQ	64	0	0	71483	0	0	15019	43831	157919	223257	19145	13823	29679	34235	130862	53613	32731	21430	54759	184663	89489	157817	100209	286583	264021	130341	201242	642161	257254	697358	546079	556977	1114726	851674	1112540	2046257	2220171	1991868	1972035	2799133	3076187	4038175	4823814	0
LFQ	65	0	0	109867	0	0	16239	43594	165347	226594	13560	14865	30974	32636	128349	48385	28104	25785	56900	170976	110686	167546	104224	282308	276610	129782	211014	671418	227149	711030	611154	581997	1158165	894261	1117371	2143548	2321906	2065180	2003255	2714890	3098741	3835328	4512295	0
LFQ	66	0	0	158148	0	0	17208	43420	173764	228419	9141	15911	31847	32139	126785	44401	28272	26495	58748	179170	109770	175425	105851	293300	267341	129632	221824	700905	225165	705849	644223	607880	1188220	933488	1119227	2238989	2442732	2134698	2036609	2620126	3120777	3639647	4225928	0
LFQ	67	0	0	212232	0	0	18141	43301	182820	228775	5770	16770	33862	33086	126991	41855	29090	26894	61594	188084	108521	184019	109204	303792	257111	131041	231496	728328	224831	702698	676445	636805	1222627	972886	1129388	2329252	2562492	2215053	2070663	2518401	3131568	3433112	3931622	0
LFQ	68	0	0	276598	0	0	19620	43321	193869	231330	3592	18222	35226	32687	126553	39509	29963	27578	63072	197948	107555	193582	112991	313230	247600	134195	244521	759646	224966	693004	711657	668896	1250402	1010931	1141055	2423255	2694741	2283018	2102232	2399531	3142133	3219720	3642141	0
LFQ	69	0	0	347684	0	0	20863	43740	205862	232415	2005	20075	37895	33404	128597	37708	31755	28067	65860	208535	106612	202765	115955	324268	241386	138378	257443	787971	225627	681785	748567	707485	1279338	1052076	1156721	2515771	2832140	2349619	2141961	2274094	3137369	2992526	3345216	0
LFQ	70	0	0	426911	0	0	22288	43293	214395	227304	1101	21565	40136	33366	128818	35953	32891	28415	67422	217209	105160	214000	119353	302758	206800	201466	271433	816783	229335	667991	787078	745998	1306703	1091050	1179815	2615027	2973085	2418993	2183202	2144722	3129137	2761320	3046741	0
LFQ	71	0	0	513606	0	0	23358	41328	220397	218205	507	23059	41581	33756	126492	33244	34971	28904	69989	225988	102756	223050	121295	303254	198742	208095	283977	839173	231550	648635	821300	785758	1327027	1129724	1206051	2714055	3126996	2485254	2229832	2004331	3127054	2535027	2770160	0
LFQ	72	0	0	608116	0	0	24933	41740	235674	217859	294	24944	43017	34074	123556	31022	36775	29565	72801	237777	101981	232245	123426	304629	191973	217565	300250	864481	238835	625311	863967	821839	1348777	1168048	1234605	2820194	3280842	2545743	2274853	1863915	3088249	2302455	2481674	0
LFQ	73	0	0	709423	0	0	26840	41011	247968	212153	179	27088	45377	34807	122589	29417	39145	30115	74948	247918	100648	244075	126319	305406	188315	226857	316142	890017	244830	606656	903745	861804	1367376	1205469	1267414	2925543	3439268	2598291	2316195	1715917	3051064	2064295	2202861	0
LFQ	74	0	0	817242	0	0	27870	39389	256294	200615	145	28639	46927	35153	120007	27673	41749	30404	76943	255623	97804	254287	127462	299344	185711	234679	330972	909439	253254	581527	942117	897050	1381780	1240516	1303677	3045477	3604076	2651544	2368476	1567706	3003020	1833374	1938919	0
LFQ	75	0	0	932458	0	0	29443	39294	272168	198210	120	30845	49059	36053	115749	26509	43525	31394	79892	268157	97761	265684	129479	292852	184485	243454	348980	856030	334338	553678	986822	929365	1403587	1274827	1342605	3160763	3768379	2692580	2407410	1422184	2923767	1608482	1676027	0
LFQ	76	0	0	1053434	0	0	30987	38510	285392	189500	109	33283	51302	37741	113769	25175	45811	31812	82205	279085	97755	277510	131152	286945	185852	253851	366912	873981	348553	529050	1027704	961663	1424150	1310677	1380653	3282719	3930602	2724242	2443789	1277148	2825239	1387962	1429614	0
LFQ	77	0	0	1180835	0	0	32407	37548	294884	179303	128	35845	53050	38611	109490	23725	48393	32267	85405	287957	96900	291885	133400	277104	188796	262532	386386	887648	363028	502176	1069859	991906	1442748	1344304	1419230	3411590	4094656	2750013	2473859	1133970	2712575	1180614	1200153	0
LFQ	78	0	0	1314914	0	0	34565	37310	313972	174679	130	38332	54916	39870	106441	22829	51044	33104	88134	298856	97412	303270	133531	265287	192170	271744	408067	898868	378794	473319	1115031	1016975	1468407	1376496	1458175	3546577	4258475	2757264	2491576	996030	2567744	983250	986942	0
LFQ	79	0	0	1454499	0	0	35626	35362	322379	161530	141	41209	56855	41406	102676	21600	53841	33581	91175	306272	98006	316705	134243	253344	197075	282218	428682	907828	393781	446834	1156954	1040944	1492903	1409367	1492340	3678939	4428464	2762546	2498491	864307	2413252	803005	795267	0
LFQ	80	0	0	1601793	0	0	37229	34174	335689	151528	136	43507	57133	42000	95010	20794	56030	34191	93363	315572	98855	327507	134042	237449	202674	291088	452296	912836	412017	418113	1199625	1055973	1520768	1442182	1522331	3824203	4595939	2753425	2491815	740203	2232158	642865	626567	0
LFQ	81	0	0	1757253	0	0	39365	34341	355720	146174	133	46637	59242	43289	91838	20196	58317	34530	96550	324758	102116	339807	134028	222845	209617	299960	474718	916055	427501	387828	1239234	1070748	1552700	1476668	1549033	3963665	4750875	2727142	2458558	623706	2035139	500148	481937	0
LFQ	82	0	0	1919479	0	0	40751	32276	365672	133191	139	50262	61912	45756	88800	19073	61007	35468	99116	333471	104773	355376	134491	208798	216422	309040	499887	920127	443663	361043	1282360	1079611	1583234	1503488	1570388	4108130	4904866	2694937	2404456	516596	1827094	377418	359117	0
LFQ	83	0	0	2090612	0	0	42131	31237	382140	123216	160	53781	62419	46340	82130	18493	63802	36241	102395	342138	108640	367156	133456	192445	223177	319578	527029	919518	462330	336492	1322127	1091605	1615728	1533959	1588683	4244113	5047895	2648022	2325063	422448	1610027	275083	259251	0
LFQ	84	0	0	2269656	0	0	43067	29767	390945	111923	147	56402	63768	47479	76008	17878	66134	36460	104592	346368	112625	378797	130826	173836	230832	326591	551131	908657	479500	309732	1356592	1092659	1648438	1563893	1602485	4386417	5204364	2595694	2229647	339439	1392046	195156	180366	0
LFQ	85	0	0	2460907	0	0	44455	28136	400905	100737	185	58619	63939	48555	68939	16939	68141	37444	106885	353836	117930	390429	128726	157705	237520	337386	582042	900136	496715	285058	1395613	1091388	1679766	1591602	1612249	4524883	5337301	2527580	2104462	268165	1171162	132190	120770	0
LFQ	86	0	0	2661544	0	0	47164	27839	430875	95325	165	63054	64736	50641	64198	16438	71188	38990	111137	366418	125182	404566	126320	143398	247109	347932	616357	891870	514753	264332	1438638	1091700	1716126	1622052	1609052	4652335	5424653	2436020	1942185	206476	955762	84917	76194	0
LFQ	87	0	0	2869831	0	0	46680	24789	420568	81028	162	66267	65894	51090	58303	15344	73395	38410	112474	364874	131634	413718	122230	127471	253154	354490	641514	872785	532711	244603	1466275	1089111	1747441	1653637	1612531	4790508	5537265	2357858	1786058	154744	767231	52855	46411	0
LFQ	88	0	0	3090025	0	0	46792	22971	423044	70349	166	66719	62684	50093	49478	14534	74407	38302	113307	365340	137444	418505	115601	110248	259092	360779	667809	840652	546497	222696	1488887	1082214	1767503	1681251	1610731	4914792	5671859	2269125	1621970	114844	594178	30925	27122	0
LFQ	89	0	0	3325524	0	0	47852	22342	434470	63283	139	68959	62139	50496	43706	14018	75578	39908	115846	373842	144993	425256	109758	96512	265491	367704	701792	814247	561889	204627	1518370	1074723	1792537	1706977	1597847	5013591	5752108	2158420	1436498	82436	443942	17351	14633	0
LFQ	90	0	0	3575594	0	0	47315	20166	432672	53981	175	70593	61068	50337	38397	12999	76904	39614	118270	373337	152770	429719	102848	83887	269904	375114	728856	783888	577023	189690	1540291	1067373	1812960	1734573	1581968	5113350	5827339	2049694	1250596	56851	319752	8887	7611	0
LFQ	91	0	0	3846795	0	0	46863	18453	429875	46218	148	72470	59771	49805	32621	11913	77611	40395	118053	373845	159826	431562	95769	72083	276404	379388	757590	745533	589820	175508	1557890	1059538	1826805	1761152	1566798	5198785	5884488	1932396	1068669	38558	220658	4503	3707	0
LFQ	92	0	0	4142131	0	0	46592	16456	422140	39094	164	73097	57323	48152	27468	11135	77584	40603	117222	374436	165709	428377	86801	61596	278506	382125	782294	703503	602946	162214	1571658	1053859	1840397	1779986	1545630	5278806	5932619	1809346	892020	25564	146336	2070	1727	0
LFQ	93	0	0	4466238	0	0	44021	14505	407119	32496	140	72202	54127	46381	22110	10244	77326	40080	117646	370373	171657	423431	77654	52689	280071	382830	805840	660073	610671	148987	1578303	1047143	1846522	1803567	1527217	5340292	5965584	1688739	725939	16005	92265	1087	873	0
LFQ	94	0	0	4829574	0	0	42308	12768	394984	27212	128	71024	50723	44122	17794	9125	76059	40070	116320	368829	176895	415035	68723	45358	283091	384939	828424	615473	619829	137315	1578975	1041356	1852578	1819877	1502044	5383237	5965320	1555006	575701	9560	55784	603	433	0
LFQ	95	0	0	5236485	0	0	38428	10587	365734	22002	129	68502	47129	17550	38016	8234	73987	39426	113995	364078	181619	405008	59243	38502	282656	384458	851505	570095	625279	126576	1584571	1038733	1860958	1835954	1479867	5407764	5928536	1422358	444375	5494	31612	366	254	0
LFQ	96	0	0	5694534	0	0	32331	8604	321025	16767	104	61613	39911	14286	31637	7088	70816	37888	109469	349865	182096	381311	49274	32776	278000	377284	858831	517283	624523	114489	1570943	1035047	1862834	1851629	1461154	5437691	5915166	1297764	338099	3059	17145	230	153	0
LFQ	97	0	0	6222295	0	0	24211	6001	258075	11479	77	51453	31538	10905	25103	5604	64669	36978	102231	336268	177941	351705	39270	28572	271852	368572	859932	462248	622159	103475	1549047	1029269	1862620	1856424	1441699	5452159	5892945	1174084	252644	1649	8913	151	99	0
LFQ	98	0	0	6827864	0	0	14136	3356	173299	6651	40	35464	20921	7095	17198	3788	57886	36120	93218	322091	168641	316863	30574	25127	260914	357233	856236	407753	619330	92754	1521811	1026002	1859674	1861527	1423771	5448147	5844023	1053732	186231	848	4421	110	71	0
LFQ	99	0	0	7505634	0	0	3878	956	67327	2176	15	15025	8317	2655	7572	1814	52143	36690	84519	319420	157281	283581	23325	23565	252816	349090	854614	362266	616908	83109	1505623	1020074	1856281	1859986	1398147	5413473	5734590	933597	135156	426	2212	77	43	0
LFQ	100	0	0	8186036	0	0	4	1	41	41	0	17	12	2	613	183	51205	39288	77879	327122	142426	247262	17485	23173	239529	333852	828744	309314	606087	73456	1462658	1016210	1853583	1855378	1372548	5374110	5603248	820070	99562	262	1168	58	28	0
# GC Content of first fragments. Use `grep ^GCF | cut -f 2-` to extract this part.
GCF	0.75	2
GCF	2.01	7
GCF	2.76	5
GCF	3.27	6
GCF	4.02	11
GCF	4.77	16
GCF	5.28	15
GCF	6.03	19
GCF	7.04	42
GCF	8.04	55
GCF	8.79	91
GCF	9.30	90
GCF	10.05	134
GCF	11.06	246
GCF	11.81	509
GCF	12.31	510
GCF	12.81	727
GCF	13.32	729
GCF	13.82	1269
GCF	14.32	1270
GCF	14.82	2096
GCF	15.33	2094
GCF	15.83	3782
GCF	16.33	3783
GCF	16.83	6523
GCF	17.34	6526
GCF	17.84	11511
GCF	18.34	11512
GCF	18.84	18983
GCF	19.35	18989
GCF	19.85	30835
GCF	20.35	30850
GCF	20.85	48175
GCF	21.36	48174
GCF	21.86	73785
GCF	22.36	73818
GCF	22.86	109312
GCF	23.37	109354
GCF	23.87	151610
GCF	24.37	151656
GCF	24.87	206535
GCF	25.38	206635
GCF	25.88	271687
GCF	26.38	271723
GCF	26.88	343884
GCF	27.39	344023
GCF	27.89	422461
GCF	28.39	422551
GCF	28.89	502354
GCF	29.40	502537
GCF	29.90	584820
GCF	30.40	585007
GCF	30.90	663874
GCF	31.41	664193
GCF	31.91	743141
GCF	32.41	743357
GCF	32.91	819449
GCF	33.42	819653
GCF	33.92	887200
GCF	34.42	887417
GCF	34.92	942876
GCF	35.43	943149
GCF	35.93	994837
GCF	36.43	995084
GCF	36.93	1039514
GCF	37.44	1039640
GCF	37.94	1067618
GCF	38.44	1067773
GCF	38.94	1083968
GCF	39.45	1083963
GCF	39.95	1086384
GCF	40.45	1086538
GCF	40.95	1077800
GCF	41.46	1077824
GCF	41.96	1058070
GCF	42.46	1057993
GCF	42.96	1032144
GCF	43.47	1032009
GCF	43.97	998647
GCF	44.47	998576
GCF	44.97	964057
GCF	45.48	964011
GCF	45.98	928648
GCF	46.48	928562
GCF	46.98	890425
GCF	47.49	890441
GCF	47.99	861364
GCF	48.49	861292
GCF	48.99	831056
GCF	49.50	831002
GCF	50.00	802228
GCF	50.50	802230
GCF	51.01	774644
GCF	51.51	774633
GCF	52.01	749196
GCF	52.51	749121
GCF	53.02	724955
GCF	53.52	724960
GCF	54.02	700297
GCF	54.52	700227
GCF	55.03	675823
GCF	55.53	675772
GCF	56.03	652125
GCF	56.53	652238
GCF	57.04	626249
GCF	57.54	626208
GCF	58.04	596613
GCF	58.54	596629
GCF	59.05	564496
GCF	59.55	564343
GCF	60.05	524564
GCF	60.55	524552
GCF	61.06	479641
GCF	61.56	479439
GCF	62.06	430654
GCF	62.56	430456
GCF	63.07	379308
GCF	63.57	379127
GCF	64.07	330554
GCF	64.57	330397
GCF	65.08	280982
GCF	65.58	280743
GCF	66.08	235891
GCF	66.58	235724
GCF	67.09	194407
GCF	67.59	194148
GCF	68.09	154312
GCF	68.59	154128
GCF	69.10	120915
GCF	69.60	120707
GCF	70.10	92282
GCF	70.60	92156
GCF	71.11	69398
GCF	71.61	69312
GCF	72.11	51720
GCF	72.61	51623
GCF	73.12	37822
GCF	73.62	37765
GCF	74.12	28043
GCF	74.62	28014
GCF	75.13	20443
GCF	75.63	20418
GCF	76.13	15588
GCF	76.63	15560
GCF	77.14	11473
GCF	77.64	11447
GCF	78.14	8754
GCF	78.64	8752
GCF	79.15	6481
GCF	79.65	6472
GCF	80.15	4796
GCF	80.65	4791
GCF	81.16	3668
GCF	81.66	3665
GCF	82.16	2715
GCF	82.66	2714
GCF	83.17	2017
GCF	83.67	2014
GCF	84.17	1446
GCF	84.67	1443
GCF	85.18	963
GCF	85.68	962
GCF	86.18	650
GCF	86.68	649
GCF	87.19	447
GCF	87.69	448
GCF	88.19	254
GCF	88.69	253
GCF	89.45	190
GCF	90.45	101
GCF	91.46	58
GCF	92.46	24
GCF	93.47	12
GCF	94.47	7
GCF	95.48	1
GCF	96.98	2
GCF	98.49	1
# GC Content of last fragments. Use `grep ^GCL | cut -f 2-` to extract this part.
GCL	0.25	8
GCL	1.01	3
GCL	2.01	8
GCL	2.76	11
GCL	3.27	10
GCL	4.02	20
GCL	5.03	29
GCL	5.78	30
GCL	6.28	31
GCL	7.04	38
GCL	7.79	61
GCL	8.29	62
GCL	9.05	83
GCL	10.05	164
GCL	10.80	314
GCL	11.31	315
GCL	12.06	497
GCL	12.81	760
GCL	13.32	761
GCL	13.82	1298
GCL	14.32	1299
GCL	14.82	2280
GCL	15.33	2276
GCL	16.08	3988
GCL	16.83	6985
GCL	17.34	6989
GCL	17.84	12267
GCL	18.34	12275
GCL	18.84	20320
GCL	19.35	20330
GCL	19.85	33141
GCL	20.35	33148
GCL	20.85	50559
GCL	21.36	50560
GCL	21.86	75916
GCL	22.36	75956
GCL	22.86	111534
GCL	23.37	111576
GCL	23.87	154609
GCL	24.37	154652
GCL	24.87	209137
GCL	25.38	209246
GCL	25.88	272347
GCL	26.38	272394
GCL	26.88	344098
GCL	27.39	344227
GCL	27.89	419818
GCL	28.39	419902
GCL	28.89	500308
GCL	29.40	500514
GCL	29.90	579603
GCL	30.40	579790
GCL	30.90	661779
GCL	31.41	662065
GCL	31.91	737976
GCL	32.41	738196
GCL	32.91	815545
GCL	33.42	815774
GCL	33.92	882401
GCL	34.42	882600
GCL	34.92	939748
GCL	35.43	940009
GCL	35.93	991671
GCL	36.43	991893
GCL	36.93	1034167
GCL	37.44	1034261
GCL	37.94	1063347
GCL	38.44	1063598
GCL	38.94	1081348
GCL	39.45	1081318
GCL	39.95	1084298
GCL	40.45	1084539
GCL	40.95	1074698
GCL	41.46	1074668
GCL	41.96	1056807
GCL	42.46	1056651
GCL	42.96	1031207
GCL	43.47	1031088
GCL	43.97	999612
GCL	44.47	999538
GCL	44.97	964986
GCL	45.48	964962
GCL	45.98	927536
GCL	46.48	927433
GCL	46.98	892288
GCL	47.49	892399
GCL	47.99	859148
GCL	48.49	859040
GCL	48.99	830702
GCL	49.50	830649
GCL	50.00	803173
GCL	50.50	803227
GCL	51.01	777209
GCL	51.51	777059
GCL	52.01	747861
GCL	52.51	747793
GCL	53.02	724186
GCL	53.52	724164
GCL	54.02	701493
GCL	54.52	701487
GCL	55.03	674425
GCL	55.53	674495
GCL	56.03	649230
GCL	56.53	649302
GCL	57.04	623159
GCL	57.54	623134
GCL	58.04	594231
GCL	58.54	594150
GCL	59.05	561697
GCL	59.55	561752
GCL	60.05	525468
GCL	60.55	525423
GCL	61.06	478974
GCL	61.56	478879
GCL	62.06	431564
GCL	62.56	431347
GCL	63.07	381115
GCL	63.57	380991
GCL	64.07	333112
GCL	64.57	332876
GCL	65.08	285047
GCL	65.58	284850
GCL	66.08	239539
GCL	66.58	239338
GCL	67.09	198207
GCL	67.59	197967
GCL	68.09	158757
GCL	68.59	158565
GCL	69.10	124590
GCL	69.60	124416
GCL	70.10	95814
GCL	70.60	95696
GCL	71.11	73220
GCL	71.61	73125
GCL	72.11	54495
GCL	72.61	54432
GCL	73.12	40541
GCL	73.62	40473
GCL	74.12	29925
GCL	74.62	29888
GCL	75.13	21761
GCL	75.63	21738
GCL	76.13	16217
GCL	76.63	16191
GCL	77.14	11899
GCL	77.64	11877
GCL	78.14	8866
GCL	78.64	8851
GCL	79.15	6674
GCL	79.65	6664
GCL	80.15	5102
GCL	80.65	5098
GCL	81.16	3687
GCL	81.66	3689
GCL	82.16	2795
GCL	82.66	2792
GCL	83.17	1962
GCL	83.67	1958
GCL	84.17	1400
GCL	84.67	1398
GCL	85.43	1005
GCL	86.18	657
GCL	86.68	655
GCL	87.19	476
GCL	87.69	473
GCL	88.19	261
GCL	88.69	260
GCL	89.45	161
GCL	90.20	106
GCL	90.70	105
GCL	91.46	45
GCL	92.46	19
GCL	93.47	10
GCL	94.47	3
GCL	95.48	5
GCL	96.48	3
GCL	97.99	4
GCL	99.50	1
# ACGT content per cycle. Use `grep ^GCC | cut -f 2-` to extract this part. The columns are: cycle; A,C,G,T base counts as a percentage of all A/C/G/T bases [%]; and N and O counts as a percentage of all A/C/G/T bases [%]
GCC	1	28.41	21.19	21.27	29.13	0.10	0.00
GCC	2	28.42	21.16	21.26	29.17	0.00	0.00
GCC	3	27.90	21.67	21.80	28.63	0.00	0.00
GCC	4	27.76	21.77	21.90	28.56	0.01	0.00
GCC	5	27.92	21.60	21.73	28.74	0.00	0.00
GCC	6	27.42	22.10	22.25	28.23	0.00	0.00
GCC	7	27.61	21.89	22.03	28.47	0.00	0.00
GCC	8	27.85	21.62	21.79	28.74	0.00	0.00
GCC	9	27.73	21.73	21.90	28.63	0.00	0.00
GCC	10	27.69	21.76	21.93	28.62	0.00	0.00
GCC	11	27.67	21.76	21.94	28.63	0.00	0.00
GCC	12	27.59	21.84	22.02	28.54	0.00	0.00
GCC	13	27.65	21.78	21.94	28.63	0.00	0.00
GCC	14	27.67	21.74	21.91	28.68	0.00	0.00
GCC	15	27.60	21.80	21.99	28.60	0.00	0.00
GCC	16	27.58	21.82	21.99	28.61	0.00	0.00
GCC	17	27.55	21.83	22.00	28.62	0.00	0.00
GCC	18	27.44	21.94	22.12	28.50	0.00	0.00
GCC	19	27.44	21.94	22.10	28.52	0.00	0.00
GCC	20	27.44	21.94	22.11	28.52	0.00	0.00
GCC	21	27.32	22.03	22.22	28.43	0.00	0.00
GCC	22	27.32	22.02	22.21	28.45	0.00	0.00
GCC	23	27.31	22.01	22.21	28.46	0.00	0.00
GCC	24	27.21	22.11	22.31	28.37	0.00	0.00
GCC	25	27.22	22.09	22.28	28.40	0.00	0.00
GCC	26	27.23	22.09	22.28	28.40	0.00	0.00
GCC	27	27.14	22.16	22.36	28.34	0.00	0.00
GCC	28	27.14	22.15	22.35	28.36	0.00	0.00
GCC	29	27.15	22.13	22.34	28.38	0.00	0.00
GCC	30	27.06	22.20	22.42	28.32	0.00	0.00
GCC	31	27.07	22.19	22.40	28.34	0.00	0.00
GCC	32	27.06	22.19	22.41	28.34	0.00	0.00
GCC	33	26.97	22.26	22.49	28.28	0.00	0.00
GCC	34	27.01	22.24	22.46	28.30	0.00	0.00
GCC	35	27.01	22.22	22.45	28.31	0.00	0.00
GCC	36	26.94	22.29	22.52	28.25	0.00	0.00
GCC	37	26.95	22.26	22.49	28.30	0.00	0.00
GCC	38	26.95	22.26	22.48	28.31	0.00	0.00
GCC	39	26.88	22.31	22.55	28.26	0.00	0.00
GCC	40	26.88	22.30	22.53	28.28	0.00	0.00
GCC	41	26.90	22.29	22.52	28.29	0.00	0.00
GCC	42	26.82	22.35	22.61	28.22	0.00	0.00
GCC	43	26.85	22.33	22.58	28.24	0.00	0.00
GCC	44	26.86	22.32	22.56	28.27	0.00	0.00
GCC	45	26.77	22.39	22.63	28.21	0.00	0.00
GCC	46	26.79	22.37	22.61	28.23	0.00	0.00
GCC	47	26.82	22.34	22.58	28.26	0.00	0.00
GCC	48	26.75	22.41	22.64	28.20	0.00	0.00
GCC	49	26.77	22.37	22.62	28.24	0.00	0.00
GCC	50	26.78	22.36	22.60	28.25	0.00	0.00
GCC	51	26.73	22.39	22.65	28.22	0.00	0.00
GCC	52	26.75	22.38	22.63	28.24	0.00	0.00
GCC	53	26.75	22.36	22.63	28.26	0.00	0.00
GCC	54	26.71	22.42	22.67	28.19	0.00	0.00
GCC	55	26.72	22.41	22.65	28.22	0.00	0.00
GCC	56	26.72	22.39	22.64	28.24	0.00	0.00
GCC	57	26.67	22.44	22.70	28.19	0.00	0.00
GCC	58	26.70	22.42	22.67	28.22	0.00	0.00
GCC	59	26.71	22.40	22.66	28.22	0.00	0.00
GCC	60	26.65	22.46	22.72	28.17	0.01	0.00
GCC	61	26.67	22.44	22.68	28.21	0.01	0.00
GCC	62	26.67	22.43	22.69	28.22	0.01	0.00
GCC	63	26.62	22.48	22.74	28.15	0.02	0.00
GCC	64	26.65	22.45	22.73	28.18	0.02	0.00
GCC	65	26.64	22.44	22.71	28.20	0.00	0.00
GCC	66	26.60	22.49	22.76	28.15	0.00	0.00
GCC	67	26.60	22.49	22.74	28.17	0.00	0.00
GCC	68	26.61	22.48	22.73	28.18	0.00	0.00
GCC	69	26.56	22.52	22.79	28.12	0.00	0.00
GCC	70	26.58	22.51	22.77	28.14	0.00	0.00
GCC	71	26.60	22.50	22.76	28.15	0.00	0.00
GCC	72	26.55	22.54	22.81	28.10	0.00	0.00
GCC	73	26.56	22.51	22.79	28.13	0.00	0.00
GCC	74	26.59	22.52	22.77	28.12	0.00	0.00
GCC	75	26.52	22.57	22.83	28.08	0.00	0.00
GCC	76	26.55	22.53	22.81	28.11	0.00	0.00
GCC	77	26.57	22.52	22.80	28.11	0.00	0.00
GCC	78	26.51	22.58	22.84	28.07	0.00	0.00
GCC	79	26.53	22.55	22.83	28.08	0.00	0.00
GCC	80	26.55	22.54	22.81	28.10	0.00	0.00
GCC	81	26.52	22.58	22.86	28.05	0.00	0.00
GCC	82	26.52	22.57	22.85	28.06	0.00	0.00
GCC	83	26.53	22.56	22.82	28.09	0.00	0.00
GCC	84	26.47	22.62	22.88	28.02	0.00	0.00
GCC	85	26.51	22.59	22.85	28.05	0.00	0.00
GCC	86	26.51	22.58	22.86	28.05	0.00	0.00
GCC	87	26.47	22.63	22.90	28.01	0.00	0.00
GCC	88	26.48	22.60	22.89	28.03	0.00	0.00
GCC	89	26.49	22.61	22.88	28.03	0.00	0.00
GCC	90	26.44	22.65	22.92	27.98	0.00	0.00
GCC	91	26.46	22.63	22.91	27.99	0.00	0.00
GCC	92	26.47	22.62	22.90	28.01	0.00	0.00
GCC	93	26.44	22.66	22.93	27.97	0.00	0.00
GCC	94	26.44	22.66	22.92	27.99	0.00	0.00
GCC	95	26.45	22.64	22.91	28.00	0.00	0.00
GCC	96	26.42	22.68	22.95	27.95	0.00	0.00
GCC	97	26.41	22.67	22.94	27.97	0.00	0.00
GCC	98	26.43	22.67	22.94	27.97	0.00	0.00
GCC	99	26.40	22.70	22.97	27.93	0.00	0.00
GCC	100	26.41	22.70	22.98	27.91	0.00	0.00
# ACGT content per cycle, read oriented. Use `grep ^GCT | cut -f 2-` to extract this part. The columns are: cycle; A,C,G,T base counts as a percentage of all A/C/G/T bases [%]
GCT	1	29.97	22.35	20.11	27.57
GCT	2	29.51	20.30	22.12	28.07
GCT	3	27.67	21.96	21.51	28.85
GCT	4	27.51	22.15	21.52	28.81
GCT	5	27.76	21.74	21.59	28.90
GCT	6	27.75	22.39	21.95	27.91
GCT	7	27.82	21.92	22.01	28.25
GCT	8	27.89	22.09	21.32	28.69
GCT	9	27.47	22.23	21.41	28.89
GCT	10	27.79	22.11	21.57	28.52
GCT	11	27.74	22.18	21.52	28.56
GCT	12	27.68	22.31	21.56	28.45
GCT	13	27.85	22.17	21.54	28.44
GCT	14	27.87	22.12	21.53	28.47
GCT	15	27.72	22.25	21.55	28.48
GCT	16	27.74	22.26	21.54	28.46
GCT	17	27.69	22.24	21.59	28.48
GCT	18	27.54	22.42	21.64	28.40
GCT	19	27.56	22.39	21.65	28.40
GCT	20	27.56	22.38	21.66	28.40
GCT	21	27.43	22.52	21.73	28.32
GCT	22	27.50	22.45	21.78	28.26
GCT	23	27.53	22.43	21.79	28.24
GCT	24	27.42	22.58	21.84	28.16
GCT	25	27.49	22.51	21.86	28.13
GCT	26	27.49	22.46	21.90	28.14
GCT	27	27.42	22.58	21.94	28.07
GCT	28	27.49	22.54	21.96	28.01
GCT	29	27.48	22.49	21.98	28.05
GCT	30	27.37	22.60	22.02	28.01
GCT	31	27.46	22.55	22.05	27.95
GCT	32	27.43	22.52	22.07	27.97
GCT	33	27.37	22.62	22.12	27.89
GCT	34	27.44	22.59	22.11	27.86
GCT	35	27.42	22.57	22.10	27.90
GCT	36	27.33	22.68	22.14	27.86
GCT	37	27.41	22.62	22.13	27.84
GCT	38	27.39	22.60	22.14	27.87
GCT	39	27.30	22.68	22.18	27.83
GCT	40	27.36	22.64	22.20	27.81
GCT	41	27.37	22.61	22.20	27.83
GCT	42	27.29	22.71	22.25	27.76
GCT	43	27.35	22.67	22.25	27.74
GCT	44	27.35	22.61	22.26	27.78
GCT	45	27.26	22.73	22.29	27.72
GCT	46	27.33	22.69	22.29	27.70
GCT	47	27.35	22.65	22.27	27.73
GCT	48	27.25	22.76	22.29	27.71
GCT	49	27.31	22.69	22.30	27.70
GCT	50	27.32	22.67	22.29	27.71
GCT	51	27.26	22.74	22.30	27.70
GCT	52	27.30	22.69	22.32	27.68
GCT	53	27.30	22.67	22.32	27.71
GCT	54	27.24	22.77	22.32	27.66
GCT	55	27.30	22.71	22.35	27.64
GCT	56	27.30	22.69	22.35	27.67
GCT	57	27.22	22.78	22.36	27.64
GCT	58	27.28	22.72	22.36	27.63
GCT	59	27.28	22.69	22.38	27.65
GCT	60	27.21	22.78	22.39	27.61
GCT	61	27.27	22.72	22.41	27.60
GCT	62	27.27	22.70	22.42	27.62
GCT	63	27.22	22.76	22.46	27.55
GCT	64	27.28	22.72	22.45	27.55
GCT	65	27.26	22.69	22.47	27.58
GCT	66	27.20	22.77	22.49	27.55
GCT	67	27.26	22.72	22.51	27.51
GCT	68	27.26	22.71	22.50	27.53
GCT	69	27.19	22.77	22.55	27.49
GCT	70	27.24	22.72	22.56	27.48
GCT	71	27.25	22.69	22.57	27.50
GCT	72	27.20	22.76	22.59	27.44
GCT	73	27.27	22.71	22.60	27.43
GCT	74	27.25	22.67	22.62	27.46
GCT	75	27.20	22.75	22.65	27.40
GCT	76	27.25	22.70	22.64	27.41
GCT	77	27.25	22.67	22.65	27.43
GCT	78	27.19	22.74	22.68	27.39
GCT	79	27.25	22.69	22.69	27.36
GCT	80	27.26	22.66	22.69	27.39
GCT	81	27.22	22.72	22.72	27.34
GCT	82	27.26	22.68	22.73	27.33
GCT	83	27.27	22.63	22.75	27.35
GCT	84	27.19	22.72	22.79	27.31
GCT	85	27.29	22.66	22.78	27.27
GCT	86	27.26	22.63	22.81	27.29
GCT	87	27.21	22.71	22.82	27.26
GCT	88	27.27	22.65	22.84	27.24
GCT	89	27.27	22.63	22.85	27.25
GCT	90	27.21	22.69	22.88	27.21
GCT	91	27.24	22.65	22.89	27.22
GCT	92	27.27	22.62	22.90	27.21
GCT	93	27.22	22.69	22.91	27.18
GCT	94	27.27	22.64	22.94	27.16
GCT	95	27.28	22.61	22.94	27.17
GCT	96	27.22	22.68	22.95	27.14
GCT	97	27.26	22.64	22.98	27.12
GCT	98	27.26	22.62	22.99	27.13
GCT	99	27.20	22.66	23.02	27.12
GCT	100	27.26	22.63	23.05	27.06
# ACGT content per cycle for first fragments. Use `grep ^FBC | cut -f 2-` to extract this part. The columns are: cycle; A,C,G,T base counts as a percentage of all A/C/G/T bases [%]; and N and O counts as a percentage of all A/C/G/T bases [%]
FBC	1	28.32	21.13	21.40	29.14	0.21	0.00
FBC	2	28.44	21.15	21.14	29.27	0.00	0.00
FBC	3	28.12	21.48	21.65	28.76	0.00	0.00
FBC	4	27.99	21.56	21.75	28.70	0.03	0.00
FBC	5	28.00	21.56	21.71	28.73	0.00	0.00
FBC	6	27.50	21.99	22.20	28.31	0.00	0.00
FBC	7	27.67	21.84	22.00	28.49	0.00	0.00
FBC	8	27.89	21.57	21.82	28.71	0.00	0.00
FBC	9	27.80	21.68	21.92	28.61	0.00	0.00
FBC	10	27.73	21.73	21.93	28.61	0.00	0.00
FBC	11	27.69	21.73	21.96	28.62	0.00	0.00
FBC	12	27.62	21.81	22.05	28.52	0.00	0.00
FBC	13	27.67	21.75	21.95	28.63	0.00	0.00
FBC	14	27.67	21.72	21.96	28.65	0.00	0.00
FBC	15	27.62	21.80	22.03	28.56	0.00	0.00
FBC	16	27.60	21.80	22.04	28.56	0.00	0.00
FBC	17	27.55	21.82	22.05	28.57	0.00	0.00
FBC	18	27.46	21.91	22.16	28.47	0.00	0.00
FBC	19	27.46	21.91	22.14	28.49	0.00	0.00
FBC	20	27.46	21.92	22.14	28.48	0.00	0.00
FBC	21	27.34	22.01	22.26	28.39	0.00	0.00
FBC	22	27.34	22.00	22.25	28.41	0.00	0.00
FBC	23	27.34	21.99	22.25	28.42	0.00	0.00
FBC	24	27.23	22.08	22.34	28.35	0.00	0.00
FBC	25	27.24	22.07	22.31	28.38	0.00	0.00
FBC	26	27.24	22.08	22.30	28.37	0.00	0.00
FBC	27	27.15	22.15	22.39	28.32	0.00	0.00
FBC	28	27.16	22.13	22.38	28.34	0.00	0.00
FBC	29	27.15	22.13	22.36	28.36	0.00	0.00
FBC	30	27.08	22.18	22.43	28.31	0.00	0.00
FBC	31	27.08	22.17	22.42	28.33	0.00	0.00
FBC	32	27.09	22.18	22.42	28.32	0.00	0.00
FBC	33	26.99	22.24	22.51	28.27	0.00	0.00
FBC	34	27.02	22.21	22.48	28.28	0.00	0.00
FBC	35	27.03	22.20	22.47	28.30	0.00	0.00
FBC	36	26.93	22.28	22.55	28.23	0.00	0.00
FBC	37	26.96	22.26	22.51	28.28	0.00	0.00
FBC	38	26.96	22.24	22.51	28.29	0.00	0.00
FBC	39	26.88	22.30	22.59	28.23	0.00	0.00
FBC	40	26.90	22.28	22.56	28.26	0.00	0.00
FBC	41	26.90	22.27	22.54	28.29	0.00	0.00
FBC	42	26.83	22.34	22.63	28.20	0.00	0.00
FBC	43	26.86	22.32	22.60	28.22	0.00	0.00
FBC	44	26.87	22.30	22.57	28.26	0.00	0.00
FBC	45	26.79	22.38	22.64	28.19	0.00	0.00
FBC	46	26.80	22.35	22.62	28.23	0.00	0.00
FBC	47	26.80	22.35	22.59	28.25	0.00	0.00
FBC	48	26.74	22.40	22.66	28.20	0.00	0.00
FBC	49	26.77	22.36	22.64	28.23	0.00	0.00
FBC	50	26.79	22.35	22.61	28.24	0.00	0.00
FBC	51	26.73	22.40	22.68	28.19	0.00	0.00
FBC	52	26.74	22.39	22.65	28.22	0.00	0.00
FBC	53	26.74	22.37	22.65	28.25	0.00	0.00
FBC	54	26.70	22.43	22.70	28.17	0.00	0.00
FBC	55	26.72	22.40	22.67	28.20	0.00	0.00
FBC	56	26.72	22.40	22.67	28.22	0.01	0.00
FBC	57	26.67	22.44	22.72	28.18	0.00	0.00
FBC	58	26.68	22.42	22.70	28.20	0.00	0.00
FBC	59	26.71	22.41	22.69	28.20	0.01	0.00
FBC	60	26.65	22.47	22.73	28.15	0.01	0.00
FBC	61	26.66	22.44	22.72	28.18	0.01	0.00
FBC	62	26.66	22.43	22.71	28.19	0.01	0.00
FBC	63	26.62	22.48	22.77	28.13	0.03	0.00
FBC	64	26.64	22.46	22.75	28.15	0.05	0.00
FBC	65	26.63	22.45	22.74	28.18	0.00	0.00
FBC	66	26.59	22.50	22.79	28.12	0.00	0.00
FBC	67	26.59	22.49	22.77	28.14	0.00	0.00
FBC	68	26.61	22.49	22.76	28.15	0.00	0.00
FBC	69	26.56	22.53	22.81	28.11	0.00	0.00
FBC	70	26.57	22.51	22.79	28.14	0.00	0.00
FBC	71	26.59	22.50	22.78	28.13	0.00	0.00
FBC	72	26.54	22.55	22.82	28.09	0.00	0.00
FBC	73	26.56	22.52	22.80	28.11	0.00	0.00
FBC	74	26.58	22.52	22.79	28.10	0.00	0.00
FBC	75	26.52	22.58	22.85	28.05	0.00	0.00
FBC	76	26.56	22.53	22.80	28.11	0.00	0.00
FBC	77	26.57	22.53	22.79	28.11	0.00	0.00
FBC	78	26.53	22.57	22.82	28.08	0.00	0.00
FBC	79	26.54	22.55	22.82	28.09	0.00	0.00
FBC	80	26.56	22.53	22.80	28.10	0.00	0.00
FBC	81	26.53	22.57	22.84	28.06	0.00	0.00
FBC	82	26.54	22.55	22.83	28.08	0.00	0.00
FBC	83	26.53	22.56	22.80	28.11	0.00	0.00
FBC	84	26.50	22.60	22.86	28.04	0.00	0.00
FBC	85	26.53	22.57	22.82	28.08	0.00	0.00
FBC	86	26.53	22.58	22.82	28.08	0.00	0.00
FBC	87	26.48	22.61	22.88	28.03	0.00	0.00
FBC	88	26.50	22.59	22.86	28.05	0.00	0.00
FBC	89	26.52	22.59	22.83	28.06	0.00	0.00
FBC	90	26.47	22.63	22.89	28.01	0.00	0.00
FBC	91	26.49	22.61	22.86	28.04	0.00	0.00
FBC	92	26.49	22.60	22.85	28.06	0.00	0.00
FBC	93	26.47	22.63	22.88	28.02	0.00	0.00
FBC	94	26.47	22.62	22.86	28.05	0.00	0.00
FBC	95	26.48	22.62	22.84	28.06	0.00	0.00
FBC	96	26.45	22.66	22.88	28.02	0.00	0.00
FBC	97	26.44	22.64	22.88	28.04	0.00	0.00
FBC	98	26.46	22.64	22.88	28.02	0.00	0.00
FBC	99	26.44	22.66	22.90	28.00	0.00	0.00
FBC	100	26.45	22.66	22.90	27.99	0.00	0.00
# ACGT raw counters for first fragments. Use `grep ^FTC | cut -f 2-` to extract this part. The columns are: A,C,G,T,N base counters
FTC	836828068	691738929	699538529	878109226	118012
# ACGT content per cycle for last fragments. Use `grep ^LBC | cut -f 2-` to extract this part. The columns are: cycle; A,C,G,T base counts as a percentage of all A/C/G/T bases [%]; and N and O counts as a percentage of all A/C/G/T bases [%]
LBC	1	28.49	21.24	21.15	29.12	0.00	0.00
LBC	2	28.39	21.16	21.38	29.06	0.00	0.00
LBC	3	27.68	21.87	21.96	28.50	0.00	0.00
LBC	4	27.54	21.98	22.05	28.42	0.00	0.00
LBC	5	27.85	21.64	21.75	28.75	0.00	0.00
LBC	6	27.34	22.20	22.30	28.15	0.00	0.00
LBC	7	27.54	21.95	22.07	28.44	0.00	0.00
LBC	8	27.81	21.67	21.77	28.76	0.00	0.00
LBC	9	27.67	21.78	21.89	28.66	0.00	0.00
LBC	10	27.65	21.79	21.92	28.63	0.00	0.00
LBC	11	27.65	21.79	21.92	28.64	0.00	0.00
LBC	12	27.56	21.88	21.99	28.56	0.00	0.00
LBC	13	27.63	21.81	21.92	28.64	0.00	0.00
LBC	14	27.67	21.76	21.86	28.71	0.00	0.00
LBC	15	27.58	21.81	21.95	28.65	0.00	0.00
LBC	16	27.57	21.83	21.95	28.65	0.00	0.00
LBC	17	27.54	21.84	21.96	28.67	0.00	0.00
LBC	18	27.41	21.98	22.08	28.54	0.00	0.00
LBC	19	27.42	21.96	22.07	28.56	0.00	0.00
LBC	20	27.41	21.96	22.07	28.56	0.00	0.00
LBC	21	27.31	22.05	22.18	28.47	0.00	0.00
LBC	22	27.29	22.05	22.17	28.49	0.00	0.00
LBC	23	27.29	22.04	22.17	28.50	0.00	0.00
LBC	24	27.18	22.14	22.29	28.39	0.00	0.00
LBC	25	27.21	22.11	22.25	28.43	0.00	0.00
LBC	26	27.21	22.10	22.25	28.44	0.00	0.00
LBC	27	27.13	22.17	22.34	28.37	0.00	0.00
LBC	28	27.13	22.17	22.33	28.37	0.00	0.00
LBC	29	27.14	22.13	22.32	28.41	0.00	0.00
LBC	30	27.03	22.23	22.40	28.34	0.00	0.00
LBC	31	27.05	22.21	22.38	28.36	0.00	0.00
LBC	32	27.04	22.20	22.40	28.36	0.00	0.00
LBC	33	26.96	22.27	22.47	28.30	0.00	0.00
LBC	34	26.99	22.26	22.43	28.32	0.00	0.00
LBC	35	26.99	22.24	22.43	28.33	0.00	0.00
LBC	36	26.94	22.30	22.50	28.26	0.00	0.00
LBC	37	26.94	22.27	22.47	28.32	0.00	0.00
LBC	38	26.94	22.27	22.46	28.33	0.00	0.00
LBC	39	26.88	22.33	22.52	28.28	0.00	0.00
LBC	40	26.87	22.32	22.51	28.29	0.00	0.00
LBC	41	26.89	22.30	22.50	28.30	0.00	0.00
LBC	42	26.80	22.36	22.59	28.25	0.00	0.00
LBC	43	26.83	22.34	22.57	28.26	0.00	0.00
LBC	44	26.84	22.33	22.54	28.28	0.00	0.00
LBC	45	26.76	22.40	22.62	28.22	0.00	0.00
LBC	46	26.78	22.38	22.60	28.23	0.00	0.00
LBC	47	26.83	22.33	22.56	28.27	0.00	0.00
LBC	48	26.76	22.41	22.62	28.21	0.00	0.00
LBC	49	26.78	22.38	22.60	28.25	0.00	0.00
LBC	50	26.78	22.36	22.59	28.27	0.00	0.00
LBC	51	26.74	22.39	22.62	28.25	0.00	0.00
LBC	52	26.76	22.38	22.61	28.25	0.00	0.00
LBC	53	26.76	22.35	22.61	28.28	0.00	0.00
LBC	54	26.73	22.41	22.64	28.22	0.00	0.00
LBC	55	26.72	22.41	22.64	28.23	0.00	0.00
LBC	56	26.73	22.38	22.61	28.27	0.00	0.00
LBC	57	26.68	22.44	22.67	28.21	0.00	0.00
LBC	58	26.71	22.41	22.65	28.24	0.00	0.00
LBC	59	26.72	22.40	22.63	28.25	0.00	0.00
LBC	60	26.65	22.46	22.70	28.19	0.00	0.00
LBC	61	26.68	22.44	22.65	28.23	0.00	0.00
LBC	62	26.68	22.42	22.66	28.24	0.00	0.00
LBC	63	26.63	22.48	22.72	28.18	0.00	0.00
LBC	64	26.66	22.44	22.70	28.20	0.00	0.00
LBC	65	26.66	22.44	22.68	28.23	0.00	0.00
LBC	66	26.61	22.48	22.74	28.17	0.01	0.00
LBC	67	26.61	22.48	22.71	28.19	0.00	0.00
LBC	68	26.62	22.47	22.70	28.21	0.00	0.00
LBC	69	26.57	22.51	22.78	28.14	0.00	0.00
LBC	70	26.60	22.51	22.76	28.14	0.00	0.00
LBC	71	26.60	22.50	22.74	28.16	0.00	0.00
LBC	72	26.56	22.52	22.80	28.12	0.00	0.00
LBC	73	26.56	22.50	22.78	28.15	0.00	0.00
LBC	74	26.59	22.52	22.75	28.14	0.00	0.00
LBC	75	26.52	22.56	22.82	28.10	0.00	0.00
LBC	76	26.54	22.54	22.81	28.11	0.00	0.00
LBC	77	26.56	22.52	22.80	28.11	0.00	0.00
LBC	78	26.50	22.59	22.86	28.05	0.00	0.00
LBC	79	26.52	22.55	22.85	28.08	0.00	0.00
LBC	80	26.54	22.54	22.83	28.10	0.00	0.00
LBC	81	26.50	22.59	22.88	28.03	0.00	0.00
LBC	82	26.51	22.58	22.86	28.05	0.00	0.00
LBC	83	26.52	22.57	22.83	28.08	0.00	0.00
LBC	84	26.45	22.64	22.91	28.00	0.00	0.00
LBC	85	26.49	22.60	22.88	28.03	0.00	0.00
LBC	86	26.49	22.59	22.90	28.02	0.00	0.00
LBC	87	26.45	22.64	22.92	27.98	0.00	0.00
LBC	88	26.47	22.61	22.92	28.00	0.00	0.00
LBC	89	26.47	22.62	22.92	27.99	0.00	0.00
LBC	90	26.42	22.67	22.96	27.95	0.00	0.00
LBC	91	26.44	22.66	22.95	27.95	0.00	0.00
LBC	92	26.45	22.64	22.95	27.96	0.00	0.00
LBC	93	26.40	22.69	22.99	27.92	0.00	0.00
LBC	94	26.41	22.69	22.97	27.93	0.00	0.00
LBC	95	26.43	22.67	22.97	27.94	0.00	0.00
LBC	96	26.38	22.71	23.02	27.88	0.00	0.00
LBC	97	26.38	22.71	23.01	27.90	0.00	0.00
LBC	98	26.39	22.70	23.00	27.91	0.00	0.00
LBC	99	26.35	22.73	23.05	27.86	0.00	0.00
LBC	100	26.36	22.75	23.06	27.83	0.00	0.00
# ACGT raw counters for last fragments. Use `grep ^LTC | cut -f 2-` to extract this part. The columns are: A,C,G,T,N base counters
LTC	835839831	692850922	699397760	878237110	7141
# Insert sizes. Use `grep ^IS | cut -f 2-` to extract this part. The columns are: insert size, pairs total, inward oriented pairs, outward oriented pairs, other pairs
IS	0	41	0	3	38
IS	1	0	0	0	0
IS	2	16	0	14	2
IS	3	27	0	25	2
IS	4	21	0	21	0
IS	5	18	0	18	0
IS	6	12	0	12	0
IS	7	19	0	19	0
IS	8	9	0	9	0
IS	9	18	0	18	0
IS	10	12	0	12	0
IS	11	16	0	16	0
IS	12	20	0	20	0
IS	13	17	0	17	0
IS	14	16	0	16	0
IS	15	20	0	20	0
IS	16	17	0	16	1
IS	17	17	0	17	0
IS	18	24	0	24	0
IS	19	88	59	28	1
IS	20	67	30	36	1
IS	21	47	22	25	0
IS	22	43	24	18	1
IS	23	38	10	25	3
IS	24	40	21	19	0
IS	25	39	10	29	0
IS	26	37	18	19	0
IS	27	28	17	10	1
IS	28	26	11	15	0
IS	29	50	19	31	0
IS	30	46	13	33	0
IS	31	38	26	12	0
IS	32	42	31	11	0
IS	33	57	44	11	2
IS	34	54	35	18	1
IS	35	52	39	13	0
IS	36	52	32	19	1
IS	37	64	40	23	1
IS	38	69	48	21	0
IS	39	57	41	16	0
IS	40	88	61	26	1
IS	41	71	49	21	1
IS	42	84	64	19	1
IS	43	81	64	15	2
IS	44	64	39	24	1
IS	45	77	63	14	0
IS	46	95	82	11	2
IS	47	99	77	20	2
IS	48	124	94	29	1
IS	49	121	95	25	1
IS	50	131	110	19	2
IS	51	151	126	23	2
IS	52	125	104	19	2
IS	53	110	90	19	1
IS	54	151	118	32	1
IS	55	152	120	29	3
IS	56	143	122	19	2
IS	57	158	130	27	1
IS	58	171	146	24	1
IS	59	189	154	35	0
IS	60	168	144	23	1
IS	61	172	143	27	2
IS	62	152	133	15	4
IS	63	129	108	20	1
IS	64	148	122	26	0
IS	65	157	128	22	7
IS	66	217	195	20	2
IS	67	167	146	19	2
IS	68	197	175	18	4
IS	69	156	142	14	0
IS	70	164	144	20	0
IS	71	215	183	26	6
IS	72	212	185	26	1
IS	73	236	205	27	4
IS	74	192	162	27	3
IS	75	284	252	25	7
IS	76	288	274	9	5
IS	77	380	357	20	3
IS	78	516	492	18	6
IS	79	384	352	28	4
IS	80	446	421	22	3
IS	81	462	431	27	4
IS	82	508	476	27	5
IS	83	569	532	35	2
IS	84	737	718	17	2
IS	85	1456	1417	36	3
IS	86	1895	1875	18	2
IS	87	2003	1977	21	5
IS	88	2708	2684	21	3
IS	89	3074	3038	31	5
IS	90	3750	3720	27	3
IS	91	4197	4168	26	3
IS	92	4871	4845	23	3
IS	93	5450	5421	27	2
IS	94	6188	6146	38	4
IS	95	6981	6957	22	2
IS	96	8058	8024	29	5
IS	97	9094	9032	57	5
IS	98	10200	10135	61	4
IS	99	11544	11351	187	6
IS	100	12634	12628	3	3
IS	101	14394	14388	3	3
IS	102	15952	15945	3	4
IS	103	17223	17219	1	3
IS	104	19190	19188	1	1
IS	105	21530	21525	3	2
IS	106	23433	23428	1	4
IS	107	25815	25810	1	4
IS	108	27894	27886	3	5
IS	109	30049	30042	2	5
IS	110	32923	32919	0	4
IS	111	35088	35078	4	6
IS	112	37892	37886	0	6
IS	113	40571	40559	1	11
IS	114	43826	43823	3	0
IS	115	46556	46553	1	2
IS	116	49742	49733	4	5
IS	117	52815	52806	2	7
IS	118	56106	56102	2	2
IS	119	59126	59119	4	3
IS	120	61705	61696	0	9
IS	121	65646	65641	1	4
IS	122	69182	69180	1	1
IS	123	72261	72252	1	8
IS	124	75643	75637	6	0
IS	125	79054	79047	3	4
IS	126	82892	82883	3	6
IS	127	85388	85382	2	4
IS	128	89688	89683	1	4
IS	129	92543	92541	1	1
IS	130	95266	95261	1	4
IS	131	99667	99663	1	3
IS	132	102854	102848	2	4
IS	133	105425	105418	1	6
IS	134	109398	109393	2	3
IS	135	112583	112577	2	4
IS	136	115357	115355	0	2
IS	137	118636	118633	0	3
IS	138	120637	120628	0	9
IS	139	124710	124701	4	5
IS	140	127740	127735	1	4
IS	141	130516	130510	2	4
IS	142	133286	133283	0	3
IS	143	135637	135632	2	3
IS	144	138919	138912	2	5
IS	145	141771	141765	2	4
IS	146	143760	143751	3	6
IS	147	146541	146536	2	3
IS	148	149545	149543	0	2
IS	149	152090	152086	1	3
IS	150	154254	154250	1	3
IS	151	155530	155526	1	3
IS	152	158999	158997	1	1
IS	153	160909	160905	2	2
IS	154	162357	162352	2	3
IS	155	164602	164598	0	4
IS	156	166783	166779	1	3
IS	157	168539	168532	1	6
IS	158	170451	170445	2	4
IS	159	172062	172059	2	1
IS	160	173965	173959	0	6
IS	161	176504	176498	0	6
IS	162	177207	177203	2	2
IS	163	178485	178479	3	3
IS	164	179648	179640	5	3
IS	165	181846	181841	1	4
IS	166	182298	182293	1	4
IS	167	183529	183525	0	4
IS	168	184089	184082	0	7
IS	169	184901	184897	1	3
IS	170	186155	186152	0	3
IS	171	187839	187836	0	3
IS	172	187378	187375	3	0
IS	173	187343	187337	0	6
IS	174	188729	188728	0	1
IS	175	188546	188541	3	2
IS	176	188997	188988	4	5
IS	177	189697	189689	4	4
IS	178	189387	189384	2	1
IS	179	189982	189976	3	3
IS	180	189000	188991	3	6
IS	181	189461	189459	1	1
IS	182	188420	188413	2	5
IS	183	188036	188034	0	2
IS	184	188307	188305	0	2
IS	185	186468	186462	1	5
IS	186	186991	186982	2	7
IS	187	186854	186852	1	1
IS	188	185220	185218	0	2
IS	189	185465	185459	2	4
IS	190	184383	184380	0	3
IS	191	183394	183389	1	4
IS	192	182048	182046	1	1
IS	193	181534	181530	1	3
IS	194	182391	182389	0	2
IS	195	180367	180366	1	0
IS	196	179628	179626	0	2
IS	197	178673	178669	1	3
IS	198	177748	177741	1	6
IS	199	176597	176592	0	5
IS	200	175968	175962	2	4
IS	201	174661	174657	0	4
IS	202	173743	173743	0	0
IS	203	173119	173115	0	4
IS	204	172457	172456	0	1
IS	205	171740	171737	2	1
IS	206	170258	170256	0	2
IS	207	168481	168479	1	1
IS	208	168288	168286	0	2
IS	209	167154	167151	1	2
IS	210	166412	166409	2	1
IS	211	164819	164818	0	1
IS	212	164010	164009	0	1
IS	213	162649	162644	2	3
IS	214	161103	161101	1	1
IS	215	160289	160288	0	1
IS	216	160553	160549	1	3
IS	217	158062	158059	2	1
IS	218	157712	157710	1	1
IS	219	156120	156115	3	2
IS	220	155516	155511	1	4
IS	221	153811	153807	1	3
IS	222	153607	153607	0	0
IS	223	151619	151617	0	2
IS	224	151629	151628	0	1
IS	225	150445	150445	0	0
IS	226	149069	149069	0	0
IS	227	148393	148391	1	1
IS	228	147543	147540	1	2
IS	229	145584	145579	3	2
IS	230	145044	145044	0	0
IS	231	143938	143934	2	2
IS	232	143419	143417	0	2
IS	233	141883	141882	0	1
IS	234	140396	140392	0	4
IS	235	139750	139749	0	1
IS	236	138819	138818	1	0
IS	237	138060	138057	1	2
IS	238	137247	137244	1	2
IS	239	135795	135793	0	2
IS	240	134262	134259	1	2
IS	241	133975	133974	0	1
IS	242	131926	131922	2	2
IS	243	131170	131170	0	0
IS	244	129850	129850	0	0
IS	245	129419	129418	1	0
IS	246	128096	128096	0	0
IS	247	127075	127073	1	1
IS	248	125706	125704	1	1
IS	249	125376	125374	0	2
IS	250	123536	123534	0	2
IS	251	123156	123155	0	1
IS	252	121217	121216	0	1
IS	253	121311	121310	1	0
IS	254	119978	119976	0	2
IS	255	118672	118671	0	1
IS	256	117365	117365	0	0
IS	257	116111	116111	0	0
IS	258	115121	115120	0	1
IS	259	114194	114192	0	2
IS	260	113455	113452	1	2
IS	261	112382	112377	4	1
IS	262	111304	111303	0	1
IS	263	110610	110609	0	1
IS	264	109975	109974	1	0
IS	265	108603	108602	0	1
IS	266	107435	107431	1	3
IS	267	105852	105852	0	0
IS	268	104949	104948	0	1
IS	269	104301	104300	0	1
IS	270	102959	102958	0	1
IS	271	102139	102138	0	1
IS	272	101704	101699	0	5
IS	273	100885	100883	1	1
IS	274	99250	99247	1	2
IS	275	98296	98295	0	1
IS	276	97444	97444	0	0
IS	277	96111	96109	0	2
IS	278	95535	95533	1	1
IS	279	94166	94163	0	3
IS	280	93679	93676	0	3
IS	281	92570	92568	1	1
IS	282	91497	91494	2	1
IS	283	90933	90930	1	2
IS	284	89779	89777	0	2
IS	285	88661	88660	0	1
IS	286	87631	87630	1	0
IS	287	86816	86816	0	0
IS	288	85988	85988	0	0
IS	289	84621	84621	0	0
IS	290	84750	84748	1	1
IS	291	83523	83522	0	1
IS	292	82486	82485	1	0
IS	293	81372	81372	0	0
IS	294	81173	81172	0	1
IS	295	79788	79785	1	2
IS	296	78976	78975	1	0
IS	297	78007	78007	0	0
IS	298	76992	76992	0	0
IS	299	76036	76034	2	0
IS	300	75123	75122	0	1
IS	301	74769	74765	2	2
IS	302	74080	74080	0	0
IS	303	73107	73106	1	0
IS	304	72389	72389	0	0
IS	305	71339	71338	0	1
IS	306	70123	70123	0	0
IS	307	69953	69952	0	1
IS	308	69400	69399	1	0
IS	309	67873	67873	0	0
IS	310	67810	67810	0	0
IS	311	66701	66699	2	0
IS	312	66092	66092	0	0
IS	313	65077	65075	0	2
IS	314	64113	64113	0	0
IS	315	64031	64030	1	0
IS	316	62760	62757	1	2
IS	317	62235	62234	0	1
IS	318	61149	61149	0	0
IS	319	60270	60268	2	0
IS	320	59537	59537	0	0
IS	321	59114	59113	1	0
IS	322	57589	57589	0	0
IS	323	58153	58152	1	0
IS	324	57014	57013	1	0
IS	325	56259	56259	0	0
IS	326	55472	55472	0	0
IS	327	54608	54607	0	1
IS	328	54066	54066	0	0
IS	329	52818	52818	0	0
IS	330	52794	52792	2	0
IS	331	52214	52214	0	0
IS	332	51715	51714	0	1
IS	333	51033	51032	1	0
IS	334	50320	50319	1	0
IS	335	49506	49505	1	0
IS	336	48600	48600	0	0
IS	337	48619	48617	0	2
IS	338	47710	47710	0	0
IS	339	47066	47064	1	1
IS	340	46478	46478	0	0
IS	341	45930	45930	0	0
IS	342	44556	44555	0	1
IS	343	44984	44984	0	0
IS	344	43849	43849	0	0
IS	345	43603	43601	1	1
IS	346	42601	42600	1	0
IS	347	42690	42688	0	2
IS	348	41917	41916	1	0
IS	349	41219	41219	0	0
IS	350	40473	40473	0	0
IS	351	40115	40114	1	0
IS	352	39630	39627	1	2
IS	353	39075	39072	2	1
IS	354	38589	38588	1	0
IS	355	38219	38219	0	0
IS	356	37454	37453	1	0
IS	357	37331	37331	0	0
IS	358	36717	36717	0	0
IS	359	36302	36301	1	0
IS	360	35791	35791	0	0
IS	361	34986	34985	1	0
IS	362	34422	34421	1	0
IS	363	33897	33897	0	0
IS	364	33683	33681	2	0
IS	365	33168	33168	0	0
IS	366	33142	33142	0	0
IS	367	32087	32086	1	0
IS	368	31938	31938	0	0
IS	369	31445	31444	0	1
IS	370	30947	30946	0	1
IS	371	30302	30302	0	0
IS	372	30007	30007	0	0
IS	373	29529	29527	0	2
IS	374	29172	29170	2	0
IS	375	28764	28763	0	1
IS	376	28621	28621	0	0
IS	377	28140	28140	0	0
IS	378	27990	27990	0	0
IS	379	27067	27065	1	1
IS	380	26944	26944	0	0
IS	381	26200	26200	0	0
IS	382	25722	25722	0	0
IS	383	25590	25587	3	0
IS	384	25419	25419	0	0
IS	385	24886	24886	0	0
IS	386	24261	24261	0	0
IS	387	24209	24209	0	0
IS	388	23944	23943	1	0
IS	389	23247	23247	0	0
IS	390	22814	22814	0	0
IS	391	22499	22499	0	0
IS	392	22482	22482	0	0
IS	393	22293	22292	1	0
IS	394	21629	21629	0	0
IS	395	21358	21356	1	1
IS	396	20872	20872	0	0
IS	397	20897	20895	2	0
IS	398	20378	20377	1	0
IS	399	19641	19641	0	0
IS	400	19614	19613	1	0
IS	401	19366	19366	0	0
IS	402	19008	19008	0	0
IS	403	18821	18818	2	1
IS	404	18767	18767	0	0
IS	405	18261	18260	1	0
IS	406	17874	17873	1	0
IS	407	17798	17797	1	0
IS	408	17276	17276	0	0
IS	409	16897	16896	1	0
IS	410	16784	16784	0	0
IS	411	16476	16473	3	0
IS	412	16378	16377	1	0
IS	413	15807	15806	1	0
IS	414	15775	15774	1	0
IS	415	15500	15500	0	0
IS	416	15396	15396	0	0
IS	417	15086	15084	1	1
IS	418	14822	14819	3	0
IS	419	14583	14582	0	1
IS	420	14221	14221	0	0
IS	421	14076	14076	0	0
IS	422	13943	13942	1	0
IS	423	13540	13538	2	0
IS	424	13256	13255	0	1
IS	425	13001	13001	0	0
IS	426	12985	12983	2	0
IS	427	12753	12753	0	0
IS	428	12711	12711	0	0
IS	429	12309	12307	1	1
IS	430	12010	12009	1	0
IS	431	11784	11784	0	0
IS	432	11565	11565	0	0
IS	433	11659	11657	2	0
IS	434	11237	11236	1	0
IS	435	11166	11165	1	0
IS	436	11011	11008	3	0
IS	437	10669	10669	0	0
IS	438	10528	10522	6	0
IS	439	10250	10249	1	0
IS	440	10212	10212	0	0
IS	441	10041	10041	0	0
IS	442	9857	9855	2	0
IS	443	9578	9578	0	0
IS	444	9383	9383	0	0
IS	445	9364	9361	3	0
IS	446	9150	9148	2	0
IS	447	9101	9099	2	0
IS	448	8838	8837	1	0
IS	449	8685	8684	1	0
IS	450	8714	8711	2	1
IS	451	8385	8383	2	0
IS	452	8315	8311	4	0
IS	453	8017	8016	1	0
IS	454	8115	8115	0	0
IS	455	7900	7898	2	0
IS	456	7740	7740	0	0
IS	457	7609	7608	1	0
IS	458	7405	7405	0	0
IS	459	7195	7195	0	0
IS	460	7422	7421	1	0
IS	461	7095	7094	1	0
IS	462	7033	7031	2	0
IS	463	6844	6842	2	0
IS	464	6731	6730	1	0
IS	465	6523	6522	1	0
IS	466	6309	6308	1	0
IS	467	6324	6323	1	0
IS	468	6328	6326	2	0
IS	469	6149	6149	0	0
IS	470	6157	6157	0	0
IS	471	5831	5830	1	0
# Read lengths. Use `grep ^RL | cut -f 2-` to extract this part. The columns are: read length, count
RL	31	2188
RL	32	2068
RL	33	2042
RL	34	1784
RL	35	1724
RL	36	1772
RL	37	1534
RL	38	1462
RL	39	1334
RL	40	1290
RL	41	1208
RL	42	1118
RL	43	1116
RL	44	1102
RL	45	1068
RL	46	1026
RL	47	1060
RL	48	932
RL	49	894
RL	50	976
RL	51	906
RL	52	914
RL	53	892
RL	54	974
RL	55	1004
RL	56	1054
RL	57	996
RL	58	1076
RL	59	1068
RL	60	1024
RL	61	984
RL	62	1130
RL	63	1020
RL	64	1054
RL	65	1118
RL	66	1708
RL	67	1060
RL	68	1104
RL	69	1042
RL	70	1072
RL	71	954
RL	72	1038
RL	73	1202
RL	74	938
RL	75	1154
RL	76	1316
RL	77	1360
RL	78	1706
RL	79	1134
RL	80	1418
RL	81	1366
RL	82	1256
RL	83	1486
RL	84	1834
RL	85	3518
RL	86	4594
RL	87	4818
RL	88	6262
RL	89	6876
RL	90	8200
RL	91	9160
RL	92	10478
RL	93	11702
RL	94	13062
RL	95	14692
RL	96	16806
RL	97	18792
RL	98	21078
RL	99	23452
RL	100	61925310
# Read lengths - first fragments. Use `grep ^FRL | cut -f 2-` to extract this part. The columns are: read length, count
FRL	31	1094
FRL	32	1034
FRL	33	1021
FRL	34	892
FRL	35	862
FRL	36	886
FRL	37	767
FRL	38	731
FRL	39	667
FRL	40	645
FRL	41	604
FRL	42	559
FRL	43	558
FRL	44	551
FRL	45	534
FRL	46	513
FRL	47	530
FRL	48	466
FRL	49	447
FRL	50	488
FRL	51	453
FRL	52	457
FRL	53	446
FRL	54	487
FRL	55	502
FRL	56	527
FRL	57	498
FRL	58	538
FRL	59	534
FRL	60	512
FRL	61	492
FRL	62	565
FRL	63	510
FRL	64	527
FRL	65	559
FRL	66	854
FRL	67	530
FRL	68	552
FRL	69	521
FRL	70	536
FRL	71	477
FRL	72	519
FRL	73	601
FRL	74	469
FRL	75	577
FRL	76	658
FRL	77	680
FRL	78	853
FRL	79	567
FRL	80	709
FRL	81	683
FRL	82	628
FRL	83	743
FRL	84	917
FRL	85	1759
FRL	86	2297
FRL	87	2409
FRL	88	3131
FRL	89	3438
FRL	90	4100
FRL	91	4580
FRL	92	5239
FRL	93	5851
FRL	94	6531
FRL	95	7346
FRL	96	8403
FRL	97	9396
FRL	98	10539
FRL	99	11726
FRL	100	30962655
# Read lengths - last fragments. Use `grep ^LRL | cut -f 2-` to extract this part. The columns are: read length, count
LRL	31	1094
LRL	32	1034
LRL	33	1021
LRL	34	892
LRL	35	862
LRL	36	886
LRL	37	767
LRL	38	731
LRL	39	667
LRL	40	645
LRL	41	604
LRL	42	559
LRL	43	558
LRL	44	551
LRL	45	534
LRL	46	513
LRL	47	530
LRL	48	466
LRL	49	447
LRL	50	488
LRL	51	453
LRL	52	457
LRL	53	446
LRL	54	487
LRL	55	502
LRL	56	527
LRL	57	498
LRL	58	538
LRL	59	534
LRL	60	512
LRL	61	492
LRL	62	565
LRL	63	510
LRL	64	527
LRL	65	559
LRL	66	854
LRL	67	530
LRL	68	552
LRL	69	521
LRL	70	536
LRL	71	477
LRL	72	519
LRL	73	601
LRL	74	469
LRL	75	577
LRL	76	658
LRL	77	680
LRL	78	853
LRL	79	567
LRL	80	709
LRL	81	683
LRL	82	628
LRL	83	743
LRL	84	917
LRL	85	1759
LRL	86	2297
LRL	87	2409
LRL	88	3131
LRL	89	3438
LRL	90	4100
LRL	91	4580
LRL	92	5239
LRL	93	5851
LRL	94	6531
LRL	95	7346
LRL	96	8403
LRL	97	9396
LRL	98	10539
LRL	99	11726
LRL	100	30962655
# Mapping qualities for reads !(UNMAP|SECOND|SUPPL|QCFAIL|DUP). Use `grep ^MAPQ | cut -f 2-` to extract this part. The columns are: mapq, count
MAPQ	0	5139025
MAPQ	1	12836
MAPQ	2	2747
MAPQ	3	24972
MAPQ	4	4915
MAPQ	5	5669
MAPQ	6	9150
MAPQ	7	16020
MAPQ	8	6824
MAPQ	9	28507
MAPQ	10	12901
MAPQ	11	4910
MAPQ	12	7915
MAPQ	13	12290
MAPQ	14	2943
MAPQ	15	23122
MAPQ	16	5427
MAPQ	17	6748
MAPQ	18	8805
MAPQ	19	20376
MAPQ	20	28104
MAPQ	21	36719
MAPQ	22	51501
MAPQ	23	57147
MAPQ	24	107801
MAPQ	25	212523
MAPQ	26	4960
MAPQ	27	500612
MAPQ	28	3021
MAPQ	29	3255
MAPQ	30	6400
MAPQ	31	11109
MAPQ	32	2018
MAPQ	33	25999
MAPQ	34	3996
MAPQ	35	4913
MAPQ	36	7152
MAPQ	37	15020
MAPQ	38	3975
MAPQ	39	36011
MAPQ	40	515071
MAPQ	41	6829
MAPQ	42	24160
MAPQ	43	20568
MAPQ	44	19420
MAPQ	45	59730
MAPQ	46	35915
MAPQ	47	89772
MAPQ	48	113493
MAPQ	49	117219
MAPQ	50	407571
MAPQ	51	18837
MAPQ	52	41907
MAPQ	53	14032
MAPQ	54	20019
MAPQ	55	52527
MAPQ	56	1961
MAPQ	57	68958
MAPQ	58	3124
MAPQ	59	7098
MAPQ	60	54046399
# Indel distribution. Use `grep ^ID | cut -f 2-` to extract this part. The columns are: length, number of insertions, number of deletions
ID	1	152124	195418
ID	2	29900	41157
ID	3	13829	22574
ID	4	11640	15261
ID	5	5615	5458
ID	6	2660	4803
ID	7	981	1494
ID	8	1813	2055
ID	9	1237	1373
ID	10	790	1449
ID	11	441	558
ID	12	514	985
ID	13	254	400
ID	14	349	611
ID	15	132	403
ID	16	268	434
ID	17	77	227
ID	18	135	442
ID	19	85	132
ID	20	50	147
ID	21	107	175
ID	22	11	143
ID	23	38	65
ID	24	6	166
ID	25	10	69
ID	26	19	80
ID	27	0	30
ID	28	3	72
ID	29	5	26
ID	30	1	57
ID	31	0	3
ID	32	0	6
ID	33	0	2
ID	34	0	21
ID	35	0	7
ID	36	0	20
ID	37	0	3
ID	38	0	4
ID	39	0	1
ID	40	0	6
ID	42	0	3
# Indels per cycle. Use `grep ^IC | cut -f 2-` to extract this part. The columns are: cycle, number of insertions (fwd), .. (rev) , number of deletions (fwd), .. (rev)
IC	3	0	0	653	622
IC	4	521	587	705	792
IC	5	758	802	818	880
IC	6	796	800	898	988
IC	7	838	835	1031	1178
IC	8	845	938	1160	1236
IC	9	1004	937	1173	1353
IC	10	998	1020	1287	1344
IC	11	1084	1041	1394	1432
IC	12	1200	1134	1334	1551
IC	13	1207	1095	1579	1536
IC	14	1322	1229	1614	1576
IC	15	1315	1360	1624	1594
IC	16	1327	1276	1656	1650
IC	17	1339	1333	1736	1683
IC	18	1385	1282	1694	1716
IC	19	1406	1318	1755	1720
IC	20	1413	1303	1880	1672
IC	21	1334	1318	1800	1716
IC	22	1413	1284	1762	1605
IC	23	1389	1291	1709	1751
IC	24	1348	1287	1811	1606
IC	25	1368	1259	1767	1725
IC	26	1330	1247	1768	1691
IC	27	1346	1213	1731	1709
IC	28	1341	1252	1645	1609
IC	29	1427	1227	1705	1573
IC	30	1354	1249	1747	1710
IC	31	1300	1253	1732	1680
IC	32	1327	1252	1666	1556
IC	33	1300	1216	1660	1645
IC	34	1263	1255	1630	1631
IC	35	1311	1245	1713	1600
IC	36	1267	1210	1644	1626
IC	37	1287	1218	1679	1516
IC	38	1287	1185	1592	1627
IC	39	1243	1272	1655	1566
IC	40	1283	1290	1653	1555
IC	41	1318	1183	1637	1552
IC	42	1337	1164	1596	1595
IC	43	1329	1214	1741	1558
IC	44	1308	1258	1658	1620
IC	45	1365	1288	1637	1658
IC	46	1353	1335	1571	1639
IC	47	1307	1261	1652	1552
IC	48	1266	1190	1691	1645
IC	49	1265	1205	1697	1577
IC	50	1308	1195	1737	1560
IC	51	1313	1219	1669	1635
IC	52	1342	1228	1673	1569
IC	53	1364	1211	1723	1637
IC	54	1334	1161	1670	1623
IC	55	1338	1259	1689	1563
IC	56	1353	1193	1760	1577
IC	57	1284	1195	1778	1649
IC	58	1325	1189	1713	1610
IC	59	1256	1221	1680	1615
IC	60	1277	1231	1708	1730
IC	61	1317	1278	1826	1686
IC	62	1328	1266	1795	1743
IC	63	1313	1217	1826	1720
IC	64	1249	1179	1792	1702
IC	65	1213	1261	1839	1685
IC	66	1343	1223	1816	1699
IC	67	1286	1264	1776	1759
IC	68	1214	1207	1823	1682
IC	69	1325	1210	1729	1715
IC	70	1290	1136	1816	1707
IC	71	1201	1210	1712	1711
IC	72	1274	1171	1766	1607
IC	73	1222	1131	1723	1580
IC	74	1171	1213	1780	1684
IC	75	1207	1178	1748	1677
IC	76	1190	1217	1751	1649
IC	77	1166	1166	1732	1682
IC	78	1185	1111	1719	1556
IC	79	1158	1112	1727	1620
IC	80	1119	1091	1752	1607
IC	81	1158	1137	1620	1547
IC	82	1139	1135	1742	1573
IC	83	1126	1118	1566	1508
IC	84	1085	1047	1513	1439
IC	85	1059	1087	1518	1438
IC	86	1027	1018	1466	1389
IC	87	977	996	1417	1428
IC	88	976	928	1303	1246
IC	89	861	969	1411	1253
IC	90	885	942	1349	1222
IC	91	832	913	1249	1213
IC	92	786	904	1232	1153
IC	93	733	969	1141	1074
IC	94	809	1092	1120	1159
IC	95	830	1393	1136	1302
IC	96	694	1608	1188	1592
IC	97	822	2096	1008	1781
IC	98	0	0	1	0
# Coverage distribution. Use `grep ^COV | cut -f 2-` to extract this part.
COV	[1-1]	1	89504621
COV	[2-2]	2	27833044
COV	[3-3]	3	9933915
COV	[4-4]	4	7807980
COV	[5-5]	5	5623678
COV	[6-6]	6	4823844
COV	[7-7]	7	4140058
COV	[8-8]	8	3690021
COV	[9-9]	9	3323639
COV	[10-10]	10	3042869
COV	[11-11]	11	2815570
COV	[12-12]	12	2619287
COV	[13-13]	13	2448534
COV	[14-14]	14	2307211
COV	[15-15]	15	2182593
COV	[16-16]	16	2071269
COV	[17-17]	17	1964144
COV	[18-18]	18	1881784
COV	[19-19]	19	1808191
COV	[20-20]	20	1727772
COV	[21-21]	21	1661803
COV	[22-22]	22	1604088
COV	[23-23]	23	1543798
COV	[24-24]	24	1495127
COV	[25-25]	25	1450454
COV	[26-26]	26	1405403
COV	[27-27]	27	1362690
COV	[28-28]	28	1327521
COV	[29-29]	29	1289779
COV	[30-30]	30	1253276
COV	[31-31]	31	1217480
COV	[32-32]	32	1188784
COV	[33-33]	33	1161492
COV	[34-34]	34	1133769
COV	[35-35]	35	1104122
COV	[36-36]	36	1079517
COV	[37-37]	37	1049546
COV	[38-38]	38	1028133
COV	[39-39]	39	1003592
COV	[40-40]	40	983126
COV	[41-41]	41	961312
COV	[42-42]	42	944070
COV	[43-43]	43	924360
COV	[44-44]	44	903363
COV	[45-45]	45	885718
COV	[46-46]	46	867523
COV	[47-47]	47	850555
COV	[48-48]	48	835492
COV	[49-49]	49	816301
COV	[50-50]	50	800865
COV	[51-51]	51	787054
COV	[52-52]	52	772361
COV	[53-53]	53	760405
COV	[54-54]	54	746347
COV	[55-55]	55	731728
COV	[56-56]	56	717219
COV	[57-57]	57	702221
COV	[58-58]	58	690797
COV	[59-59]	59	679785
COV	[60-60]	60	666740
COV	[61-61]	61	655966
COV	[62-62]	62	644951
COV	[63-63]	63	635814
COV	[64-64]	64	623890
COV	[65-65]	65	612787
COV	[66-66]	66	600881
COV	[67-67]	67	590824
COV	[68-68]	68	581689
COV	[69-69]	69	571538
COV	[70-70]	70	561754
COV	[71-71]	71	551202
COV	[72-72]	72	542155
COV	[73-73]	73	533921
COV	[74-74]	74	524289
COV	[75-75]	75	515131
COV	[76-76]	76	507727
COV	[77-77]	77	498303
COV	[78-78]	78	488658
COV	[79-79]	79	481308
COV	[80-80]	80	472837
COV	[81-81]	81	463996
COV	[82-82]	82	455814
COV	[83-83]	83	446793
COV	[84-84]	84	440486
COV	[85-85]	85	434259
COV	[86-86]	86	426869
COV	[87-87]	87	418739
COV	[88-88]	88	410627
COV	[89-89]	89	405663
COV	[90-90]	90	396872
COV	[91-91]	91	388812
COV	[92-92]	92	382160
COV	[93-93]	93	375252
COV	[94-94]	94	367939
COV	[95-95]	95	361676
COV	[96-96]	96	355364
COV	[97-97]	97	348618
COV	[98-98]	98	342262
COV	[99-99]	99	335706
COV	[100-100]	100	330500
COV	[101-101]	101	324183
COV	[102-102]	102	317271
COV	[103-103]	103	312378
COV	[104-104]	104	304826
COV	[105-105]	105	298914
COV	[106-106]	106	293510
COV	[107-107]	107	288806
COV	[108-108]	108	282361
COV	[109-109]	109	276073
COV	[110-110]	110	270747
COV	[111-111]	111	266455
COV	[112-112]	112	259722
COV	[113-113]	113	255402
COV	[114-114]	114	250472
COV	[115-115]	115	245018
COV	[116-116]	116	240971
COV	[117-117]	117	236685
COV	[118-118]	118	231836
COV	[119-119]	119	227143
COV	[120-120]	120	222459
COV	[121-121]	121	216969
COV	[122-122]	122	212658
COV	[123-123]	123	208355
COV	[124-124]	124	204501
COV	[125-125]	125	201669
COV	[126-126]	126	197333
COV	[127-127]	127	192811
COV	[128-128]	128	188360
COV	[129-129]	129	186692
COV	[130-130]	130	181284
COV	[131-131]	131	178359
COV	[132-132]	132	173998
COV	[133-133]	133	170425
COV	[134-134]	134	166715
COV	[135-135]	135	163032
COV	[136-136]	136	159594
COV	[137-137]	137	155816
COV	[138-138]	138	153203
COV	[139-139]	139	149876
COV	[140-140]	140	146907
COV	[141-141]	141	144390
COV	[142-142]	142	140840
COV	[143-143]	143	138560
COV	[144-144]	144	135162
COV	[145-145]	145	132875
COV	[146-146]	146	129704
COV	[147-147]	147	126910
COV	[148-148]	148	124376
COV	[149-149]	149	121590
COV	[150-150]	150	119952
COV	[151-151]	151	116434
COV	[152-152]	152	114792
COV	[153-153]	153	111235
COV	[154-154]	154	109342
COV	[155-155]	155	106757
COV	[156-156]	156	104263
COV	[157-157]	157	102333
COV	[158-158]	158	99806
COV	[159-159]	159	98270
COV	[160-160]	160	96406
COV	[161-161]	161	93157
COV	[162-162]	162	91661
COV	[163-163]	163	89045
COV	[164-164]	164	87410
COV	[165-165]	165	85105
COV	[166-166]	166	82950
COV	[167-167]	167	82153
COV	[168-168]	168	80851
COV	[169-169]	169	78888
COV	[170-170]	170	76981
COV	[171-171]	171	75552
COV	[172-172]	172	73698
COV	[173-173]	173	72641
COV	[174-174]	174	70744
COV	[175-175]	175	68958
COV	[176-176]	176	67609
COV	[177-177]	177	66168
COV	[178-178]	178	64376
COV	[179-179]	179	63485
COV	[180-180]	180	61670
COV	[181-181]	181	60307
COV	[182-182]	182	59343
COV	[183-183]	183	58225
COV	[184-184]	184	57185
COV	[185-185]	185	56382
COV	[186-186]	186	55248
COV	[187-187]	187	53992
COV	[188-188]	188	52962
COV	[189-189]	189	51316
COV	[190-190]	190	50396
COV	[191-191]	191	48943
COV	[192-192]	192	47728
COV	[193-193]	193	46883
COV	[194-194]	194	45985
COV	[195-195]	195	44755
COV	[196-196]	196	43767
COV	[197-197]	197	42891
COV	[198-198]	198	41975
COV	[199-199]	199	40811
COV	[200-200]	200	39858
COV	[201-201]	201	39325
COV	[202-202]	202	38558
COV	[203-203]	203	37600
COV	[204-204]	204	36783
COV	[205-205]	205	36054
COV	[206-206]	206	35034
COV	[207-207]	207	34369
COV	[208-208]	208	33957
COV	[209-209]	209	33102
COV	[210-210]	210	32244
COV	[211-211]	211	31397
COV	[212-212]	212	30912
COV	[213-213]	213	30222
COV	[214-214]	214	29275
COV	[215-215]	215	28766
COV	[216-216]	216	28147
COV	[217-217]	217	27789
COV	[218-218]	218	27016
COV	[219-219]	219	26584
COV	[220-220]	220	25862
COV	[221-221]	221	25410
COV	[222-222]	222	24639
COV	[223-223]	223	24223
COV	[224-224]	224	24282
COV	[225-225]	225	23469
COV	[226-226]	226	23150
COV	[227-227]	227	22358
COV	[228-228]	228	22001
COV	[229-229]	229	21830
COV	[230-230]	230	21029
COV	[231-231]	231	20894
COV	[232-232]	232	20232
COV	[233-233]	233	19648
COV	[234-234]	234	19450
COV	[235-235]	235	18762
COV	[236-236]	236	18384
COV	[237-237]	237	18267
COV	[238-238]	238	17795
COV	[239-239]	239	17433
COV	[240-240]	240	17357
COV	[241-241]	241	16559
COV	[242-242]	242	16293
COV	[243-243]	243	15902
COV	[244-244]	244	15660
COV	[245-245]	245	15191
COV	[246-246]	246	14739
COV	[247-247]	247	14687
COV	[248-248]	248	14187
COV	[249-249]	249	13832
COV	[250-250]	250	13699
COV	[251-251]	251	13548
COV	[252-252]	252	13108
COV	[253-253]	253	12953
COV	[254-254]	254	12499
COV	[255-255]	255	12364
COV	[256-256]	256	12298
COV	[257-257]	257	12005
COV	[258-258]	258	11814
COV	[259-259]	259	11589
COV	[260-260]	260	11484
COV	[261-261]	261	11263
COV	[262-262]	262	11245
COV	[263-263]	263	10869
COV	[264-264]	264	10816
COV	[265-265]	265	10676
COV	[266-266]	266	10565
COV	[267-267]	267	10273
COV	[268-268]	268	9832
COV	[269-269]	269	9778
COV	[270-270]	270	9558
COV	[271-271]	271	9249
COV	[272-272]	272	9008
COV	[273-273]	273	8734
COV	[274-274]	274	8694
COV	[275-275]	275	8391
COV	[276-276]	276	8302
COV	[277-277]	277	8066
COV	[278-278]	278	8201
COV	[279-279]	279	7973
COV	[280-280]	280	7833
COV	[281-281]	281	7714
COV	[282-282]	282	7405
COV	[283-283]	283	7472
COV	[284-284]	284	7281
COV	[285-285]	285	7161
COV	[286-286]	286	6978
COV	[287-287]	287	6848
COV	[288-288]	288	6778
COV	[289-289]	289	6566
COV	[290-290]	290	6514
COV	[291-291]	291	6367
COV	[292-292]	292	6292
COV	[293-293]	293	6229
COV	[294-294]	294	6143
COV	[295-295]	295	6011
COV	[296-296]	296	5995
COV	[297-297]	297	5883
COV	[298-298]	298	5715
COV	[299-299]	299	5526
COV	[300-300]	300	5419
COV	[301-301]	301	5472
COV	[302-302]	302	5198
COV	[303-303]	303	5275
COV	[304-304]	304	5008
COV	[305-305]	305	4976
COV	[306-306]	306	4938
COV	[307-307]	307	4975
COV	[308-308]	308	4770
COV	[309-309]	309	4631
COV	[310-310]	310	4579
COV	[311-311]	311	4694
COV	[312-312]	312	4483
COV	[313-313]	313	4530
COV	[314-314]	314	4480
COV	[315-315]	315	4441
COV	[316-316]	316	4428
COV	[317-317]	317	4269
COV	[318-318]	318	4136
COV	[319-319]	319	4148
COV	[320-320]	320	4063
COV	[321-321]	321	3928
COV	[322-322]	322	4041
COV	[323-323]	323	4062
COV	[324-324]	324	3819
COV	[325-325]	325	3814
COV	[326-326]	326	3761
COV	[327-327]	327	3724
COV	[328-328]	328	3631
COV	[329-329]	329	3432
COV	[330-330]	330	3460
COV	[331-331]	331	3445
COV	[332-332]	332	3254
COV	[333-333]	333	3206
COV	[334-334]	334	3294
COV	[335-335]	335	3064
COV	[336-336]	336	3110
COV	[337-337]	337	3163
COV	[338-338]	338	3078
COV	[339-339]	339	3028
COV	[340-340]	340	3024
COV	[341-341]	341	2982
COV	[342-342]	342	2868
COV	[343-343]	343	2907
COV	[344-344]	344	2837
COV	[345-345]	345	2880
COV	[346-346]	346	2731
COV	[347-347]	347	2699
COV	[348-348]	348	2653
COV	[349-349]	349	2585
COV	[350-350]	350	2607
COV	[351-351]	351	2540
COV	[352-352]	352	2491
COV	[353-353]	353	2460
COV	[354-354]	354	2498
COV	[355-355]	355	2295
COV	[356-356]	356	2367
COV	[357-357]	357	2339
COV	[358-358]	358	2275
COV	[359-359]	359	2334
COV	[360-360]	360	2294
COV	[361-361]	361	2200
COV	[362-362]	362	2227
COV	[363-363]	363	2171
COV	[364-364]	364	2132
COV	[365-365]	365	2143
COV	[366-366]	366	2011
COV	[367-367]	367	2054
COV	[368-368]	368	1998
COV	[369-369]	369	1938
COV	[370-370]	370	1918
COV	[371-371]	371	1845
COV	[372-372]	372	1854
COV	[373-373]	373	1885
COV	[374-374]	374	1776
COV	[375-375]	375	1714
COV	[376-376]	376	1818
COV	[377-377]	377	1779
COV	[378-378]	378	1671
COV	[379-379]	379	1696
COV	[380-380]	380	1698
COV	[381-381]	381	1609
COV	[382-382]	382	1611
COV	[383-383]	383	1617
COV	[384-384]	384	1632
COV	[385-385]	385	1716
COV	[386-386]	386	1579
COV	[387-387]	387	1609
COV	[388-388]	388	1518
COV	[389-389]	389	1631
COV	[390-390]	390	1494
COV	[391-391]	391	1589
COV	[392-392]	392	1526
COV	[393-393]	393	1531
COV	[394-394]	394	1498
COV	[395-395]	395	1460
COV	[396-396]	396	1469
COV	[397-397]	397	1468
COV	[398-398]	398	1430
COV	[399-399]	399	1394
COV	[400-400]	400	1376
COV	[401-401]	401	1426
COV	[402-402]	402	1408
COV	[403-403]	403	1298
COV	[404-404]	404	1300
COV	[405-405]	405	1292
COV	[406-406]	406	1272
COV	[407-407]	407	1296
COV	[408-408]	408	1271
COV	[409-409]	409	1231
COV	[410-410]	410	1179
COV	[411-411]	411	1254
COV	[412-412]	412	1237
COV	[413-413]	413	1181
COV	[414-414]	414	1202
COV	[415-415]	415	1171
COV	[416-416]	416	1115
COV	[417-417]	417	1107
COV	[418-418]	418	1118
COV	[419-419]	419	1080
COV	[420-420]	420	1026
COV	[421-421]	421	1020
COV	[422-422]	422	1025
COV	[423-423]	423	1048
COV	[424-424]	424	982
COV	[425-425]	425	1014
COV	[426-426]	426	1039
COV	[427-427]	427	965
COV	[428-428]	428	1026
COV	[429-429]	429	945
COV	[430-430]	430	950
COV	[431-431]	431	963
COV	[432-432]	432	1012
COV	[433-433]	433	969
COV	[434-434]	434	907
COV	[435-435]	435	911
COV	[436-436]	436	944
COV	[437-437]	437	942
COV	[438-438]	438	877
COV	[439-439]	439	891
COV	[440-440]	440	847
COV	[441-441]	441	840
COV	[442-442]	442	831
COV	[443-443]	443	819
COV	[444-444]	444	796
COV	[445-445]	445	790
COV	[446-446]	446	833
COV	[447-447]	447	798
COV	[448-448]	448	736
COV	[449-449]	449	731
COV	[450-450]	450	713
COV	[451-451]	451	731
COV	[452-452]	452	748
COV	[453-453]	453	750
COV	[454-454]	454	744
COV	[455-455]	455	744
COV	[456-456]	456	787
COV	[457-457]	457	770
COV	[458-458]	458	747
COV	[459-459]	459	706
COV	[460-460]	460	714
COV	[461-461]	461	732
COV	[462-462]	462	686
COV	[463-463]	463	697
COV	[464-464]	464	723
COV	[465-465]	465	723
COV	[466-466]	466	659
COV	[467-467]	467	645
COV	[468-468]	468	678
COV	[469-469]	469	666
COV	[470-470]	470	642
COV	[471-471]	471	630
COV	[472-472]	472	675
COV	[473-473]	473	634
COV	[474-474]	474	639
COV	[475-475]	475	638
COV	[476-476]	476	619
COV	[477-477]	477	584
COV	[478-478]	478	662
COV	[479-479]	479	628
COV	[480-480]	480	648
COV	[481-481]	481	645
COV	[482-482]	482	641
COV	[483-483]	483	631
COV	[484-484]	484	582
COV	[485-485]	485	625
COV	[486-486]	486	610
COV	[487-487]	487	572
COV	[488-488]	488	592
COV	[489-489]	489	601
COV	[490-490]	490	565
COV	[491-491]	491	535
COV	[492-492]	492	563
COV	[493-493]	493	578
COV	[494-494]	494	575
COV	[495-495]	495	588
COV	[496-496]	496	535
COV	[497-497]	497	561
COV	[498-498]	498	524
COV	[499-499]	499	553
COV	[500-500]	500	540
COV	[501-501]	501	566
COV	[502-502]	502	526
COV	[503-503]	503	496
COV	[504-504]	504	508
COV	[505-505]	505	524
COV	[506-506]	506	508
COV	[507-507]	507	491
COV	[508-508]	508	503
COV	[509-509]	509	506
COV	[510-510]	510	499
COV	[511-511]	511	508
COV	[512-512]	512	563
COV	[513-513]	513	474
COV	[514-514]	514	469
COV	[515-515]	515	473
COV	[516-516]	516	467
COV	[517-517]	517	501
COV	[518-518]	518	453
COV	[519-519]	519	459
COV	[520-520]	520	422
COV	[521-521]	521	457
COV	[522-522]	522	478
COV	[523-523]	523	454
COV	[524-524]	524	478
COV	[525-525]	525	435
COV	[526-526]	526	436
COV	[527-527]	527	431
COV	[528-528]	528	439
COV	[529-529]	529	435
COV	[530-530]	530	447
COV	[531-531]	531	430
COV	[532-532]	532	408
COV	[533-533]	533	443
COV	[534-534]	534	385
COV	[535-535]	535	441
COV	[536-536]	536	425
COV	[537-537]	537	401
COV	[538-538]	538	372
COV	[539-539]	539	390
COV	[540-540]	540	393
COV	[541-541]	541	372
COV	[542-542]	542	379
COV	[543-543]	543	352
COV	[544-544]	544	387
COV	[545-545]	545	349
COV	[546-546]	546	338
COV	[547-547]	547	349
COV	[548-548]	548	335
COV	[549-549]	549	348
COV	[550-550]	550	364
COV	[551-551]	551	366
COV	[552-552]	552	351
COV	[553-553]	553	378
COV	[554-554]	554	344
COV	[555-555]	555	327
COV	[556-556]	556	340
COV	[557-557]	557	320
COV	[558-558]	558	376
COV	[559-559]	559	333
COV	[560-560]	560	337
COV	[561-561]	561	346
COV	[562-562]	562	298
COV	[563-563]	563	353
COV	[564-564]	564	343
COV	[565-565]	565	354
COV	[566-566]	566	352
COV	[567-567]	567	304
COV	[568-568]	568	320
COV	[569-569]	569	327
COV	[570-570]	570	316
COV	[571-571]	571	329
COV	[572-572]	572	312
COV	[573-573]	573	324
COV	[574-574]	574	281
COV	[575-575]	575	323
COV	[576-576]	576	305
COV	[577-577]	577	276
COV	[578-578]	578	309
COV	[579-579]	579	313
COV	[580-580]	580	317
COV	[581-581]	581	298
COV	[582-582]	582	307
COV	[583-583]	583	289
COV	[584-584]	584	315
COV	[585-585]	585	282
COV	[586-586]	586	289
COV	[587-587]	587	261
COV	[588-588]	588	285
COV	[589-589]	589	266
COV	[590-590]	590	262
COV	[591-591]	591	267
COV	[592-592]	592	292
COV	[593-593]	593	280
COV	[594-594]	594	241
COV	[595-595]	595	268
COV	[596-596]	596	240
COV	[597-597]	597	294
COV	[598-598]	598	256
COV	[599-599]	599	274
COV	[600-600]	600	216
COV	[601-601]	601	270
COV	[602-602]	602	265
COV	[603-603]	603	242
COV	[604-604]	604	261
COV	[605-605]	605	267
COV	[606-606]	606	262
COV	[607-607]	607	250
COV	[608-608]	608	255
COV	[609-609]	609	247
COV	[610-610]	610	216
COV	[611-611]	611	266
COV	[612-612]	612	201
COV	[613-613]	613	239
COV	[614-614]	614	213
COV	[615-615]	615	198
COV	[616-616]	616	252
COV	[617-617]	617	230
COV	[618-618]	618	214
COV	[619-619]	619	207
COV	[620-620]	620	209
COV	[621-621]	621	237
COV	[622-622]	622	253
COV	[623-623]	623	229
COV	[624-624]	624	244
COV	[625-625]	625	214
COV	[626-626]	626	211
COV	[627-627]	627	244
COV	[628-628]	628	219
COV	[629-629]	629	227
COV	[630-630]	630	216
COV	[631-631]	631	233
COV	[632-632]	632	230
COV	[633-633]	633	232
COV	[634-634]	634	213
COV	[635-635]	635	233
COV	[636-636]	636	217
COV	[637-637]	637	191
COV	[638-638]	638	164
COV	[639-639]	639	196
COV	[640-640]	640	194
COV	[641-641]	641	194
COV	[642-642]	642	206
COV	[643-643]	643	150
COV	[644-644]	644	179
COV	[645-645]	645	179
COV	[646-646]	646	180
COV	[647-647]	647	198
COV	[648-648]	648	185
COV	[649-649]	649	187
COV	[650-650]	650	211
COV	[651-651]	651	188
COV	[652-652]	652	185
COV	[653-653]	653	205
COV	[654-654]	654	194
COV	[655-655]	655	187
COV	[656-656]	656	177
COV	[657-657]	657	152
COV	[658-658]	658	198
COV	[659-659]	659	171
COV	[660-660]	660	192
COV	[661-661]	661	151
COV	[662-662]	662	171
COV	[663-663]	663	162
COV	[664-664]	664	190
COV	[665-665]	665	159
COV	[666-666]	666	171
COV	[667-667]	667	179
COV	[668-668]	668	152
COV	[669-669]	669	131
COV	[670-670]	670	148
COV	[671-671]	671	128
COV	[672-672]	672	175
COV	[673-673]	673	148
COV	[674-674]	674	129
COV	[675-675]	675	154
COV	[676-676]	676	151
COV	[677-677]	677	159
COV	[678-678]	678	132
COV	[679-679]	679	151
COV	[680-680]	680	120
COV	[681-681]	681	142
COV	[682-682]	682	120
COV	[683-683]	683	160
COV	[684-684]	684	160
COV	[685-685]	685	146
COV	[686-686]	686	152
COV	[687-687]	687	137
COV	[688-688]	688	127
COV	[689-689]	689	139
COV	[690-690]	690	127
COV	[691-691]	691	147
COV	[692-692]	692	124
COV	[693-693]	693	142
COV	[694-694]	694	123
COV	[695-695]	695	140
COV	[696-696]	696	127
COV	[697-697]	697	127
COV	[698-698]	698	116
COV	[699-699]	699	120
COV	[700-700]	700	120
COV	[701-701]	701	118
COV	[702-702]	702	112
COV	[703-703]	703	143
COV	[704-704]	704	110
COV	[705-705]	705	139
COV	[706-706]	706	126
COV	[707-707]	707	127
COV	[708-708]	708	105
COV	[709-709]	709	115
COV	[710-710]	710	122
COV	[711-711]	711	108
COV	[712-712]	712	115
COV	[713-713]	713	132
COV	[714-714]	714	119
COV	[715-715]	715	102
COV	[716-716]	716	131
COV	[717-717]	717	125
COV	[718-718]	718	112
COV	[719-719]	719	117
COV	[720-720]	720	115
COV	[721-721]	721	113
COV	[722-722]	722	125
COV	[723-723]	723	106
COV	[724-724]	724	110
COV	[725-725]	725	104
COV	[726-726]	726	109
COV	[727-727]	727	104
COV	[728-728]	728	112
COV	[729-729]	729	108
COV	[730-730]	730	104
COV	[731-731]	731	105
COV	[732-732]	732	111
COV	[733-733]	733	111
COV	[734-734]	734	116
COV	[735-735]	735	99
COV	[736-736]	736	106
COV	[737-737]	737	108
COV	[738-738]	738	115
COV	[739-739]	739	124
COV	[740-740]	740	108
COV	[741-741]	741	102
COV	[742-742]	742	98
COV	[743-743]	743	101
COV	[744-744]	744	80
COV	[745-745]	745	105
COV	[746-746]	746	84
COV	[747-747]	747	88
COV	[748-748]	748	84
COV	[749-749]	749	71
COV	[750-750]	750	81
COV	[751-751]	751	72
COV	[752-752]	752	64
COV	[753-753]	753	78
COV	[754-754]	754	84
COV	[755-755]	755	80
COV	[756-756]	756	72
COV	[757-757]	757	92
COV	[758-758]	758	71
COV	[759-759]	759	68
COV	[760-760]	760	89
COV	[761-761]	761	96
COV	[762-762]	762	78
COV	[763-763]	763	76
COV	[764-764]	764	84
COV	[765-765]	765	80
COV	[766-766]	766	73
COV	[767-767]	767	72
COV	[768-768]	768	72
COV	[769-769]	769	74
COV	[770-770]	770	60
COV	[771-771]	771	88
COV	[772-772]	772	79
COV	[773-773]	773	64
COV	[774-774]	774	64
COV	[775-775]	775	68
COV	[776-776]	776	60
COV	[777-777]	777	57
COV	[778-778]	778	64
COV	[779-779]	779	67
COV	[780-780]	780	60
COV	[781-781]	781	68
COV	[782-782]	782	75
COV	[783-783]	783	70
COV	[784-784]	784	63
COV	[785-785]	785	54
COV	[786-786]	786	65
COV	[787-787]	787	70
COV	[788-788]	788	73
COV	[789-789]	789	74
COV	[790-790]	790	69
COV	[791-791]	791	67
COV	[792-792]	792	68
COV	[793-793]	793	71
COV	[794-794]	794	83
COV	[795-795]	795	78
COV	[796-796]	796	73
COV	[797-797]	797	75
COV	[798-798]	798	68
COV	[799-799]	799	61
COV	[800-800]	800	63
COV	[801-801]	801	58
COV	[802-802]	802	66
COV	[803-803]	803	53
COV	[804-804]	804	67
COV	[805-805]	805	49
COV	[806-806]	806	56
COV	[807-807]	807	70
COV	[808-808]	808	52
COV	[809-809]	809	67
COV	[810-810]	810	69
COV	[811-811]	811	55
COV	[812-812]	812	50
COV	[813-813]	813	57
COV	[814-814]	814	60
COV	[815-815]	815	57
COV	[816-816]	816	45
COV	[817-817]	817	52
COV	[818-818]	818	51
COV	[819-819]	819	43
COV	[820-820]	820	40
COV	[821-821]	821	51
COV	[822-822]	822	53
COV	[823-823]	823	57
COV	[824-824]	824	54
COV	[825-825]	825	46
COV	[826-826]	826	42
COV	[827-827]	827	62
COV	[828-828]	828	51
COV	[829-829]	829	61
COV	[830-830]	830	69
COV	[831-831]	831	42
COV	[832-832]	832	40
COV	[833-833]	833	34
COV	[834-834]	834	51
COV	[835-835]	835	47
COV	[836-836]	836	42
COV	[837-837]	837	49
COV	[838-838]	838	47
COV	[839-839]	839	49
COV	[840-840]	840	31
COV	[841-841]	841	48
COV	[842-842]	842	47
COV	[843-843]	843	46
COV	[844-844]	844	35
COV	[845-845]	845	31
COV	[846-846]	846	37
COV	[847-847]	847	32
COV	[848-848]	848	32
COV	[849-849]	849	37
COV	[850-850]	850	35
COV	[851-851]	851	34
COV	[852-852]	852	41
COV	[853-853]	853	35
COV	[854-854]	854	30
COV	[855-855]	855	42
COV	[856-856]	856	43
COV	[857-857]	857	40
COV	[858-858]	858	43
COV	[859-859]	859	37
COV	[860-860]	860	22
COV	[861-861]	861	55
COV	[862-862]	862	35
COV	[863-863]	863	41
COV	[864-864]	864	44
COV	[865-865]	865	39
COV	[866-866]	866	36
COV	[867-867]	867	37
COV	[868-868]	868	33
COV	[869-869]	869	37
COV	[870-870]	870	43
COV	[871-871]	871	41
COV	[872-872]	872	30
COV	[873-873]	873	47
COV	[874-874]	874	42
COV	[875-875]	875	35
COV	[876-876]	876	37
COV	[877-877]	877	49
COV	[878-878]	878	42
COV	[879-879]	879	50
COV	[880-880]	880	39
COV	[881-881]	881	34
COV	[882-882]	882	47
COV	[883-883]	883	37
COV	[884-884]	884	33
COV	[885-885]	885	38
COV	[886-886]	886	44
COV	[887-887]	887	31
COV	[888-888]	888	45
COV	[889-889]	889	35
COV	[890-890]	890	33
COV	[891-891]	891	34
COV	[892-892]	892	40
COV	[893-893]	893	47
COV	[894-894]	894	30
COV	[895-895]	895	31
COV	[896-896]	896	45
COV	[897-897]	897	39
COV	[898-898]	898	33
COV	[899-899]	899	49
COV	[900-900]	900	37
COV	[901-901]	901	37
COV	[902-902]	902	27
COV	[903-903]	903	38
COV	[904-904]	904	31
COV	[905-905]	905	48
COV	[906-906]	906	35
COV	[907-907]	907	39
COV	[908-908]	908	35
COV	[909-909]	909	28
COV	[910-910]	910	30
COV	[911-911]	911	33
COV	[912-912]	912	18
COV	[913-913]	913	33
COV	[914-914]	914	25
COV	[915-915]	915	24
COV	[916-916]	916	29
COV	[917-917]	917	27
COV	[918-918]	918	37
COV	[919-919]	919	33
COV	[920-920]	920	31
COV	[921-921]	921	28
COV	[922-922]	922	32
COV	[923-923]	923	29
COV	[924-924]	924	24
COV	[925-925]	925	30
COV	[926-926]	926	28
COV	[927-927]	927	30
COV	[928-928]	928	29
COV	[929-929]	929	25
COV	[930-930]	930	35
COV	[931-931]	931	25
COV	[932-932]	932	27
COV	[933-933]	933	25
COV	[934-934]	934	18
COV	[935-935]	935	17
COV	[936-936]	936	21
COV	[937-937]	937	27
COV	[938-938]	938	22
COV	[939-939]	939	21
COV	[940-940]	940	26
COV	[941-941]	941	25
COV	[942-942]	942	28
COV	[943-943]	943	22
COV	[944-944]	944	25
COV	[945-945]	945	28
COV	[946-946]	946	25
COV	[947-947]	947	29
COV	[948-948]	948	31
COV	[949-949]	949	26
COV	[950-950]	950	27
COV	[951-951]	951	18
COV	[952-952]	952	20
COV	[953-953]	953	25
COV	[954-954]	954	14
COV	[955-955]	955	27
COV	[956-956]	956	24
COV	[957-957]	957	35
COV	[958-958]	958	22
COV	[959-959]	959	25
COV	[960-960]	960	26
COV	[961-961]	961	22
COV	[962-962]	962	30
COV	[963-963]	963	26
COV	[964-964]	964	21
COV	[965-965]	965	17
COV	[966-966]	966	23
COV	[967-967]	967	23
COV	[968-968]	968	20
COV	[969-969]	969	14
COV	[970-970]	970	24
COV	[971-971]	971	25
COV	[972-972]	972	26
COV	[973-973]	973	14
COV	[974-974]	974	20
COV	[975-975]	975	21
COV	[976-976]	976	23
COV	[977-977]	977	21
COV	[978-978]	978	15
COV	[979-979]	979	27
COV	[980-980]	980	18
COV	[981-981]	981	27
COV	[982-982]	982	24
COV	[983-983]	983	25
COV	[984-984]	984	26
COV	[985-985]	985	17
COV	[986-986]	986	23
COV	[987-987]	987	29
COV	[988-988]	988	20
COV	[989-989]	989	31
COV	[990-990]	990	22
COV	[991-991]	991	19
COV	[992-992]	992	29
COV	[993-993]	993	21
COV	[994-994]	994	23
COV	[995-995]	995	25
COV	[996-996]	996	26
COV	[997-997]	997	25
COV	[998-998]	998	19
COV	[999-999]	999	27
COV	[1000-1000]	1000	17
COV	[1000<]	1000	9691
# GC-depth. Use `grep ^GCD | cut -f 2-` to extract this part. The columns are: GC%, unique sequence percentiles, 10th, 25th, 50th, 75th and 90th depth percentile
GCD	0.0	0.078	0.005	0.005	0.005	0.005	0.010
GCD	5.0	0.079	0.010	0.010	0.010	0.010	0.010
GCD	6.0	0.080	0.070	0.070	0.070	0.070	0.070
GCD	7.0	0.080	0.015	0.015	0.015	0.015	0.015
GCD	9.0	0.081	0.050	0.050	0.050	0.050	0.050
GCD	10.0	0.086	0.010	0.014	0.032	0.240	0.330
GCD	11.0	0.090	0.005	0.007	0.015	0.097	0.180
GCD	12.0	0.092	0.020	0.020	0.020	0.020	0.020
GCD	13.0	0.094	0.010	0.010	0.015	0.020	0.020
GCD	14.0	0.101	0.010	0.015	0.025	0.027	0.030
GCD	15.0	0.106	0.010	0.014	0.015	0.026	0.045
GCD	16.0	0.119	0.010	0.011	0.022	0.029	0.068
GCD	17.0	0.134	0.010	0.010	0.015	0.020	0.030
GCD	18.0	0.150	0.010	0.015	0.015	0.025	0.035
GCD	19.0	0.176	0.010	0.010	0.015	0.025	0.030
GCD	20.0	0.204	0.010	0.010	0.020	0.030	0.050
GCD	21.0	0.228	0.015	0.015	0.025	0.035	0.088
GCD	22.0	0.275	0.010	0.015	0.020	0.030	0.040
GCD	23.0	0.335	0.010	0.015	0.020	0.025	0.037
GCD	24.0	0.396	0.010	0.015	0.020	0.030	0.043
GCD	25.0	0.508	0.010	0.015	0.020	0.030	0.045
GCD	26.0	0.638	0.010	0.015	0.025	0.035	0.050
GCD	27.0	0.832	0.011	0.020	0.030	0.045	0.584
GCD	28.0	1.112	0.010	0.020	0.030	0.050	0.393
GCD	29.0	1.546	0.015	0.025	0.035	0.060	1.921
GCD	30.0	2.171	0.015	0.025	0.040	0.478	2.778
GCD	31.0	3.184	0.015	0.025	0.040	0.951	4.315
GCD	32.0	4.579	0.020	0.030	0.055	2.291	7.427
GCD	33.0	6.681	0.020	0.035	0.060	3.423	8.624
GCD	34.0	9.463	0.020	0.035	0.065	4.257	9.890
GCD	35.0	12.919	0.025	0.040	0.070	4.418	10.383
GCD	36.0	17.121	0.025	0.040	0.070	3.966	9.873
GCD	37.0	21.963	0.025	0.040	0.070	3.659	9.931
GCD	38.0	27.524	0.025	0.040	0.065	2.507	8.650
GCD	39.0	33.267	0.025	0.040	0.070	2.365	8.312
GCD	40.0	39.016	0.030	0.040	0.070	2.430	8.060
GCD	41.0	44.815	0.025	0.040	0.070	2.009	7.828
GCD	42.0	50.316	0.030	0.040	0.070	2.026	7.323
GCD	43.0	55.524	0.030	0.045	0.075	1.959	7.145
GCD	44.0	60.523	0.030	0.045	0.075	1.984	6.833
GCD	45.0	64.896	0.030	0.050	0.080	1.936	6.724
GCD	46.0	69.024	0.030	0.045	0.085	1.989	6.806
GCD	47.0	72.658	0.030	0.050	0.085	2.354	7.512
GCD	48.0	75.945	0.030	0.050	0.095	2.533	7.629
GCD	49.0	78.751	0.030	0.050	0.110	2.858	7.588
GCD	50.0	81.324	0.030	0.055	0.167	3.177	8.049
GCD	51.0	83.481	0.030	0.060	0.530	3.788	8.420
GCD	52.0	85.446	0.030	0.060	0.814	4.092	8.804
GCD	53.0	87.145	0.040	0.080	1.279	4.632	9.764
GCD	54.0	88.659	0.040	0.080	1.229	4.605	9.338
GCD	55.0	90.075	0.045	0.105	1.759	5.706	11.113
GCD	56.0	91.436	0.050	0.260	2.084	5.846	10.807
GCD	57.0	92.682	0.059	0.415	2.019	6.276	11.458
GCD	58.0	93.835	0.070	0.691	2.451	6.580	10.931
GCD	59.0	94.957	0.083	0.640	2.438	5.971	10.721
GCD	60.0	95.957	0.090	0.663	2.259	5.974	9.999
GCD	61.0	96.846	0.115	0.670	2.121	5.410	9.252
GCD	62.0	97.618	0.115	0.525	1.889	5.162	9.744
GCD	63.0	98.210	0.148	0.395	1.204	3.633	7.191
GCD	64.0	98.694	0.155	0.365	0.962	2.959	6.562
GCD	65.0	99.129	0.195	0.365	0.867	2.491	5.934
GCD	66.0	99.420	0.146	0.320	0.750	2.209	5.636
GCD	67.0	99.620	0.105	0.227	0.465	0.899	2.119
GCD	68.0	99.765	0.140	0.220	0.357	0.713	1.255
GCD	69.0	99.867	0.118	0.210	0.330	0.565	1.022
GCD	70.0	99.930	0.129	0.264	0.360	0.566	1.017
GCD	71.0	99.955	0.052	0.120	0.250	0.360	0.519
GCD	72.0	99.973	0.032	0.142	0.312	0.486	0.648
GCD	73.0	99.984	0.007	0.051	0.197	0.297	0.540
GCD	74.0	99.990	0.010	0.010	0.110	0.350	0.640
GCD	75.0	99.994	0.005	0.016	0.172	0.386	0.420
GCD	76.0	99.998	0.060	0.062	0.100	0.197	0.220
GCD	78.0	99.999	0.020	0.020	0.350	0.680	0.680
GCD	83.0	100.000	0.010	0.010	0.010	0.010	0.010
