# This file was produced by samtools stats (1.23+htslib-1.23) and can be plotted using plot-bamstats
# This file contains statistics for all reads.
# The command line was:  stats data/AFR/ASW/NA20355/aligned/NA20355.bam
# CHK, Checksum	[2]Read Names	[3]Sequences	[4]Qualities
# CHK, CRC32 of reads which passed filtering followed by addition (32bit overflow)
CHK	2daa8f16	18cfbcfc	c15bb61d
# Summary Numbers. Use `grep ^SN | cut -f 2-` to extract this part.
SN	raw total sequences:	45915500	# excluding supplementary and secondary reads
SN	filtered sequences:	0
SN	sequences:	45915500
SN	is sorted:	1	# sorted by coordinate
SN	1st fragments:	22957750
SN	last fragments:	22957750
SN	reads mapped:	45908296
SN	reads mapped and paired:	45906374	# paired-end technology bit set + both mates mapped
SN	reads unmapped:	7204
SN	reads properly paired:	45574996	# proper-pair bit set
SN	reads paired:	45915500	# paired-end technology bit set
SN	reads duplicated:	0	# PCR or optical duplicate bit set
SN	reads MQ0:	4150717	# mapped and MQ=0
SN	reads QC failed:	0
SN	non-primary alignments:	0
SN	supplementary alignments:	70140
SN	total length:	4586718598	# ignores clipping
SN	total first fragment length:	2293359299	# ignores clipping
SN	total last fragment length:	2293359299	# ignores clipping
SN	bases mapped:	4586027367	# ignores clipping
SN	bases mapped (cigar):	4416235489	# more accurate
SN	bases trimmed:	0
SN	bases duplicated:	0
SN	mismatches:	35576950	# from NM fields
SN	error rate:	8.055945e-03	# mismatches / bases mapped (cigar)
SN	average length:	100
SN	average first fragment length:	100
SN	average last fragment length:	100
SN	maximum length:	100
SN	maximum first fragment length:	100
SN	maximum last fragment length:	100
SN	average quality:	32.1
SN	insert size average:	218.7
SN	insert size standard deviation:	71.2
SN	inward oriented pairs:	22806295
SN	outward oriented pairs:	8160
SN	pairs with other orientation:	7399
SN	pairs on different chromosomes:	131333
SN	percentage of properly paired reads (%):	99.3
# First Fragment Qualities. Use `grep ^FFQ | cut -f 2-` to extract this part.
# Columns correspond to qualities and rows to cycles. First column is the cycle number.
FFQ	1	0	0	16799	0	0	0	0	0	0	0	71370	0	0	0	0	0	100840	0	0	122	0	0	32460	128269	0	83641	396560	595877	237641	0	1913372	10619173	0	1128963	7632663	0	0	0	0	0	0	0	0
FFQ	2	0	0	0	0	0	0	0	0	0	0	39002	0	0	0	0	0	103239	0	0	1329	0	0	45708	94140	0	96113	314168	625921	237207	0	1620660	9412189	0	546992	9821082	0	0	0	0	0	0	0	0
FFQ	3	0	0	28	0	0	0	0	0	0	0	30374	0	0	0	0	0	78104	0	0	55	0	0	50219	83330	0	93665	289699	633006	235223	0	1550979	8922632	0	501535	10488901	0	0	0	0	0	0	0	0
FFQ	4	0	0	0	0	0	0	0	0	0	0	26439	0	0	0	0	0	43087	0	0	27527	0	0	39304	0	0	77486	146155	12209	204502	5027	393430	10810	551683	885942	0	6761314	0	13772835	0	0	0	0	0
FFQ	5	0	0	4852	0	0	0	0	0	0	0	65143	0	0	0	0	0	70531	0	0	48455	0	0	53430	0	0	117702	194376	15391	249048	5288	472766	12732	607354	965707	0	6687585	0	13387390	0	0	0	0	0
FFQ	6	0	0	273	0	0	0	40	0	6243	0	39483	13537	0	0	25	5745	10849	57374	26688	27714	0	5040	3785	49886	45	127310	169237	24794	144785	113873	440600	55968	690347	916179	96	6288438	462695	13276701	0	0	0	0	0
FFQ	7	0	0	0	0	0	19	103	0	6915	0	44055	15203	14	0	61	6086	11967	58788	28928	28155	20	5456	4108	52774	54	136222	177213	30189	147231	115613	456322	57862	708029	935714	121	6282323	464427	13183778	0	0	0	0	0
FFQ	8	0	0	0	0	0	38	100	5	6145	0	39655	13120	37	0	45	6007	11590	56977	28192	27122	61	5791	4232	51406	61	136333	175445	38583	142839	113392	456323	60371	715056	952435	128	6324747	474620	13116894	0	0	0	0	0
FFQ	9	0	0	0	0	0	50	83	14	7011	0	43628	14505	43	4	63	6134	12555	57601	30151	28346	179	6125	4468	54222	131	142563	63485	175252	125855	116921	469805	45163	632012	669810	396607	2140251	2407	3580118	1543583	12588605	0	0	0
FFQ	10	0	0	792	0	0	81	75	32	6875	3	43436	14155	100	9	46	6723	12641	59293	30661	28955	274	6280	4553	54083	266	145036	64635	207354	98926	117848	474902	45897	641927	676816	402144	2157175	2331	3595029	1557072	12501325	0	0	0
FFQ	11	0	0	0	0	0	103	79	45	8292	39	49886	16658	131	10	63	7293	13590	63664	32616	30952	371	6638	4821	57006	434	149522	65478	251914	59856	120750	482930	45954	647781	684414	403004	2162725	2169	3600534	1584624	12403404	0	0	0
FFQ	12	0	0	0	0	0	136	99	65	8485	69	51080	16971	183	9	59	7812	13452	67310	33403	31055	368	6819	5111	58003	750	151920	66468	292868	27001	122154	488444	45833	659759	692428	412317	2178614	2170	3616105	1595985	12304445	0	0	0
FFQ	13	0	0	0	0	0	136	81	88	7665	124	46156	14944	180	21	74	7314	13157	61992	32311	30758	452	6993	5176	58533	1150	148229	66203	296425	20227	123811	491334	45780	663166	695399	415854	2196775	2272	3642632	1630596	12231742	0	0	0
FFQ	14	0	0	0	0	0	135	109	125	8686	222	51167	16901	242	21	80	1403	18488	66261	34873	32711	456	7596	5352	16353	47229	155900	68542	301332	20816	125994	217414	319458	477269	707815	472469	399728	1416969	1105798	2957905	1759023	4785664	7357244	0
FFQ	15	0	0	1	0	0	191	159	158	10128	378	58288	19164	282	41	151	1690	20287	72591	37654	34731	519	8105	5878	17698	51028	161136	72440	315291	21757	130905	226928	328225	493345	723325	484292	410025	1427924	1114529	2984567	1766995	4753328	7203616	0
FFQ	16	0	0	4	0	0	196	188	235	10433	595	58062	18507	324	57	193	2111	21238	73292	39411	35695	608	8548	6007	19084	53544	165500	74938	325248	22344	134455	234730	334502	506430	734722	499501	417777	1445990	1126800	3021445	1777985	4752323	7034728	0
FFQ	17	0	0	1	0	0	209	168	256	9698	834	53188	16927	348	88	216	2226	20733	69630	38230	35173	667	8931	6087	20245	54917	161620	74362	320540	22528	134357	237399	334399	507076	739183	509747	423251	1459259	1146836	3048348	1807518	4772378	6920177	0
FFQ	18	0	0	0	0	0	284	335	478	16130	1656	78175	24941	419	165	275	3027	24153	79494	42926	40259	737	9860	6632	22844	61445	170307	77439	330986	23638	139388	246037	342368	507058	755340	507586	434940	1462194	1146712	3072324	1804340	4761897	6760961	0
FFQ	19	0	0	0	0	0	245	309	442	12251	1741	60048	18588	462	166	284	3479	21075	6426	114534	38205	857	10315	7036	24203	64529	166657	77862	337505	24505	141828	252969	345953	520129	461357	825941	445414	1257248	1181908	2557082	2257404	4987236	6731557	0
FFQ	20	0	0	0	0	0	269	323	503	13008	2373	58119	17673	504	234	340	4107	22500	8080	107778	39203	1004	10849	7135	26934	70110	166966	81320	331413	25501	145104	264503	352007	514901	471460	838819	460270	1280438	1200677	2601785	2294594	4973455	6563491	0
FFQ	21	0	0	0	0	0	316	472	653	15287	3638	65049	19315	643	296	455	4997	24428	10655	106670	40242	1107	12008	7493	29553	76907	163759	81144	329070	26116	147546	272938	353726	507238	477026	837884	471897	1286985	1214159	2631520	2354621	4956064	6425873	0
FFQ	22	0	0	17	0	0	392	639	944	20519	5681	77528	22248	750	390	594	6348	28887	14633	110674	45247	1287	13625	8469	34482	90811	166698	87016	342284	28595	156334	290013	366852	515771	492036	853648	490302	1302031	1219392	2677705	2385084	4906861	6192963	0
FFQ	23	0	0	4	0	0	396	674	980	19031	6771	67354	18135	850	514	720	7645	30200	18639	104514	43766	1441	14336	8890	37653	98899	160833	87367	341463	29027	155108	303959	369382	518857	497536	870845	506900	1312337	1251877	2714562	2449898	4881477	6024910	0
FFQ	24	0	0	7	0	0	280	610	940	15450	6498	50520	12596	828	541	733	8239	28626	22458	86968	34982	1672	12676	7765	37897	91546	146804	80144	317130	25662	129011	318039	339515	505429	472515	843624	503626	1248832	1280829	2597991	2564713	4479859	6682195	0
FFQ	25	0	0	10	0	0	336	710	1131	18643	9171	53169	12309	995	633	768	9559	31020	25752	78606	36220	1809	13874	8397	41715	105821	137206	81253	302912	26898	133995	328583	340462	476071	478641	826440	520809	1245128	1259934	2617762	2507043	4525614	6698351	0
FFQ	26	0	0	17	0	0	535	1228	2236	33510	19080	86248	18417	1171	820	1112	12364	38228	34252	80581	41643	1948	15850	9212	46105	124927	132006	84301	297226	28118	139138	343968	346224	455799	485885	815100	543511	1239794	1236126	2630681	2430194	4570050	6610145	0
FFQ	27	0	0	22	0	0	525	1307	2260	32471	21580	72699	13209	1336	1168	1310	14694	43610	42457	71058	38160	2304	16507	9599	47593	134112	127514	83149	290902	28993	137341	364921	342893	446989	489373	814577	566445	1234583	1237754	2648178	2376205	4645318	6554634	0
FFQ	28	0	0	31	0	0	579	1500	2702	34374	26335	65315	8964	1471	1354	1506	16797	48092	44845	61418	38022	2573	18337	10043	49933	147345	123897	83507	279429	30711	139077	389471	345335	424485	497748	813685	597893	1235564	1241503	2678264	2322569	4711710	6461366	0
FFQ	29	0	0	44	0	0	631	1902	3490	41334	36033	65742	6673	1725	1673	1815	20125	54539	46277	55785	40037	2987	20215	11144	52203	163822	124094	86674	267031	32279	142487	415112	351025	400880	512186	807290	632911	1232060	1232601	2720264	2262340	4756350	6353970	0
FFQ	30	0	0	57	0	0	672	2337	4303	48356	47048	62164	4074	2083	2047	2259	24319	63233	46422	53099	42475	3503	21344	12236	56370	178653	133004	91381	261660	35165	146588	454234	358800	383923	530199	810546	673481	1227630	1231506	2766539	2200860	4770794	6204386	0
FFQ	31	0	0	76	0	0	724	2523	4726	47012	50321	45717	1751	2296	2435	2740	27522	68380	39912	49058	41743	3992	23030	13525	57474	184426	143447	92789	247694	37150	147231	489655	363870	361744	544770	809224	716618	1220709	1244151	2825835	2154006	4798333	6091141	0
FFQ	32	0	0	77	0	0	781	2995	5657	52223	61078	38725	1051	2718	2834	3321	31038	71947	32617	48046	42835	4569	25155	14668	59111	189250	151189	95056	232920	40141	148524	519471	369304	333539	564702	805463	766848	1202158	1254778	2882822	2095846	4805341	5997685	0
FFQ	33	0	0	80	0	0	875	3706	7207	57777	74550	30751	799	3084	3294	3900	35412	78250	25690	50674	45075	5291	28391	16027	60858	198019	162893	100076	223891	43515	154860	548556	379981	313016	586664	799661	817988	1185801	1257386	2945105	2030075	4794185	5881958	0
FFQ	34	0	0	96	0	0	991	4627	8926	66299	92658	22888	898	3606	4274	4768	42044	84496	19786	53035	47748	6279	30975	17975	63074	204370	176551	104498	218053	47732	158636	581921	390195	295919	611711	795759	875957	1160249	1266138	2993973	1972160	4755401	5769497	0
FFQ	35	0	0	103	0	0	973	4535	8975	55175	81409	11350	991	4062	4891	5433	45623	83758	13755	49161	44416	6990	31748	19612	64753	198885	185925	105840	202174	52149	156963	606778	392262	277964	633544	788742	934260	1118087	1300608	3048761	1946833	4773141	5692457	0
FFQ	36	0	0	111	0	0	1135	5666	11393	63203	97781	7112	1106	4632	5562	6514	49866	80918	10330	53093	48254	8162	35540	21662	67968	210140	181493	113475	203500	57720	163789	616787	405779	274567	666684	779449	997015	1091970	1306193	3091562	1895632	4749486	5566887	0
FFQ	37	0	0	119	0	0	1256	6702	13746	66998	106944	3661	1307	5329	6866	7755	56958	80916	8992	54005	49140	9333	38486	24217	71199	214890	183339	118010	201092	64189	167140	626504	412165	270664	696366	765775	1051675	1052218	1318695	3112568	1880135	4739683	5462212	0
FFQ	38	0	0	148	0	0	1434	8137	17095	73284	121875	2113	1599	6408	8385	9452	66195	80092	8959	57197	53441	10707	41533	27009	77030	225273	182854	125346	204500	71675	173856	637340	424568	276189	732476	759160	1105470	1019608	1325246	3124873	1867440	4700977	5321420	0
FFQ	39	0	0	145	0	0	1514	8684	17905	65923	108361	1352	1829	7334	9728	10828	71413	73587	9151	54897	51473	12409	40482	29607	83925	225077	180531	129774	201869	79745	174659	644904	430760	280129	768018	749160	1160984	988577	1345133	3024584	1999063	4688297	5217690	0
FFQ	40	0	0	149	0	0	1654	9550	20115	65529	107720	1187	2061	8068	11064	11921	75637	63116	10341	56423	53166	13966	43071	32875	90362	230011	169760	137868	205700	89725	178804	646013	445258	289642	805430	741785	1207738	964694	1357381	3042460	1989345	4656270	5112791	0
FFQ	41	0	0	165	0	0	1923	10826	22885	66380	107517	1246	2348	8806	12600	13912	78859	54792	11729	57326	54154	15929	45334	35862	96090	233854	157838	143668	207777	100078	184447	636369	454131	297936	840512	732512	1245820	952422	1374333	3050153	1994941	4641473	5000923	0
FFQ	42	0	0	189	0	0	2208	12185	25874	65970	107111	1300	2631	9930	14757	15946	84470	48137	13273	58883	56031	18137	47799	39712	104820	241226	148372	153503	211139	112722	189822	634236	466319	310292	876731	727901	1269593	948376	1388634	3053475	1987873	4613970	4883589	0
FFQ	43	0	0	205	0	0	2399	14054	31026	70758	113394	1465	3008	11002	17408	18582	90028	41777	14968	61270	58444	20232	50355	44284	113382	249192	137689	163695	216109	126393	197805	626706	482402	323301	914206	727126	1286743	955310	1401095	3057793	1981851	4573918	4747041	0
FFQ	44	0	0	765	0	0	2750	17080	37550	78801	125184	1751	3657	12823	21052	22346	99709	37535	17150	64676	62363	23651	53428	49897	125482	258787	130902	175804	221651	144716	204331	633581	498549	335834	950851	731540	1297870	963209	1413639	3055536	1978470	4496715	4596077	0
FFQ	45	0	0	245	0	0	2947	16486	36166	66654	100707	1936	4162	14018	23596	23335	98123	28851	18033	60545	60180	35664	46825	54739	137743	260328	126864	185276	219045	162585	209092	634944	512197	347774	986173	741578	1317048	979034	1441130	3055571	1947403	4508153	4479886	0
FFQ	46	0	0	412	0	0	3319	19405	42419	73291	107721	2086	4627	14486	26299	26210	93203	23548	20323	63543	64513	39166	49055	59715	149533	266059	109041	198794	225271	182029	218961	617922	533596	365807	1013325	761415	1322321	1006750	1456701	3050865	1947188	4446757	4338676	0
FFQ	47	0	0	308	0	0	2433	15806	37462	63642	92812	2300	5175	15511	29892	26792	94145	18263	18098	54316	52422	42978	45603	63374	153985	247383	98927	196298	196270	201472	190383	614589	511155	351952	1011944	723968	1331531	938073	1507811	2878517	2136514	4367214	4604412	0
FFQ	48	0	0	1422	0	0	2640	16645	40138	63665	87780	2177	5298	15781	30981	28844	86665	15510	19573	56010	54194	42872	45913	65052	159530	242950	84510	203009	198970	210196	201140	573778	520672	365011	995521	752837	1327704	981000	1484228	2839897	2069185	4346740	4705089	0
FFQ	49	0	0	551	0	0	2727	17262	42781	63566	82776	2345	5477	16135	33110	29889	79347	13398	20023	55589	53699	44964	45429	67486	150866	243817	69067	209653	202156	224281	206035	544678	529224	375176	988076	782497	1307941	1024228	1498204	2561830	2276904	4322311	4749002	0
FFQ	50	0	0	1128	0	0	3014	19968	50301	72322	87132	2603	6015	17475	37444	33369	74974	13333	22690	60675	58230	49122	47455	74844	162632	249003	60389	223343	208090	246459	219489	527532	549696	392684	985750	823336	1323630	1058294	1496780	2525623	2246524	4238730	4671824	0
FFQ	51	0	0	1600	0	0	3200	21427	53631	76297	84103	2850	6868	18476	42198	36117	70231	12744	23157	61354	58240	53120	48343	80880	172667	244046	52684	234788	207610	269991	226218	512835	565747	407202	983303	869053	1336701	1083794	1515036	2487226	2242123	4167644	4607781	0
FFQ	52	0	0	794	0	0	3356	21292	54701	76145	73881	3046	7538	19703	46451	38081	64384	12740	24391	64509	58810	57991	49537	88273	183610	240375	47035	248831	207920	297367	236305	500888	586296	425582	985954	920767	1359363	1117351	1533927	2459924	2245697	4089423	4488390	0
FFQ	53	0	0	1635	0	0	3811	22839	58592	80035	67984	3234	8176	20550	50441	39903	55558	12874	25149	67569	59791	62663	51609	96224	193318	235142	42128	266515	209365	324874	247859	486086	612640	448304	986065	981162	1380285	1152360	1552908	2432365	2248029	4015137	4336804	0
FFQ	54	0	0	1337	0	0	4108	24437	62373	86930	64343	3601	9351	21587	55188	40859	50301	12910	25658	69351	59145	67093	52652	102381	199038	223034	38645	278979	205067	349916	255176	468436	631204	465001	978169	1039009	1406251	1188680	1573810	2394572	2269401	3934782	4226455	0
FFQ	55	0	0	585	0	0	4515	26436	69755	98103	62453	3875	10401	21876	61273	44796	45709	13077	27641	73783	61884	70924	57838	112146	209832	155043	100398	296869	204664	378617	269428	455401	655151	488249	964147	1106027	1431045	1229832	1508243	2429371	2257881	3837307	4093908	0
FFQ	56	0	0	877	0	0	4698	25190	66805	94568	49960	4476	11292	22197	66641	44715	40383	12650	27764	75624	58868	77721	59580	122404	217508	145914	101008	312735	200526	409949	281046	447701	681087	511575	965376	1170602	1466506	1268813	1530003	2383929	2271683	3741797	3963567	0
FFQ	57	0	0	856	0	0	5275	27564	74229	106534	47297	4719	12041	22199	69814	45056	34796	13204	28812	80089	59959	81623	60938	130360	219448	133294	103372	328791	199067	431047	294585	434442	706218	535034	956750	1236697	1503848	1311724	1542880	2338989	2276642	3641005	3837818	0
FFQ	58	0	0	807	0	0	5489	25844	72063	104393	36996	5291	13413	22940	74474	44130	30700	12974	29810	82752	58363	87951	63103	139080	224855	124722	106750	346724	196724	457703	308677	428293	734545	560399	953828	1305723	1549298	1356813	1559390	2296757	2283074	3536003	3695422	0
FFQ	59	0	0	889	0	0	6524	30477	84091	124892	36420	5815	14692	23501	79571	42500	27303	14144	31660	93708	61547	86742	63651	162795	213790	110971	108931	393711	198228	481294	328999	424056	766327	589216	950756	1379523	1594978	1404278	1563987	2245772	2250193	3404636	3534951	0
FFQ	60	0	0	1141	0	0	6960	32502	91957	139231	32340	6677	16938	25185	89833	44356	26588	14096	33394	99533	61902	95462	67553	178253	217853	107384	114127	420088	197257	510942	346917	428374	799439	619021	954659	1449718	1644953	1451036	1574395	2184618	2258792	3257772	3333497	0
FFQ	61	0	0	7333	0	0	7196	29745	89096	132780	22682	7452	18507	25989	93891	42267	24703	14144	34234	104354	59226	102875	70554	192508	217872	102681	119393	444549	195136	535647	367948	436178	833852	647935	957228	1524968	1713753	1498204	1584917	2131850	2261576	3121695	3158952	0
FFQ	62	0	0	19291	0	0	7609	29777	91582	135944	17508	7864	19272	25276	94613	38816	22453	14042	34383	107535	57107	107570	72114	200886	208494	96345	122795	464381	192429	548818	383713	445548	863822	677255	956857	1599538	1788131	1548133	1606391	2061030	2280375	2985978	2999341	0
FFQ	63	0	0	37325	0	0	7918	28433	90805	132346	12431	8231	19910	24075	92974	35421	20965	13689	34772	111161	54179	111507	72772	208553	198742	91889	126313	479365	188215	549627	400003	455264	886832	708442	958475	1671854	1879678	1604919	1615257	1994796	2298986	2856668	2849340	0
FFQ	64	0	0	62576	0	0	8895	30721	102099	147377	10039	8861	20965	24305	96732	34942	20751	14518	37499	120822	56042	117932	76104	222114	192508	91308	134778	506242	189915	552344	424666	468319	913663	740021	961396	1740855	1967478	1655208	1612603	1922832	2278101	2697484	2668281	0
FFQ	65	0	0	93013	0	0	9270	30064	102806	145137	6642	9866	22820	24386	99540	32529	18428	16607	37350	108015	67347	123078	77361	214997	199201	90367	140639	519894	162534	553394	474482	490405	939236	767352	973149	1814840	2065622	1705843	1626672	1838265	2288723	2547293	2493118	0
FFQ	66	0	0	131104	0	0	9118	25446	95982	126493	3623	10059	23312	23347	95025	28931	18482	16307	38419	110879	64903	128853	79204	222994	191275	90409	145475	537051	161060	551454	498087	517105	964562	800404	985511	1892607	2178834	1762762	1642910	1748041	2293942	2394153	2321203	0
FFQ	67	0	0	178324	0	0	9936	26768	104275	132636	2235	10439	23253	22073	90562	26456	18357	17068	40257	118694	65807	132206	80330	228140	180180	92261	155268	559463	162147	537761	528325	543524	987240	834081	1004589	1966793	2291596	1813015	1650535	1663700	2269701	2226886	2133500	0
FFQ	68	0	0	234009	0	0	10230	26454	108983	133246	1282	11270	24466	22075	91413	24681	19282	17323	40669	122664	64997	138325	82598	234578	173756	94771	163127	580007	162035	531245	552763	575223	1009266	867357	1026451	2043873	2405915	1859018	1658568	1562449	2254682	2055886	1942538	0
FFQ	69	0	0	299403	0	0	10701	25362	113074	131680	724	11961	25598	22170	90189	23285	19870	17341	42099	127893	63632	144521	84485	239249	166674	96897	170585	596872	163339	517835	579616	605484	1022514	895160	1049676	2119333	2530720	1902448	1668645	1458629	2233222	1887086	1768576	0
FFQ	70	0	0	374336	0	0	10427	23399	109180	119238	356	12233	25985	21439	87490	20917	20263	16729	42406	128764	60232	148186	84541	216544	139492	141524	175177	608158	163531	500321	603272	636505	1035958	924235	1079796	2194602	2671807	1946024	1685307	1352152	2212792	1724142	1608185	0
FFQ	71	0	0	462414	0	0	11092	23297	114100	118591	170	12898	26263	20914	84710	19419	20784	17164	42773	133135	59493	151513	84525	213965	132285	144429	183081	617721	165543	475590	631777	664463	1045178	951022	1114174	2277631	2808330	1980695	1700389	1244313	2168976	1558591	1443401	0
FFQ	72	0	0	568646	0	0	10423	19383	106117	102023	68	13025	26091	20161	79104	16879	21178	16374	42017	132745	56170	153974	84104	209660	126529	146998	189697	626415	168400	457898	653437	696899	1057964	981230	1154624	2368254	2948630	2015939	1714902	1138315	2125733	1394727	1279060	0
FFQ	73	0	0	701414	0	0	10142	17599	105475	95306	45	12942	24437	18774	71720	14743	20969	16067	42001	134018	54138	152845	81587	201770	119620	149647	196846	631806	172371	431235	677316	727746	1074471	1013154	1196745	2463010	3086951	2042818	1725186	1033076	2060672	1231574	1112567	0
FFQ	74	0	0	878848	0	0	9086	14787	101191	85017	33	12690	22508	16798	63726	12730	20282	15830	40888	134299	51443	150698	79350	191309	113360	148693	203294	629787	174059	404513	698959	757177	1086960	1043606	1240274	2560430	3225190	2059097	1729190	927607	1991939	1068029	958139	0
FFQ	75	0	0	1126068	0	0	8635	14037	103468	83290	25	11936	20389	15828	57323	11491	19020	14691	38604	135253	49179	144545	75563	177386	104679	144250	206502	567524	220869	372945	709951	780760	1099859	1068262	1285651	2662229	3352846	2065966	1726995	828544	1896181	918049	801967	0
FFQ	76	0	0	1460057	0	0	6372	10766	93363	73642	13	15709	25177	17209	75558	8784	20046	11257	38926	115069	54597	194329	97889	227453	134801	186641	253644	771888	292018	549660	937814	1167259	1497628	1469647	1402056	3149016	2481015	1969693	1093925	643063	1631480	511022	231210	0
FFQ	77	0	0	1814456	0	0	5505	8673	82057	61522	14	12488	19744	13731	56132	6694	14546	10306	32369	106082	44558	141962	73357	167475	96868	138845	209811	592183	228559	363806	794111	1004056	1334460	1373866	1489911	3267425	2889783	2083242	1270558	588291	1739415	552745	229041	0
FFQ	78	0	0	2876840	0	0	5461	8013	78674	53652	27	13273	21524	13035	52485	5350	13274	9263	30400	100977	40298	130728	67422	146970	78952	113772	191264	520064	176344	283501	678490	889033	1179171	1220717	1327019	3035931	3244397	2006075	1443201	492439	1567226	497130	305103	0
FFQ	79	0	0	4909029	0	0	7016	10433	98960	61308	36	17494	29264	16331	69352	4647	13999	8535	30562	101538	42604	143713	75297	157886	71984	103374	192100	515575	148314	263099	631283	876216	1125151	1154067	1117279	2768934	2872612	1766511	1269060	370271	1271626	347566	253349	0
FFQ	80	0	0	7462898	0	0	10267	15144	143316	85567	79	25640	43778	22869	101608	4960	16601	9309	36414	123997	52157	179550	94699	193297	76427	106872	215080	577155	140216	266340	644914	833870	1050120	1050450	879544	2381954	2155637	1409538	955085	256295	918194	220571	154778	0
FFQ	81	0	0	9411702	0	0	15938	26115	222446	123665	129	30461	57026	28138	115399	5912	19900	11950	42158	161993	57435	201156	103658	201095	79044	113370	236426	610555	139265	242697	658921	736469	939059	922390	729926	2023140	1690030	1127630	743584	182788	664212	143129	95058	0
FFQ	82	0	0	10669570	0	0	24176	43396	307784	157982	155	31739	67377	30080	106819	9168	23459	16833	49670	205993	56821	206751	102757	179589	83510	121660	252011	600973	145226	210178	653680	650869	848044	813110	667705	1772396	1446378	934419	626654	137298	499082	97394	61873	0
FFQ	83	0	0	11559335	0	0	23784	42562	288424	137346	192	29684	69464	29932	93467	11924	31647	19007	55684	223403	56206	232221	109180	166147	96916	143140	259065	606286	162650	197405	651668	623114	803568	742582	648360	1591625	1283244	790747	538744	103728	382532	65939	40302	0
FFQ	84	0	0	12230701	0	0	33672	47872	295753	118210	73	28806	61541	31960	82136	14568	35079	19316	56822	217377	55122	245252	110282	150384	105450	153114	261396	608511	173039	185854	649797	592396	773716	701747	617935	1485202	1168281	683721	467603	76474	301094	43065	26366	0
FFQ	85	0	0	12742491	0	0	36511	41538	280433	98558	46	28823	57790	32135	70453	13059	39567	18348	57784	208756	54608	256838	106035	131023	112440	160810	259772	594166	183217	171267	645798	574232	752611	684626	608885	1431647	1099809	605741	409803	56068	238042	27621	16711	0
FFQ	86	0	0	13164321	0	0	35756	35585	284354	86015	43	29891	55326	32682	63259	12135	40851	18755	60189	202812	54105	261801	101303	113014	118054	163496	260601	574115	193360	156388	641232	563715	734935	669301	606185	1388681	1044954	532804	354518	40343	184214	16963	10118	0
FFQ	87	0	0	13526749	0	0	34041	29565	282177	72308	40	32519	54080	32800	55854	10597	40193	18867	61202	196264	56036	266186	97045	97052	120869	164429	269271	554271	201119	141124	644786	549072	723738	658433	598408	1364149	995503	469592	302824	27696	139395	10095	5795	0
FFQ	88	0	0	13845545	0	0	30418	24716	273331	58675	42	34244	53280	32733	49366	9500	37576	18048	60351	189502	60392	265953	90937	81632	119023	161348	281939	527559	201280	124714	648637	523249	718732	653082	582411	1362683	964830	422615	261343	19091	104030	5789	3275	0
FFQ	89	0	0	14142576	0	0	27459	21608	265173	47216	31	34516	48724	31375	40498	8742	35128	17874	57634	183972	63843	261903	83257	66388	115892	158008	294624	497812	200955	109329	652067	494836	713121	653977	558904	1366983	946070	382510	222990	13175	75028	3309	1726	0
FFQ	90	0	0	14427599	0	0	26174	19317	257192	38041	31	34308	46170	29932	33543	7843	34102	17415	57153	181284	66323	258395	75718	53384	115720	156940	304660	467321	202760	98016	649349	474668	703147	647911	535909	1364344	917780	344047	186648	8656	51956	1750	869	0
FFQ	91	0	0	14703622	0	0	25574	16947	246944	30732	22	34527	43968	28581	27352	7125	33505	16766	55055	175942	68849	252175	67457	42667	113484	153302	310986	433941	202464	87425	647920	452592	695033	644263	513991	1360998	893908	309579	153108	5849	35058	946	454	0
FFQ	92	0	0	14980627	0	0	24087	14767	238009	23930	31	32682	39390	27104	20821	6701	32738	16710	53887	174717	70514	246840	58801	33496	114288	154415	324735	403769	207275	79973	647483	437012	686453	640318	485377	1342751	848392	273347	121239	3685	22569	474	246	0
FFQ	93	0	0	15257830	0	0	22867	12761	228009	19005	25	33846	39153	25703	17483	5716	32277	16158	52772	169854	73559	241620	51212	26347	111808	150397	331386	368889	204017	70766	635284	415355	669305	630599	461919	1329289	823778	244288	95795	2282	13935	269	132	0
FFQ	94	0	0	15515950	0	0	20534	10447	207531	14567	17	34462	41519	23587	13076	5122	30891	15274	50682	162558	76151	233429	44375	20177	109954	148096	337239	335476	201278	62577	623644	395665	652187	620038	443493	1311364	814744	219839	75034	1452	8480	164	76	0
FFQ	95	0	0	15791795	0	0	17877	8115	176846	10766	15	30999	32323	12238	17363	4228	28826	14187	48645	150624	75695	219757	35561	15247	106546	143112	334969	300224	197844	55489	606261	381794	639384	614034	429033	1303660	812266	196728	57944	849	4944	106	49	0
FFQ	96	0	0	16087878	0	0	14663	6133	149874	7783	14	26134	25462	9790	13693	3523	26348	13362	44788	142038	74127	199301	28060	11653	102278	135962	333012	262805	194868	49249	584826	370979	624506	602999	418803	1283521	801604	174158	43253	465	2663	74	36	0
FFQ	97	0	0	16406280	0	0	10487	4182	112207	5137	8	21220	19094	7170	9779	2591	23302	12619	39868	130294	70386	177147	21162	9030	95515	128771	324770	227222	188821	42662	561900	362761	612318	593343	407371	1264264	787423	151995	31283	267	1520	48	21	0
FFQ	98	0	0	16753573	0	0	5086	1979	69280	2614	7	13793	11905	4204	5931	1642	20282	12019	35266	122159	65463	152868	15760	7334	89023	120788	317165	194489	182043	36413	538824	351658	599902	582098	392219	1233507	764362	129997	22344	163	823	33	13	0
FFQ	99	0	0	17113777	0	0	894	353	16287	521	0	3831	3172	1042	1738	584	16207	11633	30099	111947	56911	126214	10802	6236	81682	113181	299850	162221	175534	31089	512536	340492	587842	573982	376896	1214359	739124	111157	16114	90	467	19	7	0
FFQ	100	0	0	17471057	0	0	0	0	1	4	0	0	0	0	77	51	17998	12327	29435	115785	52390	112863	8094	5448	73282	102728	271723	130114	161664	25750	459292	327698	567163	556429	360108	1173996	700129	92734	11226	67	302	13	5	0
# Last Fragment Qualities. Use `grep ^LFQ | cut -f 2-` to extract this part.
# Columns correspond to qualities and rows to cycles. First column is the cycle number.
LFQ	1	0	0	44	0	0	0	0	0	0	0	267993	0	0	0	0	0	310506	0	0	748	0	0	33788	272362	0	308234	604238	653130	625280	0	2274316	9216500	0	2961043	5429568	0	0	0	0	0	0	0	0
LFQ	2	0	0	0	0	0	0	0	0	0	0	356723	0	0	0	0	0	365958	0	0	815	0	0	72843	246660	0	277644	575164	807669	486442	0	1806830	8688236	0	1926620	7346146	0	0	0	0	0	0	0	0
LFQ	3	0	0	0	0	0	0	0	0	0	0	412377	0	0	0	0	0	421605	0	0	981	0	0	88191	239655	0	308519	550577	828743	505583	0	1695278	8221032	0	1685141	8000068	0	0	0	0	0	0	0	0
LFQ	4	0	0	74342	0	0	0	0	0	0	0	344987	0	0	0	0	0	142768	0	0	283492	0	0	75936	0	0	235049	280268	17353	509345	0	623252	11706	930278	1311774	0	6465196	0	11652004	0	0	0	0	0
LFQ	5	0	0	0	0	0	0	0	0	0	0	337231	0	0	0	0	0	140250	0	0	327616	0	0	75492	0	0	230777	274827	17781	501063	0	617713	12376	941079	1334484	0	6542095	0	11604966	0	0	0	0	0
LFQ	6	0	0	0	0	0	0	171	0	37953	0	217062	73752	0	0	67	27073	25341	238332	58015	60251	0	8386	6004	83489	140	231250	247159	35121	362899	137587	586812	97670	1003215	1211786	6	5960008	636559	11611642	0	0	0	0	0
LFQ	7	0	0	6	0	0	70	269	0	29915	1	178482	59116	22	0	112	25574	24494	210282	55529	52322	42	8779	6156	80822	156	228125	245773	45557	332884	137964	586329	98169	991995	1223665	14	6022138	638311	11674677	0	0	0	0	0
LFQ	8	0	0	0	0	0	148	350	25	35883	1	207486	69694	81	6	126	23942	27314	198781	58843	55371	101	9715	7130	84575	85	234678	254432	65377	285027	140693	597773	94756	969137	1206588	13	6017856	638554	11673209	0	0	0	0	0
LFQ	9	0	0	0	0	0	222	325	85	37456	1	211432	69886	99	20	124	25516	26935	207230	60115	54944	288	10186	7503	84780	159	234259	92031	265184	245922	145293	599418	71637	865574	748357	576070	2195018	0	3663920	1479274	10978487	0	0	0
LFQ	10	0	0	32	0	0	382	332	217	46600	34	245916	82217	206	22	106	28029	27248	217925	63727	58874	474	10027	7193	87297	342	236804	91288	333061	183281	147633	600158	71026	862504	751465	565106	2188911	4	3637512	1491192	10920605	0	0	0
LFQ	11	0	0	0	0	0	408	293	269	36825	171	199403	66558	320	33	106	30389	25135	221098	60615	54775	632	10261	7271	86024	691	231495	89655	427626	108552	149081	601936	73794	892117	755470	582574	2209323	74	3657513	1510561	10866702	0	0	0
LFQ	12	0	0	13396	0	0	450	330	390	37735	357	202177	67117	339	55	135	27288	25262	205651	60658	55732	673	10445	7346	85795	1187	230922	89188	479435	38110	148377	601536	71836	882670	757749	587044	2221985	168	3686121	1519625	10840466	0	0	0
LFQ	13	0	0	46033	0	0	514	368	458	37738	623	202860	65401	431	80	174	27806	27744	209246	66822	60157	627	11306	7785	91708	1961	235330	91523	499202	25976	153609	616188	70608	888930	769882	579759	2233632	243	3683650	1532873	10716503	0	0	0
LFQ	14	0	0	0	0	0	571	400	742	40195	1126	223744	74154	549	123	217	3225	43329	239288	73727	65344	736	11976	8412	28121	73578	247307	95817	508601	26320	160730	288889	390902	680916	799658	651639	424059	1428072	1164667	3108705	1915345	4045690	6130876	0
LFQ	15	0	0	0	0	0	570	568	915	41258	1922	229467	75899	628	156	305	3813	43480	222271	70956	64191	816	12177	8395	29504	74043	247886	97472	518909	26683	160396	294102	391765	695735	804767	661917	432090	1438782	1178844	3123485	1916853	4050838	6035892	0
LFQ	16	0	0	0	0	0	596	569	908	33049	2239	178617	56769	677	212	373	4315	41351	203305	64679	57633	960	12007	8297	29546	71225	235168	93381	508482	26427	156171	292625	384305	697478	795662	680093	433073	1453344	1205884	3157154	1960038	4093411	6017727	0
LFQ	17	0	0	0	0	0	785	740	1296	46280	4160	226107	72024	762	250	445	5427	45719	191389	71220	64658	1090	13465	9096	32607	81292	243381	98318	490327	28174	162676	304381	394862	672482	816356	660034	445363	1450024	1195055	3174808	1943055	4103054	5906588	0
LFQ	18	0	0	0	0	0	790	817	1426	44254	5406	209057	67672	907	396	571	6544	47154	203557	70464	61835	1252	13937	9290	34990	83598	242655	99843	503182	28637	164223	311585	396063	681208	823477	664630	453114	1455410	1206838	3191685	1947484	4119655	5804144	0
LFQ	19	0	0	74	0	0	982	1033	1963	53033	7920	230917	71498	1121	526	669	8364	45381	20251	268058	67920	1408	15216	10136	39146	94313	249877	102923	512719	29703	171225	327006	406923	685607	523973	976664	469625	1271785	1176548	2626613	2362417	4276978	5847235	0
LFQ	20	0	0	252	0	0	1123	1408	2667	63897	12681	268333	83007	1289	708	879	10641	52724	27520	275875	74900	1557	16994	10947	44776	107874	257295	105761	527770	30846	176547	344734	414765	693873	531603	986193	478227	1274053	1181782	2627987	2377957	4205627	5682678	0
LFQ	21	0	0	25	0	0	1248	1671	3160	68070	17292	262897	80350	1492	878	1032	12975	57542	37701	275386	71745	1889	17843	11314	48335	113923	250060	105216	535108	31521	174091	357264	411409	705869	532045	1009041	487719	1276719	1221816	2635285	2445144	4168912	5523763	0
LFQ	22	0	0	6	0	0	1049	1558	2960	50974	16588	189249	55665	1701	1096	1141	15056	58861	46193	240508	64337	2236	18119	11314	51345	118205	239178	103995	526485	31841	171807	375902	411040	706650	537716	1024796	506700	1290790	1260230	2682777	2536214	4173505	5429963	0
LFQ	23	0	0	3046	0	0	1327	2171	3965	70999	26852	228275	63615	1825	1363	1455	17314	64089	52336	215247	69332	2440	19774	12310	57596	136296	231168	107342	489153	33102	174866	391711	413110	662450	546605	1009361	523439	1296046	1255593	2716325	2575010	4154401	5326441	0
LFQ	24	0	0	23	0	0	1188	2170	3920	58162	27920	175206	45849	2120	1628	1721	20212	69472	64487	191328	66601	2794	21359	13067	61477	150607	223772	108800	489416	34318	179059	415786	422264	657577	559464	1019476	548480	1305475	1266526	2782793	2473140	3888366	5601727	0
LFQ	25	0	0	31	0	0	1383	2794	5233	77324	41627	201200	46680	2284	1830	2046	23751	75820	68100	169500	73764	3165	24188	14199	68903	178136	216734	114039	466012	36822	185861	443043	431160	629754	574606	1020158	573017	1311116	1271178	2817715	2459883	3926046	5398648	0
LFQ	26	0	0	41	0	0	1467	3354	6087	82737	52288	189558	39511	2785	2258	2472	28557	85191	79858	153717	75162	3597	26664	15430	74114	202947	211987	117210	459769	39301	190833	479521	438352	612645	588642	1023224	598094	1316440	1274393	2864944	2449556	3972349	5192695	0
LFQ	27	0	0	57	0	0	1658	3987	7502	96010	70703	193108	33761	3271	2826	3143	34282	96435	90168	139597	76661	4157	29519	16871	79385	229665	207465	122511	445123	41858	195494	514868	446315	586591	604230	1024343	628371	1318015	1277989	2905807	2413935	4031417	4980652	0
LFQ	28	0	0	76	0	0	1845	5235	9583	112751	91874	188643	25828	3760	3501	3687	41611	111382	99000	123636	78053	4832	31964	17812	83058	250016	211328	124034	433061	43694	196282	558378	450608	561755	618051	1023706	661425	1311600	1286236	2950555	2386650	4072956	4779284	0
LFQ	29	0	0	99	0	0	1884	5552	10852	114077	106429	163815	17010	4488	4320	4457	49585	127255	102032	110306	79650	5467	35327	20227	87174	274253	221703	128574	420625	47912	202199	610609	463358	536838	638965	1029402	699804	1311900	1288877	3006165	2335915	4106229	4584416	0
LFQ	30	0	0	142	0	0	2137	6947	13484	131746	135218	153086	10045	4973	5281	5377	56724	138818	95822	102135	82245	6489	36620	21956	91448	290952	231710	132263	396948	50856	204323	657705	469690	499711	659376	1032491	744495	1304554	1305625	3057229	2293646	4123128	4402355	0
LFQ	31	0	0	181	0	0	2130	7158	13583	119617	135827	108518	4347	5779	5785	6131	63542	146857	80500	92918	80787	7441	39734	24021	93429	297433	252504	135815	375601	55155	207598	712118	480074	467235	685810	1034029	792606	1298754	1320810	3132534	2259039	4148126	4264224	0
LFQ	32	0	0	184	0	0	2391	8199	16285	128455	156868	85640	2242	6193	6429	7085	66844	142991	59680	92449	82620	8462	43245	25955	94890	304187	255928	140477	346263	59602	210848	750016	490723	427717	712135	1023258	847455	1282972	1337389	3212881	2207488	4163689	4146348	0
LFQ	33	0	0	198	0	0	2562	9913	19240	138070	186501	65511	1721	6884	7683	8278	74488	150355	47314	95834	86995	9513	47959	28656	98121	316199	265220	147569	332389	65551	220553	779453	505944	393465	743118	1006986	900802	1262681	1336485	3288349	2135045	4148460	4021256	0
LFQ	34	0	0	218	0	0	3094	12905	25655	166467	236143	51271	1958	8324	9443	10417	88982	165068	37303	104118	95315	11174	54097	32428	105874	336780	286910	157656	327465	72727	230273	823402	523285	374994	778397	998652	952751	1237730	1330281	3330160	2041141	4080478	3850827	0
LFQ	35	0	0	222	0	0	3527	15441	30407	173912	263142	32732	2360	10133	12315	13103	105509	177697	29470	105919	98290	13382	58044	36516	112387	350100	312811	166313	320777	81508	235316	877316	538811	355906	819708	998558	1013891	1210687	1347749	3363302	1981875	4011732	3672218	0
LFQ	36	0	0	243	0	0	3584	16904	33682	165126	260862	17450	2771	11743	14247	15049	117791	174121	22399	106019	97677	15419	62020	40999	118597	357175	319382	173153	312166	89685	240138	910575	549865	344191	862368	989776	1080761	1176075	1375446	3409641	1957341	3978618	3529077	0
LFQ	37	0	0	239	0	0	4048	19314	38527	163255	258014	8554	3173	12926	16178	17442	124527	158986	18961	106783	97898	17840	66094	45491	123616	361917	311264	182438	308271	100257	245856	928314	562918	342786	908995	978183	1144546	1145217	1399612	3452012	1941407	3938467	3396923	0
LFQ	38	0	0	266	0	0	3021	14732	31289	120607	200130	4234	3559	14035	18274	17410	129427	139213	14729	88251	77880	20842	62735	47842	123108	325557	305912	176093	262842	107977	206855	944148	525143	313852	922015	905402	1203103	1015656	1468236	3379271	2166986	3978228	3611504	0
LFQ	39	0	0	1380	0	0	2876	14485	31637	111177	187035	3040	3706	13756	19185	18349	128375	116550	14008	80759	72275	22015	57239	47607	128469	307611	278246	173915	243210	112522	190861	907960	505431	300629	928671	836481	1228029	918499	1462621	3150670	2356849	3977826	3995547	0
LFQ	40	0	0	299	0	0	2859	16189	35712	110809	187265	2672	3743	14334	20147	20005	129466	99487	15705	81933	73718	22356	59130	48723	130456	309516	243773	177566	244592	119840	200034	845561	508232	307784	941089	801640	1229829	902761	1406351	3130905	2229977	4005653	4268539	0
LFQ	41	0	0	326	0	0	2986	17396	40115	110619	186538	2683	3878	14854	22273	22317	130352	84570	17469	84555	77874	23688	61157	51959	136222	314959	219229	184428	252058	131208	210107	807042	516926	319004	962811	782355	1235371	896752	1370201	3110390	2131965	4006788	4404445	0
LFQ	42	0	0	338	0	0	2974	19231	45875	115033	194016	2753	4206	15631	25288	25123	133937	72039	19209	85174	78570	25190	62302	55424	143372	316491	198645	190669	251917	143948	215466	781964	522681	325525	987965	766418	1244860	890829	1361751	3086063	2080791	3998264	4457204	0
LFQ	43	0	0	365	0	0	3194	20930	49338	110023	179164	2793	4552	16481	27426	27374	133555	59420	21309	85688	80264	27530	63917	60364	152104	319672	181056	197812	253976	158911	222798	762783	533075	335522	1016384	760740	1254555	896038	1369987	3077700	2056845	3987484	4435287	0
LFQ	44	0	0	406	0	0	3440	23540	55802	114657	188291	2989	5210	18527	31803	31342	139310	51276	23386	88330	83423	30548	66217	65676	163170	328015	162957	210311	259021	177210	231849	746156	548829	348366	1044707	759866	1256712	908977	1365176	3058942	2019064	3947119	4385092	0
LFQ	45	0	0	441	0	0	3738	27819	65526	124062	192220	3168	6119	19830	37166	34962	142435	40632	25726	86713	85929	44673	60336	71026	177738	332786	154681	221447	259779	197149	238359	732714	560892	359169	1068668	764356	1258520	919224	1375472	3036385	1959878	3949156	4306142	0
LFQ	46	0	0	11326	0	0	4327	33262	79550	143214	216067	3829	7189	23360	44410	40557	151387	35721	28279	91107	90547	49939	62475	80334	193258	342566	141400	234402	262446	220161	244193	721919	574168	368994	1086847	771999	1254746	928747	1379764	2994828	1945173	3876098	4205763	0
LFQ	47	0	0	513	0	0	4730	33599	81909	138785	200402	4411	8837	28379	52227	45590	165205	30606	29566	90458	89173	56182	63849	89665	211052	347974	131229	248965	259555	247667	249944	719803	590490	381544	1108165	789373	1255429	946181	1392039	2967074	1942391	3822765	4118004	0
LFQ	48	0	0	567	0	0	4669	32578	80984	126579	173499	4538	9479	28545	56333	48717	151514	25083	31200	91080	87410	62481	65154	97616	225709	344449	115325	264053	260105	275228	257025	707116	609811	398535	1124764	819472	1266114	969168	1416000	2948990	1957065	3777590	4028582	0
LFQ	49	0	0	603	0	0	5569	41127	99254	149788	186733	4800	10467	29668	62522	53849	140226	23284	34099	97777	94855	67623	67972	104984	220357	362579	97058	283584	271429	303782	271611	681705	635438	418634	1129536	850279	1217033	1040732	1429721	2659373	2206696	3697358	3890395	0
LFQ	50	0	0	663	0	0	5961	42136	104744	155039	179900	5581	12352	33742	72437	59520	136352	22193	37263	103106	98082	76246	71473	117908	240130	368636	86293	306123	276759	339705	283038	673529	661074	436828	1132542	891200	1221591	1065565	1434616	2634330	2193802	3612857	3748586	0
LFQ	51	0	0	726	0	0	5772	42775	107277	158301	168819	6945	14883	38209	96438	70712	146656	17461	33066	91568	78472	104228	78938	155981	301513	413746	98871	361215	260287	524078	269981	951508	770210	484145	1561475	1036212	1393448	1070595	2176261	2843119	2957190	2733280	1316924	0
LFQ	52	0	0	737	0	0	5737	36341	92497	130486	117795	6605	15289	36619	90812	65335	116701	16626	32919	90329	76541	95899	72634	143948	277396	346772	70732	350007	249455	465613	274028	741045	748713	505191	1305713	1060326	1307491	1112918	1864176	2856006	3120884	3404828	1635484	0
LFQ	53	0	0	767	0	0	6421	38729	98517	138905	112653	6073	14424	32854	84454	60737	86327	17600	34820	96591	81437	92678	71721	140336	265266	309939	56316	351799	247786	445612	292398	620741	733239	506173	1154072	1073669	1263088	1154334	1596663	2722782	2706378	3630478	2593206	0
LFQ	54	0	0	789	0	0	7050	41359	106744	153480	108198	6356	14834	32583	87653	61571	74838	17901	36733	102127	84357	96006	72434	145376	266126	293686	50602	359860	246393	452379	306384	560431	733235	512051	1079473	1099311	1263501	1179116	1500478	2588621	2438035	3517189	3241970	0
LFQ	55	0	0	840	0	0	7758	44040	116137	168887	102424	7010	16464	32409	96053	65943	68079	18476	39011	108944	86817	99791	78474	156546	274189	202225	132272	376998	244377	478785	320517	533520	748244	524242	1039601	1148115	1278864	1202318	1434136	2515161	2310402	3396143	3464271	0
LFQ	56	0	0	886	0	0	8682	46242	122798	179108	91793	7690	18498	33792	105063	68113	61091	18961	41681	117542	88563	109089	81823	170423	287258	192844	136995	401303	243772	514488	337359	519858	773275	544598	1021251	1200824	1300054	1228220	1424676	2439177	2242058	3274417	3483473	0
LFQ	57	0	0	933	0	0	10001	52121	139144	208180	90263	8823	21223	36829	118954	71979	57350	19337	43043	122937	88281	117530	85897	184169	295054	179888	139056	423811	240431	544410	350198	505224	797000	563155	1002571	1256432	1328340	1255181	1420457	2368829	2205462	3164602	3419921	0
LFQ	58	0	0	1272	0	0	9566	44428	122188	176461	59370	9264	23576	37865	122689	68977	51131	18223	41916	122312	81042	129352	87946	198121	300311	169902	140218	442864	231017	582219	362395	500636	824993	587971	997284	1322949	1368346	1296299	1439367	2324664	2215064	3079529	3344546	0
LFQ	59	0	0	1397	0	0	11326	53748	149797	224437	63165	10154	24746	37113	127938	66214	43380	20181	45945	140344	88832	124609	89088	225340	282077	148836	146309	501925	238788	595399	389705	485533	857654	616464	976894	1386859	1403209	1335911	1423153	2262628	2142852	2957840	3235729	0
LFQ	60	0	0	4079	0	0	11977	52605	148498	219433	46658	11332	28098	38911	136895	64295	39910	19597	46448	144905	83596	136542	92731	242368	284871	142172	149978	528096	231869	628220	405152	487966	886859	644280	969996	1454328	1449909	1372469	1437786	2201711	2153253	2850049	3086901	0
LFQ	61	0	0	9502	0	0	12495	48444	143436	208402	34214	12242	30397	39811	137256	58840	35065	18726	47010	148346	78716	142955	94287	252481	273703	130635	152535	549345	225778	646133	422327	490766	917374	671478	962526	1522481	1508629	1418945	1446508	2151342	2174876	2747624	2968240	0
LFQ	62	0	0	25486	0	0	14431	57116	169845	252420	32767	13402	32503	38635	144701	58661	33453	19661	49511	160028	81324	149493	97450	265065	266384	125307	162599	574024	224728	646457	446150	491044	938492	697923	944819	1583957	1563761	1457147	1439330	2073037	2155026	2629104	2817775	0
LFQ	63	0	0	48907	0	0	15359	56335	177848	257603	24323	15221	37592	41695	160822	59624	33642	19765	51241	168606	78538	161609	102583	286280	266314	123559	169894	602519	222714	662299	468613	503017	966094	727064	937924	1642292	1628397	1496694	1433824	1997836	2139587	2491288	2654610	0
LFQ	64	0	0	78347	0	0	15717	51936	175353	247267	16334	16722	39914	41558	162994	55502	32960	19773	52722	177774	74782	172642	106762	303024	258866	121927	178119	633703	221613	675304	491624	524872	997305	758522	937403	1709100	1700967	1538579	1437796	1917222	2134590	2358202	2493499	0
LFQ	65	0	0	114875	0	0	16969	51337	180584	244898	10888	17281	40588	39211	160276	50792	28560	23844	54887	160654	96504	179210	109578	294768	264319	122153	186921	655062	193865	675006	552924	548138	1026757	789454	938189	1779439	1781335	1582135	1443570	1834481	2125050	2227308	2328475	0
LFQ	66	0	0	157808	0	0	17668	48757	183996	234033	6941	18331	42119	38095	154739	46165	28475	23787	56115	165620	94255	186599	111421	302199	252226	120698	194055	677253	192280	665263	577072	571958	1048325	822387	940526	1848478	1873416	1627726	1456523	1749149	2130646	2092677	2171545	0
LFQ	67	0	0	215441	0	0	19790	52521	206962	254504	4734	20253	44593	38553	156564	43383	29470	25400	59331	178470	95716	194339	114248	311593	242675	123713	205869	702507	192879	647990	608576	595548	1066870	851566	941778	1908908	1959061	1666393	1452251	1653005	2100133	1945677	1997117	0
LFQ	68	0	0	264701	0	0	20249	48154	204912	231554	2471	22080	49335	42026	157400	39939	30693	24642	60880	181672	92836	206126	117587	320767	234737	126158	214981	727322	193113	640198	637393	627675	1083837	880271	954436	1978137	2056445	1708607	1464151	1552837	2088859	1804346	1835948	0
LFQ	69	0	0	327224	0	0	22330	52135	230099	249661	1448	24235	50655	40382	157253	37799	32177	25683	63496	193112	93177	216451	120507	324879	225146	130221	227315	751781	194651	621159	668363	655407	1094702	904734	965755	2035368	2152945	1736175	1469673	1445787	2056842	1652895	1674926	0
LFQ	70	0	0	394123	0	0	23703	50035	236969	236042	798	26531	53780	40174	159066	36323	34351	25902	66028	202817	92050	228539	124385	303924	194192	190650	240627	778913	199216	607035	701182	691752	1114652	936067	983306	2103224	2245393	1764316	1475914	1335886	2024219	1500424	1503137	0
LFQ	71	0	0	465499	0	0	25336	50588	254326	238723	448	28677	56929	41014	159112	32968	36344	26577	67821	209721	91760	238754	126780	303560	188244	198326	252072	797728	203363	584523	730519	723286	1125617	962270	1002753	2175419	2345116	1791327	1481567	1231234	1980211	1354484	1341813	0
LFQ	72	0	0	540372	0	0	25259	42159	230423	192042	258	30274	57919	39874	149390	29840	38180	25637	68773	210870	87500	249571	127573	297622	182820	205210	262943	812258	208825	563747	765037	760886	1141458	996541	1031910	2267241	2464252	1825245	1499944	1130286	1952689	1216830	1192135	0
LFQ	73	0	0	621725	0	0	26965	44648	256286	203719	206	31347	57065	38545	137816	27290	39567	26991	70990	219671	87037	251893	124833	285284	174520	211728	276919	824125	215512	526851	798672	782906	1146293	1021491	1061240	2340228	2580148	1847219	1513681	1024459	1898387	1078110	1048436	0
LFQ	74	0	0	708290	0	0	29313	45524	276225	202444	162	34488	60472	40127	138906	25921	41751	27562	73471	228648	87316	263375	126686	279985	173183	220220	292422	835327	224479	498763	829611	805733	1153406	1042117	1084407	2415056	2689820	1852525	1522909	917749	1828739	938316	906368	0
LFQ	75	0	0	797487	0	0	28891	38385	259137	166278	172	36208	61857	39599	128783	23165	43853	26490	74303	229196	85065	274060	128411	269428	173552	226356	304722	779011	297473	476169	859769	833603	1167514	1068965	1117729	2508467	2817475	1866566	1540844	815195	1766169	811516	778897	0
LFQ	76	0	0	893637	0	0	29820	37292	266934	158462	148	37452	59096	38309	115520	21208	45064	27126	75744	234970	84749	278379	124831	248967	173207	232601	320165	780033	310606	440510	892068	851877	1177975	1091142	1149803	2603385	2943961	1870393	1553035	721496	1684550	688372	656809	0
LFQ	77	0	0	997152	0	0	33044	39085	300606	163166	142	39563	61544	40189	111242	20750	47842	28327	79625	249073	86773	287896	125404	237839	175770	240488	339431	785051	323873	409000	924808	863583	1187508	1109941	1171014	2681750	3046221	1853725	1547441	625213	1573997	572117	538454	0
LFQ	78	0	0	1102208	0	0	34344	35982	304313	146675	156	43747	65239	41119	108833	19282	50024	28472	81821	252171	87511	301249	125886	226578	180207	247972	355389	788125	335817	384316	953861	876615	1204265	1128872	1194939	2774706	3160442	1836429	1537994	536347	1463425	465538	436626	0
LFQ	79	0	0	1216842	0	0	34990	35130	312236	137170	145	46525	65561	42115	101788	18196	52932	28272	84052	257193	89807	312392	125205	210349	185566	255588	373617	786706	350236	358245	985049	889498	1220603	1151164	1216553	2864527	3268093	1808087	1519029	453095	1343958	372008	343853	0
LFQ	80	0	0	1340470	0	0	37217	35609	338383	135730	162	50072	69297	44289	100602	17967	55364	29502	86943	267434	93267	325182	124259	198576	189438	265136	395597	786377	364759	329962	1015219	892958	1235522	1163949	1233682	2944982	3361286	1766911	1482696	377908	1207482	286813	264188	0
LFQ	81	0	0	1466568	0	0	39171	33993	345507	124584	179	53866	71176	46295	95558	16702	57497	29441	89040	270211	96062	337381	124341	182567	196258	271116	415056	782489	378612	306788	1042861	900745	1253501	1183510	1246638	3032760	3459655	1728457	1437673	309694	1073951	216491	197575	0
LFQ	82	0	0	1602814	0	0	37492	28840	321992	102071	213	55492	69816	45618	84744	15395	59583	28926	89630	267115	99231	345653	120697	164930	201443	279269	434183	773719	394382	283670	1072943	905825	1279642	1206360	1263085	3135190	3569771	1687419	1387096	251951	942689	159143	144547	0
LFQ	83	0	0	1739631	0	0	38421	26995	325146	89681	191	56232	66206	44557	72175	14497	61111	29970	91306	270265	102085	348870	114627	145007	206584	285382	453450	755327	408405	258394	1100551	905145	1300821	1227243	1273559	3234937	3677843	1639145	1321472	200700	810626	113307	101360	0
LFQ	84	0	0	1885225	0	0	40838	26434	355566	87467	188	59029	66108	46310	66515	14498	62487	31447	94712	281770	108089	356779	111796	130817	211720	293077	479092	740488	421959	234995	1123190	899803	1318232	1240476	1276166	3312908	3747004	1573411	1235268	157099	673020	77018	68686	0
LFQ	85	0	0	2035550	0	0	42624	26081	372466	80799	161	63188	67840	47767	62479	13563	65411	31483	97095	285463	114703	367743	109310	117658	218756	300579	503150	722886	436917	216282	1145052	893128	1332327	1254747	1272335	3383972	3813156	1511016	1137720	119529	550239	50543	44344	0
LFQ	86	0	0	2189912	0	0	41458	22570	350518	65678	180	65762	67998	47587	55385	12398	66587	30889	98392	279602	120097	374008	103679	103383	224439	306544	521523	698550	449775	198524	1164023	888486	1349940	1273886	1274717	3471639	3904330	1452543	1040069	89985	441281	31910	27927	0
LFQ	87	0	0	2353090	0	0	41923	21289	356556	58309	177	67434	65363	46778	46821	11776	67494	31791	99002	284298	125282	374617	97160	88186	229496	311158	545268	671379	463045	180309	1183675	881915	1365270	1290928	1269349	3547632	3971154	1382634	931890	66307	339465	19415	16509	0
LFQ	88	0	0	2527564	0	0	41672	19243	350872	50656	174	69638	64328	46735	41468	11119	69155	31669	100064	281989	129798	377279	90385	75987	233579	316082	564717	640099	475483	164868	1195068	875737	1375996	1305873	1266504	3617854	4036025	1309710	822378	47309	254052	11141	9601	0
LFQ	89	0	0	2716081	0	0	43324	18575	365511	46358	194	72227	64067	47183	36327	10547	70563	32352	102050	288450	137560	378188	83988	66634	238318	321079	589575	606698	488611	151607	1206283	866153	1382437	1315102	1250965	3664105	4072387	1228478	709811	33240	182911	6070	5224	0
LFQ	90	0	0	2915202	0	0	44957	17957	381834	41836	194	74926	63161	47344	31622	10062	72291	33357	104413	292974	145391	383424	78066	57785	242620	326389	615374	577249	500846	138875	1216935	857265	1385937	1325957	1235165	3698734	4080581	1143045	599064	22912	126632	3355	2644	0
LFQ	91	0	0	3121091	0	0	41166	13936	338461	33304	159	75759	60182	44969	25628	8848	73283	31852	103692	282892	152469	382627	70097	48688	247413	329960	632963	543273	510286	127996	1225345	857385	1397480	1346011	1225841	3757680	4113414	1067020	498196	14975	85618	1732	1420	0
LFQ	92	0	0	3359635	0	0	41022	13731	350962	30228	154	74890	55894	44039	20999	8281	71808	32921	104330	286992	157815	372769	61387	41422	249061	331883	652942	502584	519997	117399	1229573	849429	1396105	1351833	1208749	3784128	4116573	982560	402054	9258	54560	956	730	0
LFQ	93	0	0	3601498	0	0	39917	12059	336947	25433	160	75932	56333	42335	18020	7497	71703	32870	103271	283799	163050	367559	54197	35671	249457	332272	672156	465520	527014	107133	1229097	844648	1397026	1360373	1195795	3806652	4112045	899751	317982	5897	33664	567	390	0
LFQ	94	0	0	3869799	0	0	35186	9116	294264	20577	145	71725	48357	37995	13024	6320	69521	31131	100746	271345	166564	353249	45183	30205	249927	331620	683054	424923	531538	97653	1226751	840855	1403666	1372144	1186681	3835442	4126067	825239	247021	3609	19910	361	236	0
LFQ	95	0	0	4175469	0	0	31887	7567	265759	16483	125	64711	40248	13261	28733	5467	65917	30665	95696	263154	165789	330159	36104	25562	245272	326086	687215	378044	531552	88176	1213343	840480	1405764	1381507	1178815	3860762	4124803	749707	188106	2080	11465	246	164	0
LFQ	96	0	0	4534614	0	0	27872	6143	243818	13420	87	59548	34551	11154	25135	4899	63640	31053	92851	263126	165812	310507	29802	22974	242112	320785	695333	339220	532207	79313	1199815	836809	1399454	1380979	1161764	3850241	4074366	669685	139929	1271	6119	169	108	0
LFQ	97	0	0	4945501	0	0	21744	4431	207423	10028	83	51673	28590	8964	20200	3702	58828	30130	88569	257011	165039	289116	24004	21024	237613	315141	701562	304017	530419	70723	1187020	831581	1394698	1376239	1144246	3825197	4007926	595054	102538	661	3342	137	64	0
LFQ	98	0	0	5392153	0	0	12641	2413	136498	6001	44	37446	19524	5697	14027	2584	53045	28855	81434	241796	158800	261766	18251	19227	228135	305799	696389	265969	525579	62217	1168375	829447	1389555	1379341	1129590	3813452	3965109	528351	75202	409	1793	68	47	0
LFQ	99	0	0	5872494	0	0	3497	660	54988	1983	19	16199	8111	2281	6665	1275	47240	29324	72848	238303	146801	229826	13406	18414	220931	297926	687210	230963	524995	54402	1152448	825616	1385319	1377342	1114657	3790802	3897541	467496	55541	225	1045	59	38	0
LFQ	100	0	0	6334495	0	0	1	1	42	15	0	13	3	0	635	136	46290	31823	66674	243685	132956	201700	10107	18617	211931	287561	666433	193882	518142	47098	1122020	820823	1378935	1370397	1099371	3758147	3818994	416233	41919	163	651	40	20	0
# GC Content of first fragments. Use `grep ^GCF | cut -f 2-` to extract this part.
GCF	1.26	0
GCF	3.02	1
GCF	4.52	2
GCF	6.03	5
GCF	7.04	9
GCF	7.79	5
GCF	8.29	4
GCF	8.79	17
GCF	9.30	18
GCF	10.05	37
GCF	10.80	93
GCF	11.31	94
GCF	11.81	138
GCF	12.31	137
GCF	13.07	203
GCF	13.82	376
GCF	14.32	375
GCF	14.82	757
GCF	15.33	759
GCF	15.83	1369
GCF	16.33	1372
GCF	16.83	2281
GCF	17.34	2284
GCF	17.84	4182
GCF	18.34	4185
GCF	18.84	6463
GCF	19.35	6464
GCF	19.85	10443
GCF	20.35	10452
GCF	20.85	15574
GCF	21.36	15586
GCF	21.86	23617
GCF	22.36	23627
GCF	22.86	34853
GCF	23.37	34856
GCF	23.87	49338
GCF	24.37	49359
GCF	24.87	68592
GCF	25.38	68606
GCF	25.88	93525
GCF	26.38	93563
GCF	26.88	124515
GCF	27.39	124597
GCF	27.89	161115
GCF	28.39	161208
GCF	28.89	203910
GCF	29.40	204002
GCF	29.90	251637
GCF	30.40	251786
GCF	30.90	302163
GCF	31.41	302353
GCF	31.91	357518
GCF	32.41	357823
GCF	32.91	414518
GCF	33.42	414743
GCF	33.92	469793
GCF	34.42	469997
GCF	34.92	522299
GCF	35.43	522521
GCF	35.93	576648
GCF	36.43	576862
GCF	36.93	624064
GCF	37.44	624389
GCF	37.94	665391
GCF	38.44	665604
GCF	38.94	701002
GCF	39.45	701179
GCF	39.95	728771
GCF	40.45	728894
GCF	40.95	747360
GCF	41.46	747410
GCF	41.96	754682
GCF	42.46	754690
GCF	42.96	758619
GCF	43.47	758559
GCF	43.97	756644
GCF	44.47	756600
GCF	44.97	746229
GCF	45.48	746248
GCF	45.98	733443
GCF	46.48	733379
GCF	46.98	718508
GCF	47.49	718568
GCF	47.99	703550
GCF	48.49	703533
GCF	48.99	688329
GCF	49.50	688368
GCF	50.00	672572
GCF	50.50	672539
GCF	51.01	654010
GCF	51.51	654095
GCF	52.01	637207
GCF	52.51	637255
GCF	53.02	619725
GCF	53.52	619565
GCF	54.02	602124
GCF	54.52	602036
GCF	55.03	583994
GCF	55.53	584065
GCF	56.03	566492
GCF	56.53	566530
GCF	57.04	548141
GCF	57.54	548165
GCF	58.04	527999
GCF	58.54	528004
GCF	59.05	506999
GCF	59.55	506959
GCF	60.05	483465
GCF	60.55	483493
GCF	61.06	456390
GCF	61.56	456254
GCF	62.06	425429
GCF	62.56	425180
GCF	63.07	392233
GCF	63.57	392049
GCF	64.07	359281
GCF	64.57	359093
GCF	65.08	323272
GCF	65.58	323140
GCF	66.08	287341
GCF	66.58	287024
GCF	67.09	252083
GCF	67.59	251840
GCF	68.09	216413
GCF	68.59	216175
GCF	69.10	183872
GCF	69.60	183704
GCF	70.10	152886
GCF	70.60	152748
GCF	71.11	125102
GCF	71.61	124995
GCF	72.11	100292
GCF	72.61	100217
GCF	73.12	78741
GCF	73.62	78636
GCF	74.12	60066
GCF	74.62	60031
GCF	75.13	45452
GCF	75.63	45399
GCF	76.13	33963
GCF	76.63	33930
GCF	77.14	25118
GCF	77.64	25079
GCF	78.14	17887
GCF	78.64	17883
GCF	79.15	12779
GCF	79.65	12773
GCF	80.15	9307
GCF	80.65	9298
GCF	81.16	6631
GCF	81.66	6627
GCF	82.16	4601
GCF	82.66	4599
GCF	83.17	3269
GCF	83.67	3273
GCF	84.17	2207
GCF	84.67	2210
GCF	85.18	1455
GCF	85.68	1453
GCF	86.18	865
GCF	86.68	861
GCF	87.19	454
GCF	87.69	455
GCF	88.19	200
GCF	88.69	201
GCF	89.20	102
GCF	89.70	101
GCF	90.45	34
GCF	91.46	17
GCF	92.46	10
GCF	93.47	3
GCF	94.47	1
GCF	95.48	2
GCF	96.48	1
GCF	97.49	0
GCF	98.99	1
# GC Content of last fragments. Use `grep ^GCL | cut -f 2-` to extract this part.
GCL	0.25	2608
GCL	1.01	1729
GCL	2.01	1312
GCL	2.76	1075
GCL	3.27	1073
GCL	4.02	897
GCL	5.03	755
GCL	6.03	700
GCL	7.04	656
GCL	7.79	584
GCL	8.29	583
GCL	9.05	549
GCL	10.05	539
GCL	10.80	516
GCL	11.31	517
GCL	12.06	560
GCL	13.07	637
GCL	14.07	793
GCL	14.82	1150
GCL	15.33	1151
GCL	15.83	1694
GCL	16.33	1696
GCL	16.83	2861
GCL	17.34	2860
GCL	17.84	4518
GCL	18.34	4522
GCL	19.10	7497
GCL	19.85	11532
GCL	20.35	11533
GCL	20.85	17550
GCL	21.36	17573
GCL	21.86	26030
GCL	22.36	26039
GCL	22.86	37697
GCL	23.37	37690
GCL	23.87	53019
GCL	24.37	53041
GCL	24.87	73959
GCL	25.38	73991
GCL	25.88	100233
GCL	26.38	100248
GCL	26.88	131483
GCL	27.39	131564
GCL	27.89	170629
GCL	28.39	170740
GCL	28.89	212959
GCL	29.40	213066
GCL	29.90	261637
GCL	30.40	261788
GCL	30.90	313350
GCL	31.41	313536
GCL	31.91	370601
GCL	32.41	370880
GCL	32.91	429664
GCL	33.42	429949
GCL	33.92	488076
GCL	34.42	488257
GCL	34.92	544152
GCL	35.43	544404
GCL	35.93	599381
GCL	36.43	599645
GCL	36.93	652243
GCL	37.44	652558
GCL	37.94	700259
GCL	38.44	700553
GCL	38.94	738222
GCL	39.45	738375
GCL	39.95	765053
GCL	40.45	765190
GCL	40.95	785319
GCL	41.46	785238
GCL	41.96	795828
GCL	42.46	795852
GCL	42.96	796320
GCL	43.47	796267
GCL	43.97	794160
GCL	44.47	794094
GCL	44.97	784810
GCL	45.48	784860
GCL	45.98	769814
GCL	46.48	769750
GCL	46.98	752407
GCL	47.49	752432
GCL	47.99	737614
GCL	48.49	737608
GCL	48.99	720154
GCL	49.50	720190
GCL	50.00	703400
GCL	50.50	703332
GCL	51.01	684083
GCL	51.51	684156
GCL	52.01	664155
GCL	52.51	664151
GCL	53.02	648582
GCL	53.52	648483
GCL	54.02	627895
GCL	54.52	627793
GCL	55.03	607739
GCL	55.53	607752
GCL	56.03	587547
GCL	56.53	587581
GCL	57.29	564127
GCL	58.04	539729
GCL	58.54	539662
GCL	59.05	512257
GCL	59.55	512214
GCL	60.05	477354
GCL	60.55	477263
GCL	61.06	437008
GCL	61.56	436796
GCL	62.06	393472
GCL	62.56	393287
GCL	63.07	347983
GCL	63.57	347795
GCL	64.07	302970
GCL	64.57	302706
GCL	65.08	259090
GCL	65.58	258904
GCL	66.08	217179
GCL	66.58	216935
GCL	67.09	178800
GCL	67.59	178472
GCL	68.09	143641
GCL	68.59	143428
GCL	69.10	112651
GCL	69.60	112499
GCL	70.10	86996
GCL	70.60	86875
GCL	71.11	65355
GCL	71.61	65233
GCL	72.11	48561
GCL	72.61	48493
GCL	73.12	35922
GCL	73.62	35849
GCL	74.12	25897
GCL	74.62	25852
GCL	75.13	19009
GCL	75.63	18960
GCL	76.13	13669
GCL	76.63	13644
GCL	77.14	9690
GCL	77.64	9657
GCL	78.14	7144
GCL	78.64	7124
GCL	79.15	5093
GCL	79.65	5080
GCL	80.15	3673
GCL	80.65	3666
GCL	81.16	2547
GCL	81.66	2548
GCL	82.16	1745
GCL	82.66	1743
GCL	83.17	1082
GCL	83.67	1081
GCL	84.17	663
GCL	84.67	662
GCL	85.18	369
GCL	85.68	370
GCL	86.18	201
GCL	86.68	198
GCL	87.44	112
GCL	88.44	64
GCL	89.45	26
GCL	90.45	31
GCL	91.21	16
GCL	91.71	15
GCL	92.46	8
GCL	93.47	16
GCL	94.47	4
GCL	95.48	7
GCL	96.48	5
GCL	97.99	8
GCL	99.50	5
# ACGT content per cycle. Use `grep ^GCC | cut -f 2-` to extract this part. The columns are: cycle; A,C,G,T base counts as a percentage of all A/C/G/T bases [%]; and N and O counts as a percentage of all A/C/G/T bases [%]
GCC	1	27.49	22.11	22.20	28.19	0.04	0.00
GCC	2	27.58	22.03	22.16	28.23	0.00	0.00
GCC	3	26.96	22.63	22.77	27.64	0.00	0.00
GCC	4	26.67	22.89	23.03	27.41	0.16	0.00
GCC	5	26.80	22.75	22.91	27.54	0.01	0.00
GCC	6	26.32	23.19	23.40	27.09	0.00	0.00
GCC	7	26.51	23.00	23.19	27.30	0.00	0.00
GCC	8	26.73	22.76	22.98	27.54	0.00	0.00
GCC	9	26.61	22.86	23.08	27.45	0.00	0.00
GCC	10	26.63	22.82	23.04	27.50	0.00	0.00
GCC	11	26.61	22.84	23.07	27.47	0.00	0.00
GCC	12	26.54	22.91	23.11	27.44	0.03	0.00
GCC	13	26.58	22.87	23.07	27.48	0.10	0.00
GCC	14	26.60	22.83	23.05	27.52	0.00	0.00
GCC	15	26.50	22.92	23.16	27.42	0.00	0.00
GCC	16	26.45	22.95	23.18	27.42	0.00	0.00
GCC	17	26.44	22.95	23.19	27.42	0.00	0.00
GCC	18	26.33	23.05	23.30	27.33	0.00	0.00
GCC	19	26.32	23.05	23.29	27.33	0.00	0.00
GCC	20	26.32	23.05	23.30	27.32	0.00	0.00
GCC	21	26.20	23.14	23.40	27.26	0.00	0.00
GCC	22	26.20	23.16	23.39	27.26	0.00	0.00
GCC	23	26.23	23.13	23.36	27.29	0.01	0.00
GCC	24	26.10	23.24	23.48	27.18	0.00	0.00
GCC	25	26.12	23.23	23.46	27.20	0.00	0.00
GCC	26	26.10	23.21	23.47	27.22	0.00	0.00
GCC	27	26.02	23.29	23.55	27.15	0.00	0.00
GCC	28	26.04	23.26	23.51	27.20	0.00	0.00
GCC	29	26.02	23.25	23.52	27.21	0.00	0.00
GCC	30	25.94	23.32	23.60	27.13	0.00	0.00
GCC	31	25.96	23.32	23.58	27.14	0.00	0.00
GCC	32	25.96	23.32	23.58	27.15	0.00	0.00
GCC	33	25.87	23.39	23.66	27.08	0.00	0.00
GCC	34	25.90	23.35	23.62	27.13	0.00	0.00
GCC	35	25.89	23.35	23.63	27.13	0.00	0.00
GCC	36	25.80	23.43	23.71	27.05	0.00	0.00
GCC	37	25.81	23.40	23.68	27.11	0.00	0.00
GCC	38	25.83	23.39	23.66	27.12	0.00	0.00
GCC	39	25.76	23.45	23.74	27.05	0.00	0.00
GCC	40	25.78	23.44	23.73	27.06	0.00	0.00
GCC	41	25.78	23.42	23.70	27.10	0.00	0.00
GCC	42	25.69	23.49	23.79	27.02	0.00	0.00
GCC	43	25.71	23.47	23.76	27.06	0.00	0.00
GCC	44	25.74	23.44	23.73	27.09	0.00	0.00
GCC	45	25.65	23.51	23.82	27.02	0.00	0.00
GCC	46	25.69	23.48	23.78	27.05	0.02	0.00
GCC	47	25.71	23.47	23.75	27.07	0.00	0.00
GCC	48	25.64	23.54	23.83	26.99	0.00	0.00
GCC	49	25.64	23.50	23.82	27.04	0.00	0.00
GCC	50	25.66	23.49	23.81	27.04	0.00	0.00
GCC	51	25.61	23.52	23.86	27.00	0.00	0.00
GCC	52	25.61	23.54	23.84	27.01	0.00	0.00
GCC	53	25.63	23.51	23.82	27.04	0.00	0.00
GCC	54	25.57	23.58	23.86	26.99	0.00	0.00
GCC	55	25.58	23.55	23.86	27.01	0.00	0.00
GCC	56	25.59	23.54	23.86	27.01	0.00	0.00
GCC	57	25.54	23.58	23.92	26.96	0.00	0.00
GCC	58	25.54	23.59	23.90	26.97	0.00	0.00
GCC	59	25.57	23.55	23.88	27.00	0.00	0.00
GCC	60	25.50	23.63	23.94	26.94	0.01	0.00
GCC	61	25.51	23.61	23.92	26.96	0.00	0.00
GCC	62	25.55	23.58	23.88	26.99	0.00	0.00
GCC	63	25.49	23.62	23.96	26.93	0.00	0.00
GCC	64	25.51	23.61	23.94	26.95	0.00	0.00
GCC	65	25.51	23.60	23.93	26.96	0.00	0.00
GCC	66	25.46	23.65	24.00	26.89	0.00	0.00
GCC	67	25.47	23.63	23.96	26.93	0.02	0.00
GCC	68	25.49	23.63	23.95	26.93	0.00	0.00
GCC	69	25.42	23.68	24.02	26.87	0.00	0.00
GCC	70	25.44	23.66	24.01	26.90	0.00	0.00
GCC	71	25.45	23.65	23.97	26.92	0.00	0.00
GCC	72	25.40	23.71	24.04	26.85	0.00	0.00
GCC	73	25.41	23.69	24.01	26.89	0.00	0.00
GCC	74	25.44	23.66	24.00	26.91	0.00	0.00
GCC	75	25.37	23.74	24.06	26.82	0.00	0.00
GCC	76	25.41	23.70	24.02	26.87	0.00	0.00
GCC	77	25.44	23.68	24.00	26.88	0.00	0.00
GCC	78	25.39	23.70	24.03	26.88	0.00	0.00
GCC	79	25.23	23.86	24.22	26.69	0.00	0.00
GCC	80	24.83	24.25	24.64	26.28	0.00	0.00
GCC	81	23.97	25.07	25.51	25.45	0.00	0.00
GCC	82	23.25	25.80	26.23	24.72	0.00	0.00
GCC	83	22.64	26.46	26.81	24.09	0.00	0.00
GCC	84	24.32	24.68	25.12	25.88	0.00	0.00
GCC	85	24.44	24.53	24.97	26.06	0.00	0.00
GCC	86	24.38	24.60	25.02	26.01	0.00	0.00
GCC	87	24.35	24.64	25.04	25.97	0.02	0.00
GCC	88	24.27	24.76	25.15	25.82	0.00	0.00
GCC	89	24.45	24.54	25.00	26.01	0.00	0.00
GCC	90	24.46	24.51	24.98	26.06	0.00	0.00
GCC	91	24.42	24.55	25.01	26.01	0.00	0.00
GCC	92	24.24	24.72	25.21	25.83	0.04	0.00
GCC	93	24.25	24.72	25.18	25.85	0.16	0.00
GCC	94	24.23	24.71	25.20	25.86	0.00	0.00
GCC	95	24.19	24.76	25.24	25.81	0.00	0.00
GCC	96	24.19	24.76	25.24	25.81	0.00	0.00
GCC	97	24.23	24.72	25.22	25.83	0.00	0.00
GCC	98	24.14	24.80	25.30	25.75	0.00	0.00
GCC	99	24.15	24.78	25.28	25.79	0.00	0.00
GCC	100	24.24	24.73	25.20	25.83	0.00	0.00
# ACGT content per cycle, read oriented. Use `grep ^GCT | cut -f 2-` to extract this part. The columns are: cycle; A,C,G,T base counts as a percentage of all A/C/G/T bases [%]
GCT	1	28.92	23.05	21.26	26.76
GCT	2	28.67	20.81	23.38	27.14
GCT	3	26.95	22.60	22.80	27.65
GCT	4	26.79	22.95	22.97	27.30
GCT	5	26.93	22.70	22.96	27.41
GCT	6	26.61	23.48	23.12	26.80
GCT	7	26.77	23.08	23.11	27.04
GCT	8	26.78	23.33	22.40	27.49
GCT	9	26.41	23.44	22.50	27.65
GCT	10	26.75	23.22	22.64	27.39
GCT	11	26.70	23.35	22.57	27.38
GCT	12	26.58	23.51	22.51	27.40
GCT	13	26.73	23.38	22.56	27.33
GCT	14	26.75	23.32	22.56	27.38
GCT	15	26.62	23.48	22.60	27.31
GCT	16	26.63	23.47	22.66	27.24
GCT	17	26.57	23.46	22.69	27.28
GCT	18	26.40	23.66	22.69	27.25
GCT	19	26.45	23.61	22.74	27.20
GCT	20	26.44	23.58	22.77	27.20
GCT	21	26.32	23.73	22.81	27.14
GCT	22	26.42	23.67	22.87	27.03
GCT	23	26.42	23.63	22.86	27.09
GCT	24	26.33	23.80	22.92	26.95
GCT	25	26.38	23.72	22.96	26.94
GCT	26	26.38	23.68	23.00	26.94
GCT	27	26.28	23.81	23.02	26.88
GCT	28	26.35	23.74	23.02	26.89
GCT	29	26.34	23.72	23.05	26.88
GCT	30	26.23	23.82	23.10	26.85
GCT	31	26.32	23.77	23.14	26.78
GCT	32	26.33	23.73	23.16	26.78
GCT	33	26.21	23.88	23.18	26.73
GCT	34	26.29	23.79	23.19	26.74
GCT	35	26.26	23.79	23.19	26.76
GCT	36	26.18	23.90	23.24	26.67
GCT	37	26.25	23.84	23.24	26.67
GCT	38	26.25	23.82	23.23	26.70
GCT	39	26.15	23.93	23.26	26.66
GCT	40	26.22	23.87	23.29	26.62
GCT	41	26.23	23.85	23.27	26.64
GCT	42	26.12	23.96	23.33	26.59
GCT	43	26.20	23.90	23.33	26.57
GCT	44	26.20	23.86	23.31	26.63
GCT	45	26.10	23.97	23.36	26.57
GCT	46	26.17	23.90	23.36	26.57
GCT	47	26.18	23.87	23.34	26.60
GCT	48	26.10	23.96	23.41	26.53
GCT	49	26.15	23.92	23.40	26.53
GCT	50	26.16	23.89	23.40	26.54
GCT	51	26.07	23.98	23.40	26.55
GCT	52	26.16	23.93	23.44	26.46
GCT	53	26.14	23.91	23.42	26.53
GCT	54	26.09	24.00	23.44	26.47
GCT	55	26.13	23.94	23.46	26.46
GCT	56	26.15	23.92	23.47	26.45
GCT	57	26.07	24.00	23.50	26.43
GCT	58	26.13	23.97	23.52	26.38
GCT	59	26.12	23.94	23.50	26.44
GCT	60	26.04	24.04	23.53	26.40
GCT	61	26.12	23.98	23.55	26.35
GCT	62	26.12	23.92	23.53	26.43
GCT	63	26.03	24.04	23.54	26.39
GCT	64	26.12	23.97	23.58	26.33
GCT	65	26.10	23.94	23.59	26.37
GCT	66	26.06	24.02	23.63	26.29
GCT	67	26.11	23.98	23.61	26.30
GCT	68	26.12	23.94	23.64	26.30
GCT	69	26.03	24.02	23.68	26.26
GCT	70	26.10	23.96	23.70	26.23
GCT	71	26.12	23.91	23.71	26.26
GCT	72	26.05	24.02	23.74	26.20
GCT	73	26.12	23.97	23.73	26.19
GCT	74	26.11	23.94	23.72	26.23
GCT	75	26.04	24.00	23.80	26.16
GCT	76	26.12	23.95	23.77	26.16
GCT	77	26.13	23.90	23.78	26.19
GCT	78	26.12	24.03	23.70	26.15
GCT	79	26.04	24.23	23.85	25.88
GCT	80	25.75	24.74	24.16	25.36
GCT	81	25.01	25.65	24.93	24.41
GCT	82	24.37	26.32	25.71	23.60
GCT	83	23.88	26.27	27.00	22.85
GCT	84	25.47	25.10	24.71	24.73
GCT	85	25.82	24.98	24.51	24.69
GCT	86	25.83	25.05	24.56	24.56
GCT	87	25.72	24.88	24.80	24.60
GCT	88	25.33	25.07	24.85	24.76
GCT	89	25.51	25.18	24.36	24.95
GCT	90	25.63	25.20	24.29	24.88
GCT	91	25.59	25.22	24.35	24.84
GCT	92	25.44	25.44	24.48	24.63
GCT	93	25.48	25.33	24.57	24.62
GCT	94	25.58	25.34	24.57	24.51
GCT	95	25.56	25.37	24.63	24.44
GCT	96	25.65	25.38	24.63	24.35
GCT	97	25.68	25.30	24.64	24.38
GCT	98	25.63	25.50	24.61	24.27
GCT	99	25.68	25.39	24.67	24.25
GCT	100	25.75	25.32	24.61	24.31
# ACGT content per cycle for first fragments. Use `grep ^FBC | cut -f 2-` to extract this part. The columns are: cycle; A,C,G,T base counts as a percentage of all A/C/G/T bases [%]; and N and O counts as a percentage of all A/C/G/T bases [%]
FBC	1	27.44	22.01	22.31	28.25	0.07	0.00
FBC	2	27.61	22.06	22.00	28.33	0.00	0.00
FBC	3	27.20	22.42	22.57	27.81	0.00	0.00
FBC	4	26.91	22.69	22.85	27.55	0.00	0.00
FBC	5	26.88	22.71	22.85	27.56	0.02	0.00
FBC	6	26.42	23.08	23.36	27.14	0.00	0.00
FBC	7	26.60	22.91	23.14	27.34	0.00	0.00
FBC	8	26.77	22.71	23.05	27.47	0.00	0.00
FBC	9	26.69	22.80	23.15	27.37	0.00	0.00
FBC	10	26.66	22.79	23.10	27.44	0.00	0.00
FBC	11	26.65	22.80	23.12	27.43	0.00	0.00
FBC	12	26.56	22.89	23.21	27.35	0.00	0.00
FBC	13	26.61	22.85	23.14	27.41	0.00	0.00
FBC	14	26.62	22.82	23.12	27.44	0.00	0.00
FBC	15	26.52	22.90	23.24	27.35	0.00	0.00
FBC	16	26.49	22.92	23.23	27.36	0.00	0.00
FBC	17	26.46	22.94	23.26	27.34	0.00	0.00
FBC	18	26.37	23.01	23.37	27.25	0.00	0.00
FBC	19	26.33	23.05	23.37	27.26	0.00	0.00
FBC	20	26.34	23.03	23.37	27.26	0.00	0.00
FBC	21	26.22	23.14	23.48	27.17	0.00	0.00
FBC	22	26.23	23.13	23.44	27.20	0.00	0.00
FBC	23	26.22	23.14	23.45	27.20	0.00	0.00
FBC	24	26.12	23.22	23.55	27.11	0.00	0.00
FBC	25	26.13	23.22	23.53	27.12	0.00	0.00
FBC	26	26.11	23.20	23.54	27.14	0.00	0.00
FBC	27	26.02	23.27	23.64	27.07	0.00	0.00
FBC	28	26.03	23.28	23.60	27.09	0.00	0.00
FBC	29	26.02	23.26	23.59	27.13	0.00	0.00
FBC	30	25.95	23.32	23.69	27.04	0.00	0.00
FBC	31	25.97	23.33	23.66	27.05	0.00	0.00
FBC	32	25.98	23.32	23.64	27.06	0.00	0.00
FBC	33	25.90	23.37	23.71	27.02	0.00	0.00
FBC	34	25.91	23.36	23.67	27.07	0.00	0.00
FBC	35	25.88	23.36	23.71	27.05	0.00	0.00
FBC	36	25.82	23.43	23.77	26.99	0.00	0.00
FBC	37	25.82	23.40	23.74	27.03	0.00	0.00
FBC	38	25.83	23.38	23.72	27.07	0.00	0.00
FBC	39	25.75	23.47	23.82	26.96	0.00	0.00
FBC	40	25.77	23.44	23.79	26.99	0.00	0.00
FBC	41	25.76	23.43	23.77	27.03	0.00	0.00
FBC	42	25.69	23.52	23.86	26.94	0.00	0.00
FBC	43	25.71	23.47	23.83	26.99	0.00	0.00
FBC	44	25.73	23.45	23.81	27.02	0.00	0.00
FBC	45	25.64	23.53	23.91	26.93	0.00	0.00
FBC	46	25.66	23.51	23.87	26.96	0.00	0.00
FBC	47	25.69	23.48	23.85	26.98	0.00	0.00
FBC	48	25.64	23.53	23.89	26.93	0.00	0.00
FBC	49	25.64	23.52	23.89	26.95	0.00	0.00
FBC	50	25.65	23.50	23.87	26.97	0.00	0.00
FBC	51	25.60	23.56	23.94	26.90	0.01	0.00
FBC	52	25.60	23.55	23.90	26.95	0.00	0.00
FBC	53	25.61	23.53	23.90	26.96	0.00	0.00
FBC	54	25.57	23.58	23.93	26.92	0.00	0.00
FBC	55	25.56	23.56	23.93	26.94	0.00	0.00
FBC	56	25.59	23.54	23.92	26.94	0.00	0.00
FBC	57	25.52	23.60	23.98	26.90	0.00	0.00
FBC	58	25.54	23.58	23.97	26.91	0.00	0.00
FBC	59	25.55	23.58	23.95	26.92	0.00	0.00
FBC	60	25.51	23.63	23.99	26.88	0.00	0.00
FBC	61	25.51	23.62	23.97	26.90	0.00	0.00
FBC	62	25.51	23.61	23.97	26.91	0.00	0.00
FBC	63	25.46	23.65	24.05	26.85	0.00	0.00
FBC	64	25.49	23.63	23.99	26.89	0.00	0.00
FBC	65	25.50	23.62	23.97	26.91	0.00	0.00
FBC	66	25.45	23.67	24.04	26.84	0.00	0.00
FBC	67	25.46	23.67	24.02	26.86	0.00	0.00
FBC	68	25.48	23.64	24.00	26.88	0.00	0.00
FBC	69	25.41	23.70	24.07	26.82	0.00	0.00
FBC	70	25.42	23.68	24.06	26.84	0.00	0.00
FBC	71	25.45	23.66	24.01	26.88	0.00	0.00
FBC	72	25.38	23.73	24.08	26.80	0.00	0.00
FBC	73	25.39	23.71	24.06	26.84	0.00	0.00
FBC	74	25.41	23.70	24.05	26.85	0.00	0.00
FBC	75	25.36	23.77	24.10	26.77	0.00	0.00
FBC	76	25.40	23.71	24.03	26.85	0.00	0.00
FBC	77	25.43	23.69	24.04	26.84	0.00	0.00
FBC	78	25.44	23.66	24.01	26.89	0.00	0.00
FBC	79	25.07	24.01	24.42	26.50	0.00	0.00
FBC	80	24.24	24.80	25.27	25.69	0.00	0.00
FBC	81	22.60	26.41	26.94	24.05	0.00	0.00
FBC	82	21.13	27.84	28.42	22.61	0.00	0.00
FBC	83	19.89	29.19	29.59	21.33	0.00	0.00
FBC	84	23.32	25.59	26.14	24.95	0.00	0.00
FBC	85	23.50	25.33	25.86	25.30	0.00	0.00
FBC	86	23.39	25.44	25.97	25.20	0.00	0.00
FBC	87	23.39	25.48	25.95	25.18	0.04	0.00
FBC	88	23.21	25.73	26.20	24.87	0.01	0.00
FBC	89	23.54	25.32	25.91	25.22	0.00	0.00
FBC	90	23.62	25.20	25.80	25.37	0.00	0.00
FBC	91	23.54	25.29	25.89	25.28	0.00	0.00
FBC	92	23.14	25.66	26.30	24.90	0.04	0.00
FBC	93	23.18	25.61	26.21	24.99	0.32	0.00
FBC	94	23.16	25.60	26.23	25.00	0.00	0.00
FBC	95	23.07	25.71	26.32	24.90	0.00	0.00
FBC	96	23.12	25.66	26.26	24.96	0.00	0.00
FBC	97	23.15	25.61	26.25	24.99	0.00	0.00
FBC	98	23.01	25.74	26.39	24.86	0.01	0.00
FBC	99	23.05	25.69	26.32	24.94	0.00	0.00
FBC	100	23.22	25.57	26.15	25.05	0.00	0.00
# ACGT raw counters for first fragments. Use `grep ^FTC | cut -f 2-` to extract this part. The columns are: A,C,G,T,N base counters
FTC	580846565	546832423	555580857	609967931	131523
# ACGT content per cycle for last fragments. Use `grep ^LBC | cut -f 2-` to extract this part. The columns are: cycle; A,C,G,T base counts as a percentage of all A/C/G/T bases [%]; and N and O counts as a percentage of all A/C/G/T bases [%]
LBC	1	27.55	22.22	22.10	28.13	0.00	0.00
LBC	2	27.55	22.00	22.31	28.13	0.00	0.00
LBC	3	26.71	22.83	22.98	27.47	0.00	0.00
LBC	4	26.44	23.09	23.21	27.27	0.32	0.00
LBC	5	26.71	22.80	22.97	27.53	0.00	0.00
LBC	6	26.21	23.30	23.44	27.04	0.00	0.00
LBC	7	26.41	23.09	23.23	27.27	0.00	0.00
LBC	8	26.68	22.80	22.91	27.61	0.00	0.00
LBC	9	26.53	22.92	23.02	27.53	0.00	0.00
LBC	10	26.60	22.84	22.99	27.57	0.00	0.00
LBC	11	26.57	22.89	23.02	27.52	0.00	0.00
LBC	12	26.53	22.93	23.01	27.53	0.06	0.00
LBC	13	26.55	22.90	23.00	27.55	0.20	0.00
LBC	14	26.58	22.84	22.97	27.60	0.00	0.00
LBC	15	26.48	22.94	23.08	27.50	0.00	0.00
LBC	16	26.42	22.99	23.12	27.47	0.00	0.00
LBC	17	26.42	22.96	23.12	27.50	0.00	0.00
LBC	18	26.29	23.09	23.22	27.40	0.00	0.00
LBC	19	26.32	23.06	23.22	27.40	0.00	0.00
LBC	20	26.30	23.07	23.24	27.39	0.00	0.00
LBC	21	26.18	23.15	23.32	27.36	0.00	0.00
LBC	22	26.17	23.18	23.34	27.31	0.00	0.00
LBC	23	26.23	23.12	23.27	27.37	0.01	0.00
LBC	24	26.09	23.26	23.42	27.24	0.00	0.00
LBC	25	26.10	23.23	23.39	27.27	0.00	0.00
LBC	26	26.09	23.21	23.40	27.30	0.00	0.00
LBC	27	26.01	23.31	23.46	27.22	0.00	0.00
LBC	28	26.05	23.24	23.41	27.31	0.00	0.00
LBC	29	26.02	23.24	23.44	27.29	0.00	0.00
LBC	30	25.94	23.32	23.51	27.23	0.00	0.00
LBC	31	25.95	23.32	23.50	27.23	0.00	0.00
LBC	32	25.94	23.32	23.51	27.24	0.00	0.00
LBC	33	25.84	23.41	23.61	27.14	0.00	0.00
LBC	34	25.90	23.34	23.57	27.19	0.00	0.00
LBC	35	25.90	23.34	23.55	27.21	0.00	0.00
LBC	36	25.79	23.44	23.66	27.12	0.00	0.00
LBC	37	25.81	23.40	23.61	27.18	0.00	0.00
LBC	38	25.83	23.39	23.61	27.17	0.00	0.00
LBC	39	25.77	23.43	23.67	27.14	0.00	0.00
LBC	40	25.78	23.43	23.66	27.13	0.00	0.00
LBC	41	25.79	23.41	23.63	27.17	0.00	0.00
LBC	42	25.69	23.47	23.73	27.10	0.00	0.00
LBC	43	25.72	23.46	23.70	27.12	0.00	0.00
LBC	44	25.75	23.44	23.64	27.17	0.00	0.00
LBC	45	25.66	23.49	23.73	27.11	0.00	0.00
LBC	46	25.72	23.45	23.68	27.14	0.05	0.00
LBC	47	25.74	23.45	23.65	27.16	0.00	0.00
LBC	48	25.63	23.54	23.77	27.06	0.00	0.00
LBC	49	25.65	23.49	23.74	27.12	0.00	0.00
LBC	50	25.67	23.47	23.75	27.11	0.00	0.00
LBC	51	25.63	23.49	23.77	27.11	0.00	0.00
LBC	52	25.62	23.54	23.77	27.07	0.00	0.00
LBC	53	25.64	23.49	23.75	27.12	0.00	0.00
LBC	54	25.57	23.58	23.80	27.05	0.00	0.00
LBC	55	25.60	23.54	23.78	27.08	0.00	0.00
LBC	56	25.59	23.53	23.80	27.08	0.00	0.00
LBC	57	25.55	23.56	23.86	27.03	0.00	0.00
LBC	58	25.55	23.59	23.83	27.04	0.00	0.00
LBC	59	25.58	23.53	23.81	27.07	0.00	0.00
LBC	60	25.49	23.62	23.89	27.00	0.01	0.00
LBC	61	25.52	23.59	23.87	27.01	0.00	0.00
LBC	62	25.59	23.54	23.80	27.08	0.00	0.00
LBC	63	25.52	23.59	23.87	27.01	0.00	0.00
LBC	64	25.52	23.59	23.89	27.00	0.00	0.00
LBC	65	25.52	23.58	23.89	27.01	0.00	0.00
LBC	66	25.47	23.63	23.95	26.94	0.00	0.00
LBC	67	25.48	23.60	23.90	27.01	0.03	0.00
LBC	68	25.50	23.61	23.91	26.98	0.00	0.00
LBC	69	25.44	23.66	23.98	26.92	0.00	0.00
LBC	70	25.46	23.63	23.96	26.95	0.00	0.00
LBC	71	25.46	23.65	23.93	26.97	0.00	0.00
LBC	72	25.41	23.69	24.00	26.90	0.00	0.00
LBC	73	25.43	23.67	23.96	26.94	0.00	0.00
LBC	74	25.47	23.62	23.95	26.96	0.00	0.00
LBC	75	25.39	23.70	24.03	26.88	0.00	0.00
LBC	76	25.42	23.68	24.01	26.89	0.00	0.00
LBC	77	25.45	23.67	23.97	26.92	0.00	0.00
LBC	78	25.34	23.74	24.05	26.86	0.00	0.00
LBC	79	25.39	23.71	24.02	26.88	0.00	0.00
LBC	80	25.42	23.70	24.01	26.87	0.00	0.00
LBC	81	25.34	23.74	24.07	26.84	0.00	0.00
LBC	82	25.37	23.75	24.05	26.83	0.00	0.00
LBC	83	25.40	23.72	24.03	26.86	0.00	0.00
LBC	84	25.32	23.78	24.10	26.80	0.00	0.00
LBC	85	25.37	23.73	24.07	26.83	0.00	0.00
LBC	86	25.36	23.75	24.07	26.82	0.00	0.00
LBC	87	25.30	23.80	24.13	26.76	0.00	0.00
LBC	88	25.33	23.80	24.10	26.77	0.00	0.00
LBC	89	25.36	23.75	24.10	26.79	0.00	0.00
LBC	90	25.30	23.81	24.15	26.74	0.00	0.00
LBC	91	25.31	23.82	24.14	26.74	0.00	0.00
LBC	92	25.35	23.77	24.11	26.76	0.04	0.00
LBC	93	25.30	23.84	24.14	26.71	0.00	0.00
LBC	94	25.30	23.82	24.17	26.71	0.00	0.00
LBC	95	25.31	23.81	24.17	26.72	0.00	0.00
LBC	96	25.25	23.87	24.23	26.65	0.00	0.00
LBC	97	25.30	23.83	24.19	26.68	0.00	0.00
LBC	98	25.27	23.87	24.21	26.65	0.00	0.00
LBC	99	25.25	23.87	24.24	26.64	0.00	0.00
LBC	100	25.25	23.89	24.25	26.61	0.00	0.00
# ACGT raw counters for last fragments. Use `grep ^LTC | cut -f 2-` to extract this part. The columns are: A,C,G,T,N base counters
LTC	591557922	537217879	542749679	621663229	170590
# Insert sizes. Use `grep ^IS | cut -f 2-` to extract this part. The columns are: insert size, pairs total, inward oriented pairs, outward oriented pairs, other pairs
IS	0	77	0	0	77
IS	1	0	0	0	0
IS	2	22	0	10	12
IS	3	25	0	21	4
IS	4	19	0	19	0
IS	5	19	0	19	0
IS	6	14	0	14	0
IS	7	22	0	22	0
IS	8	19	0	19	0
IS	9	15	0	15	0
IS	10	13	0	13	0
IS	11	14	0	14	0
IS	12	18	0	17	1
IS	13	18	0	16	2
IS	14	31	0	30	1
IS	15	20	0	19	1
IS	16	15	0	15	0
IS	17	20	0	20	0
IS	18	30	0	30	0
IS	19	232	197	35	0
IS	20	131	113	18	0
IS	21	109	84	24	1
IS	22	85	44	39	2
IS	23	72	42	27	3
IS	24	68	46	22	0
IS	25	79	46	33	0
IS	26	91	57	34	0
IS	27	85	53	31	1
IS	28	89	56	31	2
IS	29	91	59	32	0
IS	30	109	79	30	0
IS	31	134	113	21	0
IS	32	124	102	22	0
IS	33	114	99	14	1
IS	34	148	129	18	1
IS	35	157	130	27	0
IS	36	147	127	19	1
IS	37	167	144	20	3
IS	38	178	147	31	0
IS	39	193	175	18	0
IS	40	184	160	21	3
IS	41	238	201	36	1
IS	42	248	216	29	3
IS	43	240	215	23	2
IS	44	283	257	26	0
IS	45	315	292	21	2
IS	46	314	278	32	4
IS	47	350	319	30	1
IS	48	349	325	24	0
IS	49	366	340	25	1
IS	50	393	370	22	1
IS	51	408	377	27	4
IS	52	414	382	29	3
IS	53	478	446	32	0
IS	54	476	443	29	4
IS	55	473	440	32	1
IS	56	474	446	26	2
IS	57	525	498	24	3
IS	58	505	464	33	8
IS	59	483	443	39	1
IS	60	495	463	29	3
IS	61	526	489	33	4
IS	62	481	453	25	3
IS	63	537	497	35	5
IS	64	551	523	25	3
IS	65	590	552	26	12
IS	66	584	541	38	5
IS	67	592	550	37	5
IS	68	605	561	42	2
IS	69	610	560	45	5
IS	70	619	572	44	3
IS	71	598	563	32	3
IS	72	608	561	42	5
IS	73	700	660	37	3
IS	74	714	669	41	4
IS	75	764	697	60	7
IS	76	754	698	49	7
IS	77	836	785	48	3
IS	78	809	750	54	5
IS	79	931	864	61	6
IS	80	905	842	58	5
IS	81	1015	943	64	8
IS	82	1115	1044	68	3
IS	83	1271	1199	69	3
IS	84	1348	1270	73	5
IS	85	1576	1514	55	7
IS	86	1729	1638	80	11
IS	87	1967	1881	77	9
IS	88	2353	2269	80	4
IS	89	2601	2508	86	7
IS	90	2991	2900	81	10
IS	91	3301	3205	92	4
IS	92	3824	3722	95	7
IS	93	4348	4244	95	9
IS	94	4653	4556	92	5
IS	95	5506	5399	103	4
IS	96	6346	6238	101	7
IS	97	7126	6996	121	9
IS	98	7991	7842	141	8
IS	99	8893	8645	243	5
IS	100	10168	10152	8	8
IS	101	11397	11383	4	10
IS	102	12928	12924	3	1
IS	103	14386	14365	4	17
IS	104	15898	15886	3	9
IS	105	17892	17885	1	6
IS	106	19790	19784	1	5
IS	107	21867	21851	1	15
IS	108	23959	23954	0	5
IS	109	26248	26242	0	6
IS	110	28960	28951	1	8
IS	111	30773	30762	2	9
IS	112	33766	33759	0	7
IS	113	36297	36291	0	6
IS	114	39152	39146	1	5
IS	115	42048	42039	2	7
IS	116	45198	45186	1	11
IS	117	48898	48890	4	4
IS	118	51317	51308	1	8
IS	119	54791	54784	1	6
IS	120	58236	58231	2	3
IS	121	61367	61362	1	4
IS	122	64804	64803	0	1
IS	123	67771	67763	1	7
IS	124	71125	71119	2	4
IS	125	73817	73810	0	7
IS	126	77643	77634	0	9
IS	127	80349	80341	2	6
IS	128	83238	83230	0	8
IS	129	86075	86064	0	11
IS	130	89554	89549	0	5
IS	131	92247	92241	1	5
IS	132	95514	95504	2	8
IS	133	98125	98116	1	8
IS	134	100847	100838	3	6
IS	135	103065	103055	2	8
IS	136	106550	106545	0	5
IS	137	108276	108274	1	1
IS	138	110399	110392	1	6
IS	139	113661	113655	0	6
IS	140	114593	114592	1	0
IS	141	117255	117252	1	2
IS	142	119211	119200	0	11
IS	143	120441	120435	1	5
IS	144	122447	122438	3	6
IS	145	124526	124513	0	13
IS	146	125838	125831	0	7
IS	147	127755	127749	0	6
IS	148	128834	128829	1	4
IS	149	129955	129951	0	4
IS	150	132169	132163	0	6
IS	151	133668	133666	0	2
IS	152	134607	134602	1	4
IS	153	135814	135810	0	4
IS	154	136172	136167	1	4
IS	155	136239	136233	2	4
IS	156	138067	138053	2	12
IS	157	139355	139352	0	3
IS	158	138359	138349	2	8
IS	159	139871	139863	2	6
IS	160	140817	140812	2	3
IS	161	141103	141096	2	5
IS	162	140609	140602	3	4
IS	163	140730	140727	0	3
IS	164	141241	141231	2	8
IS	165	141776	141772	1	3
IS	166	141904	141894	3	7
IS	167	142359	142349	1	9
IS	168	142650	142640	0	10
IS	169	142351	142346	1	4
IS	170	141459	141457	0	2
IS	171	142176	142176	0	0
IS	172	141923	141912	1	10
IS	173	140819	140818	0	1
IS	174	141446	141443	1	2
IS	175	140694	140693	0	1
IS	176	140669	140659	1	9
IS	177	140663	140656	3	4
IS	178	140343	140337	2	4
IS	179	140135	140127	2	6
IS	180	140752	140749	2	1
IS	181	139068	139065	0	3
IS	182	138681	138677	0	4
IS	183	139042	139036	1	5
IS	184	136558	136552	3	3
IS	185	137179	137175	2	2
IS	186	136532	136527	1	4
IS	187	135948	135945	1	2
IS	188	135023	135021	1	1
IS	189	134334	134327	5	2
IS	190	133607	133605	0	2
IS	191	132838	132833	3	2
IS	192	132746	132744	0	2
IS	193	132366	132357	2	7
IS	194	130865	130862	1	2
IS	195	130073	130065	2	6
IS	196	130495	130490	1	4
IS	197	130546	130540	0	6
IS	198	128130	128119	2	9
IS	199	128200	128197	1	2
IS	200	126744	126738	1	5
IS	201	126422	126418	0	4
IS	202	125418	125412	3	3
IS	203	125253	125249	0	4
IS	204	124313	124308	1	4
IS	205	122834	122830	1	3
IS	206	122518	122516	1	1
IS	207	122086	122085	0	1
IS	208	121362	121361	0	1
IS	209	119669	119668	0	1
IS	210	119065	119061	3	1
IS	211	119112	119111	1	0
IS	212	118605	118601	1	3
IS	213	118093	118090	0	3
IS	214	116776	116774	1	1
IS	215	115744	115739	2	3
IS	216	115020	115015	1	4
IS	217	114855	114854	0	1
IS	218	113439	113433	3	3
IS	219	112639	112634	1	4
IS	220	112875	112873	0	2
IS	221	111634	111634	0	0
IS	222	109966	109963	1	2
IS	223	109684	109682	0	2
IS	224	108380	108377	0	3
IS	225	108082	108081	0	1
IS	226	107159	107159	0	0
IS	227	106512	106508	1	3
IS	228	105710	105708	1	1
IS	229	105452	105447	1	4
IS	230	104545	104544	0	1
IS	231	103594	103593	1	0
IS	232	102428	102424	1	3
IS	233	101469	101465	1	3
IS	234	100148	100147	0	1
IS	235	100313	100311	0	2
IS	236	99319	99317	0	2
IS	237	98755	98752	0	3
IS	238	97277	97274	0	3
IS	239	97037	97035	0	2
IS	240	95700	95696	1	3
IS	241	95255	95250	1	4
IS	242	93697	93695	0	2
IS	243	93405	93403	1	1
IS	244	92712	92710	0	2
IS	245	91694	91691	0	3
IS	246	91089	91086	0	3
IS	247	90163	90162	0	1
IS	248	89499	89497	1	1
IS	249	88602	88600	0	2
IS	250	87820	87819	0	1
IS	251	86641	86639	0	2
IS	252	86615	86613	0	2
IS	253	85612	85605	2	5
IS	254	84909	84908	0	1
IS	255	83468	83467	0	1
IS	256	82490	82487	1	2
IS	257	82552	82552	0	0
IS	258	81337	81335	0	2
IS	259	81094	81092	0	2
IS	260	79816	79815	0	1
IS	261	78822	78818	0	4
IS	262	77824	77824	0	0
IS	263	77992	77989	1	2
IS	264	76771	76771	0	0
IS	265	75834	75833	0	1
IS	266	75257	75255	2	0
IS	267	74349	74349	0	0
IS	268	73408	73408	0	0
IS	269	73050	73047	1	2
IS	270	71795	71794	1	0
IS	271	71441	71433	1	7
IS	272	70857	70856	0	1
IS	273	69960	69959	0	1
IS	274	69441	69439	0	2
IS	275	68333	68333	0	0
IS	276	67859	67859	0	0
IS	277	66421	66420	0	1
IS	278	66275	66275	0	0
IS	279	65332	65330	0	2
IS	280	64120	64120	0	0
IS	281	63889	63883	4	2
IS	282	63627	63626	1	0
IS	283	62890	62890	0	0
IS	284	62021	62021	0	0
IS	285	61114	61112	0	2
IS	286	59616	59614	0	2
IS	287	59521	59519	0	2
IS	288	58949	58949	0	0
IS	289	57928	57928	0	0
IS	290	57591	57590	0	1
IS	291	56715	56714	0	1
IS	292	56451	56451	0	0
IS	293	55513	55510	2	1
IS	294	54926	54923	1	2
IS	295	54106	54106	0	0
IS	296	53461	53461	0	0
IS	297	52533	52532	1	0
IS	298	51964	51962	2	0
IS	299	51469	51466	3	0
IS	300	51012	51012	0	0
IS	301	50060	50056	0	4
IS	302	50049	50048	0	1
IS	303	49252	49252	0	0
IS	304	48558	48556	1	1
IS	305	47792	47789	1	2
IS	306	47397	47397	0	0
IS	307	46581	46580	1	0
IS	308	46094	46091	1	2
IS	309	45469	45469	0	0
IS	310	44932	44930	0	2
IS	311	44267	44267	0	0
IS	312	43728	43728	0	0
IS	313	43015	43013	0	2
IS	314	42665	42664	1	0
IS	315	42082	42082	0	0
IS	316	41378	41378	0	0
IS	317	41085	41083	1	1
IS	318	40442	40441	1	0
IS	319	39926	39925	0	1
IS	320	39192	39191	1	0
IS	321	38779	38778	1	0
IS	322	38291	38290	1	0
IS	323	37680	37680	0	0
IS	324	37353	37353	0	0
IS	325	36917	36917	0	0
IS	326	36737	36735	1	1
IS	327	35697	35695	1	1
IS	328	35203	35202	1	0
IS	329	34952	34952	0	0
IS	330	34020	34020	0	0
IS	331	34057	34056	1	0
IS	332	33298	33298	0	0
IS	333	32682	32682	0	0
IS	334	32337	32337	0	0
IS	335	32332	32332	0	0
IS	336	31749	31748	0	1
IS	337	30904	30904	0	0
IS	338	30858	30858	0	0
IS	339	30077	30075	0	2
IS	340	29692	29692	0	0
IS	341	29433	29431	1	1
IS	342	29102	29102	0	0
IS	343	28452	28451	1	0
IS	344	28375	28374	1	0
IS	345	27773	27773	0	0
IS	346	27537	27536	1	0
IS	347	26700	26700	0	0
IS	348	27041	27040	0	1
IS	349	26306	26306	0	0
IS	350	25974	25974	0	0
IS	351	25405	25403	1	1
IS	352	24796	24796	0	0
IS	353	24872	24872	0	0
IS	354	24375	24374	1	0
IS	355	24499	24497	2	0
IS	356	23707	23706	0	1
IS	357	23207	23207	0	0
IS	358	22962	22961	1	0
IS	359	22592	22591	1	0
IS	360	21931	21929	0	2
IS	361	21956	21955	1	0
IS	362	21546	21545	1	0
IS	363	20997	20997	0	0
IS	364	20646	20645	0	1
IS	365	20569	20569	0	0
IS	366	20283	20283	0	0
IS	367	19988	19987	0	1
IS	368	19548	19548	0	0
IS	369	19495	19495	0	0
IS	370	19012	19011	0	1
IS	371	18787	18785	1	1
IS	372	18591	18590	1	0
IS	373	18108	18108	0	0
IS	374	17973	17972	0	1
IS	375	17774	17772	2	0
IS	376	17243	17243	0	0
IS	377	17053	17052	1	0
IS	378	16754	16753	1	0
IS	379	16456	16456	0	0
IS	380	16552	16551	1	0
IS	381	15872	15872	0	0
IS	382	15615	15614	1	0
IS	383	15344	15344	0	0
IS	384	15158	15158	0	0
IS	385	14970	14970	0	0
IS	386	14598	14598	0	0
IS	387	14245	14245	0	0
IS	388	14073	14072	0	1
IS	389	13947	13947	0	0
IS	390	13641	13641	0	0
IS	391	13513	13513	0	0
IS	392	13185	13185	0	0
IS	393	13145	13145	0	0
IS	394	12917	12917	0	0
IS	395	12560	12559	1	0
IS	396	12583	12583	0	0
IS	397	12128	12128	0	0
IS	398	12080	12079	0	1
IS	399	12059	12057	2	0
IS	400	11666	11666	0	0
IS	401	11459	11458	1	0
IS	402	11101	11100	0	1
IS	403	10995	10994	1	0
IS	404	10983	10982	1	0
IS	405	10667	10666	1	0
IS	406	10533	10533	0	0
IS	407	10417	10417	0	0
IS	408	10305	10304	1	0
IS	409	10121	10119	2	0
IS	410	9879	9879	0	0
IS	411	9578	9578	0	0
IS	412	9439	9439	0	0
IS	413	9254	9253	1	0
IS	414	9055	9055	0	0
IS	415	9169	9167	1	1
IS	416	8818	8818	0	0
IS	417	8640	8640	0	0
IS	418	8333	8333	0	0
IS	419	8447	8446	1	0
IS	420	8298	8296	2	0
IS	421	8131	8131	0	0
IS	422	8035	8035	0	0
IS	423	7826	7825	1	0
IS	424	7696	7695	1	0
IS	425	7574	7573	1	0
IS	426	7438	7437	1	0
IS	427	7189	7189	0	0
IS	428	7158	7158	0	0
IS	429	7169	7166	3	0
IS	430	6930	6929	1	0
IS	431	6767	6767	0	0
IS	432	6732	6732	0	0
IS	433	6530	6529	1	0
IS	434	6344	6343	1	0
IS	435	6335	6334	1	0
IS	436	6094	6093	1	0
IS	437	6009	6008	1	0
IS	438	5977	5976	1	0
IS	439	5866	5865	1	0
IS	440	5735	5735	0	0
IS	441	5702	5702	0	0
IS	442	5584	5584	0	0
IS	443	5254	5254	0	0
IS	444	5369	5368	1	0
IS	445	5317	5317	0	0
IS	446	5146	5146	0	0
IS	447	5028	5026	2	0
IS	448	4976	4975	1	0
IS	449	4921	4921	0	0
IS	450	4723	4722	1	0
IS	451	4696	4696	0	0
IS	452	4533	4532	1	0
IS	453	4427	4426	1	0
IS	454	4418	4417	1	0
IS	455	4331	4328	2	1
# Read lengths. Use `grep ^RL | cut -f 2-` to extract this part. The columns are: read length, count
RL	31	2534
RL	32	2324
RL	33	2316
RL	34	2154
RL	35	1900
RL	36	1774
RL	37	1770
RL	38	1726
RL	39	1702
RL	40	1560
RL	41	1468
RL	42	1440
RL	43	1408
RL	44	1352
RL	45	1368
RL	46	1244
RL	47	1206
RL	48	1254
RL	49	1196
RL	50	1234
RL	51	1314
RL	52	1290
RL	53	1506
RL	54	1494
RL	55	1490
RL	56	1444
RL	57	1486
RL	58	1508
RL	59	1552
RL	60	1746
RL	61	1708
RL	62	1768
RL	63	1672
RL	64	2022
RL	65	1918
RL	66	1890
RL	67	1812
RL	68	1854
RL	69	1806
RL	70	1672
RL	71	2032
RL	72	1980
RL	73	1974
RL	74	2112
RL	75	2128
RL	76	2098
RL	77	2304
RL	78	2240
RL	79	2370
RL	80	2442
RL	81	2780
RL	82	2710
RL	83	3074
RL	84	3250
RL	85	3776
RL	86	4060
RL	87	4546
RL	88	5276
RL	89	5716
RL	90	6528
RL	91	6916
RL	92	7926
RL	93	9082
RL	94	9612
RL	95	11316
RL	96	12894
RL	97	14418
RL	98	16278
RL	99	17874
RL	100	45679906
# Read lengths - first fragments. Use `grep ^FRL | cut -f 2-` to extract this part. The columns are: read length, count
FRL	31	1267
FRL	32	1162
FRL	33	1158
FRL	34	1077
FRL	35	950
FRL	36	887
FRL	37	885
FRL	38	863
FRL	39	851
FRL	40	780
FRL	41	734
FRL	42	720
FRL	43	704
FRL	44	676
FRL	45	684
FRL	46	622
FRL	47	603
FRL	48	627
FRL	49	598
FRL	50	617
FRL	51	657
FRL	52	645
FRL	53	753
FRL	54	747
FRL	55	745
FRL	56	722
FRL	57	743
FRL	58	754
FRL	59	776
FRL	60	873
FRL	61	854
FRL	62	884
FRL	63	836
FRL	64	1011
FRL	65	959
FRL	66	945
FRL	67	906
FRL	68	927
FRL	69	903
FRL	70	836
FRL	71	1016
FRL	72	990
FRL	73	987
FRL	74	1056
FRL	75	1064
FRL	76	1049
FRL	77	1152
FRL	78	1120
FRL	79	1185
FRL	80	1221
FRL	81	1390
FRL	82	1355
FRL	83	1537
FRL	84	1625
FRL	85	1888
FRL	86	2030
FRL	87	2273
FRL	88	2638
FRL	89	2858
FRL	90	3264
FRL	91	3458
FRL	92	3963
FRL	93	4541
FRL	94	4806
FRL	95	5658
FRL	96	6447
FRL	97	7209
FRL	98	8139
FRL	99	8937
FRL	100	22839953
# Read lengths - last fragments. Use `grep ^LRL | cut -f 2-` to extract this part. The columns are: read length, count
LRL	31	1267
LRL	32	1162
LRL	33	1158
LRL	34	1077
LRL	35	950
LRL	36	887
LRL	37	885
LRL	38	863
LRL	39	851
LRL	40	780
LRL	41	734
LRL	42	720
LRL	43	704
LRL	44	676
LRL	45	684
LRL	46	622
LRL	47	603
LRL	48	627
LRL	49	598
LRL	50	617
LRL	51	657
LRL	52	645
LRL	53	753
LRL	54	747
LRL	55	745
LRL	56	722
LRL	57	743
LRL	58	754
LRL	59	776
LRL	60	873
LRL	61	854
LRL	62	884
LRL	63	836
LRL	64	1011
LRL	65	959
LRL	66	945
LRL	67	906
LRL	68	927
LRL	69	903
LRL	70	836
LRL	71	1016
LRL	72	990
LRL	73	987
LRL	74	1056
LRL	75	1064
LRL	76	1049
LRL	77	1152
LRL	78	1120
LRL	79	1185
LRL	80	1221
LRL	81	1390
LRL	82	1355
LRL	83	1537
LRL	84	1625
LRL	85	1888
LRL	86	2030
LRL	87	2273
LRL	88	2638
LRL	89	2858
LRL	90	3264
LRL	91	3458
LRL	92	3963
LRL	93	4541
LRL	94	4806
LRL	95	5658
LRL	96	6447
LRL	97	7209
LRL	98	8139
LRL	99	8937
LRL	100	22839953
# Mapping qualities for reads !(UNMAP|SECOND|SUPPL|QCFAIL|DUP). Use `grep ^MAPQ | cut -f 2-` to extract this part. The columns are: mapq, count
MAPQ	0	4150717
MAPQ	1	11758
MAPQ	2	3481
MAPQ	3	22493
MAPQ	4	4881
MAPQ	5	5562
MAPQ	6	8590
MAPQ	7	14310
MAPQ	8	7267
MAPQ	9	25640
MAPQ	10	10419
MAPQ	11	6672
MAPQ	12	7609
MAPQ	13	12257
MAPQ	14	3147
MAPQ	15	20981
MAPQ	16	5736
MAPQ	17	6262
MAPQ	18	8333
MAPQ	19	17592
MAPQ	20	23763
MAPQ	21	32322
MAPQ	22	38890
MAPQ	23	41142
MAPQ	24	80437
MAPQ	25	165297
MAPQ	26	4589
MAPQ	27	389750
MAPQ	28	4076
MAPQ	29	3206
MAPQ	30	5544
MAPQ	31	10173
MAPQ	32	2031
MAPQ	33	23067
MAPQ	34	3464
MAPQ	35	3826
MAPQ	36	6227
MAPQ	37	13280
MAPQ	38	3593
MAPQ	39	29740
MAPQ	40	426617
MAPQ	41	8539
MAPQ	42	20138
MAPQ	43	19919
MAPQ	44	20429
MAPQ	45	45977
MAPQ	46	37729
MAPQ	47	64094
MAPQ	48	93586
MAPQ	49	122319
MAPQ	50	205518
MAPQ	51	83513
MAPQ	52	28413
MAPQ	53	15538
MAPQ	54	23404
MAPQ	55	33678
MAPQ	56	5736
MAPQ	57	60874
MAPQ	58	7211
MAPQ	59	10545
MAPQ	60	39336395
# Indel distribution. Use `grep ^ID | cut -f 2-` to extract this part. The columns are: length, number of insertions, number of deletions
ID	1	1400162	172341
ID	2	465887	31529
ID	3	166225	14601
ID	4	49129	11153
ID	5	14859	3680
ID	6	2817	3409
ID	7	786	1143
ID	8	988	1529
ID	9	532	727
ID	10	553	1207
ID	11	244	480
ID	12	310	929
ID	13	198	239
ID	14	234	376
ID	15	111	664
ID	16	118	383
ID	17	32	167
ID	18	68	171
ID	19	38	74
ID	20	28	108
ID	21	64	73
ID	22	10	49
ID	23	20	99
ID	24	15	58
ID	25	4	12
ID	26	10	46
ID	27	0	37
ID	28	1	11
ID	29	0	4
ID	30	1	21
ID	31	0	1
ID	32	0	7
ID	33	0	2
ID	34	0	10
ID	35	0	11
ID	36	0	2
ID	37	0	4
ID	38	0	6
ID	40	0	1
# Indels per cycle. Use `grep ^IC | cut -f 2-` to extract this part. The columns are: cycle, number of insertions (fwd), .. (rev) , number of deletions (fwd), .. (rev)
IC	3	0	0	375	688
IC	4	296	589	448	625
IC	5	434	671	517	669
IC	6	505	637	595	725
IC	7	575	659	694	843
IC	8	552	629	812	980
IC	9	658	718	874	955
IC	10	647	715	897	974
IC	11	730	749	909	1067
IC	12	713	737	1029	1092
IC	13	815	784	1015	1101
IC	14	850	830	1068	1197
IC	15	811	832	1127	1096
IC	16	868	884	1045	1178
IC	17	840	932	1118	1250
IC	18	905	861	1128	1203
IC	19	883	860	1219	1237
IC	20	843	918	1132	1310
IC	21	871	870	1155	1288
IC	22	897	878	1090	1207
IC	23	943	948	1214	1215
IC	24	924	841	1212	1211
IC	25	886	953	1217	1191
IC	26	959	857	1152	1231
IC	27	949	901	1205	1202
IC	28	903	892	1210	1227
IC	29	869	849	1191	1218
IC	30	895	873	1157	1258
IC	31	945	854	1186	1211
IC	32	957	820	1151	1131
IC	33	897	822	1109	1166
IC	34	923	845	1133	1161
IC	35	872	855	1114	1097
IC	36	889	801	1098	1090
IC	37	940	835	1184	1139
IC	38	866	836	1192	1114
IC	39	898	863	1094	1152
IC	40	891	792	1131	1112
IC	41	826	789	1121	1134
IC	42	863	877	1174	1182
IC	43	876	787	1087	1176
IC	44	829	817	1061	1083
IC	45	782	856	1083	1150
IC	46	843	830	1084	1059
IC	47	839	810	1118	1137
IC	48	821	769	1141	1101
IC	49	823	876	1060	1070
IC	50	842	858	1172	1196
IC	51	876	868	1132	1145
IC	52	749	841	1081	1090
IC	53	783	813	1081	1115
IC	54	779	838	1225	1099
IC	55	794	798	1115	1111
IC	56	716	854	1096	1097
IC	57	783	825	1059	1065
IC	58	801	875	1067	1209
IC	59	794	825	1130	1080
IC	60	811	870	1127	1136
IC	61	811	859	1156	1169
IC	62	805	874	1162	1263
IC	63	764	861	1173	1238
IC	64	734	867	1064	1179
IC	65	759	902	1031	1176
IC	66	754	860	1054	1194
IC	67	791	847	1146	1185
IC	68	705	857	1092	1220
IC	69	724	861	1006	1221
IC	70	743	954	986	1191
IC	71	648	884	950	1164
IC	72	630	818	836	1221
IC	73	759	804	822	1160
IC	74	1013	875	785	1125
IC	75	1809	754	784	1198
IC	76	3847	800	707	1135
IC	77	11148	769	1010	1124
IC	78	37023	752	791	1073
IC	79	102654	753	851	1103
IC	80	233066	756	1021	1078
IC	81	413300	760	970	1120
IC	82	460376	712	1016	1093
IC	83	320043	721	981	1044
IC	84	132140	724	1682	968
IC	85	72928	732	2568	1029
IC	86	41866	714	3096	964
IC	87	27064	711	3475	979
IC	88	17930	681	3476	908
IC	89	14533	785	3562	889
IC	90	12320	724	3573	813
IC	91	9774	734	3928	778
IC	92	9280	768	4377	830
IC	93	7401	810	3565	719
IC	94	8907	916	4619	808
IC	95	10432	1227	5747	882
IC	96	10199	1391	7097	1071
IC	97	9871	1881	7321	915
# Coverage distribution. Use `grep ^COV | cut -f 2-` to extract this part.
COV	[1-1]	1	96685967
COV	[2-2]	2	31241540
COV	[3-3]	3	10495059
COV	[4-4]	4	8179750
COV	[5-5]	5	5673841
COV	[6-6]	6	4868199
COV	[7-7]	7	4141724
COV	[8-8]	8	3699505
COV	[9-9]	9	3337061
COV	[10-10]	10	3048972
COV	[11-11]	11	2807083
COV	[12-12]	12	2615291
COV	[13-13]	13	2459182
COV	[14-14]	14	2310906
COV	[15-15]	15	2197543
COV	[16-16]	16	2089157
COV	[17-17]	17	1988524
COV	[18-18]	18	1904574
COV	[19-19]	19	1821266
COV	[20-20]	20	1754836
COV	[21-21]	21	1691175
COV	[22-22]	22	1629130
COV	[23-23]	23	1573082
COV	[24-24]	24	1514554
COV	[25-25]	25	1467818
COV	[26-26]	26	1421877
COV	[27-27]	27	1381233
COV	[28-28]	28	1343195
COV	[29-29]	29	1303660
COV	[30-30]	30	1268109
COV	[31-31]	31	1237583
COV	[32-32]	32	1205609
COV	[33-33]	33	1176997
COV	[34-34]	34	1145805
COV	[35-35]	35	1118068
COV	[36-36]	36	1091279
COV	[37-37]	37	1066391
COV	[38-38]	38	1043490
COV	[39-39]	39	1018176
COV	[40-40]	40	993146
COV	[41-41]	41	972829
COV	[42-42]	42	948032
COV	[43-43]	43	926990
COV	[44-44]	44	904097
COV	[45-45]	45	883162
COV	[46-46]	46	861971
COV	[47-47]	47	842877
COV	[48-48]	48	823612
COV	[49-49]	49	807423
COV	[50-50]	50	787323
COV	[51-51]	51	766947
COV	[52-52]	52	752213
COV	[53-53]	53	734634
COV	[54-54]	54	718078
COV	[55-55]	55	701544
COV	[56-56]	56	686114
COV	[57-57]	57	670330
COV	[58-58]	58	655108
COV	[59-59]	59	638492
COV	[60-60]	60	623733
COV	[61-61]	61	609919
COV	[62-62]	62	595407
COV	[63-63]	63	579716
COV	[64-64]	64	566728
COV	[65-65]	65	553507
COV	[66-66]	66	539498
COV	[67-67]	67	525846
COV	[68-68]	68	513194
COV	[69-69]	69	499181
COV	[70-70]	70	486990
COV	[71-71]	71	476713
COV	[72-72]	72	461802
COV	[73-73]	73	449995
COV	[74-74]	74	439733
COV	[75-75]	75	426054
COV	[76-76]	76	415111
COV	[77-77]	77	402780
COV	[78-78]	78	392298
COV	[79-79]	79	383685
COV	[80-80]	80	371941
COV	[81-81]	81	362030
COV	[82-82]	82	351409
COV	[83-83]	83	342097
COV	[84-84]	84	332055
COV	[85-85]	85	322016
COV	[86-86]	86	312114
COV	[87-87]	87	303650
COV	[88-88]	88	294234
COV	[89-89]	89	284660
COV	[90-90]	90	275497
COV	[91-91]	91	268116
COV	[92-92]	92	259490
COV	[93-93]	93	250488
COV	[94-94]	94	242915
COV	[95-95]	95	235375
COV	[96-96]	96	228396
COV	[97-97]	97	222885
COV	[98-98]	98	216472
COV	[99-99]	99	209162
COV	[100-100]	100	202477
COV	[101-101]	101	196480
COV	[102-102]	102	189716
COV	[103-103]	103	183899
COV	[104-104]	104	178203
COV	[105-105]	105	172081
COV	[106-106]	106	166495
COV	[107-107]	107	161121
COV	[108-108]	108	155205
COV	[109-109]	109	151055
COV	[110-110]	110	146301
COV	[111-111]	111	142325
COV	[112-112]	112	137710
COV	[113-113]	113	133014
COV	[114-114]	114	129209
COV	[115-115]	115	124594
COV	[116-116]	116	120987
COV	[117-117]	117	118237
COV	[118-118]	118	113188
COV	[119-119]	119	109941
COV	[120-120]	120	106152
COV	[121-121]	121	103243
COV	[122-122]	122	100398
COV	[123-123]	123	97081
COV	[124-124]	124	94478
COV	[125-125]	125	91664
COV	[126-126]	126	88161
COV	[127-127]	127	85487
COV	[128-128]	128	83345
COV	[129-129]	129	80890
COV	[130-130]	130	78424
COV	[131-131]	131	75794
COV	[132-132]	132	73880
COV	[133-133]	133	70988
COV	[134-134]	134	69158
COV	[135-135]	135	67161
COV	[136-136]	136	65325
COV	[137-137]	137	63028
COV	[138-138]	138	60913
COV	[139-139]	139	59030
COV	[140-140]	140	57266
COV	[141-141]	141	55918
COV	[142-142]	142	53637
COV	[143-143]	143	52006
COV	[144-144]	144	50920
COV	[145-145]	145	48748
COV	[146-146]	146	47348
COV	[147-147]	147	46214
COV	[148-148]	148	44928
COV	[149-149]	149	43361
COV	[150-150]	150	41865
COV	[151-151]	151	41042
COV	[152-152]	152	39456
COV	[153-153]	153	38627
COV	[154-154]	154	37349
COV	[155-155]	155	36155
COV	[156-156]	156	35401
COV	[157-157]	157	34121
COV	[158-158]	158	33013
COV	[159-159]	159	32243
COV	[160-160]	160	31431
COV	[161-161]	161	30808
COV	[162-162]	162	29605
COV	[163-163]	163	28797
COV	[164-164]	164	28075
COV	[165-165]	165	27100
COV	[166-166]	166	26338
COV	[167-167]	167	25759
COV	[168-168]	168	25070
COV	[169-169]	169	24618
COV	[170-170]	170	23835
COV	[171-171]	171	23471
COV	[172-172]	172	22809
COV	[173-173]	173	22026
COV	[174-174]	174	21681
COV	[175-175]	175	20893
COV	[176-176]	176	20122
COV	[177-177]	177	19670
COV	[178-178]	178	19132
COV	[179-179]	179	18619
COV	[180-180]	180	18010
COV	[181-181]	181	17549
COV	[182-182]	182	17353
COV	[183-183]	183	16795
COV	[184-184]	184	16096
COV	[185-185]	185	15708
COV	[186-186]	186	15535
COV	[187-187]	187	15078
COV	[188-188]	188	14864
COV	[189-189]	189	14310
COV	[190-190]	190	14028
COV	[191-191]	191	13697
COV	[192-192]	192	13222
COV	[193-193]	193	13263
COV	[194-194]	194	12772
COV	[195-195]	195	12563
COV	[196-196]	196	12325
COV	[197-197]	197	12079
COV	[198-198]	198	11783
COV	[199-199]	199	11332
COV	[200-200]	200	10856
COV	[201-201]	201	10752
COV	[202-202]	202	10451
COV	[203-203]	203	10117
COV	[204-204]	204	10012
COV	[205-205]	205	9797
COV	[206-206]	206	9319
COV	[207-207]	207	9452
COV	[208-208]	208	9350
COV	[209-209]	209	8803
COV	[210-210]	210	8722
COV	[211-211]	211	8398
COV	[212-212]	212	8268
COV	[213-213]	213	8208
COV	[214-214]	214	7989
COV	[215-215]	215	8069
COV	[216-216]	216	7516
COV	[217-217]	217	7411
COV	[218-218]	218	7233
COV	[219-219]	219	7096
COV	[220-220]	220	7048
COV	[221-221]	221	6776
COV	[222-222]	222	6591
COV	[223-223]	223	6557
COV	[224-224]	224	6475
COV	[225-225]	225	6246
COV	[226-226]	226	6114
COV	[227-227]	227	5924
COV	[228-228]	228	6065
COV	[229-229]	229	5776
COV	[230-230]	230	5744
COV	[231-231]	231	5465
COV	[232-232]	232	5662
COV	[233-233]	233	5313
COV	[234-234]	234	5322
COV	[235-235]	235	5206
COV	[236-236]	236	5137
COV	[237-237]	237	4968
COV	[238-238]	238	4817
COV	[239-239]	239	4758
COV	[240-240]	240	4811
COV	[241-241]	241	4616
COV	[242-242]	242	4497
COV	[243-243]	243	4412
COV	[244-244]	244	4335
COV	[245-245]	245	4195
COV	[246-246]	246	4154
COV	[247-247]	247	4064
COV	[248-248]	248	4043
COV	[249-249]	249	3978
COV	[250-250]	250	3972
COV	[251-251]	251	3863
COV	[252-252]	252	3857
COV	[253-253]	253	3644
COV	[254-254]	254	3631
COV	[255-255]	255	3533
COV	[256-256]	256	3594
COV	[257-257]	257	3564
COV	[258-258]	258	3348
COV	[259-259]	259	3416
COV	[260-260]	260	3292
COV	[261-261]	261	3269
COV	[262-262]	262	3231
COV	[263-263]	263	3184
COV	[264-264]	264	3212
COV	[265-265]	265	3023
COV	[266-266]	266	3063
COV	[267-267]	267	3025
COV	[268-268]	268	2978
COV	[269-269]	269	2942
COV	[270-270]	270	3046
COV	[271-271]	271	2748
COV	[272-272]	272	2856
COV	[273-273]	273	2719
COV	[274-274]	274	2754
COV	[275-275]	275	2753
COV	[276-276]	276	2605
COV	[277-277]	277	2654
COV	[278-278]	278	2497
COV	[279-279]	279	2532
COV	[280-280]	280	2496
COV	[281-281]	281	2498
COV	[282-282]	282	2440
COV	[283-283]	283	2529
COV	[284-284]	284	2398
COV	[285-285]	285	2361
COV	[286-286]	286	2332
COV	[287-287]	287	2195
COV	[288-288]	288	2190
COV	[289-289]	289	2136
COV	[290-290]	290	2188
COV	[291-291]	291	2220
COV	[292-292]	292	2111
COV	[293-293]	293	2073
COV	[294-294]	294	2066
COV	[295-295]	295	1905
COV	[296-296]	296	1904
COV	[297-297]	297	1951
COV	[298-298]	298	1882
COV	[299-299]	299	1892
COV	[300-300]	300	1880
COV	[301-301]	301	1876
COV	[302-302]	302	1872
COV	[303-303]	303	1823
COV	[304-304]	304	1834
COV	[305-305]	305	1743
COV	[306-306]	306	1773
COV	[307-307]	307	1592
COV	[308-308]	308	1649
COV	[309-309]	309	1625
COV	[310-310]	310	1608
COV	[311-311]	311	1607
COV	[312-312]	312	1657
COV	[313-313]	313	1650
COV	[314-314]	314	1570
COV	[315-315]	315	1547
COV	[316-316]	316	1573
COV	[317-317]	317	1535
COV	[318-318]	318	1535
COV	[319-319]	319	1408
COV	[320-320]	320	1494
COV	[321-321]	321	1467
COV	[322-322]	322	1450
COV	[323-323]	323	1490
COV	[324-324]	324	1362
COV	[325-325]	325	1407
COV	[326-326]	326	1346
COV	[327-327]	327	1289
COV	[328-328]	328	1242
COV	[329-329]	329	1261
COV	[330-330]	330	1283
COV	[331-331]	331	1329
COV	[332-332]	332	1285
COV	[333-333]	333	1209
COV	[334-334]	334	1138
COV	[335-335]	335	1220
COV	[336-336]	336	1149
COV	[337-337]	337	1128
COV	[338-338]	338	1182
COV	[339-339]	339	1188
COV	[340-340]	340	1077
COV	[341-341]	341	1064
COV	[342-342]	342	1090
COV	[343-343]	343	1034
COV	[344-344]	344	1031
COV	[345-345]	345	1048
COV	[346-346]	346	965
COV	[347-347]	347	1011
COV	[348-348]	348	1005
COV	[349-349]	349	914
COV	[350-350]	350	949
COV	[351-351]	351	982
COV	[352-352]	352	933
COV	[353-353]	353	897
COV	[354-354]	354	937
COV	[355-355]	355	834
COV	[356-356]	356	875
COV	[357-357]	357	887
COV	[358-358]	358	867
COV	[359-359]	359	873
COV	[360-360]	360	889
COV	[361-361]	361	839
COV	[362-362]	362	789
COV	[363-363]	363	840
COV	[364-364]	364	820
COV	[365-365]	365	786
COV	[366-366]	366	813
COV	[367-367]	367	784
COV	[368-368]	368	788
COV	[369-369]	369	812
COV	[370-370]	370	779
COV	[371-371]	371	746
COV	[372-372]	372	775
COV	[373-373]	373	746
COV	[374-374]	374	679
COV	[375-375]	375	663
COV	[376-376]	376	739
COV	[377-377]	377	753
COV	[378-378]	378	702
COV	[379-379]	379	689
COV	[380-380]	380	727
COV	[381-381]	381	658
COV	[382-382]	382	647
COV	[383-383]	383	630
COV	[384-384]	384	625
COV	[385-385]	385	598
COV	[386-386]	386	605
COV	[387-387]	387	641
COV	[388-388]	388	648
COV	[389-389]	389	580
COV	[390-390]	390	600
COV	[391-391]	391	583
COV	[392-392]	392	570
COV	[393-393]	393	559
COV	[394-394]	394	584
COV	[395-395]	395	531
COV	[396-396]	396	526
COV	[397-397]	397	573
COV	[398-398]	398	547
COV	[399-399]	399	545
COV	[400-400]	400	507
COV	[401-401]	401	523
COV	[402-402]	402	489
COV	[403-403]	403	510
COV	[404-404]	404	516
COV	[405-405]	405	510
COV	[406-406]	406	537
COV	[407-407]	407	536
COV	[408-408]	408	480
COV	[409-409]	409	490
COV	[410-410]	410	462
COV	[411-411]	411	503
COV	[412-412]	412	453
COV	[413-413]	413	490
COV	[414-414]	414	459
COV	[415-415]	415	463
COV	[416-416]	416	493
COV	[417-417]	417	477
COV	[418-418]	418	414
COV	[419-419]	419	448
COV	[420-420]	420	518
COV	[421-421]	421	489
COV	[422-422]	422	463
COV	[423-423]	423	433
COV	[424-424]	424	428
COV	[425-425]	425	449
COV	[426-426]	426	446
COV	[427-427]	427	451
COV	[428-428]	428	438
COV	[429-429]	429	394
COV	[430-430]	430	419
COV	[431-431]	431	419
COV	[432-432]	432	444
COV	[433-433]	433	447
COV	[434-434]	434	358
COV	[435-435]	435	399
COV	[436-436]	436	385
COV	[437-437]	437	423
COV	[438-438]	438	374
COV	[439-439]	439	376
COV	[440-440]	440	365
COV	[441-441]	441	372
COV	[442-442]	442	372
COV	[443-443]	443	371
COV	[444-444]	444	368
COV	[445-445]	445	372
COV	[446-446]	446	372
COV	[447-447]	447	337
COV	[448-448]	448	350
COV	[449-449]	449	372
COV	[450-450]	450	316
COV	[451-451]	451	340
COV	[452-452]	452	369
COV	[453-453]	453	314
COV	[454-454]	454	343
COV	[455-455]	455	277
COV	[456-456]	456	320
COV	[457-457]	457	300
COV	[458-458]	458	295
COV	[459-459]	459	308
COV	[460-460]	460	313
COV	[461-461]	461	283
COV	[462-462]	462	317
COV	[463-463]	463	296
COV	[464-464]	464	304
COV	[465-465]	465	276
COV	[466-466]	466	280
COV	[467-467]	467	311
COV	[468-468]	468	270
COV	[469-469]	469	299
COV	[470-470]	470	322
COV	[471-471]	471	303
COV	[472-472]	472	268
COV	[473-473]	473	279
COV	[474-474]	474	291
COV	[475-475]	475	283
COV	[476-476]	476	296
COV	[477-477]	477	278
COV	[478-478]	478	271
COV	[479-479]	479	248
COV	[480-480]	480	260
COV	[481-481]	481	288
COV	[482-482]	482	255
COV	[483-483]	483	285
COV	[484-484]	484	279
COV	[485-485]	485	268
COV	[486-486]	486	294
COV	[487-487]	487	271
COV	[488-488]	488	282
COV	[489-489]	489	237
COV	[490-490]	490	242
COV	[491-491]	491	213
COV	[492-492]	492	247
COV	[493-493]	493	254
COV	[494-494]	494	240
COV	[495-495]	495	249
COV	[496-496]	496	236
COV	[497-497]	497	229
COV	[498-498]	498	206
COV	[499-499]	499	227
COV	[500-500]	500	235
COV	[501-501]	501	208
COV	[502-502]	502	244
COV	[503-503]	503	209
COV	[504-504]	504	227
COV	[505-505]	505	191
COV	[506-506]	506	246
COV	[507-507]	507	242
COV	[508-508]	508	222
COV	[509-509]	509	214
COV	[510-510]	510	192
COV	[511-511]	511	218
COV	[512-512]	512	212
COV	[513-513]	513	182
COV	[514-514]	514	206
COV	[515-515]	515	190
COV	[516-516]	516	177
COV	[517-517]	517	183
COV	[518-518]	518	175
COV	[519-519]	519	180
COV	[520-520]	520	179
COV	[521-521]	521	150
COV	[522-522]	522	172
COV	[523-523]	523	160
COV	[524-524]	524	178
COV	[525-525]	525	171
COV	[526-526]	526	154
COV	[527-527]	527	157
COV	[528-528]	528	144
COV	[529-529]	529	162
COV	[530-530]	530	157
COV	[531-531]	531	160
COV	[532-532]	532	148
COV	[533-533]	533	147
COV	[534-534]	534	173
COV	[535-535]	535	141
COV	[536-536]	536	133
COV	[537-537]	537	162
COV	[538-538]	538	136
COV	[539-539]	539	151
COV	[540-540]	540	122
COV	[541-541]	541	142
COV	[542-542]	542	129
COV	[543-543]	543	135
COV	[544-544]	544	124
COV	[545-545]	545	142
COV	[546-546]	546	155
COV	[547-547]	547	142
COV	[548-548]	548	147
COV	[549-549]	549	137
COV	[550-550]	550	141
COV	[551-551]	551	146
COV	[552-552]	552	130
COV	[553-553]	553	124
COV	[554-554]	554	157
COV	[555-555]	555	150
COV	[556-556]	556	122
COV	[557-557]	557	132
COV	[558-558]	558	100
COV	[559-559]	559	117
COV	[560-560]	560	139
COV	[561-561]	561	129
COV	[562-562]	562	125
COV	[563-563]	563	142
COV	[564-564]	564	120
COV	[565-565]	565	121
COV	[566-566]	566	122
COV	[567-567]	567	147
COV	[568-568]	568	125
COV	[569-569]	569	134
COV	[570-570]	570	130
COV	[571-571]	571	128
COV	[572-572]	572	121
COV	[573-573]	573	145
COV	[574-574]	574	138
COV	[575-575]	575	122
COV	[576-576]	576	133
COV	[577-577]	577	124
COV	[578-578]	578	127
COV	[579-579]	579	129
COV	[580-580]	580	117
COV	[581-581]	581	120
COV	[582-582]	582	125
COV	[583-583]	583	107
COV	[584-584]	584	111
COV	[585-585]	585	144
COV	[586-586]	586	100
COV	[587-587]	587	97
COV	[588-588]	588	132
COV	[589-589]	589	109
COV	[590-590]	590	126
COV	[591-591]	591	124
COV	[592-592]	592	100
COV	[593-593]	593	134
COV	[594-594]	594	99
COV	[595-595]	595	107
COV	[596-596]	596	117
COV	[597-597]	597	109
COV	[598-598]	598	116
COV	[599-599]	599	98
COV	[600-600]	600	97
COV	[601-601]	601	103
COV	[602-602]	602	84
COV	[603-603]	603	95
COV	[604-604]	604	99
COV	[605-605]	605	118
COV	[606-606]	606	96
COV	[607-607]	607	101
COV	[608-608]	608	96
COV	[609-609]	609	117
COV	[610-610]	610	97
COV	[611-611]	611	99
COV	[612-612]	612	110
COV	[613-613]	613	113
COV	[614-614]	614	90
COV	[615-615]	615	103
COV	[616-616]	616	114
COV	[617-617]	617	118
COV	[618-618]	618	95
COV	[619-619]	619	82
COV	[620-620]	620	116
COV	[621-621]	621	103
COV	[622-622]	622	88
COV	[623-623]	623	72
COV	[624-624]	624	100
COV	[625-625]	625	83
COV	[626-626]	626	82
COV	[627-627]	627	77
COV	[628-628]	628	82
COV	[629-629]	629	87
COV	[630-630]	630	82
COV	[631-631]	631	85
COV	[632-632]	632	88
COV	[633-633]	633	83
COV	[634-634]	634	82
COV	[635-635]	635	84
COV	[636-636]	636	79
COV	[637-637]	637	80
COV	[638-638]	638	80
COV	[639-639]	639	93
COV	[640-640]	640	69
COV	[641-641]	641	97
COV	[642-642]	642	66
COV	[643-643]	643	73
COV	[644-644]	644	70
COV	[645-645]	645	70
COV	[646-646]	646	84
COV	[647-647]	647	78
COV	[648-648]	648	72
COV	[649-649]	649	68
COV	[650-650]	650	67
COV	[651-651]	651	66
COV	[652-652]	652	77
COV	[653-653]	653	78
COV	[654-654]	654	65
COV	[655-655]	655	64
COV	[656-656]	656	83
COV	[657-657]	657	72
COV	[658-658]	658	66
COV	[659-659]	659	68
COV	[660-660]	660	56
COV	[661-661]	661	69
COV	[662-662]	662	71
COV	[663-663]	663	72
COV	[664-664]	664	56
COV	[665-665]	665	62
COV	[666-666]	666	52
COV	[667-667]	667	60
COV	[668-668]	668	71
COV	[669-669]	669	57
COV	[670-670]	670	61
COV	[671-671]	671	48
COV	[672-672]	672	58
COV	[673-673]	673	74
COV	[674-674]	674	64
COV	[675-675]	675	62
COV	[676-676]	676	59
COV	[677-677]	677	48
COV	[678-678]	678	64
COV	[679-679]	679	69
COV	[680-680]	680	46
COV	[681-681]	681	47
COV	[682-682]	682	71
COV	[683-683]	683	54
COV	[684-684]	684	58
COV	[685-685]	685	61
COV	[686-686]	686	67
COV	[687-687]	687	58
COV	[688-688]	688	58
COV	[689-689]	689	59
COV	[690-690]	690	82
COV	[691-691]	691	49
COV	[692-692]	692	51
COV	[693-693]	693	45
COV	[694-694]	694	43
COV	[695-695]	695	52
COV	[696-696]	696	49
COV	[697-697]	697	45
COV	[698-698]	698	42
COV	[699-699]	699	51
COV	[700-700]	700	49
COV	[701-701]	701	50
COV	[702-702]	702	64
COV	[703-703]	703	39
COV	[704-704]	704	41
COV	[705-705]	705	41
COV	[706-706]	706	34
COV	[707-707]	707	39
COV	[708-708]	708	43
COV	[709-709]	709	53
COV	[710-710]	710	50
COV	[711-711]	711	43
COV	[712-712]	712	49
COV	[713-713]	713	36
COV	[714-714]	714	43
COV	[715-715]	715	38
COV	[716-716]	716	53
COV	[717-717]	717	47
COV	[718-718]	718	51
COV	[719-719]	719	38
COV	[720-720]	720	51
COV	[721-721]	721	43
COV	[722-722]	722	42
COV	[723-723]	723	48
COV	[724-724]	724	57
COV	[725-725]	725	48
COV	[726-726]	726	57
COV	[727-727]	727	59
COV	[728-728]	728	49
COV	[729-729]	729	46
COV	[730-730]	730	43
COV	[731-731]	731	47
COV	[732-732]	732	41
COV	[733-733]	733	46
COV	[734-734]	734	39
COV	[735-735]	735	46
COV	[736-736]	736	45
COV	[737-737]	737	46
COV	[738-738]	738	56
COV	[739-739]	739	48
COV	[740-740]	740	43
COV	[741-741]	741	43
COV	[742-742]	742	51
COV	[743-743]	743	47
COV	[744-744]	744	35
COV	[745-745]	745	47
COV	[746-746]	746	38
COV	[747-747]	747	47
COV	[748-748]	748	36
COV	[749-749]	749	33
COV	[750-750]	750	32
COV	[751-751]	751	55
COV	[752-752]	752	27
COV	[753-753]	753	33
COV	[754-754]	754	38
COV	[755-755]	755	46
COV	[756-756]	756	52
COV	[757-757]	757	26
COV	[758-758]	758	37
COV	[759-759]	759	22
COV	[760-760]	760	33
COV	[761-761]	761	30
COV	[762-762]	762	40
COV	[763-763]	763	40
COV	[764-764]	764	38
COV	[765-765]	765	45
COV	[766-766]	766	43
COV	[767-767]	767	47
COV	[768-768]	768	38
COV	[769-769]	769	33
COV	[770-770]	770	20
COV	[771-771]	771	32
COV	[772-772]	772	25
COV	[773-773]	773	33
COV	[774-774]	774	36
COV	[775-775]	775	42
COV	[776-776]	776	23
COV	[777-777]	777	33
COV	[778-778]	778	40
COV	[779-779]	779	35
COV	[780-780]	780	42
COV	[781-781]	781	23
COV	[782-782]	782	37
COV	[783-783]	783	27
COV	[784-784]	784	39
COV	[785-785]	785	32
COV	[786-786]	786	27
COV	[787-787]	787	30
COV	[788-788]	788	37
COV	[789-789]	789	37
COV	[790-790]	790	36
COV	[791-791]	791	42
COV	[792-792]	792	29
COV	[793-793]	793	33
COV	[794-794]	794	48
COV	[795-795]	795	39
COV	[796-796]	796	48
COV	[797-797]	797	35
COV	[798-798]	798	38
COV	[799-799]	799	30
COV	[800-800]	800	40
COV	[801-801]	801	39
COV	[802-802]	802	39
COV	[803-803]	803	27
COV	[804-804]	804	27
COV	[805-805]	805	38
COV	[806-806]	806	36
COV	[807-807]	807	32
COV	[808-808]	808	20
COV	[809-809]	809	30
COV	[810-810]	810	33
COV	[811-811]	811	35
COV	[812-812]	812	23
COV	[813-813]	813	27
COV	[814-814]	814	32
COV	[815-815]	815	35
COV	[816-816]	816	25
COV	[817-817]	817	20
COV	[818-818]	818	27
COV	[819-819]	819	24
COV	[820-820]	820	38
COV	[821-821]	821	21
COV	[822-822]	822	31
COV	[823-823]	823	31
COV	[824-824]	824	31
COV	[825-825]	825	29
COV	[826-826]	826	22
COV	[827-827]	827	25
COV	[828-828]	828	22
COV	[829-829]	829	28
COV	[830-830]	830	21
COV	[831-831]	831	24
COV	[832-832]	832	20
COV	[833-833]	833	32
COV	[834-834]	834	27
COV	[835-835]	835	30
COV	[836-836]	836	24
COV	[837-837]	837	31
COV	[838-838]	838	24
COV	[839-839]	839	24
COV	[840-840]	840	25
COV	[841-841]	841	26
COV	[842-842]	842	29
COV	[843-843]	843	24
COV	[844-844]	844	29
COV	[845-845]	845	33
COV	[846-846]	846	35
COV	[847-847]	847	32
COV	[848-848]	848	27
COV	[849-849]	849	24
COV	[850-850]	850	31
COV	[851-851]	851	22
COV	[852-852]	852	23
COV	[853-853]	853	31
COV	[854-854]	854	20
COV	[855-855]	855	33
COV	[856-856]	856	20
COV	[857-857]	857	24
COV	[858-858]	858	31
COV	[859-859]	859	29
COV	[860-860]	860	24
COV	[861-861]	861	31
COV	[862-862]	862	19
COV	[863-863]	863	20
COV	[864-864]	864	27
COV	[865-865]	865	22
COV	[866-866]	866	24
COV	[867-867]	867	30
COV	[868-868]	868	13
COV	[869-869]	869	15
COV	[870-870]	870	26
COV	[871-871]	871	28
COV	[872-872]	872	30
COV	[873-873]	873	25
COV	[874-874]	874	23
COV	[875-875]	875	26
COV	[876-876]	876	27
COV	[877-877]	877	32
COV	[878-878]	878	21
COV	[879-879]	879	30
COV	[880-880]	880	19
COV	[881-881]	881	31
COV	[882-882]	882	33
COV	[883-883]	883	27
COV	[884-884]	884	25
COV	[885-885]	885	33
COV	[886-886]	886	40
COV	[887-887]	887	34
COV	[888-888]	888	24
COV	[889-889]	889	35
COV	[890-890]	890	29
COV	[891-891]	891	29
COV	[892-892]	892	29
COV	[893-893]	893	30
COV	[894-894]	894	34
COV	[895-895]	895	38
COV	[896-896]	896	30
COV	[897-897]	897	33
COV	[898-898]	898	39
COV	[899-899]	899	24
COV	[900-900]	900	24
COV	[901-901]	901	30
COV	[902-902]	902	31
COV	[903-903]	903	22
COV	[904-904]	904	27
COV	[905-905]	905	31
COV	[906-906]	906	26
COV	[907-907]	907	29
COV	[908-908]	908	26
COV	[909-909]	909	26
COV	[910-910]	910	45
COV	[911-911]	911	31
COV	[912-912]	912	30
COV	[913-913]	913	24
COV	[914-914]	914	31
COV	[915-915]	915	26
COV	[916-916]	916	25
COV	[917-917]	917	29
COV	[918-918]	918	34
COV	[919-919]	919	31
COV	[920-920]	920	19
COV	[921-921]	921	30
COV	[922-922]	922	62
COV	[923-923]	923	24
COV	[924-924]	924	27
COV	[925-925]	925	22
COV	[926-926]	926	26
COV	[927-927]	927	22
COV	[928-928]	928	23
COV	[929-929]	929	14
COV	[930-930]	930	21
COV	[931-931]	931	29
COV	[932-932]	932	20
COV	[933-933]	933	16
COV	[934-934]	934	18
COV	[935-935]	935	20
COV	[936-936]	936	15
COV	[937-937]	937	20
COV	[938-938]	938	21
COV	[939-939]	939	25
COV	[940-940]	940	26
COV	[941-941]	941	17
COV	[942-942]	942	24
COV	[943-943]	943	27
COV	[944-944]	944	21
COV	[945-945]	945	18
COV	[946-946]	946	22
COV	[947-947]	947	24
COV	[948-948]	948	24
COV	[949-949]	949	17
COV	[950-950]	950	24
COV	[951-951]	951	18
COV	[952-952]	952	22
COV	[953-953]	953	25
COV	[954-954]	954	24
COV	[955-955]	955	22
COV	[956-956]	956	28
COV	[957-957]	957	16
COV	[958-958]	958	29
COV	[959-959]	959	20
COV	[960-960]	960	15
COV	[961-961]	961	33
COV	[962-962]	962	23
COV	[963-963]	963	27
COV	[964-964]	964	21
COV	[965-965]	965	22
COV	[966-966]	966	23
COV	[967-967]	967	29
COV	[968-968]	968	37
COV	[969-969]	969	28
COV	[970-970]	970	31
COV	[971-971]	971	23
COV	[972-972]	972	30
COV	[973-973]	973	27
COV	[974-974]	974	29
COV	[975-975]	975	19
COV	[976-976]	976	23
COV	[977-977]	977	26
COV	[978-978]	978	29
COV	[979-979]	979	19
COV	[980-980]	980	25
COV	[981-981]	981	26
COV	[982-982]	982	21
COV	[983-983]	983	33
COV	[984-984]	984	22
COV	[985-985]	985	27
COV	[986-986]	986	27
COV	[987-987]	987	24
COV	[988-988]	988	21
COV	[989-989]	989	22
COV	[990-990]	990	13
COV	[991-991]	991	24
COV	[992-992]	992	20
COV	[993-993]	993	14
COV	[994-994]	994	18
COV	[995-995]	995	13
COV	[996-996]	996	18
COV	[997-997]	997	18
COV	[998-998]	998	18
COV	[999-999]	999	22
COV	[1000-1000]	1000	26
COV	[1000<]	1000	4166
# GC-depth. Use `grep ^GCD | cut -f 2-` to extract this part. The columns are: GC%, unique sequence percentiles, 10th, 25th, 50th, 75th and 90th depth percentile
GCD	0.0	0.111	0.005	0.005	0.005	0.005	0.010
GCD	3.0	0.113	0.225	0.225	23.648	47.070	47.070
GCD	5.0	0.113	0.015	0.015	0.015	0.015	0.015
GCD	6.0	0.115	0.025	0.025	0.662	1.299	1.299
GCD	7.0	0.117	0.015	0.015	0.020	0.025	0.025
GCD	8.0	0.121	0.020	0.020	0.037	0.134	0.160
GCD	9.0	0.124	0.015	0.015	0.030	0.258	0.330
GCD	10.0	0.128	0.015	0.015	0.035	0.290	0.290
GCD	11.0	0.132	0.015	0.017	0.030	0.162	0.295
GCD	12.0	0.139	0.010	0.012	0.015	0.057	0.085
GCD	13.0	0.157	0.015	0.015	0.020	0.025	0.117
GCD	14.0	0.173	0.010	0.010	0.015	0.031	0.154
GCD	15.0	0.186	0.010	0.017	0.025	0.042	0.087
GCD	16.0	0.200	0.010	0.010	0.020	0.037	0.187
GCD	17.0	0.233	0.010	0.010	0.020	0.035	0.076
GCD	18.0	0.255	0.010	0.015	0.020	0.034	0.046
GCD	19.0	0.292	0.010	0.010	0.020	0.030	0.062
GCD	20.0	0.330	0.010	0.015	0.020	0.035	0.160
GCD	21.0	0.374	0.015	0.015	0.020	0.034	0.082
GCD	22.0	0.438	0.010	0.015	0.020	0.040	0.072
GCD	23.0	0.510	0.015	0.015	0.025	0.034	0.060
GCD	24.0	0.580	0.010	0.015	0.025	0.040	0.060
GCD	25.0	0.713	0.010	0.015	0.025	0.035	0.050
GCD	26.0	0.873	0.015	0.020	0.025	0.035	0.050
GCD	27.0	1.043	0.014	0.019	0.030	0.045	0.075
GCD	28.0	1.300	0.014	0.020	0.025	0.045	0.080
GCD	29.0	1.608	0.015	0.025	0.035	0.055	0.212
GCD	30.0	2.045	0.015	0.025	0.040	0.060	0.504
GCD	30.2	2.046	0.280	0.280	0.280	0.280	0.280
GCD	31.0	2.695	0.020	0.025	0.040	0.070	0.839
GCD	32.0	3.584	0.020	0.030	0.050	0.341	1.249
GCD	33.0	4.828	0.020	0.030	0.050	0.546	2.028
GCD	34.0	6.714	0.020	0.035	0.060	0.980	3.014
GCD	35.0	9.170	0.025	0.040	0.070	1.528	3.923
GCD	36.0	12.360	0.025	0.040	0.070	1.902	4.955
GCD	37.0	16.266	0.025	0.044	0.075	1.873	5.120
GCD	38.0	21.024	0.025	0.040	0.065	1.419	4.950
GCD	39.0	26.425	0.030	0.045	0.075	1.678	5.222
GCD	40.0	32.091	0.030	0.045	0.075	1.698	5.613
GCD	41.0	37.893	0.030	0.045	0.075	1.561	5.275
GCD	42.0	43.702	0.030	0.050	0.075	1.563	5.304
GCD	43.0	49.614	0.030	0.050	0.080	1.618	5.452
GCD	44.0	55.209	0.030	0.050	0.080	1.381	5.220
GCD	45.0	60.378	0.030	0.050	0.085	1.402	5.407
GCD	46.0	65.139	0.035	0.050	0.085	1.498	5.464
GCD	47.0	69.431	0.035	0.055	0.090	1.581	5.442
GCD	48.0	73.280	0.035	0.055	0.100	1.723	5.574
GCD	49.0	76.615	0.035	0.060	0.105	2.038	6.022
GCD	50.0	79.561	0.040	0.060	0.115	2.206	6.373
GCD	51.0	82.040	0.040	0.065	0.160	2.602	6.879
GCD	52.0	84.281	0.040	0.075	0.472	3.380	7.604
GCD	53.0	86.262	0.045	0.080	0.764	3.481	7.607
GCD	54.0	88.001	0.050	0.090	1.009	3.644	7.890
GCD	55.0	89.534	0.050	0.104	1.286	4.374	8.671
GCD	56.0	90.955	0.055	0.130	1.478	4.940	9.371
GCD	57.0	92.195	0.070	0.270	1.863	5.522	10.500
GCD	58.0	93.414	0.085	0.420	2.053	5.871	10.892
GCD	59.0	94.502	0.110	0.638	2.335	5.642	9.905
GCD	60.0	95.579	0.122	0.644	2.040	5.608	9.478
GCD	61.0	96.542	0.160	0.629	1.958	5.259	9.295
GCD	62.0	97.386	0.175	0.589	1.943	5.432	9.119
GCD	63.0	98.091	0.165	0.420	1.389	4.186	8.497
GCD	64.0	98.652	0.170	0.370	1.164	3.921	7.473
GCD	65.0	99.097	0.200	0.395	0.969	2.946	6.628
GCD	66.0	99.476	0.185	0.345	0.819	2.475	5.369
GCD	67.0	99.731	0.190	0.360	0.719	1.666	5.024
GCD	68.0	99.849	0.165	0.260	0.539	1.129	3.846
GCD	69.0	99.933	0.136	0.260	0.415	0.829	1.900
GCD	70.0	99.969	0.106	0.240	0.420	0.624	1.332
GCD	71.0	99.985	0.205	0.212	0.370	0.883	1.123
GCD	72.0	99.993	0.033	0.086	0.155	0.255	0.625
GCD	73.0	99.998	0.005	0.009	0.105	0.229	0.255
GCD	74.0	99.998	0.010	0.010	0.010	0.010	0.010
GCD	75.0	100.000	0.010	0.010	0.070	0.130	0.130
