# This file was produced by samtools stats (1.23+htslib-1.23) and can be plotted using plot-bamstats
# This file contains statistics for all reads.
# The command line was:  stats data/SAS/GIH/NA21092/aligned/NA21092.bam
# CHK, Checksum	[2]Read Names	[3]Sequences	[4]Qualities
# CHK, CRC32 of reads which passed filtering followed by addition (32bit overflow)
CHK	b176b578	5219e3c8	2c11f5d2
# Summary Numbers. Use `grep ^SN | cut -f 2-` to extract this part.
SN	raw total sequences:	59688944	# excluding supplementary and secondary reads
SN	filtered sequences:	0
SN	sequences:	59688944
SN	is sorted:	1	# sorted by coordinate
SN	1st fragments:	29844472
SN	last fragments:	29844472
SN	reads mapped:	59645932
SN	reads mapped and paired:	59641746	# paired-end technology bit set + both mates mapped
SN	reads unmapped:	43012
SN	reads properly paired:	58500702	# proper-pair bit set
SN	reads paired:	59688944	# paired-end technology bit set
SN	reads duplicated:	0	# PCR or optical duplicate bit set
SN	reads MQ0:	5201627	# mapped and MQ=0
SN	reads QC failed:	0
SN	non-primary alignments:	0
SN	supplementary alignments:	77326
SN	total length:	5964026532	# ignores clipping
SN	total first fragment length:	2982013266	# ignores clipping
SN	total last fragment length:	2982013266	# ignores clipping
SN	bases mapped:	5959754828	# ignores clipping
SN	bases mapped (cigar):	5943812774	# more accurate
SN	bases trimmed:	0
SN	bases duplicated:	0
SN	mismatches:	22032325	# from NM fields
SN	error rate:	3.706766e-03	# mismatches / bases mapped (cigar)
SN	average length:	100
SN	average first fragment length:	100
SN	average last fragment length:	100
SN	maximum length:	100
SN	maximum first fragment length:	100
SN	maximum last fragment length:	100
SN	average quality:	36.4
SN	insert size average:	239.6
SN	insert size standard deviation:	62.5
SN	inward oriented pairs:	29322434
SN	outward oriented pairs:	16740
SN	pairs with other orientation:	22377
SN	pairs on different chromosomes:	459322
SN	percentage of properly paired reads (%):	98.0
# First Fragment Qualities. Use `grep ^FFQ | cut -f 2-` to extract this part.
# Columns correspond to qualities and rows to cycles. First column is the cycle number.
FFQ	1	0	0	0	0	8221	0	0	0	0	0	833	5526	4496	0	558	0	593	635	706	16862	0	3343	13147	4801	2325	31090	17684	4454	65038	25448	90704	85900	15781	318543	30770	405116	316221	276924	2116646	4269094	21713013	0
FFQ	2	0	0	0	0	1	959	392	701	2434	805	2951	10560	6190	2513	2330	2124	3778	5583	9582	15468	5347	6743	14445	18313	9831	27511	31630	28998	55509	46636	75521	93776	27815	304548	40414	429660	369425	273747	2116054	4396748	21405430	0
FFQ	3	0	0	0	0	1	802	556	1064	2267	1087	4676	10482	5087	2618	2578	2537	4118	7900	10406	15366	7836	6405	14261	20839	9814	30425	26997	34739	54653	46565	71321	96773	30030	306627	39965	442745	385253	285596	2096199	4452799	21313085	0
FFQ	4	0	0	0	0	1	783	806	1346	2006	1604	6184	7843	3726	2823	3123	2711	4008	8810	9873	14907	9319	6027	13978	21565	9763	31820	23606	36181	54734	44112	69215	95891	30546	305612	39480	453135	391581	290521	2071048	4499278	21276506	0
FFQ	5	0	0	0	0	1	1416	1340	2633	2620	2655	8672	7848	3445	2971	3749	2769	4523	9282	9551	15283	9882	6621	14962	21100	9335	31224	23121	31803	54703	40470	67427	91605	30287	301671	37894	462287	407134	288755	2026371	4573740	21235322	0
FFQ	6	0	0	0	0	1	712	917	1669	1876	1637	6131	3822	1950	1812	2936	2463	4688	7739	8061	12602	9383	8828	14441	22542	9415	26624	23500	31273	55753	39952	63958	88564	32527	286421	30678	489306	407937	248774	1911514	4649178	21334888	0
FFQ	7	0	0	0	0	1	1156	888	1614	1539	1289	5382	5484	2440	1526	2223	2834	4021	7245	8610	14815	9198	8756	14913	23555	9991	28834	23707	38954	55978	47258	65046	105883	41694	299230	33734	508736	397554	285122	1986062	4583517	21215683	0
FFQ	8	0	0	0	0	1	903	687	1304	1274	1026	5197	7541	3050	1523	1887	2931	3877	7231	9154	15697	9290	8293	15172	24647	10493	30332	24388	43272	56195	52191	66080	113064	44817	309658	36729	520279	402297	303037	2019869	4558029	21133057	0
FFQ	9	0	0	0	0	1	919	600	985	1060	921	4929	7925	3252	1502	1776	2771	3837	7255	9354	15593	9334	8186	15279	25197	10663	30635	24434	45691	54962	54834	67217	117244	45025	317360	37766	525795	409405	314884	2054327	4544857	21068697	0
FFQ	10	0	0	0	0	1	371	417	722	833	783	4135	5950	2722	1381	1692	2861	3726	6981	9102	14829	9378	8270	15101	25555	10817	30650	24614	47432	55077	57330	67599	120824	45518	328932	37696	537934	415715	326302	2099285	4570974	20952963	0
FFQ	11	0	0	0	0	135	1710	1072	2445	2342	1970	7317	4389	2091	1753	2905	2561	5075	8634	7697	13135	7921	8877	14215	23692	10391	27801	26750	36610	59905	47610	65567	108087	43259	314357	38750	563328	451730	298671	2153777	4657092	20820851	0
FFQ	12	0	0	0	0	382	1662	900	1713	1630	1282	5914	5322	2283	1403	2004	2537	4332	7882	8768	15120	8464	7807	14621	25568	10959	30441	26770	45004	58527	57145	68013	122701	47680	336088	43642	571448	450569	336432	2230492	4569318	20719649	0
FFQ	13	0	0	0	0	48	909	675	1117	1108	811	4386	5646	2328	1279	1635	2552	3850	7516	8837	15144	8546	7510	14829	26683	11503	31301	27022	49721	57935	62384	69230	130501	49575	350270	45678	580035	457225	357393	2294799	4553111	20601380	0
FFQ	14	0	0	0	0	1	546	526	817	901	738	4314	6430	2597	1159	1574	2500	3958	7704	9509	15492	8264	7430	14740	28431	11826	31825	27415	53234	57620	66633	69951	135906	50568	362600	47204	593370	465611	373836	2337056	4557834	20484352	0
FFQ	15	0	0	0	0	31	395	407	573	794	669	4272	6112	2690	1169	1536	2489	3994	7914	9685	15504	8515	7301	14791	29159	11967	32579	27395	55737	57140	70227	70369	140936	51885	374265	48603	608769	476525	387976	2379775	4585433	20346891	0
FFQ	16	0	0	0	0	1	1301	974	2271	2190	1915	7525	4226	2265	2114	3246	2929	5821	9540	8917	14192	8244	9455	15208	27962	11331	28817	29867	42742	61374	59199	69093	122425	51789	362155	46108	638421	518729	358195	2428931	4658607	20226393	0
FFQ	17	0	0	0	0	119	826	733	1379	1407	1167	5621	5079	2349	1567	2196	2906	4820	8807	9776	15735	8444	8485	15747	30222	11933	31519	29533	52734	59614	70202	72075	139118	55463	391485	51661	654372	525100	407114	2545741	4599671	20019752	0
FFQ	18	0	0	0	0	257	730	612	1275	1268	903	5276	6340	2780	1371	1939	2831	4712	8713	10622	16445	8529	7985	15500	32672	12244	33176	29425	57259	59454	77276	73697	149456	57787	411547	54330	670973	534879	432817	2615356	4585996	19858040	0
FFQ	19	0	0	0	0	473	792	618	1001	1024	798	5424	7604	3012	1273	1748	2863	4613	8824	11283	17494	8582	7822	15444	34611	12636	34649	29742	62577	59451	83271	74704	158190	59397	431081	55902	694604	548500	456177	2683538	4607985	19656765	0
FFQ	20	0	0	0	0	640	590	474	744	845	805	5204	7187	3181	1355	1676	2876	4698	8900	11710	17400	8543	7861	15575	36397	12899	34950	30253	65090	59275	87937	75044	163179	60513	444855	57605	714036	562206	473873	2724830	4634405	19506861	0
FFQ	21	0	0	0	0	6	729	887	1928	2037	2011	8000	4444	2685	2511	3922	3745	7011	11250	10443	16046	9237	10901	17125	34640	12780	31241	33843	52263	65131	76370	75713	143278	62842	433652	57505	753348	619924	438512	2823791	4647548	19367173	0
FFQ	22	0	0	0	0	13	548	689	1368	1561	1241	6636	5803	2764	1903	2803	3586	6107	10560	12098	17881	9364	9585	17188	38240	13485	34422	33142	63876	63669	89565	78085	163761	67461	468826	63505	773937	627290	494384	2963403	4586741	19108982	0
FFQ	23	0	0	0	0	9	683	681	1259	1446	1156	6416	6756	3207	1807	2445	3517	5869	10285	13226	18519	9126	9095	17344	41582	14101	36140	33556	71046	63050	99192	80006	175803	69596	495002	68192	797586	641900	528053	3040162	4572232	18904427	0
FFQ	24	0	0	0	0	12	911	603	1130	1312	1032	6425	7813	3591	1714	2359	3494	5729	10654	14722	19334	9215	8869	17265	44776	14322	37206	33711	76899	63209	107040	81325	187323	71722	519848	70718	824286	659153	555914	3107778	4593654	18679404	0
FFQ	25	0	0	0	0	25	192	361	707	950	797	5934	6424	3193	1609	2188	3649	5856	10698	15307	18931	9391	8896	17657	47746	14666	37358	34139	81536	62180	114610	82448	195784	74007	540909	72939	854264	680249	581724	3162853	4629490	18464805	0
FFQ	26	0	0	0	0	41	1079	909	2819	3106	3256	11083	5956	4526	4326	6364	5358	9527	15521	13775	18980	11322	13388	20390	45044	15258	35389	40202	66340	70325	101077	85614	173732	80203	534714	74305	915279	753173	542651	3294116	4819838	18045486	0
FFQ	27	0	0	0	0	46	695	722	2084	2259	2141	9850	6863	4338	3257	4605	5271	8315	14867	16474	21219	11328	11837	20630	50970	16061	38534	38826	81265	68829	118096	88181	199102	84503	576091	81851	940111	762068	604918	3444716	4758295	17745254	0
FFQ	28	0	0	0	0	61	599	534	1745	1856	1883	9822	7992	4905	2962	3948	5170	8133	15127	18674	22051	11537	11550	21078	56972	17034	40265	39337	91363	68381	131442	90279	216227	89007	610438	88045	974784	782298	645991	3534041	4753111	17465830	0
FFQ	29	0	0	0	0	64	528	432	1209	1274	1298	7038	6114	3938	2669	3431	5107	7171	13310	15460	19079	11929	11548	20678	46833	17350	35484	40215	77237	61637	109222	87717	173420	92926	490131	104979	791707	708957	544059	3179346	4306269	18844706	0
FFQ	30	0	0	0	0	247	280	398	1117	1260	1349	7305	7050	4449	2619	3396	4989	7411	13777	16847	19944	11965	11511	21001	49786	18010	35939	41107	81698	62148	115611	89409	179335	95345	506287	110096	813306	727567	565407	3202343	4339088	18675075	0
FFQ	31	0	0	0	0	170	540	755	2452	2687	2988	10020	5421	4403	4600	6170	5999	9616	15754	13509	17729	12351	13685	21022	43190	15875	31951	41256	62671	60468	100677	84685	151957	89898	480502	98342	835447	734561	521281	2883964	4749967	18707909	0
FFQ	32	0	0	0	0	110	507	650	2048	2150	2156	9512	6434	4227	3645	4608	5926	8405	15292	16257	19182	12079	12239	20860	49610	17412	34131	39597	78634	59333	115609	86124	175102	94025	517711	108303	850803	746729	573845	2988424	4680631	18480136	0
FFQ	33	0	0	0	0	100	386	478	1561	1748	1682	8544	6573	4402	3282	4224	5860	8178	15552	18087	19188	12138	12153	20727	53649	17988	34789	39823	86909	58704	126572	88157	188003	97977	541038	116422	872870	769914	611799	3037902	4675429	18277773	0
FFQ	34	0	0	0	0	120	315	525	1474	1634	1701	8722	7259	4640	3151	3969	5934	8290	15798	19572	19370	12215	12124	21038	58019	18855	34929	39875	94263	58214	135603	89212	198230	101328	564298	122228	897127	790058	642580	3079227	4695059	18071963	0
FFQ	35	0	0	0	0	151	225	466	1429	1572	1650	9142	7646	4586	3152	3886	6143	8447	16286	21066	19649	12450	12240	21154	61596	19365	35739	40139	100572	57827	143317	90467	206724	103945	587128	127117	925006	810786	670196	3108798	4729072	17868196	0
FFQ	36	0	0	0	0	157	602	868	2957	3353	3890	12177	6566	5197	5598	7348	7917	11294	18995	16926	19817	14073	16219	23508	54407	19277	36191	46972	80036	63895	127902	97305	179178	113428	567964	130094	950488	860839	626008	3053021	4838846	17812548	0
FFQ	37	0	0	0	0	147	329	662	2051	2418	2619	11078	7081	5020	4445	5632	7881	10208	19172	20786	20782	14318	15051	23388	63139	21022	37390	45019	97715	63469	146337	100180	205984	119210	607075	144949	974810	879394	689992	3151477	4772489	17541755	0
FFQ	38	0	0	0	0	146	659	694	2052	2283	2478	11279	8112	5294	4218	5217	7679	9930	19622	23491	20764	13962	14712	23333	69872	22064	38520	44970	109018	63853	159893	103003	224355	124535	645596	154043	1013834	907307	736258	3201378	4776623	17262146	0
FFQ	39	0	0	0	0	384	511	503	1567	1598	1729	8177	6844	4814	3868	4914	7343	9330	16643	20008	19669	15207	14790	23405	56072	23769	36519	47645	88010	62793	128307	109933	178395	136493	520807	182650	856736	882140	679404	2868161	4582628	18230140	0
FFQ	40	0	0	0	0	1460	473	475	1467	1694	1821	8487	7412	4990	3751	4666	7392	9188	16640	20860	19570	14855	14841	23205	58274	23948	36531	47218	91418	62685	131918	111229	182740	137993	530542	187320	869223	894763	693754	2887088	4593885	18127009	0
FFQ	41	0	0	0	0	1277	554	728	2630	2976	3375	10020	5905	5144	5505	7122	8234	10950	17308	16939	17959	14590	15896	22135	49063	19069	32951	46128	69682	53803	115290	99027	151292	121648	500428	157864	848492	868803	647480	2573975	5051445	18254059	0
FFQ	42	0	0	0	0	565	547	679	2061	2225	2559	9994	6742	4891	4657	5743	8119	9917	17558	20468	18464	14446	14806	21995	57805	21424	33559	43972	86884	55594	131457	101050	177283	128339	539408	175937	874473	903250	714062	2630078	5014439	17973281	0
FFQ	43	0	0	0	0	193	450	600	1733	1922	2123	9567	7116	4906	4101	5094	7791	9524	17804	22145	18442	14481	14570	21931	62238	23008	34026	44058	95465	55744	140505	103396	190950	132330	560936	188215	891357	927941	745926	2663001	4993358	17810831	0
FFQ	44	0	0	0	0	192	474	528	1659	1825	1944	9752	7800	5056	3982	4828	7933	9476	18286	23599	18412	14574	14833	22192	65155	24294	33869	44658	100657	55880	147798	105804	198522	137205	578989	201229	905690	959562	778261	2685201	5026719	17610053	0
FFQ	45	0	0	0	0	246	468	556	1521	1732	1898	10061	8382	5425	3940	4839	8116	9716	18846	24711	18981	14931	15025	22354	68847	25377	34886	45320	105559	56196	154865	107222	207035	141999	601791	211323	930892	992667	811357	2697687	5070638	17390573	0
FFQ	46	0	0	0	0	341	428	866	2723	3338	3868	11534	6628	5830	6753	8332	9895	12479	20260	19845	19577	16909	18129	24271	57947	22275	36800	49965	82161	56927	137082	112615	176300	146617	575618	205274	927294	1024399	768805	2611044	5283419	17358578	0
FFQ	47	0	0	0	0	324	689	749	2292	2663	3002	11488	7472	5458	5529	6614	9649	11300	20363	23582	19427	16786	17447	23816	67528	24993	36529	48511	99718	59810	153615	115053	203980	154078	619986	227614	957299	1064002	833498	2672718	5259234	17037507	0
FFQ	48	0	0	0	0	318	574	735	2047	2391	2656	11709	8365	5811	4966	6050	9444	11042	20767	26021	19343	16931	17131	23716	73064	26545	37382	48844	109191	61142	164624	116897	220896	158340	651385	241793	983154	1097542	875533	2710513	5255820	16800829	0
FFQ	49	0	0	0	0	338	512	643	1872	2162	2422	11544	8120	5503	4886	5830	9539	11108	21431	27186	18725	17174	17303	24561	76415	27780	37559	49090	113991	62068	171433	118521	228717	163082	671485	255138	1001081	1135743	905005	2733106	5287433	16594254	0
FFQ	50	0	0	0	0	402	841	704	2069	2345	2588	12368	9769	6149	4950	5896	9799	11389	22237	28654	19972	17435	17522	24896	80083	29169	38762	50253	120499	63504	179943	121590	239891	169973	699528	271629	1029319	1181210	943846	2754844	5342118	16305918	0
FFQ	51	0	0	0	0	532	659	1145	3584	4312	5105	14264	8072	7524	8388	10593	12270	14690	24181	24537	22308	20707	22248	27264	70902	26767	43954	57812	98142	67491	165955	136420	216562	185967	697026	274743	1050859	1255554	919224	2746865	5478632	16096154	0
FFQ	52	0	0	0	0	511	688	943	2709	3316	3841	14367	8987	6848	6931	8391	12311	13721	25082	29371	21734	20244	21059	27585	83128	30877	43496	56802	118922	71875	185329	138420	248179	193941	746391	301365	1084391	1293262	981468	2787147	5415718	15811342	0
FFQ	53	0	0	0	0	523	696	923	2529	3053	3422	15020	10016	6899	6462	7649	12134	13653	26275	32626	21771	20668	21119	27984	91643	32908	44464	57493	132797	74949	201337	141986	272660	201088	792536	322003	1125115	1345726	1035128	2835058	5442322	15437363	0
FFQ	54	0	0	0	0	551	700	854	2432	2920	3417	14721	9946	6920	6279	7489	12205	13790	26713	33610	22186	20896	21037	28581	94690	34587	44985	57998	137230	76430	207903	144478	283742	206508	817234	336962	1141029	1382638	1061863	2864798	5461184	15229757	0
FFQ	55	0	0	0	0	660	784	901	2366	2990	3434	15650	11027	7090	6340	7661	12331	14074	27719	35607	22597	21369	21662	29234	99058	35668	45906	59386	143345	77993	216493	146735	296016	212396	847324	353262	1171288	1431021	1094597	2885706	5497597	14961279	0
FFQ	56	0	0	0	0	866	1004	1642	4629	5609	6824	17725	9504	9264	10673	12911	15139	17797	28743	30157	26282	25743	27182	31840	86839	33614	53746	69128	115743	85648	199407	168639	272773	237257	848396	360867	1177201	1529314	1061849	2865290	5614654	14753934	0
FFQ	57	0	0	0	0	846	904	1273	3420	4451	5263	17666	10583	8364	8987	10550	15617	16768	30550	35318	25504	25761	26518	32969	100662	38772	53334	68288	139415	92494	223029	171767	310712	246273	906391	394623	1218215	1572532	1130357	2909992	5568833	14390117	0
FFQ	58	0	0	0	0	851	917	1148	3280	4055	4668	18111	11312	8420	8363	10081	15453	17018	31995	38686	25557	26024	26405	33716	108734	41477	54302	69528	152735	96518	238669	174467	335944	254375	953453	417474	1251973	1625209	1174310	2944013	5561746	14075426	0
FFQ	59	0	0	0	0	867	1436	1180	3392	3963	4591	19485	12808	9052	8218	9937	15788	17398	33224	41633	26068	26524	26763	34500	115544	43605	55533	70931	161840	99907	251096	178724	355299	260653	995591	437783	1286285	1679887	1208172	2986903	5578603	13752476	0
FFQ	60	0	0	0	0	984	1157	1198	3225	3960	4512	18994	12115	8592	8307	9634	15533	17667	33356	42093	25517	27000	26948	35432	116729	44493	56055	71848	165139	101341	257494	183203	370193	269905	1028194	455157	1312354	1726112	1230517	3012293	5602840	13514858	0
FFQ	61	0	0	0	0	30332	1520	2009	5915	7046	8308	21366	11489	11347	12840	15508	18341	20873	33690	35653	30190	30954	32826	36721	103860	41809	65325	83725	136224	110890	242543	214780	349684	297830	1037116	461510	1324024	1830812	1200293	3007891	5686901	13252093	0
FFQ	62	0	0	0	0	38651	1217	1614	4475	5566	6782	22147	12560	10378	11119	13189	19066	20155	36739	42666	29784	31003	32012	38418	121703	47392	64346	83301	163923	120045	269363	216993	395902	307720	1107083	500181	1364283	1881362	1266955	3045408	5622034	12857909	0
FFQ	63	0	0	0	0	51578	1212	1569	4043	5099	6078	22839	13819	10415	10436	12400	19111	20581	38494	46374	29199	31316	31671	40124	130388	51030	65024	85039	178300	123547	284216	221490	424841	315202	1159173	525497	1401954	1935738	1305879	3076318	5600130	12532584	0
FFQ	64	0	0	0	0	72394	1133	1427	3956	4880	5750	23249	13975	10449	10083	12070	19081	20873	39397	48855	29467	31922	32291	41440	135155	52489	65847	85925	185368	126419	294454	223825	445832	324028	1207259	550969	1434573	1998346	1336101	3113525	5603759	12205436	0
FFQ	65	0	0	0	0	109674	1053	1388	3904	4704	5484	22485	13978	10074	9982	11969	18690	21209	39755	49374	29322	32731	32539	42627	138423	53746	66836	86331	191445	127946	305287	226392	468890	331730	1260292	573229	1474815	2061017	1362151	3147350	5611519	11862875	0
FFQ	66	0	0	0	0	174999	1395	2387	6511	7721	9301	23618	12805	13092	14881	17604	21546	23946	37639	41959	33765	35893	38457	42003	123247	50695	77246	98610	158627	142547	289814	258471	452861	360819	1282597	583540	1474421	2205928	1326727	3142582	5654887	11567307	0
FFQ	67	0	0	0	0	189616	1376	1846	4921	6269	7826	25113	14191	11869	12802	14930	22112	23340	42263	49172	33368	35501	37553	43953	141666	57057	76097	98923	189502	152280	318907	260937	501073	369203	1350710	621804	1518093	2235866	1382340	3168559	5564011	11224601	0
FFQ	68	0	0	0	0	209669	1325	1739	4471	5767	7102	26117	15252	11673	12102	14190	22136	23374	44022	53332	32981	36795	37319	46528	149748	59944	76589	100973	202728	158878	334289	265119	532308	378132	1414867	651963	1554541	2294423	1415549	3191723	5530773	10890441	0
FFQ	69	0	0	0	0	240303	1349	1733	4256	5765	6820	26556	15833	11770	11662	13526	21905	23857	45357	55256	32954	36391	37648	48324	155041	61926	77389	101231	211313	160667	345333	268291	557482	386650	1463104	671855	1593253	2345241	1438650	3228342	5503260	10597812	0
FFQ	70	0	0	0	0	292984	1385	1628	4060	5358	6426	25386	14976	11293	11427	13384	21212	24095	45247	55177	33095	37223	37734	49375	155634	63260	79047	103531	213996	163402	352419	270873	585666	397328	1524691	701129	1630352	2426561	1456563	3270960	5507037	10213417	0
FFQ	71	0	0	0	0	381633	1732	2702	6714	8214	9883	25060	13182	14040	16014	19071	23513	26407	40515	45590	37223	40300	43079	47446	135094	59203	88297	114658	172713	179899	330539	303296	562249	422284	1531937	701057	1607131	2559270	1403284	3274964	5540826	10017550	0
FFQ	72	0	0	0	0	401741	1599	2058	5263	6769	8602	26800	14581	13043	14486	16451	24155	26133	45921	53386	36599	40510	42943	50368	155789	66036	87568	114921	207281	190130	363937	306080	617743	430953	1613887	741550	1660966	2587815	1459577	3289337	5443870	9636908	0
FFQ	73	0	0	0	0	429212	1505	2096	4927	6650	8261	28329	15939	13044	13566	15787	24410	26834	48601	58152	36060	41739	42959	53360	164951	69340	88742	117196	221952	196140	379959	310810	656819	442190	1682861	772521	1696891	2638426	1487379	3302906	5384557	9319837	0
FFQ	74	0	0	0	0	471585	1610	2003	4810	6637	8023	29858	16970	13013	13326	15595	24908	27475	50812	61273	36307	41911	43114	56237	173940	71929	90532	118949	235988	197785	401385	312443	691747	450402	1754515	800300	1749666	2693271	1511418	3331644	5332367	8960324	0
FFQ	75	0	0	0	0	544298	1543	1944	4529	5995	7481	28357	16299	12666	12751	14751	23785	27156	51021	61168	35829	41695	42558	57691	173306	72820	90676	120188	239558	199184	407477	314340	720066	459865	1813960	821376	1789067	2748212	1519764	3364738	5287508	8669658	0
FFQ	76	0	0	0	0	668164	2219	3334	7887	9460	11623	29228	14917	16436	19069	22084	27445	31020	47232	53523	43446	47134	51705	55571	157522	71174	104211	136854	202078	226972	389792	363218	711061	492849	1846357	824290	1773526	2894941	1468207	3361733	5256258	8359903	0
FFQ	77	0	0	0	0	696381	2047	2460	6351	8197	10211	31738	17190	15442	16686	19148	28580	30481	53616	62241	42332	47250	51011	59679	181598	78671	103942	138522	242416	239454	429984	366392	771703	502117	1931886	866677	1825564	2902510	1516467	3344733	5136059	8021904	0
FFQ	78	0	0	0	0	734666	2034	2430	6177	7945	10299	34540	19187	15528	16134	18529	29203	31748	57706	68496	42399	48617	51801	64700	193098	83155	106644	141552	261016	249032	453484	370554	821569	514602	2021772	901049	1871536	2968551	1537666	3357726	5048229	7637420	0
FFQ	79	0	0	0	0	791336	1965	2384	5829	7416	9402	34223	18740	15057	15610	17612	28502	32275	58171	68507	42670	49164	51489	67777	194936	86470	108467	144575	264612	254484	461555	377138	855566	529130	2088241	931193	1909049	3037862	1544659	3375562	4986696	7331623	0
FFQ	80	0	0	0	0	886742	1804	2214	5332	6899	8565	31332	17596	14263	14576	17209	27108	31652	56946	67073	41980	48767	50682	68936	192138	85974	108114	144558	267568	254614	467623	378482	888591	536085	2147689	952414	1944605	3080965	1547793	3389742	4921122	7091354	0
FFQ	81	0	0	0	0	1048524	2705	3790	8950	10094	12591	31025	16112	18213	20420	23807	30374	34841	50904	58960	49175	52971	59277	64060	173182	83367	119157	159074	222412	282420	445208	426701	875093	560613	2172371	942440	1904290	3218667	1481000	3385388	4872419	6877654	0
FFQ	82	0	0	0	0	1086459	2488	2974	7454	9195	11636	34200	18288	17038	18990	21246	31623	34606	58625	68699	48277	54545	59277	70278	197995	92233	121393	162870	265094	297847	489622	428957	947504	574361	2272325	993181	1960188	3230658	1522942	3359309	4734891	6490090	0
FFQ	83	0	0	0	0	1137811	2295	2768	7003	8853	11481	36672	19606	16944	18117	20512	32311	36277	63009	73505	48355	55374	59663	76069	209148	96719	124094	166998	284252	307205	513577	435939	998368	586276	2361496	1025330	2002029	3274471	1535730	3339332	4629997	6178904	0
FFQ	84	0	0	0	0	1215170	2086	2661	6592	8512	11071	36992	19704	16694	17834	19877	31972	36846	64643	74683	48100	55947	59660	79271	212575	99120	125689	167306	292086	310894	525886	440174	1037537	599118	2433731	1047734	2042571	3312892	1537873	3346017	4545604	5910442	0
FFQ	85	0	0	0	0	1346549	1978	2486	6107	7851	10161	34444	18792	16223	16651	18848	30624	36830	64876	74355	47551	54998	58771	81340	213101	100697	126796	168540	297679	310443	537397	441524	1085078	609374	2518789	1072213	2090230	3363301	1529975	3353245	4446084	5600704	0
FFQ	86	0	0	0	0	1567745	2844	3899	9474	10613	13500	32172	16727	19117	22045	25015	33265	38758	55912	64723	55265	60492	68559	74363	191698	96807	137955	185227	249066	353906	511195	503684	1076776	633764	2541536	1064629	2028542	3503799	1465034	3314497	4347809	5413218	0
FFQ	87	0	0	0	0	1618983	2577	3142	8280	9783	13383	37039	19682	18764	20614	23189	35709	38959	66163	75996	54086	61625	69106	81994	220083	106139	141711	189206	295491	366361	562896	505412	1149437	647598	2635092	1108706	2087253	3481461	1494732	3257838	4191627	5092332	0
FFQ	88	0	0	0	0	1690011	2357	3048	7793	9856	13417	40502	21585	19144	20205	22336	36647	41313	71637	82758	54085	62872	69264	89501	233177	112024	144631	193461	319997	375535	590855	512505	1205872	659018	2726519	1138586	2120465	3488429	1498502	3211149	4072167	4829979	0
FFQ	89	0	0	0	0	1797378	2104	2932	7240	9675	13114	41012	21602	18687	19739	21682	36921	42733	74104	84763	55107	63479	69370	95138	238785	115760	147738	196928	330439	380583	607591	518014	1260670	675517	2816777	1164375	2164886	3530135	1484463	3194284	3948077	4538116	0
FFQ	90	0	0	0	0	1977878	1723	2373	5820	7774	10705	36429	19529	17346	17958	20231	34610	42268	72365	81385	54449	62670	67528	96884	235125	116883	147818	194623	330182	379165	611109	520601	1307250	688128	2898643	1181817	2206817	3558954	1468531	3185182	3839454	4288417	0
FFQ	91	0	0	0	0	2289924	1848	3013	7384	8600	11990	29760	15158	17793	21133	23370	35375	41476	59354	68884	59743	64331	77391	84540	211280	108652	157502	211878	276307	426012	589125	582419	1301690	704333	2924294	1164905	2134280	3686009	1392321	3144163	3730248	4120735	0
FFQ	92	0	0	0	0	2354657	1318	2221	5660	7673	11831	33205	17822	17397	19305	21280	38083	42292	70175	80108	58727	65970	77544	93565	234709	119124	161629	214733	322555	444547	636608	586842	1373879	719638	2999816	1203412	2176109	3643487	1417031	3065573	3578273	3868966	0
FFQ	93	0	0	0	0	2442390	994	1909	4734	7480	11044	33619	18148	16470	17982	19725	37504	42826	72884	82342	57766	66563	76619	100781	239896	124267	164124	216633	336707	451662	655449	595891	1422176	733907	3068789	1226448	2203938	3641483	1417480	3004186	3479596	3689843	0
FFQ	94	0	0	0	0	2577384	797	1557	3869	6504	9819	32821	17049	15221	16442	17803	36838	43937	74980	82847	57258	67286	76556	106363	243911	127379	166494	219074	348085	451679	667785	600666	1470056	745203	3139694	1243018	2238281	3648403	1405255	2970537	3373532	3478200	0
FFQ	95	0	0	0	0	2809328	434	905	2152	3470	5466	20527	11083	10856	12621	14142	34131	42279	72296	78799	56815	66499	74172	109178	237754	128785	165893	216341	347421	446663	667780	602424	1517056	757917	3210680	1255065	2276296	3653485	1383080	2940847	3265503	3282725	0
FFQ	96	0	0	0	0	3218803	176	279	1185	1339	2488	8262	4935	5051	6830	7206	37444	45027	59574	72487	67599	69507	89028	97729	222703	125782	178083	247481	300107	535146	653157	701921	1540355	775951	3270714	1257797	2129900	3772011	1336863	2733746	3099077	3103320	0
FFQ	97	0	0	0	0	3267452	490	642	2333	3447	5605	17610	9502	8667	8953	8994	41410	46765	73206	83143	65677	71054	89925	106825	246991	137035	184881	251050	350334	562394	712652	705615	1620223	791933	3354323	1299436	2163928	3710557	1341457	2645776	2942181	2844706	0
FFQ	98	0	0	0	0	3324131	443	892	2642	4944	7217	23715	12434	9745	9354	8930	44339	49594	81908	91708	66381	73522	90845	116963	264140	143946	191125	256572	381084	574976	754347	709339	1674158	799021	3416124	1317142	2191605	3659328	1338841	2565884	2832813	2685012	0
FFQ	99	0	0	0	0	3395227	298	717	1967	4373	6203	21507	10711	8121	7746	7135	47034	53476	88403	95072	69078	77494	93789	127883	271393	151539	199627	264400	393263	595095	781595	715100	1728172	812676	3490629	1327301	2212292	3649455	1314355	2516105	2722869	2510853	0
FFQ	100	0	0	0	0	3486699	0	0	0	0	0	0	0	0	0	0	50261	57986	95585	100595	72000	82839	97900	138536	281986	160026	209887	274869	404822	613608	803730	715424	1756828	811386	3528352	1331554	2198841	3638048	1280007	2484773	2662898	2431213	0
# Last Fragment Qualities. Use `grep ^LFQ | cut -f 2-` to extract this part.
# Columns correspond to qualities and rows to cycles. First column is the cycle number.
LFQ	1	0	0	0	0	2	2	0	0	0	0	3202	1070	11378	0	1269	0	1809	2056	2404	30052	0	3126	7419	7241	2078	53832	12335	4065	94016	19207	123760	122264	14471	419840	26322	544871	395648	428855	2485854	2148708	22877316	0
LFQ	2	0	0	0	0	2	885	130	1345	2597	821	4529	2522	16011	1340	1964	819	4138	3988	13253	26040	4792	7718	10791	27705	7334	48309	24572	41622	80387	58010	105106	149780	30039	460282	42145	638597	510412	446037	2577196	2530988	21962266	0
LFQ	3	0	0	0	0	5	1106	325	1469	2016	1221	6244	5229	13008	1351	2064	1065	5122	6395	13630	26745	6980	6945	10284	31746	7976	50220	21776	49660	79139	61854	101884	154932	32332	471104	42084	661388	535391	459183	2552020	2571144	21849435	0
LFQ	4	0	0	0	0	0	1508	585	2016	1990	1582	8092	6981	9586	1488	2038	1363	6080	8428	12483	26541	7971	6251	10447	33036	8105	50149	19317	51843	78940	61294	100348	154562	32385	473211	41972	672769	546668	465574	2506926	2599521	21832422	0
LFQ	5	0	0	0	0	0	1324	756	2394	2153	1827	8785	7016	7458	1702	2237	1383	7342	9891	12080	24643	8132	6282	10839	34481	8445	48333	18844	51884	78042	62829	99730	154313	32307	489333	42082	708315	581750	479310	2485469	2718275	21634486	0
LFQ	6	0	0	0	0	0	2628	1114	3112	2551	1947	10408	6459	6597	1631	2409	1370	8489	10328	12139	21997	7971	6503	10738	36376	8815	43176	19514	52759	76833	64111	95004	152902	38734	468486	36459	744523	570306	444430	2440033	2753214	21680406	0
LFQ	7	0	0	0	0	0	2112	712	2470	2076	1615	9329	7033	9056	1477	1955	1684	6867	9642	13320	26999	8313	6634	12055	38594	10389	47820	22021	61389	77732	75616	95087	174457	55570	485468	39525	776716	558911	498995	2567049	2816489	21319295	0
LFQ	8	0	0	0	0	0	799	516	1800	1505	1347	8402	7037	9507	1403	1742	1807	6483	9401	14499	28342	8797	6658	12846	41073	10816	49240	23057	68069	77195	84746	95830	185208	60865	506160	44174	800101	571892	535088	2632755	2867860	21067452	0
LFQ	9	0	0	0	0	0	703	463	1472	1345	1326	8403	7239	10507	1341	1625	1791	6039	9656	15458	29226	8727	6786	13023	43554	11271	50395	22913	72687	77343	90501	95972	192754	61083	523178	44911	815081	580971	550071	2684215	2905116	20897326	0
LFQ	10	0	0	0	0	0	480	374	1347	1208	1251	8574	7837	11926	1416	1612	1882	6200	10402	16658	30351	8941	6704	13273	46354	11296	51519	23406	77271	76947	96269	96650	201883	61814	545185	45859	840106	597849	569435	2746122	2979581	20646490	0
LFQ	11	0	0	0	0	0	1372	802	2681	2440	2087	11979	7118	8245	2031	2545	1605	10190	12755	15145	24331	9505	7457	13587	47324	11415	44740	24684	69325	79140	91270	95895	183209	61606	538787	44995	889108	654993	530762	2854750	2942908	20543686	0
LFQ	12	0	0	0	0	0	601	622	2154	1970	1520	10438	7687	10277	1586	1967	1747	8313	12143	17073	28525	9586	7182	14187	50126	12115	50108	25595	80446	79823	103410	98047	204802	66877	572692	50492	907581	663731	584840	3006130	2995208	20154871	0
LFQ	13	0	0	0	0	0	649	486	1598	1535	1351	10109	7457	11155	1411	1769	1817	7664	12164	18305	30447	9810	7060	14573	53838	12503	51585	26244	86752	79704	112151	99744	217288	70048	598783	53978	928953	674069	616314	3088573	3045997	19888588	0
LFQ	14	0	0	0	0	0	1591	363	1515	1426	1306	10441	8501	12478	1402	1684	1877	7949	12931	19993	31858	9490	7275	14751	57050	12902	53704	26240	93480	79630	120226	100295	228640	71940	623936	56273	959341	691854	646047	3151945	3108881	19615257	0
LFQ	15	0	0	0	0	0	842	373	1365	1322	1321	10802	8948	13775	1411	1589	2022	7916	13780	21321	33431	9841	7279	15088	61308	13226	55190	27147	99223	80990	128734	100982	238704	74496	647162	58443	988195	709002	667181	3201835	3165134	19375094	0
LFQ	16	0	0	0	0	0	918	806	2821	2778	2328	14523	8532	10061	2400	2696	1965	12669	16688	19552	26813	11610	8642	16257	61633	13620	48906	29272	90910	85159	122468	102358	222141	76820	643664	58277	1049333	781140	620993	3310611	3119827	19245281	0
LFQ	17	0	0	0	0	0	1650	570	2197	2201	1835	13623	9372	12860	1838	2032	2033	10337	16356	22107	32291	11064	8145	16664	66702	14491	54311	30055	105085	85248	138283	105405	248424	82994	689481	65807	1075263	790785	685001	3474056	3174675	18791231	0
LFQ	18	0	0	0	0	0	457	451	1803	1879	1584	13405	9518	14568	1747	1813	2218	9936	17057	24873	34138	11186	8285	17217	71994	15283	56977	30619	114333	84848	149887	107782	264207	86889	721838	70901	1105072	807196	719933	3561308	3219227	18484043	0
LFQ	19	0	0	0	0	0	1258	452	1560	1718	1447	13977	10821	16597	1571	1724	2375	9448	18346	27288	35937	11175	8174	17366	77412	15527	58329	30924	123277	84767	161273	107881	275969	89906	749883	74580	1134373	826979	749609	3617898	3267467	18217184	0
LFQ	20	0	0	0	0	0	729	326	1300	1416	1375	14484	11262	18237	1530	1707	2348	9607	19339	29709	37567	11501	8483	17755	82508	15933	59656	31708	130454	83905	170505	107913	286324	91966	773329	77129	1157375	842548	769151	3650444	3309275	18015674	0
LFQ	21	0	0	0	0	2	787	681	3068	3502	3209	20029	11175	13467	3042	3102	2599	16418	23602	26176	30031	14558	10343	20245	83187	17231	53566	35805	120467	91074	164261	110921	266583	97776	771140	79481	1224031	925612	712313	3734568	3236208	17914212	0
LFQ	22	0	0	0	0	3	1032	690	2577	2752	2664	19898	12449	17442	2440	2413	2845	13693	23962	31022	36427	13614	10170	20390	90982	17715	59697	35658	137492	90314	183578	114738	297431	103522	825364	88888	1258367	944513	783838	3926561	3277888	17391443	0
LFQ	23	0	0	0	0	23	335	478	2017	2328	2285	19760	12721	19785	2095	2162	2900	12712	25239	34716	38264	13518	10292	20816	98826	18617	61018	36935	150720	90465	200344	117110	317845	109865	866666	97611	1297707	966237	829716	4009746	3331842	17020756	0
LFQ	24	0	0	0	0	20	657	470	1883	2222	2180	20652	13779	22055	2113	2207	3060	12861	26344	37492	40423	13415	10341	20706	106568	19087	63087	37501	161963	91104	214966	118548	334826	112558	908768	100040	1339002	989566	861620	4082441	3379640	16690307	0
LFQ	25	0	0	0	0	20	191	349	1680	1998	2195	21309	13256	22930	2216	2238	3336	13060	28346	40401	40387	13670	10629	21251	113509	19492	64343	37673	172723	91716	228569	120613	355034	115188	951238	102639	1386767	1016326	891858	4139324	3432695	16365303	0
LFQ	26	0	0	0	0	40	423	779	3612	4395	4170	26226	14124	17787	4025	4137	3523	21094	33539	34699	33221	19260	13070	25109	113041	21209	59454	44339	159874	100541	220265	127850	331465	127587	948265	107576	1468746	1120922	822810	4282342	3311657	16213296	0
LFQ	27	0	0	0	0	46	465	734	3009	3528	3401	25360	14556	22214	3133	3275	3923	17446	33799	41757	38807	17419	12742	25352	124904	22044	65206	44257	182980	100792	246097	132121	368978	135209	1012550	122181	1502332	1138292	903282	4482545	3333180	15656556	0
LFQ	28	0	0	0	0	58	757	719	2770	3180	3109	26424	15462	26285	3034	3045	4132	16893	35883	47173	41457	17116	13068	25868	135497	23150	67404	45112	200121	101209	266421	135656	393738	143429	1060915	131190	1545536	1159583	944280	4570946	3358016	15275836	0
LFQ	29	0	0	0	0	73	651	530	2401	2772	2816	20774	12265	21514	3016	3083	4212	15359	30937	39927	34276	17262	14072	25957	115647	23976	56720	46501	173048	92264	228425	131008	331021	156078	910239	165135	1361741	1131743	892282	4324734	3137238	16314775	0
LFQ	30	0	0	0	0	103	426	466	2159	2582	2651	21873	12477	22526	3087	3097	4465	15216	33353	42520	35528	17449	14080	26456	122183	24665	57749	47522	181753	92438	241726	132568	344033	161308	943157	174257	1394887	1156868	918483	4337066	3181632	16071663	0
LFQ	31	0	0	0	0	144	744	799	3585	4367	4314	25179	14199	18241	4141	4068	4100	21442	36957	35375	29006	21480	14394	26925	119232	23896	51351	47439	167450	89033	230533	126724	316311	154552	923655	157743	1423737	1182260	860534	3959888	3284693	16455981	0
LFQ	32	0	0	0	0	139	467	637	2862	3466	3321	24348	13777	22123	3441	3325	4661	17541	37903	43647	32667	19455	14681	26296	131803	25276	54969	47005	191883	89647	257048	131655	352318	164307	980940	180355	1450894	1207261	940543	4108159	3306472	15947154	0
LFQ	33	0	0	0	0	140	712	612	2752	3021	3142	25782	13949	25812	3156	2996	5126	16629	40071	48911	35197	18668	14850	26696	143043	26247	56299	47782	208696	89711	274893	136245	377914	170434	1028060	192351	1492025	1236652	989470	4176003	3338328	15568206	0
LFQ	34	0	0	0	0	158	965	546	2210	2834	2980	26457	14476	27585	3185	2928	5071	15947	41959	52872	35672	18374	15242	26873	151013	26723	57521	48679	220661	90533	289940	137526	391174	175793	1058638	202766	1517408	1260613	1024026	4212852	3370155	15306564	0
LFQ	35	0	0	0	0	180	410	520	2138	2624	3053	28110	14305	29651	3114	3033	5241	16020	44677	56753	35461	18705	15780	27588	160377	27922	57688	49670	233024	90406	304874	139948	408126	181376	1094978	212415	1554780	1287986	1052685	4208279	3405370	15060063	0
LFQ	36	0	0	0	0	216	1057	909	3826	5157	5438	31854	18015	23472	5239	5112	5910	26022	49825	45306	30796	27791	18739	33643	154116	29920	57038	58629	211992	98542	290617	154627	375490	204080	1079270	221245	1609424	1382393	982336	4166405	3333131	15088279	0
LFQ	37	0	0	0	0	215	697	798	3156	4074	4348	32750	17314	29261	4379	3985	6544	21713	52506	57331	34869	25278	19288	32387	173638	31999	60468	58533	245106	101289	321539	162014	420189	217349	1151006	248924	1653657	1410110	1061215	4303636	3333952	14528957	0
LFQ	38	0	0	0	0	220	618	700	2917	3604	4050	34552	17088	33567	3933	3859	6763	20214	54242	63591	36227	24157	19776	32359	185373	33116	61210	59760	262648	103467	338801	167465	442176	227923	1190403	268124	1680575	1440370	1111259	4336283	3350569	14211234	0
LFQ	39	0	0	0	0	239	540	614	2435	3252	3823	36137	17790	37367	4052	3714	7374	19840	57979	68998	37074	23814	20476	32800	196255	34581	62321	60633	277641	103166	357074	170863	461954	234611	1225797	280217	1711310	1467495	1145577	4348794	3369059	13946240	0
LFQ	40	0	0	0	0	282	556	584	2382	3195	3987	38220	18452	40250	4123	3837	7707	20117	61914	73927	37836	24463	21286	33357	207681	35723	62993	62007	292690	104430	374511	174410	479269	243159	1262274	296356	1746584	1499317	1180401	4310992	3406080	13695433	0
LFQ	41	0	0	0	0	337	759	1061	4547	5874	6054	30197	15754	21742	6178	5677	6922	25457	47811	40923	25866	30134	22548	34912	137503	33117	52878	63549	188334	94455	250940	170822	322549	244112	943092	300573	1405426	1423686	1019664	3354987	3335835	16155471	0
LFQ	42	0	0	0	0	300	786	991	3960	4814	5145	31012	15890	27596	5226	4809	7345	21295	50139	52428	28663	27812	22740	33827	155654	35029	53339	62734	218716	98745	275952	178418	362858	256552	1002232	334967	1439271	1465427	1102815	3401468	3383361	15656415	0
LFQ	43	0	0	0	0	310	1123	872	3599	4353	4947	33924	16601	32095	4912	4574	8094	20405	52978	59639	29851	26976	23176	33200	168091	37107	54406	63888	236052	102513	294098	184625	388973	267357	1051117	358736	1477082	1512531	1162360	3403617	3446894	15256702	0
LFQ	44	0	0	0	0	306	948	906	3525	4384	4858	34105	15382	33159	4817	4630	8206	19829	54668	62589	29682	26594	23254	33622	175385	37452	54771	63853	249114	104192	307938	186099	406931	269501	1090135	368069	1509513	1532427	1189350	3459940	3475315	14981442	0
LFQ	45	0	0	0	0	346	903	831	2969	3877	4409	34344	15289	35363	4892	4527	8726	19654	56625	66807	29488	26695	24127	34001	184159	39252	55693	65353	260213	106126	321108	190193	424064	277282	1124729	385702	1537286	1572309	1228712	3440496	3532651	14706781	0
LFQ	46	0	0	0	0	460	1070	1152	4473	5915	6697	35418	18886	27274	6822	6439	9138	27905	59855	51927	26932	34968	26194	37938	170967	36782	56327	69638	229987	99143	301159	187028	384396	268049	1094967	356583	1496405	1565170	1162882	3165366	3725099	15065715	0
LFQ	47	0	0	0	0	447	1135	1101	4051	5073	5704	36474	17492	33572	6054	5612	9675	23636	62587	64934	28274	31636	26610	36991	190275	39857	56539	69903	262411	107695	327214	196560	428051	283110	1159997	393149	1537508	1604266	1240277	3225864	3743591	14556998	0
LFQ	48	0	0	0	0	450	1220	1171	3880	4936	5629	39779	17202	38497	5680	5424	10108	22312	65979	73438	29049	30207	27470	36461	205454	42262	57649	71295	283563	112462	350146	204485	459180	294126	1216546	419245	1577831	1648280	1294611	3230532	3783446	14153506	0
LFQ	49	0	0	0	0	480	1374	1092	3715	4519	5505	41226	16796	41361	5630	5494	10693	21915	68112	78189	28975	30413	27877	37130	214384	43463	57724	73547	297751	115991	362207	209922	478538	302590	1250573	441197	1608027	1690659	1331365	3228903	3822916	13862507	0
LFQ	50	0	0	0	0	556	1216	1138	3524	4446	5628	42951	16872	43008	5847	5343	10996	22221	71618	82592	28929	30509	28978	37472	224146	45097	58815	75113	309217	118288	376545	214660	498927	309029	1291982	459164	1635892	1730787	1361386	3225582	3864474	13579116	0
LFQ	51	0	0	0	0	741	1534	1642	5747	7735	9246	45808	23728	35288	8876	8792	12756	34003	74890	65239	29609	43420	34362	45310	209810	44710	66575	86856	278892	122872	356051	242065	464384	342114	1284836	465371	1652645	1829520	1307370	3161303	3863522	13553790	0
LFQ	52	0	0	0	0	726	1481	1562	5049	6557	8017	48055	22286	44023	7810	7712	13251	28809	79837	82398	30779	39339	35062	43877	235725	48948	66953	87900	319185	134872	388351	254113	518919	357427	1360831	507295	1698249	1867959	1383900	3195648	3870339	13017448	0
LFQ	53	0	0	0	0	713	1620	1455	5095	6193	7602	50203	20460	47412	7622	7356	14029	27817	81886	89213	31103	38139	35853	44433	247687	52216	67188	90283	338221	142969	404217	265070	550153	370273	1412192	540499	1728420	1913511	1430047	3194766	3886849	12667233	0
LFQ	54	0	0	0	0	755	1920	1556	4919	6106	7844	53200	20005	51343	7845	7386	14541	27291	85905	95364	31217	38038	36403	45207	258597	54091	68329	92833	354306	147676	420975	271802	574697	379744	1456618	560974	1754074	1952673	1463261	3188908	3911359	12371501	0
LFQ	55	0	0	0	0	866	1693	1650	4832	6261	8260	55921	20313	54011	8058	7634	15351	28031	90099	100986	31397	38832	37345	45611	271526	55730	69452	95805	367857	152133	435986	277174	598044	386918	1503728	583367	1783026	1996126	1495372	3166728	3950984	12071459	0
LFQ	56	0	0	0	0	1131	2087	2415	7559	10081	12558	57514	28414	43379	12011	12131	17704	41189	91730	78142	33828	53453	45877	54497	252399	54977	80829	110811	329572	157782	409364	315968	564159	428880	1496034	593520	1788004	2115477	1434992	3093993	3958635	12026737	0
LFQ	57	0	0	0	0	1100	2114	2228	6932	8734	11426	60395	26171	53295	10933	10506	18604	35750	97366	98134	34100	49458	45752	53739	281459	61523	79714	112956	377979	176324	445090	328926	627235	442576	1580592	640947	1829568	2145282	1505446	3119198	3946705	11488861	0
LFQ	58	0	0	0	0	1140	2141	2189	6917	8383	11107	64571	24719	59391	10458	10307	19785	34902	101581	110419	34488	47904	47072	54901	298025	65363	81842	117001	404330	187655	468982	340992	668160	456927	1647591	674307	1866735	2192801	1553185	3107848	3954815	11077479	0
LFQ	59	0	0	0	0	1218	2248	2301	6859	8321	11179	68458	24552	63318	10431	10531	20542	35142	106978	117220	35047	48334	47878	56334	315008	68063	83084	121710	425003	195846	490833	350246	701740	464069	1710312	704904	1897265	2244268	1587681	3097698	3977714	10703324	0
LFQ	60	0	0	0	0	1370	2410	2488	6771	8508	11850	70973	24746	65395	10876	10976	20993	35819	109727	121295	35409	49156	48353	56949	324289	70238	84642	124083	440246	199960	504321	361456	732311	474981	1767339	728615	1922900	2286056	1614459	3074244	4001513	10409232	0
LFQ	61	0	0	0	0	33965	2952	3404	9914	12460	16957	70520	32686	52887	15603	16233	23584	49640	109527	95270	38476	64343	59485	65458	300277	68540	98717	143011	395759	211427	472940	429573	702842	533097	1758573	737346	1916642	2414321	1542628	3008359	3980043	10326779	0
LFQ	62	0	0	0	0	49276	2863	3098	9265	10842	15747	75946	31718	66165	14239	14219	25264	43679	117991	119538	38464	59899	58042	64632	336329	75568	97480	144202	449792	229116	516144	439747	770171	542340	1844423	780955	1966764	2416769	1599261	3032241	3931888	9819367	0
LFQ	63	0	0	0	0	76610	3089	3221	9232	10636	15573	82408	30180	73398	13922	13973	25892	43021	123186	132844	39472	57982	58559	65841	357382	79910	97861	148378	480069	241862	544344	451785	821911	554481	1923279	817269	1998948	2465056	1642752	3003941	3922235	9382206	0
LFQ	64	0	0	0	0	120398	2981	3270	9064	10894	15812	85010	29312	75994	13876	14059	26316	42941	126750	138519	39305	57628	58935	66547	369000	81679	98157	150668	496650	247734	560113	460630	856182	562701	1988660	845872	2027009	2508708	1668447	2986006	3922836	9043339	0
LFQ	65	0	0	0	0	193380	2984	3214	8816	10639	15555	85336	28783	76880	13681	13770	26669	42938	128474	142634	39479	57595	59100	67499	376692	83371	100055	151695	509869	250178	573601	465988	886809	566016	2045302	865821	2047754	2539567	1685794	2971207	3910791	8763280	0
LFQ	66	0	0	0	0	303287	3722	4401	11842	14773	21016	82727	36836	60100	18695	20308	29485	57012	123939	109979	44243	74285	72604	75629	345254	81000	114927	174735	453142	266257	530922	539352	847118	625589	2024385	871577	2025924	2676412	1602275	2903270	3870490	8692936	0
LFQ	67	0	0	0	0	337206	3852	3984	11468	12810	20066	91002	36507	78756	17699	17953	31702	51784	136851	139372	44179	69466	70906	75608	388120	90293	113843	177644	518556	290358	580869	548644	930758	634725	2127311	923863	2064535	2691759	1659210	2880974	3810548	8126469	0
LFQ	68	0	0	0	0	384528	3728	4022	11034	12865	20105	95072	34497	83999	17258	17407	32677	50931	141067	151980	44168	67770	70909	77361	408375	94898	114830	181931	548236	301972	607639	557189	978726	643594	2201650	956243	2094747	2714319	1689205	2862261	3766485	7765204	0
LFQ	69	0	0	0	0	453837	3769	4108	10871	12530	19580	96185	32990	85479	17026	17387	32737	50448	141754	155593	44342	66482	71481	78352	416228	97589	115131	183107	561263	308646	620168	565460	1014070	650363	2254999	983661	2113015	2746440	1702735	2840374	3741229	7498676	0
LFQ	70	0	0	0	0	560717	3557	3839	10031	11994	19021	94381	31485	83342	16977	17284	32698	50308	142319	157885	44135	67189	71726	79117	422502	99215	116191	183737	574410	312495	634021	569255	1046683	652734	2317863	1006115	2127221	2777735	1709675	2811504	3724653	7223317	0
LFQ	71	0	0	0	0	714623	4393	5167	13370	16223	25443	92223	39516	66095	22536	24296	36091	64501	136673	124197	49088	81898	85843	84875	384856	93265	130669	207488	508011	326735	586915	646997	1009262	709313	2312362	1009004	2090895	2926443	1623291	2756591	3680843	7116578	0
LFQ	72	0	0	0	0	761269	4368	4779	13416	14510	24390	97578	39149	81780	20936	21660	37645	59460	147813	152445	49092	77607	82745	85277	427905	102910	128725	209796	574134	353836	636002	651212	1090686	718152	2401325	1056254	2129012	2911529	1665719	2732436	3594057	6646147	0
LFQ	73	0	0	0	0	825307	4387	4925	13785	15044	25129	106605	38756	92116	20605	21314	38974	59462	157208	169084	49145	75255	82367	87406	455350	108304	130400	213261	611397	365795	672119	662223	1147699	722536	2484063	1087361	2157251	2926140	1685737	2689006	3526775	6272617	0
LFQ	74	0	0	0	0	918986	4423	4982	13740	15340	24983	109222	37799	94730	20652	21150	39495	59942	159461	176062	49498	74776	82173	89311	466045	111035	129942	216984	631315	372687	690483	666938	1191277	724487	2556442	1111150	2173192	2940301	1691185	2659598	3478127	5996159	0
LFQ	75	0	0	0	0	1060264	4269	4842	12894	14598	24216	105563	35420	91832	20535	20869	39034	58723	158891	176440	49509	74873	82010	91329	470050	113189	131786	217633	642468	377647	704944	672118	1233115	725737	2626263	1135718	2187512	2968893	1688009	2633895	3434100	5714092	0
LFQ	76	0	0	0	0	1262487	5528	6546	16544	18778	30720	103252	42900	72957	26609	29165	42772	73615	151821	140300	56132	91648	99825	96449	432794	107706	148386	241931	571943	391002	650091	760479	1174850	790273	2576593	1116355	2146917	3080876	1592412	2581093	3367263	5703431	0
LFQ	77	0	0	0	0	1323355	5363	5944	16749	17231	30109	109002	43015	89641	25125	26313	44826	69261	164482	170673	56228	87581	97170	98010	476892	119474	147918	247979	642787	425729	703345	766119	1269803	795948	2674708	1167594	2173462	3054555	1622126	2542603	3262763	5227757	0
LFQ	78	0	0	0	0	1405766	5641	5960	16778	17860	30472	117028	42176	99678	24698	25746	46626	68943	171476	187023	56453	84488	95983	100422	502117	125249	149647	252844	681386	440384	736483	774828	1325147	801351	2745234	1195694	2190718	3049530	1632682	2480090	3180025	4934168	0
LFQ	79	0	0	0	0	1526474	5352	5929	16227	17695	29951	119088	41476	102012	24130	24827	46101	68063	173966	194567	56929	83584	94929	102774	512271	128304	149281	253285	697802	444985	750988	778784	1363361	801716	2801165	1213531	2200201	3046890	1632032	2448157	3115943	4727177	0
LFQ	80	0	0	0	0	1708599	5080	5708	15034	16667	28002	113575	38195	96773	23880	24517	45910	67760	171907	191722	55846	83381	93811	104772	513094	129904	149621	253872	707844	447064	765687	781680	1404048	799959	2867979	1231509	2206673	3055651	1623058	2415336	3059001	4495988	0
LFQ	81	0	0	0	0	1972190	6376	7594	19000	20838	35572	110639	44792	77461	31001	33850	49697	83204	161470	153893	64350	100316	114836	107429	470545	122366	165638	280585	627389	465527	703518	879062	1355090	858990	2831006	1211270	2152068	3174990	1515301	2367147	2984189	4439060	0
LFQ	82	0	0	0	0	2048675	6218	6857	19551	19528	35830	119734	46372	97025	29531	30289	52097	79213	176642	188289	63394	95662	110495	110116	521267	133846	165188	283417	703752	494826	762741	876712	1437404	860434	2901245	1251709	2173580	3107538	1535312	2317627	2855040	4080202	0
LFQ	83	0	0	0	0	2155896	6228	6627	19484	20051	36203	126103	46625	105722	28800	29657	52931	78678	185174	204200	63425	93036	108530	113371	544194	140244	166379	286797	739803	508679	792301	886145	1492220	865583	2962806	1273659	2181568	3082338	1538074	2247321	2770202	3837436	0
LFQ	84	0	0	0	0	2315029	5918	6780	19364	20404	36394	132930	46540	111089	28599	29239	53750	78780	190011	213035	63730	92303	107813	117378	559529	144129	167093	288733	760199	514244	812947	887804	1541035	861853	3029755	1292821	2175151	3065581	1522869	2194742	2691544	3616449	0
LFQ	85	0	0	0	0	2556782	5578	6181	16907	18285	32386	118112	40623	98258	27204	28118	51472	75831	179123	202386	62646	90892	104774	117179	544588	146112	166329	286017	757813	514240	809706	891689	1573780	862605	3079582	1305638	2179736	3069944	1516600	2154762	2644999	3457728	0
LFQ	86	0	0	0	0	2918689	6450	7942	19881	21129	37669	109863	43544	75819	32898	35770	53861	87108	162312	159439	68453	102846	124832	114472	487377	131746	177045	308821	660862	534262	739174	1001364	1520657	922408	3029061	1281101	2114683	3195911	1412897	2109006	2566631	3417647	0
LFQ	87	0	0	0	0	3024194	6402	7044	20738	20042	39408	121302	47708	97431	31918	32838	57438	86468	183562	197091	68911	99459	120069	119192	548103	145478	178346	315050	743526	566916	804844	991457	1617221	915409	3113405	1321100	2118279	3113150	1411809	2034771	2424636	3047734	0
LFQ	88	0	0	0	0	3170345	6236	7064	21149	21155	40563	129367	48188	106632	31707	32266	59044	86211	193310	214423	69655	98360	118887	124700	573118	152480	180053	320141	783391	583197	839589	999037	1680705	914941	3180290	1339758	2113913	3067764	1399451	1956683	2318858	2808571	0
LFQ	89	0	0	0	0	3384955	5814	6866	20290	21344	40073	131115	47140	109258	31284	31623	59683	86830	195996	220965	69849	96977	117098	128117	584396	156891	181501	320172	802714	584115	858771	997531	1729947	909563	3236368	1348755	2111139	3029564	1378729	1902788	2233761	2617936	0
LFQ	90	0	0	0	0	3716015	4840	6030	16569	18174	34052	115675	40462	94454	29329	29656	56033	82720	183902	209339	68051	95199	112794	128143	566379	158109	180189	314212	797061	579420	857750	1000666	1769067	903372	3298848	1360118	2104467	3021316	1358502	1855548	2170289	2451874	0
LFQ	91	0	0	0	0	4224831	4279	6182	16622	15839	35629	98054	39456	70459	31797	34884	54712	90309	161783	163401	70332	99233	130921	118622	506602	139120	186178	338515	692702	607806	785494	1115740	1715178	957963	3244774	1325713	2021762	3129328	1253329	1804174	2087533	2407964	0
LFQ	92	0	0	0	0	4358208	3754	5387	16613	15582	36901	108619	43615	89978	29953	30778	57546	86974	182236	198965	69066	93797	121831	119793	561748	148217	182655	333269	767772	616359	844985	1096848	1763589	960859	3247667	1344148	2043289	3000932	1262013	1753184	1975437	2213197	0
LFQ	93	0	0	0	0	4558095	3265	5172	16357	16854	37462	115409	44033	98166	29657	29164	59113	87832	190908	215086	69754	92667	120592	126095	585556	155238	184207	338193	805081	634781	873643	1100575	1831384	952038	3306982	1353161	2017563	2932732	1238662	1665942	1871858	2020978	0
LFQ	94	0	0	0	0	4853770	2650	4254	14033	15741	33367	107943	39815	91012	27085	26922	56924	85045	187419	213520	68643	90965	115206	127818	578974	157501	183161	331849	807146	629072	876456	1103724	1875386	947264	3348195	1363838	2010811	2900019	1216980	1605757	1798618	1885700	0
LFQ	95	0	0	0	0	5329813	1811	3042	9102	10771	22057	75955	27339	65305	22709	22667	52899	80819	173014	199706	66388	88939	110156	129429	556974	160381	182067	324131	795681	623375	865111	1100469	1917776	934519	3400222	1365627	1983617	2861428	1184188	1555840	1725129	1752412	0
LFQ	96	0	0	0	0	6046149	1020	1552	8380	3681	16067	38319	18197	36495	18219	14585	52435	91485	150709	162956	69073	86491	129766	114533	503568	134569	182288	352462	688427	663125	802438	1236583	1881181	990272	3346299	1327991	1881703	2938238	1080609	1442630	1600886	1665682	0
LFQ	97	0	0	0	0	6177829	1562	2210	11528	8578	25177	64080	27264	58302	21198	16276	58246	94731	172448	196928	71674	83187	126426	119135	551360	145085	180921	350059	758642	700231	870486	1218249	1966468	978581	3383085	1344393	1863786	2803877	1058892	1361387	1470875	1434016	0
LFQ	98	0	0	0	0	6337600	1301	2403	10726	11184	26840	75485	30632	67099	19458	14976	60518	96140	184247	214003	71618	80570	121777	123025	570443	150427	179021	350835	790914	710487	897277	1223804	2014721	975191	3403476	1348839	1847517	2723581	1039547	1290748	1389841	1318893	0
LFQ	99	0	0	0	0	6549702	903	1934	8753	10907	23524	66976	26048	57816	15860	12164	65506	103773	199044	228073	77171	84946	127683	132255	590588	157987	185239	357046	814581	726329	921199	1215165	2045191	960005	3425363	1340732	1820993	2654430	1010396	1228464	1315639	1210568	0
LFQ	100	0	0	0	0	6795695	0	0	0	0	0	0	0	0	0	0	67434	104772	208596	235973	76691	86047	125549	134123	603340	160895	185446	363449	825308	731021	931527	1217272	2055708	958182	3421282	1338467	1810704	2632582	999183	1202843	1300880	1197684	0
# GC Content of first fragments. Use `grep ^GCF | cut -f 2-` to extract this part.
GCF	0.25	204
GCF	1.01	43
GCF	2.01	19
GCF	3.02	22
GCF	4.02	14
GCF	5.03	11
GCF	5.78	17
GCF	6.28	18
GCF	6.78	29
GCF	7.29	28
GCF	8.04	34
GCF	8.79	42
GCF	9.30	41
GCF	10.05	92
GCF	11.06	184
GCF	11.81	354
GCF	12.31	356
GCF	12.81	776
GCF	13.32	779
GCF	13.82	1339
GCF	14.32	1343
GCF	14.82	2397
GCF	15.33	2405
GCF	15.83	4339
GCF	16.33	4348
GCF	16.83	8047
GCF	17.34	8052
GCF	17.84	14240
GCF	18.34	14238
GCF	18.84	23847
GCF	19.35	23852
GCF	19.85	37397
GCF	20.35	37403
GCF	20.85	56396
GCF	21.36	56398
GCF	21.86	80837
GCF	22.36	80841
GCF	22.86	112203
GCF	23.37	112213
GCF	23.87	150931
GCF	24.37	150955
GCF	24.87	196720
GCF	25.38	196729
GCF	25.88	249562
GCF	26.38	249598
GCF	26.88	307858
GCF	27.39	307897
GCF	27.89	370728
GCF	28.39	370757
GCF	28.89	436368
GCF	29.40	436416
GCF	29.90	500596
GCF	30.40	500705
GCF	30.90	572426
GCF	31.41	572584
GCF	31.91	642832
GCF	32.41	643083
GCF	32.91	716223
GCF	33.42	716447
GCF	33.92	784566
GCF	34.42	784840
GCF	34.92	846836
GCF	35.43	847168
GCF	35.93	907901
GCF	36.43	908155
GCF	36.93	963584
GCF	37.44	963732
GCF	37.94	1013078
GCF	38.44	1013206
GCF	38.94	1050978
GCF	39.45	1051038
GCF	39.95	1069839
GCF	40.45	1069790
GCF	40.95	1076456
GCF	41.46	1076378
GCF	41.96	1071843
GCF	42.46	1071813
GCF	42.96	1055876
GCF	43.47	1055729
GCF	43.97	1037069
GCF	44.47	1037038
GCF	44.97	1012709
GCF	45.48	1012644
GCF	45.98	986701
GCF	46.48	986700
GCF	46.98	959937
GCF	47.49	959962
GCF	47.99	929581
GCF	48.49	929591
GCF	48.99	896518
GCF	49.50	896565
GCF	50.00	869480
GCF	50.50	869503
GCF	51.01	833402
GCF	51.51	833444
GCF	52.01	794669
GCF	52.51	794793
GCF	53.02	759567
GCF	53.52	759446
GCF	54.02	724859
GCF	54.52	724897
GCF	55.03	686764
GCF	55.53	686676
GCF	56.03	648365
GCF	56.53	648279
GCF	57.04	609286
GCF	57.54	609236
GCF	58.04	562451
GCF	58.54	562316
GCF	59.05	516733
GCF	59.55	516533
GCF	60.05	467729
GCF	60.55	467726
GCF	61.06	416579
GCF	61.56	416588
GCF	62.06	364358
GCF	62.56	364157
GCF	63.07	312443
GCF	63.57	312170
GCF	64.07	262469
GCF	64.57	262354
GCF	65.08	215679
GCF	65.58	215495
GCF	66.08	174331
GCF	66.58	174099
GCF	67.09	139339
GCF	67.59	139148
GCF	68.09	107544
GCF	68.59	107376
GCF	69.10	81118
GCF	69.60	81013
GCF	70.10	59764
GCF	70.60	59703
GCF	71.11	43132
GCF	71.61	43055
GCF	72.11	30771
GCF	72.61	30734
GCF	73.12	21808
GCF	73.62	21760
GCF	74.12	15009
GCF	74.62	14983
GCF	75.13	10323
GCF	75.63	10297
GCF	76.13	6892
GCF	76.63	6864
GCF	77.14	4662
GCF	77.64	4648
GCF	78.14	2826
GCF	78.64	2807
GCF	79.15	1824
GCF	79.65	1816
GCF	80.15	1066
GCF	80.65	1058
GCF	81.16	612
GCF	81.66	614
GCF	82.16	342
GCF	82.66	341
GCF	83.17	145
GCF	83.67	144
GCF	84.17	98
GCF	84.67	97
GCF	85.18	42
GCF	85.68	41
GCF	86.18	19
GCF	86.68	17
GCF	87.19	13
GCF	87.69	11
GCF	88.19	5
GCF	88.69	4
GCF	89.70	2
GCF	90.70	1
GCF	91.46	3
GCF	92.46	1
GCF	93.47	3
GCF	94.47	0
GCF	95.98	1
GCF	97.49	3
GCF	98.99	4
# GC Content of last fragments. Use `grep ^GCL | cut -f 2-` to extract this part.
GCL	0.25	378
GCL	1.01	86
GCL	1.76	47
GCL	2.26	48
GCL	2.76	59
GCL	3.27	58
GCL	3.77	33
GCL	4.27	34
GCL	5.03	27
GCL	6.03	26
GCL	7.54	38
GCL	9.05	61
GCL	9.80	109
GCL	10.30	111
GCL	10.80	224
GCL	11.31	225
GCL	11.81	399
GCL	12.31	402
GCL	12.81	723
GCL	13.32	726
GCL	13.82	1280
GCL	14.32	1283
GCL	14.82	2348
GCL	15.33	2355
GCL	15.83	4331
GCL	16.33	4336
GCL	16.83	8042
GCL	17.34	8049
GCL	17.84	14047
GCL	18.34	14051
GCL	18.84	23447
GCL	19.35	23453
GCL	19.85	37143
GCL	20.35	37151
GCL	20.85	55012
GCL	21.36	54998
GCL	21.86	79279
GCL	22.36	79290
GCL	22.86	111839
GCL	23.37	111850
GCL	23.87	149419
GCL	24.37	149432
GCL	24.87	194956
GCL	25.38	194965
GCL	25.88	247078
GCL	26.38	247101
GCL	26.88	304422
GCL	27.39	304478
GCL	27.89	364521
GCL	28.39	364561
GCL	28.89	432360
GCL	29.40	432419
GCL	29.90	497514
GCL	30.40	497617
GCL	30.90	567206
GCL	31.41	567385
GCL	31.91	637454
GCL	32.41	637718
GCL	32.91	708598
GCL	33.42	708797
GCL	33.92	776147
GCL	34.42	776494
GCL	34.92	838565
GCL	35.43	838800
GCL	35.93	896486
GCL	36.43	896728
GCL	36.93	952664
GCL	37.44	952856
GCL	37.94	996970
GCL	38.44	997164
GCL	38.94	1038048
GCL	39.45	1038127
GCL	39.95	1059775
GCL	40.45	1059786
GCL	40.95	1065780
GCL	41.46	1065784
GCL	41.96	1063209
GCL	42.46	1063206
GCL	42.96	1050168
GCL	43.47	1050021
GCL	43.97	1032026
GCL	44.47	1031929
GCL	44.97	1008570
GCL	45.48	1008501
GCL	45.98	984710
GCL	46.48	984642
GCL	46.98	959637
GCL	47.49	959619
GCL	47.99	928899
GCL	48.49	928970
GCL	48.99	898588
GCL	49.50	898684
GCL	50.00	866767
GCL	50.50	866883
GCL	51.01	834076
GCL	51.51	834178
GCL	52.01	796202
GCL	52.51	796341
GCL	53.02	759913
GCL	53.52	759911
GCL	54.02	724685
GCL	54.52	724587
GCL	55.03	688441
GCL	55.53	688425
GCL	56.03	650615
GCL	56.53	650634
GCL	57.04	610989
GCL	57.54	610973
GCL	58.04	566477
GCL	58.54	566385
GCL	59.05	521112
GCL	59.55	521005
GCL	60.05	474814
GCL	60.55	474695
GCL	61.06	424279
GCL	61.56	424267
GCL	62.06	371962
GCL	62.56	371812
GCL	63.07	322149
GCL	63.57	321900
GCL	64.07	274120
GCL	64.57	273991
GCL	65.08	229278
GCL	65.58	229133
GCL	66.08	188459
GCL	66.58	188246
GCL	67.09	151066
GCL	67.59	150846
GCL	68.09	119776
GCL	68.59	119583
GCL	69.10	92121
GCL	69.60	92018
GCL	70.10	69214
GCL	70.60	69143
GCL	71.11	50783
GCL	71.61	50656
GCL	72.11	37021
GCL	72.61	36965
GCL	73.12	26225
GCL	73.62	26168
GCL	74.12	18061
GCL	74.62	18038
GCL	75.13	12536
GCL	75.63	12506
GCL	76.13	8294
GCL	76.63	8274
GCL	77.14	5657
GCL	77.64	5623
GCL	78.14	3475
GCL	78.64	3469
GCL	79.15	2250
GCL	79.65	2235
GCL	80.15	1334
GCL	80.65	1328
GCL	81.16	758
GCL	81.66	754
GCL	82.16	438
GCL	82.66	434
GCL	83.17	203
GCL	83.67	202
GCL	84.42	114
GCL	85.43	48
GCL	86.43	32
GCL	87.44	20
GCL	88.44	17
GCL	89.20	20
GCL	89.95	19
GCL	90.70	18
GCL	91.46	12
GCL	92.46	20
GCL	93.47	8
GCL	94.47	10
GCL	95.48	20
GCL	96.48	17
GCL	97.49	22
GCL	98.49	28
GCL	99.50	45
# ACGT content per cycle. Use `grep ^GCC | cut -f 2-` to extract this part. The columns are: cycle; A,C,G,T base counts as a percentage of all A/C/G/T bases [%]; and N and O counts as a percentage of all A/C/G/T bases [%]
GCC	1	29.37	20.44	20.34	29.84	0.01	0.00
GCC	2	28.57	21.47	21.00	28.96	0.00	0.00
GCC	3	27.86	22.15	21.69	28.30	0.00	0.00
GCC	4	28.02	21.96	21.59	28.43	0.00	0.00
GCC	5	28.68	21.33	20.94	29.06	0.00	0.00
GCC	6	27.99	22.03	21.63	28.35	0.00	0.00
GCC	7	27.75	22.27	21.88	28.10	0.00	0.00
GCC	8	28.43	21.59	21.19	28.79	0.00	0.00
GCC	9	28.21	21.82	21.40	28.58	0.00	0.00
GCC	10	28.04	21.99	21.56	28.40	0.00	0.00
GCC	11	28.16	21.88	21.44	28.52	0.00	0.00
GCC	12	28.07	21.97	21.52	28.44	0.00	0.00
GCC	13	28.19	21.84	21.40	28.57	0.00	0.00
GCC	14	28.09	21.95	21.49	28.47	0.00	0.00
GCC	15	27.98	22.07	21.59	28.36	0.00	0.00
GCC	16	27.99	22.06	21.58	28.37	0.00	0.00
GCC	17	27.94	22.13	21.63	28.31	0.00	0.00
GCC	18	27.82	22.24	21.74	28.20	0.00	0.00
GCC	19	27.82	22.23	21.74	28.22	0.00	0.00
GCC	20	27.80	22.26	21.73	28.21	0.00	0.00
GCC	21	27.73	22.33	21.80	28.15	0.00	0.00
GCC	22	27.75	22.29	21.77	28.19	0.00	0.00
GCC	23	27.75	22.30	21.75	28.19	0.00	0.00
GCC	24	27.61	22.43	21.88	28.07	0.00	0.00
GCC	25	27.64	22.39	21.84	28.13	0.00	0.00
GCC	26	27.64	22.41	21.84	28.12	0.00	0.00
GCC	27	27.54	22.49	21.93	28.04	0.00	0.00
GCC	28	27.58	22.47	21.90	28.06	0.00	0.00
GCC	29	27.57	22.48	21.89	28.06	0.00	0.00
GCC	30	27.46	22.57	21.98	27.99	0.00	0.00
GCC	31	27.47	22.57	21.97	27.99	0.00	0.00
GCC	32	27.46	22.58	21.97	28.00	0.00	0.00
GCC	33	27.38	22.66	22.04	27.93	0.00	0.00
GCC	34	27.42	22.62	21.99	27.98	0.00	0.00
GCC	35	27.40	22.62	22.00	27.97	0.00	0.00
GCC	36	27.33	22.69	22.06	27.92	0.00	0.00
GCC	37	27.37	22.64	22.01	27.98	0.00	0.00
GCC	38	27.37	22.65	22.00	27.98	0.00	0.00
GCC	39	27.30	22.72	22.06	27.92	0.00	0.00
GCC	40	27.35	22.67	22.02	27.97	0.00	0.00
GCC	41	27.33	22.69	22.02	27.96	0.00	0.00
GCC	42	27.27	22.75	22.09	27.89	0.00	0.00
GCC	43	27.30	22.72	22.05	27.94	0.00	0.00
GCC	44	27.29	22.73	22.04	27.94	0.00	0.00
GCC	45	27.22	22.79	22.12	27.87	0.00	0.00
GCC	46	27.24	22.76	22.08	27.92	0.00	0.00
GCC	47	27.25	22.78	22.07	27.90	0.00	0.00
GCC	48	27.20	22.81	22.12	27.87	0.00	0.00
GCC	49	27.21	22.81	22.10	27.89	0.00	0.00
GCC	50	27.24	22.78	22.08	27.91	0.00	0.00
GCC	51	27.15	22.86	22.15	27.85	0.00	0.00
GCC	52	27.18	22.85	22.11	27.87	0.00	0.00
GCC	53	27.19	22.81	22.10	27.89	0.00	0.00
GCC	54	27.12	22.88	22.16	27.84	0.00	0.00
GCC	55	27.18	22.83	22.12	27.87	0.00	0.00
GCC	56	27.16	22.86	22.13	27.86	0.00	0.00
GCC	57	27.11	22.90	22.16	27.84	0.00	0.00
GCC	58	27.13	22.89	22.13	27.85	0.00	0.00
GCC	59	27.13	22.88	22.13	27.85	0.00	0.00
GCC	60	27.06	22.94	22.20	27.79	0.00	0.00
GCC	61	27.08	22.92	22.17	27.83	0.00	0.00
GCC	62	27.08	22.92	22.16	27.83	0.00	0.00
GCC	63	27.04	22.98	22.22	27.77	0.00	0.00
GCC	64	27.06	22.94	22.19	27.81	0.00	0.00
GCC	65	27.06	22.96	22.19	27.79	0.00	0.00
GCC	66	26.99	23.03	22.23	27.75	0.00	0.00
GCC	67	27.02	22.99	22.21	27.77	0.00	0.00
GCC	68	27.01	22.99	22.21	27.78	0.00	0.00
GCC	69	26.98	23.04	22.25	27.74	0.00	0.00
GCC	70	27.00	23.01	22.23	27.76	0.00	0.00
GCC	71	26.99	23.04	22.23	27.74	0.00	0.00
GCC	72	26.93	23.08	22.28	27.70	0.00	0.00
GCC	73	26.97	23.04	22.25	27.75	0.00	0.00
GCC	74	26.97	23.05	22.26	27.73	0.00	0.00
GCC	75	26.90	23.11	22.32	27.67	0.00	0.00
GCC	76	26.93	23.08	22.30	27.70	0.00	0.00
GCC	77	26.93	23.08	22.28	27.70	0.00	0.00
GCC	78	26.88	23.14	22.31	27.66	0.00	0.00
GCC	79	26.90	23.11	22.31	27.67	0.00	0.00
GCC	80	26.89	23.12	22.31	27.68	0.00	0.00
GCC	81	26.84	23.17	22.36	27.62	0.00	0.00
GCC	82	26.86	23.14	22.35	27.65	0.00	0.00
GCC	83	26.86	23.14	22.34	27.66	0.00	0.00
GCC	84	26.79	23.21	22.41	27.59	0.00	0.00
GCC	85	26.83	23.18	22.38	27.61	0.00	0.00
GCC	86	26.83	23.19	22.37	27.61	0.00	0.00
GCC	87	26.79	23.23	22.41	27.56	0.00	0.00
GCC	88	26.79	23.21	22.40	27.60	0.00	0.00
GCC	89	26.78	23.24	22.40	27.57	0.00	0.00
GCC	90	26.74	23.28	22.46	27.52	0.00	0.00
GCC	91	26.75	23.25	22.45	27.54	0.00	0.00
GCC	92	26.76	23.25	22.45	27.54	0.00	0.00
GCC	93	26.69	23.32	22.48	27.50	0.00	0.00
GCC	94	26.71	23.31	22.49	27.50	0.00	0.00
GCC	95	26.69	23.33	22.49	27.49	0.00	0.00
GCC	96	26.65	23.37	22.54	27.44	0.09	0.00
GCC	97	26.68	23.33	22.52	27.47	0.13	0.00
GCC	98	26.65	23.36	22.53	27.46	0.13	0.00
GCC	99	26.61	23.42	22.57	27.41	0.12	0.00
GCC	100	26.60	23.41	22.58	27.40	0.10	0.00
# ACGT content per cycle, read oriented. Use `grep ^GCT | cut -f 2-` to extract this part. The columns are: cycle; A,C,G,T base counts as a percentage of all A/C/G/T bases [%]
GCT	1	32.11	26.50	14.28	27.11
GCT	2	31.63	17.47	25.00	25.91
GCT	3	27.75	21.99	21.85	28.41
GCT	4	28.16	23.14	20.41	28.29
GCT	5	28.30	21.61	20.66	29.43
GCT	6	27.47	22.60	21.06	28.87
GCT	7	27.59	22.27	21.87	28.26
GCT	8	27.64	22.32	20.47	29.57
GCT	9	27.23	22.19	21.03	29.56
GCT	10	27.81	22.18	21.37	28.64
GCT	11	27.97	22.09	21.23	28.72
GCT	12	27.85	22.25	21.25	28.66
GCT	13	28.01	22.05	21.19	28.75
GCT	14	27.94	22.02	21.42	28.62
GCT	15	27.81	22.29	21.37	28.53
GCT	16	27.78	22.23	21.42	28.58
GCT	17	27.70	22.27	21.48	28.54
GCT	18	27.57	22.50	21.48	28.45
GCT	19	27.59	22.45	21.52	28.44
GCT	20	27.58	22.31	21.67	28.43
GCT	21	27.50	22.47	21.65	28.38
GCT	22	27.51	22.48	21.58	28.42
GCT	23	27.52	22.36	21.70	28.42
GCT	24	27.42	22.56	21.76	28.26
GCT	25	27.48	22.57	21.66	28.29
GCT	26	27.51	22.43	21.81	28.25
GCT	27	27.39	22.58	21.84	28.19
GCT	28	27.47	22.60	21.76	28.17
GCT	29	27.49	22.48	21.89	28.14
GCT	30	27.35	22.62	21.93	28.10
GCT	31	27.42	22.62	21.92	28.04
GCT	32	27.43	22.54	22.01	28.02
GCT	33	27.35	22.67	22.02	27.96
GCT	34	27.44	22.60	22.00	27.95
GCT	35	27.43	22.56	22.06	27.94
GCT	36	27.33	22.70	22.05	27.93
GCT	37	27.40	22.65	22.00	27.95
GCT	38	27.40	22.56	22.09	27.95
GCT	39	27.31	22.69	22.09	27.91
GCT	40	27.38	22.66	22.03	27.94
GCT	41	27.37	22.59	22.12	27.92
GCT	42	27.29	22.73	22.11	27.87
GCT	43	27.34	22.69	22.08	27.89
GCT	44	27.37	22.60	22.17	27.87
GCT	45	27.28	22.73	22.18	27.81
GCT	46	27.34	22.70	22.14	27.82
GCT	47	27.37	22.62	22.23	27.78
GCT	48	27.26	22.73	22.20	27.81
GCT	49	27.30	22.75	22.16	27.79
GCT	50	27.35	22.64	22.22	27.80
GCT	51	27.24	22.76	22.25	27.75
GCT	52	27.29	22.74	22.22	27.75
GCT	53	27.31	22.64	22.28	27.77
GCT	54	27.23	22.77	22.27	27.73
GCT	55	27.32	22.73	22.22	27.73
GCT	56	27.30	22.63	22.35	27.72
GCT	57	27.26	22.76	22.29	27.68
GCT	58	27.29	22.76	22.26	27.69
GCT	59	27.30	22.69	22.33	27.68
GCT	60	27.21	22.83	22.31	27.64
GCT	61	27.27	22.81	22.28	27.64
GCT	62	27.28	22.71	22.37	27.64
GCT	63	27.18	22.84	22.35	27.63
GCT	64	27.27	22.81	22.32	27.60
GCT	65	27.27	22.73	22.42	27.58
GCT	66	27.20	22.82	22.44	27.54
GCT	67	27.25	22.83	22.37	27.54
GCT	68	27.25	22.75	22.46	27.54
GCT	69	27.19	22.86	22.43	27.52
GCT	70	27.24	22.83	22.42	27.52
GCT	71	27.26	22.74	22.53	27.48
GCT	72	27.18	22.88	22.49	27.45
GCT	73	27.24	22.88	22.40	27.47
GCT	74	27.23	22.79	22.52	27.47
GCT	75	27.15	22.89	22.53	27.43
GCT	76	27.22	22.88	22.49	27.41
GCT	77	27.25	22.80	22.57	27.39
GCT	78	27.17	22.89	22.56	27.38
GCT	79	27.20	22.90	22.52	27.37
GCT	80	27.22	22.84	22.58	27.36
GCT	81	27.15	22.95	22.59	27.32
GCT	82	27.18	22.93	22.55	27.33
GCT	83	27.19	22.87	22.61	27.33
GCT	84	27.10	22.99	22.64	27.27
GCT	85	27.18	23.01	22.54	27.26
GCT	86	27.20	22.91	22.65	27.24
GCT	87	27.11	22.99	22.65	27.24
GCT	88	27.18	22.97	22.63	27.22
GCT	89	27.18	22.94	22.71	27.18
GCT	90	27.11	23.05	22.68	27.16
GCT	91	27.14	23.06	22.64	27.15
GCT	92	27.15	22.98	22.71	27.15
GCT	93	27.07	23.10	22.71	27.12
GCT	94	27.11	23.10	22.69	27.09
GCT	95	27.10	23.07	22.75	27.08
GCT	96	27.05	23.17	22.74	27.04
GCT	97	27.13	23.15	22.69	27.02
GCT	98	27.13	23.09	22.80	26.98
GCT	99	27.07	23.19	22.79	26.95
GCT	100	27.10	23.21	22.79	26.90
# ACGT content per cycle for first fragments. Use `grep ^FBC | cut -f 2-` to extract this part. The columns are: cycle; A,C,G,T base counts as a percentage of all A/C/G/T bases [%]; and N and O counts as a percentage of all A/C/G/T bases [%]
FBC	1	29.13	20.84	20.55	29.47	0.03	0.00
FBC	2	28.72	21.31	20.92	29.04	0.00	0.00
FBC	3	28.14	21.90	21.42	28.54	0.00	0.00
FBC	4	28.39	21.63	21.23	28.75	0.00	0.00
FBC	5	28.72	21.31	20.89	29.08	0.00	0.00
FBC	6	28.12	21.92	21.47	28.49	0.00	0.00
FBC	7	27.85	22.17	21.76	28.22	0.00	0.00
FBC	8	28.45	21.59	21.16	28.81	0.00	0.00
FBC	9	28.25	21.78	21.34	28.63	0.00	0.00
FBC	10	28.05	21.96	21.56	28.43	0.00	0.00
FBC	11	28.17	21.87	21.43	28.53	0.00	0.00
FBC	12	28.08	21.96	21.51	28.45	0.00	0.00
FBC	13	28.19	21.85	21.39	28.57	0.00	0.00
FBC	14	28.09	21.94	21.48	28.48	0.00	0.00
FBC	15	27.97	22.08	21.59	28.36	0.00	0.00
FBC	16	27.98	22.06	21.58	28.38	0.00	0.00
FBC	17	27.93	22.14	21.63	28.30	0.00	0.00
FBC	18	27.81	22.25	21.74	28.20	0.00	0.00
FBC	19	27.81	22.24	21.75	28.21	0.00	0.00
FBC	20	27.80	22.26	21.74	28.21	0.00	0.00
FBC	21	27.71	22.34	21.79	28.15	0.00	0.00
FBC	22	27.73	22.31	21.78	28.18	0.00	0.00
FBC	23	27.73	22.30	21.76	28.21	0.00	0.00
FBC	24	27.62	22.43	21.88	28.07	0.00	0.00
FBC	25	27.63	22.40	21.84	28.13	0.00	0.00
FBC	26	27.65	22.40	21.83	28.12	0.00	0.00
FBC	27	27.55	22.47	21.92	28.06	0.00	0.00
FBC	28	27.58	22.46	21.88	28.08	0.00	0.00
FBC	29	27.58	22.47	21.88	28.08	0.00	0.00
FBC	30	27.46	22.55	21.96	28.02	0.00	0.00
FBC	31	27.48	22.56	21.96	28.01	0.00	0.00
FBC	32	27.48	22.56	21.95	28.02	0.00	0.00
FBC	33	27.39	22.65	22.01	27.95	0.00	0.00
FBC	34	27.43	22.61	21.97	27.99	0.00	0.00
FBC	35	27.42	22.60	21.99	27.99	0.00	0.00
FBC	36	27.36	22.68	22.03	27.94	0.00	0.00
FBC	37	27.39	22.63	21.99	27.98	0.00	0.00
FBC	38	27.38	22.63	21.98	28.00	0.00	0.00
FBC	39	27.32	22.70	22.03	27.94	0.00	0.00
FBC	40	27.35	22.65	22.01	27.98	0.00	0.00
FBC	41	27.35	22.67	22.01	27.98	0.00	0.00
FBC	42	27.29	22.72	22.07	27.91	0.00	0.00
FBC	43	27.31	22.71	22.03	27.95	0.00	0.00
FBC	44	27.31	22.71	22.03	27.95	0.00	0.00
FBC	45	27.24	22.77	22.10	27.89	0.00	0.00
FBC	46	27.26	22.75	22.06	27.93	0.00	0.00
FBC	47	27.27	22.76	22.05	27.92	0.00	0.00
FBC	48	27.22	22.80	22.10	27.89	0.00	0.00
FBC	49	27.23	22.79	22.08	27.90	0.00	0.00
FBC	50	27.25	22.75	22.06	27.93	0.00	0.00
FBC	51	27.17	22.84	22.13	27.86	0.00	0.00
FBC	52	27.19	22.84	22.09	27.88	0.00	0.00
FBC	53	27.21	22.80	22.08	27.91	0.00	0.00
FBC	54	27.13	22.87	22.13	27.86	0.00	0.00
FBC	55	27.19	22.82	22.10	27.90	0.00	0.00
FBC	56	27.18	22.83	22.12	27.87	0.00	0.00
FBC	57	27.12	22.88	22.14	27.86	0.00	0.00
FBC	58	27.15	22.88	22.11	27.86	0.00	0.00
FBC	59	27.16	22.86	22.10	27.87	0.00	0.00
FBC	60	27.09	22.92	22.17	27.82	0.00	0.00
FBC	61	27.10	22.90	22.15	27.85	0.00	0.00
FBC	62	27.11	22.89	22.14	27.86	0.00	0.00
FBC	63	27.08	22.94	22.18	27.80	0.00	0.00
FBC	64	27.08	22.92	22.16	27.84	0.00	0.00
FBC	65	27.08	22.93	22.15	27.84	0.00	0.00
FBC	66	27.03	22.99	22.21	27.78	0.00	0.00
FBC	67	27.07	22.95	22.18	27.80	0.00	0.00
FBC	68	27.05	22.96	22.18	27.81	0.00	0.00
FBC	69	27.01	23.00	22.20	27.78	0.00	0.00
FBC	70	27.05	22.99	22.19	27.78	0.00	0.00
FBC	71	27.03	23.00	22.18	27.79	0.00	0.00
FBC	72	26.97	23.03	22.24	27.76	0.00	0.00
FBC	73	27.01	22.99	22.21	27.79	0.00	0.00
FBC	74	27.02	23.00	22.20	27.78	0.00	0.00
FBC	75	26.96	23.05	22.26	27.73	0.00	0.00
FBC	76	26.98	23.02	22.25	27.75	0.00	0.00
FBC	77	26.99	23.03	22.23	27.76	0.00	0.00
FBC	78	26.95	23.08	22.25	27.72	0.00	0.00
FBC	79	26.96	23.06	22.25	27.73	0.00	0.00
FBC	80	26.96	23.05	22.24	27.75	0.00	0.00
FBC	81	26.92	23.11	22.29	27.69	0.00	0.00
FBC	82	26.94	23.07	22.27	27.72	0.00	0.00
FBC	83	26.94	23.06	22.27	27.73	0.00	0.00
FBC	84	26.86	23.14	22.32	27.67	0.00	0.00
FBC	85	26.91	23.12	22.30	27.67	0.00	0.00
FBC	86	26.91	23.11	22.29	27.69	0.00	0.00
FBC	87	26.88	23.16	22.32	27.63	0.00	0.00
FBC	88	26.87	23.13	22.31	27.68	0.00	0.00
FBC	89	26.88	23.15	22.31	27.66	0.00	0.00
FBC	90	26.84	23.19	22.36	27.61	0.00	0.00
FBC	91	26.85	23.16	22.35	27.63	0.00	0.00
FBC	92	26.85	23.16	22.35	27.63	0.00	0.00
FBC	93	26.80	23.22	22.38	27.60	0.00	0.00
FBC	94	26.81	23.21	22.37	27.61	0.00	0.00
FBC	95	26.80	23.22	22.38	27.60	0.00	0.00
FBC	96	26.77	23.25	22.43	27.55	0.00	0.00
FBC	97	26.79	23.22	22.40	27.58	0.00	0.00
FBC	98	26.77	23.26	22.41	27.56	0.00	0.00
FBC	99	26.73	23.30	22.43	27.53	0.00	0.00
FBC	100	26.72	23.30	22.46	27.53	0.00	0.00
# ACGT raw counters for first fragments. Use `grep ^FTC | cut -f 2-` to extract this part. The columns are: A,C,G,T,N base counters
FTC	815758846	675934585	655856941	834449352	13542
# ACGT content per cycle for last fragments. Use `grep ^LBC | cut -f 2-` to extract this part. The columns are: cycle; A,C,G,T base counts as a percentage of all A/C/G/T bases [%]; and N and O counts as a percentage of all A/C/G/T bases [%]
LBC	1	29.61	20.04	20.13	30.21	0.00	0.00
LBC	2	28.41	21.63	21.07	28.89	0.00	0.00
LBC	3	27.59	22.40	21.96	28.05	0.00	0.00
LBC	4	27.65	22.28	21.96	28.11	0.00	0.00
LBC	5	28.63	21.35	20.99	29.04	0.00	0.00
LBC	6	27.86	22.14	21.80	28.21	0.00	0.00
LBC	7	27.65	22.37	21.99	27.99	0.00	0.00
LBC	8	28.41	21.60	21.23	28.76	0.00	0.00
LBC	9	28.17	21.85	21.46	28.52	0.00	0.00
LBC	10	28.04	22.01	21.57	28.38	0.00	0.00
LBC	11	28.15	21.88	21.45	28.51	0.00	0.00
LBC	12	28.06	21.98	21.54	28.43	0.00	0.00
LBC	13	28.20	21.84	21.40	28.56	0.00	0.00
LBC	14	28.08	21.97	21.49	28.46	0.00	0.00
LBC	15	28.00	22.06	21.58	28.35	0.00	0.00
LBC	16	28.00	22.06	21.58	28.36	0.00	0.00
LBC	17	27.94	22.11	21.63	28.32	0.00	0.00
LBC	18	27.83	22.23	21.74	28.20	0.00	0.00
LBC	19	27.82	22.22	21.73	28.22	0.00	0.00
LBC	20	27.81	22.26	21.71	28.22	0.00	0.00
LBC	21	27.74	22.31	21.80	28.15	0.00	0.00
LBC	22	27.76	22.28	21.76	28.20	0.00	0.00
LBC	23	27.76	22.30	21.75	28.18	0.00	0.00
LBC	24	27.60	22.44	21.89	28.07	0.00	0.00
LBC	25	27.64	22.39	21.84	28.13	0.00	0.00
LBC	26	27.62	22.41	21.85	28.12	0.00	0.00
LBC	27	27.52	22.51	21.95	28.03	0.00	0.00
LBC	28	27.57	22.47	21.91	28.05	0.00	0.00
LBC	29	27.56	22.49	21.90	28.04	0.00	0.00
LBC	30	27.46	22.58	22.00	27.97	0.00	0.00
LBC	31	27.45	22.59	21.98	27.98	0.00	0.00
LBC	32	27.44	22.60	21.99	27.98	0.00	0.00
LBC	33	27.37	22.67	22.06	27.90	0.00	0.00
LBC	34	27.41	22.63	22.00	27.96	0.00	0.00
LBC	35	27.38	22.65	22.01	27.96	0.00	0.00
LBC	36	27.31	22.70	22.09	27.91	0.00	0.00
LBC	37	27.35	22.65	22.02	27.98	0.00	0.00
LBC	38	27.35	22.67	22.01	27.97	0.00	0.00
LBC	39	27.28	22.74	22.08	27.90	0.00	0.00
LBC	40	27.34	22.69	22.02	27.95	0.00	0.00
LBC	41	27.32	22.71	22.03	27.95	0.00	0.00
LBC	42	27.25	22.77	22.11	27.87	0.00	0.00
LBC	43	27.29	22.73	22.06	27.92	0.00	0.00
LBC	44	27.27	22.74	22.05	27.93	0.00	0.00
LBC	45	27.20	22.82	22.14	27.85	0.00	0.00
LBC	46	27.22	22.78	22.10	27.90	0.00	0.00
LBC	47	27.23	22.80	22.08	27.89	0.00	0.00
LBC	48	27.18	22.83	22.15	27.85	0.00	0.00
LBC	49	27.19	22.82	22.12	27.88	0.00	0.00
LBC	50	27.22	22.80	22.09	27.89	0.00	0.00
LBC	51	27.13	22.87	22.17	27.83	0.00	0.00
LBC	52	27.16	22.86	22.13	27.85	0.00	0.00
LBC	53	27.17	22.83	22.13	27.87	0.00	0.00
LBC	54	27.11	22.89	22.18	27.81	0.00	0.00
LBC	55	27.17	22.84	22.14	27.85	0.00	0.00
LBC	56	27.13	22.88	22.14	27.85	0.00	0.00
LBC	57	27.10	22.91	22.18	27.81	0.00	0.00
LBC	58	27.11	22.90	22.15	27.83	0.00	0.00
LBC	59	27.11	22.90	22.16	27.83	0.00	0.00
LBC	60	27.03	22.96	22.24	27.77	0.00	0.00
LBC	61	27.06	22.94	22.18	27.81	0.00	0.00
LBC	62	27.05	22.96	22.19	27.80	0.00	0.00
LBC	63	27.00	23.01	22.25	27.74	0.00	0.00
LBC	64	27.04	22.96	22.23	27.77	0.00	0.00
LBC	65	27.03	23.00	22.22	27.75	0.00	0.00
LBC	66	26.95	23.06	22.26	27.72	0.00	0.00
LBC	67	26.98	23.04	22.25	27.73	0.00	0.00
LBC	68	26.97	23.02	22.25	27.75	0.00	0.00
LBC	69	26.94	23.08	22.29	27.69	0.00	0.00
LBC	70	26.96	23.04	22.27	27.74	0.00	0.00
LBC	71	26.95	23.08	22.28	27.69	0.00	0.00
LBC	72	26.89	23.13	22.33	27.65	0.00	0.00
LBC	73	26.93	23.08	22.29	27.70	0.00	0.00
LBC	74	26.91	23.10	22.31	27.68	0.00	0.00
LBC	75	26.84	23.17	22.37	27.61	0.00	0.00
LBC	76	26.88	23.13	22.35	27.64	0.00	0.00
LBC	77	26.87	23.14	22.34	27.64	0.00	0.00
LBC	78	26.81	23.20	22.38	27.61	0.00	0.00
LBC	79	26.83	23.16	22.38	27.62	0.00	0.00
LBC	80	26.83	23.18	22.37	27.61	0.00	0.00
LBC	81	26.77	23.23	22.44	27.56	0.00	0.00
LBC	82	26.78	23.21	22.43	27.58	0.00	0.00
LBC	83	26.78	23.21	22.42	27.59	0.00	0.00
LBC	84	26.71	23.29	22.50	27.50	0.00	0.00
LBC	85	26.75	23.24	22.45	27.55	0.00	0.00
LBC	86	26.75	23.26	22.46	27.53	0.00	0.00
LBC	87	26.70	23.31	22.50	27.49	0.00	0.00
LBC	88	26.72	23.28	22.49	27.51	0.00	0.00
LBC	89	26.69	23.33	22.50	27.48	0.00	0.00
LBC	90	26.64	23.37	22.56	27.43	0.00	0.00
LBC	91	26.66	23.35	22.55	27.45	0.00	0.00
LBC	92	26.66	23.34	22.54	27.46	0.00	0.00
LBC	93	26.59	23.43	22.59	27.39	0.00	0.00
LBC	94	26.60	23.41	22.60	27.39	0.00	0.00
LBC	95	26.58	23.44	22.60	27.38	0.00	0.00
LBC	96	26.53	23.49	22.65	27.33	0.19	0.00
LBC	97	26.57	23.44	22.63	27.36	0.27	0.00
LBC	98	26.53	23.47	22.65	27.35	0.27	0.00
LBC	99	26.49	23.53	22.70	27.28	0.23	0.00
LBC	100	26.49	23.53	22.70	27.28	0.19	0.00
# ACGT raw counters for last fragments. Use `grep ^LTC | cut -f 2-` to extract this part. The columns are: A,C,G,T,N base counters
LTC	813152656	678124146	658404235	831988292	343937
# Insert sizes. Use `grep ^IS | cut -f 2-` to extract this part. The columns are: insert size, pairs total, inward oriented pairs, outward oriented pairs, other pairs
IS	0	239	0	5	234
IS	1	0	0	0	0
IS	2	51	0	31	20
IS	3	35	0	21	14
IS	4	31	0	27	4
IS	5	33	0	25	8
IS	6	29	0	24	5
IS	7	40	0	33	7
IS	8	23	0	23	0
IS	9	30	0	29	1
IS	10	21	0	20	1
IS	11	33	0	32	1
IS	12	27	0	27	0
IS	13	39	0	38	1
IS	14	46	0	45	1
IS	15	40	0	40	0
IS	16	43	0	43	0
IS	17	43	0	43	0
IS	18	64	0	63	1
IS	19	827	717	110	0
IS	20	468	399	68	1
IS	21	205	150	55	0
IS	22	152	93	59	0
IS	23	136	88	48	0
IS	24	84	27	57	0
IS	25	79	19	60	0
IS	26	93	20	73	0
IS	27	86	25	61	0
IS	28	79	31	48	0
IS	29	76	20	56	0
IS	30	71	21	50	0
IS	31	68	29	39	0
IS	32	63	29	34	0
IS	33	89	42	46	1
IS	34	108	49	59	0
IS	35	88	33	54	1
IS	36	98	43	55	0
IS	37	153	72	81	0
IS	38	148	62	85	1
IS	39	152	67	85	0
IS	40	139	60	79	0
IS	41	109	53	56	0
IS	42	139	63	76	0
IS	43	129	57	71	1
IS	44	142	63	78	1
IS	45	157	77	79	1
IS	46	132	74	58	0
IS	47	152	96	56	0
IS	48	139	85	54	0
IS	49	164	88	76	0
IS	50	145	77	68	0
IS	51	164	93	71	0
IS	52	134	67	67	0
IS	53	162	83	78	1
IS	54	156	80	75	1
IS	55	150	82	68	0
IS	56	173	96	76	1
IS	57	160	84	76	0
IS	58	162	86	73	3
IS	59	165	88	74	3
IS	60	168	101	64	3
IS	61	213	109	104	0
IS	62	216	122	88	6
IS	63	229	138	90	1
IS	64	255	153	101	1
IS	65	235	134	98	3
IS	66	216	115	96	5
IS	67	243	145	94	4
IS	68	256	143	112	1
IS	69	276	177	95	4
IS	70	268	185	83	0
IS	71	271	181	84	6
IS	72	312	209	102	1
IS	73	333	233	95	5
IS	74	317	235	79	3
IS	75	370	262	107	1
IS	76	333	260	70	3
IS	77	355	272	78	5
IS	78	398	311	83	4
IS	79	392	312	78	2
IS	80	386	309	71	6
IS	81	435	362	70	3
IS	82	470	411	56	3
IS	83	522	445	74	3
IS	84	550	477	65	8
IS	85	564	513	47	4
IS	86	667	597	66	4
IS	87	691	633	55	3
IS	88	787	728	55	4
IS	89	818	763	53	2
IS	90	899	839	58	2
IS	91	986	928	55	3
IS	92	1121	1063	52	6
IS	93	1295	1221	72	2
IS	94	1290	1211	75	4
IS	95	1410	1357	48	5
IS	96	1567	1503	58	6
IS	97	1642	1560	77	5
IS	98	1843	1769	68	6
IS	99	2024	1896	121	7
IS	100	2272	2259	10	3
IS	101	2432	2418	12	2
IS	102	2615	2600	9	6
IS	103	2912	2899	7	6
IS	104	3236	3227	5	4
IS	105	3530	3523	4	3
IS	106	3863	3855	2	6
IS	107	4146	4131	7	8
IS	108	4535	4525	5	5
IS	109	4899	4894	4	1
IS	110	5319	5309	2	8
IS	111	5873	5867	3	3
IS	112	6358	6344	6	8
IS	113	7013	7004	5	4
IS	114	7533	7524	3	6
IS	115	8053	8045	3	5
IS	116	8795	8788	3	4
IS	117	9493	9487	4	2
IS	118	10060	10056	1	3
IS	119	11087	11078	4	5
IS	120	11858	11852	3	3
IS	121	12764	12759	2	3
IS	122	13705	13695	6	4
IS	123	14669	14659	7	3
IS	124	15782	15768	4	10
IS	125	16849	16843	2	4
IS	126	17999	17986	9	4
IS	127	19179	19173	2	4
IS	128	20683	20677	3	3
IS	129	22582	22579	0	3
IS	130	23638	23629	3	6
IS	131	25534	25527	2	5
IS	132	26747	26738	4	5
IS	133	28271	28267	3	1
IS	134	30077	30074	2	1
IS	135	32287	32279	4	4
IS	136	33790	33781	5	4
IS	137	35892	35886	4	2
IS	138	37883	37879	2	2
IS	139	40361	40352	4	5
IS	140	42500	42491	4	5
IS	141	44618	44615	2	1
IS	142	46555	46551	1	3
IS	143	49201	49194	4	3
IS	144	51537	51529	4	4
IS	145	54320	54307	2	11
IS	146	56592	56583	2	7
IS	147	59770	59754	5	11
IS	148	62316	62302	13	1
IS	149	65078	65074	3	1
IS	150	67978	67974	2	2
IS	151	71101	71090	7	4
IS	152	73820	73815	1	4
IS	153	77198	77186	7	5
IS	154	79617	79610	5	2
IS	155	83097	83088	5	4
IS	156	86353	86347	2	4
IS	157	89465	89456	5	4
IS	158	92995	92987	6	2
IS	159	96210	96201	8	1
IS	160	99477	99470	5	2
IS	161	103036	103028	6	2
IS	162	106352	106341	7	4
IS	163	109605	109594	6	5
IS	164	113091	113083	4	4
IS	165	115609	115596	9	4
IS	166	119514	119510	1	3
IS	167	123534	123527	3	4
IS	168	126479	126473	2	4
IS	169	130388	130383	5	0
IS	170	133531	133524	4	3
IS	171	136739	136726	5	8
IS	172	139836	139831	3	2
IS	173	143277	143271	3	3
IS	174	145030	145019	9	2
IS	175	149219	149213	2	4
IS	176	151512	151501	6	5
IS	177	154826	154820	1	5
IS	178	157882	157880	1	1
IS	179	160879	160871	5	3
IS	180	162823	162814	6	3
IS	181	166413	166402	8	3
IS	182	168389	168381	6	2
IS	183	170551	170543	4	4
IS	184	173084	173078	4	2
IS	185	175538	175532	5	1
IS	186	177840	177832	3	5
IS	187	180117	180112	4	1
IS	188	182384	182379	4	1
IS	189	183910	183897	8	5
IS	190	186511	186500	7	4
IS	191	187648	187643	3	2
IS	192	189455	189450	3	2
IS	193	192096	192090	4	2
IS	194	193573	193567	5	1
IS	195	193791	193785	4	2
IS	196	195311	195304	5	2
IS	197	195670	195664	3	3
IS	198	198395	198387	4	4
IS	199	199069	199061	3	5
IS	200	199695	199686	6	3
IS	201	200134	200128	4	2
IS	202	200784	200782	0	2
IS	203	202924	202917	4	3
IS	204	203078	203072	5	1
IS	205	203979	203972	2	5
IS	206	203878	203876	1	1
IS	207	204519	204513	3	3
IS	208	204138	204131	5	2
IS	209	204946	204939	3	4
IS	210	204601	204591	5	5
IS	211	205397	205389	3	5
IS	212	205409	205403	4	2
IS	213	205403	205393	3	7
IS	214	205594	205591	2	1
IS	215	204092	204088	2	2
IS	216	204341	204333	4	4
IS	217	203830	203821	5	4
IS	218	202694	202684	3	7
IS	219	203322	203319	1	2
IS	220	202545	202540	1	4
IS	221	201634	201632	0	2
IS	222	201088	201079	5	4
IS	223	201285	201281	4	0
IS	224	200273	200268	1	4
IS	225	198344	198337	1	6
IS	226	196822	196811	5	6
IS	227	196421	196420	0	1
IS	228	196142	196140	1	1
IS	229	195089	195080	5	4
IS	230	194607	194604	1	2
IS	231	192344	192341	0	3
IS	232	191638	191629	3	6
IS	233	190440	190439	0	1
IS	234	189201	189193	5	3
IS	235	187431	187420	3	8
IS	236	187109	187106	0	3
IS	237	185177	185175	2	0
IS	238	184272	184266	4	2
IS	239	183349	183343	1	5
IS	240	181780	181775	0	5
IS	241	180069	180069	0	0
IS	242	178155	178152	2	1
IS	243	176838	176835	1	2
IS	244	175137	175133	1	3
IS	245	174004	173998	1	5
IS	246	172237	172234	1	2
IS	247	170141	170137	1	3
IS	248	169882	169880	0	2
IS	249	168609	168603	3	3
IS	250	166169	166163	0	6
IS	251	164460	164455	0	5
IS	252	162701	162697	0	4
IS	253	162115	162112	0	3
IS	254	159904	159899	1	4
IS	255	158392	158387	0	5
IS	256	156809	156807	1	1
IS	257	154655	154647	3	5
IS	258	153288	153287	0	1
IS	259	151492	151488	1	3
IS	260	149913	149912	0	1
IS	261	147975	147968	1	6
IS	262	146494	146492	2	0
IS	263	145847	145842	2	3
IS	264	143038	143033	0	5
IS	265	140508	140501	0	7
IS	266	139627	139624	2	1
IS	267	138192	138190	1	1
IS	268	136232	136226	1	5
IS	269	134767	134760	2	5
IS	270	132422	132416	1	5
IS	271	131891	131887	2	2
IS	272	129627	129619	1	7
IS	273	127702	127695	1	6
IS	274	126613	126605	0	8
IS	275	125103	125099	0	4
IS	276	122499	122497	1	1
IS	277	121268	121262	2	4
IS	278	119352	119345	2	5
IS	279	118743	118736	1	6
IS	280	116955	116949	0	6
IS	281	114629	114625	1	3
IS	282	113455	113451	0	4
IS	283	111294	111287	2	5
IS	284	110719	110715	0	4
IS	285	108674	108672	0	2
IS	286	107503	107497	1	5
IS	287	106074	106067	3	4
IS	288	104350	104344	0	6
IS	289	102915	102909	0	6
IS	290	101125	101117	1	7
IS	291	100080	100065	3	12
IS	292	98421	98416	0	5
IS	293	96633	96624	0	9
IS	294	95376	95373	1	2
IS	295	94800	94791	2	7
IS	296	93208	93202	2	4
IS	297	90776	90773	1	2
IS	298	90437	90429	1	7
IS	299	88575	88573	0	2
IS	300	87163	87160	2	1
IS	301	85882	85874	0	8
IS	302	84308	84304	0	4
IS	303	83744	83736	1	7
IS	304	81971	81968	0	3
IS	305	80637	80630	1	6
IS	306	79087	79082	1	4
IS	307	78258	78254	1	3
IS	308	77423	77418	2	3
IS	309	75866	75857	1	8
IS	310	74299	74295	0	4
IS	311	73185	73178	3	4
IS	312	72082	72078	1	3
IS	313	70397	70392	1	4
IS	314	69899	69889	2	8
IS	315	68813	68808	0	5
IS	316	67983	67979	0	4
IS	317	66591	66586	1	4
IS	318	65749	65739	0	10
IS	319	64050	64046	0	4
IS	320	63038	63029	1	8
IS	321	62061	62052	2	7
IS	322	61679	61672	0	7
IS	323	60138	60128	3	7
IS	324	59216	59214	0	2
IS	325	58223	58213	3	7
IS	326	56604	56600	0	4
IS	327	56413	56407	2	4
IS	328	55827	55819	2	6
IS	329	54722	54718	0	4
IS	330	53121	53114	2	5
IS	331	52636	52627	0	9
IS	332	51611	51605	1	5
IS	333	51210	51206	1	3
IS	334	50206	50201	1	4
IS	335	49355	49350	1	4
IS	336	48466	48463	0	3
IS	337	47477	47469	3	5
IS	338	46648	46640	1	7
IS	339	45730	45725	2	3
IS	340	44931	44929	0	2
IS	341	43939	43930	1	8
IS	342	43446	43436	1	9
IS	343	42915	42905	1	9
IS	344	41990	41984	1	5
IS	345	41135	41128	1	6
IS	346	40515	40512	1	2
IS	347	39417	39412	0	5
IS	348	38837	38833	0	4
IS	349	38377	38373	0	4
IS	350	37920	37919	0	1
IS	351	37089	37085	0	4
IS	352	36399	36393	3	3
IS	353	35552	35548	1	3
IS	354	35524	35516	5	3
IS	355	34530	34523	0	7
IS	356	34091	34088	0	3
IS	357	33437	33432	0	5
IS	358	32557	32553	1	3
IS	359	32419	32408	2	9
IS	360	31535	31530	1	4
IS	361	31029	31022	2	5
IS	362	30069	30064	1	4
IS	363	29877	29868	1	8
IS	364	29155	29152	0	3
IS	365	28871	28866	1	4
IS	366	28196	28188	3	5
IS	367	27277	27267	1	9
IS	368	27158	27154	0	4
IS	369	26481	26475	0	6
IS	370	26390	26379	2	9
IS	371	25982	25970	2	10
IS	372	25220	25215	1	4
IS	373	24747	24738	0	9
IS	374	24280	24272	4	4
IS	375	23818	23814	1	3
IS	376	23382	23374	1	7
IS	377	22996	22986	1	9
IS	378	22710	22703	1	6
IS	379	22160	22153	4	3
IS	380	21995	21987	1	7
IS	381	21342	21334	4	4
IS	382	21248	21237	2	9
IS	383	20456	20449	4	3
IS	384	20104	20100	1	3
IS	385	20038	20032	5	1
IS	386	19752	19747	1	4
IS	387	19241	19233	5	3
IS	388	19208	19198	2	8
IS	389	18470	18462	4	4
IS	390	18153	18149	1	3
IS	391	17517	17511	2	4
IS	392	17509	17503	1	5
IS	393	17042	17029	3	10
IS	394	16601	16600	0	1
IS	395	16344	16333	8	3
IS	396	16227	16215	5	7
IS	397	15872	15867	3	2
IS	398	15533	15529	0	4
IS	399	15110	15106	1	3
IS	400	14887	14879	1	7
IS	401	14790	14785	1	4
IS	402	14385	14381	1	3
IS	403	14241	14229	2	10
IS	404	13819	13805	8	6
IS	405	13657	13648	3	6
IS	406	13255	13245	2	8
IS	407	13132	13127	1	4
IS	408	12958	12955	1	2
IS	409	12548	12539	1	8
IS	410	12387	12381	2	4
IS	411	12278	12273	1	4
IS	412	12023	12014	5	4
IS	413	11830	11822	2	6
IS	414	11659	11646	3	10
IS	415	11165	11157	2	6
IS	416	11099	11089	0	10
IS	417	10857	10848	4	5
IS	418	10649	10641	1	7
IS	419	10304	10300	1	3
IS	420	10238	10228	3	7
IS	421	10167	10163	0	4
IS	422	9783	9777	2	4
IS	423	9661	9653	1	7
IS	424	9435	9425	4	6
IS	425	9406	9404	0	2
IS	426	9064	9058	1	5
IS	427	8729	8721	2	6
IS	428	8826	8824	0	2
IS	429	8571	8567	0	4
IS	430	8443	8435	0	8
IS	431	8203	8190	1	12
IS	432	8116	8107	2	7
IS	433	7924	7915	0	9
IS	434	7741	7733	1	7
IS	435	7666	7665	0	1
IS	436	7513	7505	1	7
IS	437	7473	7464	0	9
IS	438	7178	7175	0	3
IS	439	7177	7169	0	8
IS	440	6949	6942	1	6
IS	441	6831	6825	3	3
IS	442	6745	6734	0	11
IS	443	6556	6551	0	5
IS	444	6562	6553	2	7
IS	445	6199	6195	1	3
IS	446	6131	6124	3	4
IS	447	6099	6093	1	5
IS	448	5785	5779	0	6
IS	449	5877	5869	2	6
IS	450	5887	5884	0	3
IS	451	5548	5544	0	4
IS	452	5459	5454	0	5
IS	453	5360	5357	0	3
IS	454	5347	5340	1	6
IS	455	5309	5304	0	5
IS	456	5096	5090	1	5
IS	457	4962	4958	1	3
IS	458	4949	4942	2	5
# Read lengths. Use `grep ^RL | cut -f 2-` to extract this part. The columns are: read length, count
RL	31	4052
RL	32	3730
RL	33	3324
RL	34	3178
RL	35	2938
RL	36	2774
RL	37	2562
RL	38	2574
RL	39	2242
RL	40	2078
RL	41	2030
RL	42	1906
RL	43	1774
RL	44	1818
RL	45	1712
RL	46	1606
RL	47	1624
RL	48	1502
RL	49	1392
RL	50	1304
RL	51	1440
RL	52	1388
RL	53	1470
RL	54	1394
RL	55	1466
RL	56	1430
RL	57	1410
RL	58	1508
RL	59	1420
RL	60	1422
RL	61	1588
RL	62	1472
RL	63	1412
RL	64	1572
RL	65	1536
RL	66	1596
RL	67	1536
RL	68	1554
RL	69	1548
RL	70	1524
RL	71	1626
RL	72	1696
RL	73	1672
RL	74	1584
RL	75	1674
RL	76	1606
RL	77	1692
RL	78	1694
RL	79	1680
RL	80	1716
RL	81	1782
RL	82	1736
RL	83	1852
RL	84	1918
RL	85	1950
RL	86	2362
RL	87	2494
RL	88	2568
RL	89	2588
RL	90	2808
RL	91	2912
RL	92	3018
RL	93	3344
RL	94	3430
RL	95	3610
RL	96	3782
RL	97	4016
RL	98	4422
RL	99	4600
RL	100	59541306
# Read lengths - first fragments. Use `grep ^FRL | cut -f 2-` to extract this part. The columns are: read length, count
FRL	31	2026
FRL	32	1865
FRL	33	1662
FRL	34	1589
FRL	35	1469
FRL	36	1387
FRL	37	1281
FRL	38	1287
FRL	39	1121
FRL	40	1039
FRL	41	1015
FRL	42	953
FRL	43	887
FRL	44	909
FRL	45	856
FRL	46	803
FRL	47	812
FRL	48	751
FRL	49	696
FRL	50	652
FRL	51	720
FRL	52	694
FRL	53	735
FRL	54	697
FRL	55	733
FRL	56	715
FRL	57	705
FRL	58	754
FRL	59	710
FRL	60	711
FRL	61	794
FRL	62	736
FRL	63	706
FRL	64	786
FRL	65	768
FRL	66	798
FRL	67	768
FRL	68	777
FRL	69	774
FRL	70	762
FRL	71	813
FRL	72	848
FRL	73	836
FRL	74	792
FRL	75	837
FRL	76	803
FRL	77	846
FRL	78	847
FRL	79	840
FRL	80	858
FRL	81	891
FRL	82	868
FRL	83	926
FRL	84	959
FRL	85	975
FRL	86	1181
FRL	87	1247
FRL	88	1284
FRL	89	1294
FRL	90	1404
FRL	91	1456
FRL	92	1509
FRL	93	1672
FRL	94	1715
FRL	95	1805
FRL	96	1891
FRL	97	2008
FRL	98	2211
FRL	99	2300
FRL	100	29770653
# Read lengths - last fragments. Use `grep ^LRL | cut -f 2-` to extract this part. The columns are: read length, count
LRL	31	2026
LRL	32	1865
LRL	33	1662
LRL	34	1589
LRL	35	1469
LRL	36	1387
LRL	37	1281
LRL	38	1287
LRL	39	1121
LRL	40	1039
LRL	41	1015
LRL	42	953
LRL	43	887
LRL	44	909
LRL	45	856
LRL	46	803
LRL	47	812
LRL	48	751
LRL	49	696
LRL	50	652
LRL	51	720
LRL	52	694
LRL	53	735
LRL	54	697
LRL	55	733
LRL	56	715
LRL	57	705
LRL	58	754
LRL	59	710
LRL	60	711
LRL	61	794
LRL	62	736
LRL	63	706
LRL	64	786
LRL	65	768
LRL	66	798
LRL	67	768
LRL	68	777
LRL	69	774
LRL	70	762
LRL	71	813
LRL	72	848
LRL	73	836
LRL	74	792
LRL	75	837
LRL	76	803
LRL	77	846
LRL	78	847
LRL	79	840
LRL	80	858
LRL	81	891
LRL	82	868
LRL	83	926
LRL	84	959
LRL	85	975
LRL	86	1181
LRL	87	1247
LRL	88	1284
LRL	89	1294
LRL	90	1404
LRL	91	1456
LRL	92	1509
LRL	93	1672
LRL	94	1715
LRL	95	1805
LRL	96	1891
LRL	97	2008
LRL	98	2211
LRL	99	2300
LRL	100	29770653
# Mapping qualities for reads !(UNMAP|SECOND|SUPPL|QCFAIL|DUP). Use `grep ^MAPQ | cut -f 2-` to extract this part. The columns are: mapq, count
MAPQ	0	5201627
MAPQ	1	15000
MAPQ	2	7602
MAPQ	3	24346
MAPQ	4	11436
MAPQ	5	10834
MAPQ	6	14189
MAPQ	7	19873
MAPQ	8	12086
MAPQ	9	29226
MAPQ	10	23249
MAPQ	11	7927
MAPQ	12	15120
MAPQ	13	21245
MAPQ	14	9905
MAPQ	15	24440
MAPQ	16	16989
MAPQ	17	16028
MAPQ	18	13358
MAPQ	19	23819
MAPQ	20	45977
MAPQ	21	41389
MAPQ	22	80507
MAPQ	23	71426
MAPQ	24	97470
MAPQ	25	170668
MAPQ	26	13509
MAPQ	27	399309
MAPQ	28	6963
MAPQ	29	5017
MAPQ	30	8406
MAPQ	31	11872
MAPQ	32	3674
MAPQ	33	23262
MAPQ	34	7108
MAPQ	35	6146
MAPQ	36	8906
MAPQ	37	15791
MAPQ	38	9533
MAPQ	39	29855
MAPQ	40	510180
MAPQ	41	9027
MAPQ	42	23852
MAPQ	43	23348
MAPQ	44	21342
MAPQ	45	55646
MAPQ	46	37420
MAPQ	47	75816
MAPQ	48	89304
MAPQ	49	91426
MAPQ	50	327848
MAPQ	51	22832
MAPQ	52	40763
MAPQ	53	14277
MAPQ	54	20780
MAPQ	55	45604
MAPQ	56	4085
MAPQ	57	58592
MAPQ	58	4094
MAPQ	59	8950
MAPQ	60	51585659
# Indel distribution. Use `grep ^ID | cut -f 2-` to extract this part. The columns are: length, number of insertions, number of deletions
ID	1	131075	198288
ID	2	32046	49223
ID	3	15666	22739
ID	4	14622	19499
ID	5	10555	7691
ID	6	3591	5514
ID	7	1299	1522
ID	8	1847	3183
ID	9	1036	1331
ID	10	1519	1904
ID	11	404	677
ID	12	678	1451
ID	13	178	541
ID	14	474	610
ID	15	208	906
ID	16	246	584
ID	17	64	217
ID	18	197	330
ID	19	81	140
ID	20	71	208
ID	21	73	124
ID	22	15	156
ID	23	31	129
ID	24	8	139
ID	25	6	46
ID	26	9	45
ID	27	0	26
ID	28	0	65
ID	29	2	11
ID	30	0	79
ID	31	0	2
ID	32	0	15
ID	33	0	8
ID	34	0	15
ID	35	0	7
ID	36	0	15
ID	37	0	1
ID	38	0	4
ID	40	0	5
ID	42	0	2
ID	44	0	1
# Indels per cycle. Use `grep ^IC | cut -f 2-` to extract this part. The columns are: cycle, number of insertions (fwd), .. (rev) , number of deletions (fwd), .. (rev)
IC	3	0	0	759	789
IC	4	635	667	848	910
IC	5	768	796	898	952
IC	6	794	822	1001	1018
IC	7	897	918	1090	1164
IC	8	857	945	1290	1379
IC	9	1052	974	1304	1454
IC	10	1061	1001	1468	1386
IC	11	1028	971	1512	1516
IC	12	1063	1138	1494	1610
IC	13	1113	1121	1566	1621
IC	14	1212	1159	1600	1703
IC	15	1186	1150	1599	1615
IC	16	1262	1235	1683	1822
IC	17	1324	1269	1646	1725
IC	18	1248	1258	1698	1713
IC	19	1370	1281	1790	1903
IC	20	1320	1349	1845	1885
IC	21	1316	1319	1908	1967
IC	22	1295	1260	1976	1866
IC	23	1333	1340	1856	1782
IC	24	1287	1266	1868	1810
IC	25	1307	1244	1814	1834
IC	26	1346	1344	1820	1904
IC	27	1406	1345	1827	1852
IC	28	1287	1311	1847	1845
IC	29	1361	1234	1812	1795
IC	30	1304	1266	1782	1786
IC	31	1271	1353	1775	1920
IC	32	1331	1245	1674	1791
IC	33	1230	1246	1799	1783
IC	34	1281	1236	1764	1800
IC	35	1274	1221	1783	1768
IC	36	1251	1283	1875	1662
IC	37	1223	1212	1715	1748
IC	38	1255	1207	1780	1708
IC	39	1258	1188	1749	1682
IC	40	1165	1190	1761	1716
IC	41	1202	1193	1709	1784
IC	42	1305	1299	1770	1716
IC	43	1281	1294	1768	1705
IC	44	1219	1175	1707	1736
IC	45	1226	1156	1822	1711
IC	46	1286	1264	1831	1756
IC	47	1217	1227	1847	1721
IC	48	1269	1246	1830	1691
IC	49	1262	1238	1775	1667
IC	50	1238	1170	1745	1662
IC	51	1252	1200	1846	1653
IC	52	1270	1271	1794	1764
IC	53	1248	1219	1807	1711
IC	54	1166	1202	1728	1772
IC	55	1204	1186	1708	1738
IC	56	1206	1190	1802	1696
IC	57	1245	1149	1813	1695
IC	58	1230	1162	1776	1742
IC	59	1232	1191	1824	1809
IC	60	1251	1190	1941	1872
IC	61	1316	1341	1954	1850
IC	62	1203	1197	1966	1914
IC	63	1241	1102	1933	1867
IC	64	1204	1151	1928	1820
IC	65	1220	1110	1935	1830
IC	66	1194	1173	1888	1838
IC	67	1188	1169	1944	1875
IC	68	1172	1088	1941	1909
IC	69	1142	1164	1998	1775
IC	70	1095	1123	1925	1739
IC	71	1151	1117	1984	1796
IC	72	1131	1163	1856	1872
IC	73	1175	1114	1865	1729
IC	74	1101	1082	1892	1734
IC	75	1124	1038	1902	1710
IC	76	1073	989	1883	1777
IC	77	1042	1054	1915	1731
IC	78	1053	1037	1778	1763
IC	79	1054	1071	1777	1739
IC	80	1008	1054	1695	1584
IC	81	985	967	1781	1648
IC	82	958	1008	1718	1634
IC	83	984	938	1623	1557
IC	84	945	934	1589	1594
IC	85	944	983	1518	1504
IC	86	854	892	1476	1512
IC	87	857	936	1472	1479
IC	88	794	860	1365	1353
IC	89	805	836	1375	1325
IC	90	705	850	1375	1314
IC	91	704	907	1336	1249
IC	92	626	911	1266	1365
IC	93	599	872	1143	1159
IC	94	653	1121	1154	1357
IC	95	818	1618	1183	1674
IC	96	829	2245	1148	1995
IC	97	985	3488	1088	2408
IC	99	0	0	1	0
# Coverage distribution. Use `grep ^COV | cut -f 2-` to extract this part.
COV	[1-1]	1	425191844
COV	[2-2]	2	102266236
COV	[3-3]	3	24529412
COV	[4-4]	4	10813430
COV	[5-5]	5	6404578
COV	[6-6]	6	4918128
COV	[7-7]	7	4129787
COV	[8-8]	8	3616429
COV	[9-9]	9	3243034
COV	[10-10]	10	2954035
COV	[11-11]	11	2717778
COV	[12-12]	12	2512460
COV	[13-13]	13	2352326
COV	[14-14]	14	2214144
COV	[15-15]	15	2081470
COV	[16-16]	16	1968247
COV	[17-17]	17	1870100
COV	[18-18]	18	1781383
COV	[19-19]	19	1706500
COV	[20-20]	20	1629469
COV	[21-21]	21	1564292
COV	[22-22]	22	1506210
COV	[23-23]	23	1446825
COV	[24-24]	24	1392535
COV	[25-25]	25	1348563
COV	[26-26]	26	1304809
COV	[27-27]	27	1261494
COV	[28-28]	28	1221896
COV	[29-29]	29	1182813
COV	[30-30]	30	1150928
COV	[31-31]	31	1119928
COV	[32-32]	32	1085253
COV	[33-33]	33	1058780
COV	[34-34]	34	1028030
COV	[35-35]	35	999226
COV	[36-36]	36	975163
COV	[37-37]	37	947313
COV	[38-38]	38	923006
COV	[39-39]	39	901797
COV	[40-40]	40	882245
COV	[41-41]	41	859947
COV	[42-42]	42	838826
COV	[43-43]	43	819250
COV	[44-44]	44	803061
COV	[45-45]	45	784377
COV	[46-46]	46	767856
COV	[47-47]	47	753725
COV	[48-48]	48	736395
COV	[49-49]	49	719535
COV	[50-50]	50	703581
COV	[51-51]	51	689376
COV	[52-52]	52	674712
COV	[53-53]	53	661095
COV	[54-54]	54	649856
COV	[55-55]	55	635546
COV	[56-56]	56	623438
COV	[57-57]	57	610775
COV	[58-58]	58	600942
COV	[59-59]	59	588580
COV	[60-60]	60	577390
COV	[61-61]	61	565576
COV	[62-62]	62	552954
COV	[63-63]	63	540764
COV	[64-64]	64	530784
COV	[65-65]	65	522742
COV	[66-66]	66	511030
COV	[67-67]	67	503307
COV	[68-68]	68	493109
COV	[69-69]	69	485361
COV	[70-70]	70	474773
COV	[71-71]	71	464254
COV	[72-72]	72	454595
COV	[73-73]	73	448473
COV	[74-74]	74	439584
COV	[75-75]	75	430494
COV	[76-76]	76	422140
COV	[77-77]	77	413167
COV	[78-78]	78	405313
COV	[79-79]	79	395574
COV	[80-80]	80	390474
COV	[81-81]	81	384081
COV	[82-82]	82	374937
COV	[83-83]	83	368593
COV	[84-84]	84	360000
COV	[85-85]	85	352989
COV	[86-86]	86	344963
COV	[87-87]	87	339838
COV	[88-88]	88	334142
COV	[89-89]	89	328504
COV	[90-90]	90	319915
COV	[91-91]	91	313816
COV	[92-92]	92	307227
COV	[93-93]	93	301667
COV	[94-94]	94	295436
COV	[95-95]	95	288147
COV	[96-96]	96	283441
COV	[97-97]	97	278922
COV	[98-98]	98	272116
COV	[99-99]	99	266920
COV	[100-100]	100	261175
COV	[101-101]	101	255928
COV	[102-102]	102	251523
COV	[103-103]	103	246452
COV	[104-104]	104	240951
COV	[105-105]	105	234531
COV	[106-106]	106	229448
COV	[107-107]	107	225018
COV	[108-108]	108	221483
COV	[109-109]	109	216094
COV	[110-110]	110	211554
COV	[111-111]	111	206876
COV	[112-112]	112	203168
COV	[113-113]	113	198852
COV	[114-114]	114	193110
COV	[115-115]	115	190515
COV	[116-116]	116	186084
COV	[117-117]	117	182407
COV	[118-118]	118	177939
COV	[119-119]	119	174372
COV	[120-120]	120	171160
COV	[121-121]	121	166421
COV	[122-122]	122	163423
COV	[123-123]	123	160922
COV	[124-124]	124	157267
COV	[125-125]	125	153885
COV	[126-126]	126	151308
COV	[127-127]	127	147782
COV	[128-128]	128	144677
COV	[129-129]	129	141289
COV	[130-130]	130	138618
COV	[131-131]	131	135052
COV	[132-132]	132	132438
COV	[133-133]	133	128958
COV	[134-134]	134	126423
COV	[135-135]	135	124109
COV	[136-136]	136	121634
COV	[137-137]	137	118706
COV	[138-138]	138	116794
COV	[139-139]	139	114725
COV	[140-140]	140	111515
COV	[141-141]	141	109368
COV	[142-142]	142	106701
COV	[143-143]	143	103721
COV	[144-144]	144	101984
COV	[145-145]	145	101046
COV	[146-146]	146	99156
COV	[147-147]	147	96956
COV	[148-148]	148	95522
COV	[149-149]	149	92846
COV	[150-150]	150	90946
COV	[151-151]	151	89815
COV	[152-152]	152	88253
COV	[153-153]	153	86749
COV	[154-154]	154	85027
COV	[155-155]	155	83449
COV	[156-156]	156	81233
COV	[157-157]	157	79418
COV	[158-158]	158	78483
COV	[159-159]	159	77239
COV	[160-160]	160	75154
COV	[161-161]	161	73592
COV	[162-162]	162	72016
COV	[163-163]	163	70759
COV	[164-164]	164	69131
COV	[165-165]	165	67239
COV	[166-166]	166	66314
COV	[167-167]	167	64914
COV	[168-168]	168	63356
COV	[169-169]	169	62277
COV	[170-170]	170	60808
COV	[171-171]	171	60126
COV	[172-172]	172	58526
COV	[173-173]	173	57512
COV	[174-174]	174	56672
COV	[175-175]	175	55783
COV	[176-176]	176	54054
COV	[177-177]	177	53838
COV	[178-178]	178	52678
COV	[179-179]	179	51568
COV	[180-180]	180	50600
COV	[181-181]	181	49276
COV	[182-182]	182	48696
COV	[183-183]	183	47903
COV	[184-184]	184	46954
COV	[185-185]	185	46058
COV	[186-186]	186	45473
COV	[187-187]	187	44248
COV	[188-188]	188	43010
COV	[189-189]	189	42162
COV	[190-190]	190	41783
COV	[191-191]	191	40556
COV	[192-192]	192	40039
COV	[193-193]	193	38847
COV	[194-194]	194	38225
COV	[195-195]	195	36940
COV	[196-196]	196	36682
COV	[197-197]	197	36198
COV	[198-198]	198	35322
COV	[199-199]	199	34221
COV	[200-200]	200	33992
COV	[201-201]	201	33199
COV	[202-202]	202	32632
COV	[203-203]	203	32333
COV	[204-204]	204	31526
COV	[205-205]	205	30807
COV	[206-206]	206	30544
COV	[207-207]	207	30095
COV	[208-208]	208	29396
COV	[209-209]	209	29162
COV	[210-210]	210	28688
COV	[211-211]	211	28387
COV	[212-212]	212	27702
COV	[213-213]	213	26765
COV	[214-214]	214	26452
COV	[215-215]	215	25998
COV	[216-216]	216	25831
COV	[217-217]	217	25067
COV	[218-218]	218	24875
COV	[219-219]	219	24256
COV	[220-220]	220	24320
COV	[221-221]	221	23919
COV	[222-222]	222	23267
COV	[223-223]	223	22795
COV	[224-224]	224	22622
COV	[225-225]	225	22323
COV	[226-226]	226	21905
COV	[227-227]	227	21623
COV	[228-228]	228	21187
COV	[229-229]	229	20622
COV	[230-230]	230	20407
COV	[231-231]	231	20319
COV	[232-232]	232	19841
COV	[233-233]	233	19479
COV	[234-234]	234	19361
COV	[235-235]	235	18630
COV	[236-236]	236	18479
COV	[237-237]	237	18029
COV	[238-238]	238	17712
COV	[239-239]	239	17151
COV	[240-240]	240	17040
COV	[241-241]	241	16943
COV	[242-242]	242	16676
COV	[243-243]	243	16283
COV	[244-244]	244	16113
COV	[245-245]	245	15725
COV	[246-246]	246	15562
COV	[247-247]	247	15337
COV	[248-248]	248	14913
COV	[249-249]	249	14887
COV	[250-250]	250	14421
COV	[251-251]	251	14508
COV	[252-252]	252	14070
COV	[253-253]	253	13752
COV	[254-254]	254	13617
COV	[255-255]	255	13365
COV	[256-256]	256	13207
COV	[257-257]	257	12999
COV	[258-258]	258	12882
COV	[259-259]	259	12814
COV	[260-260]	260	12475
COV	[261-261]	261	12308
COV	[262-262]	262	12132
COV	[263-263]	263	11943
COV	[264-264]	264	11851
COV	[265-265]	265	11693
COV	[266-266]	266	11433
COV	[267-267]	267	11377
COV	[268-268]	268	11365
COV	[269-269]	269	11034
COV	[270-270]	270	11101
COV	[271-271]	271	10632
COV	[272-272]	272	10591
COV	[273-273]	273	10486
COV	[274-274]	274	10371
COV	[275-275]	275	10129
COV	[276-276]	276	9975
COV	[277-277]	277	9784
COV	[278-278]	278	9565
COV	[279-279]	279	9266
COV	[280-280]	280	9139
COV	[281-281]	281	8843
COV	[282-282]	282	8759
COV	[283-283]	283	8490
COV	[284-284]	284	8319
COV	[285-285]	285	8405
COV	[286-286]	286	8208
COV	[287-287]	287	7999
COV	[288-288]	288	7897
COV	[289-289]	289	7842
COV	[290-290]	290	7596
COV	[291-291]	291	7516
COV	[292-292]	292	7526
COV	[293-293]	293	7414
COV	[294-294]	294	7391
COV	[295-295]	295	7276
COV	[296-296]	296	7136
COV	[297-297]	297	7151
COV	[298-298]	298	7068
COV	[299-299]	299	6982
COV	[300-300]	300	6986
COV	[301-301]	301	6884
COV	[302-302]	302	6664
COV	[303-303]	303	6670
COV	[304-304]	304	6545
COV	[305-305]	305	6489
COV	[306-306]	306	6262
COV	[307-307]	307	6476
COV	[308-308]	308	6057
COV	[309-309]	309	6041
COV	[310-310]	310	6068
COV	[311-311]	311	5885
COV	[312-312]	312	5743
COV	[313-313]	313	5538
COV	[314-314]	314	5520
COV	[315-315]	315	5386
COV	[316-316]	316	5469
COV	[317-317]	317	5384
COV	[318-318]	318	5285
COV	[319-319]	319	5186
COV	[320-320]	320	5094
COV	[321-321]	321	5064
COV	[322-322]	322	4979
COV	[323-323]	323	4956
COV	[324-324]	324	4785
COV	[325-325]	325	4852
COV	[326-326]	326	4645
COV	[327-327]	327	4750
COV	[328-328]	328	4551
COV	[329-329]	329	4584
COV	[330-330]	330	4537
COV	[331-331]	331	4371
COV	[332-332]	332	4389
COV	[333-333]	333	4360
COV	[334-334]	334	4295
COV	[335-335]	335	4285
COV	[336-336]	336	4125
COV	[337-337]	337	4126
COV	[338-338]	338	4170
COV	[339-339]	339	4033
COV	[340-340]	340	3934
COV	[341-341]	341	3916
COV	[342-342]	342	3706
COV	[343-343]	343	3784
COV	[344-344]	344	3723
COV	[345-345]	345	3694
COV	[346-346]	346	3683
COV	[347-347]	347	3584
COV	[348-348]	348	3501
COV	[349-349]	349	3484
COV	[350-350]	350	3526
COV	[351-351]	351	3409
COV	[352-352]	352	3452
COV	[353-353]	353	3290
COV	[354-354]	354	3199
COV	[355-355]	355	3262
COV	[356-356]	356	3160
COV	[357-357]	357	3069
COV	[358-358]	358	3086
COV	[359-359]	359	2988
COV	[360-360]	360	2877
COV	[361-361]	361	2932
COV	[362-362]	362	2802
COV	[363-363]	363	2875
COV	[364-364]	364	2786
COV	[365-365]	365	2828
COV	[366-366]	366	2874
COV	[367-367]	367	2816
COV	[368-368]	368	2699
COV	[369-369]	369	2699
COV	[370-370]	370	2612
COV	[371-371]	371	2703
COV	[372-372]	372	2621
COV	[373-373]	373	2569
COV	[374-374]	374	2426
COV	[375-375]	375	2587
COV	[376-376]	376	2420
COV	[377-377]	377	2282
COV	[378-378]	378	2281
COV	[379-379]	379	2350
COV	[380-380]	380	2373
COV	[381-381]	381	2228
COV	[382-382]	382	2211
COV	[383-383]	383	2198
COV	[384-384]	384	2139
COV	[385-385]	385	2181
COV	[386-386]	386	2109
COV	[387-387]	387	2085
COV	[388-388]	388	2022
COV	[389-389]	389	1975
COV	[390-390]	390	2023
COV	[391-391]	391	1999
COV	[392-392]	392	2026
COV	[393-393]	393	1884
COV	[394-394]	394	1895
COV	[395-395]	395	1890
COV	[396-396]	396	1864
COV	[397-397]	397	1826
COV	[398-398]	398	1883
COV	[399-399]	399	1935
COV	[400-400]	400	1862
COV	[401-401]	401	1792
COV	[402-402]	402	1788
COV	[403-403]	403	1766
COV	[404-404]	404	1740
COV	[405-405]	405	1673
COV	[406-406]	406	1627
COV	[407-407]	407	1686
COV	[408-408]	408	1763
COV	[409-409]	409	1762
COV	[410-410]	410	1630
COV	[411-411]	411	1604
COV	[412-412]	412	1676
COV	[413-413]	413	1562
COV	[414-414]	414	1517
COV	[415-415]	415	1564
COV	[416-416]	416	1557
COV	[417-417]	417	1577
COV	[418-418]	418	1443
COV	[419-419]	419	1389
COV	[420-420]	420	1408
COV	[421-421]	421	1450
COV	[422-422]	422	1415
COV	[423-423]	423	1402
COV	[424-424]	424	1365
COV	[425-425]	425	1376
COV	[426-426]	426	1336
COV	[427-427]	427	1373
COV	[428-428]	428	1261
COV	[429-429]	429	1301
COV	[430-430]	430	1316
COV	[431-431]	431	1325
COV	[432-432]	432	1255
COV	[433-433]	433	1317
COV	[434-434]	434	1291
COV	[435-435]	435	1304
COV	[436-436]	436	1262
COV	[437-437]	437	1203
COV	[438-438]	438	1161
COV	[439-439]	439	1089
COV	[440-440]	440	1134
COV	[441-441]	441	1074
COV	[442-442]	442	1103
COV	[443-443]	443	1125
COV	[444-444]	444	1173
COV	[445-445]	445	1122
COV	[446-446]	446	1080
COV	[447-447]	447	1117
COV	[448-448]	448	1143
COV	[449-449]	449	1057
COV	[450-450]	450	1022
COV	[451-451]	451	1066
COV	[452-452]	452	1031
COV	[453-453]	453	1025
COV	[454-454]	454	1004
COV	[455-455]	455	1018
COV	[456-456]	456	1029
COV	[457-457]	457	938
COV	[458-458]	458	1064
COV	[459-459]	459	970
COV	[460-460]	460	946
COV	[461-461]	461	907
COV	[462-462]	462	947
COV	[463-463]	463	939
COV	[464-464]	464	951
COV	[465-465]	465	885
COV	[466-466]	466	852
COV	[467-467]	467	908
COV	[468-468]	468	863
COV	[469-469]	469	862
COV	[470-470]	470	912
COV	[471-471]	471	857
COV	[472-472]	472	878
COV	[473-473]	473	912
COV	[474-474]	474	877
COV	[475-475]	475	874
COV	[476-476]	476	876
COV	[477-477]	477	842
COV	[478-478]	478	819
COV	[479-479]	479	849
COV	[480-480]	480	754
COV	[481-481]	481	793
COV	[482-482]	482	765
COV	[483-483]	483	745
COV	[484-484]	484	769
COV	[485-485]	485	733
COV	[486-486]	486	712
COV	[487-487]	487	758
COV	[488-488]	488	680
COV	[489-489]	489	744
COV	[490-490]	490	697
COV	[491-491]	491	747
COV	[492-492]	492	711
COV	[493-493]	493	710
COV	[494-494]	494	656
COV	[495-495]	495	678
COV	[496-496]	496	683
COV	[497-497]	497	707
COV	[498-498]	498	720
COV	[499-499]	499	721
COV	[500-500]	500	683
COV	[501-501]	501	653
COV	[502-502]	502	670
COV	[503-503]	503	663
COV	[504-504]	504	618
COV	[505-505]	505	606
COV	[506-506]	506	609
COV	[507-507]	507	560
COV	[508-508]	508	572
COV	[509-509]	509	568
COV	[510-510]	510	610
COV	[511-511]	511	593
COV	[512-512]	512	527
COV	[513-513]	513	516
COV	[514-514]	514	577
COV	[515-515]	515	512
COV	[516-516]	516	510
COV	[517-517]	517	460
COV	[518-518]	518	474
COV	[519-519]	519	483
COV	[520-520]	520	485
COV	[521-521]	521	454
COV	[522-522]	522	447
COV	[523-523]	523	454
COV	[524-524]	524	444
COV	[525-525]	525	484
COV	[526-526]	526	439
COV	[527-527]	527	418
COV	[528-528]	528	444
COV	[529-529]	529	409
COV	[530-530]	530	416
COV	[531-531]	531	422
COV	[532-532]	532	400
COV	[533-533]	533	409
COV	[534-534]	534	391
COV	[535-535]	535	421
COV	[536-536]	536	355
COV	[537-537]	537	358
COV	[538-538]	538	378
COV	[539-539]	539	369
COV	[540-540]	540	380
COV	[541-541]	541	356
COV	[542-542]	542	369
COV	[543-543]	543	354
COV	[544-544]	544	344
COV	[545-545]	545	396
COV	[546-546]	546	346
COV	[547-547]	547	358
COV	[548-548]	548	370
COV	[549-549]	549	344
COV	[550-550]	550	341
COV	[551-551]	551	346
COV	[552-552]	552	373
COV	[553-553]	553	326
COV	[554-554]	554	376
COV	[555-555]	555	323
COV	[556-556]	556	361
COV	[557-557]	557	313
COV	[558-558]	558	320
COV	[559-559]	559	339
COV	[560-560]	560	326
COV	[561-561]	561	329
COV	[562-562]	562	333
COV	[563-563]	563	344
COV	[564-564]	564	353
COV	[565-565]	565	318
COV	[566-566]	566	335
COV	[567-567]	567	272
COV	[568-568]	568	305
COV	[569-569]	569	323
COV	[570-570]	570	290
COV	[571-571]	571	307
COV	[572-572]	572	292
COV	[573-573]	573	300
COV	[574-574]	574	298
COV	[575-575]	575	274
COV	[576-576]	576	302
COV	[577-577]	577	275
COV	[578-578]	578	317
COV	[579-579]	579	283
COV	[580-580]	580	334
COV	[581-581]	581	261
COV	[582-582]	582	323
COV	[583-583]	583	280
COV	[584-584]	584	265
COV	[585-585]	585	270
COV	[586-586]	586	259
COV	[587-587]	587	262
COV	[588-588]	588	251
COV	[589-589]	589	246
COV	[590-590]	590	250
COV	[591-591]	591	257
COV	[592-592]	592	255
COV	[593-593]	593	230
COV	[594-594]	594	227
COV	[595-595]	595	249
COV	[596-596]	596	234
COV	[597-597]	597	250
COV	[598-598]	598	263
COV	[599-599]	599	228
COV	[600-600]	600	250
COV	[601-601]	601	251
COV	[602-602]	602	238
COV	[603-603]	603	215
COV	[604-604]	604	225
COV	[605-605]	605	244
COV	[606-606]	606	205
COV	[607-607]	607	244
COV	[608-608]	608	224
COV	[609-609]	609	235
COV	[610-610]	610	217
COV	[611-611]	611	243
COV	[612-612]	612	244
COV	[613-613]	613	221
COV	[614-614]	614	242
COV	[615-615]	615	239
COV	[616-616]	616	207
COV	[617-617]	617	200
COV	[618-618]	618	228
COV	[619-619]	619	211
COV	[620-620]	620	211
COV	[621-621]	621	223
COV	[622-622]	622	202
COV	[623-623]	623	198
COV	[624-624]	624	220
COV	[625-625]	625	210
COV	[626-626]	626	177
COV	[627-627]	627	207
COV	[628-628]	628	202
COV	[629-629]	629	214
COV	[630-630]	630	195
COV	[631-631]	631	201
COV	[632-632]	632	193
COV	[633-633]	633	193
COV	[634-634]	634	182
COV	[635-635]	635	199
COV	[636-636]	636	170
COV	[637-637]	637	203
COV	[638-638]	638	188
COV	[639-639]	639	185
COV	[640-640]	640	188
COV	[641-641]	641	191
COV	[642-642]	642	173
COV	[643-643]	643	174
COV	[644-644]	644	161
COV	[645-645]	645	172
COV	[646-646]	646	198
COV	[647-647]	647	169
COV	[648-648]	648	162
COV	[649-649]	649	183
COV	[650-650]	650	174
COV	[651-651]	651	182
COV	[652-652]	652	165
COV	[653-653]	653	168
COV	[654-654]	654	164
COV	[655-655]	655	166
COV	[656-656]	656	186
COV	[657-657]	657	154
COV	[658-658]	658	177
COV	[659-659]	659	154
COV	[660-660]	660	155
COV	[661-661]	661	177
COV	[662-662]	662	142
COV	[663-663]	663	141
COV	[664-664]	664	154
COV	[665-665]	665	172
COV	[666-666]	666	166
COV	[667-667]	667	154
COV	[668-668]	668	138
COV	[669-669]	669	135
COV	[670-670]	670	136
COV	[671-671]	671	127
COV	[672-672]	672	136
COV	[673-673]	673	133
COV	[674-674]	674	138
COV	[675-675]	675	126
COV	[676-676]	676	127
COV	[677-677]	677	126
COV	[678-678]	678	144
COV	[679-679]	679	143
COV	[680-680]	680	125
COV	[681-681]	681	136
COV	[682-682]	682	132
COV	[683-683]	683	128
COV	[684-684]	684	138
COV	[685-685]	685	154
COV	[686-686]	686	153
COV	[687-687]	687	133
COV	[688-688]	688	136
COV	[689-689]	689	124
COV	[690-690]	690	122
COV	[691-691]	691	114
COV	[692-692]	692	126
COV	[693-693]	693	133
COV	[694-694]	694	111
COV	[695-695]	695	111
COV	[696-696]	696	116
COV	[697-697]	697	124
COV	[698-698]	698	111
COV	[699-699]	699	148
COV	[700-700]	700	112
COV	[701-701]	701	121
COV	[702-702]	702	126
COV	[703-703]	703	112
COV	[704-704]	704	109
COV	[705-705]	705	124
COV	[706-706]	706	107
COV	[707-707]	707	102
COV	[708-708]	708	115
COV	[709-709]	709	115
COV	[710-710]	710	109
COV	[711-711]	711	128
COV	[712-712]	712	102
COV	[713-713]	713	105
COV	[714-714]	714	115
COV	[715-715]	715	97
COV	[716-716]	716	121
COV	[717-717]	717	118
COV	[718-718]	718	140
COV	[719-719]	719	109
COV	[720-720]	720	114
COV	[721-721]	721	109
COV	[722-722]	722	106
COV	[723-723]	723	99
COV	[724-724]	724	80
COV	[725-725]	725	82
COV	[726-726]	726	120
COV	[727-727]	727	126
COV	[728-728]	728	113
COV	[729-729]	729	87
COV	[730-730]	730	90
COV	[731-731]	731	107
COV	[732-732]	732	113
COV	[733-733]	733	121
COV	[734-734]	734	92
COV	[735-735]	735	114
COV	[736-736]	736	96
COV	[737-737]	737	91
COV	[738-738]	738	122
COV	[739-739]	739	100
COV	[740-740]	740	98
COV	[741-741]	741	111
COV	[742-742]	742	102
COV	[743-743]	743	104
COV	[744-744]	744	93
COV	[745-745]	745	106
COV	[746-746]	746	100
COV	[747-747]	747	87
COV	[748-748]	748	92
COV	[749-749]	749	77
COV	[750-750]	750	83
COV	[751-751]	751	88
COV	[752-752]	752	105
COV	[753-753]	753	94
COV	[754-754]	754	81
COV	[755-755]	755	89
COV	[756-756]	756	100
COV	[757-757]	757	72
COV	[758-758]	758	70
COV	[759-759]	759	93
COV	[760-760]	760	78
COV	[761-761]	761	82
COV	[762-762]	762	86
COV	[763-763]	763	87
COV	[764-764]	764	83
COV	[765-765]	765	72
COV	[766-766]	766	69
COV	[767-767]	767	78
COV	[768-768]	768	76
COV	[769-769]	769	100
COV	[770-770]	770	80
COV	[771-771]	771	66
COV	[772-772]	772	74
COV	[773-773]	773	73
COV	[774-774]	774	84
COV	[775-775]	775	84
COV	[776-776]	776	65
COV	[777-777]	777	69
COV	[778-778]	778	82
COV	[779-779]	779	73
COV	[780-780]	780	85
COV	[781-781]	781	65
COV	[782-782]	782	74
COV	[783-783]	783	62
COV	[784-784]	784	59
COV	[785-785]	785	64
COV	[786-786]	786	52
COV	[787-787]	787	51
COV	[788-788]	788	52
COV	[789-789]	789	60
COV	[790-790]	790	51
COV	[791-791]	791	51
COV	[792-792]	792	51
COV	[793-793]	793	40
COV	[794-794]	794	53
COV	[795-795]	795	54
COV	[796-796]	796	46
COV	[797-797]	797	61
COV	[798-798]	798	65
COV	[799-799]	799	55
COV	[800-800]	800	63
COV	[801-801]	801	54
COV	[802-802]	802	68
COV	[803-803]	803	53
COV	[804-804]	804	60
COV	[805-805]	805	66
COV	[806-806]	806	61
COV	[807-807]	807	59
COV	[808-808]	808	64
COV	[809-809]	809	53
COV	[810-810]	810	57
COV	[811-811]	811	53
COV	[812-812]	812	43
COV	[813-813]	813	53
COV	[814-814]	814	46
COV	[815-815]	815	52
COV	[816-816]	816	52
COV	[817-817]	817	40
COV	[818-818]	818	49
COV	[819-819]	819	43
COV	[820-820]	820	39
COV	[821-821]	821	54
COV	[822-822]	822	50
COV	[823-823]	823	47
COV	[824-824]	824	50
COV	[825-825]	825	51
COV	[826-826]	826	51
COV	[827-827]	827	61
COV	[828-828]	828	48
COV	[829-829]	829	51
COV	[830-830]	830	52
COV	[831-831]	831	61
COV	[832-832]	832	51
COV	[833-833]	833	56
COV	[834-834]	834	49
COV	[835-835]	835	47
COV	[836-836]	836	45
COV	[837-837]	837	54
COV	[838-838]	838	57
COV	[839-839]	839	51
COV	[840-840]	840	59
COV	[841-841]	841	67
COV	[842-842]	842	52
COV	[843-843]	843	46
COV	[844-844]	844	42
COV	[845-845]	845	49
COV	[846-846]	846	47
COV	[847-847]	847	59
COV	[848-848]	848	36
COV	[849-849]	849	54
COV	[850-850]	850	48
COV	[851-851]	851	47
COV	[852-852]	852	44
COV	[853-853]	853	47
COV	[854-854]	854	47
COV	[855-855]	855	44
COV	[856-856]	856	54
COV	[857-857]	857	51
COV	[858-858]	858	44
COV	[859-859]	859	51
COV	[860-860]	860	51
COV	[861-861]	861	48
COV	[862-862]	862	43
COV	[863-863]	863	45
COV	[864-864]	864	40
COV	[865-865]	865	42
COV	[866-866]	866	42
COV	[867-867]	867	40
COV	[868-868]	868	33
COV	[869-869]	869	30
COV	[870-870]	870	46
COV	[871-871]	871	28
COV	[872-872]	872	40
COV	[873-873]	873	23
COV	[874-874]	874	28
COV	[875-875]	875	48
COV	[876-876]	876	40
COV	[877-877]	877	42
COV	[878-878]	878	34
COV	[879-879]	879	35
COV	[880-880]	880	32
COV	[881-881]	881	46
COV	[882-882]	882	42
COV	[883-883]	883	32
COV	[884-884]	884	44
COV	[885-885]	885	41
COV	[886-886]	886	46
COV	[887-887]	887	31
COV	[888-888]	888	42
COV	[889-889]	889	55
COV	[890-890]	890	52
COV	[891-891]	891	42
COV	[892-892]	892	31
COV	[893-893]	893	45
COV	[894-894]	894	31
COV	[895-895]	895	31
COV	[896-896]	896	28
COV	[897-897]	897	35
COV	[898-898]	898	26
COV	[899-899]	899	36
COV	[900-900]	900	35
COV	[901-901]	901	34
COV	[902-902]	902	25
COV	[903-903]	903	36
COV	[904-904]	904	43
COV	[905-905]	905	39
COV	[906-906]	906	34
COV	[907-907]	907	28
COV	[908-908]	908	40
COV	[909-909]	909	34
COV	[910-910]	910	37
COV	[911-911]	911	38
COV	[912-912]	912	34
COV	[913-913]	913	38
COV	[914-914]	914	40
COV	[915-915]	915	37
COV	[916-916]	916	46
COV	[917-917]	917	26
COV	[918-918]	918	44
COV	[919-919]	919	48
COV	[920-920]	920	26
COV	[921-921]	921	23
COV	[922-922]	922	37
COV	[923-923]	923	33
COV	[924-924]	924	43
COV	[925-925]	925	27
COV	[926-926]	926	28
COV	[927-927]	927	26
COV	[928-928]	928	32
COV	[929-929]	929	38
COV	[930-930]	930	33
COV	[931-931]	931	28
COV	[932-932]	932	25
COV	[933-933]	933	24
COV	[934-934]	934	26
COV	[935-935]	935	21
COV	[936-936]	936	36
COV	[937-937]	937	27
COV	[938-938]	938	30
COV	[939-939]	939	26
COV	[940-940]	940	23
COV	[941-941]	941	30
COV	[942-942]	942	27
COV	[943-943]	943	33
COV	[944-944]	944	28
COV	[945-945]	945	38
COV	[946-946]	946	22
COV	[947-947]	947	35
COV	[948-948]	948	25
COV	[949-949]	949	29
COV	[950-950]	950	25
COV	[951-951]	951	30
COV	[952-952]	952	26
COV	[953-953]	953	30
COV	[954-954]	954	43
COV	[955-955]	955	33
COV	[956-956]	956	22
COV	[957-957]	957	31
COV	[958-958]	958	36
COV	[959-959]	959	39
COV	[960-960]	960	24
COV	[961-961]	961	24
COV	[962-962]	962	23
COV	[963-963]	963	32
COV	[964-964]	964	22
COV	[965-965]	965	29
COV	[966-966]	966	23
COV	[967-967]	967	29
COV	[968-968]	968	24
COV	[969-969]	969	32
COV	[970-970]	970	33
COV	[971-971]	971	27
COV	[972-972]	972	30
COV	[973-973]	973	25
COV	[974-974]	974	33
COV	[975-975]	975	25
COV	[976-976]	976	29
COV	[977-977]	977	26
COV	[978-978]	978	26
COV	[979-979]	979	17
COV	[980-980]	980	29
COV	[981-981]	981	9
COV	[982-982]	982	26
COV	[983-983]	983	18
COV	[984-984]	984	28
COV	[985-985]	985	22
COV	[986-986]	986	29
COV	[987-987]	987	32
COV	[988-988]	988	25
COV	[989-989]	989	26
COV	[990-990]	990	22
COV	[991-991]	991	31
COV	[992-992]	992	35
COV	[993-993]	993	31
COV	[994-994]	994	19
COV	[995-995]	995	27
COV	[996-996]	996	18
COV	[997-997]	997	25
COV	[998-998]	998	20
COV	[999-999]	999	27
COV	[1000-1000]	1000	23
COV	[1000<]	1000	9292
# GC-depth. Use `grep ^GCD | cut -f 2-` to extract this part. The columns are: GC%, unique sequence percentiles, 10th, 25th, 50th, 75th and 90th depth percentile
GCD	0.0	0.003	0.000	0.001	0.005	0.005	0.005
GCD	4.0	0.004	4.741	4.741	4.741	4.741	4.741
GCD	8.4	0.005	0.100	0.100	0.100	0.100	0.100
GCD	19.0	0.007	0.010	0.010	0.185	0.270	0.270
GCD	20.0	0.008	0.010	0.010	0.010	0.010	0.010
GCD	22.0	0.011	0.015	0.077	1.918	14.543	21.238
GCD	23.0	0.013	0.195	0.195	0.290	0.799	0.799
GCD	24.0	0.015	0.015	0.015	1.339	4.012	4.012
GCD	25.0	0.018	0.015	0.072	0.262	0.291	0.295
GCD	26.0	0.023	0.015	0.020	0.055	0.095	0.225
GCD	27.0	0.035	0.070	0.130	0.335	1.464	2.508
GCD	28.0	0.063	0.076	0.132	0.495	1.299	1.912
GCD	29.0	0.138	0.060	0.140	1.049	2.045	4.197
GCD	30.0	0.336	0.095	0.135	0.677	2.474	4.391
GCD	31.0	0.842	0.115	0.155	0.245	2.623	5.623
GCD	32.0	1.906	0.120	0.160	0.225	2.667	5.798
GCD	33.0	3.771	0.120	0.160	0.220	2.427	6.876
GCD	34.0	6.776	0.125	0.165	0.215	1.749	6.281
GCD	35.0	11.165	0.130	0.170	0.220	1.069	5.795
GCD	36.0	16.811	0.130	0.170	0.215	0.488	5.205
GCD	37.0	23.445	0.135	0.170	0.220	0.330	5.270
GCD	38.0	30.882	0.130	0.175	0.225	0.330	4.642
GCD	39.0	38.393	0.130	0.180	0.235	0.345	4.446
GCD	40.0	45.566	0.140	0.195	0.250	0.420	4.735
GCD	41.0	52.158	0.155	0.205	0.265	0.679	5.111
GCD	42.0	58.008	0.165	0.220	0.280	0.929	5.361
GCD	43.0	63.299	0.175	0.230	0.300	1.313	5.505
GCD	44.0	67.944	0.190	0.245	0.320	1.679	6.528
GCD	45.0	72.002	0.195	0.255	0.340	1.684	6.155
GCD	46.0	75.492	0.210	0.275	0.365	1.908	6.260
GCD	47.0	78.638	0.220	0.290	0.390	2.173	6.840
GCD	48.0	81.420	0.235	0.310	0.430	2.563	6.779
GCD	49.0	83.848	0.246	0.325	0.465	2.960	7.493
GCD	50.0	86.005	0.260	0.340	0.545	3.156	8.071
GCD	51.0	87.992	0.280	0.370	0.734	3.410	8.166
GCD	52.0	89.827	0.290	0.390	0.799	3.297	7.677
GCD	53.0	91.392	0.305	0.430	1.014	4.072	8.245
GCD	54.0	92.815	0.320	0.435	1.246	4.435	9.304
GCD	55.0	94.086	0.345	0.495	1.494	4.606	9.385
GCD	56.0	95.259	0.390	0.580	1.953	5.016	9.915
GCD	57.0	96.338	0.425	0.704	2.131	5.257	10.399
GCD	58.0	97.255	0.415	0.759	2.318	5.243	9.778
GCD	59.0	98.055	0.447	1.014	2.468	5.248	9.294
GCD	60.0	98.686	0.498	1.103	2.685	5.256	9.111
GCD	61.0	99.180	0.518	1.204	2.553	5.003	8.846
GCD	62.0	99.515	0.466	1.079	2.298	4.366	7.137
GCD	63.0	99.743	0.512	1.039	2.296	4.178	6.879
GCD	64.0	99.884	0.621	1.099	2.053	3.462	6.537
GCD	65.0	99.957	0.490	1.084	2.098	3.782	7.053
GCD	66.0	99.991	0.514	1.223	2.006	3.600	7.458
GCD	67.0	99.997	0.130	1.429	2.108	2.693	4.951
GCD	68.0	99.999	0.435	0.435	1.259	1.744	1.744
GCD	69.0	100.000	0.025	0.025	0.025	0.025	0.025
