# This file was produced by samtools stats (1.23+htslib-1.23) and can be plotted using plot-bamstats
# This file contains statistics for all reads.
# The command line was:  stats data/AFR/ACB/HG01880/aligned/HG01880.bam
# CHK, Checksum	[2]Read Names	[3]Sequences	[4]Qualities
# CHK, CRC32 of reads which passed filtering followed by addition (32bit overflow)
CHK	a30c5a96	b52ca807	087fe3c6
# Summary Numbers. Use `grep ^SN | cut -f 2-` to extract this part.
SN	raw total sequences:	110085962	# excluding supplementary and secondary reads
SN	filtered sequences:	0
SN	sequences:	110085962
SN	is sorted:	1	# sorted by coordinate
SN	1st fragments:	55042981
SN	last fragments:	55042981
SN	reads mapped:	110069355
SN	reads mapped and paired:	110065318	# paired-end technology bit set + both mates mapped
SN	reads unmapped:	16607
SN	reads properly paired:	108802398	# proper-pair bit set
SN	reads paired:	110085962	# paired-end technology bit set
SN	reads duplicated:	0	# PCR or optical duplicate bit set
SN	reads MQ0:	6871117	# mapped and MQ=0
SN	reads QC failed:	0
SN	non-primary alignments:	0
SN	supplementary alignments:	75455
SN	total length:	9904412210	# ignores clipping
SN	total first fragment length:	4952206105	# ignores clipping
SN	total last fragment length:	4952206105	# ignores clipping
SN	bases mapped:	9902936853	# ignores clipping
SN	bases mapped (cigar):	9871637512	# more accurate
SN	bases trimmed:	0
SN	bases duplicated:	0
SN	mismatches:	36918868	# from NM fields
SN	error rate:	3.739893e-03	# mismatches / bases mapped (cigar)
SN	average length:	90
SN	average first fragment length:	90
SN	average last fragment length:	90
SN	maximum length:	90
SN	maximum first fragment length:	90
SN	maximum last fragment length:	90
SN	average quality:	36.1
SN	insert size average:	226.2
SN	insert size standard deviation:	76.4
SN	inward oriented pairs:	54776748
SN	outward oriented pairs:	12001
SN	pairs with other orientation:	20747
SN	pairs on different chromosomes:	223163
SN	percentage of properly paired reads (%):	98.8
# First Fragment Qualities. Use `grep ^FFQ | cut -f 2-` to extract this part.
# Columns correspond to qualities and rows to cycles. First column is the cycle number.
FFQ	1	0	0	1115	0	0	0	0	0	0	0	25366	0	0	0	0	0	64185	0	0	1896	0	0	16982	89295	0	92086	305326	462599	271766	0	2058938	16591008	0	5677585	29384834	0	0	0	0	0	0	0	0
FFQ	2	0	0	43546	0	0	0	0	0	0	0	21397	0	0	0	0	0	63623	0	0	591	0	0	27385	78009	0	90352	272869	514373	243671	0	1707133	13443611	0	2518596	36017825	0	0	0	0	0	0	0	0
FFQ	3	0	0	3484	0	0	0	0	0	0	0	25838	0	0	0	0	0	106590	0	0	5983	0	0	38931	77269	0	90263	272320	567710	245987	0	1654883	12427390	0	2307798	37218535	0	0	0	0	0	0	0	0
FFQ	4	0	0	3840	0	0	0	0	0	0	0	24266	0	0	0	0	0	34724	0	0	38519	0	0	28404	0	0	72666	126040	8490	205877	3848	365668	9249	592283	988003	0	9327860	0	43213244	0	0	0	0	0
FFQ	5	0	0	4	0	0	0	0	0	0	0	40765	0	0	0	0	0	51736	0	0	46905	0	0	37246	0	0	101862	164091	10613	235930	3921	439697	11353	647437	1108502	0	9610353	0	42532566	0	0	0	0	0
FFQ	6	0	0	0	0	0	0	30	0	4966	0	30635	9943	0	0	18	5019	9628	44600	22449	23036	0	3991	2972	41983	45	119147	155779	22107	151197	99578	437917	71165	742244	1064274	259	8904728	949935	42125336	0	0	0	0	0
FFQ	7	0	0	0	0	0	15	103	0	5046	0	30807	10059	14	0	50	5112	9962	46821	23739	22721	20	4372	3203	42989	135	122749	158220	28354	150874	100150	447544	75134	760763	1086347	298	8985606	977038	41944736	0	0	0	0	0
FFQ	8	0	0	0	0	0	52	87	3	5518	0	32848	10452	24	0	39	5784	10335	49032	24749	23366	104	5031	3539	44108	67	127704	164053	39701	144824	101443	459689	76536	772679	1109080	322	9032624	989987	41809201	0	0	0	0	0
FFQ	9	0	0	0	0	0	81	88	29	5540	0	32573	10042	71	9	43	6072	10449	49178	24538	23109	279	5304	4100	43405	191	127453	58201	163689	125213	101523	458577	59002	675775	711896	523738	2603004	2246	5296402	2979548	40941613	0	0	0
FFQ	10	0	0	0	0	0	124	101	35	6467	3	37412	11465	114	11	57	6658	11332	52134	27473	25635	435	5979	4499	47246	375	138164	62390	207330	96462	108154	484953	59542	699883	742646	527945	2667447	2127	5346966	3093198	40568219	0	0	0
FFQ	11	0	0	0	0	0	149	96	55	6475	36	35976	10851	157	26	63	6814	11465	52352	27081	24658	518	5981	4640	46757	663	135867	61649	246343	56480	107940	484185	59850	704213	744215	532013	2688743	2203	5403145	3197502	40383820	0	0	0
FFQ	12	0	0	0	0	0	172	105	82	7290	97	40078	12079	231	17	81	7347	12506	53774	29789	27122	659	6718	5043	51665	1079	144267	65088	289504	25963	115044	507636	59657	726428	772340	534005	2748765	2434	5464292	3340115	39991509	0	0	0
FFQ	13	0	0	125	0	0	192	135	131	7544	201	40152	11936	239	25	97	7508	12868	51696	30677	28007	657	7237	5528	54211	1591	144186	67128	299064	20319	118997	517707	60322	742152	788360	546788	2800832	2561	5552813	3456430	39664565	0	0	0
FFQ	14	0	0	0	0	0	249	174	215	8229	364	43202	12717	318	47	123	2083	17762	55808	32681	29449	772	7741	5845	17070	42521	150737	70292	307061	20825	122296	235290	346875	551025	799059	627492	503024	1800995	1592473	4627666	3552149	10446214	29012138	0
FFQ	15	0	0	0	0	0	287	273	308	9590	563	48707	14213	327	74	200	2543	19595	60707	35475	31476	880	8561	6445	19126	46526	160242	74440	321856	21828	128168	247528	359758	565571	824738	637966	520972	1837575	1616076	4724385	3576539	10572258	28547205	0
FFQ	16	0	0	0	0	0	318	312	328	9456	694	45098	13083	404	133	345	2735	18922	59713	34345	30369	1063	8971	6254	20094	46099	155403	73540	321001	22078	125747	249223	359151	576452	824129	663530	531307	1866618	1663546	4813082	3643945	10717207	28138286	0
FFQ	17	0	0	0	0	0	338	410	466	10839	1050	49125	13866	526	218	478	3260	21448	59628	37943	33358	1139	10077	7018	22923	53127	162301	78881	329515	24379	136649	262694	376356	584872	867943	667081	555720	1900772	1681247	4944429	3655450	10880203	27607252	0
FFQ	18	0	0	0	0	0	397	511	607	12104	1524	50355	14065	589	322	547	3971	22329	60132	38994	33548	1327	10736	7757	25126	57164	163314	81427	332986	25655	139343	273139	382948	595639	882472	683833	574594	1934673	1718744	5051321	3699388	11044738	27116662	0
FFQ	19	0	0	0	0	0	425	608	757	13777	2189	53258	14499	709	399	637	4728	21787	6466	98085	35861	1554	11917	8603	28400	64120	167079	84631	337567	27708	147597	287726	396419	595044	553157	1051130	600207	1667283	1742621	4216822	4318729	11520911	26959571	0
FFQ	20	0	0	0	0	0	577	878	1104	18764	3733	70358	19719	871	523	886	6214	27266	9081	109826	44819	1703	14187	9761	34179	79528	182890	95043	365197	30846	161647	315496	423034	620446	585346	1094671	634690	1729007	1777518	4368395	4423736	11579907	26201135	0
FFQ	21	0	0	0	0	0	544	1036	1194	17521	4102	56016	14335	1005	716	998	7189	26670	11769	99121	38809	1988	14297	10066	36662	80258	169280	91703	354835	31430	158227	323429	417971	624604	585762	1119904	655090	1749046	1845221	4477651	4654566	11754572	25605394	0
FFQ	22	0	0	1	0	0	703	1292	1630	21854	5987	63406	15710	1176	853	1217	9080	31178	15450	102535	43804	2348	16820	11275	42901	96026	178726	99889	370076	34494	169804	357281	442888	636828	620074	1151312	697386	1814878	1870704	4655805	4743116	11793837	24920637	0
FFQ	23	0	0	4	0	0	831	1631	2136	25469	8501	65757	15520	1379	1174	1428	11265	35271	20113	101633	46134	2756	19030	12474	49775	112319	179001	104930	378371	37371	177919	386140	458835	647378	646457	1190163	736089	1863666	1930745	4825339	4907330	11910488	24128159	0
FFQ	24	0	0	8	0	0	956	1982	2842	30480	11962	68835	15384	1693	1469	1771	13892	39853	25359	100643	48761	3320	21723	13924	56482	131537	179000	112366	386073	40102	187303	422399	476658	650963	675712	1226800	783331	1917322	1981820	5044626	4792225	11436548	24136857	0
FFQ	25	0	0	14	0	0	815	1766	2511	26447	12066	53424	10815	1791	1621	1806	14843	39068	29962	82381	38313	4098	19822	13491	55577	121156	166894	101815	349657	35948	147634	448788	425026	625011	618411	1175729	762948	1730226	2031924	4559526	5210723	10301801	25819133	0
FFQ	26	0	0	24	0	0	1343	2633	3955	37008	19246	64736	11466	2170	1975	2030	17444	43525	33990	75974	39420	4477	21503	14176	58124	134059	155665	100689	323017	37111	149526	461196	421999	579018	620997	1142474	795018	1721835	1990144	4595048	5058251	10503741	25797974	0
FFQ	27	0	0	36	0	0	1537	3094	4848	44665	26747	67385	10181	2461	2476	2448	21859	51159	40264	74557	43292	5374	24667	15865	63544	157564	158491	108089	324963	40800	161148	500153	440350	560315	652251	1139529	847611	1746946	1958858	4699554	4875154	10739427	25425319	0
FFQ	28	0	0	52	0	0	1629	3662	6377	53110	36672	68028	8381	2863	2853	3006	26467	59804	44586	72515	46859	5889	28230	17391	69687	181522	164079	115616	324515	44449	169154	548570	457329	541713	682723	1154575	908086	1766438	1962922	4818979	4755840	10973456	24914954	0
FFQ	29	0	0	64	0	0	1920	4413	8061	62387	48385	64720	6249	3311	3425	3584	31479	68241	45552	71374	50309	6845	32147	19616	75440	204453	172836	122353	320683	49164	180180	601841	478130	523624	717933	1171826	976411	1788937	1979199	4967306	4672108	11191632	24316843	0
FFQ	30	0	0	86	0	0	1218	3022	6268	46947	41187	43570	3417	3200	3720	3080	31037	67953	41055	50346	35996	7662	26372	19196	67862	172200	182791	103701	261741	45191	138442	632717	412600	451626	661141	1102991	990416	1579564	2031382	4560170	5051945	10937941	25223228	0
FFQ	31	0	0	106	0	0	1337	3474	7042	49707	48027	36239	2045	3350	3727	3564	32746	68237	33580	50407	38286	7335	28005	19273	67802	180150	171906	106882	243161	47208	148149	619858	419935	405777	678025	1038906	1037869	1555346	1920547	4614323	4641654	10977019	25731977	0
FFQ	32	0	0	104	0	0	1410	4131	8518	53872	57160	29426	1445	3790	4206	4036	36520	71929	27560	51460	40082	8052	30564	20463	69280	186915	176224	111512	231350	50765	154717	636985	429585	376431	700620	1018702	1098511	1538240	1883927	4670958	4371268	10997077	25883563	0
FFQ	33	0	0	107	0	0	1530	4592	10053	57260	65927	22014	1314	4139	4760	4757	39985	74814	21947	52432	41331	8663	33250	22099	70900	191610	183383	115673	221244	54863	159369	659207	436380	352262	725744	1000460	1165268	1503364	1863917	4731630	4172549	10994185	25966869	0
FFQ	34	0	0	116	0	0	1482	5022	11214	55095	66839	13744	1445	4531	5333	5484	44270	74529	16463	51036	40479	9730	35503	23806	72822	189573	190715	117178	207305	59150	160632	684637	440910	332349	753565	989006	1245138	1468401	1884360	4810211	4057947	10995842	25912613	0
FFQ	35	0	0	123	0	0	1617	5669	12813	56178	71944	8695	1524	5052	6018	6185	47460	70333	12482	52514	41824	10531	37509	25630	73968	194192	185419	122477	202583	65222	166073	685487	450855	319155	783887	968795	1316382	1423044	1900645	4873191	3956828	11065374	25809442	0
FFQ	36	0	0	139	0	0	1759	6582	15236	59214	79060	5459	1608	5865	6935	7370	52428	69023	10917	55386	44269	12159	40813	27984	78890	202598	186020	131324	202260	72542	174414	703130	468548	317731	829790	963302	1404922	1399186	1928487	4960832	3888880	11089541	25531339	0
FFQ	37	0	0	149	0	0	1979	8188	18191	64197	89362	3492	2022	6884	8503	9018	59982	68756	10610	59444	48499	14001	45668	31694	85521	217570	188254	142639	210601	82620	185742	723255	491256	326893	883400	965048	1490952	1381196	1958181	5041989	3846149	11116890	25146031	0
FFQ	38	0	0	172	0	0	2215	9369	21479	65915	93771	2448	2284	7756	9860	10641	65250	64822	11066	62533	51729	16263	49431	35570	92145	227234	187513	152528	216545	94024	194090	742655	512029	336617	941165	971024	1584307	1355827	2014038	5115844	3890669	11156522	24666463	0
FFQ	39	0	0	188	0	0	2332	10212	23278	63452	88697	1950	2605	8603	11348	12040	69638	57778	11537	60019	48467	18314	47305	38491	101240	224670	179188	158053	210660	104997	194227	742990	515041	342089	984183	950910	1655178	1315315	2043941	4930173	4126878	11182985	24493863	0
FFQ	40	0	0	204	0	0	2594	11716	26469	64017	89449	1963	2871	9817	13096	13944	74912	52079	13008	62140	50654	20811	50308	42096	108595	230885	168114	167454	214554	117755	200340	737595	532322	355444	1032036	945690	1715900	1306446	2074043	4966105	4109591	11202127	24244746	0
FFQ	41	0	0	232	0	0	2925	13847	32348	70716	99690	2132	3312	11283	15805	16686	81398	48576	15231	67032	55544	23469	54558	47399	119524	245584	160034	182844	226506	134840	214521	739049	559793	378059	1091299	957319	1776294	1321228	2107938	5016739	4102536	11212653	23822017	0
FFQ	42	0	0	258	0	0	3368	16222	37520	73733	101856	2456	3952	13201	19434	19820	90829	45301	17500	69390	57717	27232	57869	53741	132725	257356	155525	197162	229911	153663	221759	753294	580235	393917	1148704	962499	1835484	1325851	2163234	5053609	4135132	11197658	23420967	0
FFQ	43	0	0	646	0	0	3661	17884	40971	73051	99503	2658	4452	14877	22077	21810	92579	39109	18612	70478	58289	30570	60611	59243	143279	260378	144378	208684	232818	174309	227813	751825	598580	411709	1194710	974601	1876420	1343693	2212697	5068396	4174416	11224007	23075510	0
FFQ	44	0	0	323	0	0	3716	19058	44532	71533	93547	2938	4963	15766	24694	24071	90722	32937	20634	71843	59748	34596	62564	65061	153953	261984	130578	222280	234041	195137	235462	735907	618610	430383	1236761	995524	1915131	1375817	2272330	5102618	4213755	11266489	22688500	0
FFQ	45	0	0	360	0	0	4577	22924	53296	80072	102489	3263	5723	16772	28624	27273	92027	28571	23706	74693	65319	50439	57235	71923	172105	276910	125002	243653	247970	222152	254185	732169	655036	457628	1283794	1037057	1947618	1441843	2311743	5159735	4107470	11360090	22182310	0
FFQ	46	0	0	447	0	0	4974	25624	60337	86254	104557	3623	6841	19041	33909	31289	95673	25599	26438	79119	68834	57360	60478	80533	190273	287379	117431	262997	255328	253551	269149	737181	689402	485318	1331713	1084982	1990976	1491596	2373559	5185852	4169783	11291462	21688124	0
FFQ	47	0	0	457	0	0	5399	27254	63240	83606	95358	4044	7666	20776	37778	34088	92603	22405	27767	79213	67155	63227	61636	88458	204180	283654	106051	278779	250621	282674	273412	728376	707018	505557	1356591	1125252	2025659	1531887	2446651	5170372	4278996	11250412	21338030	0
FFQ	48	0	0	508	0	0	5885	29269	68937	87083	92227	4373	8322	22098	41772	36816	86625	20429	29630	83235	69656	69675	63526	95215	218095	282102	94923	297501	253163	313432	289094	709485	739302	533890	1374169	1189821	2057791	1598155	2498424	5172480	4340453	11208586	20939449	0
FFQ	49	0	0	593	0	0	6702	32518	77999	95793	93417	4732	9504	23627	47531	40433	82666	20164	32555	88461	73733	77256	66922	106167	210190	304948	82861	321956	269059	347522	308154	695281	775322	566131	1393152	1255928	2052531	1714230	2563571	4664900	4887282	11132640	20498484	0
FFQ	50	0	0	648	0	0	7635	36422	87896	107123	94756	5498	11000	26460	55259	44971	81669	20585	36069	98040	79559	86996	71012	119556	231662	317877	77591	353497	280822	392904	328990	700428	824104	603200	1428285	1346642	2110365	1791739	2639190	4691656	4951539	11003719	19878885	0
FFQ	51	0	0	721	0	0	8279	37997	91237	107734	84079	6242	12210	27789	60360	46810	75026	19562	36489	98401	75481	95444	72554	128591	241537	307483	71070	370557	273414	430819	337752	688608	850039	627918	1431565	1425873	2163955	1846930	2714231	4665753	5061374	10914840	19514875	0
FFQ	52	0	0	1007	0	0	9429	43018	105976	125931	87805	7122	13994	30418	68904	51351	71244	21898	41482	111915	85453	105491	78760	143927	263263	318390	67717	409285	290707	478021	370826	683638	907762	676379	1453246	1536080	2234044	1950934	2762994	4675391	5095063	10764504	18879575	0
FFQ	53	0	0	900	0	0	10146	44803	110165	129500	77895	7773	16097	33062	77466	53556	67051	21360	42499	114644	83323	116690	81563	157719	275975	312809	64567	435024	286402	523543	385552	678301	945080	711599	1462996	1635991	2304110	2024480	2846773	4640600	5179968	10617076	18445166	0
FFQ	54	0	0	1037	0	0	10813	45557	113954	134513	68651	8371	17564	33628	82428	54415	59958	21631	43609	119783	82458	125886	85356	169136	286621	304757	63546	459588	284887	565771	404335	672556	989616	749158	1469158	1742539	2387106	2109413	2930367	4617342	5272803	10473442	17959816	0
FFQ	55	0	0	28948	0	0	12099	48653	123188	147849	64840	9106	18610	32271	87029	57394	54339	21972	46952	129436	85798	130918	91959	181046	293798	202127	161006	487416	286140	601147	430232	660508	1035775	790982	1456018	1867637	2473301	2212136	2864999	4695169	5345477	10338123	17446496	0
FFQ	56	0	0	72162	0	0	12717	50012	130640	156296	57240	10012	21544	34118	95830	59156	50906	22460	49500	137261	86323	142990	97385	198076	305929	195253	168723	523170	287985	646368	457578	666591	1088112	838783	1473411	1991084	2574632	2323811	2942732	4670958	5393435	10123059	16863888	0
FFQ	57	0	0	128063	0	0	13777	51555	138029	164545	50023	11103	23149	35061	102141	59340	47066	22610	51013	145292	85826	153334	101054	213125	311872	186770	175343	555255	287549	685528	483904	671350	1139684	885676	1480026	2120281	2689292	2434915	3025752	4638306	5483739	9907663	16260222	0
FFQ	58	0	0	196822	0	0	14754	52954	145116	176222	43944	11920	25645	35472	108369	59434	43976	23312	54129	155819	87077	163547	106274	229836	318434	180708	183691	590178	290784	721102	513723	678596	1193103	935636	1489912	2245454	2819057	2547078	3107540	4582456	5571968	9669140	15645328	0
FFQ	59	0	0	275030	0	0	15804	53026	150822	181047	36152	13025	27668	35830	112240	55761	41380	23495	54581	167142	85454	162910	105397	261928	297486	165959	183381	656759	289152	751860	543224	689921	1243207	984250	1499612	2377004	2964039	2664304	3198376	4521268	5594916	9423906	15110445	0
FFQ	60	0	0	360392	0	0	17444	55718	165733	199356	31705	14261	30510	37921	120469	55465	40382	24492	58956	182318	88145	173941	111649	284175	301207	162724	197626	703725	294861	785215	586082	708193	1303953	1040783	1521326	2524081	3120992	2803174	3282090	4478443	5646004	9136306	14367183	0
FFQ	61	0	0	452885	0	0	18537	55930	173246	203908	25277	15646	32809	37659	125210	54007	39351	24528	60747	191139	85927	185114	116220	299903	299550	159402	206643	740979	294488	810761	617857	733071	1353741	1095441	1533933	2665527	3296619	2938857	3380681	4402328	5761031	8853805	13673489	0
FFQ	62	0	0	552587	0	0	19268	53803	174051	197169	18001	16697	34516	36416	126784	51093	38393	23613	61944	197116	80374	195329	119139	312920	290483	156348	213381	771328	291253	824527	648428	759882	1398915	1146015	1551016	2803526	3496053	3071203	3496293	4295732	5896342	8547539	13048021	0
FFQ	63	0	0	662506	0	0	21048	56793	191213	213573	14965	18053	36927	37245	129038	50878	39154	25193	65969	215344	82417	205279	124338	329518	284844	157597	231600	816735	299105	834074	694417	789699	1453790	1205353	1577433	2959385	3710562	3223131	3588279	4217634	5958867	8215003	12277729	0
FFQ	64	0	0	775227	0	0	22651	56911	200326	213959	10496	19946	41078	38835	134715	48906	40502	25128	68590	226260	78881	220438	130991	348870	281849	159760	242880	859664	300699	854283	735246	832867	1509227	1266338	1607004	3109726	3937707	3363971	3702744	4094142	6070197	7816536	11566335	0
FFQ	65	0	0	897258	0	0	24319	58522	215879	225113	7891	22052	43795	38602	138244	47118	36500	31752	72260	207488	114219	233730	135547	336459	304474	163771	259213	896027	268866	853884	828264	874799	1557211	1325087	1641546	3265000	4190916	3514597	3813629	3968008	6137111	7437191	10826698	0
FFQ	66	0	0	1025720	0	0	25812	57336	225634	220930	5068	23685	46656	38733	140092	45176	37669	31883	74613	215606	113172	247014	139356	348950	299690	168035	272770	935560	269913	855366	876544	924953	1606137	1389118	1680967	3432666	4456933	3667891	3938312	3834061	6219919	7039539	10080795	0
FFQ	67	0	0	1161591	0	0	28176	59291	246350	231370	3506	26261	50161	39189	141343	44837	39875	33590	80009	233301	116868	260850	146538	363942	296939	175058	296207	986645	279215	853905	937621	978978	1663657	1453792	1730640	3607329	4734458	3823318	4052032	3700301	6248671	6616936	9268726	0
FFQ	68	0	0	1303950	0	0	29931	58362	258155	226600	2150	28435	53746	40169	142639	42875	42494	34114	83332	243994	116132	276470	150168	373748	294449	182618	312991	1027476	283184	846184	992037	1036987	1708930	1518549	1785327	3782336	5028026	3978747	4176666	3532555	6311972	6197809	8506303	0
FFQ	69	0	0	1448554	0	0	31513	57263	266117	218585	1192	30822	56533	41959	141890	40292	44955	33817	84990	251068	114193	291240	152938	375959	291059	186965	327574	1059265	287802	829834	1039862	1091971	1744607	1573814	1841130	3956880	5361042	4128894	4316055	3345086	6354321	5755877	7833754	0
FFQ	70	0	0	1603991	0	0	34446	59587	297252	231730	713	33376	60383	42619	143415	40027	48280	36493	92159	272462	118841	310362	159167	349984	254320	273245	354026	1109764	301708	812576	1109369	1145302	1794742	1644056	1906769	4154171	5671722	4270715	4432991	3177412	6316700	5301380	7042551	0
FFQ	71	0	0	1764817	0	0	36348	58297	308150	222429	337	37114	64103	43821	143528	38294	51206	36583	94831	283123	118406	327867	164327	353048	254359	287460	377700	1150563	312161	798446	1171343	1208581	1839395	1710658	1976536	4348656	6005496	4412816	4555781	2975731	6305396	4840599	6329582	0
FFQ	72	0	0	1930979	0	0	37452	54971	310687	204010	202	38995	65996	43554	137493	35166	54116	35985	96593	287594	116233	340234	163672	342058	251343	297657	393336	1170389	321062	766288	1222919	1263198	1869510	1768880	2051598	4547673	6392264	4551333	4697121	2760561	6302212	4398019	5685622	0
FFQ	73	0	0	2107486	0	0	40778	56378	339681	207015	144	42638	68433	45044	133946	34690	57475	38404	102328	308034	119288	357966	167589	338696	251963	312164	422896	1205542	337744	738168	1290079	1313027	1910293	1830780	2127867	4763249	6754234	4671708	4820642	2565822	6174194	3938953	5010662	0
FFQ	74	0	0	2292269	0	0	43763	56570	365736	205079	100	46160	72583	47167	134670	33638	61053	39595	107100	324716	122501	379464	171304	334962	259209	330134	453100	1249917	355219	718080	1362639	1367288	1961911	1898703	2207246	4984971	7106143	4779586	4915949	2366199	6027363	3478981	4343924	0
FFQ	75	0	0	2477777	0	0	49054	58015	389858	198665	89	50685	77641	49940	133480	32768	65343	40672	111951	336530	123095	398534	173954	326419	260426	341251	476070	1172208	464930	685854	1414050	1414119	2000191	1952857	2286473	5214216	7499498	4882162	5018555	2155772	5875921	3047442	3747609	0
FFQ	76	0	0	2666117	0	0	34963	37622	298781	147446	68	65551	92190	52453	157451	23539	82169	29061	122070	288605	152535	565626	225911	414007	357965	468674	606185	1652034	633659	1074636	1970144	2288650	2996203	3063563	2848466	7095232	5714887	5250088	3187511	2009636	5568103	1876536	884694	0
FFQ	77	0	0	2802323	0	0	41338	41481	325116	140888	50	55691	75852	46898	114714	23518	69796	33019	112253	291754	130040	453846	174207	301691	295080	394544	529923	1294841	571441	714547	1721962	1816594	2475966	2650063	2902328	7073391	6792032	5473760	3916287	1778277	6081852	2296392	988292	0
FFQ	78	0	0	2962749	0	0	42240	38244	325601	124257	44	52529	68980	44808	94530	22155	69655	34365	109993	299901	121429	422842	155365	250633	274995	369304	523077	1149237	534748	570173	1593519	1580179	2189406	2287767	2733553	6506322	8356684	5398335	4918485	1554307	5508400	2146700	1565446	0
FFQ	79	0	0	3156862	0	0	42263	34749	313411	107543	46	51803	64260	43241	80773	21023	70014	34791	108359	299382	118614	408927	143358	217842	268560	362767	529405	1069506	534352	494124	1549969	1495420	2086014	2158118	2662136	6327075	9508058	5398851	5364465	1338689	5133432	1667151	1734573	0
FFQ	80	0	0	3383654	0	0	43280	33880	329932	104451	38	53912	64247	43937	73976	20509	71125	36574	110657	312914	121859	413003	139192	199947	271644	369026	556828	1043894	546315	450394	1561174	1468837	2069190	2121616	2658631	6375791	10286159	5415832	5507912	1145300	4760026	1289688	1543459	0
FFQ	81	0	0	3643407	0	0	43707	32266	340068	97791	32	56806	64396	45311	71217	19610	74093	37386	114874	325367	127426	426082	137377	186731	279376	381100	589880	1036114	566932	420744	1606040	1474848	2100287	2145234	2687588	6552131	10855858	5419156	5484400	977461	4341811	994012	1240725	0
FFQ	82	0	0	3932613	0	0	43200	28445	330267	83602	30	57468	62653	44967	62688	18146	75440	37143	115175	323319	130760	431778	131817	166840	285494	388230	618208	1011293	589719	389222	1644794	1488588	2138848	2190963	2743419	6796386	11373873	5428476	5379992	834171	3911777	758703	947884	0
FFQ	83	0	0	4256331	0	0	43789	27186	342422	77859	54	59750	61717	44819	56442	17372	77347	38185	118768	335294	137046	439015	127586	152121	293959	399579	653949	998295	614214	364876	1696062	1500024	2197209	2241409	2792405	7056272	11789295	5397448	5189891	698233	3443863	560683	694273	0
FFQ	84	0	0	4624396	0	0	41550	23831	324046	65844	46	59089	57918	43252	47925	15943	77256	37664	118115	328431	141226	441120	121304	133205	298450	404702	677813	964894	634512	336200	1724860	1511370	2238253	2296233	2838183	7312704	12240788	5375145	4971420	576605	2995786	401282	492278	0
FFQ	85	0	0	5053931	0	0	38413	20835	310101	57287	34	56948	53746	41361	40506	14473	75627	37374	117299	328556	143917	434221	112281	117174	300001	408407	702215	923691	648042	307409	1750870	1514916	2282379	2340805	2879490	7564740	12683090	5310645	4700580	470949	2537576	276634	335639	0
FFQ	86	0	0	5564066	0	0	33892	17072	285758	47204	35	53884	48649	38334	34102	12776	74943	37169	116267	328661	148529	432568	105882	104375	304083	415453	734583	898707	668936	286265	1793025	1528784	2340919	2404031	2908278	7828692	12989824	5194057	4353375	375333	2082904	181909	217258	0
FFQ	87	0	0	6157789	0	0	25534	12440	234478	36059	37	45982	39962	32107	25569	10479	70639	35975	111792	314975	146940	413813	95132	88489	300460	410690	748830	847900	677689	262131	1803777	1532635	2382281	2452786	2940623	8074718	13344852	5085644	4001541	293089	1679966	115024	136002	0
FFQ	88	0	0	6875707	0	0	14086	7275	164692	24663	21	32798	27810	23026	17627	7632	65556	36974	107198	320400	146935	399517	86595	77320	300070	414575	777359	810998	695714	245177	1840565	1545330	2442377	2510972	2955989	8305611	13543257	4897739	3593675	223554	1298753	69086	80287	0
FFQ	89	0	0	7676326	0	0	2899	1695	49385	8767	5	10505	8807	8343	6660	3151	57988	36531	97261	299708	133098	358117	71967	63738	289716	405983	769520	743260	703758	223143	1843111	1558695	2482686	2572650	2980159	8550917	13801790	4729868	3199023	165933	983811	40104	45632	0
FFQ	90	0	0	8529805	0	0	0	6	44	355	0	0	8	283	210	211	59974	39371	92096	306662	121531	323418	58802	51034	267425	380552	730351	643254	682361	196743	1763252	1550274	2499550	2602032	2980935	8695003	14114646	4578552	2821312	117158	727472	22185	25388	0
# Last Fragment Qualities. Use `grep ^LFQ | cut -f 2-` to extract this part.
# Columns correspond to qualities and rows to cycles. First column is the cycle number.
LFQ	1	0	0	74368	0	0	0	0	0	0	0	157540	0	0	0	0	0	185072	0	0	687	0	0	26085	205406	0	211262	510437	624096	475580	0	2219021	15297722	0	7631308	27424397	0	0	0	0	0	0	0	0
LFQ	2	0	0	34791	0	0	0	0	0	0	0	154177	0	0	0	0	0	250088	0	0	3063	0	0	47024	186883	0	215768	479852	721979	428516	0	1852209	13246156	0	4285519	33136956	0	0	0	0	0	0	0	0
LFQ	3	0	0	51835	0	0	0	0	0	0	0	153950	0	0	0	0	0	222457	0	0	370	0	0	57060	178610	0	232335	463522	754273	448370	0	1792327	12470875	0	3822157	34394840	0	0	0	0	0	0	0	0
LFQ	4	0	0	55726	0	0	0	0	0	0	0	154237	0	0	0	0	0	89488	0	0	131885	0	0	50980	0	0	175688	223385	12464	365587	0	569844	11854	844557	1369538	0	9258260	0	41729488	0	0	0	0	0
LFQ	5	0	0	42979	0	0	0	0	0	0	0	157423	0	0	0	0	0	91726	0	0	143719	0	0	52394	0	0	176660	227360	13203	372897	0	575322	12650	866803	1397359	0	9432812	0	41479674	0	0	0	0	0
LFQ	6	0	0	0	0	0	0	112	0	17582	0	100182	29152	0	0	24	13385	16897	156530	37057	38403	0	6189	4247	58664	90	176968	197809	28596	244169	116547	539655	97455	919236	1256360	15	8339943	1181786	41465928	0	0	0	0	0
LFQ	7	0	0	0	0	0	62	246	0	19208	0	110983	32291	24	0	92	13906	19220	153170	42770	40207	28	7286	5073	65778	134	189575	215253	40087	233633	125145	569045	99671	946441	1275036	32	8394177	1170807	41273601	0	0	0	0	0
LFQ	8	0	0	23	0	0	114	262	22	20844	0	112270	32232	56	4	97	14224	18699	119721	41600	36669	124	7986	5462	64551	87	189176	213106	56769	232014	124726	568116	100013	968328	1283340	36	8442671	1178779	41210860	0	0	0	0	0
LFQ	9	0	0	0	0	0	223	257	71	21194	1	118016	34292	113	25	87	15619	21181	120684	46724	40834	348	8894	6465	69528	239	199725	85046	236822	188911	134386	591762	77171	868550	833990	633666	2762497	0	5452440	3363931	39109289	0	0	0
LFQ	10	0	0	0	0	0	317	256	113	21121	18	113567	32979	217	21	99	16185	20408	121426	45580	39663	585	8934	6635	68936	475	198575	83590	286607	140286	134074	591851	77733	876143	842853	636880	2793266	14	5515852	3444114	38923608	0	0	0
LFQ	11	0	0	0	0	0	404	273	218	21430	136	112945	32723	300	26	117	16025	19917	117645	44528	38563	705	9129	6654	68170	910	196818	82254	344301	77887	132630	590836	77364	872484	844979	637164	2811632	167	5573923	3523769	38785955	0	0	0
LFQ	12	0	0	198	0	0	449	303	288	22308	357	113371	33438	352	56	120	16370	20664	116652	45892	39908	799	9532	6908	70692	1430	199166	84289	391610	32717	137309	603148	75800	883420	864313	632071	2854400	464	5623965	3637195	38523027	0	0	0
LFQ	13	0	0	0	0	0	535	393	471	24280	598	122746	35811	465	71	169	16925	22637	119864	50860	43934	857	10522	7660	77433	2325	208871	89601	413937	25824	145989	631608	77659	910757	894610	638001	2930908	800	5714122	3770559	38051179	0	0	0
LFQ	14	0	0	0	0	0	569	515	777	24101	977	118840	33946	514	114	205	3548	31814	123701	49994	41964	968	11145	7679	25307	54825	204560	88424	413438	24812	145748	280546	396982	667758	891555	733345	536840	1816812	1640199	4983854	3771269	9988074	27927262	0
LFQ	15	0	0	0	0	0	691	902	1007	26403	1725	129400	36877	600	134	431	4461	34154	123598	54684	46705	1112	12169	8443	27809	61699	215611	94568	428623	26932	155899	295780	417179	684948	931196	748686	561293	1870481	1672649	5105138	3776226	10155880	27328888	0
LFQ	16	0	0	0	0	0	753	1049	1278	27033	2290	128013	36355	738	307	703	4783	35322	125841	55230	46545	1446	12697	8827	29990	64924	215721	95965	430538	28003	158091	302897	421213	691284	943526	763236	574955	1896037	1703978	5194100	3827754	10340493	26871066	0
LFQ	17	0	0	0	0	0	863	1291	1562	30808	3281	137774	39097	924	531	955	5834	39291	130007	60723	52120	1624	14187	9639	34295	73235	227484	102309	448350	30702	168525	321145	440616	711721	985089	778813	601815	1945927	1730106	5315156	3834936	10499683	26262563	0
LFQ	18	0	0	0	0	0	1020	1413	1923	34237	4761	144706	41001	1101	739	1066	6937	40945	132714	62942	53270	1904	15213	10433	37627	80202	230681	104907	455564	32275	172021	335913	448831	722443	1006342	794865	622205	1978260	1768880	5413307	3892611	10671658	25718064	0
LFQ	19	0	0	0	0	0	1136	1597	2241	36549	6457	143707	39845	1296	982	1099	8704	38364	14412	188958	54852	2056	16419	11578	41178	88463	231696	108414	466796	33962	177153	352892	460846	738787	630242	1205312	645195	1751345	1755524	4519938	4566356	11030796	25667834	0
LFQ	20	0	0	1	0	0	1232	1908	2790	42296	9258	155853	42738	1456	1203	1438	10352	43274	18943	189663	59067	2382	18247	12536	47478	99427	238840	114074	474917	36400	186289	376566	476498	747029	652610	1233593	672938	1797711	1791278	4646821	4684225	11132324	25019326	0
LFQ	21	0	0	4	0	0	1480	2189	3502	45527	12429	154745	41451	1662	1584	1682	12472	47217	25034	186370	59316	2696	19645	13270	52550	110236	236400	116430	478180	38160	189741	398564	484781	751932	667874	1257484	701690	1832452	1835810	4761349	4833375	11268872	24394826	0
LFQ	22	0	0	8	0	0	1528	2545	4008	48734	15466	146862	38024	1973	1978	1851	15145	51474	31798	175625	59799	3238	21639	14455	58687	123217	232245	119728	478670	40389	194833	422014	494801	755341	684909	1287346	731901	1870690	1887674	4896966	5000002	11391719	23735699	0
LFQ	23	0	0	10	0	0	1776	3017	5088	56669	21705	153730	37762	2252	2348	2216	18127	57688	39539	168778	64957	3711	24640	16053	67476	146112	232800	127362	483197	43913	205904	459340	514799	758843	714764	1322439	774652	1922228	1936093	5067450	5124006	11509385	22952152	0
LFQ	24	0	0	14	0	0	1978	3430	6212	62317	27898	149974	34474	2651	2699	2556	21858	64044	47276	157249	66118	4362	26898	17595	74143	164836	227750	130618	477311	46095	210892	492992	526040	748946	736226	1345289	812813	1956232	1981890	5246407	4945507	10819335	23400056	0
LFQ	25	0	0	21	0	0	1920	3414	6136	60469	31547	130960	27441	2827	3324	2694	24555	67728	58041	135811	57238	5189	25996	17476	76551	164431	220693	123660	449930	43008	175670	534484	482366	726264	689342	1306517	800907	1785001	2023894	4790669	5325361	9766610	24894836	0
LFQ	26	0	0	90	0	0	1993	3788	7090	65117	39190	120851	22179	3138	3431	2967	28326	73439	63171	120228	57038	5850	27885	18601	80490	183836	211702	126014	428183	45935	180438	562399	485116	685066	702687	1285097	838817	1779698	1992179	4850608	5179217	9973530	24787597	0
LFQ	27	0	0	48	0	0	2201	4519	8726	74757	51441	119117	18832	3576	3964	3536	32771	81779	67802	109976	61010	6364	31479	20089	85324	210484	208444	131749	412861	48943	189339	603311	500050	647956	726505	1276511	888901	1786494	1971268	4942398	5045496	10232019	24432941	0
LFQ	28	0	0	62	0	0	2367	5161	10046	83367	64139	110914	14144	4055	4601	4230	38416	89843	68767	101198	64403	7028	35289	21992	90442	234779	209747	138042	399002	52914	197832	647389	513996	614133	755416	1275316	941094	1792028	1963254	5057078	4925093	10505280	24000124	0
LFQ	29	0	0	89	0	0	2543	5851	12013	92479	78303	99970	9541	4441	5228	4985	44540	100153	67724	94890	66409	8059	39111	24024	94301	254693	219805	143521	385536	56804	204543	704767	527576	584804	783653	1281290	1002713	1797694	1976846	5169626	4836807	10686381	23571268	0
LFQ	30	0	0	118	0	0	2622	6764	14168	100292	92980	84705	5921	5134	6204	5896	50882	107670	61942	90022	67789	9247	40297	26437	99688	269787	232196	149040	367583	61682	208706	759004	541057	550227	817569	1283465	1073704	1794633	1999709	5327267	4767738	10874680	23086156	0
LFQ	31	0	0	181	0	0	2912	8054	16938	110627	111071	71127	3793	5972	7288	6888	59229	117590	54417	89496	70276	10733	45758	28898	104802	285014	249499	156445	352481	67470	215472	822849	560792	518101	856947	1289383	1154809	1794776	2029860	5473991	4682870	11004382	22601790	0
LFQ	32	0	0	165	0	0	3264	9377	19704	115264	126751	55580	2585	6894	8419	8115	66423	123055	45029	90587	73172	12313	50389	32751	109321	297331	265412	166352	340577	74585	225611	877501	582701	488396	901549	1291738	1240424	1791156	2059675	5656286	4593714	11136629	22092563	0
LFQ	33	0	0	346	0	0	2481	7691	17650	100236	121954	38275	2410	7451	9650	8488	72551	129440	36257	76506	60648	14240	47905	33959	106926	271355	289691	153315	285729	75773	187104	930412	531188	413924	877469	1212821	1285506	1574750	2111138	5291349	4932093	10805895	22915275	0
LFQ	34	0	0	323	0	0	2668	8609	19403	99412	128737	25271	2314	7710	9895	8859	74339	122135	26484	77284	61807	14395	50522	34696	105671	270637	275131	156856	271530	79400	196120	900686	535610	385201	897148	1156565	1335455	1528999	2034496	5340932	4596087	10746755	23450333	0
LFQ	35	0	0	192	0	0	2660	9042	21729	95707	130547	15414	2254	8078	10545	10096	77143	113206	19832	75234	60784	15058	51337	35593	104639	267388	263857	159124	254882	83577	198720	881778	534999	361524	913829	1108882	1391613	1471052	1992620	5333297	4359111	10726793	23874984	0
LFQ	36	0	0	205	0	0	2798	10671	25399	101585	143786	9565	2557	8881	11966	11858	84026	109822	16209	79483	65099	16622	55607	38756	108951	278160	256827	168190	255956	92637	209310	882578	550351	357868	959920	1085406	1459481	1439702	1978299	5367552	4164665	10689877	23935317	0
LFQ	37	0	0	406	0	0	2893	12391	29549	104978	154077	5888	2760	10050	13793	13640	92565	105188	15251	84311	69603	18577	60781	42928	115877	290544	253789	179731	262068	104607	222371	894092	571780	363936	1013877	1076709	1538694	1418001	1999976	5420561	4089029	10699668	23679887	0
LFQ	38	0	0	257	0	0	3112	13857	33592	106139	156751	3870	3227	11069	15617	15824	99527	96552	15810	85640	71402	20907	64225	46773	122181	298625	244661	189184	264836	116838	227823	898258	588918	371027	1067079	1065581	1619502	1387182	2027389	5454650	4087142	10731324	23407462	0
LFQ	39	0	0	272	0	0	3226	15896	38268	106661	159132	3248	3599	12709	18410	18375	108343	90091	16683	86561	71971	23591	63999	51435	136970	304869	236828	198986	264471	130275	232791	904883	599498	379573	1119964	1051133	1689022	1360303	2064521	5272500	4273815	10716996	23202967	0
LFQ	40	0	0	313	0	0	3619	17541	43119	105692	157662	3139	4171	13927	20907	20759	114863	79570	18454	87979	73712	26859	66743	56621	147041	312571	225231	210103	269868	146726	239600	905611	617281	392570	1176667	1046415	1755075	1349475	2105774	5311422	4288671	10724668	22891471	0
LFQ	41	0	0	315	0	0	4004	20449	49460	110031	162595	3470	4654	16175	24534	24383	122447	71943	21179	92226	78612	30597	71560	63219	160328	326105	213662	226359	277653	167173	252554	908681	642533	413304	1239816	1046716	1816151	1356879	2148969	5357377	4284209	10735243	22485395	0
LFQ	42	0	0	346	0	0	4377	22660	54937	110794	161722	3646	5359	17596	28169	27506	127249	62363	23386	92764	79366	34490	73800	69282	171408	329957	198369	239781	278300	188929	257799	897621	657982	427035	1286896	1044731	1860163	1358372	2188105	5372470	4317486	10761952	22192916	0
LFQ	43	0	0	381	0	0	4818	25917	63416	116001	166758	3938	6081	20006	32438	31968	133548	55082	26460	97891	83824	39055	78746	77385	188578	342723	185414	258067	288174	212507	271272	896777	686624	451234	1345992	1058964	1906510	1387789	2235733	5412775	4312524	10740829	21783105	0
LFQ	44	0	0	441	0	0	5291	28673	70363	118734	165656	4297	7026	22581	37758	36103	137973	48331	28647	100949	85432	44085	81354	86486	204007	351494	170956	276027	291924	240481	282098	889220	711264	471510	1393304	1077547	1941491	1423582	2280183	5437695	4334801	10730297	21410445	0
LFQ	45	0	0	446	0	0	5697	32021	79092	123002	164007	4718	8029	23649	43252	39097	137247	40047	31689	99694	88747	63176	74097	93805	223952	359734	162502	295099	296057	272024	294087	883113	740466	494866	1440164	1109801	1976064	1461949	2333879	5457606	4255995	10820486	20998400	0
LFQ	46	0	0	496	0	0	6132	34533	85078	124900	158685	5054	8964	25353	47933	42726	132835	34656	34204	101645	90326	69575	76054	101446	238377	358304	144492	313427	298189	301623	306095	856073	763347	518022	1464820	1149771	1994878	1512146	2379101	5462362	4310212	10822148	20653004	0
LFQ	47	0	0	568	0	0	7117	40168	100090	140764	169336	5721	10434	29195	56930	49587	136893	32170	38640	112160	98472	79878	82484	115864	266443	378008	135327	345934	314455	345207	328865	867604	812992	553470	1516755	1212170	2045309	1579482	2438570	5494102	4329958	10685155	20070025	0
LFQ	48	0	0	609	0	0	7879	44662	110699	149384	167734	6372	11848	32063	65778	54845	134775	29792	41908	117833	102793	89217	86041	129346	289004	385421	124136	374256	319650	388783	346282	862518	850692	583423	1549829	1278533	2082363	1639608	2503549	5496934	4415227	10628141	19523669	0
LFQ	49	0	0	663	0	0	8837	50594	125877	164694	171127	7168	13820	35550	75568	61612	132675	28828	45030	124801	107529	99405	90759	143903	282832	414380	110141	403508	334778	434719	363885	852632	893745	617219	1572856	1338901	2050776	1781165	2574398	4951289	5013604	10536776	19008871	0
LFQ	50	0	0	718	0	0	10091	52748	130723	163418	151480	7965	15854	38012	83571	64834	123611	26789	46654	127102	104876	110111	92566	156631	300383	409245	99585	428812	330076	482447	375739	841196	925545	646396	1586758	1413257	2097779	1837007	2649166	4940383	5094953	10459190	18598578	0
LFQ	51	0	0	757	0	0	8366	42868	110381	140761	115733	11029	20495	46427	116638	75185	142802	20047	41378	114840	77782	160303	106789	218552	391944	485417	128095	538545	320576	826145	381021	1346857	1189786	798831	2586529	1901449	2558530	2141780	5207383	7112913	10089042	9869014	5578609	0
LFQ	52	0	0	765	0	0	9877	47974	121363	147613	106381	9671	19054	40833	103181	67461	101764	20807	43323	117032	85464	137528	97274	190779	341995	380410	87834	499625	302631	663926	376103	945976	1090277	794455	1898664	1801851	2269516	2060145	3656982	6181897	9699873	13072267	7430373	0
LFQ	53	0	0	780	0	0	10569	48474	122296	148271	92139	9333	19036	39064	97948	62996	82200	21542	44744	120884	86215	137004	93847	186470	322823	339812	72969	490006	291243	615534	387482	779316	1020548	760160	1610359	1723235	2237329	2049996	2966391	5292235	6992955	12330907	13315112	0
LFQ	54	0	0	830	0	0	11525	51150	130638	158792	84950	9930	19995	38602	100057	62747	71080	22800	47071	131027	90374	140661	94896	191859	321032	327356	68019	501470	293847	619409	409845	711576	1024257	764768	1501439	1743427	2321539	2091565	2818769	4829850	5884474	10634670	16695273	0
LFQ	55	0	0	24257	0	0	12094	51894	135222	164262	73560	10232	22032	37422	105445	65205	63836	22806	49615	137948	89335	144969	101530	203374	324192	218988	164513	524825	288398	646527	430442	683676	1046802	784188	1452142	1813095	2431967	2149493	2770708	4653655	5537055	9886291	17698899	0
LFQ	56	0	0	62308	0	0	13292	53398	141587	173038	64967	11057	23513	37310	109912	64310	56403	22774	51503	144933	89447	153468	104217	214754	325512	205210	170386	548013	287391	671345	452172	667717	1075881	814362	1428409	1904661	2549690	2229582	2821970	4512555	5458386	9507124	17797573	0
LFQ	57	0	0	114016	0	0	14115	53945	147270	180172	56353	11953	25374	37878	115320	64809	51919	23438	53768	152201	89299	163402	108313	228764	328676	194120	176989	575945	285365	702312	476471	661256	1116424	852129	1416124	2006105	2684841	2326932	2889661	4418741	5467343	9215476	17532014	0
LFQ	58	0	0	179618	0	0	15348	57276	159304	196583	50708	13261	28297	39269	123360	65173	48241	24249	56859	166272	92224	175402	114637	247084	337332	189029	188507	614193	290816	738843	511944	668542	1172047	901790	1428698	2127500	2824275	2444254	2969505	4363883	5500467	8926220	16967500	0
LFQ	59	0	0	257103	0	0	16787	60131	173488	214689	45186	14787	31038	41058	133940	63277	46395	25248	60245	183493	94119	178020	116327	287716	324148	176029	192707	695404	294499	782158	548050	685929	1228682	954004	1440260	2259532	2979864	2564366	3066414	4309773	5486600	8667606	16318689	0
LFQ	60	0	0	344868	0	0	18048	59931	179567	219972	36341	15891	34210	41609	140952	62199	44419	25253	61965	191440	91350	190001	120546	305555	324449	170872	201240	730392	293920	812082	579295	704623	1278720	1003799	1453822	2388712	3149202	2685347	3173405	4236076	5607614	8427304	15612009	0
LFQ	61	0	0	443726	0	0	19363	61952	193094	233323	30188	17520	36954	41963	147840	60781	43350	25973	65081	205822	91961	202276	127247	327280	321904	168817	213716	775027	297748	838690	617341	728782	1333202	1060105	1468080	2528463	3329487	2819722	3275197	4175239	5703594	8153280	14832158	0
LFQ	62	0	0	550091	0	0	20194	58667	189678	220750	21336	18699	39025	40650	145454	56313	41430	24743	65686	209767	84226	210366	128062	336237	309597	162998	220522	800061	292479	846759	645082	753718	1371738	1105485	1481147	2659990	3543363	2949601	3402186	4061721	5865863	7891309	14190505	0
LFQ	63	0	0	669632	0	0	21626	59429	201290	229148	16631	19883	41585	40437	146815	53300	41713	25311	69359	223861	83498	221548	133322	352113	300981	162506	232692	840072	293745	852291	685178	783048	1416696	1163433	1494737	2795214	3779267	3097951	3510240	3965853	5958941	7574818	13456524	0
LFQ	64	0	0	797919	0	0	23426	60972	214435	237294	12397	21487	44376	40660	149404	51357	42594	25934	72187	238086	82337	232831	137420	367567	293959	164381	247586	879626	299470	855113	728256	814595	1461622	1212414	1518969	2933626	4023732	3237850	3633650	3842632	6049381	7240100	12724240	0
LFQ	65	0	0	936947	0	0	24348	59352	221944	234159	8589	23376	47375	40881	151708	49530	38299	32050	74348	211786	117429	246258	142388	354479	315642	167196	261034	911402	264496	858585	814453	858705	1508006	1271620	1549855	3083894	4288030	3385914	3764020	3728170	6139890	6891751	11935131	0
LFQ	66	0	0	1083454	0	0	25792	58967	232593	232700	5699	24903	50141	40553	150464	46797	39108	32655	77538	222554	116550	256758	145167	363873	307873	170958	277356	949724	268420	851184	864662	904220	1551417	1329367	1585650	3239171	4569359	3542052	3897812	3596602	6216973	6536625	11146583	0
LFQ	67	0	0	1241350	0	0	28260	61121	256303	244071	3849	27528	53931	41893	154121	46360	41742	33997	82351	239613	120448	276013	153234	381111	305510	178401	298842	1001361	275524	851387	920939	956166	1606365	1396154	1631049	3404463	4849901	3698292	4028641	3460346	6265976	6126684	10268179	0
LFQ	68	0	0	1404909	0	0	29413	58333	257485	228728	2169	29345	56145	41539	150373	42938	43321	34155	83265	243649	117142	286865	154167	382528	300318	182927	310996	1027440	277910	834334	967069	1006656	1641677	1448568	1677585	3568404	5173328	3852597	4176812	3290379	6368795	5761624	9496722	0
LFQ	69	0	0	1580785	0	0	31654	60225	283672	239257	1335	31919	59321	42579	151862	41708	46042	35984	89095	264567	120484	302602	160051	392607	298268	190893	335806	1077954	290671	817545	1033468	1059502	1690953	1512996	1731467	3746500	5486731	4004141	4307116	3137336	6354003	5348898	8649675	0
LFQ	70	0	0	1761716	0	0	32954	57502	285753	221432	743	34034	61554	42635	147269	38871	49032	35271	91062	267680	117472	316937	161586	353875	256253	275127	350554	1104600	296142	798403	1076425	1116965	1725670	1569980	1789884	3925583	5832796	4154486	4467077	2945472	6425425	4935521	7885065	0
LFQ	71	0	0	1956055	0	0	35108	55783	295858	213838	484	36804	65106	43539	146189	37093	51804	36007	94965	278065	118057	334397	164371	353379	254134	286766	370449	1138559	304094	775950	1131968	1169845	1763441	1629732	1844630	4105132	6198936	4298713	4608064	2753030	6428616	4507508	7121419	0
LFQ	72	0	0	2160652	0	0	36663	56217	315638	213805	324	39337	66978	44347	141873	35656	54909	36759	98213	293632	118805	348132	166418	349110	253330	298407	393957	1165995	317016	744957	1189432	1215519	1795605	1685621	1908927	4298669	6570522	4433797	4751968	2562906	6385848	4085342	6371689	0
LFQ	73	0	0	2375239	0	0	37828	52341	317120	196209	237	41716	68309	44475	137067	33283	57105	36720	100591	297108	118644	363298	167674	338316	253037	309731	415528	1188940	328161	716331	1242648	1265076	1829989	1738908	1974338	4496112	6970237	4573018	4905174	2364216	6323567	3676907	5650802	0
LFQ	74	0	0	2603134	0	0	39830	51248	330231	187559	196	44011	70218	45318	130571	31396	59967	37295	103128	309388	118079	374162	167778	327031	253705	320339	440704	1206027	344021	681139	1298078	1305291	1867840	1794888	2046332	4706058	7373362	4695208	5044653	2179839	6200229	3267064	4949675	0
LFQ	75	0	0	2845590	0	0	41447	50520	349476	182975	166	46270	71391	46287	124268	30278	62804	38999	109037	324719	121886	391338	168786	315817	258805	335221	470736	1140011	455490	649285	1362993	1349389	1913046	1853813	2120451	4940591	7754807	4800834	5144986	1995205	6021490	2863130	4251737	0
LFQ	76	0	0	3100055	0	0	42571	47846	354670	169195	167	49231	71948	46587	116730	28269	65169	39384	111188	329540	121837	403251	165958	299361	261701	345382	493179	1140603	476083	615067	1414785	1386341	1951105	1904227	2191107	5165141	8180000	4906957	5248547	1797825	5850377	2482161	3629486	0
LFQ	77	0	0	3375864	0	0	45044	48161	384187	169280	155	52703	74090	48601	113629	28394	69449	41260	117507	352199	128132	425380	168826	292158	271300	362132	533423	1166763	502073	587263	1489145	1422922	2001013	1964455	2258554	5399258	8543989	4979661	5298616	1618879	5546229	2103358	3017995	0
LFQ	78	0	0	3668308	0	0	46608	45903	391200	156176	164	56782	77921	50569	111608	26470	72302	40712	120165	356068	130828	443238	168729	278314	278902	374779	559953	1178548	524311	561562	1543598	1461950	2050338	2018809	2319730	5637948	8943122	5043091	5325531	1429991	5267392	1753911	2485426	0
LFQ	79	0	0	3981447	0	0	47759	43654	400469	143819	164	59470	78494	51086	103065	25292	76144	41676	123489	367172	135025	460246	167916	260071	289283	390083	595687	1183677	550113	530412	1609103	1495105	2109319	2083767	2388780	5896347	9306645	5088692	5312115	1260007	4914053	1438610	1991670	0
LFQ	80	0	0	4316649	0	0	50266	42837	425849	138740	183	62625	78249	52240	94282	24880	79581	43852	128745	385788	140562	474244	165256	242374	298224	405117	633943	1185648	579844	497890	1672854	1522349	2166318	2143999	2450158	6162135	9648815	5104157	5246547	1100776	4515958	1154605	1562264	0
LFQ	81	0	0	4674661	0	0	48970	38882	412166	121191	182	65913	78153	52041	88880	22460	81703	42285	130599	379819	145115	489464	161189	223671	306918	414116	661706	1177511	601998	467866	1722765	1545856	2217457	2200289	2499634	6403782	10043373	5129736	5162400	937293	4136820	905465	1205315	0
LFQ	82	0	0	5066135	0	0	48682	34931	405737	105928	166	65432	74877	51198	77316	21118	82016	42577	130291	379521	148429	490313	154529	199663	311219	421157	687954	1148027	620640	429771	1759491	1555513	2261278	2245171	2544307	6658532	10466310	5131211	5054868	794595	3724750	690766	911972	0
LFQ	83	0	0	5504338	0	0	47144	32255	405586	96661	150	65945	73063	50498	69488	19884	82857	42671	132706	389472	153258	495683	148689	181227	318323	431160	725059	1126639	643085	397879	1806838	1565125	2313570	2291410	2583920	6906134	10836204	5085230	4866597	664767	3269148	510273	662106	0
LFQ	84	0	0	5991417	0	0	45129	28287	388313	81775	141	64345	67554	48181	59345	18123	82169	42331	131052	380823	155499	490830	139798	158635	319742	433339	749301	1086922	659887	366990	1835329	1569640	2363184	2345199	2619114	7157613	11212119	5039742	4654786	547330	2827691	365473	466491	0
LFQ	85	0	0	6559351	0	0	42264	25380	383407	73356	155	64044	64705	47204	52404	16945	82473	42812	132266	390856	162194	496540	134544	144608	326422	441152	786969	1068187	680000	341849	1887400	1584324	2418939	2395447	2639663	7392179	11456110	4928052	4352797	443060	2370893	250627	312584	0
LFQ	86	0	0	7202973	0	0	37056	20609	340421	59031	134	59519	57184	42593	42490	14816	79274	41547	128620	377669	163684	483125	123115	123775	325300	442167	807940	1019374	694139	313463	1907182	1588640	2469067	2451818	2661458	7630811	11735695	4828663	4040736	349746	1959391	164388	202969	0
LFQ	87	0	0	7963968	0	0	27539	14791	281634	45152	80	50028	46359	35903	32448	11942	74349	40343	122908	369442	161758	462452	111256	106370	320788	438117	826963	966189	701961	285967	1924035	1589250	2514089	2499512	2675411	7851348	11989467	4681675	3697999	271769	1565634	104524	125409	0
LFQ	88	0	0	8845422	0	0	14683	8349	188170	29171	41	34371	30979	24999	21113	8565	67192	40081	114597	360429	155589	433537	97758	89988	314448	432771	836606	905012	712407	261824	1931724	1591249	2560877	2551125	2683219	8058235	12171516	4518912	3331258	205931	1218175	62319	74278	0
LFQ	89	0	0	9841326	0	0	3106	2078	61294	12023	5	11265	10539	9606	8642	3869	61231	41459	107959	356855	145935	402562	87341	77095	308301	430995	851255	854820	725175	241836	1953182	1596454	2601440	2599516	2676989	8234333	12281980	4309632	2935210	151637	910321	35959	41485	0
LFQ	90	0	0	10869957	0	0	0	3	55	434	0	0	4	290	299	212	61246	43115	98080	346082	127911	348516	68037	58027	280314	395523	787240	725923	696447	209234	1850100	1588514	2620189	2637268	2678339	8397385	12520741	4166964	2582825	107696	672692	19538	23055	0
# GC Content of first fragments. Use `grep ^GCF | cut -f 2-` to extract this part.
GCF	0.50	30
GCF	1.51	25
GCF	2.26	61
GCF	2.76	62
GCF	3.52	75
GCF	4.52	95
GCF	5.28	96
GCF	5.78	135
GCF	6.28	133
GCF	6.78	174
GCF	7.29	175
GCF	8.04	277
GCF	9.05	400
GCF	9.80	613
GCF	10.30	612
GCF	10.80	611
GCF	11.31	1026
GCF	11.81	1025
GCF	12.31	1743
GCF	12.81	1746
GCF	13.32	3139
GCF	13.82	3143
GCF	14.32	5770
GCF	14.82	5775
GCF	15.33	11051
GCF	15.83	11053
GCF	16.33	11051
GCF	16.83	21034
GCF	17.34	21044
GCF	17.84	37130
GCF	18.34	37132
GCF	18.84	62078
GCF	19.35	62090
GCF	19.85	95822
GCF	20.35	95833
GCF	20.85	95835
GCF	21.36	142703
GCF	21.86	142723
GCF	22.36	205081
GCF	22.86	205106
GCF	23.62	281990
GCF	24.37	373050
GCF	24.87	373070
GCF	25.38	477538
GCF	25.88	477563
GCF	26.38	477582
GCF	26.88	595538
GCF	27.39	595561
GCF	27.89	719093
GCF	28.39	719127
GCF	28.89	850761
GCF	29.40	850819
GCF	29.90	983775
GCF	30.40	983943
GCF	30.90	1119388
GCF	31.41	1119515
GCF	31.91	1119475
GCF	32.41	1251525
GCF	32.91	1251517
GCF	33.42	1383563
GCF	33.92	1383685
GCF	34.42	1509585
GCF	34.92	1509668
GCF	35.43	1621841
GCF	35.93	1622037
GCF	36.43	1723744
GCF	36.93	1723954
GCF	37.44	1723980
GCF	37.94	1818000
GCF	38.44	1818147
GCF	38.94	1890812
GCF	39.45	1890942
GCF	39.95	1947494
GCF	40.45	1947734
GCF	40.95	1985166
GCF	41.46	1985125
GCF	41.96	1985146
GCF	42.46	2004303
GCF	42.96	2004352
GCF	43.47	2008147
GCF	43.97	2008220
GCF	44.47	1998020
GCF	44.97	1997958
GCF	45.48	1980331
GCF	45.98	1980383
GCF	46.48	1945808
GCF	46.98	1945776
GCF	47.49	1945748
GCF	47.99	1904785
GCF	48.49	1904777
GCF	48.99	1864683
GCF	49.50	1864676
GCF	50.00	1817458
GCF	50.50	1817464
GCF	51.01	1761648
GCF	51.51	1761719
GCF	52.01	1707385
GCF	52.51	1707396
GCF	53.02	1707371
GCF	53.52	1644657
GCF	54.02	1644650
GCF	54.52	1577735
GCF	55.03	1577703
GCF	55.53	1511939
GCF	56.03	1511937
GCF	56.53	1430570
GCF	57.04	1430588
GCF	57.54	1339380
GCF	58.04	1339323
GCF	58.54	1339335
GCF	59.05	1237227
GCF	59.55	1237173
GCF	60.05	1115315
GCF	60.55	1115260
GCF	61.06	985146
GCF	61.56	985095
GCF	62.06	856837
GCF	62.56	856813
GCF	63.07	856823
GCF	63.57	724431
GCF	64.07	724420
GCF	64.57	601581
GCF	65.08	601566
GCF	65.58	486622
GCF	66.08	486582
GCF	66.58	386176
GCF	67.09	386172
GCF	67.59	298913
GCF	68.09	298724
GCF	68.59	298514
GCF	69.10	223470
GCF	69.60	223322
GCF	70.10	164588
GCF	70.60	164510
GCF	71.11	118892
GCF	71.61	118808
GCF	72.11	83752
GCF	72.61	83674
GCF	73.12	58535
GCF	73.62	58470
GCF	74.12	58369
GCF	74.62	40323
GCF	75.13	40257
GCF	75.63	27738
GCF	76.13	27705
GCF	76.63	18700
GCF	77.14	18684
GCF	77.64	12298
GCF	78.14	12275
GCF	78.64	8276
GCF	79.15	8264
GCF	79.65	8241
GCF	80.15	5233
GCF	80.65	5212
GCF	81.16	3242
GCF	81.66	3237
GCF	82.16	2021
GCF	82.66	2020
GCF	83.17	1068
GCF	83.67	1067
GCF	84.17	1066
GCF	84.67	518
GCF	85.18	517
GCF	85.68	288
GCF	86.18	286
GCF	86.68	121
GCF	87.19	118
GCF	87.94	60
GCF	89.20	35
GCF	90.45	12
GCF	91.46	5
GCF	92.96	1
GCF	94.72	2
GCF	95.98	3
# GC Content of last fragments. Use `grep ^GCL | cut -f 2-` to extract this part.
GCL	0.50	54
GCL	1.51	72
GCL	2.51	94
GCL	3.52	119
GCL	4.52	144
GCL	5.28	145
GCL	5.78	155
GCL	6.28	157
GCL	6.78	203
GCL	7.29	204
GCL	7.79	274
GCL	8.29	275
GCL	9.05	445
GCL	9.80	608
GCL	10.55	609
GCL	11.56	1047
GCL	12.31	1823
GCL	12.81	1822
GCL	13.32	3215
GCL	13.82	3219
GCL	14.32	5896
GCL	14.82	5904
GCL	15.33	11169
GCL	15.83	11185
GCL	16.33	11188
GCL	16.83	20185
GCL	17.34	20207
GCL	17.84	36467
GCL	18.34	36473
GCL	18.84	60470
GCL	19.35	60488
GCL	19.85	92969
GCL	20.35	92970
GCL	20.85	92981
GCL	21.36	138727
GCL	21.86	138714
GCL	22.36	199432
GCL	22.86	199454
GCL	23.37	276523
GCL	23.87	276519
GCL	24.37	365718
GCL	24.87	365760
GCL	25.38	468206
GCL	25.88	468224
GCL	26.38	468243
GCL	26.88	583147
GCL	27.39	583167
GCL	27.89	705775
GCL	28.39	705816
GCL	28.89	836243
GCL	29.40	836281
GCL	29.90	969987
GCL	30.40	970162
GCL	30.90	1105796
GCL	31.41	1105900
GCL	31.91	1105846
GCL	32.41	1242977
GCL	32.91	1242984
GCL	33.42	1372373
GCL	33.92	1372516
GCL	34.42	1498080
GCL	34.92	1498186
GCL	35.43	1612367
GCL	35.93	1612599
GCL	36.43	1717801
GCL	36.93	1717948
GCL	37.44	1718073
GCL	37.94	1814360
GCL	38.44	1814504
GCL	38.94	1889723
GCL	39.45	1889817
GCL	39.95	1946448
GCL	40.45	1946662
GCL	40.95	1986219
GCL	41.46	1986256
GCL	41.96	1986284
GCL	42.46	2007390
GCL	42.96	2007422
GCL	43.47	2010263
GCL	43.97	2010217
GCL	44.47	2005116
GCL	44.97	2005062
GCL	45.48	1984655
GCL	45.98	1984739
GCL	46.48	1953390
GCL	46.98	1953405
GCL	47.49	1953383
GCL	47.99	1917735
GCL	48.49	1917754
GCL	48.99	1872259
GCL	49.50	1872216
GCL	50.00	1824797
GCL	50.50	1824827
GCL	51.01	1772257
GCL	51.51	1772210
GCL	52.01	1717489
GCL	52.51	1717497
GCL	53.02	1717427
GCL	53.52	1649909
GCL	54.02	1649881
GCL	54.52	1586471
GCL	55.03	1586496
GCL	55.53	1518309
GCL	56.03	1518248
GCL	56.53	1437097
GCL	57.04	1437074
GCL	57.54	1343622
GCL	58.04	1343496
GCL	58.54	1343470
GCL	59.05	1241935
GCL	59.55	1241906
GCL	60.05	1123521
GCL	60.55	1123569
GCL	61.06	991832
GCL	61.56	991819
GCL	62.06	859087
GCL	62.56	859052
GCL	63.07	859048
GCL	63.57	728918
GCL	64.07	728816
GCL	64.57	605717
GCL	65.08	605668
GCL	65.58	490447
GCL	66.08	490388
GCL	66.58	391174
GCL	67.09	391116
GCL	67.59	301229
GCL	68.09	301060
GCL	68.59	300858
GCL	69.10	226948
GCL	69.60	226820
GCL	70.10	166086
GCL	70.60	165997
GCL	71.11	120745
GCL	71.61	120621
GCL	72.11	85483
GCL	72.61	85382
GCL	73.12	59017
GCL	73.62	58919
GCL	74.12	58885
GCL	74.62	40652
GCL	75.13	40597
GCL	75.63	27949
GCL	76.13	27929
GCL	76.63	18926
GCL	77.14	18882
GCL	77.64	12384
GCL	78.14	12359
GCL	78.64	8401
GCL	79.15	8387
GCL	79.65	8377
GCL	80.15	5170
GCL	80.65	5152
GCL	81.16	3301
GCL	81.66	3294
GCL	82.16	1881
GCL	82.66	1875
GCL	83.42	1058
GCL	84.17	1057
GCL	84.67	585
GCL	85.18	583
GCL	85.68	338
GCL	86.18	336
GCL	86.93	187
GCL	87.69	124
GCL	88.19	123
GCL	89.20	82
GCL	90.20	86
GCL	90.70	85
GCL	91.46	64
GCL	92.46	63
GCL	93.47	65
GCL	94.72	49
GCL	95.98	47
GCL	96.98	37
GCL	97.99	45
GCL	99.25	28
# ACGT content per cycle. Use `grep ^GCC | cut -f 2-` to extract this part. The columns are: cycle; A,C,G,T base counts as a percentage of all A/C/G/T bases [%]; and N and O counts as a percentage of all A/C/G/T bases [%]
GCC	1	28.32	21.47	21.38	28.83	0.07	0.00
GCC	2	27.55	22.22	22.15	28.07	0.07	0.00
GCC	3	27.68	22.08	22.02	28.22	0.05	0.00
GCC	4	27.37	22.38	22.32	27.93	0.05	0.00
GCC	5	27.60	22.13	22.08	28.19	0.04	0.00
GCC	6	27.06	22.67	22.61	27.66	0.00	0.00
GCC	7	27.41	22.32	22.25	28.02	0.00	0.00
GCC	8	27.56	22.14	22.09	28.20	0.00	0.00
GCC	9	27.47	22.23	22.19	28.12	0.00	0.00
GCC	10	27.42	22.26	22.21	28.11	0.00	0.00
GCC	11	27.38	22.31	22.25	28.06	0.00	0.00
GCC	12	27.35	22.33	22.28	28.05	0.00	0.00
GCC	13	27.42	22.26	22.19	28.14	0.00	0.00
GCC	14	27.43	22.23	22.17	28.16	0.00	0.00
GCC	15	27.37	22.29	22.23	28.11	0.00	0.00
GCC	16	27.34	22.31	22.26	28.09	0.00	0.00
GCC	17	27.32	22.33	22.27	28.08	0.00	0.00
GCC	18	27.22	22.43	22.35	28.00	0.00	0.00
GCC	19	27.21	22.42	22.35	28.02	0.00	0.00
GCC	20	27.18	22.45	22.38	27.98	0.00	0.00
GCC	21	27.09	22.53	22.46	27.92	0.00	0.00
GCC	22	27.10	22.52	22.45	27.93	0.00	0.00
GCC	23	27.07	22.54	22.47	27.92	0.00	0.00
GCC	24	27.02	22.58	22.51	27.88	0.00	0.00
GCC	25	27.04	22.56	22.49	27.91	0.00	0.00
GCC	26	27.01	22.59	22.51	27.90	0.00	0.00
GCC	27	26.95	22.63	22.56	27.86	0.00	0.00
GCC	28	26.94	22.63	22.57	27.86	0.00	0.00
GCC	29	26.92	22.65	22.58	27.85	0.00	0.00
GCC	30	26.87	22.70	22.61	27.81	0.00	0.00
GCC	31	26.89	22.67	22.59	27.85	0.00	0.00
GCC	32	26.88	22.69	22.60	27.83	0.00	0.00
GCC	33	26.84	22.72	22.63	27.81	0.00	0.00
GCC	34	26.84	22.71	22.62	27.84	0.00	0.00
GCC	35	26.81	22.73	22.64	27.82	0.00	0.00
GCC	36	26.76	22.76	22.69	27.78	0.00	0.00
GCC	37	26.79	22.74	22.66	27.81	0.00	0.00
GCC	38	26.77	22.77	22.67	27.79	0.00	0.00
GCC	39	26.72	22.80	22.72	27.76	0.00	0.00
GCC	40	26.72	22.79	22.71	27.78	0.00	0.00
GCC	41	26.71	22.80	22.73	27.77	0.00	0.00
GCC	42	26.67	22.84	22.76	27.73	0.00	0.00
GCC	43	26.69	22.82	22.73	27.76	0.00	0.00
GCC	44	26.67	22.83	22.75	27.76	0.00	0.00
GCC	45	26.64	22.87	22.77	27.73	0.00	0.00
GCC	46	26.65	22.84	22.76	27.75	0.00	0.00
GCC	47	26.64	22.85	22.77	27.73	0.00	0.00
GCC	48	26.60	22.89	22.81	27.71	0.00	0.00
GCC	49	26.61	22.88	22.79	27.72	0.00	0.00
GCC	50	26.59	22.89	22.81	27.70	0.00	0.00
GCC	51	26.55	22.93	22.85	27.67	0.00	0.00
GCC	52	26.56	22.92	22.83	27.69	0.00	0.00
GCC	53	26.56	22.92	22.83	27.69	0.00	0.00
GCC	54	26.51	22.96	22.87	27.65	0.00	0.00
GCC	55	26.53	22.95	22.86	27.67	0.00	0.00
GCC	56	26.50	22.98	22.87	27.66	0.00	0.00
GCC	57	26.47	23.00	22.89	27.64	0.00	0.00
GCC	58	26.47	22.99	22.90	27.63	0.00	0.00
GCC	59	26.47	22.98	22.90	27.64	0.00	0.00
GCC	60	26.44	23.03	22.94	27.59	0.00	0.00
GCC	61	26.43	23.03	22.93	27.61	0.00	0.00
GCC	62	26.42	23.04	22.95	27.59	0.00	0.00
GCC	63	26.40	23.06	22.98	27.56	0.00	0.00
GCC	64	26.40	23.05	22.97	27.58	0.00	0.00
GCC	65	26.40	23.06	22.97	27.58	0.00	0.00
GCC	66	26.36	23.09	23.01	27.54	0.00	0.00
GCC	67	26.36	23.09	23.01	27.54	0.00	0.00
GCC	68	26.36	23.10	23.01	27.53	0.00	0.00
GCC	69	26.32	23.14	23.05	27.49	0.00	0.00
GCC	70	26.33	23.12	23.04	27.51	0.00	0.00
GCC	71	26.31	23.12	23.05	27.51	0.00	0.00
GCC	72	26.28	23.16	23.09	27.47	0.00	0.00
GCC	73	26.28	23.16	23.08	27.48	0.00	0.00
GCC	74	26.28	23.17	23.08	27.47	0.00	0.00
GCC	75	26.24	23.21	23.12	27.44	0.00	0.00
GCC	76	26.27	23.17	23.09	27.47	0.00	0.00
GCC	77	26.26	23.18	23.11	27.45	0.00	0.00
GCC	78	26.21	23.24	23.15	27.40	0.00	0.00
GCC	79	26.22	23.22	23.14	27.42	0.00	0.00
GCC	80	26.21	23.23	23.15	27.41	0.00	0.00
GCC	81	26.18	23.26	23.19	27.37	0.00	0.00
GCC	82	26.18	23.26	23.18	27.38	0.00	0.00
GCC	83	26.18	23.27	23.18	27.37	0.00	0.00
GCC	84	26.13	23.32	23.22	27.33	0.00	0.00
GCC	85	26.15	23.31	23.21	27.34	0.00	0.00
GCC	86	26.14	23.31	23.22	27.33	0.00	0.00
GCC	87	26.11	23.33	23.25	27.30	0.00	0.00
GCC	88	26.10	23.34	23.25	27.30	0.00	0.00
GCC	89	26.09	23.36	23.26	27.29	0.00	0.00
GCC	90	26.05	23.39	23.32	27.25	0.00	0.00
# ACGT content per cycle, read oriented. Use `grep ^GCT | cut -f 2-` to extract this part. The columns are: cycle; A,C,G,T base counts as a percentage of all A/C/G/T bases [%]
GCT	1	28.82	22.72	20.13	28.33
GCT	2	28.79	22.47	21.91	26.83
GCT	3	27.76	22.44	21.66	28.14
GCT	4	27.11	22.64	22.06	28.19
GCT	5	27.64	22.01	22.20	28.15
GCT	6	27.64	22.74	22.54	27.08
GCT	7	27.60	22.26	22.31	27.82
GCT	8	27.72	22.44	21.79	28.05
GCT	9	27.31	22.68	21.74	28.28
GCT	10	27.54	22.60	21.87	27.99
GCT	11	27.48	22.69	21.87	27.96
GCT	12	27.50	22.76	21.85	27.90
GCT	13	27.60	22.62	21.83	27.95
GCT	14	27.61	22.58	21.83	27.98
GCT	15	27.53	22.68	21.84	27.94
GCT	16	27.48	22.70	21.87	27.95
GCT	17	27.46	22.70	21.90	27.94
GCT	18	27.34	22.85	21.93	27.88
GCT	19	27.34	22.81	21.97	27.88
GCT	20	27.33	22.82	22.01	27.84
GCT	21	27.24	22.94	22.05	27.76
GCT	22	27.28	22.89	22.09	27.75
GCT	23	27.27	22.91	22.09	27.73
GCT	24	27.21	22.97	22.12	27.70
GCT	25	27.27	22.93	22.12	27.68
GCT	26	27.24	22.91	22.18	27.66
GCT	27	27.21	22.98	22.21	27.60
GCT	28	27.25	22.96	22.24	27.55
GCT	29	27.22	22.96	22.27	27.55
GCT	30	27.17	23.01	22.31	27.51
GCT	31	27.23	22.98	22.28	27.51
GCT	32	27.18	22.98	22.31	27.53
GCT	33	27.15	23.04	22.32	27.49
GCT	34	27.19	23.00	22.33	27.48
GCT	35	27.17	23.01	22.36	27.46
GCT	36	27.12	23.06	22.39	27.43
GCT	37	27.17	23.02	22.38	27.43
GCT	38	27.15	23.01	22.42	27.42
GCT	39	27.09	23.07	22.45	27.39
GCT	40	27.11	23.05	22.45	27.39
GCT	41	27.10	23.05	22.47	27.38
GCT	42	27.06	23.12	22.48	27.34
GCT	43	27.08	23.08	22.47	27.37
GCT	44	27.06	23.07	22.50	27.36
GCT	45	27.04	23.13	22.51	27.33
GCT	46	27.07	23.08	22.52	27.33
GCT	47	27.06	23.06	22.57	27.32
GCT	48	27.01	23.10	22.59	27.30
GCT	49	27.04	23.08	22.59	27.28
GCT	50	27.02	23.07	22.63	27.27
GCT	51	26.96	23.14	22.64	27.26
GCT	52	26.99	23.11	22.64	27.26
GCT	53	26.98	23.10	22.65	27.28
GCT	54	26.92	23.15	22.68	27.25
GCT	55	26.96	23.10	22.71	27.24
GCT	56	26.94	23.11	22.73	27.22
GCT	57	26.92	23.12	22.77	27.19
GCT	58	26.93	23.11	22.79	27.18
GCT	59	26.93	23.09	22.80	27.18
GCT	60	26.88	23.14	22.83	27.15
GCT	61	26.90	23.11	22.85	27.14
GCT	62	26.87	23.12	22.87	27.14
GCT	63	26.84	23.15	22.89	27.12
GCT	64	26.87	23.11	22.91	27.11
GCT	65	26.86	23.10	22.93	27.11
GCT	66	26.83	23.14	22.96	27.07
GCT	67	26.85	23.12	22.97	27.05
GCT	68	26.84	23.10	23.01	27.05
GCT	69	26.80	23.14	23.04	27.01
GCT	70	26.83	23.11	23.06	27.01
GCT	71	26.82	23.10	23.08	27.01
GCT	72	26.78	23.16	23.09	26.97
GCT	73	26.81	23.13	23.11	26.95
GCT	74	26.80	23.12	23.13	26.95
GCT	75	26.76	23.14	23.19	26.91
GCT	76	26.79	23.13	23.14	26.94
GCT	77	26.79	23.10	23.19	26.92
GCT	78	26.76	23.15	23.24	26.85
GCT	79	26.79	23.11	23.25	26.85
GCT	80	26.78	23.11	23.28	26.84
GCT	81	26.75	23.15	23.31	26.80
GCT	82	26.76	23.14	23.30	26.80
GCT	83	26.75	23.13	23.32	26.80
GCT	84	26.69	23.19	23.35	26.77
GCT	85	26.73	23.16	23.36	26.76
GCT	86	26.73	23.14	23.39	26.74
GCT	87	26.72	23.16	23.43	26.70
GCT	88	26.72	23.15	23.45	26.68
GCT	89	26.72	23.13	23.48	26.66
GCT	90	26.68	23.17	23.53	26.62
# ACGT content per cycle for first fragments. Use `grep ^FBC | cut -f 2-` to extract this part. The columns are: cycle; A,C,G,T base counts as a percentage of all A/C/G/T bases [%]; and N and O counts as a percentage of all A/C/G/T bases [%]
FBC	1	28.31	21.46	21.41	28.82	0.00	0.00
FBC	2	27.55	22.21	22.15	28.09	0.08	0.00
FBC	3	27.84	21.92	21.86	28.38	0.01	0.00
FBC	4	27.54	22.21	22.15	28.10	0.01	0.00
FBC	5	27.66	22.07	22.03	28.24	0.00	0.00
FBC	6	27.16	22.58	22.51	27.76	0.00	0.00
FBC	7	27.50	22.23	22.16	28.11	0.00	0.00
FBC	8	27.60	22.11	22.06	28.22	0.00	0.00
FBC	9	27.52	22.19	22.15	28.15	0.00	0.00
FBC	10	27.48	22.21	22.16	28.15	0.00	0.00
FBC	11	27.44	22.26	22.21	28.09	0.00	0.00
FBC	12	27.40	22.29	22.24	28.08	0.00	0.00
FBC	13	27.45	22.22	22.16	28.17	0.00	0.00
FBC	14	27.45	22.22	22.15	28.17	0.00	0.00
FBC	15	27.39	22.28	22.22	28.11	0.00	0.00
FBC	16	27.38	22.27	22.22	28.12	0.00	0.00
FBC	17	27.34	22.32	22.25	28.09	0.00	0.00
FBC	18	27.27	22.39	22.32	28.03	0.00	0.00
FBC	19	27.24	22.39	22.33	28.04	0.00	0.00
FBC	20	27.21	22.43	22.36	27.99	0.00	0.00
FBC	21	27.13	22.50	22.42	27.95	0.00	0.00
FBC	22	27.13	22.50	22.41	27.96	0.00	0.00
FBC	23	27.10	22.50	22.45	27.94	0.00	0.00
FBC	24	27.05	22.55	22.50	27.90	0.00	0.00
FBC	25	27.07	22.53	22.47	27.93	0.00	0.00
FBC	26	27.03	22.57	22.48	27.91	0.00	0.00
FBC	27	26.97	22.61	22.55	27.87	0.00	0.00
FBC	28	26.98	22.59	22.55	27.89	0.00	0.00
FBC	29	26.95	22.63	22.55	27.86	0.00	0.00
FBC	30	26.91	22.66	22.59	27.84	0.00	0.00
FBC	31	26.90	22.65	22.58	27.86	0.00	0.00
FBC	32	26.89	22.68	22.59	27.84	0.00	0.00
FBC	33	26.86	22.71	22.62	27.81	0.00	0.00
FBC	34	26.85	22.68	22.61	27.85	0.00	0.00
FBC	35	26.83	22.72	22.63	27.83	0.00	0.00
FBC	36	26.79	22.73	22.67	27.80	0.00	0.00
FBC	37	26.81	22.72	22.65	27.82	0.00	0.00
FBC	38	26.79	22.75	22.66	27.80	0.00	0.00
FBC	39	26.75	22.78	22.70	27.77	0.00	0.00
FBC	40	26.74	22.78	22.69	27.78	0.00	0.00
FBC	41	26.72	22.79	22.71	27.78	0.00	0.00
FBC	42	26.69	22.83	22.75	27.73	0.00	0.00
FBC	43	26.70	22.81	22.73	27.76	0.00	0.00
FBC	44	26.67	22.82	22.74	27.77	0.00	0.00
FBC	45	26.64	22.85	22.76	27.74	0.00	0.00
FBC	46	26.67	22.83	22.75	27.75	0.00	0.00
FBC	47	26.65	22.85	22.77	27.73	0.00	0.00
FBC	48	26.61	22.87	22.80	27.72	0.00	0.00
FBC	49	26.62	22.87	22.79	27.73	0.00	0.00
FBC	50	26.61	22.88	22.80	27.71	0.00	0.00
FBC	51	26.56	22.93	22.85	27.67	0.00	0.00
FBC	52	26.57	22.91	22.82	27.70	0.00	0.00
FBC	53	26.57	22.92	22.82	27.69	0.00	0.00
FBC	54	26.53	22.95	22.86	27.65	0.00	0.00
FBC	55	26.54	22.94	22.85	27.67	0.00	0.00
FBC	56	26.51	22.97	22.86	27.66	0.00	0.00
FBC	57	26.48	22.99	22.89	27.64	0.00	0.00
FBC	58	26.48	22.99	22.90	27.63	0.00	0.00
FBC	59	26.49	22.98	22.90	27.64	0.00	0.00
FBC	60	26.44	23.03	22.93	27.59	0.00	0.00
FBC	61	26.43	23.02	22.94	27.61	0.00	0.00
FBC	62	26.43	23.03	22.95	27.58	0.00	0.00
FBC	63	26.40	23.06	22.97	27.56	0.00	0.00
FBC	64	26.40	23.05	22.96	27.59	0.00	0.00
FBC	65	26.40	23.06	22.97	27.57	0.00	0.00
FBC	66	26.37	23.09	23.00	27.54	0.00	0.00
FBC	67	26.37	23.09	23.01	27.53	0.00	0.00
FBC	68	26.36	23.10	23.01	27.53	0.00	0.00
FBC	69	26.33	23.14	23.04	27.49	0.00	0.00
FBC	70	26.33	23.12	23.04	27.51	0.00	0.00
FBC	71	26.33	23.13	23.05	27.49	0.00	0.00
FBC	72	26.29	23.16	23.09	27.46	0.00	0.00
FBC	73	26.29	23.16	23.08	27.47	0.00	0.00
FBC	74	26.26	23.18	23.09	27.46	0.00	0.00
FBC	75	26.23	23.21	23.13	27.43	0.00	0.00
FBC	76	26.29	23.16	23.08	27.47	0.00	0.00
FBC	77	26.26	23.17	23.10	27.46	0.00	0.00
FBC	78	26.22	23.23	23.14	27.40	0.00	0.00
FBC	79	26.23	23.21	23.13	27.43	0.00	0.00
FBC	80	26.21	23.23	23.15	27.41	0.00	0.00
FBC	81	26.20	23.26	23.18	27.37	0.00	0.00
FBC	82	26.18	23.25	23.17	27.40	0.00	0.00
FBC	83	26.18	23.27	23.17	27.38	0.00	0.00
FBC	84	26.13	23.31	23.21	27.34	0.00	0.00
FBC	85	26.16	23.30	23.19	27.35	0.00	0.00
FBC	86	26.15	23.29	23.21	27.34	0.00	0.00
FBC	87	26.13	23.32	23.23	27.32	0.00	0.00
FBC	88	26.12	23.32	23.23	27.33	0.00	0.00
FBC	89	26.10	23.35	23.25	27.30	0.00	0.00
FBC	90	26.06	23.37	23.30	27.26	0.00	0.00
# ACGT raw counters for first fragments. Use `grep ^FTC | cut -f 2-` to extract this part. The columns are: A,C,G,T,N base counters
FTC	1324890320	1128405175	1124618669	1374228590	63351
# ACGT content per cycle for last fragments. Use `grep ^LBC | cut -f 2-` to extract this part. The columns are: cycle; A,C,G,T base counts as a percentage of all A/C/G/T bases [%]; and N and O counts as a percentage of all A/C/G/T bases [%]
LBC	1	28.33	21.47	21.36	28.85	0.14	0.00
LBC	2	27.56	22.24	22.16	28.05	0.06	0.00
LBC	3	27.52	22.24	22.18	28.06	0.09	0.00
LBC	4	27.20	22.54	22.49	27.77	0.10	0.00
LBC	5	27.54	22.19	22.13	28.14	0.08	0.00
LBC	6	26.96	22.76	22.72	27.56	0.00	0.00
LBC	7	27.31	22.41	22.35	27.93	0.00	0.00
LBC	8	27.52	22.17	22.13	28.18	0.00	0.00
LBC	9	27.42	22.28	22.22	28.08	0.00	0.00
LBC	10	27.36	22.31	22.25	28.08	0.00	0.00
LBC	11	27.32	22.36	22.30	28.02	0.00	0.00
LBC	12	27.29	22.37	22.32	28.01	0.00	0.00
LBC	13	27.38	22.30	22.22	28.10	0.00	0.00
LBC	14	27.41	22.25	22.19	28.15	0.00	0.00
LBC	15	27.35	22.31	22.24	28.10	0.00	0.00
LBC	16	27.29	22.35	22.30	28.06	0.00	0.00
LBC	17	27.30	22.34	22.28	28.08	0.00	0.00
LBC	18	27.17	22.47	22.39	27.97	0.00	0.00
LBC	19	27.17	22.45	22.38	28.00	0.00	0.00
LBC	20	27.16	22.47	22.41	27.97	0.00	0.00
LBC	21	27.04	22.57	22.49	27.89	0.00	0.00
LBC	22	27.06	22.55	22.49	27.90	0.00	0.00
LBC	23	27.04	22.57	22.49	27.90	0.00	0.00
LBC	24	27.00	22.61	22.52	27.86	0.00	0.00
LBC	25	27.00	22.59	22.51	27.89	0.00	0.00
LBC	26	26.98	22.60	22.53	27.89	0.00	0.00
LBC	27	26.93	22.65	22.57	27.85	0.00	0.00
LBC	28	26.90	22.67	22.59	27.84	0.00	0.00
LBC	29	26.89	22.68	22.60	27.84	0.00	0.00
LBC	30	26.83	22.74	22.64	27.78	0.00	0.00
LBC	31	26.88	22.69	22.60	27.83	0.00	0.00
LBC	32	26.86	22.70	22.62	27.83	0.00	0.00
LBC	33	26.82	22.73	22.64	27.80	0.00	0.00
LBC	34	26.82	22.73	22.63	27.82	0.00	0.00
LBC	35	26.80	22.74	22.65	27.81	0.00	0.00
LBC	36	26.73	22.78	22.72	27.76	0.00	0.00
LBC	37	26.77	22.75	22.67	27.81	0.00	0.00
LBC	38	26.75	22.79	22.68	27.79	0.00	0.00
LBC	39	26.70	22.82	22.74	27.74	0.00	0.00
LBC	40	26.70	22.80	22.73	27.78	0.00	0.00
LBC	41	26.70	22.80	22.74	27.76	0.00	0.00
LBC	42	26.65	22.86	22.77	27.73	0.00	0.00
LBC	43	26.68	22.83	22.74	27.75	0.00	0.00
LBC	44	26.66	22.84	22.76	27.74	0.00	0.00
LBC	45	26.63	22.88	22.78	27.71	0.00	0.00
LBC	46	26.63	22.85	22.78	27.74	0.00	0.00
LBC	47	26.64	22.86	22.77	27.73	0.00	0.00
LBC	48	26.59	22.90	22.82	27.69	0.00	0.00
LBC	49	26.59	22.89	22.80	27.71	0.00	0.00
LBC	50	26.58	22.90	22.83	27.69	0.00	0.00
LBC	51	26.54	22.93	22.85	27.68	0.00	0.00
LBC	52	26.55	22.93	22.84	27.68	0.00	0.00
LBC	53	26.55	22.92	22.83	27.70	0.00	0.00
LBC	54	26.50	22.97	22.88	27.65	0.00	0.00
LBC	55	26.52	22.96	22.86	27.67	0.00	0.00
LBC	56	26.49	22.98	22.87	27.65	0.00	0.00
LBC	57	26.47	23.00	22.89	27.64	0.00	0.00
LBC	58	26.47	22.99	22.90	27.64	0.00	0.00
LBC	59	26.46	22.99	22.90	27.64	0.00	0.00
LBC	60	26.43	23.03	22.95	27.59	0.00	0.00
LBC	61	26.43	23.04	22.93	27.61	0.00	0.00
LBC	62	26.41	23.04	22.95	27.60	0.00	0.00
LBC	63	26.39	23.06	22.99	27.56	0.00	0.00
LBC	64	26.39	23.05	22.98	27.58	0.00	0.00
LBC	65	26.39	23.06	22.97	27.58	0.00	0.00
LBC	66	26.34	23.10	23.01	27.55	0.00	0.00
LBC	67	26.35	23.09	23.00	27.55	0.00	0.00
LBC	68	26.36	23.10	23.01	27.53	0.00	0.00
LBC	69	26.31	23.14	23.05	27.50	0.00	0.00
LBC	70	26.33	23.12	23.04	27.51	0.00	0.00
LBC	71	26.30	23.12	23.05	27.52	0.00	0.00
LBC	72	26.28	23.16	23.08	27.47	0.00	0.00
LBC	73	26.27	23.16	23.07	27.49	0.00	0.00
LBC	74	26.29	23.16	23.07	27.48	0.00	0.00
LBC	75	26.24	23.20	23.11	27.44	0.00	0.00
LBC	76	26.25	23.19	23.10	27.46	0.00	0.00
LBC	77	26.25	23.19	23.11	27.44	0.00	0.00
LBC	78	26.20	23.24	23.16	27.41	0.00	0.00
LBC	79	26.21	23.24	23.15	27.40	0.00	0.00
LBC	80	26.21	23.23	23.15	27.41	0.00	0.00
LBC	81	26.16	23.27	23.20	27.37	0.00	0.00
LBC	82	26.17	23.27	23.19	27.37	0.00	0.00
LBC	83	26.17	23.28	23.18	27.37	0.00	0.00
LBC	84	26.12	23.33	23.23	27.32	0.00	0.00
LBC	85	26.14	23.31	23.22	27.33	0.00	0.00
LBC	86	26.13	23.32	23.24	27.32	0.00	0.00
LBC	87	26.10	23.35	23.26	27.29	0.00	0.00
LBC	88	26.09	23.36	23.28	27.27	0.00	0.00
LBC	89	26.08	23.36	23.27	27.28	0.00	0.00
LBC	90	26.03	23.40	23.33	27.23	0.00	0.00
# ACGT raw counters for last fragments. Use `grep ^LTC | cut -f 2-` to extract this part. The columns are: A,C,G,T,N base counters
LTC	1322627058	1130300584	1126332161	1372685670	260632
# Insert sizes. Use `grep ^IS | cut -f 2-` to extract this part. The columns are: insert size, pairs total, inward oriented pairs, outward oriented pairs, other pairs
IS	0	2663	0	3	2660
IS	1	0	0	0	0
IS	2	97	0	18	79
IS	3	36	0	21	15
IS	4	40	0	29	11
IS	5	32	0	29	3
IS	6	28	0	27	1
IS	7	25	0	24	1
IS	8	20	0	20	0
IS	9	28	0	27	1
IS	10	30	0	30	0
IS	11	34	0	32	2
IS	12	24	0	24	0
IS	13	28	0	28	0
IS	14	32	0	31	1
IS	15	41	0	37	4
IS	16	31	0	28	3
IS	17	42	0	40	2
IS	18	48	0	45	3
IS	19	373	301	72	0
IS	20	461	392	68	1
IS	21	184	114	65	5
IS	22	148	92	52	4
IS	23	131	69	58	4
IS	24	136	75	58	3
IS	25	152	81	66	5
IS	26	131	68	58	5
IS	27	145	79	61	5
IS	28	145	83	58	4
IS	29	174	106	63	5
IS	30	145	92	50	3
IS	31	179	130	46	3
IS	32	206	146	53	7
IS	33	215	156	56	3
IS	34	225	162	62	1
IS	35	236	163	68	5
IS	36	242	176	56	10
IS	37	224	166	53	5
IS	38	267	190	67	10
IS	39	265	198	59	8
IS	40	264	187	65	12
IS	41	267	208	49	10
IS	42	277	217	48	12
IS	43	292	239	48	5
IS	44	296	230	53	13
IS	45	329	264	60	5
IS	46	332	254	64	14
IS	47	329	270	48	11
IS	48	336	281	48	7
IS	49	349	274	60	15
IS	50	393	320	55	18
IS	51	379	317	46	16
IS	52	447	374	57	16
IS	53	376	306	62	8
IS	54	409	338	56	15
IS	55	433	352	65	16
IS	56	452	373	55	24
IS	57	423	339	55	29
IS	58	450	365	62	23
IS	59	459	366	76	17
IS	60	497	413	60	24
IS	61	456	386	54	16
IS	62	477	406	50	21
IS	63	495	417	55	23
IS	64	543	462	55	26
IS	65	491	423	42	26
IS	66	503	413	70	20
IS	67	469	402	47	20
IS	68	570	487	59	24
IS	69	533	446	61	26
IS	70	562	484	52	26
IS	71	535	466	49	20
IS	72	624	539	59	26
IS	73	570	496	46	28
IS	74	600	514	57	29
IS	75	637	560	46	31
IS	76	592	517	36	39
IS	77	646	577	42	27
IS	78	662	578	53	31
IS	79	760	689	54	17
IS	80	854	770	45	39
IS	81	834	775	37	22
IS	82	984	913	38	33
IS	83	1102	1012	56	34
IS	84	1184	1115	48	21
IS	85	1321	1243	48	30
IS	86	1483	1403	52	28
IS	87	1607	1530	47	30
IS	88	1892	1767	91	34
IS	89	2115	1873	219	23
IS	90	2434	2394	5	35
IS	91	2822	2787	3	32
IS	92	3123	3093	4	26
IS	93	3578	3541	4	33
IS	94	4164	4123	3	38
IS	95	4777	4739	2	36
IS	96	5566	5526	4	36
IS	97	6294	6266	0	28
IS	98	7331	7298	2	31
IS	99	8525	8479	1	45
IS	100	9861	9830	2	29
IS	101	11269	11244	2	23
IS	102	12860	12841	2	17
IS	103	14330	14298	2	30
IS	104	16053	16024	3	26
IS	105	18520	18490	1	29
IS	106	21026	20975	6	45
IS	107	23477	23432	5	40
IS	108	26515	26492	2	21
IS	109	29585	29552	5	28
IS	110	33061	33021	6	34
IS	111	36751	36710	2	39
IS	112	41034	40995	6	33
IS	113	44858	44816	4	38
IS	114	49567	49527	4	36
IS	115	54369	54329	3	37
IS	116	59668	59632	4	32
IS	117	65220	65190	3	27
IS	118	71019	70993	2	24
IS	119	76469	76431	4	34
IS	120	82975	82943	3	29
IS	121	88907	88875	3	29
IS	122	95432	95398	2	32
IS	123	102585	102551	1	33
IS	124	109517	109477	0	40
IS	125	116241	116204	6	31
IS	126	123139	123103	3	33
IS	127	130510	130474	2	34
IS	128	138964	138929	3	32
IS	129	146223	146194	1	28
IS	130	154177	154140	3	34
IS	131	162311	162278	4	29
IS	132	169602	169566	2	34
IS	133	177684	177640	1	43
IS	134	185214	185176	2	36
IS	135	193098	193056	8	34
IS	136	200014	199980	3	31
IS	137	206915	206883	2	30
IS	138	214706	214671	0	35
IS	139	223245	223207	3	35
IS	140	230072	230035	0	37
IS	141	238067	238032	4	31
IS	142	244836	244803	5	28
IS	143	251824	251795	1	28
IS	144	259001	258969	3	29
IS	145	265632	265604	2	26
IS	146	271848	271816	6	26
IS	147	277527	277500	1	26
IS	148	284267	284235	4	28
IS	149	289846	289821	3	22
IS	150	294382	294352	4	26
IS	151	299851	299827	3	21
IS	152	307401	307364	3	34
IS	153	312194	312166	0	28
IS	154	317557	317525	6	26
IS	155	321453	321420	3	30
IS	156	325656	325621	3	32
IS	157	330699	330670	2	27
IS	158	333912	333882	1	29
IS	159	338892	338857	4	31
IS	160	342261	342233	3	25
IS	161	344945	344901	5	39
IS	162	350325	350300	4	21
IS	163	352657	352617	5	35
IS	164	356350	356321	0	29
IS	165	357714	357691	2	21
IS	166	359827	359791	4	32
IS	167	363422	363386	8	28
IS	168	365393	365364	0	29
IS	169	367055	367022	5	28
IS	170	369293	369272	0	21
IS	171	371179	371143	1	35
IS	172	371341	371312	4	25
IS	173	372347	372320	2	25
IS	174	374931	374904	2	25
IS	175	375288	375255	1	32
IS	176	373776	373746	4	26
IS	177	374503	374477	3	23
IS	178	375482	375449	4	29
IS	179	375392	375356	7	29
IS	180	376176	376146	3	27
IS	181	373708	373690	1	17
IS	182	375216	375184	3	29
IS	183	371599	371569	3	27
IS	184	370800	370776	3	21
IS	185	370345	370320	4	21
IS	186	369808	369779	3	26
IS	187	368149	368126	3	20
IS	188	366478	366448	4	26
IS	189	364065	364042	3	20
IS	190	362879	362855	6	18
IS	191	360553	360529	3	21
IS	192	357783	357765	2	16
IS	193	355928	355900	3	25
IS	194	354979	354963	3	13
IS	195	350658	350635	0	23
IS	196	349280	349261	2	17
IS	197	345825	345800	8	17
IS	198	344465	344442	2	21
IS	199	342517	342497	2	18
IS	200	339396	339378	3	15
IS	201	336097	336077	5	15
IS	202	334014	333996	1	17
IS	203	330671	330652	2	17
IS	204	328425	328409	5	11
IS	205	325293	325274	4	15
IS	206	321499	321478	3	18
IS	207	319345	319333	1	11
IS	208	318150	318129	4	17
IS	209	313717	313691	3	23
IS	210	311089	311067	3	19
IS	211	308887	308866	2	19
IS	212	305944	305927	2	15
IS	213	302651	302641	0	10
IS	214	299237	299220	1	16
IS	215	296863	296847	1	15
IS	216	294095	294083	1	11
IS	217	291375	291360	1	14
IS	218	288036	288025	1	10
IS	219	284484	284471	1	12
IS	220	282874	282862	3	9
IS	221	279754	279732	2	20
IS	222	277895	277877	2	16
IS	223	274349	274340	3	6
IS	224	271747	271737	0	10
IS	225	268670	268655	2	13
IS	226	265981	265968	0	13
IS	227	262812	262801	2	9
IS	228	259987	259976	0	11
IS	229	258273	258260	0	13
IS	230	254695	254679	0	16
IS	231	252827	252810	1	16
IS	232	248939	248933	0	6
IS	233	247509	247492	1	16
IS	234	244541	244528	1	12
IS	235	241426	241411	1	14
IS	236	239470	239457	2	11
IS	237	237529	237517	2	10
IS	238	234296	234284	1	11
IS	239	232255	232249	0	6
IS	240	228860	228845	0	15
IS	241	226998	226991	1	6
IS	242	224232	224222	0	10
IS	243	222149	222132	1	16
IS	244	220026	220011	0	15
IS	245	216965	216953	0	12
IS	246	214815	214802	2	11
IS	247	212207	212198	1	8
IS	248	210018	210013	0	5
IS	249	207573	207564	0	9
IS	250	206024	206016	0	8
IS	251	203876	203869	0	7
IS	252	201156	201149	0	7
IS	253	198975	198969	1	5
IS	254	197014	197006	1	7
IS	255	193832	193823	1	8
IS	256	192802	192793	0	9
IS	257	190194	190184	0	10
IS	258	187611	187601	1	9
IS	259	186126	186116	0	10
IS	260	183951	183950	0	1
IS	261	181420	181410	0	10
IS	262	180432	180423	0	9
IS	263	178185	178181	0	4
IS	264	175509	175502	0	7
IS	265	173494	173488	0	6
IS	266	171612	171600	0	12
IS	267	170189	170180	0	9
IS	268	168097	168086	0	11
IS	269	165269	165262	1	6
IS	270	164001	163984	2	15
IS	271	162574	162565	0	9
IS	272	160520	160514	1	5
IS	273	158193	158184	0	9
IS	274	157152	157144	1	7
IS	275	155499	155493	0	6
IS	276	153290	153285	0	5
IS	277	151199	151192	0	7
IS	278	149482	149477	0	5
IS	279	147375	147367	0	8
IS	280	146089	146081	1	7
IS	281	144853	144850	0	3
IS	282	142643	142638	0	5
IS	283	141681	141675	0	6
IS	284	139067	139065	0	2
IS	285	137205	137196	0	9
IS	286	136715	136712	1	2
IS	287	134384	134382	1	1
IS	288	133599	133591	0	8
IS	289	131751	131743	0	8
IS	290	130184	130172	0	12
IS	291	128596	128589	0	7
IS	292	127399	127395	0	4
IS	293	125580	125578	0	2
IS	294	124655	124651	0	4
IS	295	122234	122231	0	3
IS	296	120884	120879	0	5
IS	297	119610	119608	0	2
IS	298	117890	117884	0	6
IS	299	117223	117220	0	3
IS	300	115207	115203	0	4
IS	301	113577	113572	0	5
IS	302	112584	112582	1	1
IS	303	110826	110814	0	12
IS	304	110129	110122	0	7
IS	305	109374	109368	1	5
IS	306	106718	106711	0	7
IS	307	106185	106180	0	5
IS	308	105315	105310	0	5
IS	309	103631	103619	1	11
IS	310	102234	102230	0	4
IS	311	101442	101438	0	4
IS	312	100516	100509	0	7
IS	313	99468	99465	0	3
IS	314	97492	97488	0	4
IS	315	96884	96880	1	3
IS	316	95145	95145	0	0
IS	317	94338	94334	0	4
IS	318	92935	92931	1	3
IS	319	92204	92200	0	4
IS	320	91245	91240	0	5
IS	321	89716	89714	0	2
IS	322	89063	89056	0	7
IS	323	87949	87943	1	5
IS	324	86166	86162	0	4
IS	325	85475	85470	0	5
IS	326	84488	84486	0	2
IS	327	83648	83646	0	2
IS	328	82799	82793	2	4
IS	329	82069	82065	0	4
IS	330	80354	80349	0	5
IS	331	79382	79380	0	2
IS	332	79052	79049	0	3
IS	333	77580	77578	0	2
IS	334	76577	76574	0	3
IS	335	75701	75698	0	3
IS	336	74761	74758	0	3
IS	337	73713	73707	1	5
IS	338	72606	72599	0	7
IS	339	72085	72080	1	4
IS	340	71222	71219	0	3
IS	341	70545	70535	1	9
IS	342	69324	69321	0	3
IS	343	68814	68809	0	5
IS	344	68173	68171	0	2
IS	345	67224	67223	0	1
IS	346	66180	66178	0	2
IS	347	65229	65228	0	1
IS	348	64629	64627	1	1
IS	349	63974	63970	1	3
IS	350	62872	62868	0	4
IS	351	62509	62504	0	5
IS	352	61388	61387	0	1
IS	353	60422	60420	0	2
IS	354	59897	59895	0	2
IS	355	59020	59016	0	4
IS	356	58750	58748	0	2
IS	357	58167	58167	0	0
IS	358	57003	57000	0	3
IS	359	55939	55934	1	4
IS	360	55217	55215	1	1
IS	361	54650	54648	0	2
IS	362	54222	54218	1	3
IS	363	53300	53299	1	0
IS	364	52902	52896	0	6
IS	365	52010	52007	0	3
IS	366	51546	51545	0	1
IS	367	51115	51112	0	3
IS	368	49927	49923	0	4
IS	369	49341	49337	2	2
IS	370	48786	48784	0	2
IS	371	47994	47991	0	3
IS	372	47076	47073	1	2
IS	373	46565	46562	0	3
IS	374	46083	46078	0	5
IS	375	45899	45895	0	4
IS	376	45061	45061	0	0
IS	377	44376	44374	0	2
IS	378	43318	43315	0	3
IS	379	42951	42944	0	7
IS	380	42748	42742	2	4
IS	381	41896	41892	0	4
IS	382	41006	41003	0	3
IS	383	40943	40936	0	7
IS	384	39903	39901	0	2
IS	385	39971	39969	0	2
IS	386	39450	39449	0	1
IS	387	38772	38769	0	3
IS	388	38219	38218	0	1
IS	389	37419	37415	0	4
IS	390	37193	37193	0	0
IS	391	36153	36152	0	1
IS	392	35841	35838	0	3
IS	393	35289	35287	1	1
IS	394	34393	34391	0	2
IS	395	34461	34460	0	1
IS	396	33742	33739	0	3
IS	397	33691	33691	0	0
IS	398	32855	32851	0	4
IS	399	32495	32495	0	0
IS	400	32103	32103	0	0
IS	401	31632	31629	2	1
IS	402	31477	31477	0	0
IS	403	31103	31103	0	0
IS	404	30408	30404	1	3
IS	405	29848	29847	0	1
IS	406	29367	29366	1	0
IS	407	29421	29418	0	3
IS	408	28549	28549	0	0
IS	409	28091	28089	0	2
IS	410	27786	27786	0	0
IS	411	27496	27495	0	1
IS	412	27009	27008	0	1
IS	413	26305	26302	0	3
IS	414	26106	26105	0	1
IS	415	25933	25931	0	2
IS	416	25445	25443	2	0
IS	417	25183	25178	0	5
IS	418	24913	24911	0	2
IS	419	24314	24314	0	0
IS	420	24070	24070	0	0
IS	421	23726	23726	0	0
IS	422	23514	23513	0	1
IS	423	23251	23251	0	0
IS	424	22576	22575	1	0
IS	425	22468	22467	0	1
IS	426	22342	22339	0	3
IS	427	21651	21650	0	1
IS	428	21536	21536	0	0
IS	429	21273	21272	0	1
IS	430	21067	21067	0	0
IS	431	20470	20470	0	0
IS	432	20541	20540	0	1
IS	433	20121	20121	0	0
IS	434	19888	19888	0	0
IS	435	19487	19486	0	1
IS	436	19473	19471	0	2
IS	437	19010	19008	0	2
IS	438	18878	18875	0	3
IS	439	18454	18454	0	0
IS	440	18149	18149	0	0
IS	441	18079	18078	0	1
IS	442	17551	17549	1	1
IS	443	17438	17437	1	0
IS	444	17368	17367	0	1
IS	445	17226	17224	0	2
IS	446	16869	16869	0	0
IS	447	16838	16837	0	1
IS	448	16369	16366	0	3
IS	449	16071	16070	0	1
IS	450	15985	15985	0	0
IS	451	15807	15807	0	0
IS	452	15423	15422	1	0
IS	453	15519	15519	0	0
IS	454	15418	15418	0	0
IS	455	15076	15075	1	0
IS	456	14774	14774	0	0
IS	457	14519	14519	0	0
IS	458	14357	14357	0	0
IS	459	14173	14172	0	1
IS	460	13997	13997	0	0
IS	461	13762	13761	0	1
IS	462	13718	13717	0	1
IS	463	13377	13376	0	1
IS	464	13280	13280	0	0
IS	465	13259	13259	0	0
IS	466	12961	12961	0	0
IS	467	12814	12813	0	1
IS	468	12651	12650	0	1
IS	469	12509	12506	1	2
IS	470	12420	12416	0	4
IS	471	12204	12202	1	1
IS	472	11956	11956	0	0
IS	473	12090	12090	0	0
IS	474	11628	11628	0	0
IS	475	11576	11576	0	0
IS	476	11297	11296	0	1
IS	477	11144	11143	0	1
IS	478	11109	11109	0	0
IS	479	10888	10888	0	0
IS	480	10562	10559	0	3
IS	481	10678	10678	0	0
IS	482	10541	10539	1	1
IS	483	10407	10405	0	2
IS	484	10229	10228	0	1
IS	485	10126	10126	0	0
IS	486	10117	10116	0	1
IS	487	10056	10055	0	1
IS	488	9921	9921	0	0
IS	489	9721	9720	1	0
IS	490	9725	9723	0	2
IS	491	9554	9554	0	0
IS	492	9464	9462	1	1
IS	493	9226	9225	0	1
IS	494	9109	9108	0	1
IS	495	9171	9169	1	1
IS	496	8891	8891	0	0
IS	497	8811	8810	1	0
IS	498	8804	8804	0	0
IS	499	8761	8761	0	0
IS	500	8506	8505	0	1
IS	501	8279	8279	0	0
IS	502	8277	8277	0	0
IS	503	8325	8325	0	0
IS	504	8157	8154	0	3
IS	505	8086	8086	0	0
IS	506	7862	7861	0	1
IS	507	7670	7670	0	0
IS	508	7722	7720	1	1
IS	509	7567	7566	0	1
IS	510	7690	7689	0	1
IS	511	7382	7382	0	0
IS	512	7439	7439	0	0
IS	513	7208	7208	0	0
IS	514	7124	7123	1	0
IS	515	7215	7213	1	1
IS	516	7063	7063	0	0
IS	517	6987	6987	0	0
IS	518	6743	6742	0	1
IS	519	6761	6759	0	2
IS	520	6787	6787	0	0
IS	521	6646	6645	0	1
IS	522	6570	6570	0	0
IS	523	6498	6497	0	1
IS	524	6353	6353	0	0
IS	525	6352	6351	1	0
IS	526	6129	6127	0	2
IS	527	6264	6263	0	1
IS	528	6196	6195	0	1
IS	529	6145	6145	0	0
IS	530	5970	5969	0	1
# Read lengths. Use `grep ^RL | cut -f 2-` to extract this part. The columns are: read length, count
RL	31	3246
RL	32	3014
RL	33	2752
RL	34	2710
RL	35	2356
RL	36	2232
RL	37	2026
RL	38	1956
RL	39	1890
RL	40	1860
RL	41	1752
RL	42	1560
RL	43	1596
RL	44	1500
RL	45	1540
RL	46	1368
RL	47	1412
RL	48	1362
RL	49	1332
RL	50	1300
RL	51	1310
RL	52	1440
RL	53	1310
RL	54	1350
RL	55	1528
RL	56	1794
RL	57	1446
RL	58	1498
RL	59	1522
RL	60	1508
RL	61	1496
RL	62	1620
RL	63	1606
RL	64	1690
RL	65	1532
RL	66	1596
RL	67	1732
RL	68	1876
RL	69	1732
RL	70	1836
RL	71	1826
RL	72	1950
RL	73	2016
RL	74	1836
RL	75	2086
RL	76	1968
RL	77	2180
RL	78	2062
RL	79	2246
RL	80	2318
RL	81	2506
RL	82	2698
RL	83	2806
RL	84	2954
RL	85	3160
RL	86	3506
RL	87	3818
RL	88	4420
RL	89	4910
RL	90	109964510
# Read lengths - first fragments. Use `grep ^FRL | cut -f 2-` to extract this part. The columns are: read length, count
FRL	31	1623
FRL	32	1507
FRL	33	1376
FRL	34	1355
FRL	35	1178
FRL	36	1116
FRL	37	1013
FRL	38	978
FRL	39	945
FRL	40	930
FRL	41	876
FRL	42	780
FRL	43	798
FRL	44	750
FRL	45	770
FRL	46	684
FRL	47	706
FRL	48	681
FRL	49	666
FRL	50	650
FRL	51	655
FRL	52	720
FRL	53	655
FRL	54	675
FRL	55	764
FRL	56	897
FRL	57	723
FRL	58	749
FRL	59	761
FRL	60	754
FRL	61	748
FRL	62	810
FRL	63	803
FRL	64	845
FRL	65	766
FRL	66	798
FRL	67	866
FRL	68	938
FRL	69	866
FRL	70	918
FRL	71	913
FRL	72	975
FRL	73	1008
FRL	74	918
FRL	75	1043
FRL	76	984
FRL	77	1090
FRL	78	1031
FRL	79	1123
FRL	80	1159
FRL	81	1253
FRL	82	1349
FRL	83	1403
FRL	84	1477
FRL	85	1580
FRL	86	1753
FRL	87	1909
FRL	88	2210
FRL	89	2455
FRL	90	54982255
# Read lengths - last fragments. Use `grep ^LRL | cut -f 2-` to extract this part. The columns are: read length, count
LRL	31	1623
LRL	32	1507
LRL	33	1376
LRL	34	1355
LRL	35	1178
LRL	36	1116
LRL	37	1013
LRL	38	978
LRL	39	945
LRL	40	930
LRL	41	876
LRL	42	780
LRL	43	798
LRL	44	750
LRL	45	770
LRL	46	684
LRL	47	706
LRL	48	681
LRL	49	666
LRL	50	650
LRL	51	655
LRL	52	720
LRL	53	655
LRL	54	675
LRL	55	764
LRL	56	897
LRL	57	723
LRL	58	749
LRL	59	761
LRL	60	754
LRL	61	748
LRL	62	810
LRL	63	803
LRL	64	845
LRL	65	766
LRL	66	798
LRL	67	866
LRL	68	938
LRL	69	866
LRL	70	918
LRL	71	913
LRL	72	975
LRL	73	1008
LRL	74	918
LRL	75	1043
LRL	76	984
LRL	77	1090
LRL	78	1031
LRL	79	1123
LRL	80	1159
LRL	81	1253
LRL	82	1349
LRL	83	1403
LRL	84	1477
LRL	85	1580
LRL	86	1753
LRL	87	1909
LRL	88	2210
LRL	89	2455
LRL	90	54982255
# Mapping qualities for reads !(UNMAP|SECOND|SUPPL|QCFAIL|DUP). Use `grep ^MAPQ | cut -f 2-` to extract this part. The columns are: mapq, count
MAPQ	0	6871117
MAPQ	1	17826
MAPQ	2	6428
MAPQ	3	36853
MAPQ	4	8853
MAPQ	5	10303
MAPQ	6	13515
MAPQ	7	21917
MAPQ	8	14163
MAPQ	9	38767
MAPQ	10	32004
MAPQ	11	7831
MAPQ	12	12048
MAPQ	13	19109
MAPQ	14	6739
MAPQ	15	34772
MAPQ	16	10712
MAPQ	17	9469
MAPQ	18	12528
MAPQ	19	26077
MAPQ	20	49894
MAPQ	21	58046
MAPQ	22	81794
MAPQ	23	72120
MAPQ	24	121161
MAPQ	25	232494
MAPQ	26	6586
MAPQ	27	655318
MAPQ	28	5358
MAPQ	29	6320
MAPQ	30	11198
MAPQ	31	14874
MAPQ	32	6456
MAPQ	33	40451
MAPQ	34	6100
MAPQ	35	7977
MAPQ	36	11438
MAPQ	37	21666
MAPQ	38	5665
MAPQ	39	51180
MAPQ	40	890189
MAPQ	41	10541
MAPQ	42	41179
MAPQ	43	38306
MAPQ	44	19573
MAPQ	45	95727
MAPQ	46	47391
MAPQ	47	87329
MAPQ	48	205569
MAPQ	49	56082
MAPQ	50	755001
MAPQ	51	42281
MAPQ	52	31276
MAPQ	53	70362
MAPQ	54	40591
MAPQ	55	42926
MAPQ	56	68169
MAPQ	57	100554
MAPQ	58	5377
MAPQ	59	10435
MAPQ	60	98733370
# Indel distribution. Use `grep ^ID | cut -f 2-` to extract this part. The columns are: length, number of insertions, number of deletions
ID	1	315402	390141
ID	2	63674	87360
ID	3	25106	37548
ID	4	23720	34757
ID	5	9528	11560
ID	6	5955	9502
ID	7	1976	2698
ID	8	3385	5038
ID	9	1613	1933
ID	10	1520	3059
ID	11	843	1493
ID	12	1225	2488
ID	13	421	773
ID	14	565	1145
ID	15	159	846
ID	16	351	1044
ID	17	106	324
ID	18	186	569
ID	19	126	261
ID	20	55	415
ID	21	74	224
ID	22	12	336
ID	23	20	78
ID	24	4	243
ID	25	6	54
ID	26	4	120
ID	27	0	44
ID	28	0	40
ID	29	0	7
ID	30	0	27
ID	31	0	2
ID	32	0	8
ID	33	0	3
ID	34	0	8
ID	35	0	15
ID	36	0	1
ID	37	0	1
ID	38	0	1
ID	39	0	1
ID	40	0	1
# Indels per cycle. Use `grep ^IC | cut -f 2-` to extract this part. The columns are: cycle, number of insertions (fwd), .. (rev) , number of deletions (fwd), .. (rev)
IC	1	1	0	0	0
IC	3	0	0	1482	1520
IC	4	1241	1339	1578	1644
IC	5	1706	1694	1708	1934
IC	6	1647	1656	2117	2242
IC	7	1911	1897	2352	2640
IC	8	1897	1951	2713	2861
IC	9	2039	2025	2838	2949
IC	10	2265	2102	3119	3151
IC	11	2252	2232	3011	3292
IC	12	2366	2263	3333	3329
IC	13	2416	2353	3360	3513
IC	14	2642	2547	3434	3531
IC	15	2639	2603	3558	3732
IC	16	2688	2819	3554	3729
IC	17	2922	2745	3768	3818
IC	18	2906	2798	3844	3819
IC	19	3086	2980	3899	3994
IC	20	2991	2849	3968	4024
IC	21	2949	2873	3913	4060
IC	22	2904	2860	4041	3933
IC	23	3061	3011	4086	3956
IC	24	3015	2906	3924	3917
IC	25	3028	2857	3999	3777
IC	26	3000	2840	3996	3975
IC	27	2971	2812	4010	3864
IC	28	2957	2792	4039	3918
IC	29	2910	2771	4056	4040
IC	30	2965	2827	3996	3847
IC	31	2913	2690	3837	3801
IC	32	2910	2750	3928	3729
IC	33	2823	2617	3781	3741
IC	34	2973	2664	3950	3613
IC	35	2787	2764	3972	3722
IC	36	2901	2614	3920	3720
IC	37	2781	2746	3854	3743
IC	38	2912	2672	3830	3687
IC	39	2817	2736	3757	3834
IC	40	2836	2672	3872	3715
IC	41	2768	2622	3826	3827
IC	42	2867	2721	3900	3769
IC	43	2857	2766	3894	3796
IC	44	2808	2760	3787	3839
IC	45	2857	2612	3947	3598
IC	46	2929	2705	3826	3782
IC	47	2787	2609	3808	3764
IC	48	2844	2648	3932	3690
IC	49	2757	2650	3815	3688
IC	50	2732	2651	3908	3758
IC	51	2814	2729	3975	3786
IC	52	2819	2636	3819	3745
IC	53	2778	2638	3862	3804
IC	54	2758	2667	3899	3751
IC	55	2796	2701	3930	3818
IC	56	2753	2707	3924	3766
IC	57	2843	2631	3958	3802
IC	58	2787	2599	3963	3880
IC	59	2733	2627	3882	3866
IC	60	2812	2624	3916	3866
IC	61	2753	2552	3983	3872
IC	62	2667	2542	3792	3717
IC	63	2781	2609	3878	3683
IC	64	2692	2543	3908	3773
IC	65	2615	2501	3914	3636
IC	66	2700	2526	3782	3854
IC	67	2637	2536	3790	3646
IC	68	2660	2520	3772	3711
IC	69	2665	2617	3757	3582
IC	70	2690	2517	3640	3624
IC	71	2606	2506	3614	3457
IC	72	2610	2438	3566	3424
IC	73	2649	2539	3506	3256
IC	74	2616	2490	3340	3309
IC	75	2452	2435	3329	3209
IC	76	2353	2333	3275	3240
IC	77	2482	2389	3257	3039
IC	78	2285	2294	2906	2953
IC	79	2391	2534	2849	2868
IC	80	2505	2596	2956	2837
IC	81	2479	2516	2822	2718
IC	82	2606	2817	2702	2648
IC	83	2690	2859	2516	2454
IC	84	3292	3503	2442	2633
IC	85	4252	5050	2512	2638
IC	86	4441	5272	2625	2850
IC	87	4775	5901	2105	2920
IC	88	0	0	1	1
# Coverage distribution. Use `grep ^COV | cut -f 2-` to extract this part.
COV	[1-1]	1	489801206
COV	[2-2]	2	160605933
COV	[3-3]	3	51700016
COV	[4-4]	4	23169678
COV	[5-5]	5	11506046
COV	[6-6]	6	7207507
COV	[7-7]	7	5083377
COV	[8-8]	8	3986163
COV	[9-9]	9	3324106
COV	[10-10]	10	2880642
COV	[11-11]	11	2570270
COV	[12-12]	12	2306170
COV	[13-13]	13	2116988
COV	[14-14]	14	1957161
COV	[15-15]	15	1819052
COV	[16-16]	16	1699093
COV	[17-17]	17	1596434
COV	[18-18]	18	1513285
COV	[19-19]	19	1429588
COV	[20-20]	20	1362394
COV	[21-21]	21	1295709
COV	[22-22]	22	1242975
COV	[23-23]	23	1189105
COV	[24-24]	24	1142653
COV	[25-25]	25	1097848
COV	[26-26]	26	1060491
COV	[27-27]	27	1023324
COV	[28-28]	28	987078
COV	[29-29]	29	955772
COV	[30-30]	30	927015
COV	[31-31]	31	899884
COV	[32-32]	32	871631
COV	[33-33]	33	845835
COV	[34-34]	34	822196
COV	[35-35]	35	798973
COV	[36-36]	36	779466
COV	[37-37]	37	763220
COV	[38-38]	38	742261
COV	[39-39]	39	727546
COV	[40-40]	40	711319
COV	[41-41]	41	697887
COV	[42-42]	42	684319
COV	[43-43]	43	668918
COV	[44-44]	44	655765
COV	[45-45]	45	643222
COV	[46-46]	46	627440
COV	[47-47]	47	616682
COV	[48-48]	48	605884
COV	[49-49]	49	593209
COV	[50-50]	50	585600
COV	[51-51]	51	576826
COV	[52-52]	52	565907
COV	[53-53]	53	558068
COV	[54-54]	54	548942
COV	[55-55]	55	538688
COV	[56-56]	56	532747
COV	[57-57]	57	523087
COV	[58-58]	58	514168
COV	[59-59]	59	508910
COV	[60-60]	60	501325
COV	[61-61]	61	496045
COV	[62-62]	62	487756
COV	[63-63]	63	481854
COV	[64-64]	64	475311
COV	[65-65]	65	469777
COV	[66-66]	66	464601
COV	[67-67]	67	456892
COV	[68-68]	68	452428
COV	[69-69]	69	445198
COV	[70-70]	70	440926
COV	[71-71]	71	435239
COV	[72-72]	72	430112
COV	[73-73]	73	425323
COV	[74-74]	74	419979
COV	[75-75]	75	414977
COV	[76-76]	76	413515
COV	[77-77]	77	408632
COV	[78-78]	78	403346
COV	[79-79]	79	399065
COV	[80-80]	80	395225
COV	[81-81]	81	391970
COV	[82-82]	82	388035
COV	[83-83]	83	382682
COV	[84-84]	84	377908
COV	[85-85]	85	373525
COV	[86-86]	86	369436
COV	[87-87]	87	366052
COV	[88-88]	88	362214
COV	[89-89]	89	359952
COV	[90-90]	90	357045
COV	[91-91]	91	351864
COV	[92-92]	92	349444
COV	[93-93]	93	345768
COV	[94-94]	94	342846
COV	[95-95]	95	338340
COV	[96-96]	96	335697
COV	[97-97]	97	331771
COV	[98-98]	98	327287
COV	[99-99]	99	325938
COV	[100-100]	100	322309
COV	[101-101]	101	318847
COV	[102-102]	102	316130
COV	[103-103]	103	313100
COV	[104-104]	104	309898
COV	[105-105]	105	305347
COV	[106-106]	106	302475
COV	[107-107]	107	300218
COV	[108-108]	108	296565
COV	[109-109]	109	295054
COV	[110-110]	110	292690
COV	[111-111]	111	290906
COV	[112-112]	112	289590
COV	[113-113]	113	286196
COV	[114-114]	114	282912
COV	[115-115]	115	280812
COV	[116-116]	116	278842
COV	[117-117]	117	275492
COV	[118-118]	118	273677
COV	[119-119]	119	271012
COV	[120-120]	120	267140
COV	[121-121]	121	265879
COV	[122-122]	122	262662
COV	[123-123]	123	260631
COV	[124-124]	124	257453
COV	[125-125]	125	255166
COV	[126-126]	126	253169
COV	[127-127]	127	251201
COV	[128-128]	128	248715
COV	[129-129]	129	247161
COV	[130-130]	130	244251
COV	[131-131]	131	241510
COV	[132-132]	132	240196
COV	[133-133]	133	237526
COV	[134-134]	134	234916
COV	[135-135]	135	233296
COV	[136-136]	136	229748
COV	[137-137]	137	227307
COV	[138-138]	138	225054
COV	[139-139]	139	222472
COV	[140-140]	140	221419
COV	[141-141]	141	219351
COV	[142-142]	142	217974
COV	[143-143]	143	214471
COV	[144-144]	144	212919
COV	[145-145]	145	212167
COV	[146-146]	146	208674
COV	[147-147]	147	207709
COV	[148-148]	148	204410
COV	[149-149]	149	202000
COV	[150-150]	150	200475
COV	[151-151]	151	198765
COV	[152-152]	152	196335
COV	[153-153]	153	195292
COV	[154-154]	154	193046
COV	[155-155]	155	190077
COV	[156-156]	156	189166
COV	[157-157]	157	186841
COV	[158-158]	158	183885
COV	[159-159]	159	182082
COV	[160-160]	160	180441
COV	[161-161]	161	178840
COV	[162-162]	162	177338
COV	[163-163]	163	176603
COV	[164-164]	164	173808
COV	[165-165]	165	171406
COV	[166-166]	166	169820
COV	[167-167]	167	168751
COV	[168-168]	168	165975
COV	[169-169]	169	164283
COV	[170-170]	170	162314
COV	[171-171]	171	161199
COV	[172-172]	172	159298
COV	[173-173]	173	157201
COV	[174-174]	174	155216
COV	[175-175]	175	154210
COV	[176-176]	176	151741
COV	[177-177]	177	149919
COV	[178-178]	178	148174
COV	[179-179]	179	148284
COV	[180-180]	180	146004
COV	[181-181]	181	144002
COV	[182-182]	182	142619
COV	[183-183]	183	140650
COV	[184-184]	184	139501
COV	[185-185]	185	138316
COV	[186-186]	186	136438
COV	[187-187]	187	135271
COV	[188-188]	188	133264
COV	[189-189]	189	132672
COV	[190-190]	190	131228
COV	[191-191]	191	129400
COV	[192-192]	192	127966
COV	[193-193]	193	126639
COV	[194-194]	194	125514
COV	[195-195]	195	123212
COV	[196-196]	196	121960
COV	[197-197]	197	120830
COV	[198-198]	198	120024
COV	[199-199]	199	118529
COV	[200-200]	200	116344
COV	[201-201]	201	115509
COV	[202-202]	202	114165
COV	[203-203]	203	113125
COV	[204-204]	204	112007
COV	[205-205]	205	110953
COV	[206-206]	206	109350
COV	[207-207]	207	107991
COV	[208-208]	208	107300
COV	[209-209]	209	105477
COV	[210-210]	210	103919
COV	[211-211]	211	102905
COV	[212-212]	212	101756
COV	[213-213]	213	100845
COV	[214-214]	214	100309
COV	[215-215]	215	98947
COV	[216-216]	216	97767
COV	[217-217]	217	96219
COV	[218-218]	218	94981
COV	[219-219]	219	94332
COV	[220-220]	220	92824
COV	[221-221]	221	91855
COV	[222-222]	222	90807
COV	[223-223]	223	90268
COV	[224-224]	224	88954
COV	[225-225]	225	87399
COV	[226-226]	226	87002
COV	[227-227]	227	85516
COV	[228-228]	228	84543
COV	[229-229]	229	83591
COV	[230-230]	230	82643
COV	[231-231]	231	81917
COV	[232-232]	232	81016
COV	[233-233]	233	79536
COV	[234-234]	234	78776
COV	[235-235]	235	77722
COV	[236-236]	236	77252
COV	[237-237]	237	75498
COV	[238-238]	238	74643
COV	[239-239]	239	74177
COV	[240-240]	240	72958
COV	[241-241]	241	72180
COV	[242-242]	242	71049
COV	[243-243]	243	70028
COV	[244-244]	244	68963
COV	[245-245]	245	68150
COV	[246-246]	246	67613
COV	[247-247]	247	67207
COV	[248-248]	248	65854
COV	[249-249]	249	65562
COV	[250-250]	250	64383
COV	[251-251]	251	63631
COV	[252-252]	252	63102
COV	[253-253]	253	62567
COV	[254-254]	254	61875
COV	[255-255]	255	61499
COV	[256-256]	256	60774
COV	[257-257]	257	59881
COV	[258-258]	258	59266
COV	[259-259]	259	58914
COV	[260-260]	260	57935
COV	[261-261]	261	56991
COV	[262-262]	262	56518
COV	[263-263]	263	55274
COV	[264-264]	264	55263
COV	[265-265]	265	54674
COV	[266-266]	266	53727
COV	[267-267]	267	52804
COV	[268-268]	268	52368
COV	[269-269]	269	51626
COV	[270-270]	270	51444
COV	[271-271]	271	50451
COV	[272-272]	272	49974
COV	[273-273]	273	49315
COV	[274-274]	274	48921
COV	[275-275]	275	47478
COV	[276-276]	276	46761
COV	[277-277]	277	46591
COV	[278-278]	278	45848
COV	[279-279]	279	45034
COV	[280-280]	280	44744
COV	[281-281]	281	44508
COV	[282-282]	282	43901
COV	[283-283]	283	43516
COV	[284-284]	284	43345
COV	[285-285]	285	42368
COV	[286-286]	286	41941
COV	[287-287]	287	41363
COV	[288-288]	288	40843
COV	[289-289]	289	40395
COV	[290-290]	290	39589
COV	[291-291]	291	39372
COV	[292-292]	292	38518
COV	[293-293]	293	38201
COV	[294-294]	294	37949
COV	[295-295]	295	37748
COV	[296-296]	296	37009
COV	[297-297]	297	36713
COV	[298-298]	298	36856
COV	[299-299]	299	36187
COV	[300-300]	300	35453
COV	[301-301]	301	35398
COV	[302-302]	302	34889
COV	[303-303]	303	34336
COV	[304-304]	304	33882
COV	[305-305]	305	33425
COV	[306-306]	306	33183
COV	[307-307]	307	32745
COV	[308-308]	308	32718
COV	[309-309]	309	31945
COV	[310-310]	310	31877
COV	[311-311]	311	31219
COV	[312-312]	312	31110
COV	[313-313]	313	30725
COV	[314-314]	314	30566
COV	[315-315]	315	30191
COV	[316-316]	316	29734
COV	[317-317]	317	28948
COV	[318-318]	318	28714
COV	[319-319]	319	28638
COV	[320-320]	320	28000
COV	[321-321]	321	28112
COV	[322-322]	322	27732
COV	[323-323]	323	26892
COV	[324-324]	324	27014
COV	[325-325]	325	26523
COV	[326-326]	326	26443
COV	[327-327]	327	25696
COV	[328-328]	328	25761
COV	[329-329]	329	25464
COV	[330-330]	330	25238
COV	[331-331]	331	25122
COV	[332-332]	332	24678
COV	[333-333]	333	24502
COV	[334-334]	334	24248
COV	[335-335]	335	23943
COV	[336-336]	336	23636
COV	[337-337]	337	23265
COV	[338-338]	338	22928
COV	[339-339]	339	22762
COV	[340-340]	340	22327
COV	[341-341]	341	22343
COV	[342-342]	342	21896
COV	[343-343]	343	21661
COV	[344-344]	344	21314
COV	[345-345]	345	20938
COV	[346-346]	346	20874
COV	[347-347]	347	20681
COV	[348-348]	348	20401
COV	[349-349]	349	20192
COV	[350-350]	350	20111
COV	[351-351]	351	19757
COV	[352-352]	352	19765
COV	[353-353]	353	19391
COV	[354-354]	354	18937
COV	[355-355]	355	19039
COV	[356-356]	356	18599
COV	[357-357]	357	18263
COV	[358-358]	358	17922
COV	[359-359]	359	17954
COV	[360-360]	360	17661
COV	[361-361]	361	17548
COV	[362-362]	362	17122
COV	[363-363]	363	16990
COV	[364-364]	364	17080
COV	[365-365]	365	16767
COV	[366-366]	366	16628
COV	[367-367]	367	16423
COV	[368-368]	368	16043
COV	[369-369]	369	16074
COV	[370-370]	370	15717
COV	[371-371]	371	15780
COV	[372-372]	372	15155
COV	[373-373]	373	15313
COV	[374-374]	374	15073
COV	[375-375]	375	14771
COV	[376-376]	376	14675
COV	[377-377]	377	14428
COV	[378-378]	378	14433
COV	[379-379]	379	14185
COV	[380-380]	380	13822
COV	[381-381]	381	13553
COV	[382-382]	382	13603
COV	[383-383]	383	13613
COV	[384-384]	384	13389
COV	[385-385]	385	13053
COV	[386-386]	386	13000
COV	[387-387]	387	12914
COV	[388-388]	388	12731
COV	[389-389]	389	12576
COV	[390-390]	390	12401
COV	[391-391]	391	12244
COV	[392-392]	392	12233
COV	[393-393]	393	12060
COV	[394-394]	394	11859
COV	[395-395]	395	11640
COV	[396-396]	396	11697
COV	[397-397]	397	11647
COV	[398-398]	398	11334
COV	[399-399]	399	11096
COV	[400-400]	400	11162
COV	[401-401]	401	11094
COV	[402-402]	402	10869
COV	[403-403]	403	10635
COV	[404-404]	404	10688
COV	[405-405]	405	10467
COV	[406-406]	406	10331
COV	[407-407]	407	10500
COV	[408-408]	408	10239
COV	[409-409]	409	10246
COV	[410-410]	410	10050
COV	[411-411]	411	9969
COV	[412-412]	412	9919
COV	[413-413]	413	9620
COV	[414-414]	414	9574
COV	[415-415]	415	9384
COV	[416-416]	416	9411
COV	[417-417]	417	9189
COV	[418-418]	418	9055
COV	[419-419]	419	8946
COV	[420-420]	420	9072
COV	[421-421]	421	9024
COV	[422-422]	422	8905
COV	[423-423]	423	8730
COV	[424-424]	424	8628
COV	[425-425]	425	8532
COV	[426-426]	426	8331
COV	[427-427]	427	8299
COV	[428-428]	428	8319
COV	[429-429]	429	8238
COV	[430-430]	430	8135
COV	[431-431]	431	7952
COV	[432-432]	432	7889
COV	[433-433]	433	7907
COV	[434-434]	434	7764
COV	[435-435]	435	7667
COV	[436-436]	436	7697
COV	[437-437]	437	7826
COV	[438-438]	438	7719
COV	[439-439]	439	7386
COV	[440-440]	440	7353
COV	[441-441]	441	7307
COV	[442-442]	442	7382
COV	[443-443]	443	7187
COV	[444-444]	444	7182
COV	[445-445]	445	7099
COV	[446-446]	446	7039
COV	[447-447]	447	6938
COV	[448-448]	448	6883
COV	[449-449]	449	6763
COV	[450-450]	450	6633
COV	[451-451]	451	6540
COV	[452-452]	452	6584
COV	[453-453]	453	6464
COV	[454-454]	454	6405
COV	[455-455]	455	6273
COV	[456-456]	456	6208
COV	[457-457]	457	6063
COV	[458-458]	458	6183
COV	[459-459]	459	6146
COV	[460-460]	460	5931
COV	[461-461]	461	5877
COV	[462-462]	462	5953
COV	[463-463]	463	5962
COV	[464-464]	464	5741
COV	[465-465]	465	5699
COV	[466-466]	466	5734
COV	[467-467]	467	5626
COV	[468-468]	468	5534
COV	[469-469]	469	5442
COV	[470-470]	470	5403
COV	[471-471]	471	5385
COV	[472-472]	472	5230
COV	[473-473]	473	5373
COV	[474-474]	474	5244
COV	[475-475]	475	5284
COV	[476-476]	476	5145
COV	[477-477]	477	4978
COV	[478-478]	478	5021
COV	[479-479]	479	4972
COV	[480-480]	480	4854
COV	[481-481]	481	4914
COV	[482-482]	482	4736
COV	[483-483]	483	4770
COV	[484-484]	484	4813
COV	[485-485]	485	4798
COV	[486-486]	486	4697
COV	[487-487]	487	4741
COV	[488-488]	488	4708
COV	[489-489]	489	4494
COV	[490-490]	490	4628
COV	[491-491]	491	4428
COV	[492-492]	492	4520
COV	[493-493]	493	4432
COV	[494-494]	494	4340
COV	[495-495]	495	4244
COV	[496-496]	496	4317
COV	[497-497]	497	4227
COV	[498-498]	498	4047
COV	[499-499]	499	4228
COV	[500-500]	500	4159
COV	[501-501]	501	4115
COV	[502-502]	502	4026
COV	[503-503]	503	3933
COV	[504-504]	504	3909
COV	[505-505]	505	3905
COV	[506-506]	506	3889
COV	[507-507]	507	3732
COV	[508-508]	508	3686
COV	[509-509]	509	3920
COV	[510-510]	510	3742
COV	[511-511]	511	3654
COV	[512-512]	512	3607
COV	[513-513]	513	3698
COV	[514-514]	514	3631
COV	[515-515]	515	3693
COV	[516-516]	516	3633
COV	[517-517]	517	3552
COV	[518-518]	518	3610
COV	[519-519]	519	3499
COV	[520-520]	520	3643
COV	[521-521]	521	3454
COV	[522-522]	522	3457
COV	[523-523]	523	3483
COV	[524-524]	524	3429
COV	[525-525]	525	3354
COV	[526-526]	526	3345
COV	[527-527]	527	3334
COV	[528-528]	528	3277
COV	[529-529]	529	3259
COV	[530-530]	530	3253
COV	[531-531]	531	3192
COV	[532-532]	532	3211
COV	[533-533]	533	3182
COV	[534-534]	534	3159
COV	[535-535]	535	2921
COV	[536-536]	536	3046
COV	[537-537]	537	3080
COV	[538-538]	538	2962
COV	[539-539]	539	2934
COV	[540-540]	540	2902
COV	[541-541]	541	2825
COV	[542-542]	542	2859
COV	[543-543]	543	2836
COV	[544-544]	544	2727
COV	[545-545]	545	2808
COV	[546-546]	546	2772
COV	[547-547]	547	2710
COV	[548-548]	548	2636
COV	[549-549]	549	2611
COV	[550-550]	550	2647
COV	[551-551]	551	2639
COV	[552-552]	552	2592
COV	[553-553]	553	2375
COV	[554-554]	554	2559
COV	[555-555]	555	2515
COV	[556-556]	556	2446
COV	[557-557]	557	2363
COV	[558-558]	558	2419
COV	[559-559]	559	2417
COV	[560-560]	560	2358
COV	[561-561]	561	2336
COV	[562-562]	562	2280
COV	[563-563]	563	2248
COV	[564-564]	564	2265
COV	[565-565]	565	2149
COV	[566-566]	566	2254
COV	[567-567]	567	2259
COV	[568-568]	568	2184
COV	[569-569]	569	2215
COV	[570-570]	570	2196
COV	[571-571]	571	2213
COV	[572-572]	572	2113
COV	[573-573]	573	2166
COV	[574-574]	574	2153
COV	[575-575]	575	2096
COV	[576-576]	576	2017
COV	[577-577]	577	1972
COV	[578-578]	578	2003
COV	[579-579]	579	2066
COV	[580-580]	580	2011
COV	[581-581]	581	1945
COV	[582-582]	582	1968
COV	[583-583]	583	1977
COV	[584-584]	584	1871
COV	[585-585]	585	2033
COV	[586-586]	586	1870
COV	[587-587]	587	1934
COV	[588-588]	588	1883
COV	[589-589]	589	1905
COV	[590-590]	590	1808
COV	[591-591]	591	1826
COV	[592-592]	592	1735
COV	[593-593]	593	1784
COV	[594-594]	594	1712
COV	[595-595]	595	1774
COV	[596-596]	596	1703
COV	[597-597]	597	1707
COV	[598-598]	598	1662
COV	[599-599]	599	1683
COV	[600-600]	600	1728
COV	[601-601]	601	1680
COV	[602-602]	602	1556
COV	[603-603]	603	1567
COV	[604-604]	604	1638
COV	[605-605]	605	1631
COV	[606-606]	606	1587
COV	[607-607]	607	1634
COV	[608-608]	608	1513
COV	[609-609]	609	1514
COV	[610-610]	610	1564
COV	[611-611]	611	1526
COV	[612-612]	612	1495
COV	[613-613]	613	1503
COV	[614-614]	614	1445
COV	[615-615]	615	1496
COV	[616-616]	616	1454
COV	[617-617]	617	1462
COV	[618-618]	618	1420
COV	[619-619]	619	1407
COV	[620-620]	620	1392
COV	[621-621]	621	1428
COV	[622-622]	622	1422
COV	[623-623]	623	1428
COV	[624-624]	624	1365
COV	[625-625]	625	1410
COV	[626-626]	626	1281
COV	[627-627]	627	1286
COV	[628-628]	628	1354
COV	[629-629]	629	1265
COV	[630-630]	630	1302
COV	[631-631]	631	1246
COV	[632-632]	632	1277
COV	[633-633]	633	1236
COV	[634-634]	634	1268
COV	[635-635]	635	1237
COV	[636-636]	636	1238
COV	[637-637]	637	1278
COV	[638-638]	638	1285
COV	[639-639]	639	1248
COV	[640-640]	640	1223
COV	[641-641]	641	1189
COV	[642-642]	642	1164
COV	[643-643]	643	1131
COV	[644-644]	644	1183
COV	[645-645]	645	1126
COV	[646-646]	646	1143
COV	[647-647]	647	1137
COV	[648-648]	648	1026
COV	[649-649]	649	1096
COV	[650-650]	650	1036
COV	[651-651]	651	1112
COV	[652-652]	652	1063
COV	[653-653]	653	1069
COV	[654-654]	654	1071
COV	[655-655]	655	1072
COV	[656-656]	656	1019
COV	[657-657]	657	1027
COV	[658-658]	658	1076
COV	[659-659]	659	1005
COV	[660-660]	660	992
COV	[661-661]	661	983
COV	[662-662]	662	972
COV	[663-663]	663	941
COV	[664-664]	664	940
COV	[665-665]	665	924
COV	[666-666]	666	922
COV	[667-667]	667	949
COV	[668-668]	668	898
COV	[669-669]	669	885
COV	[670-670]	670	898
COV	[671-671]	671	889
COV	[672-672]	672	868
COV	[673-673]	673	879
COV	[674-674]	674	839
COV	[675-675]	675	872
COV	[676-676]	676	905
COV	[677-677]	677	926
COV	[678-678]	678	870
COV	[679-679]	679	867
COV	[680-680]	680	902
COV	[681-681]	681	885
COV	[682-682]	682	849
COV	[683-683]	683	840
COV	[684-684]	684	822
COV	[685-685]	685	864
COV	[686-686]	686	811
COV	[687-687]	687	835
COV	[688-688]	688	835
COV	[689-689]	689	827
COV	[690-690]	690	849
COV	[691-691]	691	826
COV	[692-692]	692	787
COV	[693-693]	693	737
COV	[694-694]	694	788
COV	[695-695]	695	779
COV	[696-696]	696	760
COV	[697-697]	697	779
COV	[698-698]	698	755
COV	[699-699]	699	728
COV	[700-700]	700	737
COV	[701-701]	701	737
COV	[702-702]	702	727
COV	[703-703]	703	753
COV	[704-704]	704	746
COV	[705-705]	705	726
COV	[706-706]	706	692
COV	[707-707]	707	711
COV	[708-708]	708	654
COV	[709-709]	709	687
COV	[710-710]	710	643
COV	[711-711]	711	725
COV	[712-712]	712	675
COV	[713-713]	713	696
COV	[714-714]	714	686
COV	[715-715]	715	682
COV	[716-716]	716	659
COV	[717-717]	717	643
COV	[718-718]	718	658
COV	[719-719]	719	692
COV	[720-720]	720	643
COV	[721-721]	721	630
COV	[722-722]	722	656
COV	[723-723]	723	596
COV	[724-724]	724	623
COV	[725-725]	725	625
COV	[726-726]	726	625
COV	[727-727]	727	652
COV	[728-728]	728	596
COV	[729-729]	729	628
COV	[730-730]	730	640
COV	[731-731]	731	599
COV	[732-732]	732	618
COV	[733-733]	733	645
COV	[734-734]	734	567
COV	[735-735]	735	559
COV	[736-736]	736	566
COV	[737-737]	737	563
COV	[738-738]	738	593
COV	[739-739]	739	578
COV	[740-740]	740	551
COV	[741-741]	741	561
COV	[742-742]	742	553
COV	[743-743]	743	509
COV	[744-744]	744	517
COV	[745-745]	745	516
COV	[746-746]	746	546
COV	[747-747]	747	485
COV	[748-748]	748	469
COV	[749-749]	749	458
COV	[750-750]	750	499
COV	[751-751]	751	499
COV	[752-752]	752	519
COV	[753-753]	753	510
COV	[754-754]	754	486
COV	[755-755]	755	498
COV	[756-756]	756	495
COV	[757-757]	757	483
COV	[758-758]	758	486
COV	[759-759]	759	471
COV	[760-760]	760	493
COV	[761-761]	761	468
COV	[762-762]	762	430
COV	[763-763]	763	486
COV	[764-764]	764	448
COV	[765-765]	765	453
COV	[766-766]	766	432
COV	[767-767]	767	430
COV	[768-768]	768	470
COV	[769-769]	769	452
COV	[770-770]	770	393
COV	[771-771]	771	412
COV	[772-772]	772	458
COV	[773-773]	773	423
COV	[774-774]	774	395
COV	[775-775]	775	409
COV	[776-776]	776	413
COV	[777-777]	777	409
COV	[778-778]	778	438
COV	[779-779]	779	416
COV	[780-780]	780	402
COV	[781-781]	781	421
COV	[782-782]	782	395
COV	[783-783]	783	408
COV	[784-784]	784	392
COV	[785-785]	785	389
COV	[786-786]	786	389
COV	[787-787]	787	381
COV	[788-788]	788	360
COV	[789-789]	789	377
COV	[790-790]	790	359
COV	[791-791]	791	362
COV	[792-792]	792	361
COV	[793-793]	793	361
COV	[794-794]	794	369
COV	[795-795]	795	383
COV	[796-796]	796	373
COV	[797-797]	797	394
COV	[798-798]	798	368
COV	[799-799]	799	346
COV	[800-800]	800	361
COV	[801-801]	801	394
COV	[802-802]	802	363
COV	[803-803]	803	377
COV	[804-804]	804	365
COV	[805-805]	805	359
COV	[806-806]	806	348
COV	[807-807]	807	346
COV	[808-808]	808	329
COV	[809-809]	809	357
COV	[810-810]	810	310
COV	[811-811]	811	321
COV	[812-812]	812	313
COV	[813-813]	813	313
COV	[814-814]	814	311
COV	[815-815]	815	344
COV	[816-816]	816	292
COV	[817-817]	817	308
COV	[818-818]	818	313
COV	[819-819]	819	290
COV	[820-820]	820	261
COV	[821-821]	821	300
COV	[822-822]	822	307
COV	[823-823]	823	266
COV	[824-824]	824	288
COV	[825-825]	825	270
COV	[826-826]	826	260
COV	[827-827]	827	313
COV	[828-828]	828	297
COV	[829-829]	829	279
COV	[830-830]	830	332
COV	[831-831]	831	288
COV	[832-832]	832	280
COV	[833-833]	833	304
COV	[834-834]	834	256
COV	[835-835]	835	270
COV	[836-836]	836	264
COV	[837-837]	837	275
COV	[838-838]	838	243
COV	[839-839]	839	258
COV	[840-840]	840	263
COV	[841-841]	841	244
COV	[842-842]	842	260
COV	[843-843]	843	255
COV	[844-844]	844	246
COV	[845-845]	845	236
COV	[846-846]	846	229
COV	[847-847]	847	208
COV	[848-848]	848	237
COV	[849-849]	849	243
COV	[850-850]	850	250
COV	[851-851]	851	209
COV	[852-852]	852	240
COV	[853-853]	853	226
COV	[854-854]	854	232
COV	[855-855]	855	224
COV	[856-856]	856	222
COV	[857-857]	857	207
COV	[858-858]	858	231
COV	[859-859]	859	223
COV	[860-860]	860	216
COV	[861-861]	861	191
COV	[862-862]	862	212
COV	[863-863]	863	208
COV	[864-864]	864	198
COV	[865-865]	865	217
COV	[866-866]	866	189
COV	[867-867]	867	199
COV	[868-868]	868	215
COV	[869-869]	869	199
COV	[870-870]	870	193
COV	[871-871]	871	204
COV	[872-872]	872	215
COV	[873-873]	873	189
COV	[874-874]	874	208
COV	[875-875]	875	185
COV	[876-876]	876	182
COV	[877-877]	877	167
COV	[878-878]	878	206
COV	[879-879]	879	206
COV	[880-880]	880	160
COV	[881-881]	881	176
COV	[882-882]	882	175
COV	[883-883]	883	168
COV	[884-884]	884	173
COV	[885-885]	885	162
COV	[886-886]	886	169
COV	[887-887]	887	168
COV	[888-888]	888	187
COV	[889-889]	889	164
COV	[890-890]	890	182
COV	[891-891]	891	154
COV	[892-892]	892	150
COV	[893-893]	893	152
COV	[894-894]	894	168
COV	[895-895]	895	151
COV	[896-896]	896	154
COV	[897-897]	897	177
COV	[898-898]	898	151
COV	[899-899]	899	173
COV	[900-900]	900	161
COV	[901-901]	901	166
COV	[902-902]	902	183
COV	[903-903]	903	160
COV	[904-904]	904	156
COV	[905-905]	905	162
COV	[906-906]	906	149
COV	[907-907]	907	140
COV	[908-908]	908	152
COV	[909-909]	909	144
COV	[910-910]	910	153
COV	[911-911]	911	158
COV	[912-912]	912	137
COV	[913-913]	913	145
COV	[914-914]	914	138
COV	[915-915]	915	130
COV	[916-916]	916	138
COV	[917-917]	917	146
COV	[918-918]	918	113
COV	[919-919]	919	133
COV	[920-920]	920	111
COV	[921-921]	921	118
COV	[922-922]	922	109
COV	[923-923]	923	103
COV	[924-924]	924	133
COV	[925-925]	925	99
COV	[926-926]	926	94
COV	[927-927]	927	106
COV	[928-928]	928	125
COV	[929-929]	929	118
COV	[930-930]	930	104
COV	[931-931]	931	107
COV	[932-932]	932	119
COV	[933-933]	933	126
COV	[934-934]	934	106
COV	[935-935]	935	103
COV	[936-936]	936	111
COV	[937-937]	937	106
COV	[938-938]	938	106
COV	[939-939]	939	107
COV	[940-940]	940	104
COV	[941-941]	941	106
COV	[942-942]	942	94
COV	[943-943]	943	101
COV	[944-944]	944	122
COV	[945-945]	945	119
COV	[946-946]	946	97
COV	[947-947]	947	93
COV	[948-948]	948	100
COV	[949-949]	949	102
COV	[950-950]	950	125
COV	[951-951]	951	103
COV	[952-952]	952	106
COV	[953-953]	953	110
COV	[954-954]	954	127
COV	[955-955]	955	113
COV	[956-956]	956	84
COV	[957-957]	957	101
COV	[958-958]	958	88
COV	[959-959]	959	93
COV	[960-960]	960	116
COV	[961-961]	961	108
COV	[962-962]	962	102
COV	[963-963]	963	123
COV	[964-964]	964	108
COV	[965-965]	965	109
COV	[966-966]	966	92
COV	[967-967]	967	102
COV	[968-968]	968	97
COV	[969-969]	969	106
COV	[970-970]	970	108
COV	[971-971]	971	104
COV	[972-972]	972	109
COV	[973-973]	973	92
COV	[974-974]	974	100
COV	[975-975]	975	113
COV	[976-976]	976	100
COV	[977-977]	977	112
COV	[978-978]	978	97
COV	[979-979]	979	109
COV	[980-980]	980	90
COV	[981-981]	981	102
COV	[982-982]	982	94
COV	[983-983]	983	108
COV	[984-984]	984	108
COV	[985-985]	985	92
COV	[986-986]	986	97
COV	[987-987]	987	91
COV	[988-988]	988	102
COV	[989-989]	989	91
COV	[990-990]	990	95
COV	[991-991]	991	94
COV	[992-992]	992	91
COV	[993-993]	993	102
COV	[994-994]	994	98
COV	[995-995]	995	108
COV	[996-996]	996	84
COV	[997-997]	997	102
COV	[998-998]	998	91
COV	[999-999]	999	81
COV	[1000-1000]	1000	93
COV	[1000<]	1000	23104
# GC-depth. Use `grep ^GCD | cut -f 2-` to extract this part. The columns are: GC%, unique sequence percentiles, 10th, 25th, 50th, 75th and 90th depth percentile
GCD	0.0	0.026	0.004	0.004	0.004	0.004	0.009
GCD	3.0	0.027	0.063	0.063	0.063	0.063	0.063
GCD	9.0	0.028	0.099	0.099	0.099	0.099	0.099
GCD	13.0	0.029	0.009	0.009	0.016	0.022	0.022
GCD	14.0	0.030	0.009	0.009	0.009	0.009	0.009
GCD	15.0	0.031	0.018	0.018	0.756	1.493	1.493
GCD	16.0	0.032	0.009	0.009	0.009	0.009	0.009
GCD	18.0	0.033	0.018	0.018	0.018	0.018	0.018
GCD	20.0	0.034	0.009	0.009	0.022	0.036	0.036
GCD	21.0	0.037	0.004	0.006	0.011	0.051	0.063
GCD	22.0	0.041	0.013	0.013	0.861	10.113	21.179
GCD	23.0	0.043	0.018	0.089	0.457	0.639	0.648
GCD	23.4	0.044	0.207	0.207	0.207	0.207	0.207
GCD	24.0	0.049	0.013	0.013	0.016	0.166	2.506
GCD	25.0	0.054	0.013	0.013	0.013	0.027	0.157
GCD	26.0	0.060	0.004	0.010	0.034	0.859	8.327
GCD	27.0	0.067	0.172	0.432	1.493	2.803	4.119
GCD	28.0	0.094	0.014	0.169	2.027	3.261	5.388
GCD	29.0	0.145	0.722	2.222	3.644	6.689	8.550
GCD	30.0	0.264	0.111	1.978	3.462	6.402	10.313
GCD	31.0	0.483	0.127	0.949	3.687	8.179	12.851
GCD	32.0	0.994	0.144	0.238	3.783	9.505	16.877
GCD	33.0	1.874	0.148	0.211	3.430	9.277	16.852
GCD	34.0	3.437	0.144	0.193	0.337	7.550	15.844
GCD	35.0	5.897	0.153	0.198	0.265	6.008	15.043
GCD	36.0	9.679	0.153	0.198	0.256	2.986	12.798
GCD	37.0	14.727	0.157	0.202	0.256	0.423	10.302
GCD	38.0	21.215	0.157	0.207	0.265	0.360	8.157
GCD	39.0	28.765	0.157	0.216	0.279	0.369	6.959
GCD	40.0	36.374	0.180	0.238	0.306	0.409	6.592
GCD	41.0	43.864	0.207	0.265	0.333	0.452	7.198
GCD	42.0	50.813	0.234	0.292	0.364	0.499	7.452
GCD	43.0	57.253	0.252	0.319	0.400	0.553	7.968
GCD	44.0	62.902	0.274	0.351	0.441	0.652	8.756
GCD	45.0	67.943	0.292	0.378	0.481	0.795	9.076
GCD	46.0	72.362	0.315	0.414	0.531	1.547	9.910
GCD	47.0	76.124	0.351	0.454	0.576	2.029	10.966
GCD	48.0	79.359	0.378	0.490	0.639	2.918	10.935
GCD	49.0	82.204	0.396	0.531	0.702	3.696	12.956
GCD	50.0	84.670	0.418	0.571	0.765	4.349	13.720
GCD	51.0	86.821	0.477	0.639	0.859	5.048	13.725
GCD	52.0	88.770	0.486	0.666	0.931	5.197	15.842
GCD	53.0	90.490	0.522	0.724	1.089	6.365	15.532
GCD	54.0	92.055	0.549	0.756	1.444	7.405	17.315
GCD	55.0	93.462	0.580	0.810	2.060	8.475	18.759
GCD	56.0	94.806	0.621	0.886	2.870	9.856	19.834
GCD	57.0	95.964	0.701	0.981	3.239	10.553	20.308
GCD	58.0	97.022	0.754	1.183	4.240	11.058	19.019
GCD	59.0	97.916	0.805	1.379	4.001	10.383	17.330
GCD	60.0	98.621	0.822	1.536	4.786	10.736	16.972
GCD	61.0	99.179	0.861	1.615	4.341	10.949	18.384
GCD	62.0	99.515	0.848	1.687	4.242	9.613	15.173
GCD	63.0	99.735	0.691	1.579	3.977	8.302	12.779
GCD	64.0	99.877	0.877	2.375	4.768	7.566	13.554
GCD	65.0	99.948	0.875	2.180	5.029	8.457	11.071
GCD	66.0	99.986	0.199	1.392	3.270	4.696	8.752
GCD	67.0	99.999	0.464	1.405	2.256	4.325	10.018
GCD	68.0	100.000	0.774	0.774	2.069	3.365	3.365
