# This file was produced by samtools stats (1.23+htslib-1.23) and can be plotted using plot-bamstats
# This file contains statistics for all reads.
# The command line was:  stats data/AFR/ACB/HG01986/aligned/HG01986.bam
# CHK, Checksum	[2]Read Names	[3]Sequences	[4]Qualities
# CHK, CRC32 of reads which passed filtering followed by addition (32bit overflow)
CHK	48b52e94	f6caa925	f1b638e9
# Summary Numbers. Use `grep ^SN | cut -f 2-` to extract this part.
SN	raw total sequences:	116536736	# excluding supplementary and secondary reads
SN	filtered sequences:	0
SN	sequences:	116536736
SN	is sorted:	1	# sorted by coordinate
SN	1st fragments:	58268368
SN	last fragments:	58268368
SN	reads mapped:	116506897
SN	reads mapped and paired:	116503006	# paired-end technology bit set + both mates mapped
SN	reads unmapped:	29839
SN	reads properly paired:	114654096	# proper-pair bit set
SN	reads paired:	116536736	# paired-end technology bit set
SN	reads duplicated:	0	# PCR or optical duplicate bit set
SN	reads MQ0:	7516046	# mapped and MQ=0
SN	reads QC failed:	0
SN	non-primary alignments:	0
SN	supplementary alignments:	79405
SN	total length:	10483540908	# ignores clipping
SN	total first fragment length:	5241770454	# ignores clipping
SN	total last fragment length:	5241770454	# ignores clipping
SN	bases mapped:	10480875970	# ignores clipping
SN	bases mapped (cigar):	10463068577	# more accurate
SN	bases trimmed:	0
SN	bases duplicated:	0
SN	mismatches:	30002930	# from NM fields
SN	error rate:	2.867508e-03	# mismatches / bases mapped (cigar)
SN	average length:	90
SN	average first fragment length:	90
SN	average last fragment length:	90
SN	maximum length:	90
SN	maximum first fragment length:	90
SN	maximum last fragment length:	90
SN	average quality:	36.7
SN	insert size average:	225.4
SN	insert size standard deviation:	84.9
SN	inward oriented pairs:	58025236
SN	outward oriented pairs:	14736
SN	pairs with other orientation:	22021
SN	pairs on different chromosomes:	189510
SN	percentage of properly paired reads (%):	98.4
# First Fragment Qualities. Use `grep ^FFQ | cut -f 2-` to extract this part.
# Columns correspond to qualities and rows to cycles. First column is the cycle number.
FFQ	1	0	0	193942	0	0	0	0	0	0	0	36097	0	0	0	0	0	90467	0	0	2797	0	0	23412	118135	0	91579	381507	576348	255361	0	2068641	16248853	0	3097697	35083532	0	0	0	0	0	0	0	0
FFQ	2	0	0	1734	0	0	0	0	0	0	0	26445	0	0	0	0	0	258874	0	0	19276	0	0	34567	85494	0	91385	310875	609650	239842	0	1782925	13469635	0	1456689	39880977	0	0	0	0	0	0	0	0
FFQ	3	0	0	0	0	0	0	0	0	0	0	28060	0	0	0	0	0	94546	0	0	2116	0	0	43113	81130	0	129114	296273	639956	374133	0	1718989	12704280	0	1484568	40672090	0	0	0	0	0	0	0	0
FFQ	4	0	0	186852	0	0	0	0	0	0	0	23611	0	0	0	0	0	38273	0	0	39224	0	0	35426	0	0	80166	143615	11898	207379	5115	416424	12148	599002	1031529	0	9299430	0	46138276	0	0	0	0	0
FFQ	5	0	0	0	0	0	0	0	0	0	0	36512	0	0	0	0	0	52794	0	0	229719	0	0	42786	0	0	106303	177953	13063	242367	5294	486065	12844	648780	1120085	0	9538528	0	45555275	0	0	0	0	0
FFQ	6	0	0	0	0	0	0	60	0	6077	0	34700	11135	0	0	21	5398	10850	54853	23905	23240	0	4829	3838	47297	72	123919	166137	26219	176873	111424	474835	70413	884465	1064590	260	8807338	803467	45332153	0	0	0	0	0
FFQ	7	0	0	0	0	0	22	159	0	6570	0	35422	10788	18	0	60	6693	11828	57222	26404	24380	37	5729	4187	50327	105	133174	173824	33164	155836	113653	495984	77230	800852	1118840	313	9011585	820491	45093471	0	0	0	0	0
FFQ	8	0	0	0	0	0	63	124	9	6959	0	37926	11566	51	0	58	7014	11881	57195	25750	23687	130	6346	4439	50099	107	134414	175018	44023	145933	112187	499741	79339	800018	1119491	368	9079358	840006	44995068	0	0	0	0	0
FFQ	9	0	0	0	0	0	87	156	35	6012	0	32207	9161	79	15	69	7359	12029	55859	28554	24053	323	6607	5166	50971	244	140014	66286	179384	127977	116857	513175	60978	708229	793018	481018	2763237	2639	5272230	3269608	43534732	0	0	0
FFQ	10	0	0	0	0	0	144	137	34	6501	2	33754	9823	133	13	85	7198	12309	53256	29007	24994	531	7010	5459	52668	457	143055	67197	212876	94633	118835	522270	60606	717026	804387	482204	2799363	2425	5320512	3390620	43288844	0	0	0
FFQ	11	0	0	0	0	0	225	154	64	8566	45	42657	12800	210	28	89	8169	13487	57061	31388	26660	608	7946	5927	56735	883	150096	69854	261258	58961	124368	540666	61792	739575	829357	490464	2861989	2386	5391833	3532493	42879574	0	0	0
FFQ	12	0	0	0	0	0	215	173	109	8141	114	39535	11383	285	35	126	8863	13693	59428	31825	27272	733	8068	6221	57905	1225	152115	70959	298245	28838	127551	549342	62186	752837	839479	499116	2904166	2733	5464099	3662148	42579205	0	0	0
FFQ	13	0	0	0	0	0	270	189	162	8018	193	38637	10892	335	34	144	8471	14154	57794	32946	27800	871	8831	6521	60263	1941	156803	73184	309865	23640	133183	567822	62009	772936	866301	506499	2961823	2830	5543231	3809929	42199847	0	0	0
FFQ	14	0	0	0	0	0	325	216	228	8593	320	41157	11490	381	58	160	2503	19393	58579	34449	29319	924	9315	6925	19249	47729	161089	76134	315515	23536	135399	253161	376047	550072	871964	591889	555133	1849913	1536658	4692848	3215080	10667524	32105093	0
FFQ	15	0	0	0	0	0	359	330	325	10476	493	46685	13389	464	95	290	2944	21110	63390	36632	31036	1070	10492	7378	20767	51053	165998	79511	324496	24713	139708	262489	384824	560947	892293	604025	574415	1880345	1564876	4786899	3240057	10798744	31665250	0
FFQ	16	0	0	0	0	0	389	439	388	10248	710	44898	12479	591	153	458	3230	21803	62720	38096	32009	1288	11106	7865	23469	54210	169338	82181	334762	26154	144640	273168	395548	575896	918510	621389	594066	1912802	1593626	4895448	3275445	10963405	31165441	0
FFQ	17	0	0	0	0	0	438	583	535	11855	1141	47726	12851	625	261	627	4039	23289	62545	40168	33912	1490	12028	8583	25948	59522	175488	86542	341221	28017	151191	285249	408912	585828	947981	636359	618201	1955150	1626335	5014110	3315203	11158345	30586070	0
FFQ	18	0	0	0	0	0	549	688	641	13105	1511	50290	13569	768	420	805	4795	24843	62711	42298	35212	1680	13292	9361	28745	64800	179295	89646	348344	29365	156253	299329	418953	598024	973741	650395	641877	1986674	1663972	5134964	3371377	11323340	30032736	0
FFQ	19	0	0	0	0	0	610	840	846	14728	2204	52433	14026	871	519	835	5898	24200	6854	103982	37015	1984	14909	10117	32013	72342	182703	94255	355833	31940	162360	315160	430637	605425	605792	1068635	669037	1761611	1698638	4395549	4043147	11742154	29708266	0
FFQ	20	0	0	89	0	0	689	1071	1189	17272	3092	55877	14764	1126	682	1103	7118	27322	9526	105946	39882	2267	16508	11214	37200	81524	188691	99048	368333	34153	170182	336499	448261	621845	629073	1102643	700706	1810707	1737390	4539636	4159127	11866045	29020568	0
FFQ	21	0	0	2	0	0	788	1403	1486	21203	4438	63171	16509	1384	858	1302	8673	30595	12472	108990	42118	2725	18428	12268	41834	92240	187921	103268	374091	36378	176796	355350	459723	626961	647704	1128544	733922	1846310	1788257	4669052	4322878	12060153	28268173	0
FFQ	22	0	0	3	0	0	995	1697	2093	23064	5990	60952	15166	1637	1121	1581	10627	34039	16918	108966	44961	3208	20708	13546	47921	105914	189453	109618	383730	39051	184562	381215	477754	638096	673566	1159907	773498	1893265	1826577	4828810	4450460	12196724	27540975	0
FFQ	23	0	0	6	0	0	1118	2140	2556	26950	8293	64259	15391	1983	1477	1941	13023	37183	20779	105190	47298	3886	23715	15207	54528	122277	189093	114561	387342	42391	192455	409730	492389	644678	696557	1193063	815156	1935347	1879631	4994007	4594618	12364076	26754074	0
FFQ	24	0	0	183	0	0	975	2171	2550	25812	9256	56321	12574	2070	1582	1941	14229	37798	26858	93789	37781	4794	21498	14454	55009	111770	175939	105797	359566	37920	152450	433026	443210	623321	640992	1133116	794457	1753881	1899205	4558757	4788039	10369686	29465591	0
FFQ	25	0	0	14	0	0	1110	2387	2886	28743	11817	54622	11076	2342	1813	2105	16699	41045	31477	86254	38875	5234	23819	15655	58968	129129	168174	108185	349005	39999	158839	448799	447650	598683	654865	1119881	831422	1751999	1870529	4588266	4667812	10478594	29419596	0
FFQ	26	0	0	659	0	0	1870	3563	5090	41276	20380	68164	12312	2699	2291	2684	20654	47715	38056	83614	42162	5743	26004	16514	64174	147713	160940	112204	335523	42285	165166	473795	453965	569074	672799	1107862	877359	1761282	1854985	4644742	4543315	10686817	29152918	0
FFQ	27	0	0	29	0	0	2061	4000	6112	46056	25912	64151	10051	3161	2998	3150	24411	53158	42495	76611	41849	6645	28720	17960	67765	162294	159327	113497	326702	44726	167545	504836	458188	550101	687285	1106468	922202	1762355	1851769	4698917	4448274	10923297	28853290	0
FFQ	28	0	0	43	0	0	2287	4626	7472	51627	32826	59950	7957	3636	3453	3764	28380	58829	44089	70458	43265	7525	32158	19816	71387	180977	161008	118311	318094	48142	171457	543545	467213	530027	709904	1109949	981831	1770840	1858486	4795983	4367907	11139589	28441557	0
FFQ	29	0	0	59	0	0	1547	3327	6329	47266	34929	55546	6152	3636	3860	3177	29809	65181	46894	58606	35866	8485	29549	19956	68750	170953	165738	109632	281902	47019	146076	574130	429561	475819	678917	1053328	1009098	1620770	1873181	4492234	4584014	10859105	29167967	0
FFQ	30	0	0	434	0	0	1717	3531	6784	45307	37041	41953	3619	3820	4053	3586	31702	68254	43084	52931	35993	8365	29008	20001	69904	177382	161720	110308	264587	48304	152259	573012	428722	439039	684978	1015145	1056327	1594172	1801978	4503027	4286440	10936879	29523002	0
FFQ	31	0	0	202	0	0	1628	3891	7625	46620	41674	33721	2281	3956	4093	3991	32943	67337	34844	49198	36161	8632	30632	20838	69504	182037	159205	110756	243519	50987	155290	581926	429821	405415	698867	990874	1113402	1569962	1764815	4521478	4031397	10979360	29779486	0
FFQ	32	0	0	97	0	0	1713	4379	8944	51045	50445	27811	1721	4336	4734	4566	36500	70432	28389	50576	37856	9262	33361	21914	71331	189600	164019	115046	233134	54186	161179	600119	437679	380061	721519	974613	1184454	1555029	1753039	4581172	3855732	11021224	29765537	0
FFQ	33	0	0	103	0	0	1875	4845	10093	50857	54937	19722	1622	4785	5126	5185	39922	71507	22025	51352	38808	10249	35829	23724	72442	191429	171411	118919	223756	58498	165810	626497	446910	360619	748832	971304	1265183	1534355	1774878	4665181	3772791	11105639	29538308	0
FFQ	34	0	0	112	0	0	1999	5596	11763	53493	63530	14106	1672	5295	5899	6064	44024	72699	17288	52661	39832	11292	39307	25707	75445	197050	176473	124785	216808	63822	171712	651275	459079	347861	779640	965476	1353236	1509214	1797079	4758342	3695759	11172448	29276118	0
FFQ	35	0	0	128	0	0	2122	6698	14218	60875	76609	10891	1977	6084	6986	7126	49811	75524	14028	55863	43083	12759	41516	27984	79233	206869	180772	133589	215121	70607	178436	670226	474521	340662	820439	963481	1446927	1479538	1841788	4847667	3642625	11261044	28894902	0
FFQ	36	0	0	149	0	0	2344	7540	16422	60782	80343	6611	2154	6990	8204	8371	56900	77248	12163	55951	42658	14587	44546	30587	82645	208983	186978	137689	209280	77048	179888	687697	483190	335161	855235	957143	1539528	1443174	1880870	4897411	3634053	11310633	28620420	0
FFQ	37	0	0	571	0	0	2592	7908	17887	57929	77130	3772	2507	7735	9456	9692	61503	73333	10764	57091	43782	16228	47637	33561	86443	213329	183261	144233	209487	85348	186395	694443	496318	337469	895294	953009	1629151	1414061	1917455	4945211	3625087	11374903	28328545	0
FFQ	38	0	0	187	0	0	2707	9132	20363	58003	79290	2605	2759	8354	10647	10814	65067	65018	10826	58780	44785	18242	50574	37169	91657	219127	176758	150817	210412	94850	190705	702713	508967	345279	939379	949124	1726413	1392637	1960704	4990491	3649086	11417898	27987107	0
FFQ	39	0	0	215	0	0	2977	10141	22602	56727	78401	2303	3048	9292	11897	12254	68053	58738	11645	58806	45448	20224	49226	39297	101992	221980	168974	159059	211861	105357	196673	696774	520784	353188	981961	944309	1811868	1375062	1995217	4836269	3867532	11500340	27647973	0
FFQ	40	0	0	254	0	0	3105	10945	25264	57931	80024	2263	3419	10211	13438	13861	72240	52169	12835	60951	46970	22488	51564	42568	108531	225808	158495	167852	214394	116576	201229	689137	533342	365275	1022650	939668	1895155	1365924	2032247	4851659	3888619	11537707	27360748	0
FFQ	41	0	0	272	0	0	3402	12331	28496	58656	80086	2468	3733	11567	15302	15820	76463	46735	14598	63124	48497	25216	54387	46760	116825	233145	149990	178276	220085	130315	210693	687093	550386	380929	1066610	946105	1974513	1371823	2076904	4883617	3896902	11549997	27024530	0
FFQ	42	0	0	296	0	0	3799	13757	32456	60252	81757	2801	4370	12727	17929	18084	80119	41289	16418	65214	50696	28422	56818	52030	125667	240968	141131	189671	225190	146078	218767	688514	569787	398442	1119059	961714	2053954	1393023	2136539	4922272	3938537	11600578	26546675	0
FFQ	43	0	0	340	0	0	4120	15083	35643	60641	81412	2992	4660	14220	20314	20283	82742	36288	17833	67336	52403	31595	59624	56774	135566	246305	132084	201651	228712	164073	227450	683024	588326	415261	1162859	980318	2131138	1419725	2200850	4953861	3998474	11647187	26073808	0
FFQ	44	0	0	374	0	0	4462	16433	39235	59532	77240	3370	5172	14915	22360	22067	83005	30734	19638	68103	52570	34565	61501	61541	144558	245892	121572	211184	229317	181801	233543	677316	606372	431420	1202197	999255	2204354	1451810	2269975	4970117	4076529	11666520	25653526	0
FFQ	45	0	0	419	0	0	4979	18083	42945	61366	77796	3734	5905	15915	25412	23803	81149	25389	21307	65453	54624	52981	52094	65288	161209	250523	116806	225633	232718	201967	243762	670268	626503	452150	1241267	1033326	2279836	1504179	2336714	5009614	4039433	11807364	25121223	0
FFQ	46	0	0	456	0	0	5226	20512	49275	67494	83962	4031	6486	17316	28872	26275	82926	22762	23587	68939	56995	57973	53648	71475	172947	254105	106596	239413	238423	223459	255017	657246	650223	474159	1272688	1074261	2352921	1562778	2403228	5010241	4121062	11798194	24637220	0
FFQ	47	0	0	519	0	0	5867	21346	52265	65963	77153	4584	7406	19111	33272	29467	83822	20092	25513	70815	57915	63932	55366	78951	187268	258769	99452	255457	242610	248188	266158	655821	676607	498583	1305205	1125227	2436991	1629996	2480134	5025451	4209632	11766386	24110335	0
FFQ	48	0	0	598	0	0	6231	23152	57143	69856	75814	5039	8277	20608	36971	31878	79853	18280	27228	75168	60203	70594	57239	86066	202240	261442	90997	272285	245430	277056	279808	651984	705778	522755	1340441	1187522	2541474	1698521	2572567	5040936	4323866	11726346	23499229	0
FFQ	49	0	0	660	0	0	6879	25249	63696	74744	76441	5625	9479	22257	41959	34970	77679	17606	30014	79749	63739	78061	60244	95371	192667	288617	80167	295550	264676	311224	295100	653864	745116	556486	1380096	1263226	2620388	1809299	2701145	4591284	4965776	11673355	22697571	0
FFQ	50	0	0	736	0	0	7324	26707	67715	77897	74064	5872	9746	22924	44739	36484	71826	16747	30691	79561	61611	81380	59506	98646	195199	278032	70408	300477	262134	328350	302666	624966	757763	575078	1380567	1329688	2721498	1872750	2792377	4566531	5180097	11852617	21983311	0
FFQ	51	0	0	813	0	0	7910	27962	71417	80930	69465	6279	10643	24404	49577	38959	68903	16345	31468	81431	61610	87153	60822	105997	205270	272939	64883	313861	261002	354241	313526	609907	781367	597978	1386366	1406806	2845488	1950140	2874108	4541715	5286803	11752173	21526683	0
FFQ	52	0	0	893	0	0	8814	32529	82405	97009	76916	7265	12785	28009	59972	43918	74049	17431	34076	88987	65426	96526	64259	116769	221394	278800	61951	337761	267794	387164	331786	607410	816701	629669	1407440	1495301	2996214	2039397	2960757	4508950	5302524	11452587	21132946	0
FFQ	53	0	0	968	0	0	9452	31236	81996	92779	62465	8435	14946	30447	66899	46442	72302	17570	35839	93561	65567	106625	66845	129519	235615	280736	60317	361324	269520	427532	348312	611542	853864	663535	1427265	1593308	3161995	2134064	3083585	4480917	5385832	11238793	20591319	0
FFQ	54	0	0	1056	0	0	10301	33549	89795	101924	60891	8863	15775	30503	70751	46682	62166	17758	37612	99103	67009	114632	68816	139448	246217	277199	58114	384930	272109	464131	367449	610825	897018	699088	1453148	1703273	3339381	2244081	3212843	4468637	5495915	11078756	19892482	0
FFQ	55	0	0	13620	0	0	10882	34091	93332	106810	54864	9942	17509	29760	77003	51178	58976	17299	39603	103180	66280	117758	76024	148009	253698	182239	146226	403722	269390	494253	384176	602416	930042	733425	1453116	1821431	3534478	2351155	3191371	4570302	5620080	10909421	19264139	0
FFQ	56	0	0	32713	0	0	11278	32473	91658	104312	43502	10372	18717	29587	79576	49983	52613	17620	41380	108735	66314	125268	79016	157968	261199	174951	150764	427024	271289	524705	407470	601977	973493	773113	1476043	1946746	3746345	2484700	3316722	4561452	5726508	10757610	18504603	0
FFQ	57	0	0	57517	0	0	12066	34726	100285	115148	41297	11182	19480	28565	81072	48746	45539	17214	42741	113696	65468	132304	81068	167539	264044	164808	154719	447199	270297	552750	426369	601725	1011084	810303	1491988	2062547	3983811	2605250	3451653	4516020	5859896	10538067	17808469	0
FFQ	58	0	0	87097	0	0	12768	32579	99732	112382	32717	11920	21179	29607	86076	49330	43681	17369	43985	120038	65557	139870	84250	178572	267758	157909	162529	469792	273995	577059	450335	605283	1052765	852150	1513902	2194926	4243402	2744922	3587034	4493940	5976061	10323568	17019610	0
FFQ	59	0	0	120978	0	0	13944	37313	113180	133164	33107	12783	22320	29644	89336	45309	40001	18050	46414	133005	67737	135299	81762	211266	248014	142672	162634	543206	278946	604134	479859	615056	1101981	902447	1543520	2336103	4513543	2898968	3715591	4470901	6015809	10060788	16215702	0
FFQ	60	0	0	158510	0	0	14539	36820	116017	134856	26525	14394	24728	31458	97089	46754	40197	18198	47686	139538	66517	144221	85022	224669	248935	139279	169409	569549	278999	625892	505154	631076	1146145	944911	1575403	2482031	4813867	3046012	3867566	4426297	6151635	9793856	15349499	0
FFQ	61	0	0	198895	0	0	14907	33779	113976	128439	18968	15088	26218	30972	96563	43343	38011	17948	48948	145277	63621	151900	87118	236503	247451	135238	176582	599257	281121	646219	531649	649616	1189506	993544	1611002	2630365	5142945	3209943	4023360	4377838	6284919	9493725	14497411	0
FFQ	62	0	0	242545	0	0	16275	34738	121806	136361	15786	15695	27023	30090	96820	40949	36888	18435	51615	154588	63983	160477	90649	249656	244428	133339	187162	629146	284339	662492	565448	671833	1236523	1043239	1651310	2787424	5494873	3382147	4176027	4313896	6398286	9146014	13618561	0
FFQ	63	0	0	288509	0	0	17209	37643	133077	150121	13503	17648	30352	31835	104606	41527	37499	18659	53104	161602	61496	167240	92841	260699	239013	130890	193552	651953	285597	665446	591216	692494	1274952	1087253	1688610	2939062	5883050	3548663	4335363	4223942	6517593	8795849	12764280	0
FFQ	64	0	0	338971	0	0	18171	36337	137187	149972	9717	19421	33389	33968	111590	42122	38957	19022	55724	172022	61009	178349	96862	276271	237413	133408	206876	685153	292873	676474	626520	724238	1325744	1140394	1742369	3112352	6280263	3724006	4490718	4150128	6598647	8416639	11833137	0
FFQ	65	0	0	388236	0	0	18941	34105	136202	139312	6134	20474	33506	32717	105589	37401	34136	23045	57495	146682	88392	186485	98723	254681	261036	134361	215347	705428	247479	680840	716142	764759	1368434	1194498	1798674	3287420	6721337	3904553	4662939	4041813	6707669	8018031	10952347	0
FFQ	66	0	0	442459	0	0	20107	35908	151685	153285	4733	21564	34985	31725	105459	35573	34760	24366	60473	157735	91764	194607	101953	263111	255864	137714	231147	737706	253509	674781	763879	802987	1417377	1252435	1864511	3473044	7172872	4091991	4820731	3937558	6733188	7578484	10058470	0
FFQ	67	0	0	499823	0	0	20823	33732	154314	146371	2739	23386	37574	32338	107931	34574	35861	24821	62455	164300	90698	204255	105382	272421	254616	141621	243242	765872	255570	672589	804501	847229	1461554	1308488	1935528	3668245	7652269	4276778	4984700	3804237	6792963	7113783	9185103	0
FFQ	68	0	0	559982	0	0	23009	37830	172890	162059	2007	24842	39570	32612	107934	32698	37690	25737	65194	172730	91713	214018	107425	280448	252846	146079	257452	796247	264073	665743	850888	893587	1504241	1364909	2009674	3863829	8146817	4456702	5137070	3667411	6793407	6646888	8311243	0
FFQ	69	0	0	621913	0	0	23539	36834	179351	156544	1166	27761	44568	35808	116747	33662	40020	25978	67793	182886	92413	225197	111283	288703	252604	151443	272038	823591	270280	652471	894414	942221	1546348	1421909	2098370	4078161	8665227	4638077	5287357	3514875	6770372	6163218	7462138	0
FFQ	70	0	0	687774	0	0	24419	33773	178739	142977	542	29984	45694	34838	112030	30752	41941	26107	70546	187746	92133	238456	113139	251792	210662	238828	287012	854983	277056	647608	944019	995069	1590431	1481657	2191203	4308967	9198258	4817966	5426559	3345837	6743934	5672580	6639647	0
FFQ	71	0	0	757626	0	0	25223	30896	178309	130547	296	30897	44776	33470	101989	27674	43697	26558	72648	194867	91377	245046	112629	247467	208228	249368	302441	877782	287920	623476	991063	1047911	1633674	1546053	2292226	4552229	9756321	4995878	5560943	3173362	6684179	5179695	5855623	0
FFQ	72	0	0	830536	0	0	26769	32493	195950	137839	162	31935	44572	33100	95309	25479	45803	27292	75268	204085	92144	252923	113012	242630	204853	260049	319420	894587	298043	598907	1037633	1088999	1666480	1601799	2393248	4789885	10342304	5156011	5684211	2985567	6567829	4682172	5133614	0
FFQ	73	0	0	908959	0	0	28004	30548	198834	127079	125	34795	48772	35661	97711	25082	48614	27658	78728	214437	93057	268659	115931	242614	208483	272216	339156	922353	312209	581850	1092328	1141150	1714374	1663576	2501850	5052465	10914474	5300688	5781476	2784567	6400139	4172391	4430108	0
FFQ	74	0	0	988614	0	0	29432	29863	211330	124767	91	35647	46462	34221	87516	23060	51622	28749	81945	225109	94601	279916	116789	238662	211408	285724	361701	948234	327359	562200	1146444	1191271	1761088	1724478	2615907	5330919	11489614	5433090	5858330	2584779	6197117	3677440	3774361	0
FFQ	75	0	0	1072696	0	0	31845	29100	217472	117008	71	38371	47125	34993	83792	21651	54303	29194	84372	230200	95750	291095	117630	229463	214286	296235	379073	854774	452128	543391	1199026	1246160	1810068	1793433	2741040	5648061	12074259	5551564	5912019	2395462	5934404	3198608	3138421	0
FFQ	76	0	0	1160203	0	0	31406	42101	275793	164563	93	53978	67455	41423	125218	20586	66433	24880	99754	221934	121718	417153	157262	300594	299503	419248	487168	1224744	646210	854600	1735145	2073038	2867725	3078333	3756933	8466193	8956261	5958030	3760349	2157303	5512330	1785945	775455	0
FFQ	77	0	0	1220938	0	0	28675	23816	203507	99558	268	56216	76930	45862	127778	19452	60542	24918	89993	215055	105366	357500	132275	245433	250460	348049	422945	985474	549416	592394	1477722	1609056	2290591	2475528	3678668	7983577	10946308	6190638	4601003	1977732	5803456	2086082	802433	0
FFQ	78	0	0	1293902	0	0	27851	20641	193549	84997	140	45068	51340	34241	74579	16134	58907	25416	87875	217311	97887	327028	113575	197821	232325	330219	418933	884622	516032	486014	1369631	1417968	2009991	2111644	3299254	7062446	13317037	6071567	5541122	1763961	5216273	2026034	1160482	0
FFQ	79	0	0	1380669	0	0	27337	18446	184970	73037	52	41223	43261	31610	59152	14264	57316	25396	84176	212415	92596	305209	101771	167622	221862	319202	416054	805040	509877	412168	1322599	1337186	1906538	1987515	3170434	6798592	14881534	6050009	5895854	1536761	4807354	1634813	1267963	0
FFQ	80	0	0	1484417	0	0	27444	17271	188906	67770	63	39773	40459	31425	50680	14128	58024	26290	84930	219589	91634	301616	97019	150515	222175	320180	431415	771432	520549	370991	1324294	1313601	1885498	1954686	3189307	6907492	15907122	6039050	5941281	1330764	4390323	1288270	1099435	0
FFQ	81	0	0	1604366	0	0	27721	16373	191511	62331	28	41156	39171	30939	45153	13306	59020	26911	86373	225727	93771	304893	94618	138120	226484	326190	452741	757582	538202	344072	1351166	1315419	1907290	1978567	3253222	7126950	16697137	6035508	5835139	1142046	3952985	993792	861719	0
FFQ	82	0	0	1746922	0	0	27924	15235	195260	57308	36	41857	37905	31574	40997	12786	60230	27737	88622	233759	96716	310635	90990	127557	234500	336702	477899	749670	564722	323445	1394843	1343602	1958269	2031393	3347027	7449299	17308910	5987433	5613473	969840	3481328	744468	634599	0
FFQ	83	0	0	1909741	0	0	29839	17744	223101	62053	41	43868	39662	32582	39922	12489	62214	28499	90733	239036	100254	317764	88954	118322	240803	349449	501614	739336	590084	305609	1435064	1370254	2015496	2091733	3440878	7783619	17839245	5908455	5322783	812853	3002180	540093	446742	0
FFQ	84	0	0	2101270	0	0	27735	14170	203541	51840	147	49256	46466	35425	44128	11794	63135	28303	91403	242792	103774	326076	87374	109412	247959	358031	524998	725334	612442	286320	1476442	1392756	2077480	2153462	3539584	8125162	18352171	5807407	4987147	668496	2536145	378834	302322	0
FFQ	85	0	0	2330927	0	0	26668	14085	209170	48932	106	46393	41077	33184	35917	10790	63785	28775	93243	245525	108861	329597	84711	99186	254854	368009	551728	714662	635664	270424	1517968	1420010	2134004	2220496	3631006	8481322	18783405	5670241	4601568	538172	2092312	255342	195598	0
FFQ	86	0	0	2594874	0	0	21304	8925	163775	34905	134	44659	40161	31092	32152	9081	62221	27692	91166	238122	108856	324210	78096	88068	255541	371879	567609	688030	655889	250445	1551015	1440394	2193417	2287988	3713421	8831645	19256070	5517681	4204522	424516	1688735	164947	121548	0
FFQ	87	0	0	2919342	0	0	15774	6403	132206	25451	44	33414	25263	23150	17991	7344	57997	27130	86677	229976	106659	309534	69521	75454	254070	370569	577891	650655	670574	230929	1564303	1454061	2246517	2347736	3796303	9178821	19707392	5344183	3790683	325991	1327344	101633	72444	0
FFQ	88	0	0	3320006	0	0	8866	3638	90965	16757	19	21867	15647	15952	10889	5375	53176	27289	82166	228036	102617	288505	61192	64509	251187	370258	591492	607872	686146	213093	1590016	1477527	2310376	2420216	3874997	9543263	20018460	5110606	3348882	244200	1001157	59724	40740	0
FFQ	89	0	0	3802242	0	0	2010	956	30893	6624	1	6999	5167	6294	4416	2450	49034	27492	76592	224773	95912	267141	52914	55800	247210	366857	597900	567219	703958	198007	1608119	1503128	2375120	2498719	3947047	9891965	20233998	4852105	2899161	177123	732915	33365	21886	0
FFQ	90	0	0	4376065	0	0	0	1	33	366	0	1	5	214	197	165	47614	27455	69526	214000	87456	239166	43557	44570	226115	342022	561918	490309	676493	172945	1532339	1501637	2387386	2536429	3966157	10072734	20685460	4671337	2510288	122882	532017	18002	11879	0
# Last Fragment Qualities. Use `grep ^LFQ | cut -f 2-` to extract this part.
# Columns correspond to qualities and rows to cycles. First column is the cycle number.
LFQ	1	0	0	143899	0	0	0	0	0	0	0	146463	0	0	0	0	0	200990	0	0	2657	0	0	26560	211781	0	208155	528026	634688	446221	0	2135910	14323606	0	6186144	33073268	0	0	0	0	0	0	0	0
LFQ	2	0	0	3062	0	0	0	0	0	0	0	131775	0	0	0	0	0	347939	0	0	11682	0	0	45762	185098	0	212789	487349	719836	408522	0	1823078	12576521	0	3529706	37785249	0	0	0	0	0	0	0	0
LFQ	3	0	0	161	0	0	0	0	0	0	0	148977	0	0	0	0	0	234089	0	0	1491	0	0	57001	178731	0	248162	470578	754072	507382	0	1747724	11907325	0	3215812	38796863	0	0	0	0	0	0	0	0
LFQ	4	0	0	317	0	0	0	0	0	0	0	169692	0	0	0	0	0	86033	0	0	151772	0	0	49779	0	0	176266	220029	12969	362395	0	575937	10942	816876	1353780	0	8736124	0	45545457	0	0	0	0	0
LFQ	5	0	0	3280	0	0	0	0	0	0	0	139732	0	0	0	0	0	83854	0	0	149417	0	0	49877	0	0	176409	220814	13579	372436	0	577974	11961	829505	1355562	0	8900198	0	45383770	0	0	0	0	0
LFQ	6	0	0	2290	0	0	0	130	0	20268	0	112599	33586	0	0	36	15057	17937	128495	38790	36415	0	6854	4942	61728	129	186083	204254	30624	240521	117956	563134	96057	902662	1241691	17	7897007	1040847	45268259	0	0	0	0	0
LFQ	7	0	0	16290	0	0	61	257	0	21992	0	116171	33718	33	0	89	17958	19123	139770	40057	34847	33	7691	5187	63062	155	187561	204257	40404	243695	118445	565891	101096	915173	1237134	21	7952034	1048681	45137482	0	0	0	0	0
LFQ	8	0	0	7854	0	0	117	263	41	20961	1	109834	31169	79	2	85	17372	19141	144380	39788	36572	118	8554	5914	63713	99	191041	209241	58972	227220	121014	575475	102000	932248	1258348	33	8007333	1053116	45026270	0	0	0	0	0
LFQ	9	0	0	1975	0	0	204	354	123	20689	1	108401	30727	139	36	131	17438	20747	137894	47386	36771	383	9220	6717	66196	299	196386	83208	224696	190538	128283	588794	77586	837109	831787	581433	2708021	0	5167028	3231768	42915900	0	0	0
LFQ	10	0	0	1421	0	0	357	389	144	23750	24	121328	34784	281	37	166	19105	21566	140646	47732	37570	659	9704	7100	68906	580	201350	84174	283911	140263	131880	602214	77917	846552	850413	583839	2752957	16	5224379	3336398	42615856	0	0	0
LFQ	11	0	0	1669	0	0	474	460	243	22258	134	111408	31096	395	34	188	18107	21558	133787	47486	37419	833	10029	7320	70449	1056	204087	85382	350418	82539	134466	611185	79221	866746	864747	592272	2799947	215	5300128	3450366	42330246	0	0	0
LFQ	12	0	0	0	0	0	576	509	401	26378	409	127864	36694	551	79	228	19475	23645	137559	50287	41066	1021	11212	7916	74895	1792	211557	88806	401377	35058	138546	630824	78589	880829	886961	600615	2861645	596	5384341	3550937	41955130	0	0	0
LFQ	13	0	0	0	0	0	751	595	667	29005	765	138813	40768	598	139	271	21301	24605	145960	52747	42168	1169	12240	8552	77917	2888	214637	91132	423071	27279	142260	644258	79800	901849	902711	607877	2905518	1002	5458238	3651711	41615106	0	0	0
LFQ	14	0	0	0	0	0	818	738	1028	29657	1270	136292	39375	751	198	347	4592	36015	156811	58097	43903	1280	12996	8870	28588	57990	220283	93695	435628	27336	149364	301239	412906	671823	922581	704222	569654	1788516	1533885	4873951	3434466	9588827	31920376	0
LFQ	15	0	0	0	0	0	975	1207	1234	30261	1947	137857	39052	919	246	612	5622	37959	153019	59596	45685	1417	13804	9412	30345	62704	225154	96894	441175	28545	154912	310583	422623	678927	948589	714650	588510	1814823	1559406	4955992	3460090	9777192	31456430	0
LFQ	16	0	0	0	0	0	1059	1437	1608	31634	2692	137501	39115	1062	426	965	6100	38907	151260	58933	46062	1842	14710	9638	33634	65227	228145	99489	442664	29798	155247	320459	429606	689001	961134	729075	607465	1841163	1588807	5038459	3496506	9943008	31024530	0
LFQ	17	0	0	374	0	0	1317	1673	2010	36587	3982	151507	43018	1311	748	1216	7623	43461	163878	63932	49385	2056	16347	10859	37332	72304	232939	103168	454472	31681	162027	335524	442134	700523	986949	740713	628339	1880949	1621600	5151883	3524358	10137081	30423108	0
LFQ	18	0	0	0	0	0	1391	1961	2466	37107	5245	142457	39116	1500	1042	1355	9093	43635	158731	65020	49664	2426	17102	11738	40702	77588	234281	105585	461889	33154	167009	349052	449403	709247	1009392	753418	651169	1907143	1647417	5242077	3564806	10340253	29933734	0
LFQ	19	0	0	0	0	0	1607	2364	3027	44364	7520	160219	44475	1759	1344	1505	10916	43579	18034	217086	53116	2792	19439	12841	45927	88367	240549	111220	464333	36083	173363	370794	463468	719111	646046	1154891	679024	1720583	1627062	4462690	4183621	10689346	29745903	0
LFQ	20	0	0	1	0	0	1772	2644	3481	43009	9391	141017	37560	2047	1633	1855	12987	45841	23344	208001	53881	3349	20840	13720	50506	96908	241414	114160	472792	37766	178702	389853	474807	726805	662476	1179413	707300	1755540	1668715	4581299	4317152	10861993	29124394	0
LFQ	21	0	0	8	0	0	1924	3060	4418	49484	12707	149317	39708	2420	1953	2189	15380	50116	28237	192997	55613	3851	23191	15241	57302	109816	238953	118242	466314	40486	183277	411581	485452	724212	680990	1203633	739211	1791881	1708344	4698435	4448540	11045030	28464855	0
LFQ	22	0	0	7	0	0	2242	3531	5458	52941	16655	144911	36720	2800	2586	2586	18529	55577	35439	184496	57957	4330	25920	16463	63876	126621	240057	124577	473211	43299	192739	441826	501573	727741	704314	1225555	777481	1833047	1753700	4851378	4577914	11243126	27697185	0
LFQ	23	0	0	10	0	0	2590	4237	6772	63989	23447	160544	39809	3188	3046	2961	22121	63224	44533	179007	61276	5114	29064	18498	72150	147056	236994	129775	471942	46776	200064	473474	514260	725542	728404	1252586	816088	1870992	1795412	4982232	4702142	11420944	26948105	0
LFQ	24	0	0	19	0	0	2998	4955	8072	70997	30578	158948	37032	3857	3610	3513	26924	71849	56871	173061	64200	5938	32011	20523	80296	170088	233960	136011	478716	50349	208527	510815	529336	725001	755278	1280412	861099	1905335	1838435	5161915	4513025	10876116	27177698	0
LFQ	25	0	0	27	0	0	2680	4596	7794	64068	32105	122909	25424	3978	4266	3526	29619	73287	64946	141746	52340	7306	30606	20281	81560	162662	225348	127397	441834	47231	169303	547302	483079	696947	703452	1226911	850744	1730523	1862976	4724205	4872034	9608490	29014866	0
LFQ	26	0	0	40	0	0	2927	5439	9203	69486	40068	117109	21423	4315	4469	3967	33089	77644	67394	122686	53776	8027	34005	21688	85812	185201	215366	131780	416451	50305	175005	573888	489516	651764	720406	1212156	892372	1724320	1838821	4776749	4732319	9812403	28886979	0
LFQ	27	0	0	58	0	0	3445	6433	11596	88140	57775	134412	21882	5014	5159	4664	39311	89877	75718	115576	58668	8842	37696	23466	92441	210989	211853	137477	402435	53448	182217	612261	501618	621245	742957	1198213	943314	1723735	1819934	4851315	4612761	10032043	28530380	0
LFQ	28	0	0	77	0	0	3490	6890	12724	84703	61031	100061	13139	5664	5986	5444	45319	100441	80619	102178	57899	9950	40875	25204	95555	228920	218012	140636	390841	56735	186950	654467	510649	593772	765316	1193918	995641	1721284	1818020	4932378	4512731	10282070	28208779	0
LFQ	29	0	0	99	0	0	3837	8015	14804	91432	73114	89099	9151	6135	6803	6382	49993	103109	70915	91341	58961	10948	44562	27406	99560	248136	218375	147270	366232	61617	192037	703018	522242	558240	794339	1201445	1061049	1718033	1833124	5042611	4420877	10482359	27831698	0
LFQ	30	0	0	145	0	0	2700	6074	12857	83780	76135	78339	6569	6215	7518	5937	53362	110182	67251	74465	49435	12315	39724	28590	97288	230447	229437	135117	316591	61217	163185	735885	480116	487995	762794	1125288	1092524	1557925	1849869	4748148	4688955	10257722	28526272	0
LFQ	31	0	0	177	0	0	2890	6517	13754	80397	78163	55529	3768	6372	7649	6443	56003	113256	57501	70852	50744	12278	41938	28790	96056	237118	225009	138559	297964	63317	172999	729831	487933	447202	777836	1080747	1142993	1530266	1772435	4784891	4361010	10319054	28910127	0
LFQ	32	0	0	184	0	0	2814	7196	15722	83586	89681	44235	2582	6837	7948	7176	58293	109108	42839	70785	52299	12514	44924	29882	96869	243312	221512	142944	280042	67401	179747	740119	493866	415062	798265	1059087	1203654	1502193	1736974	4825411	4098839	10325014	29147838	0
LFQ	33	0	0	201	0	0	2924	7819	17670	86068	100242	33621	2367	7405	8974	8277	63065	111169	33818	70365	52198	13503	47687	31644	98193	244789	227327	145245	262564	71751	182301	758771	498131	385463	821246	1035652	1276437	1469094	1742176	4876479	3958503	10313967	29198222	0
LFQ	34	0	0	200	0	0	2973	8866	19616	86505	106300	22246	2463	7984	9919	9544	68837	112892	26093	71100	53386	15171	51192	33812	101574	249525	232560	151927	252078	78375	188776	776255	508950	367838	853993	1021633	1354029	1442020	1750179	4937456	3852756	10364373	29070565	0
LFQ	35	0	0	225	0	0	3218	10477	23512	96144	127629	16877	2697	9151	11424	11090	76052	113338	20909	74116	57044	16906	54092	36969	105451	257945	235345	159904	248046	85816	196328	793415	521605	359059	892137	1011923	1437764	1416138	1772357	5007029	3768805	10413555	28818237	0
LFQ	36	0	0	265	0	0	3394	10804	25506	88222	120053	9201	3228	10159	13123	12642	84614	111571	17172	74531	56556	18986	57381	39967	109276	261248	239770	166365	242492	95289	199978	808346	534229	352638	930699	1002238	1525313	1387210	1805532	5054838	3739213	10472465	28577062	0
LFQ	37	0	0	302	0	0	3777	12721	29292	94000	132423	6111	3427	11110	14680	14369	90143	102948	15335	77616	59021	21042	61512	43975	115035	269675	230773	175790	243630	105306	207358	818640	549946	356085	978013	998262	1614822	1365539	1846535	5112425	3728972	10518562	28231348	0
LFQ	38	0	0	327	0	0	4070	14727	34087	98285	140055	4496	3960	12957	17076	16569	100090	98911	15944	79204	61675	23777	66387	48048	122570	278399	226228	186501	246298	116519	214103	822523	565462	365063	1026161	988155	1700094	1348198	1883570	5150618	3748811	10577600	27851928	0
LFQ	39	0	0	345	0	0	4327	15491	36491	92138	132257	3721	4527	14132	19646	19016	107372	89426	17260	81010	61943	26455	64346	52411	137475	282243	219803	195797	247504	130802	219570	828109	577786	374071	1074060	985776	1785102	1335584	1932098	4998710	3960829	10626838	27503996	0
LFQ	40	0	0	374	0	0	4752	17624	41520	95830	137969	3865	4956	15575	22082	21463	112435	78449	18644	83063	63445	29692	67138	56697	145421	288496	204458	206170	250628	144356	228212	820893	592233	387263	1122414	979589	1862770	1328161	1975874	5024608	3989599	10686705	27144093	0
LFQ	41	0	0	412	0	0	5039	19115	44633	91245	129882	4148	5470	17005	25233	23656	116848	68949	20480	83788	65037	33172	70128	62059	154315	292475	191830	218105	254789	161689	235043	812002	610045	401192	1167040	983755	1937212	1335776	2022131	5051791	4018589	10746436	26776137	0
LFQ	42	0	0	1000	0	0	5444	21562	51852	98768	140540	4313	6100	18985	28361	26958	121695	60388	22585	86057	66730	36532	73438	67750	165899	296933	176201	229538	257480	179741	242410	802249	625771	418131	1209224	987944	2005154	1351477	2070324	5075427	4052893	10795162	26374784	0
LFQ	43	0	0	491	0	0	5884	22777	55370	93917	129289	4814	6953	20998	32814	30024	128709	53376	25004	89099	68958	41014	76848	74319	179127	307166	167049	244508	262281	200656	253515	795746	647574	437196	1256332	1003786	2074271	1385744	2127988	5104281	4085175	10833655	25928267	0
LFQ	44	0	0	533	0	0	6197	24734	60035	92729	123989	5191	7720	22138	35177	32955	123299	44057	26810	90179	69547	45397	79172	81054	190796	307453	149880	258353	263927	222909	259931	787892	666495	453643	1295097	1023685	2143749	1417308	2188479	5106433	4138438	10827167	25581527	0
LFQ	45	0	0	578	0	0	6895	28184	69035	101687	133753	5562	8438	23222	39815	35713	122012	36403	29696	88058	72350	67680	67341	86375	209477	313087	142420	274158	268276	247836	270918	770140	689355	475445	1326605	1054290	2212300	1464056	2247341	5118537	4085948	10904764	25155387	0
LFQ	46	0	0	643	0	0	7273	28502	71803	96448	119059	5994	9667	25192	44684	38581	123361	31017	31602	89272	72395	74431	68748	93951	224442	314783	131506	289888	269036	273818	281040	759816	711609	495094	1356514	1092347	2285781	1516420	2311913	5118268	4169225	10890702	24727566	0
LFQ	47	0	0	685	0	0	7776	30972	78133	100355	117528	6607	10527	26294	48854	41644	114033	26566	33541	93003	74776	81515	71044	101552	238782	313552	117406	307372	273018	302184	294241	744479	737369	520815	1382865	1144390	2367633	1577256	2378978	5122606	4240809	10873647	24248822	0
LFQ	48	0	0	762	0	0	8722	33807	84710	103966	114806	7164	11546	28120	54448	45015	110510	23814	35564	97116	77001	89137	73495	110614	257431	315436	107279	327718	275740	333692	308493	731085	766996	543912	1406903	1204994	2457867	1648197	2460979	5128774	4339735	10840865	23684462	0
LFQ	49	0	0	855	0	0	9568	38360	96460	116477	121409	7931	13008	30811	60273	49119	108494	22607	38894	103123	80629	97686	76010	121051	238778	346906	94137	350277	293696	368114	323926	721333	798357	571677	1427827	1263941	2509102	1770174	2552223	4595374	4947831	10772099	23111492	0
LFQ	50	0	0	939	0	0	10474	38843	99270	114453	106366	8740	14835	33258	68813	52196	105154	21601	40380	106008	79514	107077	78007	131018	254306	342734	87275	369865	292779	403339	335748	712527	824955	599334	1442256	1338843	2620266	1844393	2646156	4591034	5048355	10727080	22550494	0
LFQ	51	0	0	991	0	0	9484	36389	98679	118318	101347	12358	19976	42202	101574	65507	129304	17948	40074	106735	66958	154678	94060	191783	342789	432725	119247	482934	312893	701510	370782	1186410	1124362	805770	2431931	1956949	2883938	2257920	4929868	7040104	11257683	11430629	6770535	0
LFQ	52	0	0	986	0	0	11099	40162	106728	122291	93030	11567	19381	39161	94690	61989	101777	18955	41392	107767	71372	138455	87298	169976	310598	354971	85093	449822	293193	576646	359531	865793	1017671	766562	1855132	1797040	2818428	2160336	3541074	5952200	9714620	14702218	9285580	0
LFQ	53	0	0	1016	0	0	12089	41375	109465	125279	83520	11243	19567	38324	91295	58551	85759	19478	43221	112753	74095	137423	84702	167275	296850	321219	71128	440825	285443	537997	368463	723857	953981	728174	1578170	1687888	2979984	2147551	3062049	5056178	6890924	12713925	16082232	0
LFQ	54	0	0	1444	0	0	12859	42426	114612	130750	75987	11486	20816	38364	93098	58536	75777	20059	44739	118629	75367	142793	85280	171786	294863	308409	66416	449044	283635	537653	384751	665153	950080	725741	1473648	1691439	3191005	2187332	3015081	4590269	5937618	10749655	19405630	0
LFQ	55	0	0	17007	0	0	13280	43334	117990	136073	68045	12181	22184	37029	98439	61249	69515	19583	46251	122081	73763	143137	91035	178998	295059	204009	156583	460309	276757	554003	396979	634994	958495	737487	1423119	1745026	3412440	2248262	3017176	4393963	5686242	9973225	20295898	0
LFQ	56	0	0	41143	0	0	14253	45527	125312	145891	62373	13479	24375	37889	105749	62679	65764	19953	48309	128830	74260	151564	94031	188452	301135	194707	161763	479496	277251	577725	416446	623989	987816	764484	1413080	1828821	3639490	2347937	3118508	4264045	5645166	9571272	20176835	0
LFQ	57	0	0	72161	0	0	15055	43054	124334	143287	49972	14353	26499	38875	111062	62212	60789	20264	49556	134678	73113	161077	97168	200778	305366	184629	167039	501153	277374	603734	437164	620035	1018849	795214	1413958	1927318	3889993	2456480	3249005	4171138	5708893	9284910	19726113	0
LFQ	58	0	0	109464	0	0	15699	41556	125063	142233	40358	14769	26865	37007	108873	58349	52384	19532	51342	140854	71787	169385	98744	209173	304768	175050	174237	523515	278824	624457	459668	619316	1054375	832853	1422324	2032682	4162452	2582100	3385110	4102591	5819005	9047860	19101025	0
LFQ	59	0	0	153287	0	0	16940	44010	135351	154862	36102	15706	28188	36180	111027	53221	47457	20005	52993	153301	72677	161916	95771	244383	277960	154521	173468	598433	281533	641230	487955	623071	1096161	873307	1437645	2153861	4449249	2723338	3527619	4053706	5864150	8816198	18367704	0
LFQ	60	0	0	201898	0	0	17792	43544	140115	158664	29407	17049	30410	36860	115648	51648	46166	20355	55554	163006	71800	172231	99264	259022	277725	150625	182763	627485	284502	660836	516214	638428	1136447	916604	1460971	2286361	4757778	2874902	3680629	4008928	5999091	8609759	17432772	0
LFQ	61	0	0	256234	0	0	18873	43135	143949	159600	23177	18452	31347	35770	115775	47971	43385	20134	56971	169288	69231	180463	101933	271932	274509	145790	188956	655276	286441	676989	542528	655389	1174547	958059	1483627	2414573	5089444	3020637	3841509	3930316	6159223	8340538	16586194	0
LFQ	62	0	0	315345	0	0	20006	44003	151310	168100	19392	19536	33847	35648	117600	46121	43053	20217	58720	178487	66832	188415	104163	281983	267230	142822	198625	679084	287906	682815	569809	673494	1210425	999725	1508261	2539042	5456971	3178450	4011403	3840944	6290362	8038642	15742078	0
LFQ	63	0	0	378603	0	0	20878	42372	156239	165752	13828	21266	35678	35821	119769	44367	43069	20004	61491	187935	65418	197985	107218	295747	262431	142957	208847	708448	291952	687798	603265	701263	1250539	1047247	1545007	2682788	5846979	3347807	4182604	3769217	6409859	7743071	14782429	0
LFQ	64	0	0	446503	0	0	22427	42640	164626	170250	10295	22516	37323	36079	118641	41818	44576	20560	64593	199136	63400	207713	111261	307522	258406	144077	221239	741385	298134	693962	638102	731820	1294437	1098488	1588007	2833264	6250437	3521114	4359277	3679443	6517899	7424752	13800291	0
LFQ	65	0	0	517768	0	0	23172	40945	165108	163680	7073	24043	39387	35598	118462	38357	39363	25876	65905	165746	97470	216681	112185	283762	282498	144849	230697	754950	250118	687749	723106	761635	1323946	1140406	1626174	2975918	6703840	3691567	4551857	3546751	6661305	7063660	12923756	0
LFQ	66	0	0	593375	0	0	24140	39549	170484	160526	4526	25167	40074	35048	115327	35841	40272	26169	67020	173052	96444	223180	112377	288065	276277	146230	241845	775069	252695	673566	757212	793884	1353008	1181270	1671095	3121775	7191592	3864454	4741954	3425410	6750328	6703528	12032672	0
LFQ	67	0	0	672853	0	0	25818	41633	187318	170059	3184	26988	42856	35790	115983	34867	42590	27580	71254	184415	99257	234200	115907	296686	273014	151195	257969	807210	260982	667253	804284	835595	1398267	1234057	1734472	3299975	7667826	4047571	4922399	3316984	6796717	6336178	10981500	0
LFQ	68	0	0	755405	0	0	26577	38597	186524	158244	1799	29390	45213	35689	116941	33486	44488	27158	73256	188600	98153	244691	117462	301173	271020	155013	270318	828597	264431	654088	840141	877205	1427770	1278774	1793709	3460987	8195386	4228768	5108501	3161654	6879092	5923346	10077848	0
LFQ	69	0	0	843914	0	0	27858	37912	195798	156525	1043	30875	45920	35313	111569	30894	46495	28066	76710	198697	99488	255769	119074	305427	269522	160667	286272	855924	272511	639459	884245	918548	1467217	1331294	1858074	3644158	8735711	4413791	5285704	3015925	6893287	5497777	9139847	0
LFQ	70	0	0	936231	0	0	29382	39420	209730	161514	660	32828	47829	36209	111131	29633	48081	28692	78393	204823	98899	265021	119871	259837	224868	254477	301030	874383	280356	618681	923756	961334	1496855	1377897	1927648	3829219	9299865	4587756	5464591	2859356	6897709	5074217	8223476	0
LFQ	71	0	0	1033674	0	0	30219	37462	214058	152586	371	36234	51928	38275	113869	29281	51026	28879	81474	211431	99028	276794	122161	260095	223298	263863	315632	894933	289949	600043	966316	1003021	1528203	1424051	2007791	4026813	9875866	4768879	5620510	2695464	6864389	4643226	7333272	0
LFQ	72	0	0	1131638	0	0	30498	33787	209589	135644	233	37567	52557	37941	105404	26455	53081	28724	82787	215016	98066	285945	121062	252213	222133	272855	331830	907824	298958	575967	1005169	1042353	1555974	1467671	2079461	4217339	10510370	4943154	5788530	2519313	6812577	4215343	6507884	0
LFQ	73	0	0	1236695	0	0	31433	32061	214395	127736	161	38343	50438	35669	95588	24002	55229	29120	84566	219592	98299	292455	119059	241872	220839	282461	346907	917624	310286	547508	1041747	1075795	1584520	1514440	2162349	4433893	11158538	5110367	5940972	2349329	6707732	3781463	5697638	0
LFQ	74	0	0	1350747	0	0	33169	32379	229560	128710	149	39799	50656	36810	91461	23087	57728	29918	87606	230495	99482	302562	118938	233388	222331	293918	367507	931822	325466	520485	1091269	1115181	1620866	1564046	2251408	4667661	11780087	5262990	6054915	2180334	6528566	3350531	4903833	0
LFQ	75	0	0	1469399	0	0	35155	33414	249097	131039	167	43241	55111	39405	93792	23042	60165	31406	92370	242171	101862	313707	120062	228285	227185	305967	388881	831951	452861	498106	1140604	1151404	1659124	1610531	2342776	4907638	12396155	5397504	6140393	2010216	6298396	2934215	4151746	0
LFQ	76	0	0	1596640	0	0	35763	29649	242660	114615	181	46733	57611	40583	91655	21465	63559	31309	94233	246663	103800	329758	120385	221236	233417	318031	409685	843264	473233	478930	1185454	1188988	1700234	1660732	2435156	5159578	13028715	5523796	6204672	1837597	6038007	2529134	3469939	0
LFQ	77	0	0	1730960	0	0	36652	29444	251991	110589	165	47753	55301	39986	81408	20062	66089	31862	97162	253070	106335	337039	118520	207244	239016	330174	432551	843612	498665	453163	1232306	1226755	1741758	1715542	2530437	5425234	13658056	5633050	6230544	1667703	5728013	2148317	2849086	0
LFQ	78	0	0	1874470	0	0	36656	26668	250191	98960	188	50276	55276	40937	76424	19039	67933	32472	99696	258771	108072	346220	115798	194222	245573	341368	456013	838527	524425	427857	1280420	1251998	1790473	1769097	2629247	5713025	14285597	5726236	6215904	1498730	5367458	1795508	2294092	0
LFQ	79	0	0	2029663	0	0	37667	24971	256003	91519	143	50393	53436	40217	67139	18081	69995	32891	102570	265357	111386	354284	113557	181159	252327	352454	478796	832698	547449	402605	1322716	1284731	1835461	1818591	2715868	5996334	14919073	5796796	6157680	1329411	4975912	1467711	1814833	0
LFQ	80	0	0	2198671	0	0	38514	23574	261833	85734	146	52726	51590	40628	61321	17498	72669	33809	105712	273379	114194	363181	111030	169053	260793	365275	506120	829585	571746	377994	1373769	1313314	1887946	1875755	2808270	6297289	15509597	5837578	6040925	1170557	4531200	1172025	1394818	0
LFQ	81	0	0	2383022	0	0	38640	22431	265704	80182	121	54589	51694	40601	56772	16013	75016	33924	106948	275724	117888	371149	107352	155027	267099	374558	531162	819453	595841	353887	1412759	1339001	1940240	1933012	2890718	6597338	16097491	5866417	5871329	1014042	4084352	910759	1045444	0
LFQ	82	0	0	2585896	0	0	38652	21304	270350	74033	157	56526	53103	42206	54396	15367	76057	34541	109014	280699	122032	375716	104749	143541	275277	385894	556434	806332	621200	332263	1458136	1359506	1992081	1988003	2974812	6896904	16660264	5853390	5652438	867402	3606350	688742	761705	0
LFQ	83	0	0	2808991	0	0	36827	17820	254676	62303	169	55522	49951	40745	47418	14148	76805	34343	109459	280869	124084	376708	99564	128996	279681	391852	577428	781398	643058	307768	1486113	1375088	2040238	2033483	3054251	7197195	17270733	5825440	5398153	732356	3134833	505019	539623	0
LFQ	84	0	0	3066950	0	0	34870	15575	243293	53872	142	53668	44370	37914	38175	12995	76070	34259	108583	281539	126722	375605	93472	115666	283656	399043	596791	756885	661739	285331	1517354	1389798	2086949	2082329	3117402	7477596	17848597	5775207	5095284	604066	2671794	356368	370604	0
LFQ	85	0	0	3369948	0	0	32557	14079	240207	48977	103	51681	41029	36544	32324	11840	75168	34406	108531	281124	128859	370506	87830	103785	287284	406110	620231	730094	684688	264616	1553121	1408237	2140096	2141639	3187654	7793691	18313268	5668008	4732470	490797	2212377	242037	241801	0
LFQ	86	0	0	3715965	0	0	27783	11602	209678	39656	132	47962	37447	33676	27849	10019	71286	33099	104189	270424	127627	356529	79802	89301	284373	402356	627754	685348	694777	241486	1555986	1415556	2177262	2184906	3248186	8087205	18862613	5563315	4359907	390257	1799006	157885	152581	0
LFQ	87	0	0	4135748	0	0	20326	7398	163410	28321	125	40280	30048	28085	20515	7942	67163	31965	99430	262027	125213	340339	70978	77582	283460	400853	637182	644460	707653	220713	1572331	1426727	2222872	2235333	3304899	8374676	19316484	5416200	3951652	303503	1416491	97686	91359	0
LFQ	88	0	0	4643327	0	0	11193	4104	109077	17834	53	26822	18178	18836	11712	5584	62287	31347	93489	255675	121524	320212	62520	66836	280178	401847	653018	608428	723564	204513	1593526	1447466	2281961	2298549	3361702	8663583	19635267	5219157	3508060	228863	1077416	58099	51876	0
LFQ	89	0	0	5240560	0	0	2387	1074	36388	6895	6	8588	5732	7381	4591	2573	55516	31369	85535	247469	110313	289396	53375	57142	270061	393035	647503	553785	729975	185484	1587913	1463000	2325970	2349765	3415068	8951024	19960078	5004664	3066484	168191	794196	32615	28411	0
LFQ	90	0	0	5948783	0	0	1	4	42	334	0	4	3	298	225	202	55463	33003	79296	247405	100787	260665	44325	47780	250158	371802	617624	483210	712894	164008	1531238	1469302	2355304	2395516	3445602	9146835	20251347	4790018	2645569	117935	569179	17434	15145	0
# GC Content of first fragments. Use `grep ^GCF | cut -f 2-` to extract this part.
GCF	0.50	11
GCF	1.51	16
GCF	2.26	22
GCF	2.76	20
GCF	3.52	37
GCF	4.27	53
GCF	5.03	55
GCF	5.78	73
GCF	6.28	75
GCF	6.78	122
GCF	7.29	121
GCF	8.04	145
GCF	9.05	243
GCF	10.05	429
GCF	10.80	430
GCF	11.31	699
GCF	11.81	700
GCF	12.31	1095
GCF	12.81	1098
GCF	13.32	2025
GCF	13.82	2026
GCF	14.57	3625
GCF	15.33	6930
GCF	15.83	6933
GCF	16.33	6937
GCF	17.09	12869
GCF	17.84	23966
GCF	18.34	23982
GCF	18.84	42369
GCF	19.35	42371
GCF	19.85	69090
GCF	20.35	69089
GCF	20.85	69097
GCF	21.36	108706
GCF	21.86	108720
GCF	22.36	162866
GCF	22.86	162882
GCF	23.37	233028
GCF	23.87	233062
GCF	24.37	315771
GCF	24.87	315823
GCF	25.38	415430
GCF	25.88	415449
GCF	26.38	415477
GCF	26.88	524362
GCF	27.39	524368
GCF	27.89	645409
GCF	28.39	645533
GCF	28.89	770740
GCF	29.40	770820
GCF	29.90	903677
GCF	30.40	904955
GCF	30.90	1037390
GCF	31.41	1037570
GCF	31.91	1036566
GCF	32.41	1169176
GCF	32.91	1169172
GCF	33.42	1300428
GCF	33.92	1300663
GCF	34.42	1427124
GCF	34.92	1427274
GCF	35.43	1543984
GCF	35.93	1544658
GCF	36.43	1650188
GCF	36.93	1650349
GCF	37.44	1650148
GCF	37.94	1751807
GCF	38.44	1751954
GCF	38.94	1833497
GCF	39.45	1833628
GCF	39.95	1901339
GCF	40.45	1901533
GCF	40.95	1949071
GCF	41.46	1949204
GCF	41.96	1949309
GCF	42.46	1982329
GCF	42.96	1982420
GCF	43.47	2004703
GCF	43.97	2004817
GCF	44.47	2012586
GCF	44.97	2012612
GCF	45.48	2016043
GCF	45.98	2015998
GCF	46.48	2004240
GCF	46.98	2004313
GCF	47.49	2004355
GCF	47.99	1988460
GCF	48.49	1988512
GCF	48.99	1972735
GCF	49.50	1972741
GCF	50.00	1946438
GCF	50.50	1946455
GCF	51.01	1912222
GCF	51.51	1912106
GCF	52.01	1883894
GCF	52.51	1883946
GCF	53.02	1883867
GCF	53.52	1840155
GCF	54.02	1840085
GCF	54.52	1803055
GCF	55.03	1802965
GCF	55.53	1756978
GCF	56.03	1756998
GCF	56.53	1694422
GCF	57.04	1694439
GCF	57.54	1619907
GCF	58.04	1619869
GCF	58.54	1619831
GCF	59.05	1526104
GCF	59.55	1525863
GCF	60.05	1411299
GCF	60.55	1411094
GCF	61.06	1276814
GCF	61.56	1276700
GCF	62.06	1132919
GCF	62.56	1132833
GCF	63.07	1132708
GCF	63.57	982600
GCF	64.07	982463
GCF	64.57	832941
GCF	65.08	832850
GCF	65.58	690474
GCF	66.08	690384
GCF	66.58	558637
GCF	67.09	558484
GCF	67.59	440369
GCF	68.09	440171
GCF	68.59	439912
GCF	69.10	336742
GCF	69.60	336612
GCF	70.10	251818
GCF	70.60	251624
GCF	71.11	184175
GCF	71.61	184000
GCF	72.11	131290
GCF	72.61	131164
GCF	73.12	94058
GCF	73.62	93965
GCF	74.12	93886
GCF	74.62	66691
GCF	75.13	66651
GCF	75.63	47433
GCF	76.13	47395
GCF	76.63	34116
GCF	77.14	34085
GCF	77.64	24176
GCF	78.14	24129
GCF	78.64	16969
GCF	79.15	16948
GCF	79.65	16932
GCF	80.15	11498
GCF	80.65	11486
GCF	81.16	7918
GCF	81.66	7906
GCF	82.16	4948
GCF	82.66	4945
GCF	83.17	2911
GCF	83.67	2909
GCF	84.17	2905
GCF	84.67	1657
GCF	85.18	1655
GCF	85.68	826
GCF	86.18	823
GCF	86.68	372
GCF	87.19	367
GCF	87.69	199
GCF	88.19	197
GCF	89.20	92
GCF	90.45	43
GCF	91.46	26
GCF	92.21	21
GCF	92.71	20
GCF	93.47	13
GCF	95.23	9
GCF	96.98	5
GCF	97.99	7
GCF	99.25	1
# GC Content of last fragments. Use `grep ^GCL | cut -f 2-` to extract this part.
GCL	0.50	80
GCL	1.51	91
GCL	2.26	107
GCL	2.76	108
GCL	3.52	137
GCL	4.27	156
GCL	5.03	155
GCL	5.78	188
GCL	6.28	189
GCL	7.04	273
GCL	8.04	338
GCL	8.79	483
GCL	9.30	482
GCL	9.80	649
GCL	10.55	650
GCL	11.56	976
GCL	12.31	1528
GCL	12.81	1531
GCL	13.32	2579
GCL	13.82	2581
GCL	14.32	4271
GCL	14.82	4275
GCL	15.33	7691
GCL	16.08	7693
GCL	16.83	13989
GCL	17.34	13991
GCL	17.84	25397
GCL	18.34	25405
GCL	18.84	43478
GCL	19.35	43488
GCL	19.85	70190
GCL	20.35	70197
GCL	20.85	70214
GCL	21.36	108443
GCL	21.86	108457
GCL	22.36	161024
GCL	22.86	161028
GCL	23.37	228973
GCL	23.87	228994
GCL	24.37	310823
GCL	24.87	310855
GCL	25.38	407003
GCL	25.88	407055
GCL	26.38	407086
GCL	26.88	514181
GCL	27.39	514190
GCL	27.89	632219
GCL	28.39	632346
GCL	28.89	758709
GCL	29.40	758773
GCL	29.90	885861
GCL	30.40	887150
GCL	30.90	1018761
GCL	31.41	1018908
GCL	31.91	1017923
GCL	32.41	1152741
GCL	32.91	1152731
GCL	33.42	1284494
GCL	33.92	1284736
GCL	34.42	1411751
GCL	34.92	1411890
GCL	35.43	1528447
GCL	35.93	1529093
GCL	36.43	1640097
GCL	36.93	1640316
GCL	37.44	1640149
GCL	37.94	1740138
GCL	38.44	1740373
GCL	38.94	1824533
GCL	39.45	1824592
GCL	39.95	1896622
GCL	40.45	1896792
GCL	40.95	1943684
GCL	41.46	1943792
GCL	41.96	1943931
GCL	42.46	1981890
GCL	42.96	1982019
GCL	43.47	2005623
GCL	43.97	2005724
GCL	44.47	2018282
GCL	44.97	2018335
GCL	45.48	2021264
GCL	45.98	2021226
GCL	46.48	2010493
GCL	46.98	2010587
GCL	47.49	2010611
GCL	47.99	1999039
GCL	48.49	1999095
GCL	48.99	1977284
GCL	49.50	1977245
GCL	50.00	1953981
GCL	50.50	1953955
GCL	51.01	1921610
GCL	51.51	1921631
GCL	52.01	1891691
GCL	52.51	1891801
GCL	53.02	1891748
GCL	53.52	1852002
GCL	54.02	1851967
GCL	54.52	1812698
GCL	55.03	1812529
GCL	55.53	1763518
GCL	56.03	1763507
GCL	56.53	1700658
GCL	57.04	1700634
GCL	57.54	1627966
GCL	58.04	1627946
GCL	58.54	1627942
GCL	59.05	1534823
GCL	59.55	1534600
GCL	60.05	1418104
GCL	60.55	1417986
GCL	61.06	1283537
GCL	61.56	1283471
GCL	62.06	1140870
GCL	62.56	1140769
GCL	63.07	1140712
GCL	63.57	986851
GCL	64.07	986727
GCL	64.57	838577
GCL	65.08	838454
GCL	65.58	696418
GCL	66.08	696308
GCL	66.58	565748
GCL	67.09	565721
GCL	67.59	445226
GCL	68.09	445093
GCL	68.59	444881
GCL	69.10	342153
GCL	69.60	341985
GCL	70.10	256851
GCL	70.60	256654
GCL	71.11	188158
GCL	71.61	188030
GCL	72.11	135937
GCL	72.61	135825
GCL	73.12	95996
GCL	73.62	95897
GCL	74.12	95812
GCL	74.62	68747
GCL	75.13	68670
GCL	75.63	48693
GCL	76.13	48654
GCL	76.63	35051
GCL	77.14	35011
GCL	77.64	25131
GCL	78.14	25090
GCL	78.64	17366
GCL	79.15	17357
GCL	79.65	17335
GCL	80.15	12168
GCL	80.65	12146
GCL	81.16	8115
GCL	81.66	8104
GCL	82.16	5359
GCL	82.66	5354
GCL	83.17	3101
GCL	83.67	3087
GCL	84.17	3082
GCL	84.67	1654
GCL	85.18	1651
GCL	85.68	930
GCL	86.18	928
GCL	86.68	445
GCL	87.19	440
GCL	87.69	254
GCL	88.19	253
GCL	88.94	131
GCL	89.70	130
GCL	90.45	74
GCL	91.21	64
GCL	91.71	63
GCL	92.46	37
GCL	93.47	38
GCL	94.22	29
GCL	94.97	28
GCL	95.98	26
GCL	96.98	20
GCL	97.99	23
GCL	99.25	11
# ACGT content per cycle. Use `grep ^GCC | cut -f 2-` to extract this part. The columns are: cycle; A,C,G,T base counts as a percentage of all A/C/G/T bases [%]; and N and O counts as a percentage of all A/C/G/T bases [%]
GCC	1	27.82	21.95	21.93	28.30	0.29	0.00
GCC	2	26.98	22.79	22.76	27.47	0.00	0.00
GCC	3	26.88	22.88	22.86	27.38	0.00	0.00
GCC	4	26.64	23.10	23.10	27.16	0.16	0.00
GCC	5	26.88	22.85	22.85	27.43	0.00	0.00
GCC	6	26.31	23.43	23.42	26.85	0.00	0.00
GCC	7	26.63	23.10	23.09	27.18	0.01	0.00
GCC	8	26.81	22.90	22.90	27.39	0.01	0.00
GCC	9	26.72	22.97	22.97	27.34	0.00	0.00
GCC	10	26.71	22.99	22.98	27.32	0.00	0.00
GCC	11	26.69	23.01	23.00	27.30	0.00	0.00
GCC	12	26.62	23.07	23.06	27.24	0.00	0.00
GCC	13	26.70	22.98	22.96	27.36	0.00	0.00
GCC	14	26.72	22.95	22.94	27.38	0.00	0.00
GCC	15	26.63	23.04	23.03	27.30	0.00	0.00
GCC	16	26.61	23.05	23.04	27.30	0.00	0.00
GCC	17	26.58	23.08	23.05	27.29	0.00	0.00
GCC	18	26.47	23.18	23.17	27.18	0.00	0.00
GCC	19	26.49	23.16	23.15	27.21	0.00	0.00
GCC	20	26.46	23.19	23.16	27.18	0.00	0.00
GCC	21	26.36	23.27	23.26	27.11	0.00	0.00
GCC	22	26.36	23.26	23.24	27.14	0.00	0.00
GCC	23	26.36	23.28	23.25	27.11	0.00	0.00
GCC	24	26.27	23.34	23.33	27.06	0.00	0.00
GCC	25	26.30	23.31	23.29	27.09	0.00	0.00
GCC	26	26.28	23.32	23.30	27.09	0.00	0.00
GCC	27	26.20	23.39	23.38	27.03	0.00	0.00
GCC	28	26.22	23.38	23.36	27.04	0.00	0.00
GCC	29	26.21	23.38	23.35	27.05	0.00	0.00
GCC	30	26.14	23.44	23.42	27.00	0.00	0.00
GCC	31	26.17	23.40	23.38	27.05	0.00	0.00
GCC	32	26.17	23.42	23.38	27.03	0.00	0.00
GCC	33	26.09	23.48	23.47	26.97	0.00	0.00
GCC	34	26.11	23.45	23.43	27.01	0.00	0.00
GCC	35	26.09	23.46	23.45	26.99	0.00	0.00
GCC	36	26.03	23.51	23.50	26.95	0.00	0.00
GCC	37	26.06	23.49	23.47	26.98	0.00	0.00
GCC	38	26.05	23.50	23.48	26.97	0.00	0.00
GCC	39	25.98	23.55	23.54	26.93	0.00	0.00
GCC	40	26.00	23.53	23.52	26.96	0.00	0.00
GCC	41	26.00	23.53	23.52	26.95	0.00	0.00
GCC	42	25.94	23.59	23.58	26.89	0.00	0.00
GCC	43	25.96	23.57	23.55	26.93	0.00	0.00
GCC	44	25.94	23.57	23.55	26.94	0.00	0.00
GCC	45	25.90	23.62	23.60	26.88	0.00	0.00
GCC	46	25.92	23.59	23.57	26.91	0.00	0.00
GCC	47	25.91	23.60	23.58	26.91	0.00	0.00
GCC	48	25.86	23.64	23.63	26.87	0.00	0.00
GCC	49	25.89	23.63	23.60	26.89	0.00	0.00
GCC	50	25.88	23.62	23.60	26.89	0.00	0.00
GCC	51	25.83	23.67	23.65	26.84	0.00	0.00
GCC	52	25.85	23.66	23.64	26.86	0.00	0.00
GCC	53	25.85	23.65	23.63	26.87	0.00	0.00
GCC	54	25.80	23.70	23.68	26.83	0.00	0.00
GCC	55	25.82	23.67	23.66	26.85	0.00	0.00
GCC	56	25.80	23.68	23.67	26.85	0.00	0.00
GCC	57	25.77	23.72	23.70	26.81	0.00	0.00
GCC	58	25.79	23.69	23.68	26.84	0.00	0.00
GCC	59	25.79	23.70	23.67	26.83	0.00	0.00
GCC	60	25.74	23.74	23.73	26.79	0.00	0.00
GCC	61	25.76	23.72	23.71	26.82	0.00	0.00
GCC	62	25.76	23.72	23.71	26.81	0.00	0.00
GCC	63	25.71	23.76	23.75	26.78	0.00	0.00
GCC	64	25.74	23.74	23.72	26.80	0.00	0.00
GCC	65	25.75	23.74	23.72	26.79	0.00	0.00
GCC	66	25.69	23.79	23.76	26.75	0.00	0.00
GCC	67	25.71	23.77	23.75	26.77	0.00	0.00
GCC	68	25.71	23.76	23.75	26.78	0.00	0.00
GCC	69	25.66	23.80	23.79	26.75	0.00	0.00
GCC	70	25.68	23.78	23.77	26.76	0.00	0.00
GCC	71	25.68	23.79	23.77	26.76	0.00	0.00
GCC	72	25.65	23.83	23.81	26.71	0.00	0.00
GCC	73	25.67	23.80	23.78	26.75	0.00	0.00
GCC	74	25.67	23.81	23.78	26.74	0.00	0.00
GCC	75	25.63	23.84	23.83	26.71	0.00	0.00
GCC	76	25.63	23.84	23.81	26.72	0.00	0.00
GCC	77	25.66	23.81	23.79	26.74	0.00	0.00
GCC	78	25.62	23.85	23.83	26.70	0.00	0.00
GCC	79	25.65	23.83	23.81	26.72	0.00	0.00
GCC	80	25.64	23.82	23.81	26.72	0.00	0.00
GCC	81	25.61	23.86	23.83	26.70	0.00	0.00
GCC	82	25.63	23.84	23.82	26.70	0.00	0.00
GCC	83	25.63	23.84	23.82	26.71	0.00	0.00
GCC	84	25.59	23.88	23.85	26.68	0.00	0.00
GCC	85	25.62	23.85	23.83	26.70	0.01	0.00
GCC	86	25.63	23.85	23.82	26.70	0.00	0.00
GCC	87	25.60	23.87	23.85	26.68	0.00	0.00
GCC	88	25.61	23.87	23.83	26.69	0.00	0.00
GCC	89	25.61	23.86	23.84	26.69	0.00	0.00
GCC	90	25.58	23.90	23.87	26.65	0.00	0.00
# ACGT content per cycle, read oriented. Use `grep ^GCT | cut -f 2-` to extract this part. The columns are: cycle; A,C,G,T base counts as a percentage of all A/C/G/T bases [%]
GCT	1	28.32	23.28	20.61	27.79
GCT	2	28.06	23.02	22.53	26.38
GCT	3	26.83	23.15	22.59	27.43
GCT	4	26.22	23.41	22.79	27.58
GCT	5	26.69	22.85	22.85	27.62
GCT	6	26.85	23.59	23.26	26.30
GCT	7	26.79	23.07	23.11	27.02
GCT	8	27.04	23.20	22.60	27.16
GCT	9	26.59	23.47	22.47	27.47
GCT	10	26.88	23.36	22.61	27.15
GCT	11	26.81	23.44	22.57	27.18
GCT	12	26.77	23.55	22.59	27.09
GCT	13	26.89	23.39	22.55	27.16
GCT	14	26.91	23.34	22.56	27.19
GCT	15	26.79	23.47	22.60	27.14
GCT	16	26.76	23.47	22.62	27.15
GCT	17	26.72	23.47	22.66	27.15
GCT	18	26.57	23.65	22.70	27.08
GCT	19	26.61	23.58	22.73	27.09
GCT	20	26.58	23.62	22.73	27.07
GCT	21	26.49	23.71	22.81	26.98
GCT	22	26.54	23.66	22.84	26.95
GCT	23	26.53	23.66	22.87	26.93
GCT	24	26.46	23.76	22.91	26.87
GCT	25	26.52	23.70	22.90	26.88
GCT	26	26.50	23.67	22.96	26.87
GCT	27	26.44	23.74	23.02	26.79
GCT	28	26.50	23.73	23.01	26.76
GCT	29	26.49	23.70	23.03	26.78
GCT	30	26.41	23.76	23.09	26.73
GCT	31	26.48	23.72	23.06	26.74
GCT	32	26.44	23.71	23.09	26.75
GCT	33	26.37	23.81	23.14	26.68
GCT	34	26.43	23.75	23.13	26.69
GCT	35	26.42	23.75	23.16	26.67
GCT	36	26.35	23.82	23.20	26.63
GCT	37	26.41	23.78	23.19	26.63
GCT	38	26.38	23.77	23.20	26.64
GCT	39	26.31	23.85	23.25	26.60
GCT	40	26.34	23.80	23.25	26.61
GCT	41	26.35	23.79	23.26	26.60
GCT	42	26.29	23.86	23.30	26.55
GCT	43	26.31	23.82	23.29	26.57
GCT	44	26.30	23.82	23.30	26.58
GCT	45	26.25	23.88	23.34	26.53
GCT	46	26.29	23.82	23.34	26.54
GCT	47	26.29	23.82	23.35	26.53
GCT	48	26.23	23.89	23.38	26.50
GCT	49	26.27	23.85	23.38	26.51
GCT	50	26.26	23.83	23.40	26.51
GCT	51	26.20	23.88	23.44	26.47
GCT	52	26.23	23.84	23.45	26.47
GCT	53	26.22	23.83	23.45	26.50
GCT	54	26.17	23.90	23.48	26.45
GCT	55	26.21	23.84	23.49	26.45
GCT	56	26.19	23.85	23.50	26.46
GCT	57	26.15	23.89	23.53	26.43
GCT	58	26.19	23.85	23.52	26.43
GCT	59	26.19	23.83	23.55	26.43
GCT	60	26.13	23.90	23.57	26.39
GCT	61	26.17	23.86	23.57	26.40
GCT	62	26.16	23.85	23.59	26.41
GCT	63	26.11	23.90	23.61	26.38
GCT	64	26.16	23.85	23.61	26.38
GCT	65	26.14	23.83	23.64	26.39
GCT	66	26.10	23.89	23.67	26.34
GCT	67	26.14	23.86	23.65	26.34
GCT	68	26.13	23.84	23.67	26.35
GCT	69	26.09	23.89	23.70	26.32
GCT	70	26.13	23.85	23.71	26.31
GCT	71	26.12	23.83	23.73	26.32
GCT	72	26.09	23.90	23.74	26.28
GCT	73	26.13	23.85	23.73	26.29
GCT	74	26.13	23.83	23.75	26.29
GCT	75	26.08	23.87	23.79	26.26
GCT	76	26.11	23.81	23.83	26.25
GCT	77	26.12	23.82	23.79	26.27
GCT	78	26.09	23.86	23.81	26.24
GCT	79	26.12	23.82	23.82	26.24
GCT	80	26.12	23.82	23.81	26.24
GCT	81	26.10	23.85	23.84	26.21
GCT	82	26.12	23.81	23.86	26.21
GCT	83	26.12	23.79	23.87	26.22
GCT	84	26.08	23.85	23.88	26.19
GCT	85	26.13	23.80	23.88	26.19
GCT	86	26.13	23.79	23.87	26.21
GCT	87	26.10	23.82	23.90	26.18
GCT	88	26.12	23.79	23.91	26.18
GCT	89	26.12	23.77	23.92	26.18
GCT	90	26.10	23.81	23.96	26.13
# ACGT content per cycle for first fragments. Use `grep ^FBC | cut -f 2-` to extract this part. The columns are: cycle; A,C,G,T base counts as a percentage of all A/C/G/T bases [%]; and N and O counts as a percentage of all A/C/G/T bases [%]
FBC	1	27.78	22.01	21.98	28.23	0.33	0.00
FBC	2	27.01	22.77	22.74	27.48	0.00	0.00
FBC	3	27.05	22.71	22.69	27.55	0.00	0.00
FBC	4	26.83	22.91	22.89	27.36	0.32	0.00
FBC	5	26.93	22.80	22.80	27.47	0.00	0.00
FBC	6	26.40	23.34	23.32	26.94	0.00	0.00
FBC	7	26.71	23.02	23.00	27.27	0.00	0.00
FBC	8	26.83	22.89	22.88	27.41	0.00	0.00
FBC	9	26.75	22.94	22.92	27.38	0.00	0.00
FBC	10	26.76	22.95	22.94	27.36	0.00	0.00
FBC	11	26.73	22.97	22.95	27.35	0.00	0.00
FBC	12	26.66	23.03	23.02	27.28	0.00	0.00
FBC	13	26.74	22.95	22.92	27.39	0.00	0.00
FBC	14	26.74	22.95	22.92	27.40	0.00	0.00
FBC	15	26.65	23.03	23.00	27.32	0.00	0.00
FBC	16	26.65	23.03	23.00	27.33	0.00	0.00
FBC	17	26.60	23.06	23.02	27.31	0.00	0.00
FBC	18	26.51	23.15	23.12	27.22	0.00	0.00
FBC	19	26.52	23.13	23.10	27.24	0.00	0.00
FBC	20	26.49	23.18	23.13	27.20	0.00	0.00
FBC	21	26.39	23.24	23.22	27.14	0.00	0.00
FBC	22	26.40	23.24	23.20	27.17	0.00	0.00
FBC	23	26.39	23.25	23.21	27.14	0.00	0.00
FBC	24	26.30	23.33	23.29	27.09	0.00	0.00
FBC	25	26.33	23.30	23.27	27.11	0.00	0.00
FBC	26	26.31	23.31	23.28	27.11	0.00	0.00
FBC	27	26.23	23.37	23.34	27.06	0.00	0.00
FBC	28	26.24	23.36	23.33	27.07	0.00	0.00
FBC	29	26.24	23.36	23.33	27.08	0.00	0.00
FBC	30	26.17	23.42	23.39	27.03	0.00	0.00
FBC	31	26.18	23.40	23.36	27.06	0.00	0.00
FBC	32	26.18	23.41	23.37	27.04	0.00	0.00
FBC	33	26.10	23.47	23.45	26.99	0.00	0.00
FBC	34	26.13	23.44	23.41	27.02	0.00	0.00
FBC	35	26.11	23.45	23.43	27.01	0.00	0.00
FBC	36	26.05	23.50	23.47	26.97	0.00	0.00
FBC	37	26.08	23.48	23.45	26.99	0.00	0.00
FBC	38	26.07	23.48	23.46	26.99	0.00	0.00
FBC	39	26.00	23.54	23.51	26.95	0.00	0.00
FBC	40	26.01	23.52	23.50	26.97	0.00	0.00
FBC	41	26.01	23.53	23.50	26.96	0.00	0.00
FBC	42	25.96	23.57	23.56	26.91	0.00	0.00
FBC	43	25.97	23.56	23.53	26.94	0.00	0.00
FBC	44	25.96	23.56	23.53	26.95	0.00	0.00
FBC	45	25.91	23.61	23.58	26.89	0.00	0.00
FBC	46	25.93	23.59	23.55	26.93	0.00	0.00
FBC	47	25.92	23.58	23.56	26.93	0.00	0.00
FBC	48	25.88	23.63	23.61	26.88	0.00	0.00
FBC	49	25.91	23.62	23.58	26.90	0.00	0.00
FBC	50	25.89	23.62	23.59	26.90	0.00	0.00
FBC	51	25.84	23.66	23.64	26.86	0.00	0.00
FBC	52	25.85	23.65	23.62	26.87	0.00	0.00
FBC	53	25.86	23.64	23.62	26.88	0.00	0.00
FBC	54	25.80	23.69	23.67	26.84	0.00	0.00
FBC	55	25.83	23.66	23.65	26.86	0.00	0.00
FBC	56	25.81	23.68	23.66	26.85	0.00	0.00
FBC	57	25.77	23.72	23.68	26.83	0.00	0.00
FBC	58	25.80	23.68	23.67	26.85	0.00	0.00
FBC	59	25.80	23.70	23.66	26.84	0.00	0.00
FBC	60	25.74	23.74	23.72	26.80	0.00	0.00
FBC	61	25.76	23.72	23.70	26.82	0.00	0.00
FBC	62	25.76	23.72	23.70	26.81	0.00	0.00
FBC	63	25.72	23.76	23.74	26.78	0.00	0.00
FBC	64	25.74	23.74	23.71	26.81	0.00	0.00
FBC	65	25.75	23.74	23.71	26.79	0.00	0.00
FBC	66	25.69	23.79	23.75	26.76	0.00	0.00
FBC	67	25.71	23.76	23.75	26.78	0.00	0.00
FBC	68	25.71	23.76	23.75	26.78	0.00	0.00
FBC	69	25.66	23.79	23.79	26.76	0.00	0.00
FBC	70	25.69	23.78	23.77	26.77	0.00	0.00
FBC	71	25.69	23.79	23.77	26.76	0.00	0.00
FBC	72	25.66	23.82	23.80	26.72	0.00	0.00
FBC	73	25.67	23.80	23.78	26.75	0.00	0.00
FBC	74	25.68	23.81	23.77	26.75	0.00	0.00
FBC	75	25.63	23.84	23.82	26.71	0.00	0.00
FBC	76	25.62	23.85	23.81	26.72	0.00	0.00
FBC	77	25.66	23.81	23.78	26.75	0.00	0.00
FBC	78	25.63	23.85	23.81	26.71	0.00	0.00
FBC	79	25.66	23.82	23.79	26.73	0.00	0.00
FBC	80	25.64	23.82	23.81	26.73	0.00	0.00
FBC	81	25.62	23.85	23.82	26.71	0.00	0.00
FBC	82	25.64	23.83	23.82	26.71	0.00	0.00
FBC	83	25.64	23.84	23.81	26.71	0.00	0.00
FBC	84	25.59	23.88	23.84	26.69	0.00	0.00
FBC	85	25.62	23.84	23.84	26.70	0.01	0.00
FBC	86	25.64	23.84	23.81	26.71	0.00	0.00
FBC	87	25.61	23.86	23.84	26.69	0.01	0.00
FBC	88	25.62	23.86	23.82	26.70	0.00	0.00
FBC	89	25.61	23.86	23.83	26.70	0.00	0.00
FBC	90	25.59	23.89	23.86	26.66	0.00	0.00
# ACGT raw counters for first fragments. Use `grep ^FTC | cut -f 2-` to extract this part. The columns are: A,C,G,T,N base counters
FTC	1366594140	1230959594	1229625599	1414184385	406736
# ACGT content per cycle for last fragments. Use `grep ^LBC | cut -f 2-` to extract this part. The columns are: cycle; A,C,G,T base counts as a percentage of all A/C/G/T bases [%]; and N and O counts as a percentage of all A/C/G/T bases [%]
LBC	1	27.86	21.89	21.89	28.36	0.25	0.00
LBC	2	26.95	22.81	22.79	27.45	0.01	0.00
LBC	3	26.71	23.05	23.03	27.21	0.00	0.00
LBC	4	26.45	23.29	23.31	26.95	0.00	0.00
LBC	5	26.83	22.89	22.89	27.38	0.01	0.00
LBC	6	26.21	23.51	23.51	26.76	0.00	0.00
LBC	7	26.55	23.18	23.18	27.10	0.03	0.00
LBC	8	26.79	22.92	22.92	27.37	0.01	0.00
LBC	9	26.69	23.00	23.01	27.29	0.00	0.00
LBC	10	26.66	23.03	23.03	27.28	0.00	0.00
LBC	11	26.64	23.05	23.05	27.25	0.00	0.00
LBC	12	26.58	23.11	23.11	27.20	0.00	0.00
LBC	13	26.66	23.01	23.01	27.32	0.00	0.00
LBC	14	26.70	22.96	22.97	27.37	0.00	0.00
LBC	15	26.60	23.05	23.07	27.28	0.00	0.00
LBC	16	26.58	23.08	23.07	27.28	0.00	0.00
LBC	17	26.56	23.09	23.08	27.27	0.00	0.00
LBC	18	26.43	23.21	23.21	27.15	0.00	0.00
LBC	19	26.45	23.19	23.19	27.17	0.00	0.00
LBC	20	26.44	23.20	23.19	27.17	0.00	0.00
LBC	21	26.34	23.30	23.29	27.08	0.00	0.00
LBC	22	26.33	23.28	23.29	27.11	0.00	0.00
LBC	23	26.32	23.31	23.29	27.08	0.00	0.00
LBC	24	26.23	23.36	23.37	27.04	0.00	0.00
LBC	25	26.28	23.32	23.32	27.08	0.00	0.00
LBC	26	26.26	23.33	23.33	27.08	0.00	0.00
LBC	27	26.18	23.41	23.42	27.00	0.00	0.00
LBC	28	26.19	23.39	23.40	27.02	0.00	0.00
LBC	29	26.19	23.40	23.38	27.03	0.00	0.00
LBC	30	26.12	23.46	23.44	26.97	0.00	0.00
LBC	31	26.16	23.41	23.40	27.03	0.00	0.00
LBC	32	26.16	23.43	23.40	27.02	0.00	0.00
LBC	33	26.08	23.50	23.48	26.94	0.00	0.00
LBC	34	26.10	23.46	23.45	26.99	0.00	0.00
LBC	35	26.08	23.47	23.48	26.98	0.00	0.00
LBC	36	26.01	23.53	23.53	26.93	0.00	0.00
LBC	37	26.04	23.50	23.49	26.97	0.00	0.00
LBC	38	26.03	23.51	23.50	26.96	0.00	0.00
LBC	39	25.96	23.57	23.57	26.90	0.00	0.00
LBC	40	25.98	23.55	23.53	26.94	0.00	0.00
LBC	41	25.98	23.54	23.54	26.94	0.00	0.00
LBC	42	25.92	23.60	23.60	26.88	0.00	0.00
LBC	43	25.94	23.57	23.57	26.91	0.00	0.00
LBC	44	25.93	23.57	23.57	26.93	0.00	0.00
LBC	45	25.89	23.62	23.62	26.87	0.00	0.00
LBC	46	25.91	23.60	23.59	26.89	0.00	0.00
LBC	47	25.91	23.61	23.59	26.89	0.00	0.00
LBC	48	25.84	23.65	23.65	26.86	0.00	0.00
LBC	49	25.87	23.64	23.61	26.88	0.00	0.00
LBC	50	25.88	23.63	23.61	26.88	0.00	0.00
LBC	51	25.82	23.69	23.67	26.83	0.00	0.00
LBC	52	25.84	23.66	23.65	26.85	0.00	0.00
LBC	53	25.84	23.66	23.64	26.86	0.00	0.00
LBC	54	25.79	23.70	23.70	26.82	0.00	0.00
LBC	55	25.81	23.68	23.68	26.84	0.00	0.00
LBC	56	25.80	23.68	23.68	26.84	0.00	0.00
LBC	57	25.76	23.72	23.71	26.80	0.00	0.00
LBC	58	25.78	23.70	23.70	26.83	0.00	0.00
LBC	59	25.78	23.71	23.68	26.83	0.00	0.00
LBC	60	25.73	23.75	23.75	26.78	0.00	0.00
LBC	61	25.75	23.72	23.72	26.81	0.00	0.00
LBC	62	25.75	23.73	23.72	26.81	0.00	0.00
LBC	63	25.70	23.76	23.76	26.77	0.00	0.00
LBC	64	25.74	23.74	23.72	26.79	0.00	0.00
LBC	65	25.74	23.74	23.73	26.78	0.00	0.00
LBC	66	25.69	23.79	23.78	26.74	0.00	0.00
LBC	67	25.72	23.77	23.75	26.76	0.00	0.00
LBC	68	25.71	23.76	23.76	26.77	0.00	0.00
LBC	69	25.67	23.81	23.79	26.74	0.00	0.00
LBC	70	25.67	23.79	23.78	26.76	0.00	0.00
LBC	71	25.67	23.79	23.78	26.76	0.00	0.00
LBC	72	25.65	23.83	23.81	26.71	0.00	0.00
LBC	73	25.66	23.81	23.78	26.75	0.00	0.00
LBC	74	25.67	23.81	23.79	26.73	0.00	0.00
LBC	75	25.63	23.84	23.83	26.70	0.00	0.00
LBC	76	25.65	23.82	23.81	26.73	0.00	0.00
LBC	77	25.65	23.82	23.80	26.73	0.00	0.00
LBC	78	25.60	23.85	23.84	26.70	0.00	0.00
LBC	79	25.64	23.84	23.82	26.71	0.00	0.00
LBC	80	25.64	23.83	23.82	26.71	0.00	0.00
LBC	81	25.60	23.87	23.84	26.69	0.00	0.00
LBC	82	25.62	23.85	23.83	26.70	0.00	0.00
LBC	83	25.62	23.84	23.83	26.72	0.00	0.00
LBC	84	25.59	23.88	23.87	26.66	0.00	0.00
LBC	85	25.62	23.86	23.83	26.70	0.00	0.00
LBC	86	25.63	23.86	23.82	26.69	0.00	0.00
LBC	87	25.59	23.89	23.85	26.67	0.00	0.00
LBC	88	25.61	23.87	23.84	26.68	0.00	0.00
LBC	89	25.61	23.87	23.84	26.68	0.00	0.00
LBC	90	25.57	23.90	23.89	26.64	0.00	0.00
# ACGT raw counters for last fragments. Use `grep ^LTC | cut -f 2-` to extract this part. The columns are: A,C,G,T,N base counters
LTC	1364581897	1232643574	1232189750	1412167546	187687
# Insert sizes. Use `grep ^IS | cut -f 2-` to extract this part. The columns are: insert size, pairs total, inward oriented pairs, outward oriented pairs, other pairs
IS	0	1528	0	3	1525
IS	1	0	0	0	0
IS	2	95	0	31	64
IS	3	48	0	28	20
IS	4	33	0	27	6
IS	5	33	0	27	6
IS	6	33	0	33	0
IS	7	33	0	32	1
IS	8	48	0	48	0
IS	9	37	0	36	1
IS	10	44	0	44	0
IS	11	41	0	41	0
IS	12	53	0	52	1
IS	13	52	0	52	0
IS	14	59	0	58	1
IS	15	49	0	47	2
IS	16	53	0	51	2
IS	17	53	0	51	2
IS	18	60	0	60	0
IS	19	972	863	107	2
IS	20	2444	2357	85	2
IS	21	306	225	79	2
IS	22	200	132	66	2
IS	23	141	73	67	1
IS	24	176	100	76	0
IS	25	132	71	58	3
IS	26	143	75	65	3
IS	27	142	71	67	4
IS	28	169	95	68	6
IS	29	183	107	76	0
IS	30	171	99	66	6
IS	31	218	159	53	6
IS	32	206	143	60	3
IS	33	248	165	74	9
IS	34	282	203	72	7
IS	35	313	245	62	6
IS	36	306	243	53	10
IS	37	402	314	79	9
IS	38	384	316	59	9
IS	39	431	350	70	11
IS	40	477	398	74	5
IS	41	544	474	63	7
IS	42	546	485	53	8
IS	43	646	574	57	15
IS	44	747	656	73	18
IS	45	657	579	71	7
IS	46	764	689	65	10
IS	47	825	736	74	15
IS	48	791	705	80	6
IS	49	1071	989	72	10
IS	50	1046	956	78	12
IS	51	2074	1997	66	11
IS	52	953	887	54	12
IS	53	916	824	70	22
IS	54	912	835	67	10
IS	55	992	896	79	17
IS	56	884	803	71	10
IS	57	843	777	55	11
IS	58	1004	918	72	14
IS	59	1028	968	47	13
IS	60	990	908	65	17
IS	61	1168	1083	69	16
IS	62	2109	2030	63	16
IS	63	1153	1070	62	21
IS	64	951	864	71	16
IS	65	931	862	57	12
IS	66	1408	1325	64	19
IS	67	2324	2256	49	19
IS	68	1707	1619	78	10
IS	69	1419	1345	51	23
IS	70	1092	1006	68	18
IS	71	1327	1253	51	23
IS	72	1430	1336	66	28
IS	73	1090	1012	63	15
IS	74	1162	1069	72	21
IS	75	1241	1159	56	26
IS	76	1260	1172	63	25
IS	77	1364	1280	62	22
IS	78	1498	1420	59	19
IS	79	1699	1596	74	29
IS	80	1737	1638	74	25
IS	81	1866	1782	66	18
IS	82	2041	1965	57	19
IS	83	2255	2171	64	20
IS	84	2408	2301	89	18
IS	85	2603	2506	79	18
IS	86	2962	2870	70	22
IS	87	3302	3194	87	21
IS	88	3646	3481	139	26
IS	89	4392	4007	364	21
IS	90	4864	4819	12	33
IS	91	5490	5453	8	29
IS	92	6099	6067	0	32
IS	93	6788	6762	6	20
IS	94	8131	8102	3	26
IS	95	9011	8979	4	28
IS	96	10435	10412	2	21
IS	97	11836	11813	5	18
IS	98	13486	13456	2	28
IS	99	15260	15239	1	20
IS	100	17335	17299	2	34
IS	101	19476	19453	1	22
IS	102	21982	21957	2	23
IS	103	24620	24595	1	24
IS	104	27732	27701	2	29
IS	105	31492	31463	1	28
IS	106	35076	35047	2	27
IS	107	38640	38613	3	24
IS	108	42658	42632	2	24
IS	109	47461	47443	0	18
IS	110	52935	52918	4	13
IS	111	57069	57044	3	22
IS	112	62820	62788	3	29
IS	113	69290	69259	3	28
IS	114	74805	74779	0	26
IS	115	81472	81457	0	15
IS	116	88246	88227	2	17
IS	117	95714	95679	3	32
IS	118	102118	102094	1	23
IS	119	110140	110121	2	17
IS	120	117769	117750	1	18
IS	121	125984	125954	3	27
IS	122	134053	134035	4	14
IS	123	142347	142312	3	32
IS	124	151085	151061	2	22
IS	125	158811	158784	1	26
IS	126	167935	167916	2	17
IS	127	176728	176715	1	12
IS	128	184953	184928	4	21
IS	129	195283	195254	1	28
IS	130	202858	202828	0	30
IS	131	211614	211592	0	22
IS	132	220518	220495	2	21
IS	133	228570	228550	1	19
IS	134	237670	237644	2	24
IS	135	246167	246143	4	20
IS	136	253587	253559	3	25
IS	137	261493	261475	1	17
IS	138	268638	268615	1	22
IS	139	278433	278405	2	26
IS	140	284568	284543	0	25
IS	141	291498	291477	0	21
IS	142	298574	298549	2	23
IS	143	305668	305650	1	17
IS	144	311255	311233	5	17
IS	145	318217	318195	3	19
IS	146	324462	324438	3	21
IS	147	331427	331409	4	14
IS	148	335965	335935	3	27
IS	149	340465	340445	4	16
IS	150	346180	346160	5	15
IS	151	349846	349818	4	24
IS	152	355014	354991	1	22
IS	153	358343	358317	3	23
IS	154	363472	363456	0	16
IS	155	366112	366086	3	23
IS	156	371040	371017	3	20
IS	157	375253	375227	1	25
IS	158	376953	376934	4	15
IS	159	379366	379348	1	17
IS	160	382943	382917	5	21
IS	161	385043	385025	2	16
IS	162	388666	388650	0	16
IS	163	388509	388488	7	14
IS	164	391713	391685	6	22
IS	165	392880	392858	5	17
IS	166	393389	393365	0	24
IS	167	395474	395450	4	20
IS	168	396477	396458	4	15
IS	169	397879	397863	1	15
IS	170	398513	398492	5	16
IS	171	398336	398311	3	22
IS	172	399445	399434	0	11
IS	173	397997	397974	3	20
IS	174	398020	398004	1	15
IS	175	396648	396639	3	6
IS	176	396336	396326	0	10
IS	177	396062	396050	0	12
IS	178	395557	395534	3	20
IS	179	394015	394000	0	15
IS	180	392045	392035	0	10
IS	181	391705	391686	2	17
IS	182	388280	388271	2	7
IS	183	386730	386713	4	13
IS	184	384886	384877	1	8
IS	185	382339	382321	2	16
IS	186	381100	381084	3	13
IS	187	379475	379465	3	7
IS	188	376512	376498	0	14
IS	189	373518	373498	5	15
IS	190	372746	372728	2	16
IS	191	368228	368209	2	17
IS	192	366219	366201	4	14
IS	193	362457	362438	4	15
IS	194	360577	360565	3	9
IS	195	358263	358242	5	16
IS	196	355963	355945	3	15
IS	197	353030	353012	4	14
IS	198	348627	348608	4	15
IS	199	346416	346402	1	13
IS	200	342445	342431	3	11
IS	201	339512	339494	3	15
IS	202	336386	336377	0	9
IS	203	332053	332041	4	8
IS	204	329714	329701	4	9
IS	205	325545	325537	1	7
IS	206	321890	321882	1	7
IS	207	318815	318797	0	18
IS	208	316110	316096	2	12
IS	209	313145	313133	1	11
IS	210	309844	309831	3	10
IS	211	307820	307804	2	14
IS	212	305343	305330	7	6
IS	213	300593	300585	2	6
IS	214	296606	296596	0	10
IS	215	294806	294789	3	14
IS	216	290422	290400	5	17
IS	217	287890	287880	1	9
IS	218	285321	285314	2	5
IS	219	281525	281514	2	9
IS	220	278405	278395	3	7
IS	221	274852	274840	4	8
IS	222	272511	272500	1	10
IS	223	269385	269374	1	10
IS	224	265742	265734	0	8
IS	225	262859	262848	1	10
IS	226	260234	260228	2	4
IS	227	257712	257699	4	9
IS	228	255403	255397	1	5
IS	229	253054	253042	1	11
IS	230	249068	249060	2	6
IS	231	246806	246792	1	13
IS	232	244441	244438	0	3
IS	233	240539	240530	2	7
IS	234	237663	237652	2	9
IS	235	233973	233965	1	7
IS	236	232532	232520	3	9
IS	237	229158	229150	0	8
IS	238	227539	227531	4	4
IS	239	224257	224247	2	8
IS	240	221424	221411	3	10
IS	241	219397	219389	1	7
IS	242	216662	216652	2	8
IS	243	213905	213902	0	3
IS	244	211152	211143	1	8
IS	245	209336	209328	0	8
IS	246	205931	205924	0	7
IS	247	204065	204054	0	11
IS	248	201306	201297	3	6
IS	249	199664	199656	0	8
IS	250	197992	197989	0	3
IS	251	195151	195144	0	7
IS	252	193104	193095	1	8
IS	253	190894	190887	3	4
IS	254	187733	187723	1	9
IS	255	185674	185663	0	11
IS	256	183054	183041	1	12
IS	257	182015	182008	1	6
IS	258	179506	179500	3	3
IS	259	177474	177468	0	6
IS	260	175321	175313	2	6
IS	261	173463	173452	1	10
IS	262	170462	170456	0	6
IS	263	168698	168689	1	8
IS	264	166336	166332	0	4
IS	265	164031	164024	1	6
IS	266	162805	162800	1	4
IS	267	161575	161568	0	7
IS	268	159315	159310	2	3
IS	269	156824	156820	2	2
IS	270	156457	156453	0	4
IS	271	153515	153509	0	6
IS	272	151153	151145	1	7
IS	273	149727	149724	0	3
IS	274	148268	148260	0	8
IS	275	145716	145710	0	6
IS	276	144187	144181	0	6
IS	277	142188	142183	0	5
IS	278	140690	140687	0	3
IS	279	139428	139424	0	4
IS	280	137476	137471	0	5
IS	281	136167	136161	0	6
IS	282	135134	135133	0	1
IS	283	133238	133233	0	5
IS	284	130797	130795	0	2
IS	285	129360	129353	0	7
IS	286	128078	128076	0	2
IS	287	125722	125717	0	5
IS	288	124684	124676	1	7
IS	289	123844	123837	0	7
IS	290	121615	121611	1	3
IS	291	120725	120720	0	5
IS	292	118713	118708	1	4
IS	293	118196	118191	1	4
IS	294	116341	116337	1	3
IS	295	114789	114787	0	2
IS	296	114634	114630	1	3
IS	297	112262	112259	1	2
IS	298	110853	110848	0	5
IS	299	109351	109349	0	2
IS	300	108109	108107	1	1
IS	301	106284	106284	0	0
IS	302	105605	105602	1	2
IS	303	104648	104644	1	3
IS	304	102763	102758	0	5
IS	305	101157	101151	0	6
IS	306	100529	100521	2	6
IS	307	99204	99202	1	1
IS	308	97686	97684	1	1
IS	309	97395	97390	1	4
IS	310	95781	95775	2	4
IS	311	94645	94642	1	2
IS	312	93278	93272	1	5
IS	313	93155	93152	2	1
IS	314	91734	91731	0	3
IS	315	90470	90462	1	7
IS	316	89330	89326	0	4
IS	317	88610	88603	3	4
IS	318	86948	86947	0	1
IS	319	86013	86006	0	7
IS	320	84835	84829	1	5
IS	321	83964	83964	0	0
IS	322	83151	83148	0	3
IS	323	82003	82000	0	3
IS	324	81836	81833	0	3
IS	325	80735	80731	0	4
IS	326	79319	79319	0	0
IS	327	77828	77823	1	4
IS	328	77532	77529	0	3
IS	329	76773	76769	0	4
IS	330	76006	76001	0	5
IS	331	74639	74633	1	5
IS	332	74124	74122	0	2
IS	333	72785	72783	0	2
IS	334	72248	72245	0	3
IS	335	71579	71576	0	3
IS	336	70448	70445	1	2
IS	337	69547	69544	0	3
IS	338	69283	69275	1	7
IS	339	68517	68512	0	5
IS	340	67601	67600	0	1
IS	341	66832	66829	1	2
IS	342	65881	65877	1	3
IS	343	64986	64983	1	2
IS	344	64388	64382	0	6
IS	345	64090	64086	1	3
IS	346	63009	63002	2	5
IS	347	61945	61944	1	0
IS	348	61730	61729	1	0
IS	349	60660	60654	1	5
IS	350	59966	59964	0	2
IS	351	59161	59158	0	3
IS	352	58344	58341	1	2
IS	353	58116	58114	1	1
IS	354	57538	57536	0	2
IS	355	56901	56899	1	1
IS	356	55932	55927	0	5
IS	357	55221	55218	2	1
IS	358	54870	54868	1	1
IS	359	53613	53613	0	0
IS	360	53516	53514	1	1
IS	361	53142	53138	1	3
IS	362	52154	52150	3	1
IS	363	51845	51843	1	1
IS	364	51135	51133	2	0
IS	365	50621	50618	1	2
IS	366	49906	49905	0	1
IS	367	49664	49660	0	4
IS	368	48705	48701	2	2
IS	369	48243	48238	0	5
IS	370	47362	47360	0	2
IS	371	47364	47362	0	2
IS	372	46561	46557	0	4
IS	373	46380	46379	0	1
IS	374	45894	45893	1	0
IS	375	45300	45298	0	2
IS	376	44863	44860	1	2
IS	377	44384	44380	2	2
IS	378	43960	43954	3	3
IS	379	43582	43579	1	2
IS	380	42580	42575	0	5
IS	381	42980	42976	2	2
IS	382	41782	41782	0	0
IS	383	41336	41335	1	0
IS	384	40818	40818	0	0
IS	385	40715	40712	0	3
IS	386	40066	40064	1	1
IS	387	39967	39966	1	0
IS	388	39158	39154	2	2
IS	389	38729	38723	2	4
IS	390	38336	38334	0	2
IS	391	37946	37942	1	3
IS	392	37262	37261	0	1
IS	393	37067	37066	1	0
IS	394	36743	36742	1	0
IS	395	36363	36361	0	2
IS	396	35519	35518	1	0
IS	397	35253	35250	0	3
IS	398	34960	34960	0	0
IS	399	34858	34855	0	3
IS	400	34174	34171	1	2
IS	401	34159	34158	0	1
IS	402	33666	33664	0	2
IS	403	33327	33322	2	3
IS	404	32779	32772	2	5
IS	405	32396	32392	1	3
IS	406	32187	32185	2	0
IS	407	31908	31905	2	1
IS	408	31784	31780	3	1
IS	409	31265	31265	0	0
IS	410	30248	30247	1	0
IS	411	30374	30373	0	1
IS	412	30100	30098	0	2
IS	413	29864	29861	0	3
IS	414	29604	29601	0	3
IS	415	29197	29196	0	1
IS	416	28909	28909	0	0
IS	417	28778	28778	0	0
IS	418	28583	28581	1	1
IS	419	27923	27921	1	1
IS	420	27988	27985	0	3
IS	421	27600	27597	2	1
IS	422	26958	26958	0	0
IS	423	26718	26717	0	1
IS	424	26677	26675	0	2
IS	425	26158	26157	0	1
IS	426	25869	25868	0	1
IS	427	25744	25742	1	1
IS	428	25588	25586	0	2
IS	429	25460	25457	1	2
IS	430	25113	25112	1	0
IS	431	24716	24712	2	2
IS	432	24193	24190	1	2
IS	433	24436	24434	1	1
IS	434	23897	23896	1	0
IS	435	23786	23785	1	0
IS	436	23509	23507	0	2
IS	437	23434	23432	1	1
IS	438	22827	22825	1	1
IS	439	22734	22734	0	0
IS	440	22602	22601	0	1
IS	441	22090	22087	2	1
IS	442	21909	21907	1	1
IS	443	21922	21921	1	0
IS	444	21668	21668	0	0
IS	445	21162	21161	0	1
IS	446	21492	21491	0	1
IS	447	21001	20999	1	1
IS	448	20923	20923	0	0
IS	449	20558	20556	2	0
IS	450	20449	20448	1	0
IS	451	20271	20270	0	1
IS	452	19736	19736	0	0
IS	453	19677	19675	1	1
IS	454	19762	19761	0	1
IS	455	19197	19196	0	1
IS	456	19196	19193	3	0
IS	457	19169	19169	0	0
IS	458	18958	18956	2	0
IS	459	18769	18768	1	0
IS	460	18288	18286	1	1
IS	461	18332	18330	1	1
IS	462	18001	17999	2	0
IS	463	17872	17871	0	1
IS	464	17824	17824	0	0
IS	465	17560	17560	0	0
IS	466	17219	17218	1	0
IS	467	17283	17283	0	0
IS	468	16750	16748	1	1
IS	469	16831	16830	0	1
IS	470	16698	16696	1	1
IS	471	16197	16197	0	0
IS	472	16448	16447	1	0
IS	473	16347	16347	0	0
IS	474	15994	15994	0	0
IS	475	15777	15775	1	1
IS	476	15800	15799	0	1
IS	477	15598	15598	0	0
IS	478	15333	15332	0	1
IS	479	15532	15531	1	0
IS	480	15370	15370	0	0
IS	481	15043	15043	0	0
IS	482	15128	15128	0	0
IS	483	14690	14690	0	0
IS	484	14372	14371	0	1
IS	485	14677	14676	0	1
IS	486	14519	14516	1	2
IS	487	14093	14090	0	3
IS	488	14171	14170	0	1
IS	489	13923	13923	0	0
IS	490	13877	13875	2	0
IS	491	13696	13694	1	1
IS	492	13423	13421	2	0
IS	493	13418	13416	0	2
IS	494	13395	13392	1	2
IS	495	13127	13127	0	0
IS	496	13124	13122	1	1
IS	497	12964	12962	0	2
IS	498	12711	12710	0	1
IS	499	12730	12729	0	1
IS	500	12610	12610	0	0
IS	501	12496	12495	0	1
IS	502	12309	12306	1	2
IS	503	12335	12331	4	0
IS	504	12329	12329	0	0
IS	505	11762	11759	2	1
IS	506	11832	11830	0	2
IS	507	11562	11562	0	0
IS	508	11668	11668	0	0
IS	509	11590	11589	1	0
IS	510	11364	11361	3	0
IS	511	11326	11324	0	2
IS	512	11154	11151	2	1
IS	513	11218	11218	0	0
IS	514	10940	10936	2	2
IS	515	10828	10827	1	0
IS	516	10790	10788	1	1
IS	517	10676	10674	2	0
IS	518	10414	10410	2	2
IS	519	10712	10710	2	0
IS	520	10429	10427	1	1
IS	521	10262	10260	2	0
IS	522	10137	10137	0	0
IS	523	10339	10337	1	1
IS	524	10081	10080	0	1
IS	525	9858	9857	0	1
IS	526	9884	9883	0	1
IS	527	9824	9824	0	0
IS	528	9579	9578	0	1
IS	529	9646	9644	1	1
IS	530	9458	9457	1	0
IS	531	9482	9482	0	0
IS	532	9317	9317	0	0
IS	533	9250	9249	0	1
IS	534	9190	9188	1	1
IS	535	9122	9120	1	1
IS	536	8986	8982	1	3
IS	537	9066	9065	1	0
IS	538	8906	8906	0	0
IS	539	8753	8749	3	1
IS	540	8706	8706	0	0
IS	541	8672	8670	2	0
IS	542	8478	8478	0	0
IS	543	8350	8346	1	3
IS	544	8572	8572	0	0
IS	545	8404	8402	0	2
IS	546	8192	8189	2	1
IS	547	8099	8098	0	1
IS	548	7992	7990	0	2
IS	549	7933	7932	0	1
IS	550	7713	7711	2	0
IS	551	7860	7860	0	0
IS	552	7782	7781	1	0
IS	553	7715	7712	2	1
IS	554	7567	7566	0	1
IS	555	7467	7467	0	0
IS	556	7336	7336	0	0
IS	557	7456	7456	0	0
IS	558	7190	7189	0	1
IS	559	7121	7120	1	0
IS	560	6905	6903	1	1
IS	561	7027	7025	1	1
IS	562	6899	6898	0	1
IS	563	6861	6858	2	1
IS	564	6827	6827	0	0
IS	565	6667	6666	0	1
IS	566	6571	6569	1	1
IS	567	6571	6571	0	0
IS	568	6400	6399	1	0
IS	569	6485	6484	0	1
IS	570	6523	6522	0	1
IS	571	6152	6152	0	0
IS	572	6372	6372	0	0
IS	573	6133	6133	0	0
IS	574	6212	6210	2	0
IS	575	6162	6161	0	1
IS	576	6109	6107	0	2
IS	577	5995	5995	0	0
IS	578	5920	5919	1	0
IS	579	5931	5931	0	0
IS	580	5702	5702	0	0
IS	581	5730	5729	0	1
IS	582	5627	5627	0	0
IS	583	5594	5593	0	1
IS	584	5393	5393	0	0
IS	585	5416	5414	0	2
IS	586	5375	5375	0	0
IS	587	5284	5283	1	0
IS	588	5320	5319	0	1
IS	589	5195	5194	0	1
IS	590	5319	5318	0	1
# Read lengths. Use `grep ^RL | cut -f 2-` to extract this part. The columns are: read length, count
RL	31	3228
RL	32	2852
RL	33	2734
RL	34	2464
RL	35	2306
RL	36	2112
RL	37	2148
RL	38	1958
RL	39	1902
RL	40	1730
RL	41	1702
RL	42	1650
RL	43	1800
RL	44	1876
RL	45	1492
RL	46	1524
RL	47	1508
RL	48	1692
RL	49	2688
RL	50	2682
RL	51	5520
RL	52	2632
RL	53	2076
RL	54	2060
RL	55	2802
RL	56	6294
RL	57	2006
RL	58	2326
RL	59	2466
RL	60	2176
RL	61	2598
RL	62	5836
RL	63	3070
RL	64	2100
RL	65	1726
RL	66	3628
RL	67	6384
RL	68	4428
RL	69	3244
RL	70	2588
RL	71	2904
RL	72	3582
RL	73	2522
RL	74	2634
RL	75	2966
RL	76	2892
RL	77	3594
RL	78	3880
RL	79	4118
RL	80	4238
RL	81	4454
RL	82	4728
RL	83	5150
RL	84	5632
RL	85	5864
RL	86	6712
RL	87	7492
RL	88	8342
RL	89	9544
RL	90	116337480
# Read lengths - first fragments. Use `grep ^FRL | cut -f 2-` to extract this part. The columns are: read length, count
FRL	31	1614
FRL	32	1426
FRL	33	1367
FRL	34	1232
FRL	35	1153
FRL	36	1056
FRL	37	1074
FRL	38	979
FRL	39	951
FRL	40	865
FRL	41	851
FRL	42	825
FRL	43	900
FRL	44	938
FRL	45	746
FRL	46	762
FRL	47	754
FRL	48	846
FRL	49	1344
FRL	50	1341
FRL	51	2760
FRL	52	1316
FRL	53	1038
FRL	54	1030
FRL	55	1401
FRL	56	3147
FRL	57	1003
FRL	58	1163
FRL	59	1233
FRL	60	1088
FRL	61	1299
FRL	62	2918
FRL	63	1535
FRL	64	1050
FRL	65	863
FRL	66	1814
FRL	67	3192
FRL	68	2214
FRL	69	1622
FRL	70	1294
FRL	71	1452
FRL	72	1791
FRL	73	1261
FRL	74	1317
FRL	75	1483
FRL	76	1446
FRL	77	1797
FRL	78	1940
FRL	79	2059
FRL	80	2119
FRL	81	2227
FRL	82	2364
FRL	83	2575
FRL	84	2816
FRL	85	2932
FRL	86	3356
FRL	87	3746
FRL	88	4171
FRL	89	4772
FRL	90	58168740
# Read lengths - last fragments. Use `grep ^LRL | cut -f 2-` to extract this part. The columns are: read length, count
LRL	31	1614
LRL	32	1426
LRL	33	1367
LRL	34	1232
LRL	35	1153
LRL	36	1056
LRL	37	1074
LRL	38	979
LRL	39	951
LRL	40	865
LRL	41	851
LRL	42	825
LRL	43	900
LRL	44	938
LRL	45	746
LRL	46	762
LRL	47	754
LRL	48	846
LRL	49	1344
LRL	50	1341
LRL	51	2760
LRL	52	1316
LRL	53	1038
LRL	54	1030
LRL	55	1401
LRL	56	3147
LRL	57	1003
LRL	58	1163
LRL	59	1233
LRL	60	1088
LRL	61	1299
LRL	62	2918
LRL	63	1535
LRL	64	1050
LRL	65	863
LRL	66	1814
LRL	67	3192
LRL	68	2214
LRL	69	1622
LRL	70	1294
LRL	71	1452
LRL	72	1791
LRL	73	1261
LRL	74	1317
LRL	75	1483
LRL	76	1446
LRL	77	1797
LRL	78	1940
LRL	79	2059
LRL	80	2119
LRL	81	2227
LRL	82	2364
LRL	83	2575
LRL	84	2816
LRL	85	2932
LRL	86	3356
LRL	87	3746
LRL	88	4171
LRL	89	4772
LRL	90	58168740
# Mapping qualities for reads !(UNMAP|SECOND|SUPPL|QCFAIL|DUP). Use `grep ^MAPQ | cut -f 2-` to extract this part. The columns are: mapq, count
MAPQ	0	7516046
MAPQ	1	18886
MAPQ	2	6552
MAPQ	3	39243
MAPQ	4	8981
MAPQ	5	10699
MAPQ	6	16938
MAPQ	7	23562
MAPQ	8	16479
MAPQ	9	41051
MAPQ	10	40110
MAPQ	11	7286
MAPQ	12	12332
MAPQ	13	20291
MAPQ	14	6122
MAPQ	15	36205
MAPQ	16	11684
MAPQ	17	10613
MAPQ	18	13127
MAPQ	19	25928
MAPQ	20	46412
MAPQ	21	58378
MAPQ	22	79963
MAPQ	23	69269
MAPQ	24	124774
MAPQ	25	245002
MAPQ	26	7548
MAPQ	27	684406
MAPQ	28	5747
MAPQ	29	7336
MAPQ	30	11680
MAPQ	31	15646
MAPQ	32	6744
MAPQ	33	41885
MAPQ	34	6036
MAPQ	35	8924
MAPQ	36	11753
MAPQ	37	24276
MAPQ	38	6167
MAPQ	39	51617
MAPQ	40	876876
MAPQ	41	10347
MAPQ	42	39593
MAPQ	43	39854
MAPQ	44	18571
MAPQ	45	100608
MAPQ	46	48655
MAPQ	47	86960
MAPQ	48	211131
MAPQ	49	42695
MAPQ	50	773090
MAPQ	51	40908
MAPQ	52	27591
MAPQ	53	70135
MAPQ	54	46625
MAPQ	55	42312
MAPQ	56	71359
MAPQ	57	103102
MAPQ	58	4660
MAPQ	59	11013
MAPQ	60	104445114
# Indel distribution. Use `grep ^ID | cut -f 2-` to extract this part. The columns are: length, number of insertions, number of deletions
ID	1	301058	393686
ID	2	67508	97551
ID	3	26505	41696
ID	4	26299	35972
ID	5	9086	10595
ID	6	6761	10643
ID	7	3012	2904
ID	8	3658	5801
ID	9	1628	2584
ID	10	1683	3138
ID	11	1097	1463
ID	12	1244	3252
ID	13	489	894
ID	14	637	1522
ID	15	353	876
ID	16	468	1235
ID	17	161	458
ID	18	190	719
ID	19	115	448
ID	20	113	394
ID	21	111	359
ID	22	22	226
ID	23	28	100
ID	24	17	221
ID	25	9	98
ID	26	9	97
ID	27	1	110
ID	28	0	89
ID	29	0	22
ID	30	0	68
ID	31	0	30
ID	32	0	5
ID	33	0	3
ID	34	0	19
ID	35	0	12
ID	36	0	17
ID	38	0	1
ID	40	0	1
# Indels per cycle. Use `grep ^IC | cut -f 2-` to extract this part. The columns are: cycle, number of insertions (fwd), .. (rev) , number of deletions (fwd), .. (rev)
IC	1	0	0	1	0
IC	2	0	2	0	1
IC	3	0	1	1541	1596
IC	4	1281	1205	1712	1684
IC	5	1775	1734	1839	2002
IC	6	1809	1716	2191	2276
IC	7	1967	1953	2508	2649
IC	8	2042	1982	2856	2972
IC	9	2268	2120	3071	3104
IC	10	2397	2256	3166	3290
IC	11	2495	2359	3248	3338
IC	12	2518	2528	3478	3587
IC	13	2689	2608	3472	3645
IC	14	2816	2786	3546	3720
IC	15	2920	2879	3662	3735
IC	16	3037	3023	3810	3758
IC	17	2956	2987	3784	3939
IC	18	3134	3028	3995	4057
IC	19	3074	3224	4043	3989
IC	20	3107	3017	4118	4238
IC	21	3211	3007	4165	4086
IC	22	3192	3007	4249	4111
IC	23	3118	2980	4113	4157
IC	24	3157	3032	4099	4077
IC	25	3127	2979	4168	4028
IC	26	3075	2955	4249	4109
IC	27	3011	3031	4190	4052
IC	28	3169	3004	4219	3915
IC	29	3087	2941	4160	4020
IC	30	3066	2914	4146	3951
IC	31	3114	2885	4114	3916
IC	32	3006	2924	4151	3965
IC	33	2854	2878	4061	3916
IC	34	2914	2749	4008	3856
IC	35	3066	2784	4041	3964
IC	36	2998	2876	4026	3808
IC	37	2940	2864	3983	3987
IC	38	2966	2811	4069	3811
IC	39	2952	2853	4000	4059
IC	40	2897	2855	4173	3928
IC	41	3079	2800	4234	3963
IC	42	2970	2913	4122	3915
IC	43	2871	2848	3983	3819
IC	44	2976	2790	3970	3886
IC	45	2994	2839	4209	3937
IC	46	2925	2776	4017	4016
IC	47	2941	2774	3947	3933
IC	48	2966	2812	4057	3870
IC	49	2903	2693	4059	3850
IC	50	3012	2810	3957	3935
IC	51	2881	2815	4108	4006
IC	52	2911	2950	4146	3872
IC	53	2944	3037	4041	3850
IC	54	2917	3174	4064	3979
IC	55	2920	3036	4148	3908
IC	56	2850	2886	4269	4061
IC	57	2957	2809	4231	4133
IC	58	2876	2750	4136	4062
IC	59	2911	2829	4259	4104
IC	60	2910	2908	4194	3983
IC	61	2747	2847	4031	3950
IC	62	2835	2786	3994	3843
IC	63	2791	2656	4022	3930
IC	64	2791	2625	4057	4038
IC	65	2897	2590	4006	3776
IC	66	2881	2597	4019	3942
IC	67	2781	2714	3929	3943
IC	68	2773	2624	3823	3801
IC	69	2754	2521	3910	3828
IC	70	2737	2542	3895	3802
IC	71	3275	2403	3831	3770
IC	72	3428	2403	3781	3615
IC	73	3999	2365	3569	3523
IC	74	3043	2590	3721	3385
IC	75	2714	2582	3532	3376
IC	76	2545	2829	3397	3302
IC	77	2263	2618	3297	3222
IC	78	2104	2220	3088	3078
IC	79	2023	2098	3109	3190
IC	80	1896	2007	3058	2897
IC	81	2018	1888	2809	2909
IC	82	1942	1844	2710	2676
IC	83	1851	1763	2509	2523
IC	84	1841	1989	2449	2493
IC	85	2012	2256	2231	2402
IC	86	1799	2142	2174	2442
IC	87	1823	2294	1785	1961
IC	88	0	0	1	0
IC	89	0	1	1	0
# Coverage distribution. Use `grep ^COV | cut -f 2-` to extract this part.
COV	[1-1]	1	533552274
COV	[2-2]	2	229965952
COV	[3-3]	3	96809754
COV	[4-4]	4	51070294
COV	[5-5]	5	27474263
COV	[6-6]	6	16870435
COV	[7-7]	7	10977944
COV	[8-8]	8	7743803
COV	[9-9]	9	5801771
COV	[10-10]	10	4557651
COV	[11-11]	11	3746471
COV	[12-12]	12	3179605
COV	[13-13]	13	2772021
COV	[14-14]	14	2457689
COV	[15-15]	15	2224637
COV	[16-16]	16	2030315
COV	[17-17]	17	1872218
COV	[18-18]	18	1734561
COV	[19-19]	19	1627599
COV	[20-20]	20	1531075
COV	[21-21]	21	1445111
COV	[22-22]	22	1373488
COV	[23-23]	23	1304627
COV	[24-24]	24	1245055
COV	[25-25]	25	1185536
COV	[26-26]	26	1143600
COV	[27-27]	27	1098609
COV	[28-28]	28	1058859
COV	[29-29]	29	1019818
COV	[30-30]	30	986510
COV	[31-31]	31	950691
COV	[32-32]	32	923532
COV	[33-33]	33	898305
COV	[34-34]	34	869874
COV	[35-35]	35	848848
COV	[36-36]	36	824524
COV	[37-37]	37	803905
COV	[38-38]	38	783636
COV	[39-39]	39	765717
COV	[40-40]	40	747459
COV	[41-41]	41	731077
COV	[42-42]	42	715523
COV	[43-43]	43	701512
COV	[44-44]	44	685782
COV	[45-45]	45	671502
COV	[46-46]	46	660432
COV	[47-47]	47	649540
COV	[48-48]	48	639179
COV	[49-49]	49	627328
COV	[50-50]	50	615192
COV	[51-51]	51	605547
COV	[52-52]	52	596460
COV	[53-53]	53	585739
COV	[54-54]	54	577517
COV	[55-55]	55	568990
COV	[56-56]	56	560114
COV	[57-57]	57	552381
COV	[58-58]	58	544478
COV	[59-59]	59	534708
COV	[60-60]	60	527677
COV	[61-61]	61	521097
COV	[62-62]	62	515338
COV	[63-63]	63	506772
COV	[64-64]	64	500966
COV	[65-65]	65	495127
COV	[66-66]	66	487200
COV	[67-67]	67	483030
COV	[68-68]	68	476457
COV	[69-69]	69	473844
COV	[70-70]	70	466259
COV	[71-71]	71	461567
COV	[72-72]	72	456520
COV	[73-73]	73	451702
COV	[74-74]	74	445246
COV	[75-75]	75	440321
COV	[76-76]	76	435097
COV	[77-77]	77	428718
COV	[78-78]	78	426205
COV	[79-79]	79	419892
COV	[80-80]	80	416562
COV	[81-81]	81	410141
COV	[82-82]	82	407210
COV	[83-83]	83	403184
COV	[84-84]	84	397512
COV	[85-85]	85	393103
COV	[86-86]	86	389179
COV	[87-87]	87	385800
COV	[88-88]	88	381426
COV	[89-89]	89	377435
COV	[90-90]	90	374969
COV	[91-91]	91	369943
COV	[92-92]	92	365225
COV	[93-93]	93	361563
COV	[94-94]	94	358057
COV	[95-95]	95	354102
COV	[96-96]	96	351394
COV	[97-97]	97	347957
COV	[98-98]	98	346382
COV	[99-99]	99	341761
COV	[100-100]	100	338709
COV	[101-101]	101	335130
COV	[102-102]	102	330969
COV	[103-103]	103	328192
COV	[104-104]	104	324233
COV	[105-105]	105	322174
COV	[106-106]	106	317596
COV	[107-107]	107	313628
COV	[108-108]	108	310700
COV	[109-109]	109	308326
COV	[110-110]	110	303651
COV	[111-111]	111	302813
COV	[112-112]	112	300991
COV	[113-113]	113	296064
COV	[114-114]	114	294945
COV	[115-115]	115	291581
COV	[116-116]	116	288090
COV	[117-117]	117	285904
COV	[118-118]	118	283300
COV	[119-119]	119	278640
COV	[120-120]	120	276550
COV	[121-121]	121	273035
COV	[122-122]	122	270535
COV	[123-123]	123	270079
COV	[124-124]	124	265251
COV	[125-125]	125	264220
COV	[126-126]	126	260502
COV	[127-127]	127	257350
COV	[128-128]	128	254092
COV	[129-129]	129	252736
COV	[130-130]	130	249121
COV	[131-131]	131	245702
COV	[132-132]	132	242987
COV	[133-133]	133	241752
COV	[134-134]	134	239291
COV	[135-135]	135	237021
COV	[136-136]	136	234180
COV	[137-137]	137	231524
COV	[138-138]	138	229028
COV	[139-139]	139	228023
COV	[140-140]	140	225400
COV	[141-141]	141	222195
COV	[142-142]	142	219855
COV	[143-143]	143	218136
COV	[144-144]	144	214634
COV	[145-145]	145	213304
COV	[146-146]	146	210901
COV	[147-147]	147	208197
COV	[148-148]	148	207091
COV	[149-149]	149	203773
COV	[150-150]	150	201824
COV	[151-151]	151	198844
COV	[152-152]	152	196096
COV	[153-153]	153	194288
COV	[154-154]	154	192436
COV	[155-155]	155	189871
COV	[156-156]	156	188330
COV	[157-157]	157	186523
COV	[158-158]	158	183544
COV	[159-159]	159	182127
COV	[160-160]	160	180148
COV	[161-161]	161	177809
COV	[162-162]	162	176884
COV	[163-163]	163	174369
COV	[164-164]	164	171908
COV	[165-165]	165	170125
COV	[166-166]	166	168910
COV	[167-167]	167	165760
COV	[168-168]	168	164708
COV	[169-169]	169	163056
COV	[170-170]	170	160405
COV	[171-171]	171	157807
COV	[172-172]	172	156592
COV	[173-173]	173	154371
COV	[174-174]	174	152725
COV	[175-175]	175	151136
COV	[176-176]	176	149149
COV	[177-177]	177	147060
COV	[178-178]	178	145670
COV	[179-179]	179	143943
COV	[180-180]	180	141968
COV	[181-181]	181	140312
COV	[182-182]	182	138626
COV	[183-183]	183	137883
COV	[184-184]	184	136263
COV	[185-185]	185	133727
COV	[186-186]	186	131505
COV	[187-187]	187	129838
COV	[188-188]	188	128580
COV	[189-189]	189	127238
COV	[190-190]	190	125353
COV	[191-191]	191	124322
COV	[192-192]	192	122427
COV	[193-193]	193	121486
COV	[194-194]	194	120305
COV	[195-195]	195	118315
COV	[196-196]	196	116467
COV	[197-197]	197	115272
COV	[198-198]	198	115074
COV	[199-199]	199	113496
COV	[200-200]	200	111883
COV	[201-201]	201	110551
COV	[202-202]	202	109221
COV	[203-203]	203	107483
COV	[204-204]	204	106291
COV	[205-205]	205	104667
COV	[206-206]	206	103745
COV	[207-207]	207	102824
COV	[208-208]	208	102012
COV	[209-209]	209	100286
COV	[210-210]	210	99444
COV	[211-211]	211	97928
COV	[212-212]	212	96428
COV	[213-213]	213	95234
COV	[214-214]	214	94340
COV	[215-215]	215	92776
COV	[216-216]	216	91436
COV	[217-217]	217	90210
COV	[218-218]	218	88750
COV	[219-219]	219	87934
COV	[220-220]	220	86844
COV	[221-221]	221	85767
COV	[222-222]	222	84748
COV	[223-223]	223	83791
COV	[224-224]	224	82971
COV	[225-225]	225	81606
COV	[226-226]	226	80738
COV	[227-227]	227	79625
COV	[228-228]	228	78720
COV	[229-229]	229	77466
COV	[230-230]	230	76896
COV	[231-231]	231	75860
COV	[232-232]	232	74995
COV	[233-233]	233	73639
COV	[234-234]	234	73057
COV	[235-235]	235	72024
COV	[236-236]	236	70987
COV	[237-237]	237	70253
COV	[238-238]	238	69773
COV	[239-239]	239	68882
COV	[240-240]	240	67690
COV	[241-241]	241	66769
COV	[242-242]	242	65840
COV	[243-243]	243	64986
COV	[244-244]	244	64248
COV	[245-245]	245	63828
COV	[246-246]	246	62219
COV	[247-247]	247	61954
COV	[248-248]	248	60868
COV	[249-249]	249	60086
COV	[250-250]	250	59205
COV	[251-251]	251	58539
COV	[252-252]	252	57933
COV	[253-253]	253	57245
COV	[254-254]	254	56360
COV	[255-255]	255	55322
COV	[256-256]	256	54856
COV	[257-257]	257	54317
COV	[258-258]	258	53659
COV	[259-259]	259	53266
COV	[260-260]	260	52270
COV	[261-261]	261	51583
COV	[262-262]	262	51351
COV	[263-263]	263	50251
COV	[264-264]	264	49889
COV	[265-265]	265	49250
COV	[266-266]	266	48892
COV	[267-267]	267	47891
COV	[268-268]	268	47450
COV	[269-269]	269	46575
COV	[270-270]	270	46296
COV	[271-271]	271	45919
COV	[272-272]	272	44848
COV	[273-273]	273	44302
COV	[274-274]	274	44415
COV	[275-275]	275	43747
COV	[276-276]	276	42345
COV	[277-277]	277	41860
COV	[278-278]	278	41834
COV	[279-279]	279	41454
COV	[280-280]	280	40562
COV	[281-281]	281	40142
COV	[282-282]	282	39581
COV	[283-283]	283	39308
COV	[284-284]	284	38680
COV	[285-285]	285	38033
COV	[286-286]	286	37791
COV	[287-287]	287	37461
COV	[288-288]	288	36675
COV	[289-289]	289	36801
COV	[290-290]	290	36210
COV	[291-291]	291	35531
COV	[292-292]	292	35252
COV	[293-293]	293	34939
COV	[294-294]	294	34054
COV	[295-295]	295	33859
COV	[296-296]	296	33271
COV	[297-297]	297	33124
COV	[298-298]	298	32697
COV	[299-299]	299	32794
COV	[300-300]	300	32214
COV	[301-301]	301	31711
COV	[302-302]	302	31180
COV	[303-303]	303	30806
COV	[304-304]	304	30851
COV	[305-305]	305	30050
COV	[306-306]	306	30013
COV	[307-307]	307	29578
COV	[308-308]	308	28802
COV	[309-309]	309	28885
COV	[310-310]	310	28277
COV	[311-311]	311	27634
COV	[312-312]	312	27808
COV	[313-313]	313	27204
COV	[314-314]	314	26960
COV	[315-315]	315	26786
COV	[316-316]	316	26387
COV	[317-317]	317	25987
COV	[318-318]	318	25742
COV	[319-319]	319	25034
COV	[320-320]	320	25008
COV	[321-321]	321	25063
COV	[322-322]	322	24467
COV	[323-323]	323	23982
COV	[324-324]	324	23947
COV	[325-325]	325	23498
COV	[326-326]	326	23068
COV	[327-327]	327	22798
COV	[328-328]	328	22869
COV	[329-329]	329	22238
COV	[330-330]	330	22314
COV	[331-331]	331	22005
COV	[332-332]	332	21748
COV	[333-333]	333	21241
COV	[334-334]	334	20921
COV	[335-335]	335	20822
COV	[336-336]	336	20475
COV	[337-337]	337	20203
COV	[338-338]	338	19897
COV	[339-339]	339	19766
COV	[340-340]	340	19390
COV	[341-341]	341	19374
COV	[342-342]	342	19225
COV	[343-343]	343	18757
COV	[344-344]	344	18622
COV	[345-345]	345	18556
COV	[346-346]	346	18555
COV	[347-347]	347	17901
COV	[348-348]	348	17646
COV	[349-349]	349	17626
COV	[350-350]	350	17600
COV	[351-351]	351	17059
COV	[352-352]	352	17067
COV	[353-353]	353	16717
COV	[354-354]	354	16429
COV	[355-355]	355	16357
COV	[356-356]	356	16100
COV	[357-357]	357	16036
COV	[358-358]	358	15935
COV	[359-359]	359	15572
COV	[360-360]	360	15578
COV	[361-361]	361	15433
COV	[362-362]	362	15185
COV	[363-363]	363	14812
COV	[364-364]	364	14808
COV	[365-365]	365	14523
COV	[366-366]	366	14269
COV	[367-367]	367	14408
COV	[368-368]	368	13992
COV	[369-369]	369	14091
COV	[370-370]	370	13797
COV	[371-371]	371	13687
COV	[372-372]	372	13398
COV	[373-373]	373	13455
COV	[374-374]	374	13012
COV	[375-375]	375	13138
COV	[376-376]	376	12784
COV	[377-377]	377	12873
COV	[378-378]	378	12640
COV	[379-379]	379	12635
COV	[380-380]	380	12317
COV	[381-381]	381	12287
COV	[382-382]	382	12040
COV	[383-383]	383	11869
COV	[384-384]	384	11622
COV	[385-385]	385	11563
COV	[386-386]	386	11268
COV	[387-387]	387	11146
COV	[388-388]	388	11164
COV	[389-389]	389	11024
COV	[390-390]	390	10938
COV	[391-391]	391	10723
COV	[392-392]	392	10753
COV	[393-393]	393	10628
COV	[394-394]	394	10516
COV	[395-395]	395	10148
COV	[396-396]	396	10004
COV	[397-397]	397	9883
COV	[398-398]	398	9835
COV	[399-399]	399	9826
COV	[400-400]	400	9646
COV	[401-401]	401	9397
COV	[402-402]	402	9482
COV	[403-403]	403	9231
COV	[404-404]	404	9066
COV	[405-405]	405	9068
COV	[406-406]	406	8975
COV	[407-407]	407	8899
COV	[408-408]	408	8721
COV	[409-409]	409	8774
COV	[410-410]	410	8765
COV	[411-411]	411	8639
COV	[412-412]	412	8437
COV	[413-413]	413	8648
COV	[414-414]	414	8436
COV	[415-415]	415	8156
COV	[416-416]	416	8306
COV	[417-417]	417	7993
COV	[418-418]	418	8041
COV	[419-419]	419	7843
COV	[420-420]	420	7772
COV	[421-421]	421	7660
COV	[422-422]	422	7636
COV	[423-423]	423	7470
COV	[424-424]	424	7383
COV	[425-425]	425	7316
COV	[426-426]	426	7179
COV	[427-427]	427	7219
COV	[428-428]	428	7004
COV	[429-429]	429	7221
COV	[430-430]	430	6798
COV	[431-431]	431	6922
COV	[432-432]	432	6638
COV	[433-433]	433	6610
COV	[434-434]	434	6767
COV	[435-435]	435	6729
COV	[436-436]	436	6591
COV	[437-437]	437	6620
COV	[438-438]	438	6504
COV	[439-439]	439	6452
COV	[440-440]	440	6332
COV	[441-441]	441	6430
COV	[442-442]	442	6205
COV	[443-443]	443	6154
COV	[444-444]	444	6058
COV	[445-445]	445	5922
COV	[446-446]	446	6157
COV	[447-447]	447	5855
COV	[448-448]	448	5908
COV	[449-449]	449	5963
COV	[450-450]	450	5799
COV	[451-451]	451	5765
COV	[452-452]	452	5825
COV	[453-453]	453	5550
COV	[454-454]	454	5584
COV	[455-455]	455	5408
COV	[456-456]	456	5488
COV	[457-457]	457	5396
COV	[458-458]	458	5431
COV	[459-459]	459	5346
COV	[460-460]	460	5212
COV	[461-461]	461	5270
COV	[462-462]	462	5089
COV	[463-463]	463	4990
COV	[464-464]	464	5086
COV	[465-465]	465	4970
COV	[466-466]	466	5002
COV	[467-467]	467	4992
COV	[468-468]	468	4929
COV	[469-469]	469	4771
COV	[470-470]	470	4760
COV	[471-471]	471	4744
COV	[472-472]	472	4686
COV	[473-473]	473	4622
COV	[474-474]	474	4511
COV	[475-475]	475	4412
COV	[476-476]	476	4377
COV	[477-477]	477	4455
COV	[478-478]	478	4408
COV	[479-479]	479	4420
COV	[480-480]	480	4243
COV	[481-481]	481	4257
COV	[482-482]	482	4243
COV	[483-483]	483	4261
COV	[484-484]	484	4010
COV	[485-485]	485	4133
COV	[486-486]	486	4149
COV	[487-487]	487	4076
COV	[488-488]	488	4003
COV	[489-489]	489	3897
COV	[490-490]	490	3935
COV	[491-491]	491	3719
COV	[492-492]	492	3783
COV	[493-493]	493	3679
COV	[494-494]	494	3688
COV	[495-495]	495	3766
COV	[496-496]	496	3620
COV	[497-497]	497	3736
COV	[498-498]	498	3737
COV	[499-499]	499	3598
COV	[500-500]	500	3558
COV	[501-501]	501	3469
COV	[502-502]	502	3540
COV	[503-503]	503	3471
COV	[504-504]	504	3496
COV	[505-505]	505	3424
COV	[506-506]	506	3487
COV	[507-507]	507	3363
COV	[508-508]	508	3328
COV	[509-509]	509	3308
COV	[510-510]	510	3267
COV	[511-511]	511	3165
COV	[512-512]	512	3068
COV	[513-513]	513	3036
COV	[514-514]	514	3133
COV	[515-515]	515	3088
COV	[516-516]	516	3012
COV	[517-517]	517	3080
COV	[518-518]	518	3068
COV	[519-519]	519	2988
COV	[520-520]	520	2950
COV	[521-521]	521	3007
COV	[522-522]	522	2892
COV	[523-523]	523	2843
COV	[524-524]	524	2879
COV	[525-525]	525	2824
COV	[526-526]	526	2754
COV	[527-527]	527	2805
COV	[528-528]	528	2801
COV	[529-529]	529	2742
COV	[530-530]	530	2702
COV	[531-531]	531	2660
COV	[532-532]	532	2707
COV	[533-533]	533	2621
COV	[534-534]	534	2621
COV	[535-535]	535	2696
COV	[536-536]	536	2490
COV	[537-537]	537	2440
COV	[538-538]	538	2458
COV	[539-539]	539	2416
COV	[540-540]	540	2488
COV	[541-541]	541	2380
COV	[542-542]	542	2299
COV	[543-543]	543	2349
COV	[544-544]	544	2313
COV	[545-545]	545	2269
COV	[546-546]	546	2266
COV	[547-547]	547	2298
COV	[548-548]	548	2185
COV	[549-549]	549	2220
COV	[550-550]	550	2094
COV	[551-551]	551	2190
COV	[552-552]	552	2152
COV	[553-553]	553	2116
COV	[554-554]	554	2110
COV	[555-555]	555	2147
COV	[556-556]	556	2044
COV	[557-557]	557	2027
COV	[558-558]	558	2018
COV	[559-559]	559	1966
COV	[560-560]	560	2019
COV	[561-561]	561	1952
COV	[562-562]	562	1928
COV	[563-563]	563	1910
COV	[564-564]	564	1947
COV	[565-565]	565	1919
COV	[566-566]	566	1861
COV	[567-567]	567	1922
COV	[568-568]	568	1879
COV	[569-569]	569	1810
COV	[570-570]	570	1802
COV	[571-571]	571	1870
COV	[572-572]	572	1758
COV	[573-573]	573	1759
COV	[574-574]	574	1734
COV	[575-575]	575	1834
COV	[576-576]	576	1696
COV	[577-577]	577	1742
COV	[578-578]	578	1693
COV	[579-579]	579	1630
COV	[580-580]	580	1667
COV	[581-581]	581	1530
COV	[582-582]	582	1595
COV	[583-583]	583	1561
COV	[584-584]	584	1573
COV	[585-585]	585	1540
COV	[586-586]	586	1519
COV	[587-587]	587	1509
COV	[588-588]	588	1515
COV	[589-589]	589	1473
COV	[590-590]	590	1580
COV	[591-591]	591	1466
COV	[592-592]	592	1473
COV	[593-593]	593	1465
COV	[594-594]	594	1422
COV	[595-595]	595	1404
COV	[596-596]	596	1394
COV	[597-597]	597	1354
COV	[598-598]	598	1438
COV	[599-599]	599	1444
COV	[600-600]	600	1360
COV	[601-601]	601	1362
COV	[602-602]	602	1334
COV	[603-603]	603	1401
COV	[604-604]	604	1364
COV	[605-605]	605	1372
COV	[606-606]	606	1430
COV	[607-607]	607	1324
COV	[608-608]	608	1321
COV	[609-609]	609	1323
COV	[610-610]	610	1294
COV	[611-611]	611	1301
COV	[612-612]	612	1276
COV	[613-613]	613	1264
COV	[614-614]	614	1274
COV	[615-615]	615	1203
COV	[616-616]	616	1262
COV	[617-617]	617	1242
COV	[618-618]	618	1231
COV	[619-619]	619	1207
COV	[620-620]	620	1248
COV	[621-621]	621	1192
COV	[622-622]	622	1244
COV	[623-623]	623	1088
COV	[624-624]	624	1125
COV	[625-625]	625	1206
COV	[626-626]	626	1154
COV	[627-627]	627	1122
COV	[628-628]	628	1117
COV	[629-629]	629	1098
COV	[630-630]	630	1027
COV	[631-631]	631	1125
COV	[632-632]	632	1096
COV	[633-633]	633	1064
COV	[634-634]	634	1041
COV	[635-635]	635	1082
COV	[636-636]	636	1026
COV	[637-637]	637	1005
COV	[638-638]	638	982
COV	[639-639]	639	968
COV	[640-640]	640	967
COV	[641-641]	641	1028
COV	[642-642]	642	1027
COV	[643-643]	643	979
COV	[644-644]	644	977
COV	[645-645]	645	946
COV	[646-646]	646	937
COV	[647-647]	647	963
COV	[648-648]	648	873
COV	[649-649]	649	940
COV	[650-650]	650	906
COV	[651-651]	651	912
COV	[652-652]	652	893
COV	[653-653]	653	856
COV	[654-654]	654	909
COV	[655-655]	655	857
COV	[656-656]	656	902
COV	[657-657]	657	904
COV	[658-658]	658	860
COV	[659-659]	659	848
COV	[660-660]	660	836
COV	[661-661]	661	851
COV	[662-662]	662	848
COV	[663-663]	663	836
COV	[664-664]	664	838
COV	[665-665]	665	792
COV	[666-666]	666	826
COV	[667-667]	667	839
COV	[668-668]	668	784
COV	[669-669]	669	796
COV	[670-670]	670	772
COV	[671-671]	671	757
COV	[672-672]	672	783
COV	[673-673]	673	751
COV	[674-674]	674	768
COV	[675-675]	675	783
COV	[676-676]	676	737
COV	[677-677]	677	735
COV	[678-678]	678	734
COV	[679-679]	679	758
COV	[680-680]	680	739
COV	[681-681]	681	734
COV	[682-682]	682	773
COV	[683-683]	683	715
COV	[684-684]	684	703
COV	[685-685]	685	654
COV	[686-686]	686	709
COV	[687-687]	687	707
COV	[688-688]	688	698
COV	[689-689]	689	653
COV	[690-690]	690	703
COV	[691-691]	691	636
COV	[692-692]	692	610
COV	[693-693]	693	670
COV	[694-694]	694	618
COV	[695-695]	695	702
COV	[696-696]	696	656
COV	[697-697]	697	624
COV	[698-698]	698	594
COV	[699-699]	699	599
COV	[700-700]	700	559
COV	[701-701]	701	564
COV	[702-702]	702	596
COV	[703-703]	703	620
COV	[704-704]	704	596
COV	[705-705]	705	567
COV	[706-706]	706	539
COV	[707-707]	707	581
COV	[708-708]	708	569
COV	[709-709]	709	542
COV	[710-710]	710	483
COV	[711-711]	711	572
COV	[712-712]	712	533
COV	[713-713]	713	505
COV	[714-714]	714	550
COV	[715-715]	715	553
COV	[716-716]	716	533
COV	[717-717]	717	545
COV	[718-718]	718	539
COV	[719-719]	719	565
COV	[720-720]	720	547
COV	[721-721]	721	487
COV	[722-722]	722	472
COV	[723-723]	723	527
COV	[724-724]	724	498
COV	[725-725]	725	493
COV	[726-726]	726	483
COV	[727-727]	727	500
COV	[728-728]	728	496
COV	[729-729]	729	508
COV	[730-730]	730	484
COV	[731-731]	731	444
COV	[732-732]	732	473
COV	[733-733]	733	485
COV	[734-734]	734	451
COV	[735-735]	735	468
COV	[736-736]	736	477
COV	[737-737]	737	481
COV	[738-738]	738	462
COV	[739-739]	739	414
COV	[740-740]	740	456
COV	[741-741]	741	448
COV	[742-742]	742	431
COV	[743-743]	743	423
COV	[744-744]	744	445
COV	[745-745]	745	428
COV	[746-746]	746	421
COV	[747-747]	747	442
COV	[748-748]	748	380
COV	[749-749]	749	416
COV	[750-750]	750	380
COV	[751-751]	751	427
COV	[752-752]	752	387
COV	[753-753]	753	391
COV	[754-754]	754	392
COV	[755-755]	755	417
COV	[756-756]	756	402
COV	[757-757]	757	381
COV	[758-758]	758	373
COV	[759-759]	759	378
COV	[760-760]	760	392
COV	[761-761]	761	387
COV	[762-762]	762	421
COV	[763-763]	763	392
COV	[764-764]	764	373
COV	[765-765]	765	363
COV	[766-766]	766	394
COV	[767-767]	767	356
COV	[768-768]	768	400
COV	[769-769]	769	353
COV	[770-770]	770	368
COV	[771-771]	771	327
COV	[772-772]	772	378
COV	[773-773]	773	376
COV	[774-774]	774	366
COV	[775-775]	775	350
COV	[776-776]	776	356
COV	[777-777]	777	379
COV	[778-778]	778	352
COV	[779-779]	779	338
COV	[780-780]	780	334
COV	[781-781]	781	366
COV	[782-782]	782	359
COV	[783-783]	783	370
COV	[784-784]	784	357
COV	[785-785]	785	346
COV	[786-786]	786	364
COV	[787-787]	787	333
COV	[788-788]	788	293
COV	[789-789]	789	305
COV	[790-790]	790	305
COV	[791-791]	791	283
COV	[792-792]	792	276
COV	[793-793]	793	256
COV	[794-794]	794	289
COV	[795-795]	795	301
COV	[796-796]	796	263
COV	[797-797]	797	282
COV	[798-798]	798	267
COV	[799-799]	799	260
COV	[800-800]	800	270
COV	[801-801]	801	251
COV	[802-802]	802	278
COV	[803-803]	803	276
COV	[804-804]	804	252
COV	[805-805]	805	276
COV	[806-806]	806	212
COV	[807-807]	807	249
COV	[808-808]	808	233
COV	[809-809]	809	254
COV	[810-810]	810	268
COV	[811-811]	811	212
COV	[812-812]	812	240
COV	[813-813]	813	242
COV	[814-814]	814	244
COV	[815-815]	815	236
COV	[816-816]	816	232
COV	[817-817]	817	230
COV	[818-818]	818	222
COV	[819-819]	819	211
COV	[820-820]	820	208
COV	[821-821]	821	219
COV	[822-822]	822	221
COV	[823-823]	823	200
COV	[824-824]	824	201
COV	[825-825]	825	221
COV	[826-826]	826	196
COV	[827-827]	827	215
COV	[828-828]	828	220
COV	[829-829]	829	242
COV	[830-830]	830	205
COV	[831-831]	831	200
COV	[832-832]	832	232
COV	[833-833]	833	190
COV	[834-834]	834	200
COV	[835-835]	835	220
COV	[836-836]	836	221
COV	[837-837]	837	211
COV	[838-838]	838	204
COV	[839-839]	839	211
COV	[840-840]	840	200
COV	[841-841]	841	235
COV	[842-842]	842	203
COV	[843-843]	843	210
COV	[844-844]	844	196
COV	[845-845]	845	186
COV	[846-846]	846	197
COV	[847-847]	847	174
COV	[848-848]	848	210
COV	[849-849]	849	173
COV	[850-850]	850	185
COV	[851-851]	851	179
COV	[852-852]	852	182
COV	[853-853]	853	158
COV	[854-854]	854	161
COV	[855-855]	855	177
COV	[856-856]	856	158
COV	[857-857]	857	177
COV	[858-858]	858	201
COV	[859-859]	859	181
COV	[860-860]	860	192
COV	[861-861]	861	194
COV	[862-862]	862	158
COV	[863-863]	863	210
COV	[864-864]	864	181
COV	[865-865]	865	150
COV	[866-866]	866	170
COV	[867-867]	867	164
COV	[868-868]	868	161
COV	[869-869]	869	164
COV	[870-870]	870	150
COV	[871-871]	871	174
COV	[872-872]	872	171
COV	[873-873]	873	148
COV	[874-874]	874	156
COV	[875-875]	875	164
COV	[876-876]	876	153
COV	[877-877]	877	170
COV	[878-878]	878	161
COV	[879-879]	879	174
COV	[880-880]	880	150
COV	[881-881]	881	143
COV	[882-882]	882	166
COV	[883-883]	883	160
COV	[884-884]	884	163
COV	[885-885]	885	160
COV	[886-886]	886	136
COV	[887-887]	887	144
COV	[888-888]	888	174
COV	[889-889]	889	150
COV	[890-890]	890	157
COV	[891-891]	891	140
COV	[892-892]	892	166
COV	[893-893]	893	165
COV	[894-894]	894	158
COV	[895-895]	895	128
COV	[896-896]	896	135
COV	[897-897]	897	135
COV	[898-898]	898	135
COV	[899-899]	899	160
COV	[900-900]	900	137
COV	[901-901]	901	136
COV	[902-902]	902	133
COV	[903-903]	903	123
COV	[904-904]	904	144
COV	[905-905]	905	129
COV	[906-906]	906	134
COV	[907-907]	907	140
COV	[908-908]	908	130
COV	[909-909]	909	137
COV	[910-910]	910	114
COV	[911-911]	911	126
COV	[912-912]	912	121
COV	[913-913]	913	131
COV	[914-914]	914	121
COV	[915-915]	915	119
COV	[916-916]	916	136
COV	[917-917]	917	132
COV	[918-918]	918	108
COV	[919-919]	919	127
COV	[920-920]	920	134
COV	[921-921]	921	109
COV	[922-922]	922	96
COV	[923-923]	923	108
COV	[924-924]	924	124
COV	[925-925]	925	107
COV	[926-926]	926	107
COV	[927-927]	927	108
COV	[928-928]	928	104
COV	[929-929]	929	118
COV	[930-930]	930	101
COV	[931-931]	931	107
COV	[932-932]	932	108
COV	[933-933]	933	132
COV	[934-934]	934	120
COV	[935-935]	935	94
COV	[936-936]	936	110
COV	[937-937]	937	123
COV	[938-938]	938	96
COV	[939-939]	939	123
COV	[940-940]	940	103
COV	[941-941]	941	105
COV	[942-942]	942	120
COV	[943-943]	943	115
COV	[944-944]	944	111
COV	[945-945]	945	115
COV	[946-946]	946	116
COV	[947-947]	947	98
COV	[948-948]	948	97
COV	[949-949]	949	98
COV	[950-950]	950	92
COV	[951-951]	951	96
COV	[952-952]	952	94
COV	[953-953]	953	104
COV	[954-954]	954	68
COV	[955-955]	955	91
COV	[956-956]	956	89
COV	[957-957]	957	87
COV	[958-958]	958	98
COV	[959-959]	959	87
COV	[960-960]	960	90
COV	[961-961]	961	96
COV	[962-962]	962	87
COV	[963-963]	963	101
COV	[964-964]	964	92
COV	[965-965]	965	102
COV	[966-966]	966	101
COV	[967-967]	967	96
COV	[968-968]	968	82
COV	[969-969]	969	92
COV	[970-970]	970	92
COV	[971-971]	971	99
COV	[972-972]	972	85
COV	[973-973]	973	90
COV	[974-974]	974	92
COV	[975-975]	975	70
COV	[976-976]	976	82
COV	[977-977]	977	91
COV	[978-978]	978	87
COV	[979-979]	979	74
COV	[980-980]	980	72
COV	[981-981]	981	69
COV	[982-982]	982	68
COV	[983-983]	983	78
COV	[984-984]	984	87
COV	[985-985]	985	82
COV	[986-986]	986	78
COV	[987-987]	987	78
COV	[988-988]	988	92
COV	[989-989]	989	74
COV	[990-990]	990	83
COV	[991-991]	991	83
COV	[992-992]	992	78
COV	[993-993]	993	92
COV	[994-994]	994	80
COV	[995-995]	995	73
COV	[996-996]	996	74
COV	[997-997]	997	71
COV	[998-998]	998	67
COV	[999-999]	999	91
COV	[1000-1000]	1000	76
COV	[1000<]	1000	19466
# GC-depth. Use `grep ^GCD | cut -f 2-` to extract this part. The columns are: GC%, unique sequence percentiles, 10th, 25th, 50th, 75th and 90th depth percentile
GCD	0.0	0.005	0.000	0.003	0.004	0.006	0.009
GCD	2.2	0.005	0.022	0.022	0.022	0.022	0.022
GCD	12.0	0.006	1.984	1.984	1.984	1.984	1.984
GCD	13.0	0.007	0.027	0.027	0.027	0.027	0.027
GCD	21.0	0.007	0.787	0.787	0.787	0.787	0.787
GCD	22.0	0.010	0.013	0.047	1.619	9.328	11.407
GCD	23.0	0.011	0.013	0.013	0.360	0.706	0.706
GCD	24.0	0.015	0.013	0.013	0.214	0.509	0.756
GCD	25.0	0.019	0.234	0.371	0.837	1.835	2.604
GCD	26.0	0.021	0.063	0.063	0.121	0.621	0.621
GCD	27.0	0.024	0.013	0.085	0.549	4.660	7.291
GCD	28.0	0.034	0.028	0.090	1.601	2.766	6.081
GCD	29.0	0.063	0.824	1.682	2.793	5.434	11.240
GCD	30.0	0.127	0.132	1.592	3.342	5.285	10.436
GCD	31.0	0.273	0.193	1.909	4.199	8.234	12.917
GCD	32.0	0.559	0.202	1.849	4.336	8.537	13.162
GCD	33.0	1.140	0.216	1.574	4.878	9.676	15.470
GCD	34.0	2.194	0.189	0.270	3.439	9.154	15.885
GCD	35.0	3.933	0.175	0.256	0.976	7.665	15.175
GCD	36.0	6.693	0.175	0.252	0.346	4.795	12.849
GCD	37.0	10.788	0.166	0.252	0.342	2.361	10.557
GCD	38.0	16.424	0.157	0.261	0.351	0.522	8.583
GCD	39.0	23.234	0.157	0.279	0.373	0.508	6.952
GCD	40.0	30.576	0.207	0.310	0.418	0.567	6.012
GCD	41.0	38.129	0.247	0.355	0.468	0.639	6.619
GCD	42.0	45.467	0.279	0.391	0.522	0.706	6.466
GCD	43.0	52.314	0.319	0.441	0.580	0.796	7.130
GCD	44.0	58.509	0.360	0.504	0.657	0.900	7.296
GCD	45.0	64.051	0.400	0.558	0.738	1.062	8.287
GCD	46.0	68.979	0.441	0.621	0.814	1.196	8.027
GCD	47.0	73.215	0.481	0.693	0.913	1.628	8.928
GCD	48.0	76.780	0.540	0.760	1.021	2.456	10.532
GCD	49.0	80.021	0.598	0.873	1.147	2.954	11.245
GCD	50.0	82.772	0.647	0.939	1.273	3.711	12.935
GCD	51.0	85.249	0.702	1.053	1.417	4.388	13.031
GCD	52.0	87.430	0.792	1.174	1.588	5.303	15.491
GCD	53.0	89.304	0.810	1.232	1.725	6.367	16.119
GCD	54.0	90.990	0.891	1.349	1.966	7.494	17.459
GCD	55.0	92.571	1.006	1.466	2.249	8.587	19.186
GCD	56.0	94.002	1.062	1.583	3.059	10.467	21.390
GCD	57.0	95.265	1.205	1.726	3.704	11.849	23.773
GCD	58.0	96.467	1.284	1.880	4.529	12.612	23.651
GCD	59.0	97.474	1.439	2.065	5.040	13.873	23.339
GCD	60.0	98.312	1.412	2.141	5.303	13.237	22.742
GCD	61.0	98.934	1.528	2.357	5.771	13.161	23.272
GCD	62.0	99.369	1.556	2.464	5.420	12.891	22.387
GCD	63.0	99.662	1.640	2.538	5.375	12.339	20.723
GCD	64.0	99.834	1.805	2.831	6.945	11.546	21.293
GCD	65.0	99.934	1.779	2.855	6.981	12.046	21.611
GCD	66.0	99.980	1.475	2.964	6.536	10.910	16.463
GCD	67.0	99.993	0.189	1.013	4.192	6.380	12.042
GCD	68.0	99.997	0.135	1.801	3.756	7.975	8.213
GCD	69.0	100.000	3.144	3.185	3.387	3.439	3.450
