# This file was produced by samtools stats (1.23+htslib-1.23) and can be plotted using plot-bamstats
# This file contains statistics for all reads.
# The command line was:  stats data/AFR/ASW/NA20339/aligned/NA20339.bam
# CHK, Checksum	[2]Read Names	[3]Sequences	[4]Qualities
# CHK, CRC32 of reads which passed filtering followed by addition (32bit overflow)
CHK	a410a759	01b28d50	d2d49a64
# Summary Numbers. Use `grep ^SN | cut -f 2-` to extract this part.
SN	raw total sequences:	72332428	# excluding supplementary and secondary reads
SN	filtered sequences:	0
SN	sequences:	72332428
SN	is sorted:	1	# sorted by coordinate
SN	1st fragments:	36166214
SN	last fragments:	36166214
SN	reads mapped:	72226111
SN	reads mapped and paired:	72225660	# paired-end technology bit set + both mates mapped
SN	reads unmapped:	106317
SN	reads properly paired:	71943586	# proper-pair bit set
SN	reads paired:	72332428	# paired-end technology bit set
SN	reads duplicated:	0	# PCR or optical duplicate bit set
SN	reads MQ0:	7330778	# mapped and MQ=0
SN	reads QC failed:	0
SN	non-primary alignments:	0
SN	supplementary alignments:	14178
SN	total length:	7298768756	# ignores clipping
SN	total first fragment length:	3649384378	# ignores clipping
SN	total last fragment length:	3649384378	# ignores clipping
SN	bases mapped:	7288040535	# ignores clipping
SN	bases mapped (cigar):	7283647123	# more accurate
SN	bases trimmed:	0
SN	bases duplicated:	0
SN	mismatches:	17020926	# from NM fields
SN	error rate:	2.336869e-03	# mismatches / bases mapped (cigar)
SN	average length:	101
SN	average first fragment length:	101
SN	average last fragment length:	101
SN	maximum length:	101
SN	maximum first fragment length:	101
SN	maximum last fragment length:	101
SN	average quality:	36.8
SN	insert size average:	209.3
SN	insert size standard deviation:	71.2
SN	inward oriented pairs:	36072865
SN	outward oriented pairs:	5329
SN	pairs with other orientation:	5393
SN	pairs on different chromosomes:	29243
SN	percentage of properly paired reads (%):	99.5
# First Fragment Qualities. Use `grep ^FFQ | cut -f 2-` to extract this part.
# Columns correspond to qualities and rows to cycles. First column is the cycle number.
FFQ	1	0	0	54009	0	0	0	0	0	0	0	99259	0	0	0	0	0	103776	0	0	3358	0	0	16512	61378	0	63211	186157	271591	157736	0	1092582	9264032	0	2896966	21895647	0	0	0	0	0	0	0	0
FFQ	2	0	0	0	0	0	0	0	0	0	0	21647	0	0	0	0	0	141913	0	0	14054	0	0	14084	42544	0	91053	148864	282626	166325	0	902053	7247556	0	1268322	25825173	0	0	0	0	0	0	0	0
FFQ	3	0	0	0	0	0	0	0	0	0	0	19523	0	0	0	0	0	67241	0	0	2959	0	0	17638	40294	0	78748	143314	298196	197151	0	887026	6760022	0	1296935	26357167	0	0	0	0	0	0	0	0
FFQ	4	0	0	5138	0	0	0	0	0	0	0	11564	0	0	0	0	0	16698	0	0	30120	0	0	14226	0	0	39344	68771	4523	110284	2213	199961	5272	317130	540760	0	4994286	0	29805924	0	0	0	0	0
FFQ	5	0	0	0	0	0	0	0	0	0	0	25832	0	0	0	0	0	27411	0	0	39020	0	0	19787	0	0	58460	93241	5662	130994	2225	248820	6462	357842	613442	0	5210420	0	29326596	0	0	0	0	0
FFQ	6	0	0	0	0	0	0	24	0	3018	0	17778	6064	0	0	17	4120	4837	34459	11564	13127	0	1920	1481	22059	15	67326	85643	11334	88495	53073	244170	39405	403414	578189	67	4769365	517783	29187467	0	0	0	0	0
FFQ	7	0	0	0	0	0	9	60	0	3554	0	19866	6283	9	0	27	4438	5661	35559	12356	12181	12	2361	1759	22595	48	70031	87019	15342	87893	52868	248060	42794	412304	588778	166	4798275	518850	29117056	0	0	0	0	0
FFQ	8	0	0	0	0	0	23	71	3	4563	0	25059	7910	18	0	29	5404	6011	40848	13635	12994	60	2855	2017	23699	60	74986	90645	22180	86155	53845	258588	42746	424373	604511	151	4849635	526490	28986650	0	0	0	0	0
FFQ	9	0	0	0	0	0	24	34	11	3890	1	22375	7278	31	12	16	5533	5456	39967	15227	13042	138	2805	2126	22944	126	75221	32039	92696	77106	54788	259203	32769	376519	396614	281289	1423628	1618	2872166	2280781	27768741	0	0	0
FFQ	10	0	0	0	0	0	40	49	19	4538	2	23991	7571	66	11	34	5669	5737	40590	15626	13592	248	2923	2348	23632	181	74532	31841	110753	56943	56419	260422	31788	374256	402396	275736	1434081	1455	2864396	2371684	27672645	0	0	0
FFQ	11	0	0	0	0	0	48	51	22	3286	16	18733	5759	73	10	21	4851	5454	36796	15702	13155	240	3031	2278	23722	322	75378	32896	135337	33298	57075	265563	31869	380772	408629	275486	1452535	1412	2884980	2463692	27533722	0	0	0
FFQ	12	0	0	0	0	0	55	46	29	4009	51	22821	7112	88	11	28	5243	5854	37874	15346	13407	306	3249	2367	24967	501	75817	32794	152757	13440	58156	268081	30738	381221	414017	274438	1468918	1619	2921934	2594226	27334694	0	0	0
FFQ	13	0	0	0	0	0	67	63	54	4514	104	24516	7611	114	10	36	5592	6364	39077	16166	13905	323	3603	2655	26133	757	77268	34324	163450	10243	61566	276953	31581	392862	425994	275255	1502917	1749	2965868	2697498	27097022	0	0	0
FFQ	14	0	0	94	0	0	95	57	71	3834	169	20918	6294	147	23	39	1061	8732	37938	16475	14033	343	3683	2679	8788	19440	80186	35248	166139	10109	61874	125740	180498	289721	421602	320029	277916	942941	832142	2509409	1898015	6692159	21177573	0
FFQ	15	0	0	0	0	0	80	123	140	4679	258	25198	7537	134	29	91	1251	9691	39915	17259	14577	414	4081	2908	9576	21453	82262	36878	167261	10848	63923	129457	184966	293130	433315	324177	287715	962130	846033	2561297	1911905	6815328	20896195	0
FFQ	16	0	0	2	0	0	105	155	143	4964	343	25969	7889	200	73	162	1380	10136	41618	18295	15425	501	4226	3069	10246	22952	85655	38394	172915	11331	66281	134613	189950	300353	444687	331743	298584	977966	862028	2622739	1935703	6963309	20562110	0
FFQ	17	0	0	0	0	0	112	176	177	5814	532	28831	8746	215	118	196	1560	10591	43360	18563	15611	503	4607	3271	10979	24149	84521	38182	174246	11772	67740	137277	190617	300257	450574	335375	307770	986356	876041	2665495	1954813	7098911	20308156	0
FFQ	18	0	0	1	0	0	128	190	259	5082	661	24921	7440	256	144	271	1849	10984	40840	19315	16769	595	4871	3458	12210	26912	88807	40881	180921	12724	71553	144856	198769	309150	468788	344024	323350	1010730	892755	2750401	1960264	7256145	19934940	0
FFQ	19	0	0	0	0	0	145	248	297	6266	957	28227	8420	287	200	250	2129	10216	3624	56493	16899	597	5356	3740	13407	29309	88784	41321	179043	13351	72707	150541	200451	308023	288342	540240	335812	871727	913879	2301319	2325420	7534080	19814107	0
FFQ	20	0	0	0	0	0	163	303	388	6809	1263	28595	8175	336	248	296	2540	11367	4930	57294	17889	787	5947	4237	14632	32844	89658	42958	182895	14167	76002	156762	207876	313583	298461	552397	351234	895929	935358	2392801	2406163	7694644	19356283	0
FFQ	21	0	0	0	0	0	179	297	436	7076	1590	27552	7896	403	347	390	3034	12456	6279	55802	18843	841	6428	4588	16994	37851	91386	45474	187414	15115	80276	166874	214108	317960	309049	567082	370947	919249	959484	2474884	2490597	7833711	18913322	0
FFQ	22	0	0	0	0	0	129	290	409	6555	1685	23964	6570	361	395	370	3244	11948	7994	49596	15160	1016	5792	4118	16409	32010	83993	39939	173400	12867	61748	168624	190280	309100	280868	537497	352322	817401	954163	2156699	2711662	6794709	20332927	0
FFQ	23	0	0	0	0	0	135	340	492	6547	2204	22362	6073	447	410	421	3748	12946	9660	45922	15544	1083	6275	4329	18503	36718	80867	40510	170822	13636	63505	176283	190677	297831	283767	530759	366151	816129	938270	2146459	2683644	6665497	20507248	0
FFQ	24	0	0	1	0	0	166	421	591	7378	2928	22700	5797	454	472	446	4360	13645	11579	42310	15370	1182	6601	4474	20560	43053	79001	41441	166470	14162	65268	184886	191925	288374	289151	523361	385396	817934	931829	2186247	2521030	6251972	21023279	0
FFQ	25	0	0	1	0	0	143	452	760	8387	3957	23216	5490	554	543	496	4904	14951	13477	38249	15753	1349	7140	4748	22244	49559	74487	42418	161182	14555	66088	192866	193853	276329	292950	515936	402550	815078	922587	2196733	2490651	6332706	20958872	0
FFQ	26	0	0	1	0	0	255	701	1280	14731	8200	37323	8117	644	778	664	6498	18712	18357	38555	17452	1491	7830	5140	24380	57720	72820	43003	156299	15235	67520	203873	194715	269621	299037	517668	424472	821711	930254	2224141	2463932	6458391	20734693	0
FFQ	27	0	0	2	0	0	284	788	1454	15366	10009	34074	6380	785	1012	784	8135	22942	23849	36203	17996	1742	8612	5710	26404	67815	73386	45013	159551	16713	70439	221113	200268	266210	309869	523657	450019	830503	938327	2271331	2446695	6627010	20425764	0
FFQ	28	0	0	2	0	0	286	1023	1893	19426	14137	36796	5391	956	1158	1026	9774	27305	27183	31768	18429	2060	9822	6402	28446	76449	73482	46554	155465	17732	71076	241964	203295	259640	318163	531396	480022	838654	950598	2321138	2429919	6772374	20135010	0
FFQ	29	0	0	3	0	0	347	1092	2170	20079	16699	32234	3697	1107	1485	1219	11238	31064	28989	27747	18401	2348	10693	6752	29783	83487	75377	47502	149224	18600	71199	259674	207343	247203	325681	531131	510669	842037	960413	2378795	2403266	6923389	19884077	0
FFQ	30	0	0	4	0	0	321	1158	2421	20695	19136	27034	2157	1199	1574	1306	12486	32309	25962	23642	17904	2580	10674	7143	29832	87475	75978	48426	138043	19768	72405	273369	206777	230859	331896	524261	540894	838399	963424	2430661	2373372	7091985	19678685	0
FFQ	31	0	0	44530	0	0	344	1375	2872	22126	23126	22811	1199	1384	1798	1547	14411	36038	22863	22563	18847	3015	12142	8102	31380	92604	80496	50101	132410	21741	73918	294436	212586	216434	345012	529430	582176	838087	983702	2507887	2362545	7207499	19342677	0
FFQ	32	0	0	60051	0	0	403	1645	3490	25754	29304	20085	762	1609	2149	1870	16845	39761	19207	22702	20019	3286	13336	9088	32398	97847	88127	53319	126113	23545	76094	316062	219033	203279	360904	528045	624027	837677	997970	2587284	2337777	7265213	19099494	0
FFQ	33	0	0	11740	0	0	429	1729	3884	27208	33197	15447	867	3175	2706	2284	28961	75817	20619	23108	22213	3960	14696	9844	33710	100924	96486	55280	120640	25593	78636	340042	225438	191059	378801	530525	675292	836461	1013897	2664901	2298260	7343355	18853694	0
FFQ	34	0	0	10	0	0	481	1944	4298	25726	34462	9701	922	3270	2973	2552	30046	69619	12842	21713	19985	4760	15565	11130	35006	99165	115531	55546	110582	27535	78138	350553	225635	175785	389035	519628	718441	816431	1026173	2710906	2253576	7412184	18772449	0
FFQ	35	0	0	984	0	0	504	2473	5475	30600	44856	7311	776	2673	3260	2971	25343	49300	8135	24409	22021	5318	17287	12337	37667	107636	111767	60943	112340	30724	84581	376119	237939	172211	418473	528547	770232	806908	1039264	2775740	2188398	7460361	18577872	0
FFQ	36	0	0	14	0	0	503	2645	5964	28169	42895	3734	869	2833	3750	3485	27261	47169	5972	23098	20726	5855	17973	12790	37512	104877	108187	62697	104156	33947	82959	381037	238369	164576	434054	520509	834335	786889	1078714	2827427	2190126	7497275	18419904	0
FFQ	37	0	0	17	0	0	618	3013	6836	29591	46792	2043	968	3067	4276	4097	29072	44254	4466	24316	21731	6441	19979	14112	39075	108347	104156	66133	104289	37077	87238	375673	245869	165256	453242	511850	886221	772881	1091168	2870476	2186243	7559086	18232826	0
FFQ	38	0	0	15	0	0	716	3724	8635	33015	54327	1208	1095	3573	5110	4896	33277	43295	4258	26151	24047	7524	22030	15780	42192	116734	104262	70764	108981	42087	92078	386643	256301	170911	482782	512974	944518	767456	1108702	2904656	2176218	7576037	18005401	0
FFQ	39	0	0	18	0	0	761	4401	10295	35348	59459	852	1313	4293	6082	5773	38364	42625	4483	26709	24671	8242	21961	17291	47082	119823	103474	74352	108974	47348	94478	392910	262388	174762	507838	511279	1000409	756932	1137865	2822765	2308243	7609785	17768314	0
FFQ	40	0	0	19	0	0	935	5443	12360	39638	66468	835	1550	5204	7605	7036	46708	43145	5246	28073	26286	9592	23720	19576	51433	126184	103610	79989	113412	53614	98228	401482	273472	183743	542083	517106	1060959	757269	1176305	2873803	2340031	7656596	17402826	0
FFQ	41	0	0	22	0	0	996	5441	12734	34707	58692	944	1904	5898	8861	8140	50886	38380	5546	28053	26053	11110	24894	21744	55515	128540	101820	84607	112883	61040	100721	404784	280649	190600	569034	517405	1114431	758688	1211071	2910506	2376663	7707938	17129333	0
FFQ	42	0	0	27	0	0	1040	6211	14847	35726	60585	933	2042	6395	10039	9162	51986	32250	6280	28813	27127	12434	26098	23628	59845	131484	92993	90019	115228	68491	104866	404754	289502	198604	601754	521218	1167733	767345	1246760	2947926	2402956	7735911	16857894	0
FFQ	43	0	0	33	0	0	1120	6499	15470	34258	55959	1042	2180	6828	10890	9843	52767	26145	6651	28556	26084	13616	26836	25617	62374	131192	85124	93573	113777	75433	105669	395115	294024	204677	623338	521010	1209765	776889	1287065	2959896	2453235	7777548	16640514	0
FFQ	44	0	0	28	0	0	1260	7440	18070	35961	59289	1159	2494	7363	12332	11122	53514	21149	7558	29942	27574	15179	27894	28040	67117	134503	77657	99467	116467	83935	110494	387823	305114	215205	646988	531827	1254087	803276	1319445	2988080	2466613	7790063	16394788	0
FFQ	45	0	0	31	0	0	1348	8112	19837	36229	57962	1293	2766	7765	13774	12274	54872	17064	8342	28965	27957	21345	24434	29782	74650	136535	73053	105410	117804	94099	116112	383409	314956	224869	670979	546824	1300317	832644	1364305	3020108	2442496	7875299	16092058	0
FFQ	46	0	0	2484	0	0	1451	9052	22477	37800	58789	1452	3102	8352	15744	14229	55227	13894	9128	29802	29171	23546	25466	33052	81498	140303	66925	113028	120221	105633	121545	382093	327740	237601	697835	568778	1350901	871482	1412853	3060189	2495171	7868051	15743773	0
FFQ	47	0	0	827	0	0	1184	8625	21949	36716	56705	1707	3643	9599	18388	15408	58440	10741	8793	27845	26109	25651	24551	35218	84870	137366	62188	113412	109971	117050	111031	381370	318030	231353	700956	543886	1414972	829746	1452816	2821025	2725553	7421507	16190397	0
FFQ	48	0	0	3083	0	0	1407	10141	26133	41082	60856	1739	3829	10125	20884	17474	58666	8945	9659	29065	27365	25728	25117	36735	89629	137430	53288	117677	112061	123187	115790	359365	322941	236833	688075	562526	1469513	867559	1475648	2759630	2684266	7270174	16295748	0
FFQ	49	0	0	1965	0	0	1348	9488	24976	36011	49596	1852	4303	11452	22756	18571	57669	7336	9770	27533	25971	27350	24463	39061	84964	138590	45459	118774	111350	132102	116725	344879	324706	242313	684722	576563	1513598	920011	1521998	2421095	2949044	7170342	16340432	0
FFQ	50	0	0	1695	0	0	1456	10334	27633	38728	50584	1995	4410	11297	24219	19635	49918	6336	10378	29013	27122	28989	25405	41789	89761	138055	38240	126382	114535	142974	122333	331908	337067	252487	686447	611592	1597501	964701	1569424	2390641	2954814	7062983	16216151	0
FFQ	51	0	0	614	0	0	1542	10976	29299	40297	48679	2011	4771	11668	26219	21055	45720	5764	10907	29658	27510	30869	25337	44152	93985	134594	33317	131048	113978	154648	127256	319462	345208	260916	684550	644271	1690242	1005139	1628301	2359165	2997321	6972138	16046146	0
FFQ	52	0	0	63	0	0	1473	9923	27151	36214	38513	2051	5070	12114	28033	21271	41201	5594	10925	29673	26332	33033	25526	46999	97457	130266	29166	136405	112403	167193	130642	310085	355580	271898	689181	685790	1790784	1051820	1699628	2339522	3065562	6900667	15793319	0
FFQ	53	0	0	342	0	0	1771	11181	31106	41639	39801	2214	5223	11538	29309	21800	34183	5550	11693	32425	28147	35121	26457	50731	104255	127207	25794	146000	115323	182091	140024	300259	371524	288597	696459	737618	1905803	1113324	1770066	2337990	3118214	6823083	15434462	0
FFQ	54	0	0	93	0	0	1784	11425	31611	42492	35913	2499	5835	12266	32271	22838	30513	5611	12071	33058	27900	37838	27079	54332	108960	124500	23956	154107	114659	199600	146612	293578	388295	302899	704237	790779	2031103	1174500	1858014	2336386	3206728	6750169	15021602	0
FFQ	55	0	0	109	0	0	1862	11340	31712	42416	30268	2683	6123	11847	34498	23775	27122	5335	12451	34526	27529	39124	28886	58432	111700	88847	51779	161789	113072	214727	152871	285860	403071	318436	705277	851231	2164348	1240132	1868967	2389192	3298721	6658895	14648965	0
FFQ	56	0	0	126	0	0	2198	12609	35612	49082	30525	2930	6836	12053	36947	24014	23070	5682	13244	36356	28343	42013	29964	62205	116899	82807	52552	171448	112859	229731	160739	279961	420088	332554	711454	908053	2312951	1306741	1949016	2365468	3384328	6527563	14278681	0
FFQ	57	0	0	146	0	0	2354	13031	37397	52260	27139	3298	7566	12792	41668	25770	22034	6221	14049	39976	29826	45777	32053	68779	122995	79357	55539	183033	116487	246518	173048	275681	442962	353065	723303	972308	2473114	1390721	2035342	2365647	3450313	6422201	13793735	0
FFQ	58	0	0	168	0	0	2678	13279	39050	54646	23583	3618	8319	13152	44211	25091	18624	6062	14518	42058	29208	49281	33341	74878	127190	74165	57632	194576	115451	266663	181590	276971	463686	373977	738002	1044332	2648611	1468260	2135131	2355185	3555144	6293409	13291542	0
FFQ	59	0	0	199	0	0	2870	13901	41365	59195	20456	3942	9137	13321	47191	23867	16373	6177	15035	45027	29364	49124	33046	86686	121803	65924	56803	220580	115334	281138	192436	276662	485897	393485	751570	1115178	2837814	1557805	2231380	2337617	3613601	6139138	12846607	0
FFQ	60	0	0	230	0	0	3060	14202	43323	63473	17532	4379	9746	13542	50346	23637	14771	6290	15782	48080	29597	52770	34491	94362	123467	62248	60271	234769	116177	297047	205090	278369	511802	416570	768125	1193176	3041283	1650539	2334637	2325303	3734579	5989019	12274723	0
FFQ	61	0	0	293	0	0	3339	14494	45710	67461	14320	4600	10585	13585	52977	22614	13332	6444	16768	51521	29933	56877	35867	102101	123925	58481	63782	248418	115976	311130	217080	283301	535098	439931	784620	1270972	3261184	1749385	2441185	2303322	3842143	5817750	11726092	0
FFQ	62	0	0	2959	0	0	3613	15347	49035	72909	12038	5101	11454	13957	55635	21882	12565	6325	17138	53960	28763	59671	37821	107708	121105	54850	66034	261453	115594	321352	228161	289061	554645	461277	801388	1349592	3496937	1849191	2553078	2260765	3963707	5629648	11190645	0
FFQ	63	0	0	7152	0	0	3654	13871	47343	68832	8150	5644	12613	14238	57766	21022	12147	6485	17475	55809	27520	63706	38507	114540	119908	54009	69118	274248	115175	332423	239311	298966	580241	486046	824851	1436168	3753357	1958586	2673693	2230305	4070523	5429757	10612973	0
FFQ	64	0	0	12603	0	0	4216	14253	50478	71212	6094	5961	12766	13469	56987	18728	11554	6315	18268	59030	27065	67147	39751	120390	115193	51913	72920	287653	115872	337514	254043	309960	600895	511422	847039	1523146	4024238	2074881	2793078	2189120	4188638	5214061	10027976	0
FFQ	65	0	0	19046	0	0	4483	13888	52676	72513	4393	6477	13661	13588	57273	17247	10167	7781	19381	52480	36764	69588	41558	117554	120191	51201	77914	296917	100031	333785	292145	321614	622823	538134	871352	1614185	4322603	2197137	2915699	2149756	4274378	5008406	9416739	0
FFQ	66	0	0	26435	0	0	4514	13180	52075	68365	2682	6838	13721	12823	56169	15683	10239	7630	19396	53800	35241	72008	41676	119490	114097	50748	80169	304693	97911	330579	304203	335030	638964	559447	899888	1700794	4640836	2319070	3049330	2089544	4393498	4783422	8831031	0
FFQ	67	0	0	35417	0	0	4991	13475	55746	70829	1800	7324	14616	12486	55468	14300	10262	7828	20655	57404	35596	75048	42785	123974	110425	51388	84447	317518	98728	324772	321483	350815	654271	582594	928556	1787032	4978779	2446467	3181821	2010935	4482950	4515821	8266077	0
FFQ	68	0	0	45650	0	0	5313	13336	57563	69819	1050	8154	15553	12602	56076	13454	10763	8017	21428	60499	35646	79772	44495	130661	107858	53229	89816	332142	99247	323831	341202	371675	672412	609978	961882	1886021	5327643	2575309	3313918	1939233	4561635	4228045	7669603	0
FFQ	69	0	0	56921	0	0	5774	13604	62179	71496	636	8642	16545	12918	56906	12586	11671	8472	22917	64484	36058	84003	45989	136231	105169	55016	97352	348898	102800	321078	361859	395018	696155	639243	1004465	1995865	5686357	2712162	3450158	1867225	4609395	3950303	7027554	0
FFQ	70	0	0	69176	0	0	5939	12992	63874	67877	268	9206	17529	13095	56614	11812	12358	8589	23467	67250	35833	89381	47898	124889	89363	86003	101859	362316	104714	316157	384557	420279	717695	669066	1051766	2116144	6055287	2855437	3580337	1788845	4674206	3662602	6378963	0
FFQ	71	0	0	82952	0	0	6510	13171	68292	69037	151	10102	18480	13223	56336	11361	13434	9206	25156	72014	36102	94499	49141	127673	87309	91601	109745	380182	109079	309073	410840	447262	739827	700615	1106998	2244812	6430879	2991822	3707470	1703889	4703476	3371708	5729657	0
FFQ	72	0	0	97644	0	0	7097	13333	73876	69131	83	11301	20055	13452	57075	10681	14352	9176	26411	75282	37045	101287	51765	130319	87001	96615	117127	396896	113911	306672	435536	476707	766657	735983	1165963	2385707	6814980	3130187	3825180	1611386	4717214	3064167	5085208	0
FFQ	73	0	0	113432	0	0	7324	12102	71876	62090	38	12500	21271	14443	56540	10085	15226	9096	27393	78196	36343	105667	51904	129756	84775	101800	123568	408987	117490	294047	457876	500135	781128	764825	1223875	2516390	7235220	3266607	3953682	1509119	4713213	2761022	4502693	0
FFQ	74	0	0	130321	0	0	7907	12929	80242	64854	27	13132	21965	14174	53788	9419	16414	9695	28884	83227	36733	110997	53371	127915	84904	106514	132421	422146	124207	284194	482390	522784	798891	792671	1283142	2658405	7664535	3394945	4074000	1410807	4650853	2458048	3929013	0
FFQ	75	0	0	147711	0	0	8341	11574	77735	56448	25	14176	22770	14633	53917	8816	17396	9598	29318	83593	35866	115952	53521	123327	84117	109996	137176	384731	170745	271644	501974	544588	812927	817387	1349641	2798398	8127460	3522191	4191812	1308076	4576796	2171787	3383689	0
FFQ	76	0	0	166222	0	0	8050	10952	82159	58212	22	21019	32123	18207	75416	7848	23095	8221	36500	84398	46982	178418	77738	174097	128040	174930	196803	602197	284704	474860	827690	1083458	1534793	1698837	2228318	5105758	5899731	3967420	2671997	1357192	4526791	1494329	781064	0
FFQ	77	0	0	178362	0	0	8740	10483	82170	50915	23	18373	26829	15959	57572	6839	20900	8670	33479	82703	40781	147857	62727	134423	101664	140631	165207	470886	227331	311799	661921	774982	1125158	1244142	2086590	4544972	7308280	4052910	3382088	1170996	4726923	1836048	826736	0
FFQ	78	0	0	192071	0	0	8916	9854	82217	46542	16	17359	24271	14514	46828	6551	20747	9299	32586	84995	37797	136541	56330	111960	91983	129003	158997	418342	205801	246560	602220	651761	937518	1006093	1727122	3703946	8985527	4005067	4134220	1018624	4220040	1614288	1348775	0
FFQ	79	0	0	208178	0	0	9470	9529	84896	43676	10	17343	23412	14681	41574	6255	21026	9572	33059	88585	37405	134594	53619	100285	89760	128213	164040	398680	204993	214038	591514	611429	882502	935863	1616239	3479766	9981962	4055870	4398169	878311	3929218	1169831	1475657	0
FFQ	80	0	0	225973	0	0	9911	9180	89077	41126	16	18369	23701	14987	39098	6152	22158	9956	34331	92427	37881	138404	53437	93250	91998	131591	173512	394366	213022	195051	602546	606949	878111	926640	1615507	3518605	10658231	4124805	4471679	753911	3660836	885468	1278408	0
FFQ	81	0	0	245783	0	0	10095	8627	89147	36498	19	19004	23597	15139	35258	5707	23400	9972	34967	92847	38167	141651	52346	84602	94227	135891	181943	389685	220735	180248	616160	609233	884463	935446	1645324	3620365	11261741	4211931	4466181	643145	3377498	677673	1018880	0
FFQ	82	0	0	267475	0	0	10378	8237	91113	34402	20	20100	23600	15381	32459	5402	24173	10371	36380	95169	40281	147058	51210	77281	97172	139550	191527	387379	230792	167306	636103	616206	903315	955123	1692395	3765374	11814480	4275803	4393585	548881	3046839	509421	772207	0
FFQ	83	0	0	290888	0	0	10935	7765	95179	31959	11	20656	23210	15925	29237	5423	24912	10541	37017	98535	41569	149180	50598	70290	99987	144493	204189	380886	243238	154253	657142	623128	926915	979173	1749712	3946152	12327438	4322389	4265306	470503	2688038	374956	557887	0
FFQ	84	0	0	316087	0	0	13926	10920	122318	37009	34	22512	25123	17461	29197	5456	25672	11033	37984	99883	42749	150249	48279	61933	101386	146792	209662	360018	250168	138054	655953	613807	921136	980533	1759700	3973750	12927588	4440327	4142687	358836	2397449	259894	409007	0
FFQ	85	0	0	343698	0	0	12630	7546	105234	28297	117	26634	29575	19457	30796	5017	28312	11235	39969	102299	47048	162904	48848	58676	107515	154243	222816	357790	261285	127794	673776	613619	932759	987625	1782065	4072493	13498999	4474513	3955739	294454	2034649	175586	282771	0
FFQ	86	0	0	373537	0	0	12227	6112	96908	22969	78	25926	25666	17996	23853	4439	28665	11143	40753	100007	48868	164107	44994	49721	111933	159695	234403	350777	273583	118498	694903	620066	956728	1011290	1812452	4208716	14040933	4492299	3714408	236717	1677806	114136	184618	0
FFQ	87	0	0	406955	0	0	13213	5936	102235	21129	35	25633	23119	17720	19722	4392	30078	11512	42035	105438	51552	165440	42685	43394	114999	165314	248403	337918	287379	109189	714132	626954	983582	1044039	1858727	4388016	14501612	4462057	3419946	186487	1338427	71164	113464	0
FFQ	88	0	0	443917	0	0	13624	5541	103406	18658	32	26457	22444	17666	16845	4286	31372	11817	43135	106257	54510	169804	40733	38295	119975	171292	261496	327406	301679	101202	736410	634032	1007785	1072520	1904513	4574571	14925403	4403762	3097362	144124	1034528	42479	65573	0
FFQ	89	0	0	486069	0	0	13309	4684	99119	16003	25	26608	20921	17300	14278	3764	31793	11675	43717	103803	57021	170415	36921	32808	121159	174761	270159	310249	309065	93250	745480	631929	1018265	1091475	1930648	4690519	15435320	4349157	2774718	105940	782190	23592	36176	0
FFQ	90	0	0	534311	0	0	13575	4404	98379	14246	27	27208	20028	17167	11890	3455	32307	11820	44426	104940	59117	170397	33909	28113	124549	177432	282326	293412	319796	85754	754214	635057	1030689	1109553	1957283	4813951	15889189	4259455	2436016	76266	566201	12697	18757	0
FFQ	91	0	0	592980	0	0	13303	4000	98918	12647	16	27019	19413	17209	9994	3382	33340	12510	44839	107957	61835	173207	31322	24601	127274	182431	296676	277857	331578	79930	769331	640386	1048533	1134590	1991304	4955865	16258334	4124241	2089400	54339	392287	6449	9421	0
FFQ	92	0	0	662486	0	0	13536	3689	99614	11726	15	28194	18680	17000	8314	3268	34402	12907	46867	111664	66898	176311	29151	21852	133449	190098	316140	266949	348912	75693	792393	656254	1080905	1172927	2032834	5137731	16486081	3938538	1743878	36195	259645	3393	4711	0
FFQ	93	0	0	747305	0	0	13886	3376	102204	10388	10	28523	18002	16989	6681	3095	34983	13339	47831	113865	70453	175676	26014	19567	137070	196407	331879	251489	362663	71148	811423	669648	1102938	1204536	2067690	5276459	16719446	3748723	1430291	23287	164491	1910	2426	0
FFQ	94	0	0	846000	0	0	13591	2975	99805	9186	19	28412	17029	16517	5546	2831	35719	13591	48556	116799	73648	177172	23209	17803	141004	201472	348877	237244	375689	65850	829571	680879	1127846	1239051	2094532	5414920	16894150	3544300	1147724	14542	98404	1141	1351	0
FFQ	95	0	0	962985	0	0	12837	2534	95262	8137	14	28067	15656	5728	14625	2537	35496	13933	48879	116374	76459	174499	20274	15755	143296	205571	361014	220396	386713	61002	839813	689053	1142474	1257887	2119118	5505553	17087208	3342732	906676	8538	56926	693	782	0
FFQ	96	0	0	1104586	0	0	11663	2150	90821	7045	18	26749	14110	4829	13086	2033	35256	14177	49448	119063	79809	173173	17628	14263	146566	209023	377630	204610	398681	57371	854265	701762	1168203	1289691	2139525	5622641	17153887	3120618	700869	4813	30740	455	464	0
FFQ	97	0	0	1274233	0	0	8442	1380	68585	5153	5	22588	10922	3664	10586	1619	33042	13097	46750	111918	79654	162382	13931	12696	145263	208373	379314	183128	402730	51550	852600	710346	1182026	1307877	2164775	5711249	17278649	2918896	538428	2586	16128	331	325	0
FFQ	98	0	0	1494188	0	0	4545	803	44034	3079	5	14918	6735	2167	7113	1035	30424	12926	43454	108338	76668	148754	10756	11870	142071	204732	383114	162504	406722	46435	853033	722020	1204690	1333883	2186624	5810326	17303558	2705420	408768	1353	8380	244	209	0
FFQ	99	0	0	1783462	0	0	660	120	10082	567	3	3756	1649	546	2207	380	26428	12136	38133	99062	68384	127734	7635	10911	133223	196230	366985	136464	401812	40417	832470	731654	1219818	1356287	2210246	5901247	17324533	2509420	313535	802	4385	150	144	0
FFQ	100	0	0	2227414	0	0	0	0	0	4	0	0	1	1	75	11	28751	12568	38818	103503	70656	128113	6462	10311	130802	193369	370030	125740	396569	37217	831847	782836	1322262	1465996	2312001	6341903	16497997	2180079	219879	453	2612	131	83	0
FFQ	101	0	0	3505343	0	0	0	0	0	0	0	0	0	0	0	0	154904	128637	212582	1001982	387769	611842	38487	91922	554602	761381	1923439	585482	1409126	168290	2769742	1711907	2952915	2834546	2093700	7139199	4336019	380862	44714	127	485	20	4	0
# Last Fragment Qualities. Use `grep ^LFQ | cut -f 2-` to extract this part.
# Columns correspond to qualities and rows to cycles. First column is the cycle number.
LFQ	1	0	0	0	0	0	0	0	0	0	0	91916	0	0	0	0	0	144795	0	0	2164	0	0	11803	137584	0	154920	311033	330536	320428	0	1327077	9357467	0	4839762	19136729	0	0	0	0	0	0	0	0
LFQ	2	0	0	0	0	0	0	0	0	0	0	107158	0	0	0	0	0	164172	0	0	1434	0	0	21502	126831	0	149926	303245	393350	275902	0	1119909	7812073	0	2450101	23240611	0	0	0	0	0	0	0	0
LFQ	3	0	0	0	0	0	0	0	0	0	0	95906	0	0	0	0	0	169837	0	0	1763	0	0	28438	121159	0	158968	294624	425693	281363	0	1074102	7335849	0	2188354	23990158	0	0	0	0	0	0	0	0
LFQ	4	0	0	0	0	0	0	0	0	0	0	101259	0	0	0	0	0	51235	0	0	115808	0	0	26255	0	0	117345	135310	6096	232667	0	344582	5576	501705	814840	0	5220422	0	28493114	0	0	0	0	0
LFQ	5	0	0	0	0	0	0	0	0	0	0	102952	0	0	0	0	0	53990	0	0	117292	0	0	27924	0	0	120980	140336	6511	244913	0	352843	6266	526758	842120	0	5384973	0	28238356	0	0	0	0	0
LFQ	6	0	0	6	0	0	0	63	0	11104	0	68256	21324	0	0	23	11149	10106	94357	23047	23590	0	3247	2349	35763	49	123582	128195	15914	165190	68768	341454	58015	552339	761416	18	4729575	664290	28253025	0	0	0	0	0
LFQ	7	0	0	360	0	0	38	133	0	13155	0	74430	22261	21	0	46	11620	11600	94946	25090	22623	22	3971	2881	38682	72	129164	134001	22959	160247	70556	353508	61593	561376	761590	49	4774307	652288	28162625	0	0	0	0	0
LFQ	8	0	0	1519	0	0	83	171	15	17763	0	97712	29750	31	2	55	14736	12998	112977	27470	24732	76	4870	3295	40384	59	134621	137247	35341	155563	71598	358164	60883	567511	770945	49	4798050	659574	28027970	0	0	0	0	0
LFQ	9	0	0	9265	0	0	146	155	33	17641	1	98396	30761	56	4	46	16395	12751	122192	31357	26840	162	4954	3485	41372	147	138339	50324	149181	145467	77600	363631	48501	526201	490746	377328	1579030	0	3073973	2429421	26300313	0	0	0
LFQ	10	0	0	6890	0	0	168	153	98	16100	7	90642	27714	134	12	64	16103	12188	124259	31428	26669	311	4827	3517	40286	237	138325	49797	187540	107152	76332	365442	48554	529851	493134	386645	1595635	16	3090342	2453957	26241685	0	0	0
LFQ	11	0	0	5681	0	0	203	179	126	17481	103	96614	29524	162	39	67	16493	12680	123930	31264	26095	376	5134	3674	41549	461	138727	50074	233432	58812	75693	366346	48166	531970	492940	384613	1596690	107	3101897	2483888	26191024	0	0	0
LFQ	12	0	0	14476	0	0	262	172	195	19514	230	103768	32469	232	38	96	17797	13261	128654	31945	26641	411	5385	3753	40915	819	138853	49551	273495	20792	76376	367254	46976	532805	494626	385192	1606754	391	3118578	2521744	26091794	0	0	0
LFQ	13	0	0	15233	0	0	291	226	280	19104	351	102159	31515	270	65	112	18504	13395	134954	34622	27983	445	5655	3917	43761	1317	142505	51725	290610	13609	79559	376571	47481	541528	504541	389781	1631969	640	3141356	2570146	25930034	0	0	0
LFQ	14	0	0	1473	0	0	304	240	424	16014	548	86492	25913	298	100	100	2101	20865	138385	35251	26003	491	5383	3661	16018	26923	138072	49769	285291	12830	76597	178644	224843	419867	493065	441972	305734	1005114	906274	2712792	2101411	6102925	20304027	0
LFQ	15	0	0	0	0	0	320	355	475	16239	837	85017	25498	351	122	198	2432	20951	128107	32846	25170	584	5700	3953	16359	28241	134293	50020	278830	13102	76172	177468	223097	411420	491464	437055	310112	1004851	917452	2729119	2119518	6166887	20231599	0
LFQ	16	0	0	0	0	0	359	466	644	20294	1476	108466	34380	407	207	337	2807	24868	118016	40362	34889	728	6845	4751	18551	36750	142920	55048	285755	14200	83955	182503	233456	414550	509200	435987	320863	1011217	913739	2761917	2127889	6287125	19930287	0
LFQ	17	0	0	0	0	0	354	476	704	18386	1766	92435	28609	439	298	362	3170	23516	110737	34867	29235	763	6744	4537	19034	35316	138919	53460	278728	14462	81692	187627	231222	420792	510752	453345	326825	1027781	929875	2781015	2132195	6351708	19834068	0
LFQ	18	0	0	0	0	0	359	444	754	16958	2176	80980	23868	498	367	434	3557	22677	110013	30850	25047	884	6596	4560	19608	34354	132270	51639	269213	14600	78466	189323	226729	406395	504390	439933	333893	1016719	939535	2804705	2166647	6403488	19803285	0
LFQ	19	0	0	0	0	0	344	516	797	15177	2568	68140	19803	569	461	399	3978	18029	9638	121011	22717	947	6405	4488	19815	33740	124639	49844	253920	14311	74796	187987	219863	391426	313797	602556	338009	852619	904883	2244222	2484890	6612323	20146587	0
LFQ	20	0	0	0	0	0	384	599	975	17589	3488	73949	21410	618	538	556	4724	20141	11508	114341	25163	1063	7177	4957	22822	40950	128772	52799	250293	15697	81245	197899	228977	377984	325509	599925	354545	865565	892211	2292778	2466214	6655645	20007204	0
LFQ	21	0	0	0	0	0	404	761	1233	22381	5461	86853	24979	711	751	651	5842	23904	16223	119064	25652	1125	7921	5430	24343	45222	124074	52272	247013	16126	79972	201247	227300	374313	324750	600040	364324	863680	904394	2303737	2528741	6685842	19849478	0
LFQ	22	0	0	0	0	0	413	764	1337	19368	5810	68742	19205	790	870	704	6811	25104	20627	108294	25183	1288	8350	5737	25880	48933	119317	52629	248019	16556	81328	209003	225505	374669	326871	605405	375949	867122	922440	2336424	2595923	6753142	19661702	0
LFQ	23	0	0	0	0	0	382	804	1512	19827	7241	64555	17047	856	943	787	7601	26007	22290	91008	24962	1414	8959	6118	28438	55803	113386	53392	234545	17565	82402	217080	227252	363358	331067	612740	392417	871923	936673	2378852	2665806	6830697	19450505	0
LFQ	24	0	0	0	0	0	449	943	1821	21932	9426	63643	15915	964	1127	928	8625	28483	26389	82694	25742	1633	10006	6567	31626	65163	111325	55276	229014	18325	85004	230890	233044	351359	340460	607556	411606	885460	944183	2459636	2530565	6404945	19863490	0
LFQ	25	0	0	0	0	0	460	1216	2279	26337	13078	68309	15988	1115	1361	1023	10600	33112	32218	76475	27451	1879	11372	7141	34784	76555	108732	57996	228238	19874	88953	248492	238873	349009	352127	620525	435354	900749	960167	2527628	2543689	6604252	19438803	0
LFQ	26	0	0	0	0	0	536	1379	2702	28828	16963	66988	14357	1340	1638	1296	12885	37938	38947	70240	28991	2154	12404	8041	38308	89733	108327	61021	228467	21546	92596	269234	247131	343532	363771	630527	462528	918350	979996	2601151	2552908	6814372	18995089	0
LFQ	27	0	0	2	0	0	594	1532	3097	32395	21480	63714	11547	1606	1930	1525	15137	42738	43535	61731	29912	2501	13545	8724	41068	103135	107511	62842	224087	23011	94736	294507	253229	340188	376430	646361	491351	932701	1007545	2691816	2574751	7051836	18491864	0
LFQ	28	0	0	3	0	0	608	1954	3918	39007	29418	66709	9737	1745	2289	1777	18187	49321	46698	54611	31368	2906	15525	9746	44060	118671	107990	66254	218682	25275	98101	319212	261364	325719	392067	652474	524216	946209	1022711	2779598	2568913	7272906	18036265	0
LFQ	29	0	0	7	0	0	693	2145	4505	41774	35355	60275	6496	2016	2741	2158	20992	55848	48310	48177	31872	3313	17085	10680	45222	128494	111362	67806	210553	26777	100634	344667	265793	310349	405194	656859	559368	954356	1041576	2875056	2557995	7502267	17607444	0
LFQ	30	0	0	12	0	0	768	2638	5486	49756	46586	58962	4320	2458	3119	2520	25042	62714	46188	43815	33221	3767	18076	11918	48606	138535	114637	70654	200823	29180	102625	371759	273332	294777	422401	660514	597387	963264	1060037	2976323	2532491	7694544	17192959	0
LFQ	31	0	0	14	0	0	880	3144	6395	51137	53564	47582	2253	2809	3716	3027	29540	71302	42460	41943	34986	4535	20109	13071	50509	148786	127822	74972	195694	31885	108159	409614	284078	281840	445409	674152	645160	980489	1089526	3116780	2513418	7859824	16695630	0
LFQ	32	0	0	17	0	0	940	3619	7869	58037	67563	41337	1400	3206	4229	3600	32952	76177	34996	41699	35769	5129	22671	14903	52336	155709	135081	78218	184595	35235	111918	436058	294485	263617	467636	680371	694968	988500	1121477	3238661	2505693	8017389	16247514	0
LFQ	33	0	0	14	0	0	870	3461	7478	53074	65732	27284	1184	3700	5152	3954	38428	85587	29567	34156	30211	5974	21957	15329	51516	142111	155391	73732	155837	34798	89225	471680	269212	225280	448462	630171	717026	861437	1110066	2952804	2689632	7137224	17516162	0
LFQ	34	0	0	16	0	0	876	3586	7930	47120	62996	16035	1167	4020	5427	4364	40684	82153	19766	32962	28713	6518	23006	15886	51639	139705	155869	74001	141736	36708	90464	478912	271107	203649	460168	610518	755454	831316	1094093	2946071	2539446	7035942	17844275	0
LFQ	35	0	0	17	0	0	941	3860	8534	45411	64801	9504	1234	4299	5651	4784	41009	74272	12553	32443	28501	7169	23603	16742	51123	139683	149809	76608	131557	39626	92541	476476	270933	188701	474243	590660	800125	809077	1097132	2972765	2444850	7036216	17936302	0
LFQ	36	0	0	22	0	0	884	4235	9466	44527	67118	5392	1246	4284	5985	5222	41790	67047	8504	33336	28970	7453	24853	17641	51485	139560	139504	78628	127245	42467	96944	456736	273434	181470	487955	564873	837661	783137	1080315	2979521	2357527	7091659	18015159	0
LFQ	37	0	0	23	0	0	946	4903	11115	47600	74450	3199	1515	4840	6916	6215	46711	66322	6871	33769	30033	8458	26431	19256	53449	140840	137923	81913	123942	46755	97819	462022	278130	177139	507399	554184	888872	762052	1088117	2986457	2303214	7064166	18008829	0
LFQ	38	0	0	24	0	0	1021	5350	12389	45823	74090	1743	1590	5542	7733	7147	51262	61699	6297	34580	30507	9621	28498	21130	56172	144525	135864	86399	125677	52444	101407	464650	284846	181482	533482	548246	936859	749931	1101441	3000584	2279078	7069257	17903983	0
LFQ	39	0	0	28	0	0	1001	5914	13827	44467	71868	1288	1782	5963	8873	8046	54126	55179	6450	34687	30853	10756	28379	22487	61550	147471	128879	90388	125768	58065	104520	463278	291141	184495	559677	541001	990636	737474	1125343	2905336	2395784	7076287	17768895	0
LFQ	40	0	0	34	0	0	1123	6609	15732	45426	74298	1199	1995	6615	10281	9414	57676	48715	6933	35150	31696	11970	29648	24794	64679	149389	120369	94965	125846	64571	107246	456577	296293	191178	585299	535225	1038589	729787	1150145	2924980	2405442	7103239	17598457	0
LFQ	41	0	0	1324	0	0	1247	7166	17234	43731	69833	1291	2223	7196	11241	10405	60630	42491	7733	35549	32149	13351	30523	27092	68928	151351	114138	100044	128190	72245	110403	454519	303793	197487	611769	531118	1086314	729404	1179571	2948865	2430630	7149677	17370378	0
LFQ	42	0	0	42	0	0	1343	7988	19498	44539	71508	1376	2455	7971	12977	12050	63876	36093	8671	37319	34024	15191	32533	29822	74405	156975	105126	106419	131442	81135	115480	449821	315015	207534	641569	532045	1131760	739969	1207845	2970453	2442989	7173934	17137714	0
LFQ	43	0	0	47	0	0	1449	9070	22258	45879	72843	1444	2724	8786	14684	13779	66140	30498	9478	38423	34714	16739	34021	32978	81002	160897	97952	112931	133242	91254	120198	450547	323949	216672	671621	537731	1176151	757481	1244955	3002746	2465514	7168201	16891614	0
LFQ	44	0	0	46	0	0	1611	9963	24103	46023	71861	1613	3032	9770	16832	15349	68288	25557	10463	39333	35721	18974	35565	36053	87350	165186	90900	120597	136366	102790	126166	442505	337614	227212	698839	547474	1220399	783800	1280297	3024507	2481907	7199083	16617168	0
LFQ	45	0	0	52	0	0	1796	11276	27626	48838	74783	1825	3505	10276	19313	17257	70056	20920	11422	38031	36528	26740	31687	39127	94897	168316	86173	128305	136673	114744	129239	438988	347039	236005	724083	558680	1265158	806403	1322180	3040721	2459209	7251056	16361152	0
LFQ	46	0	0	67	0	0	2126	13374	33423	55560	82041	1912	4246	11951	22603	19857	75785	18501	12890	40676	39040	30079	33658	43630	104840	175740	79872	138328	140815	129668	137421	438430	362748	249979	750434	582397	1311808	844747	1364281	3063059	2493886	7225335	16024631	0
LFQ	47	0	0	77	0	0	2350	14780	36661	56217	79018	2287	5138	13660	26884	22745	80149	15526	14169	42950	40461	34135	34816	49243	115716	180937	74998	148303	143612	146714	143153	442573	380183	263128	780244	610327	1366866	880726	1416364	3086412	2540060	7188798	15679218	0
LFQ	48	0	0	87	0	0	2464	15815	39137	56899	75641	2537	5647	14531	30170	24797	76924	12713	15312	43640	41159	37430	36070	53802	124580	182076	66069	158983	144827	163892	149962	436431	392804	276327	801158	642243	1419828	920047	1469360	3098046	2605066	7163727	15359172	0
LFQ	49	0	0	92	0	0	2679	16804	42086	57937	70694	2844	6332	15694	34142	27044	72836	11115	16438	45978	42114	41923	37370	59367	123753	192622	58252	171140	152096	183757	158088	432684	413847	294058	820910	680776	1448702	1005110	1532811	2797692	2987991	7123715	14977645	0
LFQ	50	0	0	99	0	0	3086	17866	44636	59174	67490	3057	6945	16584	36505	28666	65886	9663	17122	47607	42568	45736	38129	63564	130962	189994	50450	181004	152429	202066	164010	422608	429963	309078	830619	722637	1515463	1048258	1588530	2800178	3048141	7081752	14676407	0
LFQ	51	0	0	99	0	0	2955	17486	45823	60066	61919	4715	10124	22513	58310	39703	86987	8112	16183	45888	35171	68067	46813	95105	182984	252512	72245	242471	160558	374588	188312	755288	623370	464898	1563111	1192243	1724571	1418384	3449091	5006595	7710976	6823015	3227482	0
LFQ	52	0	0	101	0	0	3597	19908	51186	65463	61070	4480	10037	21039	53725	36900	64761	8105	17614	48201	39199	62800	44082	86694	169689	203502	47188	227893	153300	305144	178738	528448	549424	419065	1146505	1062060	1615461	1311860	2248158	4095579	7015111	9859391	4323049	0
LFQ	53	0	0	118	0	0	3953	21372	54786	69471	56808	4502	10225	20729	52946	35568	52632	8385	18593	51709	41336	63048	43327	86109	164923	185060	37870	225714	151153	288740	184115	435437	514689	389125	949840	965874	1705722	1268283	1858969	3328159	4447912	9119415	9241707	0
LFQ	54	0	0	133	0	0	4242	21913	57184	73395	52391	4711	10986	21004	54810	36103	46691	8607	19382	54424	42265	65529	42666	88296	163576	173198	34297	228349	149472	289840	192276	393833	508411	384452	879734	959366	1819625	1276038	1824586	2966356	3666453	7514211	12029308	0
LFQ	55	0	0	138	0	0	4422	20304	54641	69904	42576	4773	11101	19285	55401	35700	39223	8464	20048	55909	40675	66107	45147	90990	163033	122421	73204	233949	146718	299304	200660	369120	513705	390503	850701	996360	1937054	1313136	1819100	2839461	3482912	6949482	12772287	0
LFQ	56	0	0	141	0	0	3440	16605	46977	61593	33215	5114	11789	18596	56506	32862	33192	7054	17840	49956	33673	67015	43096	91226	157304	109342	63759	226682	128213	308567	179926	343642	486045	373014	795304	945396	2120546	1283479	1892084	2384854	3640530	6097312	13991813	0
LFQ	57	0	0	156	0	0	3666	16702	48193	63981	28612	4913	11487	17733	56131	31376	27220	7274	18069	51199	34095	65983	42505	92901	153603	96079	64246	228499	125429	306583	187300	317395	485873	374419	756064	969678	2317129	1337079	1949734	2296118	3568750	5725814	14275517	0
LFQ	58	0	0	661	0	0	3977	18066	52051	69954	26383	5194	12235	17626	58164	30770	23480	7526	18627	53413	33780	67714	43391	95705	153034	87174	66012	235430	124186	311506	194672	304266	495262	384033	739492	1006613	2512748	1401790	2025903	2219393	3571388	5477471	14208192	0
LFQ	59	0	0	1265	0	0	3960	16844	51184	68481	20921	5610	13106	17710	61726	28758	21041	7318	18989	55931	32770	66376	42201	109328	144124	76541	64196	260286	121699	322321	203502	296933	507218	397782	733666	1052437	2714215	1474935	2115125	2155941	3586943	5269109	14016556	0
LFQ	60	0	0	1229	0	0	4202	17113	53101	71946	17420	5831	13654	17722	62036	26948	17876	7462	19793	58889	32839	68228	42863	113686	139876	69105	67159	270890	121602	327264	213324	290677	518475	411892	730003	1106945	2931541	1556859	2208732	2103593	3664617	5086011	13685404	0
LFQ	61	0	0	239	0	0	4666	17278	56605	75292	14483	6163	14332	17525	63717	25832	16042	7317	20432	62127	32403	71722	44071	119822	137977	65171	70849	281538	121091	335513	225750	290329	536622	427978	735214	1165952	3160427	1644977	2313489	2057297	3757317	4911394	13247643	0
LFQ	62	0	0	3195	0	0	4774	17192	57538	77062	11186	6687	15105	16828	64725	23965	14841	7653	20993	65575	31727	74899	45517	126851	136002	62475	74253	294958	121029	342315	237773	295971	555441	449553	743826	1229478	3400939	1739773	2430590	2007938	3872321	4727098	12748318	0
LFQ	63	0	0	8076	0	0	5417	17591	61451	80578	8974	7286	16246	17042	67888	23169	14715	7667	22274	70159	31162	79224	47867	135844	133739	60233	78493	310873	121685	351328	251929	304857	578153	470925	756212	1296978	3659270	1843586	2546434	1963539	3990684	4529185	12185399	0
LFQ	64	0	0	14951	0	0	5827	18287	65696	85396	6628	7984	17503	16943	70300	21701	14633	7924	23253	74438	30811	84658	49681	144003	131111	59968	83309	326296	122358	357668	265887	315518	598038	494859	773480	1372152	3927024	1949579	2676368	1912459	4112941	4329962	11586255	0
LFQ	65	0	0	23665	0	0	6568	18677	70599	88965	4861	8893	18918	17354	72314	20668	13459	9643	24729	66941	43599	90766	51735	141984	139434	60138	88859	340904	105754	363539	306171	331841	622333	520863	793385	1452766	4207558	2069879	2804346	1865867	4234010	4132719	10920824	0
LFQ	66	0	0	34327	0	0	7117	19488	76405	93578	3434	9809	20227	17189	74893	19758	14046	9976	26094	70462	44049	96106	54174	148828	136601	61305	94445	356074	106721	364011	323897	348452	643488	544474	817248	1532184	4509031	2187184	2939648	1802794	4349001	3928369	10270332	0
LFQ	67	0	0	46789	0	0	7807	19547	80148	93517	2203	10984	22213	18101	77671	18718	14668	10345	27318	73412	43764	101544	56297	156261	134548	62596	99799	372285	107421	362495	342399	367216	661447	568174	841282	1614149	4830564	2313629	3076499	1728665	4473759	3694602	9622047	0
LFQ	68	0	0	60914	0	0	8073	18704	81556	89714	1246	11735	23615	17716	76641	16816	15473	10289	27824	75467	43320	106010	57393	159693	129642	63454	104094	383208	107640	357468	358385	387073	677655	590280	866983	1692551	5177393	2442625	3224559	1647918	4589080	3464557	8987766	0
LFQ	69	0	0	76870	0	0	8723	18493	85852	89044	689	12541	24665	17516	75820	15668	16276	10303	29301	79347	43024	111624	58153	163237	125729	65789	111022	397134	110105	349593	378895	407317	695188	615680	899525	1785743	5533541	2581752	3376506	1571769	4681580	3230797	8299293	0
LFQ	70	0	0	94655	0	0	9658	18817	92651	89740	354	13900	26250	17824	75401	14793	17248	10920	30704	84073	44341	117273	60076	150388	107055	102560	118583	411479	113606	340263	400890	430481	711446	640188	934673	1879074	5902505	2715428	3524176	1497092	4760830	2991358	7602890	0
LFQ	71	0	0	114624	0	0	9920	17809	92465	83374	188	15450	27689	18245	74830	13613	18700	10736	31854	86654	43502	125393	61374	151415	105397	107652	124743	426454	116803	334613	423243	455063	730122	670687	977722	1986008	6277659	2864711	3665389	1414941	4837522	2752135	6884385	0
LFQ	72	0	0	136363	0	0	10738	17367	97401	81410	85	16192	28264	17917	70803	12450	19871	11051	33312	90504	43542	128969	61921	148775	101459	112011	132772	438261	121805	319368	444496	476751	744490	694899	1017496	2091630	6690085	3010910	3814732	1325891	4881160	2511567	6195744	0
LFQ	73	0	0	159683	0	0	10812	16018	95891	73784	74	16867	27907	17536	66344	11182	20520	10980	33864	91593	42988	132714	60525	143382	99084	116277	138565	440735	125326	301906	463384	496849	755157	714834	1065019	2197004	7131104	3157153	3970212	1235503	4905970	2269816	5535172	0
LFQ	74	0	0	185171	0	0	11277	15156	97205	68646	51	16945	27358	17103	60524	10303	21614	11225	34887	94636	42564	133890	60125	136164	96916	120762	145983	445405	131259	282417	482398	511518	764332	735577	1112495	2313798	7590405	3296662	4126078	1150645	4884964	2033225	4881181	0
LFQ	75	0	0	214112	0	0	12093	15239	105505	69135	52	18306	27968	17569	58386	9897	22882	11908	37114	101308	43879	141490	60846	133477	98232	127221	157194	410827	186992	269759	509630	533114	784597	761038	1161676	2441563	8023871	3439862	4249170	1064997	4817159	1790018	4221766	0
LFQ	76	0	0	243291	0	0	12474	14043	105459	62274	52	19634	29429	18395	56093	8889	24130	11494	37700	100097	43657	146924	61002	128115	99645	131525	163448	411764	194650	256095	528481	549440	796970	783977	1210233	2561106	8499658	3583242	4371434	963240	4744493	1550299	3625739	0
LFQ	77	0	0	274282	0	0	13371	13932	111316	60026	41	20984	30289	18324	53405	8566	25598	11785	39207	104794	44916	152607	60380	120898	100701	136523	173763	413865	204612	239506	550932	564423	811960	804674	1255273	2686452	8985848	3719224	4469642	869299	4609093	1316533	3070025	0
LFQ	78	0	0	302896	0	0	13982	13433	114114	57166	53	22967	32098	19648	50424	8132	26985	12251	40077	107094	45898	158123	60536	114827	103812	142091	183433	415943	214164	223637	571856	575799	828381	822837	1300899	2807435	9495191	3850206	4554349	775819	4426605	1097391	2554729	0
LFQ	79	0	0	336836	0	0	14788	13023	121028	54611	64	24222	31461	19458	49211	7857	28472	12893	42847	111571	47699	166246	60484	109226	107418	147870	193630	418570	226492	211053	594970	591090	845966	846850	1345352	2941018	9996186	3974625	4597758	688261	4191357	900732	2072029	0
LFQ	80	0	0	372600	0	0	15618	12361	123213	50724	55	25628	31174	19643	46174	7273	29990	12812	43826	114215	48934	170418	60140	100976	110631	154256	204937	417477	238880	196907	618037	603386	867946	867964	1392921	3083304	10504609	4091689	4613544	602347	3919324	720331	1646406	0
LFQ	81	0	0	410979	0	0	16325	12365	131281	48566	70	27348	31928	20958	44007	7152	31685	13164	46267	119499	51402	178508	60314	94526	115648	161443	219737	421569	251122	184268	643929	614105	891882	894697	1433096	3224306	11006017	4193056	4580686	522475	3602120	560636	1270459	0
LFQ	82	0	0	451264	0	0	17305	11462	133155	44624	68	29414	33046	21544	41168	6710	33404	13512	47468	120964	54225	186381	59751	88298	119394	167760	232786	420140	263113	172203	669255	622863	916903	917898	1477300	3372789	11512640	4283676	4506188	447143	3259925	425953	952256	0
LFQ	83	0	0	493549	0	0	17821	10915	138590	41248	61	30804	32440	21920	37294	6562	35178	13823	49711	124206	57075	191244	58793	80024	124285	174884	247130	416722	277540	159661	691771	632110	942853	944245	1521665	3535598	12004435	4353855	4386914	378818	2892069	313776	690026	0
LFQ	84	0	0	538098	0	0	18577	10271	141253	37830	61	32474	32549	22445	33867	6296	36731	14240	50968	126829	60326	198966	57094	72796	129530	181332	260224	409758	290170	147832	714003	639842	967493	970302	1559697	3690114	12501302	4414092	4222913	314814	2511783	222638	485062	0
LFQ	85	0	0	585383	0	0	19202	9865	144670	34667	71	34044	32563	22597	31323	5927	38694	14412	53021	130168	63594	204277	56299	65191	133827	187320	275161	402258	304392	136046	735118	645307	992505	994755	1596094	3839449	13004736	4446289	4012042	255970	2130673	153186	327687	0
LFQ	86	0	0	635700	0	0	20378	9376	148389	31393	65	35966	32463	23221	28089	5605	40128	14928	54457	132866	66550	208489	53476	57664	138923	193843	289618	392471	318122	125740	755103	647494	1014862	1015564	1628717	3983324	13502900	4464714	3764317	205765	1759026	100077	212147	0
LFQ	87	0	0	689830	0	0	20542	8693	152135	28735	72	38240	32806	24066	25528	5476	41747	15268	56748	135204	71390	214837	51611	51502	144185	201056	307586	383006	331421	116184	777745	655064	1039467	1045885	1664214	4145143	13944607	4445597	3474295	162369	1409365	62814	129599	0
LFQ	88	0	0	748608	0	0	21544	8108	154166	25988	85	39058	32059	24337	22275	5057	43139	15682	57668	137074	75441	218711	48886	45720	149673	206241	322970	369781	345318	107214	797066	661185	1064544	1068637	1693266	4288050	14397692	4404790	3162398	123490	1095786	37271	75933	0
LFQ	89	0	0	812947	0	0	21280	7196	148259	22807	75	40306	30978	24063	18964	4657	44135	15657	58730	136469	78920	220479	45420	38909	153119	212281	335342	351921	357119	99304	810621	662550	1081218	1094851	1716422	4414963	14862119	4348127	2833028	91205	826710	20934	42200	0
LFQ	90	0	0	882992	0	0	21999	6722	150524	20407	77	40771	29421	24283	16440	4395	44949	16360	60069	139190	82676	220340	41906	34315	156322	216965	351470	333737	371545	91486	826700	666216	1099088	1114536	1742338	4547660	15276400	4250757	2492050	66454	597599	11136	22021	0
LFQ	91	0	0	961448	0	0	21387	5849	145809	18085	81	41531	28518	23734	13731	4052	45838	16216	61050	138576	86293	221323	37950	29471	161059	221913	364503	314871	383065	84420	840468	672020	1119373	1140359	1770137	4686115	15648830	4125820	2144329	46596	417131	5846	10921	0
LFQ	92	0	0	1052356	0	0	21432	5532	145713	15967	98	40797	26515	23367	11142	3761	46120	16735	60830	142130	89099	218236	33419	25352	163429	227633	379703	293061	395670	78269	854636	680572	1135795	1167872	1802249	4822820	15967366	3970748	1807913	31577	276808	3060	5518	0
LFQ	93	0	0	1154789	0	0	20702	4528	138542	14323	96	41642	25775	22836	9063	3531	47121	17100	62091	141831	93811	218260	30072	22471	167395	232336	395579	275987	409503	71823	869501	688358	1155873	1193304	1819474	4947486	16242845	3794927	1491475	20363	176651	1671	2976	0
LFQ	94	0	0	1273048	0	0	19559	3875	128491	12461	83	39822	22732	21129	6916	3033	46672	16800	61181	139267	95830	213802	25575	19754	169592	235859	407358	253904	419613	66286	878109	695626	1172337	1216456	1845879	5055104	16501989	3609722	1207259	12548	106508	1054	1722	0
LFQ	95	0	0	1407173	0	0	18350	3277	120367	10632	66	37602	20166	6917	18039	2758	45978	16521	60364	137120	97484	206179	21575	17191	169413	236373	417230	230077	425898	60135	880959	699684	1184223	1237526	1860779	5159452	16732587	3416111	956341	7515	61795	637	1002	0
LFQ	96	0	0	1566678	0	0	15865	2405	105659	9008	63	34732	17733	5771	15984	2287	44420	16541	58605	135421	98273	196805	18059	15519	169221	236649	423178	207860	433426	54569	884765	709592	1198947	1253809	1883068	5245846	16913130	3203778	745084	4144	33741	422	664	0
LFQ	97	0	0	1760838	0	0	11958	1756	85436	6741	39	29060	13192	4091	12816	1782	42033	15772	56475	131234	97037	185816	14307	13972	168362	234686	429086	186369	439443	49550	887146	716566	1216288	1275658	1900490	5334985	17029653	2987899	573745	2288	17903	275	474	0
LFQ	98	0	0	1997079	0	0	7064	954	58262	4253	19	20293	8421	2506	9058	1237	39102	16126	52045	128263	93735	169789	10924	13485	165090	231464	430582	164112	442399	44576	882169	727311	1231082	1294633	1921789	5417734	17098440	2773346	437554	1220	9257	196	329	0
LFQ	99	0	0	2287400	0	0	1696	252	19490	1188	7	7323	3020	829	3564	519	35104	16180	48368	126217	88590	154348	8446	12846	160452	228612	432341	145951	446530	39830	886655	738412	1250069	1315933	1938728	5499738	17071970	2562532	334491	732	4962	150	202	0
LFQ	100	0	0	2614419	0	0	0	0	5	6	0	3	2	0	196	30	34255	16584	43283	122340	80615	134193	6011	12444	146911	212588	400974	118375	427099	34268	841490	744598	1262325	1334146	1959979	5572978	17077889	2374790	262056	422	2960	118	142	0
LFQ	101	0	0	3275499	0	0	0	0	0	0	0	0	0	0	0	0	106346	82278	131847	592204	252027	367928	19161	61448	389307	539205	1274480	337842	1061756	110085	2063721	1452933	2534910	2498810	2348855	7888079	7583249	749087	77972	234	702	44	19	0
# GC Content of first fragments. Use `grep ^GCF | cut -f 2-` to extract this part.
GCF	1.76	0
GCF	4.02	1
GCF	5.03	3
GCF	6.03	1
GCF	7.04	5
GCF	8.54	15
GCF	10.05	28
GCF	10.80	48
GCF	11.31	49
GCF	12.06	89
GCF	12.81	254
GCF	13.32	255
GCF	13.82	475
GCF	14.32	479
GCF	14.82	1039
GCF	15.33	1047
GCF	15.83	2233
GCF	16.33	2234
GCF	16.83	4407
GCF	17.34	4415
GCF	17.84	8608
GCF	18.34	8638
GCF	18.84	15230
GCF	19.35	15279
GCF	19.85	26134
GCF	20.35	26200
GCF	20.85	41336
GCF	21.36	41428
GCF	21.86	63239
GCF	22.36	63389
GCF	22.86	92650
GCF	23.37	92861
GCF	23.87	130681
GCF	24.37	130931
GCF	24.87	176871
GCF	25.38	177181
GCF	25.88	235145
GCF	26.38	235588
GCF	26.88	302059
GCF	27.39	302474
GCF	27.89	376633
GCF	28.39	377153
GCF	28.89	457167
GCF	29.40	457780
GCF	29.90	536900
GCF	30.40	537545
GCF	30.90	621715
GCF	31.41	622275
GCF	31.91	709239
GCF	32.41	710022
GCF	32.91	795420
GCF	33.42	875856
GCF	33.92	876432
GCF	34.42	949002
GCF	34.92	949632
GCF	35.43	1017019
GCF	35.93	1017420
GCF	36.43	1082710
GCF	36.93	1083275
GCF	37.44	1136940
GCF	37.94	1136993
GCF	38.44	1181398
GCF	38.94	1181807
GCF	39.45	1210816
GCF	39.95	1210778
GCF	40.45	1226562
GCF	40.95	1226602
GCF	41.46	1225364
GCF	41.96	1225210
GCF	42.46	1222257
GCF	42.96	1222103
GCF	43.47	1202961
GCF	43.97	1202532
GCF	44.47	1178563
GCF	44.97	1178270
GCF	45.48	1144202
GCF	45.98	1143800
GCF	46.48	1107695
GCF	46.98	1107384
GCF	47.49	1075002
GCF	47.99	1074814
GCF	48.49	1040873
GCF	48.99	1040398
GCF	49.50	1010686
GCF	50.00	1010416
GCF	50.50	978816
GCF	51.01	978631
GCF	51.51	945479
GCF	52.01	945263
GCF	52.51	915841
GCF	53.02	915563
GCF	53.52	888859
GCF	54.02	888783
GCF	54.52	863839
GCF	55.03	863737
GCF	55.53	841423
GCF	56.03	841309
GCF	56.53	811180
GCF	57.04	810927
GCF	57.54	782729
GCF	58.04	782669
GCF	58.54	751819
GCF	59.05	751616
GCF	59.55	713700
GCF	60.05	713494
GCF	60.55	669618
GCF	61.06	669228
GCF	61.56	615051
GCF	62.06	614733
GCF	62.56	561547
GCF	63.07	561310
GCF	63.57	500992
GCF	64.07	500622
GCF	64.57	440200
GCF	65.08	439907
GCF	65.58	376217
GCF	66.08	375787
GCF	66.58	309436
GCF	67.09	246446
GCF	67.59	246137
GCF	68.09	186791
GCF	68.59	186521
GCF	69.10	131949
GCF	69.60	131754
GCF	70.10	86923
GCF	70.60	86686
GCF	71.11	53283
GCF	71.61	53150
GCF	72.11	29607
GCF	72.61	29446
GCF	73.12	14652
GCF	73.62	14534
GCF	74.12	6610
GCF	74.62	6558
GCF	75.13	2927
GCF	75.63	2899
GCF	76.13	1229
GCF	76.63	1211
GCF	77.14	576
GCF	77.64	560
GCF	78.14	275
GCF	78.64	272
GCF	79.15	143
GCF	79.65	144
GCF	80.15	77
GCF	80.65	74
GCF	81.41	44
GCF	82.41	26
GCF	83.42	11
GCF	84.42	3
GCF	85.43	1
GCF	86.43	2
# GC Content of last fragments. Use `grep ^GCL | cut -f 2-` to extract this part.
GCL	0.25	6
GCL	1.01	9
GCL	2.51	11
GCL	4.02	10
GCL	5.03	19
GCL	6.03	18
GCL	7.04	15
GCL	8.04	33
GCL	9.05	29
GCL	10.05	51
GCL	11.06	103
GCL	12.06	157
GCL	12.81	306
GCL	13.32	307
GCL	13.82	593
GCL	14.32	598
GCL	14.82	1263
GCL	15.33	1270
GCL	16.08	2461
GCL	16.83	4655
GCL	17.34	4666
GCL	17.84	9125
GCL	18.34	9154
GCL	18.84	15973
GCL	19.35	16029
GCL	19.85	27217
GCL	20.35	27277
GCL	20.85	42827
GCL	21.36	42916
GCL	21.86	65736
GCL	22.36	65882
GCL	22.86	95808
GCL	23.37	96033
GCL	23.87	134436
GCL	24.37	134682
GCL	24.87	181306
GCL	25.38	181618
GCL	25.88	240462
GCL	26.38	240893
GCL	26.88	307936
GCL	27.39	308347
GCL	27.89	385394
GCL	28.39	385947
GCL	28.89	464442
GCL	29.40	465001
GCL	29.90	544572
GCL	30.40	545234
GCL	30.90	629886
GCL	31.41	630483
GCL	31.91	718539
GCL	32.41	719339
GCL	32.91	806468
GCL	33.42	884899
GCL	33.92	885486
GCL	34.42	956664
GCL	34.92	957296
GCL	35.43	1024022
GCL	35.93	1024468
GCL	36.43	1088960
GCL	36.93	1089473
GCL	37.44	1143101
GCL	37.94	1143165
GCL	38.44	1184399
GCL	38.94	1184753
GCL	39.45	1210576
GCL	39.95	1210568
GCL	40.45	1228484
GCL	40.95	1228479
GCL	41.46	1225387
GCL	41.96	1225260
GCL	42.46	1218386
GCL	42.96	1218212
GCL	43.47	1198110
GCL	43.97	1197758
GCL	44.47	1171185
GCL	44.97	1170911
GCL	45.48	1138241
GCL	45.98	1137826
GCL	46.48	1100777
GCL	46.98	1100484
GCL	47.49	1071086
GCL	47.99	1070825
GCL	48.49	1038590
GCL	48.99	1038208
GCL	49.50	1004023
GCL	50.00	1003700
GCL	50.50	973289
GCL	51.01	973153
GCL	51.51	940397
GCL	52.01	940221
GCL	52.51	909899
GCL	53.02	909625
GCL	53.52	886160
GCL	54.02	886056
GCL	54.52	859663
GCL	55.03	859579
GCL	55.53	833350
GCL	56.03	833183
GCL	56.53	805193
GCL	57.04	804912
GCL	57.54	777761
GCL	58.04	777693
GCL	58.54	747026
GCL	59.05	746846
GCL	59.55	711062
GCL	60.05	710789
GCL	60.55	663893
GCL	61.06	663519
GCL	61.56	610763
GCL	62.06	610393
GCL	62.56	556350
GCL	63.07	556125
GCL	63.57	497567
GCL	64.07	497236
GCL	64.57	434993
GCL	65.08	434740
GCL	65.58	372024
GCL	66.08	371559
GCL	66.58	308084
GCL	67.09	245651
GCL	67.59	245315
GCL	68.09	185397
GCL	68.59	185152
GCL	69.10	130747
GCL	69.60	130578
GCL	70.10	87100
GCL	70.60	86858
GCL	71.11	52856
GCL	71.61	52728
GCL	72.11	29730
GCL	72.61	29580
GCL	73.12	15166
GCL	73.62	15055
GCL	74.12	6994
GCL	74.62	6932
GCL	75.13	3160
GCL	75.63	3122
GCL	76.13	1398
GCL	76.63	1380
GCL	77.14	688
GCL	77.64	677
GCL	78.14	341
GCL	78.64	337
GCL	79.15	188
GCL	79.65	187
GCL	80.15	82
GCL	80.65	79
GCL	81.16	35
GCL	81.66	34
GCL	82.41	24
GCL	83.42	10
GCL	84.42	4
GCL	85.43	5
GCL	86.43	2
GCL	87.44	4
GCL	88.44	2
GCL	89.45	3
GCL	90.45	2
GCL	91.46	1
GCL	92.96	3
GCL	94.97	1
GCL	96.48	2
GCL	97.49	4
# ACGT content per cycle. Use `grep ^GCC | cut -f 2-` to extract this part. The columns are: cycle; A,C,G,T base counts as a percentage of all A/C/G/T bases [%]; and N and O counts as a percentage of all A/C/G/T bases [%]
GCC	1	29.43	20.53	20.01	30.03	0.07	0.00
GCC	2	27.81	21.87	21.74	28.57	0.00	0.00
GCC	3	26.80	22.79	22.70	27.72	0.00	0.00
GCC	4	26.53	23.11	23.05	27.30	0.01	0.00
GCC	5	27.69	21.96	21.91	28.44	0.00	0.00
GCC	6	26.37	23.29	23.26	27.08	0.00	0.00
GCC	7	27.09	22.55	22.53	27.83	0.00	0.00
GCC	8	27.22	22.39	22.40	27.99	0.00	0.00
GCC	9	27.18	22.40	22.42	28.00	0.01	0.00
GCC	10	26.82	22.77	22.78	27.63	0.01	0.00
GCC	11	26.91	22.68	22.68	27.73	0.01	0.00
GCC	12	26.85	22.71	22.71	27.72	0.02	0.00
GCC	13	27.01	22.56	22.53	27.90	0.02	0.00
GCC	14	27.00	22.55	22.53	27.92	0.00	0.00
GCC	15	26.89	22.64	22.63	27.83	0.00	0.00
GCC	16	26.92	22.63	22.59	27.86	0.00	0.00
GCC	17	26.88	22.64	22.63	27.85	0.00	0.00
GCC	18	26.77	22.76	22.73	27.74	0.00	0.00
GCC	19	26.80	22.72	22.69	27.79	0.00	0.00
GCC	20	26.79	22.72	22.69	27.80	0.00	0.00
GCC	21	26.69	22.80	22.78	27.73	0.00	0.00
GCC	22	26.72	22.76	22.74	27.77	0.00	0.00
GCC	23	26.75	22.74	22.70	27.82	0.00	0.00
GCC	24	26.62	22.84	22.82	27.72	0.00	0.00
GCC	25	26.67	22.79	22.75	27.80	0.00	0.00
GCC	26	26.67	22.78	22.75	27.80	0.00	0.00
GCC	27	26.59	22.85	22.83	27.74	0.00	0.00
GCC	28	26.61	22.82	22.79	27.77	0.00	0.00
GCC	29	26.63	22.80	22.77	27.81	0.00	0.00
GCC	30	26.53	22.88	22.85	27.74	0.00	0.00
GCC	31	26.56	22.85	22.81	27.78	0.06	0.00
GCC	32	26.56	22.83	22.80	27.81	0.08	0.00
GCC	33	26.48	22.91	22.89	27.73	0.02	0.00
GCC	34	26.52	22.86	22.83	27.79	0.00	0.00
GCC	35	26.50	22.86	22.83	27.81	0.00	0.00
GCC	36	26.42	22.92	22.90	27.75	0.00	0.00
GCC	37	26.47	22.88	22.86	27.80	0.00	0.00
GCC	38	26.47	22.88	22.85	27.80	0.00	0.00
GCC	39	26.39	22.94	22.92	27.74	0.00	0.00
GCC	40	26.42	22.91	22.88	27.80	0.00	0.00
GCC	41	26.43	22.90	22.87	27.80	0.00	0.00
GCC	42	26.35	22.95	22.95	27.75	0.00	0.00
GCC	43	26.39	22.91	22.89	27.80	0.00	0.00
GCC	44	26.39	22.90	22.87	27.83	0.00	0.00
GCC	45	26.32	22.96	22.95	27.77	0.00	0.00
GCC	46	26.35	22.93	22.91	27.81	0.00	0.00
GCC	47	26.37	22.91	22.90	27.82	0.00	0.00
GCC	48	26.30	22.98	22.96	27.77	0.00	0.00
GCC	49	26.33	22.94	22.92	27.81	0.00	0.00
GCC	50	26.34	22.91	22.91	27.84	0.00	0.00
GCC	51	26.27	22.96	22.97	27.79	0.00	0.00
GCC	52	26.31	22.94	22.92	27.82	0.00	0.00
GCC	53	26.32	22.92	22.92	27.84	0.00	0.00
GCC	54	26.25	22.98	22.98	27.78	0.00	0.00
GCC	55	26.30	22.94	22.93	27.83	0.00	0.00
GCC	56	26.30	22.93	22.93	27.84	0.00	0.00
GCC	57	26.24	22.98	22.98	27.79	0.00	0.00
GCC	58	26.27	22.95	22.96	27.82	0.00	0.00
GCC	59	26.29	22.93	22.93	27.84	0.00	0.00
GCC	60	26.23	22.99	22.99	27.79	0.00	0.00
GCC	61	26.26	22.96	22.95	27.83	0.00	0.00
GCC	62	26.27	22.94	22.95	27.84	0.00	0.00
GCC	63	26.21	23.00	23.01	27.79	0.00	0.00
GCC	64	26.26	22.96	22.96	27.83	0.00	0.00
GCC	65	26.26	22.95	22.95	27.84	0.00	0.00
GCC	66	26.21	23.01	23.01	27.78	0.00	0.00
GCC	67	26.23	22.98	22.98	27.81	0.00	0.00
GCC	68	26.25	22.96	22.98	27.81	0.00	0.00
GCC	69	26.20	23.01	23.02	27.77	0.00	0.00
GCC	70	26.23	22.99	22.98	27.80	0.00	0.00
GCC	71	26.23	22.98	22.99	27.81	0.00	0.00
GCC	72	26.19	23.02	23.03	27.76	0.00	0.00
GCC	73	26.22	22.99	23.00	27.79	0.00	0.00
GCC	74	26.24	22.98	22.99	27.80	0.00	0.00
GCC	75	26.19	23.02	23.03	27.75	0.00	0.00
GCC	76	26.23	22.99	22.99	27.79	0.00	0.00
GCC	77	26.24	22.98	22.99	27.79	0.01	0.00
GCC	78	26.20	23.02	23.04	27.75	0.00	0.00
GCC	79	26.22	23.01	23.01	27.76	0.00	0.00
GCC	80	26.24	22.98	22.99	27.78	0.00	0.00
GCC	81	26.19	23.04	23.04	27.73	0.00	0.00
GCC	82	26.23	23.02	23.01	27.74	0.00	0.00
GCC	83	26.24	22.99	23.00	27.77	0.00	0.00
GCC	84	26.18	23.05	23.07	27.70	0.00	0.00
GCC	85	26.23	23.01	23.02	27.74	0.00	0.00
GCC	86	26.24	23.00	23.00	27.76	0.00	0.00
GCC	87	26.20	23.04	23.04	27.71	0.00	0.00
GCC	88	26.23	23.02	23.01	27.73	0.00	0.00
GCC	89	26.24	23.01	23.02	27.73	0.00	0.00
GCC	90	26.20	23.06	23.06	27.68	0.00	0.00
GCC	91	26.24	23.03	23.02	27.71	0.00	0.00
GCC	92	26.25	23.02	23.00	27.73	0.00	0.00
GCC	93	26.20	23.05	23.05	27.70	0.00	0.00
GCC	94	26.24	23.03	23.02	27.70	0.00	0.00
GCC	95	26.25	23.02	23.02	27.71	0.00	0.00
GCC	96	26.20	23.05	23.06	27.68	0.00	0.00
GCC	97	26.25	23.04	23.02	27.69	0.00	0.00
GCC	98	26.25	23.02	23.02	27.71	0.00	0.00
GCC	99	26.22	23.06	23.06	27.66	0.00	0.00
GCC	100	26.24	23.04	23.04	27.67	0.00	0.00
GCC	101	26.04	23.23	23.24	27.50	0.00	0.00
# ACGT content per cycle, read oriented. Use `grep ^GCT | cut -f 2-` to extract this part. The columns are: cycle; A,C,G,T base counts as a percentage of all A/C/G/T bases [%]
GCT	1	28.14	24.79	15.74	31.32
GCT	2	30.46	19.37	24.24	25.93
GCT	3	27.01	22.50	22.98	27.50
GCT	4	26.39	24.08	22.09	27.44
GCT	5	27.32	21.91	21.97	28.81
GCT	6	27.06	23.89	22.66	26.39
GCT	7	26.56	22.45	22.63	28.36
GCT	8	26.91	23.07	21.72	28.30
GCT	9	26.30	23.14	21.68	28.88
GCT	10	27.01	23.22	22.34	27.44
GCT	11	26.88	23.11	22.25	27.76
GCT	12	26.93	23.05	22.37	27.64
GCT	13	27.10	22.88	22.21	27.80
GCT	14	27.12	22.82	22.25	27.80
GCT	15	26.95	23.08	22.20	27.78
GCT	16	26.96	23.03	22.19	27.82
GCT	17	26.92	22.99	22.28	27.81
GCT	18	26.79	23.20	22.30	27.71
GCT	19	26.84	23.15	22.26	27.76
GCT	20	26.85	23.05	22.36	27.73
GCT	21	26.78	23.16	22.42	27.65
GCT	22	26.84	23.16	22.34	27.66
GCT	23	26.88	23.03	22.40	27.68
GCT	24	26.77	23.20	22.46	27.57
GCT	25	26.86	23.16	22.37	27.61
GCT	26	26.87	23.05	22.48	27.60
GCT	27	26.80	23.16	22.51	27.53
GCT	28	26.87	23.15	22.46	27.51
GCT	29	26.91	23.04	22.52	27.53
GCT	30	26.80	23.17	22.56	27.47
GCT	31	26.88	23.15	22.51	27.47
GCT	32	26.92	23.04	22.58	27.45
GCT	33	26.83	23.17	22.62	27.38
GCT	34	26.92	23.13	22.56	27.39
GCT	35	26.93	23.06	22.63	27.39
GCT	36	26.82	23.20	22.63	27.35
GCT	37	26.90	23.14	22.60	27.37
GCT	38	26.91	23.07	22.66	27.37
GCT	39	26.82	23.20	22.66	27.32
GCT	40	26.87	23.15	22.64	27.34
GCT	41	26.90	23.07	22.69	27.33
GCT	42	26.81	23.21	22.69	27.29
GCT	43	26.89	23.15	22.65	27.31
GCT	44	26.90	23.07	22.70	27.33
GCT	45	26.82	23.19	22.72	27.26
GCT	46	26.88	23.15	22.69	27.28
GCT	47	26.91	23.06	22.75	27.28
GCT	48	26.83	23.17	22.76	27.24
GCT	49	26.88	23.17	22.69	27.26
GCT	50	26.91	23.07	22.76	27.27
GCT	51	26.85	23.17	22.76	27.21
GCT	52	26.89	23.14	22.73	27.24
GCT	53	26.91	23.05	22.79	27.25
GCT	54	26.83	23.17	22.80	27.20
GCT	55	26.89	23.13	22.75	27.23
GCT	56	26.91	23.05	22.81	27.24
GCT	57	26.83	23.16	22.81	27.20
GCT	58	26.89	23.13	22.78	27.20
GCT	59	26.91	23.05	22.81	27.23
GCT	60	26.83	23.16	22.82	27.19
GCT	61	26.89	23.13	22.78	27.20
GCT	62	26.90	23.05	22.84	27.21
GCT	63	26.82	23.16	22.85	27.17
GCT	64	26.90	23.11	22.80	27.18
GCT	65	26.92	23.03	22.88	27.18
GCT	66	26.85	23.12	22.89	27.14
GCT	67	26.89	23.12	22.84	27.16
GCT	68	26.91	23.04	22.90	27.16
GCT	69	26.85	23.13	22.89	27.13
GCT	70	26.89	23.09	22.88	27.13
GCT	71	26.91	23.04	22.93	27.13
GCT	72	26.85	23.12	22.93	27.10
GCT	73	26.91	23.11	22.88	27.10
GCT	74	26.93	23.02	22.94	27.11
GCT	75	26.87	23.10	22.95	27.08
GCT	76	26.93	23.07	22.91	27.09
GCT	77	26.95	23.01	22.96	27.08
GCT	78	26.89	23.08	22.97	27.06
GCT	79	26.93	23.08	22.94	27.05
GCT	80	26.96	23.00	22.98	27.06
GCT	81	26.89	23.09	23.00	27.03
GCT	82	26.94	23.07	22.96	27.04
GCT	83	26.96	22.99	23.00	27.05
GCT	84	26.88	23.07	23.05	27.00
GCT	85	26.95	23.06	22.96	27.02
GCT	86	26.99	22.97	23.03	27.00
GCT	87	26.93	23.05	23.03	26.98
GCT	88	26.98	23.02	23.01	26.98
GCT	89	26.99	22.95	23.08	26.97
GCT	90	26.94	23.05	23.07	26.94
GCT	91	26.98	23.03	23.02	26.97
GCT	92	27.00	22.96	23.06	26.98
GCT	93	26.96	23.03	23.07	26.94
GCT	94	27.01	23.02	23.04	26.94
GCT	95	27.01	22.95	23.09	26.95
GCT	96	26.98	23.02	23.09	26.90
GCT	97	27.03	22.99	23.07	26.91
GCT	98	27.04	22.92	23.12	26.91
GCT	99	27.00	23.00	23.12	26.88
GCT	100	27.03	22.98	23.10	26.88
GCT	101	27.02	23.05	23.42	26.51
# ACGT content per cycle for first fragments. Use `grep ^FBC | cut -f 2-` to extract this part. The columns are: cycle; A,C,G,T base counts as a percentage of all A/C/G/T bases [%]; and N and O counts as a percentage of all A/C/G/T bases [%]
FBC	1	29.41	20.63	19.91	30.05	0.15	0.00
FBC	2	27.69	22.00	21.88	28.43	0.00	0.00
FBC	3	26.76	22.80	22.70	27.73	0.00	0.00
FBC	4	26.52	23.13	23.04	27.31	0.01	0.00
FBC	5	27.58	22.07	22.00	28.35	0.00	0.00
FBC	6	26.30	23.38	23.32	27.00	0.00	0.00
FBC	7	27.05	22.60	22.56	27.79	0.00	0.00
FBC	8	27.10	22.50	22.50	27.89	0.00	0.00
FBC	9	27.08	22.51	22.49	27.92	0.00	0.00
FBC	10	26.75	22.87	22.84	27.54	0.00	0.00
FBC	11	26.83	22.77	22.76	27.65	0.00	0.00
FBC	12	26.78	22.77	22.78	27.66	0.00	0.00
FBC	13	26.94	22.63	22.58	27.84	0.00	0.00
FBC	14	26.95	22.61	22.58	27.86	0.00	0.00
FBC	15	26.85	22.70	22.67	27.78	0.00	0.00
FBC	16	26.88	22.67	22.63	27.82	0.00	0.00
FBC	17	26.83	22.70	22.68	27.79	0.00	0.00
FBC	18	26.72	22.81	22.77	27.70	0.00	0.00
FBC	19	26.76	22.77	22.72	27.75	0.00	0.00
FBC	20	26.74	22.78	22.72	27.75	0.00	0.00
FBC	21	26.66	22.84	22.81	27.70	0.00	0.00
FBC	22	26.68	22.80	22.78	27.74	0.00	0.00
FBC	23	26.71	22.77	22.73	27.78	0.00	0.00
FBC	24	26.61	22.86	22.84	27.69	0.00	0.00
FBC	25	26.64	22.82	22.77	27.76	0.00	0.00
FBC	26	26.64	22.81	22.78	27.77	0.00	0.00
FBC	27	26.56	22.88	22.85	27.70	0.00	0.00
FBC	28	26.59	22.85	22.81	27.76	0.00	0.00
FBC	29	26.60	22.84	22.79	27.78	0.00	0.00
FBC	30	26.50	22.91	22.85	27.73	0.00	0.00
FBC	31	26.54	22.87	22.82	27.77	0.12	0.00
FBC	32	26.54	22.86	22.82	27.79	0.17	0.00
FBC	33	26.46	22.93	22.89	27.71	0.03	0.00
FBC	34	26.51	22.88	22.84	27.77	0.00	0.00
FBC	35	26.48	22.88	22.84	27.79	0.00	0.00
FBC	36	26.41	22.94	22.92	27.73	0.00	0.00
FBC	37	26.46	22.90	22.86	27.79	0.00	0.00
FBC	38	26.45	22.90	22.86	27.79	0.00	0.00
FBC	39	26.38	22.97	22.93	27.72	0.00	0.00
FBC	40	26.40	22.94	22.88	27.78	0.00	0.00
FBC	41	26.41	22.92	22.90	27.78	0.00	0.00
FBC	42	26.33	22.98	22.95	27.74	0.00	0.00
FBC	43	26.38	22.93	22.90	27.79	0.00	0.00
FBC	44	26.38	22.92	22.89	27.82	0.00	0.00
FBC	45	26.31	22.98	22.96	27.75	0.00	0.00
FBC	46	26.34	22.95	22.92	27.79	0.01	0.00
FBC	47	26.36	22.92	22.91	27.81	0.00	0.00
FBC	48	26.28	22.99	22.96	27.76	0.01	0.00
FBC	49	26.32	22.96	22.93	27.80	0.01	0.00
FBC	50	26.34	22.92	22.92	27.83	0.00	0.00
FBC	51	26.26	22.98	22.99	27.77	0.00	0.00
FBC	52	26.30	22.95	22.93	27.82	0.00	0.00
FBC	53	26.31	22.94	22.93	27.82	0.00	0.00
FBC	54	26.24	22.99	22.99	27.78	0.00	0.00
FBC	55	26.28	22.96	22.93	27.83	0.00	0.00
FBC	56	26.28	22.95	22.94	27.83	0.00	0.00
FBC	57	26.23	23.01	22.99	27.77	0.00	0.00
FBC	58	26.26	22.96	22.96	27.82	0.00	0.00
FBC	59	26.27	22.95	22.94	27.83	0.00	0.00
FBC	60	26.22	23.00	23.00	27.78	0.00	0.00
FBC	61	26.25	22.97	22.95	27.83	0.00	0.00
FBC	62	26.25	22.97	22.96	27.82	0.00	0.00
FBC	63	26.20	23.01	23.01	27.77	0.00	0.00
FBC	64	26.24	22.97	22.96	27.82	0.00	0.00
FBC	65	26.24	22.97	22.97	27.82	0.00	0.00
FBC	66	26.20	23.01	23.02	27.76	0.00	0.00
FBC	67	26.23	22.99	22.99	27.79	0.00	0.00
FBC	68	26.25	22.97	22.99	27.80	0.00	0.00
FBC	69	26.21	23.02	23.02	27.75	0.00	0.00
FBC	70	26.22	23.01	22.98	27.79	0.00	0.00
FBC	71	26.22	22.99	23.00	27.79	0.00	0.00
FBC	72	26.18	23.03	23.05	27.74	0.00	0.00
FBC	73	26.20	23.00	23.01	27.80	0.00	0.00
FBC	74	26.22	22.99	23.00	27.79	0.00	0.00
FBC	75	26.17	23.03	23.04	27.76	0.00	0.00
FBC	76	26.23	23.00	22.99	27.78	0.00	0.00
FBC	77	26.24	22.98	22.99	27.78	0.00	0.00
FBC	78	26.19	23.03	23.04	27.74	0.00	0.00
FBC	79	26.22	23.01	23.01	27.76	0.00	0.00
FBC	80	26.23	22.99	23.00	27.78	0.00	0.00
FBC	81	26.18	23.04	23.05	27.73	0.00	0.00
FBC	82	26.24	23.01	23.00	27.74	0.00	0.00
FBC	83	26.24	22.99	23.01	27.75	0.00	0.00
FBC	84	26.16	23.07	23.08	27.69	0.00	0.00
FBC	85	26.23	23.01	23.01	27.75	0.00	0.00
FBC	86	26.24	23.02	23.00	27.74	0.00	0.00
FBC	87	26.21	23.05	23.04	27.71	0.00	0.00
FBC	88	26.24	23.02	23.01	27.73	0.00	0.00
FBC	89	26.25	23.01	23.02	27.72	0.00	0.00
FBC	90	26.20	23.06	23.05	27.69	0.00	0.00
FBC	91	26.25	23.02	23.01	27.72	0.00	0.00
FBC	92	26.25	23.02	23.00	27.72	0.00	0.00
FBC	93	26.21	23.04	23.05	27.70	0.00	0.00
FBC	94	26.25	23.03	23.01	27.71	0.00	0.00
FBC	95	26.26	23.02	23.02	27.70	0.00	0.00
FBC	96	26.22	23.04	23.07	27.67	0.00	0.00
FBC	97	26.26	23.03	23.02	27.69	0.00	0.00
FBC	98	26.26	23.01	23.01	27.71	0.00	0.00
FBC	99	26.23	23.05	23.05	27.68	0.00	0.00
FBC	100	26.26	23.02	23.03	27.69	0.00	0.00
FBC	101	26.02	23.23	23.25	27.50	0.00	0.00
# ACGT raw counters for first fragments. Use `grep ^FTC | cut -f 2-` to extract this part. The columns are: A,C,G,T,N base counters
FTC	965599624	835355354	834408107	1013834098	187195
# ACGT content per cycle for last fragments. Use `grep ^LBC | cut -f 2-` to extract this part. The columns are: cycle; A,C,G,T base counts as a percentage of all A/C/G/T bases [%]; and N and O counts as a percentage of all A/C/G/T bases [%]
LBC	1	29.45	20.42	20.12	30.01	0.00	0.00
LBC	2	27.93	21.74	21.61	28.71	0.00	0.00
LBC	3	26.84	22.77	22.69	27.70	0.00	0.00
LBC	4	26.55	23.10	23.06	27.29	0.00	0.00
LBC	5	27.80	21.86	21.82	28.53	0.00	0.00
LBC	6	26.44	23.20	23.19	27.17	0.00	0.00
LBC	7	27.13	22.50	22.49	27.87	0.00	0.00
LBC	8	27.34	22.28	22.30	28.09	0.00	0.00
LBC	9	27.28	22.30	22.34	28.08	0.03	0.00
LBC	10	26.88	22.68	22.72	27.71	0.02	0.00
LBC	11	26.99	22.60	22.60	27.82	0.02	0.00
LBC	12	26.92	22.65	22.65	27.78	0.04	0.00
LBC	13	27.07	22.49	22.48	27.96	0.04	0.00
LBC	14	27.06	22.48	22.48	27.98	0.00	0.00
LBC	15	26.94	22.59	22.59	27.88	0.00	0.00
LBC	16	26.97	22.58	22.55	27.90	0.00	0.00
LBC	17	26.94	22.57	22.58	27.90	0.00	0.00
LBC	18	26.81	22.71	22.70	27.78	0.00	0.00
LBC	19	26.85	22.67	22.65	27.83	0.00	0.00
LBC	20	26.83	22.66	22.66	27.85	0.00	0.00
LBC	21	26.72	22.76	22.75	27.76	0.00	0.00
LBC	22	26.76	22.72	22.70	27.81	0.00	0.00
LBC	23	26.78	22.70	22.66	27.87	0.00	0.00
LBC	24	26.64	22.81	22.79	27.76	0.00	0.00
LBC	25	26.70	22.75	22.72	27.83	0.00	0.00
LBC	26	26.71	22.74	22.72	27.83	0.00	0.00
LBC	27	26.62	22.82	22.80	27.77	0.00	0.00
LBC	28	26.64	22.79	22.77	27.79	0.00	0.00
LBC	29	26.66	22.76	22.75	27.83	0.00	0.00
LBC	30	26.57	22.85	22.84	27.74	0.00	0.00
LBC	31	26.58	22.82	22.80	27.80	0.00	0.00
LBC	32	26.58	22.80	22.79	27.83	0.00	0.00
LBC	33	26.49	22.88	22.88	27.75	0.00	0.00
LBC	34	26.53	22.84	22.82	27.81	0.00	0.00
LBC	35	26.52	22.83	22.81	27.83	0.00	0.00
LBC	36	26.44	22.91	22.88	27.77	0.00	0.00
LBC	37	26.48	22.86	22.85	27.81	0.00	0.00
LBC	38	26.49	22.85	22.84	27.82	0.00	0.00
LBC	39	26.40	22.91	22.91	27.77	0.00	0.00
LBC	40	26.43	22.88	22.87	27.81	0.00	0.00
LBC	41	26.45	22.88	22.84	27.83	0.00	0.00
LBC	42	26.36	22.92	22.94	27.77	0.00	0.00
LBC	43	26.40	22.89	22.89	27.82	0.00	0.00
LBC	44	26.41	22.89	22.86	27.85	0.00	0.00
LBC	45	26.34	22.94	22.94	27.78	0.00	0.00
LBC	46	26.36	22.91	22.91	27.82	0.00	0.00
LBC	47	26.37	22.90	22.89	27.83	0.00	0.00
LBC	48	26.32	22.96	22.95	27.77	0.00	0.00
LBC	49	26.34	22.93	22.91	27.82	0.00	0.00
LBC	50	26.35	22.91	22.90	27.84	0.00	0.00
LBC	51	26.28	22.95	22.96	27.81	0.00	0.00
LBC	52	26.32	22.94	22.92	27.82	0.00	0.00
LBC	53	26.33	22.91	22.91	27.85	0.00	0.00
LBC	54	26.26	22.98	22.98	27.79	0.00	0.00
LBC	55	26.31	22.93	22.93	27.83	0.00	0.00
LBC	56	26.32	22.92	22.91	27.85	0.00	0.00
LBC	57	26.26	22.96	22.98	27.80	0.00	0.00
LBC	58	26.28	22.94	22.95	27.83	0.00	0.00
LBC	59	26.31	22.91	22.91	27.86	0.00	0.00
LBC	60	26.24	22.98	22.98	27.80	0.00	0.00
LBC	61	26.27	22.94	22.95	27.84	0.00	0.00
LBC	62	26.29	22.92	22.94	27.85	0.00	0.00
LBC	63	26.22	22.98	23.00	27.80	0.00	0.00
LBC	64	26.27	22.94	22.96	27.83	0.00	0.00
LBC	65	26.28	22.93	22.94	27.85	0.00	0.00
LBC	66	26.22	23.00	22.99	27.79	0.00	0.00
LBC	67	26.24	22.96	22.97	27.83	0.00	0.00
LBC	68	26.25	22.95	22.97	27.83	0.00	0.00
LBC	69	26.20	22.99	23.02	27.79	0.00	0.00
LBC	70	26.24	22.98	22.99	27.80	0.00	0.00
LBC	71	26.24	22.97	22.97	27.83	0.00	0.00
LBC	72	26.19	23.01	23.01	27.78	0.00	0.00
LBC	73	26.23	22.98	23.00	27.79	0.00	0.00
LBC	74	26.25	22.96	22.97	27.81	0.00	0.00
LBC	75	26.20	23.02	23.02	27.75	0.00	0.00
LBC	76	26.23	22.99	22.99	27.80	0.01	0.00
LBC	77	26.23	22.98	22.98	27.81	0.01	0.00
LBC	78	26.21	23.00	23.03	27.75	0.00	0.00
LBC	79	26.23	23.00	23.01	27.77	0.00	0.00
LBC	80	26.25	22.97	22.98	27.79	0.00	0.00
LBC	81	26.19	23.04	23.04	27.73	0.00	0.00
LBC	82	26.23	23.02	23.01	27.74	0.00	0.00
LBC	83	26.23	22.99	22.99	27.79	0.00	0.00
LBC	84	26.20	23.03	23.06	27.71	0.00	0.00
LBC	85	26.23	23.00	23.03	27.74	0.00	0.00
LBC	86	26.24	22.98	23.00	27.78	0.00	0.00
LBC	87	26.20	23.04	23.04	27.72	0.00	0.00
LBC	88	26.22	23.03	23.02	27.73	0.00	0.00
LBC	89	26.23	23.00	23.03	27.74	0.00	0.00
LBC	90	26.19	23.07	23.06	27.68	0.00	0.00
LBC	91	26.23	23.03	23.03	27.71	0.00	0.00
LBC	92	26.25	23.02	23.00	27.73	0.00	0.00
LBC	93	26.19	23.05	23.05	27.70	0.00	0.00
LBC	94	26.23	23.04	23.03	27.70	0.00	0.00
LBC	95	26.24	23.02	23.02	27.72	0.00	0.00
LBC	96	26.19	23.06	23.06	27.69	0.00	0.00
LBC	97	26.24	23.06	23.02	27.68	0.00	0.00
LBC	98	26.24	23.03	23.02	27.70	0.00	0.00
LBC	99	26.21	23.07	23.07	27.65	0.00	0.00
LBC	100	26.23	23.06	23.05	27.66	0.00	0.00
LBC	101	26.06	23.23	23.23	27.49	0.00	0.00
# ACGT raw counters for last fragments. Use `grep ^LTC | cut -f 2-` to extract this part. The columns are: A,C,G,T,N base counters
LTC	967101409	833566897	833298861	1015350239	66972
# Insert sizes. Use `grep ^IS | cut -f 2-` to extract this part. The columns are: insert size, pairs total, inward oriented pairs, outward oriented pairs, other pairs
IS	0	3	0	1	2
IS	1	0	0	0	0
IS	2	8	0	7	1
IS	3	8	0	8	0
IS	4	8	0	8	0
IS	5	13	0	13	0
IS	6	13	0	13	0
IS	7	7	0	7	0
IS	8	14	0	14	0
IS	9	12	0	12	0
IS	10	13	0	13	0
IS	11	7	0	7	0
IS	12	18	0	18	0
IS	13	17	0	17	0
IS	14	16	0	16	0
IS	15	14	0	14	0
IS	16	5	0	5	0
IS	17	16	0	16	0
IS	18	21	0	21	0
IS	19	1528	1438	90	0
IS	20	1086	1034	52	0
IS	21	330	301	29	0
IS	22	92	75	17	0
IS	23	58	39	19	0
IS	24	146	130	16	0
IS	25	21	9	12	0
IS	26	30	14	16	0
IS	27	29	14	15	0
IS	28	26	11	15	0
IS	29	34	15	19	0
IS	30	28	5	23	0
IS	31	44	18	26	0
IS	32	20	9	11	0
IS	33	38	24	14	0
IS	34	24	14	10	0
IS	35	31	15	16	0
IS	36	41	26	15	0
IS	37	47	19	26	2
IS	38	32	17	15	0
IS	39	42	27	15	0
IS	40	43	17	26	0
IS	41	38	16	22	0
IS	42	44	22	21	1
IS	43	44	19	25	0
IS	44	65	28	37	0
IS	45	53	28	25	0
IS	46	37	21	16	0
IS	47	54	36	18	0
IS	48	58	41	16	1
IS	49	49	28	21	0
IS	50	50	29	21	0
IS	51	62	37	25	0
IS	52	87	49	38	0
IS	53	56	34	22	0
IS	54	77	47	30	0
IS	55	69	45	24	0
IS	56	86	64	22	0
IS	57	65	54	11	0
IS	58	86	57	26	3
IS	59	99	71	27	1
IS	60	102	73	29	0
IS	61	103	75	28	0
IS	62	107	81	26	0
IS	63	137	112	25	0
IS	64	149	126	23	0
IS	65	176	138	35	3
IS	66	184	167	17	0
IS	67	218	194	23	1
IS	68	305	277	25	3
IS	69	351	320	31	0
IS	70	390	363	26	1
IS	71	515	491	24	0
IS	72	603	573	26	4
IS	73	765	732	30	3
IS	74	898	878	20	0
IS	75	1153	1122	28	3
IS	76	1416	1387	26	3
IS	77	1696	1671	23	2
IS	78	1976	1934	39	3
IS	79	2431	2404	26	1
IS	80	2976	2944	29	3
IS	81	3515	3491	21	3
IS	82	4240	4209	30	1
IS	83	4962	4932	26	4
IS	84	5718	5689	26	3
IS	85	6765	6730	32	3
IS	86	7825	7797	26	2
IS	87	9019	8989	26	4
IS	88	10522	10488	29	5
IS	89	11842	11815	25	2
IS	90	13478	13441	34	3
IS	91	15295	15274	21	0
IS	92	17101	17072	27	2
IS	93	19014	18987	21	6
IS	94	21344	21308	32	4
IS	95	23643	23599	40	4
IS	96	26372	26335	34	3
IS	97	29226	29188	30	8
IS	98	32140	32089	48	3
IS	99	35107	35027	77	3
IS	100	38339	38168	170	1
IS	101	41801	41796	4	1
IS	102	45658	45652	3	3
IS	103	48979	48975	3	1
IS	104	53566	53560	4	2
IS	105	56909	56905	1	3
IS	106	61041	61037	3	1
IS	107	65827	65819	3	5
IS	108	70702	70700	1	1
IS	109	74728	74720	2	6
IS	110	80173	80164	2	7
IS	111	84412	84409	2	1
IS	112	89069	89067	1	1
IS	113	94610	94607	0	3
IS	114	98714	98711	0	3
IS	115	104420	104414	0	6
IS	116	108958	108956	0	2
IS	117	114658	114650	2	6
IS	118	119377	119372	1	4
IS	119	123900	123895	2	3
IS	120	128815	128811	1	3
IS	121	133943	133939	1	3
IS	122	139710	139707	2	1
IS	123	143923	143916	2	5
IS	124	147798	147795	1	2
IS	125	152036	152032	0	4
IS	126	156343	156340	1	2
IS	127	161890	161886	2	2
IS	128	165618	165608	4	6
IS	129	169723	169717	3	3
IS	130	174013	174008	2	3
IS	131	177754	177746	2	6
IS	132	182112	182109	2	1
IS	133	184985	184981	2	2
IS	134	188127	188123	1	3
IS	135	190946	190942	1	3
IS	136	194635	194632	0	3
IS	137	197120	197117	1	2
IS	138	200368	200362	1	5
IS	139	202414	202409	1	4
IS	140	205644	205638	2	4
IS	141	209100	209096	2	2
IS	142	210363	210362	1	0
IS	143	213663	213659	3	1
IS	144	214777	214769	2	6
IS	145	216603	216597	3	3
IS	146	218250	218249	1	0
IS	147	220113	220111	0	2
IS	148	222039	222037	1	1
IS	149	223600	223597	1	2
IS	150	225444	225441	1	2
IS	151	226112	226110	1	1
IS	152	227649	227645	1	3
IS	153	228721	228714	4	3
IS	154	229081	229077	1	3
IS	155	230414	230410	1	3
IS	156	230599	230595	2	2
IS	157	231445	231442	2	1
IS	158	232805	232801	1	3
IS	159	232742	232740	0	2
IS	160	232628	232627	0	1
IS	161	233519	233512	4	3
IS	162	234258	234254	1	3
IS	163	234270	234265	1	4
IS	164	234177	234174	2	1
IS	165	234945	234936	5	4
IS	166	233880	233878	1	1
IS	167	234326	234323	1	2
IS	168	234750	234746	2	2
IS	169	234130	234126	2	2
IS	170	233659	233658	1	0
IS	171	233098	233095	1	2
IS	172	232408	232400	7	1
IS	173	231903	231903	0	0
IS	174	231974	231968	2	4
IS	175	230748	230746	1	1
IS	176	229702	229695	4	3
IS	177	229632	229627	3	2
IS	178	228572	228568	1	3
IS	179	227812	227808	2	2
IS	180	226646	226645	1	0
IS	181	225740	225737	3	0
IS	182	224695	224691	1	3
IS	183	224588	224585	2	1
IS	184	223123	223121	2	0
IS	185	222045	222042	1	2
IS	186	221465	221462	1	2
IS	187	220016	220011	1	4
IS	188	218173	218170	1	2
IS	189	217664	217663	0	1
IS	190	216557	216556	1	0
IS	191	214604	214601	1	2
IS	192	213099	213098	1	0
IS	193	212195	212190	3	2
IS	194	210497	210496	1	0
IS	195	210282	210280	2	0
IS	196	207616	207615	0	1
IS	197	207271	207266	3	2
IS	198	205595	205591	3	1
IS	199	204250	204246	2	2
IS	200	201930	201927	0	3
IS	201	201135	201132	2	1
IS	202	200187	200186	1	0
IS	203	197861	197861	0	0
IS	204	196433	196432	1	0
IS	205	195433	195429	2	2
IS	206	194200	194195	2	3
IS	207	192304	192304	0	0
IS	208	189770	189761	6	3
IS	209	188070	188066	3	1
IS	210	186821	186819	1	1
IS	211	185245	185243	2	0
IS	212	183730	183729	0	1
IS	213	181045	181044	1	0
IS	214	180530	180529	0	1
IS	215	178426	178424	2	0
IS	216	176824	176824	0	0
IS	217	175210	175208	2	0
IS	218	174015	174013	2	0
IS	219	171043	171039	3	1
IS	220	170339	170336	1	2
IS	221	168875	168875	0	0
IS	222	167218	167216	2	0
IS	223	165727	165724	1	2
IS	224	164310	164308	2	0
IS	225	162264	162264	0	0
IS	226	160716	160716	0	0
IS	227	159103	159099	2	2
IS	228	157783	157782	1	0
IS	229	155830	155830	0	0
IS	230	153926	153926	0	0
IS	231	153790	153789	0	1
IS	232	151437	151434	0	3
IS	233	149944	149944	0	0
IS	234	148190	148189	1	0
IS	235	145932	145930	1	1
IS	236	144718	144716	2	0
IS	237	143821	143819	1	1
IS	238	141453	141450	2	1
IS	239	140162	140161	0	1
IS	240	139320	139320	0	0
IS	241	137421	137420	0	1
IS	242	134886	134885	0	1
IS	243	133862	133861	1	0
IS	244	132440	132439	1	0
IS	245	131159	131158	1	0
IS	246	129495	129494	0	1
IS	247	127846	127841	3	2
IS	248	126578	126577	0	1
IS	249	126007	126007	0	0
IS	250	123573	123571	2	0
IS	251	122515	122514	0	1
IS	252	120807	120807	0	0
IS	253	118981	118977	2	2
IS	254	117998	117998	0	0
IS	255	116616	116615	1	0
IS	256	114637	114637	0	0
IS	257	113799	113799	0	0
IS	258	112782	112782	0	0
IS	259	110947	110945	0	2
IS	260	109374	109374	0	0
IS	261	108552	108551	1	0
IS	262	106713	106713	0	0
IS	263	105993	105993	0	0
IS	264	104452	104449	1	2
IS	265	102297	102297	0	0
IS	266	102016	102016	0	0
IS	267	100306	100304	1	1
IS	268	100056	100055	1	0
IS	269	97756	97755	0	1
IS	270	96936	96932	3	1
IS	271	95569	95569	0	0
IS	272	94002	94001	0	1
IS	273	93567	93567	0	0
IS	274	92241	92241	0	0
IS	275	90222	90221	1	0
IS	276	89634	89634	0	0
IS	277	87770	87770	0	0
IS	278	87369	87369	0	0
IS	279	86581	86581	0	0
IS	280	85560	85560	0	0
IS	281	84733	84732	0	1
IS	282	82702	82701	1	0
IS	283	82207	82205	1	1
IS	284	81050	81050	0	0
IS	285	79497	79496	1	0
IS	286	78712	78711	1	0
IS	287	77319	77318	0	1
IS	288	76884	76884	0	0
IS	289	75965	75964	0	1
IS	290	74732	74732	0	0
IS	291	73879	73879	0	0
IS	292	72350	72350	0	0
IS	293	71234	71234	0	0
IS	294	71062	71062	0	0
IS	295	69447	69447	0	0
IS	296	69171	69171	0	0
IS	297	67570	67570	0	0
IS	298	66791	66791	0	0
IS	299	66643	66642	1	0
IS	300	66048	66047	1	0
IS	301	64567	64567	0	0
IS	302	63397	63395	2	0
IS	303	62738	62736	2	0
IS	304	62445	62445	0	0
IS	305	61190	61190	0	0
IS	306	60130	60129	1	0
IS	307	59018	59018	0	0
IS	308	58557	58557	0	0
IS	309	57849	57848	1	0
IS	310	56729	56729	0	0
IS	311	56353	56353	0	0
IS	312	55437	55436	1	0
IS	313	54846	54845	1	0
IS	314	54188	54187	1	0
IS	315	53292	53292	0	0
IS	316	52821	52821	0	0
IS	317	52004	52004	0	0
IS	318	50871	50870	0	1
IS	319	49969	49969	0	0
IS	320	49977	49977	0	0
IS	321	49032	49031	0	1
IS	322	48161	48161	0	0
IS	323	47679	47679	0	0
IS	324	47204	47203	0	1
IS	325	46195	46195	0	0
IS	326	45889	45889	0	0
IS	327	45293	45293	0	0
IS	328	44762	44761	0	1
IS	329	43974	43973	1	0
IS	330	43209	43209	0	0
IS	331	42405	42404	1	0
IS	332	41998	41998	0	0
IS	333	41275	41274	0	1
IS	334	40690	40688	2	0
IS	335	40284	40283	1	0
IS	336	39517	39517	0	0
IS	337	39262	39262	0	0
IS	338	38621	38620	1	0
IS	339	38196	38196	0	0
IS	340	37855	37855	0	0
IS	341	37121	37121	0	0
IS	342	36738	36738	0	0
IS	343	35721	35721	0	0
IS	344	35488	35488	0	0
IS	345	35163	35163	0	0
IS	346	34581	34581	0	0
IS	347	34049	34049	0	0
IS	348	33389	33388	1	0
IS	349	33172	33172	0	0
IS	350	32311	32311	0	0
IS	351	32297	32296	1	0
IS	352	31741	31740	0	1
IS	353	30931	30931	0	0
IS	354	30681	30681	0	0
IS	355	30472	30472	0	0
IS	356	29561	29560	1	0
IS	357	29299	29296	3	0
IS	358	28987	28986	1	0
IS	359	28670	28669	1	0
IS	360	28357	28357	0	0
IS	361	27758	27758	0	0
IS	362	27271	27269	1	1
IS	363	26903	26903	0	0
IS	364	26871	26871	0	0
IS	365	26278	26278	0	0
IS	366	26087	26087	0	0
IS	367	25582	25580	0	2
IS	368	25021	25021	0	0
IS	369	24815	24815	0	0
IS	370	24346	24346	0	0
IS	371	23923	23923	0	0
IS	372	23665	23665	0	0
IS	373	23447	23447	0	0
IS	374	23081	23081	0	0
IS	375	22623	22623	0	0
IS	376	22592	22592	0	0
IS	377	22073	22073	0	0
IS	378	21834	21834	0	0
IS	379	21444	21443	1	0
IS	380	21090	21090	0	0
IS	381	20659	20659	0	0
IS	382	20637	20637	0	0
IS	383	20257	20257	0	0
IS	384	19935	19934	1	0
IS	385	19718	19716	2	0
IS	386	19393	19392	0	1
IS	387	18949	18949	0	0
IS	388	19043	19043	0	0
IS	389	18479	18479	0	0
IS	390	18492	18492	0	0
IS	391	18082	18080	2	0
IS	392	17581	17581	0	0
IS	393	17184	17183	0	1
IS	394	16990	16989	1	0
IS	395	16722	16722	0	0
IS	396	16793	16792	1	0
IS	397	16348	16348	0	0
IS	398	16123	16123	0	0
IS	399	15753	15753	0	0
IS	400	15673	15672	1	0
IS	401	15589	15589	0	0
IS	402	15238	15236	2	0
IS	403	14972	14972	0	0
IS	404	14801	14801	0	0
IS	405	14536	14536	0	0
IS	406	14376	14376	0	0
IS	407	14086	14086	0	0
IS	408	13814	13814	0	0
IS	409	13788	13788	0	0
IS	410	13512	13512	0	0
IS	411	13302	13302	0	0
IS	412	13219	13219	0	0
IS	413	12847	12846	1	0
IS	414	12810	12809	1	0
IS	415	12642	12642	0	0
IS	416	12410	12410	0	0
IS	417	12327	12327	0	0
IS	418	12268	12268	0	0
IS	419	11917	11916	1	0
IS	420	11746	11746	0	0
IS	421	11465	11465	0	0
IS	422	11378	11378	0	0
IS	423	11237	11235	2	0
IS	424	10919	10919	0	0
IS	425	10885	10882	2	1
IS	426	10614	10613	1	0
IS	427	10713	10713	0	0
IS	428	10405	10405	0	0
IS	429	10138	10137	1	0
IS	430	9935	9935	0	0
IS	431	9976	9976	0	0
IS	432	9744	9744	0	0
IS	433	9491	9491	0	0
IS	434	9580	9580	0	0
IS	435	9374	9374	0	0
IS	436	9180	9180	0	0
IS	437	8884	8882	2	0
IS	438	8785	8784	1	0
IS	439	8746	8746	0	0
IS	440	8716	8716	0	0
IS	441	8627	8627	0	0
IS	442	8257	8257	0	0
IS	443	8210	8210	0	0
IS	444	8064	8064	0	0
IS	445	8102	8102	0	0
IS	446	7785	7785	0	0
IS	447	7820	7820	0	0
IS	448	7787	7787	0	0
IS	449	7589	7589	0	0
IS	450	7513	7511	2	0
IS	451	7332	7332	0	0
IS	452	7184	7184	0	0
IS	453	7023	7023	0	0
IS	454	6943	6943	0	0
IS	455	7021	7021	0	0
IS	456	6585	6585	0	0
IS	457	6527	6526	1	0
IS	458	6383	6383	0	0
IS	459	6530	6530	0	0
IS	460	6209	6209	0	0
IS	461	6149	6149	0	0
IS	462	6003	6003	0	0
IS	463	5960	5960	0	0
IS	464	5892	5892	0	0
# Read lengths. Use `grep ^RL | cut -f 2-` to extract this part. The columns are: read length, count
RL	31	1280
RL	32	1392
RL	33	1160
RL	34	1086
RL	35	1000
RL	36	920
RL	37	844
RL	38	822
RL	39	756
RL	40	702
RL	41	654
RL	42	588
RL	43	590
RL	44	476
RL	45	482
RL	46	480
RL	47	450
RL	48	470
RL	49	412
RL	50	398
RL	51	412
RL	52	406
RL	53	422
RL	54	390
RL	55	432
RL	56	394
RL	57	446
RL	58	468
RL	59	482
RL	60	422
RL	61	464
RL	62	464
RL	63	566
RL	64	642
RL	65	618
RL	66	672
RL	67	706
RL	68	852
RL	69	922
RL	70	1118
RL	71	1244
RL	72	1456
RL	73	1740
RL	74	2024
RL	75	2522
RL	76	3044
RL	77	3576
RL	78	4114
RL	79	5108
RL	80	6150
RL	81	7294
RL	82	8666
RL	83	10086
RL	84	11578
RL	85	13706
RL	86	15796
RL	87	18242
RL	88	21252
RL	89	23938
RL	90	27196
RL	91	30836
RL	92	34378
RL	93	38312
RL	94	42918
RL	95	47550
RL	96	53000
RL	97	58646
RL	98	64442
RL	99	70366
RL	100	76932
RL	101	71600056
# Read lengths - first fragments. Use `grep ^FRL | cut -f 2-` to extract this part. The columns are: read length, count
FRL	31	640
FRL	32	696
FRL	33	580
FRL	34	543
FRL	35	500
FRL	36	460
FRL	37	422
FRL	38	411
FRL	39	378
FRL	40	351
FRL	41	327
FRL	42	294
FRL	43	295
FRL	44	238
FRL	45	241
FRL	46	240
FRL	47	225
FRL	48	235
FRL	49	206
FRL	50	199
FRL	51	206
FRL	52	203
FRL	53	211
FRL	54	195
FRL	55	216
FRL	56	197
FRL	57	223
FRL	58	234
FRL	59	241
FRL	60	211
FRL	61	232
FRL	62	232
FRL	63	283
FRL	64	321
FRL	65	309
FRL	66	336
FRL	67	353
FRL	68	426
FRL	69	461
FRL	70	559
FRL	71	622
FRL	72	728
FRL	73	870
FRL	74	1012
FRL	75	1261
FRL	76	1522
FRL	77	1788
FRL	78	2057
FRL	79	2554
FRL	80	3075
FRL	81	3647
FRL	82	4333
FRL	83	5043
FRL	84	5789
FRL	85	6853
FRL	86	7898
FRL	87	9121
FRL	88	10626
FRL	89	11969
FRL	90	13598
FRL	91	15418
FRL	92	17189
FRL	93	19156
FRL	94	21459
FRL	95	23775
FRL	96	26500
FRL	97	29323
FRL	98	32221
FRL	99	35183
FRL	100	38466
FRL	101	35800028
# Read lengths - last fragments. Use `grep ^LRL | cut -f 2-` to extract this part. The columns are: read length, count
LRL	31	640
LRL	32	696
LRL	33	580
LRL	34	543
LRL	35	500
LRL	36	460
LRL	37	422
LRL	38	411
LRL	39	378
LRL	40	351
LRL	41	327
LRL	42	294
LRL	43	295
LRL	44	238
LRL	45	241
LRL	46	240
LRL	47	225
LRL	48	235
LRL	49	206
LRL	50	199
LRL	51	206
LRL	52	203
LRL	53	211
LRL	54	195
LRL	55	216
LRL	56	197
LRL	57	223
LRL	58	234
LRL	59	241
LRL	60	211
LRL	61	232
LRL	62	232
LRL	63	283
LRL	64	321
LRL	65	309
LRL	66	336
LRL	67	353
LRL	68	426
LRL	69	461
LRL	70	559
LRL	71	622
LRL	72	728
LRL	73	870
LRL	74	1012
LRL	75	1261
LRL	76	1522
LRL	77	1788
LRL	78	2057
LRL	79	2554
LRL	80	3075
LRL	81	3647
LRL	82	4333
LRL	83	5043
LRL	84	5789
LRL	85	6853
LRL	86	7898
LRL	87	9121
LRL	88	10626
LRL	89	11969
LRL	90	13598
LRL	91	15418
LRL	92	17189
LRL	93	19156
LRL	94	21459
LRL	95	23775
LRL	96	26500
LRL	97	29323
LRL	98	32221
LRL	99	35183
LRL	100	38466
LRL	101	35800028
# Mapping qualities for reads !(UNMAP|SECOND|SUPPL|QCFAIL|DUP). Use `grep ^MAPQ | cut -f 2-` to extract this part. The columns are: mapq, count
MAPQ	0	7330778
MAPQ	1	15802
MAPQ	2	2105
MAPQ	3	38066
MAPQ	4	4522
MAPQ	5	5375
MAPQ	6	9529
MAPQ	7	19425
MAPQ	8	7148
MAPQ	9	41240
MAPQ	10	18987
MAPQ	11	3909
MAPQ	12	8629
MAPQ	13	15795
MAPQ	14	2098
MAPQ	15	35537
MAPQ	16	4369
MAPQ	17	5712
MAPQ	18	8767
MAPQ	19	16070
MAPQ	20	15019
MAPQ	21	47969
MAPQ	22	54464
MAPQ	23	58394
MAPQ	24	138817
MAPQ	25	310134
MAPQ	26	998
MAPQ	27	807983
MAPQ	28	2862
MAPQ	29	2822
MAPQ	30	6346
MAPQ	31	12979
MAPQ	32	1130
MAPQ	33	38167
MAPQ	34	2947
MAPQ	35	3648
MAPQ	36	7605
MAPQ	37	18495
MAPQ	38	3597
MAPQ	39	54750
MAPQ	40	636005
MAPQ	41	5198
MAPQ	42	26357
MAPQ	43	22343
MAPQ	44	16303
MAPQ	45	76233
MAPQ	46	34891
MAPQ	47	108096
MAPQ	48	153456
MAPQ	49	101714
MAPQ	50	618893
MAPQ	51	22430
MAPQ	52	48515
MAPQ	53	14756
MAPQ	54	21416
MAPQ	55	70972
MAPQ	56	1974
MAPQ	57	104997
MAPQ	58	2118
MAPQ	59	5689
MAPQ	60	60950766
# Indel distribution. Use `grep ^ID | cut -f 2-` to extract this part. The columns are: length, number of insertions, number of deletions
ID	1	118436	175417
ID	2	32217	46439
ID	3	16430	23479
ID	4	15860	20032
ID	5	7009	6650
ID	6	3643	5729
ID	7	1261	2025
ID	8	1874	2976
ID	9	1173	1446
ID	10	1064	1965
ID	11	636	534
ID	12	712	1611
ID	13	255	409
ID	14	376	735
ID	15	226	499
ID	16	160	821
ID	17	84	239
ID	18	149	412
ID	19	85	221
ID	20	53	274
ID	21	98	171
ID	22	29	239
ID	23	24	207
ID	24	38	152
ID	25	4	73
ID	26	17	94
ID	27	8	58
ID	28	4	62
ID	29	4	49
ID	30	5	27
ID	31	0	4
ID	32	0	6
ID	33	0	6
ID	34	0	41
ID	35	0	7
ID	36	0	10
ID	37	0	4
ID	38	0	1
ID	39	0	11
ID	40	0	6
ID	42	0	5
ID	43	0	2
ID	45	0	1
# Indels per cycle. Use `grep ^IC | cut -f 2-` to extract this part. The columns are: cycle, number of insertions (fwd), .. (rev) , number of deletions (fwd), .. (rev)
IC	3	0	0	603	614
IC	4	505	541	690	718
IC	5	656	685	710	877
IC	6	720	761	881	967
IC	7	809	866	911	1087
IC	8	836	794	1124	1272
IC	9	909	869	1201	1310
IC	10	1007	954	1274	1451
IC	11	1101	1027	1317	1403
IC	12	1077	1062	1364	1407
IC	13	1066	1116	1378	1480
IC	14	1156	1177	1443	1530
IC	15	1271	1158	1509	1514
IC	16	1192	1226	1509	1667
IC	17	1235	1154	1517	1568
IC	18	1216	1180	1660	1625
IC	19	1227	1263	1653	1767
IC	20	1189	1261	1631	1675
IC	21	1247	1187	1700	1681
IC	22	1270	1313	1717	1677
IC	23	1285	1237	1621	1693
IC	24	1233	1201	1650	1671
IC	25	1210	1236	1716	1631
IC	26	1219	1145	1651	1550
IC	27	1310	1156	1583	1640
IC	28	1237	1161	1701	1699
IC	29	1241	1202	1656	1543
IC	30	1198	1153	1654	1620
IC	31	1264	1235	1660	1609
IC	32	1206	1163	1503	1560
IC	33	1200	1106	1675	1570
IC	34	1186	1132	1583	1620
IC	35	1180	1123	1605	1567
IC	36	1200	1094	1652	1593
IC	37	1187	1100	1693	1564
IC	38	1155	1124	1645	1551
IC	39	1243	1144	1659	1562
IC	40	1265	1079	1700	1524
IC	41	1243	1106	1731	1545
IC	42	1330	1108	1719	1529
IC	43	1336	1166	1762	1595
IC	44	1374	1117	1772	1632
IC	45	1387	1108	1757	1532
IC	46	1353	1076	1802	1567
IC	47	1369	1066	1799	1559
IC	48	1403	1142	1782	1569
IC	49	1268	1090	1764	1576
IC	50	1313	1087	1811	1599
IC	51	1326	1173	1910	1571
IC	52	1358	1160	1823	1647
IC	53	1338	1155	1725	1618
IC	54	1349	1123	1725	1558
IC	55	1256	1115	1669	1571
IC	56	1275	1047	1751	1577
IC	57	1312	1116	1772	1555
IC	58	1272	1114	1807	1567
IC	59	1225	1047	1799	1560
IC	60	1261	1091	1761	1625
IC	61	1298	1129	1750	1648
IC	62	1339	1083	1781	1739
IC	63	1234	1106	1866	1725
IC	64	1267	1092	1913	1682
IC	65	1254	1084	1818	1729
IC	66	1200	1152	1834	1654
IC	67	1200	1079	1781	1738
IC	68	1211	1055	1783	1737
IC	69	1174	1062	1818	1705
IC	70	1168	1070	1766	1654
IC	71	1105	1027	1662	1585
IC	72	1124	1072	1736	1747
IC	73	1133	1067	1705	1610
IC	74	1116	1016	1687	1577
IC	75	1091	1030	1666	1655
IC	76	1070	1023	1685	1578
IC	77	1040	1012	1650	1616
IC	78	1039	982	1639	1611
IC	79	996	961	1595	1535
IC	80	927	950	1642	1609
IC	81	979	1016	1573	1566
IC	82	954	934	1619	1567
IC	83	941	964	1501	1543
IC	84	887	892	1476	1506
IC	85	950	951	1428	1490
IC	86	863	888	1503	1416
IC	87	788	845	1361	1398
IC	88	793	840	1346	1330
IC	89	798	776	1260	1250
IC	90	745	772	1340	1323
IC	91	721	684	1245	1234
IC	92	676	711	1199	1242
IC	93	604	626	1221	1172
IC	94	601	597	992	912
IC	95	501	582	1047	1077
IC	96	561	604	1053	1081
IC	97	471	573	1120	1152
IC	98	525	635	1131	1114
IC	99	0	0	0	1
# Coverage distribution. Use `grep ^COV | cut -f 2-` to extract this part.
COV	[1-1]	1	239089236
COV	[2-2]	2	90867571
COV	[3-3]	3	20065245
COV	[4-4]	4	11990780
COV	[5-5]	5	6525050
COV	[6-6]	6	5089228
COV	[7-7]	7	4108903
COV	[8-8]	8	3550762
COV	[9-9]	9	3147444
COV	[10-10]	10	2841072
COV	[11-11]	11	2580486
COV	[12-12]	12	2374661
COV	[13-13]	13	2192140
COV	[14-14]	14	2046553
COV	[15-15]	15	1918296
COV	[16-16]	16	1809130
COV	[17-17]	17	1706777
COV	[18-18]	18	1626782
COV	[19-19]	19	1553610
COV	[20-20]	20	1484885
COV	[21-21]	21	1423064
COV	[22-22]	22	1368215
COV	[23-23]	23	1320123
COV	[24-24]	24	1274325
COV	[25-25]	25	1232398
COV	[26-26]	26	1190925
COV	[27-27]	27	1158935
COV	[28-28]	28	1120397
COV	[29-29]	29	1089570
COV	[30-30]	30	1062890
COV	[31-31]	31	1036509
COV	[32-32]	32	1011798
COV	[33-33]	33	986813
COV	[34-34]	34	967066
COV	[35-35]	35	941874
COV	[36-36]	36	923539
COV	[37-37]	37	906598
COV	[38-38]	38	890825
COV	[39-39]	39	870562
COV	[40-40]	40	854897
COV	[41-41]	41	839136
COV	[42-42]	42	824642
COV	[43-43]	43	809486
COV	[44-44]	44	796781
COV	[45-45]	45	784365
COV	[46-46]	46	768798
COV	[47-47]	47	755599
COV	[48-48]	48	742423
COV	[49-49]	49	731447
COV	[50-50]	50	720656
COV	[51-51]	51	709922
COV	[52-52]	52	699161
COV	[53-53]	53	686134
COV	[54-54]	54	676184
COV	[55-55]	55	663446
COV	[56-56]	56	652031
COV	[57-57]	57	641900
COV	[58-58]	58	632593
COV	[59-59]	59	622895
COV	[60-60]	60	614912
COV	[61-61]	61	604692
COV	[62-62]	62	597708
COV	[63-63]	63	588575
COV	[64-64]	64	578890
COV	[65-65]	65	568638
COV	[66-66]	66	558945
COV	[67-67]	67	550805
COV	[68-68]	68	542663
COV	[69-69]	69	533392
COV	[70-70]	70	524612
COV	[71-71]	71	515271
COV	[72-72]	72	508470
COV	[73-73]	73	501371
COV	[74-74]	74	493518
COV	[75-75]	75	484388
COV	[76-76]	76	476150
COV	[77-77]	77	468167
COV	[78-78]	78	460171
COV	[79-79]	79	452388
COV	[80-80]	80	444594
COV	[81-81]	81	435536
COV	[82-82]	82	430319
COV	[83-83]	83	422844
COV	[84-84]	84	415313
COV	[85-85]	85	409620
COV	[86-86]	86	402444
COV	[87-87]	87	396082
COV	[88-88]	88	389227
COV	[89-89]	89	382051
COV	[90-90]	90	375317
COV	[91-91]	91	368101
COV	[92-92]	92	362684
COV	[93-93]	93	357396
COV	[94-94]	94	351353
COV	[95-95]	95	345702
COV	[96-96]	96	339114
COV	[97-97]	97	333802
COV	[98-98]	98	329706
COV	[99-99]	99	323434
COV	[100-100]	100	319061
COV	[101-101]	101	311864
COV	[102-102]	102	307103
COV	[103-103]	103	302279
COV	[104-104]	104	298364
COV	[105-105]	105	292121
COV	[106-106]	106	287364
COV	[107-107]	107	283060
COV	[108-108]	108	277987
COV	[109-109]	109	273682
COV	[110-110]	110	269252
COV	[111-111]	111	264451
COV	[112-112]	112	259786
COV	[113-113]	113	254009
COV	[114-114]	114	249801
COV	[115-115]	115	245448
COV	[116-116]	116	242586
COV	[117-117]	117	238778
COV	[118-118]	118	235793
COV	[119-119]	119	229805
COV	[120-120]	120	226199
COV	[121-121]	121	222262
COV	[122-122]	122	218645
COV	[123-123]	123	213963
COV	[124-124]	124	210456
COV	[125-125]	125	207667
COV	[126-126]	126	202781
COV	[127-127]	127	200481
COV	[128-128]	128	196595
COV	[129-129]	129	193189
COV	[130-130]	130	189051
COV	[131-131]	131	186358
COV	[132-132]	132	182716
COV	[133-133]	133	179821
COV	[134-134]	134	178051
COV	[135-135]	135	174471
COV	[136-136]	136	171149
COV	[137-137]	137	168110
COV	[138-138]	138	166423
COV	[139-139]	139	163958
COV	[140-140]	140	160918
COV	[141-141]	141	157663
COV	[142-142]	142	155793
COV	[143-143]	143	154514
COV	[144-144]	144	150900
COV	[145-145]	145	148143
COV	[146-146]	146	145853
COV	[147-147]	147	142522
COV	[148-148]	148	141027
COV	[149-149]	149	138487
COV	[150-150]	150	135923
COV	[151-151]	151	132640
COV	[152-152]	152	131146
COV	[153-153]	153	129134
COV	[154-154]	154	127036
COV	[155-155]	155	124051
COV	[156-156]	156	121797
COV	[157-157]	157	119553
COV	[158-158]	158	117914
COV	[159-159]	159	115804
COV	[160-160]	160	113762
COV	[161-161]	161	112499
COV	[162-162]	162	110397
COV	[163-163]	163	109065
COV	[164-164]	164	107359
COV	[165-165]	165	105320
COV	[166-166]	166	103030
COV	[167-167]	167	101614
COV	[168-168]	168	99477
COV	[169-169]	169	98013
COV	[170-170]	170	96212
COV	[171-171]	171	94942
COV	[172-172]	172	93558
COV	[173-173]	173	91524
COV	[174-174]	174	90176
COV	[175-175]	175	88932
COV	[176-176]	176	86943
COV	[177-177]	177	85336
COV	[178-178]	178	84277
COV	[179-179]	179	82949
COV	[180-180]	180	81508
COV	[181-181]	181	80513
COV	[182-182]	182	78913
COV	[183-183]	183	77459
COV	[184-184]	184	75658
COV	[185-185]	185	74635
COV	[186-186]	186	73621
COV	[187-187]	187	72454
COV	[188-188]	188	71573
COV	[189-189]	189	70070
COV	[190-190]	190	69533
COV	[191-191]	191	67536
COV	[192-192]	192	66991
COV	[193-193]	193	66032
COV	[194-194]	194	64852
COV	[195-195]	195	63834
COV	[196-196]	196	62890
COV	[197-197]	197	61777
COV	[198-198]	198	60713
COV	[199-199]	199	59643
COV	[200-200]	200	58599
COV	[201-201]	201	57951
COV	[202-202]	202	57264
COV	[203-203]	203	56111
COV	[204-204]	204	55398
COV	[205-205]	205	54373
COV	[206-206]	206	53457
COV	[207-207]	207	52601
COV	[208-208]	208	51397
COV	[209-209]	209	51176
COV	[210-210]	210	50098
COV	[211-211]	211	48799
COV	[212-212]	212	48664
COV	[213-213]	213	47638
COV	[214-214]	214	46782
COV	[215-215]	215	46022
COV	[216-216]	216	45560
COV	[217-217]	217	44086
COV	[218-218]	218	44132
COV	[219-219]	219	43271
COV	[220-220]	220	42534
COV	[221-221]	221	41865
COV	[222-222]	222	41047
COV	[223-223]	223	40132
COV	[224-224]	224	39659
COV	[225-225]	225	38989
COV	[226-226]	226	38164
COV	[227-227]	227	37034
COV	[228-228]	228	37279
COV	[229-229]	229	36347
COV	[230-230]	230	35884
COV	[231-231]	231	35539
COV	[232-232]	232	34940
COV	[233-233]	233	34455
COV	[234-234]	234	33526
COV	[235-235]	235	33101
COV	[236-236]	236	32810
COV	[237-237]	237	32130
COV	[238-238]	238	31989
COV	[239-239]	239	31387
COV	[240-240]	240	31235
COV	[241-241]	241	30648
COV	[242-242]	242	30613
COV	[243-243]	243	30087
COV	[244-244]	244	29626
COV	[245-245]	245	29238
COV	[246-246]	246	28632
COV	[247-247]	247	28333
COV	[248-248]	248	27872
COV	[249-249]	249	27242
COV	[250-250]	250	27265
COV	[251-251]	251	26368
COV	[252-252]	252	26058
COV	[253-253]	253	25169
COV	[254-254]	254	24844
COV	[255-255]	255	24842
COV	[256-256]	256	24202
COV	[257-257]	257	24016
COV	[258-258]	258	23880
COV	[259-259]	259	23716
COV	[260-260]	260	23100
COV	[261-261]	261	22745
COV	[262-262]	262	22825
COV	[263-263]	263	22024
COV	[264-264]	264	21932
COV	[265-265]	265	21598
COV	[266-266]	266	21233
COV	[267-267]	267	21078
COV	[268-268]	268	20789
COV	[269-269]	269	20458
COV	[270-270]	270	19909
COV	[271-271]	271	19606
COV	[272-272]	272	19575
COV	[273-273]	273	19448
COV	[274-274]	274	19332
COV	[275-275]	275	19059
COV	[276-276]	276	18769
COV	[277-277]	277	18358
COV	[278-278]	278	18123
COV	[279-279]	279	17695
COV	[280-280]	280	17394
COV	[281-281]	281	17269
COV	[282-282]	282	16974
COV	[283-283]	283	16733
COV	[284-284]	284	16476
COV	[285-285]	285	16447
COV	[286-286]	286	15859
COV	[287-287]	287	15971
COV	[288-288]	288	15555
COV	[289-289]	289	15371
COV	[290-290]	290	14902
COV	[291-291]	291	14854
COV	[292-292]	292	14820
COV	[293-293]	293	14481
COV	[294-294]	294	14212
COV	[295-295]	295	14287
COV	[296-296]	296	14184
COV	[297-297]	297	13936
COV	[298-298]	298	13595
COV	[299-299]	299	13351
COV	[300-300]	300	13421
COV	[301-301]	301	13133
COV	[302-302]	302	13007
COV	[303-303]	303	12955
COV	[304-304]	304	12882
COV	[305-305]	305	12524
COV	[306-306]	306	12435
COV	[307-307]	307	12335
COV	[308-308]	308	11982
COV	[309-309]	309	11937
COV	[310-310]	310	11803
COV	[311-311]	311	11692
COV	[312-312]	312	11436
COV	[313-313]	313	11264
COV	[314-314]	314	11203
COV	[315-315]	315	10974
COV	[316-316]	316	10793
COV	[317-317]	317	10787
COV	[318-318]	318	10525
COV	[319-319]	319	10488
COV	[320-320]	320	10250
COV	[321-321]	321	10388
COV	[322-322]	322	10317
COV	[323-323]	323	10167
COV	[324-324]	324	10070
COV	[325-325]	325	9720
COV	[326-326]	326	9701
COV	[327-327]	327	9588
COV	[328-328]	328	9343
COV	[329-329]	329	9190
COV	[330-330]	330	9165
COV	[331-331]	331	9169
COV	[332-332]	332	8823
COV	[333-333]	333	8825
COV	[334-334]	334	8593
COV	[335-335]	335	8521
COV	[336-336]	336	8523
COV	[337-337]	337	8385
COV	[338-338]	338	8358
COV	[339-339]	339	8006
COV	[340-340]	340	8087
COV	[341-341]	341	7909
COV	[342-342]	342	7808
COV	[343-343]	343	7668
COV	[344-344]	344	7592
COV	[345-345]	345	7560
COV	[346-346]	346	7404
COV	[347-347]	347	7211
COV	[348-348]	348	7290
COV	[349-349]	349	7225
COV	[350-350]	350	7067
COV	[351-351]	351	7000
COV	[352-352]	352	7172
COV	[353-353]	353	6970
COV	[354-354]	354	6967
COV	[355-355]	355	6954
COV	[356-356]	356	6856
COV	[357-357]	357	6650
COV	[358-358]	358	6734
COV	[359-359]	359	6747
COV	[360-360]	360	6665
COV	[361-361]	361	6493
COV	[362-362]	362	6349
COV	[363-363]	363	6379
COV	[364-364]	364	6250
COV	[365-365]	365	6166
COV	[366-366]	366	6155
COV	[367-367]	367	6139
COV	[368-368]	368	6110
COV	[369-369]	369	6029
COV	[370-370]	370	6066
COV	[371-371]	371	5894
COV	[372-372]	372	5877
COV	[373-373]	373	5652
COV	[374-374]	374	5614
COV	[375-375]	375	5563
COV	[376-376]	376	5487
COV	[377-377]	377	5408
COV	[378-378]	378	5359
COV	[379-379]	379	5147
COV	[380-380]	380	5300
COV	[381-381]	381	5175
COV	[382-382]	382	5201
COV	[383-383]	383	5203
COV	[384-384]	384	5081
COV	[385-385]	385	5035
COV	[386-386]	386	5031
COV	[387-387]	387	4887
COV	[388-388]	388	4907
COV	[389-389]	389	4798
COV	[390-390]	390	4861
COV	[391-391]	391	4693
COV	[392-392]	392	4485
COV	[393-393]	393	4645
COV	[394-394]	394	4472
COV	[395-395]	395	4355
COV	[396-396]	396	4460
COV	[397-397]	397	4293
COV	[398-398]	398	4285
COV	[399-399]	399	4375
COV	[400-400]	400	4245
COV	[401-401]	401	4201
COV	[402-402]	402	4108
COV	[403-403]	403	4112
COV	[404-404]	404	4193
COV	[405-405]	405	4095
COV	[406-406]	406	4012
COV	[407-407]	407	4104
COV	[408-408]	408	3915
COV	[409-409]	409	3932
COV	[410-410]	410	3843
COV	[411-411]	411	3840
COV	[412-412]	412	3841
COV	[413-413]	413	3808
COV	[414-414]	414	3842
COV	[415-415]	415	3695
COV	[416-416]	416	3625
COV	[417-417]	417	3590
COV	[418-418]	418	3664
COV	[419-419]	419	3573
COV	[420-420]	420	3553
COV	[421-421]	421	3503
COV	[422-422]	422	3627
COV	[423-423]	423	3533
COV	[424-424]	424	3393
COV	[425-425]	425	3457
COV	[426-426]	426	3537
COV	[427-427]	427	3370
COV	[428-428]	428	3360
COV	[429-429]	429	3385
COV	[430-430]	430	3223
COV	[431-431]	431	3134
COV	[432-432]	432	3194
COV	[433-433]	433	3259
COV	[434-434]	434	3116
COV	[435-435]	435	3069
COV	[436-436]	436	3076
COV	[437-437]	437	3102
COV	[438-438]	438	3135
COV	[439-439]	439	2966
COV	[440-440]	440	2971
COV	[441-441]	441	3113
COV	[442-442]	442	2970
COV	[443-443]	443	3013
COV	[444-444]	444	2879
COV	[445-445]	445	2896
COV	[446-446]	446	2907
COV	[447-447]	447	2969
COV	[448-448]	448	2777
COV	[449-449]	449	2839
COV	[450-450]	450	2718
COV	[451-451]	451	2790
COV	[452-452]	452	2798
COV	[453-453]	453	2751
COV	[454-454]	454	2783
COV	[455-455]	455	2729
COV	[456-456]	456	2746
COV	[457-457]	457	2637
COV	[458-458]	458	2663
COV	[459-459]	459	2690
COV	[460-460]	460	2625
COV	[461-461]	461	2688
COV	[462-462]	462	2578
COV	[463-463]	463	2611
COV	[464-464]	464	2575
COV	[465-465]	465	2508
COV	[466-466]	466	2453
COV	[467-467]	467	2526
COV	[468-468]	468	2451
COV	[469-469]	469	2387
COV	[470-470]	470	2427
COV	[471-471]	471	2347
COV	[472-472]	472	2331
COV	[473-473]	473	2280
COV	[474-474]	474	2370
COV	[475-475]	475	2332
COV	[476-476]	476	2364
COV	[477-477]	477	2286
COV	[478-478]	478	2372
COV	[479-479]	479	2367
COV	[480-480]	480	2300
COV	[481-481]	481	2197
COV	[482-482]	482	2162
COV	[483-483]	483	2187
COV	[484-484]	484	2157
COV	[485-485]	485	2063
COV	[486-486]	486	2119
COV	[487-487]	487	2153
COV	[488-488]	488	2082
COV	[489-489]	489	2103
COV	[490-490]	490	2027
COV	[491-491]	491	2108
COV	[492-492]	492	2052
COV	[493-493]	493	2039
COV	[494-494]	494	2053
COV	[495-495]	495	1928
COV	[496-496]	496	2079
COV	[497-497]	497	1977
COV	[498-498]	498	2027
COV	[499-499]	499	1931
COV	[500-500]	500	2015
COV	[501-501]	501	1867
COV	[502-502]	502	1870
COV	[503-503]	503	1891
COV	[504-504]	504	1879
COV	[505-505]	505	1779
COV	[506-506]	506	1799
COV	[507-507]	507	1816
COV	[508-508]	508	1788
COV	[509-509]	509	1726
COV	[510-510]	510	1855
COV	[511-511]	511	1725
COV	[512-512]	512	1750
COV	[513-513]	513	1708
COV	[514-514]	514	1782
COV	[515-515]	515	1688
COV	[516-516]	516	1688
COV	[517-517]	517	1672
COV	[518-518]	518	1643
COV	[519-519]	519	1681
COV	[520-520]	520	1646
COV	[521-521]	521	1629
COV	[522-522]	522	1657
COV	[523-523]	523	1649
COV	[524-524]	524	1654
COV	[525-525]	525	1589
COV	[526-526]	526	1651
COV	[527-527]	527	1576
COV	[528-528]	528	1606
COV	[529-529]	529	1595
COV	[530-530]	530	1622
COV	[531-531]	531	1577
COV	[532-532]	532	1576
COV	[533-533]	533	1583
COV	[534-534]	534	1533
COV	[535-535]	535	1620
COV	[536-536]	536	1654
COV	[537-537]	537	1625
COV	[538-538]	538	1586
COV	[539-539]	539	1534
COV	[540-540]	540	1502
COV	[541-541]	541	1566
COV	[542-542]	542	1486
COV	[543-543]	543	1491
COV	[544-544]	544	1531
COV	[545-545]	545	1541
COV	[546-546]	546	1431
COV	[547-547]	547	1400
COV	[548-548]	548	1464
COV	[549-549]	549	1477
COV	[550-550]	550	1395
COV	[551-551]	551	1327
COV	[552-552]	552	1487
COV	[553-553]	553	1422
COV	[554-554]	554	1323
COV	[555-555]	555	1296
COV	[556-556]	556	1358
COV	[557-557]	557	1370
COV	[558-558]	558	1392
COV	[559-559]	559	1365
COV	[560-560]	560	1366
COV	[561-561]	561	1265
COV	[562-562]	562	1319
COV	[563-563]	563	1288
COV	[564-564]	564	1317
COV	[565-565]	565	1324
COV	[566-566]	566	1354
COV	[567-567]	567	1314
COV	[568-568]	568	1279
COV	[569-569]	569	1275
COV	[570-570]	570	1201
COV	[571-571]	571	1239
COV	[572-572]	572	1251
COV	[573-573]	573	1272
COV	[574-574]	574	1206
COV	[575-575]	575	1233
COV	[576-576]	576	1242
COV	[577-577]	577	1252
COV	[578-578]	578	1194
COV	[579-579]	579	1164
COV	[580-580]	580	1230
COV	[581-581]	581	1181
COV	[582-582]	582	1123
COV	[583-583]	583	1199
COV	[584-584]	584	1246
COV	[585-585]	585	1220
COV	[586-586]	586	1199
COV	[587-587]	587	1199
COV	[588-588]	588	1234
COV	[589-589]	589	1213
COV	[590-590]	590	1140
COV	[591-591]	591	1123
COV	[592-592]	592	1147
COV	[593-593]	593	1115
COV	[594-594]	594	1146
COV	[595-595]	595	1115
COV	[596-596]	596	1109
COV	[597-597]	597	1110
COV	[598-598]	598	1127
COV	[599-599]	599	1071
COV	[600-600]	600	1070
COV	[601-601]	601	1068
COV	[602-602]	602	1087
COV	[603-603]	603	1079
COV	[604-604]	604	1065
COV	[605-605]	605	1097
COV	[606-606]	606	1015
COV	[607-607]	607	1041
COV	[608-608]	608	1059
COV	[609-609]	609	1069
COV	[610-610]	610	1049
COV	[611-611]	611	1069
COV	[612-612]	612	982
COV	[613-613]	613	1071
COV	[614-614]	614	1023
COV	[615-615]	615	1009
COV	[616-616]	616	1052
COV	[617-617]	617	993
COV	[618-618]	618	991
COV	[619-619]	619	990
COV	[620-620]	620	1039
COV	[621-621]	621	1019
COV	[622-622]	622	975
COV	[623-623]	623	989
COV	[624-624]	624	933
COV	[625-625]	625	987
COV	[626-626]	626	970
COV	[627-627]	627	993
COV	[628-628]	628	950
COV	[629-629]	629	983
COV	[630-630]	630	948
COV	[631-631]	631	1037
COV	[632-632]	632	980
COV	[633-633]	633	978
COV	[634-634]	634	952
COV	[635-635]	635	916
COV	[636-636]	636	913
COV	[637-637]	637	939
COV	[638-638]	638	923
COV	[639-639]	639	928
COV	[640-640]	640	924
COV	[641-641]	641	893
COV	[642-642]	642	929
COV	[643-643]	643	954
COV	[644-644]	644	931
COV	[645-645]	645	889
COV	[646-646]	646	908
COV	[647-647]	647	857
COV	[648-648]	648	905
COV	[649-649]	649	895
COV	[650-650]	650	874
COV	[651-651]	651	940
COV	[652-652]	652	860
COV	[653-653]	653	863
COV	[654-654]	654	819
COV	[655-655]	655	872
COV	[656-656]	656	831
COV	[657-657]	657	837
COV	[658-658]	658	819
COV	[659-659]	659	814
COV	[660-660]	660	833
COV	[661-661]	661	855
COV	[662-662]	662	848
COV	[663-663]	663	797
COV	[664-664]	664	887
COV	[665-665]	665	828
COV	[666-666]	666	895
COV	[667-667]	667	890
COV	[668-668]	668	812
COV	[669-669]	669	828
COV	[670-670]	670	853
COV	[671-671]	671	864
COV	[672-672]	672	793
COV	[673-673]	673	828
COV	[674-674]	674	771
COV	[675-675]	675	772
COV	[676-676]	676	812
COV	[677-677]	677	866
COV	[678-678]	678	811
COV	[679-679]	679	827
COV	[680-680]	680	805
COV	[681-681]	681	801
COV	[682-682]	682	818
COV	[683-683]	683	802
COV	[684-684]	684	819
COV	[685-685]	685	789
COV	[686-686]	686	839
COV	[687-687]	687	769
COV	[688-688]	688	782
COV	[689-689]	689	748
COV	[690-690]	690	788
COV	[691-691]	691	716
COV	[692-692]	692	730
COV	[693-693]	693	716
COV	[694-694]	694	834
COV	[695-695]	695	747
COV	[696-696]	696	714
COV	[697-697]	697	794
COV	[698-698]	698	776
COV	[699-699]	699	752
COV	[700-700]	700	780
COV	[701-701]	701	744
COV	[702-702]	702	778
COV	[703-703]	703	692
COV	[704-704]	704	770
COV	[705-705]	705	751
COV	[706-706]	706	760
COV	[707-707]	707	778
COV	[708-708]	708	735
COV	[709-709]	709	689
COV	[710-710]	710	704
COV	[711-711]	711	681
COV	[712-712]	712	664
COV	[713-713]	713	705
COV	[714-714]	714	711
COV	[715-715]	715	645
COV	[716-716]	716	649
COV	[717-717]	717	665
COV	[718-718]	718	658
COV	[719-719]	719	719
COV	[720-720]	720	666
COV	[721-721]	721	669
COV	[722-722]	722	704
COV	[723-723]	723	669
COV	[724-724]	724	699
COV	[725-725]	725	675
COV	[726-726]	726	727
COV	[727-727]	727	638
COV	[728-728]	728	640
COV	[729-729]	729	649
COV	[730-730]	730	663
COV	[731-731]	731	661
COV	[732-732]	732	660
COV	[733-733]	733	659
COV	[734-734]	734	646
COV	[735-735]	735	662
COV	[736-736]	736	701
COV	[737-737]	737	665
COV	[738-738]	738	667
COV	[739-739]	739	632
COV	[740-740]	740	623
COV	[741-741]	741	628
COV	[742-742]	742	624
COV	[743-743]	743	591
COV	[744-744]	744	619
COV	[745-745]	745	645
COV	[746-746]	746	623
COV	[747-747]	747	610
COV	[748-748]	748	621
COV	[749-749]	749	598
COV	[750-750]	750	592
COV	[751-751]	751	592
COV	[752-752]	752	601
COV	[753-753]	753	608
COV	[754-754]	754	579
COV	[755-755]	755	576
COV	[756-756]	756	554
COV	[757-757]	757	605
COV	[758-758]	758	585
COV	[759-759]	759	577
COV	[760-760]	760	574
COV	[761-761]	761	624
COV	[762-762]	762	563
COV	[763-763]	763	575
COV	[764-764]	764	559
COV	[765-765]	765	577
COV	[766-766]	766	543
COV	[767-767]	767	618
COV	[768-768]	768	567
COV	[769-769]	769	571
COV	[770-770]	770	565
COV	[771-771]	771	547
COV	[772-772]	772	610
COV	[773-773]	773	606
COV	[774-774]	774	601
COV	[775-775]	775	612
COV	[776-776]	776	613
COV	[777-777]	777	598
COV	[778-778]	778	584
COV	[779-779]	779	572
COV	[780-780]	780	576
COV	[781-781]	781	580
COV	[782-782]	782	577
COV	[783-783]	783	572
COV	[784-784]	784	542
COV	[785-785]	785	530
COV	[786-786]	786	530
COV	[787-787]	787	496
COV	[788-788]	788	550
COV	[789-789]	789	505
COV	[790-790]	790	560
COV	[791-791]	791	500
COV	[792-792]	792	569
COV	[793-793]	793	570
COV	[794-794]	794	532
COV	[795-795]	795	547
COV	[796-796]	796	513
COV	[797-797]	797	564
COV	[798-798]	798	540
COV	[799-799]	799	523
COV	[800-800]	800	530
COV	[801-801]	801	505
COV	[802-802]	802	527
COV	[803-803]	803	529
COV	[804-804]	804	507
COV	[805-805]	805	528
COV	[806-806]	806	518
COV	[807-807]	807	498
COV	[808-808]	808	514
COV	[809-809]	809	502
COV	[810-810]	810	492
COV	[811-811]	811	531
COV	[812-812]	812	538
COV	[813-813]	813	508
COV	[814-814]	814	520
COV	[815-815]	815	493
COV	[816-816]	816	484
COV	[817-817]	817	479
COV	[818-818]	818	485
COV	[819-819]	819	556
COV	[820-820]	820	493
COV	[821-821]	821	473
COV	[822-822]	822	464
COV	[823-823]	823	486
COV	[824-824]	824	458
COV	[825-825]	825	459
COV	[826-826]	826	460
COV	[827-827]	827	463
COV	[828-828]	828	436
COV	[829-829]	829	474
COV	[830-830]	830	485
COV	[831-831]	831	426
COV	[832-832]	832	469
COV	[833-833]	833	460
COV	[834-834]	834	438
COV	[835-835]	835	462
COV	[836-836]	836	467
COV	[837-837]	837	474
COV	[838-838]	838	459
COV	[839-839]	839	461
COV	[840-840]	840	416
COV	[841-841]	841	453
COV	[842-842]	842	459
COV	[843-843]	843	443
COV	[844-844]	844	471
COV	[845-845]	845	419
COV	[846-846]	846	466
COV	[847-847]	847	446
COV	[848-848]	848	454
COV	[849-849]	849	441
COV	[850-850]	850	470
COV	[851-851]	851	443
COV	[852-852]	852	460
COV	[853-853]	853	463
COV	[854-854]	854	510
COV	[855-855]	855	455
COV	[856-856]	856	422
COV	[857-857]	857	424
COV	[858-858]	858	426
COV	[859-859]	859	442
COV	[860-860]	860	423
COV	[861-861]	861	434
COV	[862-862]	862	436
COV	[863-863]	863	418
COV	[864-864]	864	431
COV	[865-865]	865	470
COV	[866-866]	866	439
COV	[867-867]	867	473
COV	[868-868]	868	431
COV	[869-869]	869	396
COV	[870-870]	870	458
COV	[871-871]	871	435
COV	[872-872]	872	416
COV	[873-873]	873	400
COV	[874-874]	874	414
COV	[875-875]	875	430
COV	[876-876]	876	423
COV	[877-877]	877	430
COV	[878-878]	878	375
COV	[879-879]	879	392
COV	[880-880]	880	376
COV	[881-881]	881	426
COV	[882-882]	882	355
COV	[883-883]	883	372
COV	[884-884]	884	379
COV	[885-885]	885	384
COV	[886-886]	886	387
COV	[887-887]	887	375
COV	[888-888]	888	398
COV	[889-889]	889	381
COV	[890-890]	890	352
COV	[891-891]	891	367
COV	[892-892]	892	381
COV	[893-893]	893	359
COV	[894-894]	894	358
COV	[895-895]	895	365
COV	[896-896]	896	338
COV	[897-897]	897	358
COV	[898-898]	898	376
COV	[899-899]	899	377
COV	[900-900]	900	383
COV	[901-901]	901	360
COV	[902-902]	902	387
COV	[903-903]	903	377
COV	[904-904]	904	359
COV	[905-905]	905	355
COV	[906-906]	906	372
COV	[907-907]	907	379
COV	[908-908]	908	305
COV	[909-909]	909	342
COV	[910-910]	910	362
COV	[911-911]	911	381
COV	[912-912]	912	324
COV	[913-913]	913	337
COV	[914-914]	914	314
COV	[915-915]	915	329
COV	[916-916]	916	327
COV	[917-917]	917	347
COV	[918-918]	918	368
COV	[919-919]	919	316
COV	[920-920]	920	350
COV	[921-921]	921	363
COV	[922-922]	922	329
COV	[923-923]	923	347
COV	[924-924]	924	335
COV	[925-925]	925	355
COV	[926-926]	926	312
COV	[927-927]	927	354
COV	[928-928]	928	325
COV	[929-929]	929	340
COV	[930-930]	930	341
COV	[931-931]	931	305
COV	[932-932]	932	321
COV	[933-933]	933	333
COV	[934-934]	934	317
COV	[935-935]	935	351
COV	[936-936]	936	365
COV	[937-937]	937	317
COV	[938-938]	938	356
COV	[939-939]	939	321
COV	[940-940]	940	344
COV	[941-941]	941	299
COV	[942-942]	942	303
COV	[943-943]	943	348
COV	[944-944]	944	335
COV	[945-945]	945	320
COV	[946-946]	946	348
COV	[947-947]	947	317
COV	[948-948]	948	327
COV	[949-949]	949	345
COV	[950-950]	950	339
COV	[951-951]	951	293
COV	[952-952]	952	336
COV	[953-953]	953	331
COV	[954-954]	954	328
COV	[955-955]	955	314
COV	[956-956]	956	310
COV	[957-957]	957	314
COV	[958-958]	958	294
COV	[959-959]	959	277
COV	[960-960]	960	293
COV	[961-961]	961	319
COV	[962-962]	962	294
COV	[963-963]	963	299
COV	[964-964]	964	325
COV	[965-965]	965	313
COV	[966-966]	966	297
COV	[967-967]	967	307
COV	[968-968]	968	327
COV	[969-969]	969	315
COV	[970-970]	970	297
COV	[971-971]	971	308
COV	[972-972]	972	316
COV	[973-973]	973	256
COV	[974-974]	974	322
COV	[975-975]	975	308
COV	[976-976]	976	283
COV	[977-977]	977	300
COV	[978-978]	978	319
COV	[979-979]	979	304
COV	[980-980]	980	269
COV	[981-981]	981	265
COV	[982-982]	982	287
COV	[983-983]	983	272
COV	[984-984]	984	250
COV	[985-985]	985	266
COV	[986-986]	986	288
COV	[987-987]	987	286
COV	[988-988]	988	273
COV	[989-989]	989	282
COV	[990-990]	990	294
COV	[991-991]	991	276
COV	[992-992]	992	262
COV	[993-993]	993	265
COV	[994-994]	994	253
COV	[995-995]	995	269
COV	[996-996]	996	285
COV	[997-997]	997	282
COV	[998-998]	998	262
COV	[999-999]	999	264
COV	[1000-1000]	1000	249
COV	[1000<]	1000	77864
# GC-depth. Use `grep ^GCD | cut -f 2-` to extract this part. The columns are: GC%, unique sequence percentiles, 10th, 25th, 50th, 75th and 90th depth percentile
GCD	0.0	0.021	0.005	0.005	0.005	0.005	0.006
GCD	6.0	0.021	0.076	0.076	0.076	0.076	0.076
GCD	9.0	0.022	0.020	0.020	0.020	0.020	0.020
GCD	12.0	0.023	0.010	0.010	0.010	0.010	0.010
GCD	13.0	0.023	0.030	0.030	0.030	0.030	0.030
GCD	14.0	0.025	0.020	0.020	0.275	0.530	0.530
GCD	15.0	0.027	0.005	0.005	0.015	0.030	0.030
GCD	16.0	0.028	0.303	0.303	0.303	0.303	0.303
GCD	18.0	0.031	0.010	0.013	0.066	0.182	0.252
GCD	19.0	0.033	0.010	0.010	0.010	0.010	0.010
GCD	20.0	0.033	0.010	0.010	0.010	0.010	0.010
GCD	21.0	0.035	0.010	0.010	0.066	0.081	0.081
GCD	22.0	0.039	0.020	0.050	0.303	4.059	6.892
GCD	23.0	0.043	0.010	0.043	0.126	0.245	0.288
GCD	24.0	0.049	0.005	0.010	0.030	0.366	1.534
GCD	25.0	0.052	0.076	0.121	0.182	0.714	1.211
GCD	26.0	0.057	0.015	0.040	0.061	2.502	2.553
GCD	27.0	0.077	0.018	0.045	1.675	2.846	3.733
GCD	28.0	0.120	0.012	0.059	0.817	2.674	4.416
GCD	29.0	0.223	0.040	0.061	1.481	3.360	5.484
GCD	30.0	0.417	0.050	0.096	2.038	4.547	7.704
GCD	31.0	0.765	0.050	0.081	1.786	4.697	9.225
GCD	32.0	1.446	0.061	0.091	1.642	5.296	10.656
GCD	33.0	2.614	0.061	0.091	0.429	4.865	10.467
GCD	34.0	4.458	0.071	0.101	0.161	5.076	10.573
GCD	35.0	7.222	0.071	0.091	0.146	4.272	10.319
GCD	36.0	10.947	0.071	0.096	0.141	2.755	8.972
GCD	37.0	15.714	0.071	0.101	0.131	1.655	8.217
GCD	38.0	21.457	0.071	0.101	0.141	1.174	7.487
GCD	39.0	28.177	0.071	0.101	0.141	0.298	6.471
GCD	40.0	35.020	0.071	0.111	0.151	0.313	6.511
GCD	41.0	41.793	0.081	0.116	0.161	0.373	6.367
GCD	42.0	48.360	0.091	0.126	0.172	0.646	6.131
GCD	43.0	54.462	0.101	0.131	0.182	0.541	5.922
GCD	44.0	60.148	0.101	0.141	0.192	0.757	6.246
GCD	45.0	65.075	0.111	0.151	0.207	0.959	6.506
GCD	46.0	69.514	0.111	0.161	0.222	1.292	6.573
GCD	47.0	73.442	0.126	0.177	0.247	1.725	7.449
GCD	48.0	76.811	0.131	0.192	0.272	2.260	7.533
GCD	49.0	79.693	0.151	0.212	0.308	2.577	8.396
GCD	50.0	82.312	0.156	0.227	0.358	3.148	9.122
GCD	51.0	84.680	0.182	0.252	0.399	3.339	9.536
GCD	52.0	86.740	0.202	0.283	0.510	3.754	9.218
GCD	53.0	88.595	0.212	0.303	0.646	3.918	9.927
GCD	54.0	90.242	0.222	0.333	0.949	4.739	10.971
GCD	55.0	91.805	0.272	0.402	1.567	5.499	11.681
GCD	56.0	93.212	0.293	0.439	1.912	6.186	12.373
GCD	57.0	94.525	0.338	0.532	2.280	6.809	12.583
GCD	58.0	95.692	0.373	0.661	2.412	6.619	12.812
GCD	59.0	96.795	0.449	0.838	2.765	7.869	14.238
GCD	60.0	97.820	0.488	1.009	3.032	7.190	12.959
GCD	61.0	98.675	0.510	1.102	3.267	6.932	13.284
GCD	62.0	99.269	0.525	1.056	2.709	6.601	11.675
GCD	63.0	99.645	0.647	1.372	3.491	7.603	12.691
GCD	64.0	99.873	0.555	1.559	3.421	6.453	11.122
GCD	65.0	99.968	0.724	1.583	3.665	7.490	14.033
GCD	66.0	99.996	0.565	0.838	1.579	5.873	11.685
GCD	67.0	99.999	0.030	0.356	1.645	3.225	3.648
GCD	69.0	99.999	0.131	0.131	0.131	0.131	0.131
GCD	73.0	100.000	0.030	0.030	0.030	0.030	0.030
