# This file was produced by samtools stats (1.23+htslib-1.23) and can be plotted using plot-bamstats
# This file contains statistics for all reads.
# The command line was:  stats data/EAS/CHS/HG00407/aligned/HG00407.bam
# CHK, Checksum	[2]Read Names	[3]Sequences	[4]Qualities
# CHK, CRC32 of reads which passed filtering followed by addition (32bit overflow)
CHK	660bd025	1709785a	428749ad
# Summary Numbers. Use `grep ^SN | cut -f 2-` to extract this part.
SN	raw total sequences:	77875668	# excluding supplementary and secondary reads
SN	filtered sequences:	0
SN	sequences:	77875668
SN	is sorted:	1	# sorted by coordinate
SN	1st fragments:	38937834
SN	last fragments:	38937834
SN	reads mapped:	77836040
SN	reads mapped and paired:	77808206	# paired-end technology bit set + both mates mapped
SN	reads unmapped:	39628
SN	reads properly paired:	74427224	# proper-pair bit set
SN	reads paired:	77875668	# paired-end technology bit set
SN	reads duplicated:	0	# PCR or optical duplicate bit set
SN	reads MQ0:	4768617	# mapped and MQ=0
SN	reads QC failed:	0
SN	non-primary alignments:	0
SN	supplementary alignments:	52268
SN	total length:	7004831158	# ignores clipping
SN	total first fragment length:	3502415579	# ignores clipping
SN	total last fragment length:	3502415579	# ignores clipping
SN	bases mapped:	7001350096	# ignores clipping
SN	bases mapped (cigar):	6969664410	# more accurate
SN	bases trimmed:	0
SN	bases duplicated:	0
SN	mismatches:	26465829	# from NM fields
SN	error rate:	3.797289e-03	# mismatches / bases mapped (cigar)
SN	average length:	90
SN	average first fragment length:	90
SN	average last fragment length:	90
SN	maximum length:	90
SN	maximum first fragment length:	90
SN	maximum last fragment length:	90
SN	average quality:	35.8
SN	insert size average:	266.2
SN	insert size standard deviation:	99.9
SN	inward oriented pairs:	37287592
SN	outward oriented pairs:	24827
SN	pairs with other orientation:	44366
SN	pairs on different chromosomes:	1547318
SN	percentage of properly paired reads (%):	95.6
# First Fragment Qualities. Use `grep ^FFQ | cut -f 2-` to extract this part.
# Columns correspond to qualities and rows to cycles. First column is the cycle number.
FFQ	1	0	0	7423	0	0	0	0	0	83	0	193	0	363	763	7385	0	684	373	748	509	4841	2403	6909	24837	17638	9663	0	41636	69468	54113	23367	176305	35395	269118	167691	686785	1040072	1706526	5034322	29536908	11313	0
FFQ	2	0	0	61	0	0	8	45	64	226	319	614	1123	1074	2103	4193	1130	2946	2598	5036	5585	8217	13957	12630	26161	22037	25913	29853	40601	76075	65355	66273	180566	85640	291928	240055	650583	1193535	2218558	4401524	29254639	6609	0
FFQ	3	0	0	0	0	2	14	63	88	305	395	816	1350	1286	2217	4641	1595	3074	3284	5810	6785	8243	16437	13244	26952	22762	27859	29817	46316	75176	66214	70720	180815	87950	293886	254839	649152	1215894	2199394	4357297	29256706	6436	0
FFQ	4	0	0	20310	0	5	25	118	188	495	683	964	1647	1591	2433	4847	2215	3403	4298	6688	7831	8400	18035	14399	26654	23661	27423	27944	52880	73322	64994	70753	181109	89822	299229	261759	662587	1261344	2280750	4293188	29136581	5259	0
FFQ	5	0	0	0	0	240	446	685	858	1498	1902	2349	3898	3348	5130	7283	4010	5130	7421	9696	11007	12932	23266	18357	31594	28996	31894	31767	62883	83506	63660	77319	201493	90375	345562	273386	682829	1346610	2389287	4478229	28595283	3705	0
FFQ	6	0	0	98	0	469	399	665	1071	1604	1931	2438	4166	3275	4432	5511	3507	3949	6639	9259	9614	12477	20681	16794	26717	26957	30094	30291	62149	75629	48923	77765	194205	80102	360266	269119	668764	1326471	2327229	4471327	28751175	1672	0
FFQ	7	0	0	0	0	558	378	647	841	1405	1634	2054	3407	2998	4361	6762	2854	3252	5796	8180	9565	11456	20907	18647	30624	26113	30945	31967	59223	89611	55617	88243	206226	88181	383843	276152	725558	1392921	2322804	4485909	28536232	1963	0
FFQ	8	0	0	17	0	520	381	639	895	1129	1628	2086	3220	3002	4713	7605	2771	3090	5699	7921	10149	11240	22106	19503	34130	26389	31780	34134	59370	98817	60261	96180	216227	95899	408980	290506	761795	1452870	2380810	4502961	28276552	1859	0
FFQ	9	0	0	0	0	573	300	684	845	1145	1697	2154	3211	3156	5182	8164	2673	2943	5905	7867	10472	11259	23036	20114	36753	27050	32581	36185	60243	104630	62591	100889	224156	101020	430545	299847	786867	1493645	2404884	4549078	28073589	1901	0
FFQ	10	0	0	0	0	577	300	734	923	1038	1772	2320	3256	3408	5506	9481	2713	2978	6059	7710	11264	11672	24617	20892	39367	28014	33928	38847	61309	112617	65625	108598	233438	106193	454506	309901	809249	1539380	2462337	4585072	27830282	1951	0
FFQ	11	0	0	0	0	698	409	1261	1648	2468	2768	3770	4903	4322	6070	6622	5944	5008	9328	13564	13570	16876	26993	22292	32230	34932	40742	44046	73729	94851	64626	108073	232687	103762	456704	331775	799314	1586544	2549793	4751950	27481704	1858	0
FFQ	12	0	0	0	0	576	370	917	1247	1555	2265	3232	4312	4051	5881	8245	4598	3972	7916	11642	13291	15674	27763	23293	38410	34302	40950	46439	72027	111705	74402	119393	249798	117058	492932	344647	867955	1665534	2590140	4792714	27136596	2032	0
FFQ	13	0	0	0	0	571	298	975	1226	1506	2170	3106	4302	4087	6270	9597	4216	3817	7977	11259	13863	15487	29684	24636	43011	35195	41966	49239	73234	124506	80097	128145	263270	125426	523744	358833	910529	1733220	2645041	4844039	26811213	2079	0
FFQ	14	0	0	0	0	622	282	911	1282	1369	2238	3131	4334	4320	6614	10644	4196	3648	7862	11019	14331	15432	30629	25231	45461	35857	42985	51298	74188	130208	83825	134502	270836	131904	547536	370615	935988	1781617	2696497	4907686	26546580	2156	0
FFQ	15	0	0	0	0	527	281	943	1341	1356	2423	3503	4650	4671	7535	12727	4311	3631	8223	11171	15779	16298	33252	26952	49966	37726	44940	54934	76420	141254	87342	143595	284607	137624	578435	380993	964872	1836366	2734103	4975844	26247135	2104	0
FFQ	16	0	0	0	0	591	549	1718	2359	3825	4147	6235	7567	6450	8359	9455	8839	7226	13464	18846	18792	24112	35147	30587	42104	45702	54879	62374	90872	121511	87348	147548	286374	140096	587048	411784	938754	1903070	2853263	5114698	25840163	1978	0
FFQ	17	0	0	0	0	643	380	1299	1819	2539	3540	5197	6734	6257	8446	11482	6841	5549	11686	16100	18907	22888	37028	31355	49878	45201	53892	64169	90749	143283	99840	160278	307765	154575	625860	427440	1023252	1996857	2902985	5227574	25363207	2339	0
FFQ	18	0	0	0	0	664	388	1202	1728	2281	3559	5469	6933	6614	9330	13816	6672	5444	11886	15857	19964	22680	39774	32795	55801	46773	55823	69929	92717	157600	108294	174482	322107	169076	669824	446863	1068640	2077660	2988192	5257216	24967237	2544	0
FFQ	19	0	0	0	0	467	327	830	1244	1510	2546	4143	5230	5112	7703	11735	5604	5100	10344	14119	18302	19362	35324	29250	49614	43624	51636	63984	86697	142566	107208	166624	297303	169094	615273	437743	1045644	2020810	3052919	4923559	25482872	2412	0
FFQ	20	0	0	1	0	457	339	805	1232	1588	2518	4101	5059	5090	7817	12264	5630	4977	10531	14039	18611	19791	36025	29748	50854	44800	53097	65605	88486	146474	110410	172697	301592	174212	633494	449459	1067847	2058441	3107736	4953066	25276375	2566	0
FFQ	21	0	0	7	0	580	578	1534	2045	3630	3949	6433	7304	6549	8691	9434	9191	8155	14370	19901	20301	25511	35272	31490	42178	47465	56982	68043	91315	123816	94820	165052	287099	156739	621996	440669	986611	2004973	3161440	4977458	25393920	2333	0
FFQ	22	0	0	8	0	528	378	1130	1694	2596	3755	6263	7607	7231	9634	13382	7673	6528	13212	17918	21521	25612	38820	33165	51445	48835	57726	71709	93789	149202	109362	184726	311322	177449	676078	466596	1075634	2113249	3258515	5015115	24855727	2700	0
FFQ	23	0	0	19	0	520	296	938	1577	2111	3570	5796	6854	6740	9465	13878	7023	5901	12441	16527	21396	24472	40134	32968	54403	49579	58169	73164	95087	157829	115581	193217	319413	187782	702331	483961	1118728	2173353	3322551	5066503	24550658	2899	0
FFQ	24	0	0	32	0	502	251	923	1641	2002	3674	5932	7056	6853	10526	15058	7084	5821	12611	16458	22455	25177	42170	34353	57692	51163	59705	76688	99270	166357	120907	203629	330139	196412	735639	499715	1150365	2229676	3396445	5100190	24240164	3099	0
FFQ	25	0	0	49	0	500	256	817	1545	1792	3315	5356	6286	6287	9289	12307	6976	6001	12543	16588	22472	24665	38782	33712	50116	52882	60292	74566	100975	149355	124563	211827	301279	211411	696516	514307	1143158	2170636	3537636	4464774	24860757	3246	0
FFQ	26	0	0	97	0	911	1304	3242	3821	6105	6098	9354	9771	8630	13016	10992	12928	11772	17557	22638	25717	33481	38231	36361	42748	55263	67491	79097	103241	127296	111258	200974	284281	195065	671735	502575	1067227	2094869	3626355	4477677	24955289	3367	0
FFQ	27	0	0	112	0	791	842	2222	3056	4489	5399	8759	10044	8865	13614	13183	10937	9757	16831	21880	26466	33708	41900	38630	49254	57698	68695	82201	108660	145497	127095	220268	301118	215063	717964	528785	1148295	2180448	3731786	4496400	24483221	3901	0
FFQ	28	0	0	130	0	849	786	2108	3019	4143	5663	8872	10220	9461	15059	16119	10830	9496	17370	21408	27856	35093	45544	40905	55659	61380	71431	87253	114977	160005	136191	237545	315671	232638	765603	557830	1203854	2264729	3858167	4466563	24059662	3745	0
FFQ	29	0	0	160	0	854	657	1887	2896	3594	5382	8218	9431	8843	15028	16037	10299	8770	16595	20901	27523	34281	45460	40248	55646	61923	72537	87483	116233	162389	139965	242627	318938	237538	775287	566570	1222370	2294933	3904528	4505662	23892068	4073	0
FFQ	30	0	0	215	0	876	642	1913	3253	3666	5803	8958	10080	9540	16346	17334	10596	9070	17222	21272	28802	36264	48459	42137	59069	65349	74996	92086	122074	170664	147303	258249	327760	251154	813978	590099	1257831	2354421	4021455	4478136	23556979	3783	0
FFQ	31	0	0	321	0	1213	1918	5052	5548	8573	8850	12891	13494	11567	18031	14145	16999	15868	22866	28579	33811	45466	47328	46461	51196	70459	85306	98534	126729	149226	142352	250317	323699	245581	792025	592087	1217126	2346855	4076082	4552789	23454559	3931	0
FFQ	32	0	0	308	0	1261	1238	3434	4488	6123	7626	11671	12598	11044	17878	16008	14772	13347	21731	27358	33586	44364	50644	48487	57741	73839	87326	101257	135378	166424	160649	272243	339174	269920	839808	626176	1304896	2444815	4213758	4534765	22955646	4623	0
FFQ	33	0	0	295	0	1344	1212	3233	4640	5675	8018	12143	13395	12150	20222	19213	14626	13360	22908	27722	36476	46653	56249	51463	64557	78995	91602	108507	144175	184324	172744	295684	355706	291674	898742	661457	1367418	2538120	4357592	4489049	22458971	4667	0
FFQ	34	0	0	283	0	1392	1147	3032	4785	5258	7837	12068	13156	11942	21350	19880	14653	12923	22743	27455	37227	47256	57950	52681	66597	81604	93179	110986	149508	188777	179637	308547	363001	304219	928081	684026	1403864	2591754	4453857	4481327	22165173	4490	0
FFQ	35	0	0	332	0	1461	1194	3060	5018	5465	8508	12983	14086	12724	23121	21926	15149	13346	24073	28663	39070	49896	61391	55114	70604	85273	97142	116702	156505	199542	184797	324385	374664	316168	963738	704882	1434866	2643164	4535641	4478799	21844547	4482	0
FFQ	36	0	0	433	0	2034	2928	6797	7534	11174	11434	16922	17438	14276	23758	17320	22163	20363	29131	35965	42953	58733	57243	58508	60948	88079	105885	121468	157914	176033	181009	314587	370052	316212	934898	717208	1414004	2676181	4617808	4520341	21697774	3953	0
FFQ	37	0	0	432	0	1978	2031	5014	6665	8498	10535	16044	17404	14563	24948	19880	19991	18321	28708	34769	44031	59371	62793	62572	69880	94274	109801	127663	170730	198186	204944	343525	390704	346992	997600	754611	1507894	2778028	4754456	4519137	21098441	4961	0
FFQ	38	0	0	426	0	1944	1943	4613	6820	7835	10811	16927	18182	15541	28118	23679	19761	17641	29356	35067	46781	62493	69381	65323	77256	99781	114687	135449	182558	216023	216800	368485	410349	369329	1058866	792931	1569845	2866039	4868750	4493681	20600803	5012	0
FFQ	39	0	0	437	0	2173	1848	4594	6981	7252	11000	16717	18258	15678	29265	24337	19872	17802	30205	35191	48606	63660	71256	67530	80394	104099	118465	138690	189819	224033	226697	386177	417800	385405	1092441	819382	1612236	2929549	4982448	4460175	20262770	4988	0
FFQ	40	0	0	482	0	2268	1957	4693	7753	7577	12125	18123	19729	16777	32159	26579	20521	18307	31798	36859	51306	67354	75739	71119	85235	110683	123827	146010	198673	236419	235241	408624	432181	403423	1142869	854726	1655073	2999315	5101389	4388717	19876925	4662	0
FFQ	41	0	0	581	0	3259	4653	9996	10678	14763	14980	21952	22643	17900	32622	21302	29029	26887	37255	44624	54848	77269	69735	74071	73713	111217	133235	150283	197781	209256	230292	390440	426767	399685	1092285	862824	1633073	3023319	5107189	4489525	19802068	4211	0
FFQ	42	0	0	580	0	3056	3164	7568	9602	11500	14587	21376	23447	18660	34418	24481	26908	24697	37824	44130	57920	79092	77692	80560	85345	120588	139739	158689	217013	235523	258482	428056	455122	440494	1168933	910821	1739642	3140399	5269159	4473411	19077095	5425	0
FFQ	43	0	0	585	0	3251	3092	7222	10344	11169	15788	23454	25395	20412	39134	28880	27500	24675	39915	46374	62167	84724	85848	85303	93972	131001	148184	169913	234084	257476	277968	463769	476990	474729	1247712	967367	1816993	3249892	5440051	4339162	18484225	5469	0
FFQ	44	0	0	631	0	3387	2888	6735	10630	9946	15389	22990	24668	19930	39909	29294	27233	24461	39379	45545	63101	84283	87816	87245	96495	134436	150446	173096	241299	264680	286977	481143	483914	489111	1274890	990901	1853775	3303771	5526039	4325923	18195406	5443	0
FFQ	45	0	0	750	0	3500	2869	6876	11362	9904	16361	24839	26312	21575	43604	32117	28513	25242	42017	47433	67105	89529	94174	91267	102312	142659	156519	181963	252675	278753	298771	503806	501917	508185	1331137	1023786	1895359	3373565	5622999	4266013	17791057	5388	0
FFQ	46	0	0	886	0	5141	7453	15091	15734	21072	21539	30778	31558	23691	45280	28345	39357	36923	49515	57714	72640	104021	86691	97255	92155	143855	170721	189616	252580	254153	295824	496563	501353	518433	1299347	1057008	1904951	3432783	5657161	4277425	17582436	4094	0
FFQ	47	0	0	878	0	4704	5282	11690	14930	16648	21348	31093	33733	24777	49366	31762	37833	34319	51445	58774	77350	108556	99303	106843	106452	159333	180730	203026	280686	287138	334425	543267	534754	563986	1390746	1115010	2011369	3549185	5813797	4231051	16788879	5639	0
FFQ	48	0	0	900	0	5201	4748	10467	15082	14758	21226	31008	33652	25408	51706	34504	36949	34121	52007	58952	80830	110381	105064	110112	113089	167275	185542	209471	296337	303408	353481	571530	553725	598195	1440570	1163425	2080226	3638615	5941584	4158666	16301219	5693	0
FFQ	49	0	0	960	0	5097	4524	10253	15707	13881	22017	32272	34898	26435	55883	37051	37783	34485	53432	59877	84763	114340	110770	114779	120163	175996	192928	218401	309935	319045	367630	599253	571002	618410	1499776	1194953	2130943	3710714	6032860	4119342	15861754	5775	0
FFQ	50	0	0	1129	0	5554	4676	10602	17325	14232	23847	34638	36473	27616	60192	39215	40113	36411	56859	62501	89595	120970	117420	121640	125096	188089	201837	229125	327111	334839	383544	634878	589419	647209	1565018	1251325	2177894	3792731	6163918	3963950	15414627	5453	0
FFQ	51	0	0	1390	0	7680	10918	20528	20905	26557	28322	38857	41171	28382	58975	34319	51949	48673	63236	71910	94142	136069	108451	124771	114260	184621	214356	236474	319413	307548	381960	622785	594053	666295	1517691	1292421	2206929	3873688	6157620	3988793	15215737	4203	0
FFQ	52	0	0	1379	0	7285	7888	16916	21450	22353	28924	41441	45718	30976	67273	38952	51657	47678	67715	75051	102907	144982	124471	138745	131951	206063	229884	255839	358286	348431	425889	682700	635889	721739	1631098	1362585	2314559	3989066	6305328	3910577	14315359	5980	0
FFQ	53	0	0	1411	0	7514	6920	15192	23036	19684	30306	43267	48127	33332	74628	44738	51892	47969	70316	77827	110810	151426	134554	146884	143926	219926	239648	267826	381427	373276	449974	717095	662313	754973	1696073	1407679	2375736	4056867	6361064	3863341	13796830	6089	0
FFQ	54	0	0	1473	0	7082	6396	14193	23573	18234	30454	43859	47980	33114	76524	45567	51650	47914	71521	78127	112100	152472	138933	149752	147661	226676	245083	274510	393578	383204	464083	743974	678711	780247	1736455	1440622	2415867	4110660	6423901	3828561	13461901	6220	0
FFQ	55	0	0	56090	0	7292	6190	13827	24086	17367	30845	44327	47555	33508	79104	47463	51631	47709	71690	78486	114624	154095	144400	153156	153261	234033	250055	280667	402963	396058	471520	776042	702775	801060	1790697	1473010	2447052	4158226	6462849	3775316	13106538	6139	0
FFQ	56	0	0	181025	0	9747	13884	26220	26480	32395	34678	48168	51819	33804	75006	40559	64823	60527	78300	87276	116867	168858	133335	154349	139654	228113	262345	288631	395019	369812	478573	763294	715652	833202	1738774	1530826	2491509	4255764	6432365	3742750	12801350	4939	0
FFQ	57	0	0	216810	0	9504	10546	21881	28056	27244	36576	52045	57959	36641	85517	45040	65116	59191	83366	90557	126973	179672	147675	169432	157767	252377	277145	306517	435320	408452	521558	822999	755973	884354	1836446	1584613	2588493	4342548	6531345	3692500	11954459	6928	0
FFQ	58	0	0	269730	0	9449	9170	19866	30172	23841	38115	54104	60369	38538	93843	50201	64690	59961	86729	92143	133367	184750	159148	177624	168167	266281	288239	318709	459053	429896	544030	862855	778806	916711	1903265	1630529	2639563	4393261	6569083	3629939	11447054	7177	0
FFQ	59	0	0	353030	0	9414	8504	19130	32346	22552	39682	56400	62801	40473	100696	54650	65654	61047	89052	94192	139579	191392	168812	184309	177036	278313	295148	329120	476923	451773	557377	899451	806537	942104	1974280	1673329	2676614	4443773	6600212	3532280	10992080	7257	0
FFQ	60	0	0	487006	0	9292	8121	18145	31274	20942	39092	55322	60198	38701	98372	54204	65066	61495	89522	94560	141611	191839	172100	188461	179375	286181	298889	336533	490027	458880	568595	934057	822867	972257	2030846	1728629	2711020	4509989	6660613	3399948	10585397	6745	0
FFQ	61	0	0	690615	0	12584	18110	33723	33666	38916	42906	58223	64449	39871	94560	47475	80521	74320	94814	103742	142650	206060	159396	187053	165240	275771	311437	339996	472580	431911	572896	901535	830379	988124	1952464	1768009	2745358	4587810	6549769	3428325	10354107	5642	0
FFQ	62	0	0	743482	0	12453	13979	28417	36020	32805	45831	63606	72973	43074	108263	53209	80921	75262	102650	108827	157513	221704	177568	207085	188209	305713	331315	365102	524425	478612	623398	971213	875230	1047227	2063525	1842112	2847469	4671027	6607886	3308891	9459420	7430	0
FFQ	63	0	0	814477	0	12283	12263	26052	39463	29519	48563	68313	76304	46093	118806	59112	81428	75904	107388	111891	165734	227641	192328	217474	200841	324065	343301	379925	551141	505081	647929	1010505	902914	1082962	2124141	1882473	2887025	4699587	6583417	3264190	8974159	7966	0
FFQ	64	0	0	918908	0	11669	10998	24013	40884	26516	48554	68174	75844	45615	121782	61006	81845	77297	108336	113476	170044	230570	199657	223184	206561	334030	351247	388029	566513	518702	662648	1046082	921755	1114954	2179139	1931128	2930756	4746479	6614696	3133537	8589253	7622	0
FFQ	65	0	0	1083504	0	11829	10779	22895	41005	25344	48286	67300	74783	45680	124778	62921	80980	76273	109681	114037	172737	232325	205422	229112	211598	342599	355246	394722	579891	530220	668108	1078645	942206	1125732	2225339	1950439	2943038	4750635	6577316	3089303	8287953	7669	0
FFQ	66	0	0	1325055	0	17807	25609	44986	43321	49038	55590	73279	83058	48753	120766	58532	100617	94514	118388	124667	178679	254953	195531	230728	199933	333609	374972	405740	566740	508860	683294	1048172	957412	1158147	2158776	2022840	2972642	4844455	6419843	3014686	7978960	6222	0
FFQ	67	0	0	1384708	0	15605	18166	36361	44367	39705	55783	75736	87895	50353	133172	61904	96945	90068	122557	127340	186218	260918	211309	245065	218518	356941	386285	420742	608489	544997	723903	1093034	993096	1193667	2229939	2021194	3058533	4855752	6394378	3100329	7345341	8625	0
FFQ	68	0	0	1471349	0	15649	16119	32989	49276	35194	59218	80359	93562	52823	146664	68342	98848	92687	127213	131802	198274	271715	226924	259108	233893	377333	401985	438689	639386	577040	752565	1140998	1025682	1234624	2294710	2082351	3100264	4876496	6344596	2989625	6849731	8629	0
FFQ	69	0	0	1597326	0	15574	15036	31556	52610	32735	61213	82813	95509	54445	154137	73528	99562	95379	131181	134060	205632	278213	237548	266781	244143	391509	410430	451409	658453	597664	766189	1178096	1048596	1262864	2351064	2129606	3127630	4900149	6305300	2871568	6477484	8484	0
FFQ	70	0	0	1794899	0	15605	14852	30035	53428	30582	61884	83309	94541	53577	157950	75218	100484	95913	133725	135243	208685	281376	243646	271616	249536	400869	414919	456642	671218	606569	772428	1215439	1068878	1285507	2400755	2156906	3134321	4893878	6251621	2769294	6201103	7848	0
FFQ	71	0	0	2110855	0	29237	39960	63373	56961	66542	72334	92288	109726	69103	167679	80315	122959	125969	145635	162197	218436	329750	248171	281801	256135	382630	481912	485739	661241	598330	870024	1128151	1129541	1419777	2136808	2208973	3407036	5058435	5927476	3298472	4834584	14455	0
FFQ	72	0	0	2175372	0	27889	32007	56837	61844	59062	78627	102325	127225	70413	194070	87937	129268	131011	160926	171695	245306	357410	274171	321830	289467	429729	511564	524727	732469	658103	942890	1220042	1182109	1495756	2271734	2288663	3503282	5034853	5733707	3008002	4184721	14840	0
FFQ	73	0	0	2259661	0	26773	28287	52001	65598	52592	81027	105969	133619	72425	207285	95940	129474	133547	166265	175930	258835	368137	291474	335904	308225	454286	529807	544171	765309	689972	976463	1265611	1206921	1540366	2320797	2326369	3545139	4998601	5622715	2891158	3849867	14171	0
FFQ	74	0	0	2379916	0	27440	27483	50354	68649	50434	83411	108750	139119	73738	218503	101332	131815	137724	170221	178210	268069	375802	304188	346092	319901	469855	540483	555901	784667	709081	992706	1304704	1229008	1572393	2370694	2375654	3570084	4981456	5527907	2768992	3561280	13528	0
FFQ	75	0	0	2566341	0	30570	29038	50649	69306	49107	83543	106801	140607	72929	215065	104035	132737	140793	170577	179157	270014	375149	308376	347646	325723	465154	537179	558626	777622	719002	987396	1312353	1251807	1581455	2399050	2406322	3533555	4946163	5454010	2643977	3534080	12454	0
FFQ	76	0	0	2860433	0	5239	12323	37108	50493	50202	55658	75059	65327	75124	134881	85111	91453	89538	120933	152832	161240	245000	282387	252159	289431	311396	430564	407580	630980	630621	767233	717701	1512602	907030	2098765	1630425	3396484	5334862	4783796	6142542	3947628	45100	0
FFQ	77	0	0	2907316	0	6272	9843	24982	31533	36663	43885	65370	64363	65474	140790	96002	76504	78121	109852	142523	154674	233961	271547	262926	315566	302454	423948	423710	617489	643935	819139	723983	1501968	927585	2108701	1634312	3560430	5462540	4801490	6118852	3627905	49471	0
FFQ	78	0	0	2981973	0	6465	9337	22500	26707	32276	41234	63872	65001	65047	149093	115523	72499	75797	107243	140171	157146	236727	278720	275974	351336	307981	430666	445391	623218	692379	846844	752482	1529746	961815	2155348	1632247	3630523	5479274	4757864	5954731	3360502	49188	0
FFQ	79	0	0	3098305	0	6644	9351	20866	24734	29569	39010	62305	65155	63256	154241	129319	69791	74993	105702	137507	157538	236822	282789	281226	375452	307954	431868	454254	623392	725747	855197	771054	1555552	976609	2198027	1634577	3673457	5483581	4717168	5823702	3178938	48017	0
FFQ	80	0	0	3301816	0	7027	9443	20001	22989	28056	36633	57578	61627	59501	149112	131308	67883	73950	102667	134930	155786	231930	280394	280527	388245	304962	427182	455346	613419	740666	851921	786821	1572822	988420	2226550	1629982	3711244	5483575	4684960	5725882	3029804	47500	0
FFQ	81	0	0	3654044	0	5472	10103	24057	29227	34513	39381	59574	55209	53672	134474	67727	58725	57408	81864	103852	122428	217231	206428	199100	242788	222256	326517	357151	451857	621816	564889	681099	1324474	783094	2044634	1363419	3018714	4725756	4673770	5900984	6341255	22225	0
FFQ	82	0	0	3734678	0	5955	7702	19257	23045	27660	37632	60810	65062	56744	159468	111464	53814	51076	80783	99380	128239	222574	227974	219271	317867	230420	333950	387758	463131	716286	618921	731935	1385009	828313	2150741	1379335	3171994	4796513	4624641	5710238	5613921	26389	0
FFQ	83	0	0	3859567	0	5984	6846	17218	21228	23226	35700	60117	65113	56125	171796	140751	50776	48905	79490	94885	131017	220616	238958	223605	355090	235417	336897	398001	466665	760015	636956	762855	1417766	853988	2198279	1387924	3227358	4825484	4598313	5626313	5211135	28396	0
FFQ	84	0	0	4083883	0	6002	6367	15920	20872	21016	35157	59937	65905	55622	181246	162293	50010	48530	79809	93162	136058	224239	250082	229832	387030	241553	340848	408619	468381	798464	640776	800654	1449641	878088	2259922	1402201	3261298	4812101	4555742	5438080	4880376	27835	0
FFQ	85	0	0	4524228	0	4956	5233	11841	15709	15848	26954	46231	49477	43099	148635	138021	44477	44113	72098	84622	125138	202067	237280	215214	375784	233550	324784	392382	453375	775193	625009	811980	1460333	884466	2288048	1413277	3277093	4825724	4549162	5397680	4704995	28238	0
FFQ	86	0	0	5371125	0	3915	6610	15749	17258	23270	28638	49246	47862	43643	135048	61337	57036	57285	82621	106245	129809	244245	219201	214104	257780	235645	361997	399346	499155	683396	646933	777876	1464739	924141	2156059	1491310	3165420	4773817	4422073	5212248	4464777	24080	0
FFQ	87	0	0	5490694	0	4863	5890	14941	16681	19419	29290	54368	60319	47349	165279	109370	50973	49386	80379	98107	134635	245198	236158	231244	335277	240593	363682	423140	503434	775807	695454	829944	1525628	961270	2261826	1499246	3303509	4801446	4312129	4977151	3892547	27173	0
FFQ	88	0	0	5677135	0	5027	5085	14405	17359	17012	30807	56796	64306	50409	187932	150901	50211	47398	80886	93335	140111	251015	253096	239075	386218	247532	366405	437835	505720	838641	707961	868277	1562280	985333	2315142	1500277	3349844	4790855	4233778	4797325	3519056	27693	0
FFQ	89	0	0	5990501	0	4610	4121	12113	16911	14114	28888	52455	58708	45743	182049	160646	50223	47028	81639	91351	144855	252483	262346	240559	408910	252271	366287	443659	502765	856891	705822	902734	1582704	1010269	2352124	1509613	3359540	4765235	4184135	4628103	3271438	27235	0
FFQ	90	0	0	6594917	0	1654	1815	4265	5986	5686	11059	20937	21992	19312	80160	75299	44074	41722	72233	81618	130462	226714	244191	221900	381960	233045	342466	413125	471233	792634	669315	883517	1561693	991786	2321435	1495363	3333475	4766874	4191656	4751289	3331793	30871	0
# Last Fragment Qualities. Use `grep ^LFQ | cut -f 2-` to extract this part.
# Columns correspond to qualities and rows to cycles. First column is the cycle number.
LFQ	1	0	0	27558	0	0	0	0	0	5895	0	0	0	2682	9583	23863	0	0	6130	0	6203	16402	8520	20073	59379	40035	21782	0	78073	133313	86988	32847	281426	52259	377429	187406	849305	1144627	1296736	2448182	31533089	188049	0
LFQ	2	0	0	23988	0	0	0	0	0	3632	0	1544	2869	5157	18236	19532	2746	6740	5762	11991	8065	25271	33086	34323	68392	35599	48161	57017	73878	138917	103306	83822	284829	120293	429098	308227	794642	1391234	1821331	1860269	31017115	98762	0
LFQ	3	0	0	33482	0	27	31	405	1133	4314	1093	2926	3561	7374	18887	21118	3435	7059	7396	13022	11685	26440	38077	32697	66801	34602	50316	56664	77162	139286	98582	93939	284168	122622	446938	319420	781687	1424821	1860637	2345932	30408275	91820	0
LFQ	4	0	0	37261	0	92	178	1020	2173	3719	2881	4701	5740	9597	18357	20111	5853	8083	10175	14932	16659	25496	41768	32574	64271	38498	49619	56385	84057	136257	95590	98687	281626	126510	462469	329492	783204	1472887	1962702	2625053	29928884	80273	0
LFQ	5	0	0	47285	0	160	440	1492	3088	4729	3981	5968	6616	11071	18667	15592	7035	9694	11818	17329	18347	27469	42019	33036	55117	40563	49153	55072	87281	124508	88832	99138	270619	125341	465888	332277	760739	1485138	2008301	2622360	29914945	66726	0
LFQ	6	0	0	0	0	183	429	1391	5775	4825	6461	5725	9249	12072	21391	10929	11116	8967	20714	18369	17994	31457	40962	31255	44306	40232	48580	53529	90672	110153	78664	101480	262249	112529	472460	320598	714874	1459766	1961510	2761189	29992055	53724	0
LFQ	7	0	0	0	0	217	467	1191	2794	3748	3531	5084	10566	9721	20295	16569	7361	14353	10441	16886	22511	27608	47325	33997	56099	43076	50240	58766	86745	130338	90582	119585	276933	122295	507489	330047	773883	1530901	2049414	2787728	29600147	68901	0
LFQ	8	0	0	0	0	235	465	1167	3471	4470	3631	4803	8854	9155	20249	20903	7236	11913	10151	18320	21491	26790	46992	35029	62991	42010	50771	60768	87340	140243	95084	124121	284858	128366	521424	338318	805551	1566880	2085993	2827480	29385681	74630	0
LFQ	9	0	0	0	0	255	364	1140	2446	3228	3714	5020	8469	8675	22462	23916	8092	10682	11127	19339	20661	27839	47295	35223	67243	42368	51736	65376	88944	147832	99598	134257	292170	134857	544980	349750	827213	1602406	2170412	2839505	29143289	75951	0
LFQ	10	0	0	0	0	305	387	1030	2428	3194	3802	5155	8948	8685	23049	24544	8310	10167	12168	18600	20692	28207	47666	35799	69739	43005	51980	65890	88841	151771	100745	136344	296867	137065	556984	352758	840203	1621838	2197547	2878390	29008773	75958	0
LFQ	11	0	0	0	0	399	729	2057	4094	5241	5377	7009	8433	12050	23652	12371	8847	10556	12840	20837	21379	34650	45027	36720	47195	46916	58231	64835	98707	122672	92683	130287	288480	132859	553838	365642	812231	1646247	2256610	3038965	28842989	66179	0
LFQ	12	0	0	0	0	480	720	1795	3441	4549	4936	6809	8130	10630	26937	20164	8116	9154	12644	18422	21462	34409	48305	39785	62567	47044	59286	72017	97824	149906	104938	147040	310475	147692	598588	382886	883494	1723653	2371035	3050806	28368607	79088	0
LFQ	13	0	0	0	0	450	541	1555	2755	3740	4357	6392	7600	9388	24964	22705	7705	8320	12221	17015	20948	32144	47870	39122	67010	47648	59301	72812	98267	156577	110258	152733	316960	153971	608712	391865	913918	1757066	2412820	3104302	28159357	84465	0
LFQ	14	0	0	0	0	528	567	1601	2785	3568	4262	6262	7404	8974	25073	24502	7572	8022	12051	16767	21109	31789	48200	39824	70889	48072	60330	75672	99304	162161	113395	158788	324770	158106	624289	399816	933683	1786890	2469411	3147685	27946516	87197	0
LFQ	15	0	0	0	0	575	566	1609	3253	3935	4629	6771	7923	9568	28391	28812	7693	7989	12457	16904	21877	34282	51319	42177	78021	49567	62789	80235	101381	175500	118783	169458	338053	165871	660623	412797	959043	1828236	2542396	3157636	27661443	85272	0
LFQ	16	0	0	0	0	726	1252	3094	4523	6348	7077	9292	10707	14556	31548	15230	11505	13293	15963	25333	26415	44188	53686	44269	54056	55666	70261	80491	114329	143515	111721	160968	326448	162954	648169	427161	908948	1855511	2573673	3316796	27515247	72915	0
LFQ	17	0	0	0	0	708	892	2454	3583	4675	6054	8659	10000	12451	33149	22626	10258	11374	15686	22046	26745	42163	55968	46885	70029	56804	70848	87111	115270	169731	126602	180164	347980	179305	693070	445817	990885	1934229	2692584	3358751	26996030	86248	0
LFQ	18	0	0	0	0	769	912	2430	3834	4743	5978	8503	10016	11685	33827	26818	9544	10598	15407	20816	26733	41661	57316	48195	78007	57682	72707	90993	116292	181472	133715	190694	356244	190303	716190	461962	1022853	1982235	2777759	3374435	26703795	90711	0
LFQ	19	0	0	0	0	821	873	2345	3489	4183	5823	8338	9511	11074	34571	29811	9733	10413	15743	20236	26895	42227	58506	48394	82262	59170	73295	94337	118644	189248	139088	199268	367944	197872	742789	474920	1051288	2023228	2853024	3412835	26423945	91691	0
LFQ	20	0	0	0	0	850	893	2367	3846	4359	6047	8859	10281	11290	37000	32623	9888	10067	15831	20352	27790	44187	60873	49567	87407	60703	76588	97751	120954	200190	142811	209645	376921	204882	767738	484243	1071571	2055444	2897926	3450589	26184393	91108	0
LFQ	21	0	0	4	0	1220	1977	4555	6119	8377	9466	12442	13639	17900	43110	17798	13984	16971	20102	31049	33838	57153	64357	55025	63458	67839	86653	102243	135631	170473	139690	204773	376431	206437	773356	510574	1046468	2121323	2974085	3626777	25824394	78143	0
LFQ	22	0	0	5	0	1211	1448	3714	4993	6303	8475	11782	13264	15713	45387	27203	12620	14155	19487	27104	33298	55696	67763	57550	81603	69794	88454	109241	138054	200183	158438	226512	399941	225140	822400	531632	1128957	2196660	3078366	3671041	25291894	92353	0
LFQ	23	0	0	9	0	1296	1372	3518	5118	6136	8436	11917	13125	14367	45824	33132	12456	13103	19845	25921	33781	54105	69961	59244	90663	71864	89833	113460	142174	213661	166445	239212	412394	236625	851690	550561	1171031	2255150	3164275	3708200	24930852	97078	0
LFQ	24	0	0	16	0	1428	1399	3690	5505	6066	9065	12693	13515	14219	48410	36619	13300	12984	21732	26197	35336	56200	72546	62155	98169	75857	92256	119596	150164	224107	176112	254633	425746	250459	886825	570555	1198118	2296364	3235973	3719596	24612198	98031	0
LFQ	25	0	0	34	0	1537	1418	3724	5565	6216	8886	12806	14162	14597	51827	41038	12724	13120	21015	26183	36547	58395	76636	63035	103134	77277	94743	125038	150107	236292	179655	264729	437456	255417	922479	581054	1227626	2347716	3347209	3734207	24289346	94884	0
LFQ	26	0	0	61	0	2005	3387	7395	8884	12048	13563	17640	19039	24135	60951	23169	18621	22836	26769	40104	45214	76156	80984	70530	76745	86963	109815	131445	169244	205754	179189	265993	439795	265394	935967	617780	1216829	2438161	3413773	3941314	23787132	83050	0
LFQ	27	0	0	64	0	2029	2319	5709	7363	9026	11635	16303	18442	19860	61140	32054	16798	18973	25792	34804	43420	72245	83681	72275	93814	89065	112178	137223	172843	232455	199693	285553	459526	284595	972108	637606	1298105	2506749	3525163	4007542	23271863	97821	0
LFQ	28	0	0	71	0	2268	2261	5693	7197	8550	11672	16839	18453	19226	64836	41234	16841	18039	26555	33762	45027	73476	88478	74873	107503	92003	114813	145251	176986	254392	211045	303841	481869	300730	1019124	661755	1348492	2575555	3602906	4031828	22831608	102782	0
LFQ	29	0	0	101	0	2519	2447	5756	7525	8085	12243	17522	19396	18850	68667	45835	17457	18220	27391	33845	47401	77227	92271	77267	114021	96459	119981	153224	185889	266331	224007	325831	493257	318174	1067329	688284	1386819	2629152	3748315	3997895	22420366	102475	0
LFQ	30	0	0	146	0	2662	2357	5680	7778	8114	12476	17878	19800	18686	71609	48476	17138	18037	27833	33563	48306	79955	94998	79213	118792	99792	124098	158362	190025	276564	229612	340152	503657	326838	1100905	702805	1409612	2668693	3789582	4032259	22149992	101389	0
LFQ	31	0	0	213	0	3150	4915	10459	11055	14892	17405	22588	24543	29476	80411	26420	22818	28706	33292	48466	56325	98417	94745	84407	87521	107343	134486	161442	202754	241687	216699	325496	500615	314237	1091960	708765	1340856	2680083	3713244	4166279	22150952	80712	0
LFQ	32	0	0	211	0	2597	3122	6801	7778	9787	12440	18114	20406	21615	67464	31651	19827	23722	30513	41133	50650	84255	89236	82901	94915	102843	134046	153700	201115	237207	243214	332123	474409	355958	1009075	736353	1425946	2651105	4051414	3657744	22345345	105669	0
LFQ	33	0	0	213	0	3013	3256	6650	7440	8836	11627	17075	20921	18693	62692	32065	20813	24624	31364	40157	52182	83279	86062	84257	92417	108009	139220	155014	213099	226906	265847	351329	446374	410554	957527	799507	1494817	2639001	4417735	3017418	22479073	105915	0
LFQ	34	0	0	205	0	2823	3028	6182	7294	8277	11231	16663	20113	17821	60565	32518	20064	23540	31108	39249	52205	82173	86141	84282	95189	108958	139325	157419	216339	229273	270281	356480	451079	415288	968612	799687	1502962	2644525	4424636	3073162	22366014	108934	0
LFQ	35	0	0	226	0	3184	3145	6712	8097	8351	12125	17806	22125	17916	65778	36066	21621	24483	33265	39958	55378	86543	89873	88899	99320	115676	144943	163854	228071	239823	282808	379546	460190	436911	1011428	835446	1541848	2699585	4613920	2955042	21980537	101982	0
LFQ	36	0	0	276	0	3669	4988	9747	9295	12466	14200	19409	23447	22772	67141	20262	22651	28198	32077	44158	54092	92778	77955	79189	69158	105187	132132	149214	198736	203512	223445	345167	409941	373396	984533	754108	1331127	2483529	4356332	2568061	23547507	57606	0
LFQ	37	0	0	265	0	3379	3684	7909	9182	9863	13241	18993	24295	19413	71432	27876	21940	24781	32455	40306	55869	92825	84458	84154	83988	111895	137105	158123	215113	227766	249623	380577	431790	404869	1041870	794289	1402804	2547539	4557873	2547601	22925247	65983	0
LFQ	38	0	0	250	0	3539	3494	7484	9918	9341	13723	19926	25832	18755	76589	35541	22286	24119	33834	39794	58820	95308	90380	87616	92458	118942	143262	166215	226315	244292	262725	405623	446499	427586	1090266	829291	1443101	2600571	4705252	2503773	22478263	68303	0
LFQ	39	0	0	251	0	3837	3364	7590	10307	8440	14026	19413	26805	17694	76428	36317	22617	24643	34457	39215	60787	96315	91212	88930	95562	123168	146527	170364	233260	250915	271446	422185	453161	444447	1112148	854489	1476196	2638942	4849199	2446695	22189759	67119	0
LFQ	40	0	0	278	0	3984	3532	7761	11026	8720	14239	20118	27561	17816	79708	38519	23444	24990	35320	39793	62688	100037	93473	91199	98520	128194	150351	174858	240599	257538	279665	437738	458785	457828	1141433	873363	1495999	2672050	4955366	2403369	21932256	65099	0
LFQ	41	0	0	342	0	5328	7341	13692	12345	16545	17680	24220	31227	27695	84711	23242	28473	36170	39452	53218	67958	115014	90388	94766	77653	129757	158351	175675	239363	231913	268191	414584	451222	450725	1106036	871081	1471859	2672352	4809490	2409311	22146395	52445	0
LFQ	42	0	0	338	0	5183	5660	11521	12771	13119	17178	23876	33363	23861	90770	31080	28136	32973	40371	49524	70904	115942	98704	101910	93348	139358	166632	186799	259075	257713	296761	453258	475601	484943	1163240	915739	1538886	2729623	4987181	2380665	21530460	58732	0
LFQ	43	0	0	331	0	5773	5357	11311	14022	12199	18301	25431	36586	22432	95738	37480	29480	33473	42558	49878	75173	120641	105405	107458	102744	149203	176174	197066	276798	275828	317178	489527	490253	523711	1218759	974807	1596432	2810842	5251986	2246987	20920819	56048	0
LFQ	44	0	0	356	0	5634	5252	10789	14715	11584	18740	25365	36648	21978	97513	40958	29798	32888	43299	49167	76619	121915	107959	109256	107591	152941	176912	201506	283724	284033	325719	501284	499779	532738	1240527	984908	1612174	2828274	5296885	2260891	20714761	58125	0
LFQ	45	0	0	423	0	6182	5493	11136	16367	11312	19564	26157	39070	21961	101000	42190	31486	33983	45145	50377	80892	126295	111050	113691	110361	160796	184178	207939	295238	292603	335039	522294	508490	552221	1278892	1017147	1642414	2872256	5431083	2193431	20368640	55417	0
LFQ	46	0	0	537	0	9500	12778	21132	17351	24696	23415	31437	45249	39376	102359	28955	41245	56629	55688	75433	91687	148878	116090	128039	100015	170695	215612	218457	319478	279010	380908	509843	544260	653571	1215584	1206981	1989914	3501292	5935333	2837793	17692466	79456	0
LFQ	47	0	0	504	0	9186	9936	18417	17871	20454	23146	32377	48306	33328	111672	35460	41645	52100	57066	70958	96303	151459	123809	138823	116193	181729	224654	231249	344488	302741	411005	554616	568614	684131	1286747	1246520	2060044	3539191	6082489	2822663	17080867	89346	0
LFQ	48	0	0	496	0	10325	9823	18703	24321	19317	25279	35191	59935	33143	126144	46684	42619	53408	58991	70556	101753	155615	132497	145090	126445	191656	233183	241989	358716	321338	427444	580557	582975	709249	1329126	1286076	2098577	3573616	6195846	2746025	16657879	88540	0
LFQ	49	0	0	494	0	10039	9551	18109	20761	18523	25485	34963	55035	31571	126084	46775	43924	52012	61097	70904	105651	161244	137560	150596	133198	201009	241151	251276	374111	335001	442664	608861	596653	732268	1376413	1316565	2134855	3614218	6316911	2693707	16280950	87898	0
LFQ	50	0	0	557	0	10785	9907	18594	22602	18195	26584	35617	58298	30766	128498	48852	45044	54415	62577	71934	110616	165533	139994	154722	137408	207515	246214	258893	384569	345419	455764	628213	605096	760100	1405358	1377743	2172489	3683862	6395825	2541502	16020081	76930	0
LFQ	51	0	0	676	0	1467	3435	9618	13862	19883	20987	22620	24424	43904	68057	29006	35123	44865	50501	77975	68048	101764	143497	109354	121617	154501	187166	161694	316815	233131	314951	294256	654409	338099	917326	829499	1670735	3046596	3685579	6236435	18621619	242558	0
LFQ	52	0	0	653	0	1632	2853	7629	9705	14177	17539	21425	23957	37402	78066	41026	30330	38980	47401	70502	68165	101115	146300	121387	147683	151618	191443	183679	308142	275703	342481	305502	685756	359334	961394	832190	1743849	3047491	3642368	6251530	18330903	273674	0
LFQ	53	0	0	627	0	1838	2939	7342	8727	12550	16182	21375	23668	35201	81907	53664	28346	36530	46056	67601	67496	100271	147482	126234	164710	151924	192343	194505	306159	300612	354659	314537	705725	367019	987816	830507	1780426	3066393	3637143	6306268	18079652	287462	0
LFQ	54	0	0	623	0	2168	3323	7778	8623	12365	15946	21261	23804	33640	83662	58389	27880	36217	45665	66818	68090	100894	148104	127800	171554	152918	194573	199712	307745	313515	361869	322975	714185	376598	1005113	835526	1797429	3077180	3623405	6326063	17949011	290411	0
LFQ	55	0	0	14135	0	2412	3774	8176	8757	13105	16329	22534	24445	35121	89228	64365	28454	36549	46046	67258	68909	103710	148510	128729	179383	152942	196697	205160	305394	325676	362414	330553	722178	383886	1025407	829420	1804838	3078485	3606665	6309709	17877447	284906	0
LFQ	56	0	0	47208	0	2155	4172	10306	11709	16538	19814	23876	23982	37815	86506	34519	25516	32195	36875	60209	57930	99514	117270	97591	115603	115362	149024	156945	228835	268429	232426	274415	602828	288965	955204	638336	1440891	2582940	3056988	4239449	22638819	79533	0
LFQ	57	0	0	58180	0	2337	3254	8173	9019	12832	17066	23610	25110	33077	94807	56178	22643	27740	35992	53259	58582	96287	123302	106113	147963	116820	152631	170783	230162	311175	259384	296623	630265	310654	999218	653114	1518764	2636440	3110035	4258753	22144267	94983	0
LFQ	58	0	0	76661	0	2706	3139	7839	8639	11874	16851	24445	25801	31372	100694	74550	22141	26291	36098	50865	60089	97674	128130	109540	171056	119214	155361	181601	232934	338131	272773	316788	649375	327592	1035564	667180	1556877	2666524	3151834	4243295	21806635	100295	0
LFQ	59	0	0	109258	0	2639	3099	7754	8800	11405	16673	24393	25749	29482	99668	78381	22120	25959	36697	49569	60548	97907	128999	110335	176322	121910	158330	185973	237528	345443	279939	329431	657741	338327	1058843	680955	1578122	2687759	3186128	4240273	21592580	102283	0
LFQ	60	0	0	171761	0	2875	3198	7641	8495	11025	15831	23196	24953	28553	99463	81368	21349	25248	36114	48571	60481	98194	129375	109604	180594	122427	158455	189673	236304	353206	284146	341971	666249	348067	1085884	689164	1597787	2713968	3234113	4227139	21367876	101853	0
LFQ	61	0	0	278052	0	3334	5775	13244	14078	20493	23708	29499	28908	43665	105239	37953	29324	38099	42962	68393	68549	118842	129747	110782	123714	131371	172124	186352	256551	295601	275010	334311	654792	355452	1062733	718308	1544094	2745965	3260095	4349999	21144671	83218	0
LFQ	62	0	0	302093	0	3463	4571	10815	11748	16221	20793	29830	31089	37478	115433	59616	26778	32772	42698	61328	69519	117998	137851	120342	157232	134744	178745	202339	263645	338564	306530	362618	679704	379149	1111541	738519	1624415	2798961	3321794	4346835	20607522	98553	0
LFQ	63	0	0	337353	0	3849	4425	10574	11635	15148	20738	30771	32619	35948	123415	79384	26288	31198	43560	58658	72231	119536	143482	124292	180128	137968	182679	213685	266636	368139	320065	384117	703137	397354	1157200	758161	1668653	2838144	3375958	4320109	20203056	102365	0
LFQ	64	0	0	393352	0	3890	4431	10080	11424	13789	19782	29571	31895	33066	121348	83575	26033	30421	43115	56284	72303	118551	143309	124918	184733	140472	184443	217197	268577	372285	328025	399063	705591	408985	1180588	766499	1688844	2861384	3421875	4300708	19995702	105395	0
LFQ	65	0	0	491204	0	3977	4458	10141	12553	13144	19060	28557	30708	31024	117598	82340	26049	29934	43149	55961	72252	117474	144995	125718	186025	143590	185764	219630	273127	376434	332567	413949	711009	419748	1207397	778629	1700192	2881306	3471262	4267759	19766562	105084	0
LFQ	66	0	0	648584	0	4727	7888	16576	16290	24047	26655	33801	33884	47326	122666	40595	33550	44244	49123	75841	79761	140941	140030	123992	130687	147202	199121	217398	288769	324825	324069	401682	703651	432727	1182096	812633	1670884	2932149	3507259	4368791	19460507	84203	0
LFQ	67	0	0	683983	0	4824	6008	13921	14440	19554	24692	35636	38102	41276	136180	63769	31746	38212	50119	69022	81784	141106	150382	135912	165933	154251	206719	234825	297610	367393	357893	434661	728555	461216	1234591	835745	1742181	2971121	3567841	4351513	18905997	99225	0
LFQ	68	0	0	734738	0	5211	5580	13007	14185	17192	23907	36085	39176	38305	142011	79690	30811	36127	50041	65141	84381	141755	156782	138363	182863	159273	210982	244784	304144	390447	373298	460181	744440	479960	1275229	857015	1793736	3008081	3640184	4308735	18506956	103916	0
LFQ	69	0	0	813223	0	5311	5502	12389	14264	16290	23547	36059	39878	36544	142930	86915	30758	35253	50601	63879	86079	142657	159152	140457	191473	162911	215581	249667	308828	401223	382228	482315	756408	497822	1312452	876976	1816777	3036139	3705765	4249591	18203206	104426	0
LFQ	70	0	0	945613	0	5264	5284	11564	13617	15005	22345	33712	36994	33605	135029	84370	30419	34341	50409	62175	84362	140319	157901	138245	192523	164600	214692	250836	311060	401302	383717	498479	756996	511298	1341470	893103	1835848	3052218	3765288	4203482	17973336	103478	0
LFQ	71	0	0	1156720	0	6122	9441	19355	18417	26590	28679	37763	39232	49219	135512	41019	38320	50139	55534	83402	90908	163103	148527	136506	134966	167258	226954	247986	324538	350773	378135	477711	749939	524847	1292248	922537	1810022	3108909	3780615	4321108	17654389	85567	0
LFQ	72	0	0	1206996	0	6399	7704	16954	17634	22364	28292	41797	46224	44324	160107	67068	37542	44263	58053	77262	97968	168945	166672	153388	173992	178609	239063	272390	342915	401507	417638	524659	782119	559733	1373575	951193	1892898	3159099	3870180	4233507	16952114	96736	0
LFQ	73	0	0	1275998	0	6602	6761	15798	17397	20176	28277	42619	47952	41392	166608	84922	37043	42168	58758	73831	100099	169168	173267	156835	193514	185261	244431	280593	350146	423354	432962	552615	797811	581162	1413232	975010	1932545	3187631	3925281	4188182	16559902	101388	0
LFQ	74	0	0	1381503	0	6835	6611	15124	17459	18673	28083	41977	48081	39500	165896	89785	36476	41441	60098	71945	102037	170669	176222	158657	200707	190247	247919	285043	356737	433455	441081	576334	805653	599495	1452286	996510	1958647	3210493	3986966	4117806	16251864	101229	0
LFQ	75	0	0	1555588	0	6884	6540	14311	17320	17353	26904	40375	46840	37628	160728	91886	36413	40857	58866	70661	101948	168341	177214	157838	203939	192929	248987	288560	359704	438865	442539	597916	814956	614510	1490432	1012331	1978570	3233279	4051512	4045699	15940497	98648	0
LFQ	76	0	0	1826260	0	7770	11603	23933	21778	30979	32830	44327	47636	53323	158412	44447	45714	57963	64674	93733	107466	192093	163964	154743	144239	194231	263243	285909	372373	387366	445069	573468	804490	638342	1429304	1050572	1967872	3282416	4069224	4093708	15621867	79899	0
LFQ	77	0	0	1889165	0	7804	8791	19446	20159	24252	30771	46408	52404	44385	170821	62743	43878	50919	65962	84576	111716	191785	175582	168061	174325	204019	273440	300768	391151	421966	480029	613326	826478	667385	1481036	1078152	2034554	3311654	4118298	4084070	15061332	94468	0
LFQ	78	0	0	1979686	0	7997	7871	18303	20771	22086	32019	48489	56608	42597	183686	82354	43387	48951	68425	82187	116810	196041	186671	174072	197015	213252	280653	314019	402919	450993	496719	647872	844823	693444	1537203	1102149	2077866	3337330	4180384	3995225	14597462	96501	0
LFQ	79	0	0	2116845	0	7801	7586	17117	21147	20099	31637	47360	56319	40608	182901	88009	43309	47820	68505	79272	118508	195976	189396	176364	204021	218893	282696	318131	408948	458866	503236	672895	854233	712392	1578937	1127263	2105024	3359297	4243771	3923921	14257982	96584	0
LFQ	80	0	0	2345091	0	7800	7299	16017	20205	18403	29613	44032	52673	37389	170281	84548	42642	46768	67825	77224	117408	192918	188111	174935	203430	221830	283664	318339	413371	457366	503688	699849	857129	731739	1615907	1150295	2122997	3373346	4313483	3820666	13960365	93813	0
LFQ	81	0	0	2697125	0	7942	11636	23513	20485	28567	30282	44023	49561	47224	157960	41623	49070	60071	67709	94410	116203	207365	166544	162190	144246	211656	286497	309166	406592	409725	495919	658706	844573	748303	1525968	1174731	2116170	3422472	4273789	3917597	13773166	78408	0
LFQ	82	0	0	2783348	0	8175	8976	20490	21582	23471	31554	49163	57658	41383	180831	62116	48229	54018	71046	87549	124512	214017	182482	179779	175495	225214	300504	330187	432175	450396	534778	708816	872938	782165	1602996	1203601	2183285	3445143	4331506	3851078	13110856	88438	0
LFQ	83	0	0	2907010	0	8143	7706	18763	22929	20661	32759	49435	60781	38426	188534	76189	48020	52043	73313	83658	129271	216032	190367	184251	191485	235076	306054	336773	445453	469843	552053	745703	887605	812626	1648215	1237180	2228166	3470786	4392981	3763323	12656956	90206	0
LFQ	84	0	0	3099286	0	8185	7111	17457	23424	18250	32953	48717	60772	35524	184909	80959	48120	50947	74763	80157	131739	215503	192727	185600	198470	241694	307414	339977	452806	475877	553717	776472	898103	836290	1690362	1264472	2246100	3485493	4455508	3658326	12310871	88496	0
LFQ	85	0	0	3427312	0	7446	6439	14748	20623	15132	28458	41099	53090	30304	158227	69839	46980	49589	72645	77666	129482	207615	187609	182037	194578	245519	306342	335746	455592	471014	553942	809106	898556	862374	1732166	1299041	2273364	3497117	4538878	3508811	11983420	84408	0
LFQ	86	0	0	3951735	0	6151	8336	18460	15351	20109	22845	39071	45785	30059	138995	36692	51323	57998	68625	89378	126578	222576	165067	168084	140848	225114	306742	332950	440277	441138	553653	765881	895463	907073	1641031	1353084	2314136	3585218	4523807	3561803	11532244	71359	0
LFQ	87	0	0	4069209	0	7385	6596	18376	20983	17399	28118	46259	58236	28901	169221	54706	52329	53637	74041	82867	136634	230358	180474	183415	167194	242540	316767	349066	468206	476144	586829	822001	921190	940798	1718844	1381695	2369354	3585549	4558297	3481976	10888381	79824	0
LFQ	88	0	0	4239323	0	7153	5344	16437	23254	14996	31283	47695	61780	27930	180236	68960	52848	52442	76710	79307	142411	234308	189760	188127	181934	253153	322379	355936	481777	494885	599118	864431	937337	973296	1766704	1417215	2404051	3593371	4591757	3376183	10437760	80882	0
LFQ	89	0	0	4508466	0	6330	4427	13634	22875	12250	29313	42551	56511	24823	162703	65942	53077	52480	78081	76766	145109	234235	190732	187540	185601	259090	321496	354559	483585	497883	594314	894135	945839	993031	1806333	1440648	2415982	3602021	4622646	3290707	10115738	79625	0
LFQ	90	0	0	4970966	0	3019	2537	6789	11425	6552	15668	22627	28963	14660	89422	38461	53104	51423	77735	74549	144731	231905	192704	185861	186620	259836	318607	348706	478722	491037	580086	916606	950893	1000574	1834737	1450189	2416141	3586074	4608028	3215949	9924834	78786	0
# GC Content of first fragments. Use `grep ^GCF | cut -f 2-` to extract this part.
GCF	1.01	35
GCF	2.26	64
GCF	2.76	62
GCF	3.52	81
GCF	4.52	146
GCF	5.28	147
GCF	6.03	159
GCF	7.04	251
GCF	7.79	340
GCF	8.29	339
GCF	8.79	542
GCF	9.30	545
GCF	9.80	850
GCF	10.30	852
GCF	10.80	851
GCF	11.31	1331
GCF	11.81	1332
GCF	12.56	2155
GCF	13.32	3552
GCF	13.82	3555
GCF	14.32	6028
GCF	14.82	6027
GCF	15.33	10860
GCF	15.83	10866
GCF	16.33	10867
GCF	16.83	19389
GCF	17.34	19399
GCF	17.84	33538
GCF	18.34	33532
GCF	18.84	55767
GCF	19.35	55794
GCF	19.85	85265
GCF	20.35	85280
GCF	20.85	85286
GCF	21.36	126609
GCF	21.86	126620
GCF	22.36	179434
GCF	22.86	179467
GCF	23.37	244255
GCF	23.87	244292
GCF	24.37	321174
GCF	24.87	321195
GCF	25.38	405168
GCF	25.88	405190
GCF	26.38	405191
GCF	26.88	498789
GCF	27.39	498878
GCF	27.89	594869
GCF	28.39	594926
GCF	28.89	692512
GCF	29.40	692604
GCF	29.90	790158
GCF	30.40	790250
GCF	30.90	887009
GCF	31.41	887193
GCF	31.91	887297
GCF	32.41	980239
GCF	32.91	980287
GCF	33.42	1066390
GCF	33.92	1066535
GCF	34.42	1143913
GCF	34.92	1144073
GCF	35.43	1213122
GCF	35.93	1213370
GCF	36.43	1273198
GCF	36.93	1273344
GCF	37.44	1273440
GCF	37.94	1328781
GCF	38.44	1328949
GCF	38.94	1367473
GCF	39.45	1367541
GCF	39.95	1391682
GCF	40.45	1391759
GCF	40.95	1405421
GCF	41.46	1405497
GCF	41.96	1405439
GCF	42.46	1401565
GCF	42.96	1401674
GCF	43.47	1392860
GCF	43.97	1392912
GCF	44.47	1377558
GCF	44.97	1377516
GCF	45.48	1357632
GCF	45.98	1357648
GCF	46.48	1324167
GCF	46.98	1324123
GCF	47.49	1324135
GCF	47.99	1292882
GCF	48.49	1292919
GCF	48.99	1255955
GCF	49.50	1255977
GCF	50.00	1216548
GCF	50.50	1216568
GCF	51.01	1172335
GCF	51.51	1172197
GCF	52.01	1132765
GCF	52.51	1132656
GCF	53.02	1132506
GCF	53.52	1084357
GCF	54.02	1084267
GCF	54.52	1041827
GCF	55.03	1041628
GCF	55.53	993254
GCF	56.03	993109
GCF	56.53	939051
GCF	57.04	938973
GCF	57.54	878641
GCF	58.04	878503
GCF	58.54	878376
GCF	59.05	809470
GCF	59.55	809335
GCF	60.05	730769
GCF	60.55	730718
GCF	61.06	649164
GCF	61.56	649109
GCF	62.06	564079
GCF	62.56	564010
GCF	63.07	563953
GCF	63.57	480124
GCF	64.07	480064
GCF	64.57	400410
GCF	65.08	400316
GCF	65.58	327013
GCF	66.08	326958
GCF	66.58	262942
GCF	67.09	262899
GCF	67.59	205362
GCF	68.09	205286
GCF	68.59	205132
GCF	69.10	156494
GCF	69.60	156362
GCF	70.10	116118
GCF	70.60	116080
GCF	71.11	85442
GCF	71.61	85383
GCF	72.11	61392
GCF	72.61	61323
GCF	73.12	43293
GCF	73.62	43246
GCF	74.12	43207
GCF	74.62	30475
GCF	75.13	30441
GCF	75.63	21438
GCF	76.13	21411
GCF	76.63	15009
GCF	77.14	14980
GCF	77.64	9981
GCF	78.14	9958
GCF	78.64	6881
GCF	79.15	6872
GCF	79.65	6868
GCF	80.15	4666
GCF	80.65	4662
GCF	81.41	3198
GCF	82.16	2001
GCF	82.66	1999
GCF	83.17	1293
GCF	83.67	1291
GCF	84.17	1283
GCF	84.67	723
GCF	85.18	724
GCF	85.93	386
GCF	86.93	197
GCF	87.94	100
GCF	89.20	52
GCF	90.45	11
GCF	91.46	8
GCF	92.96	1
GCF	94.72	0
GCF	95.98	1
GCF	96.98	2
GCF	97.99	1
# GC Content of last fragments. Use `grep ^GCL | cut -f 2-` to extract this part.
GCL	0.50	75
GCL	1.51	35
GCL	2.26	53
GCL	2.76	50
GCL	3.52	83
GCL	4.52	116
GCL	5.28	118
GCL	5.78	156
GCL	6.28	157
GCL	7.04	229
GCL	7.79	352
GCL	8.29	349
GCL	8.79	538
GCL	9.30	540
GCL	9.80	815
GCL	10.55	817
GCL	11.31	1331
GCL	11.81	1335
GCL	12.31	2038
GCL	12.81	2040
GCL	13.32	3425
GCL	13.82	3423
GCL	14.32	5859
GCL	14.82	5862
GCL	15.33	10741
GCL	15.83	10754
GCL	16.33	10753
GCL	16.83	19073
GCL	17.34	19081
GCL	17.84	33149
GCL	18.34	33155
GCL	18.84	54824
GCL	19.35	54844
GCL	19.85	83717
GCL	20.35	83745
GCL	20.85	83760
GCL	21.36	123805
GCL	21.86	123799
GCL	22.36	177084
GCL	22.86	177106
GCL	23.37	240149
GCL	23.87	240193
GCL	24.37	314498
GCL	24.87	314531
GCL	25.38	399894
GCL	25.88	399909
GCL	26.38	399906
GCL	26.88	490357
GCL	27.39	490429
GCL	27.89	584547
GCL	28.39	584622
GCL	28.89	680944
GCL	29.40	681032
GCL	29.90	780895
GCL	30.40	780982
GCL	30.90	874595
GCL	31.41	874784
GCL	31.91	874913
GCL	32.41	966610
GCL	32.91	966654
GCL	33.42	1053743
GCL	33.92	1053889
GCL	34.42	1133663
GCL	34.92	1133813
GCL	35.43	1202635
GCL	35.93	1202912
GCL	36.43	1263753
GCL	36.93	1263896
GCL	37.44	1264055
GCL	37.94	1319769
GCL	38.44	1319937
GCL	38.94	1359531
GCL	39.45	1359611
GCL	39.95	1388696
GCL	40.45	1388769
GCL	40.95	1398774
GCL	41.46	1398881
GCL	41.96	1398822
GCL	42.46	1403075
GCL	42.96	1403107
GCL	43.47	1395636
GCL	43.97	1395685
GCL	44.47	1383117
GCL	44.97	1383119
GCL	45.48	1363747
GCL	45.98	1363721
GCL	46.48	1330656
GCL	46.98	1330599
GCL	47.49	1330549
GCL	47.99	1299725
GCL	48.49	1299724
GCL	48.99	1263705
GCL	49.50	1263742
GCL	50.00	1226258
GCL	50.50	1226253
GCL	51.01	1183721
GCL	51.51	1183595
GCL	52.01	1141711
GCL	52.51	1141628
GCL	53.02	1141458
GCL	53.52	1094082
GCL	54.02	1093937
GCL	54.52	1048723
GCL	55.03	1048577
GCL	55.53	1003729
GCL	56.03	1003549
GCL	56.53	946346
GCL	57.04	946289
GCL	57.54	887237
GCL	58.04	887090
GCL	58.54	886987
GCL	59.05	819018
GCL	59.55	818995
GCL	60.05	738884
GCL	60.55	738828
GCL	61.06	656305
GCL	61.56	656213
GCL	62.06	570884
GCL	62.56	570780
GCL	63.07	570709
GCL	63.57	484495
GCL	64.07	484378
GCL	64.57	405484
GCL	65.08	405444
GCL	65.58	331051
GCL	66.08	331004
GCL	66.58	263960
GCL	67.09	263897
GCL	67.59	206701
GCL	68.09	206596
GCL	68.59	206499
GCL	69.10	156840
GCL	69.60	156714
GCL	70.10	117358
GCL	70.60	117298
GCL	71.11	85154
GCL	71.61	85119
GCL	72.11	61309
GCL	72.61	61254
GCL	73.12	43243
GCL	73.62	43186
GCL	74.12	43135
GCL	74.62	30395
GCL	75.13	30353
GCL	75.63	21587
GCL	76.13	21576
GCL	76.63	14954
GCL	77.14	14927
GCL	77.64	10420
GCL	78.14	10396
GCL	78.64	7092
GCL	79.15	7082
GCL	79.65	7078
GCL	80.15	4817
GCL	80.65	4810
GCL	81.16	3315
GCL	81.66	3316
GCL	82.16	2238
GCL	82.66	2239
GCL	83.17	1315
GCL	83.67	1312
GCL	84.17	1311
GCL	84.67	762
GCL	85.18	760
GCL	85.68	406
GCL	86.18	405
GCL	86.93	238
GCL	87.94	102
GCL	89.20	57
GCL	90.45	20
GCL	91.46	16
GCL	92.46	10
GCL	93.47	2
GCL	94.72	4
GCL	95.98	2
GCL	96.98	4
GCL	97.99	0
GCL	99.25	1
# ACGT content per cycle. Use `grep ^GCC | cut -f 2-` to extract this part. The columns are: cycle; A,C,G,T base counts as a percentage of all A/C/G/T bases [%]; and N and O counts as a percentage of all A/C/G/T bases [%]
GCC	1	28.84	20.96	20.93	29.27	0.04	0.00
GCC	2	28.27	21.53	21.46	28.75	0.03	0.00
GCC	3	28.35	21.44	21.36	28.85	0.04	0.00
GCC	4	28.30	21.46	21.43	28.81	0.07	0.00
GCC	5	28.26	21.51	21.46	28.78	0.06	0.00
GCC	6	27.34	22.43	22.38	27.85	0.00	0.00
GCC	7	27.76	22.00	21.93	28.30	0.00	0.00
GCC	8	28.12	21.64	21.57	28.67	0.00	0.00
GCC	9	27.86	21.88	21.82	28.44	0.00	0.00
GCC	10	27.80	21.92	21.88	28.39	0.00	0.00
GCC	11	27.85	21.89	21.82	28.44	0.00	0.00
GCC	12	27.76	21.97	21.89	28.37	0.00	0.00
GCC	13	27.84	21.88	21.81	28.47	0.00	0.00
GCC	14	27.93	21.80	21.72	28.56	0.00	0.00
GCC	15	27.81	21.89	21.83	28.47	0.00	0.00
GCC	16	27.71	21.99	21.93	28.37	0.00	0.00
GCC	17	27.77	21.93	21.84	28.45	0.00	0.00
GCC	18	27.58	22.11	22.03	28.28	0.00	0.00
GCC	19	27.59	22.09	22.02	28.29	0.00	0.00
GCC	20	27.63	22.05	21.97	28.34	0.00	0.00
GCC	21	27.46	22.22	22.15	28.17	0.00	0.00
GCC	22	27.46	22.23	22.14	28.17	0.00	0.00
GCC	23	27.46	22.20	22.15	28.20	0.00	0.00
GCC	24	27.43	22.23	22.15	28.18	0.00	0.00
GCC	25	27.40	22.25	22.18	28.17	0.00	0.00
GCC	26	27.46	22.19	22.12	28.24	0.00	0.00
GCC	27	27.37	22.27	22.19	28.17	0.00	0.00
GCC	28	27.31	22.33	22.25	28.11	0.00	0.00
GCC	29	27.32	22.30	22.24	28.13	0.00	0.00
GCC	30	27.25	22.39	22.30	28.07	0.00	0.00
GCC	31	27.32	22.29	22.22	28.17	0.00	0.00
GCC	32	27.31	22.30	22.22	28.16	0.00	0.00
GCC	33	27.19	22.42	22.33	28.05	0.00	0.00
GCC	34	27.27	22.34	22.26	28.14	0.00	0.00
GCC	35	27.23	22.36	22.29	28.12	0.00	0.00
GCC	36	27.17	22.43	22.35	28.05	0.00	0.00
GCC	37	27.22	22.37	22.29	28.12	0.00	0.00
GCC	38	27.21	22.37	22.30	28.12	0.00	0.00
GCC	39	27.13	22.45	22.37	28.05	0.00	0.00
GCC	40	27.13	22.45	22.37	28.05	0.00	0.00
GCC	41	27.14	22.44	22.35	28.07	0.00	0.00
GCC	42	27.10	22.48	22.38	28.04	0.00	0.00
GCC	43	27.12	22.44	22.37	28.07	0.00	0.00
GCC	44	27.09	22.46	22.39	28.06	0.00	0.00
GCC	45	27.06	22.51	22.42	28.02	0.00	0.00
GCC	46	27.05	22.50	22.42	28.03	0.00	0.00
GCC	47	27.06	22.50	22.41	28.03	0.00	0.00
GCC	48	27.01	22.55	22.47	27.98	0.00	0.00
GCC	49	27.04	22.51	22.42	28.03	0.00	0.00
GCC	50	27.03	22.53	22.45	28.00	0.00	0.00
GCC	51	26.96	22.58	22.50	27.96	0.00	0.00
GCC	52	27.00	22.55	22.46	28.00	0.00	0.00
GCC	53	26.98	22.56	22.48	27.99	0.00	0.00
GCC	54	26.94	22.59	22.52	27.95	0.00	0.00
GCC	55	26.93	22.59	22.51	27.97	0.00	0.00
GCC	56	26.91	22.61	22.54	27.93	0.00	0.00
GCC	57	26.87	22.66	22.58	27.89	0.00	0.00
GCC	58	26.90	22.62	22.54	27.93	0.00	0.00
GCC	59	26.92	22.60	22.52	27.96	0.00	0.00
GCC	60	26.86	22.66	22.58	27.90	0.00	0.00
GCC	61	26.86	22.66	22.57	27.92	0.00	0.00
GCC	62	26.83	22.68	22.61	27.88	0.00	0.00
GCC	63	26.81	22.71	22.64	27.85	0.00	0.00
GCC	64	26.79	22.72	22.65	27.84	0.00	0.00
GCC	65	26.82	22.70	22.62	27.86	0.00	0.00
GCC	66	26.75	22.77	22.69	27.79	0.00	0.00
GCC	67	26.78	22.73	22.66	27.83	0.00	0.00
GCC	68	26.79	22.72	22.65	27.85	0.00	0.00
GCC	69	26.73	22.78	22.70	27.78	0.00	0.00
GCC	70	26.74	22.78	22.70	27.78	0.00	0.00
GCC	71	26.71	22.80	22.73	27.76	0.00	0.00
GCC	72	26.65	22.85	22.78	27.72	0.00	0.00
GCC	73	26.67	22.82	22.76	27.74	0.00	0.00
GCC	74	26.67	22.84	22.78	27.72	0.00	0.00
GCC	75	26.60	22.91	22.83	27.66	0.00	0.00
GCC	76	26.64	22.87	22.79	27.70	0.00	0.00
GCC	77	26.64	22.86	22.80	27.70	0.00	0.00
GCC	78	26.59	22.92	22.85	27.64	0.00	0.00
GCC	79	26.58	22.92	22.84	27.66	0.00	0.00
GCC	80	26.56	22.93	22.85	27.65	0.00	0.00
GCC	81	26.53	22.98	22.91	27.59	0.00	0.00
GCC	82	26.53	22.95	22.90	27.62	0.00	0.00
GCC	83	26.51	23.00	22.90	27.60	0.00	0.00
GCC	84	26.45	23.05	22.97	27.52	0.00	0.00
GCC	85	26.45	23.04	22.96	27.54	0.00	0.00
GCC	86	26.46	23.05	22.97	27.53	0.00	0.00
GCC	87	26.40	23.09	23.03	27.48	0.00	0.00
GCC	88	26.39	23.11	23.03	27.46	0.00	0.00
GCC	89	26.37	23.13	23.05	27.45	0.00	0.00
GCC	90	26.32	23.18	23.10	27.39	0.00	0.00
# ACGT content per cycle, read oriented. Use `grep ^GCT | cut -f 2-` to extract this part. The columns are: cycle; A,C,G,T base counts as a percentage of all A/C/G/T bases [%]
GCT	1	33.19	21.25	20.64	24.92
GCT	2	30.24	21.28	21.70	26.78
GCT	3	27.40	21.88	20.92	29.80
GCT	4	27.19	21.97	20.93	29.92
GCT	5	28.18	21.79	21.17	28.86
GCT	6	28.81	22.48	22.33	26.38
GCT	7	28.08	22.14	21.80	27.99
GCT	8	28.52	22.16	21.05	28.27
GCT	9	27.67	22.34	21.36	28.62
GCT	10	28.17	22.14	21.66	28.03
GCT	11	28.10	22.30	21.41	28.19
GCT	12	27.96	22.36	21.51	28.18
GCT	13	28.05	22.27	21.41	28.26
GCT	14	28.06	22.08	21.43	28.42
GCT	15	28.06	22.22	21.50	28.22
GCT	16	27.92	22.36	21.56	28.16
GCT	17	28.04	22.22	21.56	28.19
GCT	18	27.76	22.51	21.63	28.10
GCT	19	27.80	22.33	21.79	28.09
GCT	20	27.90	22.34	21.68	28.07
GCT	21	27.66	22.61	21.76	27.96
GCT	22	27.69	22.46	21.91	27.94
GCT	23	27.69	22.58	21.77	27.97
GCT	24	27.56	22.57	21.81	28.06
GCT	25	27.65	22.64	21.79	27.91
GCT	26	27.65	22.46	21.84	28.05
GCT	27	27.56	22.59	21.87	27.99
GCT	28	27.63	22.68	21.90	27.79
GCT	29	27.62	22.64	21.90	27.84
GCT	30	27.52	22.58	22.10	27.80
GCT	31	27.76	22.53	21.98	27.73
GCT	32	27.57	22.55	21.97	27.90
GCT	33	27.49	22.75	22.00	27.75
GCT	34	27.59	22.61	21.99	27.82
GCT	35	27.61	22.64	22.02	27.74
GCT	36	27.51	22.67	22.11	27.71
GCT	37	27.64	22.62	22.04	27.70
GCT	38	27.56	22.62	22.05	27.77
GCT	39	27.49	22.73	22.10	27.69
GCT	40	27.53	22.63	22.19	27.66
GCT	41	27.55	22.61	22.18	27.66
GCT	42	27.53	22.70	22.15	27.61
GCT	43	27.56	22.65	22.16	27.63
GCT	44	27.48	22.65	22.20	27.67
GCT	45	27.46	22.74	22.18	27.62
GCT	46	27.47	22.70	22.23	27.60
GCT	47	27.46	22.74	22.18	27.62
GCT	48	27.38	22.73	22.28	27.61
GCT	49	27.44	22.71	22.22	27.63
GCT	50	27.44	22.72	22.25	27.59
GCT	51	27.36	22.74	22.34	27.56
GCT	52	27.40	22.72	22.29	27.60
GCT	53	27.37	22.70	22.34	27.59
GCT	54	27.29	22.77	22.34	27.60
GCT	55	27.39	22.73	22.37	27.51
GCT	56	27.32	22.73	22.42	27.53
GCT	57	27.27	22.78	22.45	27.50
GCT	58	27.33	22.74	22.43	27.50
GCT	59	27.36	22.72	22.40	27.52
GCT	60	27.30	22.80	22.44	27.46
GCT	61	27.34	22.76	22.47	27.44
GCT	62	27.23	22.75	22.54	27.48
GCT	63	27.22	22.82	22.53	27.44
GCT	64	27.21	22.79	22.58	27.43
GCT	65	27.18	22.77	22.55	27.50
GCT	66	27.13	22.85	22.61	27.41
GCT	67	27.18	22.84	22.55	27.44
GCT	68	27.22	22.81	22.56	27.41
GCT	69	27.13	22.87	22.62	27.39
GCT	70	27.16	22.82	22.66	27.35
GCT	71	27.15	22.84	22.69	27.32
GCT	72	27.09	22.90	22.73	27.28
GCT	73	27.14	22.87	22.71	27.28
GCT	74	27.10	22.88	22.74	27.28
GCT	75	27.02	22.92	22.82	27.23
GCT	76	27.10	22.95	22.71	27.24
GCT	77	27.10	22.89	22.78	27.24
GCT	78	27.04	22.96	22.81	27.19
GCT	79	27.07	22.94	22.83	27.17
GCT	80	27.06	22.94	22.84	27.16
GCT	81	27.02	23.01	22.87	27.10
GCT	82	27.06	22.98	22.87	27.09
GCT	83	27.02	22.99	22.90	27.09
GCT	84	26.94	23.09	22.93	27.03
GCT	85	27.00	23.08	22.92	27.00
GCT	86	26.97	23.08	22.93	27.02
GCT	87	26.91	23.15	22.96	26.98
GCT	88	26.92	23.16	22.98	26.94
GCT	89	26.90	23.17	23.00	26.92
GCT	90	26.85	23.26	23.03	26.87
# ACGT content per cycle for first fragments. Use `grep ^FBC | cut -f 2-` to extract this part. The columns are: cycle; A,C,G,T base counts as a percentage of all A/C/G/T bases [%]; and N and O counts as a percentage of all A/C/G/T bases [%]
FBC	1	28.82	21.09	21.03	29.06	0.02	0.00
FBC	2	28.27	21.57	21.50	28.67	0.00	0.00
FBC	3	28.49	21.27	21.17	29.06	0.00	0.00
FBC	4	28.42	21.30	21.24	29.03	0.05	0.00
FBC	5	28.36	21.41	21.34	28.89	0.00	0.00
FBC	6	27.47	22.35	22.28	27.90	0.00	0.00
FBC	7	27.91	21.88	21.78	28.43	0.00	0.00
FBC	8	28.15	21.64	21.53	28.69	0.00	0.00
FBC	9	27.89	21.86	21.77	28.48	0.00	0.00
FBC	10	27.84	21.90	21.83	28.43	0.00	0.00
FBC	11	27.96	21.79	21.70	28.56	0.00	0.00
FBC	12	27.86	21.89	21.79	28.46	0.00	0.00
FBC	13	27.93	21.81	21.70	28.56	0.00	0.00
FBC	14	27.94	21.79	21.69	28.58	0.00	0.00
FBC	15	27.83	21.88	21.80	28.48	0.00	0.00
FBC	16	27.79	21.93	21.84	28.45	0.00	0.00
FBC	17	27.80	21.92	21.80	28.48	0.00	0.00
FBC	18	27.66	22.04	21.94	28.36	0.00	0.00
FBC	19	27.66	22.03	21.93	28.38	0.00	0.00
FBC	20	27.65	22.04	21.93	28.38	0.00	0.00
FBC	21	27.54	22.15	22.05	28.26	0.00	0.00
FBC	22	27.54	22.15	22.04	28.27	0.00	0.00
FBC	23	27.52	22.15	22.06	28.28	0.00	0.00
FBC	24	27.45	22.21	22.11	28.23	0.00	0.00
FBC	25	27.46	22.21	22.09	28.25	0.00	0.00
FBC	26	27.48	22.17	22.08	28.27	0.00	0.00
FBC	27	27.39	22.25	22.15	28.21	0.00	0.00
FBC	28	27.39	22.26	22.15	28.20	0.00	0.00
FBC	29	27.40	22.24	22.14	28.22	0.00	0.00
FBC	30	27.32	22.32	22.20	28.16	0.00	0.00
FBC	31	27.35	22.28	22.17	28.20	0.00	0.00
FBC	32	27.33	22.30	22.19	28.19	0.00	0.00
FBC	33	27.24	22.37	22.27	28.11	0.00	0.00
FBC	34	27.29	22.33	22.22	28.17	0.00	0.00
FBC	35	27.26	22.34	22.24	28.16	0.00	0.00
FBC	36	27.20	22.39	22.29	28.12	0.00	0.00
FBC	37	27.25	22.34	22.25	28.16	0.00	0.00
FBC	38	27.24	22.35	22.25	28.16	0.00	0.00
FBC	39	27.17	22.41	22.31	28.11	0.00	0.00
FBC	40	27.18	22.41	22.30	28.11	0.00	0.00
FBC	41	27.19	22.40	22.29	28.12	0.00	0.00
FBC	42	27.13	22.45	22.33	28.08	0.00	0.00
FBC	43	27.15	22.42	22.32	28.11	0.00	0.00
FBC	44	27.14	22.42	22.33	28.11	0.00	0.00
FBC	45	27.09	22.48	22.37	28.06	0.00	0.00
FBC	46	27.10	22.46	22.36	28.07	0.00	0.00
FBC	47	27.10	22.47	22.35	28.08	0.00	0.00
FBC	48	27.06	22.50	22.41	28.04	0.00	0.00
FBC	49	27.07	22.48	22.38	28.07	0.00	0.00
FBC	50	27.07	22.49	22.39	28.05	0.00	0.00
FBC	51	26.99	22.56	22.45	28.00	0.00	0.00
FBC	52	27.02	22.54	22.42	28.02	0.00	0.00
FBC	53	27.00	22.54	22.44	28.02	0.00	0.00
FBC	54	26.95	22.58	22.49	27.98	0.00	0.00
FBC	55	26.94	22.60	22.48	27.98	0.00	0.00
FBC	56	26.94	22.59	22.50	27.97	0.00	0.00
FBC	57	26.89	22.63	22.55	27.92	0.00	0.00
FBC	58	26.92	22.61	22.51	27.96	0.00	0.00
FBC	59	26.92	22.61	22.50	27.97	0.00	0.00
FBC	60	26.86	22.67	22.56	27.91	0.00	0.00
FBC	61	26.84	22.66	22.57	27.93	0.00	0.00
FBC	62	26.83	22.67	22.58	27.91	0.00	0.00
FBC	63	26.81	22.71	22.62	27.86	0.00	0.00
FBC	64	26.80	22.72	22.63	27.85	0.00	0.00
FBC	65	26.82	22.70	22.62	27.86	0.00	0.00
FBC	66	26.75	22.77	22.69	27.80	0.00	0.00
FBC	67	26.77	22.74	22.65	27.83	0.00	0.00
FBC	68	26.77	22.73	22.65	27.84	0.01	0.00
FBC	69	26.73	22.79	22.70	27.78	0.01	0.00
FBC	70	26.73	22.79	22.71	27.76	0.00	0.00
FBC	71	26.68	22.82	22.77	27.73	0.00	0.00
FBC	72	26.62	22.89	22.82	27.68	0.00	0.00
FBC	73	26.64	22.86	22.79	27.71	0.00	0.00
FBC	74	26.63	22.87	22.81	27.69	0.00	0.00
FBC	75	26.55	22.95	22.88	27.62	0.00	0.00
FBC	76	26.63	22.88	22.80	27.69	0.00	0.00
FBC	77	26.62	22.88	22.82	27.68	0.00	0.00
FBC	78	26.57	22.94	22.87	27.62	0.00	0.00
FBC	79	26.56	22.94	22.86	27.64	0.00	0.00
FBC	80	26.54	22.95	22.88	27.63	0.00	0.00
FBC	81	26.49	23.00	22.94	27.57	0.00	0.00
FBC	82	26.49	22.98	22.94	27.59	0.00	0.00
FBC	83	26.47	23.03	22.93	27.56	0.00	0.00
FBC	84	26.41	23.10	23.01	27.48	0.00	0.00
FBC	85	26.41	23.09	23.02	27.48	0.00	0.00
FBC	86	26.41	23.10	23.02	27.47	0.00	0.00
FBC	87	26.34	23.14	23.10	27.43	0.00	0.00
FBC	88	26.33	23.18	23.09	27.41	0.00	0.00
FBC	89	26.30	23.19	23.11	27.40	0.00	0.00
FBC	90	26.24	23.25	23.17	27.33	0.00	0.00
# ACGT raw counters for first fragments. Use `grep ^FTC | cut -f 2-` to extract this part. The columns are: A,C,G,T,N base counters
FTC	951493259	785641012	782427403	982814989	38916
# ACGT content per cycle for last fragments. Use `grep ^LBC | cut -f 2-` to extract this part. The columns are: cycle; A,C,G,T base counts as a percentage of all A/C/G/T bases [%]; and N and O counts as a percentage of all A/C/G/T bases [%]
LBC	1	28.86	20.83	20.83	29.48	0.07	0.00
LBC	2	28.26	21.49	21.42	28.83	0.06	0.00
LBC	3	28.21	21.60	21.55	28.64	0.09	0.00
LBC	4	28.17	21.62	21.62	28.59	0.10	0.00
LBC	5	28.15	21.60	21.58	28.66	0.12	0.00
LBC	6	27.22	22.52	22.48	27.79	0.00	0.00
LBC	7	27.62	22.12	22.08	28.18	0.00	0.00
LBC	8	28.09	21.64	21.61	28.66	0.00	0.00
LBC	9	27.83	21.90	21.88	28.39	0.00	0.00
LBC	10	27.77	21.94	21.93	28.36	0.00	0.00
LBC	11	27.75	21.98	21.94	28.32	0.00	0.00
LBC	12	27.66	22.05	22.00	28.29	0.00	0.00
LBC	13	27.76	21.95	21.91	28.38	0.00	0.00
LBC	14	27.92	21.80	21.75	28.53	0.00	0.00
LBC	15	27.79	21.90	21.86	28.45	0.00	0.00
LBC	16	27.63	22.06	22.02	28.29	0.00	0.00
LBC	17	27.74	21.94	21.88	28.43	0.00	0.00
LBC	18	27.50	22.17	22.13	28.19	0.00	0.00
LBC	19	27.53	22.15	22.11	28.21	0.00	0.00
LBC	20	27.61	22.07	22.02	28.31	0.00	0.00
LBC	21	27.38	22.29	22.26	28.07	0.00	0.00
LBC	22	27.37	22.30	22.25	28.08	0.00	0.00
LBC	23	27.39	22.25	22.23	28.12	0.00	0.00
LBC	24	27.41	22.25	22.20	28.13	0.00	0.00
LBC	25	27.33	22.30	22.28	28.09	0.00	0.00
LBC	26	27.44	22.20	22.16	28.20	0.00	0.00
LBC	27	27.36	22.28	22.23	28.13	0.00	0.00
LBC	28	27.24	22.39	22.35	28.02	0.00	0.00
LBC	29	27.25	22.37	22.34	28.05	0.00	0.00
LBC	30	27.17	22.46	22.39	27.98	0.00	0.00
LBC	31	27.29	22.31	22.27	28.14	0.00	0.00
LBC	32	27.30	22.31	22.26	28.13	0.00	0.00
LBC	33	27.14	22.47	22.39	28.00	0.00	0.00
LBC	34	27.25	22.35	22.30	28.10	0.00	0.00
LBC	35	27.20	22.39	22.34	28.07	0.00	0.00
LBC	36	27.13	22.47	22.41	27.99	0.00	0.00
LBC	37	27.19	22.40	22.33	28.08	0.00	0.00
LBC	38	27.18	22.40	22.34	28.09	0.00	0.00
LBC	39	27.08	22.50	22.44	27.98	0.00	0.00
LBC	40	27.08	22.49	22.43	28.00	0.00	0.00
LBC	41	27.09	22.47	22.42	28.01	0.00	0.00
LBC	42	27.07	22.50	22.43	28.00	0.00	0.00
LBC	43	27.09	22.46	22.42	28.03	0.00	0.00
LBC	44	27.05	22.50	22.45	28.00	0.00	0.00
LBC	45	27.03	22.53	22.47	27.97	0.00	0.00
LBC	46	27.00	22.54	22.49	27.98	0.00	0.00
LBC	47	27.01	22.54	22.48	27.98	0.00	0.00
LBC	48	26.96	22.59	22.53	27.91	0.00	0.00
LBC	49	27.01	22.53	22.47	27.99	0.00	0.00
LBC	50	26.98	22.56	22.51	27.95	0.00	0.00
LBC	51	26.94	22.60	22.55	27.91	0.00	0.00
LBC	52	26.98	22.55	22.49	27.97	0.00	0.00
LBC	53	26.95	22.58	22.52	27.96	0.00	0.00
LBC	54	26.93	22.61	22.55	27.91	0.00	0.00
LBC	55	26.93	22.59	22.54	27.95	0.00	0.00
LBC	56	26.89	22.64	22.57	27.90	0.00	0.00
LBC	57	26.84	22.68	22.61	27.87	0.00	0.00
LBC	58	26.87	22.64	22.58	27.91	0.00	0.00
LBC	59	26.92	22.59	22.53	27.95	0.00	0.00
LBC	60	26.86	22.65	22.61	27.88	0.00	0.00
LBC	61	26.87	22.65	22.57	27.91	0.00	0.00
LBC	62	26.83	22.68	22.63	27.86	0.00	0.00
LBC	63	26.81	22.70	22.65	27.84	0.00	0.00
LBC	64	26.79	22.71	22.67	27.83	0.00	0.00
LBC	65	26.82	22.69	22.62	27.87	0.00	0.00
LBC	66	26.76	22.77	22.70	27.78	0.00	0.00
LBC	67	26.79	22.71	22.66	27.84	0.00	0.00
LBC	68	26.80	22.70	22.65	27.85	0.00	0.00
LBC	69	26.74	22.78	22.70	27.79	0.00	0.00
LBC	70	26.74	22.77	22.69	27.80	0.00	0.00
LBC	71	26.74	22.77	22.69	27.80	0.00	0.00
LBC	72	26.68	22.81	22.75	27.75	0.00	0.00
LBC	73	26.71	22.79	22.73	27.77	0.00	0.00
LBC	74	26.70	22.81	22.74	27.75	0.00	0.00
LBC	75	26.64	22.87	22.79	27.70	0.00	0.00
LBC	76	26.66	22.86	22.77	27.71	0.00	0.00
LBC	77	26.65	22.85	22.78	27.72	0.00	0.00
LBC	78	26.60	22.90	22.84	27.66	0.00	0.00
LBC	79	26.60	22.90	22.83	27.68	0.00	0.00
LBC	80	26.59	22.91	22.83	27.67	0.00	0.00
LBC	81	26.56	22.95	22.87	27.62	0.00	0.00
LBC	82	26.56	22.93	22.86	27.65	0.00	0.00
LBC	83	26.55	22.96	22.86	27.64	0.00	0.00
LBC	84	26.49	23.00	22.94	27.57	0.00	0.00
LBC	85	26.50	22.99	22.91	27.60	0.00	0.00
LBC	86	26.52	22.99	22.91	27.58	0.00	0.00
LBC	87	26.46	23.03	22.96	27.54	0.00	0.00
LBC	88	26.45	23.05	22.98	27.52	0.00	0.00
LBC	89	26.44	23.07	22.98	27.51	0.00	0.00
LBC	90	26.41	23.11	23.04	27.44	0.01	0.00
# ACGT raw counters for last fragments. Use `grep ^LTC | cut -f 2-` to extract this part. The columns are: A,C,G,T,N base counters
LTC	949934746	786678135	784726489	980899164	177045
# Insert sizes. Use `grep ^IS | cut -f 2-` to extract this part. The columns are: insert size, pairs total, inward oriented pairs, outward oriented pairs, other pairs
IS	0	133	0	8	125
IS	1	0	0	0	0
IS	2	28	0	11	17
IS	3	24	0	18	6
IS	4	20	0	19	1
IS	5	15	0	15	0
IS	6	30	0	30	0
IS	7	20	0	20	0
IS	8	24	0	24	0
IS	9	28	0	26	2
IS	10	20	0	19	1
IS	11	16	0	15	1
IS	12	22	0	22	0
IS	13	23	0	21	2
IS	14	17	0	17	0
IS	15	23	0	23	0
IS	16	24	0	24	0
IS	17	28	0	28	0
IS	18	37	0	37	0
IS	19	440	378	61	1
IS	20	370	285	85	0
IS	21	297	237	59	1
IS	22	300	234	65	1
IS	23	316	249	67	0
IS	24	326	255	70	1
IS	25	308	256	52	0
IS	26	369	303	66	0
IS	27	416	363	50	3
IS	28	445	393	52	0
IS	29	495	418	76	1
IS	30	519	451	62	6
IS	31	546	510	34	2
IS	32	561	524	34	3
IS	33	611	569	40	2
IS	34	657	623	33	1
IS	35	622	590	30	2
IS	36	651	614	34	3
IS	37	683	646	35	2
IS	38	724	690	32	2
IS	39	728	684	42	2
IS	40	774	735	38	1
IS	41	788	752	33	3
IS	42	833	798	30	5
IS	43	811	770	39	2
IS	44	833	799	28	6
IS	45	801	777	22	2
IS	46	903	864	33	6
IS	47	902	870	26	6
IS	48	863	818	42	3
IS	49	917	876	37	4
IS	50	926	895	25	6
IS	51	914	874	35	5
IS	52	975	930	41	4
IS	53	899	862	31	6
IS	54	947	917	29	1
IS	55	924	892	27	5
IS	56	926	892	30	4
IS	57	914	887	20	7
IS	58	929	889	34	6
IS	59	869	834	34	1
IS	60	916	876	36	4
IS	61	918	885	29	4
IS	62	836	807	26	3
IS	63	893	865	26	2
IS	64	954	917	31	6
IS	65	811	785	22	4
IS	66	842	808	26	8
IS	67	914	871	36	7
IS	68	830	786	32	12
IS	69	821	780	36	5
IS	70	853	817	33	3
IS	71	786	764	21	1
IS	72	790	757	30	3
IS	73	793	756	24	13
IS	74	797	766	25	6
IS	75	807	775	28	4
IS	76	753	724	24	5
IS	77	814	784	23	7
IS	78	750	719	23	8
IS	79	791	730	48	13
IS	80	749	718	24	7
IS	81	821	792	23	6
IS	82	762	720	36	6
IS	83	858	824	21	13
IS	84	905	847	45	13
IS	85	911	874	26	11
IS	86	907	864	38	5
IS	87	1003	961	37	5
IS	88	1044	978	63	3
IS	89	1254	1023	226	5
IS	90	1223	1219	1	3
IS	91	1432	1423	0	9
IS	92	1519	1508	2	9
IS	93	1753	1745	1	7
IS	94	1845	1835	3	7
IS	95	2138	2126	3	9
IS	96	2286	2274	1	11
IS	97	2546	2539	0	7
IS	98	2829	2823	1	5
IS	99	3092	3083	1	8
IS	100	3846	3832	3	11
IS	101	4265	4256	0	9
IS	102	4760	4746	2	12
IS	103	5375	5365	4	6
IS	104	6147	6139	1	7
IS	105	6838	6826	5	7
IS	106	7597	7585	1	11
IS	107	8573	8568	0	5
IS	108	9522	9515	1	6
IS	109	10468	10459	5	4
IS	110	11840	11833	1	6
IS	111	13118	13102	2	14
IS	112	14387	14381	2	4
IS	113	15969	15956	3	10
IS	114	17593	17584	2	7
IS	115	19262	19245	1	16
IS	116	21221	21212	1	8
IS	117	23018	23009	1	8
IS	118	25461	25452	1	8
IS	119	27014	27000	1	13
IS	120	29784	29762	3	19
IS	121	31826	31809	2	15
IS	122	34320	34308	1	11
IS	123	36882	36868	2	12
IS	124	39262	39244	3	15
IS	125	41844	41835	0	9
IS	126	44779	44764	4	11
IS	127	47655	47634	4	17
IS	128	50682	50671	1	10
IS	129	53681	53672	2	7
IS	130	56730	56718	2	10
IS	131	59912	59904	1	7
IS	132	63020	63006	5	9
IS	133	65664	65658	0	6
IS	134	69106	69087	3	16
IS	135	72296	72283	0	13
IS	136	75222	75210	3	9
IS	137	78505	78495	1	9
IS	138	81532	81511	0	21
IS	139	85355	85346	1	8
IS	140	88665	88650	1	14
IS	141	91615	91601	2	12
IS	142	95510	95494	1	15
IS	143	97971	97956	0	15
IS	144	101754	101740	0	14
IS	145	104755	104743	1	11
IS	146	109128	109114	1	13
IS	147	112052	112039	3	10
IS	148	116061	116052	0	9
IS	149	119690	119677	1	12
IS	150	123350	123338	0	12
IS	151	126382	126368	1	13
IS	152	129587	129575	1	11
IS	153	133484	133470	0	14
IS	154	137852	137838	1	13
IS	155	140803	140790	1	12
IS	156	143475	143461	0	14
IS	157	147339	147322	1	16
IS	158	149767	149751	1	15
IS	159	152555	152537	2	16
IS	160	155499	155488	1	10
IS	161	158242	158234	2	6
IS	162	161368	161349	1	18
IS	163	163509	163501	2	6
IS	164	166925	166906	2	17
IS	165	170014	169994	2	18
IS	166	173462	173447	2	13
IS	167	175774	175764	0	10
IS	168	178857	178840	2	15
IS	169	179349	179340	3	6
IS	170	180868	180856	1	11
IS	171	181554	181532	1	21
IS	172	183860	183842	2	16
IS	173	184778	184756	2	20
IS	174	185578	185560	2	16
IS	175	188017	188002	0	15
IS	176	191453	191443	1	9
IS	177	191964	191949	1	14
IS	178	191789	191773	3	13
IS	179	192102	192075	1	26
IS	180	190430	190401	3	26
IS	181	191807	191795	0	12
IS	182	191175	191157	3	15
IS	183	191638	191621	2	15
IS	184	191063	191047	1	15
IS	185	191941	191934	0	7
IS	186	191360	191344	1	15
IS	187	190897	190882	4	11
IS	188	190466	190457	1	8
IS	189	189857	189841	3	13
IS	190	189862	189845	3	14
IS	191	188627	188613	0	14
IS	192	189215	189199	0	16
IS	193	187659	187645	0	14
IS	194	186113	186094	1	18
IS	195	186892	186873	2	17
IS	196	186134	186120	2	12
IS	197	184231	184218	1	12
IS	198	183891	183875	3	13
IS	199	182989	182976	0	13
IS	200	181805	181794	1	10
IS	201	181406	181392	1	13
IS	202	181458	181446	1	11
IS	203	179572	179560	3	9
IS	204	178258	178249	2	7
IS	205	177968	177956	0	12
IS	206	176589	176570	2	17
IS	207	175605	175592	3	10
IS	208	175138	175126	2	10
IS	209	174490	174483	1	6
IS	210	173652	173650	1	1
IS	211	173095	173087	0	8
IS	212	171327	171315	2	10
IS	213	170244	170234	2	8
IS	214	169378	169371	0	7
IS	215	168403	168393	1	9
IS	216	166905	166899	0	6
IS	217	166110	166101	1	8
IS	218	165085	165078	1	6
IS	219	164573	164564	1	8
IS	220	163836	163828	0	8
IS	221	162945	162937	0	8
IS	222	161816	161807	0	9
IS	223	160883	160874	0	9
IS	224	159439	159429	1	9
IS	225	159162	159148	0	14
IS	226	158447	158435	1	11
IS	227	156825	156819	0	6
IS	228	156403	156395	0	8
IS	229	155671	155661	1	9
IS	230	155804	155795	1	8
IS	231	154179	154171	2	6
IS	232	153350	153337	0	13
IS	233	152236	152230	0	6
IS	234	151776	151770	0	6
IS	235	150734	150725	2	7
IS	236	150123	150119	0	4
IS	237	149528	149521	0	7
IS	238	147988	147978	2	8
IS	239	148239	148234	0	5
IS	240	147517	147506	1	10
IS	241	146571	146565	1	5
IS	242	145377	145375	1	1
IS	243	145207	145202	1	4
IS	244	144600	144593	1	6
IS	245	144269	144260	0	9
IS	246	142766	142760	3	3
IS	247	142183	142175	0	8
IS	248	140257	140250	0	7
IS	249	139906	139899	1	6
IS	250	139905	139901	0	4
IS	251	139454	139449	0	5
IS	252	138448	138445	0	3
IS	253	137855	137853	0	2
IS	254	136780	136771	0	9
IS	255	135874	135865	0	9
IS	256	135400	135393	1	6
IS	257	133976	133970	0	6
IS	258	134307	134296	1	10
IS	259	133955	133950	0	5
IS	260	132144	132133	2	9
IS	261	132106	132102	0	4
IS	262	130603	130594	0	9
IS	263	130707	130702	0	5
IS	264	129430	129421	1	8
IS	265	129036	129032	0	4
IS	266	128164	128157	1	6
IS	267	126969	126960	0	9
IS	268	126766	126758	1	7
IS	269	125522	125518	0	4
IS	270	124618	124613	0	5
IS	271	124387	124380	0	7
IS	272	124217	124214	0	3
IS	273	122918	122911	0	7
IS	274	122451	122447	0	4
IS	275	121310	121305	0	5
IS	276	120782	120775	0	7
IS	277	120075	120069	0	6
IS	278	119481	119477	1	3
IS	279	118739	118734	0	5
IS	280	118146	118140	0	6
IS	281	117055	117050	0	5
IS	282	116508	116502	0	6
IS	283	116361	116356	0	5
IS	284	114952	114947	0	5
IS	285	114285	114279	0	6
IS	286	113425	113420	1	4
IS	287	112240	112235	1	4
IS	288	111899	111896	0	3
IS	289	111601	111595	0	6
IS	290	110554	110545	0	9
IS	291	110039	110032	1	6
IS	292	109814	109809	0	5
IS	293	109193	109182	0	11
IS	294	107612	107606	0	6
IS	295	107299	107296	0	3
IS	296	107183	107175	0	8
IS	297	106175	106173	0	2
IS	298	105151	105147	0	4
IS	299	104056	104047	0	9
IS	300	104266	104263	0	3
IS	301	102906	102902	0	4
IS	302	102556	102549	2	5
IS	303	102802	102797	0	5
IS	304	101615	101614	0	1
IS	305	101005	101002	0	3
IS	306	100028	100027	0	1
IS	307	98630	98627	0	3
IS	308	98353	98346	0	7
IS	309	98030	98027	0	3
IS	310	97968	97963	0	5
IS	311	96409	96405	0	4
IS	312	96128	96124	0	4
IS	313	95422	95413	0	9
IS	314	94600	94596	0	4
IS	315	94179	94174	0	5
IS	316	93485	93482	0	3
IS	317	92931	92927	0	4
IS	318	92770	92764	0	6
IS	319	91798	91793	0	5
IS	320	91416	91413	0	3
IS	321	90775	90770	1	4
IS	322	90880	90876	0	4
IS	323	89475	89469	0	6
IS	324	89035	89032	0	3
IS	325	88851	88847	0	4
IS	326	88122	88118	0	4
IS	327	87586	87583	0	3
IS	328	86912	86908	1	3
IS	329	86143	86137	1	5
IS	330	86504	86498	0	6
IS	331	85654	85649	0	5
IS	332	84790	84785	0	5
IS	333	84593	84589	0	4
IS	334	83343	83338	0	5
IS	335	83391	83389	0	2
IS	336	82811	82807	0	4
IS	337	82254	82251	1	2
IS	338	81129	81126	0	3
IS	339	80617	80613	0	4
IS	340	80107	80103	1	3
IS	341	80058	80052	1	5
IS	342	79723	79719	0	4
IS	343	79052	79047	0	5
IS	344	78846	78841	0	5
IS	345	77586	77583	0	3
IS	346	77931	77926	0	5
IS	347	77571	77571	0	0
IS	348	76586	76580	0	6
IS	349	76628	76618	0	10
IS	350	75224	75224	0	0
IS	351	75444	75442	0	2
IS	352	75324	75317	2	5
IS	353	74039	74038	0	1
IS	354	73547	73544	1	2
IS	355	73474	73468	2	4
IS	356	72586	72581	1	4
IS	357	72761	72758	0	3
IS	358	71957	71956	0	1
IS	359	71171	71167	1	3
IS	360	70837	70836	0	1
IS	361	70152	70150	0	2
IS	362	69603	69601	0	2
IS	363	69046	69040	0	6
IS	364	68486	68485	1	0
IS	365	67841	67836	1	4
IS	366	67677	67673	0	4
IS	367	67421	67415	1	5
IS	368	65477	65475	0	2
IS	369	65779	65776	1	2
IS	370	65334	65332	0	2
IS	371	64729	64727	0	2
IS	372	64501	64497	0	4
IS	373	63956	63954	0	2
IS	374	63539	63536	0	3
IS	375	62637	62636	0	1
IS	376	61643	61641	0	2
IS	377	61225	61222	0	3
IS	378	60612	60605	1	6
IS	379	60584	60576	0	8
IS	380	59676	59676	0	0
IS	381	58941	58940	0	1
IS	382	58212	58211	0	1
IS	383	57838	57836	0	2
IS	384	56819	56815	0	4
IS	385	56689	56687	1	1
IS	386	56163	56158	0	5
IS	387	55610	55609	0	1
IS	388	55135	55132	2	1
IS	389	54166	54165	0	1
IS	390	53909	53907	0	2
IS	391	53187	53183	0	4
IS	392	52570	52568	0	2
IS	393	52083	52082	1	0
IS	394	51327	51324	0	3
IS	395	50858	50851	0	7
IS	396	50367	50366	0	1
IS	397	49569	49568	0	1
IS	398	49235	49234	0	1
IS	399	48929	48928	0	1
IS	400	48339	48337	0	2
IS	401	47615	47612	0	3
IS	402	46605	46604	0	1
IS	403	46752	46750	0	2
IS	404	46174	46173	0	1
IS	405	45676	45673	1	2
IS	406	45167	45162	0	5
IS	407	44167	44167	0	0
IS	408	43740	43738	1	1
IS	409	43240	43239	0	1
IS	410	42814	42813	0	1
IS	411	42521	42520	0	1
IS	412	41976	41974	0	2
IS	413	41577	41577	0	0
IS	414	41192	41192	0	0
IS	415	40828	40826	1	1
IS	416	40438	40438	0	0
IS	417	39745	39743	0	2
IS	418	39127	39125	0	2
IS	419	38762	38762	0	0
IS	420	38244	38243	0	1
IS	421	38004	38000	2	2
IS	422	37906	37900	2	4
IS	423	37339	37336	0	3
IS	424	37265	37265	0	0
IS	425	36389	36387	0	2
IS	426	36265	36261	1	3
IS	427	35690	35688	0	2
IS	428	35334	35331	0	3
IS	429	34811	34809	0	2
IS	430	34683	34679	0	4
IS	431	33765	33762	2	1
IS	432	33607	33606	0	1
IS	433	33546	33546	0	0
IS	434	33004	33003	1	0
IS	435	32764	32762	0	2
IS	436	32375	32374	0	1
IS	437	31240	31239	0	1
IS	438	32113	32112	0	1
IS	439	31030	31030	0	0
IS	440	30984	30982	1	1
IS	441	30491	30489	0	2
IS	442	30326	30324	1	1
IS	443	29857	29856	0	1
IS	444	29834	29833	0	1
IS	445	29265	29263	0	2
IS	446	29421	29421	0	0
IS	447	28680	28678	1	1
IS	448	28446	28444	1	1
IS	449	28086	28083	2	1
IS	450	27634	27631	2	1
IS	451	27471	27468	0	3
IS	452	27219	27218	0	1
IS	453	26726	26726	0	0
IS	454	26403	26402	0	1
IS	455	26363	26363	0	0
IS	456	25928	25924	1	3
IS	457	25600	25600	0	0
IS	458	25358	25358	0	0
IS	459	25289	25288	0	1
IS	460	25192	25188	0	4
IS	461	25095	25092	1	2
IS	462	24426	24426	0	0
IS	463	24394	24392	1	1
IS	464	24089	24089	0	0
IS	465	23799	23798	0	1
IS	466	23479	23478	0	1
IS	467	23374	23373	1	0
IS	468	23025	23024	0	1
IS	469	22724	22723	0	1
IS	470	22486	22484	1	1
IS	471	22386	22384	2	0
IS	472	21855	21852	0	3
IS	473	21609	21607	1	1
IS	474	21382	21382	0	0
IS	475	21229	21228	1	0
IS	476	21362	21361	0	1
IS	477	20928	20928	0	0
IS	478	20792	20792	0	0
IS	479	20462	20460	1	1
IS	480	20421	20421	0	0
IS	481	20039	20038	0	1
IS	482	19774	19772	0	2
IS	483	19421	19420	0	1
IS	484	19535	19535	0	0
IS	485	19090	19087	1	2
IS	486	19086	19083	1	2
IS	487	19042	19041	0	1
IS	488	18655	18654	0	1
IS	489	18429	18428	0	1
IS	490	18308	18307	1	0
IS	491	18037	18037	0	0
IS	492	18099	18098	0	1
IS	493	17761	17761	0	0
IS	494	17645	17642	0	3
IS	495	17614	17613	1	0
IS	496	16985	16985	0	0
IS	497	16972	16972	0	0
IS	498	16914	16913	1	0
IS	499	16441	16441	0	0
IS	500	16534	16533	0	1
IS	501	16494	16494	0	0
IS	502	16130	16129	0	1
IS	503	15881	15881	0	0
IS	504	15954	15953	0	1
IS	505	15769	15767	0	2
IS	506	15379	15379	0	0
IS	507	15195	15194	0	1
IS	508	15103	15101	1	1
IS	509	14990	14989	0	1
IS	510	15055	15055	0	0
IS	511	14756	14755	1	0
IS	512	14492	14490	1	1
IS	513	14576	14576	0	0
IS	514	14254	14254	0	0
IS	515	14191	14190	1	0
IS	516	13890	13889	0	1
IS	517	13918	13917	1	0
IS	518	13765	13765	0	0
IS	519	13731	13731	0	0
IS	520	13586	13585	0	1
IS	521	13246	13246	0	0
IS	522	13133	13133	0	0
IS	523	13050	13049	0	1
IS	524	13014	13014	0	0
IS	525	12851	12849	1	1
IS	526	12764	12764	0	0
IS	527	12667	12665	0	2
IS	528	12419	12419	0	0
IS	529	12329	12329	0	0
IS	530	12249	12249	0	0
IS	531	12204	12204	0	0
IS	532	12173	12173	0	0
IS	533	12049	12049	0	0
IS	534	11608	11608	0	0
IS	535	11584	11584	0	0
IS	536	11451	11450	1	0
IS	537	11401	11400	0	1
IS	538	11175	11174	1	0
IS	539	11181	11179	1	1
IS	540	11007	11007	0	0
IS	541	10937	10937	0	0
IS	542	10980	10980	0	0
IS	543	10544	10544	0	0
IS	544	10683	10681	0	2
IS	545	10238	10238	0	0
IS	546	10560	10560	0	0
IS	547	10208	10208	0	0
IS	548	9977	9975	1	1
IS	549	10045	10044	1	0
IS	550	9831	9831	0	0
IS	551	9803	9803	0	0
IS	552	9663	9662	0	1
IS	553	9583	9583	0	0
IS	554	9600	9598	0	2
IS	555	9517	9516	0	1
IS	556	9237	9237	0	0
IS	557	9300	9299	0	1
IS	558	9035	9035	0	0
IS	559	8851	8850	0	1
IS	560	8776	8776	0	0
IS	561	8705	8705	0	0
IS	562	8568	8566	0	2
IS	563	8522	8522	0	0
IS	564	8460	8460	0	0
IS	565	8225	8225	0	0
IS	566	8338	8337	0	1
IS	567	8050	8049	0	1
IS	568	7924	7924	0	0
IS	569	7900	7900	0	0
IS	570	7796	7796	0	0
IS	571	7628	7627	0	1
IS	572	7560	7560	0	0
IS	573	7530	7529	1	0
IS	574	7226	7226	0	0
IS	575	7315	7315	0	0
IS	576	7342	7341	0	1
IS	577	7078	7077	0	1
IS	578	7059	7059	0	0
IS	579	6906	6905	0	1
IS	580	6954	6953	0	1
IS	581	6746	6746	0	0
IS	582	6665	6665	0	0
IS	583	6565	6565	0	0
IS	584	6588	6588	0	0
IS	585	6404	6404	0	0
IS	586	6374	6374	0	0
IS	587	6373	6373	0	0
IS	588	6104	6104	0	0
IS	589	6097	6097	0	0
IS	590	6026	6026	0	0
IS	591	5992	5992	0	0
IS	592	5954	5954	0	0
IS	593	5760	5760	0	0
IS	594	5692	5692	0	0
IS	595	5563	5563	0	0
IS	596	5559	5559	0	0
IS	597	5409	5409	0	0
IS	598	5467	5467	0	0
IS	599	5338	5337	1	0
IS	600	4963	4963	0	0
IS	601	5339	5338	0	1
IS	602	5013	5013	0	0
IS	603	5081	5081	0	0
IS	604	5032	5032	0	0
IS	605	4868	4867	0	1
IS	606	4656	4656	0	0
IS	607	4754	4754	0	0
IS	608	4790	4789	0	1
IS	609	4610	4609	0	1
IS	610	4558	4557	0	1
IS	611	4475	4475	0	0
IS	612	4266	4266	0	0
IS	613	4435	4435	0	0
IS	614	4316	4316	0	0
IS	615	4148	4148	0	0
IS	616	4141	4141	0	0
IS	617	4254	4254	0	0
IS	618	3979	3978	0	1
IS	619	3969	3969	0	0
IS	620	4011	4011	0	0
IS	621	3932	3932	0	0
IS	622	3893	3893	0	0
# Read lengths. Use `grep ^RL | cut -f 2-` to extract this part. The columns are: read length, count
RL	31	2860
RL	32	2846
RL	33	2672
RL	34	2328
RL	35	2040
RL	36	2172
RL	37	2178
RL	38	2112
RL	39	2026
RL	40	2014
RL	41	2024
RL	42	2018
RL	43	1968
RL	44	1984
RL	45	2142
RL	46	2070
RL	47	1960
RL	48	2080
RL	49	2032
RL	50	2038
RL	51	2136
RL	52	2176
RL	53	2128
RL	54	2252
RL	55	2028
RL	56	2194
RL	57	2334
RL	58	2212
RL	59	2302
RL	60	2328
RL	61	2322
RL	62	2376
RL	63	2310
RL	64	2346
RL	65	2312
RL	66	2472
RL	67	2452
RL	68	2472
RL	69	2354
RL	70	2578
RL	71	2254
RL	72	2384
RL	73	2294
RL	74	2352
RL	75	2256
RL	76	2322
RL	77	2478
RL	78	2342
RL	79	2420
RL	80	2544
RL	81	2474
RL	82	2350
RL	83	2448
RL	84	2474
RL	85	2550
RL	86	2480
RL	87	2652
RL	88	2790
RL	89	3104
RL	90	77739052
# Read lengths - first fragments. Use `grep ^FRL | cut -f 2-` to extract this part. The columns are: read length, count
FRL	31	1430
FRL	32	1423
FRL	33	1336
FRL	34	1164
FRL	35	1020
FRL	36	1086
FRL	37	1089
FRL	38	1056
FRL	39	1013
FRL	40	1007
FRL	41	1012
FRL	42	1009
FRL	43	984
FRL	44	992
FRL	45	1071
FRL	46	1035
FRL	47	980
FRL	48	1040
FRL	49	1016
FRL	50	1019
FRL	51	1068
FRL	52	1088
FRL	53	1064
FRL	54	1126
FRL	55	1014
FRL	56	1097
FRL	57	1167
FRL	58	1106
FRL	59	1151
FRL	60	1164
FRL	61	1161
FRL	62	1188
FRL	63	1155
FRL	64	1173
FRL	65	1156
FRL	66	1236
FRL	67	1226
FRL	68	1236
FRL	69	1177
FRL	70	1289
FRL	71	1127
FRL	72	1192
FRL	73	1147
FRL	74	1176
FRL	75	1128
FRL	76	1161
FRL	77	1239
FRL	78	1171
FRL	79	1210
FRL	80	1272
FRL	81	1237
FRL	82	1175
FRL	83	1224
FRL	84	1237
FRL	85	1275
FRL	86	1240
FRL	87	1326
FRL	88	1395
FRL	89	1552
FRL	90	38869526
# Read lengths - last fragments. Use `grep ^LRL | cut -f 2-` to extract this part. The columns are: read length, count
LRL	31	1430
LRL	32	1423
LRL	33	1336
LRL	34	1164
LRL	35	1020
LRL	36	1086
LRL	37	1089
LRL	38	1056
LRL	39	1013
LRL	40	1007
LRL	41	1012
LRL	42	1009
LRL	43	984
LRL	44	992
LRL	45	1071
LRL	46	1035
LRL	47	980
LRL	48	1040
LRL	49	1016
LRL	50	1019
LRL	51	1068
LRL	52	1088
LRL	53	1064
LRL	54	1126
LRL	55	1014
LRL	56	1097
LRL	57	1167
LRL	58	1106
LRL	59	1151
LRL	60	1164
LRL	61	1161
LRL	62	1188
LRL	63	1155
LRL	64	1173
LRL	65	1156
LRL	66	1236
LRL	67	1226
LRL	68	1236
LRL	69	1177
LRL	70	1289
LRL	71	1127
LRL	72	1192
LRL	73	1147
LRL	74	1176
LRL	75	1128
LRL	76	1161
LRL	77	1239
LRL	78	1171
LRL	79	1210
LRL	80	1272
LRL	81	1237
LRL	82	1175
LRL	83	1224
LRL	84	1237
LRL	85	1275
LRL	86	1240
LRL	87	1326
LRL	88	1395
LRL	89	1552
LRL	90	38869526
# Mapping qualities for reads !(UNMAP|SECOND|SUPPL|QCFAIL|DUP). Use `grep ^MAPQ | cut -f 2-` to extract this part. The columns are: mapq, count
MAPQ	0	4768617
MAPQ	1	14167
MAPQ	2	7103
MAPQ	3	28883
MAPQ	4	7869
MAPQ	5	10863
MAPQ	6	12024
MAPQ	7	19597
MAPQ	8	17630
MAPQ	9	29348
MAPQ	10	43123
MAPQ	11	6079
MAPQ	12	9378
MAPQ	13	14796
MAPQ	14	5565
MAPQ	15	24259
MAPQ	16	9152
MAPQ	17	7013
MAPQ	18	8598
MAPQ	19	18736
MAPQ	20	34655
MAPQ	21	42879
MAPQ	22	57176
MAPQ	23	48869
MAPQ	24	83060
MAPQ	25	155866
MAPQ	26	9042
MAPQ	27	463699
MAPQ	28	4923
MAPQ	29	7321
MAPQ	30	8813
MAPQ	31	11338
MAPQ	32	7609
MAPQ	33	28529
MAPQ	34	4763
MAPQ	35	9001
MAPQ	36	9305
MAPQ	37	19226
MAPQ	38	6744
MAPQ	39	36366
MAPQ	40	655510
MAPQ	41	8606
MAPQ	42	29246
MAPQ	43	30914
MAPQ	44	14329
MAPQ	45	69537
MAPQ	46	35396
MAPQ	47	60423
MAPQ	48	141934
MAPQ	49	40457
MAPQ	50	503057
MAPQ	51	35095
MAPQ	52	23471
MAPQ	53	48949
MAPQ	54	38328
MAPQ	55	32178
MAPQ	56	51143
MAPQ	57	68626
MAPQ	58	17202
MAPQ	59	12929
MAPQ	60	69806726
# Indel distribution. Use `grep ^ID | cut -f 2-` to extract this part. The columns are: length, number of insertions, number of deletions
ID	1	244553	285219
ID	2	51562	66445
ID	3	19114	27623
ID	4	18103	26171
ID	5	8534	8257
ID	6	4155	7042
ID	7	1779	2031
ID	8	2371	3741
ID	9	1269	1412
ID	10	1274	2051
ID	11	707	917
ID	12	805	1795
ID	13	341	706
ID	14	500	755
ID	15	160	581
ID	16	294	689
ID	17	53	182
ID	18	118	337
ID	19	59	171
ID	20	60	236
ID	21	23	115
ID	22	9	110
ID	23	29	46
ID	24	8	179
ID	25	1	32
ID	26	4	86
ID	27	2	48
ID	28	0	45
ID	29	0	6
ID	30	0	12
ID	31	0	6
ID	32	0	11
ID	33	0	3
ID	34	0	16
ID	36	0	7
ID	37	0	1
ID	38	0	9
ID	40	0	4
# Indels per cycle. Use `grep ^IC | cut -f 2-` to extract this part. The columns are: cycle, number of insertions (fwd), .. (rev) , number of deletions (fwd), .. (rev)
IC	1	0	0	1	1
IC	2	0	0	0	1
IC	3	0	0	1073	954
IC	4	960	823	1237	1165
IC	5	1183	1210	1362	1356
IC	6	1222	1246	1540	1583
IC	7	1401	1341	1666	1778
IC	8	1502	1350	2031	1930
IC	9	1523	1466	2081	2111
IC	10	1640	1510	2347	2173
IC	11	1804	1658	2290	2281
IC	12	1716	1734	2343	2359
IC	13	1816	1781	2514	2552
IC	14	2040	1940	2473	2479
IC	15	2002	2003	2506	2534
IC	16	2106	1953	2711	2597
IC	17	2176	2027	2687	2711
IC	18	2188	2161	2862	2837
IC	19	2323	2116	2846	2880
IC	20	2264	2120	2911	2854
IC	21	2328	2254	2922	2949
IC	22	2427	2195	2855	3015
IC	23	2257	2170	2978	2901
IC	24	2304	2200	2959	2889
IC	25	2289	2266	2971	2979
IC	26	2343	2133	2959	2884
IC	27	2252	2189	2955	2835
IC	28	2302	2178	2939	2878
IC	29	2313	2147	2865	2769
IC	30	2162	2038	2819	2864
IC	31	2252	2116	2920	2957
IC	32	2250	2206	2911	2796
IC	33	2175	2182	2874	2761
IC	34	2233	2144	2748	2727
IC	35	2207	2099	2947	2820
IC	36	2223	2134	2897	2827
IC	37	2223	2125	2851	2735
IC	38	2275	2177	2899	2726
IC	39	2152	2090	2850	2774
IC	40	2229	2056	2943	2784
IC	41	2351	2199	2943	2718
IC	42	2258	2118	2881	2804
IC	43	2291	2205	2916	2791
IC	44	2248	2146	2811	2714
IC	45	2251	2069	2896	2693
IC	46	2243	2132	2978	2682
IC	47	2169	2016	2912	2688
IC	48	2128	2018	2724	2727
IC	49	2103	2066	2828	2752
IC	50	2174	2082	2905	2703
IC	51	2196	2121	2875	2887
IC	52	2229	2170	2873	2823
IC	53	2147	2103	2892	2814
IC	54	2178	2149	2856	2939
IC	55	2279	2116	2894	2894
IC	56	2252	2104	3069	2749
IC	57	2219	2098	2922	2810
IC	58	2246	2038	2805	2846
IC	59	2182	2081	3015	2920
IC	60	2234	2027	2930	2792
IC	61	2251	2042	2926	2833
IC	62	2188	2046	2946	2816
IC	63	2126	2030	2848	2628
IC	64	2140	1960	2866	2757
IC	65	2203	1945	2933	2736
IC	66	2240	1943	2861	2758
IC	67	2132	1869	2823	2730
IC	68	2177	1925	2777	2672
IC	69	2254	1980	2692	2725
IC	70	2177	1924	2633	2668
IC	71	2120	1798	2531	2656
IC	72	2160	1814	2661	2582
IC	73	2140	1862	2546	2489
IC	74	2051	1783	2526	2455
IC	75	2108	1775	2483	2327
IC	76	1998	1732	2350	2319
IC	77	1964	1721	2365	2193
IC	78	1875	1598	2126	2173
IC	79	1924	1605	2170	2098
IC	80	2092	1764	2104	2032
IC	81	2147	1759	2070	2061
IC	82	2361	1740	1988	1984
IC	83	2500	1884	1806	1677
IC	84	3320	2280	1861	1852
IC	85	4525	3084	1986	1981
IC	86	4985	3380	2072	2121
IC	87	5693	3757	1726	1877
IC	88	0	0	1	0
# Coverage distribution. Use `grep ^COV | cut -f 2-` to extract this part.
COV	[1-1]	1	478528624
COV	[2-2]	2	108835663
COV	[3-3]	3	30043541
COV	[4-4]	4	13190345
COV	[5-5]	5	7858741
COV	[6-6]	6	5774111
COV	[7-7]	7	4699237
COV	[8-8]	8	4015213
COV	[9-9]	9	3530369
COV	[10-10]	10	3168021
COV	[11-11]	11	2889633
COV	[12-12]	12	2651257
COV	[13-13]	13	2456123
COV	[14-14]	14	2291550
COV	[15-15]	15	2142232
COV	[16-16]	16	2015148
COV	[17-17]	17	1908963
COV	[18-18]	18	1812470
COV	[19-19]	19	1725088
COV	[20-20]	20	1649492
COV	[21-21]	21	1574567
COV	[22-22]	22	1509931
COV	[23-23]	23	1454688
COV	[24-24]	24	1395898
COV	[25-25]	25	1346891
COV	[26-26]	26	1297052
COV	[27-27]	27	1256499
COV	[28-28]	28	1214630
COV	[29-29]	29	1179939
COV	[30-30]	30	1140808
COV	[31-31]	31	1110308
COV	[32-32]	32	1078293
COV	[33-33]	33	1046135
COV	[34-34]	34	1020075
COV	[35-35]	35	993388
COV	[36-36]	36	971505
COV	[37-37]	37	948916
COV	[38-38]	38	926926
COV	[39-39]	39	905340
COV	[40-40]	40	886481
COV	[41-41]	41	865597
COV	[42-42]	42	845993
COV	[43-43]	43	828490
COV	[44-44]	44	811853
COV	[45-45]	45	794328
COV	[46-46]	46	779730
COV	[47-47]	47	764574
COV	[48-48]	48	750528
COV	[49-49]	49	736682
COV	[50-50]	50	722691
COV	[51-51]	51	709678
COV	[52-52]	52	698505
COV	[53-53]	53	686964
COV	[54-54]	54	675452
COV	[55-55]	55	662158
COV	[56-56]	56	650833
COV	[57-57]	57	639312
COV	[58-58]	58	631193
COV	[59-59]	59	619018
COV	[60-60]	60	611330
COV	[61-61]	61	601946
COV	[62-62]	62	591543
COV	[63-63]	63	583371
COV	[64-64]	64	573090
COV	[65-65]	65	564183
COV	[66-66]	66	557086
COV	[67-67]	67	546136
COV	[68-68]	68	537569
COV	[69-69]	69	530866
COV	[70-70]	70	523087
COV	[71-71]	71	514804
COV	[72-72]	72	507233
COV	[73-73]	73	501704
COV	[74-74]	74	493690
COV	[75-75]	75	486773
COV	[76-76]	76	479225
COV	[77-77]	77	469867
COV	[78-78]	78	462624
COV	[79-79]	79	456308
COV	[80-80]	80	447233
COV	[81-81]	81	440054
COV	[82-82]	82	434216
COV	[83-83]	83	426521
COV	[84-84]	84	420053
COV	[85-85]	85	412778
COV	[86-86]	86	407974
COV	[87-87]	87	401192
COV	[88-88]	88	395636
COV	[89-89]	89	390640
COV	[90-90]	90	382426
COV	[91-91]	91	376506
COV	[92-92]	92	370415
COV	[93-93]	93	365338
COV	[94-94]	94	358526
COV	[95-95]	95	354138
COV	[96-96]	96	347157
COV	[97-97]	97	341968
COV	[98-98]	98	334811
COV	[99-99]	99	329709
COV	[100-100]	100	324819
COV	[101-101]	101	320137
COV	[102-102]	102	313961
COV	[103-103]	103	308655
COV	[104-104]	104	303867
COV	[105-105]	105	299029
COV	[106-106]	106	293946
COV	[107-107]	107	288136
COV	[108-108]	108	283437
COV	[109-109]	109	279492
COV	[110-110]	110	274689
COV	[111-111]	111	269042
COV	[112-112]	112	266121
COV	[113-113]	113	260801
COV	[114-114]	114	256066
COV	[115-115]	115	251260
COV	[116-116]	116	247468
COV	[117-117]	117	242359
COV	[118-118]	118	237639
COV	[119-119]	119	233206
COV	[120-120]	120	228720
COV	[121-121]	121	225623
COV	[122-122]	122	220365
COV	[123-123]	123	217389
COV	[124-124]	124	212338
COV	[125-125]	125	209605
COV	[126-126]	126	204420
COV	[127-127]	127	200768
COV	[128-128]	128	197014
COV	[129-129]	129	193613
COV	[130-130]	130	189901
COV	[131-131]	131	186656
COV	[132-132]	132	183204
COV	[133-133]	133	179993
COV	[134-134]	134	176693
COV	[135-135]	135	174196
COV	[136-136]	136	170047
COV	[137-137]	137	167196
COV	[138-138]	138	164709
COV	[139-139]	139	162108
COV	[140-140]	140	158806
COV	[141-141]	141	155530
COV	[142-142]	142	153076
COV	[143-143]	143	149584
COV	[144-144]	144	146800
COV	[145-145]	145	144150
COV	[146-146]	146	141789
COV	[147-147]	147	139183
COV	[148-148]	148	135745
COV	[149-149]	149	133103
COV	[150-150]	150	130168
COV	[151-151]	151	127171
COV	[152-152]	152	125181
COV	[153-153]	153	121923
COV	[154-154]	154	119802
COV	[155-155]	155	117529
COV	[156-156]	156	115983
COV	[157-157]	157	113684
COV	[158-158]	158	111158
COV	[159-159]	159	109167
COV	[160-160]	160	106741
COV	[161-161]	161	105097
COV	[162-162]	162	102148
COV	[163-163]	163	100280
COV	[164-164]	164	98728
COV	[165-165]	165	96816
COV	[166-166]	166	95306
COV	[167-167]	167	93658
COV	[168-168]	168	92160
COV	[169-169]	169	90193
COV	[170-170]	170	88146
COV	[171-171]	171	86372
COV	[172-172]	172	84036
COV	[173-173]	173	83015
COV	[174-174]	174	81214
COV	[175-175]	175	79648
COV	[176-176]	176	77768
COV	[177-177]	177	76030
COV	[178-178]	178	74805
COV	[179-179]	179	73280
COV	[180-180]	180	72257
COV	[181-181]	181	71105
COV	[182-182]	182	69236
COV	[183-183]	183	69008
COV	[184-184]	184	66990
COV	[185-185]	185	65816
COV	[186-186]	186	64466
COV	[187-187]	187	63093
COV	[188-188]	188	62583
COV	[189-189]	189	61204
COV	[190-190]	190	59921
COV	[191-191]	191	58734
COV	[192-192]	192	57499
COV	[193-193]	193	56952
COV	[194-194]	194	55612
COV	[195-195]	195	54803
COV	[196-196]	196	53909
COV	[197-197]	197	52790
COV	[198-198]	198	51331
COV	[199-199]	199	50726
COV	[200-200]	200	49614
COV	[201-201]	201	48305
COV	[202-202]	202	47346
COV	[203-203]	203	46489
COV	[204-204]	204	45755
COV	[205-205]	205	44515
COV	[206-206]	206	43781
COV	[207-207]	207	43023
COV	[208-208]	208	42101
COV	[209-209]	209	41329
COV	[210-210]	210	40486
COV	[211-211]	211	39710
COV	[212-212]	212	39156
COV	[213-213]	213	38659
COV	[214-214]	214	37608
COV	[215-215]	215	37497
COV	[216-216]	216	36304
COV	[217-217]	217	35506
COV	[218-218]	218	34958
COV	[219-219]	219	34395
COV	[220-220]	220	33783
COV	[221-221]	221	33289
COV	[222-222]	222	33051
COV	[223-223]	223	32235
COV	[224-224]	224	31427
COV	[225-225]	225	30690
COV	[226-226]	226	30238
COV	[227-227]	227	29636
COV	[228-228]	228	29572
COV	[229-229]	229	28769
COV	[230-230]	230	28189
COV	[231-231]	231	27707
COV	[232-232]	232	27223
COV	[233-233]	233	26402
COV	[234-234]	234	26185
COV	[235-235]	235	26131
COV	[236-236]	236	25356
COV	[237-237]	237	24974
COV	[238-238]	238	24261
COV	[239-239]	239	23943
COV	[240-240]	240	23371
COV	[241-241]	241	22933
COV	[242-242]	242	22887
COV	[243-243]	243	22462
COV	[244-244]	244	21960
COV	[245-245]	245	21790
COV	[246-246]	246	21212
COV	[247-247]	247	21227
COV	[248-248]	248	20604
COV	[249-249]	249	20529
COV	[250-250]	250	20072
COV	[251-251]	251	19476
COV	[252-252]	252	19324
COV	[253-253]	253	19272
COV	[254-254]	254	18424
COV	[255-255]	255	18405
COV	[256-256]	256	18175
COV	[257-257]	257	18010
COV	[258-258]	258	17619
COV	[259-259]	259	17226
COV	[260-260]	260	16832
COV	[261-261]	261	16586
COV	[262-262]	262	16220
COV	[263-263]	263	16260
COV	[264-264]	264	15581
COV	[265-265]	265	15405
COV	[266-266]	266	15152
COV	[267-267]	267	14770
COV	[268-268]	268	14519
COV	[269-269]	269	14239
COV	[270-270]	270	13948
COV	[271-271]	271	13822
COV	[272-272]	272	13283
COV	[273-273]	273	13212
COV	[274-274]	274	13014
COV	[275-275]	275	12648
COV	[276-276]	276	12545
COV	[277-277]	277	12287
COV	[278-278]	278	12302
COV	[279-279]	279	12037
COV	[280-280]	280	11830
COV	[281-281]	281	11609
COV	[282-282]	282	11251
COV	[283-283]	283	11284
COV	[284-284]	284	10998
COV	[285-285]	285	10950
COV	[286-286]	286	10618
COV	[287-287]	287	10432
COV	[288-288]	288	10252
COV	[289-289]	289	9883
COV	[290-290]	290	9790
COV	[291-291]	291	9731
COV	[292-292]	292	9595
COV	[293-293]	293	9421
COV	[294-294]	294	9227
COV	[295-295]	295	9171
COV	[296-296]	296	8939
COV	[297-297]	297	8880
COV	[298-298]	298	8857
COV	[299-299]	299	8593
COV	[300-300]	300	8429
COV	[301-301]	301	8336
COV	[302-302]	302	7947
COV	[303-303]	303	7827
COV	[304-304]	304	7800
COV	[305-305]	305	7727
COV	[306-306]	306	7634
COV	[307-307]	307	7528
COV	[308-308]	308	7498
COV	[309-309]	309	7391
COV	[310-310]	310	7345
COV	[311-311]	311	7057
COV	[312-312]	312	7206
COV	[313-313]	313	6957
COV	[314-314]	314	6789
COV	[315-315]	315	6880
COV	[316-316]	316	6556
COV	[317-317]	317	6524
COV	[318-318]	318	6554
COV	[319-319]	319	6385
COV	[320-320]	320	6454
COV	[321-321]	321	6179
COV	[322-322]	322	6086
COV	[323-323]	323	6001
COV	[324-324]	324	6011
COV	[325-325]	325	5891
COV	[326-326]	326	6048
COV	[327-327]	327	5750
COV	[328-328]	328	5731
COV	[329-329]	329	5668
COV	[330-330]	330	5484
COV	[331-331]	331	5486
COV	[332-332]	332	5457
COV	[333-333]	333	5331
COV	[334-334]	334	5263
COV	[335-335]	335	5318
COV	[336-336]	336	5179
COV	[337-337]	337	5213
COV	[338-338]	338	5204
COV	[339-339]	339	4910
COV	[340-340]	340	4964
COV	[341-341]	341	4857
COV	[342-342]	342	4830
COV	[343-343]	343	4622
COV	[344-344]	344	4584
COV	[345-345]	345	4428
COV	[346-346]	346	4406
COV	[347-347]	347	4445
COV	[348-348]	348	4222
COV	[349-349]	349	4147
COV	[350-350]	350	3920
COV	[351-351]	351	4006
COV	[352-352]	352	3909
COV	[353-353]	353	3904
COV	[354-354]	354	3759
COV	[355-355]	355	3682
COV	[356-356]	356	3714
COV	[357-357]	357	3607
COV	[358-358]	358	3614
COV	[359-359]	359	3556
COV	[360-360]	360	3397
COV	[361-361]	361	3466
COV	[362-362]	362	3423
COV	[363-363]	363	3222
COV	[364-364]	364	3279
COV	[365-365]	365	3358
COV	[366-366]	366	3292
COV	[367-367]	367	3157
COV	[368-368]	368	3147
COV	[369-369]	369	3040
COV	[370-370]	370	3038
COV	[371-371]	371	2944
COV	[372-372]	372	2906
COV	[373-373]	373	2995
COV	[374-374]	374	2930
COV	[375-375]	375	2722
COV	[376-376]	376	2859
COV	[377-377]	377	2689
COV	[378-378]	378	2778
COV	[379-379]	379	2750
COV	[380-380]	380	2624
COV	[381-381]	381	2570
COV	[382-382]	382	2540
COV	[383-383]	383	2630
COV	[384-384]	384	2395
COV	[385-385]	385	2489
COV	[386-386]	386	2560
COV	[387-387]	387	2432
COV	[388-388]	388	2398
COV	[389-389]	389	2431
COV	[390-390]	390	2436
COV	[391-391]	391	2350
COV	[392-392]	392	2354
COV	[393-393]	393	2371
COV	[394-394]	394	2341
COV	[395-395]	395	2266
COV	[396-396]	396	2277
COV	[397-397]	397	2185
COV	[398-398]	398	2236
COV	[399-399]	399	2201
COV	[400-400]	400	2067
COV	[401-401]	401	2102
COV	[402-402]	402	2037
COV	[403-403]	403	2028
COV	[404-404]	404	2013
COV	[405-405]	405	1992
COV	[406-406]	406	1902
COV	[407-407]	407	1860
COV	[408-408]	408	1927
COV	[409-409]	409	1931
COV	[410-410]	410	1790
COV	[411-411]	411	1830
COV	[412-412]	412	1741
COV	[413-413]	413	1751
COV	[414-414]	414	1636
COV	[415-415]	415	1639
COV	[416-416]	416	1639
COV	[417-417]	417	1688
COV	[418-418]	418	1678
COV	[419-419]	419	1560
COV	[420-420]	420	1593
COV	[421-421]	421	1575
COV	[422-422]	422	1504
COV	[423-423]	423	1521
COV	[424-424]	424	1492
COV	[425-425]	425	1493
COV	[426-426]	426	1467
COV	[427-427]	427	1419
COV	[428-428]	428	1460
COV	[429-429]	429	1364
COV	[430-430]	430	1323
COV	[431-431]	431	1329
COV	[432-432]	432	1303
COV	[433-433]	433	1205
COV	[434-434]	434	1285
COV	[435-435]	435	1314
COV	[436-436]	436	1256
COV	[437-437]	437	1251
COV	[438-438]	438	1231
COV	[439-439]	439	1197
COV	[440-440]	440	1229
COV	[441-441]	441	1146
COV	[442-442]	442	1120
COV	[443-443]	443	1090
COV	[444-444]	444	1083
COV	[445-445]	445	1109
COV	[446-446]	446	1113
COV	[447-447]	447	1065
COV	[448-448]	448	1096
COV	[449-449]	449	1059
COV	[450-450]	450	1026
COV	[451-451]	451	1063
COV	[452-452]	452	1003
COV	[453-453]	453	959
COV	[454-454]	454	994
COV	[455-455]	455	1065
COV	[456-456]	456	968
COV	[457-457]	457	880
COV	[458-458]	458	953
COV	[459-459]	459	954
COV	[460-460]	460	871
COV	[461-461]	461	864
COV	[462-462]	462	897
COV	[463-463]	463	888
COV	[464-464]	464	846
COV	[465-465]	465	851
COV	[466-466]	466	848
COV	[467-467]	467	806
COV	[468-468]	468	808
COV	[469-469]	469	762
COV	[470-470]	470	765
COV	[471-471]	471	756
COV	[472-472]	472	844
COV	[473-473]	473	779
COV	[474-474]	474	793
COV	[475-475]	475	719
COV	[476-476]	476	765
COV	[477-477]	477	736
COV	[478-478]	478	745
COV	[479-479]	479	757
COV	[480-480]	480	763
COV	[481-481]	481	750
COV	[482-482]	482	734
COV	[483-483]	483	703
COV	[484-484]	484	682
COV	[485-485]	485	669
COV	[486-486]	486	673
COV	[487-487]	487	677
COV	[488-488]	488	653
COV	[489-489]	489	608
COV	[490-490]	490	657
COV	[491-491]	491	636
COV	[492-492]	492	613
COV	[493-493]	493	633
COV	[494-494]	494	595
COV	[495-495]	495	580
COV	[496-496]	496	657
COV	[497-497]	497	585
COV	[498-498]	498	597
COV	[499-499]	499	554
COV	[500-500]	500	555
COV	[501-501]	501	582
COV	[502-502]	502	579
COV	[503-503]	503	556
COV	[504-504]	504	603
COV	[505-505]	505	519
COV	[506-506]	506	555
COV	[507-507]	507	538
COV	[508-508]	508	514
COV	[509-509]	509	476
COV	[510-510]	510	476
COV	[511-511]	511	492
COV	[512-512]	512	489
COV	[513-513]	513	484
COV	[514-514]	514	530
COV	[515-515]	515	476
COV	[516-516]	516	458
COV	[517-517]	517	480
COV	[518-518]	518	444
COV	[519-519]	519	491
COV	[520-520]	520	491
COV	[521-521]	521	476
COV	[522-522]	522	490
COV	[523-523]	523	495
COV	[524-524]	524	440
COV	[525-525]	525	408
COV	[526-526]	526	441
COV	[527-527]	527	463
COV	[528-528]	528	435
COV	[529-529]	529	419
COV	[530-530]	530	425
COV	[531-531]	531	382
COV	[532-532]	532	399
COV	[533-533]	533	376
COV	[534-534]	534	359
COV	[535-535]	535	349
COV	[536-536]	536	377
COV	[537-537]	537	356
COV	[538-538]	538	344
COV	[539-539]	539	357
COV	[540-540]	540	354
COV	[541-541]	541	367
COV	[542-542]	542	359
COV	[543-543]	543	346
COV	[544-544]	544	325
COV	[545-545]	545	329
COV	[546-546]	546	319
COV	[547-547]	547	374
COV	[548-548]	548	317
COV	[549-549]	549	293
COV	[550-550]	550	305
COV	[551-551]	551	345
COV	[552-552]	552	274
COV	[553-553]	553	328
COV	[554-554]	554	314
COV	[555-555]	555	326
COV	[556-556]	556	313
COV	[557-557]	557	283
COV	[558-558]	558	272
COV	[559-559]	559	269
COV	[560-560]	560	280
COV	[561-561]	561	254
COV	[562-562]	562	277
COV	[563-563]	563	234
COV	[564-564]	564	299
COV	[565-565]	565	300
COV	[566-566]	566	263
COV	[567-567]	567	270
COV	[568-568]	568	260
COV	[569-569]	569	247
COV	[570-570]	570	264
COV	[571-571]	571	223
COV	[572-572]	572	245
COV	[573-573]	573	236
COV	[574-574]	574	253
COV	[575-575]	575	239
COV	[576-576]	576	238
COV	[577-577]	577	250
COV	[578-578]	578	232
COV	[579-579]	579	232
COV	[580-580]	580	244
COV	[581-581]	581	223
COV	[582-582]	582	217
COV	[583-583]	583	215
COV	[584-584]	584	204
COV	[585-585]	585	221
COV	[586-586]	586	233
COV	[587-587]	587	219
COV	[588-588]	588	214
COV	[589-589]	589	224
COV	[590-590]	590	194
COV	[591-591]	591	189
COV	[592-592]	592	217
COV	[593-593]	593	207
COV	[594-594]	594	183
COV	[595-595]	595	181
COV	[596-596]	596	195
COV	[597-597]	597	186
COV	[598-598]	598	214
COV	[599-599]	599	206
COV	[600-600]	600	208
COV	[601-601]	601	192
COV	[602-602]	602	192
COV	[603-603]	603	173
COV	[604-604]	604	191
COV	[605-605]	605	200
COV	[606-606]	606	175
COV	[607-607]	607	144
COV	[608-608]	608	162
COV	[609-609]	609	174
COV	[610-610]	610	164
COV	[611-611]	611	158
COV	[612-612]	612	162
COV	[613-613]	613	148
COV	[614-614]	614	149
COV	[615-615]	615	161
COV	[616-616]	616	160
COV	[617-617]	617	150
COV	[618-618]	618	138
COV	[619-619]	619	149
COV	[620-620]	620	164
COV	[621-621]	621	145
COV	[622-622]	622	157
COV	[623-623]	623	157
COV	[624-624]	624	156
COV	[625-625]	625	166
COV	[626-626]	626	144
COV	[627-627]	627	130
COV	[628-628]	628	128
COV	[629-629]	629	149
COV	[630-630]	630	148
COV	[631-631]	631	130
COV	[632-632]	632	131
COV	[633-633]	633	110
COV	[634-634]	634	148
COV	[635-635]	635	159
COV	[636-636]	636	124
COV	[637-637]	637	121
COV	[638-638]	638	134
COV	[639-639]	639	127
COV	[640-640]	640	126
COV	[641-641]	641	114
COV	[642-642]	642	124
COV	[643-643]	643	124
COV	[644-644]	644	97
COV	[645-645]	645	115
COV	[646-646]	646	115
COV	[647-647]	647	132
COV	[648-648]	648	135
COV	[649-649]	649	144
COV	[650-650]	650	113
COV	[651-651]	651	128
COV	[652-652]	652	106
COV	[653-653]	653	113
COV	[654-654]	654	133
COV	[655-655]	655	114
COV	[656-656]	656	108
COV	[657-657]	657	111
COV	[658-658]	658	108
COV	[659-659]	659	96
COV	[660-660]	660	95
COV	[661-661]	661	88
COV	[662-662]	662	136
COV	[663-663]	663	111
COV	[664-664]	664	105
COV	[665-665]	665	97
COV	[666-666]	666	115
COV	[667-667]	667	88
COV	[668-668]	668	113
COV	[669-669]	669	106
COV	[670-670]	670	101
COV	[671-671]	671	84
COV	[672-672]	672	80
COV	[673-673]	673	82
COV	[674-674]	674	83
COV	[675-675]	675	72
COV	[676-676]	676	88
COV	[677-677]	677	82
COV	[678-678]	678	78
COV	[679-679]	679	84
COV	[680-680]	680	68
COV	[681-681]	681	62
COV	[682-682]	682	76
COV	[683-683]	683	90
COV	[684-684]	684	67
COV	[685-685]	685	85
COV	[686-686]	686	75
COV	[687-687]	687	91
COV	[688-688]	688	81
COV	[689-689]	689	80
COV	[690-690]	690	85
COV	[691-691]	691	86
COV	[692-692]	692	95
COV	[693-693]	693	79
COV	[694-694]	694	68
COV	[695-695]	695	91
COV	[696-696]	696	77
COV	[697-697]	697	94
COV	[698-698]	698	64
COV	[699-699]	699	88
COV	[700-700]	700	79
COV	[701-701]	701	76
COV	[702-702]	702	70
COV	[703-703]	703	70
COV	[704-704]	704	97
COV	[705-705]	705	65
COV	[706-706]	706	63
COV	[707-707]	707	77
COV	[708-708]	708	83
COV	[709-709]	709	69
COV	[710-710]	710	61
COV	[711-711]	711	76
COV	[712-712]	712	79
COV	[713-713]	713	81
COV	[714-714]	714	75
COV	[715-715]	715	69
COV	[716-716]	716	76
COV	[717-717]	717	68
COV	[718-718]	718	65
COV	[719-719]	719	67
COV	[720-720]	720	78
COV	[721-721]	721	60
COV	[722-722]	722	72
COV	[723-723]	723	64
COV	[724-724]	724	62
COV	[725-725]	725	66
COV	[726-726]	726	58
COV	[727-727]	727	76
COV	[728-728]	728	46
COV	[729-729]	729	48
COV	[730-730]	730	55
COV	[731-731]	731	49
COV	[732-732]	732	67
COV	[733-733]	733	46
COV	[734-734]	734	52
COV	[735-735]	735	46
COV	[736-736]	736	64
COV	[737-737]	737	44
COV	[738-738]	738	56
COV	[739-739]	739	58
COV	[740-740]	740	65
COV	[741-741]	741	63
COV	[742-742]	742	54
COV	[743-743]	743	60
COV	[744-744]	744	58
COV	[745-745]	745	52
COV	[746-746]	746	38
COV	[747-747]	747	57
COV	[748-748]	748	47
COV	[749-749]	749	49
COV	[750-750]	750	44
COV	[751-751]	751	53
COV	[752-752]	752	60
COV	[753-753]	753	53
COV	[754-754]	754	48
COV	[755-755]	755	55
COV	[756-756]	756	64
COV	[757-757]	757	59
COV	[758-758]	758	53
COV	[759-759]	759	55
COV	[760-760]	760	49
COV	[761-761]	761	59
COV	[762-762]	762	37
COV	[763-763]	763	51
COV	[764-764]	764	46
COV	[765-765]	765	56
COV	[766-766]	766	56
COV	[767-767]	767	50
COV	[768-768]	768	52
COV	[769-769]	769	44
COV	[770-770]	770	51
COV	[771-771]	771	53
COV	[772-772]	772	61
COV	[773-773]	773	47
COV	[774-774]	774	36
COV	[775-775]	775	39
COV	[776-776]	776	45
COV	[777-777]	777	60
COV	[778-778]	778	52
COV	[779-779]	779	46
COV	[780-780]	780	60
COV	[781-781]	781	46
COV	[782-782]	782	55
COV	[783-783]	783	47
COV	[784-784]	784	54
COV	[785-785]	785	43
COV	[786-786]	786	61
COV	[787-787]	787	31
COV	[788-788]	788	47
COV	[789-789]	789	57
COV	[790-790]	790	52
COV	[791-791]	791	48
COV	[792-792]	792	42
COV	[793-793]	793	41
COV	[794-794]	794	40
COV	[795-795]	795	35
COV	[796-796]	796	45
COV	[797-797]	797	44
COV	[798-798]	798	36
COV	[799-799]	799	55
COV	[800-800]	800	50
COV	[801-801]	801	56
COV	[802-802]	802	42
COV	[803-803]	803	33
COV	[804-804]	804	34
COV	[805-805]	805	38
COV	[806-806]	806	35
COV	[807-807]	807	43
COV	[808-808]	808	47
COV	[809-809]	809	41
COV	[810-810]	810	47
COV	[811-811]	811	42
COV	[812-812]	812	44
COV	[813-813]	813	29
COV	[814-814]	814	46
COV	[815-815]	815	22
COV	[816-816]	816	42
COV	[817-817]	817	40
COV	[818-818]	818	33
COV	[819-819]	819	41
COV	[820-820]	820	37
COV	[821-821]	821	35
COV	[822-822]	822	40
COV	[823-823]	823	34
COV	[824-824]	824	39
COV	[825-825]	825	32
COV	[826-826]	826	43
COV	[827-827]	827	43
COV	[828-828]	828	43
COV	[829-829]	829	38
COV	[830-830]	830	33
COV	[831-831]	831	36
COV	[832-832]	832	36
COV	[833-833]	833	37
COV	[834-834]	834	49
COV	[835-835]	835	39
COV	[836-836]	836	33
COV	[837-837]	837	33
COV	[838-838]	838	32
COV	[839-839]	839	38
COV	[840-840]	840	49
COV	[841-841]	841	32
COV	[842-842]	842	28
COV	[843-843]	843	42
COV	[844-844]	844	40
COV	[845-845]	845	47
COV	[846-846]	846	38
COV	[847-847]	847	25
COV	[848-848]	848	35
COV	[849-849]	849	37
COV	[850-850]	850	31
COV	[851-851]	851	42
COV	[852-852]	852	35
COV	[853-853]	853	24
COV	[854-854]	854	47
COV	[855-855]	855	31
COV	[856-856]	856	42
COV	[857-857]	857	36
COV	[858-858]	858	30
COV	[859-859]	859	31
COV	[860-860]	860	24
COV	[861-861]	861	26
COV	[862-862]	862	22
COV	[863-863]	863	37
COV	[864-864]	864	28
COV	[865-865]	865	30
COV	[866-866]	866	21
COV	[867-867]	867	42
COV	[868-868]	868	50
COV	[869-869]	869	30
COV	[870-870]	870	37
COV	[871-871]	871	32
COV	[872-872]	872	44
COV	[873-873]	873	21
COV	[874-874]	874	32
COV	[875-875]	875	26
COV	[876-876]	876	31
COV	[877-877]	877	35
COV	[878-878]	878	33
COV	[879-879]	879	31
COV	[880-880]	880	23
COV	[881-881]	881	35
COV	[882-882]	882	27
COV	[883-883]	883	25
COV	[884-884]	884	30
COV	[885-885]	885	26
COV	[886-886]	886	22
COV	[887-887]	887	33
COV	[888-888]	888	20
COV	[889-889]	889	23
COV	[890-890]	890	27
COV	[891-891]	891	22
COV	[892-892]	892	29
COV	[893-893]	893	30
COV	[894-894]	894	25
COV	[895-895]	895	28
COV	[896-896]	896	21
COV	[897-897]	897	24
COV	[898-898]	898	25
COV	[899-899]	899	27
COV	[900-900]	900	27
COV	[901-901]	901	27
COV	[902-902]	902	25
COV	[903-903]	903	25
COV	[904-904]	904	27
COV	[905-905]	905	16
COV	[906-906]	906	24
COV	[907-907]	907	23
COV	[908-908]	908	23
COV	[909-909]	909	20
COV	[910-910]	910	28
COV	[911-911]	911	30
COV	[912-912]	912	33
COV	[913-913]	913	25
COV	[914-914]	914	26
COV	[915-915]	915	29
COV	[916-916]	916	20
COV	[917-917]	917	30
COV	[918-918]	918	25
COV	[919-919]	919	26
COV	[920-920]	920	22
COV	[921-921]	921	32
COV	[922-922]	922	27
COV	[923-923]	923	28
COV	[924-924]	924	33
COV	[925-925]	925	34
COV	[926-926]	926	27
COV	[927-927]	927	30
COV	[928-928]	928	27
COV	[929-929]	929	26
COV	[930-930]	930	18
COV	[931-931]	931	28
COV	[932-932]	932	19
COV	[933-933]	933	24
COV	[934-934]	934	19
COV	[935-935]	935	14
COV	[936-936]	936	19
COV	[937-937]	937	26
COV	[938-938]	938	29
COV	[939-939]	939	21
COV	[940-940]	940	30
COV	[941-941]	941	15
COV	[942-942]	942	22
COV	[943-943]	943	17
COV	[944-944]	944	26
COV	[945-945]	945	25
COV	[946-946]	946	28
COV	[947-947]	947	16
COV	[948-948]	948	20
COV	[949-949]	949	23
COV	[950-950]	950	25
COV	[951-951]	951	22
COV	[952-952]	952	18
COV	[953-953]	953	32
COV	[954-954]	954	22
COV	[955-955]	955	26
COV	[956-956]	956	29
COV	[957-957]	957	28
COV	[958-958]	958	18
COV	[959-959]	959	21
COV	[960-960]	960	21
COV	[961-961]	961	14
COV	[962-962]	962	25
COV	[963-963]	963	13
COV	[964-964]	964	22
COV	[965-965]	965	29
COV	[966-966]	966	16
COV	[967-967]	967	27
COV	[968-968]	968	21
COV	[969-969]	969	34
COV	[970-970]	970	15
COV	[971-971]	971	13
COV	[972-972]	972	25
COV	[973-973]	973	17
COV	[974-974]	974	19
COV	[975-975]	975	18
COV	[976-976]	976	21
COV	[977-977]	977	16
COV	[978-978]	978	28
COV	[979-979]	979	24
COV	[980-980]	980	19
COV	[981-981]	981	18
COV	[982-982]	982	25
COV	[983-983]	983	26
COV	[984-984]	984	23
COV	[985-985]	985	27
COV	[986-986]	986	31
COV	[987-987]	987	21
COV	[988-988]	988	24
COV	[989-989]	989	26
COV	[990-990]	990	25
COV	[991-991]	991	20
COV	[992-992]	992	18
COV	[993-993]	993	26
COV	[994-994]	994	24
COV	[995-995]	995	22
COV	[996-996]	996	20
COV	[997-997]	997	25
COV	[998-998]	998	25
COV	[999-999]	999	11
COV	[1000-1000]	1000	20
COV	[1000<]	1000	5716
# GC-depth. Use `grep ^GCD | cut -f 2-` to extract this part. The columns are: GC%, unique sequence percentiles, 10th, 25th, 50th, 75th and 90th depth percentile
GCD	0.0	0.022	0.004	0.004	0.004	0.004	0.009
GCD	8.0	0.023	0.013	0.013	0.013	0.013	0.013
GCD	9.0	0.024	0.085	0.085	0.085	0.085	0.085
GCD	11.0	0.026	0.004	0.004	0.018	0.036	0.036
GCD	13.0	0.026	0.004	0.004	0.004	0.004	0.004
GCD	14.0	0.028	0.009	0.009	0.439	0.868	0.868
GCD	15.0	0.028	0.009	0.009	0.009	0.009	0.009
GCD	18.0	0.029	0.009	0.009	0.009	0.009	0.009
GCD	19.0	0.032	0.004	0.006	0.009	0.009	0.009
GCD	20.0	0.033	0.009	0.009	0.009	0.009	0.009
GCD	21.0	0.034	0.013	0.013	0.124	0.234	0.234
GCD	22.0	0.037	0.009	0.074	2.710	17.842	22.073
GCD	23.0	0.043	0.004	0.009	0.022	0.605	1.219
GCD	24.0	0.047	0.009	0.009	0.229	1.174	3.652
GCD	25.0	0.051	0.009	0.013	0.108	0.254	0.346
GCD	26.0	0.056	0.009	0.016	0.112	1.703	7.236
GCD	27.0	0.070	0.010	0.034	1.147	2.591	3.763
GCD	28.0	0.096	0.013	0.187	1.644	2.638	4.578
GCD	29.0	0.169	0.054	0.153	2.127	4.079	5.855
GCD	30.0	0.319	0.130	0.197	2.244	4.890	8.347
GCD	31.0	0.697	0.126	0.166	1.916	5.586	10.520
GCD	32.0	1.480	0.130	0.171	1.486	5.413	10.700
GCD	33.0	2.958	0.144	0.175	0.243	4.821	10.888
GCD	34.0	5.338	0.139	0.171	0.216	3.351	10.087
GCD	35.0	9.093	0.144	0.175	0.216	1.999	9.025
GCD	36.0	14.168	0.144	0.180	0.220	0.355	7.691
GCD	37.0	20.437	0.144	0.180	0.225	0.292	6.234
GCD	38.0	27.780	0.144	0.184	0.229	0.297	5.405
GCD	39.0	35.447	0.148	0.193	0.238	0.310	4.736
GCD	40.0	42.926	0.162	0.207	0.256	0.337	5.168
GCD	41.0	49.872	0.175	0.220	0.274	0.382	5.631
GCD	42.0	56.080	0.193	0.238	0.297	0.414	5.815
GCD	43.0	61.707	0.207	0.261	0.319	0.540	6.254
GCD	44.0	66.795	0.220	0.274	0.342	0.679	6.987
GCD	45.0	71.242	0.234	0.297	0.369	1.120	7.017
GCD	46.0	75.003	0.252	0.315	0.400	1.491	7.351
GCD	47.0	78.294	0.256	0.328	0.432	2.026	8.002
GCD	48.0	81.124	0.270	0.355	0.463	2.339	8.558
GCD	49.0	83.623	0.292	0.382	0.504	2.950	9.478
GCD	50.0	85.847	0.301	0.400	0.544	3.303	9.616
GCD	51.0	87.809	0.324	0.436	0.612	3.881	10.607
GCD	52.0	89.578	0.334	0.454	0.688	4.199	11.027
GCD	53.0	91.168	0.355	0.481	0.783	4.583	10.636
GCD	54.0	92.592	0.364	0.508	1.291	5.464	11.985
GCD	55.0	93.892	0.391	0.553	1.848	6.791	13.582
GCD	56.0	95.085	0.418	0.585	2.098	6.669	13.449
GCD	57.0	96.222	0.437	0.648	2.193	6.486	13.333
GCD	58.0	97.222	0.459	0.787	2.815	7.501	13.391
GCD	59.0	98.019	0.507	1.046	3.085	7.137	12.030
GCD	60.0	98.692	0.549	1.228	3.211	7.056	11.946
GCD	61.0	99.177	0.626	1.259	2.725	6.917	11.782
GCD	62.0	99.483	0.600	1.156	3.274	6.303	11.200
GCD	63.0	99.723	0.483	1.176	2.818	6.040	10.162
GCD	64.0	99.865	0.472	1.588	3.166	5.102	8.712
GCD	65.0	99.939	0.485	1.193	2.770	5.109	8.757
GCD	66.0	99.980	0.202	0.697	2.532	5.415	7.920
GCD	67.0	99.993	0.013	1.120	2.788	3.850	5.905
GCD	68.0	99.999	0.004	0.405	1.070	2.490	4.439
GCD	69.0	100.000	0.009	0.009	0.600	1.192	1.192
