# This file was produced by samtools stats (1.23+htslib-1.23) and can be plotted using plot-bamstats
# This file contains statistics for all reads.
# The command line was:  stats data/AFR/YRI/NA19201/aligned/NA19201.bam
# CHK, Checksum	[2]Read Names	[3]Sequences	[4]Qualities
# CHK, CRC32 of reads which passed filtering followed by addition (32bit overflow)
CHK	2227bbd9	a90ea47b	6f488ae3
# Summary Numbers. Use `grep ^SN | cut -f 2-` to extract this part.
SN	raw total sequences:	52699776	# excluding supplementary and secondary reads
SN	filtered sequences:	0
SN	sequences:	52699776
SN	is sorted:	1	# sorted by coordinate
SN	1st fragments:	26349888
SN	last fragments:	26349888
SN	reads mapped:	52674834
SN	reads mapped and paired:	52671298	# paired-end technology bit set + both mates mapped
SN	reads unmapped:	24942
SN	reads properly paired:	51071686	# proper-pair bit set
SN	reads paired:	52699776	# paired-end technology bit set
SN	reads duplicated:	0	# PCR or optical duplicate bit set
SN	reads MQ0:	4864849	# mapped and MQ=0
SN	reads QC failed:	0
SN	non-primary alignments:	0
SN	supplementary alignments:	119013
SN	total length:	5266080072	# ignores clipping
SN	total first fragment length:	2633040036	# ignores clipping
SN	total last fragment length:	2633040036	# ignores clipping
SN	bases mapped:	5263601896	# ignores clipping
SN	bases mapped (cigar):	5253513880	# more accurate
SN	bases trimmed:	0
SN	bases duplicated:	0
SN	mismatches:	14423863	# from NM fields
SN	error rate:	2.745565e-03	# mismatches / bases mapped (cigar)
SN	average length:	100
SN	average first fragment length:	100
SN	average last fragment length:	100
SN	maximum length:	100
SN	maximum first fragment length:	100
SN	maximum last fragment length:	100
SN	average quality:	37.5
SN	insert size average:	253.6
SN	insert size standard deviation:	82.7
SN	inward oriented pairs:	25579137
SN	outward oriented pairs:	20824
SN	pairs with other orientation:	49856
SN	pairs on different chromosomes:	685832
SN	percentage of properly paired reads (%):	96.9
# First Fragment Qualities. Use `grep ^FFQ | cut -f 2-` to extract this part.
# Columns correspond to qualities and rows to cycles. First column is the cycle number.
FFQ	1	1	0	0	0	0	0	0	0	0	0	473	3533	3157	0	460	0	448	454	537	12244	0	2970	10737	3310	1896	22157	13534	2014	49443	13133	65999	63930	11533	235107	22051	295993	231255	204184	1546513	3147560	20385262	0
FFQ	2	755	0	0	0	0	53	64	104	1069	291	1293	4557	2299	1096	1207	1158	2488	3505	6230	10604	4092	5666	11333	13104	7889	18413	24121	19107	41960	28424	53794	67023	20631	219753	29102	310549	270212	198757	1555635	3274194	20139356	0
FFQ	3	383	0	0	0	0	24	179	319	995	476	2406	4615	2223	1266	1483	1565	2833	5088	7278	11057	6483	5360	11637	14470	7750	21793	20930	21817	42142	28605	52313	69615	22740	219459	29475	318372	278707	207352	1537507	3309303	20081868	0
FFQ	4	0	0	0	0	0	48	316	503	869	715	3548	4315	1959	1410	1791	1875	2925	6527	7429	10912	7730	4844	11589	14986	7168	23157	18289	21956	41967	28360	50232	68991	23140	218413	29322	325412	284069	211778	1512355	3348236	20052752	0
FFQ	5	0	0	0	0	0	78	510	779	1121	885	4008	3999	1872	1701	2186	2055	3229	6805	6924	10428	8727	5277	12408	14141	7033	23483	17629	18679	42643	24908	50604	65530	22737	216641	27626	335974	294068	211594	1513470	3436325	19953811	0
FFQ	6	0	0	0	0	0	45	337	422	702	563	2236	1620	1180	1379	2096	1719	3251	5030	4485	8228	6311	5916	10151	12591	6361	18141	17096	15707	42201	22249	45136	61241	23882	201745	21648	348285	297246	181462	1405691	3482259	20091276	0
FFQ	7	0	0	0	0	0	26	261	376	529	435	2045	1838	1203	1097	1603	1975	2922	4938	4904	9007	6272	5717	10196	13054	7075	19823	17330	21053	42777	27204	46082	73161	30382	210004	23949	364636	288513	204551	1450102	3432540	20022308	0
FFQ	8	0	0	0	0	0	28	201	308	454	463	2045	2044	1329	1082	1363	2000	2660	4582	5292	9400	6367	5636	9990	13794	7475	20590	17276	23411	42201	29750	47502	78083	32836	214932	26365	367692	289436	216463	1468503	3406468	19991867	0
FFQ	9	0	0	0	0	0	25	112	250	336	435	1954	1899	1254	942	1306	1937	2504	4525	5411	9433	6038	5553	9935	14511	7503	20589	17502	25226	41442	32397	46521	80113	32602	219469	26939	368623	292475	221126	1473954	3378747	19996300	0
FFQ	10	0	0	0	0	0	9	115	203	278	394	1921	1894	1230	937	1179	1976	2495	4571	5634	9519	6068	5372	10072	14581	7709	21427	17328	25900	41726	33510	48082	83114	33224	228350	26793	382780	298821	232911	1523344	3421850	19854571	0
FFQ	11	0	0	0	0	0	18	328	394	682	537	2260	1625	1177	1211	1975	1942	3402	5555	4475	8380	5801	6719	10419	13551	6789	18694	18193	18892	43675	26155	44731	71339	31788	215960	25431	395187	321755	209815	1552218	3487215	19791600	0
FFQ	12	0	0	0	0	0	23	248	332	524	378	2090	1919	1146	1014	1375	1884	2941	5047	5094	9383	5933	5941	10413	14265	7239	19974	18357	23569	42931	32561	46983	81883	34725	231972	28537	403803	322247	237965	1610780	3439048	19697364	0
FFQ	13	0	0	0	0	0	37	170	294	409	350	1913	1913	1241	937	1238	1915	2684	4722	5341	9318	5842	5656	10200	15063	7402	21127	18234	26410	42708	36144	47663	86821	36339	241029	30084	409197	322656	251837	1645963	3416254	19640777	0
FFQ	14	0	0	0	0	0	17	117	201	274	285	1765	1838	1186	902	1131	1813	2672	4894	5573	9544	5703	5615	10189	15916	7605	21176	18505	28365	41276	39476	47420	89508	37231	246973	31875	411803	327538	260225	1655683	3395677	19619917	0
FFQ	15	0	0	0	0	0	6	64	168	252	327	1850	1893	1220	832	1096	1922	2691	4941	5761	9949	5668	5527	10317	16769	7634	21271	18938	30225	41510	42423	47862	92700	38410	256372	33094	424078	336429	273732	1690663	3431452	19491842	0
FFQ	16	0	0	0	0	0	28	333	492	786	557	2633	1836	1355	1446	2355	2230	3666	6051	5000	9035	5787	7083	10882	16039	7451	19222	20346	22800	45360	33968	47579	80205	37589	245626	30749	444960	365814	247633	1739049	3481691	19402252	0
FFQ	17	0	0	0	0	0	23	272	374	614	457	2348	1977	1304	1171	1604	2079	3295	5598	5724	9968	5866	6116	11078	17504	7796	21247	20171	28483	43794	41415	50378	91582	40581	266823	34205	455401	367481	282035	1822336	3438749	19260039	0
FFQ	18	0	0	0	0	0	26	148	281	445	381	2306	2012	1323	1035	1386	2024	3231	5327	6205	10176	5764	5841	10862	18699	8118	21882	20251	32609	43302	46868	50772	97661	42653	276976	37563	460379	373298	298196	1851228	3415728	19194932	0
FFQ	19	0	0	0	0	0	13	102	245	363	371	2289	2253	1416	986	1313	2093	3155	5593	6732	10175	5662	5938	11109	20344	8472	22188	20540	35681	42284	51770	50646	101694	43987	287531	39765	469538	380676	313666	1872881	3404626	19123791	0
FFQ	20	0	0	0	0	1	9	71	193	294	349	2410	2075	1420	1042	1321	2202	3494	5635	7261	10640	5716	5969	11053	22094	8636	22239	21248	38919	40836	56568	50606	104950	45642	297184	43266	480173	392689	329385	1886398	3432180	19015720	0
FFQ	21	0	0	0	0	2	26	292	616	936	842	3407	2165	1660	1840	2845	2782	4730	7372	6261	10308	6337	8179	12217	20476	8285	20521	23940	28809	46346	46477	51874	89644	45732	284102	41305	502083	424163	296690	1937598	3455007	18954019	0
FFQ	22	0	0	0	0	5	33	257	434	659	585	3302	2487	1601	1514	2036	2673	4369	6969	7578	11238	6307	7139	12361	23321	9191	22617	23736	37490	44776	57196	54158	104078	49636	307743	47531	513137	429435	336248	2005616	3400362	18812070	0
FFQ	23	4	0	0	0	7	16	176	355	513	487	3095	2659	1692	1351	1715	2697	4397	6686	8202	11595	6297	6717	12379	25812	9524	23027	23627	42538	43824	63852	55105	112494	52550	324756	51513	529348	442927	362509	2064189	3410297	18640956	0
FFQ	24	19	0	0	0	13	14	109	303	465	500	3246	2695	1639	1224	1606	2645	4256	6831	8773	11431	6168	6695	12221	26989	9561	23559	23344	45563	43451	68260	56008	118707	53200	340706	52969	545486	452117	382332	2115942	3443606	18477235	0
FFQ	25	0	0	0	0	36	7	70	257	400	457	3341	2710	1778	1191	1610	2724	4130	7009	9409	11547	6232	6585	12189	28716	9669	24189	23606	48719	43415	72733	56977	123837	54605	353545	54262	566716	463955	397758	2157647	3469624	18328233	0
FFQ	26	0	0	0	0	63	27	327	1250	1504	1599	5399	3037	2800	3335	4360	4119	6689	9966	8224	12375	8041	9888	14891	27006	10277	23164	28895	38618	48657	64340	59780	107197	61353	346032	58038	604179	518802	373917	2215610	3624791	18041338	0
FFQ	27	187	0	0	0	72	28	238	847	1099	1218	5285	3457	2553	2522	3294	4175	6136	9934	10259	13328	7982	8858	15267	31885	11242	25132	28042	49851	46808	77130	61753	123776	65187	373630	66817	618625	526757	419228	2294678	3589543	17843065	0
FFQ	28	781	0	0	0	78	21	205	716	914	1038	5176	3638	2595	2308	2859	3999	5854	9930	11506	13651	7860	8365	15213	34993	11645	26219	27683	55247	46821	84793	62784	134990	66776	395279	68988	641066	538412	445540	2363292	3606867	17641786	0
FFQ	29	3	0	0	0	95	26	175	686	857	976	5334	3647	2674	2066	2683	3811	5730	9760	12284	13782	7658	7993	14691	36624	11676	26775	27336	59167	47111	89647	63639	143552	67547	415487	68151	663436	547432	466051	2436886	3642901	17441539	0
FFQ	30	1	0	0	0	121	25	145	673	798	1038	5800	4028	2783	2045	2598	3910	5780	10298	12818	14105	7665	8066	14983	39344	12024	27467	27470	63564	47293	95465	64609	151608	68526	433353	69766	688515	561557	485139	2475597	3678422	17262489	0
FFQ	31	21	0	0	0	185	43	425	1921	2135	2450	7258	4049	3833	4341	5858	5578	8669	13566	10575	15108	10423	12530	18823	35301	13129	28007	35388	51182	55647	84965	72081	132522	80003	423617	76523	725464	620746	450488	2545430	3723879	17067725	0
FFQ	32	4	0	0	0	156	50	358	1382	1697	1857	7319	4434	3491	3483	4431	5519	7849	13657	13406	16155	10326	11329	18571	42444	14305	30155	33727	65226	54661	101049	73831	154975	82299	462567	83234	749709	629914	503451	2666505	3697581	16777030	0
FFQ	33	1	0	0	0	146	34	292	1204	1374	1792	7454	4793	3458	3483	4086	5842	7898	14354	15550	16219	10621	11267	19155	48012	15235	31248	34333	74618	53664	113236	77146	168110	89771	489522	95096	780725	660511	544003	2692255	3731408	16518614	0
FFQ	34	0	0	0	0	138	38	195	778	925	1117	5061	3488	2802	2986	3485	5178	6782	11104	12128	14982	10534	10629	18305	35467	15152	27928	34618	55217	51245	83246	77722	125548	91665	367520	107178	614058	584802	441510	2421213	3367199	17733176	0
FFQ	35	0	0	0	0	149	33	163	792	843	1083	4917	3445	2922	2785	3327	5057	6865	11200	12574	14735	10506	10711	18037	36812	15335	27917	34911	58482	51617	86415	78073	129354	91479	376058	108230	621843	590803	450565	2451670	3385581	17638551	0
FFQ	36	0	0	0	0	187	35	354	1545	1718	2015	5920	3461	3505	3964	5004	5377	7728	11939	9848	13353	9544	11587	16814	30368	12262	24174	33147	43184	46182	73587	68456	107543	77933	351605	85997	615030	567245	410946	2135508	3738543	17806993	0
FFQ	37	0	0	0	0	168	39	284	1158	1257	1480	5831	3718	2999	3328	3900	5191	6990	11536	11692	13530	9538	10460	16507	35737	13358	24907	31569	55019	45649	85545	69420	124974	80450	380903	93195	632602	577424	453139	2218992	3716624	17592326	0
FFQ	38	0	0	0	0	163	41	278	984	1098	1371	5771	3888	3097	3051	3526	5258	7017	11715	13266	13583	9821	10324	16564	39281	13985	25585	31929	60821	44940	92695	72088	131667	86032	391698	103830	641561	599371	484033	2210622	3716424	17482982	0
FFQ	39	0	0	0	0	168	33	219	843	1067	1237	5845	4068	3025	2871	3313	5208	6749	11808	13902	13581	9571	10183	16413	41166	14384	25750	31461	65574	44998	98111	72214	139494	87069	408910	105795	657652	607555	500734	2264117	3732651	17331604	0
FFQ	40	0	0	0	0	196	51	219	866	988	1273	6346	4231	3308	2892	3383	5485	7093	12452	15159	13945	9895	10390	16668	44177	15127	25816	31963	69172	44990	104140	74024	145661	90738	421920	113454	675756	630874	525456	2262176	3785415	17162726	0
FFQ	41	0	0	0	0	243	66	521	1969	2278	2734	7771	4282	4400	5049	6126	6973	9282	14214	12429	14985	11532	13688	18706	38249	14867	27233	37316	54466	47639	91483	80693	124009	97597	405206	117827	689969	673660	506905	2171941	3935015	17086249	0
FFQ	42	1	0	0	0	225	77	411	1363	1613	2066	7472	4630	3841	4328	4861	6896	8509	14571	15123	15014	11501	12804	18470	45619	16840	27617	36535	68612	47491	106806	82105	144704	103241	439630	132000	711376	697211	561442	2228505	3922841	16830428	0
FFQ	43	2	0	0	0	206	80	336	1163	1475	1872	7654	4816	3728	3847	4508	7132	8493	14697	17101	15051	11469	12373	18522	50392	17770	28302	36534	76520	48447	114821	83946	155374	107075	458210	141510	726304	718843	592740	2249701	3929659	16665343	0
FFQ	44	295	0	0	0	214	77	335	1074	1345	1767	7805	5397	3829	3548	4154	6674	8251	14779	17871	15018	11173	11970	18392	52761	17519	28494	35211	80541	48504	119592	83020	162807	105205	471481	139137	737386	710226	594655	2311926	3904302	16598592	0
FFQ	45	211	0	0	0	245	68	307	1049	1271	1678	8026	5221	3834	3584	4322	6900	8223	15278	18742	14680	11347	12424	18507	55112	18267	28664	36282	84599	48803	124530	84717	167144	109140	482880	145950	750060	730772	616022	2307261	3931324	16477141	0
FFQ	46	661	0	0	0	360	122	807	2484	2779	3746	9577	5586	5572	6640	7904	9335	11341	17378	16118	17134	14630	17044	22224	48284	18717	33084	45097	67402	54660	112376	99701	146462	126662	473096	159533	771373	797281	604536	2260005	4055610	16288589	0
FFQ	47	3672	0	0	0	355	108	533	1824	2261	2815	9623	5948	4963	5403	6378	8843	10495	18139	19613	17022	14630	15693	21843	57975	21455	32778	43546	84281	55902	128984	101018	169503	131311	509433	175447	792812	818244	657346	2316289	4025492	16041259	0
FFQ	48	301	0	0	0	366	121	458	1277	1539	2025	8065	5168	4210	4848	5521	8685	9820	16647	18660	16755	15199	15881	21638	53793	22906	32701	44590	79438	58890	120643	107211	163247	140685	485606	193825	754411	842186	653667	2215987	3946731	16258939	0
FFQ	49	1935	0	0	0	386	118	386	1252	1447	1954	8033	5201	4385	4696	5342	8474	10135	16893	20002	16833	15551	15840	21661	56303	23701	33055	44704	84172	59898	125281	109641	170504	144401	499097	202228	766082	866321	679825	2211955	3976251	16118091	0
FFQ	50	37	0	0	0	434	114	414	1201	1440	1994	8313	5456	4354	4721	5432	8890	10125	17418	20739	16994	15705	16137	21949	59080	24352	33873	45084	86710	60510	130024	111066	175287	148340	513109	212436	778539	888936	697509	2233155	4014222	15957367	0
FFQ	51	2008	0	0	0	550	202	849	2398	2691	3542	9758	5467	5805	6874	8301	9979	11771	17546	17394	17865	17041	18582	22656	50074	21420	35645	48195	68790	58004	115972	113911	155450	150778	506662	209514	779520	944564	685496	2121510	4295118	15788977	0
FFQ	52	882	0	0	0	534	165	611	1640	2122	2859	9574	5701	4785	5711	6583	9640	11108	18894	20478	17543	16586	17106	22342	60116	24257	35145	45864	85876	60158	132803	112484	178941	151114	541004	218886	804887	941615	722975	2197572	4246296	15595513	0
FFQ	53	6543	0	0	0	543	192	595	1556	2075	2645	10114	6367	5206	5614	6440	10091	11077	19390	22768	17581	16689	17674	22590	65532	25780	35646	46801	94675	63963	144530	117561	197148	161046	580102	246504	832316	1016313	778577	2205673	4323711	15208138	0
FFQ	54	8644	0	0	0	568	233	572	1441	1938	2626	10615	6317	5176	5747	6449	10444	11516	20420	24361	17690	17285	17893	23211	69896	27530	36787	48097	100369	65986	153652	120196	211691	168919	613175	267191	854891	1080862	819421	2232146	4408273	14856978	0
FFQ	55	4051	0	0	0	667	246	545	1439	1868	2465	10921	6889	5139	5277	6174	10143	11345	21121	24990	17504	17192	17616	23321	72565	27634	36735	48475	105341	65490	157711	119408	216340	166946	622393	262090	868876	1057919	818403	2271719	4369688	14852025	0
FFQ	56	0	0	0	0	880	306	1108	2962	3496	4505	12009	6682	6966	8078	9994	11941	14120	21415	21131	20404	20240	22325	25611	62214	26198	42509	55936	84432	70632	141011	136143	190741	179725	596068	247738	879103	1058150	758036	2295219	4350647	14939424	0
FFQ	57	0	0	0	0	839	274	718	2084	2692	3484	11750	6822	5953	6791	8144	11860	13142	22473	24833	20220	19949	21426	26586	73017	30112	42609	55627	102754	75423	157790	137941	219412	185750	638217	270022	904022	1087473	811907	2324834	4345012	14655598	0
FFQ	58	0	0	0	0	825	312	689	1831	2386	3284	12089	7238	6047	6699	7715	12357	13414	24140	27717	20278	21217	21915	27515	79397	33423	43380	57707	112216	80618	170610	144129	240206	196763	682538	300069	928423	1168482	871188	2332806	4432427	14234958	0
FFQ	59	0	0	0	0	837	312	691	1709	2271	2970	12338	7357	5708	6065	7293	11769	13035	24198	29095	19733	20732	21587	27089	83300	32872	42661	56866	118062	80151	176485	141452	246232	193196	685046	292302	940406	1131504	861512	2383788	4351101	14294731	0
FFQ	60	0	0	0	0	945	307	675	1793	2260	3054	12448	7766	5935	6122	7235	11890	13013	24683	29274	20195	20945	21489	27601	84681	34080	43664	57608	121719	80893	180915	146900	259660	199917	713508	306709	958460	1173094	886512	2383260	4401448	14075223	0
FFQ	61	0	0	0	0	33067	478	1408	3433	3984	5326	13838	7629	8380	9699	11574	14106	16007	23685	24917	22691	24042	26139	29009	73363	32335	50982	66477	97948	91456	168283	175463	250597	230209	738828	333039	978171	1325817	895155	2365921	4604676	13567162	0
FFQ	62	0	0	0	0	40122	434	1020	2639	3387	4484	14654	8158	7566	8677	9933	14592	15699	27059	29986	22565	24316	25401	29536	87958	36641	50475	66145	120829	96553	192553	176125	283597	233850	794713	357758	1019071	1360397	952541	2423695	4597685	13183883	0
FFQ	63	0	0	0	0	50852	433	966	2258	3078	4109	15131	8791	7508	8139	9432	14568	15633	27451	32390	22531	24623	25873	30910	93190	39080	51081	68319	128619	101983	199942	179980	304635	242624	830759	380936	1031582	1425620	984332	2433070	4613121	12910571	0
FFQ	64	0	0	0	0	68162	465	968	2213	2962	3886	15859	9338	7467	7923	8948	14600	15612	28477	33959	22594	24299	25180	31208	96936	39592	50830	67657	134728	101365	208033	180079	314977	242727	849719	388794	1050051	1431910	996701	2456769	4594182	12794347	0
FFQ	65	0	0	0	0	101673	450	842	2013	2858	3610	14679	8571	7112	7526	8903	14318	15429	27701	33449	22484	24780	25737	31907	96635	40527	50959	68205	136327	101871	210714	181769	329586	249366	882779	407190	1072755	1487033	1015552	2493632	4630890	12513096	0
FFQ	66	0	0	0	0	162816	740	1798	4001	4833	6171	15845	8466	9615	11242	13291	15904	17999	26820	28221	25909	27921	29996	32744	83652	38424	58645	77196	110466	112547	195235	207158	316812	269886	896397	414321	1073537	1599294	987545	2508134	4747189	12181595	0
FFQ	67	7	0	0	0	174658	683	1226	3150	4128	5455	16843	9130	9029	10329	12017	17184	18204	30448	33957	26143	29089	30043	34482	100615	43875	59250	79279	135134	123227	221746	209003	361762	278960	976050	454420	1121956	1679497	1055442	2568601	4762689	11624070	0
FFQ	68	0	0	0	0	190034	700	1229	2892	3892	5214	18803	10230	8835	9864	11040	17438	18527	32854	37976	25493	28617	29789	36426	109453	45936	59726	79165	148379	125172	237349	209798	383337	284002	1015254	468845	1153058	1700565	1081574	2597521	4729309	11402913	0
FFQ	69	0	0	0	0	214393	661	1163	2635	3753	4846	18485	10292	8688	9291	10650	16779	18030	32669	38580	25319	28146	29219	36583	110406	46770	59119	78945	153381	123695	241085	209999	393445	285263	1033191	477970	1171238	1702313	1094428	2620166	4713443	11295567	0
FFQ	70	0	0	0	0	259778	622	1150	2529	3498	4477	17702	9983	8479	9148	10194	16469	18203	32283	38685	25249	28788	29715	37680	111130	47886	59869	80172	154470	126229	245894	212135	414850	292016	1083448	500195	1201020	1783597	1113236	2663712	4751688	10923810	0
FFQ	71	0	0	0	0	339507	911	2082	4566	5616	6895	18213	9373	10815	12416	14934	17889	20294	29935	32580	28647	32065	34626	37167	95973	44675	67464	88740	126417	137096	223673	245553	378282	312169	1036309	477133	1184944	1777554	1065079	2616088	4694265	11089441	0
FFQ	72	0	0	0	0	354415	753	1367	3314	4365	5870	18614	9819	9575	10810	12180	18241	19747	33255	37310	27633	30957	33220	38078	112194	48858	65593	88676	152826	141384	246684	242180	409608	315160	1073099	495740	1216630	1760896	1106305	2634504	4625462	10913473	0
FFQ	73	0	0	0	0	376451	852	1356	3186	4267	5692	20496	11051	9815	10454	11798	18956	20107	35739	41708	28056	31844	33670	40287	121111	52522	67166	91304	166996	147903	263250	245499	443365	320886	1142376	525541	1250421	1838202	1149068	2661957	4639209	10485710	0
FFQ	74	0	0	0	0	409694	863	1366	3108	4250	5425	20507	10991	9762	10502	12117	19077	20778	36366	43110	28858	32930	34541	42672	124064	55396	68887	93912	171187	154433	273387	250067	474615	330459	1209824	557542	1282102	1936296	1168673	2717764	4669812	10032315	0
FFQ	75	0	0	0	0	465532	867	1346	2848	3866	5221	19708	10895	9516	10160	11686	18643	20529	36708	43143	28639	32706	34124	43067	125451	55698	68743	94368	174509	154464	279762	250839	495364	335926	1259228	575018	1315637	1984494	1187199	2755182	4673449	9732533	0
FFQ	76	0	0	0	0	564970	1209	2317	5076	5930	7330	19410	9921	11895	13665	15617	19730	22514	32567	35857	31329	34726	38338	41005	106863	51202	74631	101333	143349	165849	256916	280787	470472	354583	1238944	562514	1294904	2049658	1143052	2739091	4694373	9674532	0
FFQ	77	0	0	0	0	584706	1050	1713	3808	5138	6652	20723	10925	11045	12486	14271	21296	22515	37006	42223	31481	36159	39004	44036	125506	58726	77038	105243	171626	180332	288692	283261	527015	365646	1332553	608250	1343659	2128170	1192392	2778257	4655064	9148171	0
FFQ	78	0	0	0	0	609776	1068	1560	3742	4824	6394	22196	11870	10994	11819	13334	21167	22594	39056	45936	31198	36287	38519	46117	133597	60409	77281	105722	184444	181996	301639	285690	548725	368931	1370212	624741	1369734	2142142	1212385	2785547	4609088	8974466	0
FFQ	79	0	0	0	0	650527	970	1428	3353	4844	6152	22522	12218	10690	11205	12662	20908	22781	40597	46888	30541	35557	38314	47147	136914	61111	76708	105712	191064	180924	309720	285826	564407	373316	1396546	632250	1397215	2147605	1226617	2797818	4570254	8841270	0
FFQ	80	0	0	0	0	725060	973	1352	3059	4177	5448	20721	11085	9907	10338	11944	19151	22201	39110	46176	29583	34544	36067	46805	136214	60643	75069	103216	192533	175339	309561	285035	574850	373347	1414656	637984	1419345	2140701	1232867	2810290	4539386	8755236	0
FFQ	81	0	0	0	0	860010	1564	2599	5594	6701	8237	21662	10888	13088	15246	17252	22219	25334	35886	40235	35496	40366	44427	47586	119834	61133	86448	118720	160239	208600	295451	329514	587336	404571	1483048	659298	1415462	2356090	1193865	2854009	4552947	8172411	0
FFQ	82	0	0	0	0	884556	1293	1892	4549	5812	7523	23083	11858	12474	13974	15448	23156	25301	41351	47509	35769	40653	44685	50621	140784	67214	88140	121251	192691	216534	328999	327429	630492	411166	1546864	689617	1461330	2359438	1238461	2854913	4477570	7868329	0
FFQ	83	0	0	0	0	917814	1201	1769	4105	5539	7311	24112	12863	11950	12763	14359	22907	25140	43019	49928	33776	39245	43285	51648	146793	68119	86486	120804	204280	213507	337349	328128	642463	413390	1554370	696853	1476605	2325251	1257713	2831747	4416326	7869177	0
FFQ	84	0	0	0	0	973695	1198	1787	4093	5304	7187	25026	13064	12264	13390	14652	23995	26962	45160	52786	36194	42365	45642	57232	152313	73447	91683	125952	211566	228784	356497	335687	703029	426788	1687708	743051	1531134	2481535	1260834	2912042	4377783	7209584	0
FFQ	85	0	0	0	0	1064603	1147	1628	3568	4777	6317	21857	11580	11383	12195	13581	22287	26105	43260	50223	35005	40934	43929	56478	147881	72504	89712	123538	211124	223142	353351	335201	715692	432240	1708823	751578	1556080	2502941	1263611	2930484	4353200	7068770	0
FFQ	86	0	0	0	0	1225612	1681	2768	5660	6611	8239	21364	10949	13635	16169	18103	23826	27417	37609	43500	39420	43771	49859	53364	128828	69346	96966	134493	175648	251442	335342	373691	715438	450484	1743041	749669	1534424	2636781	1208336	2965177	4322929	6768434	0
FFQ	87	0	0	0	0	1255536	1496	2108	5001	6164	8343	24728	12731	13182	15190	16693	25898	28614	45258	51136	38896	44612	50628	57712	152781	74767	100251	136901	211199	258493	374131	372031	766071	456837	1811114	783267	1583816	2630636	1247705	2949614	4223307	6472277	0
FFQ	88	0	0	0	0	1297915	1377	1967	4453	5854	7909	25120	13364	12742	14075	15432	25317	28402	46255	53634	37992	44215	49440	60516	157704	77284	99481	137355	221279	261533	382939	375237	785694	463120	1842331	796080	1598218	2628111	1258041	2921833	4173386	6382633	0
FFQ	89	0	0	0	0	1365022	1180	1893	4060	5632	7511	25262	12980	12335	13402	14693	25048	28352	47445	53992	38037	44596	48475	63016	159293	79872	100995	139213	226266	261253	391256	377587	813961	470908	1889700	811938	1629405	2664513	1258846	2934385	4107104	6177828	0
FFQ	90	0	0	0	0	1483680	1141	1590	3584	4689	6477	22038	11626	11403	12304	13714	23241	27881	45406	52077	37307	43738	47890	63162	155417	80254	99329	136441	224861	257227	391415	379503	840176	476864	1942933	827382	1664477	2709139	1257121	2955148	4059752	5935802	0
FFQ	91	0	0	0	0	1699754	1511	2418	5084	6214	7756	20379	10301	12971	15410	17135	25148	29204	39274	45952	42771	47155	55069	59043	138048	76388	107694	149383	188700	294656	369281	430017	835874	499107	1957660	819988	1624870	2818917	1206735	2936231	3978090	5730966	0
FFQ	92	0	0	0	0	1739362	1119	1660	4009	5364	7626	22504	11487	12437	14635	15952	26726	30192	46507	52545	42172	48059	55695	64406	160294	83090	111468	153972	225527	303839	408926	428351	885438	506126	2027685	854057	1669778	2809665	1239971	2908037	3879785	5445527	0
FFQ	93	0	0	0	0	1793728	1078	1637	3798	5612	7850	24212	12321	12871	14184	15288	27701	31507	50276	56666	43400	50003	57042	70754	167135	89339	116418	158284	239711	316747	430993	434281	938125	516843	2122236	884429	1711287	2873779	1242756	2916134	3779135	5085208	0
FFQ	94	0	0	0	0	1876502	953	1490	3488	5159	7520	24217	12122	12572	13912	14944	27820	32733	52002	58114	44138	50967	57624	75038	171305	93743	119176	161072	246770	320291	444352	437310	981472	528866	2202783	908015	1760646	2927716	1236628	2926327	3687578	4776068	0
FFQ	95	0	0	0	0	2019787	765	1274	2751	3959	5897	19500	10068	10847	12006	13557	26239	32691	50319	56099	44533	51478	56997	78108	167902	95734	120941	160292	246237	321190	448313	440062	1026650	542077	2283219	923898	1811818	2997874	1219083	2952816	3582623	4462342	0
FFQ	96	0	0	0	0	2274473	663	1177	2773	3919	5168	14508	7426	9482	12126	13116	27949	33650	43040	50947	52236	55171	67901	73717	153539	94167	132148	178035	213094	394608	449700	490519	1089077	552858	2428251	936259	1776182	3190428	1138641	2958789	3409290	3963246	0
FFQ	97	0	0	0	0	2304932	806	1093	3064	4284	6131	19284	9320	9968	11346	11812	29269	33218	50700	56421	46020	50637	61402	72489	173809	91438	125826	169352	248284	358219	469314	480831	1048195	555322	2321512	935228	1777307	2985108	1221092	2822138	3452377	4278983	0
FFQ	98	0	0	0	0	2355962	686	1063	2683	4566	6789	20919	10236	10216	11313	11238	30742	35722	56061	61429	48096	54561	65316	83001	183716	101597	135340	179403	266956	387559	504070	488910	1124547	564811	2451989	969466	1818804	3055255	1195661	2812054	3310145	3873790	0
FFQ	99	0	0	0	0	2422517	416	861	2127	3897	5698	20263	9796	9031	9200	9238	29768	35210	57759	62750	44734	51354	60756	81470	189022	98258	128923	174116	276345	363653	504519	484873	1102758	565695	2400851	963051	1822115	2959203	1232321	2748543	3329614	4031750	0
FFQ	100	0	0	0	0	2546438	70	171	477	747	1295	6371	3603	3729	4208	4667	28567	34899	55880	60307	44505	50260	59699	83358	183877	100092	128310	172379	272750	358585	493012	486379	1112742	565867	2405049	960848	1812658	2952878	1218175	2727187	3313496	4036601	0
# Last Fragment Qualities. Use `grep ^LFQ | cut -f 2-` to extract this part.
# Columns correspond to qualities and rows to cycles. First column is the cycle number.
LFQ	1	10	0	0	0	0	0	0	0	0	0	2036	425	4257	0	2060	0	1558	1372	1382	15282	0	4290	9035	5298	2447	28043	12542	2376	60187	13810	76915	77841	11218	273534	19248	342495	252965	280298	1576898	1549356	21722710	0
LFQ	2	0	0	0	0	0	103	11	313	1386	386	2306	1321	4970	1073	1865	751	3155	3447	5995	14068	3432	7373	10820	15022	6694	25616	22296	20715	54281	30829	64443	86081	21304	271248	28759	372059	307446	270564	1587241	1689190	21413325	0
LFQ	3	0	0	0	0	0	184	109	665	1326	697	3327	2444	4908	1331	2321	1007	3898	5043	6731	14572	5946	6458	10119	16945	6715	28486	18930	25078	53502	32544	61829	87046	22574	269823	28530	375388	313466	271506	1542837	1676674	21446929	0
LFQ	4	0	0	0	0	0	243	237	1032	1242	970	4008	2944	3809	1550	2344	1245	4333	6235	6534	14284	7559	5745	9959	17520	6739	29591	16368	25882	53001	31639	60021	87251	22617	270868	28484	382198	320151	273744	1516823	1699045	21433673	0
LFQ	5	0	0	0	0	0	304	390	1409	1433	1266	4915	2870	3262	1782	2682	1317	5398	6653	6093	13135	7604	6075	10483	17227	6696	27721	16183	23195	51815	29507	58839	82613	22840	268286	27584	389917	333820	274963	1488297	1747519	21405795	0
LFQ	6	0	0	0	0	0	256	351	1367	1476	1208	5234	2459	2911	1846	3149	1437	6166	6400	5739	11257	6574	6873	9614	18011	7207	22845	16185	24008	50374	29843	54908	79755	26739	250998	24703	403819	324459	250197	1450246	1759465	21481809	0
LFQ	7	0	0	0	0	0	261	322	1314	1364	1084	4655	2853	3464	1565	2289	1738	5117	5890	6447	13558	6977	6767	10394	19117	7846	25846	17073	29120	51105	36084	55576	93379	35438	262306	26289	423660	315804	282314	1529535	1822028	21241309	0
LFQ	8	0	0	0	0	0	163	198	1022	1048	973	4312	3003	4016	1504	2001	1733	4851	5733	6896	14633	7146	6657	10671	20343	8388	27282	17652	32735	51426	39931	57212	100340	37771	273958	28410	436838	322270	300778	1569358	1866277	21082359	0
LFQ	9	1	0	0	0	0	119	165	878	910	941	4238	2995	4358	1411	1898	1811	4566	5754	7253	15381	7257	6342	10576	21582	8443	28366	17594	34362	51406	42526	57488	103021	38067	280736	28998	441864	325995	309468	1592879	1883892	21006347	0
LFQ	10	0	0	0	0	0	149	137	766	789	953	4203	3268	4499	1317	1788	1720	4519	5914	7786	15183	7575	6382	10882	22430	8457	28850	17832	36180	51023	44445	57398	107215	38431	289390	29490	452877	333160	321434	1629987	1939255	20864204	0
LFQ	11	740	0	0	0	0	424	435	1794	1962	1619	6604	3003	3717	2030	3007	1634	7334	7502	6750	12693	7310	7469	10869	22249	8329	23838	19041	31293	51664	40733	54053	92125	38312	276704	30011	466088	360994	294188	1645063	1907182	20901125	0
LFQ	12	0	0	0	0	0	150	233	1188	1220	1080	4816	2770	3896	1621	2013	1765	6059	7158	7529	13781	7612	6804	11723	24115	8940	25847	20344	38207	49841	49135	54748	102698	42349	290179	34616	468775	362361	324545	1703726	1937768	20730276	0
LFQ	13	0	0	0	0	0	183	174	1013	1113	948	4624	3137	4364	1439	1795	1723	5584	6921	8173	15120	7704	6642	11874	25375	9316	27786	20086	41300	50528	53326	56962	110851	43951	306323	34909	485935	369488	345781	1771965	1999601	20513874	0
LFQ	14	0	0	0	0	0	159	152	854	969	923	4857	3439	5151	1331	1566	1849	5378	7181	8890	15854	8038	6494	12188	26894	9490	28784	20300	43948	51167	56293	57940	115669	44661	316209	35669	496020	374116	356687	1806762	2033406	20390600	0
LFQ	15	0	0	0	0	0	196	123	721	802	763	4593	3165	4922	1272	1611	1762	5583	7362	9234	15710	7994	6568	12266	27856	9704	29301	20310	45400	50534	58804	57408	117510	45332	322711	37121	502445	377508	363675	1822455	2055766	20321401	0
LFQ	16	0	0	0	0	0	160	332	1584	1787	1535	6359	3093	3886	2344	2985	1797	8438	8299	7562	13016	8216	8261	12723	26196	9616	25182	22309	36677	55795	49466	59238	106239	46228	317478	36027	534021	416843	341533	1901944	2079910	20192809	0
LFQ	17	0	0	0	0	0	286	336	1425	1607	1307	6305	3393	4703	1861	2165	1873	7529	8950	9527	15400	8523	7607	13646	29867	10559	28184	23267	46672	52737	63566	60196	120028	52318	344100	44488	551284	433471	387846	1969692	2155188	19879982	0
LFQ	18	0	0	0	0	0	230	221	1078	1229	1003	5804	3626	5368	1672	1857	1957	7074	8904	10293	16228	8712	7453	13782	31894	10716	28985	23188	51438	52253	68696	61071	126786	53518	354897	46653	557782	437976	403919	2010693	2183750	19749182	0
LFQ	19	0	0	0	0	0	94	156	905	1067	962	5587	3640	5601	1702	1678	2095	7082	9564	11398	15954	8815	7755	14284	34920	11124	29028	24016	56164	50264	74525	59308	130160	56546	362367	51651	565531	449451	419894	2013379	2209478	19653743	0
LFQ	20	0	0	0	0	0	164	122	845	1001	953	5785	3971	6043	1445	1685	1905	6565	8925	11319	17965	8753	7255	13615	34172	10765	31486	22962	55059	54969	73443	63528	138750	53206	382108	44928	587385	445209	428152	2114984	2269334	19441132	0
LFQ	21	4	0	0	0	4	144	330	1900	2126	1727	7732	3566	4855	2850	3448	2446	10837	11379	9710	14984	10465	10094	16722	34082	12331	29051	30102	49362	62692	69961	72978	131789	68412	394125	69644	625219	518731	439575	2119745	2225281	19281485	0
LFQ	22	0	0	0	0	6	198	302	1452	1745	1463	7283	4085	5692	2115	2471	2385	8958	11193	11643	17367	10683	9013	16685	37846	12773	33026	29240	58745	62039	80023	74975	147272	70228	419907	73296	635266	521105	474318	2215344	2263083	19026663	0
LFQ	23	0	0	0	0	7	153	235	1276	1416	1269	7145	4182	6331	2211	2123	2566	8888	11821	13423	18274	10584	9311	17282	41701	13949	33955	30387	66435	62328	90110	78974	156698	76705	436769	76706	654059	540454	492223	2258138	2323297	18798503	0
LFQ	24	0	0	0	0	14	217	348	1317	1454	1572	8190	4867	7807	2511	2523	3201	9678	13214	15633	19712	12901	10969	18839	48076	17043	37903	35649	80056	71381	101898	90194	168945	86204	445193	77974	661692	539375	484401	2299785	2386885	18582267	0
LFQ	25	44	0	0	0	29	4460	3333	7335	6046	8838	18813	8030	16539	8152	8909	9115	22505	17254	26807	28704	19499	21069	20892	52437	20413	36045	39342	82609	68404	99536	77051	164941	68372	445186	62607	677448	533912	496199	2325876	2435862	18407275	0
LFQ	26	212982	0	0	0	53	172	485	2452	2728	2586	10042	4804	6568	4177	4377	3968	15236	16052	13552	19048	17112	15361	23680	52520	20993	40033	44687	72623	76009	96294	87199	152498	84367	445598	73777	709786	592059	467363	2361691	2391516	18205440	0
LFQ	27	63	0	0	0	58	26113	22647	25294	18358	32266	59503	16934	32805	13339	15111	16488	23313	24476	23308	33606	23991	19811	31122	62694	22429	41513	41057	85406	69291	105656	82254	168356	83108	470805	77221	731396	598570	515063	2461212	2471620	17803631	0
LFQ	28	0	0	0	0	69	12428	8098	14518	12495	13826	31657	12244	22422	10586	14076	13998	25723	25020	30935	33128	35524	38679	45843	91364	35080	50980	49300	97429	72445	114262	83644	180213	80574	488990	75356	749317	598827	533340	2537336	2505449	17604713	0
LFQ	29	22817	0	0	0	86	7465	4337	8780	10141	9563	26094	10381	18876	7749	8095	8884	18312	23028	26172	29588	24750	22989	37161	79554	33431	50644	65026	119064	75867	144632	101324	207707	87039	518185	84024	772165	624836	565132	2561457	2574355	17360178	0
LFQ	30	4	0	0	0	124	636	548	2096	2668	2786	14537	7472	11672	3878	3726	4889	14175	21512	24719	26978	24041	20940	35504	86341	36056	59149	68331	137395	85193	165642	113488	222967	98385	544966	95393	795541	647848	585308	2575954	2620684	17188342	0
LFQ	31	3	0	0	0	198	105	408	2793	3528	3007	12727	5904	8374	4865	4825	4308	18106	20853	16709	22156	19418	16324	29614	61968	21942	43189	54500	87959	86264	130402	113387	198596	124347	583125	128230	860624	741497	576141	2696202	2561762	17085528	0
LFQ	32	1	0	0	0	176	187	409	2177	2478	2287	12319	6247	9237	3725	3502	4173	15017	20944	20455	23664	18387	15156	28319	69249	22274	46912	52056	104236	86637	146420	116278	225782	123438	630547	131412	888683	745232	628421	2854083	2615324	16672293	0
LFQ	33	0	0	0	0	168	144	334	1796	2217	2016	12482	6640	10851	3463	3200	4319	14498	21887	23191	25590	18405	15562	28222	76205	23629	48707	51956	115886	86065	157221	119104	240501	127313	657346	135154	919191	759525	660440	2911910	2666690	16394702	0
LFQ	34	1	0	0	0	170	151	332	1860	2100	2025	13117	6720	11864	3793	3374	4873	14505	23873	26291	24863	19120	16876	29044	83524	25602	48545	54285	126353	85633	170368	121099	249586	135385	673621	146326	940936	790565	695839	2896807	2731567	16164126	0
LFQ	35	0	0	0	0	194	114	291	1572	2001	2104	13660	6867	12625	3684	3318	5049	14630	24771	27887	25573	18912	16827	29205	88203	26368	49214	54708	132765	86896	178831	123115	261528	135998	699502	147241	970898	802140	715330	2947668	2773892	15940259	0
LFQ	36	2	0	0	0	256	295	481	2627	3090	2803	11045	4985	7330	4202	3959	3845	15732	17159	13785	16709	14920	13593	22344	48271	17842	31270	39551	71345	63023	99017	88103	145474	105678	448238	112829	728962	675009	501372	2368465	2349678	18289312	0
LFQ	37	11	0	0	0	226	217	344	1942	2068	2109	10130	5304	8222	3454	3142	3808	13183	18070	17714	18402	14983	12880	22098	55981	18586	33549	38492	84277	63031	112881	89720	164618	109678	475576	121205	743331	680750	540352	2436376	2385719	18029010	0
LFQ	38	4	0	0	0	213	125	286	1496	1779	1784	9810	4971	8955	3248	2959	4158	12515	18613	19953	18093	14981	13444	22200	60896	20191	33494	39274	93128	62537	121999	93836	173344	118066	493240	137598	759203	715538	580076	2421436	2451833	17805084	0
LFQ	39	0	0	0	0	227	313	330	1566	1825	1901	10592	5745	10208	2926	2749	4212	12191	19467	21767	18830	14707	13528	22132	65265	20378	34096	38829	99523	62638	129990	94608	183337	119036	512256	140669	776626	723612	597631	2469330	2493496	17612807	0
LFQ	40	3300	0	0	0	242	230	313	1440	1706	1833	10728	5507	10739	3332	2801	4531	12409	20414	23246	19110	15223	14086	22567	69046	21258	34048	39007	103927	62680	135227	96185	187900	125051	524694	151265	793179	749734	623530	2445649	2553849	17448439	0
LFQ	41	0	0	0	0	330	262	579	2897	3555	3340	13705	6010	8696	4911	4556	4467	17992	21545	17230	18038	17187	15023	24565	60774	19517	32792	42452	86773	63170	120811	93909	165577	115103	507937	128712	791690	734717	571222	2350149	2595297	17672082	0
LFQ	42	0	0	0	0	320	215	464	2163	2582	2549	12604	6453	10504	4229	3753	5260	15743	23231	22609	18679	17918	15960	24899	70639	22796	33756	42856	104853	62994	137086	101468	186488	132769	535013	163260	802447	792231	647730	2302660	2680969	17326629	0
LFQ	43	1	0	0	0	302	308	468	1995	2290	2356	13365	6686	11953	3862	3335	5113	14231	23871	25481	19547	16888	15205	23943	77248	22499	34817	42177	115446	64210	150714	100463	204403	129638	572238	158346	843214	790222	666891	2434525	2729051	17008714	0
LFQ	44	1	0	0	0	318	327	487	1885	2260	2322	13759	6722	12912	3723	3335	5400	14171	24879	27710	19457	17207	15823	24344	80760	23561	35313	42414	122343	65278	156506	103151	212132	135416	584988	171681	853745	818290	695245	2422087	2783583	16831792	0
LFQ	45	0	0	0	0	352	281	461	1864	2224	2450	14210	6768	13589	4131	3512	5838	14591	26025	29871	18856	18247	17002	25046	85205	25523	35254	44347	127417	65523	162317	107942	218562	145391	603428	193460	869955	868138	738190	2360588	2873526	16604501	0
LFQ	46	0	0	0	0	498	596	983	3833	4681	4685	17808	7754	11609	6348	5942	6527	21711	27508	22513	19811	22633	20208	29484	76901	25475	38270	51420	110343	70366	148241	121444	198190	160826	598219	196918	898101	927156	712210	2377863	2901478	16485357	0
LFQ	47	0	0	0	0	466	339	742	2727	3296	3501	16730	7770	13527	5447	4924	7248	18657	30516	29666	20396	22895	20666	29078	90763	28363	38661	50690	134433	73211	170948	127178	229437	169924	652154	226020	937134	980342	795343	2424457	3022122	15943465	0
LFQ	48	0	0	0	0	491	345	621	2196	2856	2978	16817	7714	14941	5042	4394	7162	17293	30945	32531	20212	21645	20473	28066	97166	29203	39219	50978	142888	74345	179873	126995	243065	171747	670485	226967	956554	978408	807019	2489381	3018858	15792767	0
LFQ	49	0	0	0	0	518	399	612	2071	2425	2586	13986	6708	13269	5111	4657	7581	16415	28002	30917	19352	23255	22054	28946	87442	32257	38861	52491	134887	80401	160624	141184	231887	192853	639894	271412	902510	1062345	829598	2277098	3034096	15933330	0
LFQ	50	0	0	0	0	567	431	580	1991	2371	2661	14474	6645	13918	5304	4689	7751	16282	29399	32347	19538	23564	22812	28977	91785	32798	39450	53257	141217	82469	168145	143764	242914	196197	667221	283629	924850	1097036	859358	2287096	3105149	15680830	0
LFQ	51	0	0	0	0	715	498	879	3174	4028	4125	16200	7276	10993	6759	6119	7952	21561	28537	23441	19277	25415	23603	30245	77307	28637	40353	54453	114975	76561	146421	144322	211823	192581	637771	264829	893795	1099014	804073	2183235	3196561	15923371	0
LFQ	52	0	0	0	0	681	543	725	2537	3255	3411	16470	7538	13287	5532	4933	7651	18065	30799	29632	19139	23665	22070	28901	91219	30067	39452	52430	136188	78621	167619	140864	238268	190030	673016	267809	926951	1077082	832098	2280614	3158505	15710703	0
LFQ	53	0	0	0	0	649	556	703	2382	2932	3213	16693	7532	15010	5301	5005	8382	17388	32212	33428	19272	24200	23495	29256	97676	32747	40080	55030	147686	85368	176211	150762	259179	204218	716067	307545	945315	1176547	896954	2242872	3322486	15225414	0
LFQ	54	0	0	0	0	671	531	758	2299	2732	3085	17319	7309	15514	5471	4861	8657	16871	33183	35103	18963	24317	23855	29602	102933	34126	40426	55797	155400	87155	182697	154462	273352	209516	739610	323650	957442	1212620	918056	2260183	3374503	14996177	0
LFQ	55	3	0	0	0	757	618	745	2100	2622	3124	17479	7465	16279	5262	4705	8280	16548	33904	37301	18844	23613	22802	29539	107441	33192	40629	55159	160732	84949	191881	148979	276440	203530	747392	307064	982853	1162585	907723	2337496	3299942	15028694	0
LFQ	56	0	0	0	0	989	703	1260	3874	5085	5269	20063	8710	13668	8615	8000	10607	24767	34426	29566	22365	31994	30414	35690	94189	35420	47695	65559	141592	97687	172369	183850	274918	237467	796439	357509	990845	1381094	942684	2255241	3625412	14332064	0
LFQ	57	0	0	0	0	917	815	1015	3247	3965	4635	20790	8950	16006	6886	6367	10309	21002	37144	35707	21316	28746	27952	33248	108965	36528	46378	62732	162116	97628	193388	175909	290171	230568	797263	346931	1011195	1292352	944570	2301056	3468805	14471988	0
LFQ	58	4516	0	0	0	896	801	977	2916	3419	4163	20569	8594	17605	6480	5770	10104	19554	38181	39689	20724	27677	27180	32985	116646	37399	45619	63326	173962	99653	204470	176442	305830	231464	819533	351080	1031912	1285581	962732	2341444	3450555	14336560	0
LFQ	59	6473	0	0	0	929	803	964	2704	3432	4054	21337	8791	18665	6633	6180	11103	20161	40257	43356	21075	28904	28474	34234	122154	40073	47537	66213	183884	106472	212011	184481	330442	241693	874598	387640	1056392	1387412	1011558	2345110	3602293	13817964	0
LFQ	60	33	0	0	0	1029	999	1144	2928	3575	4473	22856	9486	20574	7421	7002	11784	20785	41857	45475	21972	31200	30888	36335	128977	42931	50106	70083	194298	115260	223171	199623	365178	256999	959603	435742	1100973	1538254	1073683	2388298	3825332	13035554	0
LFQ	61	0	0	0	0	26118	1065	1694	4689	6217	6773	24414	10194	15719	9830	9690	12286	28033	40007	34178	25024	34988	35050	39479	109419	40855	54626	76503	164448	116269	196290	224296	321918	274380	887900	400152	1070315	1481934	984075	2350036	3641416	13565014	0
LFQ	62	0	0	0	0	32935	1053	1264	3845	4758	5732	24562	10594	19128	8817	8140	12948	24414	44330	42497	24058	34308	33719	38773	128062	43567	53810	76257	191607	122652	221544	224049	357453	277727	936856	420532	1107342	1489046	1033879	2370730	3644252	13249457	0
LFQ	63	11	0	0	0	44672	1194	1390	3786	4475	5641	25806	10287	21180	8542	7949	13499	23760	46156	48382	23843	34340	34425	39307	138484	46805	54950	78647	207858	129765	236330	231884	390518	285453	1003114	453598	1142019	1576077	1087729	2403599	3759796	12698849	0
LFQ	64	427	0	0	0	63617	1053	1298	3364	4124	5144	25754	9980	21906	7851	7444	13053	22494	46632	49849	23087	33203	33410	38764	141847	46210	54044	77017	211345	126561	241126	228596	391737	283905	996835	446709	1154711	1534370	1079640	2436303	3682280	12777827	0
LFQ	65	1176	0	0	0	98750	1100	1198	3202	3932	5133	24756	9674	21541	7853	7504	13037	22511	46146	50869	23306	33570	33483	39394	144457	47670	54439	78415	216891	129143	249062	233581	413703	288417	1049185	469488	1184360	1603008	1108941	2460538	3771751	12371744	0
LFQ	66	0	0	0	0	159773	1501	2046	5220	6892	7722	26987	11116	17591	11393	11435	14851	30472	44243	38946	27309	40005	41344	44108	123937	46290	62030	88721	189193	142699	223580	274166	400770	320563	1066353	488024	1180417	1742701	1084545	2450011	3841452	12053959	0
LFQ	67	0	0	0	0	172526	1355	1676	4556	5553	7094	27740	11361	20803	10249	9821	15592	27153	48912	48001	26193	38862	39697	43679	144748	49870	61324	89606	219276	151066	249745	274049	441031	324480	1119930	515371	1217043	1766124	1133892	2479378	3854252	11669773	0
LFQ	68	0	0	0	0	190766	1451	1626	4423	5259	7052	29108	11583	23880	10008	9308	16161	26355	51233	53492	25702	38481	39080	43886	155440	52136	61762	91399	233650	156188	263782	276873	468184	327731	1173371	539478	1251010	1808867	1162790	2506194	3883268	11320232	0
LFQ	69	0	0	0	0	218774	1751	1647	4269	5125	6787	29783	11678	25152	9710	9441	16289	25756	52479	56515	26498	38460	39508	44557	160205	54157	62371	92527	241523	159644	272376	281294	491705	332764	1218501	559280	1271376	1861002	1181266	2534568	3912618	11009250	0
LFQ	70	0	0	0	0	267054	1423	1714	4119	5041	6443	28631	10843	24080	9805	9671	16344	26045	52284	57167	25772	39555	39777	45613	162256	55388	63033	93748	247563	162811	280529	285930	516753	337375	1277510	584760	1303606	1934601	1201700	2577916	3973161	10589968	0
LFQ	71	0	0	0	0	345258	2073	2532	6115	8093	9217	30580	12376	19521	13385	13476	18015	33217	49948	45428	30365	45121	47609	49377	141956	53434	69386	102861	218304	176848	256647	324671	506076	360621	1299430	590180	1289268	2060064	1161751	2593904	3998834	10333445	0
LFQ	72	0	0	0	0	361830	2102	2335	5924	6915	9325	32706	13413	24239	12802	12459	19845	31488	55877	56936	30567	45801	47463	50964	168078	59292	72220	107545	255601	195805	292842	330296	575469	370221	1428864	647865	1352784	2171399	1215049	2666433	4050801	9535240	0
LFQ	73	0	0	0	0	383268	2211	2181	5522	6471	8903	34903	13764	27691	11263	10944	18405	29400	57778	62034	28600	41733	43876	48491	176182	58899	68877	103868	265844	182825	300469	319663	560498	366854	1366285	621803	1351838	2025734	1220925	2587541	3921804	9980924	0
LFQ	74	1	0	0	0	421039	1856	2038	5165	5931	8114	33940	12788	27741	10813	10606	18771	28708	58340	63452	28488	41863	43565	49471	179415	59917	68800	105485	270909	186038	307003	324319	581970	370069	1408954	640186	1372610	2065581	1234085	2604664	3921527	9743430	0
LFQ	75	152	0	0	0	486279	1893	1938	4742	5336	7407	32519	12412	27791	10002	10094	17561	27945	57286	63558	28207	41162	42561	49266	180939	60491	68462	103304	277102	183375	315645	323329	594910	370260	1435871	647157	1396872	2068115	1248010	2619416	3909701	9585998	0
LFQ	76	74	0	0	0	595746	2224	2927	6890	8415	10055	32451	13060	20534	14699	14808	20189	35573	52801	48401	33363	49511	52850	53973	153120	59966	78258	116720	240498	206187	277447	380077	573739	409791	1421091	649642	1370755	2178560	1193123	2597823	3875215	9465903	0
LFQ	77	8	0	0	0	618393	2176	2331	5984	7081	9842	34523	14192	25424	13523	13370	21239	33749	59388	60930	32417	48910	51687	54994	180959	64576	79296	120066	279978	219480	313846	379728	632799	413318	1510785	686672	1416512	2215602	1237559	2614533	3865315	8974653	0
LFQ	78	772	0	0	0	648458	2129	2401	6158	7090	9622	36297	14304	28766	12880	12833	21894	32688	62770	67177	32324	47687	51406	55503	193012	67657	78548	121863	296024	223447	331384	380892	661208	416240	1559530	707024	1441489	2226379	1263929	2606314	3851423	8735678	0
LFQ	79	1931	0	0	0	696188	2173	2409	5953	6934	9548	37918	14283	30727	12490	12282	21842	32694	64841	71832	32210	47641	49723	56077	202906	68299	79336	122553	308302	222121	346362	379096	680495	417087	1598792	717918	1475058	2235396	1279444	2623759	3825402	8522559	0
LFQ	80	296	0	0	0	779677	1989	2222	5431	6206	8664	34833	12959	28513	12410	12293	21615	32220	62608	69577	32474	48401	50950	57894	200011	70791	80884	123290	310615	227704	350388	388440	718103	421650	1680532	748898	1504036	2332246	1283419	2672936	3844600	8074198	0
LFQ	81	1026	0	0	0	912994	2430	3208	7019	8787	10740	33616	12794	21258	16063	16672	22704	37336	55981	53259	35878	52519	59060	58859	168067	65427	84938	131454	267370	247859	311424	441028	702817	450530	1685245	745690	1471543	2460351	1224662	2681851	3825259	7925648	0
LFQ	82	1607	0	0	0	943610	2321	2658	6648	7359	10833	35055	14351	26276	15340	15447	24509	36743	63354	65459	36247	52957	58473	61704	195610	72387	89531	138687	308871	268868	351235	443869	777882	456890	1810269	798381	1525378	2541870	1259232	2715317	3794622	7282879	0
LFQ	83	4634	0	0	0	983537	2417	2736	6903	7948	11873	39700	15400	31459	14922	14920	25566	37157	68697	74144	36317	52454	57761	64044	212537	75899	90565	141053	332024	273876	377204	444044	814053	459308	1871484	819398	1556423	2551749	1273829	2711123	3747493	7007444	0
LFQ	84	1728	0	0	0	1045592	2407	2802	6589	7623	11305	38643	14791	30679	14862	14779	25580	37638	68493	75359	36595	52732	57455	65673	215857	77726	91663	143153	337308	277241	385938	450459	847364	463898	1940949	842696	1595650	2606368	1279200	2739907	3728250	6676461	0
LFQ	85	505	0	0	0	1151000	2029	2361	5643	6577	9507	34534	12796	27535	12953	12861	22981	34277	64409	71913	33437	49550	52656	62865	210491	75234	87293	136299	332337	259740	380962	443045	829810	463490	1894942	827494	1600946	2528344	1294123	2702368	3691364	6882058	0
LFQ	86	51	0	0	0	1340294	3152	3631	8154	9954	12488	36772	13942	22812	18260	18927	26414	41992	59907	58449	41540	59962	68391	68233	185664	77115	100014	153556	304093	308161	351347	530289	855110	515613	1956929	861399	1574468	2717657	1221378	2713604	3594744	6375560	0
LFQ	87	1668	0	0	0	1381107	10045	10118	34735	22261	53277	48700	18740	36280	31231	23261	34782	52943	73160	79288	50204	66388	76637	77875	215127	85790	108512	164176	345506	345273	401064	524008	973014	499127	2198608	917983	1648890	2895252	1210152	2806955	3466570	5320417	0
LFQ	88	0	0	0	0	1427698	2980	3027	7962	9220	13718	42794	16661	32782	16968	16790	28961	41476	72662	78917	41559	59293	66208	74097	230429	87159	106298	163655	365156	329544	413172	531337	952851	524205	2112668	918780	1646600	2754785	1253765	2687706	3466317	5710038	0
LFQ	89	0	0	0	0	1508294	2708	3150	7728	8810	13691	40526	16132	31423	17548	17572	30169	43465	73342	80417	44490	61646	68655	81165	231732	94069	113594	171892	378230	354508	433263	548308	1036592	535406	2268520	960009	1697613	2882149	1222742	2753973	3367338	5106385	0
LFQ	90	0	0	0	0	1633227	2098	2618	6167	7236	11136	36484	13875	28747	15795	15742	27855	41341	69272	77846	42360	60330	64544	78489	226848	92391	110170	165711	373418	339583	428238	545066	1034504	535423	2260056	957803	1708155	2852820	1225886	2728436	3342573	5143946	0
LFQ	91	0	0	0	0	1856312	2510	3363	7785	9157	12583	36022	13390	22936	19318	20032	30426	46333	63442	63929	47993	64552	78992	78945	199977	87272	116234	174733	336005	388001	405098	604214	1075351	545223	2384794	961846	1700123	3046365	1134205	2817152	3214773	4635768	0
LFQ	92	7	0	0	0	1899947	2051	2645	6918	7558	13382	36261	14872	27266	17691	17977	30891	44986	69785	73809	46067	61779	73286	79928	225191	90889	116962	178376	369678	385260	439072	593716	1095584	556117	2378622	976298	1731189	2973462	1175053	2739324	3176124	4575970	0
LFQ	93	0	0	0	0	1964914	1832	2488	6533	7821	13849	37410	15208	29591	18141	17346	32208	46889	74014	80366	48096	64110	75025	85791	234434	97540	121748	184772	389752	403954	463946	603135	1158516	562255	2493478	1006411	1765358	3022399	1162958	2737950	3082492	4190038	0
LFQ	94	28	0	0	0	2061023	1696	2439	6126	7649	13500	38019	15003	30296	17217	16920	31874	46501	76053	83241	48048	64183	73231	88427	243828	100028	122558	185898	400063	398973	478548	603863	1184301	567107	2539163	1017622	1804068	3017448	1162811	2710360	3019441	4023879	0
LFQ	95	0	0	0	0	2226682	1308	1993	4686	5884	10103	31170	11820	24855	14523	14375	29013	43821	72080	79072	45279	61117	68284	85509	239172	98581	118197	180329	397774	379393	476294	598321	1180764	567058	2533352	1016815	1810829	2973259	1174329	2675157	3007715	4041033	0
LFQ	96	0	0	0	0	2528828	1183	1672	4229	5263	8241	24569	9437	16549	13274	13879	28862	44783	60143	61336	46694	59391	78213	77654	203440	85464	116319	180805	341286	406453	424705	657452	1157017	568638	2504460	987268	1722509	3057795	1138830	2625333	2966431	4069868	0
LFQ	97	0	0	0	0	2579273	1209	1582	4892	5211	10342	27228	11731	22073	13490	13018	30929	46949	69557	73739	47072	59071	76520	81448	231812	92814	120160	187001	386005	426113	472281	653702	1224580	574572	2585975	1019666	1758992	3037293	1149649	2581077	2865624	3753881	0
LFQ	98	0	0	0	0	2645537	1079	1619	4845	6062	11407	30355	12657	25157	13694	12471	31829	48653	75237	82179	48282	60184	76470	87327	247599	98891	124925	193395	409078	439899	502325	656799	1270190	580261	2666752	1038206	1785286	3041772	1141498	2541458	2775981	3505313	0
LFQ	99	0	0	0	0	2740237	698	1288	3731	5299	10003	27730	11157	22667	12330	11520	32798	50521	77772	83571	50553	61955	77385	91940	250099	102955	128709	196832	416419	447556	512466	662371	1314108	583901	2741080	1052552	1808317	3066935	1124314	2525835	2695591	3289260	0
LFQ	100	0	0	0	0	2894091	253	481	1380	1778	3492	12536	4879	11070	7252	7054	33894	52626	80917	87468	52002	64468	77978	97367	257850	107884	132752	199777	425322	448685	524386	661742	1339541	582079	2790099	1054916	1826204	3055304	1103314	2497068	2628051	3164176	0
# GC Content of first fragments. Use `grep ^GCF | cut -f 2-` to extract this part.
GCF	0.25	266
GCF	1.01	29
GCF	2.01	13
GCF	2.76	9
GCF	3.27	7
GCF	4.02	10
GCF	5.03	16
GCF	5.78	20
GCF	6.28	22
GCF	7.04	31
GCF	8.04	33
GCF	8.79	48
GCF	9.30	46
GCF	10.05	126
GCF	10.80	235
GCF	11.31	236
GCF	11.81	459
GCF	12.31	461
GCF	12.81	767
GCF	13.32	771
GCF	13.82	1435
GCF	14.32	1437
GCF	14.82	2668
GCF	15.33	2673
GCF	15.83	4781
GCF	16.33	4787
GCF	16.83	8633
GCF	17.34	8640
GCF	17.84	14977
GCF	18.34	14993
GCF	18.84	24575
GCF	19.35	24594
GCF	19.85	38184
GCF	20.35	38179
GCF	20.85	55818
GCF	21.36	55823
GCF	21.86	79157
GCF	22.36	79158
GCF	22.86	109913
GCF	23.37	109906
GCF	23.87	145012
GCF	24.37	145049
GCF	24.87	187295
GCF	25.38	187289
GCF	25.88	233761
GCF	26.38	233795
GCF	26.88	283110
GCF	27.39	283128
GCF	27.89	337652
GCF	28.39	337685
GCF	28.89	393879
GCF	29.40	393943
GCF	29.90	450173
GCF	30.40	450228
GCF	30.90	508348
GCF	31.41	508453
GCF	31.91	565773
GCF	32.41	566025
GCF	32.91	624725
GCF	33.42	624826
GCF	33.92	680816
GCF	34.42	681088
GCF	34.92	732401
GCF	35.43	732551
GCF	35.93	783050
GCF	36.43	783220
GCF	36.93	830251
GCF	37.44	830374
GCF	37.94	872725
GCF	38.44	872823
GCF	38.94	905301
GCF	39.45	905388
GCF	39.95	922667
GCF	40.45	922771
GCF	40.95	930244
GCF	41.46	930250
GCF	41.96	925671
GCF	42.46	925577
GCF	42.96	916572
GCF	43.47	916491
GCF	43.97	899423
GCF	44.47	899376
GCF	44.97	882568
GCF	45.48	882439
GCF	45.98	859404
GCF	46.48	859395
GCF	46.98	837722
GCF	47.49	837734
GCF	47.99	813798
GCF	48.49	813792
GCF	48.99	786913
GCF	49.50	786974
GCF	50.00	762232
GCF	50.50	762225
GCF	51.01	734469
GCF	51.51	734410
GCF	52.01	699870
GCF	52.51	699964
GCF	53.02	664676
GCF	53.52	664642
GCF	54.02	634376
GCF	54.52	634277
GCF	55.03	605854
GCF	55.53	605859
GCF	56.03	574763
GCF	56.53	574788
GCF	57.04	540903
GCF	57.54	540854
GCF	58.04	501925
GCF	58.54	501812
GCF	59.05	462837
GCF	59.55	462823
GCF	60.05	421616
GCF	60.55	421596
GCF	61.06	376056
GCF	61.56	375950
GCF	62.06	330484
GCF	62.56	330330
GCF	63.07	285866
GCF	63.57	285741
GCF	64.07	243765
GCF	64.57	243676
GCF	65.08	201319
GCF	65.58	201219
GCF	66.08	166680
GCF	66.58	166513
GCF	67.09	133548
GCF	67.59	133373
GCF	68.09	104874
GCF	68.59	104768
GCF	69.10	80210
GCF	69.60	80113
GCF	70.10	60002
GCF	70.60	59945
GCF	71.11	44248
GCF	71.61	44212
GCF	72.11	32332
GCF	72.61	32304
GCF	73.12	23281
GCF	73.62	23245
GCF	74.12	16658
GCF	74.62	16636
GCF	75.13	11956
GCF	75.63	11907
GCF	76.13	8450
GCF	76.63	8428
GCF	77.14	5862
GCF	77.64	5839
GCF	78.14	4027
GCF	78.64	4008
GCF	79.15	2707
GCF	79.65	2694
GCF	80.15	1877
GCF	80.65	1865
GCF	81.16	1170
GCF	81.66	1171
GCF	82.16	802
GCF	82.66	799
GCF	83.17	487
GCF	83.67	485
GCF	84.17	321
GCF	84.67	318
GCF	85.18	181
GCF	85.68	182
GCF	86.18	94
GCF	86.68	91
GCF	87.19	45
GCF	87.69	40
GCF	88.44	26
GCF	89.20	12
GCF	89.70	11
GCF	90.45	2
GCF	91.96	1
GCF	93.47	2
GCF	94.47	4
GCF	95.98	2
GCF	97.49	3
GCF	98.49	4
GCF	99.50	7
# GC Content of last fragments. Use `grep ^GCL | cut -f 2-` to extract this part.
GCL	0.25	423
GCL	1.01	69
GCL	2.01	40
GCL	2.76	24
GCL	3.27	26
GCL	4.02	24
GCL	5.03	28
GCL	5.78	33
GCL	6.28	32
GCL	7.04	38
GCL	8.04	70
GCL	9.05	82
GCL	10.05	119
GCL	10.80	264
GCL	11.31	265
GCL	11.81	465
GCL	12.31	466
GCL	12.81	841
GCL	13.32	845
GCL	13.82	1535
GCL	14.32	1538
GCL	14.82	2760
GCL	15.33	2774
GCL	15.83	4863
GCL	16.33	4871
GCL	16.83	8910
GCL	17.34	8920
GCL	17.84	15226
GCL	18.34	15233
GCL	18.84	24455
GCL	19.35	24457
GCL	19.85	38219
GCL	20.35	38227
GCL	20.85	56099
GCL	21.36	56107
GCL	21.86	79675
GCL	22.36	79695
GCL	22.86	109481
GCL	23.37	109486
GCL	23.87	144289
GCL	24.37	144309
GCL	24.87	184750
GCL	25.38	184748
GCL	25.88	232461
GCL	26.38	232496
GCL	26.88	282068
GCL	27.39	282092
GCL	27.89	336981
GCL	28.39	337011
GCL	28.89	390695
GCL	29.40	390731
GCL	29.90	448310
GCL	30.40	448373
GCL	30.90	504581
GCL	31.41	504693
GCL	31.91	562589
GCL	32.41	562833
GCL	32.91	621390
GCL	33.42	621542
GCL	33.92	677908
GCL	34.42	678137
GCL	34.92	730087
GCL	35.43	730298
GCL	35.93	780460
GCL	36.43	780596
GCL	36.93	826749
GCL	37.44	826973
GCL	37.94	869105
GCL	38.44	869223
GCL	38.94	901507
GCL	39.45	901582
GCL	39.95	919325
GCL	40.45	919345
GCL	40.95	926569
GCL	41.46	926627
GCL	41.96	925280
GCL	42.46	925118
GCL	42.96	915854
GCL	43.47	915808
GCL	43.97	901678
GCL	44.47	901683
GCL	44.97	883493
GCL	45.48	883390
GCL	45.98	861033
GCL	46.48	861057
GCL	47.24	838829
GCL	47.99	816578
GCL	48.49	816579
GCL	48.99	789507
GCL	49.50	789602
GCL	50.00	765522
GCL	50.50	765531
GCL	51.01	736620
GCL	51.51	736519
GCL	52.01	700293
GCL	52.51	700281
GCL	53.02	668011
GCL	53.52	668105
GCL	54.02	636611
GCL	54.52	636597
GCL	55.03	604485
GCL	55.53	604445
GCL	56.03	573932
GCL	56.53	574004
GCL	57.04	541473
GCL	57.54	541397
GCL	58.04	503570
GCL	58.54	503520
GCL	59.05	463060
GCL	59.55	462964
GCL	60.05	421289
GCL	60.55	421154
GCL	61.06	375594
GCL	61.56	375559
GCL	62.06	331384
GCL	62.56	331259
GCL	63.07	286553
GCL	63.57	286431
GCL	64.07	244143
GCL	64.57	244031
GCL	65.08	203966
GCL	65.58	203867
GCL	66.08	168686
GCL	66.58	168462
GCL	67.09	135684
GCL	67.59	135524
GCL	68.09	106996
GCL	68.59	106912
GCL	69.10	82976
GCL	69.60	82901
GCL	70.10	62499
GCL	70.60	62415
GCL	71.11	46157
GCL	71.61	46097
GCL	72.11	33989
GCL	72.61	33988
GCL	73.12	24720
GCL	73.62	24696
GCL	74.12	17761
GCL	74.62	17743
GCL	75.13	12680
GCL	75.63	12612
GCL	76.13	8838
GCL	76.63	8804
GCL	77.14	6254
GCL	77.64	6234
GCL	78.14	4299
GCL	78.64	4273
GCL	79.15	2926
GCL	79.65	2911
GCL	80.15	1947
GCL	80.65	1938
GCL	81.16	1332
GCL	81.66	1335
GCL	82.16	855
GCL	82.66	850
GCL	83.17	454
GCL	83.67	453
GCL	84.42	286
GCL	85.18	152
GCL	85.68	149
GCL	86.18	100
GCL	86.68	97
GCL	87.19	36
GCL	87.69	32
GCL	88.44	20
GCL	89.45	15
GCL	90.45	14
GCL	91.46	10
GCL	92.46	7
GCL	93.22	11
GCL	93.72	10
GCL	94.47	6
GCL	95.48	12
GCL	96.48	18
GCL	97.49	15
GCL	98.49	18
GCL	99.50	39
# ACGT content per cycle. Use `grep ^GCC | cut -f 2-` to extract this part. The columns are: cycle; A,C,G,T base counts as a percentage of all A/C/G/T bases [%]; and N and O counts as a percentage of all A/C/G/T bases [%]
GCC	1	29.43	20.51	20.29	29.77	0.00	0.00
GCC	2	28.79	21.31	20.80	29.10	0.00	0.00
GCC	3	28.04	22.04	21.56	28.36	0.00	0.00
GCC	4	28.01	22.05	21.63	28.31	0.00	0.00
GCC	5	28.56	21.50	21.09	28.84	0.00	0.00
GCC	6	27.97	22.10	21.68	28.24	0.00	0.00
GCC	7	27.85	22.25	21.82	28.08	0.00	0.00
GCC	8	28.41	21.71	21.26	28.62	0.00	0.00
GCC	9	28.23	21.87	21.41	28.49	0.00	0.00
GCC	10	28.08	22.02	21.55	28.34	0.00	0.00
GCC	11	28.21	21.91	21.42	28.45	0.00	0.00
GCC	12	28.11	22.01	21.51	28.37	0.00	0.00
GCC	13	28.23	21.89	21.41	28.48	0.00	0.00
GCC	14	28.13	21.99	21.50	28.38	0.00	0.00
GCC	15	28.03	22.11	21.58	28.27	0.00	0.00
GCC	16	28.01	22.11	21.61	28.27	0.00	0.00
GCC	17	27.97	22.18	21.65	28.20	0.00	0.00
GCC	18	27.85	22.30	21.76	28.10	0.00	0.00
GCC	19	27.85	22.28	21.75	28.12	0.00	0.00
GCC	20	27.82	22.32	21.77	28.09	0.00	0.00
GCC	21	27.77	22.38	21.82	28.03	0.00	0.00
GCC	22	27.78	22.37	21.80	28.06	0.00	0.00
GCC	23	27.78	22.36	21.79	28.07	0.00	0.00
GCC	24	27.65	22.49	21.89	27.96	0.00	0.00
GCC	25	27.69	22.45	21.86	28.01	0.00	0.00
GCC	26	27.69	22.46	21.86	28.00	0.41	0.00
GCC	27	27.61	22.53	21.94	27.92	0.00	0.00
GCC	28	27.62	22.52	21.92	27.94	0.00	0.00
GCC	29	27.59	22.55	21.93	27.93	0.04	0.00
GCC	30	27.54	22.60	21.98	27.88	0.00	0.00
GCC	31	27.53	22.61	22.00	27.86	0.00	0.00
GCC	32	27.54	22.61	21.99	27.86	0.00	0.00
GCC	33	27.45	22.68	22.06	27.81	0.00	0.00
GCC	34	27.47	22.65	22.02	27.85	0.00	0.00
GCC	35	27.46	22.68	22.02	27.84	0.00	0.00
GCC	36	27.41	22.72	22.07	27.79	0.00	0.00
GCC	37	27.44	22.68	22.04	27.84	0.00	0.00
GCC	38	27.43	22.71	22.04	27.82	0.00	0.00
GCC	39	27.39	22.76	22.08	27.78	0.00	0.00
GCC	40	27.40	22.72	22.05	27.83	0.01	0.00
GCC	41	27.39	22.73	22.07	27.81	0.00	0.00
GCC	42	27.34	22.80	22.11	27.76	0.00	0.00
GCC	43	27.35	22.76	22.09	27.79	0.00	0.00
GCC	44	27.36	22.78	22.07	27.79	0.00	0.00
GCC	45	27.29	22.83	22.14	27.74	0.00	0.00
GCC	46	27.32	22.80	22.10	27.78	0.00	0.00
GCC	47	27.33	22.82	22.11	27.75	0.01	0.00
GCC	48	27.29	22.86	22.13	27.72	0.00	0.00
GCC	49	27.28	22.85	22.12	27.74	0.00	0.00
GCC	50	27.31	22.83	22.11	27.75	0.00	0.00
GCC	51	27.24	22.89	22.17	27.70	0.00	0.00
GCC	52	27.25	22.88	22.15	27.72	0.00	0.00
GCC	53	27.27	22.86	22.12	27.75	0.01	0.00
GCC	54	27.23	22.92	22.17	27.68	0.02	0.00
GCC	55	27.25	22.88	22.15	27.73	0.01	0.00
GCC	56	27.24	22.90	22.14	27.72	0.00	0.00
GCC	57	27.19	22.93	22.18	27.70	0.00	0.00
GCC	58	27.22	22.91	22.16	27.70	0.01	0.00
GCC	59	27.21	22.93	22.14	27.72	0.01	0.00
GCC	60	27.15	22.99	22.22	27.65	0.00	0.00
GCC	61	27.18	22.95	22.19	27.69	0.00	0.00
GCC	62	27.19	22.95	22.17	27.68	0.00	0.00
GCC	63	27.14	23.00	22.22	27.64	0.00	0.00
GCC	64	27.16	22.95	22.20	27.69	0.00	0.00
GCC	65	27.15	22.97	22.20	27.67	0.00	0.00
GCC	66	27.12	23.02	22.23	27.62	0.00	0.00
GCC	67	27.10	23.02	22.23	27.65	0.00	0.00
GCC	68	27.12	23.01	22.23	27.64	0.00	0.00
GCC	69	27.09	23.04	22.25	27.62	0.00	0.00
GCC	70	27.10	23.03	22.25	27.61	0.00	0.00
GCC	71	27.10	23.02	22.26	27.62	0.00	0.00
GCC	72	27.05	23.07	22.29	27.58	0.00	0.00
GCC	73	27.10	23.04	22.24	27.62	0.00	0.00
GCC	74	27.07	23.06	22.26	27.61	0.00	0.00
GCC	75	27.04	23.10	22.30	27.56	0.00	0.00
GCC	76	27.06	23.07	22.29	27.58	0.00	0.00
GCC	77	27.07	23.06	22.28	27.59	0.00	0.00
GCC	78	27.02	23.12	22.31	27.55	0.00	0.00
GCC	79	27.04	23.09	22.31	27.56	0.00	0.00
GCC	80	27.02	23.10	22.31	27.57	0.00	0.00
GCC	81	27.00	23.14	22.34	27.53	0.00	0.00
GCC	82	27.01	23.13	22.32	27.54	0.00	0.00
GCC	83	27.02	23.13	22.30	27.55	0.01	0.00
GCC	84	26.95	23.18	22.38	27.48	0.00	0.00
GCC	85	26.97	23.15	22.36	27.51	0.00	0.00
GCC	86	26.99	23.15	22.34	27.52	0.00	0.00
GCC	87	26.94	23.20	22.39	27.47	0.00	0.00
GCC	88	26.95	23.18	22.37	27.49	0.00	0.00
GCC	89	26.94	23.20	22.38	27.48	0.00	0.00
GCC	90	26.91	23.23	22.41	27.45	0.00	0.00
GCC	91	26.93	23.21	22.39	27.47	0.00	0.00
GCC	92	26.92	23.22	22.39	27.47	0.00	0.00
GCC	93	26.87	23.26	22.44	27.43	0.00	0.00
GCC	94	26.87	23.25	22.44	27.44	0.00	0.00
GCC	95	26.87	23.26	22.45	27.42	0.00	0.00
GCC	96	26.84	23.30	22.47	27.39	0.00	0.00
GCC	97	26.86	23.29	22.46	27.40	0.00	0.00
GCC	98	26.84	23.30	22.47	27.39	0.00	0.00
GCC	99	26.80	23.34	22.50	27.36	0.00	0.00
GCC	100	26.80	23.34	22.51	27.35	0.00	0.00
# ACGT content per cycle, read oriented. Use `grep ^GCT | cut -f 2-` to extract this part. The columns are: cycle; A,C,G,T base counts as a percentage of all A/C/G/T bases [%]
GCT	1	30.61	25.43	15.37	28.59
GCT	2	31.34	17.26	24.85	26.55
GCT	3	27.97	21.66	21.94	28.43
GCT	4	28.24	23.02	20.66	28.08
GCT	5	28.37	21.72	20.87	29.04
GCT	6	27.71	22.56	21.22	28.50
GCT	7	27.72	22.21	21.86	28.20
GCT	8	27.76	22.31	20.66	29.28
GCT	9	27.32	22.18	21.09	29.40
GCT	10	27.82	22.16	21.41	28.61
GCT	11	28.00	22.03	21.30	28.67
GCT	12	27.90	22.20	21.32	28.58
GCT	13	28.03	22.05	21.24	28.68
GCT	14	27.95	22.03	21.46	28.56
GCT	15	27.86	22.28	21.41	28.44
GCT	16	27.82	22.22	21.50	28.46
GCT	17	27.74	22.25	21.58	28.43
GCT	18	27.63	22.47	21.58	28.32
GCT	19	27.60	22.41	21.62	28.37
GCT	20	27.60	22.31	21.78	28.31
GCT	21	27.54	22.44	21.76	28.26
GCT	22	27.53	22.47	21.69	28.30
GCT	23	27.53	22.37	21.78	28.32
GCT	24	27.45	22.55	21.84	28.17
GCT	25	27.48	22.57	21.74	28.22
GCT	26	27.51	22.43	21.89	28.18
GCT	27	27.42	22.55	21.92	28.10
GCT	28	27.50	22.58	21.86	28.06
GCT	29	27.49	22.53	21.95	28.03
GCT	30	27.39	22.57	22.00	28.03
GCT	31	27.42	22.60	22.01	27.97
GCT	32	27.47	22.52	22.07	27.93
GCT	33	27.38	22.64	22.10	27.88
GCT	34	27.45	22.60	22.08	27.88
GCT	35	27.44	22.56	22.14	27.86
GCT	36	27.34	22.68	22.12	27.86
GCT	37	27.40	22.63	22.10	27.88
GCT	38	27.41	22.58	22.17	27.84
GCT	39	27.33	22.67	22.17	27.84
GCT	40	27.38	22.64	22.13	27.85
GCT	41	27.40	22.58	22.21	27.81
GCT	42	27.31	22.70	22.20	27.79
GCT	43	27.33	22.68	22.17	27.82
GCT	44	27.35	22.61	22.24	27.80
GCT	45	27.29	22.74	22.23	27.74
GCT	46	27.35	22.69	22.22	27.75
GCT	47	27.36	22.62	22.31	27.72
GCT	48	27.28	22.73	22.27	27.73
GCT	49	27.31	22.73	22.24	27.72
GCT	50	27.34	22.63	22.31	27.72
GCT	51	27.27	22.75	22.32	27.67
GCT	52	27.30	22.70	22.32	27.67
GCT	53	27.33	22.63	22.35	27.69
GCT	54	27.25	22.74	22.35	27.66
GCT	55	27.32	22.70	22.32	27.66
GCT	56	27.31	22.63	22.41	27.64
GCT	57	27.27	22.75	22.36	27.62
GCT	58	27.31	22.72	22.35	27.61
GCT	59	27.32	22.65	22.42	27.62
GCT	60	27.22	22.81	22.40	27.58
GCT	61	27.28	22.77	22.37	27.58
GCT	62	27.28	22.68	22.45	27.59
GCT	63	27.21	22.79	22.43	27.56
GCT	64	27.30	22.75	22.40	27.55
GCT	65	27.29	22.69	22.49	27.53
GCT	66	27.23	22.76	22.49	27.51
GCT	67	27.25	22.80	22.44	27.50
GCT	68	27.25	22.72	22.52	27.50
GCT	69	27.23	22.79	22.50	27.48
GCT	70	27.24	22.78	22.50	27.47
GCT	71	27.28	22.69	22.59	27.43
GCT	72	27.21	22.81	22.55	27.42
GCT	73	27.26	22.79	22.49	27.45
GCT	74	27.24	22.73	22.59	27.44
GCT	75	27.18	22.81	22.59	27.42
GCT	76	27.24	22.81	22.55	27.40
GCT	77	27.27	22.73	22.62	27.39
GCT	78	27.20	22.79	22.63	27.38
GCT	79	27.23	22.80	22.60	27.37
GCT	80	27.25	22.74	22.67	27.34
GCT	81	27.19	22.82	22.66	27.34
GCT	82	27.23	22.81	22.64	27.32
GCT	83	27.24	22.74	22.69	27.34
GCT	84	27.15	22.86	22.70	27.29
GCT	85	27.21	22.87	22.64	27.27
GCT	86	27.23	22.78	22.71	27.27
GCT	87	27.16	22.87	22.72	27.25
GCT	88	27.21	22.83	22.72	27.24
GCT	89	27.20	22.79	22.79	27.22
GCT	90	27.16	22.87	22.78	27.20
GCT	91	27.17	22.87	22.73	27.22
GCT	92	27.19	22.82	22.79	27.20
GCT	93	27.12	22.90	22.80	27.18
GCT	94	27.16	22.90	22.79	27.15
GCT	95	27.15	22.86	22.85	27.14
GCT	96	27.11	22.94	22.84	27.12
GCT	97	27.15	22.91	22.84	27.11
GCT	98	27.15	22.88	22.89	27.08
GCT	99	27.10	22.94	22.91	27.06
GCT	100	27.13	22.94	22.91	27.02
# ACGT content per cycle for first fragments. Use `grep ^FBC | cut -f 2-` to extract this part. The columns are: cycle; A,C,G,T base counts as a percentage of all A/C/G/T bases [%]; and N and O counts as a percentage of all A/C/G/T bases [%]
FBC	1	29.18	20.87	20.51	29.45	0.00	0.00
FBC	2	28.83	21.25	20.81	29.12	0.00	0.00
FBC	3	28.16	21.94	21.45	28.46	0.00	0.00
FBC	4	28.15	21.94	21.47	28.44	0.00	0.00
FBC	5	28.57	21.52	21.07	28.84	0.00	0.00
FBC	6	28.01	22.08	21.62	28.29	0.00	0.00
FBC	7	27.88	22.22	21.78	28.11	0.00	0.00
FBC	8	28.40	21.72	21.25	28.63	0.00	0.00
FBC	9	28.24	21.86	21.38	28.51	0.00	0.00
FBC	10	28.09	22.02	21.56	28.34	0.00	0.00
FBC	11	28.22	21.91	21.42	28.46	0.00	0.00
FBC	12	28.11	22.01	21.51	28.37	0.00	0.00
FBC	13	28.22	21.89	21.42	28.47	0.00	0.00
FBC	14	28.13	21.98	21.50	28.38	0.00	0.00
FBC	15	28.03	22.11	21.59	28.27	0.00	0.00
FBC	16	28.00	22.12	21.61	28.27	0.00	0.00
FBC	17	27.96	22.17	21.66	28.21	0.00	0.00
FBC	18	27.85	22.30	21.76	28.10	0.00	0.00
FBC	19	27.84	22.29	21.75	28.13	0.00	0.00
FBC	20	27.82	22.31	21.76	28.11	0.00	0.00
FBC	21	27.77	22.36	21.82	28.05	0.00	0.00
FBC	22	27.76	22.37	21.79	28.08	0.00	0.00
FBC	23	27.79	22.34	21.78	28.09	0.00	0.00
FBC	24	27.67	22.48	21.88	27.98	0.00	0.00
FBC	25	27.71	22.44	21.84	28.01	0.00	0.00
FBC	26	27.70	22.43	21.85	28.02	0.00	0.00
FBC	27	27.61	22.51	21.93	27.95	0.00	0.00
FBC	28	27.62	22.51	21.92	27.94	0.00	0.00
FBC	29	27.62	22.52	21.90	27.95	0.00	0.00
FBC	30	27.56	22.59	21.95	27.90	0.00	0.00
FBC	31	27.54	22.60	21.98	27.88	0.00	0.00
FBC	32	27.57	22.58	21.96	27.88	0.00	0.00
FBC	33	27.47	22.67	22.03	27.83	0.00	0.00
FBC	34	27.49	22.64	22.01	27.86	0.00	0.00
FBC	35	27.48	22.65	22.01	27.86	0.00	0.00
FBC	36	27.42	22.70	22.06	27.82	0.00	0.00
FBC	37	27.45	22.66	22.02	27.87	0.00	0.00
FBC	38	27.44	22.70	22.02	27.84	0.00	0.00
FBC	39	27.40	22.74	22.06	27.81	0.00	0.00
FBC	40	27.41	22.72	22.03	27.85	0.00	0.00
FBC	41	27.41	22.72	22.06	27.82	0.00	0.00
FBC	42	27.35	22.78	22.09	27.79	0.00	0.00
FBC	43	27.35	22.75	22.08	27.81	0.00	0.00
FBC	44	27.38	22.75	22.05	27.82	0.00	0.00
FBC	45	27.31	22.82	22.12	27.75	0.00	0.00
FBC	46	27.32	22.79	22.10	27.79	0.00	0.00
FBC	47	27.35	22.79	22.09	27.77	0.01	0.00
FBC	48	27.31	22.84	22.12	27.73	0.00	0.00
FBC	49	27.30	22.84	22.12	27.75	0.01	0.00
FBC	50	27.31	22.83	22.09	27.77	0.00	0.00
FBC	51	27.25	22.89	22.15	27.71	0.01	0.00
FBC	52	27.25	22.88	22.13	27.74	0.00	0.00
FBC	53	27.27	22.85	22.11	27.76	0.02	0.00
FBC	54	27.23	22.92	22.15	27.70	0.03	0.00
FBC	55	27.25	22.87	22.13	27.74	0.02	0.00
FBC	56	27.26	22.87	22.13	27.74	0.00	0.00
FBC	57	27.21	22.92	22.17	27.70	0.00	0.00
FBC	58	27.22	22.91	22.16	27.72	0.00	0.00
FBC	59	27.24	22.90	22.12	27.74	0.00	0.00
FBC	60	27.16	22.98	22.20	27.66	0.00	0.00
FBC	61	27.17	22.95	22.18	27.70	0.00	0.00
FBC	62	27.20	22.93	22.15	27.71	0.00	0.00
FBC	63	27.15	22.99	22.20	27.67	0.00	0.00
FBC	64	27.17	22.94	22.19	27.70	0.00	0.00
FBC	65	27.16	22.96	22.20	27.68	0.00	0.00
FBC	66	27.14	23.00	22.22	27.64	0.00	0.00
FBC	67	27.12	23.00	22.21	27.66	0.00	0.00
FBC	68	27.13	22.99	22.23	27.65	0.00	0.00
FBC	69	27.10	23.02	22.24	27.63	0.00	0.00
FBC	70	27.11	23.02	22.24	27.62	0.00	0.00
FBC	71	27.11	23.01	22.25	27.63	0.00	0.00
FBC	72	27.08	23.06	22.26	27.59	0.00	0.00
FBC	73	27.11	23.04	22.23	27.62	0.00	0.00
FBC	74	27.08	23.04	22.25	27.63	0.00	0.00
FBC	75	27.04	23.08	22.30	27.58	0.00	0.00
FBC	76	27.06	23.06	22.30	27.58	0.00	0.00
FBC	77	27.07	23.05	22.28	27.59	0.00	0.00
FBC	78	27.04	23.10	22.30	27.56	0.00	0.00
FBC	79	27.04	23.08	22.30	27.58	0.00	0.00
FBC	80	27.04	23.10	22.29	27.58	0.00	0.00
FBC	81	27.01	23.12	22.32	27.54	0.00	0.00
FBC	82	27.03	23.12	22.30	27.55	0.00	0.00
FBC	83	27.03	23.11	22.30	27.56	0.00	0.00
FBC	84	26.97	23.16	22.36	27.51	0.00	0.00
FBC	85	26.98	23.15	22.36	27.51	0.00	0.00
FBC	86	27.00	23.14	22.33	27.54	0.00	0.00
FBC	87	26.96	23.18	22.36	27.50	0.00	0.00
FBC	88	26.97	23.17	22.35	27.51	0.00	0.00
FBC	89	26.96	23.17	22.37	27.50	0.00	0.00
FBC	90	26.92	23.22	22.39	27.47	0.00	0.00
FBC	91	26.94	23.20	22.38	27.47	0.00	0.00
FBC	92	26.94	23.20	22.38	27.49	0.00	0.00
FBC	93	26.90	23.25	22.41	27.44	0.00	0.00
FBC	94	26.88	23.25	22.43	27.44	0.00	0.00
FBC	95	26.90	23.23	22.42	27.44	0.00	0.00
FBC	96	26.87	23.28	22.45	27.41	0.00	0.00
FBC	97	26.88	23.29	22.43	27.40	0.00	0.00
FBC	98	26.85	23.29	22.45	27.42	0.00	0.00
FBC	99	26.81	23.33	22.48	27.37	0.00	0.00
FBC	100	26.80	23.32	22.50	27.38	0.00	0.00
# ACGT raw counters for first fragments. Use `grep ^FTC | cut -f 2-` to extract this part. The columns are: A,C,G,T,N base counters
FTC	721886406	598000990	579957966	733163264	31410
# ACGT content per cycle for last fragments. Use `grep ^LBC | cut -f 2-` to extract this part. The columns are: cycle; A,C,G,T base counts as a percentage of all A/C/G/T bases [%]; and N and O counts as a percentage of all A/C/G/T bases [%]
LBC	1	29.67	20.16	20.08	30.09	0.00	0.00
LBC	2	28.76	21.38	20.79	29.08	0.00	0.00
LBC	3	27.92	22.14	21.67	28.26	0.00	0.00
LBC	4	27.87	22.16	21.78	28.19	0.00	0.00
LBC	5	28.56	21.48	21.12	28.84	0.00	0.00
LBC	6	27.93	22.12	21.75	28.20	0.00	0.00
LBC	7	27.82	22.28	21.86	28.04	0.00	0.00
LBC	8	28.42	21.70	21.26	28.62	0.00	0.00
LBC	9	28.22	21.87	21.43	28.48	0.00	0.00
LBC	10	28.08	22.02	21.55	28.35	0.00	0.00
LBC	11	28.21	21.91	21.43	28.45	0.00	0.00
LBC	12	28.12	22.00	21.50	28.37	0.00	0.00
LBC	13	28.24	21.88	21.39	28.48	0.00	0.00
LBC	14	28.12	22.00	21.51	28.37	0.00	0.00
LBC	15	28.04	22.11	21.58	28.27	0.00	0.00
LBC	16	28.02	22.11	21.61	28.26	0.00	0.00
LBC	17	27.98	22.20	21.63	28.20	0.00	0.00
LBC	18	27.85	22.30	21.76	28.10	0.00	0.00
LBC	19	27.86	22.28	21.75	28.12	0.00	0.00
LBC	20	27.82	22.34	21.77	28.07	0.00	0.00
LBC	21	27.77	22.39	21.82	28.01	0.00	0.00
LBC	22	27.79	22.37	21.80	28.04	0.00	0.00
LBC	23	27.78	22.38	21.79	28.05	0.00	0.00
LBC	24	27.64	22.50	21.91	27.95	0.00	0.00
LBC	25	27.68	22.45	21.87	28.00	0.00	0.00
LBC	26	27.67	22.48	21.87	27.98	0.81	0.00
LBC	27	27.60	22.55	21.95	27.89	0.00	0.00
LBC	28	27.61	22.53	21.92	27.94	0.00	0.00
LBC	29	27.56	22.58	21.96	27.90	0.09	0.00
LBC	30	27.53	22.61	22.00	27.86	0.00	0.00
LBC	31	27.53	22.62	22.01	27.84	0.00	0.00
LBC	32	27.51	22.64	22.01	27.83	0.00	0.00
LBC	33	27.43	22.70	22.09	27.78	0.00	0.00
LBC	34	27.46	22.67	22.04	27.83	0.00	0.00
LBC	35	27.44	22.70	22.04	27.82	0.00	0.00
LBC	36	27.40	22.74	22.09	27.77	0.00	0.00
LBC	37	27.42	22.70	22.07	27.81	0.00	0.00
LBC	38	27.42	22.72	22.05	27.80	0.00	0.00
LBC	39	27.37	22.78	22.10	27.75	0.00	0.00
LBC	40	27.39	22.73	22.07	27.81	0.01	0.00
LBC	41	27.38	22.74	22.08	27.80	0.00	0.00
LBC	42	27.32	22.82	22.13	27.74	0.00	0.00
LBC	43	27.35	22.77	22.11	27.77	0.00	0.00
LBC	44	27.35	22.80	22.08	27.77	0.00	0.00
LBC	45	27.27	22.85	22.15	27.72	0.00	0.00
LBC	46	27.31	22.81	22.11	27.77	0.00	0.00
LBC	47	27.30	22.85	22.12	27.73	0.00	0.00
LBC	48	27.26	22.89	22.15	27.71	0.00	0.00
LBC	49	27.27	22.87	22.12	27.74	0.00	0.00
LBC	50	27.31	22.83	22.13	27.73	0.00	0.00
LBC	51	27.22	22.89	22.19	27.69	0.00	0.00
LBC	52	27.25	22.88	22.17	27.70	0.00	0.00
LBC	53	27.27	22.87	22.13	27.73	0.00	0.00
LBC	54	27.22	22.92	22.19	27.67	0.00	0.00
LBC	55	27.25	22.88	22.16	27.71	0.00	0.00
LBC	56	27.23	22.92	22.16	27.69	0.00	0.00
LBC	57	27.18	22.94	22.19	27.69	0.00	0.00
LBC	58	27.22	22.92	22.17	27.69	0.02	0.00
LBC	59	27.19	22.95	22.16	27.70	0.02	0.00
LBC	60	27.14	23.00	22.23	27.64	0.00	0.00
LBC	61	27.18	22.95	22.19	27.68	0.00	0.00
LBC	62	27.18	22.97	22.19	27.65	0.00	0.00
LBC	63	27.13	23.01	22.25	27.61	0.00	0.00
LBC	64	27.16	22.95	22.21	27.68	0.00	0.00
LBC	65	27.14	22.99	22.21	27.66	0.00	0.00
LBC	66	27.11	23.05	22.24	27.60	0.00	0.00
LBC	67	27.08	23.03	22.24	27.64	0.00	0.00
LBC	68	27.11	23.04	22.23	27.63	0.00	0.00
LBC	69	27.08	23.06	22.25	27.61	0.00	0.00
LBC	70	27.09	23.05	22.26	27.60	0.00	0.00
LBC	71	27.08	23.03	22.28	27.61	0.00	0.00
LBC	72	27.02	23.09	22.31	27.58	0.00	0.00
LBC	73	27.09	23.05	22.25	27.62	0.00	0.00
LBC	74	27.06	23.07	22.28	27.58	0.00	0.00
LBC	75	27.03	23.12	22.31	27.54	0.00	0.00
LBC	76	27.06	23.07	22.29	27.58	0.00	0.00
LBC	77	27.06	23.06	22.29	27.59	0.00	0.00
LBC	78	27.00	23.14	22.32	27.55	0.00	0.00
LBC	79	27.04	23.10	22.32	27.55	0.01	0.00
LBC	80	27.01	23.11	22.32	27.56	0.00	0.00
LBC	81	26.99	23.15	22.35	27.51	0.00	0.00
LBC	82	26.99	23.15	22.33	27.53	0.01	0.00
LBC	83	27.01	23.14	22.31	27.54	0.02	0.00
LBC	84	26.94	23.19	22.41	27.46	0.01	0.00
LBC	85	26.96	23.16	22.36	27.51	0.00	0.00
LBC	86	26.98	23.17	22.35	27.50	0.00	0.00
LBC	87	26.93	23.22	22.42	27.43	0.01	0.00
LBC	88	26.94	23.19	22.39	27.48	0.00	0.00
LBC	89	26.91	23.22	22.39	27.47	0.00	0.00
LBC	90	26.89	23.24	22.44	27.43	0.00	0.00
LBC	91	26.91	23.22	22.40	27.46	0.00	0.00
LBC	92	26.91	23.24	22.40	27.46	0.00	0.00
LBC	93	26.85	23.27	22.47	27.41	0.00	0.00
LBC	94	26.86	23.26	22.45	27.43	0.00	0.00
LBC	95	26.84	23.30	22.47	27.40	0.00	0.00
LBC	96	26.82	23.32	22.49	27.37	0.00	0.00
LBC	97	26.84	23.29	22.48	27.39	0.00	0.00
LBC	98	26.84	23.32	22.49	27.36	0.00	0.00
LBC	99	26.79	23.34	22.53	27.34	0.00	0.00
LBC	100	26.80	23.36	22.52	27.33	0.00	0.00
# ACGT raw counters for last fragments. Use `grep ^LTC | cut -f 2-` to extract this part. The columns are: A,C,G,T,N base counters
LTC	721248895	598516235	580617598	732390192	267116
# Insert sizes. Use `grep ^IS | cut -f 2-` to extract this part. The columns are: insert size, pairs total, inward oriented pairs, outward oriented pairs, other pairs
IS	0	615	0	6	609
IS	1	0	0	0	0
IS	2	48	0	45	3
IS	3	52	0	47	5
IS	4	57	0	52	5
IS	5	46	0	35	11
IS	6	43	0	32	11
IS	7	39	0	36	3
IS	8	51	0	51	0
IS	9	41	0	40	1
IS	10	48	0	47	1
IS	11	53	0	52	1
IS	12	52	0	52	0
IS	13	43	0	42	1
IS	14	55	0	55	0
IS	15	52	0	51	1
IS	16	54	0	54	0
IS	17	73	0	73	0
IS	18	72	0	70	2
IS	19	734	627	107	0
IS	20	476	366	109	1
IS	21	262	183	79	0
IS	22	152	85	67	0
IS	23	126	53	72	1
IS	24	100	35	65	0
IS	25	122	34	87	1
IS	26	113	28	84	1
IS	27	105	22	83	0
IS	28	85	26	59	0
IS	29	113	25	87	1
IS	30	111	28	83	0
IS	31	116	42	72	2
IS	32	127	72	55	0
IS	33	97	36	61	0
IS	34	116	42	74	0
IS	35	116	50	66	0
IS	36	147	61	86	0
IS	37	129	54	75	0
IS	38	104	50	54	0
IS	39	147	63	82	2
IS	40	122	54	68	0
IS	41	139	63	76	0
IS	42	123	63	60	0
IS	43	137	57	80	0
IS	44	162	75	87	0
IS	45	159	65	93	1
IS	46	151	77	73	1
IS	47	143	80	63	0
IS	48	141	82	59	0
IS	49	162	80	82	0
IS	50	140	74	66	0
IS	51	148	82	65	1
IS	52	157	86	70	1
IS	53	158	82	74	2
IS	54	156	70	86	0
IS	55	169	78	88	3
IS	56	219	121	96	2
IS	57	205	108	96	1
IS	58	208	108	98	2
IS	59	229	125	102	2
IS	60	213	117	95	1
IS	61	188	105	81	2
IS	62	247	134	105	8
IS	63	237	142	87	8
IS	64	214	111	100	3
IS	65	212	114	92	6
IS	66	255	145	107	3
IS	67	252	140	107	5
IS	68	245	136	102	7
IS	69	252	159	87	6
IS	70	250	152	89	9
IS	71	267	177	83	7
IS	72	267	164	99	4
IS	73	295	202	87	6
IS	74	321	198	115	8
IS	75	335	223	103	9
IS	76	312	217	89	6
IS	77	300	212	82	6
IS	78	332	244	81	7
IS	79	331	249	76	6
IS	80	346	271	66	9
IS	81	399	308	80	11
IS	82	375	294	71	10
IS	83	461	355	87	19
IS	84	507	438	63	6
IS	85	475	411	52	12
IS	86	518	462	47	9
IS	87	584	519	56	9
IS	88	627	562	58	7
IS	89	725	656	61	8
IS	90	774	717	51	6
IS	91	790	732	50	8
IS	92	958	879	70	9
IS	93	1070	989	70	11
IS	94	1197	1129	59	9
IS	95	1344	1283	53	8
IS	96	1511	1453	46	12
IS	97	1550	1486	56	8
IS	98	1983	1890	80	13
IS	99	2118	1972	135	11
IS	100	2443	2414	16	13
IS	101	2640	2621	6	13
IS	102	2967	2951	10	6
IS	103	3394	3379	9	6
IS	104	3759	3748	2	9
IS	105	4216	4204	6	6
IS	106	4814	4797	6	11
IS	107	5381	5368	3	10
IS	108	5848	5839	1	8
IS	109	6482	6468	6	8
IS	110	7286	7274	7	5
IS	111	8012	7994	6	12
IS	112	9054	9043	1	10
IS	113	9686	9670	3	13
IS	114	10900	10882	4	14
IS	115	11930	11911	8	11
IS	116	13010	13000	3	7
IS	117	14279	14271	2	6
IS	118	15533	15518	10	5
IS	119	16994	16982	2	10
IS	120	18592	18585	2	5
IS	121	20226	20209	3	14
IS	122	21675	21655	12	8
IS	123	23622	23603	3	16
IS	124	25108	25096	5	7
IS	125	27022	27012	8	2
IS	126	29045	29030	7	8
IS	127	30855	30835	7	13
IS	128	33258	33246	2	10
IS	129	34803	34794	2	7
IS	130	37404	37395	5	4
IS	131	39468	39456	2	10
IS	132	42045	42032	4	9
IS	133	44344	44338	1	5
IS	134	46934	46924	2	8
IS	135	48915	48906	3	6
IS	136	51821	51810	4	7
IS	137	54257	54234	8	15
IS	138	56625	56607	6	12
IS	139	58882	58865	6	11
IS	140	61798	61788	3	7
IS	141	64448	64431	6	11
IS	142	67094	67082	8	4
IS	143	69749	69732	2	15
IS	144	71826	71810	5	11
IS	145	74523	74510	6	7
IS	146	77186	77175	6	5
IS	147	79637	79620	6	11
IS	148	81807	81791	3	13
IS	149	84693	84678	4	11
IS	150	87028	87016	4	8
IS	151	89421	89405	7	9
IS	152	91437	91422	3	12
IS	153	93928	93916	1	11
IS	154	96194	96178	2	14
IS	155	98318	98308	4	6
IS	156	100694	100677	4	13
IS	157	102567	102552	5	10
IS	158	104403	104387	1	15
IS	159	106857	106839	5	13
IS	160	108142	108130	6	6
IS	161	110253	110240	7	6
IS	162	111868	111858	2	8
IS	163	114069	114054	6	9
IS	164	115316	115301	4	11
IS	165	116342	116327	3	12
IS	166	117706	117698	6	2
IS	167	119091	119080	4	7
IS	168	120437	120427	2	8
IS	169	121537	121527	4	6
IS	170	122409	122398	7	4
IS	171	123114	123097	7	10
IS	172	123964	123951	5	8
IS	173	125593	125572	7	14
IS	174	125671	125659	5	7
IS	175	126085	126071	2	12
IS	176	126663	126651	4	8
IS	177	127623	127612	4	7
IS	178	128190	128177	7	6
IS	179	128792	128783	2	7
IS	180	128881	128872	4	5
IS	181	128437	128425	6	6
IS	182	129661	129650	3	8
IS	183	129952	129934	6	12
IS	184	129021	129006	5	10
IS	185	129093	129080	6	7
IS	186	129351	129338	6	7
IS	187	128999	128990	4	5
IS	188	129556	129552	0	4
IS	189	129358	129352	3	3
IS	190	129926	129915	4	7
IS	191	129303	129292	6	5
IS	192	129618	129602	5	11
IS	193	129311	129300	7	4
IS	194	128772	128758	7	7
IS	195	128406	128394	7	5
IS	196	128574	128558	9	7
IS	197	128713	128698	3	12
IS	198	128777	128761	4	12
IS	199	128411	128393	6	12
IS	200	128367	128351	3	13
IS	201	128591	128576	4	11
IS	202	127887	127878	4	5
IS	203	126642	126634	2	6
IS	204	127417	127401	4	12
IS	205	127057	127044	1	12
IS	206	126815	126809	2	4
IS	207	126640	126621	4	15
IS	208	125984	125962	5	17
IS	209	126449	126441	7	1
IS	210	126281	126269	1	11
IS	211	125561	125547	1	13
IS	212	125604	125589	3	12
IS	213	124943	124933	1	9
IS	214	125008	124999	2	7
IS	215	124631	124619	1	11
IS	216	124369	124359	7	3
IS	217	124218	124212	2	4
IS	218	123785	123769	4	12
IS	219	123822	123811	2	9
IS	220	123695	123682	2	11
IS	221	123690	123672	4	14
IS	222	122839	122828	4	7
IS	223	122585	122569	4	12
IS	224	123534	123523	3	8
IS	225	122070	122034	3	33
IS	226	121837	121830	1	6
IS	227	121750	121734	4	12
IS	228	121673	121658	3	12
IS	229	120713	120704	1	8
IS	230	120671	120663	2	6
IS	231	121158	121146	0	12
IS	232	119648	119640	3	5
IS	233	119335	119329	1	5
IS	234	119862	119855	2	5
IS	235	119156	119143	3	10
IS	236	118169	118162	1	6
IS	237	118206	118199	2	5
IS	238	118286	118263	6	17
IS	239	117842	117833	1	8
IS	240	116802	116790	1	11
IS	241	116605	116598	1	6
IS	242	116872	116859	2	11
IS	243	116094	116086	0	8
IS	244	115707	115700	3	4
IS	245	115143	115130	0	13
IS	246	114380	114370	0	10
IS	247	113498	113486	2	10
IS	248	113947	113940	0	7
IS	249	113395	113386	0	9
IS	250	113042	113031	1	10
IS	251	113115	113098	1	16
IS	252	111757	111750	1	6
IS	253	111689	111683	0	6
IS	254	111570	111558	2	10
IS	255	110322	110318	0	4
IS	256	109947	109933	0	14
IS	257	109606	109596	0	10
IS	258	109391	109378	0	13
IS	259	108379	108367	0	12
IS	260	108115	108105	1	9
IS	261	107640	107628	2	10
IS	262	107007	107000	1	6
IS	263	106471	106458	0	13
IS	264	106072	106062	2	8
IS	265	105465	105455	0	10
IS	266	105209	105201	1	7
IS	267	103991	103976	3	12
IS	268	103353	103347	0	6
IS	269	102583	102576	1	6
IS	270	102565	102556	0	9
IS	271	101943	101930	0	13
IS	272	101334	101320	1	13
IS	273	101052	101043	1	8
IS	274	100798	100786	1	11
IS	275	99029	99022	2	5
IS	276	98747	98730	3	14
IS	277	97950	97937	1	12
IS	278	97221	97209	0	12
IS	279	96586	96575	3	8
IS	280	95960	95950	0	10
IS	281	95871	95858	2	11
IS	282	94791	94783	0	8
IS	283	94722	94709	1	12
IS	284	93877	93872	1	4
IS	285	93107	93098	1	8
IS	286	92170	92159	3	8
IS	287	91427	91414	1	12
IS	288	90832	90817	4	11
IS	289	90636	90616	1	19
IS	290	89585	89577	1	7
IS	291	88925	88914	2	9
IS	292	88404	88394	2	8
IS	293	88225	88218	2	5
IS	294	86186	86168	0	18
IS	295	86479	86467	0	12
IS	296	85552	85546	0	6
IS	297	84911	84902	0	9
IS	298	83855	83843	1	11
IS	299	83159	83148	0	11
IS	300	82026	82015	2	9
IS	301	82260	82247	2	11
IS	302	81050	81032	0	18
IS	303	81292	81279	2	11
IS	304	79694	79683	1	10
IS	305	79222	79210	0	12
IS	306	78862	78845	2	15
IS	307	78092	78078	2	12
IS	308	76959	76943	3	13
IS	309	76764	76755	1	8
IS	310	76244	76232	0	12
IS	311	74349	74337	0	12
IS	312	74554	74544	2	8
IS	313	74228	74204	3	21
IS	314	73373	73357	1	15
IS	315	72697	72685	1	11
IS	316	71910	71893	2	15
IS	317	70959	70943	1	15
IS	318	70226	70218	2	6
IS	319	69937	69917	1	19
IS	320	68547	68542	0	5
IS	321	67744	67728	1	15
IS	322	67631	67622	1	8
IS	323	66911	66893	1	17
IS	324	65936	65922	0	14
IS	325	65985	65977	0	8
IS	326	64633	64623	0	10
IS	327	64346	64327	3	16
IS	328	63774	63761	1	12
IS	329	63258	63245	3	10
IS	330	62012	61997	1	14
IS	331	62114	62102	1	11
IS	332	60941	60923	2	16
IS	333	60568	60555	1	12
IS	334	59750	59735	3	12
IS	335	59227	59218	1	8
IS	336	58564	58549	0	15
IS	337	58257	58248	1	8
IS	338	57115	57109	0	6
IS	339	56024	56010	1	13
IS	340	56128	56115	2	11
IS	341	55408	55389	3	16
IS	342	54719	54701	0	18
IS	343	54281	54272	1	8
IS	344	53258	53248	2	8
IS	345	52905	52887	3	15
IS	346	52333	52318	1	14
IS	347	51575	51563	0	12
IS	348	51299	51284	1	14
IS	349	50635	50619	0	16
IS	350	49928	49910	0	18
IS	351	49557	49545	3	9
IS	352	48735	48719	1	15
IS	353	48140	48125	3	12
IS	354	47296	47282	1	13
IS	355	46614	46603	0	11
IS	356	46429	46413	1	15
IS	357	45865	45844	0	21
IS	358	45206	45193	0	13
IS	359	44851	44827	1	23
IS	360	43948	43928	2	18
IS	361	43700	43688	2	10
IS	362	42967	42952	1	14
IS	363	42412	42397	4	11
IS	364	41910	41899	2	9
IS	365	41422	41410	2	10
IS	366	40854	40835	0	19
IS	367	40794	40783	0	11
IS	368	39788	39773	0	15
IS	369	39431	39411	3	17
IS	370	38921	38908	3	10
IS	371	38386	38365	0	21
IS	372	37864	37849	1	14
IS	373	37545	37526	1	18
IS	374	37115	37094	3	18
IS	375	36100	36088	1	11
IS	376	36145	36127	1	17
IS	377	35257	35248	2	7
IS	378	35249	35234	0	15
IS	379	34308	34293	2	13
IS	380	33888	33878	2	8
IS	381	33155	33143	2	10
IS	382	33229	33210	1	18
IS	383	32892	32873	0	19
IS	384	32243	32227	1	15
IS	385	32037	32024	2	11
IS	386	31432	31419	0	13
IS	387	30988	30974	2	12
IS	388	30901	30880	1	20
IS	389	30105	30086	4	15
IS	390	30104	30084	3	17
IS	391	29350	29330	1	19
IS	392	29040	29026	2	12
IS	393	28339	28321	5	13
IS	394	28240	28227	2	11
IS	395	27766	27747	2	17
IS	396	27062	27043	2	17
IS	397	27205	27193	1	11
IS	398	26706	26694	2	10
IS	399	26201	26187	0	14
IS	400	25529	25509	0	20
IS	401	26015	26000	0	15
IS	402	25397	25378	2	17
IS	403	24898	24882	1	15
IS	404	24340	24324	1	15
IS	405	24068	24047	6	15
IS	406	23473	23456	2	15
IS	407	23513	23493	3	17
IS	408	22919	22901	2	16
IS	409	22554	22538	2	14
IS	410	22140	22121	0	19
IS	411	22068	22050	3	15
IS	412	21767	21750	1	16
IS	413	21335	21318	0	17
IS	414	21240	21219	1	20
IS	415	20741	20730	2	9
IS	416	20144	20124	1	19
IS	417	20153	20141	2	10
IS	418	19928	19916	0	12
IS	419	19624	19610	0	14
IS	420	19185	19166	1	18
IS	421	19285	19273	0	12
IS	422	18790	18779	0	11
IS	423	18356	18338	4	14
IS	424	18081	18061	1	19
IS	425	18086	18072	0	14
IS	426	17538	17528	2	8
IS	427	17427	17413	1	13
IS	428	16980	16964	1	15
IS	429	16858	16835	1	22
IS	430	16770	16751	0	19
IS	431	16346	16323	3	20
IS	432	16256	16226	0	30
IS	433	15652	15637	1	14
IS	434	15754	15737	0	17
IS	435	15624	15604	3	17
IS	436	15264	15242	1	21
IS	437	15316	15305	2	9
IS	438	14683	14669	0	14
IS	439	14663	14646	0	17
IS	440	14315	14301	2	12
IS	441	14090	14074	0	16
IS	442	13710	13694	1	15
IS	443	13549	13535	0	14
IS	444	13359	13342	3	14
IS	445	13240	13219	2	19
IS	446	13001	12990	0	11
IS	447	12674	12649	4	21
IS	448	12811	12801	0	10
IS	449	12401	12385	0	16
IS	450	12330	12312	0	18
IS	451	12176	12157	2	17
IS	452	12115	12093	1	21
IS	453	11541	11515	1	25
IS	454	11723	11708	1	14
IS	455	11593	11575	0	18
IS	456	11127	11109	0	18
IS	457	10894	10883	1	10
IS	458	10988	10980	0	8
IS	459	10875	10859	1	15
IS	460	10521	10497	2	22
IS	461	10244	10217	2	25
IS	462	10440	10426	0	14
IS	463	10021	10004	0	17
IS	464	9872	9858	0	14
IS	465	9968	9945	2	21
IS	466	9779	9764	0	15
IS	467	9450	9434	0	16
IS	468	9261	9238	1	22
IS	469	9126	9106	0	20
IS	470	9053	9037	0	16
IS	471	9008	8992	0	16
IS	472	8719	8703	1	15
IS	473	8700	8684	2	14
IS	474	8677	8660	0	17
IS	475	8538	8513	0	25
IS	476	8064	8048	1	15
IS	477	8039	8027	0	12
IS	478	8127	8110	3	14
IS	479	7989	7972	1	16
IS	480	7650	7639	2	9
IS	481	7700	7684	2	14
IS	482	7650	7638	0	12
IS	483	7376	7360	0	16
IS	484	7235	7225	0	10
IS	485	7284	7262	0	22
IS	486	6935	6920	0	15
IS	487	6821	6805	0	16
IS	488	6919	6903	0	16
IS	489	6682	6655	1	26
IS	490	6714	6694	1	19
IS	491	6444	6428	0	16
IS	492	6385	6369	2	14
IS	493	6407	6381	0	26
IS	494	6134	6115	0	19
IS	495	6046	6029	0	17
IS	496	5941	5915	2	24
IS	497	5893	5869	0	24
IS	498	5842	5823	1	18
IS	499	5719	5695	0	24
IS	500	5719	5703	0	16
IS	501	5571	5559	0	12
IS	502	5586	5566	1	19
IS	503	5397	5382	1	14
IS	504	5351	5333	0	18
IS	505	5240	5221	1	18
IS	506	5182	5163	3	16
IS	507	5071	5047	2	22
IS	508	4955	4933	0	22
IS	509	4997	4979	0	18
IS	510	4908	4893	0	15
IS	511	4805	4789	0	16
IS	512	4731	4718	0	13
IS	513	4646	4632	0	14
IS	514	4642	4623	2	17
IS	515	4460	4444	1	15
IS	516	4517	4489	0	28
IS	517	4369	4350	1	18
IS	518	4474	4452	0	22
IS	519	4190	4161	2	27
IS	520	4245	4222	2	21
IS	521	4145	4134	0	11
IS	522	3872	3861	0	11
IS	523	4008	3983	2	23
IS	524	3871	3839	2	30
IS	525	3983	3956	0	27
IS	526	3891	3870	1	20
IS	527	3679	3661	0	18
IS	528	3660	3642	1	17
IS	529	3506	3490	0	16
IS	530	3484	3462	0	22
IS	531	3472	3452	0	20
IS	532	3444	3431	0	13
IS	533	3259	3251	0	8
IS	534	3353	3333	2	18
IS	535	3245	3221	1	23
IS	536	3110	3091	1	18
IS	537	3251	3231	0	20
IS	538	3126	3103	2	21
IS	539	3227	3204	1	22
IS	540	3115	3089	1	25
IS	541	3031	3013	0	18
IS	542	3039	3021	0	18
IS	543	2902	2873	0	29
IS	544	2912	2898	0	14
IS	545	2850	2827	5	18
# Read lengths. Use `grep ^RL | cut -f 2-` to extract this part. The columns are: read length, count
RL	31	3502
RL	32	3214
RL	33	2822
RL	34	2558
RL	35	2478
RL	36	2324
RL	37	2158
RL	38	2034
RL	39	1836
RL	40	1706
RL	41	1586
RL	42	1526
RL	43	1378
RL	44	1484
RL	45	1350
RL	46	1348
RL	47	1192
RL	48	1212
RL	49	1136
RL	50	1174
RL	51	1018
RL	52	1208
RL	53	1120
RL	54	1070
RL	55	1144
RL	56	1078
RL	57	1104
RL	58	1104
RL	59	1150
RL	60	1174
RL	61	1194
RL	62	1154
RL	63	1206
RL	64	1178
RL	65	1126
RL	66	1168
RL	67	1144
RL	68	1206
RL	69	1234
RL	70	1206
RL	71	1182
RL	72	1048
RL	73	1238
RL	74	1168
RL	75	1218
RL	76	1242
RL	77	1276
RL	78	1238
RL	79	1216
RL	80	1214
RL	81	1274
RL	82	1268
RL	83	1364
RL	84	1368
RL	85	1406
RL	86	1804
RL	87	1772
RL	88	1968
RL	89	2130
RL	90	2070
RL	91	2322
RL	92	2450
RL	93	2670
RL	94	2974
RL	95	3346
RL	96	3484
RL	97	3718
RL	98	4434
RL	99	4638
RL	100	52580272
# Read lengths - first fragments. Use `grep ^FRL | cut -f 2-` to extract this part. The columns are: read length, count
FRL	31	1751
FRL	32	1607
FRL	33	1411
FRL	34	1279
FRL	35	1239
FRL	36	1162
FRL	37	1079
FRL	38	1017
FRL	39	918
FRL	40	853
FRL	41	793
FRL	42	763
FRL	43	689
FRL	44	742
FRL	45	675
FRL	46	674
FRL	47	596
FRL	48	606
FRL	49	568
FRL	50	587
FRL	51	509
FRL	52	604
FRL	53	560
FRL	54	535
FRL	55	572
FRL	56	539
FRL	57	552
FRL	58	552
FRL	59	575
FRL	60	587
FRL	61	597
FRL	62	577
FRL	63	603
FRL	64	589
FRL	65	563
FRL	66	584
FRL	67	572
FRL	68	603
FRL	69	617
FRL	70	603
FRL	71	591
FRL	72	524
FRL	73	619
FRL	74	584
FRL	75	609
FRL	76	621
FRL	77	638
FRL	78	619
FRL	79	608
FRL	80	607
FRL	81	637
FRL	82	634
FRL	83	682
FRL	84	684
FRL	85	703
FRL	86	902
FRL	87	886
FRL	88	984
FRL	89	1065
FRL	90	1035
FRL	91	1161
FRL	92	1225
FRL	93	1335
FRL	94	1487
FRL	95	1673
FRL	96	1742
FRL	97	1859
FRL	98	2217
FRL	99	2319
FRL	100	26290136
# Read lengths - last fragments. Use `grep ^LRL | cut -f 2-` to extract this part. The columns are: read length, count
LRL	31	1751
LRL	32	1607
LRL	33	1411
LRL	34	1279
LRL	35	1239
LRL	36	1162
LRL	37	1079
LRL	38	1017
LRL	39	918
LRL	40	853
LRL	41	793
LRL	42	763
LRL	43	689
LRL	44	742
LRL	45	675
LRL	46	674
LRL	47	596
LRL	48	606
LRL	49	568
LRL	50	587
LRL	51	509
LRL	52	604
LRL	53	560
LRL	54	535
LRL	55	572
LRL	56	539
LRL	57	552
LRL	58	552
LRL	59	575
LRL	60	587
LRL	61	597
LRL	62	577
LRL	63	603
LRL	64	589
LRL	65	563
LRL	66	584
LRL	67	572
LRL	68	603
LRL	69	617
LRL	70	603
LRL	71	591
LRL	72	524
LRL	73	619
LRL	74	584
LRL	75	609
LRL	76	621
LRL	77	638
LRL	78	619
LRL	79	608
LRL	80	607
LRL	81	637
LRL	82	634
LRL	83	682
LRL	84	684
LRL	85	703
LRL	86	902
LRL	87	886
LRL	88	984
LRL	89	1065
LRL	90	1035
LRL	91	1161
LRL	92	1225
LRL	93	1335
LRL	94	1487
LRL	95	1673
LRL	96	1742
LRL	97	1859
LRL	98	2217
LRL	99	2319
LRL	100	26290136
# Mapping qualities for reads !(UNMAP|SECOND|SUPPL|QCFAIL|DUP). Use `grep ^MAPQ | cut -f 2-` to extract this part. The columns are: mapq, count
MAPQ	0	4864849
MAPQ	1	14837
MAPQ	2	7783
MAPQ	3	23702
MAPQ	4	11487
MAPQ	5	11752
MAPQ	6	14457
MAPQ	7	20227
MAPQ	8	13323
MAPQ	9	28036
MAPQ	10	27779
MAPQ	11	8130
MAPQ	12	14240
MAPQ	13	19692
MAPQ	14	9323
MAPQ	15	23064
MAPQ	16	15364
MAPQ	17	17889
MAPQ	18	14187
MAPQ	19	21781
MAPQ	20	43116
MAPQ	21	38831
MAPQ	22	66574
MAPQ	23	62850
MAPQ	24	85721
MAPQ	25	147659
MAPQ	26	18116
MAPQ	27	349593
MAPQ	28	7022
MAPQ	29	5092
MAPQ	30	9063
MAPQ	31	11710
MAPQ	32	3720
MAPQ	33	21701
MAPQ	34	6147
MAPQ	35	6103
MAPQ	36	8719
MAPQ	37	14448
MAPQ	38	13132
MAPQ	39	26746
MAPQ	40	449699
MAPQ	41	8971
MAPQ	42	21319
MAPQ	43	22560
MAPQ	44	17414
MAPQ	45	49882
MAPQ	46	32824
MAPQ	47	65294
MAPQ	48	81756
MAPQ	49	66775
MAPQ	50	295921
MAPQ	51	22017
MAPQ	52	36431
MAPQ	53	12008
MAPQ	54	17917
MAPQ	55	41071
MAPQ	56	4759
MAPQ	57	49302
MAPQ	58	3353
MAPQ	59	8370
MAPQ	60	45239226
# Indel distribution. Use `grep ^ID | cut -f 2-` to extract this part. The columns are: length, number of insertions, number of deletions
ID	1	135980	191057
ID	2	35337	52862
ID	3	17862	24134
ID	4	17885	23945
ID	5	13727	8309
ID	6	4370	6706
ID	7	1292	1895
ID	8	2429	3928
ID	9	1007	1529
ID	10	2106	2495
ID	11	409	807
ID	12	829	2116
ID	13	213	489
ID	14	406	817
ID	15	323	839
ID	16	282	877
ID	17	105	219
ID	18	244	370
ID	19	107	205
ID	20	89	317
ID	21	73	237
ID	22	30	207
ID	23	46	94
ID	24	37	163
ID	25	9	76
ID	26	17	95
ID	27	4	99
ID	28	2	76
ID	29	0	34
ID	30	2	66
ID	31	0	12
ID	32	0	9
ID	33	0	13
ID	34	0	9
ID	35	0	9
ID	36	0	14
ID	37	0	4
ID	38	0	6
ID	39	0	1
ID	40	0	2
ID	44	0	2
# Indels per cycle. Use `grep ^IC | cut -f 2-` to extract this part. The columns are: cycle, number of insertions (fwd), .. (rev) , number of deletions (fwd), .. (rev)
IC	1	0	0	0	1
IC	3	0	0	802	959
IC	4	729	898	886	942
IC	5	828	1109	950	1005
IC	6	866	981	1031	1096
IC	7	943	1021	1154	1181
IC	8	1024	1010	1399	1309
IC	9	1101	1083	1522	1511
IC	10	1182	1097	1469	1532
IC	11	1170	1176	1503	1540
IC	12	1192	1179	1664	1674
IC	13	1231	1229	1675	1677
IC	14	1398	1201	1628	1750
IC	15	1290	1386	1734	1677
IC	16	1298	1321	1759	1795
IC	17	1417	1330	1869	1862
IC	18	1435	1418	1812	1861
IC	19	1507	1391	1907	1936
IC	20	1443	1496	1888	2006
IC	21	1407	1450	1949	1994
IC	22	1510	1395	1988	1934
IC	23	1452	1475	1949	1886
IC	24	1503	1417	1866	1958
IC	25	1492	1442	2001	1955
IC	26	1542	1589	1978	2020
IC	27	1470	1496	1936	1873
IC	28	1523	1386	1924	1944
IC	29	1379	1467	1962	1960
IC	30	1456	1370	1903	1918
IC	31	1495	1388	1983	1894
IC	32	1486	1416	1922	1848
IC	33	1401	1438	1988	1950
IC	34	1410	1459	1926	1832
IC	35	1445	1318	1921	1865
IC	36	1458	1398	1866	1872
IC	37	1411	1441	1893	1797
IC	38	1381	1432	1884	1788
IC	39	1438	1376	1849	1836
IC	40	1383	1389	1841	1829
IC	41	1411	1372	1925	1920
IC	42	1484	1364	1927	1791
IC	43	1472	1395	1856	1813
IC	44	1425	1401	1851	1836
IC	45	1443	1426	1801	1792
IC	46	1412	1400	1930	1881
IC	47	1392	1381	1894	1766
IC	48	1449	1371	1832	1787
IC	49	1378	1318	1931	1911
IC	50	1363	1398	2006	1899
IC	51	1399	1404	1869	1882
IC	52	1455	1305	1900	1854
IC	53	1452	1403	1918	1782
IC	54	1462	1403	1786	1768
IC	55	1448	1333	1811	1841
IC	56	1383	1313	1868	1811
IC	57	1338	1405	1866	1862
IC	58	1437	1289	1856	1892
IC	59	1349	1280	1943	1757
IC	60	1329	1339	1922	1981
IC	61	1407	1367	2003	1916
IC	62	1432	1355	1983	1934
IC	63	1355	1395	1913	1997
IC	64	1380	1270	2010	1934
IC	65	1353	1302	1950	1902
IC	66	1349	1324	1967	1840
IC	67	1358	1373	1936	1925
IC	68	1384	1342	1937	1921
IC	69	1303	1311	1885	1851
IC	70	1347	1290	1952	1951
IC	71	1234	1275	1889	1794
IC	72	1321	1209	1844	1827
IC	73	1304	1224	1861	1850
IC	74	1244	1167	1868	1773
IC	75	1251	1228	1833	1833
IC	76	1208	1171	1841	1830
IC	77	1227	1220	1811	1698
IC	78	1151	1119	1854	1784
IC	79	1136	1152	1819	1767
IC	80	1133	1069	1741	1707
IC	81	1137	1093	1661	1668
IC	82	1026	1097	1696	1608
IC	83	1059	1014	1575	1570
IC	84	1064	984	1614	1532
IC	85	1012	995	1513	1539
IC	86	975	948	1539	1438
IC	87	902	983	1438	1445
IC	88	903	847	1403	1411
IC	89	877	810	1329	1331
IC	90	770	786	1264	1305
IC	91	733	801	1252	1303
IC	92	701	761	1179	1197
IC	93	629	702	1066	1099
IC	94	742	771	1138	1118
IC	95	798	880	1030	1118
IC	96	761	991	1053	1204
IC	97	878	1207	752	856
IC	98	0	0	2	0
IC	99	0	0	1	0
# Coverage distribution. Use `grep ^COV | cut -f 2-` to extract this part.
COV	[1-1]	1	454105409
COV	[2-2]	2	130506797
COV	[3-3]	3	34064565
COV	[4-4]	4	15001082
COV	[5-5]	5	8312606
COV	[6-6]	6	6149065
COV	[7-7]	7	5045373
COV	[8-8]	8	4365078
COV	[9-9]	9	3894205
COV	[10-10]	10	3523373
COV	[11-11]	11	3234437
COV	[12-12]	12	2979971
COV	[13-13]	13	2767622
COV	[14-14]	14	2587971
COV	[15-15]	15	2433192
COV	[16-16]	16	2299031
COV	[17-17]	17	2170539
COV	[18-18]	18	2066710
COV	[19-19]	19	1969233
COV	[20-20]	20	1882420
COV	[21-21]	21	1797989
COV	[22-22]	22	1719112
COV	[23-23]	23	1648519
COV	[24-24]	24	1582898
COV	[25-25]	25	1523852
COV	[26-26]	26	1464845
COV	[27-27]	27	1415536
COV	[28-28]	28	1367148
COV	[29-29]	29	1321204
COV	[30-30]	30	1280011
COV	[31-31]	31	1242661
COV	[32-32]	32	1204714
COV	[33-33]	33	1166515
COV	[34-34]	34	1133819
COV	[35-35]	35	1096017
COV	[36-36]	36	1068114
COV	[37-37]	37	1038747
COV	[38-38]	38	1006353
COV	[39-39]	39	981903
COV	[40-40]	40	953286
COV	[41-41]	41	929639
COV	[42-42]	42	902175
COV	[43-43]	43	879595
COV	[44-44]	44	859347
COV	[45-45]	45	836513
COV	[46-46]	46	815785
COV	[47-47]	47	797469
COV	[48-48]	48	778289
COV	[49-49]	49	758143
COV	[50-50]	50	739912
COV	[51-51]	51	718066
COV	[52-52]	52	699744
COV	[53-53]	53	685086
COV	[54-54]	54	670218
COV	[55-55]	55	655089
COV	[56-56]	56	634688
COV	[57-57]	57	621044
COV	[58-58]	58	603347
COV	[59-59]	59	589125
COV	[60-60]	60	574094
COV	[61-61]	61	561539
COV	[62-62]	62	546860
COV	[63-63]	63	532601
COV	[64-64]	64	518485
COV	[65-65]	65	506087
COV	[66-66]	66	493341
COV	[67-67]	67	480791
COV	[68-68]	68	467733
COV	[69-69]	69	456259
COV	[70-70]	70	444418
COV	[71-71]	71	433940
COV	[72-72]	72	423066
COV	[73-73]	73	412144
COV	[74-74]	74	403883
COV	[75-75]	75	393197
COV	[76-76]	76	383998
COV	[77-77]	77	374023
COV	[78-78]	78	365422
COV	[79-79]	79	354896
COV	[80-80]	80	345824
COV	[81-81]	81	337599
COV	[82-82]	82	328498
COV	[83-83]	83	319090
COV	[84-84]	84	309434
COV	[85-85]	85	302358
COV	[86-86]	86	294964
COV	[87-87]	87	287776
COV	[88-88]	88	279352
COV	[89-89]	89	272656
COV	[90-90]	90	263168
COV	[91-91]	91	257246
COV	[92-92]	92	250161
COV	[93-93]	93	242602
COV	[94-94]	94	238113
COV	[95-95]	95	230902
COV	[96-96]	96	223422
COV	[97-97]	97	217603
COV	[98-98]	98	211695
COV	[99-99]	99	206593
COV	[100-100]	100	200767
COV	[101-101]	101	196050
COV	[102-102]	102	190106
COV	[103-103]	103	185558
COV	[104-104]	104	180232
COV	[105-105]	105	174324
COV	[106-106]	106	170910
COV	[107-107]	107	164609
COV	[108-108]	108	160917
COV	[109-109]	109	157482
COV	[110-110]	110	151783
COV	[111-111]	111	149283
COV	[112-112]	112	144358
COV	[113-113]	113	139732
COV	[114-114]	114	136799
COV	[115-115]	115	133375
COV	[116-116]	116	129216
COV	[117-117]	117	125700
COV	[118-118]	118	122344
COV	[119-119]	119	118074
COV	[120-120]	120	114899
COV	[121-121]	121	111160
COV	[122-122]	122	108951
COV	[123-123]	123	105778
COV	[124-124]	124	103022
COV	[125-125]	125	99978
COV	[126-126]	126	97457
COV	[127-127]	127	94351
COV	[128-128]	128	92089
COV	[129-129]	129	89452
COV	[130-130]	130	87071
COV	[131-131]	131	83986
COV	[132-132]	132	81774
COV	[133-133]	133	79593
COV	[134-134]	134	77706
COV	[135-135]	135	75896
COV	[136-136]	136	74239
COV	[137-137]	137	72590
COV	[138-138]	138	71005
COV	[139-139]	139	69295
COV	[140-140]	140	67299
COV	[141-141]	141	65426
COV	[142-142]	142	63805
COV	[143-143]	143	62156
COV	[144-144]	144	60230
COV	[145-145]	145	58746
COV	[146-146]	146	57673
COV	[147-147]	147	56405
COV	[148-148]	148	54862
COV	[149-149]	149	53516
COV	[150-150]	150	51273
COV	[151-151]	151	50293
COV	[152-152]	152	48647
COV	[153-153]	153	47642
COV	[154-154]	154	46690
COV	[155-155]	155	45435
COV	[156-156]	156	44126
COV	[157-157]	157	43164
COV	[158-158]	158	41855
COV	[159-159]	159	41077
COV	[160-160]	160	40418
COV	[161-161]	161	39116
COV	[162-162]	162	38406
COV	[163-163]	163	37706
COV	[164-164]	164	36947
COV	[165-165]	165	36091
COV	[166-166]	166	35660
COV	[167-167]	167	34999
COV	[168-168]	168	34148
COV	[169-169]	169	33173
COV	[170-170]	170	32155
COV	[171-171]	171	31460
COV	[172-172]	172	30731
COV	[173-173]	173	30074
COV	[174-174]	174	29442
COV	[175-175]	175	29035
COV	[176-176]	176	28483
COV	[177-177]	177	27477
COV	[178-178]	178	26798
COV	[179-179]	179	26190
COV	[180-180]	180	25298
COV	[181-181]	181	25247
COV	[182-182]	182	24255
COV	[183-183]	183	24053
COV	[184-184]	184	23390
COV	[185-185]	185	22751
COV	[186-186]	186	22761
COV	[187-187]	187	21883
COV	[188-188]	188	21737
COV	[189-189]	189	21194
COV	[190-190]	190	20983
COV	[191-191]	191	20233
COV	[192-192]	192	19591
COV	[193-193]	193	19134
COV	[194-194]	194	18842
COV	[195-195]	195	18608
COV	[196-196]	196	17975
COV	[197-197]	197	17698
COV	[198-198]	198	17426
COV	[199-199]	199	16903
COV	[200-200]	200	16824
COV	[201-201]	201	16645
COV	[202-202]	202	16246
COV	[203-203]	203	15928
COV	[204-204]	204	15705
COV	[205-205]	205	15501
COV	[206-206]	206	15283
COV	[207-207]	207	15042
COV	[208-208]	208	14558
COV	[209-209]	209	14189
COV	[210-210]	210	13843
COV	[211-211]	211	13329
COV	[212-212]	212	13218
COV	[213-213]	213	12991
COV	[214-214]	214	12715
COV	[215-215]	215	12392
COV	[216-216]	216	11978
COV	[217-217]	217	11870
COV	[218-218]	218	11602
COV	[219-219]	219	11409
COV	[220-220]	220	11092
COV	[221-221]	221	10678
COV	[222-222]	222	10599
COV	[223-223]	223	10289
COV	[224-224]	224	10504
COV	[225-225]	225	10093
COV	[226-226]	226	10008
COV	[227-227]	227	9740
COV	[228-228]	228	9547
COV	[229-229]	229	9377
COV	[230-230]	230	9271
COV	[231-231]	231	9235
COV	[232-232]	232	8976
COV	[233-233]	233	8871
COV	[234-234]	234	8781
COV	[235-235]	235	8723
COV	[236-236]	236	8597
COV	[237-237]	237	8370
COV	[238-238]	238	8207
COV	[239-239]	239	8118
COV	[240-240]	240	7908
COV	[241-241]	241	7770
COV	[242-242]	242	7579
COV	[243-243]	243	7498
COV	[244-244]	244	7275
COV	[245-245]	245	7352
COV	[246-246]	246	7100
COV	[247-247]	247	6929
COV	[248-248]	248	6741
COV	[249-249]	249	6560
COV	[250-250]	250	6534
COV	[251-251]	251	6342
COV	[252-252]	252	6353
COV	[253-253]	253	6094
COV	[254-254]	254	6044
COV	[255-255]	255	5911
COV	[256-256]	256	5750
COV	[257-257]	257	5681
COV	[258-258]	258	5585
COV	[259-259]	259	5365
COV	[260-260]	260	5452
COV	[261-261]	261	5414
COV	[262-262]	262	5343
COV	[263-263]	263	5304
COV	[264-264]	264	4958
COV	[265-265]	265	5056
COV	[266-266]	266	4867
COV	[267-267]	267	4795
COV	[268-268]	268	4845
COV	[269-269]	269	4862
COV	[270-270]	270	4758
COV	[271-271]	271	4683
COV	[272-272]	272	4467
COV	[273-273]	273	4523
COV	[274-274]	274	4477
COV	[275-275]	275	4318
COV	[276-276]	276	4379
COV	[277-277]	277	4308
COV	[278-278]	278	4236
COV	[279-279]	279	3980
COV	[280-280]	280	3988
COV	[281-281]	281	3893
COV	[282-282]	282	3839
COV	[283-283]	283	3793
COV	[284-284]	284	3753
COV	[285-285]	285	3758
COV	[286-286]	286	3697
COV	[287-287]	287	3686
COV	[288-288]	288	3500
COV	[289-289]	289	3498
COV	[290-290]	290	3376
COV	[291-291]	291	3322
COV	[292-292]	292	3393
COV	[293-293]	293	3217
COV	[294-294]	294	3253
COV	[295-295]	295	3140
COV	[296-296]	296	3153
COV	[297-297]	297	3137
COV	[298-298]	298	3052
COV	[299-299]	299	2956
COV	[300-300]	300	2988
COV	[301-301]	301	2888
COV	[302-302]	302	2815
COV	[303-303]	303	2876
COV	[304-304]	304	2848
COV	[305-305]	305	2831
COV	[306-306]	306	2698
COV	[307-307]	307	2705
COV	[308-308]	308	2584
COV	[309-309]	309	2650
COV	[310-310]	310	2587
COV	[311-311]	311	2495
COV	[312-312]	312	2547
COV	[313-313]	313	2407
COV	[314-314]	314	2449
COV	[315-315]	315	2437
COV	[316-316]	316	2458
COV	[317-317]	317	2389
COV	[318-318]	318	2234
COV	[319-319]	319	2227
COV	[320-320]	320	2254
COV	[321-321]	321	2187
COV	[322-322]	322	2211
COV	[323-323]	323	2146
COV	[324-324]	324	2223
COV	[325-325]	325	2183
COV	[326-326]	326	2108
COV	[327-327]	327	2051
COV	[328-328]	328	2058
COV	[329-329]	329	2029
COV	[330-330]	330	1904
COV	[331-331]	331	1922
COV	[332-332]	332	1937
COV	[333-333]	333	1907
COV	[334-334]	334	1816
COV	[335-335]	335	1753
COV	[336-336]	336	1840
COV	[337-337]	337	1726
COV	[338-338]	338	1681
COV	[339-339]	339	1722
COV	[340-340]	340	1703
COV	[341-341]	341	1656
COV	[342-342]	342	1597
COV	[343-343]	343	1668
COV	[344-344]	344	1661
COV	[345-345]	345	1549
COV	[346-346]	346	1545
COV	[347-347]	347	1619
COV	[348-348]	348	1529
COV	[349-349]	349	1498
COV	[350-350]	350	1549
COV	[351-351]	351	1423
COV	[352-352]	352	1472
COV	[353-353]	353	1443
COV	[354-354]	354	1430
COV	[355-355]	355	1355
COV	[356-356]	356	1419
COV	[357-357]	357	1368
COV	[358-358]	358	1345
COV	[359-359]	359	1348
COV	[360-360]	360	1373
COV	[361-361]	361	1259
COV	[362-362]	362	1271
COV	[363-363]	363	1268
COV	[364-364]	364	1268
COV	[365-365]	365	1218
COV	[366-366]	366	1248
COV	[367-367]	367	1212
COV	[368-368]	368	1197
COV	[369-369]	369	1237
COV	[370-370]	370	1187
COV	[371-371]	371	1192
COV	[372-372]	372	1194
COV	[373-373]	373	1159
COV	[374-374]	374	1125
COV	[375-375]	375	1151
COV	[376-376]	376	1175
COV	[377-377]	377	1115
COV	[378-378]	378	1068
COV	[379-379]	379	1080
COV	[380-380]	380	1071
COV	[381-381]	381	1040
COV	[382-382]	382	1013
COV	[383-383]	383	992
COV	[384-384]	384	1003
COV	[385-385]	385	974
COV	[386-386]	386	1058
COV	[387-387]	387	969
COV	[388-388]	388	1003
COV	[389-389]	389	963
COV	[390-390]	390	982
COV	[391-391]	391	885
COV	[392-392]	392	922
COV	[393-393]	393	877
COV	[394-394]	394	873
COV	[395-395]	395	828
COV	[396-396]	396	838
COV	[397-397]	397	893
COV	[398-398]	398	845
COV	[399-399]	399	811
COV	[400-400]	400	839
COV	[401-401]	401	813
COV	[402-402]	402	829
COV	[403-403]	403	801
COV	[404-404]	404	743
COV	[405-405]	405	784
COV	[406-406]	406	721
COV	[407-407]	407	812
COV	[408-408]	408	801
COV	[409-409]	409	768
COV	[410-410]	410	794
COV	[411-411]	411	774
COV	[412-412]	412	767
COV	[413-413]	413	680
COV	[414-414]	414	702
COV	[415-415]	415	671
COV	[416-416]	416	675
COV	[417-417]	417	636
COV	[418-418]	418	649
COV	[419-419]	419	634
COV	[420-420]	420	644
COV	[421-421]	421	686
COV	[422-422]	422	591
COV	[423-423]	423	614
COV	[424-424]	424	602
COV	[425-425]	425	597
COV	[426-426]	426	544
COV	[427-427]	427	531
COV	[428-428]	428	580
COV	[429-429]	429	567
COV	[430-430]	430	526
COV	[431-431]	431	563
COV	[432-432]	432	561
COV	[433-433]	433	529
COV	[434-434]	434	556
COV	[435-435]	435	524
COV	[436-436]	436	528
COV	[437-437]	437	516
COV	[438-438]	438	506
COV	[439-439]	439	538
COV	[440-440]	440	510
COV	[441-441]	441	496
COV	[442-442]	442	502
COV	[443-443]	443	487
COV	[444-444]	444	460
COV	[445-445]	445	499
COV	[446-446]	446	447
COV	[447-447]	447	440
COV	[448-448]	448	440
COV	[449-449]	449	437
COV	[450-450]	450	409
COV	[451-451]	451	436
COV	[452-452]	452	379
COV	[453-453]	453	427
COV	[454-454]	454	456
COV	[455-455]	455	388
COV	[456-456]	456	413
COV	[457-457]	457	414
COV	[458-458]	458	388
COV	[459-459]	459	383
COV	[460-460]	460	409
COV	[461-461]	461	401
COV	[462-462]	462	390
COV	[463-463]	463	403
COV	[464-464]	464	408
COV	[465-465]	465	399
COV	[466-466]	466	422
COV	[467-467]	467	408
COV	[468-468]	468	369
COV	[469-469]	469	376
COV	[470-470]	470	332
COV	[471-471]	471	366
COV	[472-472]	472	331
COV	[473-473]	473	344
COV	[474-474]	474	324
COV	[475-475]	475	305
COV	[476-476]	476	343
COV	[477-477]	477	325
COV	[478-478]	478	326
COV	[479-479]	479	312
COV	[480-480]	480	285
COV	[481-481]	481	291
COV	[482-482]	482	286
COV	[483-483]	483	310
COV	[484-484]	484	300
COV	[485-485]	485	292
COV	[486-486]	486	338
COV	[487-487]	487	294
COV	[488-488]	488	312
COV	[489-489]	489	323
COV	[490-490]	490	291
COV	[491-491]	491	363
COV	[492-492]	492	293
COV	[493-493]	493	289
COV	[494-494]	494	305
COV	[495-495]	495	331
COV	[496-496]	496	280
COV	[497-497]	497	327
COV	[498-498]	498	287
COV	[499-499]	499	292
COV	[500-500]	500	315
COV	[501-501]	501	276
COV	[502-502]	502	297
COV	[503-503]	503	283
COV	[504-504]	504	266
COV	[505-505]	505	257
COV	[506-506]	506	277
COV	[507-507]	507	250
COV	[508-508]	508	269
COV	[509-509]	509	242
COV	[510-510]	510	282
COV	[511-511]	511	267
COV	[512-512]	512	269
COV	[513-513]	513	280
COV	[514-514]	514	297
COV	[515-515]	515	264
COV	[516-516]	516	305
COV	[517-517]	517	280
COV	[518-518]	518	289
COV	[519-519]	519	251
COV	[520-520]	520	294
COV	[521-521]	521	307
COV	[522-522]	522	273
COV	[523-523]	523	261
COV	[524-524]	524	293
COV	[525-525]	525	288
COV	[526-526]	526	232
COV	[527-527]	527	250
COV	[528-528]	528	254
COV	[529-529]	529	289
COV	[530-530]	530	266
COV	[531-531]	531	228
COV	[532-532]	532	245
COV	[533-533]	533	208
COV	[534-534]	534	228
COV	[535-535]	535	229
COV	[536-536]	536	240
COV	[537-537]	537	202
COV	[538-538]	538	220
COV	[539-539]	539	234
COV	[540-540]	540	193
COV	[541-541]	541	185
COV	[542-542]	542	204
COV	[543-543]	543	215
COV	[544-544]	544	192
COV	[545-545]	545	236
COV	[546-546]	546	220
COV	[547-547]	547	215
COV	[548-548]	548	213
COV	[549-549]	549	204
COV	[550-550]	550	201
COV	[551-551]	551	224
COV	[552-552]	552	229
COV	[553-553]	553	215
COV	[554-554]	554	176
COV	[555-555]	555	205
COV	[556-556]	556	216
COV	[557-557]	557	187
COV	[558-558]	558	217
COV	[559-559]	559	184
COV	[560-560]	560	186
COV	[561-561]	561	208
COV	[562-562]	562	214
COV	[563-563]	563	214
COV	[564-564]	564	172
COV	[565-565]	565	188
COV	[566-566]	566	198
COV	[567-567]	567	194
COV	[568-568]	568	194
COV	[569-569]	569	206
COV	[570-570]	570	195
COV	[571-571]	571	211
COV	[572-572]	572	203
COV	[573-573]	573	211
COV	[574-574]	574	197
COV	[575-575]	575	205
COV	[576-576]	576	194
COV	[577-577]	577	198
COV	[578-578]	578	208
COV	[579-579]	579	187
COV	[580-580]	580	196
COV	[581-581]	581	222
COV	[582-582]	582	208
COV	[583-583]	583	186
COV	[584-584]	584	177
COV	[585-585]	585	168
COV	[586-586]	586	207
COV	[587-587]	587	184
COV	[588-588]	588	196
COV	[589-589]	589	181
COV	[590-590]	590	187
COV	[591-591]	591	191
COV	[592-592]	592	155
COV	[593-593]	593	169
COV	[594-594]	594	151
COV	[595-595]	595	188
COV	[596-596]	596	163
COV	[597-597]	597	168
COV	[598-598]	598	169
COV	[599-599]	599	152
COV	[600-600]	600	194
COV	[601-601]	601	169
COV	[602-602]	602	154
COV	[603-603]	603	167
COV	[604-604]	604	167
COV	[605-605]	605	160
COV	[606-606]	606	167
COV	[607-607]	607	147
COV	[608-608]	608	154
COV	[609-609]	609	127
COV	[610-610]	610	139
COV	[611-611]	611	138
COV	[612-612]	612	142
COV	[613-613]	613	132
COV	[614-614]	614	121
COV	[615-615]	615	126
COV	[616-616]	616	137
COV	[617-617]	617	123
COV	[618-618]	618	116
COV	[619-619]	619	146
COV	[620-620]	620	118
COV	[621-621]	621	130
COV	[622-622]	622	116
COV	[623-623]	623	126
COV	[624-624]	624	138
COV	[625-625]	625	137
COV	[626-626]	626	137
COV	[627-627]	627	132
COV	[628-628]	628	121
COV	[629-629]	629	127
COV	[630-630]	630	128
COV	[631-631]	631	106
COV	[632-632]	632	112
COV	[633-633]	633	132
COV	[634-634]	634	115
COV	[635-635]	635	120
COV	[636-636]	636	103
COV	[637-637]	637	100
COV	[638-638]	638	102
COV	[639-639]	639	126
COV	[640-640]	640	111
COV	[641-641]	641	124
COV	[642-642]	642	118
COV	[643-643]	643	119
COV	[644-644]	644	123
COV	[645-645]	645	123
COV	[646-646]	646	102
COV	[647-647]	647	114
COV	[648-648]	648	96
COV	[649-649]	649	125
COV	[650-650]	650	129
COV	[651-651]	651	119
COV	[652-652]	652	106
COV	[653-653]	653	103
COV	[654-654]	654	127
COV	[655-655]	655	116
COV	[656-656]	656	127
COV	[657-657]	657	107
COV	[658-658]	658	102
COV	[659-659]	659	104
COV	[660-660]	660	120
COV	[661-661]	661	114
COV	[662-662]	662	127
COV	[663-663]	663	117
COV	[664-664]	664	123
COV	[665-665]	665	104
COV	[666-666]	666	89
COV	[667-667]	667	96
COV	[668-668]	668	113
COV	[669-669]	669	101
COV	[670-670]	670	105
COV	[671-671]	671	80
COV	[672-672]	672	80
COV	[673-673]	673	96
COV	[674-674]	674	86
COV	[675-675]	675	94
COV	[676-676]	676	92
COV	[677-677]	677	94
COV	[678-678]	678	100
COV	[679-679]	679	107
COV	[680-680]	680	102
COV	[681-681]	681	93
COV	[682-682]	682	80
COV	[683-683]	683	75
COV	[684-684]	684	105
COV	[685-685]	685	90
COV	[686-686]	686	75
COV	[687-687]	687	84
COV	[688-688]	688	75
COV	[689-689]	689	63
COV	[690-690]	690	81
COV	[691-691]	691	78
COV	[692-692]	692	90
COV	[693-693]	693	90
COV	[694-694]	694	84
COV	[695-695]	695	99
COV	[696-696]	696	82
COV	[697-697]	697	76
COV	[698-698]	698	83
COV	[699-699]	699	66
COV	[700-700]	700	73
COV	[701-701]	701	88
COV	[702-702]	702	83
COV	[703-703]	703	63
COV	[704-704]	704	79
COV	[705-705]	705	84
COV	[706-706]	706	80
COV	[707-707]	707	69
COV	[708-708]	708	86
COV	[709-709]	709	76
COV	[710-710]	710	64
COV	[711-711]	711	73
COV	[712-712]	712	76
COV	[713-713]	713	72
COV	[714-714]	714	77
COV	[715-715]	715	66
COV	[716-716]	716	78
COV	[717-717]	717	66
COV	[718-718]	718	87
COV	[719-719]	719	79
COV	[720-720]	720	63
COV	[721-721]	721	64
COV	[722-722]	722	61
COV	[723-723]	723	85
COV	[724-724]	724	53
COV	[725-725]	725	67
COV	[726-726]	726	72
COV	[727-727]	727	61
COV	[728-728]	728	62
COV	[729-729]	729	65
COV	[730-730]	730	61
COV	[731-731]	731	76
COV	[732-732]	732	49
COV	[733-733]	733	55
COV	[734-734]	734	60
COV	[735-735]	735	74
COV	[736-736]	736	52
COV	[737-737]	737	57
COV	[738-738]	738	43
COV	[739-739]	739	52
COV	[740-740]	740	63
COV	[741-741]	741	54
COV	[742-742]	742	57
COV	[743-743]	743	59
COV	[744-744]	744	58
COV	[745-745]	745	58
COV	[746-746]	746	65
COV	[747-747]	747	48
COV	[748-748]	748	43
COV	[749-749]	749	57
COV	[750-750]	750	50
COV	[751-751]	751	60
COV	[752-752]	752	45
COV	[753-753]	753	61
COV	[754-754]	754	58
COV	[755-755]	755	65
COV	[756-756]	756	53
COV	[757-757]	757	52
COV	[758-758]	758	63
COV	[759-759]	759	51
COV	[760-760]	760	58
COV	[761-761]	761	53
COV	[762-762]	762	70
COV	[763-763]	763	63
COV	[764-764]	764	68
COV	[765-765]	765	55
COV	[766-766]	766	62
COV	[767-767]	767	41
COV	[768-768]	768	66
COV	[769-769]	769	58
COV	[770-770]	770	45
COV	[771-771]	771	54
COV	[772-772]	772	58
COV	[773-773]	773	62
COV	[774-774]	774	53
COV	[775-775]	775	57
COV	[776-776]	776	64
COV	[777-777]	777	51
COV	[778-778]	778	55
COV	[779-779]	779	53
COV	[780-780]	780	46
COV	[781-781]	781	66
COV	[782-782]	782	50
COV	[783-783]	783	53
COV	[784-784]	784	59
COV	[785-785]	785	49
COV	[786-786]	786	48
COV	[787-787]	787	44
COV	[788-788]	788	37
COV	[789-789]	789	49
COV	[790-790]	790	38
COV	[791-791]	791	45
COV	[792-792]	792	35
COV	[793-793]	793	38
COV	[794-794]	794	34
COV	[795-795]	795	43
COV	[796-796]	796	46
COV	[797-797]	797	40
COV	[798-798]	798	44
COV	[799-799]	799	45
COV	[800-800]	800	41
COV	[801-801]	801	41
COV	[802-802]	802	48
COV	[803-803]	803	49
COV	[804-804]	804	41
COV	[805-805]	805	46
COV	[806-806]	806	38
COV	[807-807]	807	43
COV	[808-808]	808	36
COV	[809-809]	809	52
COV	[810-810]	810	43
COV	[811-811]	811	47
COV	[812-812]	812	34
COV	[813-813]	813	43
COV	[814-814]	814	44
COV	[815-815]	815	33
COV	[816-816]	816	43
COV	[817-817]	817	39
COV	[818-818]	818	36
COV	[819-819]	819	46
COV	[820-820]	820	44
COV	[821-821]	821	42
COV	[822-822]	822	49
COV	[823-823]	823	35
COV	[824-824]	824	40
COV	[825-825]	825	51
COV	[826-826]	826	55
COV	[827-827]	827	56
COV	[828-828]	828	34
COV	[829-829]	829	39
COV	[830-830]	830	53
COV	[831-831]	831	47
COV	[832-832]	832	44
COV	[833-833]	833	37
COV	[834-834]	834	42
COV	[835-835]	835	41
COV	[836-836]	836	34
COV	[837-837]	837	43
COV	[838-838]	838	51
COV	[839-839]	839	35
COV	[840-840]	840	44
COV	[841-841]	841	32
COV	[842-842]	842	36
COV	[843-843]	843	34
COV	[844-844]	844	50
COV	[845-845]	845	48
COV	[846-846]	846	42
COV	[847-847]	847	35
COV	[848-848]	848	40
COV	[849-849]	849	38
COV	[850-850]	850	47
COV	[851-851]	851	45
COV	[852-852]	852	48
COV	[853-853]	853	47
COV	[854-854]	854	42
COV	[855-855]	855	48
COV	[856-856]	856	33
COV	[857-857]	857	50
COV	[858-858]	858	34
COV	[859-859]	859	40
COV	[860-860]	860	31
COV	[861-861]	861	39
COV	[862-862]	862	37
COV	[863-863]	863	37
COV	[864-864]	864	33
COV	[865-865]	865	29
COV	[866-866]	866	56
COV	[867-867]	867	34
COV	[868-868]	868	47
COV	[869-869]	869	40
COV	[870-870]	870	43
COV	[871-871]	871	38
COV	[872-872]	872	36
COV	[873-873]	873	42
COV	[874-874]	874	41
COV	[875-875]	875	41
COV	[876-876]	876	46
COV	[877-877]	877	43
COV	[878-878]	878	35
COV	[879-879]	879	36
COV	[880-880]	880	49
COV	[881-881]	881	38
COV	[882-882]	882	51
COV	[883-883]	883	50
COV	[884-884]	884	26
COV	[885-885]	885	36
COV	[886-886]	886	28
COV	[887-887]	887	32
COV	[888-888]	888	31
COV	[889-889]	889	41
COV	[890-890]	890	41
COV	[891-891]	891	28
COV	[892-892]	892	37
COV	[893-893]	893	45
COV	[894-894]	894	35
COV	[895-895]	895	37
COV	[896-896]	896	28
COV	[897-897]	897	43
COV	[898-898]	898	33
COV	[899-899]	899	33
COV	[900-900]	900	40
COV	[901-901]	901	37
COV	[902-902]	902	39
COV	[903-903]	903	38
COV	[904-904]	904	34
COV	[905-905]	905	35
COV	[906-906]	906	59
COV	[907-907]	907	28
COV	[908-908]	908	44
COV	[909-909]	909	30
COV	[910-910]	910	36
COV	[911-911]	911	26
COV	[912-912]	912	32
COV	[913-913]	913	39
COV	[914-914]	914	29
COV	[915-915]	915	28
COV	[916-916]	916	37
COV	[917-917]	917	29
COV	[918-918]	918	31
COV	[919-919]	919	37
COV	[920-920]	920	49
COV	[921-921]	921	35
COV	[922-922]	922	37
COV	[923-923]	923	31
COV	[924-924]	924	37
COV	[925-925]	925	26
COV	[926-926]	926	29
COV	[927-927]	927	37
COV	[928-928]	928	35
COV	[929-929]	929	31
COV	[930-930]	930	41
COV	[931-931]	931	30
COV	[932-932]	932	29
COV	[933-933]	933	23
COV	[934-934]	934	31
COV	[935-935]	935	29
COV	[936-936]	936	28
COV	[937-937]	937	21
COV	[938-938]	938	26
COV	[939-939]	939	28
COV	[940-940]	940	27
COV	[941-941]	941	32
COV	[942-942]	942	26
COV	[943-943]	943	26
COV	[944-944]	944	19
COV	[945-945]	945	26
COV	[946-946]	946	24
COV	[947-947]	947	30
COV	[948-948]	948	28
COV	[949-949]	949	18
COV	[950-950]	950	33
COV	[951-951]	951	30
COV	[952-952]	952	22
COV	[953-953]	953	26
COV	[954-954]	954	26
COV	[955-955]	955	18
COV	[956-956]	956	29
COV	[957-957]	957	39
COV	[958-958]	958	30
COV	[959-959]	959	30
COV	[960-960]	960	31
COV	[961-961]	961	33
COV	[962-962]	962	28
COV	[963-963]	963	26
COV	[964-964]	964	23
COV	[965-965]	965	26
COV	[966-966]	966	28
COV	[967-967]	967	33
COV	[968-968]	968	19
COV	[969-969]	969	23
COV	[970-970]	970	30
COV	[971-971]	971	23
COV	[972-972]	972	27
COV	[973-973]	973	31
COV	[974-974]	974	22
COV	[975-975]	975	28
COV	[976-976]	976	23
COV	[977-977]	977	27
COV	[978-978]	978	28
COV	[979-979]	979	22
COV	[980-980]	980	26
COV	[981-981]	981	16
COV	[982-982]	982	24
COV	[983-983]	983	27
COV	[984-984]	984	17
COV	[985-985]	985	24
COV	[986-986]	986	17
COV	[987-987]	987	20
COV	[988-988]	988	18
COV	[989-989]	989	19
COV	[990-990]	990	38
COV	[991-991]	991	27
COV	[992-992]	992	21
COV	[993-993]	993	10
COV	[994-994]	994	20
COV	[995-995]	995	20
COV	[996-996]	996	21
COV	[997-997]	997	26
COV	[998-998]	998	19
COV	[999-999]	999	13
COV	[1000-1000]	1000	18
COV	[1000<]	1000	8378
# GC-depth. Use `grep ^GCD | cut -f 2-` to extract this part. The columns are: GC%, unique sequence percentiles, 10th, 25th, 50th, 75th and 90th depth percentile
GCD	0.0	0.039	0.005	0.005	0.005	0.005	0.010
GCD	3.0	0.040	4.761	4.761	4.761	4.761	4.761
GCD	8.0	0.041	0.010	0.010	0.057	0.105	0.105
GCD	10.0	0.044	0.015	0.015	0.015	0.020	0.020
GCD	13.0	0.046	0.010	0.010	0.012	0.019	0.020
GCD	14.0	0.047	0.010	0.010	0.010	0.010	0.010
GCD	16.0	0.048	0.440	0.440	0.440	0.440	0.440
GCD	19.0	0.050	0.010	0.010	0.010	0.020	0.020
GCD	20.0	0.052	0.010	0.010	0.015	0.210	0.210
GCD	21.0	0.054	0.010	0.016	0.037	0.242	0.310
GCD	22.0	0.059	0.010	0.020	0.025	13.935	27.140
GCD	23.0	0.063	0.005	0.009	0.037	0.977	1.059
GCD	24.0	0.064	3.882	3.882	3.882	3.882	3.882
GCD	25.0	0.068	0.015	0.015	0.017	0.321	0.355
GCD	26.0	0.073	0.010	0.015	0.020	0.285	0.849
GCD	27.0	0.082	0.015	0.020	0.200	0.475	1.761
GCD	28.0	0.109	0.015	0.035	0.195	0.849	1.974
GCD	29.0	0.171	0.033	0.155	0.240	1.584	2.974
GCD	30.0	0.369	0.101	0.180	0.272	1.821	4.124
GCD	31.0	0.899	0.140	0.190	0.300	2.290	4.987
GCD	32.0	1.948	0.160	0.200	0.255	2.009	4.743
GCD	33.0	3.979	0.160	0.195	0.250	1.719	5.122
GCD	34.0	7.284	0.165	0.200	0.250	1.294	5.129
GCD	35.0	11.802	0.170	0.205	0.255	0.989	4.966
GCD	36.0	17.766	0.170	0.210	0.255	0.405	4.270
GCD	37.0	24.751	0.170	0.210	0.260	0.385	4.212
GCD	38.0	32.212	0.170	0.215	0.265	0.370	3.919
GCD	39.0	39.984	0.170	0.220	0.275	0.385	3.707
GCD	40.0	47.201	0.185	0.235	0.290	0.475	4.223
GCD	41.0	53.578	0.195	0.250	0.310	0.846	4.615
GCD	42.0	59.335	0.215	0.265	0.330	1.074	4.567
GCD	43.0	64.522	0.225	0.275	0.350	1.260	5.126
GCD	44.0	69.016	0.240	0.295	0.370	1.424	4.931
GCD	45.0	72.973	0.245	0.305	0.395	1.659	5.361
GCD	46.0	76.378	0.255	0.320	0.420	1.972	5.852
GCD	47.0	79.360	0.270	0.335	0.450	2.052	5.866
GCD	48.0	81.965	0.280	0.355	0.490	2.232	6.011
GCD	49.0	84.316	0.290	0.375	0.540	2.628	6.637
GCD	50.0	86.443	0.310	0.405	0.645	2.924	6.605
GCD	51.0	88.388	0.325	0.425	0.747	3.064	6.824
GCD	52.0	90.141	0.350	0.455	0.869	3.216	7.060
GCD	53.0	91.673	0.365	0.482	1.024	3.680	7.399
GCD	54.0	93.048	0.380	0.515	1.149	3.767	7.641
GCD	55.0	94.344	0.415	0.580	1.514	4.077	7.641
GCD	56.0	95.477	0.435	0.620	1.749	4.502	8.632
GCD	57.0	96.552	0.480	0.749	1.974	4.462	8.019
GCD	58.0	97.437	0.490	0.824	2.233	4.911	8.717
GCD	59.0	98.196	0.533	1.069	2.473	4.881	8.018
GCD	60.0	98.787	0.576	1.247	2.646	4.865	8.127
GCD	61.0	99.228	0.529	1.067	2.411	4.645	7.820
GCD	62.0	99.564	0.555	1.074	2.286	4.112	6.525
GCD	63.0	99.770	0.647	1.204	2.336	4.234	7.572
GCD	64.0	99.901	0.580	1.047	1.849	3.521	5.490
GCD	65.0	99.963	0.599	1.269	2.063	3.922	6.249
GCD	66.0	99.990	0.734	1.694	2.713	4.449	14.099
GCD	67.0	99.997	0.220	0.505	1.264	2.263	4.680
GCD	68.0	99.999	1.759	1.759	2.026	2.293	2.293
GCD	69.0	99.999	0.784	0.784	0.784	0.784	0.784
GCD	70.0	100.000	0.095	0.095	0.095	0.095	0.095
