# This file was produced by samtools stats (1.23+htslib-1.23) and can be plotted using plot-bamstats
# This file contains statistics for all reads.
# The command line was:  stats data/AFR/ACB/HG01890/aligned/HG01890.bam
# CHK, Checksum	[2]Read Names	[3]Sequences	[4]Qualities
# CHK, CRC32 of reads which passed filtering followed by addition (32bit overflow)
CHK	738f5b51	474f6265	f8ce2532
# Summary Numbers. Use `grep ^SN | cut -f 2-` to extract this part.
SN	raw total sequences:	68728796	# excluding supplementary and secondary reads
SN	filtered sequences:	0
SN	sequences:	68728796
SN	is sorted:	1	# sorted by coordinate
SN	1st fragments:	34364398
SN	last fragments:	34364398
SN	reads mapped:	68666477
SN	reads mapped and paired:	68666014	# paired-end technology bit set + both mates mapped
SN	reads unmapped:	62319
SN	reads properly paired:	68292074	# proper-pair bit set
SN	reads paired:	68728796	# paired-end technology bit set
SN	reads duplicated:	0	# PCR or optical duplicate bit set
SN	reads MQ0:	7083367	# mapped and MQ=0
SN	reads QC failed:	0
SN	non-primary alignments:	0
SN	supplementary alignments:	18952
SN	total length:	6932221788	# ignores clipping
SN	total first fragment length:	3466110894	# ignores clipping
SN	total last fragment length:	3466110894	# ignores clipping
SN	bases mapped:	6925939118	# ignores clipping
SN	bases mapped (cigar):	6916371313	# more accurate
SN	bases trimmed:	0
SN	bases duplicated:	0
SN	mismatches:	23971194	# from NM fields
SN	error rate:	3.465863e-03	# mismatches / bases mapped (cigar)
SN	average length:	101
SN	average first fragment length:	101
SN	average last fragment length:	101
SN	maximum length:	101
SN	maximum first fragment length:	101
SN	maximum last fragment length:	101
SN	average quality:	34.3
SN	insert size average:	182.4
SN	insert size standard deviation:	51.9
SN	inward oriented pairs:	34283768
SN	outward oriented pairs:	10344
SN	pairs with other orientation:	6393
SN	pairs on different chromosomes:	32502
SN	percentage of properly paired reads (%):	99.4
# First Fragment Qualities. Use `grep ^FFQ | cut -f 2-` to extract this part.
# Columns correspond to qualities and rows to cycles. First column is the cycle number.
FFQ	1	0	0	0	0	0	0	0	0	0	0	190953	0	0	0	0	0	256942	0	0	1028	0	0	66768	246572	0	178349	737803	1033020	489750	0	3580984	16526141	0	1924762	9131326	0	0	0	0	0	0	0	0
FFQ	2	0	0	0	0	0	0	0	0	0	0	132862	0	0	0	0	0	264094	0	0	2206	0	0	96325	203079	0	232157	646859	1150513	504541	0	2968529	14898852	0	866160	12398221	0	0	0	0	0	0	0	0
FFQ	3	0	0	15	0	0	0	0	0	0	0	64751	0	0	0	0	0	193456	0	0	1711	0	0	103359	169110	0	204953	577632	1167588	489666	0	2843371	14227301	0	773407	13548078	0	0	0	0	0	0	0	0
FFQ	4	0	0	0	0	0	0	0	0	0	0	62559	0	0	0	0	0	103460	0	0	64044	0	0	92627	0	0	159262	303898	28170	404528	9187	761399	20539	1019718	1622308	0	10940994	0	18771705	0	0	0	0	0
FFQ	5	0	0	2145	0	0	0	0	0	0	0	170357	0	0	0	0	0	172122	0	0	105596	0	0	126640	0	0	243039	394538	35565	492036	9519	910830	24980	1120077	1738847	0	10737194	0	18080913	0	0	0	0	0
FFQ	6	0	0	0	0	0	0	66	0	12829	0	86753	30030	0	0	45	12122	24704	114285	63068	67063	0	10398	8253	114526	95	264505	349925	50762	290342	228681	850489	106622	1283080	1670918	76	10144577	725686	17854498	0	0	0	0	0
FFQ	7	0	0	23	0	0	31	226	0	14193	0	90498	29620	39	0	131	11864	27467	111663	65157	62495	51	12155	9000	114207	159	271979	350039	60666	283882	222688	858023	114968	1291802	1682754	195	10174065	726107	17778251	0	0	0	0	0
FFQ	8	0	0	0	0	0	133	253	4	15272	0	98510	31933	90	4	150	12087	28932	115744	69476	66423	115	13113	9666	119107	117	284225	360648	78671	273213	227779	878153	112381	1307345	1703187	151	10178638	736147	17642731	0	0	0	0	0
FFQ	9	0	0	0	0	0	120	183	41	15360	0	98394	32106	118	6	106	12300	26876	114811	67726	65174	318	12595	9242	114862	212	279363	122131	340512	241371	224315	868009	82126	1150837	1161738	736718	3568445	1892	5732362	2222038	17061991	0	0	0
FFQ	10	0	0	1148	0	0	135	154	59	14276	7	92852	30605	212	22	105	12335	26825	111664	67381	64919	538	12711	9338	116229	442	281469	123712	403102	183507	227095	880252	82325	1153875	1177302	731535	3587843	1782	5745617	2245762	16977263	0	0	0
FFQ	11	0	0	0	0	0	182	133	98	14579	71	92675	29415	236	25	99	12739	26932	111434	66547	62582	598	12817	9621	113914	733	278159	123855	467890	108472	225364	873572	82653	1151541	1171919	729060	3597224	1785	5756315	2275556	16965603	0	0	0
FFQ	12	0	0	6384	0	0	207	135	140	14389	142	91824	29457	277	25	114	12501	26991	107313	66644	62617	575	13320	9977	117343	1119	273746	123028	522031	48460	229964	878088	79346	1147847	1181567	719370	3616061	1848	5781360	2320753	16879435	0	0	0
FFQ	13	0	0	0	0	0	230	137	164	13747	198	86800	27002	347	40	124	12845	26345	112719	67355	62061	613	13276	9929	115350	1868	272523	122566	529051	37053	228636	875502	77422	1141266	1181559	712537	3614954	2103	5780821	2316197	16921058	0	0	0
FFQ	14	0	0	0	0	0	257	169	219	13864	339	86649	26991	356	65	150	2237	33858	109105	68088	62749	694	13464	10031	28789	92254	274576	125669	533661	37376	229028	382957	556361	825083	1200266	810470	663463	2349563	1826073	4618559	2717468	6888957	9774540	0
FFQ	15	0	0	61	0	0	262	232	300	14191	549	87467	26594	414	92	215	2624	34366	108869	68650	63356	804	13739	10101	30225	93252	277333	127616	538333	37974	228557	390998	560526	833527	1207083	821094	671881	2361717	1835006	4639829	2713151	6887255	9676155	0
FFQ	16	0	0	0	0	0	278	274	361	15310	877	92904	28902	504	133	288	3137	35562	109169	70498	67195	923	14511	10280	31987	99206	282751	129956	545574	38840	235714	398379	567302	839766	1221654	826193	682015	2372595	1844361	4659053	2708253	6916869	9512824	0
FFQ	17	0	0	0	0	0	342	342	467	18059	1562	102297	32374	556	158	376	3813	38952	114530	77135	73432	1016	16177	11354	35735	110414	292869	134383	568806	40675	247281	416536	583815	861686	1251676	847062	698568	2391800	1860019	4703653	2713791	6882403	9230284	0
FFQ	18	0	0	0	0	0	375	407	592	19037	2103	104281	31912	713	234	428	4709	40258	115145	78657	73829	1097	16925	11923	38303	116289	292077	136152	570756	41502	250466	425005	587841	867626	1263335	862672	710668	2410721	1880699	4741279	2732380	6897662	9036340	0
FFQ	19	0	0	17520	0	0	435	572	905	28564	3949	138546	43519	830	331	484	5917	39644	11151	206064	78664	1213	18229	12574	41765	125803	293590	138286	578325	42588	253900	433692	592171	859486	769644	1374955	722362	2062443	1925002	3921559	3463870	7184374	8971472	0
FFQ	20	0	0	0	0	0	446	606	941	23408	4453	112880	34265	906	364	568	7321	42486	16431	215066	80083	1505	19089	13060	46029	137119	293327	142190	603187	44312	262666	453075	605965	885156	787534	1404424	742635	2087205	1941932	3979753	3510543	7135840	8727628	0
FFQ	21	0	0	0	0	0	472	758	1151	25713	6294	115365	34316	1042	467	713	8496	44548	18185	192086	82394	1673	20684	13906	51182	151059	288489	143895	592647	45686	268549	468809	611951	876564	798491	1422805	763324	2104434	1972871	4025339	3584524	7088354	8537162	0
FFQ	22	0	0	2	0	0	490	862	1336	26376	7986	107437	31198	1085	542	853	10032	45869	22481	177736	80534	1786	21590	14296	56077	159948	278685	146106	578186	46458	268859	487440	613375	865609	808514	1428268	787144	2115999	2002633	4080670	3679648	7051739	8356549	0
FFQ	23	0	0	2	0	0	593	1023	1692	31904	11778	116573	32624	1215	705	1144	12186	50215	28912	174973	85286	2057	23676	15286	63129	183105	269940	151277	576246	48705	277401	510225	623366	849817	825152	1433069	813953	2128596	2007348	4133632	3733477	6999193	8144923	0
FFQ	24	0	0	3	0	0	589	1215	2019	33646	14950	109835	29015	1418	913	1315	14414	53543	36437	165510	85555	2322	25420	16036	69543	202828	259329	152977	575289	50951	280584	538040	630577	843347	835418	1443719	843825	2140489	2016228	4206714	3660282	6760870	8259233	0
FFQ	25	0	0	7	0	0	612	1479	2479	37565	19754	108927	25833	1643	1062	1579	17040	57945	42528	154307	88115	2691	27863	16777	75909	230981	246543	157020	568047	53074	286916	568723	640228	829420	852509	1451847	877207	2150011	2031584	4272309	3666502	6787665	8009697	0
FFQ	26	0	0	9	0	0	944	2292	3993	57591	35800	149119	31942	1841	1444	1976	21294	66948	53821	150810	93254	2997	30044	17740	82742	260005	230478	159030	552499	53943	291502	600326	642970	801200	866136	1451111	915414	2158988	2036429	4326778	3630143	6844826	7736019	0
FFQ	27	0	0	829	0	0	1086	2718	4991	66940	47074	149945	26727	2216	2035	2400	26681	78020	68696	143926	94251	3662	32861	19351	88788	288639	226154	161516	554383	56628	294137	644750	649687	790168	881346	1456044	957161	2161326	2038457	4379774	3584203	6910240	7466588	0
FFQ	28	0	0	389	0	0	849	2533	4853	58791	48027	114729	16476	2482	2392	2606	29538	84587	77292	114904	77203	4598	31398	18057	88656	277033	223334	151906	510830	53096	249701	699779	602089	753741	845905	1406382	977111	2055857	2068111	4215483	3744711	6747615	8001354	0
FFQ	29	0	0	32	0	0	1067	3072	5685	66557	59695	106920	11153	2857	2760	3096	33492	90795	74938	102407	79222	4971	33869	19142	90365	301091	217862	153306	484779	55523	255892	736547	609476	697473	862863	1385892	1026376	2042192	2042666	4263867	3594800	6824789	8016909	0
FFQ	30	0	0	37	0	0	1006	3490	6628	71609	73186	93838	6068	3260	3240	3644	37623	98404	69850	93788	79396	5560	34799	20547	93556	317193	220488	156488	458346	58113	260191	777077	612290	651655	879203	1366581	1083824	2018391	2026408	4327075	3461002	6900186	7990358	0
FFQ	31	0	0	47	0	0	1118	4240	8005	78854	88713	80622	3161	3490	3909	4411	42533	106341	61369	90293	82952	6103	38025	22058	95292	332714	230065	160358	434494	62431	266536	816153	618942	606010	904883	1351149	1147415	1998488	2009632	4404958	3319422	6944407	7934805	0
FFQ	32	0	0	48	0	0	1118	4846	9696	83905	105426	64710	1678	4075	4558	5161	48719	114583	50559	89578	84068	6965	41189	23792	97274	340775	247341	164281	413669	66381	270556	868111	628735	563114	929830	1340052	1220674	1968342	2003483	4490225	3193794	6952714	7859416	0
FFQ	33	0	0	48	0	0	1224	5619	11339	88722	121414	47741	1246	4526	5373	6144	54722	121495	39854	90764	86402	7951	44841	26149	99263	348452	263986	169699	395655	72337	276720	913365	640828	525780	963848	1329426	1302725	1940121	2010518	4575807	3082481	6958063	7727909	0
FFQ	34	0	0	47	0	0	1284	6458	13479	94393	139073	33173	1244	5323	6211	7443	61409	126889	29899	93474	89310	9020	48861	28332	101962	358039	276826	175483	383386	78578	283353	953135	655831	494030	1000690	1318482	1389317	1899588	2025919	4668642	2986823	6938411	7577969	0
FFQ	35	0	0	49	0	0	1374	7455	15533	95137	148821	20234	1375	6098	7497	8515	68668	127443	22084	93812	90700	10242	51476	31567	105674	361954	288352	182351	369961	86046	287995	985198	667614	470217	1042187	1306537	1479019	1833103	2062926	4745449	2914295	6924237	7439867	0
FFQ	36	0	0	48	0	0	1653	9035	18987	103123	168984	11879	1693	7054	8957	10243	77864	128366	17239	98051	95735	11964	56559	34848	110959	376165	294037	192576	366337	94715	296762	1019236	684871	458460	1090772	1291551	1569646	1777801	2073489	4798202	2846241	6881580	7274681	0
FFQ	37	0	0	50	0	0	1721	9904	20947	99772	168791	5542	1880	7908	10472	11858	84650	122682	14790	97270	94615	13729	60798	38444	115515	379376	293865	197881	361240	104980	299940	1034549	696324	453447	1136288	1276580	1667140	1718924	2102457	4848944	2820735	6871006	7114696	0
FFQ	38	0	0	57	0	0	1902	11629	24587	101358	174560	2915	2072	8897	12375	13941	93665	115149	14623	99483	97972	15955	65260	42332	121468	387985	286964	208498	363198	116607	308209	1043977	712859	458709	1193158	1256926	1756319	1662715	2116949	4877984	2806190	6822317	6959330	0
FFQ	39	0	0	58	0	0	2079	12840	28403	102224	177554	1940	2507	10127	14487	16378	101626	105555	15656	100015	100189	18251	64398	46042	133383	393679	275985	217632	365274	129589	312969	1042883	727013	466759	1243521	1237253	1833212	1610070	2133706	4707892	2996110	6798464	6812846	0
FFQ	40	0	0	64	0	0	2252	15454	33258	105950	183240	1803	2953	11349	17026	19355	111557	96577	18036	103318	103601	20692	68524	51748	143582	406561	266322	229613	369469	145436	321664	1047614	741244	479874	1298545	1220098	1900182	1564099	2148821	4719076	2977259	6748822	6663036	0
FFQ	41	0	0	80	0	0	2425	17067	37240	105402	181043	1889	3366	12970	19840	21874	119155	85719	20107	102726	104250	23753	71859	56381	153133	411098	252013	240486	371681	161888	326323	1044238	756090	491694	1358276	1202092	1955291	1535496	2168163	4732148	2980531	6711235	6518604	0
FFQ	42	0	0	77	0	0	2739	19285	42550	106548	182784	2086	3973	14416	22688	25325	126544	75766	22681	105248	107198	26759	75198	62561	165276	421359	237355	254408	377345	181821	335989	1037463	776181	509052	1410137	1193284	1994922	1521149	2184000	4737717	2968266	6654488	6372586	0
FFQ	43	0	0	140	0	0	2069	15839	37626	90181	154304	2230	4408	15430	26523	26217	133222	63473	21218	92557	90125	30838	72555	67110	172579	397893	229359	253862	335766	199664	295381	1054233	742705	487954	1443721	1105516	2033428	1393042	2242771	4528853	3180186	6533799	6780071	0
FFQ	44	0	0	84	0	0	2251	17092	41278	89303	150571	2111	4542	15519	27270	28405	128142	51595	22890	92371	92005	31443	72673	68759	176542	391318	197015	258706	336848	211706	306434	988242	751924	500756	1454346	1097550	2018159	1420770	2215735	4498124	3075387	6550692	6967972	0
FFQ	45	0	0	270	0	0	2459	19799	48569	97329	160663	2177	4808	16339	30535	30831	126841	42557	25608	93410	97788	41909	67557	72786	188046	399342	179105	269987	346391	229352	321647	944021	768102	518680	1470111	1104868	2007234	1455476	2193077	4450072	2919345	6584838	7024263	0
FFQ	46	0	0	762	0	0	2539	20536	51381	93750	149399	2416	5333	17824	34587	34461	127716	35176	27596	92225	96474	46027	68560	78897	200233	399475	162821	281974	342403	253943	325970	927541	781237	533792	1497996	1119792	2009672	1483491	2206630	4414313	2894512	6536141	6998260	0
FFQ	47	0	0	151	0	0	2492	20887	52790	89427	136911	2489	5787	18302	36805	36042	119626	28554	28516	89860	93878	49322	67457	83995	209721	389942	141497	290536	334944	277553	330924	890762	790144	548129	1505729	1139293	2013905	1511965	2231058	4368665	2906161	6508301	7003024	0
FFQ	48	0	0	137	0	0	2707	21763	56779	89556	131282	2626	6243	19163	40114	39023	113401	24294	30315	91309	94539	52817	68573	90128	223571	384291	122457	305622	334029	304138	339595	859771	811151	566232	1513431	1174236	2013595	1549212	2242517	4326646	2910977	6451843	6947172	0
FFQ	49	0	0	156	0	0	2700	23123	60499	91813	124465	2942	6975	20554	44291	42367	106056	21734	31695	92573	95221	57679	68907	97176	219369	393449	103772	319443	340376	333103	349142	832239	831954	588852	1515187	1219510	1984421	1607265	2278157	3912733	3290699	6380145	6864245	0
FFQ	50	0	0	176	0	0	3077	24873	65921	96524	121429	3136	7752	21495	50004	46234	99966	20470	33572	95326	97325	62701	70902	105483	234734	390369	90137	339672	340107	367068	360913	808923	855857	611455	1515005	1277578	2001686	1645046	2290323	3873566	3279277	6302542	6744096	0
FFQ	51	0	0	199	0	0	3475	26761	71465	102784	116906	3337	8693	22787	55439	49532	92128	20297	35673	98507	98585	69275	72289	115881	249921	386076	78636	357901	339844	401545	374950	787583	881379	636981	1514504	1349293	2014853	1691697	2311440	3829319	3280545	6209000	6595013	0
FFQ	52	0	0	220	0	0	3726	28722	77564	109885	112430	3747	10022	24620	62485	53998	84600	20645	37846	102909	101019	75652	74968	126821	267588	383664	70448	382014	342475	443239	390822	769624	919183	664781	1513691	1427244	2036864	1740804	2330512	3785468	3285576	6092689	6395650	0
FFQ	53	0	0	275	0	0	4171	30349	82384	115661	104563	4218	11048	26105	68921	56680	76712	20556	38710	106593	101017	83155	77709	137445	282695	375514	62913	404858	340766	486159	406302	750787	950971	695107	1514685	1512775	2065515	1787572	2361174	3744960	3296070	5970312	6198552	0
FFQ	54	0	0	310	0	0	4666	32809	90528	127756	101462	4649	12455	27559	75962	59497	69178	21371	40824	113540	104986	90654	80219	150248	298574	366067	58362	431573	342189	529833	426388	730268	988898	726430	1511034	1604530	2090223	1839043	2381484	3694734	3300228	5835814	5989348	0
FFQ	55	0	0	365	0	0	4981	33359	93645	132767	89078	5168	13739	27362	83318	63366	61970	20591	42404	116666	103019	96079	85234	163097	310906	243949	165188	454504	333872	575339	441022	710713	1024630	758146	1493102	1708905	2125459	1895475	2288299	3767048	3315069	5711189	5794394	0
FFQ	56	0	0	440	0	0	5508	34398	97527	140784	79165	5620	14839	28064	88531	64444	53013	20852	43970	122322	103834	102920	88439	175949	320486	226770	168370	479487	330283	616932	461439	691390	1063518	794467	1485346	1809430	2162421	1953828	2302846	3708912	3322644	5579984	5603930	0
FFQ	57	0	0	534	0	0	6103	36778	106200	156882	73315	6165	16497	28734	96472	65054	46836	22007	45943	130566	106945	112404	91968	191107	330321	211555	173882	510050	331075	660673	485032	673079	1110338	832610	1475931	1909338	2207443	2014127	2315921	3645700	3313362	5415029	5396818	0
FFQ	58	0	0	654	0	0	6651	37343	109721	163706	62451	6836	18581	30015	103905	65621	41309	21831	47302	135577	104863	121887	96061	206724	340687	197280	178694	539797	324692	705357	504053	665269	1151635	872089	1468801	2012715	2260606	2074392	2340119	3576850	3323173	5255692	5179557	0
FFQ	59	0	0	806	0	0	7260	39123	115742	175858	53914	7582	20163	30712	110821	62376	37111	21884	48193	144922	104202	120613	95751	236152	327040	177255	178146	596599	320084	741931	528135	656738	1194567	908656	1457236	2115361	2324610	2137972	2350903	3499043	3292585	5090786	5021363	0
FFQ	60	0	0	976	0	0	8090	39887	122797	186456	44877	8470	21765	31496	117637	61033	33397	22538	50202	153857	103813	130477	99223	254401	327755	166501	186195	633358	316469	779057	553876	652002	1239405	951520	1450242	2224718	2393992	2205946	2355883	3422880	3295739	4914612	4790345	0
FFQ	61	0	0	1192	0	0	8556	39228	123929	187823	34838	9411	23816	31035	122275	58524	30349	22229	50550	158598	99409	138766	102666	270501	321913	156425	191198	663807	308930	807044	578030	654426	1280617	991283	1443204	2332180	2481515	2275378	2375050	3335632	3314942	4737578	4588721	0
FFQ	62	0	0	5852	0	0	9292	39239	130388	196069	27356	10218	25569	31142	125888	55494	28063	22319	52737	167709	99255	146479	105793	288201	312979	148450	199850	697915	305518	829072	609347	661225	1324866	1036745	1437730	2441183	2578655	2349911	2384010	3245713	3318880	4546212	4355878	0
FFQ	63	0	0	14323	0	0	10302	40258	139245	206891	21329	11285	27469	31811	130280	52769	27361	22791	55153	179841	98265	156190	109812	306990	305296	144150	210937	736212	303594	846919	642313	676498	1369296	1083827	1439453	2549667	2683317	2424981	2384762	3148640	3315808	4333563	4109204	0
FFQ	64	0	0	26609	0	0	11112	41060	148296	215639	15472	12514	30305	32286	135794	51149	27670	23209	57505	189685	96155	167143	115047	328509	299197	142591	220531	774007	300040	864281	673846	702478	1419273	1131876	1439447	2655352	2803210	2496792	2390819	3038174	3309990	4111658	3851663	0
FFQ	65	0	0	43114	0	0	12174	41708	156611	219869	10953	13647	32354	32858	139699	47926	24184	27437	59759	178263	117116	177902	119533	327784	307158	142620	231244	804780	267166	871972	747981	731591	1459003	1180194	1448606	2765726	2926422	2574088	2398851	2916037	3310120	3887022	3596483	0
FFQ	66	0	0	63629	0	0	12741	40916	162499	218331	7067	15219	34295	32722	141308	45254	24954	27284	61033	185021	114095	187176	122884	341649	295091	142427	240645	839583	261993	872492	783136	765975	1495682	1226585	1459533	2869936	3077365	2645553	2409568	2783565	3318996	3662572	3360715	0
FFQ	67	0	0	87963	0	0	13888	39790	165783	213073	4450	16356	36685	32606	141188	41831	25552	27504	63170	190783	110931	195795	125724	353429	281161	143873	248676	866101	258660	860657	819772	803702	1523264	1271956	1471875	2971106	3244896	2719553	2427055	2640608	3325705	3438333	3145534	0
FFQ	68	0	0	115533	0	0	14607	38318	171168	207389	2484	17585	37695	32286	138288	38841	26636	27504	64166	197275	107567	204173	127672	361428	268715	145951	258860	894499	255897	841065	855548	845259	1547599	1314326	1499635	3078622	3425965	2795312	2445871	2494703	3315925	3208556	2925479	0
FFQ	69	0	0	146999	0	0	15827	38201	181588	206953	1412	19277	40083	32336	139666	36941	28329	28215	66538	208102	106433	214572	131190	371019	258662	150085	272117	927334	256024	821590	898098	888579	1571431	1359845	1528127	3187059	3604313	2859836	2458380	2342434	3287370	2969943	2692834	0
FFQ	70	0	0	181964	0	0	16817	38264	192682	205638	794	20762	41949	32835	138073	34847	29912	28841	69369	217964	104536	225365	134197	345239	222831	214456	287307	956607	260952	796884	946749	935771	1596448	1402757	1569668	3303643	3790157	2921153	2478686	2190471	3243716	2723585	2445142	0
FFQ	71	0	0	220093	0	0	17993	37722	202616	201492	436	22584	44908	34018	138291	33537	31883	29375	71953	228645	103382	237530	136768	349267	214478	223745	303237	987834	265684	772795	992120	983434	1616742	1450901	1619624	3424107	3977011	2981163	2491193	2031582	3197984	2476033	2193986	0
FFQ	72	0	0	262455	0	0	19546	37510	214636	197196	214	25125	46993	34248	136351	31144	34412	30336	74667	238358	102286	251094	141179	352005	209901	234411	320104	1018846	272855	751990	1041566	1035375	1636346	1496601	1669483	3548312	4167138	3026579	2501426	1863896	3146693	2222031	1951866	0
FFQ	73	0	0	307727	0	0	21125	37232	229158	194054	156	27255	50017	35734	135468	29880	37003	30595	78499	249870	100968	264699	144275	351719	206021	245251	337934	1049181	281915	727424	1096474	1082784	1657289	1538603	1722852	3676632	4359306	3065161	2515600	1696917	3068367	1973426	1717516	0
FFQ	74	0	0	355566	0	0	22980	36853	242266	187960	109	30057	53141	36900	132477	28381	39235	31215	81349	262453	100259	278586	147030	346236	204409	256731	357671	1079222	292573	697645	1148233	1130607	1678776	1585184	1784803	3816620	4548636	3092047	2529371	1537588	2970061	1731918	1487647	0
FFQ	75	0	0	405901	0	0	25020	37015	258278	183548	95	32640	54651	38491	130667	26879	42543	31854	83964	273111	99208	293300	149537	338458	205156	267427	377188	1023857	381857	666594	1198702	1172839	1699448	1628559	1852595	3961865	4744324	3111468	2536440	1378517	2858279	1498805	1272101	0
FFQ	76	0	0	459526	0	0	22177	31531	247649	170720	88	54956	89785	50975	211854	23248	61611	25630	103357	255558	126793	490185	232838	517716	310199	397913	495435	1578635	531221	1161665	1673739	1954443	2512962	2356790	1985485	4741879	3122170	2856918	1363931	989742	2264153	635361	230471	0
FFQ	77	0	0	492103	0	0	24205	30902	250711	152068	60	43877	68315	41779	145185	21358	52105	27997	91519	255123	105931	384269	176482	367660	249234	332853	429796	1266893	482981	786368	1523525	1629926	2176804	2219622	2174756	5042467	3824183	3169466	1626691	954939	2714874	779901	220112	0
FFQ	78	0	0	529894	0	0	24830	28550	247218	134460	53	40272	59691	38722	114862	20020	49905	28761	88562	261499	96410	344405	154051	299114	222599	305779	417783	1106269	447745	604206	1411491	1400286	1898897	1947111	2152228	4797678	4879314	3224052	2180203	875127	2614962	879268	408110	0
FFQ	79	0	0	575490	0	0	25954	27112	252616	122993	30	39623	56436	38051	99678	19460	49958	29719	87963	267959	92507	333440	143807	262883	215895	300754	426602	1037665	443590	514191	1379949	1308195	1792544	1831112	2144020	4703050	5599944	3199526	2467410	772722	2410580	741180	516681	0
FFQ	80	0	0	626852	0	0	26851	26037	257960	112520	21	41685	55910	38520	90313	18746	51417	30420	89653	272936	92174	336534	140201	238125	216348	303242	443555	1004949	454884	460643	1386198	1278872	1757023	1796180	2169482	4747574	6073379	3168477	2571071	655851	2218754	590774	483348	0
FFQ	81	0	0	683797	0	0	26763	23598	258688	100680	21	42905	55795	38914	83266	17427	52885	30105	90417	274429	92774	341486	136347	215089	219940	308138	459097	980334	468023	419212	1403923	1268007	1752550	1795369	2209653	4861937	6445443	3146652	2587214	547135	2026795	459293	398950	0
FFQ	82	0	0	747355	0	0	27829	22831	267753	93271	29	44948	55806	39697	75758	16736	54343	30917	92219	280326	95725	350492	133938	195922	224710	314778	482069	966193	486086	381592	1433583	1263926	1767353	1811563	2251701	4995612	6753678	3100724	2546228	451839	1807569	344854	307687	0
FFQ	83	0	0	817100	0	0	29044	21819	275496	84311	28	47345	56163	40989	69980	15854	57134	31403	95083	285224	98868	360842	131202	177818	231414	323953	504506	951350	502877	348689	1469458	1262476	1790132	1835067	2289680	5150522	7025695	3045104	2459409	366093	1582130	252171	225265	0
FFQ	84	0	0	893247	0	0	30528	21169	288998	78404	19	50877	57348	42352	65365	15658	60116	31974	98295	293770	103770	373533	129108	161400	240459	336201	535997	941714	524746	323439	1510811	1267571	1823977	1870009	2329963	5318291	7222227	2962800	2328012	293470	1345103	177121	156648	0
FFQ	85	0	0	977422	0	0	31866	20545	300145	72104	30	55425	59682	44940	61517	14880	63977	32892	102861	301892	111983	393772	128403	147713	250350	348778	569715	936336	548728	300758	1558933	1269949	1858658	1910013	2352468	5476493	7385293	2869760	2168030	228213	1117958	118665	104878	0
FFQ	86	0	0	1067973	0	0	32188	18309	298806	62761	32	58307	59866	44755	55230	13857	65696	33018	104576	300952	118712	403772	123543	130791	258872	358633	595774	912826	568693	277722	1596366	1268413	1892383	1945315	2379604	5638902	7583564	2783605	2002163	174766	910455	77110	67625	0
FFQ	87	0	0	1167868	0	0	33335	17453	305008	56767	26	60877	58602	45988	49667	13242	67712	33608	106398	304733	125077	412927	118267	114859	265642	367574	625031	886674	588940	255571	1626365	1266568	1918641	1980411	2399531	5792384	7766438	2684119	1818236	131221	718908	48089	41797	0
FFQ	88	0	0	1278997	0	0	34191	16554	314556	50469	31	63288	58824	46695	44054	12367	70502	34841	109149	310669	132674	420914	113409	100955	274904	377654	656238	856832	611913	235411	1658593	1264219	1948138	2013863	2415920	5939725	7905730	2567578	1622241	97071	548955	28775	24716	0
FFQ	89	0	0	1397006	0	0	34384	15017	311156	44092	30	65307	58317	46109	38144	11601	71371	34599	110672	310029	138289	423493	104987	87503	280429	386338	682579	816650	632765	217253	1680306	1259571	1967823	2049667	2432089	6078101	8070059	2450665	1430404	70361	408772	16939	14168	0
FFQ	90	0	0	1528490	0	0	33778	13862	310254	37877	29	66764	56544	45893	32611	10972	72655	35130	111286	309631	144446	425287	96847	74361	284480	392434	709240	770603	650512	200423	1695726	1254522	1978098	2075460	2440514	6200118	8234652	2335083	1241301	49645	293399	9799	7915	0
FFQ	91	0	0	1679248	0	0	33846	12543	307477	32788	20	67302	53630	44885	27070	10123	72511	34962	111728	311614	150646	422934	87443	64241	288969	397510	734472	723964	666330	184378	1708071	1248594	1989024	2099385	2448994	6307513	8382838	2206783	1052475	34531	202805	5729	4453	0
FFQ	92	0	0	1853528	0	0	33789	11355	307507	28748	30	67573	51686	44156	22397	9511	74045	35889	113071	314469	157834	422808	79079	55584	295385	405227	765310	682767	686098	170543	1727248	1251557	2005081	2131378	2445217	6412359	8435293	2062955	868989	22891	133442	3391	2645	0
FFQ	93	0	0	2055966	0	0	33536	10428	305477	24770	22	68692	50025	43532	18592	8827	74661	36663	114931	320218	165945	423158	70702	48949	303620	414025	801982	643164	709174	158763	1750637	1254116	2026151	2163811	2438425	6498573	8428571	1901821	696866	14757	83997	2321	1613	0
FFQ	94	0	0	2291982	0	0	31550	9035	291068	21249	26	67474	45605	41538	14634	8004	75392	36618	114717	317472	172717	416890	61688	42126	307583	418535	827632	598087	723980	147483	1762816	1257583	2042845	2192402	2427821	6567659	8436720	1757038	550387	9246	51368	1687	1137	0
FFQ	95	0	0	2568966	0	0	28841	7459	269667	17356	15	64334	41297	14947	33924	6894	73419	35814	112370	312278	176533	403789	52262	37164	308295	420019	847160	546677	736457	134995	1762579	1261934	2050969	2215540	2418692	6622869	8447202	1616492	427857	5528	30636	1196	773	0
FFQ	96	0	0	2903515	0	0	24619	5883	235871	14133	22	58878	35730	12334	29227	5829	70239	35092	108638	304100	179850	384491	43462	32244	306049	418915	862381	495598	742805	122240	1759924	1262931	2054729	2232223	2408768	6657167	8444063	1480099	327500	3411	17707	829	575	0
FFQ	97	0	0	3301412	0	0	18777	4009	189836	10136	16	49171	27794	9343	23178	4470	65487	34097	103170	292621	176651	357135	34368	28853	299732	409895	866653	442212	743894	110494	1740590	1265205	2056683	2242892	2400220	6692774	8434821	1350539	247492	2079	10448	623	415	0
FFQ	98	0	0	3783610	0	0	10340	2050	123735	5813	11	33690	18103	5860	15278	2973	60331	33861	96353	285489	172997	329888	26922	26335	295607	404975	876098	395553	748339	98730	1730575	1269075	2070937	2258031	2381759	6707696	8331333	1216058	183785	1378	6351	462	293	0
FFQ	99	0	0	4330121	0	0	2384	447	39868	1537	3	11498	5865	1844	6159	1256	54035	32875	86739	275519	159907	289104	20126	24814	283163	393047	863026	343705	746001	87986	1708361	1272543	2076073	2265965	2368037	6715821	8257431	1100867	138260	915	4245	334	187	0
FFQ	100	0	0	4931734	0	0	0	0	7	11	0	2	1	1	320	84	52193	33169	77549	267409	145094	252269	14546	23310	260824	364327	808181	280823	708970	74269	1609753	1267089	2068930	2264644	2358008	6705534	8238278	1006357	108194	667	2982	234	132	0
FFQ	101	0	0	5884699	0	0	0	0	0	0	0	0	0	0	0	0	137757	116279	195501	923404	350955	565034	33814	74804	519094	707531	1764120	523502	1258948	129359	2593792	1588798	2670974	2604596	1795424	5908440	3219232	282176	28317	262	815	59	11	0
# Last Fragment Qualities. Use `grep ^LFQ | cut -f 2-` to extract this part.
# Columns correspond to qualities and rows to cycles. First column is the cycle number.
LFQ	1	0	0	3743	0	0	0	0	0	0	0	510983	0	0	0	0	0	435107	0	0	433	0	0	62727	431909	0	376801	974745	1053469	796569	0	3386834	13729504	0	4068736	8532838	0	0	0	0	0	0	0	0
LFQ	2	0	0	713	0	0	0	0	0	0	0	497086	0	0	0	0	0	560600	0	0	1346	0	0	120782	377374	0	414329	903213	1280923	720380	0	2757842	12976303	0	2588202	11165305	0	0	0	0	0	0	0	0
LFQ	3	0	0	35	0	0	0	0	0	0	0	391279	0	0	0	0	0	561768	0	0	1005	0	0	142877	358801	0	465141	868525	1324953	776730	0	2674730	12495717	0	2374783	11928054	0	0	0	0	0	0	0	0
LFQ	4	0	0	94	0	0	0	0	0	0	0	395706	0	0	0	0	0	204293	0	0	294738	0	0	114766	0	0	348256	433118	26564	689996	0	982171	17656	1363073	2021236	0	9923560	0	17549171	0	0	0	0	0
LFQ	5	0	0	312832	0	0	0	0	0	0	0	333584	0	0	0	0	0	200283	0	0	277262	0	0	117378	0	0	334005	423960	27966	687921	0	969483	19281	1358185	1994394	0	9872880	0	17434984	0	0	0	0	0
LFQ	6	0	0	0	0	0	0	185	0	48444	0	298163	90635	0	0	72	28342	40930	528313	96062	104865	0	14041	10395	142113	127	349822	398560	58324	427244	234077	933258	136556	1441881	1818425	9	8923305	943836	17296414	0	0	0	0	0
LFQ	7	0	0	0	0	0	86	454	0	42340	0	254010	73269	47	0	140	29942	40362	293114	90171	80351	60	14762	10638	136263	183	347247	390948	71733	535378	228737	930213	145528	1586952	1826265	15	8981547	931988	17321655	0	0	0	0	0
LFQ	8	0	0	0	0	0	197	451	8	42194	0	274215	76776	96	0	174	27925	44385	247412	92452	82857	136	15616	11441	137693	117	361014	401723	98310	418137	229984	954510	139194	1502308	1886260	27	9106410	942420	17269956	0	0	0	0	0
LFQ	9	0	0	363768	0	0	267	339	110	38930	2	242186	72864	132	22	145	27250	41182	235552	91652	83280	364	15400	11453	136036	247	352182	145744	418118	329875	234749	944500	101030	1309271	1181965	860754	3368986	0	5509868	2199288	16046887	0	0	0
LFQ	10	0	0	0	0	0	280	369	208	36589	22	330837	67738	247	37	132	26065	53109	497620	111201	88655	634	15358	16077	135488	458	354554	151965	493050	245490	236189	956155	101191	1300754	1195415	841075	3382467	1	5497358	2221612	16005998	0	0	0
LFQ	11	0	0	0	0	0	418	380	342	45211	178	275687	80392	377	30	177	28456	42598	328091	102341	90723	749	16770	12383	147728	891	360787	146660	727010	135365	250609	965417	103618	1420260	1204062	839538	3394073	78	5500590	2254729	15887680	0	0	0
LFQ	12	0	0	0	0	0	514	417	415	39831	391	246065	69205	422	56	198	28405	42145	246438	93853	84297	833	16365	11703	141360	1479	360935	147581	729324	56185	241938	970655	102493	1389127	1208729	917286	3471522	203	5602507	2272824	15868697	0	0	0
LFQ	13	0	0	0	0	0	555	398	552	40739	744	248405	71724	540	103	205	27212	45437	222693	99422	89761	876	17628	13128	150617	2634	363032	154505	719154	43205	249345	992966	99839	1352099	1230657	879554	3491704	347	5674247	2291262	15789109	0	0	0
LFQ	14	0	0	0	0	0	558	426	622	36463	1092	222264	62040	601	116	248	3754	60053	218331	94207	82278	887	17419	14308	39914	109033	355325	154769	701361	45173	245853	446001	605839	1002263	1255786	981500	665777	2220391	1820666	4790122	2934700	6084714	9089544	0
LFQ	15	0	0	63	0	0	690	649	908	43920	1996	251276	74564	709	146	386	4611	58572	214782	103529	91225	961	18290	13140	42591	118564	364397	154157	702574	42474	254553	454456	617360	989647	1267403	968150	673852	2216037	1806020	4798924	2914382	6101033	8997407	0
LFQ	16	0	0	38371	0	0	844	756	1258	57077	3418	308111	93627	861	299	508	5691	65064	239554	112481	100538	1185	19915	13903	46040	128688	373624	157626	724499	43921	263518	463093	624014	993776	1279536	966109	678650	2207607	1795286	4780898	2883823	6060852	8829377	0
LFQ	17	0	0	227	0	0	829	808	1345	47606	4251	257593	76768	1061	409	617	7091	65107	275288	113794	98510	1337	20303	14229	48644	132291	369242	156449	756383	43952	265285	472532	626725	1035228	1285764	1003009	689236	2228710	1816782	4802094	2891238	6083284	8670377	0
LFQ	18	0	0	418	0	0	912	923	1590	48888	5936	249180	72922	1092	514	663	7986	63517	238840	102365	91722	1611	20417	13828	51984	129769	365444	155342	734877	43833	258466	483924	619846	1023877	1282283	1006083	699409	2240312	1838157	4841763	2917565	6137805	8610335	0
LFQ	19	0	0	1730	0	0	926	1031	1907	52452	8296	256911	75567	1249	612	808	9545	59217	21503	316720	97106	1594	21815	14855	56417	144399	360785	159266	720591	45944	268512	494679	629301	1001525	809501	1475581	715558	1971384	1785674	4001932	3584722	6427559	8767224	0
LFQ	20	0	0	598192	0	0	1020	1239	2322	54659	10995	245265	69349	1298	721	997	11207	61611	26834	295202	94343	1768	22479	15100	60275	151418	347259	157902	690076	46346	264569	498168	617624	961817	801271	1440540	716158	1941122	1752115	3971892	3565058	6329434	8536753	0
LFQ	21	0	0	179	0	0	1028	1423	3464	65733	14774	324850	66578	2590	1002	1291	19759	100075	123459	647682	105136	2168	23998	16248	65213	165019	337622	159302	685920	47519	268649	514965	622187	955519	808700	1450618	732918	1948048	1770868	4011866	3626389	6314798	8356841	0
LFQ	22	0	0	1	0	0	1127	1746	3855	71033	20512	291132	66412	2206	1151	1432	19619	90489	104524	374223	100977	2758	26041	17517	76351	188503	354581	162362	841043	49558	280187	551327	634853	1086243	824635	1472866	756560	1959622	1792829	4056521	3687222	6285895	8106485	0
LFQ	23	0	0	2	0	0	1332	2339	5159	91595	34109	344407	83364	2294	1492	1850	22040	97224	93499	293338	112918	2878	29793	18966	95561	222317	343506	174035	752086	52153	286619	597201	645269	1023880	844902	1564982	783743	1988940	1883784	4089550	3738309	6223954	7815008	0
LFQ	24	0	0	5	0	0	1240	2639	5460	90539	40992	285688	71109	2630	2005	2170	26817	107085	103692	274905	103758	3310	30856	20016	100933	237086	328007	178163	723059	55425	284046	631486	651967	989057	863484	1559443	822396	2015017	1931870	4209472	3653265	5798663	8156643	0
LFQ	25	0	0	10	0	0	1343	3021	6113	97559	48491	254574	52276	2847	2307	2530	31335	116458	103167	243603	108609	3716	34000	23208	112937	270962	312477	188123	705568	62670	293943	672130	665720	953835	886012	1560378	857567	2026168	1934270	4279125	3687434	5898136	7861776	0
LFQ	26	0	0	16	0	0	1417	3304	6563	92963	59453	215582	40416	2902	2741	2892	34773	110540	98144	198884	106772	4135	36200	21246	106546	306230	299500	177621	670107	58536	296478	720739	673125	921059	902634	1575821	896410	2040402	1954916	4349756	3730674	6036696	7608205	0
LFQ	27	0	0	19	0	0	1514	3874	7728	99859	73260	198110	31541	3262	3048	3391	39005	114504	98130	174688	108299	4645	39082	22982	111451	337069	283263	181951	630890	61190	302422	760562	678311	859179	919728	1553998	942776	2041731	1955812	4449360	3710937	6170221	7386606	0
LFQ	28	0	0	29	0	0	1613	4742	9368	113200	94613	191649	24690	3867	3767	4074	45112	124610	98010	162500	115465	5299	43434	24698	116867	376343	276657	189184	612108	65958	314814	810882	697104	813509	946152	1544365	992118	2042479	1934557	4537961	3632042	6267002	7123556	0
LFQ	29	0	0	166	0	0	1885	5869	11840	135152	129324	186832	16860	4278	4450	4956	53459	138349	98903	155027	122408	6138	48276	27032	120380	412650	278108	194189	592228	69042	321252	868118	706603	771037	970542	1538489	1041606	2026138	1934936	4611702	3553563	6344005	6858606	0
LFQ	30	0	0	535	0	0	1651	5601	11666	123088	128331	135544	8592	5081	5471	5597	61110	156253	98263	125911	103019	7439	45186	27102	122366	392716	311413	184825	534421	67592	276409	962047	666804	707589	947349	1487340	1075056	1903026	1966088	4477986	3703012	6181765	7341154	0
LFQ	31	0	0	90	0	0	1642	6275	13146	126256	145348	107014	4159	5388	6012	6322	65689	157586	78945	117114	102473	8163	48196	28492	122399	400373	311044	187072	494094	70748	280909	991202	670902	640697	965208	1454210	1136000	1865605	1951566	4550000	3548464	6256079	7439516	0
LFQ	32	0	0	82	0	0	1878	7640	16371	140512	178128	90262	2296	6093	7194	7686	74024	164790	63694	121419	109675	8987	52898	30868	124956	416901	322644	194136	469977	76383	291438	1031518	683664	584118	999367	1421108	1199378	1829804	1919859	4629238	3378461	6269166	7436828	0
LFQ	33	0	0	1901	0	0	1854	8588	18336	141907	195940	61266	1717	6845	8271	8977	82778	172227	49825	119773	108914	10587	56667	33612	127011	418788	343596	197966	444247	82763	294729	1079380	691231	540413	1029948	1401602	1271237	1787102	1926584	4702319	3261681	6273408	7398567	0
LFQ	34	0	0	1149	0	0	2001	10052	22438	150756	222153	41497	1694	7835	9820	10714	94479	178589	37028	121727	112137	11665	61874	36094	131039	429743	358213	205887	425793	89639	301085	1123837	705707	504348	1071031	1379873	1349983	1739016	1930702	4767652	3145067	6252433	7317036	0
LFQ	35	0	0	159	0	0	2072	10983	24744	143936	220995	24941	2079	9057	11661	12315	105335	177372	27525	118170	108969	13530	64580	39907	134800	429438	377055	210119	404789	98374	299248	1173805	710329	472671	1116022	1358721	1439893	1683066	1958919	4843340	3086038	6238065	7208040	0
LFQ	36	0	0	75	0	0	2182	12069	27500	139679	223894	14063	2282	9993	13659	14422	112027	166457	21270	118413	109975	15500	68597	43714	138411	432644	369504	217233	393465	107405	303331	1188346	721097	457575	1160337	1329750	1519934	1631647	1981476	4910951	3030415	6246946	7104125	0
LFQ	37	0	0	87	0	0	2324	14871	33561	149600	246288	7455	2494	10956	15455	16655	121486	156348	19030	122950	116004	17322	74300	47782	144187	447200	353333	228320	396624	119695	314959	1180460	737569	454236	1212947	1300211	1591925	1579195	1981175	4942848	2967929	6246299	6985630	0
LFQ	38	0	0	91	0	0	2446	16482	37177	145132	242387	4115	2997	12780	17944	19426	132802	145670	18883	121774	115922	19952	77845	52706	150901	450263	345720	235997	390759	131984	317313	1186532	748511	454396	1266310	1269953	1665845	1527351	1997852	4960784	2952263	6234278	6885551	0
LFQ	39	0	0	100	0	0	2485	17613	39959	135675	228842	2750	3329	13702	20421	21516	137335	127758	19661	118673	113484	22453	76911	56119	161674	448190	324820	243526	386684	146188	320877	1167689	754150	461752	1314961	1242693	1727272	1481323	2014544	4810852	3118502	6263200	6810886	0
LFQ	40	0	0	15987	0	0	2930	22603	52033	161128	272514	2596	3852	15811	24182	26223	155448	117591	23142	126289	123309	25235	81875	62282	171835	467070	302985	256938	398302	162177	335156	1145106	775182	475494	1367690	1216179	1766748	1453321	2009298	4799616	3071582	6214337	6654028	0
LFQ	41	0	0	109	0	0	3023	22684	53446	143235	239209	2812	4831	19494	28548	29441	176562	104620	25366	124024	122430	29133	85031	70062	188443	477599	299010	270230	398133	184145	339398	1163418	789659	487659	1433190	1198291	1823502	1428416	2032219	4812755	3063722	6178759	6505018	0
LFQ	42	0	0	119	0	0	3431	26189	61500	150096	246551	3035	5220	19788	31798	33669	167688	88619	29021	127473	127269	33034	88972	77613	201619	484750	271560	284935	405613	206920	349954	1149214	810697	503406	1495580	1187804	1860959	1419895	2055191	4819544	3052590	6132895	6343013	0
LFQ	43	0	0	135	0	0	3579	29736	71611	155109	252653	3110	5731	22088	36903	38536	173914	76177	31517	127621	129943	36724	93131	84567	215348	491115	248680	300196	407323	230630	357134	1130390	827725	519133	1541207	1173973	1881343	1424025	2075771	4817683	3045077	6086382	6210928	0
LFQ	44	0	0	155	0	0	4078	32505	77129	153249	244067	3390	6740	24341	42163	42973	178822	64650	34570	131700	132499	42005	95670	94244	232216	501767	225390	317260	412388	258820	368855	1114212	849117	537188	1593953	1174702	1887984	1439297	2093530	4825513	3032073	6041644	6045671	0
LFQ	45	0	0	161	0	0	3413	30209	75922	141321	220879	3815	7812	26231	49661	45309	184220	52765	34546	117560	117809	58817	86221	100012	246514	484664	218018	326071	377763	290715	335824	1120650	827859	525577	1616187	1113254	1910938	1351032	2145341	4626798	3149893	5977787	6354624	0
LFQ	46	0	0	180	0	0	3495	30989	78680	135477	202987	3805	8317	26960	52794	48944	174695	42960	35996	115221	116103	61884	86153	104728	256691	472671	189625	333670	373712	311361	344117	1063360	839448	539682	1617206	1123037	1900813	1385744	2131275	4603802	3089846	5958982	6490445	0
LFQ	47	0	0	174	0	0	3712	34131	87442	140953	203103	3995	8734	27513	56525	52202	161161	36010	38901	118611	120149	64700	85981	110293	267396	469874	160883	347984	377172	336409	358497	1006013	855563	557660	1609436	1151353	1887359	1427093	2116363	4563793	3032415	5929734	6546257	0
LFQ	48	0	0	190	0	0	3800	34100	88796	136312	183306	4279	9458	28628	61786	55690	152319	30790	40116	116263	117530	69815	87006	118904	282083	459237	139492	361389	370573	367528	366611	966672	873224	574404	1607520	1188349	1890366	1461519	2127266	4527979	3022316	5889742	6539897	0
LFQ	49	0	0	696	0	0	4022	36539	96172	142223	176125	4499	10245	29845	66639	59241	138915	28105	42430	120985	120370	74476	88096	127437	275406	469840	117693	379979	378349	400067	380923	924801	896354	595008	1601873	1226720	1832318	1566290	2144163	4072494	3424295	5834052	6467302	0
LFQ	50	0	0	238	0	0	4465	38609	101801	145091	166094	4824	11381	31442	74201	63375	129080	26345	44081	122569	120058	81043	88646	137405	289579	462085	102625	399718	374937	439945	390678	897027	918838	617458	1596719	1284119	1847690	1600790	2158049	4039809	3419681	5756449	6367776	0
LFQ	51	0	0	301	0	0	4221	37419	102105	145571	150252	7989	18266	45895	124661	88205	178948	21435	40159	112093	95278	133650	109264	212260	425096	597939	144075	515601	359064	811788	373737	1569189	1144946	703252	2597935	1565559	2281879	1605923	3749258	4408388	4694544	3636435	1541913	0
LFQ	52	0	0	7510	0	0	5045	47128	124043	174398	160766	6719	16811	41079	112125	82648	127950	22744	43533	119218	108006	112380	99528	183224	372543	467928	91399	490445	354291	657895	382570	1083570	1084884	731790	1990400	1566790	2072955	1646758	3066129	4439391	5268491	5098217	1892914	0
LFQ	53	0	0	303	0	0	5036	39983	109264	151822	122721	6664	17749	43330	107201	76463	102792	22665	44245	120223	105839	110903	96017	182063	355525	420466	72306	478276	342497	618635	401424	883392	1029261	720339	1677606	1545284	1950232	1710821	2480213	4196267	4404640	5815357	3786135	0
LFQ	54	0	0	46471	0	0	5677	46492	125946	176788	128008	6762	17632	38541	108070	75328	85176	23351	45379	125370	109429	111822	94169	182642	343651	383443	63407	482605	335178	613035	414225	774888	1015795	715399	1531004	1557979	1941705	1737982	2272373	3928981	3829007	5556696	5303287	0
LFQ	55	0	0	330	0	0	5647	41632	116703	161528	95541	7780	23282	57241	112325	75236	88058	22807	46878	128070	106503	115775	98740	193789	350775	261320	165551	496990	326472	640004	430727	725255	1028129	728870	1458825	1623586	1977702	1781204	2174583	3820978	3592255	5358295	5914031	0
LFQ	56	0	0	345	0	0	6020	42978	122266	172156	85451	7519	20776	40648	112078	72665	59843	22663	48165	133406	105978	127846	100191	208873	350425	231828	168372	526091	324985	666123	448337	692460	1053549	752168	1418456	1694052	2031918	1827959	2162045	3716469	3488625	5204423	6104950	0
LFQ	57	0	0	371	0	0	6435	42479	122715	175524	71626	7714	21540	36555	117310	70863	49795	23097	48132	136588	103447	130070	102303	214962	350949	211333	168473	544899	314746	697606	464836	659582	1082708	777875	1389030	1777315	2102134	1882227	2179996	3638274	3459690	5080106	6089489	0
LFQ	58	0	0	421	0	0	7263	44122	131249	189744	63615	8318	22963	36258	124132	70598	43367	23868	50559	145317	105092	136704	106935	227971	354057	195670	174739	571471	310952	729947	487364	637251	1117887	811861	1363913	1865342	2173180	1943404	2179191	3567412	3445302	4938764	5946293	0
LFQ	59	0	0	480	0	0	8111	45872	138540	202496	54368	9357	25002	36475	131611	66788	38474	23953	51440	155748	104186	136996	106707	258064	337593	176511	176105	627909	305184	763592	510250	625907	1154255	844861	1344165	1958151	2252769	2008005	2189839	3488533	3382782	4792505	5818611	0
LFQ	60	0	0	571	0	0	8324	44453	138518	202095	43152	10048	26996	36462	138253	64043	34359	22873	52777	160255	100415	145530	109418	274715	336052	165026	180871	657109	297823	798394	530724	621394	1190767	883052	1327136	2052555	2349199	2074889	2214443	3414682	3398922	4640401	5605191	0
LFQ	61	0	0	651	0	0	9278	45458	146322	214290	34786	10960	28765	35955	139518	60510	31267	23742	55179	171051	101259	153040	112612	290148	326792	156574	191767	688990	296190	814939	564018	619141	1231954	923706	1314413	2156087	2456379	2147886	2226800	3337657	3402814	4481111	5349559	0
LFQ	62	0	0	3958	0	0	9977	45849	152711	219707	26827	11799	30992	35523	143345	57620	29532	23903	56985	180440	99129	162122	116665	307839	318650	150466	200175	723515	291302	834339	591092	629201	1271307	961488	1307903	2254236	2571690	2222976	2251235	3252062	3419393	4305650	5079599	0
LFQ	63	0	0	10398	0	0	10443	45406	156516	220915	19805	12981	33329	35342	147411	54249	28475	23919	58195	186706	94177	171154	119641	324181	307067	145571	206742	754223	287604	848029	618354	643906	1307399	1001629	1301315	2353819	2705218	2298429	2274239	3151869	3439842	4126693	4825611	0
LFQ	64	0	0	20997	0	0	11152	43891	160903	220408	14136	14026	35260	35095	148107	51134	28249	23636	59679	194568	91216	180479	123878	339017	294784	143108	216040	786189	283099	852754	647323	663405	1342623	1045445	1296424	2452261	2851257	2376404	2300102	3046425	3454230	3934169	4568511	0
LFQ	65	0	0	37539	0	0	13129	49992	185689	250094	11328	15719	38560	36384	155981	50588	25099	28925	63762	187583	116537	191891	128468	341700	303542	144711	229662	821343	256468	851512	720752	690232	1378611	1088152	1296955	2552551	2989922	2450142	2309415	2923423	3437069	3714918	4261607	0
LFQ	66	0	0	57951	0	0	14035	48698	191315	245345	7248	17771	43438	37802	162888	48792	26183	29086	66721	196653	115033	206257	134790	361689	297624	147743	240909	860895	251864	862162	757474	727537	1417135	1131883	1305249	2650657	3144509	2521966	2332392	2788726	3439206	3494494	3965369	0
LFQ	67	0	0	82346	0	0	15283	49134	204314	248468	4515	19396	46046	38436	164350	45791	27593	30090	69675	207009	114309	218718	139181	375783	286658	150576	254076	900671	251400	856355	798821	767657	1448874	1177144	1320418	2759074	3307979	2594910	2354755	2655032	3430450	3265519	3668182	0
LFQ	68	0	0	111307	0	0	16396	47495	208960	239760	2617	21132	49079	38470	165170	42397	29171	29886	71077	214125	111202	230411	142933	386250	276306	154204	265062	930908	250235	843878	835746	811395	1479070	1219696	1338100	2866146	3491652	2669892	2386618	2505783	3433256	3043173	3389444	0
LFQ	69	0	0	145018	0	0	17752	47052	219834	236166	1436	22816	51153	38461	162718	40001	31025	30619	73533	223512	109090	241219	145497	392543	265989	159449	279140	961436	251572	823734	877735	853564	1501245	1261622	1361776	2966058	3686093	2742852	2419306	2354071	3416615	2816464	3119576	0
LFQ	70	0	0	183644	0	0	18228	44621	222180	222191	815	24994	53559	38136	159070	37000	32948	30403	74401	228304	105368	252163	148190	364018	229385	221677	289017	986008	253039	796924	915217	897120	1514783	1303020	1392637	3078536	3898293	2814797	2461392	2199554	3405015	2593293	2857091	0
LFQ	71	0	0	227942	0	0	19817	44839	235327	220251	480	26681	55100	38143	154384	34890	35053	31194	77714	240333	104603	262774	149663	362855	219893	231315	306844	1011701	259480	764396	961171	939470	1535010	1341947	1432224	3196127	4106112	2879148	2498380	2041936	3358121	2364405	2576423	0
LFQ	72	0	0	277317	0	0	20989	42947	243335	210338	287	29144	58478	38552	152207	32592	36929	31250	79995	249431	102988	277005	152686	361839	216052	241704	320533	1040796	265810	738535	1005414	984996	1551753	1385691	1473578	3314646	4315992	2942098	2532479	1876491	3315479	2127534	2297284	0
LFQ	73	0	0	331657	0	0	22209	42295	257330	205632	208	31219	60094	39279	148813	30679	39159	32153	83224	259188	101743	287918	153428	355765	211437	250376	337823	1062270	276283	705197	1050966	1025334	1568786	1423257	1520108	3442066	4538275	2990122	2573285	1711785	3247136	1900679	2026909	0
LFQ	74	0	0	391468	0	0	23650	41808	270217	199234	193	33788	62406	39963	144506	29306	41917	32485	86356	270087	101622	301974	155812	347728	211119	262918	358348	1087036	286861	675690	1100812	1066668	1590004	1462554	1569721	3579268	4745340	3031640	2604283	1547746	3156304	1667657	1764306	0
LFQ	75	0	0	456027	0	0	25019	40186	278370	188293	194	36172	64416	40687	139473	27318	43974	32801	88768	276413	100647	314003	156998	337068	210614	272547	377156	1026356	376144	640547	1147023	1105743	1606769	1496035	1619410	3727213	4973848	3064972	2640791	1387402	3049649	1451205	1520930	0
LFQ	76	0	0	527219	0	0	25734	37053	285894	174434	169	38898	65559	41294	132668	25843	46414	33113	91664	284993	99295	326132	156544	322559	212190	281649	396197	1036013	392458	603432	1193999	1136077	1627599	1535727	1675508	3871983	5208050	3086756	2669336	1235639	2927173	1243826	1290218	0
LFQ	77	0	0	608169	0	0	27241	36183	299902	164754	133	41231	66541	42049	125095	24804	49085	33752	94347	294667	99388	337779	157220	306278	215624	293113	418627	1043367	412012	566165	1240898	1164947	1650595	1572844	1723369	4025746	5432083	3096822	2685096	1086738	2777609	1048114	1074653	0
LFQ	78	0	0	705032	0	0	28818	35827	314363	159346	126	44356	68275	43122	119811	23154	51692	34281	97207	304882	100426	354679	158012	290956	221660	303127	441147	1053110	429689	531003	1283210	1189470	1674149	1603069	1769511	4175297	5656904	3091332	2682443	941689	2608843	866462	877907	0
LFQ	79	0	0	842126	0	0	30323	35668	331127	155839	126	48093	71458	44920	118052	22411	54715	35282	100772	312174	103322	370683	158866	274964	227204	314982	463502	1055701	449562	494892	1331586	1204676	1699347	1633040	1809449	4322953	5860163	3075803	2663141	804273	2409353	699135	701606	0
LFQ	80	0	0	955083	0	0	31735	33815	344030	144165	127	51129	74692	47711	113159	21632	57307	35285	102901	319218	105238	382829	157736	258143	234326	325046	489639	1059134	469540	460773	1374362	1221598	1729020	1664004	1848672	4483488	6079612	3040742	2630951	679530	2200574	552319	548214	0
LFQ	81	0	0	1069523	0	0	33304	32802	354936	133594	138	54501	75442	48692	107917	20523	60234	36342	105926	326471	107875	397872	157293	238740	241329	334469	514913	1055438	491235	427878	1419367	1235222	1761424	1696311	1884294	4644057	6288067	3003022	2573455	565946	1982081	425240	417178	0
LFQ	82	0	0	1186233	0	0	34531	30954	363840	120852	154	57130	75332	49736	98797	19500	63495	36327	108860	331629	111999	409141	153971	218604	249660	347395	544007	1047514	513271	396381	1461874	1245963	1800918	1730597	1917395	4817343	6486263	2950614	2492329	464954	1754370	317343	308364	0
LFQ	83	0	0	1312013	0	0	36300	29387	378283	111593	144	60617	75700	50920	91343	19010	66149	37599	112812	342559	117052	424097	151121	200089	259264	360156	574188	1036752	534760	365513	1508268	1247868	1836908	1762238	1940038	4976804	6674795	2882827	2385189	376345	1521658	230646	220689	0
LFQ	84	0	0	1444321	0	0	36343	27368	378005	99067	132	64046	75763	51747	83371	17827	68590	37516	114982	341597	123513	435915	147361	179605	267639	368693	600263	1021327	556200	336749	1546164	1250847	1873545	1794487	1959493	5144622	6868891	2813011	2262104	299599	1298849	161704	153234	0
LFQ	85	0	0	1586918	0	0	37890	26065	391447	89640	148	66585	75377	52454	75532	17092	70885	38372	117106	349168	129077	444790	142315	160624	274717	377703	631773	996451	576868	307449	1580240	1248664	1906183	1829825	1975474	5304131	7046584	2731440	2112351	232845	1079833	109391	102618	0
LFQ	86	0	0	1741508	0	0	40839	26019	424505	85386	149	71522	76756	55024	69425	16770	74411	40441	122763	366999	138745	461999	139957	145156	286005	392578	673316	984584	602059	285339	1628323	1248018	1945429	1861813	1979329	5448324	7133941	2616145	1924932	178519	863237	71183	64487	0
LFQ	87	0	0	1905501	0	0	39929	23354	409870	72443	175	75703	77609	55125	62737	15324	77054	39911	124768	361024	147545	474621	134020	128015	295971	404215	706344	960753	624251	264771	1663836	1250807	1983230	1904038	1988899	5608586	7246398	2511112	1739595	132677	680566	44141	39636	0
LFQ	88	0	0	2084687	0	0	40365	20987	415607	63644	175	78897	76210	55365	55218	14424	78458	40348	126693	366287	155561	482080	127129	112013	303352	412383	739120	925963	645778	244426	1697511	1245918	2010946	1939534	1988993	5743879	7356755	2396956	1549778	97021	519164	26442	23548	0
LFQ	89	0	0	2283120	0	0	40034	19525	415523	55075	160	81217	74565	55572	48094	13487	80056	40836	128521	368141	163950	487727	118126	96696	309828	419187	770623	884529	663986	223401	1720325	1239593	2036205	1968544	1985262	5875687	7462533	2275596	1357556	69726	385130	15432	13477	0
LFQ	90	0	0	2516527	0	0	47608	20249	462092	54618	271	100015	87033	61629	48427	13367	90367	43357	144610	393987	192969	545556	123540	90656	338361	453350	854390	923506	702572	217908	1825721	1262127	2102657	2040594	1941463	5952114	7104447	2049444	1100038	45457	264198	8586	6830	0
LFQ	91	0	0	2751366	0	0	43691	17279	429184	44310	189	92370	76414	56873	37048	12203	89332	42056	140511	376677	192283	523628	105069	74110	340828	452888	861969	835535	721774	196803	1813579	1256521	2109511	2070182	1945742	6097155	7270963	1957874	949004	31725	186185	5053	3945	0
LFQ	92	0	0	3003350	0	0	43098	15465	416917	37412	179	90393	71182	54703	29714	10860	88171	42833	137867	376653	194853	507585	92159	62045	337955	452915	881720	766951	734839	179045	1806272	1243062	2105290	2077550	1940906	6179520	7418218	1842810	797794	21473	123381	3272	2423	0
LFQ	93	0	0	3327735	0	0	41690	13413	404024	31900	162	89723	66273	52561	23803	10193	87727	42930	137039	377508	202428	497255	80920	53294	339208	455786	908164	708296	743415	163009	1805070	1235669	2105282	2089641	1926973	6232427	7466747	1705390	645352	14058	78592	2208	1616	0
LFQ	94	0	0	3603045	0	0	41986	12504	413195	29021	194	107916	93590	52211	19824	9694	91447	44255	142632	388773	218007	507021	73455	47559	353522	471305	963162	676473	772812	152705	1847888	1239729	2130900	2117653	1884552	6253844	7290592	1533542	498076	8777	47345	1529	1059	0
LFQ	95	0	0	3932590	0	0	34518	9083	338947	21343	140	89628	67475	19056	38857	7359	83670	39994	137267	352787	209188	474746	57642	38729	342303	456109	943705	593255	770924	136597	1809412	1235438	2126861	2140753	1906618	6366689	7458758	1439763	396491	5589	28951	1154	810	0
LFQ	96	0	0	4334439	0	0	28773	7037	293413	16255	106	72751	46678	14944	32321	6330	77920	39434	127012	343197	204610	431510	46228	33774	342523	443757	941310	525629	770020	123423	1769033	1227875	2116311	2134820	1901399	6390764	7582850	1327021	306506	3469	17171	900	558	0
LFQ	97	0	0	4816961	0	0	21662	4911	236669	11454	93	58398	34542	11244	25405	4963	72312	38645	116612	331288	199340	393136	36511	30572	328166	433579	943698	464831	767152	109389	1738340	1233864	2110515	2131719	1890186	6390498	7606456	1209671	231859	2217	10249	649	429	0
LFQ	98	0	0	5380846	0	0	12011	2424	153359	6563	52	40195	22171	6947	17204	3344	65742	37926	106611	319632	193327	354175	28519	28237	315305	422383	938649	407661	764614	96452	1716618	1235618	2115443	2138590	1879639	6386502	7543511	1088872	172937	1414	6353	530	298	0
LFQ	99	0	0	6015428	0	0	2963	639	51948	1914	6	14599	7550	2293	7098	1454	57614	36842	95001	306977	178270	309548	21687	25979	299785	409413	931343	353915	754829	84427	1693282	1223422	2117351	2150797	1857809	6396823	7449245	974360	129675	944	4286	337	215	0
LFQ	100	0	0	6684799	0	0	0	0	16	18	0	5	3	2	486	111	54207	37585	82927	298624	157363	262747	15096	24843	275101	379947	863666	287950	722006	71128	1597861	1217578	2108905	2148380	1847809	6391507	7409547	882132	99408	693	3059	239	147	0
LFQ	101	0	0	7602879	0	0	0	0	0	0	0	0	0	0	0	0	130645	113758	189460	901124	345306	540101	31198	67573	493426	668812	1694178	498763	1160549	115468	2403908	1452466	2543265	2384387	1469724	5571070	3188225	280245	29775	305	987	80	20	0
# GC Content of first fragments. Use `grep ^GCF | cut -f 2-` to extract this part.
GCF	0.75	1
GCF	2.01	6
GCF	3.02	4
GCF	4.02	16
GCF	5.03	7
GCF	6.03	3
GCF	7.04	6
GCF	8.04	4
GCF	9.05	7
GCF	9.80	14
GCF	10.30	13
GCF	11.06	22
GCF	12.06	63
GCF	12.81	97
GCF	13.32	99
GCF	13.82	227
GCF	14.32	234
GCF	14.82	471
GCF	15.33	478
GCF	15.83	1003
GCF	16.33	1016
GCF	17.09	2088
GCF	17.84	4377
GCF	18.34	4411
GCF	18.84	8187
GCF	19.35	8245
GCF	19.85	14620
GCF	20.35	14682
GCF	20.85	24113
GCF	21.36	24227
GCF	21.86	37856
GCF	22.36	38048
GCF	22.86	57357
GCF	23.37	57529
GCF	23.87	83146
GCF	24.37	83493
GCF	24.87	118351
GCF	25.38	118706
GCF	25.88	162038
GCF	26.38	162544
GCF	26.88	214271
GCF	27.39	214966
GCF	27.89	276024
GCF	28.39	276577
GCF	28.89	346298
GCF	29.40	347049
GCF	29.90	416429
GCF	30.40	417354
GCF	30.90	494673
GCF	31.41	495540
GCF	31.91	579289
GCF	32.41	580577
GCF	32.91	661995
GCF	33.42	746217
GCF	33.92	747388
GCF	34.42	824985
GCF	34.92	825779
GCF	35.43	903651
GCF	35.93	904339
GCF	36.43	979212
GCF	36.93	979789
GCF	37.44	1046014
GCF	37.94	1046619
GCF	38.44	1102636
GCF	38.94	1102990
GCF	39.45	1141661
GCF	39.95	1142029
GCF	40.45	1171930
GCF	40.95	1171850
GCF	41.46	1180029
GCF	41.96	1179751
GCF	42.46	1187258
GCF	42.96	1187149
GCF	43.47	1179621
GCF	43.97	1178989
GCF	44.47	1158550
GCF	44.97	1158087
GCF	45.48	1134488
GCF	45.98	1134032
GCF	46.48	1106703
GCF	46.98	1106153
GCF	47.49	1079588
GCF	47.99	1079130
GCF	48.49	1048224
GCF	48.99	1047826
GCF	49.50	1021557
GCF	50.00	1021129
GCF	50.50	992604
GCF	51.01	992124
GCF	51.51	959212
GCF	52.01	958888
GCF	52.51	930531
GCF	53.02	930137
GCF	53.52	906241
GCF	54.02	905905
GCF	54.52	879803
GCF	55.03	879565
GCF	55.53	858429
GCF	56.03	858196
GCF	56.53	829423
GCF	57.04	829283
GCF	57.54	801384
GCF	58.04	801103
GCF	58.54	769346
GCF	59.05	769114
GCF	59.55	729355
GCF	60.05	728866
GCF	60.55	681670
GCF	61.06	681261
GCF	61.56	626728
GCF	62.06	626218
GCF	62.56	568897
GCF	63.07	568499
GCF	63.57	509534
GCF	64.07	508963
GCF	64.57	445950
GCF	65.08	445640
GCF	65.58	378790
GCF	66.08	378289
GCF	66.58	311677
GCF	67.09	245296
GCF	67.59	244787
GCF	68.09	182194
GCF	68.59	181851
GCF	69.10	125899
GCF	69.60	125696
GCF	70.10	81621
GCF	70.60	81368
GCF	71.11	48007
GCF	71.61	47811
GCF	72.11	26241
GCF	72.61	26092
GCF	73.12	12996
GCF	73.62	12930
GCF	74.12	6285
GCF	74.62	6229
GCF	75.13	2925
GCF	75.63	2875
GCF	76.13	1447
GCF	76.63	1423
GCF	77.14	751
GCF	77.64	735
GCF	78.14	440
GCF	78.64	441
GCF	79.15	237
GCF	79.65	230
GCF	80.40	134
GCF	81.16	77
GCF	81.66	74
GCF	82.41	30
GCF	83.42	13
GCF	84.42	10
GCF	85.43	7
GCF	86.43	2
GCF	87.94	4
GCF	89.45	0
GCF	90.45	1
GCF	91.46	0
GCF	92.46	2
GCF	93.47	0
GCF	94.47	1
# GC Content of last fragments. Use `grep ^GCL | cut -f 2-` to extract this part.
GCL	0.25	140
GCL	1.01	106
GCL	2.01	64
GCL	3.02	40
GCL	4.02	34
GCL	5.03	24
GCL	6.03	14
GCL	7.04	13
GCL	8.04	14
GCL	9.05	25
GCL	10.05	19
GCL	11.06	44
GCL	11.81	73
GCL	12.31	74
GCL	12.81	137
GCL	13.32	138
GCL	13.82	283
GCL	14.32	289
GCL	14.82	621
GCL	15.33	626
GCL	15.83	1275
GCL	16.33	1284
GCL	16.83	2364
GCL	17.34	2376
GCL	17.84	4919
GCL	18.34	4952
GCL	18.84	9016
GCL	19.35	9074
GCL	19.85	16041
GCL	20.35	16090
GCL	20.85	26478
GCL	21.36	26624
GCL	21.86	40626
GCL	22.36	40788
GCL	22.86	61640
GCL	23.37	61831
GCL	23.87	88159
GCL	24.37	88502
GCL	24.87	123520
GCL	25.38	123890
GCL	25.88	168684
GCL	26.38	169200
GCL	26.88	222052
GCL	27.39	222730
GCL	27.89	285092
GCL	28.39	285691
GCL	28.89	353809
GCL	29.40	354468
GCL	29.90	426223
GCL	30.40	427134
GCL	30.90	504211
GCL	31.41	505116
GCL	31.91	586684
GCL	32.41	587956
GCL	32.91	671432
GCL	33.42	756445
GCL	33.92	757706
GCL	34.42	835079
GCL	34.92	835876
GCL	35.43	911998
GCL	35.93	912718
GCL	36.43	985541
GCL	36.93	986032
GCL	37.44	1049512
GCL	37.94	1050167
GCL	38.44	1104905
GCL	38.94	1105273
GCL	39.45	1146240
GCL	39.95	1146579
GCL	40.45	1171175
GCL	40.95	1171212
GCL	41.46	1178464
GCL	41.96	1178180
GCL	42.46	1183011
GCL	42.96	1182819
GCL	43.47	1171807
GCL	43.97	1171123
GCL	44.47	1151821
GCL	44.97	1151363
GCL	45.48	1127563
GCL	45.98	1127098
GCL	46.48	1101370
GCL	46.98	1100782
GCL	47.49	1076268
GCL	47.99	1075900
GCL	48.49	1041503
GCL	48.99	1041019
GCL	49.50	1015563
GCL	50.00	1015188
GCL	50.50	987762
GCL	51.01	987410
GCL	51.51	956863
GCL	52.01	956463
GCL	52.51	927619
GCL	53.02	927176
GCL	53.52	903997
GCL	54.02	903823
GCL	54.52	876094
GCL	55.03	875774
GCL	55.53	851639
GCL	56.03	851513
GCL	56.53	825799
GCL	57.04	825583
GCL	57.54	797748
GCL	58.04	797455
GCL	58.54	762868
GCL	59.05	762668
GCL	59.55	724736
GCL	60.05	724196
GCL	60.55	679306
GCL	61.06	678953
GCL	61.56	623200
GCL	62.06	622691
GCL	62.56	565947
GCL	63.07	565549
GCL	63.57	504970
GCL	64.07	504557
GCL	64.57	441103
GCL	65.08	440634
GCL	65.58	373614
GCL	66.08	373244
GCL	66.58	306963
GCL	67.09	241915
GCL	67.59	241369
GCL	68.09	178138
GCL	68.59	177840
GCL	69.10	122804
GCL	69.60	122556
GCL	70.10	78967
GCL	70.60	78708
GCL	71.11	46324
GCL	71.61	46141
GCL	72.11	24966
GCL	72.61	24846
GCL	73.12	12651
GCL	73.62	12551
GCL	74.12	5801
GCL	74.62	5735
GCL	75.13	2757
GCL	75.63	2722
GCL	76.13	1316
GCL	76.63	1289
GCL	77.14	722
GCL	77.64	709
GCL	78.14	382
GCL	78.64	377
GCL	79.15	242
GCL	79.65	241
GCL	80.40	110
GCL	81.41	46
GCL	82.41	36
GCL	83.42	15
GCL	84.92	6
GCL	86.43	0
GCL	87.44	1
GCL	88.44	2
GCL	89.95	0
GCL	91.46	1
GCL	92.96	0
GCL	94.47	1
GCL	95.48	2
GCL	96.98	0
GCL	98.49	1
# ACGT content per cycle. Use `grep ^GCC | cut -f 2-` to extract this part. The columns are: cycle; A,C,G,T base counts as a percentage of all A/C/G/T bases [%]; and N and O counts as a percentage of all A/C/G/T bases [%]
GCC	1	28.93	21.04	20.54	29.50	0.01	0.00
GCC	2	27.32	22.37	22.24	28.07	0.00	0.00
GCC	3	26.32	23.25	23.17	27.26	0.00	0.00
GCC	4	26.00	23.62	23.63	26.75	0.00	0.00
GCC	5	27.34	22.29	22.30	28.06	0.46	0.00
GCC	6	26.00	23.64	23.64	26.72	0.00	0.00
GCC	7	26.41	23.21	23.23	27.15	0.00	0.00
GCC	8	26.78	22.80	22.86	27.56	0.00	0.00
GCC	9	26.61	22.95	23.02	27.42	0.53	0.00
GCC	10	26.29	23.29	23.35	27.08	0.00	0.00
GCC	11	26.35	23.22	23.28	27.15	0.00	0.00
GCC	12	26.33	23.22	23.27	27.18	0.01	0.00
GCC	13	26.54	22.99	23.04	27.43	0.00	0.00
GCC	14	26.53	23.01	23.03	27.43	0.00	0.00
GCC	15	26.42	23.10	23.13	27.36	0.00	0.00
GCC	16	26.47	23.05	23.08	27.41	0.06	0.00
GCC	17	26.42	23.08	23.13	27.37	0.00	0.00
GCC	18	26.32	23.16	23.21	27.31	0.00	0.00
GCC	19	26.36	23.13	23.16	27.35	0.03	0.00
GCC	20	26.33	23.14	23.19	27.33	0.88	0.00
GCC	21	26.25	23.22	23.25	27.29	0.00	0.00
GCC	22	26.28	23.18	23.21	27.33	0.00	0.00
GCC	23	26.26	23.19	23.21	27.34	0.00	0.00
GCC	24	26.17	23.27	23.30	27.26	0.00	0.00
GCC	25	26.23	23.21	23.22	27.34	0.00	0.00
GCC	26	26.23	23.20	23.22	27.35	0.00	0.00
GCC	27	26.13	23.28	23.32	27.28	0.00	0.00
GCC	28	26.20	23.21	23.25	27.34	0.00	0.00
GCC	29	26.17	23.22	23.25	27.36	0.00	0.00
GCC	30	26.11	23.28	23.30	27.31	0.00	0.00
GCC	31	26.13	23.24	23.27	27.36	0.00	0.00
GCC	32	26.14	23.23	23.27	27.35	0.00	0.00
GCC	33	26.04	23.31	23.34	27.31	0.00	0.00
GCC	34	26.10	23.25	23.28	27.37	0.00	0.00
GCC	35	26.07	23.26	23.30	27.37	0.00	0.00
GCC	36	26.01	23.32	23.35	27.32	0.00	0.00
GCC	37	26.05	23.26	23.30	27.39	0.00	0.00
GCC	38	26.06	23.27	23.29	27.39	0.00	0.00
GCC	39	25.97	23.33	23.37	27.32	0.00	0.00
GCC	40	26.03	23.26	23.31	27.40	0.02	0.00
GCC	41	26.01	23.29	23.32	27.38	0.00	0.00
GCC	42	25.92	23.34	23.40	27.34	0.00	0.00
GCC	43	25.99	23.29	23.33	27.39	0.00	0.00
GCC	44	25.98	23.28	23.32	27.42	0.00	0.00
GCC	45	25.92	23.34	23.39	27.36	0.00	0.00
GCC	46	25.96	23.29	23.33	27.42	0.00	0.00
GCC	47	25.95	23.29	23.34	27.42	0.00	0.00
GCC	48	25.91	23.33	23.38	27.38	0.00	0.00
GCC	49	25.93	23.31	23.35	27.41	0.00	0.00
GCC	50	25.94	23.28	23.35	27.43	0.00	0.00
GCC	51	25.89	23.32	23.39	27.40	0.00	0.00
GCC	52	25.94	23.29	23.34	27.44	0.01	0.00
GCC	53	25.93	23.28	23.33	27.45	0.00	0.00
GCC	54	25.88	23.32	23.39	27.41	0.07	0.00
GCC	55	25.90	23.29	23.37	27.44	0.00	0.00
GCC	56	25.92	23.28	23.36	27.45	0.00	0.00
GCC	57	25.86	23.33	23.40	27.41	0.00	0.00
GCC	58	25.90	23.29	23.37	27.44	0.00	0.00
GCC	59	25.90	23.29	23.36	27.45	0.00	0.00
GCC	60	25.83	23.34	23.42	27.41	0.00	0.00
GCC	61	25.88	23.30	23.37	27.44	0.00	0.00
GCC	62	25.90	23.29	23.36	27.45	0.00	0.00
GCC	63	25.84	23.34	23.42	27.39	0.00	0.00
GCC	64	25.89	23.29	23.38	27.44	0.00	0.00
GCC	65	25.88	23.30	23.38	27.45	0.00	0.00
GCC	66	25.84	23.33	23.43	27.40	0.00	0.00
GCC	67	25.86	23.32	23.39	27.43	0.00	0.00
GCC	68	25.87	23.31	23.39	27.42	0.00	0.00
GCC	69	25.81	23.36	23.44	27.39	0.00	0.00
GCC	70	25.85	23.31	23.41	27.42	0.00	0.00
GCC	71	25.87	23.31	23.40	27.43	0.00	0.00
GCC	72	25.80	23.37	23.46	27.37	0.00	0.00
GCC	73	25.86	23.32	23.40	27.43	0.00	0.00
GCC	74	25.87	23.32	23.40	27.42	0.00	0.00
GCC	75	25.81	23.37	23.46	27.36	0.00	0.00
GCC	76	25.86	23.33	23.40	27.41	0.00	0.00
GCC	77	25.86	23.32	23.40	27.43	0.00	0.00
GCC	78	25.81	23.36	23.45	27.38	0.00	0.00
GCC	79	25.85	23.33	23.42	27.40	0.02	0.00
GCC	80	25.88	23.32	23.40	27.40	0.00	0.00
GCC	81	25.82	23.36	23.44	27.37	0.00	0.00
GCC	82	25.88	23.33	23.40	27.39	0.00	0.00
GCC	83	25.87	23.33	23.39	27.40	0.00	0.00
GCC	84	25.83	23.37	23.45	27.35	0.00	0.00
GCC	85	25.86	23.34	23.42	27.39	0.00	0.00
GCC	86	25.89	23.33	23.40	27.39	0.00	0.00
GCC	87	25.85	23.38	23.43	27.35	0.00	0.00
GCC	88	25.87	23.34	23.41	27.38	0.01	0.00
GCC	89	25.88	23.35	23.41	27.36	0.01	0.00
GCC	90	25.84	23.38	23.46	27.32	0.02	0.00
GCC	91	25.87	23.35	23.41	27.36	0.05	0.00
GCC	92	25.88	23.35	23.42	27.35	0.06	0.00
GCC	93	25.84	23.39	23.46	27.31	0.20	0.00
GCC	94	25.88	23.37	23.43	27.33	0.04	0.00
GCC	95	25.88	23.37	23.43	27.32	0.00	0.00
GCC	96	25.83	23.40	23.47	27.29	0.00	0.00
GCC	97	25.88	23.37	23.44	27.31	0.00	0.00
GCC	98	25.88	23.36	23.43	27.32	0.00	0.00
GCC	99	25.84	23.41	23.47	27.28	0.00	0.00
GCC	100	25.86	23.39	23.46	27.29	0.00	0.00
GCC	101	25.67	23.56	23.63	27.13	0.00	0.00
# ACGT content per cycle, read oriented. Use `grep ^GCT | cut -f 2-` to extract this part. The columns are: cycle; A,C,G,T base counts as a percentage of all A/C/G/T bases [%]
GCT	1	28.75	26.78	14.79	29.67
GCT	2	30.75	18.79	25.83	24.63
GCT	3	26.86	23.07	23.34	26.73
GCT	4	26.28	24.68	22.58	26.47
GCT	5	26.96	22.57	22.02	28.44
GCT	6	26.53	24.48	22.80	26.19
GCT	7	25.87	23.45	22.98	27.70
GCT	8	26.27	23.63	22.03	28.07
GCT	9	25.79	23.76	22.21	28.23
GCT	10	26.58	23.87	22.76	26.78
GCT	11	26.45	23.72	22.78	27.05
GCT	12	26.40	23.66	22.82	27.12
GCT	13	26.62	23.45	22.59	27.35
GCT	14	26.67	23.34	22.69	27.30
GCT	15	26.49	23.66	22.57	27.28
GCT	16	26.51	23.60	22.52	27.37
GCT	17	26.45	23.55	22.66	27.34
GCT	18	26.35	23.74	22.63	27.29
GCT	19	26.36	23.70	22.59	27.34
GCT	20	26.41	23.57	22.77	27.25
GCT	21	26.35	23.69	22.77	27.19
GCT	22	26.40	23.70	22.70	27.20
GCT	23	26.43	23.63	22.78	27.16
GCT	24	26.36	23.72	22.85	27.07
GCT	25	26.44	23.69	22.74	27.13
GCT	26	26.48	23.52	22.90	27.09
GCT	27	26.40	23.65	22.94	27.01
GCT	28	26.49	23.62	22.84	27.05
GCT	29	26.51	23.52	22.95	27.02
GCT	30	26.40	23.63	22.95	27.01
GCT	31	26.48	23.61	22.90	27.01
GCT	32	26.53	23.51	22.99	26.97
GCT	33	26.43	23.64	23.01	26.92
GCT	34	26.53	23.58	22.95	26.94
GCT	35	26.53	23.52	23.04	26.91
GCT	36	26.45	23.64	23.02	26.88
GCT	37	26.51	23.60	22.96	26.93
GCT	38	26.55	23.51	23.05	26.90
GCT	39	26.45	23.63	23.07	26.85
GCT	40	26.50	23.57	23.00	26.93
GCT	41	26.51	23.51	23.11	26.87
GCT	42	26.44	23.63	23.11	26.81
GCT	43	26.50	23.60	23.02	26.88
GCT	44	26.53	23.50	23.09	26.87
GCT	45	26.45	23.62	23.10	26.83
GCT	46	26.51	23.56	23.06	26.86
GCT	47	26.54	23.47	23.16	26.83
GCT	48	26.48	23.59	23.12	26.81
GCT	49	26.51	23.58	23.07	26.84
GCT	50	26.55	23.49	23.14	26.82
GCT	51	26.48	23.58	23.14	26.81
GCT	52	26.50	23.54	23.09	26.88
GCT	53	26.54	23.45	23.16	26.85
GCT	54	26.45	23.57	23.14	26.84
GCT	55	26.53	23.55	23.11	26.82
GCT	56	26.56	23.45	23.19	26.81
GCT	57	26.50	23.55	23.18	26.76
GCT	58	26.54	23.52	23.13	26.80
GCT	59	26.57	23.43	23.22	26.78
GCT	60	26.49	23.56	23.20	26.75
GCT	61	26.53	23.53	23.14	26.79
GCT	62	26.56	23.44	23.22	26.79
GCT	63	26.48	23.56	23.21	26.76
GCT	64	26.56	23.50	23.17	26.78
GCT	65	26.56	23.42	23.26	26.76
GCT	66	26.51	23.50	23.26	26.73
GCT	67	26.54	23.49	23.22	26.75
GCT	68	26.55	23.41	23.30	26.74
GCT	69	26.51	23.50	23.29	26.69
GCT	70	26.56	23.47	23.25	26.72
GCT	71	26.59	23.38	23.33	26.70
GCT	72	26.50	23.49	23.34	26.66
GCT	73	26.58	23.46	23.25	26.70
GCT	74	26.60	23.38	23.34	26.68
GCT	75	26.53	23.45	23.38	26.64
GCT	76	26.59	23.44	23.29	26.68
GCT	77	26.62	23.33	23.38	26.67
GCT	78	26.56	23.42	23.39	26.63
GCT	79	26.59	23.41	23.34	26.66
GCT	80	26.63	23.33	23.39	26.65
GCT	81	26.57	23.41	23.40	26.63
GCT	82	26.62	23.39	23.35	26.64
GCT	83	26.62	23.30	23.42	26.65
GCT	84	26.56	23.39	23.42	26.62
GCT	85	26.62	23.40	23.36	26.63
GCT	86	26.66	23.30	23.43	26.61
GCT	87	26.60	23.36	23.44	26.59
GCT	88	26.66	23.34	23.41	26.59
GCT	89	26.67	23.28	23.48	26.57
GCT	90	26.61	23.36	23.48	26.55
GCT	91	26.65	23.34	23.42	26.58
GCT	92	26.67	23.28	23.50	26.56
GCT	93	26.62	23.35	23.49	26.54
GCT	94	26.67	23.34	23.45	26.53
GCT	95	26.68	23.28	23.52	26.52
GCT	96	26.63	23.34	23.54	26.50
GCT	97	26.68	23.31	23.50	26.50
GCT	98	26.71	23.24	23.56	26.49
GCT	99	26.66	23.29	23.58	26.46
GCT	100	26.69	23.29	23.55	26.47
GCT	101	26.68	23.33	23.87	26.13
# ACGT content per cycle for first fragments. Use `grep ^FBC | cut -f 2-` to extract this part. The columns are: cycle; A,C,G,T base counts as a percentage of all A/C/G/T bases [%]; and N and O counts as a percentage of all A/C/G/T bases [%]
FBC	1	28.98	21.15	20.31	29.56	0.00	0.00
FBC	2	27.39	22.29	22.25	28.06	0.00	0.00
FBC	3	26.40	23.15	23.06	27.39	0.00	0.00
FBC	4	26.01	23.62	23.58	26.79	0.00	0.00
FBC	5	27.25	22.39	22.38	27.99	0.01	0.00
FBC	6	25.89	23.76	23.75	26.60	0.00	0.00
FBC	7	26.36	23.25	23.25	27.14	0.00	0.00
FBC	8	26.66	22.93	22.95	27.46	0.00	0.00
FBC	9	26.49	23.06	23.11	27.34	0.00	0.00
FBC	10	26.20	23.38	23.43	26.99	0.00	0.00
FBC	11	26.26	23.31	23.37	27.06	0.00	0.00
FBC	12	26.26	23.29	23.32	27.12	0.02	0.00
FBC	13	26.49	23.04	23.09	27.38	0.00	0.00
FBC	14	26.47	23.06	23.08	27.39	0.00	0.00
FBC	15	26.36	23.15	23.17	27.31	0.00	0.00
FBC	16	26.42	23.08	23.11	27.38	0.00	0.00
FBC	17	26.37	23.13	23.16	27.34	0.00	0.00
FBC	18	26.29	23.21	23.24	27.27	0.00	0.00
FBC	19	26.34	23.15	23.17	27.33	0.05	0.00
FBC	20	26.29	23.18	23.22	27.31	0.00	0.00
FBC	21	26.22	23.25	23.27	27.26	0.00	0.00
FBC	22	26.25	23.21	23.22	27.32	0.00	0.00
FBC	23	26.26	23.20	23.20	27.34	0.00	0.00
FBC	24	26.14	23.30	23.30	27.25	0.00	0.00
FBC	25	26.19	23.25	23.24	27.32	0.00	0.00
FBC	26	26.20	23.23	23.24	27.33	0.00	0.00
FBC	27	26.10	23.31	23.34	27.25	0.00	0.00
FBC	28	26.18	23.23	23.26	27.33	0.00	0.00
FBC	29	26.15	23.24	23.27	27.34	0.00	0.00
FBC	30	26.07	23.31	23.32	27.30	0.00	0.00
FBC	31	26.11	23.27	23.28	27.34	0.00	0.00
FBC	32	26.13	23.26	23.28	27.33	0.00	0.00
FBC	33	26.02	23.33	23.36	27.29	0.00	0.00
FBC	34	26.09	23.27	23.29	27.36	0.00	0.00
FBC	35	26.06	23.28	23.30	27.36	0.00	0.00
FBC	36	25.99	23.34	23.36	27.31	0.00	0.00
FBC	37	26.03	23.28	23.30	27.39	0.00	0.00
FBC	38	26.05	23.28	23.30	27.37	0.00	0.00
FBC	39	25.97	23.34	23.38	27.31	0.00	0.00
FBC	40	25.99	23.30	23.33	27.38	0.00	0.00
FBC	41	26.00	23.30	23.34	27.35	0.00	0.00
FBC	42	25.91	23.36	23.40	27.33	0.00	0.00
FBC	43	25.98	23.30	23.32	27.39	0.00	0.00
FBC	44	25.98	23.29	23.31	27.42	0.00	0.00
FBC	45	25.90	23.36	23.39	27.36	0.00	0.00
FBC	46	25.95	23.30	23.33	27.41	0.00	0.00
FBC	47	25.95	23.31	23.34	27.41	0.00	0.00
FBC	48	25.90	23.34	23.38	27.38	0.00	0.00
FBC	49	25.91	23.32	23.36	27.41	0.00	0.00
FBC	50	25.93	23.30	23.35	27.42	0.00	0.00
FBC	51	25.88	23.34	23.39	27.39	0.00	0.00
FBC	52	25.91	23.32	23.36	27.42	0.00	0.00
FBC	53	25.92	23.30	23.34	27.44	0.00	0.00
FBC	54	25.84	23.36	23.41	27.39	0.00	0.00
FBC	55	25.89	23.31	23.37	27.44	0.00	0.00
FBC	56	25.90	23.30	23.36	27.44	0.00	0.00
FBC	57	25.83	23.36	23.41	27.39	0.00	0.00
FBC	58	25.89	23.30	23.37	27.43	0.00	0.00
FBC	59	25.88	23.31	23.38	27.44	0.00	0.00
FBC	60	25.82	23.36	23.43	27.39	0.00	0.00
FBC	61	25.86	23.32	23.38	27.43	0.00	0.00
FBC	62	25.89	23.31	23.38	27.43	0.00	0.00
FBC	63	25.82	23.36	23.43	27.39	0.00	0.00
FBC	64	25.88	23.31	23.38	27.44	0.00	0.00
FBC	65	25.86	23.32	23.39	27.42	0.00	0.00
FBC	66	25.81	23.36	23.44	27.39	0.00	0.00
FBC	67	25.84	23.33	23.41	27.42	0.00	0.00
FBC	68	25.85	23.33	23.41	27.41	0.00	0.00
FBC	69	25.80	23.36	23.46	27.38	0.00	0.00
FBC	70	25.84	23.32	23.43	27.41	0.00	0.00
FBC	71	25.84	23.33	23.41	27.42	0.00	0.00
FBC	72	25.78	23.40	23.48	27.35	0.00	0.00
FBC	73	25.85	23.35	23.41	27.40	0.00	0.00
FBC	74	25.85	23.34	23.41	27.40	0.00	0.00
FBC	75	25.79	23.39	23.48	27.34	0.00	0.00
FBC	76	25.84	23.34	23.42	27.40	0.00	0.00
FBC	77	25.85	23.33	23.41	27.42	0.00	0.00
FBC	78	25.80	23.37	23.45	27.37	0.00	0.00
FBC	79	25.84	23.34	23.43	27.39	0.00	0.00
FBC	80	25.86	23.35	23.42	27.38	0.00	0.00
FBC	81	25.81	23.39	23.46	27.34	0.00	0.00
FBC	82	25.86	23.36	23.42	27.36	0.00	0.00
FBC	83	25.86	23.35	23.41	27.38	0.00	0.00
FBC	84	25.80	23.39	23.47	27.33	0.00	0.00
FBC	85	25.85	23.35	23.43	27.37	0.00	0.00
FBC	86	25.87	23.34	23.42	27.37	0.00	0.00
FBC	87	25.83	23.39	23.45	27.33	0.00	0.00
FBC	88	25.86	23.36	23.43	27.36	0.01	0.00
FBC	89	25.86	23.36	23.44	27.33	0.01	0.00
FBC	90	25.82	23.38	23.49	27.31	0.00	0.00
FBC	91	25.86	23.37	23.43	27.34	0.00	0.00
FBC	92	25.86	23.36	23.44	27.34	0.00	0.00
FBC	93	25.84	23.39	23.46	27.30	0.00	0.00
FBC	94	25.87	23.38	23.44	27.31	0.00	0.00
FBC	95	25.87	23.37	23.44	27.32	0.00	0.00
FBC	96	25.82	23.42	23.49	27.28	0.00	0.00
FBC	97	25.88	23.38	23.46	27.29	0.00	0.00
FBC	98	25.88	23.36	23.45	27.32	0.00	0.00
FBC	99	25.84	23.41	23.48	27.26	0.00	0.00
FBC	100	25.85	23.39	23.47	27.28	0.00	0.00
FBC	101	25.70	23.53	23.63	27.14	0.00	0.00
# ACGT raw counters for first fragments. Use `grep ^FTC | cut -f 2-` to extract this part. The columns are: A,C,G,T,N base counters
FTC	902902364	806602435	807908204	948656279	41612
# ACGT content per cycle for last fragments. Use `grep ^LBC | cut -f 2-` to extract this part. The columns are: cycle; A,C,G,T base counts as a percentage of all A/C/G/T bases [%]; and N and O counts as a percentage of all A/C/G/T bases [%]
LBC	1	28.88	20.92	20.76	29.44	0.01	0.00
LBC	2	27.24	22.45	22.23	28.08	0.00	0.00
LBC	3	26.25	23.34	23.27	27.14	0.00	0.00
LBC	4	25.98	23.63	23.68	26.71	0.00	0.00
LBC	5	27.44	22.20	22.22	28.14	0.92	0.00
LBC	6	26.11	23.52	23.54	26.83	0.00	0.00
LBC	7	26.46	23.17	23.20	27.17	0.00	0.00
LBC	8	26.90	22.67	22.77	27.66	0.00	0.00
LBC	9	26.73	22.84	22.93	27.49	1.07	0.00
LBC	10	26.38	23.19	23.27	27.16	0.00	0.00
LBC	11	26.44	23.12	23.19	27.25	0.00	0.00
LBC	12	26.41	23.14	23.21	27.24	0.00	0.00
LBC	13	26.59	22.95	22.99	27.47	0.00	0.00
LBC	14	26.59	22.96	22.98	27.48	0.00	0.00
LBC	15	26.47	23.05	23.08	27.40	0.00	0.00
LBC	16	26.52	23.01	23.04	27.44	0.11	0.00
LBC	17	26.47	23.03	23.09	27.40	0.00	0.00
LBC	18	26.36	23.11	23.18	27.36	0.00	0.00
LBC	19	26.38	23.10	23.15	27.36	0.01	0.00
LBC	20	26.36	23.11	23.17	27.36	1.77	0.00
LBC	21	26.27	23.18	23.22	27.32	0.00	0.00
LBC	22	26.31	23.15	23.21	27.33	0.00	0.00
LBC	23	26.25	23.19	23.23	27.33	0.00	0.00
LBC	24	26.20	23.24	23.29	27.27	0.00	0.00
LBC	25	26.27	23.17	23.20	27.36	0.00	0.00
LBC	26	26.26	23.18	23.20	27.36	0.00	0.00
LBC	27	26.16	23.25	23.29	27.30	0.00	0.00
LBC	28	26.21	23.18	23.25	27.36	0.00	0.00
LBC	29	26.20	23.19	23.24	27.37	0.00	0.00
LBC	30	26.14	23.25	23.29	27.32	0.00	0.00
LBC	31	26.14	23.21	23.27	27.38	0.00	0.00
LBC	32	26.16	23.20	23.26	27.38	0.00	0.00
LBC	33	26.07	23.29	23.32	27.32	0.01	0.00
LBC	34	26.11	23.23	23.28	27.38	0.00	0.00
LBC	35	26.09	23.24	23.29	27.38	0.00	0.00
LBC	36	26.03	23.30	23.33	27.33	0.00	0.00
LBC	37	26.07	23.25	23.29	27.39	0.00	0.00
LBC	38	26.06	23.25	23.28	27.40	0.00	0.00
LBC	39	25.98	23.31	23.37	27.34	0.00	0.00
LBC	40	26.07	23.22	23.29	27.42	0.05	0.00
LBC	41	26.02	23.28	23.30	27.40	0.00	0.00
LBC	42	25.94	23.33	23.40	27.34	0.00	0.00
LBC	43	25.99	23.28	23.34	27.39	0.00	0.00
LBC	44	25.99	23.28	23.32	27.42	0.00	0.00
LBC	45	25.93	23.31	23.38	27.37	0.00	0.00
LBC	46	25.97	23.27	23.34	27.42	0.00	0.00
LBC	47	25.96	23.28	23.34	27.43	0.00	0.00
LBC	48	25.92	23.31	23.38	27.39	0.00	0.00
LBC	49	25.95	23.30	23.33	27.42	0.00	0.00
LBC	50	25.95	23.26	23.34	27.44	0.00	0.00
LBC	51	25.90	23.31	23.39	27.41	0.00	0.00
LBC	52	25.96	23.26	23.31	27.46	0.02	0.00
LBC	53	25.94	23.26	23.33	27.47	0.00	0.00
LBC	54	25.91	23.28	23.37	27.43	0.13	0.00
LBC	55	25.92	23.27	23.36	27.44	0.00	0.00
LBC	56	25.93	23.27	23.35	27.46	0.00	0.00
LBC	57	25.88	23.30	23.39	27.42	0.00	0.00
LBC	58	25.92	23.27	23.37	27.44	0.00	0.00
LBC	59	25.92	23.28	23.33	27.47	0.00	0.00
LBC	60	25.85	23.32	23.41	27.43	0.00	0.00
LBC	61	25.90	23.28	23.36	27.45	0.00	0.00
LBC	62	25.92	23.28	23.34	27.46	0.00	0.00
LBC	63	25.86	23.32	23.41	27.40	0.00	0.00
LBC	64	25.90	23.26	23.38	27.45	0.00	0.00
LBC	65	25.90	23.27	23.36	27.47	0.00	0.00
LBC	66	25.87	23.31	23.41	27.42	0.00	0.00
LBC	67	25.88	23.31	23.37	27.44	0.00	0.00
LBC	68	25.90	23.30	23.38	27.43	0.00	0.00
LBC	69	25.83	23.35	23.42	27.40	0.00	0.00
LBC	70	25.86	23.30	23.40	27.44	0.00	0.00
LBC	71	25.89	23.29	23.38	27.44	0.00	0.00
LBC	72	25.82	23.35	23.44	27.39	0.00	0.00
LBC	73	25.87	23.29	23.40	27.45	0.00	0.00
LBC	74	25.88	23.30	23.38	27.44	0.00	0.00
LBC	75	25.83	23.35	23.44	27.38	0.00	0.00
LBC	76	25.88	23.31	23.39	27.42	0.00	0.00
LBC	77	25.87	23.30	23.39	27.44	0.00	0.00
LBC	78	25.82	23.35	23.45	27.39	0.00	0.00
LBC	79	25.87	23.31	23.40	27.41	0.03	0.00
LBC	80	25.90	23.30	23.38	27.42	0.00	0.00
LBC	81	25.83	23.34	23.43	27.40	0.00	0.00
LBC	82	25.89	23.31	23.38	27.42	0.00	0.00
LBC	83	25.89	23.31	23.38	27.42	0.00	0.00
LBC	84	25.85	23.34	23.43	27.37	0.00	0.00
LBC	85	25.87	23.32	23.40	27.40	0.00	0.00
LBC	86	25.90	23.31	23.38	27.41	0.00	0.00
LBC	87	25.87	23.36	23.41	27.36	0.00	0.00
LBC	88	25.88	23.33	23.39	27.40	0.00	0.00
LBC	89	25.89	23.33	23.39	27.39	0.00	0.00
LBC	90	25.86	23.38	23.43	27.33	0.03	0.00
LBC	91	25.89	23.33	23.40	27.38	0.10	0.00
LBC	92	25.89	23.34	23.41	27.36	0.12	0.00
LBC	93	25.85	23.38	23.45	27.32	0.40	0.00
LBC	94	25.89	23.36	23.41	27.35	0.08	0.00
LBC	95	25.89	23.36	23.43	27.32	0.00	0.00
LBC	96	25.85	23.39	23.46	27.31	0.00	0.00
LBC	97	25.88	23.37	23.43	27.32	0.00	0.00
LBC	98	25.88	23.37	23.42	27.33	0.00	0.00
LBC	99	25.85	23.41	23.45	27.29	0.00	0.00
LBC	100	25.87	23.38	23.44	27.30	0.00	0.00
LBC	101	25.65	23.58	23.64	27.12	0.00	0.00
# ACGT raw counters for last fragments. Use `grep ^LTC | cut -f 2-` to extract this part. The columns are: A,C,G,T,N base counters
LTC	903964201	804526472	806520459	949445863	1653899
# Insert sizes. Use `grep ^IS | cut -f 2-` to extract this part. The columns are: insert size, pairs total, inward oriented pairs, outward oriented pairs, other pairs
IS	0	1	0	1	0
IS	1	0	0	0	0
IS	2	10	0	10	0
IS	3	19	0	19	0
IS	4	19	0	19	0
IS	5	16	0	16	0
IS	6	19	0	19	0
IS	7	29	0	29	0
IS	8	10	0	10	0
IS	9	22	0	22	0
IS	10	21	0	21	0
IS	11	21	0	21	0
IS	12	21	0	21	0
IS	13	20	0	20	0
IS	14	32	0	32	0
IS	15	21	0	21	0
IS	16	18	0	18	0
IS	17	26	0	26	0
IS	18	33	0	33	0
IS	19	2382	2239	143	0
IS	20	1503	1436	67	0
IS	21	602	526	76	0
IS	22	192	154	37	1
IS	23	74	44	30	0
IS	24	221	183	38	0
IS	25	74	35	39	0
IS	26	66	25	41	0
IS	27	81	34	47	0
IS	28	49	26	23	0
IS	29	60	24	36	0
IS	30	61	25	36	0
IS	31	61	31	30	0
IS	32	71	34	37	0
IS	33	70	36	34	0
IS	34	80	39	41	0
IS	35	53	27	26	0
IS	36	80	32	47	1
IS	37	84	46	38	0
IS	38	104	53	51	0
IS	39	106	54	52	0
IS	40	116	63	53	0
IS	41	131	75	56	0
IS	42	105	63	42	0
IS	43	114	57	57	0
IS	44	121	63	58	0
IS	45	113	59	54	0
IS	46	100	58	42	0
IS	47	113	69	44	0
IS	48	118	75	43	0
IS	49	163	92	71	0
IS	50	128	71	57	0
IS	51	145	104	41	0
IS	52	188	118	70	0
IS	53	160	100	60	0
IS	54	211	131	80	0
IS	55	181	125	56	0
IS	56	212	140	72	0
IS	57	222	154	68	0
IS	58	229	165	64	0
IS	59	270	204	66	0
IS	60	246	177	69	0
IS	61	309	229	80	0
IS	62	320	246	74	0
IS	63	386	303	82	1
IS	64	419	328	90	1
IS	65	404	331	72	1
IS	66	509	419	90	0
IS	67	552	469	83	0
IS	68	638	541	95	2
IS	69	736	645	91	0
IS	70	927	833	93	1
IS	71	999	904	95	0
IS	72	1103	1016	87	0
IS	73	1325	1231	93	1
IS	74	1696	1620	75	1
IS	75	1902	1816	84	2
IS	76	2292	2225	66	1
IS	77	2692	2605	85	2
IS	78	3168	3070	97	1
IS	79	3926	3855	71	0
IS	80	4515	4422	92	1
IS	81	5522	5431	89	2
IS	82	6030	5950	78	2
IS	83	7263	7199	64	0
IS	84	8590	8503	87	0
IS	85	10178	10085	93	0
IS	86	11508	11423	84	1
IS	87	12986	12900	86	0
IS	88	14641	14545	96	0
IS	89	16480	16402	78	0
IS	90	18928	18823	104	1
IS	91	21153	21064	87	2
IS	92	23433	23347	86	0
IS	93	25788	25703	84	1
IS	94	28735	28633	101	1
IS	95	31272	31154	117	1
IS	96	34035	33917	118	0
IS	97	37615	37519	96	0
IS	98	40897	40750	147	0
IS	99	44346	44158	188	0
IS	100	48474	48104	370	0
IS	101	52623	52606	17	0
IS	102	56591	56582	8	1
IS	103	60597	60591	4	2
IS	104	65318	65310	8	0
IS	105	70079	70073	5	1
IS	106	75275	75274	1	0
IS	107	80237	80234	1	2
IS	108	86072	86069	2	1
IS	109	90868	90866	1	1
IS	110	96963	96959	3	1
IS	111	103146	103143	1	2
IS	112	108454	108452	1	1
IS	113	114984	114982	1	1
IS	114	121430	121426	1	3
IS	115	127954	127948	2	4
IS	116	134723	134722	1	0
IS	117	141352	141349	1	2
IS	118	148677	148677	0	0
IS	119	156040	156038	1	1
IS	120	162896	162893	1	2
IS	121	169829	169827	1	1
IS	122	176446	176443	2	1
IS	123	183465	183464	1	0
IS	124	190445	190444	0	1
IS	125	198301	198300	1	0
IS	126	205189	205184	2	3
IS	127	211831	211830	0	1
IS	128	218364	218361	3	0
IS	129	224417	224417	0	0
IS	130	232203	232203	0	0
IS	131	237802	237800	0	2
IS	132	243438	243438	0	0
IS	133	249257	249255	2	0
IS	134	255870	255867	0	3
IS	135	260379	260377	1	1
IS	136	264936	264934	2	0
IS	137	269829	269826	1	2
IS	138	275297	275295	1	1
IS	139	280496	280495	0	1
IS	140	284721	284718	1	2
IS	141	287730	287729	0	1
IS	142	292656	292654	1	1
IS	143	295707	295706	1	0
IS	144	296737	296734	3	0
IS	145	299872	299868	3	1
IS	146	301434	301434	0	0
IS	147	304984	304980	3	1
IS	148	307605	307604	1	0
IS	149	308617	308613	3	1
IS	150	309927	309925	1	1
IS	151	311842	311842	0	0
IS	152	313068	313064	2	2
IS	153	312720	312719	1	0
IS	154	312332	312331	1	0
IS	155	313539	313537	0	2
IS	156	311852	311852	0	0
IS	157	311800	311797	2	1
IS	158	311027	311027	0	0
IS	159	310328	310328	0	0
IS	160	310343	310340	2	1
IS	161	309543	309542	1	0
IS	162	307110	307106	2	2
IS	163	305678	305674	3	1
IS	164	305111	305109	1	1
IS	165	301764	301762	1	1
IS	166	299200	299199	0	1
IS	167	299687	299687	0	0
IS	168	296600	296598	2	0
IS	169	294859	294858	1	0
IS	170	292698	292696	1	1
IS	171	289355	289353	1	1
IS	172	285943	285939	3	1
IS	173	284512	284508	3	1
IS	174	280795	280795	0	0
IS	175	277750	277748	0	2
IS	176	276375	276373	2	0
IS	177	272454	272451	2	1
IS	178	269113	269110	3	0
IS	179	266594	266593	1	0
IS	180	263678	263676	2	0
IS	181	261218	261214	4	0
IS	182	256892	256889	3	0
IS	183	253221	253220	1	0
IS	184	250900	250899	0	1
IS	185	247462	247459	2	1
IS	186	244261	244260	1	0
IS	187	240013	240010	2	1
IS	188	238091	238090	1	0
IS	189	233266	233265	1	0
IS	190	230372	230371	1	0
IS	191	227680	227676	4	0
IS	192	224011	224007	2	2
IS	193	220732	220730	2	0
IS	194	217663	217663	0	0
IS	195	214699	214698	1	0
IS	196	211167	211165	2	0
IS	197	207598	207597	1	0
IS	198	205834	205831	3	0
IS	199	201832	201829	3	0
IS	200	199187	199186	1	0
IS	201	196467	196467	0	0
IS	202	192559	192559	0	0
IS	203	189385	189381	3	1
IS	204	186086	186085	1	0
IS	205	183419	183419	0	0
IS	206	180164	180163	0	1
IS	207	177035	177035	0	0
IS	208	174843	174842	1	0
IS	209	172459	172459	0	0
IS	210	168500	168497	3	0
IS	211	165257	165255	1	1
IS	212	162429	162429	0	0
IS	213	159834	159832	1	1
IS	214	157599	157598	1	0
IS	215	154941	154938	1	2
IS	216	151238	151236	1	1
IS	217	149697	149692	4	1
IS	218	146837	146835	1	1
IS	219	143466	143463	3	0
IS	220	141180	141178	2	0
IS	221	138805	138805	0	0
IS	222	136166	136164	2	0
IS	223	134013	134011	2	0
IS	224	131901	131899	1	1
IS	225	129941	129939	2	0
IS	226	127349	127347	2	0
IS	227	124454	124451	3	0
IS	228	123014	123010	3	1
IS	229	120685	120684	1	0
IS	230	118438	118438	0	0
IS	231	116219	116218	1	0
IS	232	114049	114048	1	0
IS	233	112624	112623	1	0
IS	234	109697	109696	1	0
IS	235	107404	107403	0	1
IS	236	104994	104991	3	0
IS	237	103356	103355	1	0
IS	238	101585	101584	1	0
IS	239	99617	99616	1	0
IS	240	98590	98590	0	0
IS	241	96186	96186	0	0
IS	242	94972	94972	0	0
IS	243	92982	92982	0	0
IS	244	90558	90557	1	0
IS	245	88846	88843	3	0
IS	246	87012	87012	0	0
IS	247	85925	85925	0	0
IS	248	84110	84110	0	0
IS	249	82220	82220	0	0
IS	250	81288	81287	1	0
IS	251	79801	79801	0	0
IS	252	77748	77747	0	1
IS	253	76741	76741	0	0
IS	254	75010	75010	0	0
IS	255	73218	73217	1	0
IS	256	71642	71639	3	0
IS	257	71238	71238	0	0
IS	258	69741	69740	0	1
IS	259	68137	68136	0	1
IS	260	66867	66867	0	0
IS	261	65878	65877	0	1
IS	262	64433	64433	0	0
IS	263	63199	63199	0	0
IS	264	61995	61995	0	0
IS	265	60235	60235	0	0
IS	266	59478	59478	0	0
IS	267	58033	58033	0	0
IS	268	57167	57166	0	1
IS	269	55690	55690	0	0
IS	270	55338	55338	0	0
IS	271	54097	54097	0	0
IS	272	52896	52896	0	0
IS	273	51423	51423	0	0
IS	274	50816	50816	0	0
IS	275	49699	49697	1	1
IS	276	49136	49135	0	1
IS	277	47374	47372	2	0
IS	278	47049	47049	0	0
IS	279	45851	45851	0	0
IS	280	45146	45146	0	0
IS	281	44492	44491	0	1
IS	282	43471	43470	1	0
IS	283	42237	42237	0	0
IS	284	41562	41562	0	0
IS	285	40799	40798	1	0
IS	286	39886	39886	0	0
IS	287	39163	39163	0	0
IS	288	38511	38510	1	0
IS	289	37737	37736	1	0
IS	290	36850	36850	0	0
IS	291	36303	36303	0	0
IS	292	35363	35363	0	0
IS	293	34720	34720	0	0
IS	294	34014	34013	1	0
IS	295	33866	33866	0	0
IS	296	32896	32896	0	0
IS	297	32110	32110	0	0
IS	298	31327	31326	0	1
IS	299	31165	31165	0	0
IS	300	30349	30349	0	0
IS	301	29451	29451	0	0
IS	302	29314	29313	1	0
IS	303	28623	28623	0	0
IS	304	27670	27668	2	0
IS	305	27208	27208	0	0
IS	306	26658	26657	1	0
IS	307	26258	26257	1	0
IS	308	25773	25773	0	0
IS	309	25006	25006	0	0
IS	310	24849	24848	1	0
IS	311	24474	24474	0	0
IS	312	23413	23413	0	0
IS	313	23155	23154	1	0
IS	314	23065	23065	0	0
IS	315	22133	22132	1	0
IS	316	21960	21960	0	0
IS	317	21325	21325	0	0
IS	318	20714	20714	0	0
IS	319	20546	20546	0	0
IS	320	20212	20210	2	0
IS	321	20039	20037	2	0
IS	322	19572	19572	0	0
IS	323	19158	19155	3	0
IS	324	18468	18468	0	0
IS	325	18389	18389	0	0
IS	326	18106	18105	1	0
IS	327	17499	17498	1	0
IS	328	17173	17173	0	0
IS	329	16749	16748	1	0
IS	330	16638	16638	0	0
IS	331	16054	16054	0	0
IS	332	16188	16188	0	0
IS	333	15607	15605	1	1
IS	334	15308	15306	2	0
IS	335	14982	14982	0	0
IS	336	14821	14821	0	0
IS	337	14498	14498	0	0
IS	338	14157	14155	2	0
IS	339	13782	13782	0	0
IS	340	13682	13682	0	0
IS	341	13340	13339	0	1
IS	342	13011	13011	0	0
IS	343	12763	12763	0	0
IS	344	12236	12235	1	0
IS	345	12424	12423	0	1
IS	346	12045	12045	0	0
IS	347	11668	11667	0	1
IS	348	11574	11574	0	0
IS	349	11299	11299	0	0
IS	350	11195	11195	0	0
IS	351	10754	10754	0	0
IS	352	10660	10660	0	0
IS	353	10491	10491	0	0
IS	354	10265	10265	0	0
IS	355	9977	9977	0	0
IS	356	9805	9804	1	0
IS	357	9508	9508	0	0
IS	358	9557	9557	0	0
IS	359	9216	9215	0	1
IS	360	9044	9044	0	0
IS	361	8971	8970	1	0
IS	362	8733	8733	0	0
IS	363	8485	8485	0	0
IS	364	8379	8378	1	0
IS	365	8310	8310	0	0
IS	366	8033	8033	0	0
IS	367	8006	8006	0	0
IS	368	7835	7835	0	0
IS	369	7471	7471	0	0
IS	370	7389	7389	0	0
IS	371	7326	7326	0	0
IS	372	7092	7092	0	0
IS	373	6872	6872	0	0
# Read lengths. Use `grep ^RL | cut -f 2-` to extract this part. The columns are: read length, count
RL	31	1914
RL	32	1768
RL	33	1542
RL	34	1448
RL	35	1398
RL	36	1306
RL	37	1232
RL	38	1050
RL	39	990
RL	40	896
RL	41	804
RL	42	752
RL	43	636
RL	44	676
RL	45	674
RL	46	622
RL	47	578
RL	48	536
RL	49	534
RL	50	454
RL	51	556
RL	52	512
RL	53	532
RL	54	552
RL	55	630
RL	56	616
RL	57	596
RL	58	602
RL	59	616
RL	60	638
RL	61	732
RL	62	800
RL	63	836
RL	64	858
RL	65	932
RL	66	1002
RL	67	1172
RL	68	1320
RL	69	1422
RL	70	1770
RL	71	1944
RL	72	2174
RL	73	2584
RL	74	3228
RL	75	3744
RL	76	4538
RL	77	5306
RL	78	6196
RL	79	7620
RL	80	8856
RL	81	10822
RL	82	11892
RL	83	14408
RL	84	16930
RL	85	20180
RL	86	22762
RL	87	25878
RL	88	29140
RL	89	32808
RL	90	37624
RL	91	41988
RL	92	46708
RL	93	51374
RL	94	57190
RL	95	62256
RL	96	67772
RL	97	75022
RL	98	81212
RL	99	88346
RL	100	96396
RL	101	67755394
# Read lengths - first fragments. Use `grep ^FRL | cut -f 2-` to extract this part. The columns are: read length, count
FRL	31	957
FRL	32	884
FRL	33	771
FRL	34	724
FRL	35	699
FRL	36	653
FRL	37	616
FRL	38	525
FRL	39	495
FRL	40	448
FRL	41	402
FRL	42	376
FRL	43	318
FRL	44	338
FRL	45	337
FRL	46	311
FRL	47	289
FRL	48	268
FRL	49	267
FRL	50	227
FRL	51	278
FRL	52	256
FRL	53	266
FRL	54	276
FRL	55	315
FRL	56	308
FRL	57	298
FRL	58	301
FRL	59	308
FRL	60	319
FRL	61	366
FRL	62	400
FRL	63	418
FRL	64	429
FRL	65	466
FRL	66	501
FRL	67	586
FRL	68	660
FRL	69	711
FRL	70	885
FRL	71	972
FRL	72	1087
FRL	73	1292
FRL	74	1614
FRL	75	1872
FRL	76	2269
FRL	77	2653
FRL	78	3098
FRL	79	3810
FRL	80	4428
FRL	81	5411
FRL	82	5946
FRL	83	7204
FRL	84	8465
FRL	85	10090
FRL	86	11381
FRL	87	12939
FRL	88	14570
FRL	89	16404
FRL	90	18812
FRL	91	20994
FRL	92	23354
FRL	93	25687
FRL	94	28595
FRL	95	31128
FRL	96	33886
FRL	97	37511
FRL	98	40606
FRL	99	44173
FRL	100	48198
FRL	101	33877697
# Read lengths - last fragments. Use `grep ^LRL | cut -f 2-` to extract this part. The columns are: read length, count
LRL	31	957
LRL	32	884
LRL	33	771
LRL	34	724
LRL	35	699
LRL	36	653
LRL	37	616
LRL	38	525
LRL	39	495
LRL	40	448
LRL	41	402
LRL	42	376
LRL	43	318
LRL	44	338
LRL	45	337
LRL	46	311
LRL	47	289
LRL	48	268
LRL	49	267
LRL	50	227
LRL	51	278
LRL	52	256
LRL	53	266
LRL	54	276
LRL	55	315
LRL	56	308
LRL	57	298
LRL	58	301
LRL	59	308
LRL	60	319
LRL	61	366
LRL	62	400
LRL	63	418
LRL	64	429
LRL	65	466
LRL	66	501
LRL	67	586
LRL	68	660
LRL	69	711
LRL	70	885
LRL	71	972
LRL	72	1087
LRL	73	1292
LRL	74	1614
LRL	75	1872
LRL	76	2269
LRL	77	2653
LRL	78	3098
LRL	79	3810
LRL	80	4428
LRL	81	5411
LRL	82	5946
LRL	83	7204
LRL	84	8465
LRL	85	10090
LRL	86	11381
LRL	87	12939
LRL	88	14570
LRL	89	16404
LRL	90	18812
LRL	91	20994
LRL	92	23354
LRL	93	25687
LRL	94	28595
LRL	95	31128
LRL	96	33886
LRL	97	37511
LRL	98	40606
LRL	99	44173
LRL	100	48198
LRL	101	33877697
# Mapping qualities for reads !(UNMAP|SECOND|SUPPL|QCFAIL|DUP). Use `grep ^MAPQ | cut -f 2-` to extract this part. The columns are: mapq, count
MAPQ	0	7083367
MAPQ	1	15769
MAPQ	2	3802
MAPQ	3	36314
MAPQ	4	5922
MAPQ	5	6546
MAPQ	6	10521
MAPQ	7	19994
MAPQ	8	8363
MAPQ	9	40248
MAPQ	10	18294
MAPQ	11	4884
MAPQ	12	9152
MAPQ	13	15502
MAPQ	14	2969
MAPQ	15	32962
MAPQ	16	5155
MAPQ	17	7215
MAPQ	18	9784
MAPQ	19	17044
MAPQ	20	14544
MAPQ	21	45356
MAPQ	22	43924
MAPQ	23	52273
MAPQ	24	123570
MAPQ	25	290096
MAPQ	26	1656
MAPQ	27	721858
MAPQ	28	3419
MAPQ	29	3342
MAPQ	30	6893
MAPQ	31	13600
MAPQ	32	1591
MAPQ	33	37923
MAPQ	34	3418
MAPQ	35	3567
MAPQ	36	7714
MAPQ	37	17959
MAPQ	38	4215
MAPQ	39	48506
MAPQ	40	533261
MAPQ	41	6163
MAPQ	42	26033
MAPQ	43	23106
MAPQ	44	20078
MAPQ	45	73692
MAPQ	46	41289
MAPQ	47	113453
MAPQ	48	152548
MAPQ	49	134652
MAPQ	50	560991
MAPQ	51	24052
MAPQ	52	46041
MAPQ	53	15171
MAPQ	54	23515
MAPQ	55	62130
MAPQ	56	2295
MAPQ	57	91877
MAPQ	58	3078
MAPQ	59	7236
MAPQ	60	57906585
# Indel distribution. Use `grep ^ID | cut -f 2-` to extract this part. The columns are: length, number of insertions, number of deletions
ID	1	96539	136340
ID	2	27174	38018
ID	3	15202	21161
ID	4	13907	19141
ID	5	14282	6902
ID	6	3492	5409
ID	7	1117	2081
ID	8	1774	2550
ID	9	1124	1384
ID	10	2038	1971
ID	11	533	671
ID	12	831	1521
ID	13	273	467
ID	14	316	721
ID	15	233	806
ID	16	167	719
ID	17	84	352
ID	18	155	302
ID	19	93	201
ID	20	93	224
ID	21	104	315
ID	22	23	152
ID	23	24	141
ID	24	25	203
ID	25	5	92
ID	26	11	166
ID	27	5	64
ID	28	0	55
ID	29	3	27
ID	30	1	65
ID	31	0	10
ID	32	0	10
ID	33	0	3
ID	34	0	18
ID	35	0	7
ID	36	0	4
ID	39	0	1
ID	40	0	8
ID	41	0	2
ID	42	0	1
# Indels per cycle. Use `grep ^IC | cut -f 2-` to extract this part. The columns are: cycle, number of insertions (fwd), .. (rev) , number of deletions (fwd), .. (rev)
IC	1	1	0	2	0
IC	2	0	0	0	1
IC	3	0	0	440	530
IC	4	373	748	556	730
IC	5	567	613	590	681
IC	6	589	660	687	754
IC	7	671	663	737	874
IC	8	719	718	915	994
IC	9	773	833	980	1109
IC	10	867	844	1087	1101
IC	11	865	898	1072	1152
IC	12	829	842	1096	1200
IC	13	979	944	1202	1234
IC	14	1019	936	1194	1296
IC	15	979	1025	1282	1342
IC	16	992	1024	1309	1352
IC	17	1052	1019	1335	1390
IC	18	1020	1076	1294	1351
IC	19	1018	1087	1331	1344
IC	20	990	1118	1311	1426
IC	21	1054	1024	1363	1356
IC	22	1094	1029	1372	1396
IC	23	1086	1000	1388	1438
IC	24	1043	1008	1422	1314
IC	25	1123	1091	1403	1404
IC	26	1085	1063	1339	1431
IC	27	1080	1014	1276	1381
IC	28	1076	1001	1355	1316
IC	29	1052	1029	1319	1398
IC	30	1111	1029	1359	1354
IC	31	1087	1081	1352	1379
IC	32	1051	1054	1325	1401
IC	33	1048	1046	1366	1325
IC	34	1075	1060	1259	1323
IC	35	1047	1096	1325	1369
IC	36	1016	1080	1316	1419
IC	37	1037	1023	1260	1278
IC	38	1024	984	1292	1331
IC	39	1082	1086	1400	1317
IC	40	1029	1061	1314	1292
IC	41	1028	1018	1364	1318
IC	42	1121	970	1333	1410
IC	43	1077	1046	1344	1337
IC	44	1072	1066	1407	1344
IC	45	1125	996	1361	1362
IC	46	1109	977	1363	1309
IC	47	1019	986	1403	1254
IC	48	1019	990	1356	1360
IC	49	1042	1024	1409	1408
IC	50	1118	1034	1391	1322
IC	51	1045	1038	1378	1352
IC	52	1093	987	1372	1361
IC	53	1105	1040	1301	1253
IC	54	1092	1056	1353	1295
IC	55	1044	982	1358	1354
IC	56	1012	989	1325	1291
IC	57	1039	964	1408	1337
IC	58	1033	986	1346	1300
IC	59	1037	979	1410	1326
IC	60	1023	915	1371	1411
IC	61	1029	1088	1373	1364
IC	62	1029	975	1520	1382
IC	63	984	994	1434	1426
IC	64	1024	955	1449	1443
IC	65	1015	992	1451	1474
IC	66	987	1002	1451	1429
IC	67	1004	972	1430	1388
IC	68	1045	959	1446	1488
IC	69	995	989	1487	1446
IC	70	1016	966	1460	1464
IC	71	962	957	1379	1469
IC	72	1010	956	1476	1453
IC	73	958	913	1421	1342
IC	74	904	891	1396	1334
IC	75	941	946	1430	1309
IC	76	961	884	1401	1321
IC	77	901	837	1399	1299
IC	78	890	885	1420	1422
IC	79	916	962	1328	1258
IC	80	946	873	1340	1313
IC	81	902	853	1375	1328
IC	82	849	890	1283	1240
IC	83	860	895	1238	1225
IC	84	887	877	1276	1262
IC	85	804	835	1273	1234
IC	86	819	842	1201	1244
IC	87	809	770	1173	1167
IC	88	778	771	1190	1147
IC	89	753	683	1067	1073
IC	90	701	690	1044	1022
IC	91	708	651	986	1032
IC	92	672	670	999	947
IC	93	622	585	936	1000
IC	94	699	599	788	797
IC	95	663	576	890	888
IC	96	825	797	871	966
IC	97	847	885	911	1154
IC	98	945	1297	899	1476
IC	99	0	0	0	1
IC	100	0	0	1	1
# Coverage distribution. Use `grep ^COV | cut -f 2-` to extract this part.
COV	[1-1]	1	327712356
COV	[2-2]	2	156742009
COV	[3-3]	3	35842684
COV	[4-4]	4	19149164
COV	[5-5]	5	8387708
COV	[6-6]	6	5759470
COV	[7-7]	7	4229925
COV	[8-8]	8	3513182
COV	[9-9]	9	3025164
COV	[10-10]	10	2683707
COV	[11-11]	11	2419384
COV	[12-12]	12	2210711
COV	[13-13]	13	2033025
COV	[14-14]	14	1886081
COV	[15-15]	15	1760491
COV	[16-16]	16	1656887
COV	[17-17]	17	1566320
COV	[18-18]	18	1485410
COV	[19-19]	19	1414103
COV	[20-20]	20	1352775
COV	[21-21]	21	1296270
COV	[22-22]	22	1248271
COV	[23-23]	23	1204240
COV	[24-24]	24	1159173
COV	[25-25]	25	1118397
COV	[26-26]	26	1082531
COV	[27-27]	27	1053365
COV	[28-28]	28	1023632
COV	[29-29]	29	999761
COV	[30-30]	30	975331
COV	[31-31]	31	952959
COV	[32-32]	32	935720
COV	[33-33]	33	914114
COV	[34-34]	34	892481
COV	[35-35]	35	876309
COV	[36-36]	36	858073
COV	[37-37]	37	843062
COV	[38-38]	38	828204
COV	[39-39]	39	814818
COV	[40-40]	40	794862
COV	[41-41]	41	781110
COV	[42-42]	42	770090
COV	[43-43]	43	758278
COV	[44-44]	44	745364
COV	[45-45]	45	732062
COV	[46-46]	46	721126
COV	[47-47]	47	709942
COV	[48-48]	48	696463
COV	[49-49]	49	686860
COV	[50-50]	50	678431
COV	[51-51]	51	667300
COV	[52-52]	52	654239
COV	[53-53]	53	646123
COV	[54-54]	54	637526
COV	[55-55]	55	624783
COV	[56-56]	56	615804
COV	[57-57]	57	606392
COV	[58-58]	58	596459
COV	[59-59]	59	585943
COV	[60-60]	60	577414
COV	[61-61]	61	567197
COV	[62-62]	62	557893
COV	[63-63]	63	549225
COV	[64-64]	64	542750
COV	[65-65]	65	532128
COV	[66-66]	66	524346
COV	[67-67]	67	514803
COV	[68-68]	68	506313
COV	[69-69]	69	497523
COV	[70-70]	70	489466
COV	[71-71]	71	482209
COV	[72-72]	72	472838
COV	[73-73]	73	464733
COV	[74-74]	74	455951
COV	[75-75]	75	448499
COV	[76-76]	76	441800
COV	[77-77]	77	434996
COV	[78-78]	78	426214
COV	[79-79]	79	420149
COV	[80-80]	80	414135
COV	[81-81]	81	407089
COV	[82-82]	82	399544
COV	[83-83]	83	393087
COV	[84-84]	84	387248
COV	[85-85]	85	380546
COV	[86-86]	86	375250
COV	[87-87]	87	369454
COV	[88-88]	88	362652
COV	[89-89]	89	355683
COV	[90-90]	90	349341
COV	[91-91]	91	341753
COV	[92-92]	92	336621
COV	[93-93]	93	330818
COV	[94-94]	94	325648
COV	[95-95]	95	319720
COV	[96-96]	96	314002
COV	[97-97]	97	306839
COV	[98-98]	98	303396
COV	[99-99]	99	298376
COV	[100-100]	100	292792
COV	[101-101]	101	288790
COV	[102-102]	102	281572
COV	[103-103]	103	277934
COV	[104-104]	104	273383
COV	[105-105]	105	268022
COV	[106-106]	106	264071
COV	[107-107]	107	258517
COV	[108-108]	108	254850
COV	[109-109]	109	251057
COV	[110-110]	110	245960
COV	[111-111]	111	241650
COV	[112-112]	112	236994
COV	[113-113]	113	233443
COV	[114-114]	114	228551
COV	[115-115]	115	225410
COV	[116-116]	116	221471
COV	[117-117]	117	217640
COV	[118-118]	118	213130
COV	[119-119]	119	208463
COV	[120-120]	120	204355
COV	[121-121]	121	201579
COV	[122-122]	122	197670
COV	[123-123]	123	194452
COV	[124-124]	124	190294
COV	[125-125]	125	187633
COV	[126-126]	126	184222
COV	[127-127]	127	180368
COV	[128-128]	128	177518
COV	[129-129]	129	174894
COV	[130-130]	130	171616
COV	[131-131]	131	168318
COV	[132-132]	132	165865
COV	[133-133]	133	161960
COV	[134-134]	134	161088
COV	[135-135]	135	156722
COV	[136-136]	136	153416
COV	[137-137]	137	150945
COV	[138-138]	138	147725
COV	[139-139]	139	144192
COV	[140-140]	140	142935
COV	[141-141]	141	140446
COV	[142-142]	142	137412
COV	[143-143]	143	135574
COV	[144-144]	144	133164
COV	[145-145]	145	130958
COV	[146-146]	146	129203
COV	[147-147]	147	126845
COV	[148-148]	148	124223
COV	[149-149]	149	122362
COV	[150-150]	150	120015
COV	[151-151]	151	118505
COV	[152-152]	152	116001
COV	[153-153]	153	114450
COV	[154-154]	154	111981
COV	[155-155]	155	109709
COV	[156-156]	156	107266
COV	[157-157]	157	105510
COV	[158-158]	158	103145
COV	[159-159]	159	101344
COV	[160-160]	160	100161
COV	[161-161]	161	97868
COV	[162-162]	162	96100
COV	[163-163]	163	94350
COV	[164-164]	164	92028
COV	[165-165]	165	90626
COV	[166-166]	166	89251
COV	[167-167]	167	87594
COV	[168-168]	168	85714
COV	[169-169]	169	84898
COV	[170-170]	170	83170
COV	[171-171]	171	81066
COV	[172-172]	172	80238
COV	[173-173]	173	78429
COV	[174-174]	174	76627
COV	[175-175]	175	75795
COV	[176-176]	176	74823
COV	[177-177]	177	73355
COV	[178-178]	178	72841
COV	[179-179]	179	70930
COV	[180-180]	180	69480
COV	[181-181]	181	68212
COV	[182-182]	182	67545
COV	[183-183]	183	65991
COV	[184-184]	184	65420
COV	[185-185]	185	64271
COV	[186-186]	186	62961
COV	[187-187]	187	62279
COV	[188-188]	188	60795
COV	[189-189]	189	60232
COV	[190-190]	190	58940
COV	[191-191]	191	57625
COV	[192-192]	192	56866
COV	[193-193]	193	55928
COV	[194-194]	194	54992
COV	[195-195]	195	54387
COV	[196-196]	196	53276
COV	[197-197]	197	52216
COV	[198-198]	198	51495
COV	[199-199]	199	51084
COV	[200-200]	200	49476
COV	[201-201]	201	49057
COV	[202-202]	202	48479
COV	[203-203]	203	47540
COV	[204-204]	204	47279
COV	[205-205]	205	45920
COV	[206-206]	206	44785
COV	[207-207]	207	44159
COV	[208-208]	208	43321
COV	[209-209]	209	42999
COV	[210-210]	210	42162
COV	[211-211]	211	41379
COV	[212-212]	212	40428
COV	[213-213]	213	39980
COV	[214-214]	214	39200
COV	[215-215]	215	38409
COV	[216-216]	216	37722
COV	[217-217]	217	37365
COV	[218-218]	218	36478
COV	[219-219]	219	35839
COV	[220-220]	220	35577
COV	[221-221]	221	34756
COV	[222-222]	222	34158
COV	[223-223]	223	34033
COV	[224-224]	224	33361
COV	[225-225]	225	32702
COV	[226-226]	226	32008
COV	[227-227]	227	31756
COV	[228-228]	228	31014
COV	[229-229]	229	30510
COV	[230-230]	230	30310
COV	[231-231]	231	29526
COV	[232-232]	232	28791
COV	[233-233]	233	28624
COV	[234-234]	234	28316
COV	[235-235]	235	27514
COV	[236-236]	236	27183
COV	[237-237]	237	26929
COV	[238-238]	238	26599
COV	[239-239]	239	26504
COV	[240-240]	240	25723
COV	[241-241]	241	25380
COV	[242-242]	242	24912
COV	[243-243]	243	24506
COV	[244-244]	244	24166
COV	[245-245]	245	23623
COV	[246-246]	246	23391
COV	[247-247]	247	23510
COV	[248-248]	248	22833
COV	[249-249]	249	22519
COV	[250-250]	250	22003
COV	[251-251]	251	21770
COV	[252-252]	252	21570
COV	[253-253]	253	21100
COV	[254-254]	254	20932
COV	[255-255]	255	20511
COV	[256-256]	256	20183
COV	[257-257]	257	19938
COV	[258-258]	258	19535
COV	[259-259]	259	19512
COV	[260-260]	260	19106
COV	[261-261]	261	18577
COV	[262-262]	262	18585
COV	[263-263]	263	18169
COV	[264-264]	264	18036
COV	[265-265]	265	17762
COV	[266-266]	266	17344
COV	[267-267]	267	17085
COV	[268-268]	268	17277
COV	[269-269]	269	16785
COV	[270-270]	270	16243
COV	[271-271]	271	16341
COV	[272-272]	272	15708
COV	[273-273]	273	15710
COV	[274-274]	274	15451
COV	[275-275]	275	15120
COV	[276-276]	276	14781
COV	[277-277]	277	14835
COV	[278-278]	278	14609
COV	[279-279]	279	14188
COV	[280-280]	280	14479
COV	[281-281]	281	14495
COV	[282-282]	282	13985
COV	[283-283]	283	13770
COV	[284-284]	284	13601
COV	[285-285]	285	13638
COV	[286-286]	286	13348
COV	[287-287]	287	12971
COV	[288-288]	288	12779
COV	[289-289]	289	12593
COV	[290-290]	290	12379
COV	[291-291]	291	12132
COV	[292-292]	292	12008
COV	[293-293]	293	12120
COV	[294-294]	294	11912
COV	[295-295]	295	11532
COV	[296-296]	296	11482
COV	[297-297]	297	11516
COV	[298-298]	298	11247
COV	[299-299]	299	11142
COV	[300-300]	300	11031
COV	[301-301]	301	11057
COV	[302-302]	302	10714
COV	[303-303]	303	10674
COV	[304-304]	304	10566
COV	[305-305]	305	10321
COV	[306-306]	306	9878
COV	[307-307]	307	10013
COV	[308-308]	308	9884
COV	[309-309]	309	9895
COV	[310-310]	310	9730
COV	[311-311]	311	9661
COV	[312-312]	312	9431
COV	[313-313]	313	9326
COV	[314-314]	314	9414
COV	[315-315]	315	9347
COV	[316-316]	316	9113
COV	[317-317]	317	9025
COV	[318-318]	318	8768
COV	[319-319]	319	8970
COV	[320-320]	320	8803
COV	[321-321]	321	8540
COV	[322-322]	322	8590
COV	[323-323]	323	8459
COV	[324-324]	324	8375
COV	[325-325]	325	8235
COV	[326-326]	326	8037
COV	[327-327]	327	8007
COV	[328-328]	328	7918
COV	[329-329]	329	7699
COV	[330-330]	330	7600
COV	[331-331]	331	7511
COV	[332-332]	332	7374
COV	[333-333]	333	7439
COV	[334-334]	334	7157
COV	[335-335]	335	7203
COV	[336-336]	336	7112
COV	[337-337]	337	7093
COV	[338-338]	338	6903
COV	[339-339]	339	6899
COV	[340-340]	340	6862
COV	[341-341]	341	6823
COV	[342-342]	342	6668
COV	[343-343]	343	6576
COV	[344-344]	344	6459
COV	[345-345]	345	6562
COV	[346-346]	346	6289
COV	[347-347]	347	6228
COV	[348-348]	348	6253
COV	[349-349]	349	6123
COV	[350-350]	350	6137
COV	[351-351]	351	5931
COV	[352-352]	352	5894
COV	[353-353]	353	5877
COV	[354-354]	354	5771
COV	[355-355]	355	5643
COV	[356-356]	356	5796
COV	[357-357]	357	5578
COV	[358-358]	358	5508
COV	[359-359]	359	5533
COV	[360-360]	360	5544
COV	[361-361]	361	5379
COV	[362-362]	362	5268
COV	[363-363]	363	5275
COV	[364-364]	364	5209
COV	[365-365]	365	5093
COV	[366-366]	366	5075
COV	[367-367]	367	5039
COV	[368-368]	368	4979
COV	[369-369]	369	5033
COV	[370-370]	370	4921
COV	[371-371]	371	4933
COV	[372-372]	372	4860
COV	[373-373]	373	4950
COV	[374-374]	374	4691
COV	[375-375]	375	4616
COV	[376-376]	376	4731
COV	[377-377]	377	4863
COV	[378-378]	378	4497
COV	[379-379]	379	4471
COV	[380-380]	380	4398
COV	[381-381]	381	4377
COV	[382-382]	382	4280
COV	[383-383]	383	4319
COV	[384-384]	384	4251
COV	[385-385]	385	4392
COV	[386-386]	386	4186
COV	[387-387]	387	4168
COV	[388-388]	388	4062
COV	[389-389]	389	3983
COV	[390-390]	390	4190
COV	[391-391]	391	4145
COV	[392-392]	392	4009
COV	[393-393]	393	4040
COV	[394-394]	394	4081
COV	[395-395]	395	3876
COV	[396-396]	396	3775
COV	[397-397]	397	3841
COV	[398-398]	398	3761
COV	[399-399]	399	3660
COV	[400-400]	400	3795
COV	[401-401]	401	3745
COV	[402-402]	402	3813
COV	[403-403]	403	3692
COV	[404-404]	404	3579
COV	[405-405]	405	3631
COV	[406-406]	406	3487
COV	[407-407]	407	3554
COV	[408-408]	408	3643
COV	[409-409]	409	3535
COV	[410-410]	410	3329
COV	[411-411]	411	3406
COV	[412-412]	412	3428
COV	[413-413]	413	3317
COV	[414-414]	414	3290
COV	[415-415]	415	3385
COV	[416-416]	416	3189
COV	[417-417]	417	3225
COV	[418-418]	418	3247
COV	[419-419]	419	3210
COV	[420-420]	420	3227
COV	[421-421]	421	3116
COV	[422-422]	422	3150
COV	[423-423]	423	3155
COV	[424-424]	424	3110
COV	[425-425]	425	3070
COV	[426-426]	426	3017
COV	[427-427]	427	3030
COV	[428-428]	428	3024
COV	[429-429]	429	3073
COV	[430-430]	430	2909
COV	[431-431]	431	2855
COV	[432-432]	432	2918
COV	[433-433]	433	2840
COV	[434-434]	434	2812
COV	[435-435]	435	2720
COV	[436-436]	436	2731
COV	[437-437]	437	2784
COV	[438-438]	438	2648
COV	[439-439]	439	2564
COV	[440-440]	440	2631
COV	[441-441]	441	2685
COV	[442-442]	442	2510
COV	[443-443]	443	2463
COV	[444-444]	444	2558
COV	[445-445]	445	2447
COV	[446-446]	446	2560
COV	[447-447]	447	2451
COV	[448-448]	448	2432
COV	[449-449]	449	2403
COV	[450-450]	450	2418
COV	[451-451]	451	2388
COV	[452-452]	452	2333
COV	[453-453]	453	2301
COV	[454-454]	454	2341
COV	[455-455]	455	2304
COV	[456-456]	456	2322
COV	[457-457]	457	2336
COV	[458-458]	458	2309
COV	[459-459]	459	2229
COV	[460-460]	460	2230
COV	[461-461]	461	2251
COV	[462-462]	462	2111
COV	[463-463]	463	2190
COV	[464-464]	464	2092
COV	[465-465]	465	2095
COV	[466-466]	466	2101
COV	[467-467]	467	2082
COV	[468-468]	468	2097
COV	[469-469]	469	2001
COV	[470-470]	470	2060
COV	[471-471]	471	2061
COV	[472-472]	472	1960
COV	[473-473]	473	2006
COV	[474-474]	474	2008
COV	[475-475]	475	1892
COV	[476-476]	476	1945
COV	[477-477]	477	1949
COV	[478-478]	478	1966
COV	[479-479]	479	1946
COV	[480-480]	480	1984
COV	[481-481]	481	1941
COV	[482-482]	482	1942
COV	[483-483]	483	1918
COV	[484-484]	484	1800
COV	[485-485]	485	1813
COV	[486-486]	486	1820
COV	[487-487]	487	1888
COV	[488-488]	488	1801
COV	[489-489]	489	1859
COV	[490-490]	490	1829
COV	[491-491]	491	1745
COV	[492-492]	492	1788
COV	[493-493]	493	1786
COV	[494-494]	494	1792
COV	[495-495]	495	1780
COV	[496-496]	496	1746
COV	[497-497]	497	1737
COV	[498-498]	498	1752
COV	[499-499]	499	1747
COV	[500-500]	500	1709
COV	[501-501]	501	1708
COV	[502-502]	502	1711
COV	[503-503]	503	1688
COV	[504-504]	504	1688
COV	[505-505]	505	1682
COV	[506-506]	506	1570
COV	[507-507]	507	1679
COV	[508-508]	508	1612
COV	[509-509]	509	1625
COV	[510-510]	510	1533
COV	[511-511]	511	1564
COV	[512-512]	512	1564
COV	[513-513]	513	1488
COV	[514-514]	514	1551
COV	[515-515]	515	1617
COV	[516-516]	516	1583
COV	[517-517]	517	1485
COV	[518-518]	518	1520
COV	[519-519]	519	1533
COV	[520-520]	520	1514
COV	[521-521]	521	1506
COV	[522-522]	522	1427
COV	[523-523]	523	1484
COV	[524-524]	524	1442
COV	[525-525]	525	1463
COV	[526-526]	526	1409
COV	[527-527]	527	1425
COV	[528-528]	528	1412
COV	[529-529]	529	1358
COV	[530-530]	530	1344
COV	[531-531]	531	1400
COV	[532-532]	532	1447
COV	[533-533]	533	1425
COV	[534-534]	534	1415
COV	[535-535]	535	1352
COV	[536-536]	536	1430
COV	[537-537]	537	1323
COV	[538-538]	538	1356
COV	[539-539]	539	1386
COV	[540-540]	540	1284
COV	[541-541]	541	1334
COV	[542-542]	542	1324
COV	[543-543]	543	1340
COV	[544-544]	544	1345
COV	[545-545]	545	1292
COV	[546-546]	546	1274
COV	[547-547]	547	1239
COV	[548-548]	548	1226
COV	[549-549]	549	1262
COV	[550-550]	550	1278
COV	[551-551]	551	1230
COV	[552-552]	552	1215
COV	[553-553]	553	1250
COV	[554-554]	554	1255
COV	[555-555]	555	1262
COV	[556-556]	556	1224
COV	[557-557]	557	1200
COV	[558-558]	558	1170
COV	[559-559]	559	1186
COV	[560-560]	560	1148
COV	[561-561]	561	1163
COV	[562-562]	562	1177
COV	[563-563]	563	1209
COV	[564-564]	564	1152
COV	[565-565]	565	1165
COV	[566-566]	566	1097
COV	[567-567]	567	1144
COV	[568-568]	568	1064
COV	[569-569]	569	1141
COV	[570-570]	570	1116
COV	[571-571]	571	1117
COV	[572-572]	572	1160
COV	[573-573]	573	1135
COV	[574-574]	574	1093
COV	[575-575]	575	1110
COV	[576-576]	576	1133
COV	[577-577]	577	1177
COV	[578-578]	578	1064
COV	[579-579]	579	1031
COV	[580-580]	580	1075
COV	[581-581]	581	1095
COV	[582-582]	582	1049
COV	[583-583]	583	1075
COV	[584-584]	584	1065
COV	[585-585]	585	988
COV	[586-586]	586	1118
COV	[587-587]	587	980
COV	[588-588]	588	1004
COV	[589-589]	589	1034
COV	[590-590]	590	997
COV	[591-591]	591	1022
COV	[592-592]	592	1000
COV	[593-593]	593	995
COV	[594-594]	594	1020
COV	[595-595]	595	1015
COV	[596-596]	596	983
COV	[597-597]	597	1007
COV	[598-598]	598	1026
COV	[599-599]	599	1021
COV	[600-600]	600	972
COV	[601-601]	601	971
COV	[602-602]	602	956
COV	[603-603]	603	1065
COV	[604-604]	604	948
COV	[605-605]	605	1004
COV	[606-606]	606	949
COV	[607-607]	607	994
COV	[608-608]	608	962
COV	[609-609]	609	969
COV	[610-610]	610	907
COV	[611-611]	611	941
COV	[612-612]	612	932
COV	[613-613]	613	964
COV	[614-614]	614	923
COV	[615-615]	615	894
COV	[616-616]	616	881
COV	[617-617]	617	861
COV	[618-618]	618	853
COV	[619-619]	619	936
COV	[620-620]	620	886
COV	[621-621]	621	841
COV	[622-622]	622	845
COV	[623-623]	623	838
COV	[624-624]	624	860
COV	[625-625]	625	892
COV	[626-626]	626	823
COV	[627-627]	627	871
COV	[628-628]	628	849
COV	[629-629]	629	861
COV	[630-630]	630	875
COV	[631-631]	631	852
COV	[632-632]	632	886
COV	[633-633]	633	859
COV	[634-634]	634	910
COV	[635-635]	635	864
COV	[636-636]	636	866
COV	[637-637]	637	821
COV	[638-638]	638	875
COV	[639-639]	639	775
COV	[640-640]	640	832
COV	[641-641]	641	795
COV	[642-642]	642	773
COV	[643-643]	643	833
COV	[644-644]	644	845
COV	[645-645]	645	733
COV	[646-646]	646	786
COV	[647-647]	647	845
COV	[648-648]	648	766
COV	[649-649]	649	842
COV	[650-650]	650	792
COV	[651-651]	651	723
COV	[652-652]	652	797
COV	[653-653]	653	741
COV	[654-654]	654	733
COV	[655-655]	655	756
COV	[656-656]	656	763
COV	[657-657]	657	766
COV	[658-658]	658	713
COV	[659-659]	659	779
COV	[660-660]	660	723
COV	[661-661]	661	729
COV	[662-662]	662	706
COV	[663-663]	663	697
COV	[664-664]	664	733
COV	[665-665]	665	715
COV	[666-666]	666	700
COV	[667-667]	667	689
COV	[668-668]	668	683
COV	[669-669]	669	703
COV	[670-670]	670	729
COV	[671-671]	671	643
COV	[672-672]	672	690
COV	[673-673]	673	701
COV	[674-674]	674	627
COV	[675-675]	675	686
COV	[676-676]	676	627
COV	[677-677]	677	626
COV	[678-678]	678	673
COV	[679-679]	679	634
COV	[680-680]	680	655
COV	[681-681]	681	616
COV	[682-682]	682	638
COV	[683-683]	683	649
COV	[684-684]	684	641
COV	[685-685]	685	619
COV	[686-686]	686	657
COV	[687-687]	687	622
COV	[688-688]	688	604
COV	[689-689]	689	640
COV	[690-690]	690	618
COV	[691-691]	691	593
COV	[692-692]	692	642
COV	[693-693]	693	606
COV	[694-694]	694	622
COV	[695-695]	695	587
COV	[696-696]	696	626
COV	[697-697]	697	612
COV	[698-698]	698	573
COV	[699-699]	699	608
COV	[700-700]	700	573
COV	[701-701]	701	647
COV	[702-702]	702	643
COV	[703-703]	703	575
COV	[704-704]	704	636
COV	[705-705]	705	626
COV	[706-706]	706	575
COV	[707-707]	707	594
COV	[708-708]	708	643
COV	[709-709]	709	653
COV	[710-710]	710	652
COV	[711-711]	711	586
COV	[712-712]	712	588
COV	[713-713]	713	574
COV	[714-714]	714	552
COV	[715-715]	715	616
COV	[716-716]	716	573
COV	[717-717]	717	557
COV	[718-718]	718	556
COV	[719-719]	719	613
COV	[720-720]	720	603
COV	[721-721]	721	595
COV	[722-722]	722	561
COV	[723-723]	723	565
COV	[724-724]	724	599
COV	[725-725]	725	557
COV	[726-726]	726	517
COV	[727-727]	727	571
COV	[728-728]	728	525
COV	[729-729]	729	540
COV	[730-730]	730	535
COV	[731-731]	731	504
COV	[732-732]	732	553
COV	[733-733]	733	520
COV	[734-734]	734	533
COV	[735-735]	735	530
COV	[736-736]	736	527
COV	[737-737]	737	580
COV	[738-738]	738	532
COV	[739-739]	739	502
COV	[740-740]	740	484
COV	[741-741]	741	581
COV	[742-742]	742	514
COV	[743-743]	743	546
COV	[744-744]	744	557
COV	[745-745]	745	512
COV	[746-746]	746	511
COV	[747-747]	747	480
COV	[748-748]	748	485
COV	[749-749]	749	460
COV	[750-750]	750	509
COV	[751-751]	751	490
COV	[752-752]	752	465
COV	[753-753]	753	466
COV	[754-754]	754	477
COV	[755-755]	755	518
COV	[756-756]	756	477
COV	[757-757]	757	453
COV	[758-758]	758	501
COV	[759-759]	759	506
COV	[760-760]	760	512
COV	[761-761]	761	434
COV	[762-762]	762	449
COV	[763-763]	763	448
COV	[764-764]	764	478
COV	[765-765]	765	464
COV	[766-766]	766	426
COV	[767-767]	767	441
COV	[768-768]	768	459
COV	[769-769]	769	472
COV	[770-770]	770	444
COV	[771-771]	771	482
COV	[772-772]	772	478
COV	[773-773]	773	471
COV	[774-774]	774	441
COV	[775-775]	775	449
COV	[776-776]	776	476
COV	[777-777]	777	445
COV	[778-778]	778	415
COV	[779-779]	779	407
COV	[780-780]	780	431
COV	[781-781]	781	422
COV	[782-782]	782	385
COV	[783-783]	783	433
COV	[784-784]	784	444
COV	[785-785]	785	450
COV	[786-786]	786	436
COV	[787-787]	787	448
COV	[788-788]	788	405
COV	[789-789]	789	415
COV	[790-790]	790	438
COV	[791-791]	791	403
COV	[792-792]	792	410
COV	[793-793]	793	444
COV	[794-794]	794	423
COV	[795-795]	795	416
COV	[796-796]	796	433
COV	[797-797]	797	392
COV	[798-798]	798	389
COV	[799-799]	799	384
COV	[800-800]	800	401
COV	[801-801]	801	403
COV	[802-802]	802	375
COV	[803-803]	803	418
COV	[804-804]	804	402
COV	[805-805]	805	325
COV	[806-806]	806	418
COV	[807-807]	807	391
COV	[808-808]	808	390
COV	[809-809]	809	373
COV	[810-810]	810	412
COV	[811-811]	811	413
COV	[812-812]	812	391
COV	[813-813]	813	385
COV	[814-814]	814	390
COV	[815-815]	815	405
COV	[816-816]	816	364
COV	[817-817]	817	399
COV	[818-818]	818	383
COV	[819-819]	819	377
COV	[820-820]	820	368
COV	[821-821]	821	379
COV	[822-822]	822	386
COV	[823-823]	823	356
COV	[824-824]	824	350
COV	[825-825]	825	385
COV	[826-826]	826	379
COV	[827-827]	827	356
COV	[828-828]	828	363
COV	[829-829]	829	349
COV	[830-830]	830	336
COV	[831-831]	831	370
COV	[832-832]	832	357
COV	[833-833]	833	313
COV	[834-834]	834	292
COV	[835-835]	835	390
COV	[836-836]	836	350
COV	[837-837]	837	331
COV	[838-838]	838	348
COV	[839-839]	839	336
COV	[840-840]	840	344
COV	[841-841]	841	349
COV	[842-842]	842	360
COV	[843-843]	843	341
COV	[844-844]	844	367
COV	[845-845]	845	359
COV	[846-846]	846	321
COV	[847-847]	847	338
COV	[848-848]	848	333
COV	[849-849]	849	306
COV	[850-850]	850	295
COV	[851-851]	851	320
COV	[852-852]	852	336
COV	[853-853]	853	312
COV	[854-854]	854	333
COV	[855-855]	855	340
COV	[856-856]	856	300
COV	[857-857]	857	334
COV	[858-858]	858	304
COV	[859-859]	859	328
COV	[860-860]	860	304
COV	[861-861]	861	318
COV	[862-862]	862	288
COV	[863-863]	863	341
COV	[864-864]	864	303
COV	[865-865]	865	315
COV	[866-866]	866	303
COV	[867-867]	867	272
COV	[868-868]	868	318
COV	[869-869]	869	266
COV	[870-870]	870	298
COV	[871-871]	871	281
COV	[872-872]	872	269
COV	[873-873]	873	282
COV	[874-874]	874	271
COV	[875-875]	875	259
COV	[876-876]	876	263
COV	[877-877]	877	269
COV	[878-878]	878	264
COV	[879-879]	879	307
COV	[880-880]	880	282
COV	[881-881]	881	289
COV	[882-882]	882	290
COV	[883-883]	883	254
COV	[884-884]	884	274
COV	[885-885]	885	249
COV	[886-886]	886	273
COV	[887-887]	887	304
COV	[888-888]	888	287
COV	[889-889]	889	287
COV	[890-890]	890	266
COV	[891-891]	891	279
COV	[892-892]	892	240
COV	[893-893]	893	247
COV	[894-894]	894	286
COV	[895-895]	895	250
COV	[896-896]	896	274
COV	[897-897]	897	287
COV	[898-898]	898	292
COV	[899-899]	899	287
COV	[900-900]	900	263
COV	[901-901]	901	267
COV	[902-902]	902	275
COV	[903-903]	903	262
COV	[904-904]	904	263
COV	[905-905]	905	278
COV	[906-906]	906	270
COV	[907-907]	907	252
COV	[908-908]	908	287
COV	[909-909]	909	276
COV	[910-910]	910	239
COV	[911-911]	911	264
COV	[912-912]	912	249
COV	[913-913]	913	308
COV	[914-914]	914	268
COV	[915-915]	915	262
COV	[916-916]	916	295
COV	[917-917]	917	266
COV	[918-918]	918	252
COV	[919-919]	919	291
COV	[920-920]	920	243
COV	[921-921]	921	235
COV	[922-922]	922	262
COV	[923-923]	923	294
COV	[924-924]	924	269
COV	[925-925]	925	283
COV	[926-926]	926	234
COV	[927-927]	927	266
COV	[928-928]	928	260
COV	[929-929]	929	299
COV	[930-930]	930	271
COV	[931-931]	931	298
COV	[932-932]	932	258
COV	[933-933]	933	259
COV	[934-934]	934	257
COV	[935-935]	935	289
COV	[936-936]	936	265
COV	[937-937]	937	247
COV	[938-938]	938	279
COV	[939-939]	939	274
COV	[940-940]	940	280
COV	[941-941]	941	253
COV	[942-942]	942	238
COV	[943-943]	943	245
COV	[944-944]	944	246
COV	[945-945]	945	264
COV	[946-946]	946	256
COV	[947-947]	947	279
COV	[948-948]	948	252
COV	[949-949]	949	242
COV	[950-950]	950	222
COV	[951-951]	951	242
COV	[952-952]	952	234
COV	[953-953]	953	262
COV	[954-954]	954	244
COV	[955-955]	955	205
COV	[956-956]	956	220
COV	[957-957]	957	213
COV	[958-958]	958	230
COV	[959-959]	959	217
COV	[960-960]	960	207
COV	[961-961]	961	198
COV	[962-962]	962	223
COV	[963-963]	963	229
COV	[964-964]	964	231
COV	[965-965]	965	220
COV	[966-966]	966	227
COV	[967-967]	967	208
COV	[968-968]	968	208
COV	[969-969]	969	224
COV	[970-970]	970	214
COV	[971-971]	971	207
COV	[972-972]	972	245
COV	[973-973]	973	190
COV	[974-974]	974	232
COV	[975-975]	975	219
COV	[976-976]	976	235
COV	[977-977]	977	222
COV	[978-978]	978	226
COV	[979-979]	979	235
COV	[980-980]	980	204
COV	[981-981]	981	211
COV	[982-982]	982	207
COV	[983-983]	983	241
COV	[984-984]	984	212
COV	[985-985]	985	180
COV	[986-986]	986	213
COV	[987-987]	987	216
COV	[988-988]	988	199
COV	[989-989]	989	209
COV	[990-990]	990	219
COV	[991-991]	991	188
COV	[992-992]	992	198
COV	[993-993]	993	196
COV	[994-994]	994	199
COV	[995-995]	995	201
COV	[996-996]	996	194
COV	[997-997]	997	179
COV	[998-998]	998	196
COV	[999-999]	999	226
COV	[1000-1000]	1000	218
COV	[1000<]	1000	69689
# GC-depth. Use `grep ^GCD | cut -f 2-` to extract this part. The columns are: GC%, unique sequence percentiles, 10th, 25th, 50th, 75th and 90th depth percentile
GCD	0.0	0.001	0.000	0.000	0.000	0.000	0.000
GCD	7.0	0.002	2.542	2.542	2.542	2.542	2.542
GCD	7.6	0.003	0.091	0.091	0.091	0.091	0.091
GCD	19.0	0.003	0.908	0.908	0.908	0.908	0.908
GCD	22.0	0.005	0.121	0.121	5.131	10.142	10.142
GCD	23.0	0.008	0.086	0.179	0.827	2.872	3.127
GCD	24.0	0.009	0.459	0.459	0.459	0.459	0.459
GCD	25.0	0.011	0.202	0.202	0.706	2.274	2.274
GCD	27.0	0.016	0.045	0.349	1.412	2.817	4.857
GCD	28.0	0.036	0.028	0.487	1.405	2.266	3.888
GCD	29.0	0.066	0.117	1.311	2.108	5.326	7.141
GCD	30.0	0.146	0.135	0.823	1.901	3.301	5.621
GCD	31.0	0.335	0.122	0.625	2.085	4.261	7.353
GCD	32.0	0.680	0.111	0.222	2.060	4.620	8.230
GCD	33.0	1.358	0.121	0.171	1.672	4.862	9.377
GCD	34.0	2.608	0.121	0.161	0.797	4.226	8.475
GCD	35.0	4.736	0.121	0.161	0.222	3.248	7.873
GCD	36.0	8.127	0.121	0.161	0.222	2.320	7.356
GCD	37.0	12.914	0.121	0.161	0.222	1.291	6.304
GCD	38.0	19.034	0.116	0.166	0.222	0.363	5.437
GCD	39.0	26.291	0.121	0.171	0.232	0.353	5.406
GCD	40.0	33.953	0.131	0.182	0.242	0.363	4.872
GCD	41.0	41.463	0.146	0.202	0.262	0.403	5.003
GCD	42.0	48.595	0.161	0.217	0.282	0.454	5.100
GCD	43.0	55.143	0.171	0.232	0.303	0.555	5.318
GCD	44.0	60.994	0.182	0.252	0.323	0.756	5.368
GCD	45.0	66.209	0.192	0.262	0.353	1.122	6.018
GCD	46.0	70.684	0.212	0.282	0.378	1.372	6.419
GCD	47.0	74.639	0.222	0.308	0.414	1.851	6.833
GCD	48.0	77.967	0.242	0.333	0.454	2.239	7.180
GCD	49.0	80.867	0.262	0.363	0.499	2.798	8.200
GCD	50.0	83.428	0.267	0.383	0.535	2.974	8.280
GCD	51.0	85.710	0.300	0.419	0.638	3.611	8.959
GCD	52.0	87.691	0.323	0.459	0.782	4.365	9.793
GCD	53.0	89.490	0.353	0.494	1.059	4.564	9.857
GCD	54.0	91.118	0.373	0.530	1.314	4.984	10.908
GCD	55.0	92.619	0.439	0.605	1.826	5.547	11.328
GCD	56.0	93.927	0.489	0.706	2.390	6.491	12.124
GCD	57.0	95.161	0.514	0.827	2.567	6.883	12.805
GCD	58.0	96.353	0.581	1.019	2.738	7.005	12.706
GCD	59.0	97.347	0.656	1.286	3.366	7.769	13.430
GCD	60.0	98.271	0.726	1.543	3.820	8.420	14.166
GCD	61.0	98.979	0.846	1.939	4.534	8.599	14.390
GCD	62.0	99.450	0.908	1.877	4.133	7.772	13.625
GCD	63.0	99.756	1.047	2.075	4.103	8.454	12.056
GCD	64.0	99.916	1.261	2.736	5.038	8.858	14.734
GCD	65.0	99.988	1.562	2.807	5.431	8.672	13.504
GCD	66.0	99.998	0.615	1.635	3.553	4.868	9.191
GCD	67.0	100.000	0.116	0.116	0.121	5.013	5.013
