# This file was produced by samtools stats (1.23+htslib-1.23) and can be plotted using plot-bamstats
# This file contains statistics for all reads.
# The command line was:  stats data/EAS/CHB/NA18530/aligned/NA18530.bam
# CHK, Checksum	[2]Read Names	[3]Sequences	[4]Qualities
# CHK, CRC32 of reads which passed filtering followed by addition (32bit overflow)
CHK	c2d1bb28	0be828bd	c1a81c90
# Summary Numbers. Use `grep ^SN | cut -f 2-` to extract this part.
SN	raw total sequences:	113351028	# excluding supplementary and secondary reads
SN	filtered sequences:	0
SN	sequences:	113351028
SN	is sorted:	1	# sorted by coordinate
SN	1st fragments:	56675514
SN	last fragments:	56675514
SN	reads mapped:	113332386
SN	reads mapped and paired:	113330298	# paired-end technology bit set + both mates mapped
SN	reads unmapped:	18642
SN	reads properly paired:	112714650	# proper-pair bit set
SN	reads paired:	113351028	# paired-end technology bit set
SN	reads duplicated:	0	# PCR or optical duplicate bit set
SN	reads MQ0:	6692170	# mapped and MQ=0
SN	reads QC failed:	0
SN	non-primary alignments:	0
SN	supplementary alignments:	37160
SN	total length:	10199059464	# ignores clipping
SN	total first fragment length:	5099529732	# ignores clipping
SN	total last fragment length:	5099529732	# ignores clipping
SN	bases mapped:	10197387877	# ignores clipping
SN	bases mapped (cigar):	10181271905	# more accurate
SN	bases trimmed:	0
SN	bases duplicated:	0
SN	mismatches:	30317741	# from NM fields
SN	error rate:	2.977795e-03	# mismatches / bases mapped (cigar)
SN	average length:	90
SN	average first fragment length:	90
SN	average last fragment length:	90
SN	maximum length:	90
SN	maximum first fragment length:	90
SN	maximum last fragment length:	90
SN	average quality:	35.2
SN	insert size average:	251.9
SN	insert size standard deviation:	85.3
SN	inward oriented pairs:	56498754
SN	outward oriented pairs:	6406
SN	pairs with other orientation:	11336
SN	pairs on different chromosomes:	148653
SN	percentage of properly paired reads (%):	99.4
# First Fragment Qualities. Use `grep ^FFQ | cut -f 2-` to extract this part.
# Columns correspond to qualities and rows to cycles. First column is the cycle number.
FFQ	1	0	0	16210	0	0	0	0	0	1122	0	1839	1	2357	4518	28715	0	6068	5164	4632	4205	43120	12719	48888	106398	123180	56056	0	221283	305766	270808	94675	719393	154036	1043565	601578	2355277	3137740	4275942	10108821	32906577	14861	0
FFQ	2	0	0	210	0	0	62	600	509	1507	2265	5280	6887	6979	13058	27178	10673	20479	16760	31975	32523	47251	66604	69275	130008	103743	120667	133559	177632	316437	269510	223674	690852	309567	1024073	791495	2089383	3363969	4990796	8782459	32788276	9339	0
FFQ	3	0	0	847	0	13	75	837	887	1983	3112	5910	7934	8500	13069	26430	13776	21681	22028	36370	37744	44915	78426	69890	128823	100281	127038	131330	193454	310644	262276	233248	690071	311026	1030626	799658	2069735	3378860	5009758	8776440	32718656	9163	0
FFQ	4	0	0	4009	0	63	158	1255	1583	3306	4625	6921	10248	10835	14437	27714	18008	22022	26776	40757	42522	45276	87053	71582	122568	102753	125929	125828	211521	295834	253806	236938	675323	311907	1028502	812803	2037173	3403080	5110162	8749713	32624742	7782	0
FFQ	5	0	0	212	0	182	579	3439	4310	6986	9082	12513	17385	18121	21332	33657	27273	28113	36792	52908	51664	57664	101388	79814	129694	118697	133615	128417	233142	311406	233865	250792	708816	297382	1114569	824281	1995867	3491221	5227713	8818092	32088796	5735	0
FFQ	6	0	0	2	0	177	578	2716	4438	7164	7885	11716	14790	15719	17938	22757	25682	23211	34007	51951	50365	57076	95848	71719	109594	123177	130384	128561	246052	271284	203501	277140	680288	286159	1145663	855603	1896926	3521977	5093922	8709683	32477684	2177	0
FFQ	7	0	0	52	0	222	465	1690	2528	4698	6092	9335	13324	13885	16292	25911	20294	19368	30170	46308	47570	53460	96517	78248	125942	115739	132524	136767	235719	319502	238613	306503	719246	308168	1239004	863842	2050547	3673170	4976776	8633851	32110480	2692	0
FFQ	8	0	0	0	0	305	413	1528	2377	4170	5820	9140	13663	13926	16939	31459	18680	18690	29413	44980	49552	53191	100716	83080	141969	116052	134686	148698	234879	358288	256232	332600	756989	334196	1307493	889651	2129994	3772533	4999454	8502866	31758364	2528	0
FFQ	9	0	0	0	0	289	372	1285	1875	3463	5001	8099	12299	12523	16176	30982	17031	17195	27927	42111	48426	50486	98597	81721	143142	115331	134362	150313	232070	363818	266940	338680	760941	342456	1328509	900781	2165247	3814176	5016972	8498781	31624363	2774	0
FFQ	10	0	0	0	0	303	330	1253	1918	3439	5223	8798	13433	13679	17989	38119	16440	16818	28436	42495	51221	52002	105019	85932	156876	117450	137478	159158	235549	391115	274667	356227	789370	355410	1385677	916448	2204471	3868286	5040374	8458285	31323238	2588	0
FFQ	11	0	0	0	0	499	1341	5975	8312	12733	13490	19735	22337	23195	27384	30651	38157	31867	46283	68724	67396	72797	120143	90350	129135	148728	167092	173323	285602	312431	260945	358584	767129	334486	1321882	956460	2043121	3838716	5153867	8572801	31146863	2980	0
FFQ	12	0	0	0	0	433	748	2959	3985	7197	8881	13418	17463	17843	22081	31311	28450	25897	40002	60603	60529	66034	117445	94492	144284	142956	165376	179519	279044	359129	300277	373978	813534	368708	1393386	974849	2201839	3961931	5117762	8502343	30773376	3452	0
FFQ	13	0	0	0	0	453	629	2157	3032	5541	7133	11681	15922	16252	20320	34149	23822	23019	36368	55340	59014	63004	116690	95816	157620	140469	164074	184767	277756	387712	320061	386968	845303	386433	1442216	991244	2282798	4034055	5100899	8492370	30486718	3709	0
FFQ	14	0	0	480	0	515	577	2099	2995	5316	7268	11788	16638	16957	21362	38748	23254	22235	36515	54945	61561	63298	121278	99223	167243	143846	169151	195284	280983	412769	334677	412310	864131	407543	1499023	1018635	2333964	4110917	5193112	8384642	30136540	3692	0
FFQ	15	0	0	0	0	541	640	2167	2961	5271	7373	12122	16776	17067	21753	39424	22939	22612	37125	55431	63484	64396	124515	101959	170707	146860	171136	202278	282845	423743	343106	429563	874127	421905	1538892	1037729	2362100	4161752	5273919	8317596	29895184	3516	0
FFQ	16	0	0	0	0	919	2109	8176	10398	16412	16032	24223	26869	27711	33046	36736	43801	38935	54838	79222	78617	83382	133340	102855	142793	167647	190025	201782	309458	340120	297874	410725	824167	381290	1444424	1045115	2161798	4091484	5390834	8542449	29913125	2783	0
FFQ	17	0	0	0	0	806	1393	4624	5936	10823	12120	19122	23766	23780	28257	39165	35110	32644	49602	73482	74834	80771	136449	109950	163680	165565	192233	218205	309004	402472	347913	443040	885717	428209	1562402	1074438	2344403	4238815	5417303	8416987	29299359	3135	0
FFQ	18	0	0	0	0	887	1058	3732	4936	8786	10678	17249	22880	22856	27950	44295	30510	29346	46739	68407	74672	78524	140468	114128	180662	165200	194477	226956	311845	438636	372773	466365	917591	454726	1625269	1103472	2430079	4331085	5452369	8360417	28892121	3370	0
FFQ	19	0	0	0	0	888	973	3122	4197	7510	9637	15639	21116	21028	26635	43289	28982	27644	44712	66204	74134	75989	138558	113997	181877	166049	194162	229778	312988	448963	382750	479317	926650	467211	1652328	1119407	2470595	4386228	5504013	8365050	28660381	3513	0
FFQ	20	0	0	2	0	928	1029	3303	4415	7918	10243	16771	22321	22538	28119	47432	29126	28083	45655	67741	77349	78470	146182	118080	190866	171065	199480	242024	318856	469841	394347	502044	947660	484702	1712639	1143468	2508511	4450395	5591769	8289453	28299360	3329	0
FFQ	21	0	0	11	0	1432	2930	10290	11866	19069	18547	28272	30106	31802	39054	40719	51626	48061	64232	92380	93143	97224	149355	117986	155555	190780	219626	240652	339885	374401	346751	481084	891644	447564	1603681	1158881	2329985	4400347	5779560	8477956	28285844	3213	0
FFQ	22	0	0	14	0	1367	1879	6530	8118	14228	15621	24807	30210	29380	35016	45251	41408	39646	59440	85826	89740	96883	154887	127450	181528	189973	223434	258311	345486	445109	402568	518865	956333	496692	1735223	1191292	2511829	4552765	5798749	8422699	27533289	3668	0
FFQ	23	0	0	18	0	1438	1676	5401	6970	12264	14332	22911	28603	28653	34965	50100	38196	36247	56563	82020	89495	95518	159349	131546	196181	191507	225002	267953	349533	479406	426028	544416	988060	524273	1799859	1221875	2599323	4640986	5851466	8366438	27103019	3924	0
FFQ	24	0	0	26	0	1532	1593	4941	6432	11216	13686	22277	28016	28359	35154	54146	35419	34461	54807	78424	88872	94876	162437	133674	206343	192591	226855	274835	353020	499697	442409	559071	1007338	539407	1842407	1239178	2653997	4708517	5894659	8391403	26749138	4301	0
FFQ	25	0	0	55	0	1548	1567	4816	6485	10967	13822	22978	28686	29099	36979	56353	35560	34451	55863	79730	92307	97050	168618	136843	213363	197908	232271	286131	360086	516786	455839	584862	1024320	559127	1901758	1266257	2696910	4772729	5998109	8315735	26375316	4230	0
FFQ	26	0	0	107	0	3154	7212	24862	25029	29078	31887	43535	43821	44827	54108	53856	66096	64154	78480	105882	113953	126685	174068	141685	173073	221004	262458	284856	387699	413548	416874	558532	970842	521679	1783639	1294014	2550175	4746542	6276762	8570808	26004738	5792	0
FFQ	27	0	0	110	0	3020	5153	17344	18388	25797	28416	41364	45065	44636	55203	61282	57646	57193	77179	106868	113497	133509	186176	158129	205367	224767	272986	314876	398661	493511	477501	609980	1042364	581881	1943791	1338405	2737935	4904069	6344010	8461508	25080808	7119	0
FFQ	28	0	0	121	0	2841	4499	13519	14022	21219	24965	36499	41628	41995	53208	61514	54317	55875	75847	104726	116349	128469	184716	161613	203373	233526	281651	321406	406878	484261	518926	661706	995471	654390	1908485	1393932	2815718	4851540	6647676	7540607	25550027	7999	0
FFQ	29	0	0	137	0	3133	4465	12612	12958	19793	22989	34909	40410	40364	52951	62223	52971	55223	74308	104094	116733	129113	186309	164232	208506	238077	285609	328686	414575	496427	536617	683861	1006582	676611	1951545	1423002	2871841	4900506	6748774	7462607	25244328	7433	0
FFQ	30	0	0	165	0	2063	3066	8855	9210	14819	17920	27564	31596	33665	44377	52142	49040	54984	68494	99924	109946	115036	168485	160138	188010	232970	280918	307342	406031	445303	547816	673208	922207	723173	1754002	1431159	2929143	4816335	7025571	6580324	26332668	7845	0
FFQ	31	0	0	237	0	2688	6219	19575	17242	23150	26237	35993	35722	37563	48525	46797	57748	61849	70865	98440	105922	110446	144339	133270	145308	205724	246522	266715	339638	361580	403737	603725	783857	603090	1613901	1309609	2593856	4482148	7252095	6565368	27811342	4472	0
FFQ	32	0	0	209	0	2454	4357	13273	12965	19428	22457	32643	35455	35433	45485	47601	51903	54726	69367	97229	104996	114617	149874	144108	158975	213398	257511	282986	365156	405736	456028	659870	827962	662382	1757795	1374324	2739122	4612875	7311283	6356955	27168328	4824	0
FFQ	33	0	0	205	0	2488	3710	11039	11174	16934	20796	30556	34630	34820	44844	49119	48105	50946	67143	94278	105178	114208	155168	145909	166521	217976	259371	288808	376586	426214	477930	684350	849028	689567	1809114	1405330	2804737	4670002	7332603	6280982	26887175	5221	0
FFQ	34	0	0	210	0	2522	3483	9954	10837	16148	20045	30294	34669	35308	46143	50858	48089	51483	68848	95253	109569	118089	160542	152551	171957	229480	271209	300591	394444	441218	502933	732662	854999	737038	1877659	1474306	2898728	4775806	7598457	5951760	26388662	4739	0
FFQ	35	0	0	249	0	2751	3733	10723	11687	17068	21558	32864	37558	37722	49871	54618	49080	51524	71409	98252	115190	124722	170079	159802	179420	239534	279695	314516	411376	460222	519132	767312	870990	764946	1944369	1514730	2941054	4827620	7694923	5800809	26014804	4441	0
FFQ	36	0	0	305	0	3909	8138	23746	19898	28550	30759	41982	40884	41492	55301	51855	64139	69279	79011	108403	118126	127407	151735	149707	153977	230365	275194	297428	373427	385346	447582	703549	799384	701607	1773283	1453394	2762829	4679825	7822451	5884364	26707828	2901	0
FFQ	37	0	0	287	0	3534	5668	16259	16128	24508	27563	40259	43242	40982	54867	52991	58678	61513	79703	107994	119579	135863	161065	162290	168213	243624	287896	313830	408326	432141	504753	764736	842889	765663	1909514	1524053	2907076	4803884	7896458	5662964	26016179	3231	0
FFQ	38	0	0	257	0	3378	4730	13065	14108	20173	24528	36231	40576	39697	52962	52459	55277	59196	77520	105485	121483	135845	168022	166489	175726	252090	293878	322557	427880	452119	532941	804751	861713	808800	1976791	1584946	2999725	4892321	8015611	5480730	25590183	3231	0
FFQ	39	0	0	265	0	3575	4419	11898	13686	19204	24211	36309	41110	40448	54237	53942	55279	57708	78551	106697	125302	139823	173830	172413	181853	262686	303309	333572	447513	468813	555758	844646	874222	847914	2033489	1637163	3069385	4968127	8157795	5270073	25194353	3030	0
FFQ	40	0	0	297	0	3466	4113	11061	13108	17810	23531	35202	39735	38843	53771	53255	54104	56821	78654	105985	124679	139123	175231	174089	182691	266233	305441	335795	454614	472955	566799	856247	879829	863367	2058851	1659104	3102974	5004094	8224579	5230046	24996463	2883	0
FFQ	41	0	0	406	0	5255	9818	26623	22540	32023	34461	46416	45379	45415	62171	57327	73293	77885	88993	120311	132339	145841	164150	169449	166781	259292	307785	329078	416200	414694	506060	800310	831825	815219	1894761	1623847	2991900	4958490	8374889	5399747	25211449	2688	0
FFQ	42	0	0	387	0	4797	7273	19478	19280	28577	31869	44936	47932	44978	60979	56551	67807	70869	89983	120534	134809	156271	174778	183050	180377	275109	321766	347738	456670	460989	563942	866413	880121	876945	2052100	1687710	3107724	5054159	8371635	5252428	24540249	3196	0
FFQ	43	0	0	387	0	5028	6549	16336	17672	25327	30395	43228	48333	44687	61834	57818	65884	68567	90994	120368	139748	161077	183612	192266	189408	291180	333968	360847	489617	484794	603021	920696	899606	942456	2124625	1779071	3223886	5176388	8580421	4935018	23945724	2923	0
FFQ	44	0	0	416	0	4862	6074	14889	17601	23987	30046	44106	49549	46774	64698	59760	65951	67973	92592	122144	144841	166307	192812	198844	197191	304213	345380	373951	510037	505229	625303	964069	917149	979720	2193474	1827876	3285904	5234405	8677223	4765194	23539780	2815	0
FFQ	45	0	0	487	0	5123	5735	14202	17354	22336	29634	43832	48601	46257	65362	60836	65446	68439	93809	123881	147432	169400	196137	203346	200263	311815	349996	378514	523728	514341	638578	985952	927389	1006178	2221363	1865395	3326978	5295981	8759689	4664679	23261344	2680	0
FFQ	46	0	0	595	0	7603	13020	32328	27404	38361	40933	54353	53836	51436	72901	64776	85542	90959	102797	136164	151449	174498	180779	197939	185010	297985	351583	370081	474766	451876	585650	929660	874729	968640	2053720	1848391	3255688	5287105	8957187	4749546	23440407	2224	0
FFQ	47	0	0	576	0	7075	10146	23847	24775	34954	39094	54155	57897	51786	74096	65011	82175	86019	107214	140396	159350	190928	195381	218392	201436	326496	373827	397456	536485	505050	656476	1019477	928920	1055823	2231099	1960807	3401101	5426246	9062601	4454554	22497715	2498	0
FFQ	48	0	0	598	0	6872	8359	18985	21956	29276	35886	50668	56250	50409	72362	63905	78644	82062	106122	139109	162465	190983	203478	225023	207946	340964	382215	403799	565142	522498	690246	1059717	948086	1106819	2280644	2032216	3490995	5512254	9159380	4280705	22071219	2553	0
FFQ	49	0	0	649	0	6962	7519	17560	21809	27431	35465	50483	56330	51697	74023	64550	77430	80812	108577	140869	166882	196726	211068	232156	215986	352354	391872	414889	585512	543457	713645	1098270	970510	1137153	2344634	2073853	3538772	5572224	9223985	4171187	21680516	2459	0
FFQ	50	0	0	724	0	7033	7418	17320	23006	26706	35934	52006	57323	52242	76888	65343	79310	82203	111101	143279	171779	202698	216352	239931	220922	365738	400836	426112	606360	555170	732102	1132956	981933	1175515	2392950	2134755	3587472	5638441	9318308	4019062	21300284	2241	0
FFQ	51	0	0	928	0	10202	16722	36769	31624	44987	47221	61908	61949	57064	83857	72744	98948	103930	118012	151989	172056	204511	199459	229590	205073	343672	397215	415466	546020	500130	675526	1066921	936975	1142960	2220635	2119570	3535168	5660422	9441975	4145305	21499799	1956	0
FFQ	52	0	0	912	0	9024	11703	26141	28147	37930	42985	58442	63549	54688	81709	68659	95005	97875	121400	156586	180359	217785	212346	250187	221156	375707	418639	437339	610642	543352	748201	1151423	989496	1228584	2373169	2226324	3668317	5781359	9534006	3900084	20633212	2306	0
FFQ	53	0	0	925	0	9229	10321	23199	28929	34919	43755	61894	67219	58643	86781	71232	94773	97063	126877	161388	190306	231041	227857	264525	234982	400603	436409	459430	654313	577871	790966	1216432	1024270	1281974	2474277	2301257	3736273	5846929	9566964	3737678	20024592	2184	0
FFQ	54	0	0	975	0	9098	9657	21391	28640	32171	42488	60475	66052	57157	87494	69917	93497	96874	126426	160572	193482	231874	231892	269965	238878	410850	443211	467170	673100	591691	810963	1252649	1045661	1323451	2518678	2367093	3795408	5936457	9660358	3595835	19634044	2177	0
FFQ	55	0	0	54076	0	9329	9181	20515	28615	30877	42880	61159	66358	58574	89368	71438	94815	97453	129472	164015	199192	238567	240092	279763	245156	426950	452520	478590	696876	606310	833717	1307605	1072676	1370424	2588159	2440364	3846005	6011222	9742126	3408336	19142531	1945	0
FFQ	56	0	0	182185	0	14021	21776	44451	39696	54246	56320	72551	74454	64015	98795	82481	118265	120482	139851	173107	200691	246597	225058	270325	234127	404330	453010	478092	634359	563312	789577	1254979	1041699	1356696	2441903	2456053	3829888	6063307	9809251	3424495	19120825	1489	0
FFQ	57	0	0	213543	0	11807	14514	31170	34938	44095	50651	68951	74892	61153	95967	75909	111343	114222	141161	177214	206522	257561	235443	289406	246989	432837	469662	493684	698026	599624	853129	1318669	1086840	1419943	2555773	2517998	3909711	6112013	9812694	3342900	18473337	1992	0
FFQ	58	0	0	262301	0	11910	12565	27530	35886	39003	50766	70628	76407	62909	98981	75969	110423	112911	144639	180373	216215	265623	249223	301646	257400	456615	483724	509627	736933	629438	892301	1376944	1122150	1480204	2637379	2614040	3980558	6214075	9867444	3134668	17854456	1912	0
FFQ	59	0	0	340515	0	11787	11751	25425	36361	37284	50913	72108	77911	64192	102561	77192	110280	113483	146982	181966	222011	272620	257836	310357	265776	474801	493584	520960	761517	648268	909568	1421651	1146987	1512899	2705900	2662810	4012562	6259958	9888920	3039644	17404109	1826	0
FFQ	60	0	0	476016	0	11548	11394	23788	35458	35362	49722	70530	75682	63797	103442	76514	110099	114515	148549	184925	226000	275174	264491	319270	270201	486641	500735	530860	784221	659882	928098	1471284	1171977	1554176	2769187	2746394	4055031	6345963	9929585	2859251	16913393	1628	0
FFQ	61	0	0	694847	0	17862	26839	51804	46647	61615	65219	81612	84148	70147	112640	91867	134155	136506	156918	189957	226661	283163	251335	309426	259803	457367	500676	530928	714056	620043	894513	1405281	1143912	1542372	2613342	2776488	4065731	6430537	9936539	2848242	16819706	1339	0
FFQ	62	0	0	744186	0	16619	19705	39485	46440	51729	61911	80819	91995	68606	114292	85462	131594	135842	164669	199345	240058	300162	265130	338060	277575	500984	523971	555114	795418	663522	973391	1491335	1199775	1630509	2748435	2893813	4153728	6523827	9965340	2633123	15926181	1546	0
FFQ	63	0	0	811466	0	15181	15400	31608	44002	44271	58349	80696	87861	69070	114163	83435	129272	134417	166694	203798	248005	306994	279141	351974	288984	526796	539712	571633	839037	689648	1011068	1539497	1238910	1681231	2817446	2971862	4207928	6591174	9969966	2509483	15381551	1472	0
FFQ	64	0	0	914595	0	15128	14816	31017	47052	43986	61870	86838	92025	72420	122034	85147	132077	137603	172150	209482	260852	320475	293822	363995	298974	551913	554402	589885	874495	717650	1032399	1602489	1275448	1719101	2915177	3030509	4229470	6629426	9930628	2396246	14825527	1534	0
FFQ	65	0	0	1081331	0	16806	14597	30019	56185	40425	60690	86567	99345	69794	126248	87401	127546	137031	168381	207560	258970	315619	294948	364948	299893	550863	550070	588750	876594	717436	1035800	1616130	1286962	1731065	2930766	3063162	4243341	6662587	9941235	2327901	14583761	1419	0
FFQ	66	0	0	1344012	0	21111	29816	52943	48382	63639	68170	84587	91269	72771	121279	97476	147462	149747	172252	204524	249310	312958	277460	345202	286228	508094	541061	581700	786672	674175	1003037	1535617	1255631	1718468	2770637	3103256	4277162	6787755	9907608	2342487	14616659	1033	0
FFQ	67	0	0	1403125	0	18120	21036	41107	49209	54273	65523	86628	95200	70951	124747	90204	146339	151558	181975	216849	266330	336405	291924	377577	306854	559743	569387	611631	880189	722656	1077349	1628897	1318119	1795356	2918580	3189926	4326520	6803039	9871478	2198320	13782569	1373	0
FFQ	68	0	0	1486516	0	18900	19257	38643	55820	51931	70221	96703	104531	77126	137448	93176	150399	157976	191989	228165	286482	356287	314559	400037	321359	599845	592571	637919	938273	764636	1118854	1702493	1370139	1851716	3027196	3289973	4349278	6857874	9803335	2028928	13058716	1222	0
FFQ	69	0	0	1610621	0	17105	16464	32958	52787	44620	65051	91610	97595	73658	132222	89604	144382	156464	187931	227506	287038	352456	320429	404832	324655	608387	595961	642300	954044	774971	1136381	1728204	1395800	1882016	3067290	3336983	4387244	6907963	9795012	1976727	12729300	1337	0
FFQ	70	0	0	1813951	0	17871	16522	32856	53776	44600	66632	93012	98485	74175	135851	91836	147314	159279	192410	231648	295072	359785	330106	417639	331202	626149	604808	655434	979995	790885	1152035	1777845	1434520	1912260	3139479	3414319	4403189	6977914	9742889	1829946	12202566	1040	0
FFQ	71	0	0	2133153	0	27278	36076	59798	54523	68752	77859	92574	103557	83663	135086	115380	169779	178537	199678	233933	287416	358355	329338	403529	333199	573944	619412	652905	886918	742018	1178422	1675915	1416321	1996695	2893303	3601892	4657545	7360105	9708833	1980487	11220875	1603	0
FFQ	72	0	0	2203940	0	24029	27983	50568	59052	64109	78343	98919	112807	83120	146273	109985	176306	187631	217055	253527	315832	395992	351310	450552	360919	644236	660743	699833	1004378	808182	1271767	1800141	1508295	2088681	3094714	3749191	4691110	7401882	9565540	1740255	10149181	1674	0
FFQ	73	0	0	2297005	0	23267	23325	44335	63080	57369	78869	104086	116132	84977	152598	108424	175597	192963	222936	263597	331665	409188	371170	473172	373751	684050	679077	721689	1059039	844582	1314230	1859979	1561451	2135336	3177883	3822971	4703844	7409036	9447842	1639334	9617900	1725	0
FFQ	74	0	0	2436246	0	22603	21852	42474	65060	53770	78657	107545	117513	84834	156597	108801	175495	196018	224662	266493	341551	415310	380522	485172	380406	701278	686859	735144	1082764	865275	1329992	1898481	1589540	2164782	3240292	3876214	4715677	7417734	9399461	1561291	9218850	1692	0
FFQ	75	0	0	2659595	0	24657	22927	42441	66818	52883	78510	106012	116762	85181	159564	109949	176901	201831	228613	272305	348011	419878	391858	494788	385874	712771	696300	744776	1101700	876281	1339281	1938980	1633627	2182582	3318421	3952031	4690376	7432842	9251935	1456933	8870959	1169	0
FFQ	76	0	0	3018781	0	9267	17573	47034	46520	48236	58805	80427	73174	72600	106250	95486	126836	131377	153525	197023	215836	271959	294130	289444	293456	423625	549936	524732	741077	635784	989204	1126910	1437941	1348767	2374025	2203465	4093799	6275639	7877349	6855491	13517746	22459	0
FFQ	77	0	0	3084138	0	10132	13969	34112	37295	43275	53745	76964	79461	70188	114651	92429	118387	124499	154740	201724	223319	300221	304118	326136	325285	445163	576541	577323	791966	699043	1086448	1202059	1495643	1434771	2545307	2258642	4208041	6309837	7879610	6611773	12707662	26429	0
FFQ	78	0	0	3182214	0	10168	12383	29312	34566	39216	52393	76634	82125	72492	122401	98425	114770	119953	155358	202276	232299	313078	319275	345209	349996	464792	592079	605022	823843	738643	1136123	1264221	1526615	1501933	2635937	2310150	4291839	6332609	7909416	6366768	12154020	25845	0
FFQ	79	0	0	3334109	0	10751	12573	27931	33958	37503	53284	78097	85741	74101	130207	103933	116118	121631	159172	206582	242080	324491	332868	358579	365994	482450	607329	621875	848115	760268	1161456	1326537	1539424	1564887	2707163	2380478	4340643	6353607	7955181	6049693	11711675	23265	0
FFQ	80	0	0	3593401	0	10897	12278	26325	31396	35298	49648	72187	79040	70375	123260	102107	113394	122049	156547	203826	241338	317644	331191	359974	366190	481290	608298	618124	845509	757350	1162306	1356632	1539855	1604323	2733700	2421758	4369546	6366951	7986095	5861147	11490194	21652	0
FFQ	81	0	0	4051235	0	9754	16151	36470	37219	43224	50092	71242	69281	57057	101761	72348	109441	108476	137664	164796	198211	284573	247333	265717	259749	390561	499571	523612	681613	645113	890982	1246114	1327838	1405172	2586864	2277691	3889874	5946556	8046298	5389656	14497576	5500	0
FFQ	82	0	0	4154260	0	9855	11527	27612	34400	37242	49653	74621	80115	61185	115883	76917	105916	101313	143085	170165	212815	308609	267877	298091	290644	426077	525899	558577	748611	707905	973598	1341652	1384242	1485204	2757884	2337165	4002310	5983722	8035172	5175541	13558828	7490	0
FFQ	83	0	0	4307177	0	9838	9572	23647	34120	31347	49441	74670	82489	64028	125334	83601	103439	98836	145281	171284	222594	316803	285107	311519	308781	450444	542042	578966	783445	744775	1015787	1416581	1414107	1559037	2848868	2418044	4070294	6015201	8070261	4905421	12941637	7146	0
FFQ	84	0	0	4561582	0	9549	8510	21312	35340	27919	50019	75883	83477	65828	134252	89169	102938	99093	147828	170598	232180	323084	298336	321344	320308	468113	549350	588461	806541	765103	1027929	1483653	1437464	1606967	2931877	2488802	4109539	6043680	8089353	4666896	12390961	7023	0
FFQ	85	0	0	5038751	0	7775	7166	16119	26928	21610	38958	58605	63627	51747	109788	74258	94839	93151	136175	159096	217360	300411	285261	310255	307274	454815	533404	566939	794381	740002	1011132	1508388	1442763	1630199	2963543	2519106	4126474	6060708	8117720	4592176	12151312	7334	0
FFQ	86	0	0	5913310	0	5781	8712	19832	21414	26525	31090	51108	52295	38203	80447	48693	105783	102181	134821	154621	198025	299988	241561	273421	262735	411353	524106	558901	730387	683980	990206	1407489	1410081	1648141	2721146	2577894	4152120	6146868	8088928	4568728	11942583	5339	0
FFQ	87	0	0	6055543	0	7526	6910	18687	26511	24333	37521	60787	67755	45517	101304	54484	105866	95782	143625	160081	216687	328244	261912	305164	288271	452467	548866	592521	807060	743780	1067606	1517069	1468076	1733713	2892122	2647095	4235278	6148897	8027645	4324689	11011361	7340	0
FFQ	88	0	0	6259039	0	7904	5498	16697	30488	19980	40190	64025	70831	49653	114261	60004	106983	96248	149773	162053	231591	341980	279077	320798	302568	483617	565446	611508	851460	778573	1109998	1602698	1500545	1815888	2990598	2740406	4282291	6157812	8016836	4031699	10361380	6939	0
FFQ	89	0	0	6579016	0	6910	4405	13701	30659	16408	38897	61155	67225	47566	114918	61469	108173	98906	154198	164028	242943	352050	295398	330376	313005	503056	574905	621442	869993	801643	1110698	1667550	1528367	1847096	3073449	2793099	4293902	6153092	7954752	3855783	9879479	6860	0
FFQ	90	0	0	7154934	0	2391	2096	5369	10780	7177	15725	24563	27599	21183	54605	32801	99531	94183	143047	153384	229008	327798	279751	313583	299045	481756	549283	588909	838195	758624	1073434	1663267	1514765	1859078	3032547	2794348	4288703	6114346	7964936	3824401	9983069	7579	0
# Last Fragment Qualities. Use `grep ^LFQ | cut -f 2-` to extract this part.
# Columns correspond to qualities and rows to cycles. First column is the cycle number.
LFQ	1	0	0	23675	0	0	0	0	0	15138	0	0	0	12841	40111	88339	0	0	46485	0	29499	125558	33321	111392	201587	246448	102456	0	367909	466576	393953	128072	976440	204753	1248055	626655	2510978	3089518	3110330	5421697	36747276	306452	0
LFQ	2	0	0	0	0	0	0	0	0	15386	0	9804	15913	25025	61642	60328	22778	47217	41383	64765	49035	109412	133760	141015	235654	162646	190734	215573	290867	443117	384916	259805	930398	383678	1270419	894213	2200899	3505530	3786317	4256155	36307006	160124	0
LFQ	3	0	0	0	0	41	84	1951	3725	15929	5409	15006	22476	32503	65358	76466	29312	49409	50914	71253	63031	105765	158863	135036	241031	152701	200388	210339	301684	444898	362184	282941	926695	377592	1291769	899215	2156290	3514284	3821160	5024088	35415234	150490	0
LFQ	4	0	0	35	0	173	319	4904	7708	16283	12295	20851	28303	39005	59748	68281	37741	50408	59455	78270	74376	100085	171213	128350	223797	158195	197619	199333	316362	420844	340571	293283	901817	374718	1290946	906183	2112167	3528673	3904864	5502261	34909345	136733	0
LFQ	5	0	0	0	0	388	1242	7308	12341	20839	17782	25768	33221	46415	60673	57578	45233	55027	66217	86668	77465	106199	171657	125907	194567	165599	192436	191597	329085	381240	321860	291470	867551	367244	1273024	907485	2019330	3515734	3935459	5508866	35077789	117250	0
LFQ	6	0	0	0	0	478	1892	7317	15713	22555	18764	23998	29004	47155	57738	40091	43954	51590	60438	89666	77232	113073	168955	117957	157458	173179	194356	182782	353582	326087	299451	316380	836136	357413	1313074	940623	1894311	3599701	4004794	5847305	34782348	108964	0
LFQ	7	0	0	809	0	553	1549	5169	10065	14482	14598	19308	25332	39039	61133	51362	39712	43800	56041	80409	75115	106276	173098	131437	192433	165035	200013	206151	337782	391177	341363	355726	881970	376190	1406494	939888	2054162	3715226	4028970	5880327	34115050	138270	0
LFQ	8	0	0	0	0	583	1474	4533	8498	11744	12694	17260	22744	34449	59560	58763	36344	41012	53609	75737	73275	101816	171895	134605	210666	163910	200771	215799	333687	415000	358599	372633	898370	394412	1427892	959106	2124216	3763590	4089073	5881534	33797138	148523	0
LFQ	9	0	0	393	0	700	1404	4280	7110	10129	12001	16461	21207	31402	59992	61527	35205	39443	52635	73529	73148	100447	171632	134502	218489	163909	201613	222966	333449	428488	371229	382565	905982	406023	1453315	970711	2152856	3793000	4141396	5893892	33574407	154077	0
LFQ	10	0	0	0	0	715	1352	4148	6906	10045	12184	16868	21509	31993	62964	67480	34136	38785	53270	73093	74364	101853	175154	136929	230046	165410	203111	232107	333456	444725	377590	393768	923024	415810	1491021	981376	2174253	3829653	4207328	5903370	33290748	154970	0
LFQ	11	0	0	410	0	1007	2942	9388	16287	24366	20634	26325	31455	48559	64343	41652	47924	54881	64372	94447	80908	122710	173238	125841	158520	181567	215435	210674	364499	341767	335190	373113	866203	385248	1421399	994708	1977681	3802663	4258246	6118619	33485535	132758	0
LFQ	12	0	0	2475	0	945	2094	6527	10568	16059	16059	21473	26132	39243	65395	49473	40575	46159	59604	84017	77935	115040	172755	136035	189454	176608	217100	231908	353981	399184	377110	399498	913576	415737	1491077	1018518	2139641	3890461	4336937	6130301	32848659	157201	0
LFQ	13	0	0	1875	0	1017	2039	6140	9184	13745	15118	21144	25275	36656	70190	61083	38307	43437	57664	80504	78383	114469	176806	142083	215284	177516	220217	247470	353908	439565	396589	424636	948932	438406	1551923	1042308	2225357	3963932	4432654	6111587	32325306	164805	0
LFQ	14	0	0	16	0	1085	1867	5821	8612	12952	14929	20692	24526	35630	73125	68688	36920	42443	57535	79257	79779	115130	180219	145616	230076	180487	222955	259552	356650	464885	408508	442269	967576	454573	1599546	1062314	2267835	4014046	4516819	6096463	31958104	168014	0
LFQ	15	0	0	11	0	1253	1996	5962	8669	13212	15415	21871	25405	35870	78729	76338	37031	41969	58038	79106	81751	118073	185951	149827	241085	184069	227009	270485	360172	485702	420777	462536	985678	469593	1646244	1082070	2300597	4061940	4614384	6066496	31593826	166374	0
LFQ	16	0	0	148	0	1826	4935	14735	20490	32397	26889	34852	38570	58845	81257	47468	55241	67662	76372	110110	95383	146867	193060	144185	171965	204708	244329	252076	394556	376260	385783	436371	925998	447743	1568141	1090047	2106267	4051220	4662030	6223871	31743223	139634	0
LFQ	17	0	0	31	0	1766	3698	10554	14069	22815	22235	30499	34240	50298	90329	60220	48012	57448	71734	99988	93859	141683	199815	159199	211410	201703	250015	279460	392121	446766	430391	475007	982595	485046	1662716	1119883	2278731	4141613	4754052	6229819	30961060	160634	0
LFQ	18	0	0	1005	0	1826	3239	9810	12721	19646	21446	29756	33152	47345	97620	75584	45636	53508	70160	95028	95781	141478	205068	167244	238634	205809	254913	297073	395791	489326	456034	507112	1016535	513516	1730786	1155381	2360972	4217022	4871134	6180118	30392004	166301	0
LFQ	19	0	0	0	0	1939	3154	9031	11698	17881	20387	28368	31363	44990	97106	80865	43673	51242	68817	92538	95899	139116	207296	168987	250343	207110	256047	304449	396811	505734	468478	518047	1030474	526245	1761051	1171396	2402539	4260515	4940381	6213767	30078138	169639	0
LFQ	20	0	0	69	0	2016	3007	8657	11278	16965	19404	28223	30826	42598	97177	83107	42865	50235	68545	92121	96610	140035	209100	170467	258042	211101	259785	311311	403067	520550	478819	532846	1043186	538753	1798863	1186749	2439765	4303794	5013077	6227569	29765460	169472	0
LFQ	21	0	0	570	0	2927	7162	19863	23392	39327	32561	42281	44176	68468	100413	53381	61560	79501	87343	125013	110098	171909	213328	166157	187223	229147	279495	294987	434778	414366	444107	511960	992851	527651	1728810	1208835	2274472	4327165	5134347	6357547	29734381	143962	0
LFQ	22	0	0	20	0	2876	5314	14701	17651	28826	28522	38598	40971	59623	113072	67338	55465	67987	83598	113841	112021	169549	225184	184075	228609	230750	287492	327135	437733	491055	493911	561830	1053879	570950	1845411	1255445	2451942	4437731	5257124	6327255	28826234	161796	0
LFQ	23	0	0	31	0	2901	4561	12705	14561	23163	25094	35429	38131	52274	112393	78204	51744	61870	80491	106839	110658	165207	227524	187664	252169	234606	291060	340420	444124	523651	522571	586169	1079481	596056	1893178	1281898	2533165	4498194	5338204	6351741	28347992	169391	0
LFQ	24	0	0	41	0	3105	4602	12302	14359	22398	25161	35848	38086	51626	118725	87463	50728	60630	80182	106695	113324	167367	234707	193317	268006	238997	296391	353182	449165	549104	539189	611227	1102889	616026	1949083	1307590	2583192	4554672	5442721	6332442	27891267	169705	0
LFQ	25	0	0	196	0	3358	4784	12612	14805	22529	25552	37034	39263	51916	126062	95772	50606	60711	81306	107482	115871	172137	242231	198492	281854	244315	302946	367613	456189	574854	552101	633871	1124453	633692	2009944	1327265	2621361	4608211	5533215	6313342	27461818	165751	0
LFQ	26	0	0	433	0	4445	10380	26736	28132	48677	39893	51413	52603	80802	122515	59802	70718	94963	102820	144130	129978	204446	242234	192777	207187	265087	325727	345142	491155	460519	521491	602344	1082671	623236	1924328	1364679	2499621	4676056	5636114	6604313	27188720	149227	0
LFQ	27	0	0	1600	0	4398	7325	19181	21016	34320	34682	47037	48789	69370	138912	74987	64299	80255	98398	132500	131897	202572	255397	212787	251237	268937	336830	381886	502927	539701	581443	658495	1145969	671643	2048792	1408042	2671919	4781334	5741729	6571862	26266420	166626	0
LFQ	28	0	0	160	0	4596	6995	17752	19692	30497	32858	45684	47468	64026	145115	89929	60832	75001	95968	126412	133516	201232	263497	220905	278951	275382	342963	400577	509540	579823	608839	692990	1178491	702164	2111784	1441695	2757657	4842832	5844293	6538849	25714539	172010	0
LFQ	29	0	0	198	0	4983	6986	17401	18991	28465	32267	45717	47711	62438	153867	100518	60110	73509	97097	125994	137432	205480	272601	227344	296810	282263	353125	418001	521300	611384	631383	725344	1199920	728995	2182243	1475780	2814131	4907486	5958930	6492832	25185279	171199	0
LFQ	30	0	0	266	0	5355	6963	17019	19050	27448	32482	47198	48946	62320	160597	108066	60095	73458	98459	126198	141771	212105	279338	234507	308541	291127	360628	433582	532796	629428	650747	760538	1216136	758039	2243646	1505151	2857510	4952200	6105563	6407861	24733766	166614	0
LFQ	31	0	0	654	0	4508	8696	20127	18615	34429	30286	43274	42645	62738	102311	48256	61789	89603	95193	130328	120239	189817	204515	186537	176527	254326	320938	332387	470788	416506	549171	653997	929724	763809	1755283	1444600	2591769	4510030	6510573	4867586	28487952	144988	0
LFQ	32	0	0	469	0	4428	7008	16370	15429	26801	27236	40204	40785	54847	115260	56043	57990	78466	91885	121548	124245	194239	212571	202525	202143	262684	336650	362251	495564	465799	605225	722650	967200	823633	1879103	1517151	2716270	4581295	6706762	4737506	27651383	152472	0
LFQ	33	0	0	10947	0	4379	6203	14227	14353	22830	25736	38361	40009	49998	119870	64015	56193	72246	89938	116164	126175	195961	217783	208627	216514	268821	345439	376945	510984	493030	633856	760316	991518	859927	1943844	1563153	2788361	4622585	6851753	4663599	27133266	154839	0
LFQ	34	0	0	8551	0	4358	5486	12834	13141	20070	23808	35842	38079	45796	115662	63732	54509	69483	88550	112533	126122	193229	218322	209597	220540	273354	349317	384612	522225	500110	653477	784361	997029	887690	1959179	1596345	2836977	4657366	7007117	4583585	26842478	156077	0
LFQ	35	0	0	415	0	4651	5655	12790	13836	20058	24327	37869	40301	46796	125962	68898	56293	70884	92264	115197	133277	203833	227211	219553	229872	288186	362701	399679	542224	518807	675041	829910	1011760	923781	2032920	1645829	2876378	4702300	7187114	4428175	26344293	151313	0
LFQ	36	0	0	791	0	5748	10197	22378	19390	34419	31257	43425	44540	62942	112919	46416	62217	91475	94749	130202	127685	209404	199439	192059	168761	267386	332185	348840	486297	432135	563989	740402	907093	836869	1895484	1535038	2611739	4518914	7079938	4126143	28165951	110544	0
LFQ	37	0	0	396	0	5420	7451	17470	17039	26661	28741	41828	44244	53590	129858	55237	59405	78780	92664	121409	133585	214749	211960	210468	196077	278203	350757	382044	520830	485028	620771	815544	954938	895969	2034905	1606415	2723295	4577288	7258185	4051427	27245863	119909	0
LFQ	38	0	0	384	0	5764	7227	15898	16475	23083	27818	41136	45225	48758	135760	62624	59167	74666	93521	117679	138846	218692	220133	220359	211350	294572	364700	400076	550598	514206	662392	873671	973592	957070	2104357	1686145	2814051	4645528	7528326	3848001	26549013	116611	0
LFQ	39	0	0	402	0	6039	6980	15846	18292	22665	29704	44065	49996	49931	152714	75081	60603	74189	96636	117586	146342	228561	229626	229294	223884	306285	375567	414703	570041	536748	684727	915097	990447	992808	2160878	1732673	2861280	4683091	7692474	3711492	26046157	113704	0
LFQ	40	0	0	563	0	6155	6818	15031	17439	21710	28288	42568	47915	47427	146752	71355	60997	74569	96690	118259	147876	233552	232974	233063	228361	314136	382164	425760	583220	548383	698036	940212	1001602	1012081	2203314	1760795	2887733	4716033	7793378	3675222	25732468	112944	0
LFQ	41	0	0	637	0	9350	15022	30687	24765	44635	38392	54171	57590	75270	138692	53309	75449	111751	111594	151918	151774	251183	219941	227872	185107	310754	384772	393788	560935	481005	653973	865311	955479	999317	2051559	1748811	2851624	4775364	7742486	3646150	26116985	97688	0
LFQ	42	0	0	582	0	8850	11677	24691	23081	35660	36412	53136	60201	64630	161940	61927	73880	98591	111894	143242	163288	262586	235913	250694	214294	332161	410018	430973	608421	533626	720393	957504	1001616	1069837	2193615	1838440	2954940	4830636	7971820	3517172	25093907	102161	0
LFQ	43	0	0	670	0	8523	9900	20202	21177	28346	32515	48455	57059	56459	155851	66067	72014	91493	109697	136115	164569	257533	240734	256034	227327	343023	419728	443444	633326	554032	755272	995803	1022268	1118616	2236903	1902105	3030170	4899590	8149642	3431056	24565480	102561	0
LFQ	44	0	0	600	0	8926	9987	20633	22748	28234	34781	51115	61042	56232	168492	72464	74318	92709	114046	138613	174288	271621	250894	268062	237579	360854	433056	463701	661660	581042	781624	1048713	1039939	1163338	2307465	1967814	3077664	4953164	8334380	3269303	23964703	97335	0
LFQ	45	0	0	661	0	9300	9719	20121	23677	26661	35056	51188	62270	54583	171783	73730	75401	92607	115381	138110	178250	275067	254735	272316	243493	370672	442526	471809	676849	590223	797700	1074738	1051237	1190976	2342137	2003624	3107486	4988436	8438745	3209805	23626008	95432	0
LFQ	46	0	0	848	0	14781	22007	41910	31510	58567	47000	68142	76900	94063	163374	65417	94665	145424	139673	185489	188435	301783	256583	282235	219139	371299	464336	450212	671141	546455	804419	1003759	1041117	1272070	2159609	2135962	3361511	5453909	8623974	3407708	22300315	96180	0
LFQ	47	0	0	806	0	13537	17046	33379	29430	46709	44112	65303	79044	78877	185916	70830	95327	130671	140139	175978	201307	314464	269086	308025	246412	397595	491521	489644	728085	592348	875062	1097352	1094206	1344085	2301663	2231237	3463519	5494296	8836432	3267919	21311936	98036	0
LFQ	48	0	0	798	0	13462	15175	30316	30030	40746	43309	63809	81306	72440	194647	77602	95997	127372	140921	171433	209926	320711	280941	320162	262975	417723	508088	510718	763457	620630	916078	1154624	1117784	1400489	2371013	2313164	3525487	5545575	8989629	3139466	20676238	96569	0
LFQ	49	0	0	829	0	12937	13557	26378	28205	34704	40842	59587	78667	65540	187388	78740	94604	121577	139210	167619	211139	315602	282238	324444	271059	422212	511877	519022	775750	631898	935343	1172192	1135456	1420907	2394108	2344465	3566753	5581052	9091471	3130434	20374799	97671	0
LFQ	50	0	0	914	0	14590	14941	29500	32327	37808	44647	64379	86722	69035	204862	83331	100094	128411	145927	173319	225060	335451	293051	338399	279764	441845	530090	538274	804171	656140	960498	1221654	1152005	1472129	2465292	2429381	3594157	5641938	9180867	2921633	19860195	86952	0
LFQ	51	0	0	1138	0	4715	10904	30107	34775	59518	45219	60452	63224	103063	131314	74198	99411	130501	144017	195953	162312	246538	320038	243915	265725	357807	431555	395905	666251	491598	708666	663408	1282455	744946	1861513	1559434	2895705	4972950	5484100	7852064	23611764	252100	0
LFQ	52	0	0	1080	0	4880	8432	22556	25590	41441	40630	54175	56789	87849	154642	84566	88748	113071	135656	186505	166490	248072	329798	276112	311250	360335	446842	451654	672153	573989	777578	703204	1349870	795301	1979093	1596683	3039836	5020437	5512829	7720104	22947725	272783	0
LFQ	53	0	0	1057	0	5400	8030	19823	21553	35059	37189	51779	54670	79020	162133	97195	82777	105933	131708	178926	168425	248876	336573	288758	342056	365917	457557	478728	680448	620391	815114	738175	1379507	833683	2036139	1623953	3116005	5055626	5578810	7619620	22521004	280663	0
LFQ	54	0	0	1043	0	5955	8528	20341	21494	34806	37830	54336	57287	80701	176453	111250	83103	106486	134140	180296	174419	257495	344508	301354	362336	373623	468657	499373	689342	652037	838351	776185	1397424	874899	2089362	1650490	3170332	5098671	5709335	7398440	22150985	266104	0
LFQ	55	0	0	33937	0	6362	8801	20233	20372	33764	36786	53969	57023	78584	175614	113588	84213	107016	134806	180317	176611	260434	346066	305612	367187	378621	475387	505749	693992	661877	846936	797872	1409614	899654	2113564	1665407	3200139	5132339	5776340	7266136	21975510	256819	0
LFQ	56	0	0	122101	0	6555	12840	31369	31182	53596	45334	58751	58386	92921	153085	65787	80764	113477	120152	172190	152996	251060	276210	232056	236624	310309	391570	398148	578574	527533	632928	706158	1210685	774194	1986952	1477913	2743576	4730083	5613764	6132003	25944266	130667	0
LFQ	57	0	0	145819	0	6588	9614	23609	24208	38852	40092	56199	57456	80007	177832	86248	74459	97292	116877	159687	158909	254279	293360	258162	288381	318857	410634	441676	595913	605616	700239	770803	1264393	827889	2103810	1517218	2887350	4783622	5723861	6033844	25075973	146655	0
LFQ	58	0	0	184450	0	7028	8772	21304	22503	33293	38628	55510	58028	72786	187710	104035	72505	91281	115976	152608	163189	257183	302621	270002	318498	329482	422413	465378	610120	649802	734854	817729	1291087	871843	2172664	1561767	2962435	4830122	5844809	5906206	24496628	150527	0
LFQ	59	0	0	251871	0	7570	8569	20296	22527	31408	37522	55136	58106	69667	193145	113861	71881	89295	116602	150762	166155	260131	308649	276101	332593	338409	429878	479713	621809	671331	753002	856554	1307620	905384	2231455	1592397	3002545	4864425	5967146	5786888	24055785	149087	0
LFQ	60	0	0	379356	0	10057	9168	20936	30367	29710	37836	54055	73364	65653	194742	120386	70596	90633	114775	147310	169482	258223	307271	278415	338827	343881	432858	483641	628940	672927	766590	886506	1306947	932920	2256053	1619874	3020836	4866943	6059780	5672425	23754636	147864	0
LFQ	61	0	0	602158	0	9415	16368	36655	32886	57811	48818	64110	64369	97321	172472	68203	84690	123497	127569	180926	168142	281939	283551	253730	242401	337559	430537	441159	622132	566158	711592	829078	1246473	930147	2135104	1636073	2933437	4904116	6129147	5681560	23982100	120840	0
LFQ	62	0	0	647454	0	9033	12063	27133	26712	41516	43553	61801	65031	79952	197075	85765	80782	106089	125605	167712	177463	286221	301042	282111	289698	352778	452644	484145	653466	633048	785372	905926	1287506	994094	2247599	1692172	3066923	4947008	6267150	5545437	23091107	133510	0
LFQ	63	0	0	713380	0	9428	10721	24891	25989	36093	42224	61554	66482	73725	210139	102682	78835	99995	126457	161019	182522	290365	309751	293938	316101	363545	465329	506596	673443	671907	817755	954172	1316510	1036805	2315592	1739859	3133780	4985019	6378606	5427366	22493258	137362	0
LFQ	64	0	0	818837	0	9399	9950	22188	24729	31577	39835	58634	65313	68375	206926	108697	77376	96240	124813	156571	184477	288650	314015	297789	328229	370149	470378	516235	683395	686402	834568	991477	1327342	1068451	2358312	1772332	3172468	5011866	6475919	5337383	22106195	137165	0
LFQ	65	0	0	1005454	0	9579	10082	21760	24713	30742	39273	58327	65785	66780	208282	112315	77590	96227	125888	156072	189247	293485	318275	304076	336754	383214	480073	526145	698500	699675	848840	1041115	1333506	1110598	2433187	1819340	3208009	5038012	6641205	5122039	21587070	130912	0
LFQ	66	0	0	1312047	0	11972	19440	40787	34230	58732	49793	67100	70226	97310	186391	67800	91250	132805	134269	188867	186115	312289	288407	274740	245381	366707	470515	479505	676508	601489	794991	964713	1270250	1112059	2275110	1832641	3140928	5087299	6673093	5130927	21796160	108804	0
LFQ	67	0	0	1376005	0	11290	14034	30777	29811	43285	45559	66590	73329	79370	213880	83914	87416	114284	135007	174709	195542	320206	305463	305193	289890	386598	496645	521240	717757	661334	869779	1046418	1314259	1177542	2389126	1892671	3256676	5109553	6809312	4987384	20899732	119486	0
LFQ	68	0	0	1466983	0	11832	12739	28106	30470	37673	45980	66705	76765	74105	230427	100226	87169	108247	135633	168746	204792	325681	317951	318285	315946	402787	510884	545010	742727	700481	904373	1105343	1340433	1225449	2468727	1945161	3319149	5144843	6921896	4841778	20246103	120888	0
LFQ	69	0	0	1609262	0	11732	12046	26409	30373	34977	45719	66903	78540	71596	234803	109718	86811	107413	137091	166824	210745	332157	325720	326001	330035	414558	517460	559177	757310	722146	919788	1149503	1356023	1258195	2530409	1982400	3352108	5169300	7010629	4714977	19762293	118757	0
LFQ	70	0	0	1851034	0	11833	11722	24917	28936	31988	42632	62346	74880	65805	219392	104085	86824	104878	135778	161480	210644	325773	323230	327766	328185	422194	524581	559701	772266	718382	931455	1194230	1353691	1304913	2572655	2042628	3386848	5192212	7191117	4514429	19320429	113436	0
LFQ	71	0	0	2244897	0	14610	22189	43425	35121	58055	49902	68729	77445	95472	194435	67714	97189	142132	141206	194612	204514	339353	292143	297579	248919	400606	512158	513421	737516	639267	888446	1103703	1300598	1311405	2397917	2063468	3364161	5255796	7132007	4521880	19480739	95927	0
LFQ	72	0	0	2331519	0	14214	17014	35869	35032	47035	50412	73414	86675	81452	237482	84334	98764	126829	145280	184809	222747	361799	315647	334522	294615	431712	546782	564232	795978	705431	964549	1208111	1346215	1383958	2542979	2130513	3454806	5271910	7276715	4312040	18431164	101496	0
LFQ	73	0	0	2452410	0	14407	14572	31724	35616	39859	50432	72420	90064	73500	247686	95886	97781	121578	147753	178032	232386	366219	326999	345942	314409	449747	560891	582812	825673	733954	996444	1264609	1366544	1434202	2602138	2191028	3505803	5280599	7372587	4176643	17852360	101765	0
LFQ	74	0	0	2638020	0	14153	13201	28520	35344	34959	48241	68816	89062	67177	241495	98508	97532	118187	147101	173177	234914	362650	329609	351170	324594	461387	567489	590687	841456	744502	1011712	1306871	1378956	1477557	2648493	2243111	3541257	5308804	7487357	4039200	17382329	99309	0
LFQ	75	0	0	2951935	0	13761	13199	26993	33966	32288	46242	65418	86230	63954	230186	97856	95972	117207	146648	169371	236982	360298	331494	354503	328663	468656	568519	593619	855065	749465	1017801	1357397	1389417	1517000	2716508	2297442	3568154	5331632	7584817	3864293	16869151	94220	0
LFQ	76	0	0	3450987	0	16676	24131	44798	35786	55813	48469	68868	85090	90666	201252	66616	105213	149417	145937	197037	222586	367753	295343	317609	252096	434487	550930	547580	800951	683972	980446	1249348	1341642	1531758	2520824	2322714	3570002	5424401	7486094	3856853	17021527	80016	0
LFQ	77	0	0	3565237	0	15925	17861	36519	37238	43254	49165	72053	94180	73133	236068	77808	106812	134557	151687	185624	243522	385790	316588	354730	294019	470142	584109	590669	868815	737306	1052884	1354928	1382163	1600535	2654935	2397329	3640482	5412213	7587593	3686692	16047973	84508	0
LFQ	78	0	0	3725279	0	16311	15913	34479	40981	39161	52627	75027	102402	69017	259349	91521	109456	132861	157335	182805	258261	400790	332604	372268	316995	496164	600701	617180	905438	779243	1084404	1426156	1417104	1653002	2747441	2463812	3678228	5422176	7659259	3509611	15316857	82180	0
LFQ	79	0	0	3970852	0	15980	14489	30653	41763	33940	51785	71550	103105	62687	254855	93541	108407	130249	157069	177307	263354	397719	337837	377092	325380	507263	606208	623386	922119	786191	1092369	1471012	1431742	1691760	2792352	2515184	3697458	5439179	7717539	3399365	14850395	80613	0
LFQ	80	0	0	4383537	0	15038	13512	27880	38132	30609	46990	64605	94702	57711	229032	86824	105368	127182	154669	172918	259803	385933	333034	376679	324183	510072	601867	619832	928770	778873	1092513	1514894	1441330	1731004	2837517	2583427	3712716	5457889	7807836	3217448	14403362	75404	0
LFQ	81	0	0	5047143	0	15824	22513	41587	33274	47009	43153	64142	85686	76286	196128	60882	109260	151037	145318	190011	240001	384026	295614	330986	251984	462941	576143	568840	856391	731356	1063929	1391048	1397154	1748643	2631141	2605324	3748048	5567964	7638814	3229932	14526593	66260	0
LFQ	82	0	0	5201583	0	14986	16306	35133	38565	37197	45789	67724	98065	60717	229902	68303	113575	139742	153694	180908	263582	406520	313764	369528	287219	505349	610496	613474	932178	779429	1134022	1498072	1443536	1819501	2761714	2683555	3798535	5538166	7706539	3059348	13546706	68240	0
LFQ	83	0	0	5419466	0	15350	13982	31916	43922	32356	50500	70029	107588	55363	249247	79009	116172	138573	159288	176853	279321	419388	331537	387252	308864	533243	625741	637012	969063	813681	1160650	1572227	1476703	1871716	2844786	2756538	3819185	5531922	7737570	2891007	12848605	65339	0
LFQ	84	0	0	5758516	0	14148	12283	28117	45101	27756	49957	67177	107863	51151	244200	79288	115853	137413	159587	173332	285165	418282	336579	394305	316121	547472	631329	642526	989492	822799	1163015	1627614	1502716	1914188	2900951	2820705	3824968	5536862	7772127	2740699	12318828	61776	0
LFQ	85	0	0	6332640	0	11835	10288	22909	37328	21602	41414	54631	89542	42783	201377	70201	109495	130380	151104	164510	274456	394294	328693	386855	313187	539468	619412	631097	983150	806089	1150687	1660577	1510214	1943841	2940595	2865520	3830437	5549940	7791669	2626377	11941642	59311	0
LFQ	86	0	0	7271648	0	9259	12238	26075	22038	24783	26460	45057	66384	41130	149850	42608	107801	142088	135448	168910	250648	383809	290785	330249	242127	480599	585876	583580	891277	780610	1145030	1520863	1477812	2003671	2711060	2964695	3934931	5747345	7585660	2605879	11777751	52762	0
LFQ	87	0	0	7465425	0	11261	10318	26763	36231	22730	36866	55559	88067	35511	199867	50632	117099	140110	148789	163617	282297	417730	310262	370330	273716	530467	617964	627215	972083	830921	1196125	1645604	1528242	2048179	2864745	3009771	3937537	5650762	7555318	2472056	10834667	53259	0
LFQ	88	0	0	7734652	0	10948	7702	22836	42482	18848	41084	54733	94416	31877	209496	55040	119081	138027	152244	157947	294643	425808	322871	381231	286339	556204	628462	640416	1004164	856694	1217797	1713169	1560855	2100385	2922020	3084157	3945216	5634110	7552929	2329501	10238605	50346	0
LFQ	89	0	0	8138974	0	9209	6058	17999	40803	14442	38778	47751	87690	27724	190881	53742	119408	139681	153222	154323	301298	422129	327446	385931	291805	564798	624043	641542	1012159	861325	1209171	1756613	1585681	2135559	2970261	3132599	3949321	5623339	7534457	2221286	9796733	48391	0
LFQ	90	0	0	8821368	0	3695	3164	8194	16097	7289	18146	23347	39770	16448	93024	31125	117461	139348	150024	150183	300300	412684	327250	381525	288155	560851	616744	629038	999583	841618	1181118	1778062	1589091	2147569	2979035	3161409	3919659	5596187	7500458	2135391	9603835	47548	0
# GC Content of first fragments. Use `grep ^GCF | cut -f 2-` to extract this part.
GCF	0.50	56
GCF	1.51	55
GCF	2.26	100
GCF	2.76	101
GCF	3.52	145
GCF	4.52	192
GCF	5.28	193
GCF	5.78	291
GCF	6.28	287
GCF	6.78	411
GCF	7.29	412
GCF	7.79	534
GCF	8.29	533
GCF	8.79	892
GCF	9.30	893
GCF	9.80	1322
GCF	10.55	1323
GCF	11.56	2168
GCF	12.31	3506
GCF	12.81	3509
GCF	13.32	5682
GCF	13.82	5687
GCF	14.32	9599
GCF	14.82	9609
GCF	15.33	17177
GCF	15.83	17184
GCF	16.33	17183
GCF	16.83	30497
GCF	17.34	30500
GCF	17.84	53480
GCF	18.34	53479
GCF	18.84	87354
GCF	19.35	87351
GCF	19.85	132995
GCF	20.35	133007
GCF	20.85	133004
GCF	21.36	195631
GCF	21.86	195640
GCF	22.36	280258
GCF	22.86	280270
GCF	23.37	381207
GCF	23.87	381204
GCF	24.37	498127
GCF	24.87	498133
GCF	25.38	632461
GCF	25.88	632456
GCF	26.38	632464
GCF	26.88	775449
GCF	27.39	775471
GCF	27.89	925116
GCF	28.39	925122
GCF	28.89	1080859
GCF	29.40	1080886
GCF	29.90	1233692
GCF	30.40	1233742
GCF	30.90	1385424
GCF	31.41	1385491
GCF	31.91	1385523
GCF	32.41	1527452
GCF	32.91	1527472
GCF	33.42	1663673
GCF	33.92	1663751
GCF	34.42	1787752
GCF	34.92	1787824
GCF	35.43	1893488
GCF	35.93	1893612
GCF	36.43	1983675
GCF	36.93	1983748
GCF	37.44	1983861
GCF	37.94	2064763
GCF	38.44	2064887
GCF	38.94	2117774
GCF	39.45	2117863
GCF	39.95	2154069
GCF	40.45	2154151
GCF	40.95	2169815
GCF	41.46	2169898
GCF	41.96	2169935
GCF	42.46	2160031
GCF	42.96	2160014
GCF	43.47	2136656
GCF	43.97	2136674
GCF	44.47	2099891
GCF	44.97	2099814
GCF	45.48	2053669
GCF	45.98	2053704
GCF	46.48	1985600
GCF	46.98	1985603
GCF	47.49	1985668
GCF	47.99	1919342
GCF	48.49	1919377
GCF	48.99	1846241
GCF	49.50	1846264
GCF	50.00	1769454
GCF	50.50	1769481
GCF	51.01	1683408
GCF	51.51	1683363
GCF	52.01	1603703
GCF	52.51	1603744
GCF	53.02	1603726
GCF	53.52	1511989
GCF	54.02	1511979
GCF	54.52	1430482
GCF	55.03	1430448
GCF	55.53	1339266
GCF	56.03	1339221
GCF	56.53	1241309
GCF	57.04	1241327
GCF	57.54	1137861
GCF	58.04	1137844
GCF	58.54	1137826
GCF	59.05	1027779
GCF	59.55	1027704
GCF	60.05	907534
GCF	60.55	907448
GCF	61.06	782534
GCF	61.56	782560
GCF	62.06	664328
GCF	62.56	664290
GCF	63.07	664257
GCF	63.57	547202
GCF	64.07	547177
GCF	64.57	444573
GCF	65.08	444487
GCF	65.58	352503
GCF	66.08	352396
GCF	66.58	271752
GCF	67.09	271696
GCF	67.59	204403
GCF	68.09	204298
GCF	68.59	204185
GCF	69.10	148806
GCF	69.60	148695
GCF	70.10	105968
GCF	70.60	105900
GCF	71.11	74526
GCF	71.61	74435
GCF	72.11	51203
GCF	72.61	51146
GCF	73.12	34797
GCF	73.62	34777
GCF	74.12	34714
GCF	74.62	23670
GCF	75.13	23622
GCF	75.63	15909
GCF	76.13	15881
GCF	76.63	10574
GCF	77.14	10562
GCF	77.64	7275
GCF	78.14	7257
GCF	78.64	4859
GCF	79.15	4845
GCF	79.65	4840
GCF	80.15	3146
GCF	80.65	3139
GCF	81.16	2144
GCF	81.66	2143
GCF	82.16	1322
GCF	82.66	1321
GCF	83.17	881
GCF	83.67	879
GCF	84.17	875
GCF	84.67	480
GCF	85.18	478
GCF	85.68	250
GCF	86.18	249
GCF	86.93	137
GCF	87.94	55
GCF	89.20	32
GCF	90.45	2
GCF	91.46	3
GCF	92.46	1
GCF	93.47	2
GCF	94.72	0
GCF	96.48	1
GCF	97.99	0
GCF	99.25	1
# GC Content of last fragments. Use `grep ^GCL | cut -f 2-` to extract this part.
GCL	0.50	82
GCL	1.51	58
GCL	2.26	93
GCL	2.76	94
GCL	3.52	135
GCL	4.52	182
GCL	5.28	183
GCL	5.78	246
GCL	6.28	241
GCL	7.04	363
GCL	7.79	517
GCL	8.29	516
GCL	8.79	789
GCL	9.30	788
GCL	10.30	1224
GCL	11.31	2007
GCL	11.81	2010
GCL	12.31	3161
GCL	12.81	3169
GCL	13.57	5389
GCL	14.32	9427
GCL	14.82	9430
GCL	15.33	16846
GCL	15.83	16858
GCL	16.33	16862
GCL	16.83	29748
GCL	17.34	29751
GCL	18.09	51949
GCL	18.84	85158
GCL	19.35	85157
GCL	19.85	130013
GCL	20.35	130017
GCL	20.85	130013
GCL	21.36	191149
GCL	21.86	191156
GCL	22.36	274345
GCL	22.86	274361
GCL	23.37	374287
GCL	23.87	374283
GCL	24.37	489683
GCL	24.87	489687
GCL	25.38	619541
GCL	25.88	619554
GCL	26.38	619552
GCL	26.88	763243
GCL	27.39	763269
GCL	27.89	912356
GCL	28.39	912372
GCL	28.89	1065976
GCL	29.40	1066015
GCL	29.90	1222650
GCL	30.40	1222680
GCL	30.90	1369684
GCL	31.41	1369729
GCL	31.91	1369783
GCL	32.41	1515156
GCL	32.91	1515176
GCL	33.42	1651591
GCL	33.92	1651667
GCL	34.42	1775656
GCL	34.92	1775702
GCL	35.43	1885276
GCL	35.93	1885361
GCL	36.43	1977475
GCL	36.93	1977548
GCL	37.44	1977664
GCL	37.94	2061545
GCL	38.44	2061640
GCL	38.94	2117459
GCL	39.45	2117567
GCL	39.95	2154594
GCL	40.45	2154695
GCL	40.95	2168864
GCL	41.46	2168895
GCL	41.96	2168964
GCL	42.46	2163319
GCL	42.96	2163315
GCL	43.47	2141878
GCL	43.97	2141900
GCL	44.47	2104853
GCL	44.97	2104869
GCL	45.48	2060173
GCL	45.98	2060182
GCL	46.48	1995073
GCL	46.98	1995049
GCL	47.49	1995036
GCL	47.99	1926874
GCL	48.49	1926909
GCL	48.99	1855913
GCL	49.50	1855948
GCL	50.00	1775772
GCL	50.50	1775806
GCL	51.01	1690033
GCL	51.51	1689995
GCL	52.01	1610034
GCL	52.51	1610050
GCL	53.02	1610020
GCL	53.52	1518523
GCL	54.02	1518469
GCL	54.52	1432264
GCL	55.03	1432253
GCL	55.53	1342232
GCL	56.03	1342171
GCL	56.53	1243713
GCL	57.04	1243630
GCL	57.54	1142678
GCL	58.04	1142658
GCL	58.54	1142582
GCL	59.05	1028645
GCL	59.55	1028585
GCL	60.05	909271
GCL	60.55	909265
GCL	61.06	788472
GCL	61.56	788413
GCL	62.06	668509
GCL	62.56	668472
GCL	63.07	668415
GCL	63.57	555892
GCL	64.07	555875
GCL	64.57	452276
GCL	65.08	452222
GCL	65.58	359048
GCL	66.08	358937
GCL	66.58	278957
GCL	67.09	278906
GCL	67.59	211512
GCL	68.09	211440
GCL	68.59	211317
GCL	69.10	155209
GCL	69.60	155096
GCL	70.10	112064
GCL	70.60	111935
GCL	71.11	80344
GCL	71.61	80263
GCL	72.11	55293
GCL	72.61	55231
GCL	73.12	38363
GCL	73.62	38319
GCL	74.12	38276
GCL	74.62	26338
GCL	75.13	26304
GCL	75.63	17870
GCL	76.13	17843
GCL	76.63	12017
GCL	77.14	11994
GCL	77.64	8261
GCL	78.14	8244
GCL	78.64	5442
GCL	79.15	5437
GCL	79.65	5428
GCL	80.15	3617
GCL	80.65	3612
GCL	81.16	2393
GCL	81.66	2390
GCL	82.16	1564
GCL	82.66	1562
GCL	83.17	1045
GCL	83.67	1043
GCL	84.17	1041
GCL	84.67	603
GCL	85.18	601
GCL	85.68	336
GCL	86.18	335
GCL	86.93	166
GCL	87.94	74
GCL	88.69	30
GCL	89.45	31
GCL	90.45	15
GCL	91.21	6
GCL	91.71	5
GCL	92.46	2
GCL	93.47	1
GCL	94.72	3
GCL	95.98	1
GCL	97.49	0
GCL	99.25	1
# ACGT content per cycle. Use `grep ^GCC | cut -f 2-` to extract this part. The columns are: cycle; A,C,G,T base counts as a percentage of all A/C/G/T bases [%]; and N and O counts as a percentage of all A/C/G/T bases [%]
GCC	1	30.07	19.71	19.68	30.54	0.04	0.00
GCC	2	29.30	20.51	20.43	29.76	0.00	0.00
GCC	3	28.58	21.22	21.14	29.06	0.00	0.00
GCC	4	28.43	21.35	21.29	28.93	0.00	0.00
GCC	5	28.76	21.00	20.93	29.30	0.00	0.00
GCC	6	28.26	21.52	21.45	28.78	0.00	0.00
GCC	7	28.37	21.39	21.32	28.92	0.00	0.00
GCC	8	28.68	21.05	21.00	29.27	0.00	0.00
GCC	9	28.61	21.13	21.07	29.19	0.00	0.00
GCC	10	28.32	21.41	21.36	28.91	0.00	0.00
GCC	11	28.36	21.37	21.31	28.96	0.00	0.00
GCC	12	28.33	21.39	21.33	28.95	0.00	0.00
GCC	13	28.45	21.26	21.20	29.09	0.00	0.00
GCC	14	28.41	21.29	21.24	29.06	0.00	0.00
GCC	15	28.33	21.36	21.30	29.01	0.00	0.00
GCC	16	28.33	21.37	21.30	29.00	0.00	0.00
GCC	17	28.26	21.43	21.37	28.94	0.00	0.00
GCC	18	28.16	21.52	21.45	28.87	0.00	0.00
GCC	19	28.16	21.52	21.45	28.87	0.00	0.00
GCC	20	28.11	21.56	21.49	28.83	0.00	0.00
GCC	21	28.03	21.64	21.58	28.76	0.00	0.00
GCC	22	28.02	21.65	21.56	28.77	0.00	0.00
GCC	23	27.98	21.67	21.59	28.75	0.00	0.00
GCC	24	27.91	21.75	21.67	28.67	0.00	0.00
GCC	25	27.93	21.73	21.65	28.70	0.00	0.00
GCC	26	27.89	21.76	21.67	28.69	0.00	0.00
GCC	27	27.80	21.82	21.75	28.62	0.00	0.00
GCC	28	27.82	21.81	21.73	28.64	0.00	0.00
GCC	29	27.79	21.83	21.74	28.63	0.00	0.00
GCC	30	27.73	21.88	21.80	28.59	0.00	0.00
GCC	31	27.76	21.86	21.77	28.61	0.00	0.00
GCC	32	27.73	21.88	21.79	28.60	0.00	0.00
GCC	33	27.68	21.92	21.84	28.56	0.01	0.00
GCC	34	27.70	21.89	21.82	28.59	0.01	0.00
GCC	35	27.66	21.93	21.85	28.56	0.00	0.00
GCC	36	27.62	21.97	21.88	28.53	0.00	0.00
GCC	37	27.63	21.95	21.87	28.56	0.00	0.00
GCC	38	27.61	21.97	21.88	28.54	0.00	0.00
GCC	39	27.55	22.01	21.94	28.50	0.00	0.00
GCC	40	27.57	22.00	21.91	28.52	0.00	0.00
GCC	41	27.54	22.02	21.93	28.51	0.00	0.00
GCC	42	27.50	22.06	21.97	28.46	0.00	0.00
GCC	43	27.52	22.04	21.95	28.50	0.00	0.00
GCC	44	27.49	22.06	21.96	28.49	0.00	0.00
GCC	45	27.45	22.10	22.00	28.45	0.00	0.00
GCC	46	27.48	22.07	21.98	28.47	0.00	0.00
GCC	47	27.46	22.09	21.99	28.46	0.00	0.00
GCC	48	27.42	22.12	22.03	28.43	0.00	0.00
GCC	49	27.43	22.10	22.02	28.45	0.00	0.00
GCC	50	27.42	22.12	22.02	28.44	0.00	0.00
GCC	51	27.38	22.16	22.06	28.40	0.00	0.00
GCC	52	27.39	22.15	22.05	28.42	0.00	0.00
GCC	53	27.37	22.15	22.06	28.41	0.00	0.00
GCC	54	27.32	22.19	22.11	28.37	0.00	0.00
GCC	55	27.35	22.17	22.08	28.40	0.00	0.00
GCC	56	27.32	22.20	22.10	28.38	0.00	0.00
GCC	57	27.29	22.23	22.13	28.35	0.00	0.00
GCC	58	27.31	22.21	22.12	28.36	0.00	0.00
GCC	59	27.30	22.22	22.13	28.36	0.00	0.00
GCC	60	27.23	22.27	22.19	28.31	0.00	0.00
GCC	61	27.25	22.25	22.17	28.33	0.00	0.00
GCC	62	27.25	22.26	22.17	28.32	0.00	0.00
GCC	63	27.20	22.30	22.21	28.29	0.00	0.00
GCC	64	27.24	22.26	22.19	28.31	0.00	0.00
GCC	65	27.21	22.29	22.21	28.29	0.00	0.00
GCC	66	27.18	22.32	22.24	28.26	0.00	0.00
GCC	67	27.19	22.31	22.23	28.27	0.00	0.00
GCC	68	27.17	22.33	22.24	28.26	0.00	0.00
GCC	69	27.14	22.36	22.27	28.22	0.00	0.00
GCC	70	27.16	22.34	22.26	28.24	0.00	0.00
GCC	71	27.13	22.36	22.28	28.23	0.00	0.00
GCC	72	27.10	22.40	22.31	28.19	0.00	0.00
GCC	73	27.12	22.37	22.30	28.21	0.00	0.00
GCC	74	27.12	22.39	22.29	28.21	0.00	0.00
GCC	75	27.07	22.43	22.34	28.16	0.00	0.00
GCC	76	27.10	22.40	22.30	28.20	0.00	0.00
GCC	77	27.08	22.41	22.32	28.19	0.00	0.00
GCC	78	27.04	22.45	22.35	28.16	0.00	0.00
GCC	79	27.06	22.44	22.34	28.16	0.00	0.00
GCC	80	27.05	22.44	22.35	28.15	0.00	0.00
GCC	81	27.01	22.48	22.38	28.12	0.00	0.00
GCC	82	27.02	22.47	22.37	28.13	0.00	0.00
GCC	83	27.01	22.48	22.38	28.13	0.00	0.00
GCC	84	26.98	22.51	22.43	28.08	0.00	0.00
GCC	85	27.00	22.49	22.39	28.12	0.00	0.00
GCC	86	26.98	22.50	22.41	28.11	0.00	0.00
GCC	87	26.96	22.53	22.43	28.08	0.00	0.00
GCC	88	26.97	22.52	22.43	28.08	0.00	0.00
GCC	89	26.94	22.54	22.45	28.07	0.00	0.00
GCC	90	26.91	22.57	22.49	28.03	0.00	0.00
# ACGT content per cycle, read oriented. Use `grep ^GCT | cut -f 2-` to extract this part. The columns are: cycle; A,C,G,T base counts as a percentage of all A/C/G/T bases [%]
GCT	1	30.95	22.99	16.40	29.67
GCT	2	31.35	18.61	22.33	27.72
GCT	3	29.42	21.21	21.16	28.22
GCT	4	28.75	22.13	20.51	28.61
GCT	5	28.66	21.32	20.62	29.40
GCT	6	28.62	22.01	20.95	28.41
GCT	7	28.58	21.32	21.39	28.71
GCT	8	28.68	21.50	20.55	29.27
GCT	9	28.21	21.57	20.63	29.59
GCT	10	28.40	21.79	20.98	28.83
GCT	11	28.39	21.78	20.90	28.93
GCT	12	28.50	21.76	20.96	28.78
GCT	13	28.63	21.61	20.85	28.90
GCT	14	28.58	21.59	20.94	28.89
GCT	15	28.44	21.74	20.91	28.90
GCT	16	28.41	21.73	20.93	28.92
GCT	17	28.32	21.78	21.02	28.88
GCT	18	28.22	21.93	21.04	28.81
GCT	19	28.22	21.93	21.05	28.81
GCT	20	28.20	21.90	21.16	28.74
GCT	21	28.14	22.01	21.20	28.65
GCT	22	28.18	22.01	21.21	28.61
GCT	23	28.15	21.98	21.29	28.58
GCT	24	28.09	22.09	21.33	28.49
GCT	25	28.12	22.08	21.30	28.50
GCT	26	28.11	22.02	21.40	28.46
GCT	27	28.04	22.12	21.46	28.39
GCT	28	28.10	22.11	21.43	28.36
GCT	29	28.07	22.08	21.49	28.35
GCT	30	27.99	22.17	21.51	28.33
GCT	31	28.04	22.15	21.48	28.34
GCT	32	28.02	22.13	21.54	28.31
GCT	33	27.98	22.20	21.56	28.26
GCT	34	28.03	22.18	21.54	28.25
GCT	35	27.99	22.20	21.58	28.24
GCT	36	27.93	22.25	21.61	28.22
GCT	37	27.97	22.23	21.58	28.22
GCT	38	27.94	22.21	21.65	28.21
GCT	39	27.88	22.28	21.67	28.16
GCT	40	27.91	22.26	21.65	28.18
GCT	41	27.89	22.25	21.71	28.15
GCT	42	27.85	22.33	21.71	28.12
GCT	43	27.86	22.30	21.68	28.16
GCT	44	27.84	22.28	21.74	28.14
GCT	45	27.80	22.36	21.74	28.10
GCT	46	27.84	22.31	21.73	28.11
GCT	47	27.83	22.28	21.80	28.09
GCT	48	27.78	22.35	21.80	28.07
GCT	49	27.80	22.35	21.77	28.08
GCT	50	27.80	22.31	21.84	28.06
GCT	51	27.75	22.36	21.86	28.03
GCT	52	27.77	22.34	21.85	28.04
GCT	53	27.74	22.33	21.89	28.04
GCT	54	27.68	22.40	21.90	28.02
GCT	55	27.72	22.37	21.89	28.03
GCT	56	27.71	22.34	21.96	27.99
GCT	57	27.67	22.40	21.96	27.97
GCT	58	27.70	22.38	21.96	27.96
GCT	59	27.69	22.34	22.01	27.96
GCT	60	27.63	22.41	22.05	27.92
GCT	61	27.65	22.39	22.02	27.93
GCT	62	27.64	22.37	22.06	27.93
GCT	63	27.59	22.44	22.07	27.90
GCT	64	27.64	22.39	22.06	27.91
GCT	65	27.63	22.35	22.15	27.87
GCT	66	27.59	22.42	22.14	27.85
GCT	67	27.60	22.42	22.12	27.86
GCT	68	27.59	22.39	22.18	27.84
GCT	69	27.55	22.45	22.18	27.81
GCT	70	27.59	22.41	22.19	27.81
GCT	71	27.56	22.39	22.25	27.80
GCT	72	27.53	22.46	22.25	27.76
GCT	73	27.56	22.44	22.23	27.77
GCT	74	27.57	22.41	22.27	27.75
GCT	75	27.51	22.45	22.32	27.72
GCT	76	27.55	22.44	22.26	27.74
GCT	77	27.55	22.41	22.32	27.72
GCT	78	27.52	22.45	22.35	27.68
GCT	79	27.54	22.43	22.35	27.68
GCT	80	27.54	22.42	22.38	27.66
GCT	81	27.51	22.46	22.40	27.63
GCT	82	27.52	22.46	22.39	27.63
GCT	83	27.52	22.42	22.44	27.62
GCT	84	27.47	22.49	22.45	27.59
GCT	85	27.52	22.47	22.42	27.60
GCT	86	27.51	22.44	22.47	27.57
GCT	87	27.48	22.47	22.49	27.56
GCT	88	27.51	22.45	22.50	27.54
GCT	89	27.50	22.43	22.56	27.52
GCT	90	27.46	22.50	22.56	27.48
# ACGT content per cycle for first fragments. Use `grep ^FBC | cut -f 2-` to extract this part. The columns are: cycle; A,C,G,T base counts as a percentage of all A/C/G/T bases [%]; and N and O counts as a percentage of all A/C/G/T bases [%]
FBC	1	29.98	19.79	19.78	30.45	0.03	0.00
FBC	2	29.37	20.44	20.35	29.84	0.00	0.00
FBC	3	28.77	21.02	20.95	29.26	0.00	0.00
FBC	4	28.68	21.11	21.05	29.16	0.01	0.00
FBC	5	28.81	20.96	20.89	29.35	0.00	0.00
FBC	6	28.38	21.39	21.32	28.90	0.00	0.00
FBC	7	28.47	21.30	21.23	29.01	0.00	0.00
FBC	8	28.74	21.00	20.94	29.32	0.00	0.00
FBC	9	28.67	21.07	21.02	29.24	0.00	0.00
FBC	10	28.35	21.37	21.33	28.95	0.00	0.00
FBC	11	28.39	21.34	21.29	28.98	0.00	0.00
FBC	12	28.36	21.36	21.31	28.97	0.00	0.00
FBC	13	28.47	21.24	21.18	29.10	0.00	0.00
FBC	14	28.43	21.28	21.22	29.07	0.00	0.00
FBC	15	28.35	21.34	21.28	29.02	0.00	0.00
FBC	16	28.35	21.35	21.28	29.01	0.00	0.00
FBC	17	28.27	21.43	21.35	28.96	0.00	0.00
FBC	18	28.19	21.50	21.43	28.88	0.00	0.00
FBC	19	28.17	21.51	21.42	28.89	0.00	0.00
FBC	20	28.13	21.55	21.47	28.85	0.00	0.00
FBC	21	28.04	21.62	21.55	28.78	0.00	0.00
FBC	22	28.04	21.63	21.54	28.79	0.00	0.00
FBC	23	28.01	21.66	21.56	28.77	0.00	0.00
FBC	24	27.94	21.73	21.64	28.70	0.00	0.00
FBC	25	27.95	21.72	21.62	28.71	0.00	0.00
FBC	26	27.91	21.75	21.64	28.70	0.00	0.00
FBC	27	27.83	21.80	21.73	28.64	0.00	0.00
FBC	28	27.84	21.80	21.71	28.65	0.00	0.00
FBC	29	27.81	21.81	21.73	28.65	0.00	0.00
FBC	30	27.76	21.85	21.77	28.62	0.00	0.00
FBC	31	27.78	21.84	21.75	28.63	0.00	0.00
FBC	32	27.74	21.87	21.77	28.61	0.00	0.00
FBC	33	27.69	21.91	21.82	28.57	0.00	0.00
FBC	34	27.72	21.87	21.81	28.60	0.00	0.00
FBC	35	27.68	21.92	21.83	28.57	0.00	0.00
FBC	36	27.64	21.96	21.86	28.54	0.00	0.00
FBC	37	27.65	21.93	21.85	28.57	0.00	0.00
FBC	38	27.62	21.96	21.87	28.55	0.00	0.00
FBC	39	27.56	22.00	21.92	28.52	0.00	0.00
FBC	40	27.58	21.99	21.90	28.53	0.00	0.00
FBC	41	27.56	22.01	21.91	28.53	0.00	0.00
FBC	42	27.52	22.04	21.96	28.48	0.00	0.00
FBC	43	27.53	22.02	21.93	28.52	0.00	0.00
FBC	44	27.51	22.05	21.94	28.50	0.00	0.00
FBC	45	27.47	22.08	21.99	28.46	0.00	0.00
FBC	46	27.49	22.05	21.96	28.50	0.00	0.00
FBC	47	27.48	22.07	21.98	28.48	0.00	0.00
FBC	48	27.44	22.11	22.01	28.44	0.00	0.00
FBC	49	27.45	22.09	22.00	28.46	0.00	0.00
FBC	50	27.43	22.11	22.01	28.46	0.00	0.00
FBC	51	27.39	22.14	22.06	28.41	0.00	0.00
FBC	52	27.40	22.13	22.04	28.43	0.00	0.00
FBC	53	27.38	22.14	22.05	28.42	0.00	0.00
FBC	54	27.33	22.18	22.10	28.39	0.00	0.00
FBC	55	27.35	22.16	22.08	28.40	0.00	0.00
FBC	56	27.33	22.20	22.10	28.38	0.00	0.00
FBC	57	27.30	22.22	22.12	28.35	0.00	0.00
FBC	58	27.32	22.21	22.11	28.36	0.00	0.00
FBC	59	27.31	22.21	22.12	28.35	0.00	0.00
FBC	60	27.26	22.24	22.17	28.33	0.00	0.00
FBC	61	27.25	22.25	22.16	28.34	0.00	0.00
FBC	62	27.25	22.26	22.17	28.32	0.00	0.00
FBC	63	27.21	22.29	22.21	28.29	0.00	0.00
FBC	64	27.24	22.26	22.19	28.31	0.00	0.00
FBC	65	27.20	22.30	22.21	28.28	0.00	0.00
FBC	66	27.18	22.32	22.23	28.27	0.00	0.00
FBC	67	27.19	22.31	22.22	28.27	0.00	0.00
FBC	68	27.18	22.33	22.24	28.26	0.00	0.00
FBC	69	27.15	22.36	22.26	28.23	0.00	0.00
FBC	70	27.17	22.34	22.24	28.24	0.00	0.00
FBC	71	27.14	22.35	22.27	28.24	0.00	0.00
FBC	72	27.11	22.39	22.31	28.19	0.00	0.00
FBC	73	27.13	22.36	22.29	28.22	0.00	0.00
FBC	74	27.13	22.38	22.28	28.21	0.00	0.00
FBC	75	27.08	22.42	22.34	28.16	0.00	0.00
FBC	76	27.12	22.38	22.29	28.22	0.00	0.00
FBC	77	27.10	22.40	22.30	28.20	0.00	0.00
FBC	78	27.06	22.43	22.34	28.17	0.00	0.00
FBC	79	27.08	22.42	22.32	28.17	0.00	0.00
FBC	80	27.07	22.43	22.33	28.16	0.00	0.00
FBC	81	27.03	22.46	22.37	28.14	0.00	0.00
FBC	82	27.03	22.46	22.36	28.14	0.00	0.00
FBC	83	27.03	22.47	22.35	28.15	0.00	0.00
FBC	84	27.01	22.49	22.41	28.10	0.00	0.00
FBC	85	27.02	22.47	22.37	28.14	0.00	0.00
FBC	86	27.00	22.48	22.39	28.13	0.00	0.00
FBC	87	26.99	22.51	22.40	28.10	0.00	0.00
FBC	88	27.01	22.49	22.40	28.10	0.00	0.00
FBC	89	26.97	22.52	22.42	28.09	0.00	0.00
FBC	90	26.94	22.54	22.46	28.06	0.00	0.00
# ACGT raw counters for first fragments. Use `grep ^FTC | cut -f 2-` to extract this part. The columns are: A,C,G,T,N base counters
FTC	1409994060	1118666292	1114378553	1456468805	22022
# ACGT content per cycle for last fragments. Use `grep ^LBC | cut -f 2-` to extract this part. The columns are: cycle; A,C,G,T base counts as a percentage of all A/C/G/T bases [%]; and N and O counts as a percentage of all A/C/G/T bases [%]
LBC	1	30.16	19.64	19.57	30.63	0.04	0.00
LBC	2	29.24	20.57	20.51	29.68	0.00	0.00
LBC	3	28.38	21.41	21.33	28.87	0.00	0.00
LBC	4	28.18	21.59	21.54	28.69	0.00	0.00
LBC	5	28.71	21.05	20.98	29.26	0.00	0.00
LBC	6	28.13	21.64	21.58	28.66	0.00	0.00
LBC	7	28.28	21.48	21.41	28.83	0.00	0.00
LBC	8	28.63	21.10	21.05	29.21	0.00	0.00
LBC	9	28.55	21.18	21.13	29.14	0.00	0.00
LBC	10	28.28	21.44	21.40	28.88	0.00	0.00
LBC	11	28.33	21.40	21.33	28.94	0.00	0.00
LBC	12	28.30	21.42	21.36	28.92	0.00	0.00
LBC	13	28.42	21.28	21.22	29.08	0.00	0.00
LBC	14	28.40	21.30	21.26	29.04	0.00	0.00
LBC	15	28.31	21.39	21.31	29.00	0.00	0.00
LBC	16	28.31	21.38	21.32	28.99	0.00	0.00
LBC	17	28.25	21.44	21.38	28.93	0.00	0.00
LBC	18	28.14	21.53	21.48	28.85	0.00	0.00
LBC	19	28.14	21.54	21.48	28.84	0.00	0.00
LBC	20	28.09	21.58	21.51	28.82	0.00	0.00
LBC	21	28.01	21.65	21.60	28.74	0.00	0.00
LBC	22	28.00	21.67	21.59	28.74	0.00	0.00
LBC	23	27.96	21.68	21.62	28.74	0.00	0.00
LBC	24	27.87	21.77	21.70	28.65	0.00	0.00
LBC	25	27.90	21.74	21.67	28.69	0.00	0.00
LBC	26	27.87	21.77	21.69	28.67	0.00	0.00
LBC	27	27.78	21.85	21.77	28.61	0.00	0.00
LBC	28	27.80	21.83	21.74	28.63	0.00	0.00
LBC	29	27.77	21.86	21.76	28.62	0.00	0.00
LBC	30	27.70	21.91	21.82	28.57	0.00	0.00
LBC	31	27.74	21.87	21.80	28.59	0.00	0.00
LBC	32	27.72	21.89	21.80	28.59	0.00	0.00
LBC	33	27.67	21.93	21.86	28.55	0.02	0.00
LBC	34	27.67	21.91	21.84	28.57	0.01	0.00
LBC	35	27.64	21.94	21.86	28.55	0.00	0.00
LBC	36	27.60	21.99	21.91	28.51	0.00	0.00
LBC	37	27.61	21.96	21.88	28.55	0.00	0.00
LBC	38	27.60	21.98	21.90	28.52	0.00	0.00
LBC	39	27.54	22.03	21.96	28.48	0.00	0.00
LBC	40	27.56	22.01	21.92	28.51	0.00	0.00
LBC	41	27.52	22.04	21.95	28.48	0.00	0.00
LBC	42	27.48	22.08	21.99	28.45	0.00	0.00
LBC	43	27.51	22.05	21.96	28.48	0.00	0.00
LBC	44	27.48	22.07	21.97	28.48	0.00	0.00
LBC	45	27.43	22.12	22.02	28.43	0.00	0.00
LBC	46	27.46	22.09	22.00	28.45	0.00	0.00
LBC	47	27.44	22.10	22.01	28.45	0.00	0.00
LBC	48	27.40	22.13	22.06	28.41	0.00	0.00
LBC	49	27.42	22.11	22.03	28.44	0.00	0.00
LBC	50	27.41	22.14	22.04	28.42	0.00	0.00
LBC	51	27.37	22.17	22.07	28.39	0.00	0.00
LBC	52	27.37	22.16	22.06	28.41	0.00	0.00
LBC	53	27.36	22.17	22.07	28.40	0.00	0.00
LBC	54	27.32	22.21	22.11	28.36	0.00	0.00
LBC	55	27.35	22.18	22.08	28.39	0.00	0.00
LBC	56	27.31	22.20	22.11	28.38	0.00	0.00
LBC	57	27.29	22.23	22.13	28.35	0.00	0.00
LBC	58	27.30	22.22	22.13	28.35	0.00	0.00
LBC	59	27.28	22.22	22.13	28.36	0.00	0.00
LBC	60	27.21	22.30	22.21	28.28	0.00	0.00
LBC	61	27.25	22.26	22.17	28.33	0.00	0.00
LBC	62	27.25	22.26	22.17	28.32	0.00	0.00
LBC	63	27.18	22.31	22.22	28.29	0.00	0.00
LBC	64	27.23	22.27	22.19	28.31	0.00	0.00
LBC	65	27.21	22.28	22.20	28.30	0.00	0.00
LBC	66	27.18	22.32	22.24	28.25	0.00	0.00
LBC	67	27.19	22.31	22.23	28.27	0.00	0.00
LBC	68	27.16	22.33	22.25	28.26	0.00	0.00
LBC	69	27.13	22.35	22.29	28.22	0.00	0.00
LBC	70	27.14	22.35	22.27	28.24	0.00	0.00
LBC	71	27.12	22.36	22.29	28.23	0.00	0.00
LBC	72	27.08	22.41	22.32	28.19	0.00	0.00
LBC	73	27.11	22.38	22.30	28.21	0.00	0.00
LBC	74	27.10	22.39	22.30	28.21	0.00	0.00
LBC	75	27.06	22.43	22.35	28.17	0.00	0.00
LBC	76	27.07	22.42	22.32	28.19	0.00	0.00
LBC	77	27.06	22.42	22.34	28.18	0.00	0.00
LBC	78	27.02	22.47	22.36	28.15	0.00	0.00
LBC	79	27.04	22.46	22.36	28.15	0.00	0.00
LBC	80	27.03	22.46	22.37	28.14	0.00	0.00
LBC	81	26.99	22.50	22.40	28.10	0.00	0.00
LBC	82	27.01	22.49	22.39	28.12	0.00	0.00
LBC	83	26.99	22.49	22.40	28.11	0.00	0.00
LBC	84	26.96	22.53	22.45	28.06	0.00	0.00
LBC	85	26.98	22.51	22.41	28.10	0.00	0.00
LBC	86	26.96	22.52	22.43	28.08	0.00	0.00
LBC	87	26.93	22.55	22.46	28.05	0.00	0.00
LBC	88	26.94	22.55	22.45	28.06	0.00	0.00
LBC	89	26.92	22.56	22.48	28.05	0.00	0.00
LBC	90	26.88	22.60	22.52	28.00	0.00	0.00
# ACGT raw counters for last fragments. Use `grep ^LTC | cut -f 2-` to extract this part. The columns are: A,C,G,T,N base counters
LTC	1407532936	1120821152	1116726938	1454395519	53187
# Insert sizes. Use `grep ^IS | cut -f 2-` to extract this part. The columns are: insert size, pairs total, inward oriented pairs, outward oriented pairs, other pairs
IS	0	59	0	1	58
IS	1	0	0	0	0
IS	2	22	0	21	1
IS	3	20	0	19	1
IS	4	24	0	24	0
IS	5	23	0	23	0
IS	6	24	0	24	0
IS	7	29	0	29	0
IS	8	25	0	25	0
IS	9	18	0	18	0
IS	10	19	0	19	0
IS	11	29	0	29	0
IS	12	13	0	13	0
IS	13	19	0	19	0
IS	14	22	0	22	0
IS	15	32	0	32	0
IS	16	31	0	30	1
IS	17	30	0	29	1
IS	18	31	0	31	0
IS	19	270	213	57	0
IS	20	166	116	49	1
IS	21	101	71	29	1
IS	22	62	33	29	0
IS	23	72	40	32	0
IS	24	59	27	32	0
IS	25	46	21	25	0
IS	26	62	31	30	1
IS	27	47	14	29	4
IS	28	70	27	40	3
IS	29	56	27	29	0
IS	30	52	14	36	2
IS	31	59	34	19	6
IS	32	56	31	23	2
IS	33	46	26	18	2
IS	34	56	37	17	2
IS	35	69	47	20	2
IS	36	57	37	17	3
IS	37	60	34	21	5
IS	38	56	30	21	5
IS	39	79	50	22	7
IS	40	61	37	22	2
IS	41	66	38	24	4
IS	42	56	35	18	3
IS	43	74	45	20	9
IS	44	66	34	23	9
IS	45	67	39	12	16
IS	46	71	41	23	7
IS	47	81	53	19	9
IS	48	91	60	25	6
IS	49	91	61	19	11
IS	50	108	80	19	9
IS	51	99	72	15	12
IS	52	92	56	29	7
IS	53	108	77	23	8
IS	54	115	89	14	12
IS	55	103	73	18	12
IS	56	118	83	27	8
IS	57	111	86	19	6
IS	58	100	59	31	10
IS	59	119	86	24	9
IS	60	136	93	29	14
IS	61	150	119	20	11
IS	62	144	102	30	12
IS	63	134	99	18	17
IS	64	154	107	29	18
IS	65	151	115	20	16
IS	66	183	148	19	16
IS	67	171	130	25	16
IS	68	180	142	24	14
IS	69	190	154	15	21
IS	70	223	180	26	17
IS	71	166	131	20	15
IS	72	209	170	28	11
IS	73	229	184	22	23
IS	74	211	165	21	25
IS	75	241	207	17	17
IS	76	241	206	19	16
IS	77	236	202	25	9
IS	78	270	227	25	18
IS	79	300	262	15	23
IS	80	347	298	25	24
IS	81	302	268	17	17
IS	82	328	289	25	14
IS	83	313	279	14	20
IS	84	358	313	23	22
IS	85	371	331	19	21
IS	86	352	309	26	17
IS	87	415	379	18	18
IS	88	446	403	20	23
IS	89	487	404	67	16
IS	90	564	537	3	24
IS	91	616	593	3	20
IS	92	607	585	4	18
IS	93	684	669	4	11
IS	94	760	742	2	16
IS	95	808	795	1	12
IS	96	985	968	0	17
IS	97	1046	1026	0	20
IS	98	1157	1125	2	30
IS	99	1376	1347	3	26
IS	100	1488	1465	1	22
IS	101	1815	1788	2	25
IS	102	2016	1993	0	23
IS	103	2280	2259	2	19
IS	104	2556	2534	0	22
IS	105	2942	2922	1	19
IS	106	3472	3454	4	14
IS	107	3992	3967	1	24
IS	108	4540	4527	0	13
IS	109	5387	5366	3	18
IS	110	6292	6267	2	23
IS	111	7151	7130	1	20
IS	112	8219	8202	0	17
IS	113	9222	9198	0	24
IS	114	10573	10554	1	18
IS	115	12145	12115	1	29
IS	116	13635	13610	3	22
IS	117	15387	15369	1	17
IS	118	17668	17650	1	17
IS	119	19923	19893	3	27
IS	120	22750	22723	1	26
IS	121	25609	25583	3	23
IS	122	28589	28568	2	19
IS	123	31890	31855	6	29
IS	124	35687	35666	3	18
IS	125	39364	39339	1	24
IS	126	43584	43562	0	22
IS	127	48176	48144	0	32
IS	128	53005	52981	3	21
IS	129	58264	58241	0	23
IS	130	63513	63496	0	17
IS	131	69195	69166	0	29
IS	132	75720	75693	1	26
IS	133	81954	81940	1	13
IS	134	88313	88292	0	21
IS	135	94965	94941	1	23
IS	136	101607	101571	2	34
IS	137	108914	108891	2	21
IS	138	116606	116579	0	27
IS	139	124102	124081	1	20
IS	140	131911	131889	2	20
IS	141	139494	139471	0	23
IS	142	147561	147534	2	25
IS	143	154406	154387	1	18
IS	144	162739	162715	1	23
IS	145	170316	170297	0	19
IS	146	177839	177815	1	23
IS	147	185830	185814	0	16
IS	148	193334	193311	1	22
IS	149	200999	200976	5	18
IS	150	208356	208331	2	23
IS	151	214441	214422	2	17
IS	152	222088	222072	2	14
IS	153	228327	228310	1	16
IS	154	234847	234818	6	23
IS	155	240370	240346	1	23
IS	156	247196	247186	1	9
IS	157	252205	252186	0	19
IS	158	258499	258477	1	21
IS	159	264557	264533	1	23
IS	160	270620	270598	0	22
IS	161	273873	273857	0	16
IS	162	279533	279517	0	16
IS	163	283068	283040	2	26
IS	164	287706	287685	1	20
IS	165	292093	292075	1	17
IS	166	295670	295648	2	20
IS	167	299732	299702	1	29
IS	168	301900	301882	1	17
IS	169	306936	306910	1	25
IS	170	309393	309376	0	17
IS	171	311201	311174	2	25
IS	172	314590	314569	1	20
IS	173	316505	316479	3	23
IS	174	317779	317760	0	19
IS	175	320242	320225	1	16
IS	176	322589	322567	0	22
IS	177	324610	324600	2	8
IS	178	326413	326392	2	19
IS	179	325869	325849	0	20
IS	180	328066	328048	0	18
IS	181	328630	328609	3	18
IS	182	329411	329392	1	18
IS	183	329723	329703	2	18
IS	184	330060	330042	2	16
IS	185	330261	330242	2	17
IS	186	331625	331600	2	23
IS	187	330515	330498	1	16
IS	188	330247	330230	1	16
IS	189	330568	330553	0	15
IS	190	330044	330024	1	19
IS	191	331029	331007	5	17
IS	192	329585	329560	1	24
IS	193	328109	328096	1	12
IS	194	328131	328119	1	11
IS	195	326822	326804	2	16
IS	196	324978	324956	1	21
IS	197	324804	324790	1	13
IS	198	323499	323478	0	21
IS	199	322159	322147	0	12
IS	200	320975	320959	0	16
IS	201	319946	319933	0	13
IS	202	318573	318563	2	8
IS	203	316223	316203	2	18
IS	204	314515	314506	0	9
IS	205	314151	314133	0	18
IS	206	312215	312196	3	16
IS	207	309997	309985	0	12
IS	208	308705	308687	3	15
IS	209	307802	307780	2	20
IS	210	305003	304994	0	9
IS	211	303579	303565	3	11
IS	212	302355	302340	1	14
IS	213	300035	300018	3	14
IS	214	297988	297974	0	14
IS	215	295866	295849	1	16
IS	216	294187	294177	2	8
IS	217	292416	292406	2	8
IS	218	291327	291315	1	11
IS	219	288827	288817	0	10
IS	220	287168	287154	0	14
IS	221	286307	286301	2	4
IS	222	283999	283984	2	13
IS	223	282383	282374	0	9
IS	224	280403	280390	2	11
IS	225	278357	278341	2	14
IS	226	276233	276222	0	11
IS	227	273567	273553	0	14
IS	228	272946	272932	0	14
IS	229	271552	271538	1	13
IS	230	269521	269504	1	16
IS	231	268689	268678	0	11
IS	232	266374	266365	1	8
IS	233	264409	264402	0	7
IS	234	261956	261944	0	12
IS	235	260518	260508	1	9
IS	236	258109	258097	0	12
IS	237	256559	256546	1	12
IS	238	254865	254856	1	8
IS	239	253870	253858	1	11
IS	240	251531	251516	1	14
IS	241	250520	250508	1	11
IS	242	249003	248998	0	5
IS	243	247128	247110	2	16
IS	244	245333	245324	1	8
IS	245	242914	242909	0	5
IS	246	241024	241014	0	10
IS	247	239434	239427	0	7
IS	248	237924	237914	1	9
IS	249	236487	236481	1	5
IS	250	235285	235270	0	15
IS	251	232626	232620	0	6
IS	252	232725	232719	0	6
IS	253	229184	229174	0	10
IS	254	227635	227628	0	7
IS	255	226889	226881	0	8
IS	256	224669	224661	0	8
IS	257	222723	222713	0	10
IS	258	221342	221329	0	13
IS	259	219872	219862	0	10
IS	260	217912	217897	0	15
IS	261	216456	216450	0	6
IS	262	215074	215063	0	11
IS	263	213466	213459	0	7
IS	264	211654	211649	0	5
IS	265	209672	209665	1	6
IS	266	208890	208872	1	17
IS	267	206071	206062	0	9
IS	268	205380	205377	0	3
IS	269	203950	203941	0	9
IS	270	201927	201920	0	7
IS	271	200149	200137	1	11
IS	272	198739	198733	0	6
IS	273	197419	197409	0	10
IS	274	195768	195761	0	7
IS	275	193701	193696	0	5
IS	276	192057	192048	0	9
IS	277	189948	189938	0	10
IS	278	188585	188579	0	6
IS	279	188088	188079	0	9
IS	280	186215	186205	0	10
IS	281	184355	184349	1	5
IS	282	183863	183857	1	5
IS	283	181250	181241	0	9
IS	284	180111	180104	0	7
IS	285	178631	178624	0	7
IS	286	176789	176780	0	9
IS	287	175878	175873	0	5
IS	288	174465	174461	0	4
IS	289	172698	172690	2	6
IS	290	171089	171081	0	8
IS	291	168924	168920	1	3
IS	292	168380	168374	0	6
IS	293	167467	167459	0	8
IS	294	165995	165992	0	3
IS	295	164024	164020	0	4
IS	296	163327	163321	0	6
IS	297	159934	159924	0	10
IS	298	159555	159548	0	7
IS	299	158048	158043	0	5
IS	300	156692	156683	0	9
IS	301	155974	155967	0	7
IS	302	154267	154264	0	3
IS	303	153331	153328	1	2
IS	304	151590	151585	1	4
IS	305	150092	150086	0	6
IS	306	149678	149673	0	5
IS	307	147804	147802	0	2
IS	308	146029	146026	0	3
IS	309	144544	144537	0	7
IS	310	144166	144162	0	4
IS	311	142922	142919	1	2
IS	312	141192	141190	0	2
IS	313	139659	139650	1	8
IS	314	138366	138361	0	5
IS	315	137621	137617	0	4
IS	316	135981	135975	0	6
IS	317	134337	134336	0	1
IS	318	133364	133354	0	10
IS	319	131674	131669	1	4
IS	320	131185	131182	0	3
IS	321	129463	129457	1	5
IS	322	128586	128579	0	7
IS	323	127873	127866	0	7
IS	324	126154	126149	0	5
IS	325	126055	126050	1	4
IS	326	123202	123201	0	1
IS	327	123199	123194	1	4
IS	328	121397	121392	0	5
IS	329	120076	120073	0	3
IS	330	118412	118400	0	12
IS	331	118097	118090	0	7
IS	332	117247	117244	0	3
IS	333	115947	115945	0	2
IS	334	114935	114929	0	6
IS	335	114157	114155	0	2
IS	336	112315	112308	1	6
IS	337	111807	111803	0	4
IS	338	110587	110583	0	4
IS	339	108501	108498	1	2
IS	340	107867	107865	0	2
IS	341	107204	107200	0	4
IS	342	105752	105743	0	9
IS	343	104559	104554	0	5
IS	344	104027	104026	0	1
IS	345	103616	103611	1	4
IS	346	102077	102070	1	6
IS	347	101104	101102	1	1
IS	348	99314	99309	0	5
IS	349	98959	98954	3	2
IS	350	97474	97468	2	4
IS	351	96431	96429	0	2
IS	352	95576	95573	1	2
IS	353	94657	94656	0	1
IS	354	94082	94080	0	2
IS	355	93070	93065	0	5
IS	356	91433	91429	1	3
IS	357	91275	91272	1	2
IS	358	90254	90249	0	5
IS	359	88800	88798	0	2
IS	360	87817	87813	1	3
IS	361	86717	86714	0	3
IS	362	86188	86184	0	4
IS	363	84982	84980	0	2
IS	364	84480	84475	1	4
IS	365	83502	83495	1	6
IS	366	82856	82854	0	2
IS	367	81910	81908	0	2
IS	368	81151	81149	0	2
IS	369	80113	80112	0	1
IS	370	79031	79031	0	0
IS	371	77817	77815	0	2
IS	372	76792	76791	0	1
IS	373	76785	76781	0	4
IS	374	76137	76134	0	3
IS	375	74936	74933	0	3
IS	376	73753	73750	0	3
IS	377	73371	73370	0	1
IS	378	71843	71842	0	1
IS	379	71972	71968	0	4
IS	380	71124	71122	1	1
IS	381	69941	69941	0	0
IS	382	69024	69018	0	6
IS	383	68639	68633	0	6
IS	384	67165	67162	1	2
IS	385	67525	67522	0	3
IS	386	65950	65949	0	1
IS	387	65627	65626	0	1
IS	388	64781	64776	0	5
IS	389	63997	63994	0	3
IS	390	63521	63519	0	2
IS	391	62413	62408	1	4
IS	392	61557	61556	0	1
IS	393	61449	61447	1	1
IS	394	60394	60394	0	0
IS	395	59688	59687	0	1
IS	396	59089	59088	0	1
IS	397	58509	58505	1	3
IS	398	57913	57911	1	1
IS	399	57032	57029	0	3
IS	400	56032	56031	0	1
IS	401	55705	55704	0	1
IS	402	54881	54878	1	2
IS	403	54289	54288	0	1
IS	404	53678	53675	0	3
IS	405	52810	52808	0	2
IS	406	52377	52374	0	3
IS	407	51910	51910	0	0
IS	408	51603	51602	1	0
IS	409	50251	50251	0	0
IS	410	49977	49977	0	0
IS	411	48917	48916	0	1
IS	412	48842	48841	0	1
IS	413	47995	47993	1	1
IS	414	47154	47154	0	0
IS	415	46664	46661	1	2
IS	416	46236	46235	0	1
IS	417	46129	46128	0	1
IS	418	45734	45733	0	1
IS	419	44953	44951	0	2
IS	420	44149	44145	0	4
IS	421	43557	43553	2	2
IS	422	43243	43242	0	1
IS	423	42884	42880	1	3
IS	424	42531	42530	0	1
IS	425	41373	41372	0	1
IS	426	41166	41164	0	2
IS	427	40628	40627	0	1
IS	428	40282	40280	0	2
IS	429	39753	39753	0	0
IS	430	39622	39620	2	0
IS	431	38951	38946	2	3
IS	432	38428	38427	0	1
IS	433	37945	37944	0	1
IS	434	37311	37311	0	0
IS	435	36894	36892	0	2
IS	436	36474	36471	2	1
IS	437	36313	36313	0	0
IS	438	35523	35520	0	3
IS	439	34754	34752	1	1
IS	440	35054	35053	0	1
IS	441	34217	34217	0	0
IS	442	33997	33996	0	1
IS	443	33449	33448	0	1
IS	444	33240	33239	0	1
IS	445	32935	32934	0	1
IS	446	32384	32382	1	1
IS	447	31535	31533	0	2
IS	448	31409	31408	0	1
IS	449	30799	30796	2	1
IS	450	30774	30771	1	2
IS	451	30127	30123	1	3
IS	452	30041	30039	2	0
IS	453	29675	29675	0	0
IS	454	29147	29146	0	1
IS	455	28769	28769	0	0
IS	456	28369	28369	0	0
IS	457	28145	28145	0	0
IS	458	27779	27776	0	3
IS	459	27453	27451	0	2
IS	460	26872	26872	0	0
IS	461	26690	26687	0	3
IS	462	26436	26434	0	2
IS	463	25974	25974	0	0
IS	464	25724	25723	1	0
IS	465	25029	25027	0	2
IS	466	25163	25163	0	0
IS	467	24793	24793	0	0
IS	468	24673	24673	0	0
IS	469	24372	24371	1	0
IS	470	24152	24150	2	0
IS	471	23647	23645	1	1
IS	472	23359	23358	0	1
IS	473	22876	22876	0	0
IS	474	22589	22588	0	1
IS	475	22469	22467	0	2
IS	476	22175	22175	0	0
IS	477	21817	21817	0	0
IS	478	21610	21610	0	0
IS	479	21530	21529	0	1
IS	480	20906	20902	3	1
IS	481	20871	20870	0	1
IS	482	20554	20551	0	3
IS	483	20454	20454	0	0
IS	484	20056	20054	1	1
IS	485	19531	19531	0	0
IS	486	19429	19428	1	0
IS	487	19290	19290	0	0
IS	488	19263	19263	0	0
IS	489	18380	18380	0	0
IS	490	18490	18490	0	0
IS	491	18000	18000	0	0
IS	492	17867	17866	1	0
IS	493	17868	17868	0	0
IS	494	17545	17545	0	0
IS	495	17631	17631	0	0
IS	496	17354	17354	0	0
IS	497	17001	17000	0	1
IS	498	16963	16962	0	1
IS	499	16397	16394	0	3
IS	500	16286	16286	0	0
IS	501	15917	15917	0	0
IS	502	15768	15767	0	1
IS	503	16060	16059	0	1
IS	504	15578	15578	0	0
IS	505	15298	15298	0	0
IS	506	15005	15005	0	0
IS	507	14863	14863	0	0
IS	508	14545	14544	0	1
IS	509	14634	14634	0	0
IS	510	14262	14262	0	0
IS	511	14225	14223	1	1
IS	512	13829	13829	0	0
IS	513	13818	13817	0	1
IS	514	13561	13561	0	0
IS	515	13412	13412	0	0
IS	516	13299	13299	0	0
IS	517	13280	13280	0	0
IS	518	12949	12948	1	0
IS	519	12648	12647	1	0
IS	520	12509	12508	1	0
IS	521	12353	12352	1	0
IS	522	12188	12188	0	0
IS	523	12146	12146	0	0
IS	524	12053	12051	2	0
IS	525	11764	11764	0	0
IS	526	11610	11610	0	0
IS	527	11597	11597	0	0
IS	528	11479	11477	2	0
IS	529	11152	11150	1	1
IS	530	11154	11153	1	0
IS	531	11073	11073	0	0
IS	532	10912	10910	0	2
IS	533	10639	10638	0	1
IS	534	10548	10547	0	1
IS	535	10212	10212	0	0
IS	536	10361	10360	0	1
IS	537	10297	10297	0	0
IS	538	9904	9904	0	0
IS	539	9820	9820	0	0
IS	540	9546	9546	0	0
IS	541	9806	9806	0	0
IS	542	9531	9531	0	0
IS	543	9259	9257	2	0
IS	544	9047	9046	0	1
IS	545	9021	9021	0	0
IS	546	8812	8812	0	0
IS	547	8811	8811	0	0
IS	548	8779	8778	1	0
IS	549	8578	8578	0	0
IS	550	8370	8370	0	0
IS	551	8358	8358	0	0
IS	552	8186	8186	0	0
IS	553	8047	8047	0	0
IS	554	8109	8109	0	0
IS	555	7964	7964	0	0
IS	556	7863	7862	0	1
# Read lengths. Use `grep ^RL | cut -f 2-` to extract this part. The columns are: read length, count
RL	31	2848
RL	32	2650
RL	33	2444
RL	34	2380
RL	35	1986
RL	36	1914
RL	37	1858
RL	38	1732
RL	39	1530
RL	40	1466
RL	41	1402
RL	42	1300
RL	43	1240
RL	44	1254
RL	45	1182
RL	46	1174
RL	47	1048
RL	48	1068
RL	49	1046
RL	50	990
RL	51	1020
RL	52	936
RL	53	1018
RL	54	1040
RL	55	984
RL	56	952
RL	57	1014
RL	58	1002
RL	59	984
RL	60	1080
RL	61	1094
RL	62	1002
RL	63	1076
RL	64	1022
RL	65	992
RL	66	1168
RL	67	1146
RL	68	1170
RL	69	1226
RL	70	1278
RL	71	1202
RL	72	1162
RL	73	1134
RL	74	1170
RL	75	1268
RL	76	1284
RL	77	1296
RL	78	1298
RL	79	1308
RL	80	1420
RL	81	1446
RL	82	1396
RL	83	1406
RL	84	1422
RL	85	1508
RL	86	1402
RL	87	1520
RL	88	1526
RL	89	1558
RL	90	113271586
# Read lengths - first fragments. Use `grep ^FRL | cut -f 2-` to extract this part. The columns are: read length, count
FRL	31	1424
FRL	32	1325
FRL	33	1222
FRL	34	1190
FRL	35	993
FRL	36	957
FRL	37	929
FRL	38	866
FRL	39	765
FRL	40	733
FRL	41	701
FRL	42	650
FRL	43	620
FRL	44	627
FRL	45	591
FRL	46	587
FRL	47	524
FRL	48	534
FRL	49	523
FRL	50	495
FRL	51	510
FRL	52	468
FRL	53	509
FRL	54	520
FRL	55	492
FRL	56	476
FRL	57	507
FRL	58	501
FRL	59	492
FRL	60	540
FRL	61	547
FRL	62	501
FRL	63	538
FRL	64	511
FRL	65	496
FRL	66	584
FRL	67	573
FRL	68	585
FRL	69	613
FRL	70	639
FRL	71	601
FRL	72	581
FRL	73	567
FRL	74	585
FRL	75	634
FRL	76	642
FRL	77	648
FRL	78	649
FRL	79	654
FRL	80	710
FRL	81	723
FRL	82	698
FRL	83	703
FRL	84	711
FRL	85	754
FRL	86	701
FRL	87	760
FRL	88	763
FRL	89	779
FRL	90	56635793
# Read lengths - last fragments. Use `grep ^LRL | cut -f 2-` to extract this part. The columns are: read length, count
LRL	31	1424
LRL	32	1325
LRL	33	1222
LRL	34	1190
LRL	35	993
LRL	36	957
LRL	37	929
LRL	38	866
LRL	39	765
LRL	40	733
LRL	41	701
LRL	42	650
LRL	43	620
LRL	44	627
LRL	45	591
LRL	46	587
LRL	47	524
LRL	48	534
LRL	49	523
LRL	50	495
LRL	51	510
LRL	52	468
LRL	53	509
LRL	54	520
LRL	55	492
LRL	56	476
LRL	57	507
LRL	58	501
LRL	59	492
LRL	60	540
LRL	61	547
LRL	62	501
LRL	63	538
LRL	64	511
LRL	65	496
LRL	66	584
LRL	67	573
LRL	68	585
LRL	69	613
LRL	70	639
LRL	71	601
LRL	72	581
LRL	73	567
LRL	74	585
LRL	75	634
LRL	76	642
LRL	77	648
LRL	78	649
LRL	79	654
LRL	80	710
LRL	81	723
LRL	82	698
LRL	83	703
LRL	84	711
LRL	85	754
LRL	86	701
LRL	87	760
LRL	88	763
LRL	89	779
LRL	90	56635793
# Mapping qualities for reads !(UNMAP|SECOND|SUPPL|QCFAIL|DUP). Use `grep ^MAPQ | cut -f 2-` to extract this part. The columns are: mapq, count
MAPQ	0	6692170
MAPQ	1	16547
MAPQ	2	4560
MAPQ	3	34535
MAPQ	4	7169
MAPQ	5	7795
MAPQ	6	11094
MAPQ	7	18637
MAPQ	8	10105
MAPQ	9	35124
MAPQ	10	24608
MAPQ	11	6470
MAPQ	12	10819
MAPQ	13	17019
MAPQ	14	5279
MAPQ	15	32304
MAPQ	16	9765
MAPQ	17	10384
MAPQ	18	11072
MAPQ	19	25250
MAPQ	20	43489
MAPQ	21	53988
MAPQ	22	82432
MAPQ	23	73349
MAPQ	24	117933
MAPQ	25	225130
MAPQ	26	4411
MAPQ	27	643339
MAPQ	28	4400
MAPQ	29	5033
MAPQ	30	10001
MAPQ	31	13612
MAPQ	32	4674
MAPQ	33	37739
MAPQ	34	5441
MAPQ	35	6610
MAPQ	36	11152
MAPQ	37	19722
MAPQ	38	3791
MAPQ	39	50092
MAPQ	40	895597
MAPQ	41	8682
MAPQ	42	38682
MAPQ	43	34940
MAPQ	44	16729
MAPQ	45	92442
MAPQ	46	45177
MAPQ	47	81391
MAPQ	48	196401
MAPQ	49	43630
MAPQ	50	754455
MAPQ	51	35039
MAPQ	52	26518
MAPQ	53	68579
MAPQ	54	34184
MAPQ	55	39558
MAPQ	56	68036
MAPQ	57	97588
MAPQ	58	3484
MAPQ	59	7467
MAPQ	60	102336763
# Indel distribution. Use `grep ^ID | cut -f 2-` to extract this part. The columns are: length, number of insertions, number of deletions
ID	1	319876	367114
ID	2	68307	92856
ID	3	25911	39648
ID	4	24506	35911
ID	5	8557	11366
ID	6	5818	9398
ID	7	1836	2929
ID	8	2909	4931
ID	9	1723	1903
ID	10	1271	2545
ID	11	1060	1206
ID	12	1028	2716
ID	13	442	786
ID	14	651	1219
ID	15	224	638
ID	16	388	829
ID	17	110	234
ID	18	216	697
ID	19	92	213
ID	20	76	295
ID	21	61	249
ID	22	10	234
ID	23	35	45
ID	24	8	222
ID	25	6	76
ID	26	8	90
ID	27	1	62
ID	28	0	77
ID	29	0	5
ID	30	0	38
ID	31	0	5
ID	32	0	7
ID	33	0	5
ID	34	0	34
ID	35	0	6
ID	36	0	4
ID	37	0	1
ID	38	0	10
# Indels per cycle. Use `grep ^IC | cut -f 2-` to extract this part. The columns are: cycle, number of insertions (fwd), .. (rev) , number of deletions (fwd), .. (rev)
IC	1	0	1	0	0
IC	2	0	1	4	3
IC	3	0	1	1552	1618
IC	4	1350	1318	1602	1773
IC	5	1883	1827	1803	1939
IC	6	1833	1841	2028	2217
IC	7	2052	2021	2401	2570
IC	8	2037	2098	2631	2801
IC	9	2283	2285	2943	3033
IC	10	2217	2196	3129	3220
IC	11	2416	2332	3068	3446
IC	12	2542	2442	3243	3389
IC	13	2697	2661	3520	3554
IC	14	2849	2856	3593	3776
IC	15	3027	2879	3499	3729
IC	16	3017	2956	3890	3842
IC	17	3027	3014	3767	3858
IC	18	3093	3092	3816	4039
IC	19	3103	3171	3881	4095
IC	20	3206	3052	3833	4058
IC	21	3045	3077	3944	4028
IC	22	3143	3199	4085	4113
IC	23	3266	3067	3989	4013
IC	24	3184	3023	3944	3918
IC	25	3027	2885	3917	3878
IC	26	3024	3035	4004	3874
IC	27	2983	2953	3856	3921
IC	28	3100	2965	3806	3773
IC	29	3013	2837	3769	3877
IC	30	2951	2830	3859	3829
IC	31	2899	3018	3760	3685
IC	32	2897	2820	3718	3734
IC	33	2939	2848	3651	3767
IC	34	2870	2710	3717	3745
IC	35	2835	2705	3683	3595
IC	36	2973	2840	3627	3630
IC	37	2936	2741	3634	3510
IC	38	2968	2708	3735	3630
IC	39	2914	2806	3700	3546
IC	40	2848	2782	3674	3666
IC	41	2951	2788	3737	3603
IC	42	2953	2754	3687	3630
IC	43	2941	2803	3703	3675
IC	44	2928	2761	3725	3657
IC	45	2885	2673	3688	3493
IC	46	2901	2840	3725	3316
IC	47	2931	2852	3646	3545
IC	48	2950	2865	3655	3515
IC	49	2878	2792	3623	3522
IC	50	2866	2692	3612	3722
IC	51	2994	2783	3653	3631
IC	52	2979	2799	3782	3733
IC	53	2979	2886	3779	3724
IC	54	2928	2695	3795	3757
IC	55	2880	2771	3825	3781
IC	56	2906	2755	3864	3795
IC	57	2876	2826	3883	3728
IC	58	2916	2716	3838	3809
IC	59	2818	2782	3784	3589
IC	60	2899	2803	3854	3739
IC	61	2950	2751	3960	3809
IC	62	2810	2776	3772	3754
IC	63	2767	2776	3832	3733
IC	64	2808	2711	3843	3631
IC	65	2765	2703	3802	3688
IC	66	2849	2631	3845	3611
IC	67	2807	2690	3735	3803
IC	68	2843	2673	3657	3497
IC	69	2740	2623	3589	3513
IC	70	2794	2491	3515	3427
IC	71	2795	2450	3610	3492
IC	72	2667	2557	3366	3368
IC	73	2531	2369	3324	3284
IC	74	2544	2399	3321	3251
IC	75	2563	2459	3089	3192
IC	76	2428	2342	3140	3054
IC	77	2381	2178	2989	2913
IC	78	2291	2167	2891	2771
IC	79	2309	2259	2851	2670
IC	80	2373	2377	2705	2659
IC	81	2396	2257	2657	2513
IC	82	2382	2280	2513	2520
IC	83	2529	2506	2240	2335
IC	84	3087	3051	2292	2407
IC	85	3930	3942	2236	2237
IC	86	4121	4203	2091	2425
IC	87	4173	4541	1589	1802
IC	88	0	0	0	1
IC	89	0	0	0	1
# Coverage distribution. Use `grep ^COV | cut -f 2-` to extract this part.
COV	[1-1]	1	547507796
COV	[2-2]	2	177200926
COV	[3-3]	3	61007864
COV	[4-4]	4	26327618
COV	[5-5]	5	13320155
COV	[6-6]	6	8169601
COV	[7-7]	7	5737347
COV	[8-8]	8	4456183
COV	[9-9]	9	3668315
COV	[10-10]	10	3166973
COV	[11-11]	11	2800612
COV	[12-12]	12	2531989
COV	[13-13]	13	2312943
COV	[14-14]	14	2136847
COV	[15-15]	15	1984274
COV	[16-16]	16	1864805
COV	[17-17]	17	1754238
COV	[18-18]	18	1660212
COV	[19-19]	19	1571955
COV	[20-20]	20	1491595
COV	[21-21]	21	1425058
COV	[22-22]	22	1362079
COV	[23-23]	23	1299295
COV	[24-24]	24	1251422
COV	[25-25]	25	1205080
COV	[26-26]	26	1159420
COV	[27-27]	27	1118272
COV	[28-28]	28	1082841
COV	[29-29]	29	1044437
COV	[30-30]	30	1014040
COV	[31-31]	31	982730
COV	[32-32]	32	955284
COV	[33-33]	33	928797
COV	[34-34]	34	903758
COV	[35-35]	35	878428
COV	[36-36]	36	858792
COV	[37-37]	37	832149
COV	[38-38]	38	812667
COV	[39-39]	39	790671
COV	[40-40]	40	773212
COV	[41-41]	41	757113
COV	[42-42]	42	739854
COV	[43-43]	43	723422
COV	[44-44]	44	708453
COV	[45-45]	45	693764
COV	[46-46]	46	680491
COV	[47-47]	47	666396
COV	[48-48]	48	653667
COV	[49-49]	49	641822
COV	[50-50]	50	628919
COV	[51-51]	51	616594
COV	[52-52]	52	608490
COV	[53-53]	53	599044
COV	[54-54]	54	587298
COV	[55-55]	55	576529
COV	[56-56]	56	566737
COV	[57-57]	57	556581
COV	[58-58]	58	548104
COV	[59-59]	59	540670
COV	[60-60]	60	533398
COV	[61-61]	61	524625
COV	[62-62]	62	518216
COV	[63-63]	63	508587
COV	[64-64]	64	502128
COV	[65-65]	65	494134
COV	[66-66]	66	485882
COV	[67-67]	67	480874
COV	[68-68]	68	473945
COV	[69-69]	69	467238
COV	[70-70]	70	461080
COV	[71-71]	71	454430
COV	[72-72]	72	449100
COV	[73-73]	73	444301
COV	[74-74]	74	437597
COV	[75-75]	75	431279
COV	[76-76]	76	425948
COV	[77-77]	77	421532
COV	[78-78]	78	415242
COV	[79-79]	79	411480
COV	[80-80]	80	404651
COV	[81-81]	81	401004
COV	[82-82]	82	396968
COV	[83-83]	83	393092
COV	[84-84]	84	389877
COV	[85-85]	85	385143
COV	[86-86]	86	381498
COV	[87-87]	87	377088
COV	[88-88]	88	371692
COV	[89-89]	89	368207
COV	[90-90]	90	363758
COV	[91-91]	91	359805
COV	[92-92]	92	357819
COV	[93-93]	93	351559
COV	[94-94]	94	348892
COV	[95-95]	95	344923
COV	[96-96]	96	341184
COV	[97-97]	97	335821
COV	[98-98]	98	333358
COV	[99-99]	99	328755
COV	[100-100]	100	326191
COV	[101-101]	101	322300
COV	[102-102]	102	319075
COV	[103-103]	103	318372
COV	[104-104]	104	314974
COV	[105-105]	105	311550
COV	[106-106]	106	309524
COV	[107-107]	107	305836
COV	[108-108]	108	301029
COV	[109-109]	109	299098
COV	[110-110]	110	295781
COV	[111-111]	111	292911
COV	[112-112]	112	289188
COV	[113-113]	113	287520
COV	[114-114]	114	284591
COV	[115-115]	115	281455
COV	[116-116]	116	279627
COV	[117-117]	117	277255
COV	[118-118]	118	272686
COV	[119-119]	119	270887
COV	[120-120]	120	269526
COV	[121-121]	121	266985
COV	[122-122]	122	264020
COV	[123-123]	123	261348
COV	[124-124]	124	259790
COV	[125-125]	125	255748
COV	[126-126]	126	254164
COV	[127-127]	127	251798
COV	[128-128]	128	250080
COV	[129-129]	129	247550
COV	[130-130]	130	245681
COV	[131-131]	131	243532
COV	[132-132]	132	240792
COV	[133-133]	133	238701
COV	[134-134]	134	235749
COV	[135-135]	135	233840
COV	[136-136]	136	231105
COV	[137-137]	137	228743
COV	[138-138]	138	226128
COV	[139-139]	139	222154
COV	[140-140]	140	220995
COV	[141-141]	141	219108
COV	[142-142]	142	216944
COV	[143-143]	143	213994
COV	[144-144]	144	213083
COV	[145-145]	145	211180
COV	[146-146]	146	209318
COV	[147-147]	147	206661
COV	[148-148]	148	204688
COV	[149-149]	149	202682
COV	[150-150]	150	201173
COV	[151-151]	151	198346
COV	[152-152]	152	195866
COV	[153-153]	153	194588
COV	[154-154]	154	192358
COV	[155-155]	155	190539
COV	[156-156]	156	188493
COV	[157-157]	157	186371
COV	[158-158]	158	184139
COV	[159-159]	159	182348
COV	[160-160]	160	181193
COV	[161-161]	161	178458
COV	[162-162]	162	176560
COV	[163-163]	163	174960
COV	[164-164]	164	173296
COV	[165-165]	165	170950
COV	[166-166]	166	168947
COV	[167-167]	167	167362
COV	[168-168]	168	165872
COV	[169-169]	169	164576
COV	[170-170]	170	162368
COV	[171-171]	171	160975
COV	[172-172]	172	159468
COV	[173-173]	173	157535
COV	[174-174]	174	155775
COV	[175-175]	175	153770
COV	[176-176]	176	152669
COV	[177-177]	177	151157
COV	[178-178]	178	149243
COV	[179-179]	179	147174
COV	[180-180]	180	147058
COV	[181-181]	181	144974
COV	[182-182]	182	143356
COV	[183-183]	183	141532
COV	[184-184]	184	140048
COV	[185-185]	185	138652
COV	[186-186]	186	137512
COV	[187-187]	187	136375
COV	[188-188]	188	134404
COV	[189-189]	189	132765
COV	[190-190]	190	131293
COV	[191-191]	191	130025
COV	[192-192]	192	128760
COV	[193-193]	193	127873
COV	[194-194]	194	125483
COV	[195-195]	195	124801
COV	[196-196]	196	123235
COV	[197-197]	197	122062
COV	[198-198]	198	120148
COV	[199-199]	199	120047
COV	[200-200]	200	118920
COV	[201-201]	201	117513
COV	[202-202]	202	115118
COV	[203-203]	203	114914
COV	[204-204]	204	112815
COV	[205-205]	205	111672
COV	[206-206]	206	110356
COV	[207-207]	207	109244
COV	[208-208]	208	107848
COV	[209-209]	209	106537
COV	[210-210]	210	105489
COV	[211-211]	211	103916
COV	[212-212]	212	103528
COV	[213-213]	213	101695
COV	[214-214]	214	100830
COV	[215-215]	215	99821
COV	[216-216]	216	98773
COV	[217-217]	217	97695
COV	[218-218]	218	95138
COV	[219-219]	219	94846
COV	[220-220]	220	93570
COV	[221-221]	221	92207
COV	[222-222]	222	91251
COV	[223-223]	223	90073
COV	[224-224]	224	88979
COV	[225-225]	225	88351
COV	[226-226]	226	87083
COV	[227-227]	227	85718
COV	[228-228]	228	85538
COV	[229-229]	229	83841
COV	[230-230]	230	82615
COV	[231-231]	231	81483
COV	[232-232]	232	81331
COV	[233-233]	233	80637
COV	[234-234]	234	80110
COV	[235-235]	235	78287
COV	[236-236]	236	77598
COV	[237-237]	237	76613
COV	[238-238]	238	75566
COV	[239-239]	239	74989
COV	[240-240]	240	74380
COV	[241-241]	241	72431
COV	[242-242]	242	72301
COV	[243-243]	243	71414
COV	[244-244]	244	70155
COV	[245-245]	245	69341
COV	[246-246]	246	68601
COV	[247-247]	247	67373
COV	[248-248]	248	66409
COV	[249-249]	249	66121
COV	[250-250]	250	64985
COV	[251-251]	251	64754
COV	[252-252]	252	63356
COV	[253-253]	253	62990
COV	[254-254]	254	62594
COV	[255-255]	255	61349
COV	[256-256]	256	60914
COV	[257-257]	257	59956
COV	[258-258]	258	59217
COV	[259-259]	259	58824
COV	[260-260]	260	58334
COV	[261-261]	261	57394
COV	[262-262]	262	56857
COV	[263-263]	263	56321
COV	[264-264]	264	55720
COV	[265-265]	265	54438
COV	[266-266]	266	54040
COV	[267-267]	267	53324
COV	[268-268]	268	52635
COV	[269-269]	269	51869
COV	[270-270]	270	51308
COV	[271-271]	271	50552
COV	[272-272]	272	50081
COV	[273-273]	273	49738
COV	[274-274]	274	49383
COV	[275-275]	275	48712
COV	[276-276]	276	47881
COV	[277-277]	277	47224
COV	[278-278]	278	46918
COV	[279-279]	279	46023
COV	[280-280]	280	45484
COV	[281-281]	281	44798
COV	[282-282]	282	44400
COV	[283-283]	283	43827
COV	[284-284]	284	43615
COV	[285-285]	285	42996
COV	[286-286]	286	42245
COV	[287-287]	287	41803
COV	[288-288]	288	41101
COV	[289-289]	289	41350
COV	[290-290]	290	40251
COV	[291-291]	291	39844
COV	[292-292]	292	39576
COV	[293-293]	293	38667
COV	[294-294]	294	38235
COV	[295-295]	295	38100
COV	[296-296]	296	37273
COV	[297-297]	297	37008
COV	[298-298]	298	36554
COV	[299-299]	299	36040
COV	[300-300]	300	35601
COV	[301-301]	301	35251
COV	[302-302]	302	34561
COV	[303-303]	303	34587
COV	[304-304]	304	33972
COV	[305-305]	305	33663
COV	[306-306]	306	32980
COV	[307-307]	307	32839
COV	[308-308]	308	32258
COV	[309-309]	309	31820
COV	[310-310]	310	31535
COV	[311-311]	311	30943
COV	[312-312]	312	31201
COV	[313-313]	313	30493
COV	[314-314]	314	30463
COV	[315-315]	315	29901
COV	[316-316]	316	29450
COV	[317-317]	317	29101
COV	[318-318]	318	28833
COV	[319-319]	319	28183
COV	[320-320]	320	28221
COV	[321-321]	321	27628
COV	[322-322]	322	27360
COV	[323-323]	323	27235
COV	[324-324]	324	26707
COV	[325-325]	325	26582
COV	[326-326]	326	25621
COV	[327-327]	327	25465
COV	[328-328]	328	25496
COV	[329-329]	329	25068
COV	[330-330]	330	25146
COV	[331-331]	331	24679
COV	[332-332]	332	24400
COV	[333-333]	333	24073
COV	[334-334]	334	23852
COV	[335-335]	335	23229
COV	[336-336]	336	23060
COV	[337-337]	337	22715
COV	[338-338]	338	22620
COV	[339-339]	339	22483
COV	[340-340]	340	22203
COV	[341-341]	341	21824
COV	[342-342]	342	21721
COV	[343-343]	343	21281
COV	[344-344]	344	20914
COV	[345-345]	345	20614
COV	[346-346]	346	20372
COV	[347-347]	347	20165
COV	[348-348]	348	20096
COV	[349-349]	349	19649
COV	[350-350]	350	19243
COV	[351-351]	351	19391
COV	[352-352]	352	18964
COV	[353-353]	353	18873
COV	[354-354]	354	18755
COV	[355-355]	355	18693
COV	[356-356]	356	18046
COV	[357-357]	357	17786
COV	[358-358]	358	17612
COV	[359-359]	359	17508
COV	[360-360]	360	17381
COV	[361-361]	361	17226
COV	[362-362]	362	16820
COV	[363-363]	363	16699
COV	[364-364]	364	16799
COV	[365-365]	365	16621
COV	[366-366]	366	16263
COV	[367-367]	367	16243
COV	[368-368]	368	15881
COV	[369-369]	369	15777
COV	[370-370]	370	15532
COV	[371-371]	371	15458
COV	[372-372]	372	15124
COV	[373-373]	373	14878
COV	[374-374]	374	15035
COV	[375-375]	375	14691
COV	[376-376]	376	14275
COV	[377-377]	377	14545
COV	[378-378]	378	14183
COV	[379-379]	379	14014
COV	[380-380]	380	13815
COV	[381-381]	381	13807
COV	[382-382]	382	13484
COV	[383-383]	383	13497
COV	[384-384]	384	13359
COV	[385-385]	385	13306
COV	[386-386]	386	13201
COV	[387-387]	387	13141
COV	[388-388]	388	12854
COV	[389-389]	389	12666
COV	[390-390]	390	12631
COV	[391-391]	391	12547
COV	[392-392]	392	12259
COV	[393-393]	393	12026
COV	[394-394]	394	12008
COV	[395-395]	395	11988
COV	[396-396]	396	11867
COV	[397-397]	397	11861
COV	[398-398]	398	11690
COV	[399-399]	399	11639
COV	[400-400]	400	11341
COV	[401-401]	401	11181
COV	[402-402]	402	11065
COV	[403-403]	403	10738
COV	[404-404]	404	10807
COV	[405-405]	405	10667
COV	[406-406]	406	10439
COV	[407-407]	407	10520
COV	[408-408]	408	10129
COV	[409-409]	409	10194
COV	[410-410]	410	10050
COV	[411-411]	411	10010
COV	[412-412]	412	9964
COV	[413-413]	413	9657
COV	[414-414]	414	9626
COV	[415-415]	415	9602
COV	[416-416]	416	9343
COV	[417-417]	417	9324
COV	[418-418]	418	9141
COV	[419-419]	419	9037
COV	[420-420]	420	8939
COV	[421-421]	421	9014
COV	[422-422]	422	8880
COV	[423-423]	423	8837
COV	[424-424]	424	8914
COV	[425-425]	425	8556
COV	[426-426]	426	8332
COV	[427-427]	427	8339
COV	[428-428]	428	8189
COV	[429-429]	429	8301
COV	[430-430]	430	8263
COV	[431-431]	431	8055
COV	[432-432]	432	7706
COV	[433-433]	433	7729
COV	[434-434]	434	7727
COV	[435-435]	435	7660
COV	[436-436]	436	7431
COV	[437-437]	437	7356
COV	[438-438]	438	7208
COV	[439-439]	439	7392
COV	[440-440]	440	7277
COV	[441-441]	441	7331
COV	[442-442]	442	6980
COV	[443-443]	443	7003
COV	[444-444]	444	7080
COV	[445-445]	445	6857
COV	[446-446]	446	6802
COV	[447-447]	447	6852
COV	[448-448]	448	6579
COV	[449-449]	449	6473
COV	[450-450]	450	6671
COV	[451-451]	451	6506
COV	[452-452]	452	6471
COV	[453-453]	453	6402
COV	[454-454]	454	6430
COV	[455-455]	455	6305
COV	[456-456]	456	6265
COV	[457-457]	457	6125
COV	[458-458]	458	6088
COV	[459-459]	459	5981
COV	[460-460]	460	5988
COV	[461-461]	461	5920
COV	[462-462]	462	5920
COV	[463-463]	463	5709
COV	[464-464]	464	5725
COV	[465-465]	465	5656
COV	[466-466]	466	5694
COV	[467-467]	467	5632
COV	[468-468]	468	5623
COV	[469-469]	469	5587
COV	[470-470]	470	5330
COV	[471-471]	471	5352
COV	[472-472]	472	5176
COV	[473-473]	473	5106
COV	[474-474]	474	5239
COV	[475-475]	475	5086
COV	[476-476]	476	5105
COV	[477-477]	477	4917
COV	[478-478]	478	5041
COV	[479-479]	479	4949
COV	[480-480]	480	4979
COV	[481-481]	481	4809
COV	[482-482]	482	4650
COV	[483-483]	483	4767
COV	[484-484]	484	4647
COV	[485-485]	485	4614
COV	[486-486]	486	4599
COV	[487-487]	487	4524
COV	[488-488]	488	4515
COV	[489-489]	489	4479
COV	[490-490]	490	4345
COV	[491-491]	491	4407
COV	[492-492]	492	4344
COV	[493-493]	493	4256
COV	[494-494]	494	4290
COV	[495-495]	495	4097
COV	[496-496]	496	4078
COV	[497-497]	497	4156
COV	[498-498]	498	4031
COV	[499-499]	499	3920
COV	[500-500]	500	3941
COV	[501-501]	501	3967
COV	[502-502]	502	3746
COV	[503-503]	503	3761
COV	[504-504]	504	3690
COV	[505-505]	505	3788
COV	[506-506]	506	3769
COV	[507-507]	507	3702
COV	[508-508]	508	3719
COV	[509-509]	509	3654
COV	[510-510]	510	3659
COV	[511-511]	511	3534
COV	[512-512]	512	3582
COV	[513-513]	513	3572
COV	[514-514]	514	3500
COV	[515-515]	515	3430
COV	[516-516]	516	3423
COV	[517-517]	517	3323
COV	[518-518]	518	3377
COV	[519-519]	519	3292
COV	[520-520]	520	3250
COV	[521-521]	521	3158
COV	[522-522]	522	3250
COV	[523-523]	523	3145
COV	[524-524]	524	3062
COV	[525-525]	525	3018
COV	[526-526]	526	3075
COV	[527-527]	527	2919
COV	[528-528]	528	3056
COV	[529-529]	529	2957
COV	[530-530]	530	2902
COV	[531-531]	531	2907
COV	[532-532]	532	2815
COV	[533-533]	533	2897
COV	[534-534]	534	2920
COV	[535-535]	535	2744
COV	[536-536]	536	2778
COV	[537-537]	537	2787
COV	[538-538]	538	2683
COV	[539-539]	539	2640
COV	[540-540]	540	2642
COV	[541-541]	541	2684
COV	[542-542]	542	2659
COV	[543-543]	543	2664
COV	[544-544]	544	2610
COV	[545-545]	545	2590
COV	[546-546]	546	2607
COV	[547-547]	547	2364
COV	[548-548]	548	2444
COV	[549-549]	549	2517
COV	[550-550]	550	2406
COV	[551-551]	551	2453
COV	[552-552]	552	2453
COV	[553-553]	553	2516
COV	[554-554]	554	2392
COV	[555-555]	555	2364
COV	[556-556]	556	2342
COV	[557-557]	557	2261
COV	[558-558]	558	2266
COV	[559-559]	559	2321
COV	[560-560]	560	2247
COV	[561-561]	561	2251
COV	[562-562]	562	2302
COV	[563-563]	563	2238
COV	[564-564]	564	2171
COV	[565-565]	565	2217
COV	[566-566]	566	2166
COV	[567-567]	567	2103
COV	[568-568]	568	2089
COV	[569-569]	569	2062
COV	[570-570]	570	2041
COV	[571-571]	571	2000
COV	[572-572]	572	2102
COV	[573-573]	573	2020
COV	[574-574]	574	2012
COV	[575-575]	575	2035
COV	[576-576]	576	1906
COV	[577-577]	577	1905
COV	[578-578]	578	1906
COV	[579-579]	579	1981
COV	[580-580]	580	1871
COV	[581-581]	581	1894
COV	[582-582]	582	1896
COV	[583-583]	583	1807
COV	[584-584]	584	1802
COV	[585-585]	585	1768
COV	[586-586]	586	1771
COV	[587-587]	587	1738
COV	[588-588]	588	1705
COV	[589-589]	589	1700
COV	[590-590]	590	1761
COV	[591-591]	591	1727
COV	[592-592]	592	1643
COV	[593-593]	593	1714
COV	[594-594]	594	1596
COV	[595-595]	595	1593
COV	[596-596]	596	1603
COV	[597-597]	597	1604
COV	[598-598]	598	1543
COV	[599-599]	599	1594
COV	[600-600]	600	1593
COV	[601-601]	601	1519
COV	[602-602]	602	1559
COV	[603-603]	603	1569
COV	[604-604]	604	1460
COV	[605-605]	605	1496
COV	[606-606]	606	1442
COV	[607-607]	607	1373
COV	[608-608]	608	1439
COV	[609-609]	609	1447
COV	[610-610]	610	1455
COV	[611-611]	611	1385
COV	[612-612]	612	1425
COV	[613-613]	613	1323
COV	[614-614]	614	1358
COV	[615-615]	615	1430
COV	[616-616]	616	1330
COV	[617-617]	617	1339
COV	[618-618]	618	1315
COV	[619-619]	619	1387
COV	[620-620]	620	1319
COV	[621-621]	621	1286
COV	[622-622]	622	1297
COV	[623-623]	623	1270
COV	[624-624]	624	1282
COV	[625-625]	625	1308
COV	[626-626]	626	1226
COV	[627-627]	627	1208
COV	[628-628]	628	1199
COV	[629-629]	629	1242
COV	[630-630]	630	1151
COV	[631-631]	631	1232
COV	[632-632]	632	1185
COV	[633-633]	633	1186
COV	[634-634]	634	1210
COV	[635-635]	635	1170
COV	[636-636]	636	1124
COV	[637-637]	637	1193
COV	[638-638]	638	1173
COV	[639-639]	639	1112
COV	[640-640]	640	1099
COV	[641-641]	641	1128
COV	[642-642]	642	1106
COV	[643-643]	643	1075
COV	[644-644]	644	1058
COV	[645-645]	645	1051
COV	[646-646]	646	1166
COV	[647-647]	647	1065
COV	[648-648]	648	1009
COV	[649-649]	649	1014
COV	[650-650]	650	982
COV	[651-651]	651	1035
COV	[652-652]	652	1052
COV	[653-653]	653	972
COV	[654-654]	654	1006
COV	[655-655]	655	972
COV	[656-656]	656	982
COV	[657-657]	657	996
COV	[658-658]	658	964
COV	[659-659]	659	942
COV	[660-660]	660	920
COV	[661-661]	661	905
COV	[662-662]	662	908
COV	[663-663]	663	910
COV	[664-664]	664	862
COV	[665-665]	665	876
COV	[666-666]	666	914
COV	[667-667]	667	877
COV	[668-668]	668	924
COV	[669-669]	669	865
COV	[670-670]	670	843
COV	[671-671]	671	822
COV	[672-672]	672	868
COV	[673-673]	673	863
COV	[674-674]	674	843
COV	[675-675]	675	885
COV	[676-676]	676	834
COV	[677-677]	677	846
COV	[678-678]	678	870
COV	[679-679]	679	813
COV	[680-680]	680	773
COV	[681-681]	681	812
COV	[682-682]	682	790
COV	[683-683]	683	799
COV	[684-684]	684	796
COV	[685-685]	685	778
COV	[686-686]	686	756
COV	[687-687]	687	775
COV	[688-688]	688	809
COV	[689-689]	689	701
COV	[690-690]	690	805
COV	[691-691]	691	743
COV	[692-692]	692	722
COV	[693-693]	693	727
COV	[694-694]	694	727
COV	[695-695]	695	719
COV	[696-696]	696	650
COV	[697-697]	697	703
COV	[698-698]	698	661
COV	[699-699]	699	664
COV	[700-700]	700	687
COV	[701-701]	701	647
COV	[702-702]	702	699
COV	[703-703]	703	692
COV	[704-704]	704	613
COV	[705-705]	705	634
COV	[706-706]	706	657
COV	[707-707]	707	625
COV	[708-708]	708	641
COV	[709-709]	709	656
COV	[710-710]	710	656
COV	[711-711]	711	623
COV	[712-712]	712	636
COV	[713-713]	713	626
COV	[714-714]	714	601
COV	[715-715]	715	625
COV	[716-716]	716	635
COV	[717-717]	717	575
COV	[718-718]	718	584
COV	[719-719]	719	544
COV	[720-720]	720	570
COV	[721-721]	721	543
COV	[722-722]	722	575
COV	[723-723]	723	550
COV	[724-724]	724	584
COV	[725-725]	725	540
COV	[726-726]	726	538
COV	[727-727]	727	566
COV	[728-728]	728	575
COV	[729-729]	729	486
COV	[730-730]	730	549
COV	[731-731]	731	518
COV	[732-732]	732	504
COV	[733-733]	733	559
COV	[734-734]	734	526
COV	[735-735]	735	501
COV	[736-736]	736	534
COV	[737-737]	737	482
COV	[738-738]	738	510
COV	[739-739]	739	530
COV	[740-740]	740	498
COV	[741-741]	741	496
COV	[742-742]	742	537
COV	[743-743]	743	520
COV	[744-744]	744	466
COV	[745-745]	745	529
COV	[746-746]	746	471
COV	[747-747]	747	510
COV	[748-748]	748	474
COV	[749-749]	749	543
COV	[750-750]	750	477
COV	[751-751]	751	472
COV	[752-752]	752	485
COV	[753-753]	753	477
COV	[754-754]	754	453
COV	[755-755]	755	471
COV	[756-756]	756	470
COV	[757-757]	757	463
COV	[758-758]	758	425
COV	[759-759]	759	440
COV	[760-760]	760	470
COV	[761-761]	761	412
COV	[762-762]	762	426
COV	[763-763]	763	429
COV	[764-764]	764	443
COV	[765-765]	765	440
COV	[766-766]	766	434
COV	[767-767]	767	443
COV	[768-768]	768	418
COV	[769-769]	769	422
COV	[770-770]	770	392
COV	[771-771]	771	413
COV	[772-772]	772	394
COV	[773-773]	773	416
COV	[774-774]	774	434
COV	[775-775]	775	436
COV	[776-776]	776	428
COV	[777-777]	777	412
COV	[778-778]	778	425
COV	[779-779]	779	381
COV	[780-780]	780	360
COV	[781-781]	781	376
COV	[782-782]	782	388
COV	[783-783]	783	389
COV	[784-784]	784	384
COV	[785-785]	785	360
COV	[786-786]	786	359
COV	[787-787]	787	348
COV	[788-788]	788	343
COV	[789-789]	789	367
COV	[790-790]	790	352
COV	[791-791]	791	341
COV	[792-792]	792	376
COV	[793-793]	793	346
COV	[794-794]	794	351
COV	[795-795]	795	362
COV	[796-796]	796	307
COV	[797-797]	797	308
COV	[798-798]	798	334
COV	[799-799]	799	352
COV	[800-800]	800	325
COV	[801-801]	801	311
COV	[802-802]	802	345
COV	[803-803]	803	331
COV	[804-804]	804	295
COV	[805-805]	805	296
COV	[806-806]	806	311
COV	[807-807]	807	329
COV	[808-808]	808	307
COV	[809-809]	809	324
COV	[810-810]	810	294
COV	[811-811]	811	317
COV	[812-812]	812	324
COV	[813-813]	813	312
COV	[814-814]	814	273
COV	[815-815]	815	285
COV	[816-816]	816	281
COV	[817-817]	817	273
COV	[818-818]	818	320
COV	[819-819]	819	319
COV	[820-820]	820	274
COV	[821-821]	821	286
COV	[822-822]	822	299
COV	[823-823]	823	259
COV	[824-824]	824	246
COV	[825-825]	825	230
COV	[826-826]	826	254
COV	[827-827]	827	243
COV	[828-828]	828	226
COV	[829-829]	829	223
COV	[830-830]	830	243
COV	[831-831]	831	241
COV	[832-832]	832	260
COV	[833-833]	833	254
COV	[834-834]	834	244
COV	[835-835]	835	233
COV	[836-836]	836	224
COV	[837-837]	837	203
COV	[838-838]	838	205
COV	[839-839]	839	230
COV	[840-840]	840	215
COV	[841-841]	841	223
COV	[842-842]	842	235
COV	[843-843]	843	219
COV	[844-844]	844	201
COV	[845-845]	845	229
COV	[846-846]	846	192
COV	[847-847]	847	191
COV	[848-848]	848	201
COV	[849-849]	849	201
COV	[850-850]	850	205
COV	[851-851]	851	178
COV	[852-852]	852	153
COV	[853-853]	853	183
COV	[854-854]	854	198
COV	[855-855]	855	173
COV	[856-856]	856	190
COV	[857-857]	857	172
COV	[858-858]	858	194
COV	[859-859]	859	171
COV	[860-860]	860	193
COV	[861-861]	861	185
COV	[862-862]	862	196
COV	[863-863]	863	183
COV	[864-864]	864	198
COV	[865-865]	865	194
COV	[866-866]	866	177
COV	[867-867]	867	177
COV	[868-868]	868	151
COV	[869-869]	869	166
COV	[870-870]	870	188
COV	[871-871]	871	172
COV	[872-872]	872	184
COV	[873-873]	873	171
COV	[874-874]	874	170
COV	[875-875]	875	163
COV	[876-876]	876	138
COV	[877-877]	877	169
COV	[878-878]	878	158
COV	[879-879]	879	143
COV	[880-880]	880	150
COV	[881-881]	881	159
COV	[882-882]	882	133
COV	[883-883]	883	165
COV	[884-884]	884	145
COV	[885-885]	885	139
COV	[886-886]	886	169
COV	[887-887]	887	144
COV	[888-888]	888	145
COV	[889-889]	889	159
COV	[890-890]	890	143
COV	[891-891]	891	162
COV	[892-892]	892	148
COV	[893-893]	893	148
COV	[894-894]	894	144
COV	[895-895]	895	133
COV	[896-896]	896	148
COV	[897-897]	897	135
COV	[898-898]	898	134
COV	[899-899]	899	115
COV	[900-900]	900	119
COV	[901-901]	901	134
COV	[902-902]	902	127
COV	[903-903]	903	145
COV	[904-904]	904	142
COV	[905-905]	905	123
COV	[906-906]	906	127
COV	[907-907]	907	118
COV	[908-908]	908	109
COV	[909-909]	909	111
COV	[910-910]	910	137
COV	[911-911]	911	128
COV	[912-912]	912	113
COV	[913-913]	913	98
COV	[914-914]	914	114
COV	[915-915]	915	113
COV	[916-916]	916	129
COV	[917-917]	917	112
COV	[918-918]	918	104
COV	[919-919]	919	117
COV	[920-920]	920	121
COV	[921-921]	921	95
COV	[922-922]	922	91
COV	[923-923]	923	114
COV	[924-924]	924	88
COV	[925-925]	925	109
COV	[926-926]	926	106
COV	[927-927]	927	95
COV	[928-928]	928	91
COV	[929-929]	929	107
COV	[930-930]	930	100
COV	[931-931]	931	112
COV	[932-932]	932	104
COV	[933-933]	933	89
COV	[934-934]	934	125
COV	[935-935]	935	91
COV	[936-936]	936	107
COV	[937-937]	937	99
COV	[938-938]	938	102
COV	[939-939]	939	82
COV	[940-940]	940	92
COV	[941-941]	941	86
COV	[942-942]	942	106
COV	[943-943]	943	88
COV	[944-944]	944	97
COV	[945-945]	945	99
COV	[946-946]	946	82
COV	[947-947]	947	92
COV	[948-948]	948	89
COV	[949-949]	949	89
COV	[950-950]	950	91
COV	[951-951]	951	93
COV	[952-952]	952	88
COV	[953-953]	953	99
COV	[954-954]	954	89
COV	[955-955]	955	94
COV	[956-956]	956	91
COV	[957-957]	957	111
COV	[958-958]	958	80
COV	[959-959]	959	64
COV	[960-960]	960	80
COV	[961-961]	961	87
COV	[962-962]	962	92
COV	[963-963]	963	84
COV	[964-964]	964	95
COV	[965-965]	965	99
COV	[966-966]	966	79
COV	[967-967]	967	100
COV	[968-968]	968	79
COV	[969-969]	969	83
COV	[970-970]	970	86
COV	[971-971]	971	73
COV	[972-972]	972	86
COV	[973-973]	973	70
COV	[974-974]	974	71
COV	[975-975]	975	69
COV	[976-976]	976	80
COV	[977-977]	977	92
COV	[978-978]	978	84
COV	[979-979]	979	95
COV	[980-980]	980	84
COV	[981-981]	981	71
COV	[982-982]	982	70
COV	[983-983]	983	74
COV	[984-984]	984	92
COV	[985-985]	985	87
COV	[986-986]	986	91
COV	[987-987]	987	62
COV	[988-988]	988	85
COV	[989-989]	989	63
COV	[990-990]	990	82
COV	[991-991]	991	89
COV	[992-992]	992	82
COV	[993-993]	993	81
COV	[994-994]	994	83
COV	[995-995]	995	70
COV	[996-996]	996	82
COV	[997-997]	997	75
COV	[998-998]	998	83
COV	[999-999]	999	80
COV	[1000-1000]	1000	70
COV	[1000<]	1000	16479
# GC-depth. Use `grep ^GCD | cut -f 2-` to extract this part. The columns are: GC%, unique sequence percentiles, 10th, 25th, 50th, 75th and 90th depth percentile
GCD	0.0	0.002	0.000	0.000	0.002	0.004	0.004
GCD	2.5	0.003	0.027	0.027	0.027	0.027	0.027
GCD	12.0	0.003	0.117	0.117	0.117	0.117	0.117
GCD	16.0	0.004	1.044	1.044	1.044	1.044	1.044
GCD	19.0	0.005	0.045	0.045	0.045	0.045	0.045
GCD	20.0	0.005	0.018	0.018	0.018	0.018	0.018
GCD	21.0	0.007	0.013	0.013	0.072	0.549	0.549
GCD	22.0	0.009	0.445	0.445	2.015	10.167	10.167
GCD	23.0	0.010	0.027	0.027	0.027	0.027	0.027
GCD	24.0	0.014	0.013	0.013	0.337	1.138	2.380
GCD	25.0	0.016	0.184	0.184	0.252	0.756	0.756
GCD	26.0	0.018	0.337	0.337	0.603	3.779	3.779
GCD	27.0	0.028	0.663	1.548	2.537	3.838	9.045
GCD	28.0	0.054	0.022	0.465	3.376	5.924	11.919
GCD	29.0	0.125	1.108	2.641	4.386	7.302	10.179
GCD	30.0	0.283	0.166	2.582	4.818	9.295	14.403
GCD	31.0	0.572	0.206	2.675	5.644	12.324	19.353
GCD	32.0	1.147	0.159	0.909	5.552	12.392	20.959
GCD	33.0	2.262	0.157	0.238	4.152	11.648	21.430
GCD	34.0	4.081	0.162	0.229	0.693	10.316	20.203
GCD	35.0	7.087	0.166	0.225	0.310	6.568	16.865
GCD	36.0	11.488	0.162	0.225	0.297	2.936	13.542
GCD	37.0	17.364	0.157	0.234	0.306	0.454	11.022
GCD	38.0	24.423	0.148	0.243	0.324	0.436	7.951
GCD	39.0	32.415	0.144	0.256	0.346	0.468	6.892
GCD	40.0	40.452	0.180	0.288	0.382	0.522	7.036
GCD	41.0	48.029	0.225	0.324	0.427	0.576	7.233
GCD	42.0	55.035	0.243	0.355	0.472	0.657	7.929
GCD	43.0	61.338	0.288	0.400	0.517	0.733	8.339
GCD	44.0	66.929	0.310	0.441	0.571	0.832	8.683
GCD	45.0	71.679	0.337	0.477	0.625	1.068	8.921
GCD	46.0	75.788	0.364	0.517	0.675	1.836	9.961
GCD	47.0	79.233	0.396	0.553	0.729	2.083	10.018
GCD	48.0	82.185	0.418	0.607	0.792	3.093	11.330
GCD	49.0	84.778	0.450	0.639	0.855	3.710	12.205
GCD	50.0	87.063	0.472	0.675	0.922	4.421	13.051
GCD	51.0	89.098	0.472	0.702	0.990	5.015	14.025
GCD	52.0	90.881	0.526	0.742	1.102	5.410	14.197
GCD	53.0	92.435	0.540	0.769	1.224	6.104	14.225
GCD	54.0	93.867	0.591	0.846	2.065	7.261	15.967
GCD	55.0	95.129	0.621	0.886	2.389	8.174	16.934
GCD	56.0	96.220	0.655	0.968	3.131	9.389	17.759
GCD	57.0	97.198	0.694	1.161	3.392	9.155	16.264
GCD	58.0	98.057	0.697	1.379	3.874	9.682	16.663
GCD	59.0	98.702	0.751	1.683	4.407	9.059	14.279
GCD	60.0	99.176	0.927	2.069	4.584	9.358	13.910
GCD	61.0	99.508	0.670	1.638	3.712	8.363	14.698
GCD	62.0	99.707	0.665	1.776	3.914	7.042	11.149
GCD	63.0	99.847	0.644	1.606	3.649	6.568	10.702
GCD	64.0	99.933	0.857	1.656	3.163	6.928	9.872
GCD	65.0	99.977	0.772	2.037	3.662	5.416	7.930
GCD	66.0	99.991	0.256	1.058	2.963	4.518	8.117
GCD	67.0	99.997	0.010	0.362	1.471	2.667	4.152
GCD	68.0	99.999	0.049	0.049	1.255	2.461	2.461
GCD	69.0	99.999	0.045	0.045	0.045	0.045	0.045
GCD	71.0	100.000	0.009	0.009	0.009	0.009	0.009
