# This file was produced by samtools stats (1.23+htslib-1.23) and can be plotted using plot-bamstats
# This file contains statistics for all reads.
# The command line was:  stats data/AFR/MSL/HG03558/aligned/HG03558.bam
# CHK, Checksum	[2]Read Names	[3]Sequences	[4]Qualities
# CHK, CRC32 of reads which passed filtering followed by addition (32bit overflow)
CHK	bb34a754	fc0429b4	553783a9
# Summary Numbers. Use `grep ^SN | cut -f 2-` to extract this part.
SN	raw total sequences:	27904086	# excluding supplementary and secondary reads
SN	filtered sequences:	0
SN	sequences:	27904086
SN	is sorted:	1	# sorted by coordinate
SN	1st fragments:	13952043
SN	last fragments:	13952043
SN	reads mapped:	27890823
SN	reads mapped and paired:	27890356	# paired-end technology bit set + both mates mapped
SN	reads unmapped:	13263
SN	reads properly paired:	27702894	# proper-pair bit set
SN	reads paired:	27904086	# paired-end technology bit set
SN	reads duplicated:	0	# PCR or optical duplicate bit set
SN	reads MQ0:	4060039	# mapped and MQ=0
SN	reads QC failed:	0
SN	non-primary alignments:	0
SN	supplementary alignments:	29426
SN	total length:	2786956912	# ignores clipping
SN	total first fragment length:	1393478456	# ignores clipping
SN	total last fragment length:	1393478456	# ignores clipping
SN	bases mapped:	2785633470	# ignores clipping
SN	bases mapped (cigar):	2781960095	# more accurate
SN	bases trimmed:	0
SN	bases duplicated:	0
SN	mismatches:	6999963	# from NM fields
SN	error rate:	2.516198e-03	# mismatches / bases mapped (cigar)
SN	average length:	100
SN	average first fragment length:	100
SN	average last fragment length:	100
SN	maximum length:	100
SN	maximum first fragment length:	100
SN	maximum last fragment length:	100
SN	average quality:	36.5
SN	insert size average:	222.5
SN	insert size standard deviation:	70.7
SN	inward oriented pairs:	13872673
SN	outward oriented pairs:	5277
SN	pairs with other orientation:	7087
SN	pairs on different chromosomes:	60141
SN	percentage of properly paired reads (%):	99.3
# First Fragment Qualities. Use `grep ^FFQ | cut -f 2-` to extract this part.
# Columns correspond to qualities and rows to cycles. First column is the cycle number.
FFQ	1	0	0	11333	0	0	0	0	0	0	0	7379	0	0	0	0	0	17803	0	0	322	0	0	4401	23691	0	27672	74916	120957	71062	0	479279	3393542	0	1057847	8661839	0	0	0	0	0	0	0	0
FFQ	2	0	0	0	0	0	0	0	0	0	0	5965	0	0	0	0	0	26581	0	0	1614	0	0	7145	21064	0	22903	72862	141439	59123	0	403844	2990156	0	500039	9699308	0	0	0	0	0	0	0	0
FFQ	3	0	0	13	0	0	0	0	0	0	0	7785	0	0	0	0	0	19655	0	0	95	0	0	8963	19617	0	27399	70376	145329	72000	0	404471	2882828	0	506203	9787309	0	0	0	0	0	0	0	0
FFQ	4	0	0	89	0	0	0	0	0	0	0	5808	0	0	0	0	0	8666	0	0	9810	0	0	7551	0	0	18864	33438	2361	50378	988	97634	2567	145511	250714	0	2150566	0	11167098	0	0	0	0	0
FFQ	5	0	0	0	0	0	0	0	0	0	0	9674	0	0	0	0	0	12414	0	0	11510	0	0	9513	0	0	25541	42133	2682	60722	962	115705	2784	164916	283274	0	2243075	0	10967138	0	0	0	0	0
FFQ	6	0	0	0	0	0	0	4	0	1124	0	6622	2084	0	0	7	1292	2487	10230	5214	5116	0	1145	787	10469	16	28917	37973	5907	35279	25488	112318	19205	183145	256426	35	2070403	212033	10918317	0	0	0	0	0
FFQ	7	0	0	0	0	0	8	19	0	1290	0	6714	2071	5	0	10	1348	2618	10802	5578	4612	10	1322	893	10679	31	29762	38261	7646	35498	24581	113155	20718	184634	258069	87	2061560	207709	10922353	0	0	0	0	0
FFQ	8	0	0	0	0	0	11	31	1	1682	0	8952	2774	10	0	23	1523	2832	12025	5792	5102	30	1631	1047	11081	30	30747	39498	10241	33854	24962	115628	20525	187894	262079	83	2066809	209770	10895376	0	0	0	0	0
FFQ	9	0	0	0	0	0	30	18	5	1361	0	7184	2219	6	2	12	1595	2695	12038	5991	5219	77	1561	1082	11073	76	31504	14665	39726	30552	25528	116102	15216	165086	178324	116273	630366	309	1217048	705904	10613196	0	0	0
FFQ	10	0	0	0	0	0	25	27	9	1746	1	8803	2645	22	2	9	1745	2831	12496	6119	5304	137	1671	1166	11396	90	32285	15094	47719	22380	26092	118557	15115	166775	181370	115774	633785	307	1218715	722724	10579107	0	0	0
FFQ	11	0	0	0	0	0	32	25	21	1951	9	9400	2814	46	2	12	2157	2988	13936	6592	5508	168	1696	1265	11763	178	33041	15164	58222	13583	26252	120910	15344	168635	183495	116252	640777	341	1225941	742824	10530699	0	0	0
FFQ	12	0	0	1	0	0	29	27	18	1555	23	7794	2233	52	12	20	2104	2970	13316	6816	5575	163	1793	1274	11917	290	33232	15783	66385	6458	27085	123167	15192	170875	186703	118006	649634	457	1232607	760707	10487770	0	0	0
FFQ	13	0	0	0	0	0	33	26	24	1575	52	8175	2442	74	11	22	1902	3112	12767	6976	5687	165	1990	1325	12683	406	34085	16100	69195	5061	27578	126534	14999	175036	189957	120315	660774	585	1247987	783748	10420642	0	0	0
FFQ	14	0	0	0	0	0	49	36	50	1713	72	8260	2268	63	11	25	456	4108	13006	6759	5793	206	2047	1351	4502	9254	34577	16494	68775	5089	27634	56879	82690	124839	191230	136059	128428	407561	348307	1050085	773200	2299082	8141085	0
FFQ	15	0	0	1	0	0	55	61	72	2146	122	10059	2799	81	19	70	568	4510	14525	7347	6158	223	2192	1502	4682	9885	35486	16898	70193	5339	28691	58671	83901	126166	194492	136078	133112	409838	350857	1059715	772347	2326168	8077014	0
FFQ	16	0	0	0	0	0	44	81	79	1900	149	8739	2585	123	38	92	680	4570	14385	7573	6259	275	2369	1541	5161	10268	36028	17457	71865	5692	29232	60372	85421	127874	197263	139955	137415	414894	355578	1072368	776372	2346031	8011315	0
FFQ	17	0	0	0	0	0	64	97	125	2124	222	9257	2590	106	49	116	704	4776	13656	7488	6266	293	2520	1653	5574	11168	36287	18061	72128	5699	29873	62095	86930	128915	200784	141159	142169	418220	358830	1084304	780616	2374578	7942547	0
FFQ	18	0	0	0	0	0	65	93	123	2192	258	9197	2541	130	82	133	889	4722	13292	7504	6459	364	2707	1761	5955	11776	36830	18222	72394	6026	30015	64389	87462	128908	203378	141624	147323	419757	362737	1095703	785813	2398568	7882651	0
FFQ	19	0	0	0	0	0	76	131	152	2409	385	9286	2636	150	99	148	1046	4437	1371	20757	6599	356	2902	1861	6736	12751	37106	18908	72377	6457	31037	67185	89161	129022	128321	222517	153922	364843	366769	919694	906047	2482468	7881921	0
FFQ	20	0	0	89	0	0	59	146	192	2732	528	9470	2683	183	133	186	1303	4953	1782	20434	6836	434	3140	2068	7217	13961	36805	19254	73267	6835	31777	69721	90450	129399	130762	226137	160142	369938	373277	935667	930546	2501370	7788167	0
FFQ	21	0	0	0	0	0	69	184	256	2928	687	9692	2682	212	181	208	1519	5166	2248	19992	7043	532	3397	2216	8017	15807	36803	19598	72684	7040	32597	73400	92001	128459	133468	227663	168480	373248	377398	951273	953414	2529370	7692111	0
FFQ	22	0	0	105	0	0	107	202	303	3607	954	10648	2796	256	207	216	1809	5732	2988	19640	7290	560	3812	2469	8960	17446	36322	20531	72856	7506	33494	77079	92729	129059	135966	229670	175119	376344	384185	965938	980814	2541942	7602382	0
FFQ	23	0	0	2	0	0	101	306	383	4288	1416	11773	3165	292	243	323	2120	6456	4171	20017	7581	664	4152	2625	9686	19732	35219	20910	72955	7960	34123	81471	94325	127736	139372	232998	184529	378057	390085	984779	1001953	2570449	7495626	0
FFQ	24	0	0	196	0	0	110	331	421	3904	1560	9574	2333	334	313	327	2478	6879	5054	18433	7692	764	4525	2821	10773	22402	34565	21569	72619	8277	34953	86789	96583	127083	142854	235438	194525	382604	397773	1013340	976434	2491587	7533826	0
FFQ	25	0	0	274	0	0	104	366	587	4551	1988	9537	2198	349	381	401	2819	7233	5474	16727	8043	918	5186	3049	11678	25890	34063	22946	72163	8748	36146	93041	97877	127130	147401	240445	206632	390261	405096	1044693	989393	2551314	7376941	0
FFQ	26	0	0	2	0	0	186	508	893	6907	3448	12413	2652	422	497	482	3638	8567	6883	16488	8181	945	5575	3310	12915	29525	32668	23702	70085	9545	36803	98101	100410	122941	152266	241414	218857	393678	411531	1068969	993789	2626925	7225922	0
FFQ	27	0	0	13	0	0	191	634	1075	7642	4376	12436	2276	554	631	587	4228	9663	7970	15307	8788	1187	6212	3794	13846	33231	32750	24016	69635	10315	37891	105750	102963	120864	156804	243577	234158	398789	416098	1095739	989600	2707478	7070975	0
FFQ	28	0	0	98	0	0	204	670	1334	8507	5646	11773	1848	634	817	707	4957	10932	8422	14500	8943	1385	6935	4057	14540	37048	33076	25363	68606	11228	39166	114528	105008	117926	163139	247661	248920	403368	423537	1126786	982869	2778814	6918091	0
FFQ	29	0	0	81	0	0	225	827	1540	9353	7098	10943	1367	731	938	793	5642	11895	8645	13417	9366	1586	7575	4467	14978	40833	33250	26774	66472	12100	40987	123076	108284	113491	169293	249998	267804	405827	431192	1158380	975472	2851563	6765780	0
FFQ	30	0	0	27	0	0	179	654	1282	7637	6494	7630	745	637	860	703	5276	11190	7626	10034	7261	1611	6362	4131	13666	36082	29839	22760	55648	10887	33551	116595	96248	97610	157275	224717	273107	359899	424444	1058907	1051649	2648098	7160722	0
FFQ	31	0	0	42	0	0	196	669	1475	8057	7619	6425	472	671	893	827	5973	11993	6815	9435	7258	1744	6726	4270	14038	37118	31506	23775	51792	11503	33477	122664	96536	91469	161017	219308	290499	354357	413125	1055412	984337	2590760	7287790	0
FFQ	32	0	0	17	0	0	241	829	1636	8611	8883	5211	363	808	1026	877	6615	12591	5748	9522	7593	1891	7504	4659	14349	38660	33040	24977	49766	12561	34851	129909	98547	86943	165522	217706	308922	350720	413133	1064196	931990	2553403	7337641	0
FFQ	33	0	0	15	0	0	241	911	1935	8847	9955	3877	336	907	1121	1061	7279	13170	4522	9547	7732	2215	7892	5040	14828	39084	34898	25762	47819	13400	35356	135078	100614	82642	172354	215643	331149	346610	418489	1078793	904699	2546581	7320528	0
FFQ	34	0	0	23	0	0	283	1017	2252	8880	10758	2743	343	1003	1228	1172	8016	13413	3495	9820	7812	2543	8514	5363	15205	39149	36469	26913	45322	14403	36174	139399	103116	78857	179055	215514	355447	341444	426345	1092345	889849	2547643	7279088	0
FFQ	35	0	0	15	0	0	297	1161	2557	9418	12024	1790	413	1217	1466	1364	8653	13573	2884	10035	7969	2822	8908	5938	15914	41071	36765	28586	45117	16104	37524	143988	105816	77079	188194	215450	380026	336134	437299	1109302	875013	2556652	7211450	0
FFQ	36	0	0	23	0	0	324	1269	2938	9203	12895	1188	470	1295	1595	1586	9548	13471	2337	10504	8422	3171	9408	6355	16769	41499	37703	29880	43795	17719	38335	148260	108064	77168	196323	215314	405776	332016	446656	1122099	875922	2560965	7139267	0
FFQ	37	0	0	68	0	0	347	1376	3122	9342	13228	728	544	1456	1853	1816	10329	13053	2126	10640	8382	3552	10360	7249	17226	42202	37122	31185	43259	19400	39417	149801	111427	77708	205517	214579	432763	326976	458014	1132525	876953	2574199	7059277	0
FFQ	38	0	0	21	0	0	365	1598	3708	9624	13855	471	569	1655	2199	2063	11308	12340	2111	10835	8862	3946	10989	7779	18337	43478	36788	33912	44169	21850	41152	150890	114480	79949	215696	215705	461068	324396	468538	1142312	884803	2579213	6967707	0
FFQ	39	0	0	20	0	0	408	1704	3951	9189	13560	374	648	1820	2411	2380	11893	11267	2139	10855	8749	4471	10413	8308	20570	43732	34926	34733	43758	23996	41554	150486	116241	81515	225168	214968	487251	320053	480116	1100484	940621	2587406	6896262	0
FFQ	40	0	0	21	0	0	491	2134	5000	10529	15549	417	785	1964	2758	2694	13489	10616	2437	11572	9401	5167	11020	9099	22185	45508	33634	37178	45054	26990	43375	150690	120537	84690	236056	217893	516235	321520	492932	1109748	942626	2589331	6796741	0
FFQ	41	0	0	26	0	0	453	2086	5112	9522	13589	464	850	2297	3201	3084	14352	10049	2637	11501	9352	5736	11501	10043	23958	46162	32371	39077	45165	29744	44667	150496	123894	88329	247758	219899	544108	324555	508005	1113146	955483	2596725	6698363	0
FFQ	42	0	0	158	0	0	571	2325	5629	9487	13880	524	893	2375	3479	3378	14416	8403	2983	12018	9642	6252	11997	10709	25479	47137	30035	41329	46287	33156	46444	150410	127350	91951	259621	224244	575236	328134	525249	1117309	970531	2599731	6588750	0
FFQ	43	0	0	104	0	0	569	2536	6120	9650	13659	594	1057	2714	3773	3726	14694	7323	3360	12282	9877	6879	12536	11631	27257	47790	27636	43758	46112	36321	48049	148259	131935	95438	269212	229108	602348	337460	539609	1118199	983515	2600301	6491841	0
FFQ	44	0	0	54	0	0	617	2733	6696	9981	13559	572	1126	3030	4299	4171	14954	6330	3480	12779	10115	7532	13004	12684	29095	48703	25717	46294	47519	39951	50131	146182	135446	99981	278747	235660	630389	348657	555442	1120354	996169	2595407	6389410	0
FFQ	45	0	0	98	0	0	799	3047	7360	9930	13275	685	1257	3065	4673	4447	14913	5024	3845	11951	10562	11787	10294	13162	33429	49413	25264	49264	47988	44273	52432	145691	140702	104791	289742	242993	660634	361742	575407	1121380	990384	2607619	6273393	0
FFQ	46	0	0	680	0	0	842	3250	8059	10196	13121	719	1294	3309	5163	4779	14870	4333	4008	12410	10604	12932	10365	14343	35866	49894	23289	51829	48560	48623	54374	144091	145496	110661	299296	254948	691594	376422	594449	1123016	1012577	2590974	6155247	0
FFQ	47	0	0	62	0	0	943	3718	9005	11129	13451	839	1660	3711	5912	5188	15378	3816	4476	12929	10881	14118	10750	15470	38288	50338	21655	54880	49443	53308	56501	142744	149637	114776	306957	267293	727533	390672	615679	1117275	1035884	2574439	6035519	0
FFQ	48	0	0	49	0	0	1026	3712	9678	10999	12499	938	1718	3862	6706	5740	15069	3403	4996	13691	11115	15734	11250	16960	41723	51164	20175	58239	50430	58887	59364	143013	156751	120998	315793	282823	766174	411231	638004	1115663	1058613	2557964	5889846	0
FFQ	49	0	0	56	0	0	1077	4076	10259	11345	12137	995	1936	3963	7224	6164	13975	3069	5126	14149	11307	16880	11273	18230	38456	55117	17121	61653	54012	65232	62546	142088	163039	126467	326658	299608	799353	433745	665721	1006661	1189471	2535805	5749796	0
FFQ	50	0	0	63	0	0	1184	4197	11260	12001	11613	1178	2165	4232	7933	6668	13336	2968	5586	14987	11613	18412	11621	19794	40559	55451	16083	65819	55683	71112	65730	141184	170409	134144	334015	318580	846575	456951	690138	1006520	1211845	2506924	5597052	0
FFQ	51	0	0	68	0	0	1319	4387	11700	12485	10632	1257	2253	4484	8521	6800	12390	2789	5683	15857	11550	20028	11642	21380	42570	55086	14606	68812	55870	75779	68573	139169	175654	139712	339518	338595	897404	474274	715727	997989	1238289	2475753	5466777	0
FFQ	52	0	0	78	0	0	1497	4698	12413	13000	10604	1427	2478	4832	9446	7156	11632	2768	6131	16503	11780	21681	12222	22912	45512	55154	13856	72884	56851	82037	72015	138900	183630	146456	346814	362255	949250	498207	739815	990437	1257265	2438859	5321727	0
FFQ	53	0	0	86	0	0	1592	5024	13752	14197	10002	1580	2794	4886	10187	7741	10891	2907	6446	17669	12055	23402	12687	24719	48253	55663	13152	77219	58304	88870	76565	139039	192400	154919	355490	388343	1007484	522779	766214	985303	1276286	2401831	5154229	0
FFQ	54	0	0	93	0	0	1077	3519	10423	11079	7467	1427	2296	4146	9705	6681	8825	2426	5501	14429	9202	20762	11263	22939	42611	47752	11791	68861	51473	84988	68626	127739	179755	147729	338270	381947	1103407	525040	800583	881488	1392853	2284024	5252559	0
FFQ	55	0	0	107	0	0	1230	3661	10826	11352	6678	1337	2493	3728	9658	7014	7891	2295	5674	14856	9555	19967	12223	23404	43657	31853	24241	69886	50422	86097	70784	121338	180302	148202	329338	391753	1200304	546840	799516	868491	1369636	2170001	5287930	0
FFQ	56	0	0	118	0	0	1202	3716	11737	12376	6143	1460	2586	3806	10238	7126	7118	2278	6035	15958	9707	21627	12877	24661	44900	30642	24992	73395	50625	89909	73220	119980	185513	153515	330451	409065	1292700	572148	831862	844972	1363060	2069667	5222916	0
FFQ	57	0	0	130	0	0	1408	3977	12271	13291	5679	1638	2791	4007	11023	7424	6682	2452	6316	17113	9909	22400	13370	26472	46832	29612	26038	76722	51510	94622	77860	120017	191989	159960	335704	432291	1384590	603010	862658	825914	1380461	1999529	5076404	0
FFQ	58	0	0	152	0	0	1471	3946	12870	13920	4802	1700	2953	4007	11583	7208	6401	2408	6640	17803	9651	24183	13810	28191	47779	28289	26860	79920	51693	99176	81021	121027	198397	165799	342728	455686	1481090	631388	899820	807636	1405356	1936654	4909803	0
FFQ	59	0	0	289	0	0	1578	3969	13451	14376	4152	1868	3194	4074	12004	6623	6013	2460	6841	19558	9445	22314	12760	34435	42551	24973	25986	94279	52665	103317	85333	122556	205689	173791	349407	483030	1583891	663454	933622	792613	1418978	1876817	4731192	0
FFQ	60	0	0	200	0	0	1727	4097	14293	15464	3600	2029	3511	4168	12746	6556	5935	2493	7083	20463	9533	23907	13329	36312	42677	23886	27530	99571	53286	107909	89982	125244	212891	182299	358932	511182	1689334	698553	967978	775281	1448988	1810478	4529851	0
FFQ	61	0	0	1667	0	0	1781	4113	14756	15808	2966	2241	3596	4236	13255	6308	5715	2468	7236	21603	9189	25160	13478	38843	42684	23094	28426	103950	54088	111016	94168	128672	222000	188888	368650	538167	1801935	732259	1004913	755198	1478857	1745106	4326547	0
FFQ	62	0	0	2650	0	0	1951	4149	15583	16432	2442	2418	4002	4679	13601	6045	5705	2504	7659	22727	9008	26580	13770	40893	42568	22454	29996	108563	55134	112844	99361	131789	230125	197574	379564	569327	1919015	769548	1040733	735976	1506593	1679889	4108868	0
FFQ	63	0	0	4613	0	0	2150	4625	17391	18756	2109	2723	4461	4499	14721	6061	5979	2660	8185	24209	9170	28648	14341	43736	43526	22647	31964	114498	55920	116070	104981	136865	237850	206973	391150	600898	2041506	805642	1073910	717930	1528617	1610697	3881721	0
FFQ	64	0	0	6859	0	0	2315	4062	17066	17199	1331	2992	4739	4699	15134	5807	6256	2553	8185	25333	8509	30258	14912	46238	42600	22412	33325	119120	57303	117627	108793	142393	246045	215158	402515	633634	2170490	843728	1111179	693244	1557418	1532244	3668363	0
FFQ	65	0	0	9437	0	0	2362	3998	17580	17303	984	3010	4786	4444	14335	5219	5573	3231	8672	21338	13427	31178	14831	41349	47581	22290	34979	119541	45907	116459	129540	147446	253219	224044	414218	664061	2309408	882341	1147812	668705	1579974	1456319	3454768	0
FFQ	66	0	0	12416	0	0	2543	4135	18839	17756	660	3250	4913	4593	14505	4965	5969	3344	9152	22029	13798	32866	15394	43494	47154	22739	37030	124576	46491	115780	136147	154079	261381	233037	427686	698056	2448872	925397	1182105	644134	1597926	1377259	3226762	0
FFQ	67	0	0	15784	0	0	2859	4062	19654	17870	449	3502	5152	4456	14669	4705	6234	3472	9631	23079	13640	34215	15497	44326	46832	23390	39012	128335	47675	114691	143876	160605	268855	242657	441757	731051	2596527	966512	1217797	615809	1613709	1297882	3000565	0
FFQ	68	0	0	19410	0	0	2786	4070	20022	17626	274	3685	5194	4540	14238	4358	6587	3430	10115	24000	13700	35875	15738	45541	46499	23538	40577	131803	48444	111984	149184	166985	274376	250241	456639	767078	2750108	1008652	1253426	585388	1630460	1214366	2779412	0
FFQ	69	0	0	23212	0	0	3066	3786	20951	16839	162	3997	5636	4499	14201	4045	6757	3666	10173	25172	13706	37192	15774	46101	46060	24221	42670	135915	49230	109685	156338	174088	280625	259103	473791	799071	2909227	1048079	1288634	557662	1639592	1131922	2554987	0
FFQ	70	0	0	27443	0	0	3187	3682	21757	16723	100	4325	5765	4676	13817	3744	7264	3582	10723	25772	13946	38758	16281	37602	37707	42980	45326	139209	51086	106351	163501	181706	287234	266848	490790	837175	3070251	1088344	1323409	526333	1645654	1046336	2329862	0
FFQ	71	0	0	31931	0	0	3467	3756	23104	16907	47	4578	5970	4924	13724	3612	7660	3749	11267	27427	14255	40745	16281	37455	37178	45313	47847	143378	52713	103905	172421	190130	293889	276101	509050	875427	3232279	1129378	1353739	495700	1642321	958479	2108526	0
FFQ	72	0	0	36769	0	0	3745	3651	23741	16106	25	4886	6033	4940	13319	3408	8065	3693	11540	28022	14028	42121	16250	37284	36982	46984	50315	147111	53880	99958	178483	197906	299234	285244	528408	916091	3402585	1170699	1383173	460659	1636675	870140	1895789	0
FFQ	73	0	0	42055	0	0	3746	3515	24982	15792	20	5388	6212	5160	12804	3208	8452	3849	11984	29089	14240	43867	16382	37178	37746	49358	53128	149118	56535	96248	185904	205099	304519	294359	547701	957817	3573622	1208861	1411297	430753	1617470	784767	1684912	0
FFQ	74	0	0	47630	0	0	3988	3522	26448	15385	9	5732	6495	5299	12693	3088	8973	3839	12491	30457	14403	46251	16479	36393	37928	51501	55912	152852	59206	92506	194368	213134	312670	302474	568329	1002177	3741923	1247698	1434954	397126	1593184	700131	1478596	0
FFQ	75	0	0	53581	0	0	4402	3474	27135	14973	6	6133	6640	5520	12557	2945	9467	4114	13359	31435	14977	48315	16853	36176	38290	53345	59100	130042	87541	89019	202340	220372	318607	311310	589859	1048443	3917484	1281730	1456270	366533	1554834	617530	1280519	0
FFQ	76	0	0	60395	0	0	4173	3264	29162	17840	14	16170	17132	8742	31818	2978	19643	3040	24802	36977	31380	123357	38989	81254	95983	137833	129727	332294	230205	282116	525118	704067	949095	1033120	1117378	2406524	1696126	1269415	571075	382840	1186661	236948	96488	0
FFQ	77	0	0	63156	0	0	4838	3251	30201	15221	7	10716	10732	6708	18640	2293	13999	3607	18380	32197	21774	77423	23781	47473	59041	85205	84301	197568	147099	138044	333101	406935	583610	648338	1183847	2274801	2553226	1422607	818589	331503	1727401	448872	84382	0
FFQ	78	0	0	66508	0	0	4524	2830	28422	12754	9	8843	8309	5866	12961	2211	12353	3814	16001	31642	18189	62785	18901	35059	47753	68742	72815	152274	115645	92648	263178	291724	411812	438005	836119	1545049	3868889	1414487	1291963	273041	1481028	585548	328859	0
FFQ	79	0	0	70824	0	0	4674	2610	28019	11350	2	8005	7131	5633	10509	2070	11964	3863	15313	31441	16847	57264	16862	29775	43848	63061	69949	133885	106497	74333	239191	254747	356651	371365	708224	1301306	4509205	1439216	1442092	236101	1345657	369540	531081	0
FFQ	80	0	0	75969	0	0	4782	2454	27436	10316	2	7866	6872	5479	9185	1983	11549	3923	15139	31627	16471	55395	15449	26576	42636	61539	70002	124809	104109	64590	232706	240162	337708	347756	673606	1245885	4876098	1468067	1484736	198122	1260746	262291	504318	0
FFQ	81	0	0	81734	0	0	4974	2422	28841	10075	12	8149	6738	5709	8628	1809	12118	3763	14858	31725	16640	54627	14551	23614	42148	61846	71205	118544	105580	58425	230926	234500	329938	338579	667521	1246434	5149140	1496867	1490706	166153	1171660	198259	417077	0
FFQ	82	0	0	88137	0	0	5027	2175	28809	8968	10	8370	6941	5957	7991	1755	12156	4119	15354	32966	17253	56037	14413	21966	43503	63446	74685	116536	108476	52948	234776	235040	331745	340805	677665	1274977	5367725	1518045	1464545	142188	1064810	149953	324184	0
FFQ	83	0	0	95223	0	0	5284	2023	30174	8654	7	8658	6467	6136	7208	1724	12838	4199	16171	34206	17962	57429	14046	20046	45031	65928	78235	115182	113735	49105	242229	237504	337070	346559	692561	1318844	5556564	1532436	1421502	120705	947562	112412	240458	0
FFQ	84	0	0	103091	0	0	5416	1999	30592	7942	9	8989	6687	6254	6741	1609	13145	4269	16422	34673	19071	59147	13737	18729	46114	67988	82631	113094	117896	45229	248546	238181	343397	352324	703095	1357643	5746341	1545430	1367394	100372	830410	81449	173393	0
FFQ	85	0	0	111585	0	0	5644	1895	32723	7812	3	9635	6451	6539	6043	1626	14080	4459	17627	36858	19704	60713	13650	17022	48384	70270	87876	111704	122413	42538	255907	240434	352187	360617	721520	1410719	5910305	1542885	1296522	83294	707775	57258	119921	0
FFQ	86	0	0	120970	0	0	5887	1805	33521	6961	5	10075	6684	6705	5484	1529	14263	4661	17971	37647	21030	62503	13026	15376	50003	72626	91947	109664	127849	39344	262999	244670	360673	370250	736258	1461532	6067751	1538765	1216532	67862	590626	38765	79215	0
FFQ	87	0	0	131345	0	0	6098	1634	33976	6584	2	10565	6525	6717	4893	1430	14896	4750	18797	38001	21990	63916	12325	13886	51299	74481	96444	105901	131799	36490	270244	247224	366839	377172	748975	1507980	6233432	1526477	1127878	54036	479919	24917	50134	0
FFQ	88	0	0	142573	0	0	6315	1628	35349	6459	7	10889	6258	6880	4543	1314	15243	4802	18778	38100	22836	64697	11770	12492	52451	76517	100749	101828	136250	33646	275054	247330	372531	385612	759791	1548348	6394077	1510525	1033675	41857	378833	15425	30834	0
FFQ	89	0	0	155083	0	0	6094	1359	33977	5680	10	11263	6402	6891	4032	1235	15667	4786	19200	38253	24206	64929	11053	11102	53157	77386	104372	97563	140482	30810	280037	249501	377355	392560	773747	1592641	6545439	1485923	930415	32217	290006	9173	18029	0
FFQ	90	0	0	169325	0	0	6067	1215	33708	5134	2	11174	5678	6805	3221	1147	15878	4953	19424	38506	25146	65982	10372	9857	54973	79711	108018	92751	144347	28230	283697	249549	383867	399089	782771	1633662	6686367	1457429	824798	23601	215327	5383	10289	0
FFQ	91	0	0	185236	0	0	6001	1130	32638	4635	9	11042	5446	6697	2683	1057	15831	4783	19563	38598	25847	65063	9347	8620	55414	80512	110489	86366	147361	26102	286771	249358	387260	404126	791237	1668350	6833723	1421970	719047	16687	154235	3115	5925	0
FFQ	92	0	0	203681	0	0	5833	993	31497	4197	10	11000	5168	6550	2202	953	15803	4875	19329	38427	26336	64470	8332	7807	56272	81274	113892	80207	150004	23687	288124	249728	389131	409819	800032	1703721	6966017	1378290	616296	11633	106042	1767	3470	0
FFQ	93	0	0	225545	0	0	5869	877	32194	3654	3	10840	4789	6392	1829	862	16176	5021	19654	39552	27072	64361	7599	6891	57203	83028	118286	75618	154089	21998	293807	251995	395208	415501	809402	1739212	7063747	1325841	515939	7797	69715	1124	2121	0
FFQ	94	0	0	250765	0	0	5333	761	29346	3265	3	10435	4343	6034	1510	804	16064	5003	19502	38855	28118	63089	6750	5960	57339	83226	120193	69488	156459	20131	294570	253365	398138	421022	817511	1771271	7166401	1273073	425030	5075	44124	700	1353	0
FFQ	95	0	0	281323	0	0	5064	588	27438	2908	4	9853	3842	1288	5739	588	15687	5066	19253	38880	28118	61750	5795	5543	57660	84299	123302	64479	159526	18681	297465	256138	401418	428362	825104	1801347	7243235	1213510	342920	3116	26750	489	877	0
FFQ	96	0	0	317616	0	0	4282	481	23696	2361	6	8806	3239	1009	4678	556	15297	5085	18950	38707	28693	60456	4959	5096	57509	85075	126757	58959	162274	16999	299111	257969	405927	433522	835723	1831263	7303295	1150545	272211	1921	15934	312	587	0
FFQ	97	0	0	360519	0	0	3055	314	18620	1798	2	6761	2416	788	3804	424	14945	5174	18453	38738	28780	57715	4125	4831	58463	85292	129106	53804	164917	15836	301773	261466	411919	439357	842718	1860041	7348118	1083120	213678	1192	9127	234	418	0
FFQ	98	0	0	409721	0	0	1248	121	9604	880	2	3758	1172	401	2362	258	14218	5300	17745	39167	28504	55745	3361	4781	58628	86487	131926	48821	168129	14209	305611	265453	419497	447294	855350	1894431	7358768	1016937	166772	714	5431	155	292	0
FFQ	99	0	0	461242	0	0	3	1	32	7	0	15	4	2	314	34	14223	5752	17177	40707	28031	53104	2771	4765	58974	87389	135163	44152	173712	12902	311050	268797	424176	454369	863796	1926175	7358666	952640	129660	421	3344	117	219	0
FFQ	100	0	0	494105	0	0	0	0	0	0	0	0	0	0	0	0	15800	6453	18641	44213	30646	54780	2321	4931	59315	88168	135168	39419	174510	11598	308238	272340	428271	461487	868290	1942234	7361399	895979	102893	276	2200	85	140	0
# Last Fragment Qualities. Use `grep ^LFQ | cut -f 2-` to extract this part.
# Columns correspond to qualities and rows to cycles. First column is the cycle number.
LFQ	1	0	0	2899	0	0	0	0	1049	0	0	36308	0	489	0	0	302	57119	0	374	313	537	0	11649	50329	623	66989	133768	162674	162728	6893	655535	3782776	0	814852	8003837	0	0	0	0	0	0	0	0
LFQ	2	0	0	2715	0	0	0	0	1055	0	0	31243	0	411	0	0	343	56935	0	390	494	559	0	17201	45704	574	58315	131198	198780	144962	6166	573800	3419580	0	414566	8847052	0	0	0	0	0	0	0	0
LFQ	3	0	0	2918	0	0	0	0	981	0	0	29733	0	418	0	0	431	56897	0	366	480	599	0	20312	43099	550	58792	127829	206684	148197	5845	567053	3327959	0	409329	8943571	0	0	0	0	0	0	0	0
LFQ	4	0	0	3236	0	0	0	0	1022	0	0	30165	0	418	0	0	0	22950	7207	376	26332	594	0	18471	688	593	42490	61311	17706	92348	1694	156646	4911	244823	342348	0	2450267	0	10425447	0	0	0	0	0
LFQ	5	0	0	2225	0	0	0	0	1089	0	0	31508	0	449	0	0	0	23618	8099	367	27493	584	0	18798	658	582	42749	61833	17859	95227	1657	158622	4898	252311	355167	0	2526445	0	10319805	0	0	0	0	0
LFQ	6	0	0	0	0	0	0	11	274	4559	0	20634	6260	91	384	15	4060	4882	31693	10385	9870	79	2162	6170	17368	417	44447	54784	17122	60316	35760	150987	32510	269196	311031	30	2328373	218887	10309286	0	0	0	0	0
LFQ	7	0	0	0	0	0	4	46	307	4327	0	18808	5391	105	345	30	3840	5180	29124	10202	8846	119	2347	6237	17887	486	44739	55112	19590	58375	35549	153102	34141	270190	310706	78	2327034	212796	10317000	0	0	0	0	0
LFQ	8	0	0	0	0	0	29	56	300	5435	0	24078	6982	103	368	36	4443	5408	30028	10783	9048	173	2751	6462	18596	472	45623	56617	23926	54499	36033	154228	34218	270971	315956	84	2341846	218736	10273755	0	0	0	0	0
LFQ	9	0	0	0	0	0	28	52	286	4620	0	20361	6047	81	355	35	4724	5085	30111	11300	9340	214	2710	6458	17813	594	45371	21956	66191	48693	37353	155678	27330	224769	221316	154444	751015	575	1351145	771933	9954060	0	0	0
LFQ	10	0	0	0	0	0	54	49	304	5718	6	25567	7914	119	371	36	5056	5585	31537	12262	10554	268	2932	6564	19291	661	47418	22550	79353	37352	38705	160020	27322	229328	224681	153882	755983	570	1354687	788081	9897263	0	0	0
LFQ	11	0	0	0	0	0	57	38	306	5218	21	22453	6795	133	366	41	5447	5390	32626	12477	10049	312	3005	6710	19078	693	46659	22056	93119	24298	38714	160100	27504	230769	225460	154314	761829	562	1361409	803192	9870843	0	0	0
LFQ	12	0	0	0	0	0	68	56	325	5147	45	22528	6708	163	404	49	5222	5328	31984	12294	10022	340	2957	6877	19009	829	47152	22762	102199	14031	38740	162056	26944	231552	228492	154610	768061	633	1365332	818830	9840294	0	0	0
LFQ	13	0	0	0	0	0	60	66	314	5374	101	23547	7012	155	390	58	5344	5637	32145	12632	10388	358	3159	6867	19955	1006	48128	23120	105895	12200	39886	165563	26326	233641	231896	155029	777899	756	1376581	838471	9782084	0	0	0
LFQ	14	0	0	0	0	0	74	80	358	5542	186	23614	6734	183	403	77	1159	8087	33339	12939	10573	422	3384	6931	7496	14534	48153	23609	105945	12280	39679	80492	108506	173836	234206	173685	146554	490485	394446	1140416	806025	2416876	7420735	0
LFQ	15	0	0	0	0	0	90	136	389	4916	238	20990	6121	174	367	116	1233	7883	30386	12906	10534	445	3563	6950	7869	14852	48892	24205	104942	12436	40215	82556	109869	174981	237260	175554	150597	493548	397298	1146098	809775	2436610	7377049	0
LFQ	16	0	0	0	0	0	106	161	490	6778	424	27596	8286	243	422	174	1438	8705	32501	13244	10962	528	3865	7149	8557	15984	49585	24384	105210	12763	40392	84243	110337	174898	240376	176191	155036	497135	401048	1160892	814536	2455895	7301509	0
LFQ	17	0	0	0	0	0	102	150	497	5630	505	22179	6190	252	438	221	1688	8866	32274	13929	11333	593	3944	7167	9256	16851	49887	25157	109705	12996	42431	86877	113201	177455	244344	177101	160634	499587	404433	1173435	818259	2483988	7230488	0
LFQ	18	0	0	0	0	0	122	198	602	6517	756	24699	7194	260	504	228	1906	8956	30077	13663	11100	613	4322	7344	9563	17680	49739	25537	105586	13317	41835	88941	112660	176820	246351	180023	165393	501826	409186	1180581	824021	2501030	7182893	0
LFQ	19	0	0	0	0	0	126	232	608	6890	984	24434	6918	311	515	258	2247	8704	3445	43184	11890	715	4706	7594	10448	19576	50440	26469	106840	14032	43738	92962	115379	175459	160537	272410	172248	425624	427792	998500	958281	2585900	7171647	0
LFQ	20	0	0	1	0	0	129	277	635	6752	1203	22411	6350	377	599	331	2546	9235	4372	39976	11856	796	4868	7690	11400	21141	50294	27019	105648	14507	44563	96576	116312	175099	163311	275072	179736	429863	432602	1013454	981226	2598818	7094998	0
LFQ	21	0	0	2	0	0	168	314	722	7253	1660	22334	6181	411	634	351	2829	9348	4987	36966	12055	891	5391	7783	12514	23464	49240	27862	105212	14833	44755	101275	117804	173879	165894	277024	188088	432585	437470	1025896	1005746	2616984	7011238	0
LFQ	22	0	0	3	0	0	157	413	831	7959	2229	23487	6477	421	697	426	3331	10441	6187	35439	12365	1038	5788	7932	13512	25917	48895	28507	103010	15498	45694	106361	119370	172092	169533	277750	196901	435497	442187	1045264	1027419	2627456	6925559	0
LFQ	23	0	0	7	0	0	204	499	1001	8846	2994	23018	5945	509	763	476	3992	11375	7654	34170	13012	1158	6386	8167	15044	29226	48016	29676	103354	16083	47008	112033	120817	170364	173229	279140	207373	439532	447607	1062391	1045643	2645124	6830207	0
LFQ	24	0	0	11	0	0	216	585	1200	10372	4023	24010	5972	565	894	573	4753	12529	9492	32263	13516	1408	6687	8368	16358	33225	47450	30511	101927	16810	47839	118545	122312	168500	177604	282436	218686	440864	451591	1087097	1016048	2559838	6876965	0
LFQ	25	0	0	16	0	0	218	697	1266	10905	4844	22298	5153	716	975	683	5253	13618	11018	29929	13860	1649	7709	8857	17751	37510	46746	31385	101289	17744	49866	126535	125260	167227	183901	284552	232428	447213	455143	1113019	1020986	2609049	6744775	0
LFQ	26	0	0	17	0	0	336	924	1680	14270	7793	26619	5671	803	1023	779	6480	15842	13455	28764	14673	1936	8572	9080	19009	42756	46320	32912	99783	18974	51138	134956	128216	164785	189649	289122	246840	452253	462761	1136767	1019956	2665930	6591199	0
LFQ	27	0	0	24	0	0	371	1298	2263	20329	12406	33366	6187	1020	1316	1019	8935	21398	18588	30049	15889	2257	9530	9829	20643	49090	48058	34559	101308	20045	53074	144803	131860	163934	196717	291369	263553	455334	468252	1160165	1018333	2719132	6415740	0
LFQ	28	0	0	33	0	0	423	1283	2392	18166	12973	24887	3774	1269	1600	1237	10616	25049	21150	26968	16058	2661	10252	10508	21794	53774	52340	36034	102554	21255	54616	160055	136020	164122	206456	299562	281691	462695	478954	1191564	1012737	2775916	6248605	0
LFQ	29	0	0	46	0	0	456	1702	2998	22995	17803	27258	3134	1496	1762	1481	12215	27039	20542	24427	16759	2966	11557	10864	22765	57735	52410	37490	97439	22438	55030	172172	138590	159359	213797	304197	300919	462572	491376	1220890	1016769	2823329	6095266	0
LFQ	30	0	0	55	0	0	553	2009	3685	25847	22407	25172	2236	1799	2252	1744	15056	32935	21924	23418	17544	3576	12035	11528	24902	63383	57373	39331	96610	24415	57162	184819	142577	154866	223035	305646	323234	464530	497613	1258748	1009466	2865998	5932560	0
LFQ	31	0	0	73	0	0	598	2279	4292	27992	26428	21625	1373	2069	2551	2114	17825	37004	21102	22434	17874	4129	13320	12204	26161	65986	63042	41046	92193	26228	58132	199953	146668	149876	233156	309255	348453	463994	506919	1295196	1002735	2908439	5777325	0
LFQ	32	0	0	71	0	0	710	2857	5384	32875	34293	20040	1096	2655	3047	2543	21817	44255	19564	22586	19395	4754	14639	13190	27626	69839	68686	43139	90207	28373	60404	214066	151362	145420	245097	311211	373595	464913	518556	1332152	989973	2928280	5622791	0
LFQ	33	0	0	82	0	0	765	3036	5671	29322	33739	12849	951	2997	3512	2804	23956	44840	14997	22308	18914	5272	15936	14301	29027	71410	74618	45698	86533	30624	62073	227658	156755	140125	257557	313720	399716	463226	528945	1373264	981350	2957397	5494982	0
LFQ	34	0	0	92	0	0	891	3719	6795	32048	39043	9712	1041	3174	4001	3213	25557	43392	10955	23687	19766	5866	17261	15411	30441	74155	74227	48658	83274	33160	64706	237328	161228	136205	271720	314792	427932	461281	540208	1412493	971515	2980798	5360670	0
LFQ	35	0	0	94	0	0	881	3855	7367	30235	39556	5775	1083	3501	4417	3687	26773	41503	8020	23609	19742	6695	18142	16298	31592	76066	75975	51242	80644	36340	66600	243385	165902	134020	285976	314009	457869	455446	554493	1454315	966344	3013096	5225441	0
LFQ	36	0	0	102	0	0	1078	4446	8838	32893	44889	3888	1262	4024	4920	4380	29233	40584	6202	24692	20739	7549	19618	17624	32807	79195	74778	54689	80886	39846	69187	248025	170544	133174	300141	313056	484589	450821	564657	1482415	962800	3030830	5100131	0
LFQ	37	0	0	97	0	0	984	4620	9289	32917	46492	2221	1399	4017	5210	4558	30566	38146	5099	22128	18232	7585	18678	17582	31734	71553	71098	51056	70076	40489	61976	237258	158037	123711	291674	285680	502583	395243	560963	1358316	1046628	2875102	5446124	0
LFQ	38	0	0	89	0	0	890	3968	7898	22188	32347	1077	1487	4270	5474	4671	30439	32689	4379	20648	16954	8644	18805	18028	32585	70837	69967	52688	68651	42921	62438	236540	159541	124925	300505	280738	524983	386640	554452	1338629	1004507	2818632	5583617	0
LFQ	39	0	0	90	0	0	1103	4978	10280	27264	39821	902	1454	4395	5796	5371	29881	26856	4656	22505	18504	8859	18141	18808	36522	73513	60852	56442	70701	47078	65631	232813	162756	129271	314862	279208	551418	384028	556380	1286968	1015044	2774266	5600983	0
LFQ	40	0	0	99	0	0	1094	4722	10224	22807	33303	869	1624	4730	6396	5679	31189	23598	5079	21889	17981	9819	18559	19915	38821	73785	58604	58959	70482	50679	67296	227913	165463	132511	324450	277798	574215	382338	566906	1287182	1011809	2765599	5573680	0
LFQ	41	0	0	112	0	0	1341	6602	13983	29428	43686	919	1770	5232	7483	6948	32965	21657	5890	23725	19925	10720	19886	21437	41621	77293	53335	63196	72843	55378	70860	226432	170731	137881	339323	282211	597457	384856	573935	1288031	1010302	2751746	5476620	0
LFQ	42	0	0	131	0	0	965	5078	11099	23377	34434	1016	1995	5364	7952	6686	34934	19260	5232	19884	15746	10695	18159	21142	39437	70134	50301	57636	64270	56398	64017	211722	156087	130350	330947	261008	622578	352653	586827	1182759	1111302	2689133	5666794	0
LFQ	43	0	0	119	0	0	1021	5520	12470	24088	34895	1049	2009	5485	8560	7254	34702	16398	5585	20324	16278	11055	18066	21103	40835	69753	44069	59752	64462	58368	65812	204043	157091	133169	333255	261235	647572	360414	577317	1150613	1052868	2613203	5807420	0
LFQ	44	0	0	132	0	0	1137	6263	13997	24645	35278	1154	2311	6259	9913	8166	37730	14764	6171	21311	16896	11925	19395	22777	43227	71559	41374	62614	65874	63338	68508	199141	160875	136626	339938	263943	677930	368405	587579	1134220	1019873	2540605	5841117	0
LFQ	45	0	0	142	0	0	1090	5680	12478	19869	26849	1191	2430	6258	10383	8212	34683	11080	6458	19269	16197	17364	15263	23354	47767	71113	39535	65609	64644	68046	69994	196396	165578	140945	349949	271605	708047	380683	603531	1122144	1003260	2532873	5806746	0
LFQ	46	0	0	141	0	0	1221	5263	12874	18661	24911	1141	2317	5871	10178	8330	29883	8198	6573	19443	16270	18330	15296	24072	49339	69552	34074	68640	65062	73295	72446	189146	169418	145479	355424	280295	738419	393227	621473	1113238	1022522	2511162	5745299	0
LFQ	47	0	0	150	0	0	1196	6156	14793	19948	25805	1105	2369	5822	10595	8913	27542	7094	7152	20276	17088	19677	15662	25347	52309	70344	30555	71865	66022	78301	76112	182852	174757	150547	359806	293562	770265	409740	635504	1106178	1035418	2487609	5657821	0
LFQ	48	0	0	160	0	0	1384	6637	16148	21451	25783	1299	2741	6299	11899	9829	27350	6033	7452	21099	17501	21316	16119	27208	55386	70739	28575	75688	66926	84914	79568	179917	179960	156458	366591	308198	806592	427006	654216	1095220	1053220	2461466	5547652	0
LFQ	49	0	0	177	0	0	1425	6858	16927	21238	24336	1383	3064	6586	12790	10152	26309	5389	7710	21404	17263	22937	16093	28901	51158	74606	24649	78844	70995	90883	81485	176781	185197	161978	370941	321404	837970	448802	679923	981905	1172990	2436364	5447973	0
LFQ	50	0	0	332	0	0	1629	7381	18843	22988	24273	1559	3209	6874	13624	11008	24158	5054	8277	22339	17699	24609	16577	30309	53963	75711	22107	82702	71885	97089	85747	173625	192013	167676	378468	340606	881718	468459	702180	974345	1186964	2405049	5324536	0
LFQ	51	0	0	215	0	0	1729	8356	22094	27826	26857	3744	7795	13602	33918	19378	49709	4298	9649	26817	14588	54764	27471	67214	106657	144874	52130	157207	94389	271371	118969	486823	392990	299127	937348	671592	887645	655386	1865917	1897954	2617466	1339154	528359	0
LFQ	52	0	0	218	0	0	1898	7516	20285	24296	21013	2877	6052	10583	25526	15549	32219	4312	8843	23782	15516	39794	21492	48107	79698	95438	28377	121145	78794	177460	98459	281779	292996	248797	635913	577656	855088	567821	1130599	1537993	3445982	2794830	566479	0
LFQ	53	0	0	230	0	0	1888	7011	19092	22136	16936	2300	4742	8238	19970	12705	20949	4083	8854	23274	15533	34726	18805	40606	69100	77151	20371	106228	72886	143514	96869	204951	241912	213848	471551	467335	985572	549437	850754	1170573	2051994	3464707	2404129	0
LFQ	54	0	0	226	0	0	2079	7559	20786	23988	16710	2152	4333	7620	18365	11922	16877	4044	8943	23817	15758	33285	17792	38582	64732	69481	17461	101539	70620	130694	98070	174677	226142	203190	412828	440403	1086920	555188	807045	994873	1527186	2530610	4158259	0
LFQ	55	0	0	257	0	0	2321	8534	23257	27118	16866	2416	5208	7739	20446	13199	16875	4160	9309	24584	16018	32635	19736	38936	64226	48675	34347	100922	68607	128882	99677	163013	220852	200417	393790	441980	1169969	568437	794683	917199	1384245	2187041	4667964	0
LFQ	56	0	0	281	0	0	2283	7909	21974	26436	13691	2789	5943	8462	22555	13815	16456	4224	9611	25414	15218	34040	19549	40805	65854	46280	35067	103814	68222	132002	102711	158080	223864	202747	389239	455256	1252272	590829	812982	866227	1341962	2047617	4757821	0
LFQ	57	0	0	288	0	0	2410	7682	22328	26144	11769	2929	5995	7907	22972	13446	14140	4261	9900	26127	14836	35372	19914	42061	65859	43368	35627	107054	67467	135359	106269	156273	228774	207240	391280	477396	1338985	612944	840140	832089	1340716	1960175	4706580	0
LFQ	58	0	0	330	0	0	2620	7544	22673	26876	10177	2929	5916	7517	22420	13102	12472	4208	10325	27641	15082	37070	20413	44153	66972	41609	37059	111261	68658	139272	111879	157268	235552	215047	396916	500948	1429440	641232	869795	811924	1351450	1896770	4567301	0
LFQ	59	0	0	362	0	0	3002	7940	25125	30090	9369	3166	5926	7385	22079	11734	11119	4225	10665	30286	15511	34909	19123	52676	59475	36671	36030	131336	69795	142993	118343	156107	246309	222861	402871	529301	1519612	670653	899749	794273	1360402	1835327	4406748	0
LFQ	60	0	0	447	0	0	2972	7357	24420	29062	7258	3256	6242	7403	23370	11189	10598	4166	10857	31036	14471	36464	19392	54799	59427	34667	36525	135640	69717	146513	121954	158494	253557	230708	410526	555799	1619536	702484	932634	773287	1388930	1773987	4234154	0
LFQ	61	0	0	4317	0	0	3207	7811	26646	31498	6335	3484	6574	7340	23471	10976	10047	4235	11485	33403	14441	38403	20006	57902	59530	33662	38952	141648	71285	148595	128852	161586	260873	239460	418296	584949	1722768	734280	964459	758018	1407501	1711862	4034880	0
LFQ	62	0	0	9370	0	0	3614	8330	29063	34235	5574	3997	6909	7707	24316	10696	9804	4191	12020	34852	14522	40324	20492	60615	59679	33063	40950	147305	71354	152063	135030	166576	269995	248060	428105	614915	1827555	766965	995804	733313	1432255	1640651	3838450	0
LFQ	63	0	0	16102	0	0	3824	8153	30308	35062	4244	4492	8127	8121	27230	10561	10218	4223	12238	36532	13958	42732	21619	63764	59578	32313	42772	154394	72151	153699	140034	171065	278434	256228	437361	644403	1941629	802379	1027062	709204	1454778	1569405	3634005	0
LFQ	64	0	0	23786	0	0	3919	7520	29064	32798	2855	4622	8250	7874	26572	9956	10023	4081	12644	38525	12996	44308	21532	66567	58637	32108	44700	158671	73687	154677	145490	177484	285459	263998	448812	674937	2061169	837398	1062816	684936	1477281	1497219	3434667	0
LFQ	65	0	0	33114	0	0	4601	9231	33468	37339	2411	4986	8420	7746	25895	9425	8954	5271	13125	33365	20158	46616	21998	60829	66060	32252	46868	161944	59625	153158	173021	184209	294499	274497	460763	704709	2182167	872920	1094299	661154	1495445	1420374	3216753	0
LFQ	66	0	0	43685	0	0	4285	6735	29904	31696	1420	5476	9782	8483	27228	9258	9301	5415	13716	33735	19654	48490	22081	61076	65373	32394	48721	165622	59718	151389	180567	191751	301478	283159	473869	739649	2314658	911792	1127347	634008	1515075	1345231	3008011	0
LFQ	67	0	0	55675	0	0	4763	7580	34349	35390	1048	5771	9567	8068	26799	8487	9527	5431	14327	35463	19954	49603	22318	62853	64456	32662	52402	170977	61094	149403	188174	198597	309164	291983	487201	772614	2446082	947482	1158579	607521	1529110	1264062	2792257	0
LFQ	68	0	0	68332	0	0	4933	7011	33680	32295	620	6187	9662	8028	25750	7722	9916	5426	14694	36154	19465	52307	22698	63700	63542	33129	54178	174817	61831	146373	194584	206438	314418	300886	500522	804515	2588650	984219	1192625	577707	1544284	1180204	2588847	0
LFQ	69	0	0	82914	0	0	5393	7265	37535	34734	386	6743	10069	8063	25981	7186	10255	5463	15321	38145	19674	53778	22812	64796	63296	33925	56858	178657	63198	141797	202426	213898	322603	309770	515795	839669	2729975	1021401	1224463	547310	1548813	1097499	2371969	0
LFQ	70	0	0	98171	0	0	5568	7158	38034	33006	276	7489	10848	8557	26253	7227	10829	5800	15791	39799	19858	56095	23005	54043	51706	59035	60472	183668	65438	138236	211886	223619	329397	318509	532567	878573	2873424	1059185	1254349	520593	1546257	1014833	2149695	0
LFQ	71	0	0	114101	0	0	6016	7069	40921	33360	161	7915	10864	8264	25129	6261	11483	5698	16677	41414	20160	58683	23452	53554	51368	61454	63485	188317	67412	134272	220551	232642	334976	326838	551101	917225	3019980	1094531	1281661	489047	1546291	928690	1937610	0
LFQ	72	0	0	130823	0	0	6668	7690	46163	36142	109	8812	12220	9036	26794	6392	12071	5971	17278	43326	20485	60686	23492	53552	51009	63954	66791	191663	69085	129821	228598	241114	339931	335598	568236	952235	3169220	1129535	1307545	452917	1537811	841042	1734127	0
LFQ	73	0	0	147672	0	0	6219	5858	41012	29241	78	9581	12562	8908	26521	5970	12886	5873	17630	43733	20517	63583	23707	53023	51538	66860	69802	195412	71109	125406	236369	249409	346649	343903	586284	993356	3325105	1166862	1334389	420219	1521053	757259	1541579	0
LFQ	74	0	0	165505	0	0	6941	6594	49320	33551	40	9416	11425	8484	22781	5064	13194	5981	18497	45245	20743	64727	23117	51046	51365	68913	74131	198376	74406	120286	246223	257145	353273	353204	605605	1035512	3479492	1196875	1355077	390068	1490941	674896	1348785	0
LFQ	75	0	0	184227	0	0	7713	7270	53437	33853	76	11804	14807	10446	28996	5940	13809	6424	19344	48991	21536	67948	23699	50330	52103	72001	78593	169704	109314	115209	255367	264222	359871	361147	626189	1082541	3620328	1226491	1369551	358866	1448545	595043	1159495	0
LFQ	76	0	0	202910	0	0	7962	6427	51729	30244	128	13699	17050	11220	31593	5722	14614	6247	19887	48255	21826	70921	23906	49511	53515	73708	81422	171389	113513	108779	263024	270665	364765	368586	644458	1123347	3779080	1256361	1385233	326396	1407765	515323	992963	0
LFQ	77	0	0	221717	0	0	7359	5008	45630	24569	145	13874	16500	10678	28456	4812	15374	6165	20637	48620	21924	73014	23587	47356	54047	76377	85326	171120	117911	104552	270510	277504	371021	375954	663278	1169287	3946791	1287661	1398933	293754	1352350	442262	838804	0
LFQ	78	0	0	241408	0	0	8575	5586	54645	26533	97	13959	15126	10642	25304	4397	16061	6600	21552	51847	22875	75104	23416	44856	55995	79460	90498	171538	123223	97987	281714	283890	378319	385713	683186	1217069	4097534	1310081	1397875	264274	1281330	372098	691193	0
LFQ	79	0	0	260980	0	0	7822	4480	47767	21174	111	14500	15351	10541	24020	3893	16562	6034	21504	50568	22795	76024	22891	41226	56466	81153	92692	168232	127272	91381	287355	287517	382337	391032	702474	1266198	4272811	1337183	1397347	234607	1213394	308036	564375	0
LFQ	80	0	0	281706	0	0	8361	4478	50780	20797	115	13926	13938	10350	19807	3468	16676	6557	22023	51872	23242	77448	21742	37932	57607	83077	97208	165215	132203	85616	293239	291442	387964	397764	719810	1311857	4442086	1356288	1386150	206567	1129418	249067	450563	0
LFQ	81	0	0	303116	0	0	8455	3990	51043	18561	104	13995	13060	10166	17902	3107	17419	6544	22545	53420	24132	78528	21044	35104	59078	85639	101721	162265	137610	79126	302204	293747	394389	404062	736487	1362731	4604964	1375456	1362544	180138	1034183	198380	349536	0
LFQ	82	0	0	325680	0	0	10724	5748	66480	22683	93	16286	14924	11289	18552	3151	18935	7089	23942	57243	25915	82633	21591	34078	61502	89198	108779	163710	143022	74897	311976	299406	402941	412757	751337	1409873	4732329	1379095	1318909	155255	928298	151525	262611	0
LFQ	83	0	0	347929	0	0	9616	4111	58787	19350	263	18778	18255	12060	19321	2909	19339	6867	24606	57003	26890	85299	21139	31927	63709	91623	112496	161169	148644	70452	318639	302906	410715	421742	769075	1462701	4883039	1384632	1273086	132167	824205	113921	192707	0
LFQ	84	0	0	370887	0	0	9508	3596	56181	16645	219	18057	15824	11219	15642	2548	19718	6904	25088	56108	28071	86175	20381	28264	64474	93397	116083	156264	152049	65141	324745	303762	416994	428381	782314	1509820	5048715	1392435	1222213	110231	720927	82549	137920	0
LFQ	85	0	0	394808	0	0	9193	3240	56550	14750	113	17097	12973	10638	11877	2418	20298	6990	25392	56966	28356	85879	19224	25188	66171	95099	121056	151903	157976	60314	330741	305673	421774	435218	796025	1558778	5206697	1391345	1157297	91064	614297	58158	95062	0
LFQ	86	0	0	419946	0	0	9206	2926	55103	12548	55	16188	11102	10135	9363	2220	20356	6955	25542	56898	29422	85389	17829	22118	67128	96320	124136	145420	160705	55319	334879	305000	427884	440073	809721	1605401	5366581	1385928	1087102	73558	512800	39437	62741	0
LFQ	87	0	0	447121	0	0	9979	3066	61695	12354	30	16424	10550	10318	8352	2071	20286	7185	25373	57951	29900	84841	16709	19762	67995	97418	129626	138944	166076	50753	339232	306153	434013	447796	823357	1655926	5499001	1366956	1004553	59044	413993	25458	39710	0
LFQ	88	0	0	476486	0	0	10215	2893	61963	11521	97	18593	12450	11452	8825	2151	21067	7521	26564	60345	31886	87757	16286	18196	70979	100937	136582	135171	172031	47557	347753	308578	442696	457953	836024	1707394	5597847	1337345	911202	45675	324481	15896	23897	0
LFQ	89	0	0	507553	0	0	10862	3037	68122	11642	59	19813	12742	11734	8438	1947	21915	7615	27300	61078	33761	89128	15537	16543	72308	102931	141196	130062	176281	44062	352899	309210	447931	465174	841592	1745102	5714969	1308567	815745	34043	247717	9351	14069	0
LFQ	90	0	0	540475	0	0	10753	2806	66034	10896	174	21805	14126	12316	8192	1794	22123	7654	27671	60246	35406	89578	14504	14854	73685	104546	146401	124956	180140	41092	357660	308687	451910	470705	851785	1787005	5820100	1275811	720099	25307	182788	5428	7941	0
LFQ	91	0	0	575357	0	0	8999	1754	54182	8576	161	21191	13006	11612	6711	1504	22419	7404	27641	59307	36264	88931	13219	13131	73731	105525	149848	116132	184289	38094	359915	310663	456737	479196	860646	1832506	5935165	1238406	623866	18278	130397	3036	4475	0
LFQ	92	0	0	614815	0	0	9232	1743	54945	7039	87	17576	9121	10063	4039	1472	21984	7476	27290	59800	36791	87631	11821	11387	75507	107011	154971	109515	188890	35577	364196	313215	462723	485757	873260	1874739	6016932	1193475	530711	12501	89365	1747	2465	0
LFQ	93	0	0	659467	0	0	8981	1579	55550	6157	44	16794	8115	9747	3342	1313	21557	7603	27092	60127	37323	85123	10232	10071	75719	108356	158253	101649	193193	33115	367140	314985	468615	495097	880761	1913791	6084769	1142631	443363	8464	58060	1082	1551	0
LFQ	94	0	0	711368	0	0	8694	1443	53572	5613	52	17200	8186	9410	2862	1126	21587	7628	26662	59962	38443	84198	9079	9167	76277	108968	162565	93799	194989	30827	368668	316181	471141	502303	886975	1947799	6144618	1087019	362229	5393	36684	724	998	0
LFQ	95	0	0	772804	0	0	8712	1553	57337	5356	53	17226	8268	2935	9164	1081	21317	7754	26556	61086	39668	81995	8165	8616	76371	109031	165452	87198	197809	28808	370852	317818	475355	506273	890873	1974143	6183336	1028086	289590	3272	22281	495	716	0
LFQ	96	0	0	836634	0	0	6072	698	37540	4151	110	15997	7776	2552	7601	797	20501	7477	26084	58005	40297	79995	7008	7912	76578	109055	170388	81167	200936	26787	373599	320374	481815	512380	898723	2008731	6218042	969474	228708	2055	12979	368	500	0
LFQ	97	0	0	912176	0	0	4154	479	29099	2383	14	9633	3451	1150	5083	592	19009	7516	24628	56866	38341	73502	5415	7214	75354	107748	169846	73108	201641	24607	373412	322281	483822	521165	907361	2035781	6254704	912504	178524	1242	7455	253	328	0
LFQ	98	0	0	1015241	0	0	1599	187	14848	1069	5	5372	1901	586	3049	324	17845	7703	22995	57245	36625	68873	4355	6996	74367	107489	171020	65623	203903	22923	372152	322952	487179	526134	909434	2057768	6257918	853788	138258	714	4400	181	232	0
LFQ	99	0	0	1100407	0	0	1	0	47	28	0	28	12	1	373	47	17055	7979	21571	57826	34757	63873	3639	7039	73511	106879	171616	59262	207355	21074	372291	324914	490381	528644	918253	2082041	6254829	797952	106859	436	2644	132	150	0
LFQ	100	0	0	1166924	0	0	0	0	0	0	0	0	0	0	0	0	20588	10051	24342	69371	39289	68674	3352	7605	75036	109245	176834	54236	209402	19458	371855	326880	495955	533070	918808	2095955	6200480	740871	83340	319	1773	93	94	0
# GC Content of first fragments. Use `grep ^GCF | cut -f 2-` to extract this part.
GCF	0.25	0
GCF	1.01	2
GCF	2.26	1
GCF	3.27	2
GCF	4.02	4
GCF	5.53	5
GCF	7.04	3
GCF	8.04	12
GCF	9.05	19
GCF	10.05	30
GCF	10.80	83
GCF	11.31	84
GCF	11.81	126
GCF	12.31	127
GCF	12.81	269
GCF	13.32	272
GCF	13.82	483
GCF	14.32	488
GCF	14.82	875
GCF	15.33	882
GCF	15.83	1682
GCF	16.33	1692
GCF	16.83	3138
GCF	17.34	3148
GCF	17.84	5685
GCF	18.34	5701
GCF	18.84	9408
GCF	19.35	9416
GCF	19.85	14926
GCF	20.35	14975
GCF	20.85	22687
GCF	21.36	22722
GCF	21.86	33460
GCF	22.36	33516
GCF	22.86	46939
GCF	23.37	47024
GCF	23.87	62900
GCF	24.37	62942
GCF	24.87	81822
GCF	25.38	81880
GCF	25.88	102053
GCF	26.38	102156
GCF	26.88	126428
GCF	27.39	126553
GCF	27.89	149808
GCF	28.39	149947
GCF	28.89	173893
GCF	29.40	174027
GCF	29.90	198698
GCF	30.40	198896
GCF	30.90	221763
GCF	31.41	221890
GCF	31.91	245463
GCF	32.41	245607
GCF	32.91	268209
GCF	33.42	268336
GCF	33.92	287667
GCF	34.42	287756
GCF	34.92	305501
GCF	35.43	305576
GCF	35.93	320339
GCF	36.43	320497
GCF	36.93	336154
GCF	37.44	336245
GCF	37.94	349435
GCF	38.44	349594
GCF	38.94	358738
GCF	39.45	358839
GCF	39.95	363232
GCF	40.45	363294
GCF	40.95	368337
GCF	41.46	368349
GCF	41.96	372527
GCF	42.46	372523
GCF	42.96	374128
GCF	43.47	374197
GCF	43.97	373127
GCF	44.47	373036
GCF	44.97	374322
GCF	45.48	374384
GCF	45.98	374331
GCF	46.48	374274
GCF	46.98	374782
GCF	47.49	374721
GCF	47.99	375653
GCF	48.49	375671
GCF	48.99	373545
GCF	49.50	373425
GCF	50.00	374697
GCF	50.50	374864
GCF	51.01	374945
GCF	51.51	374878
GCF	52.01	373248
GCF	52.51	373353
GCF	53.02	373911
GCF	53.52	373856
GCF	54.02	372988
GCF	54.52	373037
GCF	55.03	371972
GCF	55.53	371998
GCF	56.03	369871
GCF	56.53	369940
GCF	57.04	367361
GCF	57.54	367515
GCF	58.04	364981
GCF	58.54	364869
GCF	59.05	358234
GCF	59.55	358058
GCF	60.05	350462
GCF	60.55	350427
GCF	61.06	335771
GCF	61.56	335689
GCF	62.06	319277
GCF	62.56	319107
GCF	63.07	299060
GCF	63.57	298841
GCF	64.07	274628
GCF	64.57	274602
GCF	65.08	247960
GCF	65.58	247807
GCF	66.08	220191
GCF	66.58	220072
GCF	67.09	189560
GCF	67.59	189324
GCF	68.09	157053
GCF	68.59	156842
GCF	69.10	124578
GCF	69.60	124370
GCF	70.10	93940
GCF	70.60	93759
GCF	71.11	68925
GCF	71.61	68828
GCF	72.11	48363
GCF	72.61	48268
GCF	73.12	33589
GCF	73.62	33509
GCF	74.12	22472
GCF	74.62	22439
GCF	75.13	15098
GCF	75.63	15065
GCF	76.13	9766
GCF	76.63	9743
GCF	77.14	6087
GCF	77.64	6069
GCF	78.14	3687
GCF	78.64	3679
GCF	79.15	1935
GCF	79.65	1928
GCF	80.15	916
GCF	80.65	915
GCF	81.16	393
GCF	81.66	391
GCF	82.16	149
GCF	82.66	147
GCF	83.17	51
GCF	83.67	50
GCF	84.42	10
GCF	85.18	8
GCF	85.68	7
GCF	86.43	2
GCF	87.44	3
GCF	88.44	2
GCF	90.45	1
# GC Content of last fragments. Use `grep ^GCL | cut -f 2-` to extract this part.
GCL	0.25	13
GCL	1.51	16
GCL	2.76	17
GCL	3.27	16
GCL	4.02	52
GCL	5.03	76
GCL	6.03	135
GCL	7.04	179
GCL	8.04	290
GCL	9.05	331
GCL	10.05	438
GCL	11.06	529
GCL	11.81	697
GCL	12.31	699
GCL	12.81	857
GCL	13.32	858
GCL	14.07	1155
GCL	14.82	1596
GCL	15.33	1604
GCL	15.83	2434
GCL	16.33	2444
GCL	16.83	3979
GCL	17.34	3994
GCL	17.84	6521
GCL	18.34	6529
GCL	18.84	10339
GCL	19.35	10355
GCL	19.85	16010
GCL	20.35	16051
GCL	20.85	23852
GCL	21.36	23889
GCL	21.86	34760
GCL	22.36	34816
GCL	22.86	48180
GCL	23.37	48272
GCL	23.87	63989
GCL	24.37	64024
GCL	24.87	82007
GCL	25.38	82066
GCL	25.88	103591
GCL	26.38	103705
GCL	26.88	126488
GCL	27.39	126615
GCL	27.89	149493
GCL	28.39	149616
GCL	28.89	173667
GCL	29.40	173807
GCL	29.90	197224
GCL	30.40	197413
GCL	30.90	219270
GCL	31.41	219432
GCL	31.91	243499
GCL	32.41	243619
GCL	32.91	264772
GCL	33.42	264866
GCL	33.92	284386
GCL	34.42	284487
GCL	34.92	300284
GCL	35.43	300391
GCL	35.93	316180
GCL	36.43	316333
GCL	36.93	331071
GCL	37.44	331123
GCL	37.94	343586
GCL	38.44	343719
GCL	38.94	353097
GCL	39.45	353178
GCL	39.95	359350
GCL	40.45	359413
GCL	40.95	364617
GCL	41.46	364596
GCL	41.96	367362
GCL	42.46	367333
GCL	42.96	369229
GCL	43.47	369320
GCL	43.97	370567
GCL	44.47	370469
GCL	44.97	370634
GCL	45.48	370652
GCL	45.98	372195
GCL	46.48	372222
GCL	46.98	373459
GCL	47.49	373339
GCL	47.99	372392
GCL	48.49	372424
GCL	48.99	372342
GCL	49.50	372322
GCL	50.00	373550
GCL	50.50	373647
GCL	51.01	373290
GCL	51.51	373289
GCL	52.01	370361
GCL	52.51	370432
GCL	53.02	371503
GCL	53.52	371427
GCL	54.02	370816
GCL	54.52	370872
GCL	55.03	370539
GCL	55.53	370594
GCL	56.03	369332
GCL	56.53	369298
GCL	57.04	367140
GCL	57.54	367198
GCL	58.04	365133
GCL	58.54	365072
GCL	59.05	358197
GCL	59.55	357995
GCL	60.05	350411
GCL	60.55	350403
GCL	61.06	336166
GCL	61.56	336105
GCL	62.06	321203
GCL	62.56	320998
GCL	63.07	301699
GCL	63.57	301491
GCL	64.07	278401
GCL	64.57	278310
GCL	65.08	252130
GCL	65.58	251991
GCL	66.08	224504
GCL	66.58	224412
GCL	67.09	196990
GCL	67.59	196760
GCL	68.09	163673
GCL	68.59	163442
GCL	69.10	131019
GCL	69.60	130812
GCL	70.10	100418
GCL	70.60	100292
GCL	71.11	74154
GCL	71.61	74013
GCL	72.11	53012
GCL	72.61	52904
GCL	73.12	37438
GCL	73.62	37349
GCL	74.12	25487
GCL	74.62	25444
GCL	75.13	17246
GCL	75.63	17206
GCL	76.13	11540
GCL	76.63	11528
GCL	77.14	7288
GCL	77.64	7275
GCL	78.14	4562
GCL	78.64	4554
GCL	79.15	2345
GCL	79.65	2336
GCL	80.15	1204
GCL	80.65	1199
GCL	81.16	511
GCL	81.66	504
GCL	82.41	234
GCL	83.42	88
GCL	84.17	44
GCL	84.67	43
GCL	85.43	22
GCL	86.18	17
GCL	87.19	16
GCL	88.44	9
GCL	89.45	7
GCL	90.45	4
GCL	91.96	2
GCL	93.47	1
GCL	94.47	2
GCL	95.48	0
GCL	96.48	1
# ACGT content per cycle. Use `grep ^GCC | cut -f 2-` to extract this part. The columns are: cycle; A,C,G,T base counts as a percentage of all A/C/G/T bases [%]; and N and O counts as a percentage of all A/C/G/T bases [%]
GCC	1	27.99	21.59	21.66	28.76	0.05	0.00
GCC	2	26.38	23.24	23.30	27.08	0.01	0.00
GCC	3	25.62	24.01	24.00	26.37	0.01	0.00
GCC	4	25.43	24.16	24.22	26.19	0.01	0.00
GCC	5	26.59	22.98	23.06	27.36	0.01	0.00
GCC	6	25.45	24.15	24.21	26.20	0.00	0.00
GCC	7	25.57	24.02	24.09	26.32	0.00	0.00
GCC	8	26.15	23.41	23.48	26.96	0.00	0.00
GCC	9	26.01	23.52	23.62	26.85	0.00	0.00
GCC	10	25.71	23.84	23.92	26.53	0.00	0.00
GCC	11	25.79	23.77	23.83	26.62	0.00	0.00
GCC	12	25.72	23.83	23.89	26.56	0.00	0.00
GCC	13	25.89	23.65	23.67	26.79	0.00	0.00
GCC	14	25.78	23.73	23.80	26.69	0.00	0.00
GCC	15	25.70	23.80	23.87	26.63	0.00	0.00
GCC	16	25.73	23.79	23.83	26.65	0.00	0.00
GCC	17	25.67	23.81	23.89	26.63	0.00	0.00
GCC	18	25.57	23.91	23.98	26.55	0.00	0.00
GCC	19	25.61	23.87	23.92	26.59	0.00	0.00
GCC	20	25.57	23.90	23.95	26.58	0.00	0.00
GCC	21	25.52	23.96	24.01	26.51	0.00	0.00
GCC	22	25.54	23.91	23.96	26.59	0.00	0.00
GCC	23	25.52	23.93	23.97	26.57	0.00	0.00
GCC	24	25.41	24.04	24.09	26.46	0.00	0.00
GCC	25	25.46	23.95	24.03	26.56	0.00	0.00
GCC	26	25.43	24.00	24.06	26.51	0.00	0.00
GCC	27	25.36	24.07	24.10	26.46	0.00	0.00
GCC	28	25.40	24.01	24.05	26.54	0.00	0.00
GCC	29	25.39	24.03	24.07	26.51	0.00	0.00
GCC	30	25.30	24.12	24.12	26.46	0.00	0.00
GCC	31	25.33	24.04	24.11	26.51	0.00	0.00
GCC	32	25.30	24.09	24.13	26.49	0.00	0.00
GCC	33	25.25	24.13	24.18	26.45	0.00	0.00
GCC	34	25.32	24.06	24.11	26.50	0.00	0.00
GCC	35	25.29	24.07	24.13	26.50	0.00	0.00
GCC	36	25.22	24.15	24.20	26.43	0.00	0.00
GCC	37	25.28	24.07	24.12	26.53	0.00	0.00
GCC	38	25.25	24.10	24.14	26.51	0.00	0.00
GCC	39	25.19	24.17	24.19	26.45	0.00	0.00
GCC	40	25.26	24.09	24.12	26.53	0.00	0.00
GCC	41	25.21	24.13	24.17	26.50	0.00	0.00
GCC	42	25.15	24.18	24.21	26.46	0.00	0.00
GCC	43	25.21	24.12	24.16	26.52	0.00	0.00
GCC	44	25.18	24.13	24.18	26.50	0.00	0.00
GCC	45	25.13	24.17	24.24	26.47	0.00	0.00
GCC	46	25.18	24.12	24.18	26.52	0.00	0.00
GCC	47	25.14	24.15	24.21	26.50	0.00	0.00
GCC	48	25.11	24.20	24.22	26.47	0.00	0.00
GCC	49	25.17	24.15	24.18	26.50	0.00	0.00
GCC	50	25.15	24.12	24.21	26.53	0.00	0.00
GCC	51	25.10	24.20	24.24	26.46	0.00	0.00
GCC	52	25.12	24.16	24.20	26.52	0.00	0.00
GCC	53	25.11	24.17	24.21	26.51	0.00	0.00
GCC	54	25.07	24.20	24.25	26.48	0.00	0.00
GCC	55	25.12	24.15	24.19	26.54	0.00	0.00
GCC	56	25.11	24.17	24.21	26.51	0.00	0.00
GCC	57	25.07	24.18	24.25	26.49	0.00	0.00
GCC	58	25.12	24.16	24.19	26.54	0.00	0.00
GCC	59	25.09	24.18	24.21	26.52	0.00	0.00
GCC	60	25.04	24.21	24.26	26.48	0.00	0.00
GCC	61	25.07	24.18	24.22	26.53	0.00	0.00
GCC	62	25.08	24.17	24.23	26.52	0.00	0.00
GCC	63	25.03	24.23	24.28	26.46	0.00	0.00
GCC	64	25.08	24.18	24.21	26.53	0.00	0.00
GCC	65	25.08	24.19	24.25	26.49	0.00	0.00
GCC	66	25.03	24.22	24.26	26.48	0.00	0.00
GCC	67	25.05	24.20	24.25	26.49	0.00	0.00
GCC	68	25.06	24.21	24.24	26.48	0.00	0.00
GCC	69	25.01	24.24	24.27	26.47	0.00	0.00
GCC	70	25.05	24.19	24.25	26.51	0.00	0.00
GCC	71	25.03	24.21	24.28	26.48	0.00	0.00
GCC	72	24.99	24.26	24.31	26.44	0.00	0.00
GCC	73	25.06	24.19	24.24	26.51	0.00	0.00
GCC	74	25.05	24.20	24.25	26.50	0.00	0.00
GCC	75	24.99	24.26	24.30	26.45	0.00	0.00
GCC	76	25.03	24.22	24.25	26.50	0.00	0.00
GCC	77	25.04	24.22	24.25	26.49	0.00	0.00
GCC	78	24.99	24.25	24.31	26.45	0.00	0.00
GCC	79	25.03	24.22	24.27	26.48	0.00	0.00
GCC	80	25.03	24.23	24.27	26.47	0.00	0.00
GCC	81	24.99	24.27	24.30	26.44	0.00	0.00
GCC	82	25.02	24.24	24.27	26.48	0.00	0.00
GCC	83	25.04	24.22	24.27	26.46	0.00	0.00
GCC	84	24.98	24.29	24.30	26.43	0.00	0.00
GCC	85	25.05	24.22	24.26	26.48	0.00	0.00
GCC	86	25.02	24.24	24.28	26.47	0.00	0.00
GCC	87	25.00	24.27	24.30	26.42	0.00	0.00
GCC	88	25.03	24.25	24.26	26.47	0.00	0.00
GCC	89	25.04	24.24	24.29	26.43	0.00	0.00
GCC	90	25.00	24.27	24.32	26.41	0.00	0.00
GCC	91	25.03	24.26	24.26	26.45	0.00	0.00
GCC	92	25.04	24.24	24.26	26.45	0.00	0.00
GCC	93	24.99	24.28	24.31	26.42	0.00	0.00
GCC	94	25.03	24.23	24.29	26.46	0.00	0.00
GCC	95	25.00	24.30	24.29	26.41	0.00	0.00
GCC	96	24.99	24.29	24.30	26.41	0.00	0.00
GCC	97	25.03	24.25	24.28	26.44	0.00	0.00
GCC	98	25.04	24.24	24.27	26.45	0.00	0.00
GCC	99	24.99	24.28	24.32	26.42	0.00	0.00
GCC	100	25.01	24.27	24.28	26.44	0.00	0.00
# ACGT content per cycle, read oriented. Use `grep ^GCT | cut -f 2-` to extract this part. The columns are: cycle; A,C,G,T base counts as a percentage of all A/C/G/T bases [%]
GCT	1	27.74	29.24	14.02	29.01
GCT	2	29.47	21.01	25.53	23.99
GCT	3	26.27	24.24	23.76	25.73
GCT	4	25.36	25.71	22.68	26.25
GCT	5	25.85	23.41	22.63	28.10
GCT	6	25.70	24.79	23.57	25.95
GCT	7	25.39	23.78	24.32	26.50
GCT	8	26.07	23.96	22.93	27.04
GCT	9	25.50	24.17	22.98	27.36
GCT	10	25.96	24.30	23.45	26.29
GCT	11	25.97	24.27	23.32	26.44
GCT	12	26.03	24.29	23.43	26.26
GCT	13	26.22	23.98	23.34	26.46
GCT	14	26.19	23.90	23.63	26.28
GCT	15	26.07	24.14	23.53	26.26
GCT	16	26.05	24.07	23.55	26.33
GCT	17	25.98	24.12	23.58	26.32
GCT	18	25.90	24.29	23.59	26.21
GCT	19	25.90	24.25	23.55	26.30
GCT	20	25.91	24.12	23.73	26.24
GCT	21	25.86	24.26	23.72	26.17
GCT	22	25.90	24.26	23.61	26.23
GCT	23	25.89	24.16	23.75	26.20
GCT	24	25.83	24.30	23.83	26.04
GCT	25	25.90	24.30	23.68	26.13
GCT	26	25.91	24.21	23.84	26.04
GCT	27	25.87	24.28	23.90	25.96
GCT	28	25.94	24.28	23.78	26.00
GCT	29	25.94	24.18	23.92	25.96
GCT	30	25.83	24.30	23.94	25.93
GCT	31	25.87	24.29	23.86	25.97
GCT	32	25.88	24.21	24.00	25.90
GCT	33	25.84	24.33	23.97	25.86
GCT	34	25.92	24.26	23.92	25.90
GCT	35	25.92	24.22	23.99	25.87
GCT	36	25.82	24.33	24.02	25.83
GCT	37	25.89	24.27	23.93	25.92
GCT	38	25.87	24.25	24.00	25.88
GCT	39	25.78	24.34	24.02	25.86
GCT	40	25.85	24.29	23.93	25.94
GCT	41	25.82	24.25	24.05	25.89
GCT	42	25.78	24.37	24.02	25.83
GCT	43	25.82	24.31	23.97	25.91
GCT	44	25.81	24.25	24.06	25.88
GCT	45	25.75	24.36	24.05	25.84
GCT	46	25.82	24.32	23.98	25.88
GCT	47	25.81	24.26	24.10	25.84
GCT	48	25.74	24.35	24.07	25.84
GCT	49	25.77	24.35	23.98	25.90
GCT	50	25.80	24.26	24.06	25.87
GCT	51	25.74	24.36	24.08	25.83
GCT	52	25.76	24.33	24.03	25.88
GCT	53	25.76	24.28	24.10	25.86
GCT	54	25.70	24.37	24.07	25.85
GCT	55	25.76	24.30	24.04	25.90
GCT	56	25.76	24.23	24.15	25.85
GCT	57	25.72	24.34	24.09	25.85
GCT	58	25.79	24.30	24.04	25.87
GCT	59	25.75	24.27	24.12	25.86
GCT	60	25.70	24.38	24.09	25.83
GCT	61	25.73	24.37	24.02	25.87
GCT	62	25.74	24.27	24.13	25.86
GCT	63	25.65	24.41	24.11	25.83
GCT	64	25.73	24.35	24.05	25.87
GCT	65	25.73	24.27	24.17	25.84
GCT	66	25.70	24.34	24.15	25.81
GCT	67	25.72	24.34	24.11	25.82
GCT	68	25.71	24.27	24.18	25.84
GCT	69	25.69	24.35	24.16	25.80
GCT	70	25.74	24.33	24.11	25.83
GCT	71	25.72	24.27	24.22	25.79
GCT	72	25.66	24.35	24.22	25.77
GCT	73	25.73	24.34	24.09	25.84
GCT	74	25.73	24.25	24.20	25.82
GCT	75	25.67	24.34	24.22	25.77
GCT	76	25.72	24.31	24.16	25.82
GCT	77	25.72	24.25	24.22	25.81
GCT	78	25.68	24.31	24.25	25.76
GCT	79	25.73	24.30	24.19	25.78
GCT	80	25.72	24.25	24.25	25.78
GCT	81	25.70	24.33	24.24	25.73
GCT	82	25.71	24.30	24.21	25.78
GCT	83	25.73	24.23	24.27	25.78
GCT	84	25.66	24.34	24.25	25.75
GCT	85	25.74	24.31	24.17	25.78
GCT	86	25.73	24.24	24.27	25.76
GCT	87	25.68	24.29	24.28	25.75
GCT	88	25.75	24.26	24.25	25.74
GCT	89	25.73	24.21	24.33	25.73
GCT	90	25.71	24.28	24.30	25.70
GCT	91	25.72	24.30	24.22	25.75
GCT	92	25.75	24.21	24.29	25.75
GCT	93	25.70	24.29	24.30	25.71
GCT	94	25.73	24.26	24.26	25.76
GCT	95	25.71	24.26	24.33	25.70
GCT	96	25.70	24.30	24.30	25.70
GCT	97	25.74	24.26	24.27	25.73
GCT	98	25.76	24.18	24.33	25.74
GCT	99	25.72	24.24	24.35	25.68
GCT	100	25.75	24.21	24.34	25.70
# ACGT content per cycle for first fragments. Use `grep ^FBC | cut -f 2-` to extract this part. The columns are: cycle; A,C,G,T base counts as a percentage of all A/C/G/T bases [%]; and N and O counts as a percentage of all A/C/G/T bases [%]
FBC	1	28.47	21.39	20.87	29.28	0.08	0.00
FBC	2	26.43	23.20	23.42	26.95	0.00	0.00
FBC	3	25.71	23.90	23.89	26.50	0.00	0.00
FBC	4	25.60	23.99	23.98	26.43	0.00	0.00
FBC	5	26.54	22.97	23.06	27.42	0.00	0.00
FBC	6	25.57	24.02	24.06	26.35	0.00	0.00
FBC	7	25.63	23.91	24.02	26.44	0.00	0.00
FBC	8	26.09	23.44	23.51	26.95	0.00	0.00
FBC	9	25.94	23.55	23.60	26.91	0.00	0.00
FBC	10	25.74	23.82	23.86	26.58	0.00	0.00
FBC	11	25.80	23.75	23.78	26.67	0.00	0.00
FBC	12	25.75	23.79	23.84	26.62	0.00	0.00
FBC	13	25.95	23.60	23.59	26.86	0.00	0.00
FBC	14	25.83	23.69	23.74	26.74	0.00	0.00
FBC	15	25.75	23.76	23.81	26.69	0.00	0.00
FBC	16	25.79	23.72	23.76	26.72	0.00	0.00
FBC	17	25.69	23.78	23.83	26.70	0.00	0.00
FBC	18	25.61	23.86	23.92	26.62	0.00	0.00
FBC	19	25.68	23.81	23.84	26.67	0.00	0.00
FBC	20	25.60	23.88	23.90	26.63	0.00	0.00
FBC	21	25.56	23.93	23.95	26.56	0.00	0.00
FBC	22	25.59	23.87	23.88	26.66	0.00	0.00
FBC	23	25.53	23.91	23.94	26.62	0.00	0.00
FBC	24	25.45	23.98	24.05	26.52	0.00	0.00
FBC	25	25.52	23.88	23.97	26.63	0.00	0.00
FBC	26	25.48	23.96	24.03	26.53	0.00	0.00
FBC	27	25.42	24.01	24.03	26.54	0.00	0.00
FBC	28	25.45	23.96	23.99	26.60	0.00	0.00
FBC	29	25.42	23.99	24.03	26.56	0.00	0.00
FBC	30	25.34	24.08	24.06	26.52	0.00	0.00
FBC	31	25.40	23.97	24.05	26.59	0.00	0.00
FBC	32	25.36	24.02	24.07	26.55	0.00	0.00
FBC	33	25.31	24.06	24.13	26.50	0.00	0.00
FBC	34	25.39	24.00	24.05	26.57	0.00	0.00
FBC	35	25.35	24.03	24.09	26.54	0.00	0.00
FBC	36	25.29	24.09	24.12	26.50	0.00	0.00
FBC	37	25.33	24.02	24.05	26.59	0.00	0.00
FBC	38	25.28	24.07	24.11	26.54	0.00	0.00
FBC	39	25.23	24.13	24.13	26.51	0.00	0.00
FBC	40	25.29	24.05	24.07	26.59	0.00	0.00
FBC	41	25.23	24.09	24.14	26.54	0.00	0.00
FBC	42	25.21	24.12	24.17	26.50	0.00	0.00
FBC	43	25.23	24.08	24.11	26.57	0.00	0.00
FBC	44	25.22	24.11	24.14	26.54	0.00	0.00
FBC	45	25.17	24.13	24.19	26.50	0.00	0.00
FBC	46	25.20	24.09	24.14	26.56	0.00	0.00
FBC	47	25.15	24.13	24.19	26.53	0.00	0.00
FBC	48	25.14	24.17	24.19	26.50	0.00	0.00
FBC	49	25.21	24.11	24.15	26.53	0.00	0.00
FBC	50	25.16	24.12	24.18	26.54	0.00	0.00
FBC	51	25.11	24.17	24.21	26.50	0.00	0.00
FBC	52	25.14	24.13	24.18	26.55	0.00	0.00
FBC	53	25.11	24.16	24.21	26.52	0.00	0.00
FBC	54	25.09	24.18	24.22	26.51	0.00	0.00
FBC	55	25.14	24.13	24.16	26.58	0.00	0.00
FBC	56	25.10	24.17	24.20	26.52	0.00	0.00
FBC	57	25.09	24.17	24.23	26.51	0.00	0.00
FBC	58	25.13	24.14	24.16	26.57	0.00	0.00
FBC	59	25.09	24.19	24.20	26.52	0.00	0.00
FBC	60	25.06	24.21	24.24	26.49	0.00	0.00
FBC	61	25.09	24.15	24.20	26.56	0.00	0.00
FBC	62	25.09	24.17	24.21	26.52	0.00	0.00
FBC	63	25.03	24.25	24.26	26.46	0.00	0.00
FBC	64	25.10	24.16	24.19	26.55	0.00	0.00
FBC	65	25.07	24.19	24.25	26.49	0.00	0.00
FBC	66	25.05	24.20	24.25	26.50	0.00	0.00
FBC	67	25.08	24.18	24.23	26.51	0.00	0.00
FBC	68	25.06	24.22	24.24	26.48	0.00	0.00
FBC	69	25.02	24.23	24.28	26.48	0.00	0.00
FBC	70	25.06	24.17	24.23	26.53	0.00	0.00
FBC	71	25.02	24.22	24.30	26.47	0.00	0.00
FBC	72	24.99	24.26	24.29	26.46	0.00	0.00
FBC	73	25.08	24.19	24.23	26.51	0.00	0.00
FBC	74	25.03	24.24	24.25	26.48	0.00	0.00
FBC	75	25.00	24.27	24.29	26.43	0.00	0.00
FBC	76	25.04	24.22	24.23	26.51	0.00	0.00
FBC	77	25.02	24.25	24.26	26.48	0.00	0.00
FBC	78	24.99	24.26	24.31	26.44	0.00	0.00
FBC	79	25.04	24.21	24.26	26.49	0.00	0.00
FBC	80	25.01	24.25	24.29	26.45	0.00	0.00
FBC	81	24.99	24.28	24.32	26.42	0.00	0.00
FBC	82	25.02	24.24	24.26	26.48	0.00	0.00
FBC	83	25.03	24.25	24.29	26.43	0.00	0.00
FBC	84	24.98	24.30	24.32	26.40	0.00	0.00
FBC	85	25.04	24.22	24.26	26.47	0.00	0.00
FBC	86	25.00	24.26	24.31	26.43	0.00	0.00
FBC	87	25.00	24.29	24.32	26.39	0.00	0.00
FBC	88	25.02	24.26	24.27	26.46	0.00	0.00
FBC	89	25.01	24.27	24.31	26.41	0.00	0.00
FBC	90	24.99	24.27	24.34	26.40	0.00	0.00
FBC	91	25.03	24.28	24.27	26.42	0.00	0.00
FBC	92	25.02	24.28	24.28	26.42	0.00	0.00
FBC	93	24.97	24.32	24.32	26.39	0.00	0.00
FBC	94	25.01	24.25	24.30	26.44	0.00	0.00
FBC	95	24.98	24.32	24.31	26.39	0.00	0.00
FBC	96	24.98	24.31	24.33	26.38	0.00	0.00
FBC	97	25.01	24.28	24.30	26.41	0.00	0.00
FBC	98	25.00	24.27	24.32	26.41	0.00	0.00
FBC	99	24.97	24.30	24.35	26.37	0.00	0.00
FBC	100	24.99	24.28	24.30	26.43	0.00	0.00
# ACGT raw counters for first fragments. Use `grep ^FTC | cut -f 2-` to extract this part. The columns are: A,C,G,T,N base counters
FTC	352700278	335048144	335513777	370202153	14104
# ACGT content per cycle for last fragments. Use `grep ^LBC | cut -f 2-` to extract this part. The columns are: cycle; A,C,G,T base counts as a percentage of all A/C/G/T bases [%]; and N and O counts as a percentage of all A/C/G/T bases [%]
LBC	1	27.51	21.80	22.46	28.23	0.02	0.00
LBC	2	26.33	23.28	23.18	27.21	0.02	0.00
LBC	3	25.53	24.12	24.10	26.25	0.02	0.00
LBC	4	25.26	24.34	24.46	25.94	0.02	0.00
LBC	5	26.64	22.99	23.06	27.30	0.02	0.00
LBC	6	25.32	24.27	24.36	26.05	0.00	0.00
LBC	7	25.52	24.13	24.16	26.20	0.00	0.00
LBC	8	26.22	23.38	23.45	26.96	0.00	0.00
LBC	9	26.07	23.49	23.64	26.79	0.00	0.00
LBC	10	25.69	23.85	23.97	26.49	0.00	0.00
LBC	11	25.78	23.79	23.87	26.57	0.00	0.00
LBC	12	25.69	23.86	23.95	26.51	0.00	0.00
LBC	13	25.83	23.69	23.76	26.71	0.00	0.00
LBC	14	25.72	23.78	23.85	26.64	0.00	0.00
LBC	15	25.66	23.85	23.92	26.57	0.00	0.00
LBC	16	25.67	23.85	23.90	26.58	0.00	0.00
LBC	17	25.64	23.85	23.94	26.56	0.00	0.00
LBC	18	25.53	23.95	24.04	26.48	0.00	0.00
LBC	19	25.55	23.93	24.01	26.51	0.00	0.00
LBC	20	25.54	23.93	24.00	26.52	0.00	0.00
LBC	21	25.48	23.99	24.08	26.45	0.00	0.00
LBC	22	25.48	23.96	24.03	26.53	0.00	0.00
LBC	23	25.51	23.96	24.01	26.52	0.00	0.00
LBC	24	25.38	24.09	24.13	26.40	0.00	0.00
LBC	25	25.41	24.02	24.09	26.49	0.00	0.00
LBC	26	25.39	24.03	24.09	26.49	0.00	0.00
LBC	27	25.30	24.14	24.18	26.38	0.00	0.00
LBC	28	25.35	24.06	24.12	26.47	0.00	0.00
LBC	29	25.35	24.07	24.11	26.46	0.00	0.00
LBC	30	25.26	24.16	24.18	26.40	0.00	0.00
LBC	31	25.27	24.11	24.17	26.44	0.00	0.00
LBC	32	25.24	24.15	24.19	26.42	0.00	0.00
LBC	33	25.18	24.20	24.23	26.39	0.00	0.00
LBC	34	25.26	24.13	24.18	26.44	0.00	0.00
LBC	35	25.24	24.12	24.18	26.46	0.00	0.00
LBC	36	25.15	24.21	24.28	26.37	0.00	0.00
LBC	37	25.22	24.12	24.19	26.47	0.00	0.00
LBC	38	25.22	24.13	24.18	26.48	0.00	0.00
LBC	39	25.14	24.21	24.25	26.40	0.00	0.00
LBC	40	25.22	24.14	24.17	26.47	0.00	0.00
LBC	41	25.18	24.16	24.20	26.46	0.00	0.00
LBC	42	25.10	24.23	24.26	26.41	0.00	0.00
LBC	43	25.18	24.15	24.21	26.46	0.00	0.00
LBC	44	25.15	24.16	24.22	26.47	0.00	0.00
LBC	45	25.08	24.20	24.29	26.43	0.00	0.00
LBC	46	25.15	24.16	24.22	26.48	0.00	0.00
LBC	47	25.13	24.17	24.23	26.47	0.00	0.00
LBC	48	25.08	24.22	24.26	26.44	0.00	0.00
LBC	49	25.14	24.19	24.20	26.47	0.00	0.00
LBC	50	25.13	24.12	24.23	26.52	0.00	0.00
LBC	51	25.09	24.22	24.26	26.43	0.00	0.00
LBC	52	25.09	24.18	24.23	26.50	0.00	0.00
LBC	53	25.11	24.18	24.21	26.50	0.00	0.00
LBC	54	25.05	24.22	24.27	26.46	0.00	0.00
LBC	55	25.11	24.17	24.22	26.51	0.00	0.00
LBC	56	25.11	24.17	24.22	26.50	0.00	0.00
LBC	57	25.06	24.20	24.26	26.48	0.00	0.00
LBC	58	25.11	24.17	24.22	26.50	0.00	0.00
LBC	59	25.08	24.17	24.23	26.52	0.00	0.00
LBC	60	25.03	24.22	24.28	26.47	0.00	0.00
LBC	61	25.06	24.20	24.24	26.50	0.00	0.00
LBC	62	25.07	24.17	24.25	26.51	0.00	0.00
LBC	63	25.03	24.22	24.30	26.45	0.00	0.00
LBC	64	25.05	24.20	24.24	26.51	0.00	0.00
LBC	65	25.08	24.19	24.24	26.49	0.00	0.00
LBC	66	25.02	24.25	24.27	26.47	0.00	0.00
LBC	67	25.03	24.22	24.28	26.47	0.00	0.00
LBC	68	25.07	24.20	24.24	26.49	0.00	0.00
LBC	69	25.01	24.25	24.27	26.47	0.00	0.00
LBC	70	25.04	24.20	24.28	26.49	0.00	0.00
LBC	71	25.04	24.20	24.27	26.49	0.00	0.00
LBC	72	24.99	24.25	24.32	26.43	0.00	0.00
LBC	73	25.03	24.20	24.25	26.52	0.00	0.00
LBC	74	25.07	24.17	24.24	26.52	0.00	0.00
LBC	75	24.98	24.25	24.30	26.47	0.00	0.00
LBC	76	25.03	24.22	24.26	26.49	0.00	0.00
LBC	77	25.05	24.18	24.25	26.51	0.00	0.00
LBC	78	25.00	24.25	24.30	26.46	0.00	0.00
LBC	79	25.01	24.24	24.27	26.48	0.00	0.00
LBC	80	25.04	24.21	24.26	26.49	0.00	0.00
LBC	81	25.00	24.25	24.29	26.45	0.00	0.00
LBC	82	25.01	24.23	24.28	26.47	0.00	0.00
LBC	83	25.05	24.19	24.26	26.49	0.00	0.00
LBC	84	24.98	24.28	24.28	26.46	0.00	0.00
LBC	85	25.05	24.22	24.25	26.48	0.00	0.00
LBC	86	25.04	24.21	24.24	26.51	0.00	0.00
LBC	87	25.01	24.26	24.27	26.46	0.00	0.00
LBC	88	25.03	24.24	24.25	26.48	0.00	0.00
LBC	89	25.06	24.22	24.27	26.45	0.00	0.00
LBC	90	25.01	24.27	24.29	26.43	0.00	0.00
LBC	91	25.03	24.24	24.25	26.48	0.00	0.00
LBC	92	25.06	24.20	24.25	26.48	0.00	0.00
LBC	93	25.02	24.25	24.29	26.44	0.00	0.00
LBC	94	25.04	24.21	24.28	26.47	0.00	0.00
LBC	95	25.01	24.28	24.27	26.44	0.00	0.00
LBC	96	25.01	24.28	24.28	26.44	0.00	0.00
LBC	97	25.05	24.22	24.26	26.48	0.00	0.00
LBC	98	25.09	24.21	24.22	26.49	0.00	0.00
LBC	99	25.00	24.25	24.29	26.46	0.00	0.00
LBC	100	25.02	24.26	24.27	26.45	0.00	0.00
# ACGT raw counters for last fragments. Use `grep ^LTC | cut -f 2-` to extract this part. The columns are: A,C,G,T,N base counters
LTC	352015499	335662007	336452036	369333771	15143
# Insert sizes. Use `grep ^IS | cut -f 2-` to extract this part. The columns are: insert size, pairs total, inward oriented pairs, outward oriented pairs, other pairs
IS	0	3	0	2	1
IS	1	0	0	0	0
IS	2	24	0	24	0
IS	3	12	0	12	0
IS	4	14	0	14	0
IS	5	19	0	19	0
IS	6	15	0	15	0
IS	7	20	0	20	0
IS	8	17	0	17	0
IS	9	19	0	19	0
IS	10	26	0	26	0
IS	11	22	0	22	0
IS	12	13	0	13	0
IS	13	17	0	17	0
IS	14	16	0	16	0
IS	15	17	0	17	0
IS	16	18	0	18	0
IS	17	28	0	28	0
IS	18	15	0	15	0
IS	19	268	235	33	0
IS	20	175	144	31	0
IS	21	95	63	32	0
IS	22	46	18	28	0
IS	23	36	12	24	0
IS	24	37	7	30	0
IS	25	23	9	14	0
IS	26	34	11	23	0
IS	27	26	5	21	0
IS	28	24	4	20	0
IS	29	36	16	20	0
IS	30	32	6	26	0
IS	31	47	22	25	0
IS	32	29	7	22	0
IS	33	41	12	29	0
IS	34	36	16	20	0
IS	35	34	17	17	0
IS	36	33	19	14	0
IS	37	37	12	25	0
IS	38	43	21	22	0
IS	39	40	18	22	0
IS	40	44	27	17	0
IS	41	49	23	26	0
IS	42	37	13	24	0
IS	43	44	17	26	1
IS	44	50	25	24	1
IS	45	37	22	15	0
IS	46	51	25	26	0
IS	47	52	32	19	1
IS	48	58	34	24	0
IS	49	49	28	21	0
IS	50	65	38	27	0
IS	51	67	38	29	0
IS	52	82	55	27	0
IS	53	68	44	24	0
IS	54	69	46	23	0
IS	55	96	56	40	0
IS	56	93	71	21	1
IS	57	102	76	25	1
IS	58	129	100	29	0
IS	59	127	101	24	2
IS	60	126	102	22	2
IS	61	189	159	28	2
IS	62	181	153	26	2
IS	63	228	193	33	2
IS	64	237	198	38	1
IS	65	267	238	27	2
IS	66	312	267	41	4
IS	67	295	260	31	4
IS	68	368	334	32	2
IS	69	447	411	35	1
IS	70	500	465	29	6
IS	71	553	523	30	0
IS	72	651	623	23	5
IS	73	738	704	32	2
IS	74	894	862	30	2
IS	75	963	927	33	3
IS	76	1132	1089	36	7
IS	77	1192	1156	34	2
IS	78	1344	1315	24	5
IS	79	1600	1557	39	4
IS	80	1744	1710	33	1
IS	81	1901	1874	25	2
IS	82	2245	2208	37	0
IS	83	2540	2487	49	4
IS	84	2718	2687	29	2
IS	85	3052	3019	29	4
IS	86	3304	3281	23	0
IS	87	3603	3560	40	3
IS	88	4107	4077	28	2
IS	89	4463	4432	28	3
IS	90	5052	5021	25	6
IS	91	5294	5259	34	1
IS	92	5929	5892	35	2
IS	93	6317	6263	51	3
IS	94	6884	6832	47	5
IS	95	7447	7400	41	6
IS	96	7979	7928	50	1
IS	97	8587	8522	63	2
IS	98	9281	9227	52	2
IS	99	9940	9824	110	6
IS	100	10629	10625	3	1
IS	101	11462	11449	9	4
IS	102	12014	12010	1	3
IS	103	12597	12592	1	4
IS	104	13864	13852	7	5
IS	105	14608	14601	6	1
IS	106	15294	15291	2	1
IS	107	16555	16548	4	3
IS	108	16870	16865	3	2
IS	109	18045	18038	3	4
IS	110	19057	19052	2	3
IS	111	19797	19794	3	0
IS	112	21061	21057	2	2
IS	113	21863	21862	1	0
IS	114	23150	23148	1	1
IS	115	24138	24136	1	1
IS	116	25315	25311	1	3
IS	117	26458	26451	4	3
IS	118	27603	27597	3	3
IS	119	28538	28534	0	4
IS	120	29528	29524	1	3
IS	121	30683	30680	0	3
IS	122	31607	31602	2	3
IS	123	33029	33021	6	2
IS	124	34492	34491	0	1
IS	125	35495	35494	1	0
IS	126	36329	36324	2	3
IS	127	37662	37658	1	3
IS	128	38942	38937	2	3
IS	129	40241	40238	2	1
IS	130	41064	41060	1	3
IS	131	42502	42499	0	3
IS	132	44215	44214	0	1
IS	133	45611	45607	1	3
IS	134	46275	46273	0	2
IS	135	47986	47983	2	1
IS	136	49460	49453	4	3
IS	137	50082	50080	2	0
IS	138	51480	51475	2	3
IS	139	52487	52480	1	6
IS	140	53608	53603	2	3
IS	141	55559	55559	0	0
IS	142	56099	56095	1	3
IS	143	57694	57693	1	0
IS	144	58978	58969	3	6
IS	145	59716	59710	4	2
IS	146	60703	60700	1	2
IS	147	62234	62227	4	3
IS	148	63327	63325	2	0
IS	149	64479	64475	1	3
IS	150	65524	65521	2	1
IS	151	65978	65975	1	2
IS	152	67207	67206	0	1
IS	153	67979	67975	1	3
IS	154	68875	68869	4	2
IS	155	70196	70195	1	0
IS	156	71420	71416	2	2
IS	157	71687	71681	3	3
IS	158	72866	72863	2	1
IS	159	73469	73465	1	3
IS	160	74631	74629	2	0
IS	161	74907	74904	0	3
IS	162	75753	75751	0	2
IS	163	76466	76462	3	1
IS	164	76408	76408	0	0
IS	165	77609	77608	0	1
IS	166	77962	77958	1	3
IS	167	78614	78612	2	0
IS	168	79330	79327	1	2
IS	169	80278	80274	1	3
IS	170	80407	80404	3	0
IS	171	80985	80979	5	1
IS	172	80805	80801	2	2
IS	173	80971	80970	0	1
IS	174	81887	81886	1	0
IS	175	82001	81992	4	5
IS	176	82872	82867	4	1
IS	177	82752	82749	1	2
IS	178	82727	82723	1	3
IS	179	83906	83900	4	2
IS	180	83237	83234	1	2
IS	181	84297	84289	3	5
IS	182	83734	83729	4	1
IS	183	83436	83435	1	0
IS	184	83904	83902	0	2
IS	185	84074	84067	2	5
IS	186	84168	84166	0	2
IS	187	84347	84345	2	0
IS	188	84116	84114	2	0
IS	189	83951	83947	2	2
IS	190	83991	83987	1	3
IS	191	83906	83905	0	1
IS	192	83809	83807	1	1
IS	193	83933	83932	1	0
IS	194	83026	83023	2	1
IS	195	83542	83539	0	3
IS	196	82802	82796	5	1
IS	197	82759	82757	2	0
IS	198	83382	83380	1	1
IS	199	82840	82839	0	1
IS	200	82480	82477	1	2
IS	201	82938	82933	1	4
IS	202	81846	81843	2	1
IS	203	81349	81348	0	1
IS	204	81410	81408	1	1
IS	205	81034	81031	3	0
IS	206	80799	80796	1	2
IS	207	80316	80308	2	6
IS	208	80428	80418	4	6
IS	209	80188	80182	4	2
IS	210	79875	79872	0	3
IS	211	79358	79357	0	1
IS	212	78715	78712	0	3
IS	213	78338	78334	2	2
IS	214	77742	77740	1	1
IS	215	77623	77616	3	4
IS	216	77757	77756	1	0
IS	217	76353	76352	0	1
IS	218	76111	76106	1	4
IS	219	76280	76274	0	6
IS	220	75736	75735	0	1
IS	221	75239	75230	4	5
IS	222	74753	74749	2	2
IS	223	74384	74383	0	1
IS	224	73991	73991	0	0
IS	225	73379	73377	0	2
IS	226	72483	72480	3	0
IS	227	72099	72099	0	0
IS	228	71293	71292	1	0
IS	229	71209	71208	0	1
IS	230	70322	70321	0	1
IS	231	70532	70532	0	0
IS	232	69742	69739	0	3
IS	233	69144	69140	0	4
IS	234	67555	67552	1	2
IS	235	67896	67893	1	2
IS	236	66807	66806	1	0
IS	237	66281	66279	1	1
IS	238	66157	66155	0	2
IS	239	65519	65518	0	1
IS	240	65192	65190	1	1
IS	241	65032	65028	1	3
IS	242	64140	64138	0	2
IS	243	63308	63306	0	2
IS	244	62582	62581	1	0
IS	245	61770	61768	0	2
IS	246	61589	61586	0	3
IS	247	60838	60832	0	6
IS	248	60202	60197	1	4
IS	249	59680	59675	1	4
IS	250	59175	59170	0	5
IS	251	59055	59053	0	2
IS	252	58476	58475	0	1
IS	253	57728	57725	1	2
IS	254	57210	57206	0	4
IS	255	56613	56613	0	0
IS	256	55258	55256	0	2
IS	257	55201	55196	0	5
IS	258	54146	54142	1	3
IS	259	54306	54305	0	1
IS	260	53584	53584	0	0
IS	261	52867	52865	0	2
IS	262	52191	52187	0	4
IS	263	51962	51961	0	1
IS	264	51210	51207	1	2
IS	265	50542	50540	0	2
IS	266	49535	49535	0	0
IS	267	49492	49490	0	2
IS	268	48872	48866	0	6
IS	269	48218	48212	0	6
IS	270	47535	47533	0	2
IS	271	47122	47122	0	0
IS	272	46997	46991	0	6
IS	273	46196	46193	0	3
IS	274	45521	45517	0	4
IS	275	44968	44967	0	1
IS	276	44302	44299	0	3
IS	277	43895	43893	0	2
IS	278	43370	43368	0	2
IS	279	42528	42524	1	3
IS	280	42081	42075	2	4
IS	281	41773	41769	1	3
IS	282	41250	41249	0	1
IS	283	40841	40840	0	1
IS	284	40382	40378	1	3
IS	285	39649	39647	0	2
IS	286	39048	39044	0	4
IS	287	38881	38880	0	1
IS	288	38076	38073	1	2
IS	289	37990	37987	0	3
IS	290	37234	37234	0	0
IS	291	36470	36462	0	8
IS	292	35836	35834	0	2
IS	293	35872	35868	0	4
IS	294	35155	35151	1	3
IS	295	34566	34563	0	3
IS	296	34447	34444	0	3
IS	297	33812	33809	0	3
IS	298	33361	33357	0	4
IS	299	32849	32846	0	3
IS	300	32479	32479	0	0
IS	301	31900	31898	0	2
IS	302	31676	31670	2	4
IS	303	30716	30715	1	0
IS	304	30646	30645	1	0
IS	305	30448	30445	0	3
IS	306	30033	30030	0	3
IS	307	29533	29529	2	2
IS	308	29267	29266	0	1
IS	309	28585	28584	0	1
IS	310	28269	28268	0	1
IS	311	27766	27765	0	1
IS	312	27549	27546	1	2
IS	313	26799	26795	0	4
IS	314	26691	26689	0	2
IS	315	26219	26218	0	1
IS	316	26065	26060	0	5
IS	317	25471	25468	0	3
IS	318	24954	24950	0	4
IS	319	24769	24765	0	4
IS	320	24028	24022	2	4
IS	321	23654	23653	1	0
IS	322	23333	23333	0	0
IS	323	23209	23207	0	2
IS	324	22795	22792	2	1
IS	325	22572	22570	0	2
IS	326	22699	22697	0	2
IS	327	21857	21855	0	2
IS	328	21541	21537	0	4
IS	329	20921	20918	0	3
IS	330	20906	20902	0	4
IS	331	20822	20821	0	1
IS	332	20554	20551	0	3
IS	333	20187	20182	2	3
IS	334	19547	19546	0	1
IS	335	19545	19541	1	3
IS	336	19361	19357	0	4
IS	337	19035	19032	0	3
IS	338	18914	18913	0	1
IS	339	18437	18435	0	2
IS	340	18385	18384	0	1
IS	341	17638	17635	1	2
IS	342	17467	17459	2	6
IS	343	17442	17440	0	2
IS	344	17060	17055	0	5
IS	345	16948	16947	0	1
IS	346	16431	16424	1	6
IS	347	16305	16301	0	4
IS	348	15864	15864	0	0
IS	349	15868	15860	0	8
IS	350	15696	15694	0	2
IS	351	15186	15183	2	1
IS	352	14960	14953	0	7
IS	353	14706	14701	0	5
IS	354	14543	14541	0	2
IS	355	14244	14242	0	2
IS	356	13915	13911	1	3
IS	357	13767	13766	0	1
IS	358	13611	13608	0	3
IS	359	13461	13459	0	2
IS	360	13218	13211	1	6
IS	361	12882	12880	0	2
IS	362	12937	12935	1	1
IS	363	12585	12580	0	5
IS	364	12321	12316	0	5
IS	365	12255	12253	0	2
IS	366	12195	12192	0	3
IS	367	11980	11978	1	1
IS	368	11595	11593	0	2
IS	369	11483	11480	0	3
IS	370	11411	11407	0	4
IS	371	11233	11231	0	2
IS	372	10939	10934	0	5
IS	373	10793	10792	0	1
IS	374	10579	10576	0	3
IS	375	10423	10417	0	6
IS	376	10114	10112	0	2
IS	377	10154	10151	0	3
IS	378	9900	9899	0	1
IS	379	9770	9765	0	5
IS	380	9610	9605	0	5
IS	381	9467	9466	0	1
IS	382	9502	9501	0	1
IS	383	8923	8921	0	2
IS	384	9162	9156	0	6
IS	385	8796	8789	1	6
IS	386	8675	8673	0	2
IS	387	8639	8636	0	3
IS	388	8412	8407	0	5
IS	389	8352	8347	1	4
IS	390	8174	8168	0	6
IS	391	8099	8097	0	2
IS	392	7765	7763	0	2
IS	393	7650	7645	0	5
IS	394	7524	7522	0	2
IS	395	7619	7613	0	6
IS	396	7333	7331	0	2
IS	397	7040	7038	0	2
IS	398	7061	7055	1	5
IS	399	6934	6931	1	2
IS	400	7030	7028	0	2
IS	401	6872	6870	1	1
IS	402	6655	6651	0	4
IS	403	6576	6572	1	3
IS	404	6339	6336	0	3
IS	405	6328	6326	0	2
IS	406	6145	6138	0	7
IS	407	6075	6070	1	4
IS	408	6013	6013	0	0
IS	409	5937	5933	1	3
IS	410	5775	5770	0	5
IS	411	5856	5852	0	4
IS	412	5727	5722	0	5
IS	413	5758	5757	0	1
IS	414	5474	5469	1	4
IS	415	5416	5411	0	5
IS	416	5390	5383	1	6
IS	417	5216	5211	1	4
IS	418	5208	5204	1	3
IS	419	4879	4873	0	6
IS	420	4924	4921	0	3
IS	421	4713	4708	0	5
IS	422	4631	4628	0	3
IS	423	4727	4721	0	6
IS	424	4610	4609	1	0
IS	425	4478	4474	0	4
IS	426	4370	4367	1	2
IS	427	4343	4341	0	2
IS	428	4379	4374	0	5
IS	429	4093	4085	0	8
IS	430	4011	4001	1	9
IS	431	4143	4143	0	0
IS	432	4035	4030	3	2
IS	433	3958	3955	0	3
IS	434	3916	3912	0	4
IS	435	3908	3906	0	2
IS	436	3599	3596	1	2
IS	437	3643	3639	0	4
IS	438	3707	3703	0	4
IS	439	3576	3573	0	3
IS	440	3563	3556	0	7
IS	441	3416	3416	0	0
IS	442	3383	3382	0	1
IS	443	3359	3353	0	6
IS	444	3224	3216	0	8
IS	445	3211	3207	0	4
IS	446	3240	3236	0	4
IS	447	3152	3149	0	3
IS	448	3022	3020	0	2
IS	449	2967	2962	0	5
IS	450	2977	2974	0	3
IS	451	2902	2896	0	6
IS	452	2856	2854	0	2
IS	453	2849	2846	0	3
IS	454	2638	2633	0	5
IS	455	2773	2770	0	3
IS	456	2698	2696	0	2
IS	457	2538	2536	0	2
IS	458	2532	2530	0	2
IS	459	2524	2521	0	3
IS	460	2445	2443	0	2
IS	461	2418	2413	0	5
IS	462	2384	2384	0	0
IS	463	2385	2384	0	1
# Read lengths. Use `grep ^RL | cut -f 2-` to extract this part. The columns are: read length, count
RL	31	1164
RL	32	1062
RL	33	1030
RL	34	854
RL	35	912
RL	36	822
RL	37	760
RL	38	682
RL	39	668
RL	40	612
RL	41	516
RL	42	540
RL	43	524
RL	44	510
RL	45	464
RL	46	452
RL	47	514
RL	48	420
RL	49	410
RL	50	406
RL	51	400
RL	52	444
RL	53	408
RL	54	432
RL	55	478
RL	56	450
RL	57	510
RL	58	546
RL	59	500
RL	60	522
RL	61	636
RL	62	634
RL	63	728
RL	64	738
RL	65	874
RL	66	878
RL	67	888
RL	68	1028
RL	69	1172
RL	70	1232
RL	71	1382
RL	72	1610
RL	73	1786
RL	74	2028
RL	75	2174
RL	76	2552
RL	77	2614
RL	78	2910
RL	79	3492
RL	80	3728
RL	81	4078
RL	82	4758
RL	83	5256
RL	84	5702
RL	85	6328
RL	86	6926
RL	87	7410
RL	88	8462
RL	89	9164
RL	90	10358
RL	91	10810
RL	92	12116
RL	93	12804
RL	94	14008
RL	95	15078
RL	96	16050
RL	97	17176
RL	98	18694
RL	99	20012
RL	100	27647800
# Read lengths - first fragments. Use `grep ^FRL | cut -f 2-` to extract this part. The columns are: read length, count
FRL	31	582
FRL	32	531
FRL	33	515
FRL	34	427
FRL	35	456
FRL	36	411
FRL	37	380
FRL	38	341
FRL	39	334
FRL	40	306
FRL	41	258
FRL	42	270
FRL	43	262
FRL	44	255
FRL	45	232
FRL	46	226
FRL	47	257
FRL	48	210
FRL	49	205
FRL	50	203
FRL	51	200
FRL	52	222
FRL	53	204
FRL	54	216
FRL	55	239
FRL	56	225
FRL	57	255
FRL	58	273
FRL	59	250
FRL	60	261
FRL	61	318
FRL	62	317
FRL	63	364
FRL	64	369
FRL	65	437
FRL	66	439
FRL	67	444
FRL	68	514
FRL	69	586
FRL	70	616
FRL	71	691
FRL	72	805
FRL	73	893
FRL	74	1014
FRL	75	1087
FRL	76	1276
FRL	77	1307
FRL	78	1455
FRL	79	1746
FRL	80	1864
FRL	81	2039
FRL	82	2379
FRL	83	2628
FRL	84	2851
FRL	85	3164
FRL	86	3463
FRL	87	3705
FRL	88	4231
FRL	89	4582
FRL	90	5179
FRL	91	5405
FRL	92	6058
FRL	93	6402
FRL	94	7004
FRL	95	7539
FRL	96	8025
FRL	97	8588
FRL	98	9347
FRL	99	10006
FRL	100	13823900
# Read lengths - last fragments. Use `grep ^LRL | cut -f 2-` to extract this part. The columns are: read length, count
LRL	31	582
LRL	32	531
LRL	33	515
LRL	34	427
LRL	35	456
LRL	36	411
LRL	37	380
LRL	38	341
LRL	39	334
LRL	40	306
LRL	41	258
LRL	42	270
LRL	43	262
LRL	44	255
LRL	45	232
LRL	46	226
LRL	47	257
LRL	48	210
LRL	49	205
LRL	50	203
LRL	51	200
LRL	52	222
LRL	53	204
LRL	54	216
LRL	55	239
LRL	56	225
LRL	57	255
LRL	58	273
LRL	59	250
LRL	60	261
LRL	61	318
LRL	62	317
LRL	63	364
LRL	64	369
LRL	65	437
LRL	66	439
LRL	67	444
LRL	68	514
LRL	69	586
LRL	70	616
LRL	71	691
LRL	72	805
LRL	73	893
LRL	74	1014
LRL	75	1087
LRL	76	1276
LRL	77	1307
LRL	78	1455
LRL	79	1746
LRL	80	1864
LRL	81	2039
LRL	82	2379
LRL	83	2628
LRL	84	2851
LRL	85	3164
LRL	86	3463
LRL	87	3705
LRL	88	4231
LRL	89	4582
LRL	90	5179
LRL	91	5405
LRL	92	6058
LRL	93	6402
LRL	94	7004
LRL	95	7539
LRL	96	8025
LRL	97	8588
LRL	98	9347
LRL	99	10006
LRL	100	13823900
# Mapping qualities for reads !(UNMAP|SECOND|SUPPL|QCFAIL|DUP). Use `grep ^MAPQ | cut -f 2-` to extract this part. The columns are: mapq, count
MAPQ	0	4060039
MAPQ	1	10003
MAPQ	2	4163
MAPQ	3	16863
MAPQ	4	5773
MAPQ	5	6110
MAPQ	6	7821
MAPQ	7	12553
MAPQ	8	7284
MAPQ	9	18712
MAPQ	10	12081
MAPQ	11	4708
MAPQ	12	6636
MAPQ	13	9760
MAPQ	14	3977
MAPQ	15	15344
MAPQ	16	7148
MAPQ	17	10714
MAPQ	18	10625
MAPQ	19	21192
MAPQ	20	40800
MAPQ	21	32895
MAPQ	22	62776
MAPQ	23	51569
MAPQ	24	77715
MAPQ	25	146438
MAPQ	26	6228
MAPQ	27	286788
MAPQ	28	3519
MAPQ	29	2873
MAPQ	30	4843
MAPQ	31	8223
MAPQ	32	2231
MAPQ	33	16175
MAPQ	34	3830
MAPQ	35	3845
MAPQ	36	5929
MAPQ	37	11548
MAPQ	38	4340
MAPQ	39	21405
MAPQ	40	319108
MAPQ	41	6351
MAPQ	42	16960
MAPQ	43	20410
MAPQ	44	15242
MAPQ	45	44290
MAPQ	46	28137
MAPQ	47	59764
MAPQ	48	79715
MAPQ	49	54072
MAPQ	50	232771
MAPQ	51	11769
MAPQ	52	24282
MAPQ	53	9638
MAPQ	54	12075
MAPQ	55	31702
MAPQ	56	1453
MAPQ	57	37387
MAPQ	58	1577
MAPQ	59	3650
MAPQ	60	21834994
# Indel distribution. Use `grep ^ID | cut -f 2-` to extract this part. The columns are: length, number of insertions, number of deletions
ID	1	66743	90717
ID	2	18191	25658
ID	3	8762	11968
ID	4	8297	11455
ID	5	4110	3549
ID	6	2019	3384
ID	7	732	1153
ID	8	1126	1972
ID	9	700	750
ID	10	711	1226
ID	11	233	625
ID	12	536	888
ID	13	131	409
ID	14	189	414
ID	15	144	370
ID	16	113	369
ID	17	50	175
ID	18	116	375
ID	19	42	73
ID	20	34	247
ID	21	47	104
ID	22	10	84
ID	23	11	43
ID	24	13	116
ID	25	1	24
ID	26	10	50
ID	27	1	49
ID	28	3	24
ID	29	0	3
ID	30	0	19
ID	31	0	9
ID	32	0	6
ID	33	0	1
ID	34	0	7
ID	35	0	11
ID	36	0	10
ID	38	0	5
ID	40	0	1
ID	42	0	4
# Indels per cycle. Use `grep ^IC | cut -f 2-` to extract this part. The columns are: cycle, number of insertions (fwd), .. (rev) , number of deletions (fwd), .. (rev)
IC	2	0	0	1	0
IC	3	0	0	329	312
IC	4	328	307	376	373
IC	5	387	370	445	406
IC	6	433	383	501	482
IC	7	446	450	540	532
IC	8	467	446	641	604
IC	9	530	465	664	652
IC	10	567	521	660	659
IC	11	621	572	728	711
IC	12	591	517	778	841
IC	13	619	603	788	794
IC	14	575	605	795	815
IC	15	614	630	802	777
IC	16	645	593	802	794
IC	17	628	583	810	857
IC	18	669	646	891	895
IC	19	726	684	917	908
IC	20	686	654	897	829
IC	21	662	664	882	903
IC	22	726	643	926	924
IC	23	708	689	936	862
IC	24	719	658	890	883
IC	25	704	615	965	920
IC	26	644	706	943	955
IC	27	716	668	931	891
IC	28	644	619	910	947
IC	29	659	709	862	865
IC	30	692	693	932	876
IC	31	713	671	921	895
IC	32	670	636	845	851
IC	33	681	649	884	870
IC	34	700	617	853	877
IC	35	671	654	824	835
IC	36	687	650	913	825
IC	37	676	634	931	951
IC	38	636	630	941	813
IC	39	665	648	872	829
IC	40	717	668	829	841
IC	41	615	602	887	841
IC	42	661	634	876	845
IC	43	687	653	876	942
IC	44	681	627	896	886
IC	45	684	619	900	866
IC	46	710	624	941	867
IC	47	637	667	896	947
IC	48	672	628	919	867
IC	49	674	573	921	872
IC	50	680	652	955	878
IC	51	675	692	955	915
IC	52	642	657	918	860
IC	53	652	627	888	833
IC	54	713	632	885	852
IC	55	684	649	905	916
IC	56	670	603	920	839
IC	57	700	616	938	924
IC	58	630	615	955	852
IC	59	622	606	920	908
IC	60	719	625	981	921
IC	61	661	617	980	921
IC	62	657	639	1020	899
IC	63	685	665	974	853
IC	64	665	661	1000	947
IC	65	686	659	976	882
IC	66	619	648	1016	867
IC	67	672	646	943	897
IC	68	675	654	957	896
IC	69	698	680	929	939
IC	70	621	655	953	922
IC	71	676	660	945	950
IC	72	620	607	958	945
IC	73	624	603	936	899
IC	74	622	588	947	917
IC	75	659	654	967	912
IC	76	619	625	972	960
IC	77	638	588	892	842
IC	78	599	557	937	877
IC	79	604	536	867	862
IC	80	624	558	881	846
IC	81	599	613	851	913
IC	82	609	640	793	859
IC	83	529	566	907	790
IC	84	509	536	781	833
IC	85	522	565	840	832
IC	86	495	546	745	730
IC	87	538	519	757	735
IC	88	463	491	705	706
IC	89	473	525	720	693
IC	90	414	478	681	670
IC	91	445	532	647	677
IC	92	382	493	632	628
IC	93	379	445	577	547
IC	94	335	441	478	610
IC	95	330	538	468	561
IC	96	261	397	438	522
IC	97	222	440	314	451
IC	98	0	0	0	1
# Coverage distribution. Use `grep ^COV | cut -f 2-` to extract this part.
COV	[1-1]	1	174940434
COV	[2-2]	2	49683836
COV	[3-3]	3	14712760
COV	[4-4]	4	11008802
COV	[5-5]	5	8309804
COV	[6-6]	6	7181206
COV	[7-7]	7	6390945
COV	[8-8]	8	5825119
COV	[9-9]	9	5389461
COV	[10-10]	10	5030566
COV	[11-11]	11	4749256
COV	[12-12]	12	4478252
COV	[13-13]	13	4252182
COV	[14-14]	14	4036230
COV	[15-15]	15	3843722
COV	[16-16]	16	3646121
COV	[17-17]	17	3442267
COV	[18-18]	18	3249140
COV	[19-19]	19	3053367
COV	[20-20]	20	2872688
COV	[21-21]	21	2695157
COV	[22-22]	22	2525719
COV	[23-23]	23	2363463
COV	[24-24]	24	2201721
COV	[25-25]	25	2056512
COV	[26-26]	26	1914162
COV	[27-27]	27	1776278
COV	[28-28]	28	1650805
COV	[29-29]	29	1531910
COV	[30-30]	30	1422213
COV	[31-31]	31	1318636
COV	[32-32]	32	1221067
COV	[33-33]	33	1132439
COV	[34-34]	34	1049736
COV	[35-35]	35	973450
COV	[36-36]	36	902851
COV	[37-37]	37	834254
COV	[38-38]	38	770831
COV	[39-39]	39	714771
COV	[40-40]	40	660543
COV	[41-41]	41	614796
COV	[42-42]	42	569879
COV	[43-43]	43	529166
COV	[44-44]	44	491190
COV	[45-45]	45	458107
COV	[46-46]	46	424112
COV	[47-47]	47	395913
COV	[48-48]	48	369301
COV	[49-49]	49	343698
COV	[50-50]	50	319147
COV	[51-51]	51	298419
COV	[52-52]	52	279743
COV	[53-53]	53	260213
COV	[54-54]	54	244438
COV	[55-55]	55	230242
COV	[56-56]	56	214924
COV	[57-57]	57	203173
COV	[58-58]	58	191057
COV	[59-59]	59	180161
COV	[60-60]	60	170423
COV	[61-61]	61	159951
COV	[62-62]	62	151163
COV	[63-63]	63	143738
COV	[64-64]	64	136607
COV	[65-65]	65	127971
COV	[66-66]	66	120808
COV	[67-67]	67	116493
COV	[68-68]	68	110183
COV	[69-69]	69	105043
COV	[70-70]	70	99254
COV	[71-71]	71	94606
COV	[72-72]	72	90404
COV	[73-73]	73	86462
COV	[74-74]	74	82635
COV	[75-75]	75	78987
COV	[76-76]	76	75678
COV	[77-77]	77	72521
COV	[78-78]	78	69647
COV	[79-79]	79	66750
COV	[80-80]	80	63992
COV	[81-81]	81	61647
COV	[82-82]	82	58584
COV	[83-83]	83	56542
COV	[84-84]	84	54379
COV	[85-85]	85	52897
COV	[86-86]	86	50490
COV	[87-87]	87	48426
COV	[88-88]	88	46351
COV	[89-89]	89	44608
COV	[90-90]	90	43724
COV	[91-91]	91	41363
COV	[92-92]	92	40195
COV	[93-93]	93	39152
COV	[94-94]	94	37631
COV	[95-95]	95	36140
COV	[96-96]	96	35041
COV	[97-97]	97	34446
COV	[98-98]	98	32936
COV	[99-99]	99	31724
COV	[100-100]	100	30846
COV	[101-101]	101	30016
COV	[102-102]	102	29548
COV	[103-103]	103	28797
COV	[104-104]	104	27995
COV	[105-105]	105	26780
COV	[106-106]	106	26461
COV	[107-107]	107	25237
COV	[108-108]	108	24821
COV	[109-109]	109	24135
COV	[110-110]	110	23117
COV	[111-111]	111	22455
COV	[112-112]	112	22167
COV	[113-113]	113	21549
COV	[114-114]	114	20963
COV	[115-115]	115	20593
COV	[116-116]	116	19629
COV	[117-117]	117	19649
COV	[118-118]	118	19071
COV	[119-119]	119	18529
COV	[120-120]	120	18226
COV	[121-121]	121	17534
COV	[122-122]	122	16972
COV	[123-123]	123	16505
COV	[124-124]	124	16151
COV	[125-125]	125	15947
COV	[126-126]	126	14983
COV	[127-127]	127	15010
COV	[128-128]	128	14718
COV	[129-129]	129	14395
COV	[130-130]	130	13905
COV	[131-131]	131	13644
COV	[132-132]	132	13294
COV	[133-133]	133	12895
COV	[134-134]	134	12603
COV	[135-135]	135	12051
COV	[136-136]	136	11822
COV	[137-137]	137	11504
COV	[138-138]	138	11493
COV	[139-139]	139	11044
COV	[140-140]	140	10529
COV	[141-141]	141	10299
COV	[142-142]	142	10144
COV	[143-143]	143	9939
COV	[144-144]	144	9585
COV	[145-145]	145	9436
COV	[146-146]	146	9216
COV	[147-147]	147	9034
COV	[148-148]	148	8930
COV	[149-149]	149	8555
COV	[150-150]	150	8332
COV	[151-151]	151	8475
COV	[152-152]	152	8236
COV	[153-153]	153	8072
COV	[154-154]	154	7894
COV	[155-155]	155	7838
COV	[156-156]	156	7731
COV	[157-157]	157	7611
COV	[158-158]	158	7251
COV	[159-159]	159	7262
COV	[160-160]	160	7118
COV	[161-161]	161	6761
COV	[162-162]	162	6706
COV	[163-163]	163	6629
COV	[164-164]	164	6319
COV	[165-165]	165	6226
COV	[166-166]	166	5916
COV	[167-167]	167	5848
COV	[168-168]	168	5742
COV	[169-169]	169	5722
COV	[170-170]	170	5433
COV	[171-171]	171	5334
COV	[172-172]	172	5312
COV	[173-173]	173	4960
COV	[174-174]	174	4944
COV	[175-175]	175	4676
COV	[176-176]	176	4571
COV	[177-177]	177	4531
COV	[178-178]	178	4441
COV	[179-179]	179	4483
COV	[180-180]	180	4248
COV	[181-181]	181	4267
COV	[182-182]	182	4033
COV	[183-183]	183	3919
COV	[184-184]	184	3958
COV	[185-185]	185	3870
COV	[186-186]	186	3746
COV	[187-187]	187	3674
COV	[188-188]	188	3628
COV	[189-189]	189	3437
COV	[190-190]	190	3381
COV	[191-191]	191	3240
COV	[192-192]	192	3125
COV	[193-193]	193	3209
COV	[194-194]	194	2943
COV	[195-195]	195	2978
COV	[196-196]	196	2819
COV	[197-197]	197	2915
COV	[198-198]	198	2750
COV	[199-199]	199	2832
COV	[200-200]	200	2810
COV	[201-201]	201	2677
COV	[202-202]	202	2702
COV	[203-203]	203	2627
COV	[204-204]	204	2516
COV	[205-205]	205	2534
COV	[206-206]	206	2432
COV	[207-207]	207	2347
COV	[208-208]	208	2430
COV	[209-209]	209	2266
COV	[210-210]	210	2197
COV	[211-211]	211	2201
COV	[212-212]	212	2060
COV	[213-213]	213	2029
COV	[214-214]	214	2046
COV	[215-215]	215	2113
COV	[216-216]	216	1862
COV	[217-217]	217	1772
COV	[218-218]	218	1766
COV	[219-219]	219	1776
COV	[220-220]	220	1679
COV	[221-221]	221	1717
COV	[222-222]	222	1676
COV	[223-223]	223	1650
COV	[224-224]	224	1598
COV	[225-225]	225	1557
COV	[226-226]	226	1520
COV	[227-227]	227	1541
COV	[228-228]	228	1539
COV	[229-229]	229	1452
COV	[230-230]	230	1476
COV	[231-231]	231	1434
COV	[232-232]	232	1333
COV	[233-233]	233	1373
COV	[234-234]	234	1323
COV	[235-235]	235	1261
COV	[236-236]	236	1245
COV	[237-237]	237	1232
COV	[238-238]	238	1275
COV	[239-239]	239	1223
COV	[240-240]	240	1167
COV	[241-241]	241	1142
COV	[242-242]	242	1187
COV	[243-243]	243	1124
COV	[244-244]	244	1142
COV	[245-245]	245	1081
COV	[246-246]	246	1168
COV	[247-247]	247	1104
COV	[248-248]	248	1075
COV	[249-249]	249	1037
COV	[250-250]	250	1094
COV	[251-251]	251	1083
COV	[252-252]	252	1096
COV	[253-253]	253	1089
COV	[254-254]	254	997
COV	[255-255]	255	972
COV	[256-256]	256	974
COV	[257-257]	257	950
COV	[258-258]	258	909
COV	[259-259]	259	889
COV	[260-260]	260	889
COV	[261-261]	261	814
COV	[262-262]	262	822
COV	[263-263]	263	858
COV	[264-264]	264	825
COV	[265-265]	265	746
COV	[266-266]	266	766
COV	[267-267]	267	734
COV	[268-268]	268	720
COV	[269-269]	269	753
COV	[270-270]	270	785
COV	[271-271]	271	685
COV	[272-272]	272	711
COV	[273-273]	273	667
COV	[274-274]	274	642
COV	[275-275]	275	630
COV	[276-276]	276	612
COV	[277-277]	277	615
COV	[278-278]	278	612
COV	[279-279]	279	619
COV	[280-280]	280	577
COV	[281-281]	281	611
COV	[282-282]	282	622
COV	[283-283]	283	559
COV	[284-284]	284	564
COV	[285-285]	285	597
COV	[286-286]	286	566
COV	[287-287]	287	594
COV	[288-288]	288	569
COV	[289-289]	289	518
COV	[290-290]	290	553
COV	[291-291]	291	499
COV	[292-292]	292	539
COV	[293-293]	293	550
COV	[294-294]	294	508
COV	[295-295]	295	512
COV	[296-296]	296	514
COV	[297-297]	297	508
COV	[298-298]	298	532
COV	[299-299]	299	528
COV	[300-300]	300	550
COV	[301-301]	301	526
COV	[302-302]	302	519
COV	[303-303]	303	484
COV	[304-304]	304	475
COV	[305-305]	305	524
COV	[306-306]	306	471
COV	[307-307]	307	473
COV	[308-308]	308	491
COV	[309-309]	309	454
COV	[310-310]	310	468
COV	[311-311]	311	430
COV	[312-312]	312	439
COV	[313-313]	313	414
COV	[314-314]	314	416
COV	[315-315]	315	468
COV	[316-316]	316	433
COV	[317-317]	317	405
COV	[318-318]	318	402
COV	[319-319]	319	396
COV	[320-320]	320	366
COV	[321-321]	321	381
COV	[322-322]	322	371
COV	[323-323]	323	388
COV	[324-324]	324	338
COV	[325-325]	325	337
COV	[326-326]	326	351
COV	[327-327]	327	372
COV	[328-328]	328	372
COV	[329-329]	329	336
COV	[330-330]	330	324
COV	[331-331]	331	317
COV	[332-332]	332	339
COV	[333-333]	333	364
COV	[334-334]	334	388
COV	[335-335]	335	335
COV	[336-336]	336	348
COV	[337-337]	337	322
COV	[338-338]	338	358
COV	[339-339]	339	348
COV	[340-340]	340	346
COV	[341-341]	341	315
COV	[342-342]	342	315
COV	[343-343]	343	315
COV	[344-344]	344	303
COV	[345-345]	345	311
COV	[346-346]	346	343
COV	[347-347]	347	327
COV	[348-348]	348	308
COV	[349-349]	349	309
COV	[350-350]	350	267
COV	[351-351]	351	294
COV	[352-352]	352	264
COV	[353-353]	353	263
COV	[354-354]	354	257
COV	[355-355]	355	272
COV	[356-356]	356	285
COV	[357-357]	357	268
COV	[358-358]	358	275
COV	[359-359]	359	238
COV	[360-360]	360	289
COV	[361-361]	361	267
COV	[362-362]	362	268
COV	[363-363]	363	293
COV	[364-364]	364	252
COV	[365-365]	365	240
COV	[366-366]	366	273
COV	[367-367]	367	249
COV	[368-368]	368	252
COV	[369-369]	369	263
COV	[370-370]	370	241
COV	[371-371]	371	203
COV	[372-372]	372	225
COV	[373-373]	373	245
COV	[374-374]	374	204
COV	[375-375]	375	245
COV	[376-376]	376	234
COV	[377-377]	377	226
COV	[378-378]	378	226
COV	[379-379]	379	228
COV	[380-380]	380	224
COV	[381-381]	381	221
COV	[382-382]	382	208
COV	[383-383]	383	208
COV	[384-384]	384	180
COV	[385-385]	385	183
COV	[386-386]	386	142
COV	[387-387]	387	186
COV	[388-388]	388	182
COV	[389-389]	389	231
COV	[390-390]	390	201
COV	[391-391]	391	199
COV	[392-392]	392	196
COV	[393-393]	393	177
COV	[394-394]	394	189
COV	[395-395]	395	189
COV	[396-396]	396	190
COV	[397-397]	397	192
COV	[398-398]	398	191
COV	[399-399]	399	179
COV	[400-400]	400	174
COV	[401-401]	401	161
COV	[402-402]	402	171
COV	[403-403]	403	187
COV	[404-404]	404	204
COV	[405-405]	405	177
COV	[406-406]	406	177
COV	[407-407]	407	123
COV	[408-408]	408	145
COV	[409-409]	409	154
COV	[410-410]	410	115
COV	[411-411]	411	127
COV	[412-412]	412	132
COV	[413-413]	413	131
COV	[414-414]	414	129
COV	[415-415]	415	152
COV	[416-416]	416	144
COV	[417-417]	417	140
COV	[418-418]	418	123
COV	[419-419]	419	139
COV	[420-420]	420	138
COV	[421-421]	421	129
COV	[422-422]	422	117
COV	[423-423]	423	128
COV	[424-424]	424	116
COV	[425-425]	425	117
COV	[426-426]	426	106
COV	[427-427]	427	127
COV	[428-428]	428	125
COV	[429-429]	429	122
COV	[430-430]	430	100
COV	[431-431]	431	101
COV	[432-432]	432	111
COV	[433-433]	433	110
COV	[434-434]	434	114
COV	[435-435]	435	130
COV	[436-436]	436	145
COV	[437-437]	437	131
COV	[438-438]	438	109
COV	[439-439]	439	102
COV	[440-440]	440	121
COV	[441-441]	441	114
COV	[442-442]	442	108
COV	[443-443]	443	123
COV	[444-444]	444	116
COV	[445-445]	445	113
COV	[446-446]	446	116
COV	[447-447]	447	86
COV	[448-448]	448	123
COV	[449-449]	449	111
COV	[450-450]	450	116
COV	[451-451]	451	104
COV	[452-452]	452	104
COV	[453-453]	453	103
COV	[454-454]	454	103
COV	[455-455]	455	90
COV	[456-456]	456	104
COV	[457-457]	457	109
COV	[458-458]	458	103
COV	[459-459]	459	130
COV	[460-460]	460	80
COV	[461-461]	461	101
COV	[462-462]	462	122
COV	[463-463]	463	100
COV	[464-464]	464	111
COV	[465-465]	465	96
COV	[466-466]	466	121
COV	[467-467]	467	107
COV	[468-468]	468	97
COV	[469-469]	469	94
COV	[470-470]	470	104
COV	[471-471]	471	100
COV	[472-472]	472	108
COV	[473-473]	473	77
COV	[474-474]	474	82
COV	[475-475]	475	87
COV	[476-476]	476	95
COV	[477-477]	477	82
COV	[478-478]	478	86
COV	[479-479]	479	79
COV	[480-480]	480	80
COV	[481-481]	481	89
COV	[482-482]	482	77
COV	[483-483]	483	86
COV	[484-484]	484	80
COV	[485-485]	485	73
COV	[486-486]	486	80
COV	[487-487]	487	86
COV	[488-488]	488	80
COV	[489-489]	489	87
COV	[490-490]	490	67
COV	[491-491]	491	89
COV	[492-492]	492	83
COV	[493-493]	493	73
COV	[494-494]	494	72
COV	[495-495]	495	80
COV	[496-496]	496	80
COV	[497-497]	497	66
COV	[498-498]	498	64
COV	[499-499]	499	64
COV	[500-500]	500	75
COV	[501-501]	501	74
COV	[502-502]	502	88
COV	[503-503]	503	76
COV	[504-504]	504	66
COV	[505-505]	505	66
COV	[506-506]	506	59
COV	[507-507]	507	75
COV	[508-508]	508	55
COV	[509-509]	509	69
COV	[510-510]	510	57
COV	[511-511]	511	65
COV	[512-512]	512	56
COV	[513-513]	513	45
COV	[514-514]	514	50
COV	[515-515]	515	44
COV	[516-516]	516	50
COV	[517-517]	517	49
COV	[518-518]	518	58
COV	[519-519]	519	59
COV	[520-520]	520	59
COV	[521-521]	521	48
COV	[522-522]	522	69
COV	[523-523]	523	36
COV	[524-524]	524	64
COV	[525-525]	525	61
COV	[526-526]	526	45
COV	[527-527]	527	57
COV	[528-528]	528	80
COV	[529-529]	529	72
COV	[530-530]	530	63
COV	[531-531]	531	64
COV	[532-532]	532	60
COV	[533-533]	533	76
COV	[534-534]	534	58
COV	[535-535]	535	62
COV	[536-536]	536	68
COV	[537-537]	537	56
COV	[538-538]	538	49
COV	[539-539]	539	61
COV	[540-540]	540	56
COV	[541-541]	541	69
COV	[542-542]	542	51
COV	[543-543]	543	51
COV	[544-544]	544	38
COV	[545-545]	545	51
COV	[546-546]	546	49
COV	[547-547]	547	50
COV	[548-548]	548	39
COV	[549-549]	549	41
COV	[550-550]	550	47
COV	[551-551]	551	42
COV	[552-552]	552	45
COV	[553-553]	553	39
COV	[554-554]	554	32
COV	[555-555]	555	47
COV	[556-556]	556	31
COV	[557-557]	557	40
COV	[558-558]	558	30
COV	[559-559]	559	26
COV	[560-560]	560	38
COV	[561-561]	561	48
COV	[562-562]	562	46
COV	[563-563]	563	38
COV	[564-564]	564	36
COV	[565-565]	565	42
COV	[566-566]	566	49
COV	[567-567]	567	46
COV	[568-568]	568	45
COV	[569-569]	569	47
COV	[570-570]	570	31
COV	[571-571]	571	33
COV	[572-572]	572	43
COV	[573-573]	573	48
COV	[574-574]	574	40
COV	[575-575]	575	53
COV	[576-576]	576	39
COV	[577-577]	577	38
COV	[578-578]	578	34
COV	[579-579]	579	46
COV	[580-580]	580	40
COV	[581-581]	581	40
COV	[582-582]	582	48
COV	[583-583]	583	41
COV	[584-584]	584	38
COV	[585-585]	585	35
COV	[586-586]	586	34
COV	[587-587]	587	34
COV	[588-588]	588	38
COV	[589-589]	589	37
COV	[590-590]	590	37
COV	[591-591]	591	37
COV	[592-592]	592	29
COV	[593-593]	593	30
COV	[594-594]	594	32
COV	[595-595]	595	37
COV	[596-596]	596	40
COV	[597-597]	597	36
COV	[598-598]	598	33
COV	[599-599]	599	34
COV	[600-600]	600	39
COV	[601-601]	601	29
COV	[602-602]	602	37
COV	[603-603]	603	43
COV	[604-604]	604	32
COV	[605-605]	605	43
COV	[606-606]	606	29
COV	[607-607]	607	48
COV	[608-608]	608	31
COV	[609-609]	609	26
COV	[610-610]	610	33
COV	[611-611]	611	18
COV	[612-612]	612	29
COV	[613-613]	613	32
COV	[614-614]	614	28
COV	[615-615]	615	31
COV	[616-616]	616	36
COV	[617-617]	617	26
COV	[618-618]	618	25
COV	[619-619]	619	24
COV	[620-620]	620	30
COV	[621-621]	621	29
COV	[622-622]	622	26
COV	[623-623]	623	30
COV	[624-624]	624	32
COV	[625-625]	625	35
COV	[626-626]	626	28
COV	[627-627]	627	29
COV	[628-628]	628	23
COV	[629-629]	629	26
COV	[630-630]	630	27
COV	[631-631]	631	20
COV	[632-632]	632	20
COV	[633-633]	633	37
COV	[634-634]	634	22
COV	[635-635]	635	19
COV	[636-636]	636	24
COV	[637-637]	637	24
COV	[638-638]	638	35
COV	[639-639]	639	25
COV	[640-640]	640	31
COV	[641-641]	641	34
COV	[642-642]	642	25
COV	[643-643]	643	31
COV	[644-644]	644	26
COV	[645-645]	645	29
COV	[646-646]	646	26
COV	[647-647]	647	27
COV	[648-648]	648	31
COV	[649-649]	649	28
COV	[650-650]	650	32
COV	[651-651]	651	20
COV	[652-652]	652	20
COV	[653-653]	653	20
COV	[654-654]	654	21
COV	[655-655]	655	29
COV	[656-656]	656	25
COV	[657-657]	657	20
COV	[658-658]	658	21
COV	[659-659]	659	20
COV	[660-660]	660	19
COV	[661-661]	661	19
COV	[662-662]	662	21
COV	[663-663]	663	25
COV	[664-664]	664	31
COV	[665-665]	665	27
COV	[666-666]	666	20
COV	[667-667]	667	23
COV	[668-668]	668	27
COV	[669-669]	669	17
COV	[670-670]	670	17
COV	[671-671]	671	26
COV	[672-672]	672	26
COV	[673-673]	673	22
COV	[674-674]	674	17
COV	[675-675]	675	17
COV	[676-676]	676	18
COV	[677-677]	677	23
COV	[678-678]	678	17
COV	[679-679]	679	24
COV	[680-680]	680	17
COV	[681-681]	681	14
COV	[682-682]	682	13
COV	[683-683]	683	13
COV	[684-684]	684	19
COV	[685-685]	685	16
COV	[686-686]	686	16
COV	[687-687]	687	14
COV	[688-688]	688	16
COV	[689-689]	689	14
COV	[690-690]	690	17
COV	[691-691]	691	17
COV	[692-692]	692	21
COV	[693-693]	693	16
COV	[694-694]	694	13
COV	[695-695]	695	24
COV	[696-696]	696	19
COV	[697-697]	697	17
COV	[698-698]	698	23
COV	[699-699]	699	17
COV	[700-700]	700	15
COV	[701-701]	701	17
COV	[702-702]	702	16
COV	[703-703]	703	18
COV	[704-704]	704	17
COV	[705-705]	705	19
COV	[706-706]	706	21
COV	[707-707]	707	19
COV	[708-708]	708	19
COV	[709-709]	709	61
COV	[710-710]	710	19
COV	[711-711]	711	20
COV	[712-712]	712	13
COV	[713-713]	713	12
COV	[714-714]	714	14
COV	[715-715]	715	9
COV	[716-716]	716	18
COV	[717-717]	717	9
COV	[718-718]	718	14
COV	[719-719]	719	15
COV	[720-720]	720	17
COV	[721-721]	721	9
COV	[722-722]	722	19
COV	[723-723]	723	8
COV	[724-724]	724	12
COV	[725-725]	725	17
COV	[726-726]	726	21
COV	[727-727]	727	15
COV	[728-728]	728	15
COV	[729-729]	729	13
COV	[730-730]	730	14
COV	[731-731]	731	17
COV	[732-732]	732	18
COV	[733-733]	733	13
COV	[734-734]	734	12
COV	[735-735]	735	15
COV	[736-736]	736	26
COV	[737-737]	737	22
COV	[738-738]	738	17
COV	[739-739]	739	13
COV	[740-740]	740	22
COV	[741-741]	741	19
COV	[742-742]	742	13
COV	[743-743]	743	17
COV	[744-744]	744	16
COV	[745-745]	745	13
COV	[746-746]	746	15
COV	[747-747]	747	23
COV	[748-748]	748	13
COV	[749-749]	749	13
COV	[750-750]	750	9
COV	[751-751]	751	9
COV	[752-752]	752	13
COV	[753-753]	753	15
COV	[754-754]	754	6
COV	[755-755]	755	11
COV	[756-756]	756	8
COV	[757-757]	757	11
COV	[758-758]	758	8
COV	[759-759]	759	9
COV	[760-760]	760	17
COV	[761-761]	761	10
COV	[762-762]	762	8
COV	[763-763]	763	15
COV	[764-764]	764	9
COV	[765-765]	765	10
COV	[766-766]	766	7
COV	[767-767]	767	8
COV	[768-768]	768	4
COV	[769-769]	769	4
COV	[770-770]	770	3
COV	[771-771]	771	6
COV	[772-772]	772	8
COV	[773-773]	773	4
COV	[774-774]	774	12
COV	[775-775]	775	5
COV	[776-776]	776	7
COV	[777-777]	777	10
COV	[778-778]	778	9
COV	[779-779]	779	10
COV	[780-780]	780	5
COV	[781-781]	781	4
COV	[782-782]	782	4
COV	[783-783]	783	8
COV	[784-784]	784	13
COV	[785-785]	785	15
COV	[786-786]	786	10
COV	[787-787]	787	4
COV	[788-788]	788	6
COV	[789-789]	789	11
COV	[790-790]	790	8
COV	[791-791]	791	11
COV	[792-792]	792	22
COV	[793-793]	793	13
COV	[794-794]	794	10
COV	[795-795]	795	9
COV	[796-796]	796	8
COV	[797-797]	797	7
COV	[798-798]	798	9
COV	[799-799]	799	7
COV	[800-800]	800	9
COV	[801-801]	801	9
COV	[802-802]	802	1
COV	[803-803]	803	4
COV	[804-804]	804	6
COV	[805-805]	805	3
COV	[806-806]	806	6
COV	[807-807]	807	1
COV	[808-808]	808	7
COV	[809-809]	809	10
COV	[810-810]	810	5
COV	[811-811]	811	7
COV	[812-812]	812	8
COV	[813-813]	813	5
COV	[814-814]	814	6
COV	[815-815]	815	5
COV	[816-816]	816	6
COV	[817-817]	817	9
COV	[818-818]	818	9
COV	[819-819]	819	4
COV	[820-820]	820	5
COV	[821-821]	821	9
COV	[822-822]	822	6
COV	[823-823]	823	6
COV	[824-824]	824	7
COV	[825-825]	825	7
COV	[826-826]	826	4
COV	[827-827]	827	9
COV	[828-828]	828	3
COV	[829-829]	829	7
COV	[830-830]	830	8
COV	[831-831]	831	3
COV	[832-832]	832	6
COV	[833-833]	833	3
COV	[834-834]	834	6
COV	[835-835]	835	3
COV	[836-836]	836	5
COV	[837-837]	837	4
COV	[838-838]	838	6
COV	[839-839]	839	4
COV	[840-840]	840	7
COV	[841-841]	841	3
COV	[842-842]	842	2
COV	[843-843]	843	3
COV	[844-844]	844	1
COV	[845-845]	845	4
COV	[846-846]	846	5
COV	[847-847]	847	4
COV	[848-848]	848	5
COV	[849-849]	849	1
COV	[850-850]	850	5
COV	[851-851]	851	3
COV	[852-852]	852	4
COV	[853-853]	853	11
COV	[854-854]	854	1
COV	[855-855]	855	3
COV	[856-856]	856	7
COV	[857-857]	857	1
COV	[858-858]	858	1
COV	[859-859]	859	1
COV	[860-860]	860	1
COV	[861-861]	861	3
COV	[862-862]	862	4
COV	[863-863]	863	3
COV	[865-865]	865	2
COV	[866-866]	866	1
COV	[867-867]	867	3
COV	[868-868]	868	2
COV	[869-869]	869	1
COV	[870-870]	870	2
COV	[872-872]	872	4
COV	[877-877]	877	2
COV	[879-879]	879	1
COV	[880-880]	880	2
COV	[881-881]	881	4
COV	[882-882]	882	1
COV	[883-883]	883	2
COV	[884-884]	884	1
COV	[885-885]	885	3
COV	[887-887]	887	2
COV	[888-888]	888	7
COV	[889-889]	889	3
COV	[890-890]	890	2
COV	[891-891]	891	2
COV	[894-894]	894	2
COV	[895-895]	895	6
COV	[896-896]	896	2
COV	[897-897]	897	3
COV	[898-898]	898	1
COV	[899-899]	899	2
COV	[900-900]	900	2
COV	[901-901]	901	2
COV	[902-902]	902	3
COV	[903-903]	903	1
COV	[904-904]	904	2
COV	[905-905]	905	4
COV	[906-906]	906	1
COV	[907-907]	907	1
COV	[908-908]	908	6
COV	[910-910]	910	2
COV	[911-911]	911	1
COV	[912-912]	912	1
COV	[913-913]	913	4
COV	[914-914]	914	3
COV	[916-916]	916	5
COV	[917-917]	917	3
COV	[918-918]	918	1
COV	[919-919]	919	2
COV	[920-920]	920	5
COV	[922-922]	922	3
COV	[923-923]	923	2
COV	[924-924]	924	1
COV	[925-925]	925	3
COV	[926-926]	926	7
COV	[927-927]	927	2
COV	[928-928]	928	1
COV	[929-929]	929	1
COV	[930-930]	930	4
COV	[931-931]	931	5
COV	[932-932]	932	1
COV	[933-933]	933	2
COV	[934-934]	934	1
COV	[935-935]	935	4
COV	[937-937]	937	2
COV	[938-938]	938	1
COV	[939-939]	939	4
COV	[940-940]	940	5
COV	[941-941]	941	3
COV	[942-942]	942	4
COV	[943-943]	943	5
COV	[944-944]	944	2
COV	[945-945]	945	4
COV	[946-946]	946	5
COV	[947-947]	947	7
COV	[948-948]	948	3
COV	[949-949]	949	7
COV	[950-950]	950	23
COV	[952-952]	952	2
COV	[953-953]	953	2
COV	[954-954]	954	2
COV	[955-955]	955	4
COV	[956-956]	956	1
COV	[958-958]	958	1
COV	[959-959]	959	4
COV	[960-960]	960	8
COV	[961-961]	961	1
COV	[962-962]	962	2
COV	[963-963]	963	2
COV	[964-964]	964	1
COV	[965-965]	965	2
COV	[966-966]	966	4
COV	[967-967]	967	1
COV	[968-968]	968	2
COV	[971-971]	971	1
COV	[972-972]	972	1
COV	[973-973]	973	1
COV	[974-974]	974	1
COV	[978-978]	978	2
COV	[979-979]	979	2
COV	[980-980]	980	1
COV	[982-982]	982	4
COV	[983-983]	983	4
COV	[984-984]	984	4
COV	[986-986]	986	1
COV	[987-987]	987	2
COV	[988-988]	988	4
COV	[989-989]	989	1
COV	[990-990]	990	1
COV	[991-991]	991	7
COV	[992-992]	992	1
COV	[993-993]	993	2
COV	[994-994]	994	1
COV	[995-995]	995	3
COV	[996-996]	996	3
COV	[997-997]	997	1
COV	[998-998]	998	3
COV	[1000-1000]	1000	5
COV	[1000<]	1000	1036
# GC-depth. Use `grep ^GCD | cut -f 2-` to extract this part. The columns are: GC%, unique sequence percentiles, 10th, 25th, 50th, 75th and 90th depth percentile
GCD	0.0	0.029	0.005	0.005	0.005	0.005	0.010
GCD	0.4	0.029	0.005	0.005	0.005	0.005	0.005
GCD	4.0	0.030	0.015	0.015	0.015	0.015	0.015
GCD	5.0	0.031	0.040	0.040	0.040	0.040	0.040
GCD	9.0	0.031	0.010	0.010	0.010	0.010	0.010
GCD	11.0	0.033	0.010	0.010	0.015	0.020	0.020
GCD	12.0	0.036	0.015	0.037	0.162	0.385	0.439
GCD	13.0	0.037	0.175	0.175	2.732	5.288	5.288
GCD	14.0	0.039	0.015	0.015	0.020	0.380	0.380
GCD	15.0	0.042	0.010	0.010	0.055	0.075	0.075
GCD	16.0	0.045	0.005	0.005	0.040	1.210	1.588
GCD	17.0	0.048	0.045	0.082	0.130	0.250	0.295
GCD	18.0	0.052	0.020	0.065	0.220	0.709	0.739
GCD	19.0	0.060	0.010	0.010	0.035	0.145	0.394
GCD	20.0	0.068	0.011	0.050	0.100	0.155	0.310
GCD	21.0	0.076	0.020	0.060	0.075	0.170	0.948
GCD	22.0	0.086	0.007	0.020	0.065	0.406	6.742
GCD	23.0	0.103	0.014	0.040	0.060	0.140	0.369
GCD	24.0	0.119	0.010	0.020	0.035	0.055	0.107
GCD	25.0	0.144	0.010	0.015	0.035	0.092	0.185
GCD	26.0	0.189	0.011	0.029	0.052	0.110	0.426
GCD	27.0	0.260	0.020	0.035	0.050	0.101	0.482
GCD	28.0	0.358	0.030	0.040	0.060	0.160	0.571
GCD	29.0	0.591	0.030	0.045	0.075	0.295	0.814
GCD	30.0	1.035	0.035	0.050	0.085	0.544	1.219
GCD	31.0	1.851	0.040	0.055	0.090	0.617	1.462
GCD	32.0	3.245	0.040	0.060	0.100	0.769	1.856
GCD	33.0	5.401	0.045	0.065	0.100	0.854	2.117
GCD	34.0	8.357	0.050	0.065	0.100	0.869	2.187
GCD	35.0	12.188	0.050	0.065	0.095	0.704	1.962
GCD	36.0	16.846	0.050	0.070	0.100	0.599	2.027
GCD	37.0	22.393	0.050	0.070	0.095	0.459	1.884
GCD	38.0	28.696	0.050	0.070	0.095	0.380	1.732
GCD	39.0	35.185	0.050	0.070	0.100	0.360	1.718
GCD	40.0	41.645	0.050	0.070	0.100	0.385	1.863
GCD	41.0	47.669	0.055	0.075	0.105	0.459	1.958
GCD	42.0	53.364	0.055	0.080	0.110	0.519	2.027
GCD	43.0	58.707	0.060	0.080	0.115	0.629	2.218
GCD	44.0	63.550	0.060	0.085	0.125	0.739	2.290
GCD	45.0	67.752	0.060	0.090	0.130	0.779	2.412
GCD	46.0	71.601	0.060	0.090	0.140	0.924	2.664
GCD	47.0	74.934	0.070	0.095	0.150	1.049	2.707
GCD	48.0	77.865	0.070	0.100	0.170	1.268	3.066
GCD	49.0	80.459	0.075	0.110	0.295	1.566	3.536
GCD	50.0	82.787	0.080	0.120	0.419	1.708	3.673
GCD	51.0	84.847	0.085	0.130	0.559	1.979	4.070
GCD	52.0	86.725	0.090	0.145	0.617	2.147	4.315
GCD	53.0	88.342	0.095	0.160	0.749	2.215	4.398
GCD	54.0	89.794	0.110	0.190	0.959	2.612	4.784
GCD	55.0	91.224	0.120	0.275	1.136	2.752	5.520
GCD	56.0	92.559	0.138	0.467	1.336	3.271	6.053
GCD	57.0	93.791	0.160	0.474	1.493	3.548	6.121
GCD	58.0	94.932	0.170	0.564	1.663	3.878	6.805
GCD	59.0	96.061	0.200	0.689	1.878	4.235	6.721
GCD	60.0	97.043	0.237	0.729	2.082	4.340	7.103
GCD	61.0	97.899	0.315	0.820	2.110	4.715	7.634
GCD	62.0	98.606	0.350	0.752	2.185	4.755	7.576
GCD	63.0	99.133	0.386	0.797	2.157	4.842	7.955
GCD	64.0	99.523	0.414	0.764	1.693	4.217	7.018
GCD	65.0	99.795	0.419	0.749	2.037	4.839	8.687
GCD	66.0	99.934	0.401	0.863	2.080	4.408	9.757
GCD	67.0	99.976	0.340	0.772	1.348	3.268	6.250
GCD	68.0	99.991	0.111	0.367	0.869	2.562	5.531
GCD	69.0	99.999	0.302	0.531	0.677	1.124	1.354
GCD	70.0	99.999	0.599	0.599	0.599	0.599	0.599
GCD	72.0	100.000	0.020	0.020	0.020	0.020	0.020
